Date,Strategy,F1_raw,F1_continuous,Signal,Position,F1_cont_daily_change,Daily_PnL,MTM,Cumulative_PnL,Equity
2006-01-03,"MA_Crossover(34,47)",4584.0000,4584.0000,,0.0000,,,0.0000,,
2006-01-04,"MA_Crossover(34,47)",4675.5000,4675.5000,,0.0000,91.5000,0.0000,0.0000,0.0000,0.0000
2006-01-05,"MA_Crossover(34,47)",4638.0000,4638.0000,,0.0000,-37.5000,-0.0000,0.0000,0.0000,0.0000
2006-01-06,"MA_Crossover(34,47)",4634.0000,4634.0000,,0.0000,-4.0000,-0.0000,0.0000,0.0000,0.0000
2006-01-09,"MA_Crossover(34,47)",4693.0000,4693.0000,,0.0000,59.0000,0.0000,0.0000,0.0000,0.0000
2006-01-10,"MA_Crossover(34,47)",4689.0000,4689.0000,,0.0000,-4.0000,-0.0000,0.0000,0.0000,0.0000
2006-01-11,"MA_Crossover(34,47)",4681.0000,4681.0000,,0.0000,-8.0000,-0.0000,0.0000,0.0000,0.0000
2006-01-12,"MA_Crossover(34,47)",4659.0000,4659.0000,,0.0000,-22.0000,-0.0000,0.0000,0.0000,0.0000
2006-01-13,"MA_Crossover(34,47)",4747.0000,4747.0000,,0.0000,88.0000,0.0000,0.0000,0.0000,0.0000
2006-01-16,"MA_Crossover(34,47)",4711.0000,4711.0000,,0.0000,-36.0000,-0.0000,0.0000,0.0000,0.0000
2006-01-17,"MA_Crossover(34,47)",4663.0000,4663.0000,,0.0000,-48.0000,-0.0000,0.0000,0.0000,0.0000
2006-01-18,"MA_Crossover(34,47)",4703.0000,4699.0000,,0.0000,36.0000,0.0000,0.0000,0.0000,0.0000
2006-01-19,"MA_Crossover(34,47)",4695.0000,4690.0000,,0.0000,-9.0000,-0.0000,0.0000,0.0000,0.0000
2006-01-20,"MA_Crossover(34,47)",4636.0000,4671.0000,,0.0000,-19.0000,-0.0000,0.0000,0.0000,0.0000
2006-01-23,"MA_Crossover(34,47)",4703.0000,4738.0000,,0.0000,67.0000,0.0000,0.0000,0.0000,0.0000
2006-01-24,"MA_Crossover(34,47)",4743.0000,4778.0000,,0.0000,40.0000,0.0000,0.0000,0.0000,0.0000
2006-01-25,"MA_Crossover(34,47)",4872.0000,4907.0000,,0.0000,129.0000,0.0000,0.0000,0.0000,0.0000
2006-01-26,"MA_Crossover(34,47)",4859.0000,4894.0000,,0.0000,-13.0000,-0.0000,0.0000,0.0000,0.0000
2006-01-27,"MA_Crossover(34,47)",4929.0000,4964.0000,,0.0000,70.0000,0.0000,0.0000,0.0000,0.0000
2006-01-30,"MA_Crossover(34,47)",4915.0000,4950.0000,,0.0000,-14.0000,-0.0000,0.0000,0.0000,0.0000
2006-01-31,"MA_Crossover(34,47)",4912.0000,4947.0000,,0.0000,-3.0000,-0.0000,0.0000,0.0000,0.0000
2006-02-01,"MA_Crossover(34,47)",4937.0000,4972.0000,,0.0000,25.0000,0.0000,0.0000,0.0000,0.0000
2006-02-02,"MA_Crossover(34,47)",5065.5000,5100.5000,,0.0000,128.5000,0.0000,0.0000,0.0000,0.0000
2006-02-03,"MA_Crossover(34,47)",5092.0000,5127.0000,,0.0000,26.5000,0.0000,0.0000,0.0000,0.0000
2006-02-06,"MA_Crossover(34,47)",5129.5000,5164.5000,,0.0000,37.5000,0.0000,0.0000,0.0000,0.0000
2006-02-07,"MA_Crossover(34,47)",5035.0000,5070.0000,,0.0000,-94.5000,-0.0000,0.0000,0.0000,0.0000
2006-02-08,"MA_Crossover(34,47)",5041.0000,5076.0000,,0.0000,6.0000,0.0000,0.0000,0.0000,0.0000
2006-02-09,"MA_Crossover(34,47)",5081.0000,5116.0000,,0.0000,40.0000,0.0000,0.0000,0.0000,0.0000
2006-02-10,"MA_Crossover(34,47)",4894.0000,4929.0000,,0.0000,-187.0000,-0.0000,0.0000,0.0000,0.0000
2006-02-13,"MA_Crossover(34,47)",4934.0000,4969.0000,,0.0000,40.0000,0.0000,0.0000,0.0000,0.0000
2006-02-14,"MA_Crossover(34,47)",4988.0000,5019.0000,,0.0000,50.0000,0.0000,0.0000,0.0000,0.0000
2006-02-15,"MA_Crossover(34,47)",4834.0000,4863.0000,,0.0000,-156.0000,-0.0000,0.0000,0.0000,0.0000
2006-02-16,"MA_Crossover(34,47)",4848.0000,4876.0000,,0.0000,13.0000,0.0000,0.0000,0.0000,0.0000
2006-02-17,"MA_Crossover(34,47)",4864.0000,4918.0000,,0.0000,42.0000,0.0000,0.0000,0.0000,0.0000
2006-02-20,"MA_Crossover(34,47)",4966.0000,5020.0000,,0.0000,102.0000,0.0000,0.0000,0.0000,0.0000
2006-02-21,"MA_Crossover(34,47)",5015.0000,5069.0000,,0.0000,49.0000,0.0000,0.0000,0.0000,0.0000
2006-02-22,"MA_Crossover(34,47)",5035.5000,5089.5000,,0.0000,20.5000,0.0000,0.0000,0.0000,0.0000
2006-02-23,"MA_Crossover(34,47)",4959.0000,5013.0000,,0.0000,-76.5000,-0.0000,0.0000,0.0000,0.0000
2006-02-24,"MA_Crossover(34,47)",4922.0000,4976.0000,,0.0000,-37.0000,-0.0000,0.0000,0.0000,0.0000
2006-02-27,"MA_Crossover(34,47)",4734.0000,4788.0000,,0.0000,-188.0000,-0.0000,0.0000,0.0000,0.0000
2006-02-28,"MA_Crossover(34,47)",4881.0000,4935.0000,,0.0000,147.0000,0.0000,0.0000,0.0000,0.0000
2006-03-01,"MA_Crossover(34,47)",4940.0000,4994.0000,,0.0000,59.0000,0.0000,0.0000,0.0000,0.0000
2006-03-02,"MA_Crossover(34,47)",5056.0000,5110.0000,,0.0000,116.0000,0.0000,0.0000,0.0000,0.0000
2006-03-03,"MA_Crossover(34,47)",5046.0000,5100.0000,,0.0000,-10.0000,-0.0000,0.0000,0.0000,0.0000
2006-03-06,"MA_Crossover(34,47)",4953.0000,5007.0000,,0.0000,-93.0000,-0.0000,0.0000,0.0000,0.0000
2006-03-07,"MA_Crossover(34,47)",4844.0000,4898.0000,,0.0000,-109.0000,-0.0000,0.0000,0.0000,0.0000
2006-03-08,"MA_Crossover(34,47)",4800.0000,4854.0000,1.0000,0.0000,-44.0000,-0.0000,0.0000,0.0000,0.0000
2006-03-09,"MA_Crossover(34,47)",4893.0000,4947.0000,1.0000,1.0000,93.0000,93.0000,4947.0000,93.0000,93.0000
2006-03-10,"MA_Crossover(34,47)",4905.0000,4959.0000,1.0000,1.0000,12.0000,12.0000,4959.0000,105.0000,105.0000
2006-03-13,"MA_Crossover(34,47)",4962.0000,5016.0000,1.0000,1.0000,57.0000,57.0000,5016.0000,162.0000,162.0000
2006-03-14,"MA_Crossover(34,47)",4974.5000,5018.5000,1.0000,1.0000,2.5000,2.5000,5018.5000,164.5000,164.5000
2006-03-15,"MA_Crossover(34,47)",5008.5000,5052.5000,1.0000,1.0000,34.0000,34.0000,5052.5000,198.5000,198.5000
2006-03-16,"MA_Crossover(34,47)",4981.0000,5027.5000,1.0000,1.0000,-25.0000,-25.0000,5027.5000,173.5000,173.5000
2006-03-17,"MA_Crossover(34,47)",5189.0000,5264.5000,1.0000,1.0000,237.0000,237.0000,5264.5000,410.5000,410.5000
2006-03-20,"MA_Crossover(34,47)",5164.0000,5239.5000,1.0000,1.0000,-25.0000,-25.0000,5239.5000,385.5000,385.5000
2006-03-21,"MA_Crossover(34,47)",5161.0000,5236.5000,1.0000,1.0000,-3.0000,-3.0000,5236.5000,382.5000,382.5000
2006-03-22,"MA_Crossover(34,47)",5163.0000,5238.5000,1.0000,1.0000,2.0000,2.0000,5238.5000,384.5000,384.5000
2006-03-23,"MA_Crossover(34,47)",5290.0000,5365.5000,1.0000,1.0000,127.0000,127.0000,5365.5000,511.5000,511.5000
2006-03-24,"MA_Crossover(34,47)",5304.0000,5379.5000,1.0000,1.0000,14.0000,14.0000,5379.5000,525.5000,525.5000
2006-03-27,"MA_Crossover(34,47)",5360.5000,5436.0000,1.0000,1.0000,56.5000,56.5000,5436.0000,582.0000,582.0000
2006-03-28,"MA_Crossover(34,47)",5365.5000,5441.0000,1.0000,1.0000,5.0000,5.0000,5441.0000,587.0000,587.0000
2006-03-29,"MA_Crossover(34,47)",5391.0000,5466.5000,1.0000,1.0000,25.5000,25.5000,5466.5000,612.5000,612.5000
2006-03-30,"MA_Crossover(34,47)",5466.0000,5541.5000,1.0000,1.0000,75.0000,75.0000,5541.5000,687.5000,687.5000
2006-03-31,"MA_Crossover(34,47)",5440.0000,5515.5000,1.0000,1.0000,-26.0000,-26.0000,5515.5000,661.5000,661.5000
2006-04-03,"MA_Crossover(34,47)",5661.5000,5737.0000,1.0000,1.0000,221.5000,221.5000,5737.0000,883.0000,883.0000
2006-04-04,"MA_Crossover(34,47)",5588.0000,5663.5000,1.0000,1.0000,-73.5000,-73.5000,5663.5000,809.5000,809.5000
2006-04-05,"MA_Crossover(34,47)",5742.5000,5818.0000,1.0000,1.0000,154.5000,154.5000,5818.0000,964.0000,964.0000
2006-04-06,"MA_Crossover(34,47)",5802.5000,5878.0000,1.0000,1.0000,60.0000,60.0000,5878.0000,1024.0000,1024.0000
2006-04-07,"MA_Crossover(34,47)",5751.0000,5826.5000,1.0000,1.0000,-51.5000,-51.5000,5826.5000,972.5000,972.5000
2006-04-10,"MA_Crossover(34,47)",5937.5000,6013.0000,1.0000,1.0000,186.5000,186.5000,6013.0000,1159.0000,1159.0000
2006-04-11,"MA_Crossover(34,47)",6010.0000,6085.5000,1.0000,1.0000,72.5000,72.5000,6085.5000,1231.5000,1231.5000
2006-04-12,"MA_Crossover(34,47)",6168.0000,6243.5000,1.0000,1.0000,158.0000,158.0000,6243.5000,1389.5000,1389.5000
2006-04-13,"MA_Crossover(34,47)",6259.0000,6334.5000,1.0000,1.0000,91.0000,91.0000,6334.5000,1480.5000,1480.5000
2006-04-18,"MA_Crossover(34,47)",6555.0000,6630.5000,1.0000,1.0000,296.0000,296.0000,6630.5000,1776.5000,1776.5000
2006-04-19,"MA_Crossover(34,47)",6479.0000,6554.5000,1.0000,1.0000,-76.0000,-76.0000,6554.5000,1700.5000,1700.5000
2006-04-20,"MA_Crossover(34,47)",6370.0000,6445.5000,1.0000,1.0000,-109.0000,-109.0000,6445.5000,1591.5000,1591.5000
2006-04-21,"MA_Crossover(34,47)",6857.0000,6932.5000,1.0000,1.0000,487.0000,487.0000,6932.5000,2078.5000,2078.5000
2006-04-24,"MA_Crossover(34,47)",6884.0000,6959.5000,1.0000,1.0000,27.0000,27.0000,6959.5000,2105.5000,2105.5000
2006-04-25,"MA_Crossover(34,47)",7327.0000,7402.5000,1.0000,1.0000,443.0000,443.0000,7402.5000,2548.5000,2548.5000
2006-04-26,"MA_Crossover(34,47)",7427.0000,7502.5000,1.0000,1.0000,100.0000,100.0000,7502.5000,2648.5000,2648.5000
2006-04-27,"MA_Crossover(34,47)",7182.0000,7257.5000,1.0000,1.0000,-245.0000,-245.0000,7257.5000,2403.5000,2403.5000
2006-04-28,"MA_Crossover(34,47)",7118.0000,7193.5000,1.0000,1.0000,-64.0000,-64.0000,7193.5000,2339.5000,2339.5000
2006-05-02,"MA_Crossover(34,47)",7269.0000,7344.5000,1.0000,1.0000,151.0000,151.0000,7344.5000,2490.5000,2490.5000
2006-05-03,"MA_Crossover(34,47)",7226.0000,7301.5000,1.0000,1.0000,-43.0000,-43.0000,7301.5000,2447.5000,2447.5000
2006-05-04,"MA_Crossover(34,47)",7776.0000,7851.5000,1.0000,1.0000,550.0000,550.0000,7851.5000,2997.5000,2997.5000
2006-05-05,"MA_Crossover(34,47)",7769.0000,7844.5000,1.0000,1.0000,-7.0000,-7.0000,7844.5000,2990.5000,2990.5000
2006-05-08,"MA_Crossover(34,47)",7748.0000,7823.5000,1.0000,1.0000,-21.0000,-21.0000,7823.5000,2969.5000,2969.5000
2006-05-09,"MA_Crossover(34,47)",7942.0000,8017.5000,1.0000,1.0000,194.0000,194.0000,8017.5000,3163.5000,3163.5000
2006-05-10,"MA_Crossover(34,47)",8237.0000,8312.5000,1.0000,1.0000,295.0000,295.0000,8312.5000,3458.5000,3458.5000
2006-05-11,"MA_Crossover(34,47)",8796.0000,8871.5000,1.0000,1.0000,559.0000,559.0000,8871.5000,4017.5000,4017.5000
2006-05-12,"MA_Crossover(34,47)",8634.0000,8709.5000,1.0000,1.0000,-162.0000,-162.0000,8709.5000,3855.5000,3855.5000
2006-05-15,"MA_Crossover(34,47)",8345.0000,8420.5000,1.0000,1.0000,-289.0000,-289.0000,8420.5000,3566.5000,3566.5000
2006-05-16,"MA_Crossover(34,47)",8435.0000,8520.5000,1.0000,1.0000,100.0000,100.0000,8520.5000,3666.5000,3666.5000
2006-05-17,"MA_Crossover(34,47)",8231.0000,8318.5000,1.0000,1.0000,-202.0000,-202.0000,8318.5000,3464.5000,3464.5000
2006-05-18,"MA_Crossover(34,47)",8200.0000,8290.5000,1.0000,1.0000,-28.0000,-28.0000,8290.5000,3436.5000,3436.5000
2006-05-19,"MA_Crossover(34,47)",7646.0000,7771.5000,1.0000,1.0000,-519.0000,-519.0000,7771.5000,2917.5000,2917.5000
2006-05-22,"MA_Crossover(34,47)",7673.0000,7798.5000,1.0000,1.0000,27.0000,27.0000,7798.5000,2944.5000,2944.5000
2006-05-23,"MA_Crossover(34,47)",8600.0000,8725.5000,1.0000,1.0000,927.0000,927.0000,8725.5000,3871.5000,3871.5000
2006-05-24,"MA_Crossover(34,47)",7955.0000,8080.5000,1.0000,1.0000,-645.0000,-645.0000,8080.5000,3226.5000,3226.5000
2006-05-25,"MA_Crossover(34,47)",8230.0000,8355.5000,1.0000,1.0000,275.0000,275.0000,8355.5000,3501.5000,3501.5000
2006-05-26,"MA_Crossover(34,47)",8349.0000,8474.5000,1.0000,1.0000,119.0000,119.0000,8474.5000,3620.5000,3620.5000
2006-05-30,"MA_Crossover(34,47)",8060.0000,8185.5000,1.0000,1.0000,-289.0000,-289.0000,8185.5000,3331.5000,3331.5000
2006-05-31,"MA_Crossover(34,47)",8001.0000,8126.5000,1.0000,1.0000,-59.0000,-59.0000,8126.5000,3272.5000,3272.5000
2006-06-01,"MA_Crossover(34,47)",7807.0000,7932.5000,1.0000,1.0000,-194.0000,-194.0000,7932.5000,3078.5000,3078.5000
2006-06-02,"MA_Crossover(34,47)",7967.0000,8092.5000,1.0000,1.0000,160.0000,160.0000,8092.5000,3238.5000,3238.5000
2006-06-05,"MA_Crossover(34,47)",7855.0000,7980.5000,1.0000,1.0000,-112.0000,-112.0000,7980.5000,3126.5000,3126.5000
2006-06-06,"MA_Crossover(34,47)",7603.0000,7728.5000,1.0000,1.0000,-252.0000,-252.0000,7728.5000,2874.5000,2874.5000
2006-06-07,"MA_Crossover(34,47)",7890.0000,8015.5000,1.0000,1.0000,287.0000,287.0000,8015.5000,3161.5000,3161.5000
2006-06-08,"MA_Crossover(34,47)",7407.0000,7532.5000,1.0000,1.0000,-483.0000,-483.0000,7532.5000,2678.5000,2678.5000
2006-06-09,"MA_Crossover(34,47)",7311.0000,7436.5000,1.0000,1.0000,-96.0000,-96.0000,7436.5000,2582.5000,2582.5000
2006-06-12,"MA_Crossover(34,47)",7137.0000,7262.5000,1.0000,1.0000,-174.0000,-174.0000,7262.5000,2408.5000,2408.5000
2006-06-13,"MA_Crossover(34,47)",6677.5000,6803.0000,1.0000,1.0000,-459.5000,-459.5000,6803.0000,1949.0000,1949.0000
2006-06-14,"MA_Crossover(34,47)",6766.0000,6891.5000,1.0000,1.0000,88.5000,88.5000,6891.5000,2037.5000,2037.5000
2006-06-15,"MA_Crossover(34,47)",7140.0000,7265.5000,1.0000,1.0000,374.0000,374.0000,7265.5000,2411.5000,2411.5000
2006-06-16,"MA_Crossover(34,47)",7109.0000,7234.5000,1.0000,1.0000,-31.0000,-31.0000,7234.5000,2380.5000,2380.5000
2006-06-19,"MA_Crossover(34,47)",6893.0000,7018.5000,1.0000,1.0000,-216.0000,-216.0000,7018.5000,2164.5000,2164.5000
2006-06-20,"MA_Crossover(34,47)",6827.5000,6938.5000,1.0000,1.0000,-80.0000,-80.0000,6938.5000,2084.5000,2084.5000
2006-06-21,"MA_Crossover(34,47)",6888.0000,6998.5000,1.0000,1.0000,60.0000,60.0000,6998.5000,2144.5000,2144.5000
2006-06-22,"MA_Crossover(34,47)",6812.0000,6916.5000,1.0000,1.0000,-82.0000,-82.0000,6916.5000,2062.5000,2062.5000
2006-06-23,"MA_Crossover(34,47)",6885.0000,7035.5000,1.0000,1.0000,119.0000,119.0000,7035.5000,2181.5000,2181.5000
2006-06-26,"MA_Crossover(34,47)",7110.0000,7260.5000,1.0000,1.0000,225.0000,225.0000,7260.5000,2406.5000,2406.5000
2006-06-27,"MA_Crossover(34,47)",6855.0000,7005.5000,1.0000,1.0000,-255.0000,-255.0000,7005.5000,2151.5000,2151.5000
2006-06-28,"MA_Crossover(34,47)",7010.0000,7160.5000,1.0000,1.0000,155.0000,155.0000,7160.5000,2306.5000,2306.5000
2006-06-29,"MA_Crossover(34,47)",7413.0000,7563.5000,-1.0000,1.0000,403.0000,403.0000,7563.5000,2709.5000,2709.5000
2006-06-30,"MA_Crossover(34,47)",7425.0000,7575.5000,-1.0000,-1.0000,12.0000,-12.0000,-7575.5000,2697.5000,2697.5000
2006-07-03,"MA_Crossover(34,47)",7381.0000,7531.5000,-1.0000,-1.0000,-44.0000,44.0000,-7531.5000,2741.5000,2741.5000
2006-07-04,"MA_Crossover(34,47)",7518.0000,7668.5000,-1.0000,-1.0000,137.0000,-137.0000,-7668.5000,2604.5000,2604.5000
2006-07-05,"MA_Crossover(34,47)",7477.0000,7627.5000,-1.0000,-1.0000,-41.0000,41.0000,-7627.5000,2645.5000,2645.5000
2006-07-06,"MA_Crossover(34,47)",7954.0000,8104.5000,-1.0000,-1.0000,477.0000,-477.0000,-8104.5000,2168.5000,2168.5000
2006-07-07,"MA_Crossover(34,47)",7840.0000,7990.5000,-1.0000,-1.0000,-114.0000,114.0000,-7990.5000,2282.5000,2282.5000
2006-07-10,"MA_Crossover(34,47)",7851.0000,8001.5000,-1.0000,-1.0000,11.0000,-11.0000,-8001.5000,2271.5000,2271.5000
2006-07-11,"MA_Crossover(34,47)",8022.0000,8172.5000,-1.0000,-1.0000,171.0000,-171.0000,-8172.5000,2100.5000,2100.5000
2006-07-12,"MA_Crossover(34,47)",8159.0000,8309.5000,-1.0000,-1.0000,137.0000,-137.0000,-8309.5000,1963.5000,1963.5000
2006-07-13,"MA_Crossover(34,47)",8035.0000,8185.5000,-1.0000,-1.0000,-124.0000,124.0000,-8185.5000,2087.5000,2087.5000
2006-07-14,"MA_Crossover(34,47)",8196.0000,8346.5000,-1.0000,-1.0000,161.0000,-161.0000,-8346.5000,1926.5000,1926.5000
2006-07-17,"MA_Crossover(34,47)",7838.0000,7988.5000,-1.0000,-1.0000,-358.0000,358.0000,-7988.5000,2284.5000,2284.5000
2006-07-18,"MA_Crossover(34,47)",7890.5000,8030.0000,-1.0000,-1.0000,41.5000,-41.5000,-8030.0000,2243.0000,2243.0000
2006-07-19,"MA_Crossover(34,47)",7870.0000,8014.5000,-1.0000,-1.0000,-15.5000,15.5000,-8014.5000,2258.5000,2258.5000
2006-07-20,"MA_Crossover(34,47)",7430.0000,7578.5000,-1.0000,-1.0000,-436.0000,436.0000,-7578.5000,2694.5000,2694.5000
2006-07-21,"MA_Crossover(34,47)",7102.0000,7272.5000,-1.0000,-1.0000,-306.0000,306.0000,-7272.5000,3000.5000,3000.5000
2006-07-24,"MA_Crossover(34,47)",7223.0000,7393.5000,-1.0000,-1.0000,121.0000,-121.0000,-7393.5000,2879.5000,2879.5000
2006-07-25,"MA_Crossover(34,47)",7516.0000,7686.5000,-1.0000,-1.0000,293.0000,-293.0000,-7686.5000,2586.5000,2586.5000
2006-07-26,"MA_Crossover(34,47)",7537.0000,7707.5000,-1.0000,-1.0000,21.0000,-21.0000,-7707.5000,2565.5000,2565.5000
2006-07-27,"MA_Crossover(34,47)",7601.0000,7771.5000,-1.0000,-1.0000,64.0000,-64.0000,-7771.5000,2501.5000,2501.5000
2006-07-28,"MA_Crossover(34,47)",7743.0000,7913.5000,-1.0000,-1.0000,142.0000,-142.0000,-7913.5000,2359.5000,2359.5000
2006-07-31,"MA_Crossover(34,47)",8032.0000,8202.5000,-1.0000,-1.0000,289.0000,-289.0000,-8202.5000,2070.5000,2070.5000
2006-08-01,"MA_Crossover(34,47)",7849.0000,8019.5000,-1.0000,-1.0000,-183.0000,183.0000,-8019.5000,2253.5000,2253.5000
2006-08-02,"MA_Crossover(34,47)",7884.0000,8054.5000,-1.0000,-1.0000,35.0000,-35.0000,-8054.5000,2218.5000,2218.5000
2006-08-03,"MA_Crossover(34,47)",7550.0000,7720.5000,1.0000,-1.0000,-334.0000,334.0000,-7720.5000,2552.5000,2552.5000
2006-08-04,"MA_Crossover(34,47)",7915.0000,8085.5000,1.0000,1.0000,365.0000,365.0000,8085.5000,2917.5000,2917.5000
2006-08-07,"MA_Crossover(34,47)",7966.0000,8136.5000,1.0000,1.0000,51.0000,51.0000,8136.5000,2968.5000,2968.5000
2006-08-08,"MA_Crossover(34,47)",7955.0000,8125.5000,1.0000,1.0000,-11.0000,-11.0000,8125.5000,2957.5000,2957.5000
2006-08-09,"MA_Crossover(34,47)",8102.0000,8272.5000,1.0000,1.0000,147.0000,147.0000,8272.5000,3104.5000,3104.5000
2006-08-10,"MA_Crossover(34,47)",7943.0000,8113.5000,1.0000,1.0000,-159.0000,-159.0000,8113.5000,2945.5000,2945.5000
2006-08-11,"MA_Crossover(34,47)",7618.0000,7788.5000,1.0000,1.0000,-325.0000,-325.0000,7788.5000,2620.5000,2620.5000
2006-08-14,"MA_Crossover(34,47)",7686.0000,7856.5000,1.0000,1.0000,68.0000,68.0000,7856.5000,2688.5000,2688.5000
2006-08-15,"MA_Crossover(34,47)",7687.0000,7839.5000,1.0000,1.0000,-17.0000,-17.0000,7839.5000,2671.5000,2671.5000
2006-08-16,"MA_Crossover(34,47)",7741.0000,7892.5000,1.0000,1.0000,53.0000,53.0000,7892.5000,2724.5000,2724.5000
2006-08-17,"MA_Crossover(34,47)",7334.0000,7484.5000,1.0000,1.0000,-408.0000,-408.0000,7484.5000,2316.5000,2316.5000
2006-08-18,"MA_Crossover(34,47)",7527.0000,7689.5000,1.0000,1.0000,205.0000,205.0000,7689.5000,2521.5000,2521.5000
2006-08-21,"MA_Crossover(34,47)",7696.0000,7858.5000,1.0000,1.0000,169.0000,169.0000,7858.5000,2690.5000,2690.5000
2006-08-22,"MA_Crossover(34,47)",7655.0000,7817.5000,1.0000,1.0000,-41.0000,-41.0000,7817.5000,2649.5000,2649.5000
2006-08-23,"MA_Crossover(34,47)",7635.0000,7797.5000,1.0000,1.0000,-20.0000,-20.0000,7797.5000,2629.5000,2629.5000
2006-08-24,"MA_Crossover(34,47)",7456.0000,7618.5000,1.0000,1.0000,-179.0000,-179.0000,7618.5000,2450.5000,2450.5000
2006-08-25,"MA_Crossover(34,47)",7585.0000,7747.5000,1.0000,1.0000,129.0000,129.0000,7747.5000,2579.5000,2579.5000
2006-08-29,"MA_Crossover(34,47)",7422.0000,7584.5000,1.0000,1.0000,-163.0000,-163.0000,7584.5000,2416.5000,2416.5000
2006-08-30,"MA_Crossover(34,47)",7475.0000,7637.5000,1.0000,1.0000,53.0000,53.0000,7637.5000,2469.5000,2469.5000
2006-08-31,"MA_Crossover(34,47)",7728.0000,7890.5000,1.0000,1.0000,253.0000,253.0000,7890.5000,2722.5000,2722.5000
2006-09-01,"MA_Crossover(34,47)",7616.0000,7778.5000,-1.0000,1.0000,-112.0000,-112.0000,7778.5000,2610.5000,2610.5000
2006-09-04,"MA_Crossover(34,47)",7679.0000,7841.5000,-1.0000,-1.0000,63.0000,-63.0000,-7841.5000,2547.5000,2547.5000
2006-09-05,"MA_Crossover(34,47)",7956.0000,8118.5000,-1.0000,-1.0000,277.0000,-277.0000,-8118.5000,2270.5000,2270.5000
2006-09-06,"MA_Crossover(34,47)",8076.0000,8238.5000,-1.0000,-1.0000,120.0000,-120.0000,-8238.5000,2150.5000,2150.5000
2006-09-07,"MA_Crossover(34,47)",8047.0000,8209.5000,-1.0000,-1.0000,-29.0000,29.0000,-8209.5000,2179.5000,2179.5000
2006-09-08,"MA_Crossover(34,47)",7844.0000,8006.5000,-1.0000,-1.0000,-203.0000,203.0000,-8006.5000,2382.5000,2382.5000
2006-09-11,"MA_Crossover(34,47)",7485.0000,7647.5000,-1.0000,-1.0000,-359.0000,359.0000,-7647.5000,2741.5000,2741.5000
2006-09-12,"MA_Crossover(34,47)",7590.0000,7752.5000,-1.0000,-1.0000,105.0000,-105.0000,-7752.5000,2636.5000,2636.5000
2006-09-13,"MA_Crossover(34,47)",7488.5000,7651.0000,-1.0000,-1.0000,-101.5000,101.5000,-7651.0000,2738.0000,2738.0000
2006-09-14,"MA_Crossover(34,47)",7441.0000,7603.5000,-1.0000,-1.0000,-47.5000,47.5000,-7603.5000,2785.5000,2785.5000
2006-09-15,"MA_Crossover(34,47)",7282.0000,7444.5000,1.0000,-1.0000,-159.0000,159.0000,-7444.5000,2944.5000,2944.5000
2006-09-18,"MA_Crossover(34,47)",7459.0000,7621.5000,-1.0000,1.0000,177.0000,177.0000,7621.5000,3121.5000,3121.5000
2006-09-19,"MA_Crossover(34,47)",7509.0000,7668.5000,-1.0000,-1.0000,47.0000,-47.0000,-7668.5000,3074.5000,3074.5000
2006-09-20,"MA_Crossover(34,47)",7466.0000,7623.5000,1.0000,-1.0000,-45.0000,45.0000,-7623.5000,3119.5000,3119.5000
2006-09-21,"MA_Crossover(34,47)",7589.0000,7740.5000,1.0000,1.0000,117.0000,117.0000,7740.5000,3236.5000,3236.5000
2006-09-22,"MA_Crossover(34,47)",7583.0000,7744.5000,1.0000,1.0000,4.0000,4.0000,7744.5000,3240.5000,3240.5000
2006-09-25,"MA_Crossover(34,47)",7545.0000,7706.5000,1.0000,1.0000,-38.0000,-38.0000,7706.5000,3202.5000,3202.5000
2006-09-26,"MA_Crossover(34,47)",7690.0000,7851.5000,-1.0000,1.0000,145.0000,145.0000,7851.5000,3347.5000,3347.5000
2006-09-27,"MA_Crossover(34,47)",7647.0000,7808.5000,-1.0000,-1.0000,-43.0000,43.0000,-7808.5000,3390.5000,3390.5000
2006-09-28,"MA_Crossover(34,47)",7498.0000,7659.5000,-1.0000,-1.0000,-149.0000,149.0000,-7659.5000,3539.5000,3539.5000
2006-09-29,"MA_Crossover(34,47)",7569.0000,7730.5000,-1.0000,-1.0000,71.0000,-71.0000,-7730.5000,3468.5000,3468.5000
2006-10-02,"MA_Crossover(34,47)",7532.0000,7693.5000,-1.0000,-1.0000,-37.0000,37.0000,-7693.5000,3505.5000,3505.5000
2006-10-03,"MA_Crossover(34,47)",7355.0000,7516.5000,-1.0000,-1.0000,-177.0000,177.0000,-7516.5000,3682.5000,3682.5000
2006-10-04,"MA_Crossover(34,47)",7059.0000,7220.5000,-1.0000,-1.0000,-296.0000,296.0000,-7220.5000,3978.5000,3978.5000
2006-10-05,"MA_Crossover(34,47)",7333.0000,7494.5000,-1.0000,-1.0000,274.0000,-274.0000,-7494.5000,3704.5000,3704.5000
2006-10-06,"MA_Crossover(34,47)",7494.0000,7655.5000,-1.0000,-1.0000,161.0000,-161.0000,-7655.5000,3543.5000,3543.5000
2006-10-09,"MA_Crossover(34,47)",7490.0000,7651.5000,-1.0000,-1.0000,-4.0000,4.0000,-7651.5000,3547.5000,3547.5000
2006-10-10,"MA_Crossover(34,47)",7473.0000,7634.5000,-1.0000,-1.0000,-17.0000,17.0000,-7634.5000,3564.5000,3564.5000
2006-10-11,"MA_Crossover(34,47)",7570.0000,7731.5000,-1.0000,-1.0000,97.0000,-97.0000,-7731.5000,3467.5000,3467.5000
2006-10-12,"MA_Crossover(34,47)",7527.0000,7688.5000,-1.0000,-1.0000,-43.0000,43.0000,-7688.5000,3510.5000,3510.5000
2006-10-13,"MA_Crossover(34,47)",7506.0000,7667.5000,-1.0000,-1.0000,-21.0000,21.0000,-7667.5000,3531.5000,3531.5000
2006-10-16,"MA_Crossover(34,47)",7814.0000,7975.5000,-1.0000,-1.0000,308.0000,-308.0000,-7975.5000,3223.5000,3223.5000
2006-10-17,"MA_Crossover(34,47)",7668.0000,7834.5000,-1.0000,-1.0000,-141.0000,141.0000,-7834.5000,3364.5000,3364.5000
2006-10-18,"MA_Crossover(34,47)",7675.5000,7843.0000,-1.0000,-1.0000,8.5000,-8.5000,-7843.0000,3356.0000,3356.0000
2006-10-19,"MA_Crossover(34,47)",7686.0000,7854.5000,-1.0000,-1.0000,11.5000,-11.5000,-7854.5000,3344.5000,3344.5000
2006-10-20,"MA_Crossover(34,47)",7590.0000,7762.5000,-1.0000,-1.0000,-92.0000,92.0000,-7762.5000,3436.5000,3436.5000
2006-10-23,"MA_Crossover(34,47)",7571.0000,7743.5000,-1.0000,-1.0000,-19.0000,19.0000,-7743.5000,3455.5000,3455.5000
2006-10-24,"MA_Crossover(34,47)",7516.0000,7688.5000,-1.0000,-1.0000,-55.0000,55.0000,-7688.5000,3510.5000,3510.5000
2006-10-25,"MA_Crossover(34,47)",7481.0000,7653.5000,-1.0000,-1.0000,-35.0000,35.0000,-7653.5000,3545.5000,3545.5000
2006-10-26,"MA_Crossover(34,47)",7466.0000,7638.5000,-1.0000,-1.0000,-15.0000,15.0000,-7638.5000,3560.5000,3560.5000
2006-10-27,"MA_Crossover(34,47)",7489.0000,7661.5000,-1.0000,-1.0000,23.0000,-23.0000,-7661.5000,3537.5000,3537.5000
2006-10-30,"MA_Crossover(34,47)",7381.0000,7553.5000,-1.0000,-1.0000,-108.0000,108.0000,-7553.5000,3645.5000,3645.5000
2006-10-31,"MA_Crossover(34,47)",7387.5000,7560.0000,-1.0000,-1.0000,6.5000,-6.5000,-7560.0000,3639.0000,3639.0000
2006-11-01,"MA_Crossover(34,47)",7152.0000,7324.5000,-1.0000,-1.0000,-235.5000,235.5000,-7324.5000,3874.5000,3874.5000
2006-11-02,"MA_Crossover(34,47)",7247.5000,7420.0000,-1.0000,-1.0000,95.5000,-95.5000,-7420.0000,3779.0000,3779.0000
2006-11-03,"MA_Crossover(34,47)",7334.5000,7507.0000,-1.0000,-1.0000,87.0000,-87.0000,-7507.0000,3692.0000,3692.0000
2006-11-06,"MA_Crossover(34,47)",7360.0000,7532.5000,-1.0000,-1.0000,25.5000,-25.5000,-7532.5000,3666.5000,3666.5000
2006-11-07,"MA_Crossover(34,47)",7410.5000,7583.0000,-1.0000,-1.0000,50.5000,-50.5000,-7583.0000,3616.0000,3616.0000
2006-11-08,"MA_Crossover(34,47)",7106.0000,7278.5000,-1.0000,-1.0000,-304.5000,304.5000,-7278.5000,3920.5000,3920.5000
2006-11-09,"MA_Crossover(34,47)",7308.0000,7480.5000,-1.0000,-1.0000,202.0000,-202.0000,-7480.5000,3718.5000,3718.5000
2006-11-10,"MA_Crossover(34,47)",6900.5000,7073.0000,-1.0000,-1.0000,-407.5000,407.5000,-7073.0000,4126.0000,4126.0000
2006-11-13,"MA_Crossover(34,47)",6775.0000,6947.5000,-1.0000,-1.0000,-125.5000,125.5000,-6947.5000,4251.5000,4251.5000
2006-11-14,"MA_Crossover(34,47)",6834.0000,6865.5000,-1.0000,-1.0000,-82.0000,82.0000,-6865.5000,4333.5000,4333.5000
2006-11-15,"MA_Crossover(34,47)",6896.0000,6927.5000,-1.0000,-1.0000,62.0000,-62.0000,-6927.5000,4271.5000,4271.5000
2006-11-16,"MA_Crossover(34,47)",6795.0000,6826.5000,-1.0000,-1.0000,-101.0000,101.0000,-6826.5000,4372.5000,4372.5000
2006-11-17,"MA_Crossover(34,47)",6781.0000,6797.5000,-1.0000,-1.0000,-29.0000,29.0000,-6797.5000,4401.5000,4401.5000
2006-11-20,"MA_Crossover(34,47)",6826.0000,6842.5000,-1.0000,-1.0000,45.0000,-45.0000,-6842.5000,4356.5000,4356.5000
2006-11-21,"MA_Crossover(34,47)",6972.0000,6988.5000,-1.0000,-1.0000,146.0000,-146.0000,-6988.5000,4210.5000,4210.5000
2006-11-22,"MA_Crossover(34,47)",6886.0000,6902.5000,-1.0000,-1.0000,-86.0000,86.0000,-6902.5000,4296.5000,4296.5000
2006-11-23,"MA_Crossover(34,47)",6964.0000,6980.5000,-1.0000,-1.0000,78.0000,-78.0000,-6980.5000,4218.5000,4218.5000
2006-11-24,"MA_Crossover(34,47)",7136.0000,7152.5000,-1.0000,-1.0000,172.0000,-172.0000,-7152.5000,4046.5000,4046.5000
2006-11-27,"MA_Crossover(34,47)",7070.0000,7086.5000,-1.0000,-1.0000,-66.0000,66.0000,-7086.5000,4112.5000,4112.5000
2006-11-28,"MA_Crossover(34,47)",6950.0000,6966.5000,-1.0000,-1.0000,-120.0000,120.0000,-6966.5000,4232.5000,4232.5000
2006-11-29,"MA_Crossover(34,47)",6980.0000,6996.5000,-1.0000,-1.0000,30.0000,-30.0000,-6996.5000,4202.5000,4202.5000
2006-11-30,"MA_Crossover(34,47)",7055.0000,7071.5000,-1.0000,-1.0000,75.0000,-75.0000,-7071.5000,4127.5000,4127.5000
2006-12-01,"MA_Crossover(34,47)",6978.0000,6994.5000,-1.0000,-1.0000,-77.0000,77.0000,-6994.5000,4204.5000,4204.5000
2006-12-04,"MA_Crossover(34,47)",6975.0000,6991.5000,-1.0000,-1.0000,-3.0000,3.0000,-6991.5000,4207.5000,4207.5000
2006-12-05,"MA_Crossover(34,47)",7150.0000,7166.5000,-1.0000,-1.0000,175.0000,-175.0000,-7166.5000,4032.5000,4032.5000
2006-12-06,"MA_Crossover(34,47)",6959.0000,6975.5000,-1.0000,-1.0000,-191.0000,191.0000,-6975.5000,4223.5000,4223.5000
2006-12-07,"MA_Crossover(34,47)",6863.0000,6879.5000,-1.0000,-1.0000,-96.0000,96.0000,-6879.5000,4319.5000,4319.5000
2006-12-08,"MA_Crossover(34,47)",6857.5000,6874.0000,-1.0000,-1.0000,-5.5000,5.5000,-6874.0000,4325.0000,4325.0000
2006-12-11,"MA_Crossover(34,47)",6903.0000,6919.5000,-1.0000,-1.0000,45.5000,-45.5000,-6919.5000,4279.5000,4279.5000
2006-12-12,"MA_Crossover(34,47)",6828.0000,6844.5000,-1.0000,-1.0000,-75.0000,75.0000,-6844.5000,4354.5000,4354.5000
2006-12-13,"MA_Crossover(34,47)",6692.0000,6708.5000,-1.0000,-1.0000,-136.0000,136.0000,-6708.5000,4490.5000,4490.5000
2006-12-14,"MA_Crossover(34,47)",6755.0000,6771.5000,-1.0000,-1.0000,63.0000,-63.0000,-6771.5000,4427.5000,4427.5000
2006-12-15,"MA_Crossover(34,47)",6626.0000,6642.5000,-1.0000,-1.0000,-129.0000,129.0000,-6642.5000,4556.5000,4556.5000
2006-12-18,"MA_Crossover(34,47)",6644.0000,6660.5000,-1.0000,-1.0000,18.0000,-18.0000,-6660.5000,4538.5000,4538.5000
2006-12-19,"MA_Crossover(34,47)",6626.0000,6638.5000,-1.0000,-1.0000,-22.0000,22.0000,-6638.5000,4560.5000,4560.5000
2006-12-20,"MA_Crossover(34,47)",6511.0000,6522.5000,-1.0000,-1.0000,-116.0000,116.0000,-6522.5000,4676.5000,4676.5000
2006-12-21,"MA_Crossover(34,47)",6313.0000,6323.5000,-1.0000,-1.0000,-199.0000,199.0000,-6323.5000,4875.5000,4875.5000
2006-12-22,"MA_Crossover(34,47)",6313.0000,6313.5000,-1.0000,-1.0000,-10.0000,10.0000,-6313.5000,4885.5000,4885.5000
2006-12-27,"MA_Crossover(34,47)",6369.0000,6369.5000,-1.0000,-1.0000,56.0000,-56.0000,-6369.5000,4829.5000,4829.5000
2006-12-28,"MA_Crossover(34,47)",6369.0000,6369.5000,-1.0000,-1.0000,0.0000,-0.0000,-6369.5000,4829.5000,4829.5000
2006-12-29,"MA_Crossover(34,47)",6318.0000,6318.5000,-1.0000,-1.0000,-51.0000,51.0000,-6318.5000,4880.5000,4880.5000
2007-01-02,"MA_Crossover(34,47)",6089.0000,6089.5000,-1.0000,-1.0000,-229.0000,229.0000,-6089.5000,5109.5000,5109.5000
2007-01-03,"MA_Crossover(34,47)",5833.0000,5833.5000,-1.0000,-1.0000,-256.0000,256.0000,-5833.5000,5365.5000,5365.5000
2007-01-04,"MA_Crossover(34,47)",5704.0000,5704.5000,-1.0000,-1.0000,-129.0000,129.0000,-5704.5000,5494.5000,5494.5000
2007-01-05,"MA_Crossover(34,47)",5600.0000,5600.5000,-1.0000,-1.0000,-104.0000,104.0000,-5600.5000,5598.5000,5598.5000
2007-01-08,"MA_Crossover(34,47)",5598.0000,5598.5000,-1.0000,-1.0000,-2.0000,2.0000,-5598.5000,5600.5000,5600.5000
2007-01-09,"MA_Crossover(34,47)",5611.0000,5611.5000,-1.0000,-1.0000,13.0000,-13.0000,-5611.5000,5587.5000,5587.5000
2007-01-10,"MA_Crossover(34,47)",5867.5000,5868.0000,-1.0000,-1.0000,256.5000,-256.5000,-5868.0000,5331.0000,5331.0000
2007-01-11,"MA_Crossover(34,47)",5891.0000,5891.5000,-1.0000,-1.0000,23.5000,-23.5000,-5891.5000,5307.5000,5307.5000
2007-01-12,"MA_Crossover(34,47)",5740.0000,5740.5000,-1.0000,-1.0000,-151.0000,151.0000,-5740.5000,5458.5000,5458.5000
2007-01-15,"MA_Crossover(34,47)",5542.0000,5542.5000,-1.0000,-1.0000,-198.0000,198.0000,-5542.5000,5656.5000,5656.5000
2007-01-16,"MA_Crossover(34,47)",5703.0000,5629.0000,-1.0000,-1.0000,86.5000,-86.5000,-5629.0000,5570.0000,5570.0000
2007-01-17,"MA_Crossover(34,47)",5635.0000,5563.5000,-1.0000,-1.0000,-65.5000,65.5000,-5563.5000,5635.5000,5635.5000
2007-01-18,"MA_Crossover(34,47)",5524.0000,5452.5000,-1.0000,-1.0000,-111.0000,111.0000,-5452.5000,5746.5000,5746.5000
2007-01-19,"MA_Crossover(34,47)",5588.0000,5504.5000,-1.0000,-1.0000,52.0000,-52.0000,-5504.5000,5694.5000,5694.5000
2007-01-22,"MA_Crossover(34,47)",5597.0000,5513.5000,-1.0000,-1.0000,9.0000,-9.0000,-5513.5000,5685.5000,5685.5000
2007-01-23,"MA_Crossover(34,47)",5640.0000,5556.5000,-1.0000,-1.0000,43.0000,-43.0000,-5556.5000,5642.5000,5642.5000
2007-01-24,"MA_Crossover(34,47)",5697.5000,5614.0000,-1.0000,-1.0000,57.5000,-57.5000,-5614.0000,5585.0000,5585.0000
2007-01-25,"MA_Crossover(34,47)",5843.0000,5759.5000,-1.0000,-1.0000,145.5000,-145.5000,-5759.5000,5439.5000,5439.5000
2007-01-26,"MA_Crossover(34,47)",5791.0000,5707.5000,-1.0000,-1.0000,-52.0000,52.0000,-5707.5000,5491.5000,5491.5000
2007-01-29,"MA_Crossover(34,47)",5559.5000,5476.0000,-1.0000,-1.0000,-231.5000,231.5000,-5476.0000,5723.0000,5723.0000
2007-01-30,"MA_Crossover(34,47)",5614.5000,5531.0000,-1.0000,-1.0000,55.0000,-55.0000,-5531.0000,5668.0000,5668.0000
2007-01-31,"MA_Crossover(34,47)",5711.0000,5627.5000,-1.0000,-1.0000,96.5000,-96.5000,-5627.5000,5571.5000,5571.5000
2007-02-01,"MA_Crossover(34,47)",5575.0000,5491.5000,-1.0000,-1.0000,-136.0000,136.0000,-5491.5000,5707.5000,5707.5000
2007-02-02,"MA_Crossover(34,47)",5318.0000,5234.5000,-1.0000,-1.0000,-257.0000,257.0000,-5234.5000,5964.5000,5964.5000
2007-02-05,"MA_Crossover(34,47)",5313.5000,5230.0000,-1.0000,-1.0000,-4.5000,4.5000,-5230.0000,5969.0000,5969.0000
2007-02-06,"MA_Crossover(34,47)",5445.5000,5362.0000,-1.0000,-1.0000,132.0000,-132.0000,-5362.0000,5837.0000,5837.0000
2007-02-07,"MA_Crossover(34,47)",5402.0000,5318.5000,-1.0000,-1.0000,-43.5000,43.5000,-5318.5000,5880.5000,5880.5000
2007-02-08,"MA_Crossover(34,47)",5383.0000,5299.5000,-1.0000,-1.0000,-19.0000,19.0000,-5299.5000,5899.5000,5899.5000
2007-02-09,"MA_Crossover(34,47)",5548.0000,5464.5000,-1.0000,-1.0000,165.0000,-165.0000,-5464.5000,5734.5000,5734.5000
2007-02-12,"MA_Crossover(34,47)",5438.0000,5354.5000,-1.0000,-1.0000,-110.0000,110.0000,-5354.5000,5844.5000,5844.5000
2007-02-13,"MA_Crossover(34,47)",5721.0000,5637.5000,-1.0000,-1.0000,283.0000,-283.0000,-5637.5000,5561.5000,5561.5000
2007-02-14,"MA_Crossover(34,47)",5698.0000,5614.5000,-1.0000,-1.0000,-23.0000,23.0000,-5614.5000,5584.5000,5584.5000
2007-02-15,"MA_Crossover(34,47)",5827.0000,5743.5000,-1.0000,-1.0000,129.0000,-129.0000,-5743.5000,5455.5000,5455.5000
2007-02-16,"MA_Crossover(34,47)",5783.0000,5699.5000,-1.0000,-1.0000,-44.0000,44.0000,-5699.5000,5499.5000,5499.5000
2007-02-19,"MA_Crossover(34,47)",5792.0000,5708.5000,-1.0000,-1.0000,9.0000,-9.0000,-5708.5000,5490.5000,5490.5000
2007-02-20,"MA_Crossover(34,47)",5696.0000,5627.5000,-1.0000,-1.0000,-81.0000,81.0000,-5627.5000,5571.5000,5571.5000
2007-02-21,"MA_Crossover(34,47)",5765.0000,5696.5000,-1.0000,-1.0000,69.0000,-69.0000,-5696.5000,5502.5000,5502.5000
2007-02-22,"MA_Crossover(34,47)",6117.0000,6046.5000,-1.0000,-1.0000,350.0000,-350.0000,-6046.5000,5152.5000,5152.5000
2007-02-23,"MA_Crossover(34,47)",6294.0000,6213.5000,-1.0000,-1.0000,167.0000,-167.0000,-6213.5000,4985.5000,4985.5000
2007-02-26,"MA_Crossover(34,47)",6270.5000,6190.0000,-1.0000,-1.0000,-23.5000,23.5000,-6190.0000,5009.0000,5009.0000
2007-02-27,"MA_Crossover(34,47)",6211.0000,6130.5000,-1.0000,-1.0000,-59.5000,59.5000,-6130.5000,5068.5000,5068.5000
2007-02-28,"MA_Crossover(34,47)",5992.0000,5911.5000,-1.0000,-1.0000,-219.0000,219.0000,-5911.5000,5287.5000,5287.5000
2007-03-01,"MA_Crossover(34,47)",6100.0000,6019.5000,-1.0000,-1.0000,108.0000,-108.0000,-6019.5000,5179.5000,5179.5000
2007-03-02,"MA_Crossover(34,47)",6013.0000,5932.5000,-1.0000,-1.0000,-87.0000,87.0000,-5932.5000,5266.5000,5266.5000
2007-03-05,"MA_Crossover(34,47)",5880.5000,5800.0000,-1.0000,-1.0000,-132.5000,132.5000,-5800.0000,5399.0000,5399.0000
2007-03-06,"MA_Crossover(34,47)",5972.0000,5891.5000,-1.0000,-1.0000,91.5000,-91.5000,-5891.5000,5307.5000,5307.5000
2007-03-07,"MA_Crossover(34,47)",6137.0000,6056.5000,1.0000,-1.0000,165.0000,-165.0000,-6056.5000,5142.5000,5142.5000
2007-03-08,"MA_Crossover(34,47)",6276.5000,6196.0000,1.0000,1.0000,139.5000,139.5000,6196.0000,5282.0000,5282.0000
2007-03-09,"MA_Crossover(34,47)",6126.0000,6045.5000,1.0000,1.0000,-150.5000,-150.5000,6045.5000,5131.5000,5131.5000
2007-03-12,"MA_Crossover(34,47)",6276.0000,6195.5000,1.0000,1.0000,150.0000,150.0000,6195.5000,5281.5000,5281.5000
2007-03-13,"MA_Crossover(34,47)",6245.0000,6164.5000,1.0000,1.0000,-31.0000,-31.0000,6164.5000,5250.5000,5250.5000
2007-03-14,"MA_Crossover(34,47)",6279.0000,6198.5000,1.0000,1.0000,34.0000,34.0000,6198.5000,5284.5000,5284.5000
2007-03-15,"MA_Crossover(34,47)",6608.0000,6527.5000,1.0000,1.0000,329.0000,329.0000,6527.5000,5613.5000,5613.5000
2007-03-16,"MA_Crossover(34,47)",6671.0000,6590.5000,1.0000,1.0000,63.0000,63.0000,6590.5000,5676.5000,5676.5000
2007-03-19,"MA_Crossover(34,47)",6564.0000,6483.5000,1.0000,1.0000,-107.0000,-107.0000,6483.5000,5569.5000,5569.5000
2007-03-20,"MA_Crossover(34,47)",6696.0000,6482.5000,1.0000,1.0000,-1.0000,-1.0000,6482.5000,5568.5000,5568.5000
2007-03-21,"MA_Crossover(34,47)",6655.0000,6444.5000,1.0000,1.0000,-38.0000,-38.0000,6444.5000,5530.5000,5530.5000
2007-03-22,"MA_Crossover(34,47)",6771.0000,6559.5000,1.0000,1.0000,115.0000,115.0000,6559.5000,5645.5000,5645.5000
2007-03-23,"MA_Crossover(34,47)",6765.0000,6577.5000,1.0000,1.0000,18.0000,18.0000,6577.5000,5663.5000,5663.5000
2007-03-26,"MA_Crossover(34,47)",6893.5000,6706.0000,1.0000,1.0000,128.5000,128.5000,6706.0000,5792.0000,5792.0000
2007-03-27,"MA_Crossover(34,47)",6713.0000,6525.5000,1.0000,1.0000,-180.5000,-180.5000,6525.5000,5611.5000,5611.5000
2007-03-28,"MA_Crossover(34,47)",6680.0000,6492.5000,1.0000,1.0000,-33.0000,-33.0000,6492.5000,5578.5000,5578.5000
2007-03-29,"MA_Crossover(34,47)",6781.0000,6593.5000,1.0000,1.0000,101.0000,101.0000,6593.5000,5679.5000,5679.5000
2007-03-30,"MA_Crossover(34,47)",6896.0000,6708.5000,1.0000,1.0000,115.0000,115.0000,6708.5000,5794.5000,5794.5000
2007-04-02,"MA_Crossover(34,47)",7022.0000,6834.5000,1.0000,1.0000,126.0000,126.0000,6834.5000,5920.5000,5920.5000
2007-04-03,"MA_Crossover(34,47)",7296.0000,7108.5000,1.0000,1.0000,274.0000,274.0000,7108.5000,6194.5000,6194.5000
2007-04-04,"MA_Crossover(34,47)",7475.0000,7287.5000,1.0000,1.0000,179.0000,179.0000,7287.5000,6373.5000,6373.5000
2007-04-05,"MA_Crossover(34,47)",7387.0000,7199.5000,1.0000,1.0000,-88.0000,-88.0000,7199.5000,6285.5000,6285.5000
2007-04-10,"MA_Crossover(34,47)",7760.0000,7572.5000,1.0000,1.0000,373.0000,373.0000,7572.5000,6658.5000,6658.5000
2007-04-11,"MA_Crossover(34,47)",7880.0000,7692.5000,1.0000,1.0000,120.0000,120.0000,7692.5000,6778.5000,6778.5000
2007-04-12,"MA_Crossover(34,47)",7730.0000,7542.5000,1.0000,1.0000,-150.0000,-150.0000,7542.5000,6628.5000,6628.5000
2007-04-13,"MA_Crossover(34,47)",7753.0000,7565.5000,1.0000,1.0000,23.0000,23.0000,7565.5000,6651.5000,6651.5000
2007-04-16,"MA_Crossover(34,47)",7660.0000,7472.5000,1.0000,1.0000,-93.0000,-93.0000,7472.5000,6558.5000,6558.5000
2007-04-17,"MA_Crossover(34,47)",8090.0000,7776.0000,1.0000,1.0000,303.5000,303.5000,7776.0000,6862.0000,6862.0000
2007-04-18,"MA_Crossover(34,47)",8022.0000,7711.0000,1.0000,1.0000,-65.0000,-65.0000,7711.0000,6797.0000,6797.0000
2007-04-19,"MA_Crossover(34,47)",7856.0000,7548.0000,1.0000,1.0000,-163.0000,-163.0000,7548.0000,6634.0000,6634.0000
2007-04-20,"MA_Crossover(34,47)",7987.0000,7692.0000,1.0000,1.0000,144.0000,144.0000,7692.0000,6778.0000,6778.0000
2007-04-23,"MA_Crossover(34,47)",8043.0000,7748.0000,1.0000,1.0000,56.0000,56.0000,7748.0000,6834.0000,6834.0000
2007-04-24,"MA_Crossover(34,47)",7849.0000,7554.0000,1.0000,1.0000,-194.0000,-194.0000,7554.0000,6640.0000,6640.0000
2007-04-25,"MA_Crossover(34,47)",7883.0000,7588.0000,1.0000,1.0000,34.0000,34.0000,7588.0000,6674.0000,6674.0000
2007-04-26,"MA_Crossover(34,47)",7687.0000,7392.0000,1.0000,1.0000,-196.0000,-196.0000,7392.0000,6478.0000,6478.0000
2007-04-27,"MA_Crossover(34,47)",7786.0000,7491.0000,1.0000,1.0000,99.0000,99.0000,7491.0000,6577.0000,6577.0000
2007-04-30,"MA_Crossover(34,47)",7806.0000,7511.0000,1.0000,1.0000,20.0000,20.0000,7511.0000,6597.0000,6597.0000
2007-05-01,"MA_Crossover(34,47)",8048.0000,7753.0000,1.0000,1.0000,242.0000,242.0000,7753.0000,6839.0000,6839.0000
2007-05-02,"MA_Crossover(34,47)",8010.0000,7715.0000,1.0000,1.0000,-38.0000,-38.0000,7715.0000,6801.0000,6801.0000
2007-05-03,"MA_Crossover(34,47)",8233.0000,7938.0000,1.0000,1.0000,223.0000,223.0000,7938.0000,7024.0000,7024.0000
2007-05-04,"MA_Crossover(34,47)",8370.0000,8075.0000,1.0000,1.0000,137.0000,137.0000,8075.0000,7161.0000,7161.0000
2007-05-08,"MA_Crossover(34,47)",8210.0000,7915.0000,1.0000,1.0000,-160.0000,-160.0000,7915.0000,7001.0000,7001.0000
2007-05-09,"MA_Crossover(34,47)",8102.0000,7807.0000,1.0000,1.0000,-108.0000,-108.0000,7807.0000,6893.0000,6893.0000
2007-05-10,"MA_Crossover(34,47)",7943.0000,7648.0000,1.0000,1.0000,-159.0000,-159.0000,7648.0000,6734.0000,6734.0000
2007-05-11,"MA_Crossover(34,47)",7953.0000,7658.0000,1.0000,1.0000,10.0000,10.0000,7658.0000,6744.0000,6744.0000
2007-05-14,"MA_Crossover(34,47)",7621.0000,7326.0000,1.0000,1.0000,-332.0000,-332.0000,7326.0000,6412.0000,6412.0000
2007-05-15,"MA_Crossover(34,47)",7799.0000,7421.0000,1.0000,1.0000,95.0000,95.0000,7421.0000,6507.0000,6507.0000
2007-05-16,"MA_Crossover(34,47)",7646.0000,7269.0000,1.0000,1.0000,-152.0000,-152.0000,7269.0000,6355.0000,6355.0000
2007-05-17,"MA_Crossover(34,47)",7290.0000,6912.0000,1.0000,1.0000,-357.0000,-357.0000,6912.0000,5998.0000,5998.0000
2007-05-18,"MA_Crossover(34,47)",7315.0000,6954.0000,1.0000,1.0000,42.0000,42.0000,6954.0000,6040.0000,6040.0000
2007-05-21,"MA_Crossover(34,47)",7456.0000,7095.0000,1.0000,1.0000,141.0000,141.0000,7095.0000,6181.0000,6181.0000
2007-05-22,"MA_Crossover(34,47)",7309.0000,6948.0000,1.0000,1.0000,-147.0000,-147.0000,6948.0000,6034.0000,6034.0000
2007-05-23,"MA_Crossover(34,47)",7245.0000,6884.0000,1.0000,1.0000,-64.0000,-64.0000,6884.0000,5970.0000,5970.0000
2007-05-24,"MA_Crossover(34,47)",7044.0000,6683.0000,1.0000,1.0000,-201.0000,-201.0000,6683.0000,5769.0000,5769.0000
2007-05-25,"MA_Crossover(34,47)",7255.0000,6894.0000,1.0000,1.0000,211.0000,211.0000,6894.0000,5980.0000,5980.0000
2007-05-29,"MA_Crossover(34,47)",7330.0000,6969.0000,1.0000,1.0000,75.0000,75.0000,6969.0000,6055.0000,6055.0000
2007-05-30,"MA_Crossover(34,47)",7270.0000,6909.0000,1.0000,1.0000,-60.0000,-60.0000,6909.0000,5995.0000,5995.0000
2007-05-31,"MA_Crossover(34,47)",7452.0000,7091.0000,1.0000,1.0000,182.0000,182.0000,7091.0000,6177.0000,6177.0000
2007-06-01,"MA_Crossover(34,47)",7527.0000,7166.0000,1.0000,1.0000,75.0000,75.0000,7166.0000,6252.0000,6252.0000
2007-06-04,"MA_Crossover(34,47)",7714.0000,7353.0000,1.0000,1.0000,187.0000,187.0000,7353.0000,6439.0000,6439.0000
2007-06-05,"MA_Crossover(34,47)",7623.0000,7262.0000,1.0000,1.0000,-91.0000,-91.0000,7262.0000,6348.0000,6348.0000
2007-06-06,"MA_Crossover(34,47)",7495.0000,7134.0000,1.0000,1.0000,-128.0000,-128.0000,7134.0000,6220.0000,6220.0000
2007-06-07,"MA_Crossover(34,47)",7504.0000,7143.0000,1.0000,1.0000,9.0000,9.0000,7143.0000,6229.0000,6229.0000
2007-06-08,"MA_Crossover(34,47)",7220.0000,6859.0000,1.0000,1.0000,-284.0000,-284.0000,6859.0000,5945.0000,5945.0000
2007-06-11,"MA_Crossover(34,47)",7448.0000,7087.0000,-1.0000,1.0000,228.0000,228.0000,7087.0000,6173.0000,6173.0000
2007-06-12,"MA_Crossover(34,47)",7259.0000,6898.0000,-1.0000,-1.0000,-189.0000,189.0000,-6898.0000,6362.0000,6362.0000
2007-06-13,"MA_Crossover(34,47)",7382.0000,7021.0000,-1.0000,-1.0000,123.0000,-123.0000,-7021.0000,6239.0000,6239.0000
2007-06-14,"MA_Crossover(34,47)",7541.0000,7180.0000,-1.0000,-1.0000,159.0000,-159.0000,-7180.0000,6080.0000,6080.0000
2007-06-15,"MA_Crossover(34,47)",7582.0000,7221.0000,-1.0000,-1.0000,41.0000,-41.0000,-7221.0000,6039.0000,6039.0000
2007-06-18,"MA_Crossover(34,47)",7618.0000,7257.0000,-1.0000,-1.0000,36.0000,-36.0000,-7257.0000,6003.0000,6003.0000
2007-06-19,"MA_Crossover(34,47)",7472.0000,7115.0000,-1.0000,-1.0000,-142.0000,142.0000,-7115.0000,6145.0000,6145.0000
2007-06-20,"MA_Crossover(34,47)",7568.0000,7211.0000,-1.0000,-1.0000,96.0000,-96.0000,-7211.0000,6049.0000,6049.0000
2007-06-21,"MA_Crossover(34,47)",7486.0000,7130.0000,-1.0000,-1.0000,-81.0000,81.0000,-7130.0000,6130.0000,6130.0000
2007-06-22,"MA_Crossover(34,47)",7483.0000,7147.0000,-1.0000,-1.0000,17.0000,-17.0000,-7147.0000,6113.0000,6113.0000
2007-06-25,"MA_Crossover(34,47)",7529.0000,7193.0000,-1.0000,-1.0000,46.0000,-46.0000,-7193.0000,6067.0000,6067.0000
2007-06-26,"MA_Crossover(34,47)",7420.0000,7084.0000,-1.0000,-1.0000,-109.0000,109.0000,-7084.0000,6176.0000,6176.0000
2007-06-27,"MA_Crossover(34,47)",7444.0000,7108.0000,-1.0000,-1.0000,24.0000,-24.0000,-7108.0000,6152.0000,6152.0000
2007-06-28,"MA_Crossover(34,47)",7621.0000,7285.0000,-1.0000,-1.0000,177.0000,-177.0000,-7285.0000,5975.0000,5975.0000
2007-06-29,"MA_Crossover(34,47)",7647.0000,7311.0000,-1.0000,-1.0000,26.0000,-26.0000,-7311.0000,5949.0000,5949.0000
2007-07-02,"MA_Crossover(34,47)",7813.0000,7477.0000,-1.0000,-1.0000,166.0000,-166.0000,-7477.0000,5783.0000,5783.0000
2007-07-03,"MA_Crossover(34,47)",7805.0000,7469.0000,-1.0000,-1.0000,-8.0000,8.0000,-7469.0000,5791.0000,5791.0000
2007-07-04,"MA_Crossover(34,47)",7919.0000,7583.0000,-1.0000,-1.0000,114.0000,-114.0000,-7583.0000,5677.0000,5677.0000
2007-07-05,"MA_Crossover(34,47)",7951.0000,7615.0000,-1.0000,-1.0000,32.0000,-32.0000,-7615.0000,5645.0000,5645.0000
2007-07-06,"MA_Crossover(34,47)",7948.0000,7612.0000,-1.0000,-1.0000,-3.0000,3.0000,-7612.0000,5648.0000,5648.0000
2007-07-09,"MA_Crossover(34,47)",8083.0000,7747.0000,-1.0000,-1.0000,135.0000,-135.0000,-7747.0000,5513.0000,5513.0000
2007-07-10,"MA_Crossover(34,47)",8002.5000,7666.5000,-1.0000,-1.0000,-80.5000,80.5000,-7666.5000,5593.5000,5593.5000
2007-07-11,"MA_Crossover(34,47)",8048.0000,7712.0000,-1.0000,-1.0000,45.5000,-45.5000,-7712.0000,5548.0000,5548.0000
2007-07-12,"MA_Crossover(34,47)",7935.0000,7599.0000,-1.0000,-1.0000,-113.0000,113.0000,-7599.0000,5661.0000,5661.0000
2007-07-13,"MA_Crossover(34,47)",7983.0000,7647.0000,1.0000,-1.0000,48.0000,-48.0000,-7647.0000,5613.0000,5613.0000
2007-07-16,"MA_Crossover(34,47)",7911.0000,7575.0000,1.0000,1.0000,-72.0000,-72.0000,7575.0000,5541.0000,5541.0000
2007-07-17,"MA_Crossover(34,47)",7840.0000,7511.0000,1.0000,1.0000,-64.0000,-64.0000,7511.0000,5477.0000,5477.0000
2007-07-18,"MA_Crossover(34,47)",7901.0000,7572.0000,1.0000,1.0000,61.0000,61.0000,7572.0000,5538.0000,5538.0000
2007-07-19,"MA_Crossover(34,47)",8043.0000,7716.0000,1.0000,1.0000,144.0000,144.0000,7716.0000,5682.0000,5682.0000
2007-07-20,"MA_Crossover(34,47)",8191.0000,7900.0000,1.0000,1.0000,184.0000,184.0000,7900.0000,5866.0000,5866.0000
2007-07-23,"MA_Crossover(34,47)",8105.0000,7814.0000,1.0000,1.0000,-86.0000,-86.0000,7814.0000,5780.0000,5780.0000
2007-07-24,"MA_Crossover(34,47)",8044.5000,7753.5000,1.0000,1.0000,-60.5000,-60.5000,7753.5000,5719.5000,5719.5000
2007-07-25,"MA_Crossover(34,47)",7864.0000,7573.0000,1.0000,1.0000,-180.5000,-180.5000,7573.0000,5539.0000,5539.0000
2007-07-26,"MA_Crossover(34,47)",7859.0000,7568.0000,1.0000,1.0000,-5.0000,-5.0000,7568.0000,5534.0000,5534.0000
2007-07-27,"MA_Crossover(34,47)",7849.0000,7558.0000,1.0000,1.0000,-10.0000,-10.0000,7558.0000,5524.0000,5524.0000
2007-07-30,"MA_Crossover(34,47)",7943.0000,7652.0000,1.0000,1.0000,94.0000,94.0000,7652.0000,5618.0000,5618.0000
2007-07-31,"MA_Crossover(34,47)",8137.0000,7846.0000,1.0000,1.0000,194.0000,194.0000,7846.0000,5812.0000,5812.0000
2007-08-01,"MA_Crossover(34,47)",7978.0000,7687.0000,1.0000,1.0000,-159.0000,-159.0000,7687.0000,5653.0000,5653.0000
2007-08-02,"MA_Crossover(34,47)",7988.0000,7697.0000,1.0000,1.0000,10.0000,10.0000,7697.0000,5663.0000,5663.0000
2007-08-03,"MA_Crossover(34,47)",7791.0000,7500.0000,1.0000,1.0000,-197.0000,-197.0000,7500.0000,5466.0000,5466.0000
2007-08-06,"MA_Crossover(34,47)",7815.0000,7524.0000,1.0000,1.0000,24.0000,24.0000,7524.0000,5490.0000,5490.0000
2007-08-07,"MA_Crossover(34,47)",7872.5000,7581.5000,1.0000,1.0000,57.5000,57.5000,7581.5000,5547.5000,5547.5000
2007-08-08,"MA_Crossover(34,47)",7705.0000,7414.0000,1.0000,1.0000,-167.5000,-167.5000,7414.0000,5380.0000,5380.0000
2007-08-09,"MA_Crossover(34,47)",7603.5000,7312.5000,1.0000,1.0000,-101.5000,-101.5000,7312.5000,5278.5000,5278.5000
2007-08-10,"MA_Crossover(34,47)",7592.0000,7301.0000,1.0000,1.0000,-11.5000,-11.5000,7301.0000,5267.0000,5267.0000
2007-08-13,"MA_Crossover(34,47)",7711.0000,7420.0000,1.0000,1.0000,119.0000,119.0000,7420.0000,5386.0000,5386.0000
2007-08-14,"MA_Crossover(34,47)",7487.0000,7231.0000,1.0000,1.0000,-189.0000,-189.0000,7231.0000,5197.0000,5197.0000
2007-08-15,"MA_Crossover(34,47)",7379.0000,7127.0000,1.0000,1.0000,-104.0000,-104.0000,7127.0000,5093.0000,5093.0000
2007-08-16,"MA_Crossover(34,47)",6800.0000,6555.0000,1.0000,1.0000,-572.0000,-572.0000,6555.0000,4521.0000,4521.0000
2007-08-17,"MA_Crossover(34,47)",7068.0000,6853.0000,1.0000,1.0000,298.0000,298.0000,6853.0000,4819.0000,4819.0000
2007-08-20,"MA_Crossover(34,47)",7072.0000,6857.0000,1.0000,1.0000,4.0000,4.0000,6857.0000,4823.0000,4823.0000
2007-08-21,"MA_Crossover(34,47)",7022.0000,6807.0000,1.0000,1.0000,-50.0000,-50.0000,6807.0000,4773.0000,4773.0000
2007-08-22,"MA_Crossover(34,47)",7201.5000,6986.5000,1.0000,1.0000,179.5000,179.5000,6986.5000,4952.5000,4952.5000
2007-08-23,"MA_Crossover(34,47)",7310.0000,7095.0000,1.0000,1.0000,108.5000,108.5000,7095.0000,5061.0000,5061.0000
2007-08-24,"MA_Crossover(34,47)",7379.0000,7164.0000,1.0000,1.0000,69.0000,69.0000,7164.0000,5130.0000,5130.0000
2007-08-28,"MA_Crossover(34,47)",7338.0000,7123.0000,-1.0000,1.0000,-41.0000,-41.0000,7123.0000,5089.0000,5089.0000
2007-08-29,"MA_Crossover(34,47)",7430.0000,7215.0000,-1.0000,-1.0000,92.0000,-92.0000,-7215.0000,4997.0000,4997.0000
2007-08-30,"MA_Crossover(34,47)",7464.0000,7249.0000,-1.0000,-1.0000,34.0000,-34.0000,-7249.0000,4963.0000,4963.0000
2007-08-31,"MA_Crossover(34,47)",7524.0000,7309.0000,-1.0000,-1.0000,60.0000,-60.0000,-7309.0000,4903.0000,4903.0000
2007-09-03,"MA_Crossover(34,47)",7449.0000,7234.0000,-1.0000,-1.0000,-75.0000,75.0000,-7234.0000,4978.0000,4978.0000
2007-09-04,"MA_Crossover(34,47)",7363.0000,7148.0000,-1.0000,-1.0000,-86.0000,86.0000,-7148.0000,5064.0000,5064.0000
2007-09-05,"MA_Crossover(34,47)",7215.0000,7000.0000,-1.0000,-1.0000,-148.0000,148.0000,-7000.0000,5212.0000,5212.0000
2007-09-06,"MA_Crossover(34,47)",7361.0000,7146.0000,-1.0000,-1.0000,146.0000,-146.0000,-7146.0000,5066.0000,5066.0000
2007-09-07,"MA_Crossover(34,47)",7235.0000,7020.0000,-1.0000,-1.0000,-126.0000,126.0000,-7020.0000,5192.0000,5192.0000
2007-09-10,"MA_Crossover(34,47)",7220.0000,7005.0000,-1.0000,-1.0000,-15.0000,15.0000,-7005.0000,5207.0000,5207.0000
2007-09-11,"MA_Crossover(34,47)",7538.0000,7323.0000,-1.0000,-1.0000,318.0000,-318.0000,-7323.0000,4889.0000,4889.0000
2007-09-12,"MA_Crossover(34,47)",7482.5000,7267.5000,-1.0000,-1.0000,-55.5000,55.5000,-7267.5000,4944.5000,4944.5000
2007-09-13,"MA_Crossover(34,47)",7604.0000,7389.0000,-1.0000,-1.0000,121.5000,-121.5000,-7389.0000,4823.0000,4823.0000
2007-09-14,"MA_Crossover(34,47)",7612.5000,7397.5000,-1.0000,-1.0000,8.5000,-8.5000,-7397.5000,4814.5000,4814.5000
2007-09-17,"MA_Crossover(34,47)",7561.0000,7346.0000,-1.0000,-1.0000,-51.5000,51.5000,-7346.0000,4866.0000,4866.0000
2007-09-18,"MA_Crossover(34,47)",7618.0000,7410.0000,-1.0000,-1.0000,64.0000,-64.0000,-7410.0000,4802.0000,4802.0000
2007-09-19,"MA_Crossover(34,47)",7919.0000,7711.0000,-1.0000,-1.0000,301.0000,-301.0000,-7711.0000,4501.0000,4501.0000
2007-09-20,"MA_Crossover(34,47)",7920.0000,7716.0000,-1.0000,-1.0000,5.0000,-5.0000,-7716.0000,4496.0000,4496.0000
2007-09-21,"MA_Crossover(34,47)",7916.0000,7724.0000,-1.0000,-1.0000,8.0000,-8.0000,-7724.0000,4488.0000,4488.0000
2007-09-24,"MA_Crossover(34,47)",8077.0000,7885.0000,-1.0000,-1.0000,161.0000,-161.0000,-7885.0000,4327.0000,4327.0000
2007-09-25,"MA_Crossover(34,47)",8036.0000,7844.0000,-1.0000,-1.0000,-41.0000,41.0000,-7844.0000,4368.0000,4368.0000
2007-09-26,"MA_Crossover(34,47)",7986.0000,7794.0000,-1.0000,-1.0000,-50.0000,50.0000,-7794.0000,4418.0000,4418.0000
2007-09-27,"MA_Crossover(34,47)",8066.0000,7874.0000,-1.0000,-1.0000,80.0000,-80.0000,-7874.0000,4338.0000,4338.0000
2007-09-28,"MA_Crossover(34,47)",8068.0000,7876.0000,-1.0000,-1.0000,2.0000,-2.0000,-7876.0000,4336.0000,4336.0000
2007-10-01,"MA_Crossover(34,47)",8166.0000,7974.0000,-1.0000,-1.0000,98.0000,-98.0000,-7974.0000,4238.0000,4238.0000
2007-10-02,"MA_Crossover(34,47)",8220.0000,8028.0000,-1.0000,-1.0000,54.0000,-54.0000,-8028.0000,4184.0000,4184.0000
2007-10-03,"MA_Crossover(34,47)",8359.0000,8167.0000,-1.0000,-1.0000,139.0000,-139.0000,-8167.0000,4045.0000,4045.0000
2007-10-04,"MA_Crossover(34,47)",8251.0000,8059.0000,-1.0000,-1.0000,-108.0000,108.0000,-8059.0000,4153.0000,4153.0000
2007-10-05,"MA_Crossover(34,47)",8260.0000,8068.0000,1.0000,-1.0000,9.0000,-9.0000,-8068.0000,4144.0000,4144.0000
2007-10-08,"MA_Crossover(34,47)",8003.0000,7811.0000,1.0000,1.0000,-257.0000,-257.0000,7811.0000,3887.0000,3887.0000
2007-10-09,"MA_Crossover(34,47)",8107.0000,7915.0000,1.0000,1.0000,104.0000,104.0000,7915.0000,3991.0000,3991.0000
2007-10-10,"MA_Crossover(34,47)",8233.0000,8041.0000,1.0000,1.0000,126.0000,126.0000,8041.0000,4117.0000,4117.0000
2007-10-11,"MA_Crossover(34,47)",8131.0000,7939.0000,1.0000,1.0000,-102.0000,-102.0000,7939.0000,4015.0000,4015.0000
2007-10-12,"MA_Crossover(34,47)",8112.0000,7920.0000,1.0000,1.0000,-19.0000,-19.0000,7920.0000,3996.0000,3996.0000
2007-10-15,"MA_Crossover(34,47)",8204.5000,8012.5000,1.0000,1.0000,92.5000,92.5000,8012.5000,4088.5000,4088.5000
2007-10-16,"MA_Crossover(34,47)",8082.0000,7896.0000,1.0000,1.0000,-116.5000,-116.5000,7896.0000,3972.0000,3972.0000
2007-10-17,"MA_Crossover(34,47)",7995.0000,7810.0000,1.0000,1.0000,-86.0000,-86.0000,7810.0000,3886.0000,3886.0000
2007-10-18,"MA_Crossover(34,47)",7887.5000,7704.5000,1.0000,1.0000,-105.5000,-105.5000,7704.5000,3780.5000,3780.5000
2007-10-19,"MA_Crossover(34,47)",7898.5000,7727.5000,1.0000,1.0000,23.0000,23.0000,7727.5000,3803.5000,3803.5000
2007-10-22,"MA_Crossover(34,47)",7785.0000,7614.0000,1.0000,1.0000,-113.5000,-113.5000,7614.0000,3690.0000,3690.0000
2007-10-23,"MA_Crossover(34,47)",7821.0000,7650.0000,1.0000,1.0000,36.0000,36.0000,7650.0000,3726.0000,3726.0000
2007-10-24,"MA_Crossover(34,47)",7715.0000,7544.0000,1.0000,1.0000,-106.0000,-106.0000,7544.0000,3620.0000,3620.0000
2007-10-25,"MA_Crossover(34,47)",7793.5000,7622.5000,1.0000,1.0000,78.5000,78.5000,7622.5000,3698.5000,3698.5000
2007-10-26,"MA_Crossover(34,47)",7900.5000,7729.5000,1.0000,1.0000,107.0000,107.0000,7729.5000,3805.5000,3805.5000
2007-10-29,"MA_Crossover(34,47)",7866.0000,7695.0000,1.0000,1.0000,-34.5000,-34.5000,7695.0000,3771.0000,3771.0000
2007-10-30,"MA_Crossover(34,47)",7770.0000,7599.0000,1.0000,1.0000,-96.0000,-96.0000,7599.0000,3675.0000,3675.0000
2007-10-31,"MA_Crossover(34,47)",7736.0000,7565.0000,1.0000,1.0000,-34.0000,-34.0000,7565.0000,3641.0000,3641.0000
2007-11-01,"MA_Crossover(34,47)",7512.0000,7341.0000,1.0000,1.0000,-224.0000,-224.0000,7341.0000,3417.0000,3417.0000
2007-11-02,"MA_Crossover(34,47)",7442.0000,7271.0000,1.0000,1.0000,-70.0000,-70.0000,7271.0000,3347.0000,3347.0000
2007-11-05,"MA_Crossover(34,47)",7410.0000,7239.0000,1.0000,1.0000,-32.0000,-32.0000,7239.0000,3315.0000,3315.0000
2007-11-06,"MA_Crossover(34,47)",7484.0000,7313.0000,1.0000,1.0000,74.0000,74.0000,7313.0000,3389.0000,3389.0000
2007-11-07,"MA_Crossover(34,47)",7311.0000,7140.0000,1.0000,1.0000,-173.0000,-173.0000,7140.0000,3216.0000,3216.0000
2007-11-08,"MA_Crossover(34,47)",7189.5000,7018.5000,1.0000,1.0000,-121.5000,-121.5000,7018.5000,3094.5000,3094.5000
2007-11-09,"MA_Crossover(34,47)",7004.5000,6833.5000,1.0000,1.0000,-185.0000,-185.0000,6833.5000,2909.5000,2909.5000
2007-11-12,"MA_Crossover(34,47)",6918.5000,6747.5000,1.0000,1.0000,-86.0000,-86.0000,6747.5000,2823.5000,2823.5000
2007-11-13,"MA_Crossover(34,47)",6891.0000,6720.0000,1.0000,1.0000,-27.5000,-27.5000,6720.0000,2796.0000,2796.0000
2007-11-14,"MA_Crossover(34,47)",7102.5000,6931.5000,-1.0000,1.0000,211.5000,211.5000,6931.5000,3007.5000,3007.5000
2007-11-15,"MA_Crossover(34,47)",6897.0000,6726.0000,-1.0000,-1.0000,-205.5000,205.5000,-6726.0000,3213.0000,3213.0000
2007-11-16,"MA_Crossover(34,47)",7002.0000,6831.0000,-1.0000,-1.0000,105.0000,-105.0000,-6831.0000,3108.0000,3108.0000
2007-11-19,"MA_Crossover(34,47)",6756.0000,6585.0000,-1.0000,-1.0000,-246.0000,246.0000,-6585.0000,3354.0000,3354.0000
2007-11-20,"MA_Crossover(34,47)",6768.5000,6604.5000,-1.0000,-1.0000,19.5000,-19.5000,-6604.5000,3334.5000,3334.5000
2007-11-21,"MA_Crossover(34,47)",6488.0000,6325.0000,-1.0000,-1.0000,-279.5000,279.5000,-6325.0000,3614.0000,3614.0000
2007-11-22,"MA_Crossover(34,47)",6540.0000,6376.0000,-1.0000,-1.0000,51.0000,-51.0000,-6376.0000,3563.0000,3563.0000
2007-11-23,"MA_Crossover(34,47)",6690.5000,6508.5000,-1.0000,-1.0000,132.5000,-132.5000,-6508.5000,3430.5000,3430.5000
2007-11-26,"MA_Crossover(34,47)",6733.0000,6551.0000,-1.0000,-1.0000,42.5000,-42.5000,-6551.0000,3388.0000,3388.0000
2007-11-27,"MA_Crossover(34,47)",6578.5000,6396.5000,-1.0000,-1.0000,-154.5000,154.5000,-6396.5000,3542.5000,3542.5000
2007-11-28,"MA_Crossover(34,47)",6682.5000,6500.5000,-1.0000,-1.0000,104.0000,-104.0000,-6500.5000,3438.5000,3438.5000
2007-11-29,"MA_Crossover(34,47)",6847.5000,6665.5000,-1.0000,-1.0000,165.0000,-165.0000,-6665.5000,3273.5000,3273.5000
2007-11-30,"MA_Crossover(34,47)",6970.5000,6788.5000,-1.0000,-1.0000,123.0000,-123.0000,-6788.5000,3150.5000,3150.5000
2007-12-03,"MA_Crossover(34,47)",6764.0000,6582.0000,-1.0000,-1.0000,-206.5000,206.5000,-6582.0000,3357.0000,3357.0000
2007-12-04,"MA_Crossover(34,47)",6657.0000,6475.0000,-1.0000,-1.0000,-107.0000,107.0000,-6475.0000,3464.0000,3464.0000
2007-12-05,"MA_Crossover(34,47)",6650.5000,6468.5000,-1.0000,-1.0000,-6.5000,6.5000,-6468.5000,3470.5000,3470.5000
2007-12-06,"MA_Crossover(34,47)",6680.0000,6498.0000,-1.0000,-1.0000,29.5000,-29.5000,-6498.0000,3441.0000,3441.0000
2007-12-07,"MA_Crossover(34,47)",6865.0000,6683.0000,-1.0000,-1.0000,185.0000,-185.0000,-6683.0000,3256.0000,3256.0000
2007-12-10,"MA_Crossover(34,47)",6772.0000,6590.0000,-1.0000,-1.0000,-93.0000,93.0000,-6590.0000,3349.0000,3349.0000
2007-12-11,"MA_Crossover(34,47)",6766.5000,6584.5000,-1.0000,-1.0000,-5.5000,5.5000,-6584.5000,3354.5000,3354.5000
2007-12-12,"MA_Crossover(34,47)",6672.5000,6490.5000,-1.0000,-1.0000,-94.0000,94.0000,-6490.5000,3448.5000,3448.5000
2007-12-13,"MA_Crossover(34,47)",6458.5000,6276.5000,-1.0000,-1.0000,-214.0000,214.0000,-6276.5000,3662.5000,3662.5000
2007-12-14,"MA_Crossover(34,47)",6492.0000,6310.0000,-1.0000,-1.0000,33.5000,-33.5000,-6310.0000,3629.0000,3629.0000
2007-12-17,"MA_Crossover(34,47)",6326.5000,6144.5000,-1.0000,-1.0000,-165.5000,165.5000,-6144.5000,3794.5000,3794.5000
2007-12-18,"MA_Crossover(34,47)",6348.2500,6163.7500,-1.0000,-1.0000,19.2500,-19.2500,-6163.7500,3775.2500,3775.2500
2007-12-19,"MA_Crossover(34,47)",6485.0000,6297.0000,-1.0000,-1.0000,133.2500,-133.2500,-6297.0000,3642.0000,3642.0000
2007-12-20,"MA_Crossover(34,47)",6506.5000,6317.5000,-1.0000,-1.0000,20.5000,-20.5000,-6317.5000,3621.5000,3621.5000
2007-12-21,"MA_Crossover(34,47)",6780.0000,6574.0000,-1.0000,-1.0000,256.5000,-256.5000,-6574.0000,3365.0000,3365.0000
2007-12-27,"MA_Crossover(34,47)",6859.5000,6653.5000,-1.0000,-1.0000,79.5000,-79.5000,-6653.5000,3285.5000,3285.5000
2007-12-28,"MA_Crossover(34,47)",6810.0000,6604.0000,-1.0000,-1.0000,-49.5000,49.5000,-6604.0000,3335.0000,3335.0000
2007-12-31,"MA_Crossover(34,47)",6650.5000,6444.5000,-1.0000,-1.0000,-159.5000,159.5000,-6444.5000,3494.5000,3494.5000
2008-01-02,"MA_Crossover(34,47)",6725.5000,6519.5000,-1.0000,-1.0000,75.0000,-75.0000,-6519.5000,3419.5000,3419.5000
2008-01-03,"MA_Crossover(34,47)",6939.5000,6733.5000,-1.0000,-1.0000,214.0000,-214.0000,-6733.5000,3205.5000,3205.5000
2008-01-04,"MA_Crossover(34,47)",6881.0000,6675.0000,-1.0000,-1.0000,-58.5000,58.5000,-6675.0000,3264.0000,3264.0000
2008-01-07,"MA_Crossover(34,47)",6877.5000,6671.5000,-1.0000,-1.0000,-3.5000,3.5000,-6671.5000,3267.5000,3267.5000
2008-01-08,"MA_Crossover(34,47)",7203.0000,6997.0000,-1.0000,-1.0000,325.5000,-325.5000,-6997.0000,2942.0000,2942.0000
2008-01-09,"MA_Crossover(34,47)",7206.5000,7000.5000,-1.0000,-1.0000,3.5000,-3.5000,-7000.5000,2938.5000,2938.5000
2008-01-10,"MA_Crossover(34,47)",7174.5000,6968.5000,-1.0000,-1.0000,-32.0000,32.0000,-6968.5000,2970.5000,2970.5000
2008-01-11,"MA_Crossover(34,47)",7282.0000,7076.0000,-1.0000,-1.0000,107.5000,-107.5000,-7076.0000,2863.0000,2863.0000
2008-01-14,"MA_Crossover(34,47)",7382.0000,7176.0000,-1.0000,-1.0000,100.0000,-100.0000,-7176.0000,2763.0000,2763.0000
2008-01-15,"MA_Crossover(34,47)",7151.5000,6942.0000,-1.0000,-1.0000,-234.0000,234.0000,-6942.0000,2997.0000,2997.0000
2008-01-16,"MA_Crossover(34,47)",6994.5000,6784.0000,-1.0000,-1.0000,-158.0000,158.0000,-6784.0000,3155.0000,3155.0000
2008-01-17,"MA_Crossover(34,47)",6996.0000,6782.0000,-1.0000,-1.0000,-2.0000,2.0000,-6782.0000,3157.0000,3157.0000
2008-01-18,"MA_Crossover(34,47)",7157.0000,6944.0000,1.0000,-1.0000,162.0000,-162.0000,-6944.0000,2995.0000,2995.0000
2008-01-21,"MA_Crossover(34,47)",6889.0000,6676.0000,1.0000,1.0000,-268.0000,-268.0000,6676.0000,2727.0000,2727.0000
2008-01-22,"MA_Crossover(34,47)",7048.0000,6835.0000,1.0000,1.0000,159.0000,159.0000,6835.0000,2886.0000,2886.0000
2008-01-23,"MA_Crossover(34,47)",6904.0000,6691.0000,1.0000,1.0000,-144.0000,-144.0000,6691.0000,2742.0000,2742.0000
2008-01-24,"MA_Crossover(34,47)",7049.0000,6836.0000,1.0000,1.0000,145.0000,145.0000,6836.0000,2887.0000,2887.0000
2008-01-25,"MA_Crossover(34,47)",7039.0000,6826.0000,1.0000,1.0000,-10.0000,-10.0000,6826.0000,2877.0000,2877.0000
2008-01-28,"MA_Crossover(34,47)",7063.5000,6850.5000,1.0000,1.0000,24.5000,24.5000,6850.5000,2901.5000,2901.5000
2008-01-29,"MA_Crossover(34,47)",7304.0000,7091.0000,1.0000,1.0000,240.5000,240.5000,7091.0000,3142.0000,3142.0000
2008-01-30,"MA_Crossover(34,47)",7163.0000,6950.0000,1.0000,1.0000,-141.0000,-141.0000,6950.0000,3001.0000,3001.0000
2008-01-31,"MA_Crossover(34,47)",7354.0000,7141.0000,1.0000,1.0000,191.0000,191.0000,7141.0000,3192.0000,3192.0000
2008-02-01,"MA_Crossover(34,47)",7243.5000,7030.5000,1.0000,1.0000,-110.5000,-110.5000,7030.5000,3081.5000,3081.5000
2008-02-04,"MA_Crossover(34,47)",7263.0000,7050.0000,1.0000,1.0000,19.5000,19.5000,7050.0000,3101.0000,3101.0000
2008-02-05,"MA_Crossover(34,47)",7136.0000,6923.0000,1.0000,1.0000,-127.0000,-127.0000,6923.0000,2974.0000,2974.0000
2008-02-06,"MA_Crossover(34,47)",7340.0000,7127.0000,1.0000,1.0000,204.0000,204.0000,7127.0000,3178.0000,3178.0000
2008-02-07,"MA_Crossover(34,47)",7565.0000,7352.0000,1.0000,1.0000,225.0000,225.0000,7352.0000,3403.0000,3403.0000
2008-02-08,"MA_Crossover(34,47)",7740.0000,7527.0000,1.0000,1.0000,175.0000,175.0000,7527.0000,3578.0000,3578.0000
2008-02-11,"MA_Crossover(34,47)",7797.0000,7584.0000,1.0000,1.0000,57.0000,57.0000,7584.0000,3635.0000,3635.0000
2008-02-12,"MA_Crossover(34,47)",7923.0000,7710.0000,1.0000,1.0000,126.0000,126.0000,7710.0000,3761.0000,3761.0000
2008-02-13,"MA_Crossover(34,47)",7812.0000,7599.0000,1.0000,1.0000,-111.0000,-111.0000,7599.0000,3650.0000,3650.0000
2008-02-14,"MA_Crossover(34,47)",7700.0000,7487.0000,1.0000,1.0000,-112.0000,-112.0000,7487.0000,3538.0000,3538.0000
2008-02-15,"MA_Crossover(34,47)",7752.0000,7539.0000,1.0000,1.0000,52.0000,52.0000,7539.0000,3590.0000,3590.0000
2008-02-18,"MA_Crossover(34,47)",8014.0000,7801.0000,1.0000,1.0000,262.0000,262.0000,7801.0000,3852.0000,3852.0000
2008-02-19,"MA_Crossover(34,47)",8238.0000,8007.0000,1.0000,1.0000,206.0000,206.0000,8007.0000,4058.0000,4058.0000
2008-02-20,"MA_Crossover(34,47)",8194.0000,7964.0000,1.0000,1.0000,-43.0000,-43.0000,7964.0000,4015.0000,4015.0000
2008-02-21,"MA_Crossover(34,47)",8467.0000,8238.0000,1.0000,1.0000,274.0000,274.0000,8238.0000,4289.0000,4289.0000
2008-02-22,"MA_Crossover(34,47)",8366.0000,8159.0000,1.0000,1.0000,-79.0000,-79.0000,8159.0000,4210.0000,4210.0000
2008-02-25,"MA_Crossover(34,47)",8229.0000,8022.0000,1.0000,1.0000,-137.0000,-137.0000,8022.0000,4073.0000,4073.0000
2008-02-26,"MA_Crossover(34,47)",8315.0000,8108.0000,1.0000,1.0000,86.0000,86.0000,8108.0000,4159.0000,4159.0000
2008-02-27,"MA_Crossover(34,47)",8484.0000,8277.0000,1.0000,1.0000,169.0000,169.0000,8277.0000,4328.0000,4328.0000
2008-02-28,"MA_Crossover(34,47)",8562.0000,8355.0000,1.0000,1.0000,78.0000,78.0000,8355.0000,4406.0000,4406.0000
2008-02-29,"MA_Crossover(34,47)",8486.0000,8279.0000,1.0000,1.0000,-76.0000,-76.0000,8279.0000,4330.0000,4330.0000
2008-03-03,"MA_Crossover(34,47)",8652.0000,8445.0000,1.0000,1.0000,166.0000,166.0000,8445.0000,4496.0000,4496.0000
2008-03-04,"MA_Crossover(34,47)",8483.0000,8276.0000,1.0000,1.0000,-169.0000,-169.0000,8276.0000,4327.0000,4327.0000
2008-03-05,"MA_Crossover(34,47)",8760.0000,8553.0000,1.0000,1.0000,277.0000,277.0000,8553.0000,4604.0000,4604.0000
2008-03-06,"MA_Crossover(34,47)",8633.0000,8426.0000,1.0000,1.0000,-127.0000,-127.0000,8426.0000,4477.0000,4477.0000
2008-03-07,"MA_Crossover(34,47)",8628.0000,8421.0000,1.0000,1.0000,-5.0000,-5.0000,8421.0000,4472.0000,4472.0000
2008-03-10,"MA_Crossover(34,47)",8393.0000,8186.0000,1.0000,1.0000,-235.0000,-235.0000,8186.0000,4237.0000,4237.0000
2008-03-11,"MA_Crossover(34,47)",8352.0000,8145.0000,1.0000,1.0000,-41.0000,-41.0000,8145.0000,4196.0000,4196.0000
2008-03-12,"MA_Crossover(34,47)",8494.0000,8287.0000,1.0000,1.0000,142.0000,142.0000,8287.0000,4338.0000,4338.0000
2008-03-13,"MA_Crossover(34,47)",8478.0000,8271.0000,1.0000,1.0000,-16.0000,-16.0000,8271.0000,4322.0000,4322.0000
2008-03-14,"MA_Crossover(34,47)",8479.0000,8272.0000,1.0000,1.0000,1.0000,1.0000,8272.0000,4323.0000,4323.0000
2008-03-17,"MA_Crossover(34,47)",8180.0000,7973.0000,1.0000,1.0000,-299.0000,-299.0000,7973.0000,4024.0000,4024.0000
2008-03-18,"MA_Crossover(34,47)",8290.0000,8102.0000,1.0000,1.0000,129.0000,129.0000,8102.0000,4153.0000,4153.0000
2008-03-19,"MA_Crossover(34,47)",8053.0000,7866.0000,1.0000,1.0000,-236.0000,-236.0000,7866.0000,3917.0000,3917.0000
2008-03-20,"MA_Crossover(34,47)",7922.0000,7732.0000,1.0000,1.0000,-134.0000,-134.0000,7732.0000,3783.0000,3783.0000
2008-03-25,"MA_Crossover(34,47)",8166.0000,8017.0000,1.0000,1.0000,285.0000,285.0000,8017.0000,4068.0000,4068.0000
2008-03-26,"MA_Crossover(34,47)",8269.0000,8120.0000,1.0000,1.0000,103.0000,103.0000,8120.0000,4171.0000,4171.0000
2008-03-27,"MA_Crossover(34,47)",8604.0000,8455.0000,1.0000,1.0000,335.0000,335.0000,8455.0000,4506.0000,4506.0000
2008-03-28,"MA_Crossover(34,47)",8496.0000,8347.0000,1.0000,1.0000,-108.0000,-108.0000,8347.0000,4398.0000,4398.0000
2008-03-31,"MA_Crossover(34,47)",8483.0000,8334.0000,1.0000,1.0000,-13.0000,-13.0000,8334.0000,4385.0000,4385.0000
2008-04-01,"MA_Crossover(34,47)",8444.0000,8295.0000,1.0000,1.0000,-39.0000,-39.0000,8295.0000,4346.0000,4346.0000
2008-04-02,"MA_Crossover(34,47)",8653.0000,8504.0000,1.0000,1.0000,209.0000,209.0000,8504.0000,4555.0000,4555.0000
2008-04-03,"MA_Crossover(34,47)",8656.5000,8507.5000,1.0000,1.0000,3.5000,3.5000,8507.5000,4558.5000,4558.5000
2008-04-04,"MA_Crossover(34,47)",8783.0000,8634.0000,1.0000,1.0000,126.5000,126.5000,8634.0000,4685.0000,4685.0000
2008-04-07,"MA_Crossover(34,47)",8852.0000,8703.0000,1.0000,1.0000,69.0000,69.0000,8703.0000,4754.0000,4754.0000
2008-04-08,"MA_Crossover(34,47)",8660.0000,8511.0000,1.0000,1.0000,-192.0000,-192.0000,8511.0000,4562.0000,4562.0000
2008-04-09,"MA_Crossover(34,47)",8864.0000,8715.0000,1.0000,1.0000,204.0000,204.0000,8715.0000,4766.0000,4766.0000
2008-04-10,"MA_Crossover(34,47)",8761.0000,8612.0000,1.0000,1.0000,-103.0000,-103.0000,8612.0000,4663.0000,4663.0000
2008-04-11,"MA_Crossover(34,47)",8788.0000,8639.0000,1.0000,1.0000,27.0000,27.0000,8639.0000,4690.0000,4690.0000
2008-04-14,"MA_Crossover(34,47)",8702.0000,8553.0000,1.0000,1.0000,-86.0000,-86.0000,8553.0000,4604.0000,4604.0000
2008-04-15,"MA_Crossover(34,47)",8498.0000,8378.0000,1.0000,1.0000,-175.0000,-175.0000,8378.0000,4429.0000,4429.0000
2008-04-16,"MA_Crossover(34,47)",8790.0000,8671.0000,1.0000,1.0000,293.0000,293.0000,8671.0000,4722.0000,4722.0000
2008-04-17,"MA_Crossover(34,47)",8677.0000,8561.0000,1.0000,1.0000,-110.0000,-110.0000,8561.0000,4612.0000,4612.0000
2008-04-18,"MA_Crossover(34,47)",8635.0000,8555.0000,1.0000,1.0000,-6.0000,-6.0000,8555.0000,4606.0000,4606.0000
2008-04-21,"MA_Crossover(34,47)",8583.5000,8503.5000,1.0000,1.0000,-51.5000,-51.5000,8503.5000,4554.5000,4554.5000
2008-04-22,"MA_Crossover(34,47)",8772.0000,8692.0000,1.0000,1.0000,188.5000,188.5000,8692.0000,4743.0000,4743.0000
2008-04-23,"MA_Crossover(34,47)",8636.0000,8556.0000,1.0000,1.0000,-136.0000,-136.0000,8556.0000,4607.0000,4607.0000
2008-04-24,"MA_Crossover(34,47)",8607.0000,8527.0000,1.0000,1.0000,-29.0000,-29.0000,8527.0000,4578.0000,4578.0000
2008-04-25,"MA_Crossover(34,47)",8660.5000,8580.5000,1.0000,1.0000,53.5000,53.5000,8580.5000,4631.5000,4631.5000
2008-04-28,"MA_Crossover(34,47)",8744.0000,8664.0000,1.0000,1.0000,83.5000,83.5000,8664.0000,4715.0000,4715.0000
2008-04-29,"MA_Crossover(34,47)",8638.0000,8558.0000,1.0000,1.0000,-106.0000,-106.0000,8558.0000,4609.0000,4609.0000
2008-04-30,"MA_Crossover(34,47)",8647.5000,8567.5000,1.0000,1.0000,9.5000,9.5000,8567.5000,4618.5000,4618.5000
2008-05-01,"MA_Crossover(34,47)",8316.0000,8236.0000,1.0000,1.0000,-331.5000,-331.5000,8236.0000,4287.0000,4287.0000
2008-05-02,"MA_Crossover(34,47)",8511.5000,8431.5000,1.0000,1.0000,195.5000,195.5000,8431.5000,4482.5000,4482.5000
2008-05-06,"MA_Crossover(34,47)",8626.0000,8546.0000,1.0000,1.0000,114.5000,114.5000,8546.0000,4597.0000,4597.0000
2008-05-07,"MA_Crossover(34,47)",8534.0000,8454.0000,1.0000,1.0000,-92.0000,-92.0000,8454.0000,4505.0000,4505.0000
2008-05-08,"MA_Crossover(34,47)",8400.5000,8320.5000,1.0000,1.0000,-133.5000,-133.5000,8320.5000,4371.5000,4371.5000
2008-05-09,"MA_Crossover(34,47)",8199.0000,8119.0000,1.0000,1.0000,-201.5000,-201.5000,8119.0000,4170.0000,4170.0000
2008-05-12,"MA_Crossover(34,47)",8361.5000,8281.5000,1.0000,1.0000,162.5000,162.5000,8281.5000,4332.5000,4332.5000
2008-05-13,"MA_Crossover(34,47)",8324.0000,8244.0000,1.0000,1.0000,-37.5000,-37.5000,8244.0000,4295.0000,4295.0000
2008-05-14,"MA_Crossover(34,47)",8223.0000,8143.0000,1.0000,1.0000,-101.0000,-101.0000,8143.0000,4194.0000,4194.0000
2008-05-15,"MA_Crossover(34,47)",8412.0000,8332.0000,1.0000,1.0000,189.0000,189.0000,8332.0000,4383.0000,4383.0000
2008-05-16,"MA_Crossover(34,47)",8563.0000,8483.0000,1.0000,1.0000,151.0000,151.0000,8483.0000,4534.0000,4534.0000
2008-05-19,"MA_Crossover(34,47)",8433.0000,8353.0000,1.0000,1.0000,-130.0000,-130.0000,8353.0000,4404.0000,4404.0000
2008-05-20,"MA_Crossover(34,47)",8383.0000,8331.0000,1.0000,1.0000,-22.0000,-22.0000,8331.0000,4382.0000,4382.0000
2008-05-21,"MA_Crossover(34,47)",8299.0000,8247.0000,1.0000,1.0000,-84.0000,-84.0000,8247.0000,4298.0000,4298.0000
2008-05-22,"MA_Crossover(34,47)",8184.0000,8134.0000,1.0000,1.0000,-113.0000,-113.0000,8134.0000,4185.0000,4185.0000
2008-05-23,"MA_Crossover(34,47)",8241.0000,8221.0000,1.0000,1.0000,87.0000,87.0000,8221.0000,4272.0000,4272.0000
2008-05-27,"MA_Crossover(34,47)",8263.0000,8243.0000,1.0000,1.0000,22.0000,22.0000,8243.0000,4294.0000,4294.0000
2008-05-28,"MA_Crossover(34,47)",8169.0000,8149.0000,1.0000,1.0000,-94.0000,-94.0000,8149.0000,4200.0000,4200.0000
2008-05-29,"MA_Crossover(34,47)",7963.0000,7943.0000,-1.0000,1.0000,-206.0000,-206.0000,7943.0000,3994.0000,3994.0000
2008-05-30,"MA_Crossover(34,47)",8017.0000,7997.0000,-1.0000,-1.0000,54.0000,-54.0000,-7997.0000,3940.0000,3940.0000
2008-06-02,"MA_Crossover(34,47)",8018.0000,7998.0000,-1.0000,-1.0000,1.0000,-1.0000,-7998.0000,3939.0000,3939.0000
2008-06-03,"MA_Crossover(34,47)",8004.0000,7984.0000,-1.0000,-1.0000,-14.0000,14.0000,-7984.0000,3953.0000,3953.0000
2008-06-04,"MA_Crossover(34,47)",7990.0000,7970.0000,-1.0000,-1.0000,-14.0000,14.0000,-7970.0000,3967.0000,3967.0000
2008-06-05,"MA_Crossover(34,47)",7927.0000,7907.0000,-1.0000,-1.0000,-63.0000,63.0000,-7907.0000,4030.0000,4030.0000
2008-06-06,"MA_Crossover(34,47)",8111.0000,8091.0000,-1.0000,-1.0000,184.0000,-184.0000,-8091.0000,3846.0000,3846.0000
2008-06-09,"MA_Crossover(34,47)",8088.0000,8068.0000,-1.0000,-1.0000,-23.0000,23.0000,-8068.0000,3869.0000,3869.0000
2008-06-10,"MA_Crossover(34,47)",7982.0000,7962.0000,-1.0000,-1.0000,-106.0000,106.0000,-7962.0000,3975.0000,3975.0000
2008-06-11,"MA_Crossover(34,47)",8047.0000,8027.0000,-1.0000,-1.0000,65.0000,-65.0000,-8027.0000,3910.0000,3910.0000
2008-06-12,"MA_Crossover(34,47)",7976.0000,7956.0000,-1.0000,-1.0000,-71.0000,71.0000,-7956.0000,3981.0000,3981.0000
2008-06-13,"MA_Crossover(34,47)",8147.0000,8127.0000,-1.0000,-1.0000,171.0000,-171.0000,-8127.0000,3810.0000,3810.0000
2008-06-16,"MA_Crossover(34,47)",8289.0000,8269.0000,-1.0000,-1.0000,142.0000,-142.0000,-8269.0000,3668.0000,3668.0000
2008-06-17,"MA_Crossover(34,47)",8178.0000,8201.0000,-1.0000,-1.0000,-68.0000,68.0000,-8201.0000,3736.0000,3736.0000
2008-06-18,"MA_Crossover(34,47)",8342.0000,8360.0000,-1.0000,-1.0000,159.0000,-159.0000,-8360.0000,3577.0000,3577.0000
2008-06-19,"MA_Crossover(34,47)",8435.0000,8453.0000,-1.0000,-1.0000,93.0000,-93.0000,-8453.0000,3484.0000,3484.0000
2008-06-20,"MA_Crossover(34,47)",8542.0000,8614.0000,-1.0000,-1.0000,161.0000,-161.0000,-8614.0000,3323.0000,3323.0000
2008-06-23,"MA_Crossover(34,47)",8509.0000,8581.0000,-1.0000,-1.0000,-33.0000,33.0000,-8581.0000,3356.0000,3356.0000
2008-06-24,"MA_Crossover(34,47)",8456.0000,8528.0000,-1.0000,-1.0000,-53.0000,53.0000,-8528.0000,3409.0000,3409.0000
2008-06-25,"MA_Crossover(34,47)",8427.0000,8499.0000,-1.0000,-1.0000,-29.0000,29.0000,-8499.0000,3438.0000,3438.0000
2008-06-26,"MA_Crossover(34,47)",8564.0000,8636.0000,-1.0000,-1.0000,137.0000,-137.0000,-8636.0000,3301.0000,3301.0000
2008-06-27,"MA_Crossover(34,47)",8650.0000,8722.0000,-1.0000,-1.0000,86.0000,-86.0000,-8722.0000,3215.0000,3215.0000
2008-06-30,"MA_Crossover(34,47)",8638.0000,8710.0000,-1.0000,-1.0000,-12.0000,12.0000,-8710.0000,3227.0000,3227.0000
2008-07-01,"MA_Crossover(34,47)",8749.5000,8821.5000,-1.0000,-1.0000,111.5000,-111.5000,-8821.5000,3115.5000,3115.5000
2008-07-02,"MA_Crossover(34,47)",8865.0000,8937.0000,-1.0000,-1.0000,115.5000,-115.5000,-8937.0000,3000.0000,3000.0000
2008-07-03,"MA_Crossover(34,47)",8793.0000,8865.0000,-1.0000,-1.0000,-72.0000,72.0000,-8865.0000,3072.0000,3072.0000
2008-07-04,"MA_Crossover(34,47)",8620.5000,8692.5000,-1.0000,-1.0000,-172.5000,172.5000,-8692.5000,3244.5000,3244.5000
2008-07-07,"MA_Crossover(34,47)",8561.0000,8633.0000,-1.0000,-1.0000,-59.5000,59.5000,-8633.0000,3304.0000,3304.0000
2008-07-08,"MA_Crossover(34,47)",8345.0000,8417.0000,-1.0000,-1.0000,-216.0000,216.0000,-8417.0000,3520.0000,3520.0000
2008-07-09,"MA_Crossover(34,47)",8361.0000,8433.0000,-1.0000,-1.0000,16.0000,-16.0000,-8433.0000,3504.0000,3504.0000
2008-07-10,"MA_Crossover(34,47)",8404.0000,8476.0000,-1.0000,-1.0000,43.0000,-43.0000,-8476.0000,3461.0000,3461.0000
2008-07-11,"MA_Crossover(34,47)",8446.0000,8518.0000,-1.0000,-1.0000,42.0000,-42.0000,-8518.0000,3419.0000,3419.0000
2008-07-14,"MA_Crossover(34,47)",8475.0000,8547.0000,-1.0000,-1.0000,29.0000,-29.0000,-8547.0000,3390.0000,3390.0000
2008-07-15,"MA_Crossover(34,47)",8251.0000,8364.0000,1.0000,-1.0000,-183.0000,183.0000,-8364.0000,3573.0000,3573.0000
2008-07-16,"MA_Crossover(34,47)",8204.0000,8311.0000,1.0000,1.0000,-53.0000,-53.0000,8311.0000,3520.0000,3520.0000
2008-07-17,"MA_Crossover(34,47)",8294.0000,8398.0000,1.0000,1.0000,87.0000,87.0000,8398.0000,3607.0000,3607.0000
2008-07-18,"MA_Crossover(34,47)",8211.0000,8380.0000,1.0000,1.0000,-18.0000,-18.0000,8380.0000,3589.0000,3589.0000
2008-07-21,"MA_Crossover(34,47)",8250.0000,8419.0000,1.0000,1.0000,39.0000,39.0000,8419.0000,3628.0000,3628.0000
2008-07-22,"MA_Crossover(34,47)",8256.0000,8425.0000,1.0000,1.0000,6.0000,6.0000,8425.0000,3634.0000,3634.0000
2008-07-23,"MA_Crossover(34,47)",8207.0000,8376.0000,1.0000,1.0000,-49.0000,-49.0000,8376.0000,3585.0000,3585.0000
2008-07-24,"MA_Crossover(34,47)",8032.0000,8201.0000,1.0000,1.0000,-175.0000,-175.0000,8201.0000,3410.0000,3410.0000
2008-07-25,"MA_Crossover(34,47)",8094.0000,8263.0000,1.0000,1.0000,62.0000,62.0000,8263.0000,3472.0000,3472.0000
2008-07-28,"MA_Crossover(34,47)",8139.0000,8308.0000,1.0000,1.0000,45.0000,45.0000,8308.0000,3517.0000,3517.0000
2008-07-29,"MA_Crossover(34,47)",8072.0000,8241.0000,1.0000,1.0000,-67.0000,-67.0000,8241.0000,3450.0000,3450.0000
2008-07-30,"MA_Crossover(34,47)",8178.0000,8347.0000,1.0000,1.0000,106.0000,106.0000,8347.0000,3556.0000,3556.0000
2008-07-31,"MA_Crossover(34,47)",8212.0000,8381.0000,1.0000,1.0000,34.0000,34.0000,8381.0000,3590.0000,3590.0000
2008-08-01,"MA_Crossover(34,47)",8050.0000,8219.0000,1.0000,1.0000,-162.0000,-162.0000,8219.0000,3428.0000,3428.0000
2008-08-04,"MA_Crossover(34,47)",7719.0000,7888.0000,1.0000,1.0000,-331.0000,-331.0000,7888.0000,3097.0000,3097.0000
2008-08-05,"MA_Crossover(34,47)",7749.0000,7918.0000,1.0000,1.0000,30.0000,30.0000,7918.0000,3127.0000,3127.0000
2008-08-06,"MA_Crossover(34,47)",7752.0000,7921.0000,1.0000,1.0000,3.0000,3.0000,7921.0000,3130.0000,3130.0000
2008-08-07,"MA_Crossover(34,47)",7802.0000,7971.0000,1.0000,1.0000,50.0000,50.0000,7971.0000,3180.0000,3180.0000
2008-08-08,"MA_Crossover(34,47)",7521.0000,7690.0000,1.0000,1.0000,-281.0000,-281.0000,7690.0000,2899.0000,2899.0000
2008-08-11,"MA_Crossover(34,47)",7432.0000,7601.0000,1.0000,1.0000,-89.0000,-89.0000,7601.0000,2810.0000,2810.0000
2008-08-12,"MA_Crossover(34,47)",7191.0000,7360.0000,-1.0000,1.0000,-241.0000,-241.0000,7360.0000,2569.0000,2569.0000
2008-08-13,"MA_Crossover(34,47)",7479.0000,7648.0000,-1.0000,-1.0000,288.0000,-288.0000,-7648.0000,2281.0000,2281.0000
2008-08-14,"MA_Crossover(34,47)",7440.0000,7609.0000,-1.0000,-1.0000,-39.0000,39.0000,-7609.0000,2320.0000,2320.0000
2008-08-15,"MA_Crossover(34,47)",7438.0000,7607.0000,-1.0000,-1.0000,-2.0000,2.0000,-7607.0000,2322.0000,2322.0000
2008-08-18,"MA_Crossover(34,47)",7435.0000,7604.0000,-1.0000,-1.0000,-3.0000,3.0000,-7604.0000,2325.0000,2325.0000
2008-08-19,"MA_Crossover(34,47)",7634.0000,7809.0000,-1.0000,-1.0000,205.0000,-205.0000,-7809.0000,2120.0000,2120.0000
2008-08-20,"MA_Crossover(34,47)",7584.0000,7754.0000,-1.0000,-1.0000,-55.0000,55.0000,-7754.0000,2175.0000,2175.0000
2008-08-21,"MA_Crossover(34,47)",7939.0000,8103.0000,-1.0000,-1.0000,349.0000,-349.0000,-8103.0000,1826.0000,1826.0000
2008-08-22,"MA_Crossover(34,47)",7740.0000,7945.0000,-1.0000,-1.0000,-158.0000,158.0000,-7945.0000,1984.0000,1984.0000
2008-08-26,"MA_Crossover(34,47)",7655.0000,7860.0000,-1.0000,-1.0000,-85.0000,85.0000,-7860.0000,2069.0000,2069.0000
2008-08-27,"MA_Crossover(34,47)",7724.0000,7929.0000,-1.0000,-1.0000,69.0000,-69.0000,-7929.0000,2000.0000,2000.0000
2008-08-28,"MA_Crossover(34,47)",7592.0000,7797.0000,-1.0000,-1.0000,-132.0000,132.0000,-7797.0000,2132.0000,2132.0000
2008-08-29,"MA_Crossover(34,47)",7556.0000,7761.0000,-1.0000,-1.0000,-36.0000,36.0000,-7761.0000,2168.0000,2168.0000
2008-09-01,"MA_Crossover(34,47)",7337.0000,7542.0000,-1.0000,-1.0000,-219.0000,219.0000,-7542.0000,2387.0000,2387.0000
2008-09-02,"MA_Crossover(34,47)",7303.0000,7508.0000,-1.0000,-1.0000,-34.0000,34.0000,-7508.0000,2421.0000,2421.0000
2008-09-03,"MA_Crossover(34,47)",7404.0000,7609.0000,-1.0000,-1.0000,101.0000,-101.0000,-7609.0000,2320.0000,2320.0000
2008-09-04,"MA_Crossover(34,47)",7272.0000,7477.0000,-1.0000,-1.0000,-132.0000,132.0000,-7477.0000,2452.0000,2452.0000
2008-09-05,"MA_Crossover(34,47)",6935.0000,7140.0000,-1.0000,-1.0000,-337.0000,337.0000,-7140.0000,2789.0000,2789.0000
2008-09-08,"MA_Crossover(34,47)",6991.0000,7196.0000,-1.0000,-1.0000,56.0000,-56.0000,-7196.0000,2733.0000,2733.0000
2008-09-09,"MA_Crossover(34,47)",6856.0000,7061.0000,-1.0000,-1.0000,-135.0000,135.0000,-7061.0000,2868.0000,2868.0000
2008-09-10,"MA_Crossover(34,47)",6870.0000,7075.0000,-1.0000,-1.0000,14.0000,-14.0000,-7075.0000,2854.0000,2854.0000
2008-09-11,"MA_Crossover(34,47)",6966.0000,7171.0000,-1.0000,-1.0000,96.0000,-96.0000,-7171.0000,2758.0000,2758.0000
2008-09-12,"MA_Crossover(34,47)",7170.0000,7375.0000,-1.0000,-1.0000,204.0000,-204.0000,-7375.0000,2554.0000,2554.0000
2008-09-15,"MA_Crossover(34,47)",6983.0000,7188.0000,-1.0000,-1.0000,-187.0000,187.0000,-7188.0000,2741.0000,2741.0000
2008-09-16,"MA_Crossover(34,47)",6927.0000,7107.0000,-1.0000,-1.0000,-81.0000,81.0000,-7107.0000,2822.0000,2822.0000
2008-09-17,"MA_Crossover(34,47)",6810.0000,6990.0000,-1.0000,-1.0000,-117.0000,117.0000,-6990.0000,2939.0000,2939.0000
2008-09-18,"MA_Crossover(34,47)",6784.0000,6977.0000,-1.0000,-1.0000,-13.0000,13.0000,-6977.0000,2952.0000,2952.0000
2008-09-19,"MA_Crossover(34,47)",7096.0000,7307.0000,-1.0000,-1.0000,330.0000,-330.0000,-7307.0000,2622.0000,2622.0000
2008-09-22,"MA_Crossover(34,47)",7286.0000,7497.0000,-1.0000,-1.0000,190.0000,-190.0000,-7497.0000,2432.0000,2432.0000
2008-09-23,"MA_Crossover(34,47)",7006.0000,7217.0000,-1.0000,-1.0000,-280.0000,280.0000,-7217.0000,2712.0000,2712.0000
2008-09-24,"MA_Crossover(34,47)",6943.5000,7154.5000,-1.0000,-1.0000,-62.5000,62.5000,-7154.5000,2774.5000,2774.5000
2008-09-25,"MA_Crossover(34,47)",6979.5000,7190.5000,-1.0000,-1.0000,36.0000,-36.0000,-7190.5000,2738.5000,2738.5000
2008-09-26,"MA_Crossover(34,47)",6829.0000,7040.0000,-1.0000,-1.0000,-150.5000,150.5000,-7040.0000,2889.0000,2889.0000
2008-09-29,"MA_Crossover(34,47)",6477.0000,6688.0000,-1.0000,-1.0000,-352.0000,352.0000,-6688.0000,3241.0000,3241.0000
2008-09-30,"MA_Crossover(34,47)",6401.0000,6612.0000,-1.0000,-1.0000,-76.0000,76.0000,-6612.0000,3317.0000,3317.0000
2008-10-01,"MA_Crossover(34,47)",6192.0000,6403.0000,-1.0000,-1.0000,-209.0000,209.0000,-6403.0000,3526.0000,3526.0000
2008-10-02,"MA_Crossover(34,47)",5883.0000,6094.0000,-1.0000,-1.0000,-309.0000,309.0000,-6094.0000,3835.0000,3835.0000
2008-10-03,"MA_Crossover(34,47)",6080.0000,6291.0000,-1.0000,-1.0000,197.0000,-197.0000,-6291.0000,3638.0000,3638.0000
2008-10-06,"MA_Crossover(34,47)",5649.0000,5860.0000,-1.0000,-1.0000,-431.0000,431.0000,-5860.0000,4069.0000,4069.0000
2008-10-07,"MA_Crossover(34,47)",5727.0000,5938.0000,-1.0000,-1.0000,78.0000,-78.0000,-5938.0000,3991.0000,3991.0000
2008-10-08,"MA_Crossover(34,47)",5296.0000,5507.0000,-1.0000,-1.0000,-431.0000,431.0000,-5507.0000,4422.0000,4422.0000
2008-10-09,"MA_Crossover(34,47)",5375.0000,5586.0000,-1.0000,-1.0000,79.0000,-79.0000,-5586.0000,4343.0000,4343.0000
2008-10-10,"MA_Crossover(34,47)",4869.5000,5080.5000,-1.0000,-1.0000,-505.5000,505.5000,-5080.5000,4848.5000,4848.5000
2008-10-13,"MA_Crossover(34,47)",5194.0000,5405.0000,-1.0000,-1.0000,324.5000,-324.5000,-5405.0000,4524.0000,4524.0000
2008-10-14,"MA_Crossover(34,47)",5295.0000,5599.0000,-1.0000,-1.0000,194.0000,-194.0000,-5599.0000,4330.0000,4330.0000
2008-10-15,"MA_Crossover(34,47)",4914.0000,5218.0000,-1.0000,-1.0000,-381.0000,381.0000,-5218.0000,4711.0000,4711.0000
2008-10-16,"MA_Crossover(34,47)",4644.5000,4948.5000,-1.0000,-1.0000,-269.5000,269.5000,-4948.5000,4980.5000,4980.5000
2008-10-17,"MA_Crossover(34,47)",4806.5000,5102.5000,-1.0000,-1.0000,154.0000,-154.0000,-5102.5000,4826.5000,4826.5000
2008-10-20,"MA_Crossover(34,47)",4706.0000,5002.0000,-1.0000,-1.0000,-100.5000,100.5000,-5002.0000,4927.0000,4927.0000
2008-10-21,"MA_Crossover(34,47)",4479.0000,4775.0000,-1.0000,-1.0000,-227.0000,227.0000,-4775.0000,5154.0000,5154.0000
2008-10-22,"MA_Crossover(34,47)",4141.5000,4437.5000,-1.0000,-1.0000,-337.5000,337.5000,-4437.5000,5491.5000,5491.5000
2008-10-23,"MA_Crossover(34,47)",4038.0000,4334.0000,-1.0000,-1.0000,-103.5000,103.5000,-4334.0000,5595.0000,5595.0000
2008-10-24,"MA_Crossover(34,47)",3764.0000,4060.0000,-1.0000,-1.0000,-274.0000,274.0000,-4060.0000,5869.0000,5869.0000
2008-10-27,"MA_Crossover(34,47)",4016.0000,4312.0000,-1.0000,-1.0000,252.0000,-252.0000,-4312.0000,5617.0000,5617.0000
2008-10-28,"MA_Crossover(34,47)",4127.5000,4423.5000,-1.0000,-1.0000,111.5000,-111.5000,-4423.5000,5505.5000,5505.5000
2008-10-29,"MA_Crossover(34,47)",4650.0000,4946.0000,-1.0000,-1.0000,522.5000,-522.5000,-4946.0000,4983.0000,4983.0000
2008-10-30,"MA_Crossover(34,47)",4194.0000,4490.0000,-1.0000,-1.0000,-456.0000,456.0000,-4490.0000,5439.0000,5439.0000
2008-10-31,"MA_Crossover(34,47)",4097.0000,4393.0000,-1.0000,-1.0000,-97.0000,97.0000,-4393.0000,5536.0000,5536.0000
2008-11-03,"MA_Crossover(34,47)",4089.0000,4385.0000,-1.0000,-1.0000,-8.0000,8.0000,-4385.0000,5544.0000,5544.0000
2008-11-04,"MA_Crossover(34,47)",4301.0000,4597.0000,-1.0000,-1.0000,212.0000,-212.0000,-4597.0000,5332.0000,5332.0000
2008-11-05,"MA_Crossover(34,47)",4066.5000,4362.5000,-1.0000,-1.0000,-234.5000,234.5000,-4362.5000,5566.5000,5566.5000
2008-11-06,"MA_Crossover(34,47)",3789.0000,4085.0000,-1.0000,-1.0000,-277.5000,277.5000,-4085.0000,5844.0000,5844.0000
2008-11-07,"MA_Crossover(34,47)",3734.5000,4030.5000,-1.0000,-1.0000,-54.5000,54.5000,-4030.5000,5898.5000,5898.5000
2008-11-10,"MA_Crossover(34,47)",3847.0000,4143.0000,-1.0000,-1.0000,112.5000,-112.5000,-4143.0000,5786.0000,5786.0000
2008-11-11,"MA_Crossover(34,47)",3606.0000,3902.0000,-1.0000,-1.0000,-241.0000,241.0000,-3902.0000,6027.0000,6027.0000
2008-11-12,"MA_Crossover(34,47)",3587.0000,3883.0000,-1.0000,-1.0000,-19.0000,19.0000,-3883.0000,6046.0000,6046.0000
2008-11-13,"MA_Crossover(34,47)",3636.0000,3932.0000,-1.0000,-1.0000,49.0000,-49.0000,-3932.0000,5997.0000,5997.0000
2008-11-14,"MA_Crossover(34,47)",3781.0000,4077.0000,-1.0000,-1.0000,145.0000,-145.0000,-4077.0000,5852.0000,5852.0000
2008-11-17,"MA_Crossover(34,47)",3609.0000,3905.0000,-1.0000,-1.0000,-172.0000,172.0000,-3905.0000,6024.0000,6024.0000
2008-11-18,"MA_Crossover(34,47)",3716.0000,4012.0000,-1.0000,-1.0000,107.0000,-107.0000,-4012.0000,5917.0000,5917.0000
2008-11-19,"MA_Crossover(34,47)",3557.0000,3853.0000,-1.0000,-1.0000,-159.0000,159.0000,-3853.0000,6076.0000,6076.0000
2008-11-20,"MA_Crossover(34,47)",3451.0000,3745.0000,-1.0000,-1.0000,-108.0000,108.0000,-3745.0000,6184.0000,6184.0000
2008-11-21,"MA_Crossover(34,47)",3518.0000,3795.0000,-1.0000,-1.0000,50.0000,-50.0000,-3795.0000,6134.0000,6134.0000
2008-11-24,"MA_Crossover(34,47)",3733.0000,4010.0000,-1.0000,-1.0000,215.0000,-215.0000,-4010.0000,5919.0000,5919.0000
2008-11-25,"MA_Crossover(34,47)",3676.0000,3953.0000,-1.0000,-1.0000,-57.0000,57.0000,-3953.0000,5976.0000,5976.0000
2008-11-26,"MA_Crossover(34,47)",3735.5000,4012.5000,-1.0000,-1.0000,59.5000,-59.5000,-4012.5000,5916.5000,5916.5000
2008-11-27,"MA_Crossover(34,47)",3676.5000,3953.5000,-1.0000,-1.0000,-59.0000,59.0000,-3953.5000,5975.5000,5975.5000
2008-11-28,"MA_Crossover(34,47)",3604.5000,3881.5000,-1.0000,-1.0000,-72.0000,72.0000,-3881.5000,6047.5000,6047.5000
2008-12-01,"MA_Crossover(34,47)",3577.0000,3854.0000,-1.0000,-1.0000,-27.5000,27.5000,-3854.0000,6075.0000,6075.0000
2008-12-02,"MA_Crossover(34,47)",3540.5000,3817.5000,-1.0000,-1.0000,-36.5000,36.5000,-3817.5000,6111.5000,6111.5000
2008-12-03,"MA_Crossover(34,47)",3429.0000,3706.0000,-1.0000,-1.0000,-111.5000,111.5000,-3706.0000,6223.0000,6223.0000
2008-12-04,"MA_Crossover(34,47)",3252.5000,3529.5000,-1.0000,-1.0000,-176.5000,176.5000,-3529.5000,6399.5000,6399.5000
2008-12-05,"MA_Crossover(34,47)",3028.5000,3305.5000,-1.0000,-1.0000,-224.0000,224.0000,-3305.5000,6623.5000,6623.5000
2008-12-08,"MA_Crossover(34,47)",3294.0000,3571.0000,-1.0000,-1.0000,265.5000,-265.5000,-3571.0000,6358.0000,6358.0000
2008-12-09,"MA_Crossover(34,47)",3175.5000,3452.5000,-1.0000,-1.0000,-118.5000,118.5000,-3452.5000,6476.5000,6476.5000
2008-12-10,"MA_Crossover(34,47)",3275.5000,3552.5000,-1.0000,-1.0000,100.0000,-100.0000,-3552.5000,6376.5000,6376.5000
2008-12-11,"MA_Crossover(34,47)",3287.0000,3564.0000,-1.0000,-1.0000,11.5000,-11.5000,-3564.0000,6365.0000,6365.0000
2008-12-12,"MA_Crossover(34,47)",3143.5000,3420.5000,-1.0000,-1.0000,-143.5000,143.5000,-3420.5000,6508.5000,6508.5000
2008-12-15,"MA_Crossover(34,47)",3126.0000,3403.0000,-1.0000,-1.0000,-17.5000,17.5000,-3403.0000,6526.0000,6526.0000
2008-12-16,"MA_Crossover(34,47)",3047.0000,3322.5000,-1.0000,-1.0000,-80.5000,80.5000,-3322.5000,6606.5000,6606.5000
2008-12-17,"MA_Crossover(34,47)",3000.0000,3273.5000,-1.0000,-1.0000,-49.0000,49.0000,-3273.5000,6655.5000,6655.5000
2008-12-18,"MA_Crossover(34,47)",2860.5000,3133.5000,-1.0000,-1.0000,-140.0000,140.0000,-3133.5000,6795.5000,6795.5000
2008-12-19,"MA_Crossover(34,47)",2911.0000,3172.0000,-1.0000,-1.0000,38.5000,-38.5000,-3172.0000,6757.0000,6757.0000
2008-12-22,"MA_Crossover(34,47)",2939.0000,3200.0000,-1.0000,-1.0000,28.0000,-28.0000,-3200.0000,6729.0000,6729.0000
2008-12-23,"MA_Crossover(34,47)",2848.0000,3109.0000,-1.0000,-1.0000,-91.0000,91.0000,-3109.0000,6820.0000,6820.0000
2008-12-24,"MA_Crossover(34,47)",2823.0000,3084.0000,-1.0000,-1.0000,-25.0000,25.0000,-3084.0000,6845.0000,6845.0000
2008-12-29,"MA_Crossover(34,47)",2881.5000,3142.5000,-1.0000,-1.0000,58.5000,-58.5000,-3142.5000,6786.5000,6786.5000
2008-12-30,"MA_Crossover(34,47)",2891.5000,3152.5000,-1.0000,-1.0000,10.0000,-10.0000,-3152.5000,6776.5000,6776.5000
2008-12-31,"MA_Crossover(34,47)",3049.2500,3310.2500,-1.0000,-1.0000,157.7500,-157.7500,-3310.2500,6618.7500,6618.7500
2009-01-02,"MA_Crossover(34,47)",3207.0000,3468.0000,-1.0000,-1.0000,157.7500,-157.7500,-3468.0000,6461.0000,6461.0000
2009-01-05,"MA_Crossover(34,47)",3158.5000,3419.5000,-1.0000,-1.0000,-48.5000,48.5000,-3419.5000,6509.5000,6509.5000
2009-01-06,"MA_Crossover(34,47)",3359.5000,3620.5000,-1.0000,-1.0000,201.0000,-201.0000,-3620.5000,6308.5000,6308.5000
2009-01-07,"MA_Crossover(34,47)",3311.2500,3572.2500,-1.0000,-1.0000,-48.2500,48.2500,-3572.2500,6356.7500,6356.7500
2009-01-08,"MA_Crossover(34,47)",3165.2500,3426.2500,-1.0000,-1.0000,-146.0000,146.0000,-3426.2500,6502.7500,6502.7500
2009-01-09,"MA_Crossover(34,47)",3370.7500,3631.7500,-1.0000,-1.0000,205.5000,-205.5000,-3631.7500,6297.2500,6297.2500
2009-01-12,"MA_Crossover(34,47)",3211.7500,3472.7500,-1.0000,-1.0000,-159.0000,159.0000,-3472.7500,6456.2500,6456.2500
2009-01-13,"MA_Crossover(34,47)",3336.7500,3597.7500,-1.0000,-1.0000,125.0000,-125.0000,-3597.7500,6331.2500,6331.2500
2009-01-14,"MA_Crossover(34,47)",3254.0000,3515.0000,-1.0000,-1.0000,-82.7500,82.7500,-3515.0000,6414.0000,6414.0000
2009-01-15,"MA_Crossover(34,47)",3248.5000,3509.5000,-1.0000,-1.0000,-5.5000,5.5000,-3509.5000,6419.5000,6419.5000
2009-01-16,"MA_Crossover(34,47)",3323.5000,3584.5000,-1.0000,-1.0000,75.0000,-75.0000,-3584.5000,6344.5000,6344.5000
2009-01-19,"MA_Crossover(34,47)",3397.5000,3658.5000,-1.0000,-1.0000,74.0000,-74.0000,-3658.5000,6270.5000,6270.5000
2009-01-20,"MA_Crossover(34,47)",3319.5000,3581.0000,-1.0000,-1.0000,-77.5000,77.5000,-3581.0000,6348.0000,6348.0000
2009-01-21,"MA_Crossover(34,47)",3196.5000,3458.5000,-1.0000,-1.0000,-122.5000,122.5000,-3458.5000,6470.5000,6470.5000
2009-01-22,"MA_Crossover(34,47)",3064.7500,3327.0000,-1.0000,-1.0000,-131.5000,131.5000,-3327.0000,6602.0000,6602.0000
2009-01-23,"MA_Crossover(34,47)",3226.7500,3477.2500,-1.0000,-1.0000,150.2500,-150.2500,-3477.2500,6451.7500,6451.7500
2009-01-26,"MA_Crossover(34,47)",3529.0000,3779.5000,-1.0000,-1.0000,302.2500,-302.2500,-3779.5000,6149.5000,6149.5000
2009-01-27,"MA_Crossover(34,47)",3283.0000,3533.5000,-1.0000,-1.0000,-246.0000,246.0000,-3533.5000,6395.5000,6395.5000
2009-01-28,"MA_Crossover(34,47)",3302.5000,3553.0000,-1.0000,-1.0000,19.5000,-19.5000,-3553.0000,6376.0000,6376.0000
2009-01-29,"MA_Crossover(34,47)",3201.5000,3452.0000,-1.0000,-1.0000,-101.0000,101.0000,-3452.0000,6477.0000,6477.0000
2009-01-30,"MA_Crossover(34,47)",3125.7500,3376.2500,-1.0000,-1.0000,-75.7500,75.7500,-3376.2500,6552.7500,6552.7500
2009-02-02,"MA_Crossover(34,47)",3146.7500,3397.2500,-1.0000,-1.0000,21.0000,-21.0000,-3397.2500,6531.7500,6531.7500
2009-02-03,"MA_Crossover(34,47)",3344.5000,3595.0000,-1.0000,-1.0000,197.7500,-197.7500,-3595.0000,6334.0000,6334.0000
2009-02-04,"MA_Crossover(34,47)",3386.0000,3636.5000,-1.0000,-1.0000,41.5000,-41.5000,-3636.5000,6292.5000,6292.5000
2009-02-05,"MA_Crossover(34,47)",3300.2500,3550.7500,-1.0000,-1.0000,-85.7500,85.7500,-3550.7500,6378.2500,6378.2500
2009-02-06,"MA_Crossover(34,47)",3510.0000,3760.5000,-1.0000,-1.0000,209.7500,-209.7500,-3760.5000,6168.5000,6168.5000
2009-02-09,"MA_Crossover(34,47)",3547.2500,3797.7500,1.0000,-1.0000,37.2500,-37.2500,-3797.7500,6131.2500,6131.2500
2009-02-10,"MA_Crossover(34,47)",3450.0000,3700.5000,1.0000,1.0000,-97.2500,-97.2500,3700.5000,6034.0000,6034.0000
2009-02-11,"MA_Crossover(34,47)",3423.2500,3673.7500,1.0000,1.0000,-26.7500,-26.7500,3673.7500,6007.2500,6007.2500
2009-02-12,"MA_Crossover(34,47)",3378.0000,3628.5000,1.0000,1.0000,-45.2500,-45.2500,3628.5000,5962.0000,5962.0000
2009-02-13,"MA_Crossover(34,47)",3392.5000,3643.0000,1.0000,1.0000,14.5000,14.5000,3643.0000,5976.5000,5976.5000
2009-02-16,"MA_Crossover(34,47)",3290.7500,3541.2500,1.0000,1.0000,-101.7500,-101.7500,3541.2500,5874.7500,5874.7500
2009-02-17,"MA_Crossover(34,47)",3158.7500,3409.0000,1.0000,1.0000,-132.2500,-132.2500,3409.0000,5742.5000,5742.5000
2009-02-18,"MA_Crossover(34,47)",3209.0000,3459.0000,1.0000,1.0000,50.0000,50.0000,3459.0000,5792.5000,5792.5000
2009-02-19,"MA_Crossover(34,47)",3265.2500,3515.0000,1.0000,1.0000,56.0000,56.0000,3515.0000,5848.5000,5848.5000
2009-02-20,"MA_Crossover(34,47)",3125.2500,3362.0000,1.0000,1.0000,-153.0000,-153.0000,3362.0000,5695.5000,5695.5000
2009-02-23,"MA_Crossover(34,47)",3205.7500,3442.5000,1.0000,1.0000,80.5000,80.5000,3442.5000,5776.0000,5776.0000
2009-02-24,"MA_Crossover(34,47)",3259.5000,3496.2500,1.0000,1.0000,53.7500,53.7500,3496.2500,5829.7500,5829.7500
2009-02-25,"MA_Crossover(34,47)",3385.7500,3622.5000,1.0000,1.0000,126.2500,126.2500,3622.5000,5956.0000,5956.0000
2009-02-26,"MA_Crossover(34,47)",3477.0000,3713.7500,1.0000,1.0000,91.2500,91.2500,3713.7500,6047.2500,6047.2500
2009-02-27,"MA_Crossover(34,47)",3426.5000,3663.2500,1.0000,1.0000,-50.5000,-50.5000,3663.2500,5996.7500,5996.7500
2009-03-02,"MA_Crossover(34,47)",3362.2500,3599.0000,1.0000,1.0000,-64.2500,-64.2500,3599.0000,5932.5000,5932.5000
2009-03-03,"MA_Crossover(34,47)",3520.0000,3756.7500,1.0000,1.0000,157.7500,157.7500,3756.7500,6090.2500,6090.2500
2009-03-04,"MA_Crossover(34,47)",3728.0000,3964.7500,1.0000,1.0000,208.0000,208.0000,3964.7500,6298.2500,6298.2500
2009-03-05,"MA_Crossover(34,47)",3665.5000,3902.2500,1.0000,1.0000,-62.5000,-62.5000,3902.2500,6235.7500,6235.7500
2009-03-06,"MA_Crossover(34,47)",3698.2500,3935.0000,1.0000,1.0000,32.7500,32.7500,3935.0000,6268.5000,6268.5000
2009-03-09,"MA_Crossover(34,47)",3584.7500,3821.5000,1.0000,1.0000,-113.5000,-113.5000,3821.5000,6155.0000,6155.0000
2009-03-10,"MA_Crossover(34,47)",3692.2500,3929.0000,1.0000,1.0000,107.5000,107.5000,3929.0000,6262.5000,6262.5000
2009-03-11,"MA_Crossover(34,47)",3560.2500,3797.0000,1.0000,1.0000,-132.0000,-132.0000,3797.0000,6130.5000,6130.5000
2009-03-12,"MA_Crossover(34,47)",3549.5000,3786.2500,1.0000,1.0000,-10.7500,-10.7500,3786.2500,6119.7500,6119.7500
2009-03-13,"MA_Crossover(34,47)",3641.0000,3877.7500,1.0000,1.0000,91.5000,91.5000,3877.7500,6211.2500,6211.2500
2009-03-16,"MA_Crossover(34,47)",3800.7500,4037.5000,1.0000,1.0000,159.7500,159.7500,4037.5000,6371.0000,6371.0000
2009-03-17,"MA_Crossover(34,47)",3781.7500,4017.5000,1.0000,1.0000,-20.0000,-20.0000,4017.5000,6351.0000,6351.0000
2009-03-18,"MA_Crossover(34,47)",3733.5000,3970.0000,1.0000,1.0000,-47.5000,-47.5000,3970.0000,6303.5000,6303.5000
2009-03-19,"MA_Crossover(34,47)",3975.0000,4211.5000,1.0000,1.0000,241.5000,241.5000,4211.5000,6545.0000,6545.0000
2009-03-20,"MA_Crossover(34,47)",3931.5000,4156.0000,1.0000,1.0000,-55.5000,-55.5000,4156.0000,6489.5000,6489.5000
2009-03-23,"MA_Crossover(34,47)",4033.0000,4257.5000,1.0000,1.0000,101.5000,101.5000,4257.5000,6591.0000,6591.0000
2009-03-24,"MA_Crossover(34,47)",3948.0000,4172.5000,1.0000,1.0000,-85.0000,-85.0000,4172.5000,6506.0000,6506.0000
2009-03-25,"MA_Crossover(34,47)",3936.7500,4161.2500,1.0000,1.0000,-11.2500,-11.2500,4161.2500,6494.7500,6494.7500
2009-03-26,"MA_Crossover(34,47)",4057.2500,4281.7500,1.0000,1.0000,120.5000,120.5000,4281.7500,6615.2500,6615.2500
2009-03-27,"MA_Crossover(34,47)",4021.7500,4246.2500,1.0000,1.0000,-35.5000,-35.5000,4246.2500,6579.7500,6579.7500
2009-03-30,"MA_Crossover(34,47)",3879.2500,4103.7500,1.0000,1.0000,-142.5000,-142.5000,4103.7500,6437.2500,6437.2500
2009-03-31,"MA_Crossover(34,47)",4010.5000,4235.0000,1.0000,1.0000,131.2500,131.2500,4235.0000,6568.5000,6568.5000
2009-04-01,"MA_Crossover(34,47)",4031.7500,4256.2500,1.0000,1.0000,21.2500,21.2500,4256.2500,6589.7500,6589.7500
2009-04-02,"MA_Crossover(34,47)",4124.5000,4349.0000,1.0000,1.0000,92.7500,92.7500,4349.0000,6682.5000,6682.5000
2009-04-03,"MA_Crossover(34,47)",4278.7500,4503.2500,1.0000,1.0000,154.2500,154.2500,4503.2500,6836.7500,6836.7500
2009-04-06,"MA_Crossover(34,47)",4244.7500,4469.2500,1.0000,1.0000,-34.0000,-34.0000,4469.2500,6802.7500,6802.7500
2009-04-07,"MA_Crossover(34,47)",4351.7500,4576.2500,1.0000,1.0000,107.0000,107.0000,4576.2500,6909.7500,6909.7500
2009-04-08,"MA_Crossover(34,47)",4369.7500,4594.2500,1.0000,1.0000,18.0000,18.0000,4594.2500,6927.7500,6927.7500
2009-04-09,"MA_Crossover(34,47)",4529.2500,4753.7500,1.0000,1.0000,159.5000,159.5000,4753.7500,7087.2500,7087.2500
2009-04-14,"MA_Crossover(34,47)",4687.0000,4902.5000,1.0000,1.0000,148.7500,148.7500,4902.5000,7236.0000,7236.0000
2009-04-15,"MA_Crossover(34,47)",4816.5000,5026.5000,1.0000,1.0000,124.0000,124.0000,5026.5000,7360.0000,7360.0000
2009-04-16,"MA_Crossover(34,47)",4730.0000,4939.5000,1.0000,1.0000,-87.0000,-87.0000,4939.5000,7273.0000,7273.0000
2009-04-17,"MA_Crossover(34,47)",4820.0000,5029.5000,1.0000,1.0000,90.0000,90.0000,5029.5000,7363.0000,7363.0000
2009-04-20,"MA_Crossover(34,47)",4591.0000,4800.5000,1.0000,1.0000,-229.0000,-229.0000,4800.5000,7134.0000,7134.0000
2009-04-21,"MA_Crossover(34,47)",4516.0000,4725.5000,1.0000,1.0000,-75.0000,-75.0000,4725.5000,7059.0000,7059.0000
2009-04-22,"MA_Crossover(34,47)",4552.0000,4761.5000,1.0000,1.0000,36.0000,36.0000,4761.5000,7095.0000,7095.0000
2009-04-23,"MA_Crossover(34,47)",4344.5000,4554.0000,1.0000,1.0000,-207.5000,-207.5000,4554.0000,6887.5000,6887.5000
2009-04-24,"MA_Crossover(34,47)",4483.0000,4692.5000,1.0000,1.0000,138.5000,138.5000,4692.5000,7026.0000,7026.0000
2009-04-27,"MA_Crossover(34,47)",4350.5000,4560.0000,1.0000,1.0000,-132.5000,-132.5000,4560.0000,6893.5000,6893.5000
2009-04-28,"MA_Crossover(34,47)",4186.5000,4396.0000,1.0000,1.0000,-164.0000,-164.0000,4396.0000,6729.5000,6729.5000
2009-04-29,"MA_Crossover(34,47)",4375.5000,4585.0000,1.0000,1.0000,189.0000,189.0000,4585.0000,6918.5000,6918.5000
2009-04-30,"MA_Crossover(34,47)",4436.7500,4646.2500,1.0000,1.0000,61.2500,61.2500,4646.2500,6979.7500,6979.7500
2009-05-01,"MA_Crossover(34,47)",4608.5000,4818.0000,1.0000,1.0000,171.7500,171.7500,4818.0000,7151.5000,7151.5000
2009-05-05,"MA_Crossover(34,47)",4533.5000,4743.0000,1.0000,1.0000,-75.0000,-75.0000,4743.0000,7076.5000,7076.5000
2009-05-06,"MA_Crossover(34,47)",4747.5000,4957.0000,1.0000,1.0000,214.0000,214.0000,4957.0000,7290.5000,7290.5000
2009-05-07,"MA_Crossover(34,47)",4703.5000,4913.0000,1.0000,1.0000,-44.0000,-44.0000,4913.0000,7246.5000,7246.5000
2009-05-08,"MA_Crossover(34,47)",4670.0000,4879.5000,1.0000,1.0000,-33.5000,-33.5000,4879.5000,7213.0000,7213.0000
2009-05-11,"MA_Crossover(34,47)",4544.5000,4754.0000,1.0000,1.0000,-125.5000,-125.5000,4754.0000,7087.5000,7087.5000
2009-05-12,"MA_Crossover(34,47)",4576.2500,4785.7500,1.0000,1.0000,31.7500,31.7500,4785.7500,7119.2500,7119.2500
2009-05-13,"MA_Crossover(34,47)",4428.2500,4637.7500,1.0000,1.0000,-148.0000,-148.0000,4637.7500,6971.2500,6971.2500
2009-05-14,"MA_Crossover(34,47)",4441.0000,4650.5000,1.0000,1.0000,12.7500,12.7500,4650.5000,6984.0000,6984.0000
2009-05-15,"MA_Crossover(34,47)",4447.0000,4656.5000,1.0000,1.0000,6.0000,6.0000,4656.5000,6990.0000,6990.0000
2009-05-18,"MA_Crossover(34,47)",4508.5000,4718.0000,1.0000,1.0000,61.5000,61.5000,4718.0000,7051.5000,7051.5000
2009-05-19,"MA_Crossover(34,47)",4521.0000,4730.0000,1.0000,1.0000,12.0000,12.0000,4730.0000,7063.5000,7063.5000
2009-05-20,"MA_Crossover(34,47)",4630.0000,4840.0000,1.0000,1.0000,110.0000,110.0000,4840.0000,7173.5000,7173.5000
2009-05-21,"MA_Crossover(34,47)",4460.2500,4670.2500,1.0000,1.0000,-169.7500,-169.7500,4670.2500,7003.7500,7003.7500
2009-05-22,"MA_Crossover(34,47)",4607.5000,4809.5000,1.0000,1.0000,139.2500,139.2500,4809.5000,7143.0000,7143.0000
2009-05-26,"MA_Crossover(34,47)",4662.0000,4864.0000,1.0000,1.0000,54.5000,54.5000,4864.0000,7197.5000,7197.5000
2009-05-27,"MA_Crossover(34,47)",4660.5000,4862.5000,1.0000,1.0000,-1.5000,-1.5000,4862.5000,7196.0000,7196.0000
2009-05-28,"MA_Crossover(34,47)",4740.5000,4942.5000,1.0000,1.0000,80.0000,80.0000,4942.5000,7276.0000,7276.0000
2009-05-29,"MA_Crossover(34,47)",4819.0000,5021.0000,1.0000,1.0000,78.5000,78.5000,5021.0000,7354.5000,7354.5000
2009-06-01,"MA_Crossover(34,47)",5063.2500,5265.2500,1.0000,1.0000,244.2500,244.2500,5265.2500,7598.7500,7598.7500
2009-06-02,"MA_Crossover(34,47)",5036.0000,5238.0000,1.0000,1.0000,-27.2500,-27.2500,5238.0000,7571.5000,7571.5000
2009-06-03,"MA_Crossover(34,47)",4904.5000,5106.5000,1.0000,1.0000,-131.5000,-131.5000,5106.5000,7440.0000,7440.0000
2009-06-04,"MA_Crossover(34,47)",5008.2500,5210.2500,1.0000,1.0000,103.7500,103.7500,5210.2500,7543.7500,7543.7500
2009-06-05,"MA_Crossover(34,47)",4963.0000,5165.0000,1.0000,1.0000,-45.2500,-45.2500,5165.0000,7498.5000,7498.5000
2009-06-08,"MA_Crossover(34,47)",4963.5000,5165.5000,1.0000,1.0000,0.5000,0.5000,5165.5000,7499.0000,7499.0000
2009-06-09,"MA_Crossover(34,47)",5153.0000,5355.0000,1.0000,1.0000,189.5000,189.5000,5355.0000,7688.5000,7688.5000
2009-06-10,"MA_Crossover(34,47)",5150.2500,5352.2500,1.0000,1.0000,-2.7500,-2.7500,5352.2500,7685.7500,7685.7500
2009-06-11,"MA_Crossover(34,47)",5355.2500,5557.2500,1.0000,1.0000,205.0000,205.0000,5557.2500,7890.7500,7890.7500
2009-06-12,"MA_Crossover(34,47)",5212.5000,5414.5000,1.0000,1.0000,-142.7500,-142.7500,5414.5000,7748.0000,7748.0000
2009-06-15,"MA_Crossover(34,47)",4981.5000,5183.5000,1.0000,1.0000,-231.0000,-231.0000,5183.5000,7517.0000,7517.0000
2009-06-16,"MA_Crossover(34,47)",4966.2500,5164.2500,1.0000,1.0000,-19.2500,-19.2500,5164.2500,7497.7500,7497.7500
2009-06-17,"MA_Crossover(34,47)",4946.5000,5144.2500,1.0000,1.0000,-20.0000,-20.0000,5144.2500,7477.7500,7477.7500
2009-06-18,"MA_Crossover(34,47)",4956.5000,5154.2500,1.0000,1.0000,10.0000,10.0000,5154.2500,7487.7500,7487.7500
2009-06-19,"MA_Crossover(34,47)",5017.5000,5208.7500,1.0000,1.0000,54.5000,54.5000,5208.7500,7542.2500,7542.2500
2009-06-22,"MA_Crossover(34,47)",4747.0000,4938.2500,1.0000,1.0000,-270.5000,-270.5000,4938.2500,7271.7500,7271.7500
2009-06-23,"MA_Crossover(34,47)",4790.2500,4981.5000,1.0000,1.0000,43.2500,43.2500,4981.5000,7315.0000,7315.0000
2009-06-24,"MA_Crossover(34,47)",5041.5000,5232.7500,1.0000,1.0000,251.2500,251.2500,5232.7500,7566.2500,7566.2500
2009-06-25,"MA_Crossover(34,47)",5121.0000,5312.2500,1.0000,1.0000,79.5000,79.5000,5312.2500,7645.7500,7645.7500
2009-06-26,"MA_Crossover(34,47)",5024.0000,5215.2500,1.0000,1.0000,-97.0000,-97.0000,5215.2500,7548.7500,7548.7500
2009-06-29,"MA_Crossover(34,47)",5087.0000,5278.2500,1.0000,1.0000,63.0000,63.0000,5278.2500,7611.7500,7611.7500
2009-06-30,"MA_Crossover(34,47)",4954.0000,5145.2500,1.0000,1.0000,-133.0000,-133.0000,5145.2500,7478.7500,7478.7500
2009-07-01,"MA_Crossover(34,47)",5078.0000,5269.2500,1.0000,1.0000,124.0000,124.0000,5269.2500,7602.7500,7602.7500
2009-07-02,"MA_Crossover(34,47)",5023.2500,5214.5000,1.0000,1.0000,-54.7500,-54.7500,5214.5000,7548.0000,7548.0000
2009-07-03,"MA_Crossover(34,47)",4970.0000,5161.2500,1.0000,1.0000,-53.2500,-53.2500,5161.2500,7494.7500,7494.7500
2009-07-06,"MA_Crossover(34,47)",4958.5000,5149.7500,1.0000,1.0000,-11.5000,-11.5000,5149.7500,7483.2500,7483.2500
2009-07-07,"MA_Crossover(34,47)",4869.5000,5060.7500,1.0000,1.0000,-89.0000,-89.0000,5060.7500,7394.2500,7394.2500
2009-07-08,"MA_Crossover(34,47)",4713.0000,4904.2500,1.0000,1.0000,-156.5000,-156.5000,4904.2500,7237.7500,7237.7500
2009-07-09,"MA_Crossover(34,47)",4884.5000,5075.7500,1.0000,1.0000,171.5000,171.5000,5075.7500,7409.2500,7409.2500
2009-07-10,"MA_Crossover(34,47)",4857.0000,5048.2500,1.0000,1.0000,-27.5000,-27.5000,5048.2500,7381.7500,7381.7500
2009-07-13,"MA_Crossover(34,47)",4898.5000,5089.7500,1.0000,1.0000,41.5000,41.5000,5089.7500,7423.2500,7423.2500
2009-07-14,"MA_Crossover(34,47)",5044.0000,5244.2500,1.0000,1.0000,154.5000,154.5000,5244.2500,7577.7500,7577.7500
2009-07-15,"MA_Crossover(34,47)",5256.5000,5458.7500,1.0000,1.0000,214.5000,214.5000,5458.7500,7792.2500,7792.2500
2009-07-16,"MA_Crossover(34,47)",5256.5000,5458.2500,1.0000,1.0000,-0.5000,-0.5000,5458.2500,7791.7500,7791.7500
2009-07-17,"MA_Crossover(34,47)",5306.5000,5505.2500,1.0000,1.0000,47.0000,47.0000,5505.2500,7838.7500,7838.7500
2009-07-20,"MA_Crossover(34,47)",5342.7500,5541.5000,1.0000,1.0000,36.2500,36.2500,5541.5000,7875.0000,7875.0000
2009-07-21,"MA_Crossover(34,47)",5390.5000,5589.2500,1.0000,1.0000,47.7500,47.7500,5589.2500,7922.7500,7922.7500
2009-07-22,"MA_Crossover(34,47)",5494.0000,5692.7500,1.0000,1.0000,103.5000,103.5000,5692.7500,8026.2500,8026.2500
2009-07-23,"MA_Crossover(34,47)",5530.5000,5729.2500,1.0000,1.0000,36.5000,36.5000,5729.2500,8062.7500,8062.7500
2009-07-24,"MA_Crossover(34,47)",5524.0000,5722.7500,1.0000,1.0000,-6.5000,-6.5000,5722.7500,8056.2500,8056.2500
2009-07-27,"MA_Crossover(34,47)",5602.0000,5800.7500,1.0000,1.0000,78.0000,78.0000,5800.7500,8134.2500,8134.2500
2009-07-28,"MA_Crossover(34,47)",5525.0000,5723.7500,1.0000,1.0000,-77.0000,-77.0000,5723.7500,8057.2500,8057.2500
2009-07-29,"MA_Crossover(34,47)",5415.0000,5613.7500,1.0000,1.0000,-110.0000,-110.0000,5613.7500,7947.2500,7947.2500
2009-07-30,"MA_Crossover(34,47)",5610.0000,5808.7500,1.0000,1.0000,195.0000,195.0000,5808.7500,8142.2500,8142.2500
2009-07-31,"MA_Crossover(34,47)",5724.0000,5922.7500,1.0000,1.0000,114.0000,114.0000,5922.7500,8256.2500,8256.2500
2009-08-03,"MA_Crossover(34,47)",6006.0000,6204.7500,1.0000,1.0000,282.0000,282.0000,6204.7500,8538.2500,8538.2500
2009-08-04,"MA_Crossover(34,47)",6051.0000,6249.7500,1.0000,1.0000,45.0000,45.0000,6249.7500,8583.2500,8583.2500
2009-08-05,"MA_Crossover(34,47)",6201.0000,6399.7500,1.0000,1.0000,150.0000,150.0000,6399.7500,8733.2500,8733.2500
2009-08-06,"MA_Crossover(34,47)",6022.5000,6221.2500,1.0000,1.0000,-178.5000,-178.5000,6221.2500,8554.7500,8554.7500
2009-08-07,"MA_Crossover(34,47)",6146.0000,6344.7500,1.0000,1.0000,123.5000,123.5000,6344.7500,8678.2500,8678.2500
2009-08-10,"MA_Crossover(34,47)",6130.0000,6328.7500,1.0000,1.0000,-16.0000,-16.0000,6328.7500,8662.2500,8662.2500
2009-08-11,"MA_Crossover(34,47)",6034.5000,6233.2500,1.0000,1.0000,-95.5000,-95.5000,6233.2500,8566.7500,8566.7500
2009-08-12,"MA_Crossover(34,47)",6193.0000,6391.7500,1.0000,1.0000,158.5000,158.5000,6391.7500,8725.2500,8725.2500
2009-08-13,"MA_Crossover(34,47)",6384.5000,6583.2500,1.0000,1.0000,191.5000,191.5000,6583.2500,8916.7500,8916.7500
2009-08-14,"MA_Crossover(34,47)",6252.5000,6451.2500,1.0000,1.0000,-132.0000,-132.0000,6451.2500,8784.7500,8784.7500
2009-08-17,"MA_Crossover(34,47)",6054.5000,6253.2500,1.0000,1.0000,-198.0000,-198.0000,6253.2500,8586.7500,8586.7500
2009-08-18,"MA_Crossover(34,47)",6088.0000,6281.7500,1.0000,1.0000,28.5000,28.5000,6281.7500,8615.2500,8615.2500
2009-08-19,"MA_Crossover(34,47)",5989.0000,6182.7500,1.0000,1.0000,-99.0000,-99.0000,6182.7500,8516.2500,8516.2500
2009-08-20,"MA_Crossover(34,47)",6057.5000,6251.2500,1.0000,1.0000,68.5000,68.5000,6251.2500,8584.7500,8584.7500
2009-08-21,"MA_Crossover(34,47)",6277.5000,6474.2500,1.0000,1.0000,223.0000,223.0000,6474.2500,8807.7500,8807.7500
2009-08-24,"MA_Crossover(34,47)",6429.5000,6626.2500,1.0000,1.0000,152.0000,152.0000,6626.2500,8959.7500,8959.7500
2009-08-25,"MA_Crossover(34,47)",6309.5000,6506.2500,1.0000,1.0000,-120.0000,-120.0000,6506.2500,8839.7500,8839.7500
2009-08-26,"MA_Crossover(34,47)",6287.0000,6483.7500,1.0000,1.0000,-22.5000,-22.5000,6483.7500,8817.2500,8817.2500
2009-08-27,"MA_Crossover(34,47)",6265.0000,6461.7500,1.0000,1.0000,-22.0000,-22.0000,6461.7500,8795.2500,8795.2500
2009-08-28,"MA_Crossover(34,47)",6470.5000,6667.2500,1.0000,1.0000,205.5000,205.5000,6667.2500,9000.7500,9000.7500
2009-09-01,"MA_Crossover(34,47)",6193.5000,6390.2500,1.0000,1.0000,-277.0000,-277.0000,6390.2500,8723.7500,8723.7500
2009-09-02,"MA_Crossover(34,47)",6165.5000,6362.2500,1.0000,1.0000,-28.0000,-28.0000,6362.2500,8695.7500,8695.7500
2009-09-03,"MA_Crossover(34,47)",6247.0000,6443.7500,1.0000,1.0000,81.5000,81.5000,6443.7500,8777.2500,8777.2500
2009-09-04,"MA_Crossover(34,47)",6267.5000,6464.2500,1.0000,1.0000,20.5000,20.5000,6464.2500,8797.7500,8797.7500
2009-09-07,"MA_Crossover(34,47)",6317.5000,6514.2500,1.0000,1.0000,50.0000,50.0000,6514.2500,8847.7500,8847.7500
2009-09-08,"MA_Crossover(34,47)",6467.2500,6664.0000,1.0000,1.0000,149.7500,149.7500,6664.0000,8997.5000,8997.5000
2009-09-09,"MA_Crossover(34,47)",6402.5000,6599.2500,1.0000,1.0000,-64.7500,-64.7500,6599.2500,8932.7500,8932.7500
2009-09-10,"MA_Crossover(34,47)",6279.0000,6475.7500,1.0000,1.0000,-123.5000,-123.5000,6475.7500,8809.2500,8809.2500
2009-09-11,"MA_Crossover(34,47)",6235.5000,6432.2500,1.0000,1.0000,-43.5000,-43.5000,6432.2500,8765.7500,8765.7500
2009-09-14,"MA_Crossover(34,47)",6123.7500,6320.5000,1.0000,1.0000,-111.7500,-111.7500,6320.5000,8654.0000,8654.0000
2009-09-15,"MA_Crossover(34,47)",6195.5000,6392.0000,1.0000,1.0000,71.5000,71.5000,6392.0000,8725.5000,8725.5000
2009-09-16,"MA_Crossover(34,47)",6412.0000,6607.5000,1.0000,1.0000,215.5000,215.5000,6607.5000,8941.0000,8941.0000
2009-09-17,"MA_Crossover(34,47)",6374.7500,6570.7500,1.0000,1.0000,-36.7500,-36.7500,6570.7500,8904.2500,8904.2500
2009-09-18,"MA_Crossover(34,47)",6163.7500,6353.7500,1.0000,1.0000,-217.0000,-217.0000,6353.7500,8687.2500,8687.2500
2009-09-21,"MA_Crossover(34,47)",6179.2500,6369.2500,1.0000,1.0000,15.5000,15.5000,6369.2500,8702.7500,8702.7500
2009-09-22,"MA_Crossover(34,47)",6261.0000,6451.0000,1.0000,1.0000,81.7500,81.7500,6451.0000,8784.5000,8784.5000
2009-09-23,"MA_Crossover(34,47)",6118.7500,6308.7500,1.0000,1.0000,-142.2500,-142.2500,6308.7500,8642.2500,8642.2500
2009-09-24,"MA_Crossover(34,47)",5952.5000,6142.5000,1.0000,1.0000,-166.2500,-166.2500,6142.5000,8476.0000,8476.0000
2009-09-25,"MA_Crossover(34,47)",5983.0000,6173.0000,1.0000,1.0000,30.5000,30.5000,6173.0000,8506.5000,8506.5000
2009-09-28,"MA_Crossover(34,47)",6003.0000,6193.0000,1.0000,1.0000,20.0000,20.0000,6193.0000,8526.5000,8526.5000
2009-09-29,"MA_Crossover(34,47)",5969.0000,6159.0000,1.0000,1.0000,-34.0000,-34.0000,6159.0000,8492.5000,8492.5000
2009-09-30,"MA_Crossover(34,47)",6153.5000,6343.5000,1.0000,1.0000,184.5000,184.5000,6343.5000,8677.0000,8677.0000
2009-10-01,"MA_Crossover(34,47)",5974.5000,6164.5000,1.0000,1.0000,-179.0000,-179.0000,6164.5000,8498.0000,8498.0000
2009-10-02,"MA_Crossover(34,47)",5865.7500,6055.7500,1.0000,1.0000,-108.7500,-108.7500,6055.7500,8389.2500,8389.2500
2009-10-05,"MA_Crossover(34,47)",5905.7500,6095.7500,1.0000,1.0000,40.0000,40.0000,6095.7500,8429.2500,8429.2500
2009-10-06,"MA_Crossover(34,47)",6101.0000,6291.0000,1.0000,1.0000,195.2500,195.2500,6291.0000,8624.5000,8624.5000
2009-10-07,"MA_Crossover(34,47)",6079.0000,6269.0000,1.0000,1.0000,-22.0000,-22.0000,6269.0000,8602.5000,8602.5000
2009-10-08,"MA_Crossover(34,47)",6315.2500,6505.2500,1.0000,1.0000,236.2500,236.2500,6505.2500,8838.7500,8838.7500
2009-10-09,"MA_Crossover(34,47)",6219.5000,6409.5000,1.0000,1.0000,-95.7500,-95.7500,6409.5000,8743.0000,8743.0000
2009-10-12,"MA_Crossover(34,47)",6263.0000,6453.0000,1.0000,1.0000,43.5000,43.5000,6453.0000,8786.5000,8786.5000
2009-10-13,"MA_Crossover(34,47)",6122.5000,6312.5000,1.0000,1.0000,-140.5000,-140.5000,6312.5000,8646.0000,8646.0000
2009-10-14,"MA_Crossover(34,47)",6203.0000,6393.0000,-1.0000,1.0000,80.5000,80.5000,6393.0000,8726.5000,8726.5000
2009-10-15,"MA_Crossover(34,47)",6269.7500,6459.7500,-1.0000,-1.0000,66.7500,-66.7500,-6459.7500,8659.7500,8659.7500
2009-10-16,"MA_Crossover(34,47)",6210.5000,6400.5000,-1.0000,-1.0000,-59.2500,59.2500,-6400.5000,8719.0000,8719.0000
2009-10-19,"MA_Crossover(34,47)",6453.0000,6643.0000,-1.0000,-1.0000,242.5000,-242.5000,-6643.0000,8476.5000,8476.5000
2009-10-20,"MA_Crossover(34,47)",6404.0000,6594.0000,-1.0000,-1.0000,-49.0000,49.0000,-6594.0000,8525.5000,8525.5000
2009-10-21,"MA_Crossover(34,47)",6576.2500,6767.5000,-1.0000,-1.0000,173.5000,-173.5000,-6767.5000,8352.0000,8352.0000
2009-10-22,"MA_Crossover(34,47)",6576.5000,6767.5000,-1.0000,-1.0000,0.0000,-0.0000,-6767.5000,8352.0000,8352.0000
2009-10-23,"MA_Crossover(34,47)",6635.2500,6819.2500,-1.0000,-1.0000,51.7500,-51.7500,-6819.2500,8300.2500,8300.2500
2009-10-26,"MA_Crossover(34,47)",6595.0000,6779.0000,-1.0000,-1.0000,-40.2500,40.2500,-6779.0000,8340.5000,8340.5000
2009-10-27,"MA_Crossover(34,47)",6564.0000,6748.0000,-1.0000,-1.0000,-31.0000,31.0000,-6748.0000,8371.5000,8371.5000
2009-10-28,"MA_Crossover(34,47)",6413.5000,6597.5000,-1.0000,-1.0000,-150.5000,150.5000,-6597.5000,8522.0000,8522.0000
2009-10-29,"MA_Crossover(34,47)",6648.0000,6832.0000,-1.0000,-1.0000,234.5000,-234.5000,-6832.0000,8287.5000,8287.5000
2009-10-30,"MA_Crossover(34,47)",6463.2500,6647.2500,-1.0000,-1.0000,-184.7500,184.7500,-6647.2500,8472.2500,8472.2500
2009-11-02,"MA_Crossover(34,47)",6537.5000,6721.5000,-1.0000,-1.0000,74.2500,-74.2500,-6721.5000,8398.0000,8398.0000
2009-11-03,"MA_Crossover(34,47)",6442.2500,6626.2500,-1.0000,-1.0000,-95.2500,95.2500,-6626.2500,8493.2500,8493.2500
2009-11-04,"MA_Crossover(34,47)",6557.5000,6741.5000,-1.0000,-1.0000,115.2500,-115.2500,-6741.5000,8378.0000,8378.0000
2009-11-05,"MA_Crossover(34,47)",6514.7500,6698.7500,-1.0000,-1.0000,-42.7500,42.7500,-6698.7500,8420.7500,8420.7500
2009-11-06,"MA_Crossover(34,47)",6473.2500,6657.2500,1.0000,-1.0000,-41.5000,41.5000,-6657.2500,8462.2500,8462.2500
2009-11-09,"MA_Crossover(34,47)",6519.7500,6703.7500,1.0000,1.0000,46.5000,46.5000,6703.7500,8508.7500,8508.7500
2009-11-10,"MA_Crossover(34,47)",6509.5000,6693.5000,1.0000,1.0000,-10.2500,-10.2500,6693.5000,8498.5000,8498.5000
2009-11-11,"MA_Crossover(34,47)",6518.5000,6702.5000,1.0000,1.0000,9.0000,9.0000,6702.5000,8507.5000,8507.5000
2009-11-12,"MA_Crossover(34,47)",6481.2500,6665.2500,1.0000,1.0000,-37.2500,-37.2500,6665.2500,8470.2500,8470.2500
2009-11-13,"MA_Crossover(34,47)",6501.0000,6685.0000,1.0000,1.0000,19.7500,19.7500,6685.0000,8490.0000,8490.0000
2009-11-16,"MA_Crossover(34,47)",6830.7500,7014.7500,1.0000,1.0000,329.7500,329.7500,7014.7500,8819.7500,8819.7500
2009-11-17,"MA_Crossover(34,47)",6808.5000,7001.5000,1.0000,1.0000,-13.2500,-13.2500,7001.5000,8806.5000,8806.5000
2009-11-18,"MA_Crossover(34,47)",6861.5000,7055.0000,1.0000,1.0000,53.5000,53.5000,7055.0000,8860.0000,8860.0000
2009-11-19,"MA_Crossover(34,47)",6774.7500,6968.7500,1.0000,1.0000,-86.2500,-86.2500,6968.7500,8773.7500,8773.7500
2009-11-20,"MA_Crossover(34,47)",6824.7500,7006.7500,1.0000,1.0000,38.0000,38.0000,7006.7500,8811.7500,8811.7500
2009-11-23,"MA_Crossover(34,47)",6924.0000,7106.0000,1.0000,1.0000,99.2500,99.2500,7106.0000,8911.0000,8911.0000
2009-11-24,"MA_Crossover(34,47)",6845.0000,7027.0000,1.0000,1.0000,-79.0000,-79.0000,7027.0000,8832.0000,8832.0000
2009-11-25,"MA_Crossover(34,47)",6959.7500,7141.7500,1.0000,1.0000,114.7500,114.7500,7141.7500,8946.7500,8946.7500
2009-11-26,"MA_Crossover(34,47)",6795.0000,6977.0000,1.0000,1.0000,-164.7500,-164.7500,6977.0000,8782.0000,8782.0000
2009-11-27,"MA_Crossover(34,47)",6829.0000,7011.0000,1.0000,1.0000,34.0000,34.0000,7011.0000,8816.0000,8816.0000
2009-11-30,"MA_Crossover(34,47)",6904.7500,7086.7500,1.0000,1.0000,75.7500,75.7500,7086.7500,8891.7500,8891.7500
2009-12-01,"MA_Crossover(34,47)",7050.0000,7232.0000,1.0000,1.0000,145.2500,145.2500,7232.0000,9037.0000,9037.0000
2009-12-02,"MA_Crossover(34,47)",7096.2500,7278.2500,1.0000,1.0000,46.2500,46.2500,7278.2500,9083.2500,9083.2500
2009-12-03,"MA_Crossover(34,47)",7049.7500,7231.7500,1.0000,1.0000,-46.5000,-46.5000,7231.7500,9036.7500,9036.7500
2009-12-04,"MA_Crossover(34,47)",7007.5000,7189.5000,1.0000,1.0000,-42.2500,-42.2500,7189.5000,8994.5000,8994.5000
2009-12-07,"MA_Crossover(34,47)",6962.5000,7144.5000,1.0000,1.0000,-45.0000,-45.0000,7144.5000,8949.5000,8949.5000
2009-12-08,"MA_Crossover(34,47)",6939.0000,7121.0000,1.0000,1.0000,-23.5000,-23.5000,7121.0000,8926.0000,8926.0000
2009-12-09,"MA_Crossover(34,47)",6907.5000,7089.5000,1.0000,1.0000,-31.5000,-31.5000,7089.5000,8894.5000,8894.5000
2009-12-10,"MA_Crossover(34,47)",6771.5000,6953.5000,1.0000,1.0000,-136.0000,-136.0000,6953.5000,8758.5000,8758.5000
2009-12-11,"MA_Crossover(34,47)",6796.5000,6978.5000,1.0000,1.0000,25.0000,25.0000,6978.5000,8783.5000,8783.5000
2009-12-14,"MA_Crossover(34,47)",6872.0000,7054.0000,1.0000,1.0000,75.5000,75.5000,7054.0000,8859.0000,8859.0000
2009-12-15,"MA_Crossover(34,47)",6874.2500,7048.2500,1.0000,1.0000,-5.7500,-5.7500,7048.2500,8853.2500,8853.2500
2009-12-16,"MA_Crossover(34,47)",7018.0000,7191.7500,1.0000,1.0000,143.5000,143.5000,7191.7500,8996.7500,8996.7500
2009-12-17,"MA_Crossover(34,47)",6848.0000,7022.0000,1.0000,1.0000,-169.7500,-169.7500,7022.0000,8827.0000,8827.0000
2009-12-18,"MA_Crossover(34,47)",6822.0000,6984.0000,1.0000,1.0000,-38.0000,-38.0000,6984.0000,8789.0000,8789.0000
2009-12-21,"MA_Crossover(34,47)",6912.7500,7074.7500,1.0000,1.0000,90.7500,90.7500,7074.7500,8879.7500,8879.7500
2009-12-22,"MA_Crossover(34,47)",6859.5000,7021.5000,1.0000,1.0000,-53.2500,-53.2500,7021.5000,8826.5000,8826.5000
2009-12-23,"MA_Crossover(34,47)",6980.2500,7142.2500,1.0000,1.0000,120.7500,120.7500,7142.2500,8947.2500,8947.2500
2009-12-24,"MA_Crossover(34,47)",7051.0000,7213.0000,1.0000,1.0000,70.7500,70.7500,7213.0000,9018.0000,9018.0000
2009-12-29,"MA_Crossover(34,47)",7251.7500,7413.7500,1.0000,1.0000,200.7500,200.7500,7413.7500,9218.7500,9218.7500
2009-12-30,"MA_Crossover(34,47)",7305.5000,7467.5000,1.0000,1.0000,53.7500,53.7500,7467.5000,9272.5000,9272.5000
2009-12-31,"MA_Crossover(34,47)",7351.5000,7513.5000,1.0000,1.0000,46.0000,46.0000,7513.5000,9318.5000,9318.5000
2010-01-04,"MA_Crossover(34,47)",7475.2500,7637.2500,1.0000,1.0000,123.7500,123.7500,7637.2500,9442.2500,9442.2500
2010-01-05,"MA_Crossover(34,47)",7458.7500,7620.7500,1.0000,1.0000,-16.5000,-16.5000,7620.7500,9425.7500,9425.7500
2010-01-06,"MA_Crossover(34,47)",7638.0000,7800.0000,1.0000,1.0000,179.2500,179.2500,7800.0000,9605.0000,9605.0000
2010-01-07,"MA_Crossover(34,47)",7511.2500,7673.2500,1.0000,1.0000,-126.7500,-126.7500,7673.2500,9478.2500,9478.2500
2010-01-08,"MA_Crossover(34,47)",7437.5000,7599.5000,1.0000,1.0000,-73.7500,-73.7500,7599.5000,9404.5000,9404.5000
2010-01-11,"MA_Crossover(34,47)",7542.0000,7704.0000,1.0000,1.0000,104.5000,104.5000,7704.0000,9509.0000,9509.0000
2010-01-12,"MA_Crossover(34,47)",7430.5000,7592.5000,1.0000,1.0000,-111.5000,-111.5000,7592.5000,9397.5000,9397.5000
2010-01-13,"MA_Crossover(34,47)",7462.0000,7624.0000,1.0000,1.0000,31.5000,31.5000,7624.0000,9429.0000,9429.0000
2010-01-14,"MA_Crossover(34,47)",7466.2500,7628.2500,1.0000,1.0000,4.2500,4.2500,7628.2500,9433.2500,9433.2500
2010-01-15,"MA_Crossover(34,47)",7403.2500,7565.2500,1.0000,1.0000,-63.0000,-63.0000,7565.2500,9370.2500,9370.2500
2010-01-18,"MA_Crossover(34,47)",7474.2500,7636.2500,1.0000,1.0000,71.0000,71.0000,7636.2500,9441.2500,9441.2500
2010-01-19,"MA_Crossover(34,47)",7529.7500,7689.2500,1.0000,1.0000,53.0000,53.0000,7689.2500,9494.2500,9494.2500
2010-01-20,"MA_Crossover(34,47)",7359.2500,7518.5000,1.0000,1.0000,-170.7500,-170.7500,7518.5000,9323.5000,9323.5000
2010-01-21,"MA_Crossover(34,47)",7259.2500,7418.2500,1.0000,1.0000,-100.2500,-100.2500,7418.2500,9223.2500,9223.2500
2010-01-22,"MA_Crossover(34,47)",7375.7500,7526.7500,1.0000,1.0000,108.5000,108.5000,7526.7500,9331.7500,9331.7500
2010-01-25,"MA_Crossover(34,47)",7450.2500,7601.2500,1.0000,1.0000,74.5000,74.5000,7601.2500,9406.2500,9406.2500
2010-01-26,"MA_Crossover(34,47)",7366.0000,7517.0000,1.0000,1.0000,-84.2500,-84.2500,7517.0000,9322.0000,9322.0000
2010-01-27,"MA_Crossover(34,47)",7214.7500,7365.7500,1.0000,1.0000,-151.2500,-151.2500,7365.7500,9170.7500,9170.7500
2010-01-28,"MA_Crossover(34,47)",6883.5000,7034.5000,1.0000,1.0000,-331.2500,-331.2500,7034.5000,8839.5000,8839.5000
2010-01-29,"MA_Crossover(34,47)",6730.2500,6881.2500,1.0000,1.0000,-153.2500,-153.2500,6881.2500,8686.2500,8686.2500
2010-02-01,"MA_Crossover(34,47)",6774.7500,6925.7500,1.0000,1.0000,44.5000,44.5000,6925.7500,8730.7500,8730.7500
2010-02-02,"MA_Crossover(34,47)",6800.0000,6951.0000,1.0000,1.0000,25.2500,25.2500,6951.0000,8756.0000,8756.0000
2010-02-03,"MA_Crossover(34,47)",6572.5000,6723.5000,1.0000,1.0000,-227.5000,-227.5000,6723.5000,8528.5000,8528.5000
2010-02-04,"MA_Crossover(34,47)",6371.0000,6522.0000,1.0000,1.0000,-201.5000,-201.5000,6522.0000,8327.0000,8327.0000
2010-02-05,"MA_Crossover(34,47)",6262.5000,6413.5000,1.0000,1.0000,-108.5000,-108.5000,6413.5000,8218.5000,8218.5000
2010-02-08,"MA_Crossover(34,47)",6430.5000,6581.5000,1.0000,1.0000,168.0000,168.0000,6581.5000,8386.5000,8386.5000
2010-02-09,"MA_Crossover(34,47)",6570.5000,6721.5000,1.0000,1.0000,140.0000,140.0000,6721.5000,8526.5000,8526.5000
2010-02-10,"MA_Crossover(34,47)",6515.5000,6666.5000,1.0000,1.0000,-55.0000,-55.0000,6666.5000,8471.5000,8471.5000
2010-02-11,"MA_Crossover(34,47)",6922.0000,7073.0000,1.0000,1.0000,406.5000,406.5000,7073.0000,8878.0000,8878.0000
2010-02-12,"MA_Crossover(34,47)",6795.7500,6946.7500,1.0000,1.0000,-126.2500,-126.2500,6946.7500,8751.7500,8751.7500
2010-02-15,"MA_Crossover(34,47)",6846.7500,6997.7500,1.0000,1.0000,51.0000,51.0000,6997.7500,8802.7500,8802.7500
2010-02-16,"MA_Crossover(34,47)",7130.0000,7282.5000,1.0000,1.0000,284.7500,284.7500,7282.5000,9087.5000,9087.5000
2010-02-17,"MA_Crossover(34,47)",7113.5000,7267.0000,1.0000,1.0000,-15.5000,-15.5000,7267.0000,9072.0000,9072.0000
2010-02-18,"MA_Crossover(34,47)",7248.5000,7402.0000,1.0000,1.0000,135.0000,135.0000,7402.0000,9207.0000,9207.0000
2010-02-19,"MA_Crossover(34,47)",7416.5000,7560.5000,1.0000,1.0000,158.5000,158.5000,7560.5000,9365.5000,9365.5000
2010-02-22,"MA_Crossover(34,47)",7313.5000,7457.5000,1.0000,1.0000,-103.0000,-103.0000,7457.5000,9262.5000,9262.5000
2010-02-23,"MA_Crossover(34,47)",7114.0000,7258.0000,-1.0000,1.0000,-199.5000,-199.5000,7258.0000,9063.0000,9063.0000
2010-02-24,"MA_Crossover(34,47)",7134.0000,7278.0000,-1.0000,-1.0000,20.0000,-20.0000,-7278.0000,9043.0000,9043.0000
2010-02-25,"MA_Crossover(34,47)",6979.0000,7123.0000,-1.0000,-1.0000,-155.0000,155.0000,-7123.0000,9198.0000,9198.0000
2010-02-26,"MA_Crossover(34,47)",7175.0000,7319.0000,-1.0000,-1.0000,196.0000,-196.0000,-7319.0000,9002.0000,9002.0000
2010-03-01,"MA_Crossover(34,47)",7377.0000,7521.0000,-1.0000,-1.0000,202.0000,-202.0000,-7521.0000,8800.0000,8800.0000
2010-03-02,"MA_Crossover(34,47)",7467.5000,7611.5000,-1.0000,-1.0000,90.5000,-90.5000,-7611.5000,8709.5000,8709.5000
2010-03-03,"MA_Crossover(34,47)",7555.7500,7699.7500,-1.0000,-1.0000,88.2500,-88.2500,-7699.7500,8621.2500,8621.2500
2010-03-04,"MA_Crossover(34,47)",7371.5000,7515.5000,-1.0000,-1.0000,-184.2500,184.2500,-7515.5000,8805.5000,8805.5000
2010-03-05,"MA_Crossover(34,47)",7519.5000,7663.5000,-1.0000,-1.0000,148.0000,-148.0000,-7663.5000,8657.5000,8657.5000
2010-03-08,"MA_Crossover(34,47)",7441.2500,7585.2500,-1.0000,-1.0000,-78.2500,78.2500,-7585.2500,8735.7500,8735.7500
2010-03-09,"MA_Crossover(34,47)",7479.0000,7623.0000,-1.0000,-1.0000,37.7500,-37.7500,-7623.0000,8698.0000,8698.0000
2010-03-10,"MA_Crossover(34,47)",7408.7500,7552.7500,-1.0000,-1.0000,-70.2500,70.2500,-7552.7500,8768.2500,8768.2500
2010-03-11,"MA_Crossover(34,47)",7432.0000,7576.0000,-1.0000,-1.0000,23.2500,-23.2500,-7576.0000,8745.0000,8745.0000
2010-03-12,"MA_Crossover(34,47)",7412.5000,7556.5000,-1.0000,-1.0000,-19.5000,19.5000,-7556.5000,8764.5000,8764.5000
2010-03-15,"MA_Crossover(34,47)",7271.5000,7415.5000,-1.0000,-1.0000,-141.0000,141.0000,-7415.5000,8905.5000,8905.5000
2010-03-16,"MA_Crossover(34,47)",7387.5000,7524.0000,-1.0000,-1.0000,108.5000,-108.5000,-7524.0000,8797.0000,8797.0000
2010-03-17,"MA_Crossover(34,47)",7516.5000,7653.0000,-1.0000,-1.0000,129.0000,-129.0000,-7653.0000,8668.0000,8668.0000
2010-03-18,"MA_Crossover(34,47)",7467.0000,7604.0000,-1.0000,-1.0000,-49.0000,49.0000,-7604.0000,8717.0000,8717.0000
2010-03-19,"MA_Crossover(34,47)",7414.0000,7541.0000,-1.0000,-1.0000,-63.0000,63.0000,-7541.0000,8780.0000,8780.0000
2010-03-22,"MA_Crossover(34,47)",7427.2500,7554.2500,-1.0000,-1.0000,13.2500,-13.2500,-7554.2500,8766.7500,8766.7500
2010-03-23,"MA_Crossover(34,47)",7417.2500,7544.2500,1.0000,-1.0000,-10.0000,10.0000,-7544.2500,8776.7500,8776.7500
2010-03-24,"MA_Crossover(34,47)",7348.2500,7475.2500,1.0000,1.0000,-69.0000,-69.0000,7475.2500,8707.7500,8707.7500
2010-03-25,"MA_Crossover(34,47)",7411.7500,7538.7500,1.0000,1.0000,63.5000,63.5000,7538.7500,8771.2500,8771.2500
2010-03-26,"MA_Crossover(34,47)",7491.7500,7618.7500,1.0000,1.0000,80.0000,80.0000,7618.7500,8851.2500,8851.2500
2010-03-29,"MA_Crossover(34,47)",7745.0000,7872.0000,1.0000,1.0000,253.2500,253.2500,7872.0000,9104.5000,9104.5000
2010-03-30,"MA_Crossover(34,47)",7826.0000,7953.0000,1.0000,1.0000,81.0000,81.0000,7953.0000,9185.5000,9185.5000
2010-03-31,"MA_Crossover(34,47)",7767.7500,7894.7500,1.0000,1.0000,-58.2500,-58.2500,7894.7500,9127.2500,9127.2500
2010-04-01,"MA_Crossover(34,47)",7863.0000,7990.0000,1.0000,1.0000,95.2500,95.2500,7990.0000,9222.5000,9222.5000
2010-04-06,"MA_Crossover(34,47)",7967.2500,8094.2500,1.0000,1.0000,104.2500,104.2500,8094.2500,9326.7500,9326.7500
2010-04-07,"MA_Crossover(34,47)",7921.2500,8048.2500,1.0000,1.0000,-46.0000,-46.0000,8048.2500,9280.7500,9280.7500
2010-04-08,"MA_Crossover(34,47)",7865.7500,7992.7500,1.0000,1.0000,-55.5000,-55.5000,7992.7500,9225.2500,9225.2500
2010-04-09,"MA_Crossover(34,47)",7897.0000,8024.0000,1.0000,1.0000,31.2500,31.2500,8024.0000,9256.5000,9256.5000
2010-04-12,"MA_Crossover(34,47)",7875.5000,8002.5000,1.0000,1.0000,-21.5000,-21.5000,8002.5000,9235.0000,9235.0000
2010-04-13,"MA_Crossover(34,47)",7870.2500,7997.2500,1.0000,1.0000,-5.2500,-5.2500,7997.2500,9229.7500,9229.7500
2010-04-14,"MA_Crossover(34,47)",7920.0000,8047.0000,1.0000,1.0000,49.7500,49.7500,8047.0000,9279.5000,9279.5000
2010-04-15,"MA_Crossover(34,47)",7914.5000,8041.5000,1.0000,1.0000,-5.5000,-5.5000,8041.5000,9274.0000,9274.0000
2010-04-16,"MA_Crossover(34,47)",7728.5000,7855.5000,1.0000,1.0000,-186.0000,-186.0000,7855.5000,9088.0000,9088.0000
2010-04-19,"MA_Crossover(34,47)",7663.0000,7790.0000,1.0000,1.0000,-65.5000,-65.5000,7790.0000,9022.5000,9022.5000
2010-04-20,"MA_Crossover(34,47)",7767.7500,7895.2500,1.0000,1.0000,105.2500,105.2500,7895.2500,9127.7500,9127.7500
2010-04-21,"MA_Crossover(34,47)",7735.0000,7862.7500,1.0000,1.0000,-32.5000,-32.5000,7862.7500,9095.2500,9095.2500
2010-04-22,"MA_Crossover(34,47)",7666.2500,7793.7500,1.0000,1.0000,-69.0000,-69.0000,7793.7500,9026.2500,9026.2500
2010-04-23,"MA_Crossover(34,47)",7725.0000,7840.7500,1.0000,1.0000,47.0000,47.0000,7840.7500,9073.2500,9073.2500
2010-04-26,"MA_Crossover(34,47)",7783.7500,7899.5000,1.0000,1.0000,58.7500,58.7500,7899.5000,9132.0000,9132.0000
2010-04-27,"MA_Crossover(34,47)",7463.2500,7579.0000,1.0000,1.0000,-320.5000,-320.5000,7579.0000,8811.5000,8811.5000
2010-04-28,"MA_Crossover(34,47)",7373.0000,7488.7500,1.0000,1.0000,-90.2500,-90.2500,7488.7500,8721.2500,8721.2500
2010-04-29,"MA_Crossover(34,47)",7328.0000,7443.7500,1.0000,1.0000,-45.0000,-45.0000,7443.7500,8676.2500,8676.2500
2010-04-30,"MA_Crossover(34,47)",7404.0000,7519.7500,1.0000,1.0000,76.0000,76.0000,7519.7500,8752.2500,8752.2500
2010-05-04,"MA_Crossover(34,47)",6996.0000,7111.7500,1.0000,1.0000,-408.0000,-408.0000,7111.7500,8344.2500,8344.2500
2010-05-05,"MA_Crossover(34,47)",6928.2500,7044.0000,1.0000,1.0000,-67.7500,-67.7500,7044.0000,8276.5000,8276.5000
2010-05-06,"MA_Crossover(34,47)",6917.2500,7033.0000,1.0000,1.0000,-11.0000,-11.0000,7033.0000,8265.5000,8265.5000
2010-05-07,"MA_Crossover(34,47)",6916.2500,7032.0000,1.0000,1.0000,-1.0000,-1.0000,7032.0000,8264.5000,8264.5000
2010-05-10,"MA_Crossover(34,47)",7089.7500,7205.5000,1.0000,1.0000,173.5000,173.5000,7205.5000,8438.0000,8438.0000
2010-05-11,"MA_Crossover(34,47)",7018.2500,7134.0000,1.0000,1.0000,-71.5000,-71.5000,7134.0000,8366.5000,8366.5000
2010-05-12,"MA_Crossover(34,47)",6992.7500,7108.5000,1.0000,1.0000,-25.5000,-25.5000,7108.5000,8341.0000,8341.0000
2010-05-13,"MA_Crossover(34,47)",7128.2500,7244.0000,1.0000,1.0000,135.5000,135.5000,7244.0000,8476.5000,8476.5000
2010-05-14,"MA_Crossover(34,47)",6894.5000,7010.2500,1.0000,1.0000,-233.7500,-233.7500,7010.2500,8242.7500,8242.7500
2010-05-17,"MA_Crossover(34,47)",6435.5000,6551.2500,1.0000,1.0000,-459.0000,-459.0000,6551.2500,7783.7500,7783.7500
2010-05-18,"MA_Crossover(34,47)",6673.0000,6789.7500,1.0000,1.0000,238.5000,238.5000,6789.7500,8022.2500,8022.2500
2010-05-19,"MA_Crossover(34,47)",6483.7500,6600.2500,-1.0000,1.0000,-189.5000,-189.5000,6600.2500,7832.7500,7832.7500
2010-05-20,"MA_Crossover(34,47)",6591.2500,6707.0000,-1.0000,-1.0000,106.7500,-106.7500,-6707.0000,7726.0000,7726.0000
2010-05-21,"MA_Crossover(34,47)",6830.5000,6934.0000,-1.0000,-1.0000,227.0000,-227.0000,-6934.0000,7499.0000,7499.0000
2010-05-24,"MA_Crossover(34,47)",6892.5000,6996.0000,-1.0000,-1.0000,62.0000,-62.0000,-6996.0000,7437.0000,7437.0000
2010-05-25,"MA_Crossover(34,47)",6710.0000,6813.5000,-1.0000,-1.0000,-182.5000,182.5000,-6813.5000,7619.5000,7619.5000
2010-05-26,"MA_Crossover(34,47)",6756.7500,6860.2500,-1.0000,-1.0000,46.7500,-46.7500,-6860.2500,7572.7500,7572.7500
2010-05-27,"MA_Crossover(34,47)",6961.7500,7065.2500,-1.0000,-1.0000,205.0000,-205.0000,-7065.2500,7367.7500,7367.7500
2010-05-28,"MA_Crossover(34,47)",6917.0000,7020.5000,-1.0000,-1.0000,-44.7500,44.7500,-7020.5000,7412.5000,7412.5000
2010-06-01,"MA_Crossover(34,47)",6724.2500,6827.7500,-1.0000,-1.0000,-192.7500,192.7500,-6827.7500,7605.2500,7605.2500
2010-06-02,"MA_Crossover(34,47)",6641.7500,6745.2500,-1.0000,-1.0000,-82.5000,82.5000,-6745.2500,7687.7500,7687.7500
2010-06-03,"MA_Crossover(34,47)",6497.0000,6600.5000,-1.0000,-1.0000,-144.7500,144.7500,-6600.5000,7832.5000,7832.5000
2010-06-04,"MA_Crossover(34,47)",6251.0000,6354.5000,-1.0000,-1.0000,-246.0000,246.0000,-6354.5000,8078.5000,8078.5000
2010-06-07,"MA_Crossover(34,47)",6069.5000,6173.0000,-1.0000,-1.0000,-181.5000,181.5000,-6173.0000,8260.0000,8260.0000
2010-06-08,"MA_Crossover(34,47)",6135.0000,6238.5000,-1.0000,-1.0000,65.5000,-65.5000,-6238.5000,8194.5000,8194.5000
2010-06-09,"MA_Crossover(34,47)",6311.7500,6415.2500,-1.0000,-1.0000,176.7500,-176.7500,-6415.2500,8017.7500,8017.7500
2010-06-10,"MA_Crossover(34,47)",6381.7500,6485.2500,-1.0000,-1.0000,70.0000,-70.0000,-6485.2500,7947.7500,7947.7500
2010-06-11,"MA_Crossover(34,47)",6455.5000,6559.0000,-1.0000,-1.0000,73.7500,-73.7500,-6559.0000,7874.0000,7874.0000
2010-06-14,"MA_Crossover(34,47)",6635.2500,6738.7500,-1.0000,-1.0000,179.7500,-179.7500,-6738.7500,7694.2500,7694.2500
2010-06-15,"MA_Crossover(34,47)",6665.2500,6764.7500,-1.0000,-1.0000,26.0000,-26.0000,-6764.7500,7668.2500,7668.2500
2010-06-16,"MA_Crossover(34,47)",6634.7500,6734.5000,-1.0000,-1.0000,-30.2500,30.2500,-6734.5000,7698.5000,7698.5000
2010-06-17,"MA_Crossover(34,47)",6430.5000,6530.7500,-1.0000,-1.0000,-203.7500,203.7500,-6530.7500,7902.2500,7902.2500
2010-06-18,"MA_Crossover(34,47)",6418.7500,6510.5000,-1.0000,-1.0000,-20.2500,20.2500,-6510.5000,7922.5000,7922.5000
2010-06-21,"MA_Crossover(34,47)",6586.5000,6678.2500,-1.0000,-1.0000,167.7500,-167.7500,-6678.2500,7754.7500,7754.7500
2010-06-22,"MA_Crossover(34,47)",6592.2500,6684.0000,-1.0000,-1.0000,5.7500,-5.7500,-6684.0000,7749.0000,7749.0000
2010-06-23,"MA_Crossover(34,47)",6497.0000,6588.7500,-1.0000,-1.0000,-95.2500,95.2500,-6588.7500,7844.2500,7844.2500
2010-06-24,"MA_Crossover(34,47)",6675.5000,6767.2500,-1.0000,-1.0000,178.5000,-178.5000,-6767.2500,7665.7500,7665.7500
2010-06-25,"MA_Crossover(34,47)",6751.7500,6843.5000,-1.0000,-1.0000,76.2500,-76.2500,-6843.5000,7589.5000,7589.5000
2010-06-28,"MA_Crossover(34,47)",6849.2500,6941.0000,-1.0000,-1.0000,97.5000,-97.5000,-6941.0000,7492.0000,7492.0000
2010-06-29,"MA_Crossover(34,47)",6472.0000,6563.7500,-1.0000,-1.0000,-377.2500,377.2500,-6563.7500,7869.2500,7869.2500
2010-06-30,"MA_Crossover(34,47)",6492.7500,6584.5000,-1.0000,-1.0000,20.7500,-20.7500,-6584.5000,7848.5000,7848.5000
2010-07-01,"MA_Crossover(34,47)",6307.2500,6399.0000,-1.0000,-1.0000,-185.5000,185.5000,-6399.0000,8034.0000,8034.0000
2010-07-02,"MA_Crossover(34,47)",6387.7500,6479.5000,-1.0000,-1.0000,80.5000,-80.5000,-6479.5000,7953.5000,7953.5000
2010-07-05,"MA_Crossover(34,47)",6446.7500,6538.5000,-1.0000,-1.0000,59.0000,-59.0000,-6538.5000,7894.5000,7894.5000
2010-07-06,"MA_Crossover(34,47)",6584.0000,6675.7500,-1.0000,-1.0000,137.2500,-137.2500,-6675.7500,7757.2500,7757.2500
2010-07-07,"MA_Crossover(34,47)",6623.7500,6715.5000,-1.0000,-1.0000,39.7500,-39.7500,-6715.5000,7717.5000,7717.5000
2010-07-08,"MA_Crossover(34,47)",6595.5000,6687.2500,-1.0000,-1.0000,-28.2500,28.2500,-6687.2500,7745.7500,7745.7500
2010-07-09,"MA_Crossover(34,47)",6743.2500,6835.0000,-1.0000,-1.0000,147.7500,-147.7500,-6835.0000,7598.0000,7598.0000
2010-07-12,"MA_Crossover(34,47)",6610.7500,6702.5000,-1.0000,-1.0000,-132.5000,132.5000,-6702.5000,7730.5000,7730.5000
2010-07-13,"MA_Crossover(34,47)",6666.0000,6757.7500,-1.0000,-1.0000,55.2500,-55.2500,-6757.7500,7675.2500,7675.2500
2010-07-14,"MA_Crossover(34,47)",6706.0000,6797.7500,-1.0000,-1.0000,40.0000,-40.0000,-6797.7500,7635.2500,7635.2500
2010-07-15,"MA_Crossover(34,47)",6661.5000,6753.2500,-1.0000,-1.0000,-44.5000,44.5000,-6753.2500,7679.7500,7679.7500
2010-07-16,"MA_Crossover(34,47)",6468.7500,6560.5000,-1.0000,-1.0000,-192.7500,192.7500,-6560.5000,7872.5000,7872.5000
2010-07-19,"MA_Crossover(34,47)",6494.7500,6586.5000,-1.0000,-1.0000,26.0000,-26.0000,-6586.5000,7846.5000,7846.5000
2010-07-20,"MA_Crossover(34,47)",6630.7500,6722.0000,-1.0000,-1.0000,135.5000,-135.5000,-6722.0000,7711.0000,7711.0000
2010-07-21,"MA_Crossover(34,47)",6853.0000,6943.2500,-1.0000,-1.0000,221.2500,-221.2500,-6943.2500,7489.7500,7489.7500
2010-07-22,"MA_Crossover(34,47)",7002.7500,7094.0000,-1.0000,-1.0000,150.7500,-150.7500,-7094.0000,7339.0000,7339.0000
2010-07-23,"MA_Crossover(34,47)",7018.2500,7105.5000,-1.0000,-1.0000,11.5000,-11.5000,-7105.5000,7327.5000,7327.5000
2010-07-26,"MA_Crossover(34,47)",7136.5000,7223.7500,-1.0000,-1.0000,118.2500,-118.2500,-7223.7500,7209.2500,7209.2500
2010-07-27,"MA_Crossover(34,47)",7044.5000,7131.7500,1.0000,-1.0000,-92.0000,92.0000,-7131.7500,7301.2500,7301.2500
2010-07-28,"MA_Crossover(34,47)",7156.2500,7243.5000,1.0000,1.0000,111.7500,111.7500,7243.5000,7413.0000,7413.0000
2010-07-29,"MA_Crossover(34,47)",7216.5000,7303.7500,1.0000,1.0000,60.2500,60.2500,7303.7500,7473.2500,7473.2500
2010-07-30,"MA_Crossover(34,47)",7281.7500,7369.0000,1.0000,1.0000,65.2500,65.2500,7369.0000,7538.5000,7538.5000
2010-08-02,"MA_Crossover(34,47)",7493.0000,7580.2500,1.0000,1.0000,211.2500,211.2500,7580.2500,7749.7500,7749.7500
2010-08-03,"MA_Crossover(34,47)",7405.7500,7493.0000,1.0000,1.0000,-87.2500,-87.2500,7493.0000,7662.5000,7662.5000
2010-08-04,"MA_Crossover(34,47)",7484.0000,7571.2500,1.0000,1.0000,78.2500,78.2500,7571.2500,7740.7500,7740.7500
2010-08-05,"MA_Crossover(34,47)",7375.7500,7463.0000,1.0000,1.0000,-108.2500,-108.2500,7463.0000,7632.5000,7632.5000
2010-08-06,"MA_Crossover(34,47)",7348.7500,7436.0000,1.0000,1.0000,-27.0000,-27.0000,7436.0000,7605.5000,7605.5000
2010-08-09,"MA_Crossover(34,47)",7402.5000,7489.7500,1.0000,1.0000,53.7500,53.7500,7489.7500,7659.2500,7659.2500
2010-08-10,"MA_Crossover(34,47)",7276.5000,7363.7500,1.0000,1.0000,-126.0000,-126.0000,7363.7500,7533.2500,7533.2500
2010-08-11,"MA_Crossover(34,47)",7175.2500,7262.5000,1.0000,1.0000,-101.2500,-101.2500,7262.5000,7432.0000,7432.0000
2010-08-12,"MA_Crossover(34,47)",7231.2500,7318.5000,1.0000,1.0000,56.0000,56.0000,7318.5000,7488.0000,7488.0000
2010-08-13,"MA_Crossover(34,47)",7132.7500,7220.0000,1.0000,1.0000,-98.5000,-98.5000,7220.0000,7389.5000,7389.5000
2010-08-16,"MA_Crossover(34,47)",7224.5000,7311.7500,1.0000,1.0000,91.7500,91.7500,7311.7500,7481.2500,7481.2500
2010-08-17,"MA_Crossover(34,47)",7368.5000,7453.2500,1.0000,1.0000,141.5000,141.5000,7453.2500,7622.7500,7622.7500
2010-08-18,"MA_Crossover(34,47)",7377.5000,7462.0000,1.0000,1.0000,8.7500,8.7500,7462.0000,7631.5000,7631.5000
2010-08-19,"MA_Crossover(34,47)",7294.0000,7378.0000,1.0000,1.0000,-84.0000,-84.0000,7378.0000,7547.5000,7547.5000
2010-08-20,"MA_Crossover(34,47)",7245.0000,7322.0000,1.0000,1.0000,-56.0000,-56.0000,7322.0000,7491.5000,7491.5000
2010-08-23,"MA_Crossover(34,47)",7244.5000,7321.5000,1.0000,1.0000,-0.5000,-0.5000,7321.5000,7491.0000,7491.0000
2010-08-24,"MA_Crossover(34,47)",7125.0000,7202.0000,1.0000,1.0000,-119.5000,-119.5000,7202.0000,7371.5000,7371.5000
2010-08-25,"MA_Crossover(34,47)",7089.5000,7166.5000,1.0000,1.0000,-35.5000,-35.5000,7166.5000,7336.0000,7336.0000
2010-08-26,"MA_Crossover(34,47)",7298.0000,7375.0000,1.0000,1.0000,208.5000,208.5000,7375.0000,7544.5000,7544.5000
2010-08-27,"MA_Crossover(34,47)",7453.2500,7530.2500,1.0000,1.0000,155.2500,155.2500,7530.2500,7699.7500,7699.7500
2010-08-31,"MA_Crossover(34,47)",7432.2500,7509.2500,1.0000,1.0000,-21.0000,-21.0000,7509.2500,7678.7500,7678.7500
2010-09-01,"MA_Crossover(34,47)",7598.2500,7675.2500,1.0000,1.0000,166.0000,166.0000,7675.2500,7844.7500,7844.7500
2010-09-02,"MA_Crossover(34,47)",7625.7500,7702.7500,1.0000,1.0000,27.5000,27.5000,7702.7500,7872.2500,7872.2500
2010-09-03,"MA_Crossover(34,47)",7635.5000,7712.5000,1.0000,1.0000,9.7500,9.7500,7712.5000,7882.0000,7882.0000
2010-09-06,"MA_Crossover(34,47)",7695.5000,7772.5000,1.0000,1.0000,60.0000,60.0000,7772.5000,7942.0000,7942.0000
2010-09-07,"MA_Crossover(34,47)",7615.0000,7692.0000,1.0000,1.0000,-80.5000,-80.5000,7692.0000,7861.5000,7861.5000
2010-09-08,"MA_Crossover(34,47)",7659.7500,7736.7500,1.0000,1.0000,44.7500,44.7500,7736.7500,7906.2500,7906.2500
2010-09-09,"MA_Crossover(34,47)",7540.2500,7617.2500,1.0000,1.0000,-119.5000,-119.5000,7617.2500,7786.7500,7786.7500
2010-09-10,"MA_Crossover(34,47)",7471.2500,7548.2500,1.0000,1.0000,-69.0000,-69.0000,7548.2500,7717.7500,7717.7500
2010-09-13,"MA_Crossover(34,47)",7617.7500,7694.7500,1.0000,1.0000,146.5000,146.5000,7694.7500,7864.2500,7864.2500
2010-09-14,"MA_Crossover(34,47)",7649.0000,7721.7500,1.0000,1.0000,27.0000,27.0000,7721.7500,7891.2500,7891.2500
2010-09-15,"MA_Crossover(34,47)",7612.5000,7685.7500,1.0000,1.0000,-36.0000,-36.0000,7685.7500,7855.2500,7855.2500
2010-09-16,"MA_Crossover(34,47)",7697.2500,7768.5000,1.0000,1.0000,82.7500,82.7500,7768.5000,7938.0000,7938.0000
2010-09-17,"MA_Crossover(34,47)",7718.7500,7789.5000,1.0000,1.0000,21.0000,21.0000,7789.5000,7959.0000,7959.0000
2010-09-20,"MA_Crossover(34,47)",7711.5000,7782.2500,1.0000,1.0000,-7.2500,-7.2500,7782.2500,7951.7500,7951.7500
2010-09-21,"MA_Crossover(34,47)",7676.0000,7746.7500,1.0000,1.0000,-35.5000,-35.5000,7746.7500,7916.2500,7916.2500
2010-09-22,"MA_Crossover(34,47)",7844.0000,7914.7500,1.0000,1.0000,168.0000,168.0000,7914.7500,8084.2500,8084.2500
2010-09-23,"MA_Crossover(34,47)",7887.5000,7958.2500,1.0000,1.0000,43.5000,43.5000,7958.2500,8127.7500,8127.7500
2010-09-24,"MA_Crossover(34,47)",7949.5000,8020.2500,1.0000,1.0000,62.0000,62.0000,8020.2500,8189.7500,8189.7500
2010-09-27,"MA_Crossover(34,47)",7911.0000,7981.7500,1.0000,1.0000,-38.5000,-38.5000,7981.7500,8151.2500,8151.2500
2010-09-28,"MA_Crossover(34,47)",7951.0000,8021.7500,1.0000,1.0000,40.0000,40.0000,8021.7500,8191.2500,8191.2500
2010-09-29,"MA_Crossover(34,47)",8063.5000,8134.2500,1.0000,1.0000,112.5000,112.5000,8134.2500,8303.7500,8303.7500
2010-09-30,"MA_Crossover(34,47)",8010.0000,8080.7500,1.0000,1.0000,-53.5000,-53.5000,8080.7500,8250.2500,8250.2500
2010-10-01,"MA_Crossover(34,47)",8093.0000,8163.7500,1.0000,1.0000,83.0000,83.0000,8163.7500,8333.2500,8333.2500
2010-10-04,"MA_Crossover(34,47)",8053.5000,8124.2500,1.0000,1.0000,-39.5000,-39.5000,8124.2500,8293.7500,8293.7500
2010-10-05,"MA_Crossover(34,47)",8164.2500,8235.0000,1.0000,1.0000,110.7500,110.7500,8235.0000,8404.5000,8404.5000
2010-10-06,"MA_Crossover(34,47)",8246.2500,8317.0000,1.0000,1.0000,82.0000,82.0000,8317.0000,8486.5000,8486.5000
2010-10-07,"MA_Crossover(34,47)",8089.5000,8160.2500,1.0000,1.0000,-156.7500,-156.7500,8160.2500,8329.7500,8329.7500
2010-10-08,"MA_Crossover(34,47)",8306.0000,8376.7500,1.0000,1.0000,216.5000,216.5000,8376.7500,8546.2500,8546.2500
2010-10-11,"MA_Crossover(34,47)",8285.0000,8355.7500,1.0000,1.0000,-21.0000,-21.0000,8355.7500,8525.2500,8525.2500
2010-10-12,"MA_Crossover(34,47)",8342.2500,8413.0000,1.0000,1.0000,57.2500,57.2500,8413.0000,8582.5000,8582.5000
2010-10-13,"MA_Crossover(34,47)",8354.2500,8425.0000,1.0000,1.0000,12.0000,12.0000,8425.0000,8594.5000,8594.5000
2010-10-14,"MA_Crossover(34,47)",8388.0000,8458.7500,1.0000,1.0000,33.7500,33.7500,8458.7500,8628.2500,8628.2500
2010-10-15,"MA_Crossover(34,47)",8381.5000,8452.2500,1.0000,1.0000,-6.5000,-6.5000,8452.2500,8621.7500,8621.7500
2010-10-18,"MA_Crossover(34,47)",8426.0000,8496.7500,1.0000,1.0000,44.5000,44.5000,8496.7500,8666.2500,8666.2500
2010-10-19,"MA_Crossover(34,47)",8251.0000,8318.2500,1.0000,1.0000,-178.5000,-178.5000,8318.2500,8487.7500,8487.7500
2010-10-20,"MA_Crossover(34,47)",8330.0000,8397.7500,1.0000,1.0000,79.5000,79.5000,8397.7500,8567.2500,8567.2500
2010-10-21,"MA_Crossover(34,47)",8298.5000,8365.7500,1.0000,1.0000,-32.0000,-32.0000,8365.7500,8535.2500,8535.2500
2010-10-22,"MA_Crossover(34,47)",8326.0000,8386.7500,1.0000,1.0000,21.0000,21.0000,8386.7500,8556.2500,8556.2500
2010-10-25,"MA_Crossover(34,47)",8514.5000,8575.2500,1.0000,1.0000,188.5000,188.5000,8575.2500,8744.7500,8744.7500
2010-10-26,"MA_Crossover(34,47)",8508.7500,8569.5000,1.0000,1.0000,-5.7500,-5.7500,8569.5000,8739.0000,8739.0000
2010-10-27,"MA_Crossover(34,47)",8296.0000,8356.7500,1.0000,1.0000,-212.7500,-212.7500,8356.7500,8526.2500,8526.2500
2010-10-28,"MA_Crossover(34,47)",8334.0000,8394.7500,1.0000,1.0000,38.0000,38.0000,8394.7500,8564.2500,8564.2500
2010-10-29,"MA_Crossover(34,47)",8191.2500,8252.0000,1.0000,1.0000,-142.7500,-142.7500,8252.0000,8421.5000,8421.5000
2010-11-01,"MA_Crossover(34,47)",8291.0000,8351.7500,1.0000,1.0000,99.7500,99.7500,8351.7500,8521.2500,8521.2500
2010-11-02,"MA_Crossover(34,47)",8427.0000,8487.7500,1.0000,1.0000,136.0000,136.0000,8487.7500,8657.2500,8657.2500
2010-11-03,"MA_Crossover(34,47)",8312.0000,8372.7500,1.0000,1.0000,-115.0000,-115.0000,8372.7500,8542.2500,8542.2500
2010-11-04,"MA_Crossover(34,47)",8596.0000,8656.7500,1.0000,1.0000,284.0000,284.0000,8656.7500,8826.2500,8826.2500
2010-11-05,"MA_Crossover(34,47)",8653.0000,8713.7500,1.0000,1.0000,57.0000,57.0000,8713.7500,8883.2500,8883.2500
2010-11-08,"MA_Crossover(34,47)",8663.0000,8723.7500,1.0000,1.0000,10.0000,10.0000,8723.7500,8893.2500,8893.2500
2010-11-09,"MA_Crossover(34,47)",8862.5000,8923.2500,1.0000,1.0000,199.5000,199.5000,8923.2500,9092.7500,9092.7500
2010-11-10,"MA_Crossover(34,47)",8766.5000,8827.2500,1.0000,1.0000,-96.0000,-96.0000,8827.2500,8996.7500,8996.7500
2010-11-11,"MA_Crossover(34,47)",8835.7500,8896.5000,1.0000,1.0000,69.2500,69.2500,8896.5000,9066.0000,9066.0000
2010-11-12,"MA_Crossover(34,47)",8628.0000,8688.7500,1.0000,1.0000,-207.7500,-207.7500,8688.7500,8858.2500,8858.2500
2010-11-15,"MA_Crossover(34,47)",8670.0000,8730.7500,1.0000,1.0000,42.0000,42.0000,8730.7500,8900.2500,8900.2500
2010-11-16,"MA_Crossover(34,47)",8166.5000,8216.2500,1.0000,1.0000,-514.5000,-514.5000,8216.2500,8385.7500,8385.7500
2010-11-17,"MA_Crossover(34,47)",8221.0000,8263.7500,1.0000,1.0000,47.5000,47.5000,8263.7500,8433.2500,8433.2500
2010-11-18,"MA_Crossover(34,47)",8449.0000,8495.7500,1.0000,1.0000,232.0000,232.0000,8495.7500,8665.2500,8665.2500
2010-11-19,"MA_Crossover(34,47)",8431.0000,8491.7500,1.0000,1.0000,-4.0000,-4.0000,8491.7500,8661.2500,8661.2500
2010-11-22,"MA_Crossover(34,47)",8317.5000,8378.2500,1.0000,1.0000,-113.5000,-113.5000,8378.2500,8547.7500,8547.7500
2010-11-23,"MA_Crossover(34,47)",8170.0000,8230.7500,1.0000,1.0000,-147.5000,-147.5000,8230.7500,8400.2500,8400.2500
2010-11-24,"MA_Crossover(34,47)",8286.0000,8346.7500,1.0000,1.0000,116.0000,116.0000,8346.7500,8516.2500,8516.2500
2010-11-25,"MA_Crossover(34,47)",8388.0000,8448.7500,1.0000,1.0000,102.0000,102.0000,8448.7500,8618.2500,8618.2500
2010-11-26,"MA_Crossover(34,47)",8287.0000,8347.7500,1.0000,1.0000,-101.0000,-101.0000,8347.7500,8517.2500,8517.2500
2010-11-29,"MA_Crossover(34,47)",8266.0000,8326.7500,1.0000,1.0000,-21.0000,-21.0000,8326.7500,8496.2500,8496.2500
2010-11-30,"MA_Crossover(34,47)",8416.0000,8476.7500,1.0000,1.0000,150.0000,150.0000,8476.7500,8646.2500,8646.2500
2010-12-01,"MA_Crossover(34,47)",8647.0000,8707.7500,1.0000,1.0000,231.0000,231.0000,8707.7500,8877.2500,8877.2500
2010-12-02,"MA_Crossover(34,47)",8774.0000,8834.7500,1.0000,1.0000,127.0000,127.0000,8834.7500,9004.2500,9004.2500
2010-12-03,"MA_Crossover(34,47)",8768.0000,8828.7500,1.0000,1.0000,-6.0000,-6.0000,8828.7500,8998.2500,8998.2500
2010-12-06,"MA_Crossover(34,47)",8816.5000,8877.2500,1.0000,1.0000,48.5000,48.5000,8877.2500,9046.7500,9046.7500
2010-12-07,"MA_Crossover(34,47)",8911.0000,8971.7500,1.0000,1.0000,94.5000,94.5000,8971.7500,9141.2500,9141.2500
2010-12-08,"MA_Crossover(34,47)",9048.0000,9108.7500,1.0000,1.0000,137.0000,137.0000,9108.7500,9278.2500,9278.2500
2010-12-09,"MA_Crossover(34,47)",8987.5000,9048.2500,1.0000,1.0000,-60.5000,-60.5000,9048.2500,9217.7500,9217.7500
2010-12-10,"MA_Crossover(34,47)",9033.0000,9093.7500,1.0000,1.0000,45.5000,45.5000,9093.7500,9263.2500,9263.2500
2010-12-13,"MA_Crossover(34,47)",9295.0000,9355.7500,1.0000,1.0000,262.0000,262.0000,9355.7500,9525.2500,9525.2500
2010-12-14,"MA_Crossover(34,47)",9196.5000,9280.2500,1.0000,1.0000,-75.5000,-75.5000,9280.2500,9449.7500,9449.7500
2010-12-15,"MA_Crossover(34,47)",9126.0000,9210.7500,1.0000,1.0000,-69.5000,-69.5000,9210.7500,9380.2500,9380.2500
2010-12-16,"MA_Crossover(34,47)",9021.5000,9106.7500,1.0000,1.0000,-104.0000,-104.0000,9106.7500,9276.2500,9276.2500
2010-12-17,"MA_Crossover(34,47)",9104.0000,9203.7500,1.0000,1.0000,97.0000,97.0000,9203.7500,9373.2500,9373.2500
2010-12-20,"MA_Crossover(34,47)",9235.0000,9334.7500,1.0000,1.0000,131.0000,131.0000,9334.7500,9504.2500,9504.2500
2010-12-21,"MA_Crossover(34,47)",9401.0000,9500.7500,1.0000,1.0000,166.0000,166.0000,9500.7500,9670.2500,9670.2500
2010-12-22,"MA_Crossover(34,47)",9393.0000,9492.7500,1.0000,1.0000,-8.0000,-8.0000,9492.7500,9662.2500,9662.2500
2010-12-23,"MA_Crossover(34,47)",9341.0000,9440.7500,1.0000,1.0000,-52.0000,-52.0000,9440.7500,9610.2500,9610.2500
2010-12-24,"MA_Crossover(34,47)",9388.0000,9487.7500,1.0000,1.0000,47.0000,47.0000,9487.7500,9657.2500,9657.2500
2010-12-29,"MA_Crossover(34,47)",9442.0000,9541.7500,1.0000,1.0000,54.0000,54.0000,9541.7500,9711.2500,9711.2500
2010-12-30,"MA_Crossover(34,47)",9535.5000,9635.2500,1.0000,1.0000,93.5000,93.5000,9635.2500,9804.7500,9804.7500
2010-12-31,"MA_Crossover(34,47)",9644.0000,9743.7500,1.0000,1.0000,108.5000,108.5000,9743.7500,9913.2500,9913.2500
2011-01-04,"MA_Crossover(34,47)",9619.2500,9719.0000,1.0000,1.0000,-24.7500,-24.7500,9719.0000,9888.5000,9888.5000
2011-01-05,"MA_Crossover(34,47)",9586.0000,9685.7500,1.0000,1.0000,-33.2500,-33.2500,9685.7500,9855.2500,9855.2500
2011-01-06,"MA_Crossover(34,47)",9492.5000,9592.2500,1.0000,1.0000,-93.5000,-93.5000,9592.2500,9761.7500,9761.7500
2011-01-07,"MA_Crossover(34,47)",9436.0000,9535.7500,1.0000,1.0000,-56.5000,-56.5000,9535.7500,9705.2500,9705.2500
2011-01-10,"MA_Crossover(34,47)",9333.0000,9432.7500,1.0000,1.0000,-103.0000,-103.0000,9432.7500,9602.2500,9602.2500
2011-01-11,"MA_Crossover(34,47)",9524.5000,9624.2500,1.0000,1.0000,191.5000,191.5000,9624.2500,9793.7500,9793.7500
2011-01-12,"MA_Crossover(34,47)",9697.7500,9797.5000,1.0000,1.0000,173.2500,173.2500,9797.5000,9967.0000,9967.0000
2011-01-13,"MA_Crossover(34,47)",9622.5000,9722.2500,1.0000,1.0000,-75.2500,-75.2500,9722.2500,9891.7500,9891.7500
2011-01-14,"MA_Crossover(34,47)",9662.0000,9761.7500,1.0000,1.0000,39.5000,39.5000,9761.7500,9931.2500,9931.2500
2011-01-17,"MA_Crossover(34,47)",9648.0000,9747.7500,1.0000,1.0000,-14.0000,-14.0000,9747.7500,9917.2500,9917.2500
2011-01-18,"MA_Crossover(34,47)",9727.5000,9808.7500,1.0000,1.0000,61.0000,61.0000,9808.7500,9978.2500,9978.2500
2011-01-19,"MA_Crossover(34,47)",9596.0000,9680.7500,1.0000,1.0000,-128.0000,-128.0000,9680.7500,9850.2500,9850.2500
2011-01-20,"MA_Crossover(34,47)",9372.0000,9458.2500,1.0000,1.0000,-222.5000,-222.5000,9458.2500,9627.7500,9627.7500
2011-01-21,"MA_Crossover(34,47)",9462.5000,9556.2500,1.0000,1.0000,98.0000,98.0000,9556.2500,9725.7500,9725.7500
2011-01-24,"MA_Crossover(34,47)",9548.5000,9642.2500,1.0000,1.0000,86.0000,86.0000,9642.2500,9811.7500,9811.7500
2011-01-25,"MA_Crossover(34,47)",9265.0000,9358.7500,1.0000,1.0000,-283.5000,-283.5000,9358.7500,9528.2500,9528.2500
2011-01-26,"MA_Crossover(34,47)",9343.0000,9436.7500,1.0000,1.0000,78.0000,78.0000,9436.7500,9606.2500,9606.2500
2011-01-27,"MA_Crossover(34,47)",9455.5000,9549.2500,1.0000,1.0000,112.5000,112.5000,9549.2500,9718.7500,9718.7500
2011-01-28,"MA_Crossover(34,47)",9548.5000,9642.2500,1.0000,1.0000,93.0000,93.0000,9642.2500,9811.7500,9811.7500
2011-01-31,"MA_Crossover(34,47)",9770.5000,9864.2500,1.0000,1.0000,222.0000,222.0000,9864.2500,10033.7500,10033.7500
2011-02-01,"MA_Crossover(34,47)",9973.0000,10066.7500,1.0000,1.0000,202.5000,202.5000,10066.7500,10236.2500,10236.2500
2011-02-02,"MA_Crossover(34,47)",9966.5000,10060.2500,1.0000,1.0000,-6.5000,-6.5000,10060.2500,10229.7500,10229.7500
2011-02-03,"MA_Crossover(34,47)",9947.5000,10041.2500,1.0000,1.0000,-19.0000,-19.0000,10041.2500,10210.7500,10210.7500
2011-02-04,"MA_Crossover(34,47)",10067.0000,10160.7500,1.0000,1.0000,119.5000,119.5000,10160.7500,10330.2500,10330.2500
2011-02-07,"MA_Crossover(34,47)",10056.0000,10149.7500,1.0000,1.0000,-11.0000,-11.0000,10149.7500,10319.2500,10319.2500
2011-02-08,"MA_Crossover(34,47)",10073.0000,10166.7500,1.0000,1.0000,17.0000,17.0000,10166.7500,10336.2500,10336.2500
2011-02-09,"MA_Crossover(34,47)",9934.5000,10028.2500,1.0000,1.0000,-138.5000,-138.5000,10028.2500,10197.7500,10197.7500
2011-02-10,"MA_Crossover(34,47)",9950.0000,10043.7500,1.0000,1.0000,15.5000,15.5000,10043.7500,10213.2500,10213.2500
2011-02-11,"MA_Crossover(34,47)",9975.5000,10069.2500,1.0000,1.0000,25.5000,25.5000,10069.2500,10238.7500,10238.7500
2011-02-14,"MA_Crossover(34,47)",10179.5000,10273.2500,1.0000,1.0000,204.0000,204.0000,10273.2500,10442.7500,10442.7500
2011-02-15,"MA_Crossover(34,47)",10017.7500,10121.0000,1.0000,1.0000,-152.2500,-152.2500,10121.0000,10290.5000,10290.5000
2011-02-16,"MA_Crossover(34,47)",9841.0000,9948.2500,1.0000,1.0000,-172.7500,-172.7500,9948.2500,10117.7500,10117.7500
2011-02-17,"MA_Crossover(34,47)",9806.5000,9912.2500,1.0000,1.0000,-36.0000,-36.0000,9912.2500,10081.7500,10081.7500
2011-02-18,"MA_Crossover(34,47)",9860.0000,9966.2500,1.0000,1.0000,54.0000,54.0000,9966.2500,10135.7500,10135.7500
2011-02-21,"MA_Crossover(34,47)",9808.0000,9914.2500,1.0000,1.0000,-52.0000,-52.0000,9914.2500,10083.7500,10083.7500
2011-02-22,"MA_Crossover(34,47)",9574.0000,9680.2500,1.0000,1.0000,-234.0000,-234.0000,9680.2500,9849.7500,9849.7500
2011-02-23,"MA_Crossover(34,47)",9417.7500,9524.0000,1.0000,1.0000,-156.2500,-156.2500,9524.0000,9693.5000,9693.5000
2011-02-24,"MA_Crossover(34,47)",9497.0000,9603.2500,1.0000,1.0000,79.2500,79.2500,9603.2500,9772.7500,9772.7500
2011-02-25,"MA_Crossover(34,47)",9761.0000,9867.2500,1.0000,1.0000,264.0000,264.0000,9867.2500,10036.7500,10036.7500
2011-02-28,"MA_Crossover(34,47)",9882.5000,9988.7500,1.0000,1.0000,121.5000,121.5000,9988.7500,10158.2500,10158.2500
2011-03-01,"MA_Crossover(34,47)",9851.0000,9957.2500,1.0000,1.0000,-31.5000,-31.5000,9957.2500,10126.7500,10126.7500
2011-03-02,"MA_Crossover(34,47)",9879.0000,9985.2500,1.0000,1.0000,28.0000,28.0000,9985.2500,10154.7500,10154.7500
2011-03-03,"MA_Crossover(34,47)",9902.5000,10008.7500,1.0000,1.0000,23.5000,23.5000,10008.7500,10178.2500,10178.2500
2011-03-04,"MA_Crossover(34,47)",9882.5000,9988.7500,1.0000,1.0000,-20.0000,-20.0000,9988.7500,10158.2500,10158.2500
2011-03-07,"MA_Crossover(34,47)",9484.0000,9590.2500,1.0000,1.0000,-398.5000,-398.5000,9590.2500,9759.7500,9759.7500
2011-03-08,"MA_Crossover(34,47)",9511.0000,9617.2500,1.0000,1.0000,27.0000,27.0000,9617.2500,9786.7500,9786.7500
2011-03-09,"MA_Crossover(34,47)",9254.0000,9360.2500,1.0000,1.0000,-257.0000,-257.0000,9360.2500,9529.7500,9529.7500
2011-03-10,"MA_Crossover(34,47)",9171.0000,9277.2500,1.0000,1.0000,-83.0000,-83.0000,9277.2500,9446.7500,9446.7500
2011-03-11,"MA_Crossover(34,47)",9171.0000,9277.2500,1.0000,1.0000,0.0000,0.0000,9277.2500,9446.7500,9446.7500
2011-03-14,"MA_Crossover(34,47)",9172.7500,9279.0000,1.0000,1.0000,1.7500,1.7500,9279.0000,9448.5000,9448.5000
2011-03-15,"MA_Crossover(34,47)",9114.5000,9216.0000,1.0000,1.0000,-63.0000,-63.0000,9216.0000,9385.5000,9385.5000
2011-03-16,"MA_Crossover(34,47)",9261.0000,9360.5000,1.0000,1.0000,144.5000,144.5000,9360.5000,9530.0000,9530.0000
2011-03-17,"MA_Crossover(34,47)",9567.5000,9667.2500,1.0000,1.0000,306.7500,306.7500,9667.2500,9836.7500,9836.7500
2011-03-18,"MA_Crossover(34,47)",9513.5000,9611.0000,1.0000,1.0000,-56.2500,-56.2500,9611.0000,9780.5000,9780.5000
2011-03-21,"MA_Crossover(34,47)",9393.0000,9490.5000,1.0000,1.0000,-120.5000,-120.5000,9490.5000,9660.0000,9660.0000
2011-03-22,"MA_Crossover(34,47)",9486.0000,9583.5000,1.0000,1.0000,93.0000,93.0000,9583.5000,9753.0000,9753.0000
2011-03-23,"MA_Crossover(34,47)",9722.5000,9820.0000,1.0000,1.0000,236.5000,236.5000,9820.0000,9989.5000,9989.5000
2011-03-24,"MA_Crossover(34,47)",9709.0000,9806.5000,1.0000,1.0000,-13.5000,-13.5000,9806.5000,9976.0000,9976.0000
2011-03-25,"MA_Crossover(34,47)",9677.0000,9774.5000,-1.0000,1.0000,-32.0000,-32.0000,9774.5000,9944.0000,9944.0000
2011-03-28,"MA_Crossover(34,47)",9525.5000,9623.0000,-1.0000,-1.0000,-151.5000,151.5000,-9623.0000,10095.5000,10095.5000
2011-03-29,"MA_Crossover(34,47)",9576.0000,9673.5000,-1.0000,-1.0000,50.5000,-50.5000,-9673.5000,10045.0000,10045.0000
2011-03-30,"MA_Crossover(34,47)",9371.0000,9468.5000,-1.0000,-1.0000,-205.0000,205.0000,-9468.5000,10250.0000,10250.0000
2011-03-31,"MA_Crossover(34,47)",9420.0000,9517.5000,-1.0000,-1.0000,49.0000,-49.0000,-9517.5000,10201.0000,10201.0000
2011-04-01,"MA_Crossover(34,47)",9349.2500,9446.7500,-1.0000,-1.0000,-70.7500,70.7500,-9446.7500,10271.7500,10271.7500
2011-04-04,"MA_Crossover(34,47)",9317.0000,9414.5000,-1.0000,-1.0000,-32.2500,32.2500,-9414.5000,10304.0000,10304.0000
2011-04-05,"MA_Crossover(34,47)",9375.0000,9472.5000,-1.0000,-1.0000,58.0000,-58.0000,-9472.5000,10246.0000,10246.0000
2011-04-06,"MA_Crossover(34,47)",9591.0000,9688.5000,-1.0000,-1.0000,216.0000,-216.0000,-9688.5000,10030.0000,10030.0000
2011-04-07,"MA_Crossover(34,47)",9654.5000,9752.0000,-1.0000,-1.0000,63.5000,-63.5000,-9752.0000,9966.5000,9966.5000
2011-04-08,"MA_Crossover(34,47)",9859.2500,9956.7500,-1.0000,-1.0000,204.7500,-204.7500,-9956.7500,9761.7500,9761.7500
2011-04-11,"MA_Crossover(34,47)",9839.5000,9937.0000,-1.0000,-1.0000,-19.7500,19.7500,-9937.0000,9781.5000,9781.5000
2011-04-12,"MA_Crossover(34,47)",9606.5000,9704.0000,-1.0000,-1.0000,-233.0000,233.0000,-9704.0000,10014.5000,10014.5000
2011-04-13,"MA_Crossover(34,47)",9490.7500,9588.2500,-1.0000,-1.0000,-115.7500,115.7500,-9588.2500,10130.2500,10130.2500
2011-04-14,"MA_Crossover(34,47)",9390.2500,9487.7500,-1.0000,-1.0000,-100.5000,100.5000,-9487.7500,10230.7500,10230.7500
2011-04-15,"MA_Crossover(34,47)",9384.7500,9482.2500,-1.0000,-1.0000,-5.5000,5.5000,-9482.2500,10236.2500,10236.2500
2011-04-18,"MA_Crossover(34,47)",9203.5000,9301.0000,-1.0000,-1.0000,-181.2500,181.2500,-9301.0000,10417.5000,10417.5000
2011-04-19,"MA_Crossover(34,47)",9327.0000,9423.7500,-1.0000,-1.0000,122.7500,-122.7500,-9423.7500,10294.7500,10294.7500
2011-04-20,"MA_Crossover(34,47)",9565.0000,9662.2500,-1.0000,-1.0000,238.5000,-238.5000,-9662.2500,10056.2500,10056.2500
2011-04-21,"MA_Crossover(34,47)",9691.0000,9788.5000,-1.0000,-1.0000,126.2500,-126.2500,-9788.5000,9930.0000,9930.0000
2011-04-26,"MA_Crossover(34,47)",9530.5000,9620.2500,-1.0000,-1.0000,-168.2500,168.2500,-9620.2500,10098.2500,10098.2500
2011-04-27,"MA_Crossover(34,47)",9305.0000,9394.7500,-1.0000,-1.0000,-225.5000,225.5000,-9394.7500,10323.7500,10323.7500
2011-04-28,"MA_Crossover(34,47)",9303.0000,9392.7500,-1.0000,-1.0000,-2.0000,2.0000,-9392.7500,10325.7500,10325.7500
2011-05-03,"MA_Crossover(34,47)",9328.7500,9418.5000,-1.0000,-1.0000,25.7500,-25.7500,-9418.5000,10300.0000,10300.0000
2011-05-04,"MA_Crossover(34,47)",9101.5000,9191.2500,-1.0000,-1.0000,-227.2500,227.2500,-9191.2500,10527.2500,10527.2500
2011-05-05,"MA_Crossover(34,47)",8798.2500,8888.0000,-1.0000,-1.0000,-303.2500,303.2500,-8888.0000,10830.5000,10830.5000
2011-05-06,"MA_Crossover(34,47)",8811.2500,8901.0000,-1.0000,-1.0000,13.0000,-13.0000,-8901.0000,10817.5000,10817.5000
2011-05-09,"MA_Crossover(34,47)",8869.5000,8959.2500,-1.0000,-1.0000,58.2500,-58.2500,-8959.2500,10759.2500,10759.2500
2011-05-10,"MA_Crossover(34,47)",8891.2500,8981.0000,-1.0000,-1.0000,21.7500,-21.7500,-8981.0000,10737.5000,10737.5000
2011-05-11,"MA_Crossover(34,47)",8682.2500,8772.0000,-1.0000,-1.0000,-209.0000,209.0000,-8772.0000,10946.5000,10946.5000
2011-05-12,"MA_Crossover(34,47)",8713.2500,8803.0000,-1.0000,-1.0000,31.0000,-31.0000,-8803.0000,10915.5000,10915.5000
2011-05-13,"MA_Crossover(34,47)",8770.2500,8860.0000,-1.0000,-1.0000,57.0000,-57.0000,-8860.0000,10858.5000,10858.5000
2011-05-16,"MA_Crossover(34,47)",8816.0000,8905.7500,-1.0000,-1.0000,45.7500,-45.7500,-8905.7500,10812.7500,10812.7500
2011-05-17,"MA_Crossover(34,47)",8786.5000,8872.2500,-1.0000,-1.0000,-33.5000,33.5000,-8872.2500,10846.2500,10846.2500
2011-05-18,"MA_Crossover(34,47)",9052.5000,9139.0000,-1.0000,-1.0000,266.7500,-266.7500,-9139.0000,10579.5000,10579.5000
2011-05-19,"MA_Crossover(34,47)",8936.0000,9022.7500,-1.0000,-1.0000,-116.2500,116.2500,-9022.7500,10695.7500,10695.7500
2011-05-20,"MA_Crossover(34,47)",9058.0000,9136.7500,-1.0000,-1.0000,114.0000,-114.0000,-9136.7500,10581.7500,10581.7500
2011-05-23,"MA_Crossover(34,47)",8784.0000,8862.7500,-1.0000,-1.0000,-274.0000,274.0000,-8862.7500,10855.7500,10855.7500
2011-05-24,"MA_Crossover(34,47)",8856.0000,8934.7500,-1.0000,-1.0000,72.0000,-72.0000,-8934.7500,10783.7500,10783.7500
2011-05-25,"MA_Crossover(34,47)",9064.5000,9143.2500,-1.0000,-1.0000,208.5000,-208.5000,-9143.2500,10575.2500,10575.2500
2011-05-26,"MA_Crossover(34,47)",9015.0000,9093.7500,-1.0000,-1.0000,-49.5000,49.5000,-9093.7500,10624.7500,10624.7500
2011-05-27,"MA_Crossover(34,47)",9192.7500,9271.5000,-1.0000,-1.0000,177.7500,-177.7500,-9271.5000,10447.0000,10447.0000
2011-05-31,"MA_Crossover(34,47)",9206.2500,9285.0000,-1.0000,-1.0000,13.5000,-13.5000,-9285.0000,10433.5000,10433.5000
2011-06-01,"MA_Crossover(34,47)",9094.0000,9172.7500,-1.0000,-1.0000,-112.2500,112.2500,-9172.7500,10545.7500,10545.7500
2011-06-02,"MA_Crossover(34,47)",8910.0000,8988.7500,-1.0000,-1.0000,-184.0000,184.0000,-8988.7500,10729.7500,10729.7500
2011-06-03,"MA_Crossover(34,47)",9090.2500,9169.0000,-1.0000,-1.0000,180.2500,-180.2500,-9169.0000,10549.5000,10549.5000
2011-06-06,"MA_Crossover(34,47)",9125.0000,9203.7500,-1.0000,-1.0000,34.7500,-34.7500,-9203.7500,10514.7500,10514.7500
2011-06-07,"MA_Crossover(34,47)",9128.7500,9207.5000,-1.0000,-1.0000,3.7500,-3.7500,-9207.5000,10511.0000,10511.0000
2011-06-08,"MA_Crossover(34,47)",9017.2500,9096.0000,-1.0000,-1.0000,-111.5000,111.5000,-9096.0000,10622.5000,10622.5000
2011-06-09,"MA_Crossover(34,47)",9041.0000,9119.7500,-1.0000,-1.0000,23.7500,-23.7500,-9119.7500,10598.7500,10598.7500
2011-06-10,"MA_Crossover(34,47)",8924.0000,9002.7500,-1.0000,-1.0000,-117.0000,117.0000,-9002.7500,10715.7500,10715.7500
2011-06-13,"MA_Crossover(34,47)",8896.2500,8975.0000,-1.0000,-1.0000,-27.7500,27.7500,-8975.0000,10743.5000,10743.5000
2011-06-14,"MA_Crossover(34,47)",9167.7500,9236.2500,-1.0000,-1.0000,261.2500,-261.2500,-9236.2500,10482.2500,10482.2500
2011-06-15,"MA_Crossover(34,47)",9152.2500,9222.0000,-1.0000,-1.0000,-14.2500,14.2500,-9222.0000,10496.5000,10496.5000
2011-06-16,"MA_Crossover(34,47)",9064.2500,9133.5000,-1.0000,-1.0000,-88.5000,88.5000,-9133.5000,10585.0000,10585.0000
2011-06-17,"MA_Crossover(34,47)",9094.5000,9164.2500,-1.0000,-1.0000,30.7500,-30.7500,-9164.2500,10554.2500,10554.2500
2011-06-20,"MA_Crossover(34,47)",9005.0000,9074.7500,-1.0000,-1.0000,-89.5000,89.5000,-9074.7500,10643.7500,10643.7500
2011-06-21,"MA_Crossover(34,47)",9080.7500,9150.5000,-1.0000,-1.0000,75.7500,-75.7500,-9150.5000,10568.0000,10568.0000
2011-06-22,"MA_Crossover(34,47)",9017.2500,9087.0000,-1.0000,-1.0000,-63.5000,63.5000,-9087.0000,10631.5000,10631.5000
2011-06-23,"MA_Crossover(34,47)",8962.0000,9031.7500,-1.0000,-1.0000,-55.2500,55.2500,-9031.7500,10686.7500,10686.7500
2011-06-24,"MA_Crossover(34,47)",9043.5000,9113.2500,-1.0000,-1.0000,81.5000,-81.5000,-9113.2500,10605.2500,10605.2500
2011-06-27,"MA_Crossover(34,47)",8966.5000,9036.2500,-1.0000,-1.0000,-77.0000,77.0000,-9036.2500,10682.2500,10682.2500
2011-06-28,"MA_Crossover(34,47)",9068.0000,9137.7500,-1.0000,-1.0000,101.5000,-101.5000,-9137.7500,10580.7500,10580.7500
2011-06-29,"MA_Crossover(34,47)",9320.0000,9389.7500,-1.0000,-1.0000,252.0000,-252.0000,-9389.7500,10328.7500,10328.7500
2011-06-30,"MA_Crossover(34,47)",9422.0000,9491.7500,-1.0000,-1.0000,102.0000,-102.0000,-9491.7500,10226.7500,10226.7500
2011-07-01,"MA_Crossover(34,47)",9437.0000,9506.7500,-1.0000,-1.0000,15.0000,-15.0000,-9506.7500,10211.7500,10211.7500
2011-07-04,"MA_Crossover(34,47)",9446.0000,9515.7500,1.0000,-1.0000,9.0000,-9.0000,-9515.7500,10202.7500,10202.7500
2011-07-05,"MA_Crossover(34,47)",9529.2500,9599.0000,1.0000,1.0000,83.2500,83.2500,9599.0000,10286.0000,10286.0000
2011-07-06,"MA_Crossover(34,47)",9509.0000,9578.7500,1.0000,1.0000,-20.2500,-20.2500,9578.7500,10265.7500,10265.7500
2011-07-07,"MA_Crossover(34,47)",9728.0000,9797.7500,1.0000,1.0000,219.0000,219.0000,9797.7500,10484.7500,10484.7500
2011-07-08,"MA_Crossover(34,47)",9647.5000,9717.2500,1.0000,1.0000,-80.5000,-80.5000,9717.2500,10404.2500,10404.2500
2011-07-11,"MA_Crossover(34,47)",9552.0000,9621.7500,1.0000,1.0000,-95.5000,-95.5000,9621.7500,10308.7500,10308.7500
2011-07-12,"MA_Crossover(34,47)",9631.7500,9701.5000,1.0000,1.0000,79.7500,79.7500,9701.5000,10388.5000,10388.5000
2011-07-13,"MA_Crossover(34,47)",9630.7500,9700.5000,1.0000,1.0000,-1.0000,-1.0000,9700.5000,10387.5000,10387.5000
2011-07-14,"MA_Crossover(34,47)",9610.2500,9680.0000,1.0000,1.0000,-20.5000,-20.5000,9680.0000,10367.0000,10367.0000
2011-07-15,"MA_Crossover(34,47)",9651.5000,9721.2500,1.0000,1.0000,41.2500,41.2500,9721.2500,10408.2500,10408.2500
2011-07-18,"MA_Crossover(34,47)",9672.7500,9742.5000,1.0000,1.0000,21.2500,21.2500,9742.5000,10429.5000,10429.5000
2011-07-19,"MA_Crossover(34,47)",9827.2500,9895.2500,1.0000,1.0000,152.7500,152.7500,9895.2500,10582.2500,10582.2500
2011-07-20,"MA_Crossover(34,47)",9742.2500,9810.2500,1.0000,1.0000,-85.0000,-85.0000,9810.2500,10497.2500,10497.2500
2011-07-21,"MA_Crossover(34,47)",9667.0000,9735.2500,1.0000,1.0000,-75.0000,-75.0000,9735.2500,10422.2500,10422.2500
2011-07-22,"MA_Crossover(34,47)",9661.7500,9722.2500,1.0000,1.0000,-13.0000,-13.0000,9722.2500,10409.2500,10409.2500
2011-07-25,"MA_Crossover(34,47)",9640.2500,9700.7500,1.0000,1.0000,-21.5000,-21.5000,9700.7500,10387.7500,10387.7500
2011-07-26,"MA_Crossover(34,47)",9805.5000,9866.0000,1.0000,1.0000,165.2500,165.2500,9866.0000,10553.0000,10553.0000
2011-07-27,"MA_Crossover(34,47)",9763.2500,9823.7500,1.0000,1.0000,-42.2500,-42.2500,9823.7500,10510.7500,10510.7500
2011-07-28,"MA_Crossover(34,47)",9799.0000,9859.5000,1.0000,1.0000,35.7500,35.7500,9859.5000,10546.5000,10546.5000
2011-07-29,"MA_Crossover(34,47)",9815.5000,9876.0000,1.0000,1.0000,16.5000,16.5000,9876.0000,10563.0000,10563.0000
2011-08-01,"MA_Crossover(34,47)",9633.5000,9694.0000,1.0000,1.0000,-182.0000,-182.0000,9694.0000,10381.0000,10381.0000
2011-08-02,"MA_Crossover(34,47)",9662.0000,9722.5000,1.0000,1.0000,28.5000,28.5000,9722.5000,10409.5000,10409.5000
2011-08-03,"MA_Crossover(34,47)",9514.7500,9575.2500,1.0000,1.0000,-147.2500,-147.2500,9575.2500,10262.2500,10262.2500
2011-08-04,"MA_Crossover(34,47)",9334.0000,9394.5000,1.0000,1.0000,-180.7500,-180.7500,9394.5000,10081.5000,10081.5000
2011-08-05,"MA_Crossover(34,47)",9021.0000,9081.5000,1.0000,1.0000,-313.0000,-313.0000,9081.5000,9768.5000,9768.5000
2011-08-08,"MA_Crossover(34,47)",8763.7500,8824.2500,1.0000,1.0000,-257.2500,-257.2500,8824.2500,9511.2500,9511.2500
2011-08-09,"MA_Crossover(34,47)",8712.7500,8773.2500,1.0000,1.0000,-51.0000,-51.0000,8773.2500,9460.2500,9460.2500
2011-08-10,"MA_Crossover(34,47)",8574.7500,8635.2500,1.0000,1.0000,-138.0000,-138.0000,8635.2500,9322.2500,9322.2500
2011-08-11,"MA_Crossover(34,47)",8860.0000,8920.5000,1.0000,1.0000,285.2500,285.2500,8920.5000,9607.5000,9607.5000
2011-08-12,"MA_Crossover(34,47)",8845.5000,8906.0000,1.0000,1.0000,-14.5000,-14.5000,8906.0000,9593.0000,9593.0000
2011-08-15,"MA_Crossover(34,47)",8888.2500,8948.7500,1.0000,1.0000,42.7500,42.7500,8948.7500,9635.7500,9635.7500
2011-08-16,"MA_Crossover(34,47)",8819.7500,8875.7500,1.0000,1.0000,-73.0000,-73.0000,8875.7500,9562.7500,9562.7500
2011-08-17,"MA_Crossover(34,47)",8954.5000,9010.7500,1.0000,1.0000,135.0000,135.0000,9010.7500,9697.7500,9697.7500
2011-08-18,"MA_Crossover(34,47)",8759.7500,8815.7500,1.0000,1.0000,-195.0000,-195.0000,8815.7500,9502.7500,9502.7500
2011-08-19,"MA_Crossover(34,47)",8813.7500,8863.7500,1.0000,1.0000,48.0000,48.0000,8863.7500,9550.7500,9550.7500
2011-08-22,"MA_Crossover(34,47)",8708.5000,8758.5000,1.0000,1.0000,-105.2500,-105.2500,8758.5000,9445.5000,9445.5000
2011-08-23,"MA_Crossover(34,47)",8838.7500,8888.7500,1.0000,1.0000,130.2500,130.2500,8888.7500,9575.7500,9575.7500
2011-08-24,"MA_Crossover(34,47)",8866.0000,8916.0000,1.0000,1.0000,27.2500,27.2500,8916.0000,9603.0000,9603.0000
2011-08-25,"MA_Crossover(34,47)",9022.0000,9072.0000,-1.0000,1.0000,156.0000,156.0000,9072.0000,9759.0000,9759.0000
2011-08-26,"MA_Crossover(34,47)",9066.7500,9116.7500,-1.0000,-1.0000,44.7500,-44.7500,-9116.7500,9714.2500,9714.2500
2011-08-30,"MA_Crossover(34,47)",9150.5000,9200.5000,-1.0000,-1.0000,83.7500,-83.7500,-9200.5000,9630.5000,9630.5000
2011-08-31,"MA_Crossover(34,47)",9263.7500,9313.7500,-1.0000,-1.0000,113.2500,-113.2500,-9313.7500,9517.2500,9517.2500
2011-09-01,"MA_Crossover(34,47)",9132.2500,9182.2500,-1.0000,-1.0000,-131.5000,131.5000,-9182.2500,9648.7500,9648.7500
2011-09-02,"MA_Crossover(34,47)",9062.2500,9112.2500,-1.0000,-1.0000,-70.0000,70.0000,-9112.2500,9718.7500,9718.7500
2011-09-05,"MA_Crossover(34,47)",8945.0000,8995.0000,-1.0000,-1.0000,-117.2500,117.2500,-8995.0000,9836.0000,9836.0000
2011-09-06,"MA_Crossover(34,47)",8918.0000,8968.0000,-1.0000,-1.0000,-27.0000,27.0000,-8968.0000,9863.0000,9863.0000
2011-09-07,"MA_Crossover(34,47)",9078.0000,9128.0000,-1.0000,-1.0000,160.0000,-160.0000,-9128.0000,9703.0000,9703.0000
2011-09-08,"MA_Crossover(34,47)",9100.0000,9150.0000,-1.0000,-1.0000,22.0000,-22.0000,-9150.0000,9681.0000,9681.0000
2011-09-09,"MA_Crossover(34,47)",8803.2500,8853.2500,-1.0000,-1.0000,-296.7500,296.7500,-8853.2500,9977.7500,9977.7500
2011-09-12,"MA_Crossover(34,47)",8735.2500,8785.2500,-1.0000,-1.0000,-68.0000,68.0000,-8785.2500,10045.7500,10045.7500
2011-09-13,"MA_Crossover(34,47)",8748.7500,8798.7500,-1.0000,-1.0000,13.5000,-13.5000,-8798.7500,10032.2500,10032.2500
2011-09-14,"MA_Crossover(34,47)",8606.7500,8656.7500,-1.0000,-1.0000,-142.0000,142.0000,-8656.7500,10174.2500,10174.2500
2011-09-15,"MA_Crossover(34,47)",8687.5000,8737.5000,-1.0000,-1.0000,80.7500,-80.7500,-8737.5000,10093.5000,10093.5000
2011-09-16,"MA_Crossover(34,47)",8671.7500,8721.7500,-1.0000,-1.0000,-15.7500,15.7500,-8721.7500,10109.2500,10109.2500
2011-09-19,"MA_Crossover(34,47)",8339.0000,8389.0000,-1.0000,-1.0000,-332.7500,332.7500,-8389.0000,10442.0000,10442.0000
2011-09-20,"MA_Crossover(34,47)",8291.0000,8336.7500,-1.0000,-1.0000,-52.2500,52.2500,-8336.7500,10494.2500,10494.2500
2011-09-21,"MA_Crossover(34,47)",8287.0000,8332.0000,-1.0000,-1.0000,-4.7500,4.7500,-8332.0000,10499.0000,10499.0000
2011-09-22,"MA_Crossover(34,47)",7663.2500,7708.0000,-1.0000,-1.0000,-624.0000,624.0000,-7708.0000,11123.0000,11123.0000
2011-09-23,"MA_Crossover(34,47)",7354.5000,7393.2500,-1.0000,-1.0000,-314.7500,314.7500,-7393.2500,11437.7500,11437.7500
2011-09-26,"MA_Crossover(34,47)",7261.7500,7300.5000,-1.0000,-1.0000,-92.7500,92.7500,-7300.5000,11530.5000,11530.5000
2011-09-27,"MA_Crossover(34,47)",7588.7500,7627.5000,-1.0000,-1.0000,327.0000,-327.0000,-7627.5000,11203.5000,11203.5000
2011-09-28,"MA_Crossover(34,47)",7240.0000,7278.7500,-1.0000,-1.0000,-348.7500,348.7500,-7278.7500,11552.2500,11552.2500
2011-09-29,"MA_Crossover(34,47)",7217.2500,7256.0000,-1.0000,-1.0000,-22.7500,22.7500,-7256.0000,11575.0000,11575.0000
2011-09-30,"MA_Crossover(34,47)",7004.5000,7043.2500,-1.0000,-1.0000,-212.7500,212.7500,-7043.2500,11787.7500,11787.7500
2011-10-03,"MA_Crossover(34,47)",6974.7500,7013.5000,-1.0000,-1.0000,-29.7500,29.7500,-7013.5000,11817.5000,11817.5000
2011-10-04,"MA_Crossover(34,47)",6784.7500,6823.5000,-1.0000,-1.0000,-190.0000,190.0000,-6823.5000,12007.5000,12007.5000
2011-10-05,"MA_Crossover(34,47)",6805.7500,6844.5000,-1.0000,-1.0000,21.0000,-21.0000,-6844.5000,11986.5000,11986.5000
2011-10-06,"MA_Crossover(34,47)",7211.7500,7250.5000,-1.0000,-1.0000,406.0000,-406.0000,-7250.5000,11580.5000,11580.5000
2011-10-07,"MA_Crossover(34,47)",7353.2500,7392.0000,-1.0000,-1.0000,141.5000,-141.5000,-7392.0000,11439.0000,11439.0000
2011-10-10,"MA_Crossover(34,47)",7479.0000,7517.7500,-1.0000,-1.0000,125.7500,-125.7500,-7517.7500,11313.2500,11313.2500
2011-10-11,"MA_Crossover(34,47)",7274.0000,7312.7500,-1.0000,-1.0000,-205.0000,205.0000,-7312.7500,11518.2500,11518.2500
2011-10-12,"MA_Crossover(34,47)",7510.0000,7548.7500,-1.0000,-1.0000,236.0000,-236.0000,-7548.7500,11282.2500,11282.2500
2011-10-13,"MA_Crossover(34,47)",7294.2500,7333.0000,-1.0000,-1.0000,-215.7500,215.7500,-7333.0000,11498.0000,11498.0000
2011-10-14,"MA_Crossover(34,47)",7533.0000,7571.7500,-1.0000,-1.0000,238.7500,-238.7500,-7571.7500,11259.2500,11259.2500
2011-10-17,"MA_Crossover(34,47)",7481.0000,7519.7500,-1.0000,-1.0000,-52.0000,52.0000,-7519.7500,11311.2500,11311.2500
2011-10-18,"MA_Crossover(34,47)",7443.0000,7476.7500,-1.0000,-1.0000,-43.0000,43.0000,-7476.7500,11354.2500,11354.2500
2011-10-19,"MA_Crossover(34,47)",7204.5000,7239.0000,-1.0000,-1.0000,-237.7500,237.7500,-7239.0000,11592.0000,11592.0000
2011-10-20,"MA_Crossover(34,47)",6729.0000,6764.2500,-1.0000,-1.0000,-474.7500,474.7500,-6764.2500,12066.7500,12066.7500
2011-10-21,"MA_Crossover(34,47)",7143.5000,7174.2500,-1.0000,-1.0000,410.0000,-410.0000,-7174.2500,11656.7500,11656.7500
2011-10-24,"MA_Crossover(34,47)",7636.5000,7667.2500,-1.0000,-1.0000,493.0000,-493.0000,-7667.2500,11163.7500,11163.7500
2011-10-25,"MA_Crossover(34,47)",7530.0000,7560.7500,-1.0000,-1.0000,-106.5000,106.5000,-7560.7500,11270.2500,11270.2500
2011-10-26,"MA_Crossover(34,47)",7682.0000,7712.7500,-1.0000,-1.0000,152.0000,-152.0000,-7712.7500,11118.2500,11118.2500
2011-10-27,"MA_Crossover(34,47)",8149.0000,8179.7500,-1.0000,-1.0000,467.0000,-467.0000,-8179.7500,10651.2500,10651.2500
2011-10-28,"MA_Crossover(34,47)",8174.5000,8205.2500,-1.0000,-1.0000,25.5000,-25.5000,-8205.2500,10625.7500,10625.7500
2011-10-31,"MA_Crossover(34,47)",7986.0000,8016.7500,-1.0000,-1.0000,-188.5000,188.5000,-8016.7500,10814.2500,10814.2500
2011-11-01,"MA_Crossover(34,47)",7719.5000,7750.2500,-1.0000,-1.0000,-266.5000,266.5000,-7750.2500,11080.7500,11080.7500
2011-11-02,"MA_Crossover(34,47)",7874.5000,7905.2500,-1.0000,-1.0000,155.0000,-155.0000,-7905.2500,10925.7500,10925.7500
2011-11-03,"MA_Crossover(34,47)",7905.7500,7936.5000,-1.0000,-1.0000,31.2500,-31.2500,-7936.5000,10894.5000,10894.5000
2011-11-04,"MA_Crossover(34,47)",7856.2500,7887.0000,-1.0000,-1.0000,-49.5000,49.5000,-7887.0000,10944.0000,10944.0000
2011-11-07,"MA_Crossover(34,47)",7810.0000,7840.7500,-1.0000,-1.0000,-46.2500,46.2500,-7840.7500,10990.2500,10990.2500
2011-11-08,"MA_Crossover(34,47)",7786.0000,7816.7500,-1.0000,-1.0000,-24.0000,24.0000,-7816.7500,11014.2500,11014.2500
2011-11-09,"MA_Crossover(34,47)",7609.0000,7639.7500,-1.0000,-1.0000,-177.0000,177.0000,-7639.7500,11191.2500,11191.2500
2011-11-10,"MA_Crossover(34,47)",7458.2500,7489.0000,-1.0000,-1.0000,-150.7500,150.7500,-7489.0000,11342.0000,11342.0000
2011-11-11,"MA_Crossover(34,47)",7621.0000,7651.7500,-1.0000,-1.0000,162.7500,-162.7500,-7651.7500,11179.2500,11179.2500
2011-11-14,"MA_Crossover(34,47)",7739.0000,7769.7500,-1.0000,-1.0000,118.0000,-118.0000,-7769.7500,11061.2500,11061.2500
2011-11-15,"MA_Crossover(34,47)",7677.0000,7697.5000,-1.0000,-1.0000,-72.2500,72.2500,-7697.5000,11133.5000,11133.5000
2011-11-16,"MA_Crossover(34,47)",7723.2500,7744.5000,-1.0000,-1.0000,47.0000,-47.0000,-7744.5000,11086.5000,11086.5000
2011-11-17,"MA_Crossover(34,47)",7530.7500,7553.0000,-1.0000,-1.0000,-191.5000,191.5000,-7553.0000,11278.0000,11278.0000
2011-11-18,"MA_Crossover(34,47)",7513.7500,7530.2500,-1.0000,-1.0000,-22.7500,22.7500,-7530.2500,11300.7500,11300.7500
2011-11-21,"MA_Crossover(34,47)",7297.0000,7313.5000,-1.0000,-1.0000,-216.7500,216.7500,-7313.5000,11517.5000,11517.5000
2011-11-22,"MA_Crossover(34,47)",7316.0000,7332.5000,1.0000,-1.0000,19.0000,-19.0000,-7332.5000,11498.5000,11498.5000
2011-11-23,"MA_Crossover(34,47)",7226.0000,7242.5000,1.0000,1.0000,-90.0000,-90.0000,7242.5000,11408.5000,11408.5000
2011-11-24,"MA_Crossover(34,47)",7251.5000,7268.0000,1.0000,1.0000,25.5000,25.5000,7268.0000,11434.0000,11434.0000
2011-11-25,"MA_Crossover(34,47)",7217.2500,7233.7500,1.0000,1.0000,-34.2500,-34.2500,7233.7500,11399.7500,11399.7500
2011-11-28,"MA_Crossover(34,47)",7482.0000,7498.5000,1.0000,1.0000,264.7500,264.7500,7498.5000,11664.5000,11664.5000
2011-11-29,"MA_Crossover(34,47)",7475.2500,7491.7500,1.0000,1.0000,-6.7500,-6.7500,7491.7500,11657.7500,11657.7500
2011-11-30,"MA_Crossover(34,47)",7869.7500,7886.2500,1.0000,1.0000,394.5000,394.5000,7886.2500,12052.2500,12052.2500
2011-12-01,"MA_Crossover(34,47)",7772.0000,7788.5000,1.0000,1.0000,-97.7500,-97.7500,7788.5000,11954.5000,11954.5000
2011-12-02,"MA_Crossover(34,47)",7871.2500,7887.7500,1.0000,1.0000,99.2500,99.2500,7887.7500,12053.7500,12053.7500
2011-12-05,"MA_Crossover(34,47)",7922.0000,7938.5000,1.0000,1.0000,50.7500,50.7500,7938.5000,12104.5000,12104.5000
2011-12-06,"MA_Crossover(34,47)",7816.2500,7832.7500,1.0000,1.0000,-105.7500,-105.7500,7832.7500,11998.7500,11998.7500
2011-12-07,"MA_Crossover(34,47)",7799.5000,7816.0000,1.0000,1.0000,-16.7500,-16.7500,7816.0000,11982.0000,11982.0000
2011-12-08,"MA_Crossover(34,47)",7690.2500,7706.7500,1.0000,1.0000,-109.2500,-109.2500,7706.7500,11872.7500,11872.7500
2011-12-09,"MA_Crossover(34,47)",7796.2500,7812.7500,1.0000,1.0000,106.0000,106.0000,7812.7500,11978.7500,11978.7500
2011-12-12,"MA_Crossover(34,47)",7585.2500,7601.7500,1.0000,1.0000,-211.0000,-211.0000,7601.7500,11767.7500,11767.7500
2011-12-13,"MA_Crossover(34,47)",7579.7500,7596.2500,1.0000,1.0000,-5.5000,-5.5000,7596.2500,11762.2500,11762.2500
2011-12-14,"MA_Crossover(34,47)",7189.5000,7206.0000,1.0000,1.0000,-390.2500,-390.2500,7206.0000,11372.0000,11372.0000
2011-12-15,"MA_Crossover(34,47)",7193.0000,7209.5000,1.0000,1.0000,3.5000,3.5000,7209.5000,11375.5000,11375.5000
2011-12-16,"MA_Crossover(34,47)",7329.2500,7345.7500,1.0000,1.0000,136.2500,136.2500,7345.7500,11511.7500,11511.7500
2011-12-19,"MA_Crossover(34,47)",7243.2500,7259.7500,1.0000,1.0000,-86.0000,-86.0000,7259.7500,11425.7500,11425.7500
2011-12-20,"MA_Crossover(34,47)",7405.0000,7413.2500,-1.0000,1.0000,153.5000,153.5000,7413.2500,11579.2500,11579.2500
2011-12-21,"MA_Crossover(34,47)",7451.5000,7459.5000,-1.0000,-1.0000,46.2500,-46.2500,-7459.5000,11533.0000,11533.0000
2011-12-22,"MA_Crossover(34,47)",7541.5000,7549.0000,-1.0000,-1.0000,89.5000,-89.5000,-7549.0000,11443.5000,11443.5000
2011-12-23,"MA_Crossover(34,47)",7643.5000,7649.0000,-1.0000,-1.0000,100.0000,-100.0000,-7649.0000,11343.5000,11343.5000
2011-12-28,"MA_Crossover(34,47)",7460.0000,7465.5000,-1.0000,-1.0000,-183.5000,183.5000,-7465.5000,11527.0000,11527.0000
2011-12-29,"MA_Crossover(34,47)",7418.7500,7424.2500,-1.0000,-1.0000,-41.2500,41.2500,-7424.2500,11568.2500,11568.2500
2011-12-30,"MA_Crossover(34,47)",7595.0000,7600.5000,-1.0000,-1.0000,176.2500,-176.2500,-7600.5000,11392.0000,11392.0000
2012-01-03,"MA_Crossover(34,47)",7782.2500,7787.7500,-1.0000,-1.0000,187.2500,-187.2500,-7787.7500,11204.7500,11204.7500
2012-01-04,"MA_Crossover(34,47)",7531.2500,7536.7500,-1.0000,-1.0000,-251.0000,251.0000,-7536.7500,11455.7500,11455.7500
2012-01-05,"MA_Crossover(34,47)",7529.0000,7534.5000,-1.0000,-1.0000,-2.2500,2.2500,-7534.5000,11458.0000,11458.0000
2012-01-06,"MA_Crossover(34,47)",7568.7500,7574.2500,-1.0000,-1.0000,39.7500,-39.7500,-7574.2500,11418.2500,11418.2500
2012-01-09,"MA_Crossover(34,47)",7487.0000,7492.5000,-1.0000,-1.0000,-81.7500,81.7500,-7492.5000,11500.0000,11500.0000
2012-01-10,"MA_Crossover(34,47)",7733.2500,7738.7500,-1.0000,-1.0000,246.2500,-246.2500,-7738.7500,11253.7500,11253.7500
2012-01-11,"MA_Crossover(34,47)",7768.5000,7774.0000,-1.0000,-1.0000,35.2500,-35.2500,-7774.0000,11218.5000,11218.5000
2012-01-12,"MA_Crossover(34,47)",7995.7500,8001.2500,-1.0000,-1.0000,227.2500,-227.2500,-8001.2500,10991.2500,10991.2500
2012-01-13,"MA_Crossover(34,47)",7991.2500,7996.7500,1.0000,-1.0000,-4.5000,4.5000,-7996.7500,10995.7500,10995.7500
2012-01-16,"MA_Crossover(34,47)",8077.0000,8082.5000,1.0000,1.0000,85.7500,85.7500,8082.5000,11081.5000,11081.5000
2012-01-17,"MA_Crossover(34,47)",8195.0000,8198.2500,1.0000,1.0000,115.7500,115.7500,8198.2500,11197.2500,11197.2500
2012-01-18,"MA_Crossover(34,47)",8234.7500,8238.0000,1.0000,1.0000,39.7500,39.7500,8238.0000,11237.0000,11237.0000
2012-01-19,"MA_Crossover(34,47)",8363.2500,8366.0000,1.0000,1.0000,128.0000,128.0000,8366.0000,11365.0000,11365.0000
2012-01-20,"MA_Crossover(34,47)",8216.0000,8215.0000,1.0000,1.0000,-151.0000,-151.0000,8215.0000,11214.0000,11214.0000
2012-01-23,"MA_Crossover(34,47)",8362.0000,8361.0000,1.0000,1.0000,146.0000,146.0000,8361.0000,11360.0000,11360.0000
2012-01-24,"MA_Crossover(34,47)",8352.5000,8351.5000,1.0000,1.0000,-9.5000,-9.5000,8351.5000,11350.5000,11350.5000
2012-01-25,"MA_Crossover(34,47)",8380.0000,8379.0000,1.0000,1.0000,27.5000,27.5000,8379.0000,11378.0000,11378.0000
2012-01-26,"MA_Crossover(34,47)",8585.5000,8584.5000,1.0000,1.0000,205.5000,205.5000,8584.5000,11583.5000,11583.5000
2012-01-27,"MA_Crossover(34,47)",8519.2500,8518.2500,1.0000,1.0000,-66.2500,-66.2500,8518.2500,11517.2500,11517.2500
2012-01-30,"MA_Crossover(34,47)",8420.7500,8419.7500,1.0000,1.0000,-98.5000,-98.5000,8419.7500,11418.7500,11418.7500
2012-01-31,"MA_Crossover(34,47)",8307.0000,8306.0000,1.0000,1.0000,-113.7500,-113.7500,8306.0000,11305.0000,11305.0000
2012-02-01,"MA_Crossover(34,47)",8425.7500,8424.7500,1.0000,1.0000,118.7500,118.7500,8424.7500,11423.7500,11423.7500
2012-02-02,"MA_Crossover(34,47)",8327.7500,8326.7500,1.0000,1.0000,-98.0000,-98.0000,8326.7500,11325.7500,11325.7500
2012-02-03,"MA_Crossover(34,47)",8544.0000,8543.0000,1.0000,1.0000,216.2500,216.2500,8543.0000,11542.0000,11542.0000
2012-02-06,"MA_Crossover(34,47)",8478.2500,8477.2500,1.0000,1.0000,-65.7500,-65.7500,8477.2500,11476.2500,11476.2500
2012-02-07,"MA_Crossover(34,47)",8459.7500,8458.7500,1.0000,1.0000,-18.5000,-18.5000,8458.7500,11457.7500,11457.7500
2012-02-08,"MA_Crossover(34,47)",8557.5000,8556.5000,1.0000,1.0000,97.7500,97.7500,8556.5000,11555.5000,11555.5000
2012-02-09,"MA_Crossover(34,47)",8738.7500,8737.7500,1.0000,1.0000,181.2500,181.2500,8737.7500,11736.7500,11736.7500
2012-02-10,"MA_Crossover(34,47)",8461.2500,8460.2500,1.0000,1.0000,-277.5000,-277.5000,8460.2500,11459.2500,11459.2500
2012-02-13,"MA_Crossover(34,47)",8404.2500,8403.2500,1.0000,1.0000,-57.0000,-57.0000,8403.2500,11402.2500,11402.2500
2012-02-14,"MA_Crossover(34,47)",8405.5000,8399.0000,1.0000,1.0000,-4.2500,-4.2500,8399.0000,11398.0000,11398.0000
2012-02-15,"MA_Crossover(34,47)",8361.5000,8354.0000,1.0000,1.0000,-45.0000,-45.0000,8354.0000,11353.0000,11353.0000
2012-02-16,"MA_Crossover(34,47)",8294.0000,8285.5000,1.0000,1.0000,-68.5000,-68.5000,8285.5000,11284.5000,11284.5000
2012-02-17,"MA_Crossover(34,47)",8174.0000,8160.5000,1.0000,1.0000,-125.0000,-125.0000,8160.5000,11159.5000,11159.5000
2012-02-20,"MA_Crossover(34,47)",8234.5000,8221.0000,1.0000,1.0000,60.5000,60.5000,8221.0000,11220.0000,11220.0000
2012-02-21,"MA_Crossover(34,47)",8447.7500,8434.2500,1.0000,1.0000,213.2500,213.2500,8434.2500,11433.2500,11433.2500
2012-02-22,"MA_Crossover(34,47)",8436.2500,8422.7500,1.0000,1.0000,-11.5000,-11.5000,8422.7500,11421.7500,11421.7500
2012-02-23,"MA_Crossover(34,47)",8395.7500,8382.2500,1.0000,1.0000,-40.5000,-40.5000,8382.2500,11381.2500,11381.2500
2012-02-24,"MA_Crossover(34,47)",8549.0000,8535.5000,1.0000,1.0000,153.2500,153.2500,8535.5000,11534.5000,11534.5000
2012-02-27,"MA_Crossover(34,47)",8552.5000,8539.0000,1.0000,1.0000,3.5000,3.5000,8539.0000,11538.0000,11538.0000
2012-02-28,"MA_Crossover(34,47)",8605.5000,8592.0000,1.0000,1.0000,53.0000,53.0000,8592.0000,11591.0000,11591.0000
2012-02-29,"MA_Crossover(34,47)",8497.0000,8483.5000,1.0000,1.0000,-108.5000,-108.5000,8483.5000,11482.5000,11482.5000
2012-03-01,"MA_Crossover(34,47)",8628.0000,8614.5000,1.0000,1.0000,131.0000,131.0000,8614.5000,11613.5000,11613.5000
2012-03-02,"MA_Crossover(34,47)",8580.2500,8566.7500,1.0000,1.0000,-47.7500,-47.7500,8566.7500,11565.7500,11565.7500
2012-03-05,"MA_Crossover(34,47)",8503.5000,8490.0000,1.0000,1.0000,-76.7500,-76.7500,8490.0000,11489.0000,11489.0000
2012-03-06,"MA_Crossover(34,47)",8288.7500,8275.2500,1.0000,1.0000,-214.7500,-214.7500,8275.2500,11274.2500,11274.2500
2012-03-07,"MA_Crossover(34,47)",8295.7500,8282.2500,1.0000,1.0000,7.0000,7.0000,8282.2500,11281.2500,11281.2500
2012-03-08,"MA_Crossover(34,47)",8333.0000,8319.5000,1.0000,1.0000,37.2500,37.2500,8319.5000,11318.5000,11318.5000
2012-03-09,"MA_Crossover(34,47)",8503.5000,8490.0000,1.0000,1.0000,170.5000,170.5000,8490.0000,11489.0000,11489.0000
2012-03-12,"MA_Crossover(34,47)",8450.0000,8436.5000,1.0000,1.0000,-53.5000,-53.5000,8436.5000,11435.5000,11435.5000
2012-03-13,"MA_Crossover(34,47)",8563.0000,8549.5000,1.0000,1.0000,113.0000,113.0000,8549.5000,11548.5000,11548.5000
2012-03-14,"MA_Crossover(34,47)",8474.5000,8461.0000,1.0000,1.0000,-88.5000,-88.5000,8461.0000,11460.0000,11460.0000
2012-03-15,"MA_Crossover(34,47)",8583.0000,8569.5000,1.0000,1.0000,108.5000,108.5000,8569.5000,11568.5000,11568.5000
2012-03-16,"MA_Crossover(34,47)",8531.0000,8517.5000,1.0000,1.0000,-52.0000,-52.0000,8517.5000,11516.5000,11516.5000
2012-03-19,"MA_Crossover(34,47)",8601.5000,8588.0000,1.0000,1.0000,70.5000,70.5000,8588.0000,11587.0000,11587.0000
2012-03-20,"MA_Crossover(34,47)",8445.5000,8438.0000,1.0000,1.0000,-150.0000,-150.0000,8438.0000,11437.0000,11437.0000
2012-03-21,"MA_Crossover(34,47)",8474.5000,8464.0000,1.0000,1.0000,26.0000,26.0000,8464.0000,11463.0000,11463.0000
2012-03-22,"MA_Crossover(34,47)",8312.5000,8299.5000,1.0000,1.0000,-164.5000,-164.5000,8299.5000,11298.5000,11298.5000
2012-03-23,"MA_Crossover(34,47)",8399.5000,8400.5000,1.0000,1.0000,101.0000,101.0000,8400.5000,11399.5000,11399.5000
2012-03-26,"MA_Crossover(34,47)",8561.5000,8562.5000,1.0000,1.0000,162.0000,162.0000,8562.5000,11561.5000,11561.5000
2012-03-27,"MA_Crossover(34,47)",8553.5000,8554.5000,1.0000,1.0000,-8.0000,-8.0000,8554.5000,11553.5000,11553.5000
2012-03-28,"MA_Crossover(34,47)",8364.0000,8365.0000,-1.0000,1.0000,-189.5000,-189.5000,8365.0000,11364.0000,11364.0000
2012-03-29,"MA_Crossover(34,47)",8376.5000,8377.5000,-1.0000,-1.0000,12.5000,-12.5000,-8377.5000,11351.5000,11351.5000
2012-03-30,"MA_Crossover(34,47)",8469.0000,8470.0000,-1.0000,-1.0000,92.5000,-92.5000,-8470.0000,11259.0000,11259.0000
2012-04-02,"MA_Crossover(34,47)",8669.0000,8670.0000,-1.0000,-1.0000,200.0000,-200.0000,-8670.0000,11059.0000,11059.0000
2012-04-03,"MA_Crossover(34,47)",8636.0000,8637.0000,1.0000,-1.0000,-33.0000,33.0000,-8637.0000,11092.0000,11092.0000
2012-04-04,"MA_Crossover(34,47)",8357.5000,8358.5000,1.0000,1.0000,-278.5000,-278.5000,8358.5000,10813.5000,10813.5000
2012-04-05,"MA_Crossover(34,47)",8381.0000,8382.0000,1.0000,1.0000,23.5000,23.5000,8382.0000,10837.0000,10837.0000
2012-04-10,"MA_Crossover(34,47)",8055.5000,8056.5000,1.0000,1.0000,-325.5000,-325.5000,8056.5000,10511.5000,10511.5000
2012-04-11,"MA_Crossover(34,47)",8075.0000,8076.0000,1.0000,1.0000,19.5000,19.5000,8076.0000,10531.0000,10531.0000
2012-04-12,"MA_Crossover(34,47)",8263.2500,8264.2500,1.0000,1.0000,188.2500,188.2500,8264.2500,10719.2500,10719.2500
2012-04-13,"MA_Crossover(34,47)",8044.7500,8045.7500,1.0000,1.0000,-218.5000,-218.5000,8045.7500,10500.7500,10500.7500
2012-04-16,"MA_Crossover(34,47)",8049.5000,8050.5000,1.0000,1.0000,4.7500,4.7500,8050.5000,10505.5000,10505.5000
2012-04-17,"MA_Crossover(34,47)",8084.0000,8113.0000,-1.0000,1.0000,62.5000,62.5000,8113.0000,10568.0000,10568.0000
2012-04-18,"MA_Crossover(34,47)",8078.0000,8110.0000,-1.0000,-1.0000,-3.0000,3.0000,-8110.0000,10571.0000,10571.0000
2012-04-19,"MA_Crossover(34,47)",8072.0000,8108.0000,-1.0000,-1.0000,-2.0000,2.0000,-8108.0000,10573.0000,10573.0000
2012-04-20,"MA_Crossover(34,47)",8222.0000,8270.0000,-1.0000,-1.0000,162.0000,-162.0000,-8270.0000,10411.0000,10411.0000
2012-04-23,"MA_Crossover(34,47)",8092.0000,8140.0000,-1.0000,-1.0000,-130.0000,130.0000,-8140.0000,10541.0000,10541.0000
2012-04-24,"MA_Crossover(34,47)",8213.0000,8261.0000,-1.0000,-1.0000,121.0000,-121.0000,-8261.0000,10420.0000,10420.0000
2012-04-25,"MA_Crossover(34,47)",8264.0000,8312.0000,-1.0000,-1.0000,51.0000,-51.0000,-8312.0000,10369.0000,10369.0000
2012-04-26,"MA_Crossover(34,47)",8388.0000,8436.0000,-1.0000,-1.0000,124.0000,-124.0000,-8436.0000,10245.0000,10245.0000
2012-04-27,"MA_Crossover(34,47)",8494.0000,8542.0000,-1.0000,-1.0000,106.0000,-106.0000,-8542.0000,10139.0000,10139.0000
2012-04-30,"MA_Crossover(34,47)",8459.5000,8507.5000,-1.0000,-1.0000,-34.5000,34.5000,-8507.5000,10173.5000,10173.5000
2012-05-01,"MA_Crossover(34,47)",8472.0000,8520.0000,-1.0000,-1.0000,12.5000,-12.5000,-8520.0000,10161.0000,10161.0000
2012-05-02,"MA_Crossover(34,47)",8329.0000,8377.0000,-1.0000,-1.0000,-143.0000,143.0000,-8377.0000,10304.0000,10304.0000
2012-05-03,"MA_Crossover(34,47)",8259.5000,8307.5000,-1.0000,-1.0000,-69.5000,69.5000,-8307.5000,10373.5000,10373.5000
2012-05-04,"MA_Crossover(34,47)",8218.5000,8266.5000,-1.0000,-1.0000,-41.0000,41.0000,-8266.5000,10414.5000,10414.5000
2012-05-08,"MA_Crossover(34,47)",8158.5000,8206.5000,-1.0000,-1.0000,-60.0000,60.0000,-8206.5000,10474.5000,10474.5000
2012-05-09,"MA_Crossover(34,47)",8136.0000,8184.0000,-1.0000,-1.0000,-22.5000,22.5000,-8184.0000,10497.0000,10497.0000
2012-05-10,"MA_Crossover(34,47)",8191.0000,8239.0000,-1.0000,-1.0000,55.0000,-55.0000,-8239.0000,10442.0000,10442.0000
2012-05-11,"MA_Crossover(34,47)",8098.0000,8146.0000,-1.0000,-1.0000,-93.0000,93.0000,-8146.0000,10535.0000,10535.0000
2012-05-14,"MA_Crossover(34,47)",7900.0000,7948.0000,-1.0000,-1.0000,-198.0000,198.0000,-7948.0000,10733.0000,10733.0000
2012-05-15,"MA_Crossover(34,47)",7795.0000,7846.0000,-1.0000,-1.0000,-102.0000,102.0000,-7846.0000,10835.0000,10835.0000
2012-05-16,"MA_Crossover(34,47)",7690.0000,7738.0000,-1.0000,-1.0000,-108.0000,108.0000,-7738.0000,10943.0000,10943.0000
2012-05-17,"MA_Crossover(34,47)",7690.5000,7738.5000,-1.0000,-1.0000,0.5000,-0.5000,-7738.5000,10942.5000,10942.5000
2012-05-18,"MA_Crossover(34,47)",7696.0000,7768.0000,-1.0000,-1.0000,29.5000,-29.5000,-7768.0000,10913.0000,10913.0000
2012-05-21,"MA_Crossover(34,47)",7780.0000,7852.0000,-1.0000,-1.0000,84.0000,-84.0000,-7852.0000,10829.0000,10829.0000
2012-05-22,"MA_Crossover(34,47)",7786.0000,7858.0000,-1.0000,-1.0000,6.0000,-6.0000,-7858.0000,10823.0000,10823.0000
2012-05-23,"MA_Crossover(34,47)",7578.0000,7650.0000,-1.0000,-1.0000,-208.0000,208.0000,-7650.0000,11031.0000,11031.0000
2012-05-24,"MA_Crossover(34,47)",7656.5000,7728.5000,-1.0000,-1.0000,78.5000,-78.5000,-7728.5000,10952.5000,10952.5000
2012-05-25,"MA_Crossover(34,47)",7673.0000,7745.0000,-1.0000,-1.0000,16.5000,-16.5000,-7745.0000,10936.0000,10936.0000
2012-05-28,"MA_Crossover(34,47)",7715.5000,7787.5000,-1.0000,-1.0000,42.5000,-42.5000,-7787.5000,10893.5000,10893.5000
2012-05-29,"MA_Crossover(34,47)",7686.0000,7758.0000,-1.0000,-1.0000,-29.5000,29.5000,-7758.0000,10923.0000,10923.0000
2012-05-30,"MA_Crossover(34,47)",7491.0000,7563.0000,-1.0000,-1.0000,-195.0000,195.0000,-7563.0000,11118.0000,11118.0000
2012-05-31,"MA_Crossover(34,47)",7440.0000,7512.0000,-1.0000,-1.0000,-51.0000,51.0000,-7512.0000,11169.0000,11169.0000
2012-06-01,"MA_Crossover(34,47)",7378.5000,7450.5000,-1.0000,-1.0000,-61.5000,61.5000,-7450.5000,11230.5000,11230.5000
2012-06-06,"MA_Crossover(34,47)",7413.0000,7485.0000,-1.0000,-1.0000,34.5000,-34.5000,-7485.0000,11196.0000,11196.0000
2012-06-07,"MA_Crossover(34,47)",7492.5000,7564.5000,-1.0000,-1.0000,79.5000,-79.5000,-7564.5000,11116.5000,11116.5000
2012-06-08,"MA_Crossover(34,47)",7287.0000,7359.0000,-1.0000,-1.0000,-205.5000,205.5000,-7359.0000,11322.0000,11322.0000
2012-06-11,"MA_Crossover(34,47)",7412.5000,7484.5000,-1.0000,-1.0000,125.5000,-125.5000,-7484.5000,11196.5000,11196.5000
2012-06-12,"MA_Crossover(34,47)",7385.0000,7457.0000,-1.0000,-1.0000,-27.5000,27.5000,-7457.0000,11224.0000,11224.0000
2012-06-13,"MA_Crossover(34,47)",7378.7500,7450.7500,-1.0000,-1.0000,-6.2500,6.2500,-7450.7500,11230.2500,11230.2500
2012-06-14,"MA_Crossover(34,47)",7406.5000,7478.5000,-1.0000,-1.0000,27.7500,-27.7500,-7478.5000,11202.5000,11202.5000
2012-06-15,"MA_Crossover(34,47)",7499.2500,7571.2500,-1.0000,-1.0000,92.7500,-92.7500,-7571.2500,11109.7500,11109.7500
2012-06-18,"MA_Crossover(34,47)",7498.2500,7570.2500,-1.0000,-1.0000,-1.0000,1.0000,-7570.2500,11110.7500,11110.7500
2012-06-19,"MA_Crossover(34,47)",7609.7500,7672.7500,-1.0000,-1.0000,102.5000,-102.5000,-7672.7500,11008.2500,11008.2500
2012-06-20,"MA_Crossover(34,47)",7547.0000,7610.0000,-1.0000,-1.0000,-62.7500,62.7500,-7610.0000,11071.0000,11071.0000
2012-06-21,"MA_Crossover(34,47)",7352.0000,7415.0000,-1.0000,-1.0000,-195.0000,195.0000,-7415.0000,11266.0000,11266.0000
2012-06-22,"MA_Crossover(34,47)",7326.0000,7387.0000,-1.0000,-1.0000,-28.0000,28.0000,-7387.0000,11294.0000,11294.0000
2012-06-25,"MA_Crossover(34,47)",7353.5000,7414.5000,-1.0000,-1.0000,27.5000,-27.5000,-7414.5000,11266.5000,11266.5000
2012-06-26,"MA_Crossover(34,47)",7381.0000,7442.0000,-1.0000,-1.0000,27.5000,-27.5000,-7442.0000,11239.0000,11239.0000
2012-06-27,"MA_Crossover(34,47)",7425.2500,7486.2500,-1.0000,-1.0000,44.2500,-44.2500,-7486.2500,11194.7500,11194.7500
2012-06-28,"MA_Crossover(34,47)",7397.0000,7458.0000,-1.0000,-1.0000,-28.2500,28.2500,-7458.0000,11223.0000,11223.0000
2012-06-29,"MA_Crossover(34,47)",7696.5000,7757.5000,-1.0000,-1.0000,299.5000,-299.5000,-7757.5000,10923.5000,10923.5000
2012-07-02,"MA_Crossover(34,47)",7638.7500,7699.7500,-1.0000,-1.0000,-57.7500,57.7500,-7699.7500,10981.2500,10981.2500
2012-07-03,"MA_Crossover(34,47)",7825.0000,7886.0000,-1.0000,-1.0000,186.2500,-186.2500,-7886.0000,10795.0000,10795.0000
2012-07-04,"MA_Crossover(34,47)",7728.5000,7789.5000,-1.0000,-1.0000,-96.5000,96.5000,-7789.5000,10891.5000,10891.5000
2012-07-05,"MA_Crossover(34,47)",7702.5000,7763.5000,-1.0000,-1.0000,-26.0000,26.0000,-7763.5000,10917.5000,10917.5000
2012-07-06,"MA_Crossover(34,47)",7536.0000,7597.0000,-1.0000,-1.0000,-166.5000,166.5000,-7597.0000,11084.0000,11084.0000
2012-07-09,"MA_Crossover(34,47)",7560.5000,7621.5000,-1.0000,-1.0000,24.5000,-24.5000,-7621.5000,11059.5000,11059.5000
2012-07-10,"MA_Crossover(34,47)",7492.7500,7553.7500,-1.0000,-1.0000,-67.7500,67.7500,-7553.7500,11127.2500,11127.2500
2012-07-11,"MA_Crossover(34,47)",7549.5000,7610.5000,-1.0000,-1.0000,56.7500,-56.7500,-7610.5000,11070.5000,11070.5000
2012-07-12,"MA_Crossover(34,47)",7574.5000,7635.5000,-1.0000,-1.0000,25.0000,-25.0000,-7635.5000,11045.5000,11045.5000
2012-07-13,"MA_Crossover(34,47)",7709.5000,7770.5000,-1.0000,-1.0000,135.0000,-135.0000,-7770.5000,10910.5000,10910.5000
2012-07-16,"MA_Crossover(34,47)",7695.0000,7756.0000,-1.0000,-1.0000,-14.5000,14.5000,-7756.0000,10925.0000,10925.0000
2012-07-17,"MA_Crossover(34,47)",7597.0000,7657.5000,-1.0000,-1.0000,-98.5000,98.5000,-7657.5000,11023.5000,11023.5000
2012-07-18,"MA_Crossover(34,47)",7641.5000,7702.0000,-1.0000,-1.0000,44.5000,-44.5000,-7702.0000,10979.0000,10979.0000
2012-07-19,"MA_Crossover(34,47)",7737.0000,7797.0000,-1.0000,-1.0000,95.0000,-95.0000,-7797.0000,10884.0000,10884.0000
2012-07-20,"MA_Crossover(34,47)",7547.0000,7607.0000,-1.0000,-1.0000,-190.0000,190.0000,-7607.0000,11074.0000,11074.0000
2012-07-23,"MA_Crossover(34,47)",7402.7500,7462.7500,-1.0000,-1.0000,-144.2500,144.2500,-7462.7500,11218.2500,11218.2500
2012-07-24,"MA_Crossover(34,47)",7418.7500,7478.7500,-1.0000,-1.0000,16.0000,-16.0000,-7478.7500,11202.2500,11202.2500
2012-07-25,"MA_Crossover(34,47)",7447.2500,7507.2500,-1.0000,-1.0000,28.5000,-28.5000,-7507.2500,11173.7500,11173.7500
2012-07-26,"MA_Crossover(34,47)",7470.0000,7530.0000,-1.0000,-1.0000,22.7500,-22.7500,-7530.0000,11151.0000,11151.0000
2012-07-27,"MA_Crossover(34,47)",7562.0000,7622.0000,-1.0000,-1.0000,92.0000,-92.0000,-7622.0000,11059.0000,11059.0000
2012-07-30,"MA_Crossover(34,47)",7538.5000,7598.5000,1.0000,-1.0000,-23.5000,23.5000,-7598.5000,11082.5000,11082.5000
2012-07-31,"MA_Crossover(34,47)",7555.5000,7615.5000,1.0000,1.0000,17.0000,17.0000,7615.5000,11099.5000,11099.5000
2012-08-01,"MA_Crossover(34,47)",7421.7500,7481.7500,1.0000,1.0000,-133.7500,-133.7500,7481.7500,10965.7500,10965.7500
2012-08-02,"MA_Crossover(34,47)",7325.2500,7385.2500,1.0000,1.0000,-96.5000,-96.5000,7385.2500,10869.2500,10869.2500
2012-08-03,"MA_Crossover(34,47)",7443.5000,7503.5000,1.0000,1.0000,118.2500,118.2500,7503.5000,10987.5000,10987.5000
2012-08-06,"MA_Crossover(34,47)",7495.2500,7555.2500,1.0000,1.0000,51.7500,51.7500,7555.2500,11039.2500,11039.2500
2012-08-07,"MA_Crossover(34,47)",7583.5000,7643.5000,1.0000,1.0000,88.2500,88.2500,7643.5000,11127.5000,11127.5000
2012-08-08,"MA_Crossover(34,47)",7553.5000,7613.5000,1.0000,1.0000,-30.0000,-30.0000,7613.5000,11097.5000,11097.5000
2012-08-09,"MA_Crossover(34,47)",7531.0000,7591.0000,1.0000,1.0000,-22.5000,-22.5000,7591.0000,11075.0000,11075.0000
2012-08-10,"MA_Crossover(34,47)",7484.2500,7544.2500,1.0000,1.0000,-46.7500,-46.7500,7544.2500,11028.2500,11028.2500
2012-08-13,"MA_Crossover(34,47)",7382.2500,7442.2500,1.0000,1.0000,-102.0000,-102.0000,7442.2500,10926.2500,10926.2500
2012-08-14,"MA_Crossover(34,47)",7413.2500,7467.2500,1.0000,1.0000,25.0000,25.0000,7467.2500,10951.2500,10951.2500
2012-08-15,"MA_Crossover(34,47)",7383.5000,7437.5000,1.0000,1.0000,-29.7500,-29.7500,7437.5000,10921.5000,10921.5000
2012-08-16,"MA_Crossover(34,47)",7450.7500,7503.2500,1.0000,1.0000,65.7500,65.7500,7503.2500,10987.2500,10987.2500
2012-08-17,"MA_Crossover(34,47)",7540.5000,7591.5000,1.0000,1.0000,88.2500,88.2500,7591.5000,11075.5000,11075.5000
2012-08-20,"MA_Crossover(34,47)",7455.5000,7506.5000,1.0000,1.0000,-85.0000,-85.0000,7506.5000,10990.5000,10990.5000
2012-08-21,"MA_Crossover(34,47)",7612.5000,7663.5000,1.0000,1.0000,157.0000,157.0000,7663.5000,11147.5000,11147.5000
2012-08-22,"MA_Crossover(34,47)",7607.5000,7658.5000,-1.0000,1.0000,-5.0000,-5.0000,7658.5000,11142.5000,11142.5000
2012-08-23,"MA_Crossover(34,47)",7684.5000,7735.5000,-1.0000,-1.0000,77.0000,-77.0000,-7735.5000,11065.5000,11065.5000
2012-08-24,"MA_Crossover(34,47)",7637.0000,7688.0000,-1.0000,-1.0000,-47.5000,47.5000,-7688.0000,11113.0000,11113.0000
2012-08-28,"MA_Crossover(34,47)",7603.0000,7654.0000,-1.0000,-1.0000,-34.0000,34.0000,-7654.0000,11147.0000,11147.0000
2012-08-29,"MA_Crossover(34,47)",7570.5000,7621.5000,-1.0000,-1.0000,-32.5000,32.5000,-7621.5000,11179.5000,11179.5000
2012-08-30,"MA_Crossover(34,47)",7563.7500,7614.7500,-1.0000,-1.0000,-6.7500,6.7500,-7614.7500,11186.2500,11186.2500
2012-08-31,"MA_Crossover(34,47)",7613.5000,7664.5000,-1.0000,-1.0000,49.7500,-49.7500,-7664.5000,11136.5000,11136.5000
2012-09-03,"MA_Crossover(34,47)",7680.7500,7731.7500,-1.0000,-1.0000,67.2500,-67.2500,-7731.7500,11069.2500,11069.2500
2012-09-04,"MA_Crossover(34,47)",7635.7500,7686.7500,-1.0000,-1.0000,-45.0000,45.0000,-7686.7500,11114.2500,11114.2500
2012-09-05,"MA_Crossover(34,47)",7734.0000,7785.0000,-1.0000,-1.0000,98.2500,-98.2500,-7785.0000,11016.0000,11016.0000
2012-09-06,"MA_Crossover(34,47)",7695.7500,7746.7500,-1.0000,-1.0000,-38.2500,38.2500,-7746.7500,11054.2500,11054.2500
2012-09-07,"MA_Crossover(34,47)",7961.7500,8012.7500,-1.0000,-1.0000,266.0000,-266.0000,-8012.7500,10788.2500,10788.2500
2012-09-10,"MA_Crossover(34,47)",8057.5000,8108.5000,-1.0000,-1.0000,95.7500,-95.7500,-8108.5000,10692.5000,10692.5000
2012-09-11,"MA_Crossover(34,47)",8078.2500,8129.2500,1.0000,-1.0000,20.7500,-20.7500,-8129.2500,10671.7500,10671.7500
2012-09-12,"MA_Crossover(34,47)",8082.0000,8133.0000,1.0000,1.0000,3.7500,3.7500,8133.0000,10675.5000,10675.5000
2012-09-13,"MA_Crossover(34,47)",8060.0000,8111.0000,1.0000,1.0000,-22.0000,-22.0000,8111.0000,10653.5000,10653.5000
2012-09-14,"MA_Crossover(34,47)",8363.0000,8414.0000,1.0000,1.0000,303.0000,303.0000,8414.0000,10956.5000,10956.5000
2012-09-17,"MA_Crossover(34,47)",8282.7500,8333.7500,1.0000,1.0000,-80.2500,-80.2500,8333.7500,10876.2500,10876.2500
2012-09-18,"MA_Crossover(34,47)",8311.2500,8357.5000,1.0000,1.0000,23.7500,23.7500,8357.5000,10900.0000,10900.0000
2012-09-19,"MA_Crossover(34,47)",8344.0000,8388.7500,1.0000,1.0000,31.2500,31.2500,8388.7500,10931.2500,10931.2500
2012-09-20,"MA_Crossover(34,47)",8268.5000,8313.5000,1.0000,1.0000,-75.2500,-75.2500,8313.5000,10856.0000,10856.0000
2012-09-21,"MA_Crossover(34,47)",8282.0000,8323.2500,1.0000,1.0000,9.7500,9.7500,8323.2500,10865.7500,10865.7500
2012-09-24,"MA_Crossover(34,47)",8181.5000,8222.7500,1.0000,1.0000,-100.5000,-100.5000,8222.7500,10765.2500,10765.2500
2012-09-25,"MA_Crossover(34,47)",8276.0000,8317.2500,1.0000,1.0000,94.5000,94.5000,8317.2500,10859.7500,10859.7500
2012-09-26,"MA_Crossover(34,47)",8125.0000,8166.2500,1.0000,1.0000,-151.0000,-151.0000,8166.2500,10708.7500,10708.7500
2012-09-27,"MA_Crossover(34,47)",8181.5000,8222.7500,1.0000,1.0000,56.5000,56.5000,8222.7500,10765.2500,10765.2500
2012-09-28,"MA_Crossover(34,47)",8213.0000,8254.2500,1.0000,1.0000,31.5000,31.5000,8254.2500,10796.7500,10796.7500
2012-10-01,"MA_Crossover(34,47)",8302.7500,8344.0000,1.0000,1.0000,89.7500,89.7500,8344.0000,10886.5000,10886.5000
2012-10-02,"MA_Crossover(34,47)",8328.7500,8370.0000,1.0000,1.0000,26.0000,26.0000,8370.0000,10912.5000,10912.5000
2012-10-03,"MA_Crossover(34,47)",8289.0000,8330.2500,1.0000,1.0000,-39.7500,-39.7500,8330.2500,10872.7500,10872.7500
2012-10-04,"MA_Crossover(34,47)",8298.0000,8339.2500,1.0000,1.0000,9.0000,9.0000,8339.2500,10881.7500,10881.7500
2012-10-05,"MA_Crossover(34,47)",8297.0000,8338.2500,1.0000,1.0000,-1.0000,-1.0000,8338.2500,10880.7500,10880.7500
2012-10-08,"MA_Crossover(34,47)",8183.0000,8224.2500,1.0000,1.0000,-114.0000,-114.0000,8224.2500,10766.7500,10766.7500
2012-10-09,"MA_Crossover(34,47)",8141.5000,8182.7500,1.0000,1.0000,-41.5000,-41.5000,8182.7500,10725.2500,10725.2500
2012-10-10,"MA_Crossover(34,47)",8166.5000,8207.7500,1.0000,1.0000,25.0000,25.0000,8207.7500,10750.2500,10750.2500
2012-10-11,"MA_Crossover(34,47)",8242.5000,8283.7500,1.0000,1.0000,76.0000,76.0000,8283.7500,10826.2500,10826.2500
2012-10-12,"MA_Crossover(34,47)",8132.0000,8173.2500,1.0000,1.0000,-110.5000,-110.5000,8173.2500,10715.7500,10715.7500
2012-10-15,"MA_Crossover(34,47)",8095.5000,8136.7500,1.0000,1.0000,-36.5000,-36.5000,8136.7500,10679.2500,10679.2500
2012-10-16,"MA_Crossover(34,47)",8125.0000,8168.2500,1.0000,1.0000,31.5000,31.5000,8168.2500,10710.7500,10710.7500
2012-10-17,"MA_Crossover(34,47)",8223.5000,8266.7500,1.0000,1.0000,98.5000,98.5000,8266.7500,10809.2500,10809.2500
2012-10-18,"MA_Crossover(34,47)",8223.5000,8265.7500,1.0000,1.0000,-1.0000,-1.0000,8265.7500,10808.2500,10808.2500
2012-10-19,"MA_Crossover(34,47)",8015.0000,8057.2500,1.0000,1.0000,-208.5000,-208.5000,8057.2500,10599.7500,10599.7500
2012-10-22,"MA_Crossover(34,47)",7953.0000,7995.2500,1.0000,1.0000,-62.0000,-62.0000,7995.2500,10537.7500,10537.7500
2012-10-23,"MA_Crossover(34,47)",7834.0000,7876.2500,1.0000,1.0000,-119.0000,-119.0000,7876.2500,10418.7500,10418.7500
2012-10-24,"MA_Crossover(34,47)",7820.5000,7862.7500,1.0000,1.0000,-13.5000,-13.5000,7862.7500,10405.2500,10405.2500
2012-10-25,"MA_Crossover(34,47)",7819.0000,7861.2500,1.0000,1.0000,-1.5000,-1.5000,7861.2500,10403.7500,10403.7500
2012-10-26,"MA_Crossover(34,47)",7824.5000,7866.7500,1.0000,1.0000,5.5000,5.5000,7866.7500,10409.2500,10409.2500
2012-10-29,"MA_Crossover(34,47)",7703.2500,7745.5000,1.0000,1.0000,-121.2500,-121.2500,7745.5000,10288.0000,10288.0000
2012-10-30,"MA_Crossover(34,47)",7724.7500,7767.0000,1.0000,1.0000,21.5000,21.5000,7767.0000,10309.5000,10309.5000
2012-10-31,"MA_Crossover(34,47)",7761.7500,7804.0000,1.0000,1.0000,37.0000,37.0000,7804.0000,10346.5000,10346.5000
2012-11-01,"MA_Crossover(34,47)",7828.0000,7870.2500,1.0000,1.0000,66.2500,66.2500,7870.2500,10412.7500,10412.7500
2012-11-02,"MA_Crossover(34,47)",7665.2500,7707.5000,1.0000,1.0000,-162.7500,-162.7500,7707.5000,10250.0000,10250.0000
2012-11-05,"MA_Crossover(34,47)",7646.0000,7688.2500,1.0000,1.0000,-19.2500,-19.2500,7688.2500,10230.7500,10230.7500
2012-11-06,"MA_Crossover(34,47)",7695.2500,7737.5000,1.0000,1.0000,49.2500,49.2500,7737.5000,10280.0000,10280.0000
2012-11-07,"MA_Crossover(34,47)",7600.2500,7642.5000,-1.0000,1.0000,-95.0000,-95.0000,7642.5000,10185.0000,10185.0000
2012-11-08,"MA_Crossover(34,47)",7628.2500,7670.5000,-1.0000,-1.0000,28.0000,-28.0000,-7670.5000,10157.0000,10157.0000
2012-11-09,"MA_Crossover(34,47)",7568.0000,7610.2500,-1.0000,-1.0000,-60.2500,60.2500,-7610.2500,10217.2500,10217.2500
2012-11-12,"MA_Crossover(34,47)",7635.7500,7678.0000,-1.0000,-1.0000,67.7500,-67.7500,-7678.0000,10149.5000,10149.5000
2012-11-13,"MA_Crossover(34,47)",7676.5000,7718.7500,-1.0000,-1.0000,40.7500,-40.7500,-7718.7500,10108.7500,10108.7500
2012-11-14,"MA_Crossover(34,47)",7633.7500,7676.0000,-1.0000,-1.0000,-42.7500,42.7500,-7676.0000,10151.5000,10151.5000
2012-11-15,"MA_Crossover(34,47)",7631.5000,7673.7500,-1.0000,-1.0000,-2.2500,2.2500,-7673.7500,10153.7500,10153.7500
2012-11-16,"MA_Crossover(34,47)",7596.2500,7638.5000,-1.0000,-1.0000,-35.2500,35.2500,-7638.5000,10189.0000,10189.0000
2012-11-19,"MA_Crossover(34,47)",7793.0000,7835.2500,-1.0000,-1.0000,196.7500,-196.7500,-7835.2500,9992.2500,9992.2500
2012-11-20,"MA_Crossover(34,47)",7778.0000,7815.5000,-1.0000,-1.0000,-19.7500,19.7500,-7815.5000,10012.0000,10012.0000
2012-11-21,"MA_Crossover(34,47)",7685.2500,7724.2500,-1.0000,-1.0000,-91.2500,91.2500,-7724.2500,10103.2500,10103.2500
2012-11-22,"MA_Crossover(34,47)",7708.2500,7747.5000,-1.0000,-1.0000,23.2500,-23.2500,-7747.5000,10080.0000,10080.0000
2012-11-23,"MA_Crossover(34,47)",7770.5000,7806.0000,-1.0000,-1.0000,58.5000,-58.5000,-7806.0000,10021.5000,10021.5000
2012-11-26,"MA_Crossover(34,47)",7772.0000,7807.5000,-1.0000,-1.0000,1.5000,-1.5000,-7807.5000,10020.0000,10020.0000
2012-11-27,"MA_Crossover(34,47)",7797.2500,7832.7500,-1.0000,-1.0000,25.2500,-25.2500,-7832.7500,9994.7500,9994.7500
2012-11-28,"MA_Crossover(34,47)",7754.5000,7790.0000,-1.0000,-1.0000,-42.7500,42.7500,-7790.0000,10037.5000,10037.5000
2012-11-29,"MA_Crossover(34,47)",7890.2500,7925.7500,-1.0000,-1.0000,135.7500,-135.7500,-7925.7500,9901.7500,9901.7500
2012-11-30,"MA_Crossover(34,47)",7983.2500,8018.7500,-1.0000,-1.0000,93.0000,-93.0000,-8018.7500,9808.7500,9808.7500
2012-12-03,"MA_Crossover(34,47)",7991.7500,8027.2500,-1.0000,-1.0000,8.5000,-8.5000,-8027.2500,9800.2500,9800.2500
2012-12-04,"MA_Crossover(34,47)",8016.0000,8051.5000,-1.0000,-1.0000,24.2500,-24.2500,-8051.5000,9776.0000,9776.0000
2012-12-05,"MA_Crossover(34,47)",8058.0000,8093.5000,-1.0000,-1.0000,42.0000,-42.0000,-8093.5000,9734.0000,9734.0000
2012-12-06,"MA_Crossover(34,47)",7981.7500,8017.2500,-1.0000,-1.0000,-76.2500,76.2500,-8017.2500,9810.2500,9810.2500
2012-12-07,"MA_Crossover(34,47)",8014.7500,8050.2500,-1.0000,-1.0000,33.0000,-33.0000,-8050.2500,9777.2500,9777.2500
2012-12-10,"MA_Crossover(34,47)",8111.5000,8147.0000,-1.0000,-1.0000,96.7500,-96.7500,-8147.0000,9680.5000,9680.5000
2012-12-11,"MA_Crossover(34,47)",8076.5000,8112.0000,-1.0000,-1.0000,-35.0000,35.0000,-8112.0000,9715.5000,9715.5000
2012-12-12,"MA_Crossover(34,47)",8106.7500,8142.2500,-1.0000,-1.0000,30.2500,-30.2500,-8142.2500,9685.2500,9685.2500
2012-12-13,"MA_Crossover(34,47)",8052.2500,8087.7500,-1.0000,-1.0000,-54.5000,54.5000,-8087.7500,9739.7500,9739.7500
2012-12-14,"MA_Crossover(34,47)",8043.2500,8078.7500,-1.0000,-1.0000,-9.0000,9.0000,-8078.7500,9748.7500,9748.7500
2012-12-17,"MA_Crossover(34,47)",8038.7500,8074.2500,-1.0000,-1.0000,-4.5000,4.5000,-8074.2500,9753.2500,9753.2500
2012-12-18,"MA_Crossover(34,47)",8007.2500,8042.7500,-1.0000,-1.0000,-31.5000,31.5000,-8042.7500,9784.7500,9784.7500
2012-12-19,"MA_Crossover(34,47)",7909.0000,7945.0000,-1.0000,-1.0000,-97.7500,97.7500,-7945.0000,9882.5000,9882.5000
2012-12-20,"MA_Crossover(34,47)",7753.5000,7789.5000,-1.0000,-1.0000,-155.5000,155.5000,-7789.5000,10038.0000,10038.0000
2012-12-21,"MA_Crossover(34,47)",7817.0000,7843.5000,1.0000,-1.0000,54.0000,-54.0000,-7843.5000,9984.0000,9984.0000
2012-12-24,"MA_Crossover(34,47)",7796.7500,7823.2500,1.0000,1.0000,-20.2500,-20.2500,7823.2500,9963.7500,9963.7500
2012-12-27,"MA_Crossover(34,47)",7900.5000,7927.0000,1.0000,1.0000,103.7500,103.7500,7927.0000,10067.5000,10067.5000
2012-12-28,"MA_Crossover(34,47)",7871.5000,7898.0000,1.0000,1.0000,-29.0000,-29.0000,7898.0000,10038.5000,10038.5000
2012-12-31,"MA_Crossover(34,47)",7912.5000,7939.0000,1.0000,1.0000,41.0000,41.0000,7939.0000,10079.5000,10079.5000
2013-01-02,"MA_Crossover(34,47)",8188.7500,8215.2500,1.0000,1.0000,276.2500,276.2500,8215.2500,10355.7500,10355.7500
2013-01-03,"MA_Crossover(34,47)",8140.7500,8167.2500,1.0000,1.0000,-48.0000,-48.0000,8167.2500,10307.7500,10307.7500
2013-01-04,"MA_Crossover(34,47)",8059.2500,8085.7500,1.0000,1.0000,-81.5000,-81.5000,8085.7500,10226.2500,10226.2500
2013-01-07,"MA_Crossover(34,47)",8041.2500,8067.7500,1.0000,1.0000,-18.0000,-18.0000,8067.7500,10208.2500,10208.2500
2013-01-08,"MA_Crossover(34,47)",8048.7500,8075.2500,1.0000,1.0000,7.5000,7.5000,8075.2500,10215.7500,10215.7500
2013-01-09,"MA_Crossover(34,47)",8048.7500,8075.2500,1.0000,1.0000,0.0000,0.0000,8075.2500,10215.7500,10215.7500
2013-01-10,"MA_Crossover(34,47)",8085.0000,8111.5000,1.0000,1.0000,36.2500,36.2500,8111.5000,10252.0000,10252.0000
2013-01-11,"MA_Crossover(34,47)",8017.2500,8043.7500,1.0000,1.0000,-67.7500,-67.7500,8043.7500,10184.2500,10184.2500
2013-01-14,"MA_Crossover(34,47)",7968.0000,7994.5000,1.0000,1.0000,-49.2500,-49.2500,7994.5000,10135.0000,10135.0000
2013-01-15,"MA_Crossover(34,47)",7977.2500,7998.7500,1.0000,1.0000,4.2500,4.2500,7998.7500,10139.2500,10139.2500
2013-01-16,"MA_Crossover(34,47)",7929.5000,7951.0000,1.0000,1.0000,-47.7500,-47.7500,7951.0000,10091.5000,10091.5000
2013-01-17,"MA_Crossover(34,47)",8037.7500,8059.0000,1.0000,1.0000,108.0000,108.0000,8059.0000,10199.5000,10199.5000
2013-01-18,"MA_Crossover(34,47)",8047.2500,8059.2500,1.0000,1.0000,0.2500,0.2500,8059.2500,10199.7500,10199.7500
2013-01-21,"MA_Crossover(34,47)",8038.5000,8050.5000,1.0000,1.0000,-8.7500,-8.7500,8050.5000,10191.0000,10191.0000
2013-01-22,"MA_Crossover(34,47)",8114.5000,8126.5000,1.0000,1.0000,76.0000,76.0000,8126.5000,10267.0000,10267.0000
2013-01-23,"MA_Crossover(34,47)",8084.5000,8096.5000,1.0000,1.0000,-30.0000,-30.0000,8096.5000,10237.0000,10237.0000
2013-01-24,"MA_Crossover(34,47)",8074.7500,8086.7500,1.0000,1.0000,-9.7500,-9.7500,8086.7500,10227.2500,10227.2500
2013-01-25,"MA_Crossover(34,47)",8007.7500,8019.7500,1.0000,1.0000,-67.0000,-67.0000,8019.7500,10160.2500,10160.2500
2013-01-28,"MA_Crossover(34,47)",8025.7500,8037.7500,1.0000,1.0000,18.0000,18.0000,8037.7500,10178.2500,10178.2500
2013-01-29,"MA_Crossover(34,47)",8078.2500,8090.2500,1.0000,1.0000,52.5000,52.5000,8090.2500,10230.7500,10230.7500
2013-01-30,"MA_Crossover(34,47)",8200.7500,8212.7500,1.0000,1.0000,122.5000,122.5000,8212.7500,10353.2500,10353.2500
2013-01-31,"MA_Crossover(34,47)",8137.5000,8149.5000,1.0000,1.0000,-63.2500,-63.2500,8149.5000,10290.0000,10290.0000
2013-02-01,"MA_Crossover(34,47)",8263.5000,8275.5000,1.0000,1.0000,126.0000,126.0000,8275.5000,10416.0000,10416.0000
2013-02-04,"MA_Crossover(34,47)",8276.2500,8288.2500,1.0000,1.0000,12.7500,12.7500,8288.2500,10428.7500,10428.7500
2013-02-05,"MA_Crossover(34,47)",8240.2500,8252.2500,1.0000,1.0000,-36.0000,-36.0000,8252.2500,10392.7500,10392.7500
2013-02-06,"MA_Crossover(34,47)",8215.2500,8227.2500,1.0000,1.0000,-25.0000,-25.0000,8227.2500,10367.7500,10367.7500
2013-02-07,"MA_Crossover(34,47)",8170.2500,8182.2500,1.0000,1.0000,-45.0000,-45.0000,8182.2500,10322.7500,10322.7500
2013-02-08,"MA_Crossover(34,47)",8264.7500,8276.7500,1.0000,1.0000,94.5000,94.5000,8276.7500,10417.2500,10417.2500
2013-02-11,"MA_Crossover(34,47)",8169.5000,8181.5000,1.0000,1.0000,-95.2500,-95.2500,8181.5000,10322.0000,10322.0000
2013-02-12,"MA_Crossover(34,47)",8203.5000,8215.5000,1.0000,1.0000,34.0000,34.0000,8215.5000,10356.0000,10356.0000
2013-02-13,"MA_Crossover(34,47)",8193.7500,8205.7500,1.0000,1.0000,-9.7500,-9.7500,8205.7500,10346.2500,10346.2500
2013-02-14,"MA_Crossover(34,47)",8206.0000,8218.0000,1.0000,1.0000,12.2500,12.2500,8218.0000,10358.5000,10358.5000
2013-02-15,"MA_Crossover(34,47)",8172.7500,8184.7500,1.0000,1.0000,-33.2500,-33.2500,8184.7500,10325.2500,10325.2500
2013-02-18,"MA_Crossover(34,47)",8085.2500,8097.2500,1.0000,1.0000,-87.5000,-87.5000,8097.2500,10237.7500,10237.7500
2013-02-19,"MA_Crossover(34,47)",8030.5000,8035.2500,1.0000,1.0000,-62.0000,-62.0000,8035.2500,10175.7500,10175.7500
2013-02-20,"MA_Crossover(34,47)",7939.7500,7944.5000,1.0000,1.0000,-90.7500,-90.7500,7944.5000,10085.0000,10085.0000
2013-02-21,"MA_Crossover(34,47)",7844.5000,7846.2500,1.0000,1.0000,-98.2500,-98.2500,7846.2500,9986.7500,9986.7500
2013-02-22,"MA_Crossover(34,47)",7784.5000,7781.2500,1.0000,1.0000,-65.0000,-65.0000,7781.2500,9921.7500,9921.7500
2013-02-25,"MA_Crossover(34,47)",7821.5000,7818.2500,1.0000,1.0000,37.0000,37.0000,7818.2500,9958.7500,9958.7500
2013-02-26,"MA_Crossover(34,47)",7842.0000,7838.7500,1.0000,1.0000,20.5000,20.5000,7838.7500,9979.2500,9979.2500
2013-02-27,"MA_Crossover(34,47)",7850.5000,7847.2500,1.0000,1.0000,8.5000,8.5000,7847.2500,9987.7500,9987.7500
2013-02-28,"MA_Crossover(34,47)",7792.2500,7789.0000,1.0000,1.0000,-58.2500,-58.2500,7789.0000,9929.5000,9929.5000
2013-03-01,"MA_Crossover(34,47)",7680.5000,7677.2500,1.0000,1.0000,-111.7500,-111.7500,7677.2500,9817.7500,9817.7500
2013-03-04,"MA_Crossover(34,47)",7702.5000,7699.2500,1.0000,1.0000,22.0000,22.0000,7699.2500,9839.7500,9839.7500
2013-03-05,"MA_Crossover(34,47)",7748.0000,7744.7500,1.0000,1.0000,45.5000,45.5000,7744.7500,9885.2500,9885.2500
2013-03-06,"MA_Crossover(34,47)",7664.2500,7661.0000,-1.0000,1.0000,-83.7500,-83.7500,7661.0000,9801.5000,9801.5000
2013-03-07,"MA_Crossover(34,47)",7739.0000,7735.7500,-1.0000,-1.0000,74.7500,-74.7500,-7735.7500,9726.7500,9726.7500
2013-03-08,"MA_Crossover(34,47)",7715.0000,7711.7500,-1.0000,-1.0000,-24.0000,24.0000,-7711.7500,9750.7500,9750.7500
2013-03-11,"MA_Crossover(34,47)",7729.2500,7726.0000,-1.0000,-1.0000,14.2500,-14.2500,-7726.0000,9736.5000,9736.5000
2013-03-12,"MA_Crossover(34,47)",7801.0000,7797.7500,-1.0000,-1.0000,71.7500,-71.7500,-7797.7500,9664.7500,9664.7500
2013-03-13,"MA_Crossover(34,47)",7760.5000,7757.2500,-1.0000,-1.0000,-40.5000,40.5000,-7757.2500,9705.2500,9705.2500
2013-03-14,"MA_Crossover(34,47)",7775.7500,7772.5000,-1.0000,-1.0000,15.2500,-15.2500,-7772.5000,9690.0000,9690.0000
2013-03-15,"MA_Crossover(34,47)",7725.0000,7721.7500,-1.0000,-1.0000,-50.7500,50.7500,-7721.7500,9740.7500,9740.7500
2013-03-18,"MA_Crossover(34,47)",7542.0000,7538.7500,-1.0000,-1.0000,-183.0000,183.0000,-7538.7500,9923.7500,9923.7500
2013-03-19,"MA_Crossover(34,47)",7508.7500,7502.7500,-1.0000,-1.0000,-36.0000,36.0000,-7502.7500,9959.7500,9959.7500
2013-03-20,"MA_Crossover(34,47)",7600.0000,7593.7500,-1.0000,-1.0000,91.0000,-91.0000,-7593.7500,9868.7500,9868.7500
2013-03-21,"MA_Crossover(34,47)",7562.2500,7556.2500,-1.0000,-1.0000,-37.5000,37.5000,-7556.2500,9906.2500,9906.2500
2013-03-22,"MA_Crossover(34,47)",7635.5000,7619.2500,-1.0000,-1.0000,63.0000,-63.0000,-7619.2500,9843.2500,9843.2500
2013-03-25,"MA_Crossover(34,47)",7599.2500,7583.0000,-1.0000,-1.0000,-36.2500,36.2500,-7583.0000,9879.5000,9879.5000
2013-03-26,"MA_Crossover(34,47)",7604.5000,7588.2500,-1.0000,-1.0000,5.2500,-5.2500,-7588.2500,9874.2500,9874.2500
2013-03-27,"MA_Crossover(34,47)",7585.0000,7568.7500,-1.0000,-1.0000,-19.5000,19.5000,-7568.7500,9893.7500,9893.7500
2013-03-28,"MA_Crossover(34,47)",7518.2500,7502.0000,-1.0000,-1.0000,-66.7500,66.7500,-7502.0000,9960.5000,9960.5000
2013-04-02,"MA_Crossover(34,47)",7443.7500,7427.5000,-1.0000,-1.0000,-74.5000,74.5000,-7427.5000,10035.0000,10035.0000
2013-04-03,"MA_Crossover(34,47)",7365.5000,7349.2500,-1.0000,-1.0000,-78.2500,78.2500,-7349.2500,10113.2500,10113.2500
2013-04-04,"MA_Crossover(34,47)",7417.5000,7401.2500,-1.0000,-1.0000,52.0000,-52.0000,-7401.2500,10061.2500,10061.2500
2013-04-05,"MA_Crossover(34,47)",7382.0000,7365.7500,-1.0000,-1.0000,-35.5000,35.5000,-7365.7500,10096.7500,10096.7500
2013-04-08,"MA_Crossover(34,47)",7424.5000,7408.2500,-1.0000,-1.0000,42.5000,-42.5000,-7408.2500,10054.2500,10054.2500
2013-04-09,"MA_Crossover(34,47)",7605.0000,7588.7500,-1.0000,-1.0000,180.5000,-180.5000,-7588.7500,9873.7500,9873.7500
2013-04-10,"MA_Crossover(34,47)",7548.0000,7531.7500,-1.0000,-1.0000,-57.0000,57.0000,-7531.7500,9930.7500,9930.7500
2013-04-11,"MA_Crossover(34,47)",7580.2500,7564.0000,-1.0000,-1.0000,32.2500,-32.2500,-7564.0000,9898.5000,9898.5000
2013-04-12,"MA_Crossover(34,47)",7375.5000,7359.2500,-1.0000,-1.0000,-204.7500,204.7500,-7359.2500,10103.2500,10103.2500
2013-04-15,"MA_Crossover(34,47)",7168.2500,7152.0000,-1.0000,-1.0000,-207.2500,207.2500,-7152.0000,10310.5000,10310.5000
2013-04-16,"MA_Crossover(34,47)",7283.5000,7262.0000,-1.0000,-1.0000,110.0000,-110.0000,-7262.0000,10200.5000,10200.5000
2013-04-17,"MA_Crossover(34,47)",7063.5000,7041.7500,-1.0000,-1.0000,-220.2500,220.2500,-7041.7500,10420.7500,10420.7500
2013-04-18,"MA_Crossover(34,47)",7075.0000,7052.7500,-1.0000,-1.0000,11.0000,-11.0000,-7052.7500,10409.7500,10409.7500
2013-04-19,"MA_Crossover(34,47)",6974.5000,6942.2500,-1.0000,-1.0000,-110.5000,110.5000,-6942.2500,10520.2500,10520.2500
2013-04-22,"MA_Crossover(34,47)",6919.0000,6886.7500,-1.0000,-1.0000,-55.5000,55.5000,-6886.7500,10575.7500,10575.7500
2013-04-23,"MA_Crossover(34,47)",6854.0000,6821.7500,-1.0000,-1.0000,-65.0000,65.0000,-6821.7500,10640.7500,10640.7500
2013-04-24,"MA_Crossover(34,47)",7011.7500,6979.5000,-1.0000,-1.0000,157.7500,-157.7500,-6979.5000,10483.0000,10483.0000
2013-04-25,"MA_Crossover(34,47)",7158.0000,7125.7500,-1.0000,-1.0000,146.2500,-146.2500,-7125.7500,10336.7500,10336.7500
2013-04-26,"MA_Crossover(34,47)",7005.5000,6973.2500,-1.0000,-1.0000,-152.5000,152.5000,-6973.2500,10489.2500,10489.2500
2013-04-29,"MA_Crossover(34,47)",7127.5000,7095.2500,-1.0000,-1.0000,122.0000,-122.0000,-7095.2500,10367.2500,10367.2500
2013-04-30,"MA_Crossover(34,47)",7027.5000,6995.2500,-1.0000,-1.0000,-100.0000,100.0000,-6995.2500,10467.2500,10467.2500
2013-05-01,"MA_Crossover(34,47)",6767.7500,6735.5000,-1.0000,-1.0000,-259.7500,259.7500,-6735.5000,10727.0000,10727.0000
2013-05-02,"MA_Crossover(34,47)",6820.7500,6788.5000,-1.0000,-1.0000,53.0000,-53.0000,-6788.5000,10674.0000,10674.0000
2013-05-03,"MA_Crossover(34,47)",7246.2500,7214.0000,-1.0000,-1.0000,425.5000,-425.5000,-7214.0000,10248.5000,10248.5000
2013-05-07,"MA_Crossover(34,47)",7241.0000,7208.7500,-1.0000,-1.0000,-5.2500,5.2500,-7208.7500,10253.7500,10253.7500
2013-05-08,"MA_Crossover(34,47)",7395.7500,7363.5000,-1.0000,-1.0000,154.7500,-154.7500,-7363.5000,10099.0000,10099.0000
2013-05-09,"MA_Crossover(34,47)",7330.5000,7298.2500,-1.0000,-1.0000,-65.2500,65.2500,-7298.2500,10164.2500,10164.2500
2013-05-10,"MA_Crossover(34,47)",7355.0000,7322.7500,-1.0000,-1.0000,24.5000,-24.5000,-7322.7500,10139.7500,10139.7500
2013-05-13,"MA_Crossover(34,47)",7388.5000,7356.2500,-1.0000,-1.0000,33.5000,-33.5000,-7356.2500,10106.2500,10106.2500
2013-05-14,"MA_Crossover(34,47)",7231.0000,7191.2500,-1.0000,-1.0000,-165.0000,165.0000,-7191.2500,10271.2500,10271.2500
2013-05-15,"MA_Crossover(34,47)",7184.5000,7144.5000,-1.0000,-1.0000,-46.7500,46.7500,-7144.5000,10318.0000,10318.0000
2013-05-16,"MA_Crossover(34,47)",7265.0000,7225.5000,-1.0000,-1.0000,81.0000,-81.0000,-7225.5000,10237.0000,10237.0000
2013-05-17,"MA_Crossover(34,47)",7289.2500,7242.0000,-1.0000,-1.0000,16.5000,-16.5000,-7242.0000,10220.5000,10220.5000
2013-05-20,"MA_Crossover(34,47)",7382.0000,7334.7500,-1.0000,-1.0000,92.7500,-92.7500,-7334.7500,10127.7500,10127.7500
2013-05-21,"MA_Crossover(34,47)",7353.0000,7305.7500,-1.0000,-1.0000,-29.0000,29.0000,-7305.7500,10156.7500,10156.7500
2013-05-22,"MA_Crossover(34,47)",7459.0000,7411.7500,-1.0000,-1.0000,106.0000,-106.0000,-7411.7500,10050.7500,10050.7500
2013-05-23,"MA_Crossover(34,47)",7283.0000,7235.7500,-1.0000,-1.0000,-176.0000,176.0000,-7235.7500,10226.7500,10226.7500
2013-05-24,"MA_Crossover(34,47)",7281.7500,7234.5000,-1.0000,-1.0000,-1.2500,1.2500,-7234.5000,10228.0000,10228.0000
2013-05-28,"MA_Crossover(34,47)",7303.0000,7255.7500,-1.0000,-1.0000,21.2500,-21.2500,-7255.7500,10206.7500,10206.7500
2013-05-29,"MA_Crossover(34,47)",7244.2500,7197.0000,-1.0000,-1.0000,-58.7500,58.7500,-7197.0000,10265.5000,10265.5000
2013-05-30,"MA_Crossover(34,47)",7296.7500,7249.5000,-1.0000,-1.0000,52.5000,-52.5000,-7249.5000,10213.0000,10213.0000
2013-05-31,"MA_Crossover(34,47)",7290.2500,7243.0000,-1.0000,-1.0000,-6.5000,6.5000,-7243.0000,10219.5000,10219.5000
2013-06-03,"MA_Crossover(34,47)",7318.2500,7271.0000,-1.0000,-1.0000,28.0000,-28.0000,-7271.0000,10191.5000,10191.5000
2013-06-04,"MA_Crossover(34,47)",7431.5000,7384.2500,-1.0000,-1.0000,113.2500,-113.2500,-7384.2500,10078.2500,10078.2500
2013-06-05,"MA_Crossover(34,47)",7430.0000,7382.7500,-1.0000,-1.0000,-1.5000,1.5000,-7382.7500,10079.7500,10079.7500
2013-06-06,"MA_Crossover(34,47)",7307.0000,7259.7500,-1.0000,-1.0000,-123.0000,123.0000,-7259.7500,10202.7500,10202.7500
2013-06-07,"MA_Crossover(34,47)",7203.0000,7155.7500,-1.0000,-1.0000,-104.0000,104.0000,-7155.7500,10306.7500,10306.7500
2013-06-10,"MA_Crossover(34,47)",7133.5000,7086.2500,-1.0000,-1.0000,-69.5000,69.5000,-7086.2500,10376.2500,10376.2500
2013-06-11,"MA_Crossover(34,47)",7034.7500,6987.5000,-1.0000,-1.0000,-98.7500,98.7500,-6987.5000,10475.0000,10475.0000
2013-06-12,"MA_Crossover(34,47)",7090.2500,7043.0000,-1.0000,-1.0000,55.5000,-55.5000,-7043.0000,10419.5000,10419.5000
2013-06-13,"MA_Crossover(34,47)",7019.5000,6972.2500,1.0000,-1.0000,-70.7500,70.7500,-6972.2500,10490.2500,10490.2500
2013-06-14,"MA_Crossover(34,47)",7056.7500,7009.5000,1.0000,1.0000,37.2500,37.2500,7009.5000,10527.5000,10527.5000
2013-06-17,"MA_Crossover(34,47)",7047.7500,7000.5000,1.0000,1.0000,-9.0000,-9.0000,7000.5000,10518.5000,10518.5000
2013-06-18,"MA_Crossover(34,47)",6983.7500,6935.2500,1.0000,1.0000,-65.2500,-65.2500,6935.2500,10453.2500,10453.2500
2013-06-19,"MA_Crossover(34,47)",6939.7500,6891.2500,1.0000,1.0000,-44.0000,-44.0000,6891.2500,10409.2500,10409.2500
2013-06-20,"MA_Crossover(34,47)",6751.0000,6701.7500,1.0000,1.0000,-189.5000,-189.5000,6701.7500,10219.7500,10219.7500
2013-06-21,"MA_Crossover(34,47)",6797.5000,6735.7500,1.0000,1.0000,34.0000,34.0000,6735.7500,10253.7500,10253.7500
2013-06-24,"MA_Crossover(34,47)",6649.7500,6588.0000,1.0000,1.0000,-147.7500,-147.7500,6588.0000,10106.0000,10106.0000
2013-06-25,"MA_Crossover(34,47)",6774.7500,6713.0000,1.0000,1.0000,125.0000,125.0000,6713.0000,10231.0000,10231.0000
2013-06-26,"MA_Crossover(34,47)",6715.7500,6654.0000,1.0000,1.0000,-59.0000,-59.0000,6654.0000,10172.0000,10172.0000
2013-06-27,"MA_Crossover(34,47)",6735.5000,6673.7500,1.0000,1.0000,19.7500,19.7500,6673.7500,10191.7500,10191.7500
2013-06-28,"MA_Crossover(34,47)",6738.5000,6676.7500,1.0000,1.0000,3.0000,3.0000,6676.7500,10194.7500,10194.7500
2013-07-01,"MA_Crossover(34,47)",6986.5000,6924.7500,-1.0000,1.0000,248.0000,248.0000,6924.7500,10442.7500,10442.7500
2013-07-02,"MA_Crossover(34,47)",6924.0000,6862.2500,-1.0000,-1.0000,-62.5000,62.5000,-6862.2500,10505.2500,10505.2500
2013-07-03,"MA_Crossover(34,47)",7002.0000,6940.2500,-1.0000,-1.0000,78.0000,-78.0000,-6940.2500,10427.2500,10427.2500
2013-07-04,"MA_Crossover(34,47)",6959.0000,6897.2500,-1.0000,-1.0000,-43.0000,43.0000,-6897.2500,10470.2500,10470.2500
2013-07-05,"MA_Crossover(34,47)",6787.5000,6725.7500,-1.0000,-1.0000,-171.5000,171.5000,-6725.7500,10641.7500,10641.7500
2013-07-08,"MA_Crossover(34,47)",6825.0000,6763.2500,-1.0000,-1.0000,37.5000,-37.5000,-6763.2500,10604.2500,10604.2500
2013-07-09,"MA_Crossover(34,47)",6729.5000,6667.7500,-1.0000,-1.0000,-95.5000,95.5000,-6667.7500,10699.7500,10699.7500
2013-07-10,"MA_Crossover(34,47)",6821.5000,6759.7500,-1.0000,-1.0000,92.0000,-92.0000,-6759.7500,10607.7500,10607.7500
2013-07-11,"MA_Crossover(34,47)",6993.7500,6932.0000,-1.0000,-1.0000,172.2500,-172.2500,-6932.0000,10435.5000,10435.5000
2013-07-12,"MA_Crossover(34,47)",6940.5000,6878.7500,-1.0000,-1.0000,-53.2500,53.2500,-6878.7500,10488.7500,10488.7500
2013-07-15,"MA_Crossover(34,47)",6892.7500,6831.0000,-1.0000,-1.0000,-47.7500,47.7500,-6831.0000,10536.5000,10536.5000
2013-07-16,"MA_Crossover(34,47)",6995.0000,6921.2500,-1.0000,-1.0000,90.2500,-90.2500,-6921.2500,10446.2500,10446.2500
2013-07-17,"MA_Crossover(34,47)",6883.2500,6811.0000,-1.0000,-1.0000,-110.2500,110.2500,-6811.0000,10556.5000,10556.5000
2013-07-18,"MA_Crossover(34,47)",6898.5000,6825.7500,-1.0000,-1.0000,14.7500,-14.7500,-6825.7500,10541.7500,10541.7500
2013-07-19,"MA_Crossover(34,47)",6918.5000,6842.2500,-1.0000,-1.0000,16.5000,-16.5000,-6842.2500,10525.2500,10525.2500
2013-07-22,"MA_Crossover(34,47)",7028.5000,6952.2500,-1.0000,-1.0000,110.0000,-110.0000,-6952.2500,10415.2500,10415.2500
2013-07-23,"MA_Crossover(34,47)",7035.0000,6958.7500,-1.0000,-1.0000,6.5000,-6.5000,-6958.7500,10408.7500,10408.7500
2013-07-24,"MA_Crossover(34,47)",7052.0000,6975.7500,-1.0000,-1.0000,17.0000,-17.0000,-6975.7500,10391.7500,10391.7500
2013-07-25,"MA_Crossover(34,47)",7008.0000,6931.7500,-1.0000,-1.0000,-44.0000,44.0000,-6931.7500,10435.7500,10435.7500
2013-07-26,"MA_Crossover(34,47)",6857.0000,6780.7500,-1.0000,-1.0000,-151.0000,151.0000,-6780.7500,10586.7500,10586.7500
2013-07-29,"MA_Crossover(34,47)",6873.5000,6797.2500,-1.0000,-1.0000,16.5000,-16.5000,-6797.2500,10570.2500,10570.2500
2013-07-30,"MA_Crossover(34,47)",6733.0000,6656.7500,-1.0000,-1.0000,-140.5000,140.5000,-6656.7500,10710.7500,10710.7500
2013-07-31,"MA_Crossover(34,47)",6881.0000,6804.7500,-1.0000,-1.0000,148.0000,-148.0000,-6804.7500,10562.7500,10562.7500
2013-08-01,"MA_Crossover(34,47)",6998.0000,6921.7500,-1.0000,-1.0000,117.0000,-117.0000,-6921.7500,10445.7500,10445.7500
2013-08-02,"MA_Crossover(34,47)",6997.0000,6920.7500,-1.0000,-1.0000,-1.0000,1.0000,-6920.7500,10446.7500,10446.7500
2013-08-05,"MA_Crossover(34,47)",6965.2500,6889.0000,-1.0000,-1.0000,-31.7500,31.7500,-6889.0000,10478.5000,10478.5000
2013-08-06,"MA_Crossover(34,47)",6994.5000,6918.2500,-1.0000,-1.0000,29.2500,-29.2500,-6918.2500,10449.2500,10449.2500
2013-08-07,"MA_Crossover(34,47)",6991.0000,6914.7500,-1.0000,-1.0000,-3.5000,3.5000,-6914.7500,10452.7500,10452.7500
2013-08-08,"MA_Crossover(34,47)",7169.5000,7093.2500,-1.0000,-1.0000,178.5000,-178.5000,-7093.2500,10274.2500,10274.2500
2013-08-09,"MA_Crossover(34,47)",7257.2500,7181.0000,-1.0000,-1.0000,87.7500,-87.7500,-7181.0000,10186.5000,10186.5000
2013-08-12,"MA_Crossover(34,47)",7232.2500,7156.0000,-1.0000,-1.0000,-25.0000,25.0000,-7156.0000,10211.5000,10211.5000
2013-08-13,"MA_Crossover(34,47)",7255.7500,7179.5000,1.0000,-1.0000,23.5000,-23.5000,-7179.5000,10188.0000,10188.0000
2013-08-14,"MA_Crossover(34,47)",7297.0000,7220.7500,1.0000,1.0000,41.2500,41.2500,7220.7500,10229.2500,10229.2500
2013-08-15,"MA_Crossover(34,47)",7283.5000,7207.2500,1.0000,1.0000,-13.5000,-13.5000,7207.2500,10215.7500,10215.7500
2013-08-16,"MA_Crossover(34,47)",7372.2500,7296.0000,1.0000,1.0000,88.7500,88.7500,7296.0000,10304.5000,10304.5000
2013-08-19,"MA_Crossover(34,47)",7275.0000,7198.7500,1.0000,1.0000,-97.2500,-97.2500,7198.7500,10207.2500,10207.2500
2013-08-20,"MA_Crossover(34,47)",7305.5000,7220.5000,1.0000,1.0000,21.7500,21.7500,7220.5000,10229.0000,10229.0000
2013-08-21,"MA_Crossover(34,47)",7225.2500,7140.2500,1.0000,1.0000,-80.2500,-80.2500,7140.2500,10148.7500,10148.7500
2013-08-22,"MA_Crossover(34,47)",7305.5000,7220.0000,1.0000,1.0000,79.7500,79.7500,7220.0000,10228.5000,10228.5000
2013-08-23,"MA_Crossover(34,47)",7345.7500,7253.0000,1.0000,1.0000,33.0000,33.0000,7253.0000,10261.5000,10261.5000
2013-08-27,"MA_Crossover(34,47)",7299.0000,7206.2500,1.0000,1.0000,-46.7500,-46.7500,7206.2500,10214.7500,10214.7500
2013-08-28,"MA_Crossover(34,47)",7276.0000,7183.2500,1.0000,1.0000,-23.0000,-23.0000,7183.2500,10191.7500,10191.7500
2013-08-29,"MA_Crossover(34,47)",7138.7500,7046.0000,1.0000,1.0000,-137.2500,-137.2500,7046.0000,10054.5000,10054.5000
2013-08-30,"MA_Crossover(34,47)",7086.0000,6993.2500,1.0000,1.0000,-52.7500,-52.7500,6993.2500,10001.7500,10001.7500
2013-09-02,"MA_Crossover(34,47)",7223.0000,7130.2500,1.0000,1.0000,137.0000,137.0000,7130.2500,10138.7500,10138.7500
2013-09-03,"MA_Crossover(34,47)",7227.2500,7134.5000,1.0000,1.0000,4.2500,4.2500,7134.5000,10143.0000,10143.0000
2013-09-04,"MA_Crossover(34,47)",7102.5000,7009.7500,1.0000,1.0000,-124.7500,-124.7500,7009.7500,10018.2500,10018.2500
2013-09-05,"MA_Crossover(34,47)",7084.5000,6991.7500,1.0000,1.0000,-18.0000,-18.0000,6991.7500,10000.2500,10000.2500
2013-09-06,"MA_Crossover(34,47)",7135.5000,7042.7500,1.0000,1.0000,51.0000,51.0000,7042.7500,10051.2500,10051.2500
2013-09-09,"MA_Crossover(34,47)",7167.7500,7075.0000,1.0000,1.0000,32.2500,32.2500,7075.0000,10083.5000,10083.5000
2013-09-10,"MA_Crossover(34,47)",7139.7500,7047.0000,1.0000,1.0000,-28.0000,-28.0000,7047.0000,10055.5000,10055.5000
2013-09-11,"MA_Crossover(34,47)",7139.5000,7046.7500,1.0000,1.0000,-0.2500,-0.2500,7046.7500,10055.2500,10055.2500
2013-09-12,"MA_Crossover(34,47)",7029.5000,6936.7500,1.0000,1.0000,-110.0000,-110.0000,6936.7500,9945.2500,9945.2500
2013-09-13,"MA_Crossover(34,47)",7011.0000,6918.2500,1.0000,1.0000,-18.5000,-18.5000,6918.2500,9926.7500,9926.7500
2013-09-16,"MA_Crossover(34,47)",7055.5000,6962.7500,1.0000,1.0000,44.5000,44.5000,6962.7500,9971.2500,9971.2500
2013-09-17,"MA_Crossover(34,47)",7060.0000,6962.0000,1.0000,1.0000,-0.7500,-0.7500,6962.0000,9970.5000,9970.5000
2013-09-18,"MA_Crossover(34,47)",7169.2500,7071.2500,1.0000,1.0000,109.2500,109.2500,7071.2500,10079.7500,10079.7500
2013-09-19,"MA_Crossover(34,47)",7320.5000,7223.2500,1.0000,1.0000,152.0000,152.0000,7223.2500,10231.7500,10231.7500
2013-09-20,"MA_Crossover(34,47)",7263.7500,7157.5000,1.0000,1.0000,-65.7500,-65.7500,7157.5000,10166.0000,10166.0000
2013-09-23,"MA_Crossover(34,47)",7222.5000,7116.2500,1.0000,1.0000,-41.2500,-41.2500,7116.2500,10124.7500,10124.7500
2013-09-24,"MA_Crossover(34,47)",7123.7500,7017.5000,1.0000,1.0000,-98.7500,-98.7500,7017.5000,10026.0000,10026.0000
2013-09-25,"MA_Crossover(34,47)",7176.0000,7069.7500,1.0000,1.0000,52.2500,52.2500,7069.7500,10078.2500,10078.2500
2013-09-26,"MA_Crossover(34,47)",7230.2500,7124.0000,1.0000,1.0000,54.2500,54.2500,7124.0000,10132.5000,10132.5000
2013-09-27,"MA_Crossover(34,47)",7284.0000,7177.7500,1.0000,1.0000,53.7500,53.7500,7177.7500,10186.2500,10186.2500
2013-09-30,"MA_Crossover(34,47)",7286.2500,7180.0000,1.0000,1.0000,2.2500,2.2500,7180.0000,10188.5000,10188.5000
2013-10-01,"MA_Crossover(34,47)",7176.0000,7069.7500,1.0000,1.0000,-110.2500,-110.2500,7069.7500,10078.2500,10078.2500
2013-10-02,"MA_Crossover(34,47)",7256.0000,7149.7500,1.0000,1.0000,80.0000,80.0000,7149.7500,10158.2500,10158.2500
2013-10-03,"MA_Crossover(34,47)",7158.0000,7051.7500,1.0000,1.0000,-98.0000,-98.0000,7051.7500,10060.2500,10060.2500
2013-10-04,"MA_Crossover(34,47)",7235.0000,7128.7500,1.0000,1.0000,77.0000,77.0000,7128.7500,10137.2500,10137.2500
2013-10-07,"MA_Crossover(34,47)",7219.0000,7112.7500,1.0000,1.0000,-16.0000,-16.0000,7112.7500,10121.2500,10121.2500
2013-10-08,"MA_Crossover(34,47)",7213.7500,7107.5000,1.0000,1.0000,-5.2500,-5.2500,7107.5000,10116.0000,10116.0000
2013-10-09,"MA_Crossover(34,47)",7072.7500,6966.5000,-1.0000,1.0000,-141.0000,-141.0000,6966.5000,9975.0000,9975.0000
2013-10-10,"MA_Crossover(34,47)",7122.5000,7016.2500,-1.0000,-1.0000,49.7500,-49.7500,-7016.2500,9925.2500,9925.2500
2013-10-11,"MA_Crossover(34,47)",7177.2500,7071.0000,-1.0000,-1.0000,54.7500,-54.7500,-7071.0000,9870.5000,9870.5000
2013-10-14,"MA_Crossover(34,47)",7231.7500,7125.5000,-1.0000,-1.0000,54.5000,-54.5000,-7125.5000,9816.0000,9816.0000
2013-10-15,"MA_Crossover(34,47)",7227.7500,7117.5000,-1.0000,-1.0000,-8.0000,8.0000,-7117.5000,9824.0000,9824.0000
2013-10-16,"MA_Crossover(34,47)",7248.0000,7138.7500,-1.0000,-1.0000,21.2500,-21.2500,-7138.7500,9802.7500,9802.7500
2013-10-17,"MA_Crossover(34,47)",7215.7500,7107.2500,-1.0000,-1.0000,-31.5000,31.5000,-7107.2500,9834.2500,9834.2500
2013-10-18,"MA_Crossover(34,47)",7232.0000,7113.7500,-1.0000,-1.0000,6.5000,-6.5000,-7113.7500,9827.7500,9827.7500
2013-10-21,"MA_Crossover(34,47)",7232.5000,7114.2500,-1.0000,-1.0000,0.5000,-0.5000,-7114.2500,9827.2500,9827.2500
2013-10-22,"MA_Crossover(34,47)",7322.5000,7204.2500,-1.0000,-1.0000,90.0000,-90.0000,-7204.2500,9737.2500,9737.2500
2013-10-23,"MA_Crossover(34,47)",7159.2500,7041.0000,-1.0000,-1.0000,-163.2500,163.2500,-7041.0000,9900.5000,9900.5000
2013-10-24,"MA_Crossover(34,47)",7163.5000,7045.2500,-1.0000,-1.0000,4.2500,-4.2500,-7045.2500,9896.2500,9896.2500
2013-10-25,"MA_Crossover(34,47)",7181.7500,7063.5000,-1.0000,-1.0000,18.2500,-18.2500,-7063.5000,9878.0000,9878.0000
2013-10-28,"MA_Crossover(34,47)",7185.5000,7067.2500,-1.0000,-1.0000,3.7500,-3.7500,-7067.2500,9874.2500,9874.2500
2013-10-29,"MA_Crossover(34,47)",7202.0000,7083.7500,1.0000,-1.0000,16.5000,-16.5000,-7083.7500,9857.7500,9857.7500
2013-10-30,"MA_Crossover(34,47)",7288.5000,7170.2500,1.0000,1.0000,86.5000,86.5000,7170.2500,9944.2500,9944.2500
2013-10-31,"MA_Crossover(34,47)",7243.5000,7125.2500,1.0000,1.0000,-45.0000,-45.0000,7125.2500,9899.2500,9899.2500
2013-11-01,"MA_Crossover(34,47)",7238.0000,7119.7500,1.0000,1.0000,-5.5000,-5.5000,7119.7500,9893.7500,9893.7500
2013-11-04,"MA_Crossover(34,47)",7136.5000,7018.2500,1.0000,1.0000,-101.5000,-101.5000,7018.2500,9792.2500,9792.2500
2013-11-05,"MA_Crossover(34,47)",7153.0000,7034.7500,1.0000,1.0000,16.5000,16.5000,7034.7500,9808.7500,9808.7500
2013-11-06,"MA_Crossover(34,47)",7106.0000,6987.7500,1.0000,1.0000,-47.0000,-47.0000,6987.7500,9761.7500,9761.7500
2013-11-07,"MA_Crossover(34,47)",7139.5000,7021.2500,1.0000,1.0000,33.5000,33.5000,7021.2500,9795.2500,9795.2500
2013-11-08,"MA_Crossover(34,47)",7158.2500,7040.0000,1.0000,1.0000,18.7500,18.7500,7040.0000,9814.0000,9814.0000
2013-11-11,"MA_Crossover(34,47)",7161.0000,7042.7500,1.0000,1.0000,2.7500,2.7500,7042.7500,9816.7500,9816.7500
2013-11-12,"MA_Crossover(34,47)",7109.0000,6990.7500,1.0000,1.0000,-52.0000,-52.0000,6990.7500,9764.7500,9764.7500
2013-11-13,"MA_Crossover(34,47)",6971.5000,6853.2500,1.0000,1.0000,-137.5000,-137.5000,6853.2500,9627.2500,9627.2500
2013-11-14,"MA_Crossover(34,47)",6982.2500,6864.0000,1.0000,1.0000,10.7500,10.7500,6864.0000,9638.0000,9638.0000
2013-11-15,"MA_Crossover(34,47)",6998.2500,6880.0000,1.0000,1.0000,16.0000,16.0000,6880.0000,9654.0000,9654.0000
2013-11-18,"MA_Crossover(34,47)",6960.7500,6842.5000,-1.0000,1.0000,-37.5000,-37.5000,6842.5000,9616.5000,9616.5000
2013-11-19,"MA_Crossover(34,47)",6967.5000,6842.5000,-1.0000,-1.0000,0.0000,-0.0000,-6842.5000,9616.5000,9616.5000
2013-11-20,"MA_Crossover(34,47)",6997.2500,6871.0000,-1.0000,-1.0000,28.5000,-28.5000,-6871.0000,9588.0000,9588.0000
2013-11-21,"MA_Crossover(34,47)",7028.0000,6899.0000,-1.0000,-1.0000,28.0000,-28.0000,-6899.0000,9560.0000,9560.0000
2013-11-22,"MA_Crossover(34,47)",7101.0000,6973.5000,-1.0000,-1.0000,74.5000,-74.5000,-6973.5000,9485.5000,9485.5000
2013-11-25,"MA_Crossover(34,47)",7102.0000,6974.5000,-1.0000,-1.0000,1.0000,-1.0000,-6974.5000,9484.5000,9484.5000
2013-11-26,"MA_Crossover(34,47)",7066.0000,6938.5000,-1.0000,-1.0000,-36.0000,36.0000,-6938.5000,9520.5000,9520.5000
2013-11-27,"MA_Crossover(34,47)",7018.0000,6890.5000,-1.0000,-1.0000,-48.0000,48.0000,-6890.5000,9568.5000,9568.5000
2013-11-28,"MA_Crossover(34,47)",7020.0000,6892.5000,-1.0000,-1.0000,2.0000,-2.0000,-6892.5000,9566.5000,9566.5000
2013-11-29,"MA_Crossover(34,47)",7059.7500,6932.2500,-1.0000,-1.0000,39.7500,-39.7500,-6932.2500,9526.7500,9526.7500
2013-12-02,"MA_Crossover(34,47)",6975.0000,6847.5000,-1.0000,-1.0000,-84.7500,84.7500,-6847.5000,9611.5000,9611.5000
2013-12-03,"MA_Crossover(34,47)",6956.7500,6829.2500,-1.0000,-1.0000,-18.2500,18.2500,-6829.2500,9629.7500,9629.7500
2013-12-04,"MA_Crossover(34,47)",7096.0000,6968.5000,-1.0000,-1.0000,139.2500,-139.2500,-6968.5000,9490.5000,9490.5000
2013-12-05,"MA_Crossover(34,47)",7068.7500,6941.2500,-1.0000,-1.0000,-27.2500,27.2500,-6941.2500,9517.7500,9517.7500
2013-12-06,"MA_Crossover(34,47)",7123.5000,6996.0000,-1.0000,-1.0000,54.7500,-54.7500,-6996.0000,9463.0000,9463.0000
2013-12-09,"MA_Crossover(34,47)",7139.2500,7011.7500,-1.0000,-1.0000,15.7500,-15.7500,-7011.7500,9447.2500,9447.2500
2013-12-10,"MA_Crossover(34,47)",7166.0000,7038.5000,-1.0000,-1.0000,26.7500,-26.7500,-7038.5000,9420.5000,9420.5000
2013-12-11,"MA_Crossover(34,47)",7227.0000,7099.5000,-1.0000,-1.0000,61.0000,-61.0000,-7099.5000,9359.5000,9359.5000
2013-12-12,"MA_Crossover(34,47)",7240.0000,7112.5000,-1.0000,-1.0000,13.0000,-13.0000,-7112.5000,9346.5000,9346.5000
2013-12-13,"MA_Crossover(34,47)",7276.5000,7149.0000,-1.0000,-1.0000,36.5000,-36.5000,-7149.0000,9310.0000,9310.0000
2013-12-16,"MA_Crossover(34,47)",7320.0000,7192.5000,-1.0000,-1.0000,43.5000,-43.5000,-7192.5000,9266.5000,9266.5000
2013-12-17,"MA_Crossover(34,47)",7287.0000,7171.0000,-1.0000,-1.0000,-21.5000,21.5000,-7171.0000,9288.0000,9288.0000
2013-12-18,"MA_Crossover(34,47)",7274.5000,7161.0000,-1.0000,-1.0000,-10.0000,10.0000,-7161.0000,9298.0000,9298.0000
2013-12-19,"MA_Crossover(34,47)",7204.0000,7092.0000,-1.0000,-1.0000,-69.0000,69.0000,-7092.0000,9367.0000,9367.0000
2013-12-20,"MA_Crossover(34,47)",7245.5000,7135.0000,-1.0000,-1.0000,43.0000,-43.0000,-7135.0000,9324.0000,9324.0000
2013-12-23,"MA_Crossover(34,47)",7252.0000,7141.5000,-1.0000,-1.0000,6.5000,-6.5000,-7141.5000,9317.5000,9317.5000
2013-12-24,"MA_Crossover(34,47)",7294.0000,7183.5000,-1.0000,-1.0000,42.0000,-42.0000,-7183.5000,9275.5000,9275.5000
2013-12-27,"MA_Crossover(34,47)",7391.7500,7281.2500,-1.0000,-1.0000,97.7500,-97.7500,-7281.2500,9177.7500,9177.7500
2013-12-30,"MA_Crossover(34,47)",7384.5000,7274.0000,-1.0000,-1.0000,-7.2500,7.2500,-7274.0000,9185.0000,9185.0000
2013-12-31,"MA_Crossover(34,47)",7372.7500,7262.2500,-1.0000,-1.0000,-11.7500,11.7500,-7262.2500,9196.7500,9196.7500
2014-01-02,"MA_Crossover(34,47)",7403.5000,7293.0000,-1.0000,-1.0000,30.7500,-30.7500,-7293.0000,9166.0000,9166.0000
2014-01-03,"MA_Crossover(34,47)",7327.5000,7217.0000,-1.0000,-1.0000,-76.0000,76.0000,-7217.0000,9242.0000,9242.0000
2014-01-06,"MA_Crossover(34,47)",7343.5000,7233.0000,1.0000,-1.0000,16.0000,-16.0000,-7233.0000,9226.0000,9226.0000
2014-01-07,"MA_Crossover(34,47)",7361.0000,7250.5000,1.0000,1.0000,17.5000,17.5000,7250.5000,9243.5000,9243.5000
2014-01-08,"MA_Crossover(34,47)",7354.5000,7244.0000,1.0000,1.0000,-6.5000,-6.5000,7244.0000,9237.0000,9237.0000
2014-01-09,"MA_Crossover(34,47)",7235.2500,7124.7500,1.0000,1.0000,-119.2500,-119.2500,7124.7500,9117.7500,9117.7500
2014-01-10,"MA_Crossover(34,47)",7327.7500,7217.2500,1.0000,1.0000,92.5000,92.5000,7217.2500,9210.2500,9210.2500
2014-01-13,"MA_Crossover(34,47)",7365.0000,7254.5000,1.0000,1.0000,37.2500,37.2500,7254.5000,9247.5000,9247.5000
2014-01-14,"MA_Crossover(34,47)",7291.7500,7196.2500,1.0000,1.0000,-58.2500,-58.2500,7196.2500,9189.2500,9189.2500
2014-01-15,"MA_Crossover(34,47)",7369.5000,7272.5000,1.0000,1.0000,76.2500,76.2500,7272.5000,9265.5000,9265.5000
2014-01-16,"MA_Crossover(34,47)",7324.0000,7227.5000,1.0000,1.0000,-45.0000,-45.0000,7227.5000,9220.5000,9220.5000
2014-01-17,"MA_Crossover(34,47)",7363.0000,7273.5000,1.0000,1.0000,46.0000,46.0000,7273.5000,9266.5000,9266.5000
2014-01-20,"MA_Crossover(34,47)",7339.0000,7249.5000,1.0000,1.0000,-24.0000,-24.0000,7249.5000,9242.5000,9242.5000
2014-01-21,"MA_Crossover(34,47)",7371.0000,7281.5000,1.0000,1.0000,32.0000,32.0000,7281.5000,9274.5000,9274.5000
2014-01-22,"MA_Crossover(34,47)",7320.5000,7231.0000,1.0000,1.0000,-50.5000,-50.5000,7231.0000,9224.0000,9224.0000
2014-01-23,"MA_Crossover(34,47)",7227.0000,7137.5000,1.0000,1.0000,-93.5000,-93.5000,7137.5000,9130.5000,9130.5000
2014-01-24,"MA_Crossover(34,47)",7207.0000,7117.5000,1.0000,1.0000,-20.0000,-20.0000,7117.5000,9110.5000,9110.5000
2014-01-27,"MA_Crossover(34,47)",7185.5000,7096.0000,1.0000,1.0000,-21.5000,-21.5000,7096.0000,9089.0000,9089.0000
2014-01-28,"MA_Crossover(34,47)",7178.5000,7089.0000,1.0000,1.0000,-7.0000,-7.0000,7089.0000,9082.0000,9082.0000
2014-01-29,"MA_Crossover(34,47)",7159.0000,7069.5000,1.0000,1.0000,-19.5000,-19.5000,7069.5000,9062.5000,9062.5000
2014-01-30,"MA_Crossover(34,47)",7139.0000,7049.5000,1.0000,1.0000,-20.0000,-20.0000,7049.5000,9042.5000,9042.5000
2014-01-31,"MA_Crossover(34,47)",7103.0000,7013.5000,1.0000,1.0000,-36.0000,-36.0000,7013.5000,9006.5000,9006.5000
2014-02-03,"MA_Crossover(34,47)",7081.5000,6992.0000,1.0000,1.0000,-21.5000,-21.5000,6992.0000,8985.0000,8985.0000
2014-02-04,"MA_Crossover(34,47)",7087.5000,6998.0000,1.0000,1.0000,6.0000,6.0000,6998.0000,8991.0000,8991.0000
2014-02-05,"MA_Crossover(34,47)",7088.5000,6999.0000,1.0000,1.0000,1.0000,1.0000,6999.0000,8992.0000,8992.0000
2014-02-06,"MA_Crossover(34,47)",7181.5000,7092.0000,1.0000,1.0000,93.0000,93.0000,7092.0000,9085.0000,9085.0000
2014-02-07,"MA_Crossover(34,47)",7194.0000,7104.5000,1.0000,1.0000,12.5000,12.5000,7104.5000,9097.5000,9097.5000
2014-02-10,"MA_Crossover(34,47)",7140.0000,7050.5000,1.0000,1.0000,-54.0000,-54.0000,7050.5000,9043.5000,9043.5000
2014-02-11,"MA_Crossover(34,47)",7111.5000,7022.0000,1.0000,1.0000,-28.5000,-28.5000,7022.0000,9015.0000,9015.0000
2014-02-12,"MA_Crossover(34,47)",7201.0000,7111.5000,1.0000,1.0000,89.5000,89.5000,7111.5000,9104.5000,9104.5000
2014-02-13,"MA_Crossover(34,47)",7143.0000,7053.5000,1.0000,1.0000,-58.0000,-58.0000,7053.5000,9046.5000,9046.5000
2014-02-14,"MA_Crossover(34,47)",7181.0000,7091.5000,-1.0000,1.0000,38.0000,38.0000,7091.5000,9084.5000,9084.5000
2014-02-17,"MA_Crossover(34,47)",7204.5000,7115.0000,-1.0000,-1.0000,23.5000,-23.5000,-7115.0000,9061.0000,9061.0000
2014-02-18,"MA_Crossover(34,47)",7224.0000,7129.5000,-1.0000,-1.0000,14.5000,-14.5000,-7129.5000,9046.5000,9046.5000
2014-02-19,"MA_Crossover(34,47)",7216.0000,7117.5000,-1.0000,-1.0000,-12.0000,12.0000,-7117.5000,9058.5000,9058.5000
2014-02-20,"MA_Crossover(34,47)",7187.0000,7090.5000,-1.0000,-1.0000,-27.0000,27.0000,-7090.5000,9085.5000,9085.5000
2014-02-21,"MA_Crossover(34,47)",7195.0000,7115.5000,-1.0000,-1.0000,25.0000,-25.0000,-7115.5000,9060.5000,9060.5000
2014-02-24,"MA_Crossover(34,47)",7114.0000,7034.5000,-1.0000,-1.0000,-81.0000,81.0000,-7034.5000,9141.5000,9141.5000
2014-02-25,"MA_Crossover(34,47)",7106.0000,7026.5000,-1.0000,-1.0000,-8.0000,8.0000,-7026.5000,9149.5000,9149.5000
2014-02-26,"MA_Crossover(34,47)",7076.5000,6997.0000,-1.0000,-1.0000,-29.5000,29.5000,-6997.0000,9179.0000,9179.0000
2014-02-27,"MA_Crossover(34,47)",7068.0000,6988.5000,-1.0000,-1.0000,-8.5000,8.5000,-6988.5000,9187.5000,9187.5000
2014-02-28,"MA_Crossover(34,47)",7059.0000,6979.5000,-1.0000,-1.0000,-9.0000,9.0000,-6979.5000,9196.5000,9196.5000
2014-03-03,"MA_Crossover(34,47)",7005.0000,6925.5000,-1.0000,-1.0000,-54.0000,54.0000,-6925.5000,9250.5000,9250.5000
2014-03-04,"MA_Crossover(34,47)",7087.5000,7008.0000,-1.0000,-1.0000,82.5000,-82.5000,-7008.0000,9168.0000,9168.0000
2014-03-05,"MA_Crossover(34,47)",7064.5000,6985.0000,-1.0000,-1.0000,-23.0000,23.0000,-6985.0000,9191.0000,9191.0000
2014-03-06,"MA_Crossover(34,47)",7070.0000,6990.5000,-1.0000,-1.0000,5.5000,-5.5000,-6990.5000,9185.5000,9185.5000
2014-03-07,"MA_Crossover(34,47)",6808.0000,6728.5000,-1.0000,-1.0000,-262.0000,262.0000,-6728.5000,9447.5000,9447.5000
2014-03-10,"MA_Crossover(34,47)",6664.0000,6584.5000,-1.0000,-1.0000,-144.0000,144.0000,-6584.5000,9591.5000,9591.5000
2014-03-11,"MA_Crossover(34,47)",6492.5000,6413.0000,-1.0000,-1.0000,-171.5000,171.5000,-6413.0000,9763.0000,9763.0000
2014-03-12,"MA_Crossover(34,47)",6527.7500,6448.2500,-1.0000,-1.0000,35.2500,-35.2500,-6448.2500,9727.7500,9727.7500
2014-03-13,"MA_Crossover(34,47)",6434.0000,6354.5000,-1.0000,-1.0000,-93.7500,93.7500,-6354.5000,9821.5000,9821.5000
2014-03-14,"MA_Crossover(34,47)",6488.0000,6408.5000,-1.0000,-1.0000,54.0000,-54.0000,-6408.5000,9767.5000,9767.5000
2014-03-17,"MA_Crossover(34,47)",6500.5000,6421.0000,-1.0000,-1.0000,12.5000,-12.5000,-6421.0000,9755.0000,9755.0000
2014-03-18,"MA_Crossover(34,47)",6497.5000,6415.5000,-1.0000,-1.0000,-5.5000,5.5000,-6415.5000,9760.5000,9760.5000
2014-03-19,"MA_Crossover(34,47)",6569.5000,6488.0000,-1.0000,-1.0000,72.5000,-72.5000,-6488.0000,9688.0000,9688.0000
2014-03-20,"MA_Crossover(34,47)",6443.5000,6364.0000,-1.0000,-1.0000,-124.0000,124.0000,-6364.0000,9812.0000,9812.0000
2014-03-21,"MA_Crossover(34,47)",6492.5000,6417.0000,-1.0000,-1.0000,53.0000,-53.0000,-6417.0000,9759.0000,9759.0000
2014-03-24,"MA_Crossover(34,47)",6480.5000,6405.0000,-1.0000,-1.0000,-12.0000,12.0000,-6405.0000,9771.0000,9771.0000
2014-03-25,"MA_Crossover(34,47)",6610.5000,6535.0000,-1.0000,-1.0000,130.0000,-130.0000,-6535.0000,9641.0000,9641.0000
2014-03-26,"MA_Crossover(34,47)",6515.7500,6440.2500,-1.0000,-1.0000,-94.7500,94.7500,-6440.2500,9735.7500,9735.7500
2014-03-27,"MA_Crossover(34,47)",6574.5000,6499.0000,-1.0000,-1.0000,58.7500,-58.7500,-6499.0000,9677.0000,9677.0000
2014-03-28,"MA_Crossover(34,47)",6686.0000,6610.5000,-1.0000,-1.0000,111.5000,-111.5000,-6610.5000,9565.5000,9565.5000
2014-03-31,"MA_Crossover(34,47)",6652.0000,6576.5000,-1.0000,-1.0000,-34.0000,34.0000,-6576.5000,9599.5000,9599.5000
2014-04-01,"MA_Crossover(34,47)",6667.5000,6592.0000,-1.0000,-1.0000,15.5000,-15.5000,-6592.0000,9584.0000,9584.0000
2014-04-02,"MA_Crossover(34,47)",6679.0000,6603.5000,-1.0000,-1.0000,11.5000,-11.5000,-6603.5000,9572.5000,9572.5000
2014-04-03,"MA_Crossover(34,47)",6646.0000,6570.5000,-1.0000,-1.0000,-33.0000,33.0000,-6570.5000,9605.5000,9605.5000
2014-04-04,"MA_Crossover(34,47)",6622.0000,6546.5000,-1.0000,-1.0000,-24.0000,24.0000,-6546.5000,9629.5000,9629.5000
2014-04-07,"MA_Crossover(34,47)",6672.5000,6597.0000,-1.0000,-1.0000,50.5000,-50.5000,-6597.0000,9579.0000,9579.0000
2014-04-08,"MA_Crossover(34,47)",6672.0000,6596.5000,-1.0000,-1.0000,-0.5000,0.5000,-6596.5000,9579.5000,9579.5000
2014-04-09,"MA_Crossover(34,47)",6623.5000,6548.0000,-1.0000,-1.0000,-48.5000,48.5000,-6548.0000,9628.0000,9628.0000
2014-04-10,"MA_Crossover(34,47)",6657.7500,6582.2500,-1.0000,-1.0000,34.2500,-34.2500,-6582.2500,9593.7500,9593.7500
2014-04-11,"MA_Crossover(34,47)",6664.2500,6588.7500,-1.0000,-1.0000,6.5000,-6.5000,-6588.7500,9587.2500,9587.2500
2014-04-14,"MA_Crossover(34,47)",6661.7500,6586.2500,-1.0000,-1.0000,-2.5000,2.5000,-6586.2500,9589.7500,9589.7500
2014-04-15,"MA_Crossover(34,47)",6545.0000,6463.2500,-1.0000,-1.0000,-123.0000,123.0000,-6463.2500,9712.7500,9712.7500
2014-04-16,"MA_Crossover(34,47)",6627.5000,6544.2500,-1.0000,-1.0000,81.0000,-81.0000,-6544.2500,9631.7500,9631.7500
2014-04-17,"MA_Crossover(34,47)",6661.5000,6577.2500,-1.0000,-1.0000,33.0000,-33.0000,-6577.2500,9598.7500,9598.7500
2014-04-22,"MA_Crossover(34,47)",6684.0000,6602.2500,-1.0000,-1.0000,25.0000,-25.0000,-6602.2500,9573.7500,9573.7500
2014-04-23,"MA_Crossover(34,47)",6686.5000,6604.7500,-1.0000,-1.0000,2.5000,-2.5000,-6604.7500,9571.2500,9571.2500
2014-04-24,"MA_Crossover(34,47)",6774.0000,6692.2500,-1.0000,-1.0000,87.5000,-87.5000,-6692.2500,9483.7500,9483.7500
2014-04-25,"MA_Crossover(34,47)",6785.0000,6703.2500,-1.0000,-1.0000,11.0000,-11.0000,-6703.2500,9472.7500,9472.7500
2014-04-28,"MA_Crossover(34,47)",6767.5000,6685.7500,-1.0000,-1.0000,-17.5000,17.5000,-6685.7500,9490.2500,9490.2500
2014-04-29,"MA_Crossover(34,47)",6734.0000,6652.2500,-1.0000,-1.0000,-33.5000,33.5000,-6652.2500,9523.7500,9523.7500
2014-04-30,"MA_Crossover(34,47)",6662.5000,6580.7500,-1.0000,-1.0000,-71.5000,71.5000,-6580.7500,9595.2500,9595.2500
2014-05-01,"MA_Crossover(34,47)",6672.0000,6590.2500,-1.0000,-1.0000,9.5000,-9.5000,-6590.2500,9585.7500,9585.7500
2014-05-02,"MA_Crossover(34,47)",6753.5000,6671.7500,-1.0000,-1.0000,81.5000,-81.5000,-6671.7500,9504.2500,9504.2500
2014-05-06,"MA_Crossover(34,47)",6756.0000,6674.2500,-1.0000,-1.0000,2.5000,-2.5000,-6674.2500,9501.7500,9501.7500
2014-05-07,"MA_Crossover(34,47)",6688.5000,6606.7500,-1.0000,-1.0000,-67.5000,67.5000,-6606.7500,9569.2500,9569.2500
2014-05-08,"MA_Crossover(34,47)",6772.0000,6690.2500,-1.0000,-1.0000,83.5000,-83.5000,-6690.2500,9485.7500,9485.7500
2014-05-09,"MA_Crossover(34,47)",6797.0000,6715.2500,-1.0000,-1.0000,25.0000,-25.0000,-6715.2500,9460.7500,9460.7500
2014-05-12,"MA_Crossover(34,47)",6924.0000,6842.2500,1.0000,-1.0000,127.0000,-127.0000,-6842.2500,9333.7500,9333.7500
2014-05-13,"MA_Crossover(34,47)",6888.0000,6806.2500,1.0000,1.0000,-36.0000,-36.0000,6806.2500,9297.7500,9297.7500
2014-05-14,"MA_Crossover(34,47)",6975.0000,6893.2500,1.0000,1.0000,87.0000,87.0000,6893.2500,9384.7500,9384.7500
2014-05-15,"MA_Crossover(34,47)",6938.0000,6856.2500,1.0000,1.0000,-37.0000,-37.0000,6856.2500,9347.7500,9347.7500
2014-05-16,"MA_Crossover(34,47)",6922.0000,6840.2500,1.0000,1.0000,-16.0000,-16.0000,6840.2500,9331.7500,9331.7500
2014-05-19,"MA_Crossover(34,47)",6983.0000,6901.2500,1.0000,1.0000,61.0000,61.0000,6901.2500,9392.7500,9392.7500
2014-05-20,"MA_Crossover(34,47)",6920.0000,6839.2500,1.0000,1.0000,-62.0000,-62.0000,6839.2500,9330.7500,9330.7500
2014-05-21,"MA_Crossover(34,47)",6870.0000,6787.2500,1.0000,1.0000,-52.0000,-52.0000,6787.2500,9278.7500,9278.7500
2014-05-22,"MA_Crossover(34,47)",6924.0000,6835.2500,1.0000,1.0000,48.0000,48.0000,6835.2500,9326.7500,9326.7500
2014-05-23,"MA_Crossover(34,47)",6981.0000,6919.2500,1.0000,1.0000,84.0000,84.0000,6919.2500,9410.7500,9410.7500
2014-05-27,"MA_Crossover(34,47)",6988.5000,6926.7500,1.0000,1.0000,7.5000,7.5000,6926.7500,9418.2500,9418.2500
2014-05-28,"MA_Crossover(34,47)",7013.0000,6951.2500,1.0000,1.0000,24.5000,24.5000,6951.2500,9442.7500,9442.7500
2014-05-29,"MA_Crossover(34,47)",6946.0000,6884.2500,1.0000,1.0000,-67.0000,-67.0000,6884.2500,9375.7500,9375.7500
2014-05-30,"MA_Crossover(34,47)",6892.0000,6830.2500,1.0000,1.0000,-54.0000,-54.0000,6830.2500,9321.7500,9321.7500
2014-06-02,"MA_Crossover(34,47)",6974.5000,6912.7500,1.0000,1.0000,82.5000,82.5000,6912.7500,9404.2500,9404.2500
2014-06-03,"MA_Crossover(34,47)",6902.5000,6840.7500,1.0000,1.0000,-72.0000,-72.0000,6840.7500,9332.2500,9332.2500
2014-06-04,"MA_Crossover(34,47)",6809.0000,6747.2500,1.0000,1.0000,-93.5000,-93.5000,6747.2500,9238.7500,9238.7500
2014-06-05,"MA_Crossover(34,47)",6789.0000,6727.2500,1.0000,1.0000,-20.0000,-20.0000,6727.2500,9218.7500,9218.7500
2014-06-06,"MA_Crossover(34,47)",6691.0000,6629.2500,1.0000,1.0000,-98.0000,-98.0000,6629.2500,9120.7500,9120.7500
2014-06-09,"MA_Crossover(34,47)",6684.5000,6622.7500,1.0000,1.0000,-6.5000,-6.5000,6622.7500,9114.2500,9114.2500
2014-06-10,"MA_Crossover(34,47)",6696.0000,6634.2500,1.0000,1.0000,11.5000,11.5000,6634.2500,9125.7500,9125.7500
2014-06-11,"MA_Crossover(34,47)",6725.0000,6663.2500,1.0000,1.0000,29.0000,29.0000,6663.2500,9154.7500,9154.7500
2014-06-12,"MA_Crossover(34,47)",6634.5000,6572.7500,1.0000,1.0000,-90.5000,-90.5000,6572.7500,9064.2500,9064.2500
2014-06-13,"MA_Crossover(34,47)",6673.5000,6611.7500,1.0000,1.0000,39.0000,39.0000,6611.7500,9103.2500,9103.2500
2014-06-16,"MA_Crossover(34,47)",6718.5000,6656.7500,1.0000,1.0000,45.0000,45.0000,6656.7500,9148.2500,9148.2500
2014-06-17,"MA_Crossover(34,47)",6712.5000,6666.7500,1.0000,1.0000,10.0000,10.0000,6666.7500,9158.2500,9158.2500
2014-06-18,"MA_Crossover(34,47)",6713.5000,6670.7500,1.0000,1.0000,4.0000,4.0000,6670.7500,9162.2500,9162.2500
2014-06-19,"MA_Crossover(34,47)",6733.5000,6688.2500,1.0000,1.0000,17.5000,17.5000,6688.2500,9179.7500,9179.7500
2014-06-20,"MA_Crossover(34,47)",6836.5000,6794.7500,1.0000,1.0000,106.5000,106.5000,6794.7500,9286.2500,9286.2500
2014-06-23,"MA_Crossover(34,47)",6901.0000,6859.2500,1.0000,1.0000,64.5000,64.5000,6859.2500,9350.7500,9350.7500
2014-06-24,"MA_Crossover(34,47)",6903.5000,6861.7500,1.0000,1.0000,2.5000,2.5000,6861.7500,9353.2500,9353.2500
2014-06-25,"MA_Crossover(34,47)",6929.0000,6887.2500,1.0000,1.0000,25.5000,25.5000,6887.2500,9378.7500,9378.7500
2014-06-26,"MA_Crossover(34,47)",6973.5000,6931.7500,1.0000,1.0000,44.5000,44.5000,6931.7500,9423.2500,9423.2500
2014-06-27,"MA_Crossover(34,47)",6966.0000,6924.2500,1.0000,1.0000,-7.5000,-7.5000,6924.2500,9415.7500,9415.7500
2014-06-30,"MA_Crossover(34,47)",7036.0000,6994.2500,1.0000,1.0000,70.0000,70.0000,6994.2500,9485.7500,9485.7500
2014-07-01,"MA_Crossover(34,47)",7038.5000,6996.7500,1.0000,1.0000,2.5000,2.5000,6996.7500,9488.2500,9488.2500
2014-07-02,"MA_Crossover(34,47)",7139.5000,7097.7500,1.0000,1.0000,101.0000,101.0000,7097.7500,9589.2500,9589.2500
2014-07-03,"MA_Crossover(34,47)",7189.0000,7147.2500,1.0000,1.0000,49.5000,49.5000,7147.2500,9638.7500,9638.7500
2014-07-04,"MA_Crossover(34,47)",7164.0000,7122.2500,1.0000,1.0000,-25.0000,-25.0000,7122.2500,9613.7500,9613.7500
2014-07-07,"MA_Crossover(34,47)",7128.0000,7086.2500,1.0000,1.0000,-36.0000,-36.0000,7086.2500,9577.7500,9577.7500
2014-07-08,"MA_Crossover(34,47)",7136.0000,7094.2500,1.0000,1.0000,8.0000,8.0000,7094.2500,9585.7500,9585.7500
2014-07-09,"MA_Crossover(34,47)",7141.0000,7099.2500,1.0000,1.0000,5.0000,5.0000,7099.2500,9590.7500,9590.7500
2014-07-10,"MA_Crossover(34,47)",7177.5000,7135.7500,1.0000,1.0000,36.5000,36.5000,7135.7500,9627.2500,9627.2500
2014-07-11,"MA_Crossover(34,47)",7173.5000,7131.7500,1.0000,1.0000,-4.0000,-4.0000,7131.7500,9623.2500,9623.2500
2014-07-14,"MA_Crossover(34,47)",7121.5000,7079.7500,1.0000,1.0000,-52.0000,-52.0000,7079.7500,9571.2500,9571.2500
2014-07-15,"MA_Crossover(34,47)",7132.5000,7088.2500,-1.0000,1.0000,8.5000,8.5000,7088.2500,9579.7500,9579.7500
2014-07-16,"MA_Crossover(34,47)",7077.2500,7034.0000,-1.0000,-1.0000,-54.2500,54.2500,-7034.0000,9634.0000,9634.0000
2014-07-17,"MA_Crossover(34,47)",7067.5000,7023.7500,-1.0000,-1.0000,-10.2500,10.2500,-7023.7500,9644.2500,9644.2500
2014-07-18,"MA_Crossover(34,47)",6987.5000,6941.7500,-1.0000,-1.0000,-82.0000,82.0000,-6941.7500,9726.2500,9726.2500
2014-07-21,"MA_Crossover(34,47)",7029.2500,6983.5000,-1.0000,-1.0000,41.7500,-41.7500,-6983.5000,9684.5000,9684.5000
2014-07-22,"MA_Crossover(34,47)",7038.0000,6992.2500,1.0000,-1.0000,8.7500,-8.7500,-6992.2500,9675.7500,9675.7500
2014-07-23,"MA_Crossover(34,47)",7040.7500,6995.0000,1.0000,1.0000,2.7500,2.7500,6995.0000,9678.5000,9678.5000
2014-07-24,"MA_Crossover(34,47)",7172.5000,7126.7500,1.0000,1.0000,131.7500,131.7500,7126.7500,9810.2500,9810.2500
2014-07-25,"MA_Crossover(34,47)",7130.0000,7084.2500,1.0000,1.0000,-42.5000,-42.5000,7084.2500,9767.7500,9767.7500
2014-07-28,"MA_Crossover(34,47)",7125.2500,7079.5000,1.0000,1.0000,-4.7500,-4.7500,7079.5000,9763.0000,9763.0000
2014-07-29,"MA_Crossover(34,47)",7090.5000,7044.7500,1.0000,1.0000,-34.7500,-34.7500,7044.7500,9728.2500,9728.2500
2014-07-30,"MA_Crossover(34,47)",7141.2500,7095.5000,1.0000,1.0000,50.7500,50.7500,7095.5000,9779.0000,9779.0000
2014-07-31,"MA_Crossover(34,47)",7123.5000,7077.7500,1.0000,1.0000,-17.7500,-17.7500,7077.7500,9761.2500,9761.2500
2014-08-01,"MA_Crossover(34,47)",7078.5000,7032.7500,1.0000,1.0000,-45.0000,-45.0000,7032.7500,9716.2500,9716.2500
2014-08-04,"MA_Crossover(34,47)",7130.5000,7084.7500,1.0000,1.0000,52.0000,52.0000,7084.7500,9768.2500,9768.2500
2014-08-05,"MA_Crossover(34,47)",7059.5000,7013.7500,1.0000,1.0000,-71.0000,-71.0000,7013.7500,9697.2500,9697.2500
2014-08-06,"MA_Crossover(34,47)",6977.2500,6931.5000,1.0000,1.0000,-82.2500,-82.2500,6931.5000,9615.0000,9615.0000
2014-08-07,"MA_Crossover(34,47)",7009.0000,6963.2500,1.0000,1.0000,31.7500,31.7500,6963.2500,9646.7500,9646.7500
2014-08-08,"MA_Crossover(34,47)",7004.7500,6959.0000,1.0000,1.0000,-4.2500,-4.2500,6959.0000,9642.5000,9642.5000
2014-08-11,"MA_Crossover(34,47)",7004.0000,6958.2500,1.0000,1.0000,-0.7500,-0.7500,6958.2500,9641.7500,9641.7500
2014-08-12,"MA_Crossover(34,47)",6975.7500,6930.0000,1.0000,1.0000,-28.2500,-28.2500,6930.0000,9613.5000,9613.5000
2014-08-13,"MA_Crossover(34,47)",6892.5000,6846.7500,1.0000,1.0000,-83.2500,-83.2500,6846.7500,9530.2500,9530.2500
2014-08-14,"MA_Crossover(34,47)",6834.0000,6788.2500,1.0000,1.0000,-58.5000,-58.5000,6788.2500,9471.7500,9471.7500
2014-08-15,"MA_Crossover(34,47)",6887.0000,6841.2500,1.0000,1.0000,53.0000,53.0000,6841.2500,9524.7500,9524.7500
2014-08-18,"MA_Crossover(34,47)",6943.0000,6897.2500,1.0000,1.0000,56.0000,56.0000,6897.2500,9580.7500,9580.7500
2014-08-19,"MA_Crossover(34,47)",6882.5000,6847.7500,1.0000,1.0000,-49.5000,-49.5000,6847.7500,9531.2500,9531.2500
2014-08-20,"MA_Crossover(34,47)",7025.5000,6991.7500,1.0000,1.0000,144.0000,144.0000,6991.7500,9675.2500,9675.2500
2014-08-21,"MA_Crossover(34,47)",7027.0000,6995.2500,1.0000,1.0000,3.5000,3.5000,6995.2500,9678.7500,9678.7500
2014-08-22,"MA_Crossover(34,47)",7086.0000,7061.2500,1.0000,1.0000,66.0000,66.0000,7061.2500,9744.7500,9744.7500
2014-08-26,"MA_Crossover(34,47)",7062.5000,7037.7500,1.0000,1.0000,-23.5000,-23.5000,7037.7500,9721.2500,9721.2500
2014-08-27,"MA_Crossover(34,47)",7041.0000,7016.2500,-1.0000,1.0000,-21.5000,-21.5000,7016.2500,9699.7500,9699.7500
2014-08-28,"MA_Crossover(34,47)",6947.0000,6922.2500,-1.0000,-1.0000,-94.0000,94.0000,-6922.2500,9793.7500,9793.7500
2014-08-29,"MA_Crossover(34,47)",6996.5000,6971.7500,-1.0000,-1.0000,49.5000,-49.5000,-6971.7500,9744.2500,9744.2500
2014-09-01,"MA_Crossover(34,47)",6961.0000,6936.2500,-1.0000,-1.0000,-35.5000,35.5000,-6936.2500,9779.7500,9779.7500
2014-09-02,"MA_Crossover(34,47)",6983.0000,6958.2500,-1.0000,-1.0000,22.0000,-22.0000,-6958.2500,9757.7500,9757.7500
2014-09-03,"MA_Crossover(34,47)",6924.0000,6899.2500,-1.0000,-1.0000,-59.0000,59.0000,-6899.2500,9816.7500,9816.7500
2014-09-04,"MA_Crossover(34,47)",6949.5000,6924.7500,-1.0000,-1.0000,25.5000,-25.5000,-6924.7500,9791.2500,9791.2500
2014-09-05,"MA_Crossover(34,47)",6993.0000,6968.2500,-1.0000,-1.0000,43.5000,-43.5000,-6968.2500,9747.7500,9747.7500
2014-09-08,"MA_Crossover(34,47)",7003.0000,6978.2500,-1.0000,-1.0000,10.0000,-10.0000,-6978.2500,9737.7500,9737.7500
2014-09-09,"MA_Crossover(34,47)",6859.5000,6834.7500,-1.0000,-1.0000,-143.5000,143.5000,-6834.7500,9881.2500,9881.2500
2014-09-10,"MA_Crossover(34,47)",6892.7500,6868.0000,-1.0000,-1.0000,33.2500,-33.2500,-6868.0000,9848.0000,9848.0000
2014-09-11,"MA_Crossover(34,47)",6859.0000,6834.2500,-1.0000,-1.0000,-33.7500,33.7500,-6834.2500,9881.7500,9881.7500
2014-09-12,"MA_Crossover(34,47)",6864.5000,6839.7500,-1.0000,-1.0000,5.5000,-5.5000,-6839.7500,9876.2500,9876.2500
2014-09-15,"MA_Crossover(34,47)",6867.0000,6842.2500,-1.0000,-1.0000,2.5000,-2.5000,-6842.2500,9873.7500,9873.7500
2014-09-16,"MA_Crossover(34,47)",6922.2500,6911.5000,-1.0000,-1.0000,69.2500,-69.2500,-6911.5000,9804.5000,9804.5000
2014-09-17,"MA_Crossover(34,47)",6949.5000,6940.7500,-1.0000,-1.0000,29.2500,-29.2500,-6940.7500,9775.2500,9775.2500
2014-09-18,"MA_Crossover(34,47)",6864.7500,6855.2500,-1.0000,-1.0000,-85.5000,85.5000,-6855.2500,9860.7500,9860.7500
2014-09-19,"MA_Crossover(34,47)",6862.2500,6862.5000,-1.0000,-1.0000,7.2500,-7.2500,-6862.5000,9853.5000,9853.5000
2014-09-22,"MA_Crossover(34,47)",6756.5000,6756.7500,-1.0000,-1.0000,-105.7500,105.7500,-6756.7500,9959.2500,9959.2500
2014-09-23,"MA_Crossover(34,47)",6752.0000,6752.2500,-1.0000,-1.0000,-4.5000,4.5000,-6752.2500,9963.7500,9963.7500
2014-09-24,"MA_Crossover(34,47)",6770.5000,6770.7500,-1.0000,-1.0000,18.5000,-18.5000,-6770.7500,9945.2500,9945.2500
2014-09-25,"MA_Crossover(34,47)",6728.0000,6728.2500,-1.0000,-1.0000,-42.5000,42.5000,-6728.2500,9987.7500,9987.7500
2014-09-26,"MA_Crossover(34,47)",6755.5000,6755.7500,-1.0000,-1.0000,27.5000,-27.5000,-6755.7500,9960.2500,9960.2500
2014-09-29,"MA_Crossover(34,47)",6777.5000,6777.7500,-1.0000,-1.0000,22.0000,-22.0000,-6777.7500,9938.2500,9938.2500
2014-09-30,"MA_Crossover(34,47)",6710.0000,6710.2500,-1.0000,-1.0000,-67.5000,67.5000,-6710.2500,10005.7500,10005.7500
2014-10-01,"MA_Crossover(34,47)",6722.7500,6723.0000,-1.0000,-1.0000,12.7500,-12.7500,-6723.0000,9993.0000,9993.0000
2014-10-02,"MA_Crossover(34,47)",6643.0000,6643.2500,-1.0000,-1.0000,-79.7500,79.7500,-6643.2500,10072.7500,10072.7500
2014-10-03,"MA_Crossover(34,47)",6679.0000,6679.2500,-1.0000,-1.0000,36.0000,-36.0000,-6679.2500,10036.7500,10036.7500
2014-10-06,"MA_Crossover(34,47)",6746.0000,6746.2500,-1.0000,-1.0000,67.0000,-67.0000,-6746.2500,9969.7500,9969.7500
2014-10-07,"MA_Crossover(34,47)",6706.7500,6707.0000,-1.0000,-1.0000,-39.2500,39.2500,-6707.0000,10009.0000,10009.0000
2014-10-08,"MA_Crossover(34,47)",6685.0000,6685.2500,-1.0000,-1.0000,-21.7500,21.7500,-6685.2500,10030.7500,10030.7500
2014-10-09,"MA_Crossover(34,47)",6774.5000,6774.7500,-1.0000,-1.0000,89.5000,-89.5000,-6774.7500,9941.2500,9941.2500
2014-10-10,"MA_Crossover(34,47)",6699.5000,6699.7500,-1.0000,-1.0000,-75.0000,75.0000,-6699.7500,10016.2500,10016.2500
2014-10-13,"MA_Crossover(34,47)",6784.0000,6784.2500,-1.0000,-1.0000,84.5000,-84.5000,-6784.2500,9931.7500,9931.7500
2014-10-14,"MA_Crossover(34,47)",6827.0000,6854.2500,-1.0000,-1.0000,70.0000,-70.0000,-6854.2500,9861.7500,9861.7500
2014-10-15,"MA_Crossover(34,47)",6669.0000,6694.7500,-1.0000,-1.0000,-159.5000,159.5000,-6694.7500,10021.2500,10021.2500
2014-10-16,"MA_Crossover(34,47)",6587.0000,6608.2500,-1.0000,-1.0000,-86.5000,86.5000,-6608.2500,10107.7500,10107.7500
2014-10-17,"MA_Crossover(34,47)",6675.0000,6716.2500,-1.0000,-1.0000,108.0000,-108.0000,-6716.2500,9999.7500,9999.7500
2014-10-20,"MA_Crossover(34,47)",6595.0000,6636.2500,-1.0000,-1.0000,-80.0000,80.0000,-6636.2500,10079.7500,10079.7500
2014-10-21,"MA_Crossover(34,47)",6703.7500,6745.0000,-1.0000,-1.0000,108.7500,-108.7500,-6745.0000,9971.0000,9971.0000
2014-10-22,"MA_Crossover(34,47)",6674.0000,6715.2500,-1.0000,-1.0000,-29.7500,29.7500,-6715.2500,10000.7500,10000.7500
2014-10-23,"MA_Crossover(34,47)",6738.0000,6779.2500,-1.0000,-1.0000,64.0000,-64.0000,-6779.2500,9936.7500,9936.7500
2014-10-24,"MA_Crossover(34,47)",6744.0000,6785.2500,-1.0000,-1.0000,6.0000,-6.0000,-6785.2500,9930.7500,9930.7500
2014-10-27,"MA_Crossover(34,47)",6782.0000,6823.2500,-1.0000,-1.0000,38.0000,-38.0000,-6823.2500,9892.7500,9892.7500
2014-10-28,"MA_Crossover(34,47)",6855.5000,6896.7500,-1.0000,-1.0000,73.5000,-73.5000,-6896.7500,9819.2500,9819.2500
2014-10-29,"MA_Crossover(34,47)",6876.5000,6917.7500,-1.0000,-1.0000,21.0000,-21.0000,-6917.7500,9798.2500,9798.2500
2014-10-30,"MA_Crossover(34,47)",6797.0000,6838.2500,-1.0000,-1.0000,-79.5000,79.5000,-6838.2500,9877.7500,9877.7500
2014-10-31,"MA_Crossover(34,47)",6752.0000,6793.2500,-1.0000,-1.0000,-45.0000,45.0000,-6793.2500,9922.7500,9922.7500
2014-11-03,"MA_Crossover(34,47)",6770.0000,6811.2500,-1.0000,-1.0000,18.0000,-18.0000,-6811.2500,9904.7500,9904.7500
2014-11-04,"MA_Crossover(34,47)",6703.0000,6744.2500,-1.0000,-1.0000,-67.0000,67.0000,-6744.2500,9971.7500,9971.7500
2014-11-05,"MA_Crossover(34,47)",6706.5000,6747.7500,-1.0000,-1.0000,3.5000,-3.5000,-6747.7500,9968.2500,9968.2500
2014-11-06,"MA_Crossover(34,47)",6730.5000,6771.7500,-1.0000,-1.0000,24.0000,-24.0000,-6771.7500,9944.2500,9944.2500
2014-11-07,"MA_Crossover(34,47)",6785.0000,6826.2500,-1.0000,-1.0000,54.5000,-54.5000,-6826.2500,9889.7500,9889.7500
2014-11-10,"MA_Crossover(34,47)",6725.0000,6766.2500,-1.0000,-1.0000,-60.0000,60.0000,-6766.2500,9949.7500,9949.7500
2014-11-11,"MA_Crossover(34,47)",6755.5000,6796.7500,-1.0000,-1.0000,30.5000,-30.5000,-6796.7500,9919.2500,9919.2500
2014-11-12,"MA_Crossover(34,47)",6747.5000,6788.7500,-1.0000,-1.0000,-8.0000,8.0000,-6788.7500,9927.2500,9927.2500
2014-11-13,"MA_Crossover(34,47)",6724.0000,6765.2500,-1.0000,-1.0000,-23.5000,23.5000,-6765.2500,9950.7500,9950.7500
2014-11-14,"MA_Crossover(34,47)",6777.0000,6818.2500,-1.0000,-1.0000,53.0000,-53.0000,-6818.2500,9897.7500,9897.7500
2014-11-17,"MA_Crossover(34,47)",6776.0000,6817.2500,-1.0000,-1.0000,-1.0000,1.0000,-6817.2500,9898.7500,9898.7500
2014-11-18,"MA_Crossover(34,47)",6679.0000,6719.2500,-1.0000,-1.0000,-98.0000,98.0000,-6719.2500,9996.7500,9996.7500
2014-11-19,"MA_Crossover(34,47)",6732.0000,6775.2500,-1.0000,-1.0000,56.0000,-56.0000,-6775.2500,9940.7500,9940.7500
2014-11-20,"MA_Crossover(34,47)",6711.7500,6755.5000,-1.0000,-1.0000,-19.7500,19.7500,-6755.5000,9960.5000,9960.5000
2014-11-21,"MA_Crossover(34,47)",6772.0000,6840.2500,-1.0000,-1.0000,84.7500,-84.7500,-6840.2500,9875.7500,9875.7500
2014-11-24,"MA_Crossover(34,47)",6720.0000,6788.2500,-1.0000,-1.0000,-52.0000,52.0000,-6788.2500,9927.7500,9927.7500
2014-11-25,"MA_Crossover(34,47)",6644.0000,6712.2500,1.0000,-1.0000,-76.0000,76.0000,-6712.2500,10003.7500,10003.7500
2014-11-26,"MA_Crossover(34,47)",6619.0000,6687.2500,1.0000,1.0000,-25.0000,-25.0000,6687.2500,9978.7500,9978.7500
2014-11-27,"MA_Crossover(34,47)",6609.5000,6677.7500,1.0000,1.0000,-9.5000,-9.5000,6677.7500,9969.2500,9969.2500
2014-11-28,"MA_Crossover(34,47)",6409.0000,6477.2500,-1.0000,1.0000,-200.5000,-200.5000,6477.2500,9768.7500,9768.7500
2014-12-01,"MA_Crossover(34,47)",6517.0000,6585.2500,-1.0000,-1.0000,108.0000,-108.0000,-6585.2500,9660.7500,9660.7500
2014-12-02,"MA_Crossover(34,47)",6471.0000,6539.2500,-1.0000,-1.0000,-46.0000,46.0000,-6539.2500,9706.7500,9706.7500
2014-12-03,"MA_Crossover(34,47)",6433.5000,6501.7500,-1.0000,-1.0000,-37.5000,37.5000,-6501.7500,9744.2500,9744.2500
2014-12-04,"MA_Crossover(34,47)",6530.5000,6598.7500,-1.0000,-1.0000,97.0000,-97.0000,-6598.7500,9647.2500,9647.2500
2014-12-05,"MA_Crossover(34,47)",6508.0000,6576.2500,-1.0000,-1.0000,-22.5000,22.5000,-6576.2500,9669.7500,9669.7500
2014-12-08,"MA_Crossover(34,47)",6452.2500,6520.5000,-1.0000,-1.0000,-55.7500,55.7500,-6520.5000,9725.5000,9725.5000
2014-12-09,"MA_Crossover(34,47)",6528.5000,6596.7500,-1.0000,-1.0000,76.2500,-76.2500,-6596.7500,9649.2500,9649.2500
2014-12-10,"MA_Crossover(34,47)",6469.0000,6537.2500,-1.0000,-1.0000,-59.5000,59.5000,-6537.2500,9708.7500,9708.7500
2014-12-11,"MA_Crossover(34,47)",6514.5000,6582.7500,-1.0000,-1.0000,45.5000,-45.5000,-6582.7500,9663.2500,9663.2500
2014-12-12,"MA_Crossover(34,47)",6539.2500,6607.5000,-1.0000,-1.0000,24.7500,-24.7500,-6607.5000,9638.5000,9638.5000
2014-12-15,"MA_Crossover(34,47)",6447.5000,6515.7500,-1.0000,-1.0000,-91.7500,91.7500,-6515.7500,9730.2500,9730.2500
2014-12-16,"MA_Crossover(34,47)",6387.5000,6470.2500,-1.0000,-1.0000,-45.5000,45.5000,-6470.2500,9775.7500,9775.7500
2014-12-17,"MA_Crossover(34,47)",6398.0000,6477.2500,-1.0000,-1.0000,7.0000,-7.0000,-6477.2500,9768.7500,9768.7500
2014-12-18,"MA_Crossover(34,47)",6346.0000,6426.2500,-1.0000,-1.0000,-51.0000,51.0000,-6426.2500,9819.7500,9819.7500
2014-12-19,"MA_Crossover(34,47)",6438.5000,6533.7500,-1.0000,-1.0000,107.5000,-107.5000,-6533.7500,9712.2500,9712.2500
2014-12-22,"MA_Crossover(34,47)",6392.0000,6487.2500,-1.0000,-1.0000,-46.5000,46.5000,-6487.2500,9758.7500,9758.7500
2014-12-23,"MA_Crossover(34,47)",6370.0000,6465.2500,-1.0000,-1.0000,-22.0000,22.0000,-6465.2500,9780.7500,9780.7500
2014-12-24,"MA_Crossover(34,47)",6344.0000,6439.2500,-1.0000,-1.0000,-26.0000,26.0000,-6439.2500,9806.7500,9806.7500
2014-12-29,"MA_Crossover(34,47)",6343.0000,6438.2500,-1.0000,-1.0000,-1.0000,1.0000,-6438.2500,9807.7500,9807.7500
2014-12-30,"MA_Crossover(34,47)",6376.0000,6471.2500,-1.0000,-1.0000,33.0000,-33.0000,-6471.2500,9774.7500,9774.7500
2014-12-31,"MA_Crossover(34,47)",6349.0000,6444.2500,-1.0000,-1.0000,-27.0000,27.0000,-6444.2500,9801.7500,9801.7500
2015-01-02,"MA_Crossover(34,47)",6304.0000,6399.2500,-1.0000,-1.0000,-45.0000,45.0000,-6399.2500,9846.7500,9846.7500
2015-01-05,"MA_Crossover(34,47)",6199.5000,6294.7500,-1.0000,-1.0000,-104.5000,104.5000,-6294.7500,9951.2500,9951.2500
2015-01-06,"MA_Crossover(34,47)",6209.0000,6304.2500,-1.0000,-1.0000,9.5000,-9.5000,-6304.2500,9941.7500,9941.7500
2015-01-07,"MA_Crossover(34,47)",6172.5000,6267.7500,-1.0000,-1.0000,-36.5000,36.5000,-6267.7500,9978.2500,9978.2500
2015-01-08,"MA_Crossover(34,47)",6160.7500,6256.0000,-1.0000,-1.0000,-11.7500,11.7500,-6256.0000,9990.0000,9990.0000
2015-01-09,"MA_Crossover(34,47)",6147.5000,6242.7500,-1.0000,-1.0000,-13.2500,13.2500,-6242.7500,10003.2500,10003.2500
2015-01-12,"MA_Crossover(34,47)",6085.0000,6180.2500,-1.0000,-1.0000,-62.5000,62.5000,-6180.2500,10065.7500,10065.7500
2015-01-13,"MA_Crossover(34,47)",5928.5000,6023.7500,-1.0000,-1.0000,-156.5000,156.5000,-6023.7500,10222.2500,10222.2500
2015-01-14,"MA_Crossover(34,47)",5617.0000,5712.2500,-1.0000,-1.0000,-311.5000,311.5000,-5712.2500,10533.7500,10533.7500
2015-01-15,"MA_Crossover(34,47)",5681.0000,5776.2500,-1.0000,-1.0000,64.0000,-64.0000,-5776.2500,10469.7500,10469.7500
2015-01-16,"MA_Crossover(34,47)",5768.0000,5863.2500,-1.0000,-1.0000,87.0000,-87.0000,-5863.2500,10382.7500,10382.7500
2015-01-19,"MA_Crossover(34,47)",5709.0000,5804.2500,-1.0000,-1.0000,-59.0000,59.0000,-5804.2500,10441.7500,10441.7500
2015-01-20,"MA_Crossover(34,47)",5717.0000,5812.2500,-1.0000,-1.0000,8.0000,-8.0000,-5812.2500,10433.7500,10433.7500
2015-01-21,"MA_Crossover(34,47)",5796.5000,5891.7500,-1.0000,-1.0000,79.5000,-79.5000,-5891.7500,10354.2500,10354.2500
2015-01-22,"MA_Crossover(34,47)",5687.5000,5783.2500,-1.0000,-1.0000,-108.5000,108.5000,-5783.2500,10462.7500,10462.7500
2015-01-23,"MA_Crossover(34,47)",5541.0000,5646.2500,-1.0000,-1.0000,-137.0000,137.0000,-5646.2500,10599.7500,10599.7500
2015-01-26,"MA_Crossover(34,47)",5612.5000,5717.7500,-1.0000,-1.0000,71.5000,-71.5000,-5717.7500,10528.2500,10528.2500
2015-01-27,"MA_Crossover(34,47)",5446.0000,5551.2500,-1.0000,-1.0000,-166.5000,166.5000,-5551.2500,10694.7500,10694.7500
2015-01-28,"MA_Crossover(34,47)",5515.5000,5620.7500,-1.0000,-1.0000,69.5000,-69.5000,-5620.7500,10625.2500,10625.2500
2015-01-29,"MA_Crossover(34,47)",5432.0000,5537.2500,-1.0000,-1.0000,-83.5000,83.5000,-5537.2500,10708.7500,10708.7500
2015-01-30,"MA_Crossover(34,47)",5542.0000,5647.2500,-1.0000,-1.0000,110.0000,-110.0000,-5647.2500,10598.7500,10598.7500
2015-02-02,"MA_Crossover(34,47)",5530.0000,5635.2500,-1.0000,-1.0000,-12.0000,12.0000,-5635.2500,10610.7500,10610.7500
2015-02-03,"MA_Crossover(34,47)",5725.0000,5830.2500,-1.0000,-1.0000,195.0000,-195.0000,-5830.2500,10415.7500,10415.7500
2015-02-04,"MA_Crossover(34,47)",5738.7500,5844.0000,-1.0000,-1.0000,13.7500,-13.7500,-5844.0000,10402.0000,10402.0000
2015-02-05,"MA_Crossover(34,47)",5748.0000,5853.2500,-1.0000,-1.0000,9.2500,-9.2500,-5853.2500,10392.7500,10392.7500
2015-02-06,"MA_Crossover(34,47)",5674.0000,5779.2500,-1.0000,-1.0000,-74.0000,74.0000,-5779.2500,10466.7500,10466.7500
2015-02-09,"MA_Crossover(34,47)",5691.0000,5796.2500,-1.0000,-1.0000,17.0000,-17.0000,-5796.2500,10449.7500,10449.7500
2015-02-10,"MA_Crossover(34,47)",5608.5000,5713.7500,-1.0000,-1.0000,-82.5000,82.5000,-5713.7500,10532.2500,10532.2500
2015-02-11,"MA_Crossover(34,47)",5613.0000,5718.2500,-1.0000,-1.0000,4.5000,-4.5000,-5718.2500,10527.7500,10527.7500
2015-02-12,"MA_Crossover(34,47)",5752.5000,5857.7500,-1.0000,-1.0000,139.5000,-139.5000,-5857.7500,10388.2500,10388.2500
2015-02-13,"MA_Crossover(34,47)",5754.2500,5859.5000,-1.0000,-1.0000,1.7500,-1.7500,-5859.5000,10386.5000,10386.5000
2015-02-16,"MA_Crossover(34,47)",5764.0000,5869.2500,-1.0000,-1.0000,9.7500,-9.7500,-5869.2500,10376.7500,10376.7500
2015-02-17,"MA_Crossover(34,47)",5656.7500,5762.5000,-1.0000,-1.0000,-106.7500,106.7500,-5762.5000,10483.5000,10483.5000
2015-02-18,"MA_Crossover(34,47)",5753.5000,5858.7500,-1.0000,-1.0000,96.2500,-96.2500,-5858.7500,10387.2500,10387.2500
2015-02-19,"MA_Crossover(34,47)",5761.2500,5865.5000,-1.0000,-1.0000,6.7500,-6.7500,-5865.5000,10380.5000,10380.5000
2015-02-20,"MA_Crossover(34,47)",5704.0000,5813.7500,-1.0000,-1.0000,-51.7500,51.7500,-5813.7500,10432.2500,10432.2500
2015-02-23,"MA_Crossover(34,47)",5682.5000,5792.2500,-1.0000,-1.0000,-21.5000,21.5000,-5792.2500,10453.7500,10453.7500
2015-02-24,"MA_Crossover(34,47)",5798.0000,5907.7500,-1.0000,-1.0000,115.5000,-115.5000,-5907.7500,10338.2500,10338.2500
2015-02-25,"MA_Crossover(34,47)",5797.0000,5906.7500,-1.0000,-1.0000,-1.0000,1.0000,-5906.7500,10339.2500,10339.2500
2015-02-26,"MA_Crossover(34,47)",5911.5000,6021.2500,-1.0000,-1.0000,114.5000,-114.5000,-6021.2500,10224.7500,10224.7500
2015-02-27,"MA_Crossover(34,47)",5918.0000,6027.7500,-1.0000,-1.0000,6.5000,-6.5000,-6027.7500,10218.2500,10218.2500
2015-03-02,"MA_Crossover(34,47)",5922.5000,6032.2500,-1.0000,-1.0000,4.5000,-4.5000,-6032.2500,10213.7500,10213.7500
2015-03-03,"MA_Crossover(34,47)",5839.7500,5949.5000,-1.0000,-1.0000,-82.7500,82.7500,-5949.5000,10296.5000,10296.5000
2015-03-04,"MA_Crossover(34,47)",5861.0000,5970.7500,-1.0000,-1.0000,21.2500,-21.2500,-5970.7500,10275.2500,10275.2500
2015-03-05,"MA_Crossover(34,47)",5855.0000,5964.7500,-1.0000,-1.0000,-6.0000,6.0000,-5964.7500,10281.2500,10281.2500
2015-03-06,"MA_Crossover(34,47)",5763.0000,5872.7500,-1.0000,-1.0000,-92.0000,92.0000,-5872.7500,10373.2500,10373.2500
2015-03-09,"MA_Crossover(34,47)",5893.0000,6002.7500,-1.0000,-1.0000,130.0000,-130.0000,-6002.7500,10243.2500,10243.2500
2015-03-10,"MA_Crossover(34,47)",5788.0000,5897.7500,-1.0000,-1.0000,-105.0000,105.0000,-5897.7500,10348.2500,10348.2500
2015-03-11,"MA_Crossover(34,47)",5754.0000,5863.7500,-1.0000,-1.0000,-34.0000,34.0000,-5863.7500,10382.2500,10382.2500
2015-03-12,"MA_Crossover(34,47)",5866.0000,5975.7500,-1.0000,-1.0000,112.0000,-112.0000,-5975.7500,10270.2500,10270.2500
2015-03-13,"MA_Crossover(34,47)",5881.5000,5991.2500,-1.0000,-1.0000,15.5000,-15.5000,-5991.2500,10254.7500,10254.7500
2015-03-16,"MA_Crossover(34,47)",5864.2500,5974.0000,-1.0000,-1.0000,-17.2500,17.2500,-5974.0000,10272.0000,10272.0000
2015-03-17,"MA_Crossover(34,47)",5798.5000,5907.2500,1.0000,-1.0000,-66.7500,66.7500,-5907.2500,10338.7500,10338.7500
2015-03-18,"MA_Crossover(34,47)",5689.5000,5796.2500,1.0000,1.0000,-111.0000,-111.0000,5796.2500,10227.7500,10227.7500
2015-03-19,"MA_Crossover(34,47)",5876.2500,5983.5000,1.0000,1.0000,187.2500,187.2500,5983.5000,10415.0000,10415.0000
2015-03-20,"MA_Crossover(34,47)",6070.5000,6186.7500,1.0000,1.0000,203.2500,203.2500,6186.7500,10618.2500,10618.2500
2015-03-23,"MA_Crossover(34,47)",6147.5000,6263.7500,1.0000,1.0000,77.0000,77.0000,6263.7500,10695.2500,10695.2500
2015-03-24,"MA_Crossover(34,47)",6172.0000,6288.2500,1.0000,1.0000,24.5000,24.5000,6288.2500,10719.7500,10719.7500
2015-03-25,"MA_Crossover(34,47)",6148.5000,6264.7500,1.0000,1.0000,-23.5000,-23.5000,6264.7500,10696.2500,10696.2500
2015-03-26,"MA_Crossover(34,47)",6195.5000,6311.7500,1.0000,1.0000,47.0000,47.0000,6311.7500,10743.2500,10743.2500
2015-03-27,"MA_Crossover(34,47)",6075.5000,6191.7500,1.0000,1.0000,-120.0000,-120.0000,6191.7500,10623.2500,10623.2500
2015-03-30,"MA_Crossover(34,47)",6105.0000,6221.2500,1.0000,1.0000,29.5000,29.5000,6221.2500,10652.7500,10652.7500
2015-03-31,"MA_Crossover(34,47)",6064.5000,6180.7500,1.0000,1.0000,-40.5000,-40.5000,6180.7500,10612.2500,10612.2500
2015-04-01,"MA_Crossover(34,47)",6067.5000,6183.7500,1.0000,1.0000,3.0000,3.0000,6183.7500,10615.2500,10615.2500
2015-04-02,"MA_Crossover(34,47)",6002.5000,6118.7500,1.0000,1.0000,-65.0000,-65.0000,6118.7500,10550.2500,10550.2500
2015-04-07,"MA_Crossover(34,47)",6084.0000,6200.2500,1.0000,1.0000,81.5000,81.5000,6200.2500,10631.7500,10631.7500
2015-04-08,"MA_Crossover(34,47)",6027.5000,6143.7500,1.0000,1.0000,-56.5000,-56.5000,6143.7500,10575.2500,10575.2500
2015-04-09,"MA_Crossover(34,47)",6013.5000,6129.7500,1.0000,1.0000,-14.0000,-14.0000,6129.7500,10561.2500,10561.2500
2015-04-10,"MA_Crossover(34,47)",6056.0000,6172.2500,1.0000,1.0000,42.5000,42.5000,6172.2500,10603.7500,10603.7500
2015-04-13,"MA_Crossover(34,47)",6001.2500,6117.5000,1.0000,1.0000,-54.7500,-54.7500,6117.5000,10549.0000,10549.0000
2015-04-14,"MA_Crossover(34,47)",5954.5000,6066.7500,1.0000,1.0000,-50.7500,-50.7500,6066.7500,10498.2500,10498.2500
2015-04-15,"MA_Crossover(34,47)",5962.7500,6076.2500,1.0000,1.0000,9.5000,9.5000,6076.2500,10507.7500,10507.7500
2015-04-16,"MA_Crossover(34,47)",6069.5000,6183.2500,1.0000,1.0000,107.0000,107.0000,6183.2500,10614.7500,10614.7500
2015-04-17,"MA_Crossover(34,47)",6071.0000,6187.7500,1.0000,1.0000,4.5000,4.5000,6187.7500,10619.2500,10619.2500
2015-04-20,"MA_Crossover(34,47)",5987.2500,6104.0000,1.0000,1.0000,-83.7500,-83.7500,6104.0000,10535.5000,10535.5000
2015-04-21,"MA_Crossover(34,47)",5942.0000,6058.7500,1.0000,1.0000,-45.2500,-45.2500,6058.7500,10490.2500,10490.2500
2015-04-22,"MA_Crossover(34,47)",5900.0000,6016.7500,1.0000,1.0000,-42.0000,-42.0000,6016.7500,10448.2500,10448.2500
2015-04-23,"MA_Crossover(34,47)",5936.0000,6052.7500,1.0000,1.0000,36.0000,36.0000,6052.7500,10484.2500,10484.2500
2015-04-24,"MA_Crossover(34,47)",6025.0000,6141.7500,1.0000,1.0000,89.0000,89.0000,6141.7500,10573.2500,10573.2500
2015-04-27,"MA_Crossover(34,47)",6065.5000,6182.2500,1.0000,1.0000,40.5000,40.5000,6182.2500,10613.7500,10613.7500
2015-04-28,"MA_Crossover(34,47)",6123.0000,6239.7500,1.0000,1.0000,57.5000,57.5000,6239.7500,10671.2500,10671.2500
2015-04-29,"MA_Crossover(34,47)",6152.5000,6269.2500,1.0000,1.0000,29.5000,29.5000,6269.2500,10700.7500,10700.7500
2015-04-30,"MA_Crossover(34,47)",6350.5000,6467.2500,1.0000,1.0000,198.0000,198.0000,6467.2500,10898.7500,10898.7500
2015-05-01,"MA_Crossover(34,47)",6407.5000,6524.2500,1.0000,1.0000,57.0000,57.0000,6524.2500,10955.7500,10955.7500
2015-05-05,"MA_Crossover(34,47)",6479.7500,6596.5000,1.0000,1.0000,72.2500,72.2500,6596.5000,11028.0000,11028.0000
2015-05-06,"MA_Crossover(34,47)",6390.2500,6507.0000,1.0000,1.0000,-89.5000,-89.5000,6507.0000,10938.5000,10938.5000
2015-05-07,"MA_Crossover(34,47)",6401.5000,6518.2500,1.0000,1.0000,11.2500,11.2500,6518.2500,10949.7500,10949.7500
2015-05-08,"MA_Crossover(34,47)",6388.5000,6505.2500,1.0000,1.0000,-13.0000,-13.0000,6505.2500,10936.7500,10936.7500
2015-05-11,"MA_Crossover(34,47)",6366.5000,6483.2500,1.0000,1.0000,-22.0000,-22.0000,6483.2500,10914.7500,10914.7500
2015-05-12,"MA_Crossover(34,47)",6446.0000,6562.7500,1.0000,1.0000,79.5000,79.5000,6562.7500,10994.2500,10994.2500
2015-05-13,"MA_Crossover(34,47)",6410.5000,6527.2500,1.0000,1.0000,-35.5000,-35.5000,6527.2500,10958.7500,10958.7500
2015-05-14,"MA_Crossover(34,47)",6406.0000,6522.7500,1.0000,1.0000,-4.5000,-4.5000,6522.7500,10954.2500,10954.2500
2015-05-15,"MA_Crossover(34,47)",6415.0000,6531.7500,1.0000,1.0000,9.0000,9.0000,6531.7500,10963.2500,10963.2500
2015-05-18,"MA_Crossover(34,47)",6369.0000,6485.7500,1.0000,1.0000,-46.0000,-46.0000,6485.7500,10917.2500,10917.2500
2015-05-19,"MA_Crossover(34,47)",6217.0000,6327.2500,1.0000,1.0000,-158.5000,-158.5000,6327.2500,10758.7500,10758.7500
2015-05-20,"MA_Crossover(34,47)",6220.5000,6329.2500,1.0000,1.0000,2.0000,2.0000,6329.2500,10760.7500,10760.7500
2015-05-21,"MA_Crossover(34,47)",6254.5000,6361.2500,1.0000,1.0000,32.0000,32.0000,6361.2500,10792.7500,10792.7500
2015-05-22,"MA_Crossover(34,47)",6161.5000,6270.2500,1.0000,1.0000,-91.0000,-91.0000,6270.2500,10701.7500,10701.7500
2015-05-26,"MA_Crossover(34,47)",6107.0000,6215.7500,1.0000,1.0000,-54.5000,-54.5000,6215.7500,10647.2500,10647.2500
2015-05-27,"MA_Crossover(34,47)",6082.5000,6191.2500,1.0000,1.0000,-24.5000,-24.5000,6191.2500,10622.7500,10622.7500
2015-05-28,"MA_Crossover(34,47)",6095.5000,6204.2500,1.0000,1.0000,13.0000,13.0000,6204.2500,10635.7500,10635.7500
2015-05-29,"MA_Crossover(34,47)",6010.2500,6119.0000,1.0000,1.0000,-85.2500,-85.2500,6119.0000,10550.5000,10550.5000
2015-06-01,"MA_Crossover(34,47)",6021.5000,6130.2500,1.0000,1.0000,11.2500,11.2500,6130.2500,10561.7500,10561.7500
2015-06-02,"MA_Crossover(34,47)",6035.5000,6144.2500,1.0000,1.0000,14.0000,14.0000,6144.2500,10575.7500,10575.7500
2015-06-03,"MA_Crossover(34,47)",6006.5000,6115.2500,1.0000,1.0000,-29.0000,-29.0000,6115.2500,10546.7500,10546.7500
2015-06-04,"MA_Crossover(34,47)",5910.7500,6019.5000,1.0000,1.0000,-95.7500,-95.7500,6019.5000,10451.0000,10451.0000
2015-06-05,"MA_Crossover(34,47)",5931.0000,6039.7500,1.0000,1.0000,20.2500,20.2500,6039.7500,10471.2500,10471.2500
2015-06-08,"MA_Crossover(34,47)",5941.7500,6050.5000,1.0000,1.0000,10.7500,10.7500,6050.5000,10482.0000,10482.0000
2015-06-09,"MA_Crossover(34,47)",5960.2500,6069.0000,1.0000,1.0000,18.5000,18.5000,6069.0000,10500.5000,10500.5000
2015-06-10,"MA_Crossover(34,47)",6026.5000,6135.2500,1.0000,1.0000,66.2500,66.2500,6135.2500,10566.7500,10566.7500
2015-06-11,"MA_Crossover(34,47)",5865.0000,5973.7500,1.0000,1.0000,-161.5000,-161.5000,5973.7500,10405.2500,10405.2500
2015-06-12,"MA_Crossover(34,47)",5893.0000,6001.7500,1.0000,1.0000,28.0000,28.0000,6001.7500,10433.2500,10433.2500
2015-06-15,"MA_Crossover(34,47)",5784.0000,5892.7500,1.0000,1.0000,-109.0000,-109.0000,5892.7500,10324.2500,10324.2500
2015-06-16,"MA_Crossover(34,47)",5737.5000,5838.2500,1.0000,1.0000,-54.5000,-54.5000,5838.2500,10269.7500,10269.7500
2015-06-17,"MA_Crossover(34,47)",5738.0000,5836.7500,1.0000,1.0000,-1.5000,-1.5000,5836.7500,10268.2500,10268.2500
2015-06-18,"MA_Crossover(34,47)",5746.7500,5846.7500,1.0000,1.0000,10.0000,10.0000,5846.7500,10278.2500,10278.2500
2015-06-19,"MA_Crossover(34,47)",5651.5000,5746.2500,1.0000,1.0000,-100.5000,-100.5000,5746.2500,10177.7500,10177.7500
2015-06-22,"MA_Crossover(34,47)",5645.7500,5740.5000,1.0000,1.0000,-5.7500,-5.7500,5740.5000,10172.0000,10172.0000
2015-06-23,"MA_Crossover(34,47)",5771.2500,5866.0000,-1.0000,1.0000,125.5000,125.5000,5866.0000,10297.5000,10297.5000
2015-06-24,"MA_Crossover(34,47)",5729.7500,5824.5000,-1.0000,-1.0000,-41.5000,41.5000,-5824.5000,10339.0000,10339.0000
2015-06-25,"MA_Crossover(34,47)",5759.5000,5854.2500,-1.0000,-1.0000,29.7500,-29.7500,-5854.2500,10309.2500,10309.2500
2015-06-26,"MA_Crossover(34,47)",5747.5000,5842.2500,-1.0000,-1.0000,-12.0000,12.0000,-5842.2500,10321.2500,10321.2500
2015-06-29,"MA_Crossover(34,47)",5785.0000,5879.7500,-1.0000,-1.0000,37.5000,-37.5000,-5879.7500,10283.7500,10283.7500
2015-06-30,"MA_Crossover(34,47)",5757.2500,5852.0000,-1.0000,-1.0000,-27.7500,27.7500,-5852.0000,10311.5000,10311.5000
2015-07-01,"MA_Crossover(34,47)",5767.2500,5862.0000,-1.0000,-1.0000,10.0000,-10.0000,-5862.0000,10301.5000,10301.5000
2015-07-02,"MA_Crossover(34,47)",5781.0000,5875.7500,-1.0000,-1.0000,13.7500,-13.7500,-5875.7500,10287.7500,10287.7500
2015-07-03,"MA_Crossover(34,47)",5747.5000,5842.2500,-1.0000,-1.0000,-33.5000,33.5000,-5842.2500,10321.2500,10321.2500
2015-07-06,"MA_Crossover(34,47)",5579.5000,5674.2500,-1.0000,-1.0000,-168.0000,168.0000,-5674.2500,10489.2500,10489.2500
2015-07-07,"MA_Crossover(34,47)",5332.0000,5426.7500,-1.0000,-1.0000,-247.5000,247.5000,-5426.7500,10736.7500,10736.7500
2015-07-08,"MA_Crossover(34,47)",5513.5000,5608.2500,-1.0000,-1.0000,181.5000,-181.5000,-5608.2500,10555.2500,10555.2500
2015-07-09,"MA_Crossover(34,47)",5617.5000,5712.2500,-1.0000,-1.0000,104.0000,-104.0000,-5712.2500,10451.2500,10451.2500
2015-07-10,"MA_Crossover(34,47)",5578.2500,5673.0000,-1.0000,-1.0000,-39.2500,39.2500,-5673.0000,10490.5000,10490.5000
2015-07-13,"MA_Crossover(34,47)",5573.5000,5668.2500,-1.0000,-1.0000,-4.7500,4.7500,-5668.2500,10495.2500,10495.2500
2015-07-14,"MA_Crossover(34,47)",5556.0000,5646.5000,-1.0000,-1.0000,-21.7500,21.7500,-5646.5000,10517.0000,10517.0000
2015-07-15,"MA_Crossover(34,47)",5521.5000,5612.0000,-1.0000,-1.0000,-34.5000,34.5000,-5612.0000,10551.5000,10551.5000
2015-07-16,"MA_Crossover(34,47)",5549.7500,5640.2500,-1.0000,-1.0000,28.2500,-28.2500,-5640.2500,10523.2500,10523.2500
2015-07-17,"MA_Crossover(34,47)",5470.0000,5554.0000,-1.0000,-1.0000,-86.2500,86.2500,-5554.0000,10609.5000,10609.5000
2015-07-20,"MA_Crossover(34,47)",5468.7500,5552.7500,-1.0000,-1.0000,-1.2500,1.2500,-5552.7500,10610.7500,10610.7500
2015-07-21,"MA_Crossover(34,47)",5442.5000,5526.5000,-1.0000,-1.0000,-26.2500,26.2500,-5526.5000,10637.0000,10637.0000
2015-07-22,"MA_Crossover(34,47)",5350.0000,5434.0000,-1.0000,-1.0000,-92.5000,92.5000,-5434.0000,10729.5000,10729.5000
2015-07-23,"MA_Crossover(34,47)",5261.5000,5345.5000,-1.0000,-1.0000,-88.5000,88.5000,-5345.5000,10818.0000,10818.0000
2015-07-24,"MA_Crossover(34,47)",5253.0000,5337.0000,-1.0000,-1.0000,-8.5000,8.5000,-5337.0000,10826.5000,10826.5000
2015-07-27,"MA_Crossover(34,47)",5177.0000,5261.0000,-1.0000,-1.0000,-76.0000,76.0000,-5261.0000,10902.5000,10902.5000
2015-07-28,"MA_Crossover(34,47)",5289.0000,5373.0000,-1.0000,-1.0000,112.0000,-112.0000,-5373.0000,10790.5000,10790.5000
2015-07-29,"MA_Crossover(34,47)",5319.0000,5403.0000,-1.0000,-1.0000,30.0000,-30.0000,-5403.0000,10760.5000,10760.5000
2015-07-30,"MA_Crossover(34,47)",5253.5000,5337.5000,-1.0000,-1.0000,-65.5000,65.5000,-5337.5000,10826.0000,10826.0000
2015-07-31,"MA_Crossover(34,47)",5221.0000,5305.0000,-1.0000,-1.0000,-32.5000,32.5000,-5305.0000,10858.5000,10858.5000
2015-08-03,"MA_Crossover(34,47)",5211.0000,5295.0000,-1.0000,-1.0000,-10.0000,10.0000,-5295.0000,10868.5000,10868.5000
2015-08-04,"MA_Crossover(34,47)",5230.2500,5314.2500,-1.0000,-1.0000,19.2500,-19.2500,-5314.2500,10849.2500,10849.2500
2015-08-05,"MA_Crossover(34,47)",5172.0000,5256.0000,-1.0000,-1.0000,-58.2500,58.2500,-5256.0000,10907.5000,10907.5000
2015-08-06,"MA_Crossover(34,47)",5178.0000,5262.0000,-1.0000,-1.0000,6.0000,-6.0000,-5262.0000,10901.5000,10901.5000
2015-08-07,"MA_Crossover(34,47)",5166.0000,5250.0000,-1.0000,-1.0000,-12.0000,12.0000,-5250.0000,10913.5000,10913.5000
2015-08-10,"MA_Crossover(34,47)",5298.2500,5382.2500,-1.0000,-1.0000,132.2500,-132.2500,-5382.2500,10781.2500,10781.2500
2015-08-11,"MA_Crossover(34,47)",5111.7500,5195.7500,-1.0000,-1.0000,-186.5000,186.5000,-5195.7500,10967.7500,10967.7500
2015-08-12,"MA_Crossover(34,47)",5177.7500,5261.7500,-1.0000,-1.0000,66.0000,-66.0000,-5261.7500,10901.7500,10901.7500
2015-08-13,"MA_Crossover(34,47)",5178.0000,5262.0000,-1.0000,-1.0000,0.2500,-0.2500,-5262.0000,10901.5000,10901.5000
2015-08-14,"MA_Crossover(34,47)",5157.7500,5241.7500,-1.0000,-1.0000,-20.2500,20.2500,-5241.7500,10921.7500,10921.7500
2015-08-17,"MA_Crossover(34,47)",5107.2500,5191.2500,-1.0000,-1.0000,-50.5000,50.5000,-5191.2500,10972.2500,10972.2500
2015-08-18,"MA_Crossover(34,47)",5037.0000,5116.5000,-1.0000,-1.0000,-74.7500,74.7500,-5116.5000,11047.0000,11047.0000
2015-08-19,"MA_Crossover(34,47)",4998.5000,5077.5000,-1.0000,-1.0000,-39.0000,39.0000,-5077.5000,11086.0000,11086.0000
2015-08-20,"MA_Crossover(34,47)",5125.5000,5203.5000,-1.0000,-1.0000,126.0000,-126.0000,-5203.5000,10960.0000,10960.0000
2015-08-21,"MA_Crossover(34,47)",5063.2500,5142.7500,-1.0000,-1.0000,-60.7500,60.7500,-5142.7500,11020.7500,11020.7500
2015-08-24,"MA_Crossover(34,47)",4965.5000,5045.0000,-1.0000,-1.0000,-97.7500,97.7500,-5045.0000,11118.5000,11118.5000
2015-08-25,"MA_Crossover(34,47)",5092.0000,5171.5000,-1.0000,-1.0000,126.5000,-126.5000,-5171.5000,10992.0000,10992.0000
2015-08-26,"MA_Crossover(34,47)",4961.0000,5040.5000,-1.0000,-1.0000,-131.0000,131.0000,-5040.5000,11123.0000,11123.0000
2015-08-27,"MA_Crossover(34,47)",5168.0000,5247.5000,-1.0000,-1.0000,207.0000,-207.0000,-5247.5000,10916.0000,10916.0000
2015-08-28,"MA_Crossover(34,47)",5147.0000,5226.5000,-1.0000,-1.0000,-21.0000,21.0000,-5226.5000,10937.0000,10937.0000
2015-09-01,"MA_Crossover(34,47)",5084.7500,5164.2500,-1.0000,-1.0000,-62.2500,62.2500,-5164.2500,10999.2500,10999.2500
2015-09-02,"MA_Crossover(34,47)",5139.0000,5218.5000,-1.0000,-1.0000,54.2500,-54.2500,-5218.5000,10945.0000,10945.0000
2015-09-03,"MA_Crossover(34,47)",5265.5000,5345.0000,-1.0000,-1.0000,126.5000,-126.5000,-5345.0000,10818.5000,10818.5000
2015-09-04,"MA_Crossover(34,47)",5134.2500,5213.7500,-1.0000,-1.0000,-131.2500,131.2500,-5213.7500,10949.7500,10949.7500
2015-09-07,"MA_Crossover(34,47)",5166.0000,5245.5000,-1.0000,-1.0000,31.7500,-31.7500,-5245.5000,10918.0000,10918.0000
2015-09-08,"MA_Crossover(34,47)",5365.5000,5445.0000,-1.0000,-1.0000,199.5000,-199.5000,-5445.0000,10718.5000,10718.5000
2015-09-09,"MA_Crossover(34,47)",5381.7500,5461.2500,-1.0000,-1.0000,16.2500,-16.2500,-5461.2500,10702.2500,10702.2500
2015-09-10,"MA_Crossover(34,47)",5417.0000,5496.5000,-1.0000,-1.0000,35.2500,-35.2500,-5496.5000,10667.0000,10667.0000
2015-09-11,"MA_Crossover(34,47)",5390.5000,5470.0000,-1.0000,-1.0000,-26.5000,26.5000,-5470.0000,10693.5000,10693.5000
2015-09-14,"MA_Crossover(34,47)",5330.5000,5410.0000,-1.0000,-1.0000,-60.0000,60.0000,-5410.0000,10753.5000,10753.5000
2015-09-15,"MA_Crossover(34,47)",5357.2500,5442.5000,-1.0000,-1.0000,32.5000,-32.5000,-5442.5000,10721.0000,10721.0000
2015-09-16,"MA_Crossover(34,47)",5389.0000,5474.5000,-1.0000,-1.0000,32.0000,-32.0000,-5474.5000,10689.0000,10689.0000
2015-09-17,"MA_Crossover(34,47)",5405.0000,5489.0000,-1.0000,-1.0000,14.5000,-14.5000,-5489.0000,10674.5000,10674.5000
2015-09-18,"MA_Crossover(34,47)",5271.0000,5361.5000,-1.0000,-1.0000,-127.5000,127.5000,-5361.5000,10802.0000,10802.0000
2015-09-21,"MA_Crossover(34,47)",5283.0000,5373.5000,-1.0000,-1.0000,12.0000,-12.0000,-5373.5000,10790.0000,10790.0000
2015-09-22,"MA_Crossover(34,47)",5093.2500,5183.7500,-1.0000,-1.0000,-189.7500,189.7500,-5183.7500,10979.7500,10979.7500
2015-09-23,"MA_Crossover(34,47)",5072.0000,5162.5000,-1.0000,-1.0000,-21.2500,21.2500,-5162.5000,11001.0000,11001.0000
2015-09-24,"MA_Crossover(34,47)",5066.0000,5156.5000,-1.0000,-1.0000,-6.0000,6.0000,-5156.5000,11007.0000,11007.0000
2015-09-25,"MA_Crossover(34,47)",5040.5000,5131.0000,-1.0000,-1.0000,-25.5000,25.5000,-5131.0000,11032.5000,11032.5000
2015-09-28,"MA_Crossover(34,47)",4982.0000,5072.5000,-1.0000,-1.0000,-58.5000,58.5000,-5072.5000,11091.0000,11091.0000
2015-09-29,"MA_Crossover(34,47)",4988.2500,5078.7500,-1.0000,-1.0000,6.2500,-6.2500,-5078.7500,11084.7500,11084.7500
2015-09-30,"MA_Crossover(34,47)",5179.0000,5269.5000,-1.0000,-1.0000,190.7500,-190.7500,-5269.5000,10894.0000,10894.0000
2015-10-01,"MA_Crossover(34,47)",5111.5000,5202.0000,-1.0000,-1.0000,-67.5000,67.5000,-5202.0000,10961.5000,10961.5000
2015-10-02,"MA_Crossover(34,47)",5114.2500,5204.7500,-1.0000,-1.0000,2.7500,-2.7500,-5204.7500,10958.7500,10958.7500
2015-10-05,"MA_Crossover(34,47)",5191.5000,5282.0000,-1.0000,-1.0000,77.2500,-77.2500,-5282.0000,10881.5000,10881.5000
2015-10-06,"MA_Crossover(34,47)",5198.0000,5288.5000,1.0000,-1.0000,6.5000,-6.5000,-5288.5000,10875.0000,10875.0000
2015-10-07,"MA_Crossover(34,47)",5200.5000,5291.0000,1.0000,1.0000,2.5000,2.5000,5291.0000,10877.5000,10877.5000
2015-10-08,"MA_Crossover(34,47)",5150.5000,5241.0000,1.0000,1.0000,-50.0000,-50.0000,5241.0000,10827.5000,10827.5000
2015-10-09,"MA_Crossover(34,47)",5313.2500,5403.7500,1.0000,1.0000,162.7500,162.7500,5403.7500,10990.2500,10990.2500
2015-10-12,"MA_Crossover(34,47)",5331.7500,5422.2500,1.0000,1.0000,18.5000,18.5000,5422.2500,11008.7500,11008.7500
2015-10-13,"MA_Crossover(34,47)",5290.2500,5380.7500,1.0000,1.0000,-41.5000,-41.5000,5380.7500,10967.2500,10967.2500
2015-10-14,"MA_Crossover(34,47)",5319.5000,5410.0000,1.0000,1.0000,29.2500,29.2500,5410.0000,10996.5000,10996.5000
2015-10-15,"MA_Crossover(34,47)",5325.5000,5416.0000,1.0000,1.0000,6.0000,6.0000,5416.0000,11002.5000,11002.5000
2015-10-16,"MA_Crossover(34,47)",5304.2500,5394.7500,1.0000,1.0000,-21.2500,-21.2500,5394.7500,10981.2500,10981.2500
2015-10-19,"MA_Crossover(34,47)",5208.5000,5299.0000,1.0000,1.0000,-95.7500,-95.7500,5299.0000,10885.5000,10885.5000
2015-10-20,"MA_Crossover(34,47)",5209.2500,5291.0000,1.0000,1.0000,-8.0000,-8.0000,5291.0000,10877.5000,10877.5000
2015-10-21,"MA_Crossover(34,47)",5186.7500,5267.2500,1.0000,1.0000,-23.7500,-23.7500,5267.2500,10853.7500,10853.7500
2015-10-22,"MA_Crossover(34,47)",5246.5000,5326.5000,1.0000,1.0000,59.2500,59.2500,5326.5000,10913.0000,10913.0000
2015-10-23,"MA_Crossover(34,47)",5188.2500,5273.2500,1.0000,1.0000,-53.2500,-53.2500,5273.2500,10859.7500,10859.7500
2015-10-26,"MA_Crossover(34,47)",5207.5000,5292.5000,1.0000,1.0000,19.2500,19.2500,5292.5000,10879.0000,10879.0000
2015-10-27,"MA_Crossover(34,47)",5236.0000,5321.0000,1.0000,1.0000,28.5000,28.5000,5321.0000,10907.5000,10907.5000
2015-10-28,"MA_Crossover(34,47)",5218.7500,5303.7500,1.0000,1.0000,-17.2500,-17.2500,5303.7500,10890.2500,10890.2500
2015-10-29,"MA_Crossover(34,47)",5147.0000,5232.0000,1.0000,1.0000,-71.7500,-71.7500,5232.0000,10818.5000,10818.5000
2015-10-30,"MA_Crossover(34,47)",5131.0000,5216.0000,-1.0000,1.0000,-16.0000,-16.0000,5216.0000,10802.5000,10802.5000
2015-11-02,"MA_Crossover(34,47)",5142.7500,5227.7500,-1.0000,-1.0000,11.7500,-11.7500,-5227.7500,10790.7500,10790.7500
2015-11-03,"MA_Crossover(34,47)",5144.5000,5229.5000,-1.0000,-1.0000,1.7500,-1.7500,-5229.5000,10789.0000,10789.0000
2015-11-04,"MA_Crossover(34,47)",5149.7500,5234.7500,-1.0000,-1.0000,5.2500,-5.2500,-5234.7500,10783.7500,10783.7500
2015-11-05,"MA_Crossover(34,47)",5024.5000,5109.5000,-1.0000,-1.0000,-125.2500,125.2500,-5109.5000,10909.0000,10909.0000
2015-11-06,"MA_Crossover(34,47)",4997.0000,5082.0000,-1.0000,-1.0000,-27.5000,27.5000,-5082.0000,10936.5000,10936.5000
2015-11-09,"MA_Crossover(34,47)",4975.2500,5060.2500,-1.0000,-1.0000,-21.7500,21.7500,-5060.2500,10958.2500,10958.2500
2015-11-10,"MA_Crossover(34,47)",4940.5000,5025.5000,-1.0000,-1.0000,-34.7500,34.7500,-5025.5000,10993.0000,10993.0000
2015-11-11,"MA_Crossover(34,47)",4957.5000,5042.5000,-1.0000,-1.0000,17.0000,-17.0000,-5042.5000,10976.0000,10976.0000
2015-11-12,"MA_Crossover(34,47)",4836.5000,4921.5000,-1.0000,-1.0000,-121.0000,121.0000,-4921.5000,11097.0000,11097.0000
2015-11-13,"MA_Crossover(34,47)",4828.7500,4913.7500,-1.0000,-1.0000,-7.7500,7.7500,-4913.7500,11104.7500,11104.7500
2015-11-16,"MA_Crossover(34,47)",4694.0000,4779.0000,-1.0000,-1.0000,-134.7500,134.7500,-4779.0000,11239.5000,11239.5000
2015-11-17,"MA_Crossover(34,47)",4697.0000,4771.0000,-1.0000,-1.0000,-8.0000,8.0000,-4771.0000,11247.5000,11247.5000
2015-11-18,"MA_Crossover(34,47)",4626.2500,4699.7500,-1.0000,-1.0000,-71.2500,71.2500,-4699.7500,11318.7500,11318.7500
2015-11-19,"MA_Crossover(34,47)",4646.5000,4720.0000,-1.0000,-1.0000,20.2500,-20.2500,-4720.0000,11298.5000,11298.5000
2015-11-20,"MA_Crossover(34,47)",4597.0000,4678.0000,-1.0000,-1.0000,-42.0000,42.0000,-4678.0000,11340.5000,11340.5000
2015-11-23,"MA_Crossover(34,47)",4508.5000,4589.5000,-1.0000,-1.0000,-88.5000,88.5000,-4589.5000,11429.0000,11429.0000
2015-11-24,"MA_Crossover(34,47)",4624.5000,4705.5000,-1.0000,-1.0000,116.0000,-116.0000,-4705.5000,11313.0000,11313.0000
2015-11-25,"MA_Crossover(34,47)",4563.7500,4644.7500,-1.0000,-1.0000,-60.7500,60.7500,-4644.7500,11373.7500,11373.7500
2015-11-26,"MA_Crossover(34,47)",4654.0000,4735.0000,-1.0000,-1.0000,90.2500,-90.2500,-4735.0000,11283.5000,11283.5000
2015-11-27,"MA_Crossover(34,47)",4592.0000,4673.0000,-1.0000,-1.0000,-62.0000,62.0000,-4673.0000,11345.5000,11345.5000
2015-11-30,"MA_Crossover(34,47)",4602.2500,4683.2500,-1.0000,-1.0000,10.2500,-10.2500,-4683.2500,11335.2500,11335.2500
2015-12-01,"MA_Crossover(34,47)",4645.7500,4726.7500,-1.0000,-1.0000,43.5000,-43.5000,-4726.7500,11291.7500,11291.7500
2015-12-02,"MA_Crossover(34,47)",4571.5000,4652.5000,-1.0000,-1.0000,-74.2500,74.2500,-4652.5000,11366.0000,11366.0000
2015-12-03,"MA_Crossover(34,47)",4562.5000,4643.5000,-1.0000,-1.0000,-9.0000,9.0000,-4643.5000,11375.0000,11375.0000
2015-12-04,"MA_Crossover(34,47)",4611.5000,4692.5000,-1.0000,-1.0000,49.0000,-49.0000,-4692.5000,11326.0000,11326.0000
2015-12-07,"MA_Crossover(34,47)",4556.7500,4637.7500,-1.0000,-1.0000,-54.7500,54.7500,-4637.7500,11380.7500,11380.7500
2015-12-08,"MA_Crossover(34,47)",4591.7500,4672.7500,-1.0000,-1.0000,35.0000,-35.0000,-4672.7500,11345.7500,11345.7500
2015-12-09,"MA_Crossover(34,47)",4584.5000,4665.5000,-1.0000,-1.0000,-7.2500,7.2500,-4665.5000,11353.0000,11353.0000
2015-12-10,"MA_Crossover(34,47)",4590.0000,4671.0000,-1.0000,-1.0000,5.5000,-5.5000,-4671.0000,11347.5000,11347.5000
2015-12-11,"MA_Crossover(34,47)",4701.0000,4782.0000,-1.0000,-1.0000,111.0000,-111.0000,-4782.0000,11236.5000,11236.5000
2015-12-14,"MA_Crossover(34,47)",4663.5000,4744.5000,-1.0000,-1.0000,-37.5000,37.5000,-4744.5000,11274.0000,11274.0000
2015-12-15,"MA_Crossover(34,47)",4564.5000,4640.0000,-1.0000,-1.0000,-104.5000,104.5000,-4640.0000,11378.5000,11378.5000
2015-12-16,"MA_Crossover(34,47)",4612.0000,4686.0000,-1.0000,-1.0000,46.0000,-46.0000,-4686.0000,11332.5000,11332.5000
2015-12-17,"MA_Crossover(34,47)",4550.5000,4624.5000,-1.0000,-1.0000,-61.5000,61.5000,-4624.5000,11394.0000,11394.0000
2015-12-18,"MA_Crossover(34,47)",4690.0000,4763.5000,-1.0000,-1.0000,139.0000,-139.0000,-4763.5000,11255.0000,11255.0000
2015-12-21,"MA_Crossover(34,47)",4741.0000,4814.5000,-1.0000,-1.0000,51.0000,-51.0000,-4814.5000,11204.0000,11204.0000
2015-12-22,"MA_Crossover(34,47)",4665.0000,4738.5000,-1.0000,-1.0000,-76.0000,76.0000,-4738.5000,11280.0000,11280.0000
2015-12-23,"MA_Crossover(34,47)",4722.5000,4796.0000,-1.0000,-1.0000,57.5000,-57.5000,-4796.0000,11222.5000,11222.5000
2015-12-24,"MA_Crossover(34,47)",4697.0000,4770.5000,-1.0000,-1.0000,-25.5000,25.5000,-4770.5000,11248.0000,11248.0000
2015-12-29,"MA_Crossover(34,47)",4735.2500,4808.7500,-1.0000,-1.0000,38.2500,-38.2500,-4808.7500,11209.7500,11209.7500
2015-12-30,"MA_Crossover(34,47)",4742.7500,4816.2500,-1.0000,-1.0000,7.5000,-7.5000,-4816.2500,11202.2500,11202.2500
2015-12-31,"MA_Crossover(34,47)",4712.5000,4786.0000,-1.0000,-1.0000,-30.2500,30.2500,-4786.0000,11232.5000,11232.5000
2016-01-04,"MA_Crossover(34,47)",4617.2500,4690.7500,-1.0000,-1.0000,-95.2500,95.2500,-4690.7500,11327.7500,11327.7500
2016-01-05,"MA_Crossover(34,47)",4647.7500,4721.2500,-1.0000,-1.0000,30.5000,-30.5000,-4721.2500,11297.2500,11297.2500
2016-01-06,"MA_Crossover(34,47)",4622.5000,4696.0000,-1.0000,-1.0000,-25.2500,25.2500,-4696.0000,11322.5000,11322.5000
2016-01-07,"MA_Crossover(34,47)",4526.5000,4600.0000,-1.0000,-1.0000,-96.0000,96.0000,-4600.0000,11418.5000,11418.5000
2016-01-08,"MA_Crossover(34,47)",4485.5000,4559.0000,-1.0000,-1.0000,-41.0000,41.0000,-4559.0000,11459.5000,11459.5000
2016-01-11,"MA_Crossover(34,47)",4381.2500,4454.7500,-1.0000,-1.0000,-104.2500,104.2500,-4454.7500,11563.7500,11563.7500
2016-01-12,"MA_Crossover(34,47)",4344.5000,4418.0000,-1.0000,-1.0000,-36.7500,36.7500,-4418.0000,11600.5000,11600.5000
2016-01-13,"MA_Crossover(34,47)",4388.2500,4461.7500,-1.0000,-1.0000,43.7500,-43.7500,-4461.7500,11556.7500,11556.7500
2016-01-14,"MA_Crossover(34,47)",4418.5000,4492.0000,-1.0000,-1.0000,30.2500,-30.2500,-4492.0000,11526.5000,11526.5000
2016-01-15,"MA_Crossover(34,47)",4327.5000,4401.0000,-1.0000,-1.0000,-91.0000,91.0000,-4401.0000,11617.5000,11617.5000
2016-01-18,"MA_Crossover(34,47)",4378.0000,4451.5000,-1.0000,-1.0000,50.5000,-50.5000,-4451.5000,11567.0000,11567.0000
2016-01-19,"MA_Crossover(34,47)",4409.7500,4483.2500,-1.0000,-1.0000,31.7500,-31.7500,-4483.2500,11535.2500,11535.2500
2016-01-20,"MA_Crossover(34,47)",4360.5000,4434.2500,-1.0000,-1.0000,-49.0000,49.0000,-4434.2500,11584.2500,11584.2500
2016-01-21,"MA_Crossover(34,47)",4436.0000,4508.2500,-1.0000,-1.0000,74.0000,-74.0000,-4508.2500,11510.2500,11510.2500
2016-01-22,"MA_Crossover(34,47)",4452.0000,4526.7500,-1.0000,-1.0000,18.5000,-18.5000,-4526.7500,11491.7500,11491.7500
2016-01-25,"MA_Crossover(34,47)",4422.2500,4497.0000,-1.0000,-1.0000,-29.7500,29.7500,-4497.0000,11521.5000,11521.5000
2016-01-26,"MA_Crossover(34,47)",4546.7500,4621.5000,-1.0000,-1.0000,124.5000,-124.5000,-4621.5000,11397.0000,11397.0000
2016-01-27,"MA_Crossover(34,47)",4597.7500,4672.5000,-1.0000,-1.0000,51.0000,-51.0000,-4672.5000,11346.0000,11346.0000
2016-01-28,"MA_Crossover(34,47)",4537.7500,4612.5000,-1.0000,-1.0000,-60.0000,60.0000,-4612.5000,11406.0000,11406.0000
2016-01-29,"MA_Crossover(34,47)",4569.0000,4643.7500,-1.0000,-1.0000,31.2500,-31.2500,-4643.7500,11374.7500,11374.7500
2016-02-01,"MA_Crossover(34,47)",4569.0000,4643.7500,-1.0000,-1.0000,0.0000,-0.0000,-4643.7500,11374.7500,11374.7500
2016-02-02,"MA_Crossover(34,47)",4556.5000,4631.2500,-1.0000,-1.0000,-12.5000,12.5000,-4631.2500,11387.2500,11387.2500
2016-02-03,"MA_Crossover(34,47)",4641.0000,4715.7500,-1.0000,-1.0000,84.5000,-84.5000,-4715.7500,11302.7500,11302.7500
2016-02-04,"MA_Crossover(34,47)",4693.7500,4768.5000,-1.0000,-1.0000,52.7500,-52.7500,-4768.5000,11250.0000,11250.0000
2016-02-05,"MA_Crossover(34,47)",4635.2500,4710.0000,-1.0000,-1.0000,-58.5000,58.5000,-4710.0000,11308.5000,11308.5000
2016-02-08,"MA_Crossover(34,47)",4615.7500,4690.5000,-1.0000,-1.0000,-19.5000,19.5000,-4690.5000,11328.0000,11328.0000
2016-02-09,"MA_Crossover(34,47)",4516.2500,4591.0000,-1.0000,-1.0000,-99.5000,99.5000,-4591.0000,11427.5000,11427.5000
2016-02-10,"MA_Crossover(34,47)",4452.0000,4526.7500,-1.0000,-1.0000,-64.2500,64.2500,-4526.7500,11491.7500,11491.7500
2016-02-11,"MA_Crossover(34,47)",4454.5000,4529.2500,-1.0000,-1.0000,2.5000,-2.5000,-4529.2500,11489.2500,11489.2500
2016-02-12,"MA_Crossover(34,47)",4507.0000,4581.7500,-1.0000,-1.0000,52.5000,-52.5000,-4581.7500,11436.7500,11436.7500
2016-02-15,"MA_Crossover(34,47)",4572.5000,4647.2500,-1.0000,-1.0000,65.5000,-65.5000,-4647.2500,11371.2500,11371.2500
2016-02-16,"MA_Crossover(34,47)",4562.0000,4638.7500,-1.0000,-1.0000,-8.5000,8.5000,-4638.7500,11379.7500,11379.7500
2016-02-17,"MA_Crossover(34,47)",4593.5000,4670.7500,-1.0000,-1.0000,32.0000,-32.0000,-4670.7500,11347.7500,11347.7500
2016-02-18,"MA_Crossover(34,47)",4580.7500,4657.5000,-1.0000,-1.0000,-13.2500,13.2500,-4657.5000,11361.0000,11361.0000
2016-02-19,"MA_Crossover(34,47)",4627.7500,4707.5000,-1.0000,-1.0000,50.0000,-50.0000,-4707.5000,11311.0000,11311.0000
2016-02-22,"MA_Crossover(34,47)",4702.0000,4781.7500,-1.0000,-1.0000,74.2500,-74.2500,-4781.7500,11236.7500,11236.7500
2016-02-23,"MA_Crossover(34,47)",4651.7500,4731.5000,-1.0000,-1.0000,-50.2500,50.2500,-4731.5000,11287.0000,11287.0000
2016-02-24,"MA_Crossover(34,47)",4650.5000,4730.2500,-1.0000,-1.0000,-1.2500,1.2500,-4730.2500,11288.2500,11288.2500
2016-02-25,"MA_Crossover(34,47)",4610.7500,4690.5000,-1.0000,-1.0000,-39.7500,39.7500,-4690.5000,11328.0000,11328.0000
2016-02-26,"MA_Crossover(34,47)",4716.2500,4796.0000,-1.0000,-1.0000,105.5000,-105.5000,-4796.0000,11222.5000,11222.5000
2016-02-29,"MA_Crossover(34,47)",4705.5000,4785.2500,-1.0000,-1.0000,-10.7500,10.7500,-4785.2500,11233.2500,11233.2500
2016-03-01,"MA_Crossover(34,47)",4727.0000,4806.7500,-1.0000,-1.0000,21.5000,-21.5000,-4806.7500,11211.7500,11211.7500
2016-03-02,"MA_Crossover(34,47)",4798.5000,4878.2500,1.0000,-1.0000,71.5000,-71.5000,-4878.2500,11140.2500,11140.2500
2016-03-03,"MA_Crossover(34,47)",4864.0000,4943.7500,1.0000,1.0000,65.5000,65.5000,4943.7500,11205.7500,11205.7500
2016-03-04,"MA_Crossover(34,47)",5036.7500,5116.5000,1.0000,1.0000,172.7500,172.7500,5116.5000,11378.5000,11378.5000
2016-03-07,"MA_Crossover(34,47)",5006.7500,5086.5000,1.0000,1.0000,-30.0000,-30.0000,5086.5000,11348.5000,11348.5000
2016-03-08,"MA_Crossover(34,47)",4876.2500,4956.0000,1.0000,1.0000,-130.5000,-130.5000,4956.0000,11218.0000,11218.0000
2016-03-09,"MA_Crossover(34,47)",4944.0000,5023.7500,1.0000,1.0000,67.7500,67.7500,5023.7500,11285.7500,11285.7500
2016-03-10,"MA_Crossover(34,47)",4900.5000,4980.2500,1.0000,1.0000,-43.5000,-43.5000,4980.2500,11242.2500,11242.2500
2016-03-11,"MA_Crossover(34,47)",4986.0000,5065.7500,1.0000,1.0000,85.5000,85.5000,5065.7500,11327.7500,11327.7500
2016-03-14,"MA_Crossover(34,47)",4971.5000,5051.2500,1.0000,1.0000,-14.5000,-14.5000,5051.2500,11313.2500,11313.2500
2016-03-15,"MA_Crossover(34,47)",4960.5000,5049.2500,1.0000,1.0000,-2.0000,-2.0000,5049.2500,11311.2500,11311.2500
2016-03-16,"MA_Crossover(34,47)",4948.0000,5036.7500,1.0000,1.0000,-12.5000,-12.5000,5036.7500,11298.7500,11298.7500
2016-03-17,"MA_Crossover(34,47)",5086.0000,5172.7500,1.0000,1.0000,136.0000,136.0000,5172.7500,11434.7500,11434.7500
2016-03-18,"MA_Crossover(34,47)",5059.5000,5154.2500,1.0000,1.0000,-18.5000,-18.5000,5154.2500,11416.2500,11416.2500
2016-03-21,"MA_Crossover(34,47)",5079.0000,5173.7500,1.0000,1.0000,19.5000,19.5000,5173.7500,11435.7500,11435.7500
2016-03-22,"MA_Crossover(34,47)",5081.5000,5176.2500,1.0000,1.0000,2.5000,2.5000,5176.2500,11438.2500,11438.2500
2016-03-23,"MA_Crossover(34,47)",4966.5000,5061.2500,1.0000,1.0000,-115.0000,-115.0000,5061.2500,11323.2500,11323.2500
2016-03-24,"MA_Crossover(34,47)",4970.0000,5064.7500,1.0000,1.0000,3.5000,3.5000,5064.7500,11326.7500,11326.7500
2016-03-29,"MA_Crossover(34,47)",4912.5000,5007.2500,1.0000,1.0000,-57.5000,-57.5000,5007.2500,11269.2500,11269.2500
2016-03-30,"MA_Crossover(34,47)",4898.0000,4992.7500,1.0000,1.0000,-14.5000,-14.5000,4992.7500,11254.7500,11254.7500
2016-03-31,"MA_Crossover(34,47)",4872.5000,4967.2500,1.0000,1.0000,-25.5000,-25.5000,4967.2500,11229.2500,11229.2500
2016-04-01,"MA_Crossover(34,47)",4855.2500,4950.0000,1.0000,1.0000,-17.2500,-17.2500,4950.0000,11212.0000,11212.0000
2016-04-04,"MA_Crossover(34,47)",4777.2500,4872.0000,1.0000,1.0000,-78.0000,-78.0000,4872.0000,11134.0000,11134.0000
2016-04-05,"MA_Crossover(34,47)",4791.7500,4886.5000,1.0000,1.0000,14.5000,14.5000,4886.5000,11148.5000,11148.5000
2016-04-06,"MA_Crossover(34,47)",4804.5000,4899.2500,1.0000,1.0000,12.7500,12.7500,4899.2500,11161.2500,11161.2500
2016-04-07,"MA_Crossover(34,47)",4665.5000,4760.2500,1.0000,1.0000,-139.0000,-139.0000,4760.2500,11022.2500,11022.2500
2016-04-08,"MA_Crossover(34,47)",4664.7500,4759.5000,1.0000,1.0000,-0.7500,-0.7500,4759.5000,11021.5000,11021.5000
2016-04-11,"MA_Crossover(34,47)",4679.5000,4774.2500,1.0000,1.0000,14.7500,14.7500,4774.2500,11036.2500,11036.2500
2016-04-12,"MA_Crossover(34,47)",4788.5000,4883.2500,1.0000,1.0000,109.0000,109.0000,4883.2500,11145.2500,11145.2500
2016-04-13,"MA_Crossover(34,47)",4849.0000,4943.7500,1.0000,1.0000,60.5000,60.5000,4943.7500,11205.7500,11205.7500
2016-04-14,"MA_Crossover(34,47)",4848.7500,4943.5000,1.0000,1.0000,-0.2500,-0.2500,4943.5000,11205.5000,11205.5000
2016-04-15,"MA_Crossover(34,47)",4828.5000,4923.2500,1.0000,1.0000,-20.2500,-20.2500,4923.2500,11185.2500,11185.2500
2016-04-18,"MA_Crossover(34,47)",4850.0000,4944.7500,1.0000,1.0000,21.5000,21.5000,4944.7500,11206.7500,11206.7500
2016-04-19,"MA_Crossover(34,47)",4945.2500,5047.7500,1.0000,1.0000,103.0000,103.0000,5047.7500,11309.7500,11309.7500
2016-04-20,"MA_Crossover(34,47)",4990.5000,5092.7500,1.0000,1.0000,45.0000,45.0000,5092.7500,11354.7500,11354.7500
2016-04-21,"MA_Crossover(34,47)",5009.7500,5110.7500,1.0000,1.0000,18.0000,18.0000,5110.7500,11372.7500,11372.7500
2016-04-22,"MA_Crossover(34,47)",5045.2500,5153.0000,1.0000,1.0000,42.2500,42.2500,5153.0000,11415.0000,11415.0000
2016-04-25,"MA_Crossover(34,47)",5008.2500,5116.0000,1.0000,1.0000,-37.0000,-37.0000,5116.0000,11378.0000,11378.0000
2016-04-26,"MA_Crossover(34,47)",4974.0000,5081.7500,1.0000,1.0000,-34.2500,-34.2500,5081.7500,11343.7500,11343.7500
2016-04-27,"MA_Crossover(34,47)",4915.5000,5023.2500,1.0000,1.0000,-58.5000,-58.5000,5023.2500,11285.2500,11285.2500
2016-04-28,"MA_Crossover(34,47)",4957.2500,5065.0000,1.0000,1.0000,41.7500,41.7500,5065.0000,11327.0000,11327.0000
2016-04-29,"MA_Crossover(34,47)",5064.0000,5171.7500,1.0000,1.0000,106.7500,106.7500,5171.7500,11433.7500,11433.7500
2016-05-03,"MA_Crossover(34,47)",4929.2500,5037.0000,1.0000,1.0000,-134.7500,-134.7500,5037.0000,11299.0000,11299.0000
2016-05-04,"MA_Crossover(34,47)",4877.5000,4985.2500,1.0000,1.0000,-51.7500,-51.7500,4985.2500,11247.2500,11247.2500
2016-05-05,"MA_Crossover(34,47)",4799.2500,4907.0000,1.0000,1.0000,-78.2500,-78.2500,4907.0000,11169.0000,11169.0000
2016-05-06,"MA_Crossover(34,47)",4823.0000,4930.7500,1.0000,1.0000,23.7500,23.7500,4930.7500,11192.7500,11192.7500
2016-05-09,"MA_Crossover(34,47)",4697.5000,4805.2500,-1.0000,1.0000,-125.5000,-125.5000,4805.2500,11067.2500,11067.2500
2016-05-10,"MA_Crossover(34,47)",4691.2500,4799.0000,-1.0000,-1.0000,-6.2500,6.2500,-4799.0000,11073.5000,11073.5000
2016-05-11,"MA_Crossover(34,47)",4719.7500,4827.5000,-1.0000,-1.0000,28.5000,-28.5000,-4827.5000,11045.0000,11045.0000
2016-05-12,"MA_Crossover(34,47)",4628.0000,4735.7500,-1.0000,-1.0000,-91.7500,91.7500,-4735.7500,11136.7500,11136.7500
2016-05-13,"MA_Crossover(34,47)",4636.5000,4744.2500,-1.0000,-1.0000,8.5000,-8.5000,-4744.2500,11128.2500,11128.2500
2016-05-16,"MA_Crossover(34,47)",4649.5000,4757.2500,-1.0000,-1.0000,13.0000,-13.0000,-4757.2500,11115.2500,11115.2500
2016-05-17,"MA_Crossover(34,47)",4659.5000,4768.0000,-1.0000,-1.0000,10.7500,-10.7500,-4768.0000,11104.5000,11104.5000
2016-05-18,"MA_Crossover(34,47)",4619.2500,4726.2500,-1.0000,-1.0000,-41.7500,41.7500,-4726.2500,11146.2500,11146.2500
2016-05-19,"MA_Crossover(34,47)",4587.7500,4694.2500,-1.0000,-1.0000,-32.0000,32.0000,-4694.2500,11178.2500,11178.2500
2016-05-20,"MA_Crossover(34,47)",4584.0000,4694.0000,-1.0000,-1.0000,-0.2500,0.2500,-4694.0000,11178.5000,11178.5000
2016-05-23,"MA_Crossover(34,47)",4568.5000,4678.5000,-1.0000,-1.0000,-15.5000,15.5000,-4678.5000,11194.0000,11194.0000
2016-05-24,"MA_Crossover(34,47)",4610.0000,4720.0000,-1.0000,-1.0000,41.5000,-41.5000,-4720.0000,11152.5000,11152.5000
2016-05-25,"MA_Crossover(34,47)",4662.2500,4772.2500,-1.0000,-1.0000,52.2500,-52.2500,-4772.2500,11100.2500,11100.2500
2016-05-26,"MA_Crossover(34,47)",4669.2500,4779.2500,-1.0000,-1.0000,7.0000,-7.0000,-4779.2500,11093.2500,11093.2500
2016-05-27,"MA_Crossover(34,47)",4704.5000,4814.5000,-1.0000,-1.0000,35.2500,-35.2500,-4814.5000,11058.0000,11058.0000
2016-05-31,"MA_Crossover(34,47)",4680.2500,4790.2500,-1.0000,-1.0000,-24.2500,24.2500,-4790.2500,11082.2500,11082.2500
2016-06-01,"MA_Crossover(34,47)",4625.0000,4735.0000,-1.0000,-1.0000,-55.2500,55.2500,-4735.0000,11137.5000,11137.5000
2016-06-02,"MA_Crossover(34,47)",4614.0000,4724.0000,-1.0000,-1.0000,-11.0000,11.0000,-4724.0000,11148.5000,11148.5000
2016-06-03,"MA_Crossover(34,47)",4694.0000,4804.0000,-1.0000,-1.0000,80.0000,-80.0000,-4804.0000,11068.5000,11068.5000
2016-06-06,"MA_Crossover(34,47)",4687.5000,4797.5000,-1.0000,-1.0000,-6.5000,6.5000,-4797.5000,11075.0000,11075.0000
2016-06-07,"MA_Crossover(34,47)",4564.0000,4674.0000,-1.0000,-1.0000,-123.5000,123.5000,-4674.0000,11198.5000,11198.5000
2016-06-08,"MA_Crossover(34,47)",4570.2500,4680.2500,-1.0000,-1.0000,6.2500,-6.2500,-4680.2500,11192.2500,11192.2500
2016-06-09,"MA_Crossover(34,47)",4502.0000,4612.0000,-1.0000,-1.0000,-68.2500,68.2500,-4612.0000,11260.5000,11260.5000
2016-06-10,"MA_Crossover(34,47)",4496.5000,4606.5000,-1.0000,-1.0000,-5.5000,5.5000,-4606.5000,11266.0000,11266.0000
2016-06-13,"MA_Crossover(34,47)",4540.5000,4650.5000,-1.0000,-1.0000,44.0000,-44.0000,-4650.5000,11222.0000,11222.0000
2016-06-14,"MA_Crossover(34,47)",4504.7500,4609.5000,-1.0000,-1.0000,-41.0000,41.0000,-4609.5000,11263.0000,11263.0000
2016-06-15,"MA_Crossover(34,47)",4635.2500,4739.2500,-1.0000,-1.0000,129.7500,-129.7500,-4739.2500,11133.2500,11133.2500
2016-06-16,"MA_Crossover(34,47)",4534.5000,4637.5000,-1.0000,-1.0000,-101.7500,101.7500,-4637.5000,11235.0000,11235.0000
2016-06-17,"MA_Crossover(34,47)",4550.5000,4651.0000,-1.0000,-1.0000,13.5000,-13.5000,-4651.0000,11221.5000,11221.5000
2016-06-20,"MA_Crossover(34,47)",4642.7500,4743.2500,-1.0000,-1.0000,92.2500,-92.2500,-4743.2500,11129.2500,11129.2500
2016-06-21,"MA_Crossover(34,47)",4667.2500,4767.7500,-1.0000,-1.0000,24.5000,-24.5000,-4767.7500,11104.7500,11104.7500
2016-06-22,"MA_Crossover(34,47)",4700.0000,4800.5000,-1.0000,-1.0000,32.7500,-32.7500,-4800.5000,11072.0000,11072.0000
2016-06-23,"MA_Crossover(34,47)",4781.0000,4881.5000,-1.0000,-1.0000,81.0000,-81.0000,-4881.5000,10991.0000,10991.0000
2016-06-24,"MA_Crossover(34,47)",4695.5000,4796.0000,-1.0000,-1.0000,-85.5000,85.5000,-4796.0000,11076.5000,11076.5000
2016-06-27,"MA_Crossover(34,47)",4704.7500,4805.2500,-1.0000,-1.0000,9.2500,-9.2500,-4805.2500,11067.2500,11067.2500
2016-06-28,"MA_Crossover(34,47)",4814.2500,4914.7500,-1.0000,-1.0000,109.5000,-109.5000,-4914.7500,10957.7500,10957.7500
2016-06-29,"MA_Crossover(34,47)",4834.2500,4934.7500,-1.0000,-1.0000,20.0000,-20.0000,-4934.7500,10937.7500,10937.7500
2016-06-30,"MA_Crossover(34,47)",4841.7500,4942.2500,-1.0000,-1.0000,7.5000,-7.5000,-4942.2500,10930.2500,10930.2500
2016-07-01,"MA_Crossover(34,47)",4903.5000,5004.0000,-1.0000,-1.0000,61.7500,-61.7500,-5004.0000,10868.5000,10868.5000
2016-07-04,"MA_Crossover(34,47)",4883.2500,4983.7500,-1.0000,-1.0000,-20.2500,20.2500,-4983.7500,10888.7500,10888.7500
2016-07-05,"MA_Crossover(34,47)",4802.7500,4903.2500,-1.0000,-1.0000,-80.5000,80.5000,-4903.2500,10969.2500,10969.2500
2016-07-06,"MA_Crossover(34,47)",4736.0000,4836.5000,-1.0000,-1.0000,-66.7500,66.7500,-4836.5000,11036.0000,11036.0000
2016-07-07,"MA_Crossover(34,47)",4673.5000,4774.0000,-1.0000,-1.0000,-62.5000,62.5000,-4774.0000,11098.5000,11098.5000
2016-07-08,"MA_Crossover(34,47)",4697.7500,4798.2500,-1.0000,-1.0000,24.2500,-24.2500,-4798.2500,11074.2500,11074.2500
2016-07-11,"MA_Crossover(34,47)",4732.0000,4832.5000,1.0000,-1.0000,34.2500,-34.2500,-4832.5000,11040.0000,11040.0000
2016-07-12,"MA_Crossover(34,47)",4851.0000,4951.5000,1.0000,1.0000,119.0000,119.0000,4951.5000,11159.0000,11159.0000
2016-07-13,"MA_Crossover(34,47)",4919.7500,5020.2500,1.0000,1.0000,68.7500,68.7500,5020.2500,11227.7500,11227.7500
2016-07-14,"MA_Crossover(34,47)",4922.5000,5023.0000,1.0000,1.0000,2.7500,2.7500,5023.0000,11230.5000,11230.5000
2016-07-15,"MA_Crossover(34,47)",4900.0000,5000.5000,1.0000,1.0000,-22.5000,-22.5000,5000.5000,11208.0000,11208.0000
2016-07-18,"MA_Crossover(34,47)",4922.0000,5022.5000,1.0000,1.0000,22.0000,22.0000,5022.5000,11230.0000,11230.0000
2016-07-19,"MA_Crossover(34,47)",4975.0000,5072.7500,1.0000,1.0000,50.2500,50.2500,5072.7500,11280.2500,11280.2500
2016-07-20,"MA_Crossover(34,47)",4959.5000,5057.0000,1.0000,1.0000,-15.7500,-15.7500,5057.0000,11264.5000,11264.5000
2016-07-21,"MA_Crossover(34,47)",4970.0000,5067.2500,1.0000,1.0000,10.2500,10.2500,5067.2500,11274.7500,11274.7500
2016-07-22,"MA_Crossover(34,47)",4914.5000,5007.0000,1.0000,1.0000,-60.2500,-60.2500,5007.0000,11214.5000,11214.5000
2016-07-25,"MA_Crossover(34,47)",4891.7500,4984.2500,1.0000,1.0000,-22.7500,-22.7500,4984.2500,11191.7500,11191.7500
2016-07-26,"MA_Crossover(34,47)",4921.5000,5014.0000,1.0000,1.0000,29.7500,29.7500,5014.0000,11221.5000,11221.5000
2016-07-27,"MA_Crossover(34,47)",4841.5000,4934.0000,1.0000,1.0000,-80.0000,-80.0000,4934.0000,11141.5000,11141.5000
2016-07-28,"MA_Crossover(34,47)",4887.7500,4980.2500,1.0000,1.0000,46.2500,46.2500,4980.2500,11187.7500,11187.7500
2016-07-29,"MA_Crossover(34,47)",4917.2500,5009.7500,1.0000,1.0000,29.5000,29.5000,5009.7500,11217.2500,11217.2500
2016-08-01,"MA_Crossover(34,47)",4871.0000,4963.5000,1.0000,1.0000,-46.2500,-46.2500,4963.5000,11171.0000,11171.0000
2016-08-02,"MA_Crossover(34,47)",4881.7500,4974.2500,1.0000,1.0000,10.7500,10.7500,4974.2500,11181.7500,11181.7500
2016-08-03,"MA_Crossover(34,47)",4862.5000,4955.0000,1.0000,1.0000,-19.2500,-19.2500,4955.0000,11162.5000,11162.5000
2016-08-04,"MA_Crossover(34,47)",4818.0000,4910.5000,1.0000,1.0000,-44.5000,-44.5000,4910.5000,11118.0000,11118.0000
2016-08-05,"MA_Crossover(34,47)",4779.2500,4871.7500,1.0000,1.0000,-38.7500,-38.7500,4871.7500,11079.2500,11079.2500
2016-08-08,"MA_Crossover(34,47)",4801.0000,4893.5000,1.0000,1.0000,21.7500,21.7500,4893.5000,11101.0000,11101.0000
2016-08-09,"MA_Crossover(34,47)",4770.2500,4862.7500,1.0000,1.0000,-30.7500,-30.7500,4862.7500,11070.2500,11070.2500
2016-08-10,"MA_Crossover(34,47)",4816.2500,4908.7500,1.0000,1.0000,46.0000,46.0000,4908.7500,11116.2500,11116.2500
2016-08-11,"MA_Crossover(34,47)",4839.5000,4932.0000,1.0000,1.0000,23.2500,23.2500,4932.0000,11139.5000,11139.5000
2016-08-12,"MA_Crossover(34,47)",4749.2500,4841.7500,1.0000,1.0000,-90.2500,-90.2500,4841.7500,11049.2500,11049.2500
2016-08-15,"MA_Crossover(34,47)",4759.7500,4852.2500,1.0000,1.0000,10.5000,10.5000,4852.2500,11059.7500,11059.7500
2016-08-16,"MA_Crossover(34,47)",4803.0000,4900.0000,1.0000,1.0000,47.7500,47.7500,4900.0000,11107.5000,11107.5000
2016-08-17,"MA_Crossover(34,47)",4765.0000,4862.7500,1.0000,1.0000,-37.2500,-37.2500,4862.7500,11070.2500,11070.2500
2016-08-18,"MA_Crossover(34,47)",4799.0000,4897.0000,1.0000,1.0000,34.2500,34.2500,4897.0000,11104.5000,11104.5000
2016-08-19,"MA_Crossover(34,47)",4789.2500,4882.2500,1.0000,1.0000,-14.7500,-14.7500,4882.2500,11089.7500,11089.7500
2016-08-22,"MA_Crossover(34,47)",4738.5000,4831.5000,1.0000,1.0000,-50.7500,-50.7500,4831.5000,11039.0000,11039.0000
2016-08-23,"MA_Crossover(34,47)",4698.0000,4791.0000,1.0000,1.0000,-40.5000,-40.5000,4791.0000,10998.5000,10998.5000
2016-08-24,"MA_Crossover(34,47)",4621.0000,4714.0000,1.0000,1.0000,-77.0000,-77.0000,4714.0000,10921.5000,10921.5000
2016-08-25,"MA_Crossover(34,47)",4617.0000,4710.0000,1.0000,1.0000,-4.0000,-4.0000,4710.0000,10917.5000,10917.5000
2016-08-26,"MA_Crossover(34,47)",4604.0000,4697.0000,1.0000,1.0000,-13.0000,-13.0000,4697.0000,10904.5000,10904.5000
2016-08-30,"MA_Crossover(34,47)",4596.0000,4689.0000,1.0000,1.0000,-8.0000,-8.0000,4689.0000,10896.5000,10896.5000
2016-08-31,"MA_Crossover(34,47)",4607.2500,4700.2500,1.0000,1.0000,11.2500,11.2500,4700.2500,10907.7500,10907.7500
2016-09-01,"MA_Crossover(34,47)",4620.0000,4713.0000,-1.0000,1.0000,12.7500,12.7500,4713.0000,10920.5000,10920.5000
2016-09-02,"MA_Crossover(34,47)",4617.2500,4710.2500,-1.0000,-1.0000,-2.7500,2.7500,-4710.2500,10923.2500,10923.2500
2016-09-05,"MA_Crossover(34,47)",4614.2500,4707.2500,-1.0000,-1.0000,-3.0000,3.0000,-4707.2500,10926.2500,10926.2500
2016-09-06,"MA_Crossover(34,47)",4607.5000,4700.5000,-1.0000,-1.0000,-6.7500,6.7500,-4700.5000,10933.0000,10933.0000
2016-09-07,"MA_Crossover(34,47)",4636.7500,4729.7500,-1.0000,-1.0000,29.2500,-29.2500,-4729.7500,10903.7500,10903.7500
2016-09-08,"MA_Crossover(34,47)",4650.0000,4743.0000,-1.0000,-1.0000,13.2500,-13.2500,-4743.0000,10890.5000,10890.5000
2016-09-09,"MA_Crossover(34,47)",4618.5000,4711.5000,-1.0000,-1.0000,-31.5000,31.5000,-4711.5000,10922.0000,10922.0000
2016-09-12,"MA_Crossover(34,47)",4632.5000,4725.5000,-1.0000,-1.0000,14.0000,-14.0000,-4725.5000,10908.0000,10908.0000
2016-09-13,"MA_Crossover(34,47)",4637.0000,4730.0000,-1.0000,-1.0000,4.5000,-4.5000,-4730.0000,10903.5000,10903.5000
2016-09-14,"MA_Crossover(34,47)",4757.7500,4850.7500,-1.0000,-1.0000,120.7500,-120.7500,-4850.7500,10782.7500,10782.7500
2016-09-15,"MA_Crossover(34,47)",4765.5000,4858.5000,-1.0000,-1.0000,7.7500,-7.7500,-4858.5000,10775.0000,10775.0000
2016-09-16,"MA_Crossover(34,47)",4772.0000,4865.0000,-1.0000,-1.0000,6.5000,-6.5000,-4865.0000,10768.5000,10768.5000
2016-09-19,"MA_Crossover(34,47)",4753.2500,4846.2500,-1.0000,-1.0000,-18.7500,18.7500,-4846.2500,10787.2500,10787.2500
2016-09-20,"MA_Crossover(34,47)",4779.7500,4869.0000,-1.0000,-1.0000,22.7500,-22.7500,-4869.0000,10764.5000,10764.5000
2016-09-21,"MA_Crossover(34,47)",4749.7500,4838.7500,-1.0000,-1.0000,-30.2500,30.2500,-4838.7500,10794.7500,10794.7500
2016-09-22,"MA_Crossover(34,47)",4842.7500,4930.7500,-1.0000,-1.0000,92.0000,-92.0000,-4930.7500,10702.7500,10702.7500
2016-09-23,"MA_Crossover(34,47)",4842.0000,4924.0000,-1.0000,-1.0000,-6.7500,6.7500,-4924.0000,10709.5000,10709.5000
2016-09-26,"MA_Crossover(34,47)",4828.7500,4910.7500,-1.0000,-1.0000,-13.2500,13.2500,-4910.7500,10722.7500,10722.7500
2016-09-27,"MA_Crossover(34,47)",4776.7500,4858.7500,-1.0000,-1.0000,-52.0000,52.0000,-4858.7500,10774.7500,10774.7500
2016-09-28,"MA_Crossover(34,47)",4808.0000,4890.0000,-1.0000,-1.0000,31.2500,-31.2500,-4890.0000,10743.5000,10743.5000
2016-09-29,"MA_Crossover(34,47)",4830.7500,4912.7500,-1.0000,-1.0000,22.7500,-22.7500,-4912.7500,10720.7500,10720.7500
2016-09-30,"MA_Crossover(34,47)",4853.0000,4935.0000,-1.0000,-1.0000,22.2500,-22.2500,-4935.0000,10698.5000,10698.5000
2016-10-03,"MA_Crossover(34,47)",4804.7500,4886.7500,-1.0000,-1.0000,-48.2500,48.2500,-4886.7500,10746.7500,10746.7500
2016-10-04,"MA_Crossover(34,47)",4789.0000,4871.0000,-1.0000,-1.0000,-15.7500,15.7500,-4871.0000,10762.5000,10762.5000
2016-10-05,"MA_Crossover(34,47)",4783.5000,4865.5000,-1.0000,-1.0000,-5.5000,5.5000,-4865.5000,10768.0000,10768.0000
2016-10-06,"MA_Crossover(34,47)",4740.2500,4822.2500,-1.0000,-1.0000,-43.2500,43.2500,-4822.2500,10811.2500,10811.2500
2016-10-07,"MA_Crossover(34,47)",4760.7500,4842.7500,-1.0000,-1.0000,20.5000,-20.5000,-4842.7500,10790.7500,10790.7500
2016-10-10,"MA_Crossover(34,47)",4830.7500,4912.7500,-1.0000,-1.0000,70.0000,-70.0000,-4912.7500,10720.7500,10720.7500
2016-10-11,"MA_Crossover(34,47)",4793.5000,4875.5000,-1.0000,-1.0000,-37.2500,37.2500,-4875.5000,10758.0000,10758.0000
2016-10-12,"MA_Crossover(34,47)",4793.7500,4875.7500,-1.0000,-1.0000,0.2500,-0.2500,-4875.7500,10757.7500,10757.7500
2016-10-13,"MA_Crossover(34,47)",4692.5000,4774.5000,-1.0000,-1.0000,-101.2500,101.2500,-4774.5000,10859.0000,10859.0000
2016-10-14,"MA_Crossover(34,47)",4655.7500,4737.7500,-1.0000,-1.0000,-36.7500,36.7500,-4737.7500,10895.7500,10895.7500
2016-10-17,"MA_Crossover(34,47)",4653.5000,4735.5000,1.0000,-1.0000,-2.2500,2.2500,-4735.5000,10898.0000,10898.0000
2016-10-18,"MA_Crossover(34,47)",4669.2500,4748.5000,1.0000,1.0000,13.0000,13.0000,4748.5000,10911.0000,10911.0000
2016-10-19,"MA_Crossover(34,47)",4660.0000,4739.0000,1.0000,1.0000,-9.5000,-9.5000,4739.0000,10901.5000,10901.5000
2016-10-20,"MA_Crossover(34,47)",4641.0000,4720.0000,1.0000,1.0000,-19.0000,-19.0000,4720.0000,10882.5000,10882.5000
2016-10-21,"MA_Crossover(34,47)",4623.5000,4695.7500,1.0000,1.0000,-24.2500,-24.2500,4695.7500,10858.2500,10858.2500
2016-10-24,"MA_Crossover(34,47)",4626.7500,4699.0000,1.0000,1.0000,3.2500,3.2500,4699.0000,10861.5000,10861.5000
2016-10-25,"MA_Crossover(34,47)",4726.2500,4798.5000,1.0000,1.0000,99.5000,99.5000,4798.5000,10961.0000,10961.0000
2016-10-26,"MA_Crossover(34,47)",4733.7500,4806.0000,1.0000,1.0000,7.5000,7.5000,4806.0000,10968.5000,10968.5000
2016-10-27,"MA_Crossover(34,47)",4783.2500,4855.5000,1.0000,1.0000,49.5000,49.5000,4855.5000,11018.0000,11018.0000
2016-10-28,"MA_Crossover(34,47)",4835.0000,4907.2500,1.0000,1.0000,51.7500,51.7500,4907.2500,11069.7500,11069.7500
2016-10-31,"MA_Crossover(34,47)",4844.2500,4916.5000,1.0000,1.0000,9.2500,9.2500,4916.5000,11079.0000,11079.0000
2016-11-01,"MA_Crossover(34,47)",4911.2500,4983.5000,1.0000,1.0000,67.0000,67.0000,4983.5000,11146.0000,11146.0000
2016-11-02,"MA_Crossover(34,47)",4911.2500,4983.5000,1.0000,1.0000,0.0000,0.0000,4983.5000,11146.0000,11146.0000
2016-11-03,"MA_Crossover(34,47)",4951.0000,5023.2500,1.0000,1.0000,39.7500,39.7500,5023.2500,11185.7500,11185.7500
2016-11-04,"MA_Crossover(34,47)",4980.7500,5053.0000,1.0000,1.0000,29.7500,29.7500,5053.0000,11215.5000,11215.5000
2016-11-07,"MA_Crossover(34,47)",5084.7500,5157.0000,1.0000,1.0000,104.0000,104.0000,5157.0000,11319.5000,11319.5000
2016-11-08,"MA_Crossover(34,47)",5222.2500,5294.5000,1.0000,1.0000,137.5000,137.5000,5294.5000,11457.0000,11457.0000
2016-11-09,"MA_Crossover(34,47)",5400.0000,5472.2500,1.0000,1.0000,177.7500,177.7500,5472.2500,11634.7500,11634.7500
2016-11-10,"MA_Crossover(34,47)",5588.5000,5660.7500,1.0000,1.0000,188.5000,188.5000,5660.7500,11823.2500,11823.2500
2016-11-11,"MA_Crossover(34,47)",5541.2500,5613.5000,1.0000,1.0000,-47.2500,-47.2500,5613.5000,11776.0000,11776.0000
2016-11-14,"MA_Crossover(34,47)",5552.5000,5624.7500,1.0000,1.0000,11.2500,11.2500,5624.7500,11787.2500,11787.2500
2016-11-15,"MA_Crossover(34,47)",5521.0000,5593.2500,1.0000,1.0000,-31.5000,-31.5000,5593.2500,11755.7500,11755.7500
2016-11-16,"MA_Crossover(34,47)",5428.5000,5501.7500,1.0000,1.0000,-91.5000,-91.5000,5501.7500,11664.2500,11664.2500
2016-11-17,"MA_Crossover(34,47)",5489.2500,5563.0000,1.0000,1.0000,61.2500,61.2500,5563.0000,11725.5000,11725.5000
2016-11-18,"MA_Crossover(34,47)",5417.5000,5487.7500,1.0000,1.0000,-75.2500,-75.2500,5487.7500,11650.2500,11650.2500
2016-11-21,"MA_Crossover(34,47)",5552.0000,5622.2500,1.0000,1.0000,134.5000,134.5000,5622.2500,11784.7500,11784.7500
2016-11-22,"MA_Crossover(34,47)",5604.0000,5674.2500,1.0000,1.0000,52.0000,52.0000,5674.2500,11836.7500,11836.7500
2016-11-23,"MA_Crossover(34,47)",5731.5000,5801.7500,1.0000,1.0000,127.5000,127.5000,5801.7500,11964.2500,11964.2500
2016-11-24,"MA_Crossover(34,47)",5858.5000,5928.7500,1.0000,1.0000,127.0000,127.0000,5928.7500,12091.2500,12091.2500
2016-11-25,"MA_Crossover(34,47)",5868.0000,5938.2500,1.0000,1.0000,9.5000,9.5000,5938.2500,12100.7500,12100.7500
2016-11-28,"MA_Crossover(34,47)",5868.2500,5938.5000,1.0000,1.0000,0.2500,0.2500,5938.5000,12101.0000,12101.0000
2016-11-29,"MA_Crossover(34,47)",5692.0000,5762.2500,1.0000,1.0000,-176.2500,-176.2500,5762.2500,11924.7500,11924.7500
2016-11-30,"MA_Crossover(34,47)",5814.2500,5884.5000,1.0000,1.0000,122.2500,122.2500,5884.5000,12047.0000,12047.0000
2016-12-01,"MA_Crossover(34,47)",5783.0000,5853.2500,1.0000,1.0000,-31.2500,-31.2500,5853.2500,12015.7500,12015.7500
2016-12-02,"MA_Crossover(34,47)",5756.0000,5826.2500,1.0000,1.0000,-27.0000,-27.0000,5826.2500,11988.7500,11988.7500
2016-12-05,"MA_Crossover(34,47)",5945.0000,6015.2500,1.0000,1.0000,189.0000,189.0000,6015.2500,12177.7500,12177.7500
2016-12-06,"MA_Crossover(34,47)",5876.2500,5946.5000,1.0000,1.0000,-68.7500,-68.7500,5946.5000,12109.0000,12109.0000
2016-12-07,"MA_Crossover(34,47)",5778.7500,5849.0000,1.0000,1.0000,-97.5000,-97.5000,5849.0000,12011.5000,12011.5000
2016-12-08,"MA_Crossover(34,47)",5778.7500,5849.0000,1.0000,1.0000,0.0000,0.0000,5849.0000,12011.5000,12011.5000
2016-12-09,"MA_Crossover(34,47)",5821.0000,5891.2500,1.0000,1.0000,42.2500,42.2500,5891.2500,12053.7500,12053.7500
2016-12-12,"MA_Crossover(34,47)",5754.5000,5824.7500,1.0000,1.0000,-66.5000,-66.5000,5824.7500,11987.2500,11987.2500
2016-12-13,"MA_Crossover(34,47)",5678.0000,5748.2500,1.0000,1.0000,-76.5000,-76.5000,5748.2500,11910.7500,11910.7500
2016-12-14,"MA_Crossover(34,47)",5715.5000,5785.7500,1.0000,1.0000,37.5000,37.5000,5785.7500,11948.2500,11948.2500
2016-12-15,"MA_Crossover(34,47)",5723.5000,5793.7500,1.0000,1.0000,8.0000,8.0000,5793.7500,11956.2500,11956.2500
2016-12-16,"MA_Crossover(34,47)",5629.7500,5700.0000,1.0000,1.0000,-93.7500,-93.7500,5700.0000,11862.5000,11862.5000
2016-12-19,"MA_Crossover(34,47)",5486.5000,5556.7500,1.0000,1.0000,-143.2500,-143.2500,5556.7500,11719.2500,11719.2500
2016-12-20,"MA_Crossover(34,47)",5493.5000,5567.7500,1.0000,1.0000,11.0000,11.0000,5567.7500,11730.2500,11730.2500
2016-12-21,"MA_Crossover(34,47)",5506.2500,5580.5000,1.0000,1.0000,12.7500,12.7500,5580.5000,11743.0000,11743.0000
2016-12-22,"MA_Crossover(34,47)",5509.2500,5583.5000,1.0000,1.0000,3.0000,3.0000,5583.5000,11746.0000,11746.0000
2016-12-23,"MA_Crossover(34,47)",5460.7500,5530.5000,1.0000,1.0000,-53.0000,-53.0000,5530.5000,11693.0000,11693.0000
2016-12-28,"MA_Crossover(34,47)",5536.2500,5606.0000,1.0000,1.0000,75.5000,75.5000,5606.0000,11768.5000,11768.5000
2016-12-29,"MA_Crossover(34,47)",5476.0000,5545.7500,1.0000,1.0000,-60.2500,-60.2500,5545.7500,11708.2500,11708.2500
2016-12-30,"MA_Crossover(34,47)",5526.0000,5595.7500,1.0000,1.0000,50.0000,50.0000,5595.7500,11758.2500,11758.2500
2017-01-03,"MA_Crossover(34,47)",5489.0000,5558.7500,1.0000,1.0000,-37.0000,-37.0000,5558.7500,11721.2500,11721.2500
2017-01-04,"MA_Crossover(34,47)",5633.5000,5703.2500,1.0000,1.0000,144.5000,144.5000,5703.2500,11865.7500,11865.7500
2017-01-05,"MA_Crossover(34,47)",5565.5000,5635.2500,1.0000,1.0000,-68.0000,-68.0000,5635.2500,11797.7500,11797.7500
2017-01-06,"MA_Crossover(34,47)",5574.7500,5644.5000,1.0000,1.0000,9.2500,9.2500,5644.5000,11807.0000,11807.0000
2017-01-09,"MA_Crossover(34,47)",5574.7500,5644.5000,1.0000,1.0000,0.0000,0.0000,5644.5000,11807.0000,11807.0000
2017-01-10,"MA_Crossover(34,47)",5740.0000,5809.7500,1.0000,1.0000,165.2500,165.2500,5809.7500,11972.2500,11972.2500
2017-01-11,"MA_Crossover(34,47)",5693.5000,5763.2500,1.0000,1.0000,-46.5000,-46.5000,5763.2500,11925.7500,11925.7500
2017-01-12,"MA_Crossover(34,47)",5814.5000,5884.2500,1.0000,1.0000,121.0000,121.0000,5884.2500,12046.7500,12046.7500
2017-01-13,"MA_Crossover(34,47)",5884.2500,5954.0000,1.0000,1.0000,69.7500,69.7500,5954.0000,12116.5000,12116.5000
2017-01-16,"MA_Crossover(34,47)",5843.5000,5913.2500,1.0000,1.0000,-40.7500,-40.7500,5913.2500,12075.7500,12075.7500
2017-01-17,"MA_Crossover(34,47)",5740.2500,5809.7500,1.0000,1.0000,-103.5000,-103.5000,5809.7500,11972.2500,11972.2500
2017-01-18,"MA_Crossover(34,47)",5753.0000,5823.7500,1.0000,1.0000,14.0000,14.0000,5823.7500,11986.2500,11986.2500
2017-01-19,"MA_Crossover(34,47)",5724.0000,5794.7500,1.0000,1.0000,-29.0000,-29.0000,5794.7500,11957.2500,11957.2500
2017-01-20,"MA_Crossover(34,47)",5737.0000,5798.7500,1.0000,1.0000,4.0000,4.0000,5798.7500,11961.2500,11961.2500
2017-01-23,"MA_Crossover(34,47)",5782.0000,5843.7500,1.0000,1.0000,45.0000,45.0000,5843.7500,12006.2500,12006.2500
2017-01-24,"MA_Crossover(34,47)",5932.0000,5993.7500,-1.0000,1.0000,150.0000,150.0000,5993.7500,12156.2500,12156.2500
2017-01-25,"MA_Crossover(34,47)",5928.7500,5990.5000,-1.0000,-1.0000,-3.2500,3.2500,-5990.5000,12159.5000,12159.5000
2017-01-26,"MA_Crossover(34,47)",5843.7500,5905.5000,-1.0000,-1.0000,-85.0000,85.0000,-5905.5000,12244.5000,12244.5000
2017-01-27,"MA_Crossover(34,47)",5887.5000,5949.2500,-1.0000,-1.0000,43.7500,-43.7500,-5949.2500,12200.7500,12200.7500
2017-01-30,"MA_Crossover(34,47)",5810.5000,5872.2500,-1.0000,-1.0000,-77.0000,77.0000,-5872.2500,12277.7500,12277.7500
2017-01-31,"MA_Crossover(34,47)",5984.2500,6046.0000,-1.0000,-1.0000,173.7500,-173.7500,-6046.0000,12104.0000,12104.0000
2017-02-01,"MA_Crossover(34,47)",5935.0000,5996.7500,-1.0000,-1.0000,-49.2500,49.2500,-5996.7500,12153.2500,12153.2500
2017-02-02,"MA_Crossover(34,47)",5872.0000,5933.7500,-1.0000,-1.0000,-63.0000,63.0000,-5933.7500,12216.2500,12216.2500
2017-02-03,"MA_Crossover(34,47)",5760.2500,5822.0000,-1.0000,-1.0000,-111.7500,111.7500,-5822.0000,12328.0000,12328.0000
2017-02-06,"MA_Crossover(34,47)",5833.7500,5895.5000,-1.0000,-1.0000,73.5000,-73.5000,-5895.5000,12254.5000,12254.5000
2017-02-07,"MA_Crossover(34,47)",5779.0000,5840.7500,-1.0000,-1.0000,-54.7500,54.7500,-5840.7500,12309.2500,12309.2500
2017-02-08,"MA_Crossover(34,47)",5879.5000,5941.2500,-1.0000,-1.0000,100.5000,-100.5000,-5941.2500,12208.7500,12208.7500
2017-02-09,"MA_Crossover(34,47)",5809.5000,5871.2500,1.0000,-1.0000,-70.0000,70.0000,-5871.2500,12278.7500,12278.7500
2017-02-10,"MA_Crossover(34,47)",6083.0000,6144.7500,1.0000,1.0000,273.5000,273.5000,6144.7500,12552.2500,12552.2500
2017-02-13,"MA_Crossover(34,47)",6103.5000,6165.2500,1.0000,1.0000,20.5000,20.5000,6165.2500,12572.7500,12572.7500
2017-02-14,"MA_Crossover(34,47)",6009.2500,6084.0000,1.0000,1.0000,-81.2500,-81.2500,6084.0000,12491.5000,12491.5000
2017-02-15,"MA_Crossover(34,47)",6056.5000,6130.2500,1.0000,1.0000,46.2500,46.2500,6130.2500,12537.7500,12537.7500
2017-02-16,"MA_Crossover(34,47)",5989.0000,6062.7500,1.0000,1.0000,-67.5000,-67.5000,6062.7500,12470.2500,12470.2500
2017-02-17,"MA_Crossover(34,47)",5952.0000,6019.7500,1.0000,1.0000,-43.0000,-43.0000,6019.7500,12427.2500,12427.2500
2017-02-20,"MA_Crossover(34,47)",6065.2500,6133.0000,1.0000,1.0000,113.2500,113.2500,6133.0000,12540.5000,12540.5000
2017-02-21,"MA_Crossover(34,47)",6052.0000,6119.7500,1.0000,1.0000,-13.2500,-13.2500,6119.7500,12527.2500,12527.2500
2017-02-22,"MA_Crossover(34,47)",6031.2500,6099.0000,1.0000,1.0000,-20.7500,-20.7500,6099.0000,12506.5000,12506.5000
2017-02-23,"MA_Crossover(34,47)",5848.7500,5916.5000,1.0000,1.0000,-182.5000,-182.5000,5916.5000,12324.0000,12324.0000
2017-02-24,"MA_Crossover(34,47)",5918.0000,5985.7500,1.0000,1.0000,69.2500,69.2500,5985.7500,12393.2500,12393.2500
2017-02-27,"MA_Crossover(34,47)",5925.0000,5992.7500,1.0000,1.0000,7.0000,7.0000,5992.7500,12400.2500,12400.2500
2017-02-28,"MA_Crossover(34,47)",5965.0000,6032.7500,1.0000,1.0000,40.0000,40.0000,6032.7500,12440.2500,12440.2500
2017-03-01,"MA_Crossover(34,47)",6006.5000,6074.2500,1.0000,1.0000,41.5000,41.5000,6074.2500,12481.7500,12481.7500
2017-03-02,"MA_Crossover(34,47)",5920.0000,5987.7500,1.0000,1.0000,-86.5000,-86.5000,5987.7500,12395.2500,12395.2500
2017-03-03,"MA_Crossover(34,47)",5907.7500,5975.5000,1.0000,1.0000,-12.2500,-12.2500,5975.5000,12383.0000,12383.0000
2017-03-06,"MA_Crossover(34,47)",5845.7500,5913.5000,1.0000,1.0000,-62.0000,-62.0000,5913.5000,12321.0000,12321.0000
2017-03-07,"MA_Crossover(34,47)",5758.0000,5825.7500,1.0000,1.0000,-87.7500,-87.7500,5825.7500,12233.2500,12233.2500
2017-03-08,"MA_Crossover(34,47)",5750.5000,5818.2500,1.0000,1.0000,-7.5000,-7.5000,5818.2500,12225.7500,12225.7500
2017-03-09,"MA_Crossover(34,47)",5674.0000,5741.7500,1.0000,1.0000,-76.5000,-76.5000,5741.7500,12149.2500,12149.2500
2017-03-10,"MA_Crossover(34,47)",5717.0000,5784.7500,1.0000,1.0000,43.0000,43.0000,5784.7500,12192.2500,12192.2500
2017-03-13,"MA_Crossover(34,47)",5776.5000,5844.2500,1.0000,1.0000,59.5000,59.5000,5844.2500,12251.7500,12251.7500
2017-03-14,"MA_Crossover(34,47)",5810.2500,5874.0000,1.0000,1.0000,29.7500,29.7500,5874.0000,12281.5000,12281.5000
2017-03-15,"MA_Crossover(34,47)",5856.0000,5918.5000,1.0000,1.0000,44.5000,44.5000,5918.5000,12326.0000,12326.0000
2017-03-16,"MA_Crossover(34,47)",5901.5000,5963.7500,1.0000,1.0000,45.2500,45.2500,5963.7500,12371.2500,12371.2500
2017-03-17,"MA_Crossover(34,47)",5928.0000,5985.7500,1.0000,1.0000,22.0000,22.0000,5985.7500,12393.2500,12393.2500
2017-03-20,"MA_Crossover(34,47)",5869.0000,5926.7500,1.0000,1.0000,-59.0000,-59.0000,5926.7500,12334.2500,12334.2500
2017-03-21,"MA_Crossover(34,47)",5762.0000,5819.7500,1.0000,1.0000,-107.0000,-107.0000,5819.7500,12227.2500,12227.2500
2017-03-22,"MA_Crossover(34,47)",5795.0000,5852.7500,1.0000,1.0000,33.0000,33.0000,5852.7500,12260.2500,12260.2500
2017-03-23,"MA_Crossover(34,47)",5811.5000,5869.2500,1.0000,1.0000,16.5000,16.5000,5869.2500,12276.7500,12276.7500
2017-03-24,"MA_Crossover(34,47)",5791.0000,5848.7500,1.0000,1.0000,-20.5000,-20.5000,5848.7500,12256.2500,12256.2500
2017-03-27,"MA_Crossover(34,47)",5747.5000,5805.2500,1.0000,1.0000,-43.5000,-43.5000,5805.2500,12212.7500,12212.7500
2017-03-28,"MA_Crossover(34,47)",5861.0000,5918.7500,1.0000,1.0000,113.5000,113.5000,5918.7500,12326.2500,12326.2500
2017-03-29,"MA_Crossover(34,47)",5895.5000,5953.2500,1.0000,1.0000,34.5000,34.5000,5953.2500,12360.7500,12360.7500
2017-03-30,"MA_Crossover(34,47)",5945.0000,6002.7500,1.0000,1.0000,49.5000,49.5000,6002.7500,12410.2500,12410.2500
2017-03-31,"MA_Crossover(34,47)",5824.0000,5881.7500,-1.0000,1.0000,-121.0000,-121.0000,5881.7500,12289.2500,12289.2500
2017-04-03,"MA_Crossover(34,47)",5738.2500,5796.0000,-1.0000,-1.0000,-85.7500,85.7500,-5796.0000,12375.0000,12375.0000
2017-04-04,"MA_Crossover(34,47)",5762.2500,5820.0000,-1.0000,-1.0000,24.0000,-24.0000,-5820.0000,12351.0000,12351.0000
2017-04-05,"MA_Crossover(34,47)",5875.2500,5933.0000,-1.0000,-1.0000,113.0000,-113.0000,-5933.0000,12238.0000,12238.0000
2017-04-06,"MA_Crossover(34,47)",5834.0000,5891.7500,-1.0000,-1.0000,-41.2500,41.2500,-5891.7500,12279.2500,12279.2500
2017-04-07,"MA_Crossover(34,47)",5805.2500,5863.0000,-1.0000,-1.0000,-28.7500,28.7500,-5863.0000,12308.0000,12308.0000
2017-04-10,"MA_Crossover(34,47)",5715.2500,5773.0000,-1.0000,-1.0000,-90.0000,90.0000,-5773.0000,12398.0000,12398.0000
2017-04-11,"MA_Crossover(34,47)",5739.7500,5797.5000,-1.0000,-1.0000,24.5000,-24.5000,-5797.5000,12373.5000,12373.5000
2017-04-12,"MA_Crossover(34,47)",5600.2500,5658.0000,-1.0000,-1.0000,-139.5000,139.5000,-5658.0000,12513.0000,12513.0000
2017-04-13,"MA_Crossover(34,47)",5660.0000,5717.7500,-1.0000,-1.0000,59.7500,-59.7500,-5717.7500,12453.2500,12453.2500
2017-04-18,"MA_Crossover(34,47)",5553.0000,5607.7500,-1.0000,-1.0000,-110.0000,110.0000,-5607.7500,12563.2500,12563.2500
2017-04-19,"MA_Crossover(34,47)",5537.0000,5591.7500,-1.0000,-1.0000,-16.0000,16.0000,-5591.7500,12579.2500,12579.2500
2017-04-20,"MA_Crossover(34,47)",5606.5000,5660.5000,-1.0000,-1.0000,68.7500,-68.7500,-5660.5000,12510.5000,12510.5000
2017-04-21,"MA_Crossover(34,47)",5604.5000,5647.2500,-1.0000,-1.0000,-13.2500,13.2500,-5647.2500,12523.7500,12523.7500
2017-04-24,"MA_Crossover(34,47)",5634.2500,5677.0000,-1.0000,-1.0000,29.7500,-29.7500,-5677.0000,12494.0000,12494.0000
2017-04-25,"MA_Crossover(34,47)",5686.0000,5728.7500,-1.0000,-1.0000,51.7500,-51.7500,-5728.7500,12442.2500,12442.2500
2017-04-26,"MA_Crossover(34,47)",5696.7500,5739.5000,-1.0000,-1.0000,10.7500,-10.7500,-5739.5000,12431.5000,12431.5000
2017-04-27,"MA_Crossover(34,47)",5674.7500,5717.5000,-1.0000,-1.0000,-22.0000,22.0000,-5717.5000,12453.5000,12453.5000
2017-04-28,"MA_Crossover(34,47)",5715.5000,5758.2500,-1.0000,-1.0000,40.7500,-40.7500,-5758.2500,12412.7500,12412.7500
2017-05-02,"MA_Crossover(34,47)",5775.5000,5818.2500,-1.0000,-1.0000,60.0000,-60.0000,-5818.2500,12352.7500,12352.7500
2017-05-03,"MA_Crossover(34,47)",5574.0000,5616.7500,-1.0000,-1.0000,-201.5000,201.5000,-5616.7500,12554.2500,12554.2500
2017-05-04,"MA_Crossover(34,47)",5521.0000,5563.7500,-1.0000,-1.0000,-53.0000,53.0000,-5563.7500,12607.2500,12607.2500
2017-05-05,"MA_Crossover(34,47)",5565.5000,5608.2500,-1.0000,-1.0000,44.5000,-44.5000,-5608.2500,12562.7500,12562.7500
2017-05-08,"MA_Crossover(34,47)",5465.2500,5508.0000,-1.0000,-1.0000,-100.2500,100.2500,-5508.0000,12663.0000,12663.0000
2017-05-09,"MA_Crossover(34,47)",5489.7500,5532.5000,-1.0000,-1.0000,24.5000,-24.5000,-5532.5000,12638.5000,12638.5000
2017-05-10,"MA_Crossover(34,47)",5478.2500,5521.0000,-1.0000,-1.0000,-11.5000,11.5000,-5521.0000,12650.0000,12650.0000
2017-05-11,"MA_Crossover(34,47)",5521.7500,5564.5000,-1.0000,-1.0000,43.5000,-43.5000,-5564.5000,12606.5000,12606.5000
2017-05-12,"MA_Crossover(34,47)",5539.0000,5581.7500,-1.0000,-1.0000,17.2500,-17.2500,-5581.7500,12589.2500,12589.2500
2017-05-15,"MA_Crossover(34,47)",5593.2500,5636.0000,-1.0000,-1.0000,54.2500,-54.2500,-5636.0000,12535.0000,12535.0000
2017-05-16,"MA_Crossover(34,47)",5598.2500,5641.0000,-1.0000,-1.0000,5.0000,-5.0000,-5641.0000,12530.0000,12530.0000
2017-05-17,"MA_Crossover(34,47)",5600.5000,5643.0000,-1.0000,-1.0000,2.0000,-2.0000,-5643.0000,12528.0000,12528.0000
2017-05-18,"MA_Crossover(34,47)",5572.0000,5613.5000,-1.0000,-1.0000,-29.5000,29.5000,-5613.5000,12557.5000,12557.5000
2017-05-19,"MA_Crossover(34,47)",5676.0000,5712.7500,-1.0000,-1.0000,99.2500,-99.2500,-5712.7500,12458.2500,12458.2500
2017-05-22,"MA_Crossover(34,47)",5698.0000,5734.7500,-1.0000,-1.0000,22.0000,-22.0000,-5734.7500,12436.2500,12436.2500
2017-05-23,"MA_Crossover(34,47)",5705.5000,5742.2500,-1.0000,-1.0000,7.5000,-7.5000,-5742.2500,12428.7500,12428.7500
2017-05-24,"MA_Crossover(34,47)",5673.0000,5709.7500,-1.0000,-1.0000,-32.5000,32.5000,-5709.7500,12461.2500,12461.2500
2017-05-25,"MA_Crossover(34,47)",5715.0000,5751.7500,-1.0000,-1.0000,42.0000,-42.0000,-5751.7500,12419.2500,12419.2500
2017-05-26,"MA_Crossover(34,47)",5646.0000,5682.7500,-1.0000,-1.0000,-69.0000,69.0000,-5682.7500,12488.2500,12488.2500
2017-05-30,"MA_Crossover(34,47)",5640.2500,5677.0000,-1.0000,-1.0000,-5.7500,5.7500,-5677.0000,12494.0000,12494.0000
2017-05-31,"MA_Crossover(34,47)",5665.7500,5702.5000,-1.0000,-1.0000,25.5000,-25.5000,-5702.5000,12468.5000,12468.5000
2017-06-01,"MA_Crossover(34,47)",5683.0000,5719.7500,-1.0000,-1.0000,17.2500,-17.2500,-5719.7500,12451.2500,12451.2500
2017-06-02,"MA_Crossover(34,47)",5648.0000,5684.7500,-1.0000,-1.0000,-35.0000,35.0000,-5684.7500,12486.2500,12486.2500
2017-06-05,"MA_Crossover(34,47)",5606.7500,5643.5000,-1.0000,-1.0000,-41.2500,41.2500,-5643.5000,12527.5000,12527.5000
2017-06-06,"MA_Crossover(34,47)",5594.2500,5631.0000,-1.0000,-1.0000,-12.5000,12.5000,-5631.0000,12540.0000,12540.0000
2017-06-07,"MA_Crossover(34,47)",5599.2500,5636.0000,-1.0000,-1.0000,5.0000,-5.0000,-5636.0000,12535.0000,12535.0000
2017-06-08,"MA_Crossover(34,47)",5709.2500,5746.0000,-1.0000,-1.0000,110.0000,-110.0000,-5746.0000,12425.0000,12425.0000
2017-06-09,"MA_Crossover(34,47)",5784.0000,5820.7500,-1.0000,-1.0000,74.7500,-74.7500,-5820.7500,12350.2500,12350.2500
2017-06-12,"MA_Crossover(34,47)",5748.2500,5785.0000,-1.0000,-1.0000,-35.7500,35.7500,-5785.0000,12386.0000,12386.0000
2017-06-13,"MA_Crossover(34,47)",5690.0000,5726.7500,-1.0000,-1.0000,-58.2500,58.2500,-5726.7500,12444.2500,12444.2500
2017-06-14,"MA_Crossover(34,47)",5672.2500,5709.0000,-1.0000,-1.0000,-17.7500,17.7500,-5709.0000,12462.0000,12462.0000
2017-06-15,"MA_Crossover(34,47)",5637.7500,5674.5000,-1.0000,-1.0000,-34.5000,34.5000,-5674.5000,12496.5000,12496.5000
2017-06-16,"MA_Crossover(34,47)",5639.7500,5676.5000,-1.0000,-1.0000,2.0000,-2.0000,-5676.5000,12494.5000,12494.5000
2017-06-19,"MA_Crossover(34,47)",5702.7500,5739.5000,-1.0000,-1.0000,63.0000,-63.0000,-5739.5000,12431.5000,12431.5000
2017-06-20,"MA_Crossover(34,47)",5637.5000,5680.5000,-1.0000,-1.0000,-59.0000,59.0000,-5680.5000,12490.5000,12490.5000
2017-06-21,"MA_Crossover(34,47)",5724.5000,5767.7500,-1.0000,-1.0000,87.2500,-87.2500,-5767.7500,12403.2500,12403.2500
2017-06-22,"MA_Crossover(34,47)",5727.5000,5769.7500,1.0000,-1.0000,2.0000,-2.0000,-5769.7500,12401.2500,12401.2500
2017-06-23,"MA_Crossover(34,47)",5785.5000,5819.2500,1.0000,1.0000,49.5000,49.5000,5819.2500,12450.7500,12450.7500
2017-06-26,"MA_Crossover(34,47)",5777.7500,5811.5000,1.0000,1.0000,-7.7500,-7.7500,5811.5000,12443.0000,12443.0000
2017-06-27,"MA_Crossover(34,47)",5842.2500,5876.0000,1.0000,1.0000,64.5000,64.5000,5876.0000,12507.5000,12507.5000
2017-06-28,"MA_Crossover(34,47)",5865.5000,5899.2500,1.0000,1.0000,23.2500,23.2500,5899.2500,12530.7500,12530.7500
2017-06-29,"MA_Crossover(34,47)",5925.2500,5959.0000,1.0000,1.0000,59.7500,59.7500,5959.0000,12590.5000,12590.5000
2017-06-30,"MA_Crossover(34,47)",5923.0000,5956.7500,1.0000,1.0000,-2.2500,-2.2500,5956.7500,12588.2500,12588.2500
2017-07-03,"MA_Crossover(34,47)",5908.7500,5942.5000,1.0000,1.0000,-14.2500,-14.2500,5942.5000,12574.0000,12574.0000
2017-07-04,"MA_Crossover(34,47)",5871.2500,5905.0000,1.0000,1.0000,-37.5000,-37.5000,5905.0000,12536.5000,12536.5000
2017-07-05,"MA_Crossover(34,47)",5818.0000,5851.7500,1.0000,1.0000,-53.2500,-53.2500,5851.7500,12483.2500,12483.2500
2017-07-06,"MA_Crossover(34,47)",5828.0000,5861.7500,1.0000,1.0000,10.0000,10.0000,5861.7500,12493.2500,12493.2500
2017-07-07,"MA_Crossover(34,47)",5806.5000,5840.2500,1.0000,1.0000,-21.5000,-21.5000,5840.2500,12471.7500,12471.7500
2017-07-10,"MA_Crossover(34,47)",5799.0000,5832.7500,1.0000,1.0000,-7.5000,-7.5000,5832.7500,12464.2500,12464.2500
2017-07-11,"MA_Crossover(34,47)",5849.5000,5883.2500,1.0000,1.0000,50.5000,50.5000,5883.2500,12514.7500,12514.7500
2017-07-12,"MA_Crossover(34,47)",5881.0000,5914.7500,1.0000,1.0000,31.5000,31.5000,5914.7500,12546.2500,12546.2500
2017-07-13,"MA_Crossover(34,47)",5854.0000,5887.7500,1.0000,1.0000,-27.0000,-27.0000,5887.7500,12519.2500,12519.2500
2017-07-14,"MA_Crossover(34,47)",5905.2500,5939.0000,1.0000,1.0000,51.2500,51.2500,5939.0000,12570.5000,12570.5000
2017-07-17,"MA_Crossover(34,47)",5971.0000,6004.7500,1.0000,1.0000,65.7500,65.7500,6004.7500,12636.2500,12636.2500
2017-07-18,"MA_Crossover(34,47)",5985.5000,6025.5000,1.0000,1.0000,20.7500,20.7500,6025.5000,12657.0000,12657.0000
2017-07-19,"MA_Crossover(34,47)",5944.0000,5985.2500,1.0000,1.0000,-40.2500,-40.2500,5985.2500,12616.7500,12616.7500
2017-07-20,"MA_Crossover(34,47)",5937.7500,5978.0000,1.0000,1.0000,-7.2500,-7.2500,5978.0000,12609.5000,12609.5000
2017-07-21,"MA_Crossover(34,47)",5983.0000,6010.7500,1.0000,1.0000,32.7500,32.7500,6010.7500,12642.2500,12642.2500
2017-07-24,"MA_Crossover(34,47)",6006.7500,6034.5000,1.0000,1.0000,23.7500,23.7500,6034.5000,12666.0000,12666.0000
2017-07-25,"MA_Crossover(34,47)",6208.0000,6235.7500,1.0000,1.0000,201.2500,201.2500,6235.7500,12867.2500,12867.2500
2017-07-26,"MA_Crossover(34,47)",6307.7500,6335.5000,1.0000,1.0000,99.7500,99.7500,6335.5000,12967.0000,12967.0000
2017-07-27,"MA_Crossover(34,47)",6307.2500,6335.0000,1.0000,1.0000,-0.5000,-0.5000,6335.0000,12966.5000,12966.5000
2017-07-28,"MA_Crossover(34,47)",6302.5000,6330.2500,1.0000,1.0000,-4.7500,-4.7500,6330.2500,12961.7500,12961.7500
2017-07-31,"MA_Crossover(34,47)",6343.2500,6371.0000,1.0000,1.0000,40.7500,40.7500,6371.0000,13002.5000,13002.5000
2017-08-01,"MA_Crossover(34,47)",6320.7500,6348.5000,1.0000,1.0000,-22.5000,-22.5000,6348.5000,12980.0000,12980.0000
2017-08-02,"MA_Crossover(34,47)",6330.2500,6358.0000,1.0000,1.0000,9.5000,9.5000,6358.0000,12989.5000,12989.5000
2017-08-03,"MA_Crossover(34,47)",6331.2500,6359.0000,1.0000,1.0000,1.0000,1.0000,6359.0000,12990.5000,12990.5000
2017-08-04,"MA_Crossover(34,47)",6352.2500,6380.0000,1.0000,1.0000,21.0000,21.0000,6380.0000,13011.5000,13011.5000
2017-08-07,"MA_Crossover(34,47)",6388.2500,6416.0000,1.0000,1.0000,36.0000,36.0000,6416.0000,13047.5000,13047.5000
2017-08-08,"MA_Crossover(34,47)",6455.2500,6483.0000,1.0000,1.0000,67.0000,67.0000,6483.0000,13114.5000,13114.5000
2017-08-09,"MA_Crossover(34,47)",6430.5000,6458.2500,1.0000,1.0000,-24.7500,-24.7500,6458.2500,13089.7500,13089.7500
2017-08-10,"MA_Crossover(34,47)",6395.2500,6423.0000,1.0000,1.0000,-35.2500,-35.2500,6423.0000,13054.5000,13054.5000
2017-08-11,"MA_Crossover(34,47)",6383.5000,6411.2500,1.0000,1.0000,-11.7500,-11.7500,6411.2500,13042.7500,13042.7500
2017-08-14,"MA_Crossover(34,47)",6367.5000,6395.2500,1.0000,1.0000,-16.0000,-16.0000,6395.2500,13026.7500,13026.7500
2017-08-15,"MA_Crossover(34,47)",6359.0000,6385.2500,1.0000,1.0000,-10.0000,-10.0000,6385.2500,13016.7500,13016.7500
2017-08-16,"MA_Crossover(34,47)",6512.5000,6538.2500,1.0000,1.0000,153.0000,153.0000,6538.2500,13169.7500,13169.7500
2017-08-17,"MA_Crossover(34,47)",6470.7500,6496.5000,1.0000,1.0000,-41.7500,-41.7500,6496.5000,13128.0000,13128.0000
2017-08-18,"MA_Crossover(34,47)",6466.7500,6482.0000,1.0000,1.0000,-14.5000,-14.5000,6482.0000,13113.5000,13113.5000
2017-08-21,"MA_Crossover(34,47)",6564.7500,6580.0000,1.0000,1.0000,98.0000,98.0000,6580.0000,13211.5000,13211.5000
2017-08-22,"MA_Crossover(34,47)",6559.2500,6574.5000,1.0000,1.0000,-5.5000,-5.5000,6574.5000,13206.0000,13206.0000
2017-08-23,"MA_Crossover(34,47)",6544.7500,6560.0000,1.0000,1.0000,-14.5000,-14.5000,6560.0000,13191.5000,13191.5000
2017-08-24,"MA_Crossover(34,47)",6667.7500,6683.0000,1.0000,1.0000,123.0000,123.0000,6683.0000,13314.5000,13314.5000
2017-08-25,"MA_Crossover(34,47)",6647.5000,6662.7500,1.0000,1.0000,-20.2500,-20.2500,6662.7500,13294.2500,13294.2500
2017-08-29,"MA_Crossover(34,47)",6772.0000,6787.2500,1.0000,1.0000,124.5000,124.5000,6787.2500,13418.7500,13418.7500
2017-08-30,"MA_Crossover(34,47)",6746.0000,6761.2500,1.0000,1.0000,-26.0000,-26.0000,6761.2500,13392.7500,13392.7500
2017-08-31,"MA_Crossover(34,47)",6763.5000,6778.7500,1.0000,1.0000,17.5000,17.5000,6778.7500,13410.2500,13410.2500
2017-09-01,"MA_Crossover(34,47)",6810.0000,6825.2500,1.0000,1.0000,46.5000,46.5000,6825.2500,13456.7500,13456.7500
2017-09-04,"MA_Crossover(34,47)",6891.2500,6906.5000,1.0000,1.0000,81.2500,81.2500,6906.5000,13538.0000,13538.0000
2017-09-05,"MA_Crossover(34,47)",6873.0000,6888.2500,1.0000,1.0000,-18.2500,-18.2500,6888.2500,13519.7500,13519.7500
2017-09-06,"MA_Crossover(34,47)",6875.5000,6890.7500,1.0000,1.0000,2.5000,2.5000,6890.7500,13522.2500,13522.2500
2017-09-07,"MA_Crossover(34,47)",6870.7500,6886.0000,1.0000,1.0000,-4.7500,-4.7500,6886.0000,13517.5000,13517.5000
2017-09-08,"MA_Crossover(34,47)",6660.2500,6675.5000,1.0000,1.0000,-210.5000,-210.5000,6675.5000,13307.0000,13307.0000
2017-09-11,"MA_Crossover(34,47)",6712.2500,6727.5000,1.0000,1.0000,52.0000,52.0000,6727.5000,13359.0000,13359.0000
2017-09-12,"MA_Crossover(34,47)",6627.2500,6642.5000,1.0000,1.0000,-85.0000,-85.0000,6642.5000,13274.0000,13274.0000
2017-09-13,"MA_Crossover(34,47)",6513.7500,6529.0000,1.0000,1.0000,-113.5000,-113.5000,6529.0000,13160.5000,13160.5000
2017-09-14,"MA_Crossover(34,47)",6457.2500,6472.5000,1.0000,1.0000,-56.5000,-56.5000,6472.5000,13104.0000,13104.0000
2017-09-15,"MA_Crossover(34,47)",6462.5000,6477.7500,1.0000,1.0000,5.2500,5.2500,6477.7500,13109.2500,13109.2500
2017-09-18,"MA_Crossover(34,47)",6474.7500,6490.0000,1.0000,1.0000,12.2500,12.2500,6490.0000,13121.5000,13121.5000
2017-09-19,"MA_Crossover(34,47)",6508.7500,6518.5000,1.0000,1.0000,28.5000,28.5000,6518.5000,13150.0000,13150.0000
2017-09-20,"MA_Crossover(34,47)",6500.0000,6507.2500,1.0000,1.0000,-11.2500,-11.2500,6507.2500,13138.7500,13138.7500
2017-09-21,"MA_Crossover(34,47)",6455.0000,6462.2500,1.0000,1.0000,-45.0000,-45.0000,6462.2500,13093.7500,13093.7500
2017-09-22,"MA_Crossover(34,47)",6430.2500,6424.0000,1.0000,1.0000,-38.2500,-38.2500,6424.0000,13055.5000,13055.5000
2017-09-25,"MA_Crossover(34,47)",6418.2500,6412.0000,1.0000,1.0000,-12.0000,-12.0000,6412.0000,13043.5000,13043.5000
2017-09-26,"MA_Crossover(34,47)",6370.5000,6364.2500,1.0000,1.0000,-47.7500,-47.7500,6364.2500,12995.7500,12995.7500
2017-09-27,"MA_Crossover(34,47)",6405.0000,6398.7500,1.0000,1.0000,34.5000,34.5000,6398.7500,13030.2500,13030.2500
2017-09-28,"MA_Crossover(34,47)",6487.5000,6481.2500,1.0000,1.0000,82.5000,82.5000,6481.2500,13112.7500,13112.7500
2017-09-29,"MA_Crossover(34,47)",6447.2500,6441.0000,1.0000,1.0000,-40.2500,-40.2500,6441.0000,13072.5000,13072.5000
2017-10-02,"MA_Crossover(34,47)",6460.7500,6454.5000,1.0000,1.0000,13.5000,13.5000,6454.5000,13086.0000,13086.0000
2017-10-03,"MA_Crossover(34,47)",6485.2500,6479.0000,1.0000,1.0000,24.5000,24.5000,6479.0000,13110.5000,13110.5000
2017-10-04,"MA_Crossover(34,47)",6486.2500,6480.0000,1.0000,1.0000,1.0000,1.0000,6480.0000,13111.5000,13111.5000
2017-10-05,"MA_Crossover(34,47)",6667.7500,6661.5000,1.0000,1.0000,181.5000,181.5000,6661.5000,13293.0000,13293.0000
2017-10-06,"MA_Crossover(34,47)",6626.0000,6619.7500,1.0000,1.0000,-41.7500,-41.7500,6619.7500,13251.2500,13251.2500
2017-10-09,"MA_Crossover(34,47)",6623.0000,6616.7500,1.0000,1.0000,-3.0000,-3.0000,6616.7500,13248.2500,13248.2500
2017-10-10,"MA_Crossover(34,47)",6712.2500,6706.0000,1.0000,1.0000,89.2500,89.2500,6706.0000,13337.5000,13337.5000
2017-10-11,"MA_Crossover(34,47)",6760.0000,6753.7500,1.0000,1.0000,47.7500,47.7500,6753.7500,13385.2500,13385.2500
2017-10-12,"MA_Crossover(34,47)",6862.5000,6856.2500,1.0000,1.0000,102.5000,102.5000,6856.2500,13487.7500,13487.7500
2017-10-13,"MA_Crossover(34,47)",6859.5000,6853.2500,1.0000,1.0000,-3.0000,-3.0000,6853.2500,13484.7500,13484.7500
2017-10-16,"MA_Crossover(34,47)",7122.0000,7115.7500,1.0000,1.0000,262.5000,262.5000,7115.7500,13747.2500,13747.2500
2017-10-17,"MA_Crossover(34,47)",7001.0000,7014.2500,1.0000,1.0000,-101.5000,-101.5000,7014.2500,13645.7500,13645.7500
2017-10-18,"MA_Crossover(34,47)",6964.5000,6978.7500,1.0000,1.0000,-35.5000,-35.5000,6978.7500,13610.2500,13610.2500
2017-10-19,"MA_Crossover(34,47)",6946.0000,6959.2500,1.0000,1.0000,-19.5000,-19.5000,6959.2500,13590.7500,13590.7500
2017-10-20,"MA_Crossover(34,47)",6929.5000,6928.2500,1.0000,1.0000,-31.0000,-31.0000,6928.2500,13559.7500,13559.7500
2017-10-23,"MA_Crossover(34,47)",6983.7500,6982.5000,-1.0000,1.0000,54.2500,54.2500,6982.5000,13614.0000,13614.0000
2017-10-24,"MA_Crossover(34,47)",7015.7500,7014.5000,-1.0000,-1.0000,32.0000,-32.0000,-7014.5000,13582.0000,13582.0000
2017-10-25,"MA_Crossover(34,47)",6991.2500,6990.0000,-1.0000,-1.0000,-24.5000,24.5000,-6990.0000,13606.5000,13606.5000
2017-10-26,"MA_Crossover(34,47)",6967.0000,6965.7500,-1.0000,-1.0000,-24.2500,24.2500,-6965.7500,13630.7500,13630.7500
2017-10-27,"MA_Crossover(34,47)",6808.5000,6807.2500,-1.0000,-1.0000,-158.5000,158.5000,-6807.2500,13789.2500,13789.2500
2017-10-30,"MA_Crossover(34,47)",6846.5000,6845.2500,-1.0000,-1.0000,38.0000,-38.0000,-6845.2500,13751.2500,13751.2500
2017-10-31,"MA_Crossover(34,47)",6822.7500,6821.5000,-1.0000,-1.0000,-23.7500,23.7500,-6821.5000,13775.0000,13775.0000
2017-11-01,"MA_Crossover(34,47)",6905.7500,6904.5000,-1.0000,-1.0000,83.0000,-83.0000,-6904.5000,13692.0000,13692.0000
2017-11-02,"MA_Crossover(34,47)",6904.0000,6902.7500,1.0000,-1.0000,-1.7500,1.7500,-6902.7500,13693.7500,13693.7500
2017-11-03,"MA_Crossover(34,47)",6870.0000,6868.7500,1.0000,1.0000,-34.0000,-34.0000,6868.7500,13659.7500,13659.7500
2017-11-06,"MA_Crossover(34,47)",6942.5000,6941.2500,1.0000,1.0000,72.5000,72.5000,6941.2500,13732.2500,13732.2500
2017-11-07,"MA_Crossover(34,47)",6797.2500,6796.0000,1.0000,1.0000,-145.2500,-145.2500,6796.0000,13587.0000,13587.0000
2017-11-08,"MA_Crossover(34,47)",6829.0000,6827.7500,1.0000,1.0000,31.7500,31.7500,6827.7500,13618.7500,13618.7500
2017-11-09,"MA_Crossover(34,47)",6779.0000,6777.7500,1.0000,1.0000,-50.0000,-50.0000,6777.7500,13568.7500,13568.7500
2017-11-10,"MA_Crossover(34,47)",6754.0000,6752.7500,1.0000,1.0000,-25.0000,-25.0000,6752.7500,13543.7500,13543.7500
2017-11-13,"MA_Crossover(34,47)",6860.7500,6859.5000,1.0000,1.0000,106.7500,106.7500,6859.5000,13650.5000,13650.5000
2017-11-14,"MA_Crossover(34,47)",6736.5000,6732.0000,1.0000,1.0000,-127.5000,-127.5000,6732.0000,13523.0000,13523.0000
2017-11-15,"MA_Crossover(34,47)",6752.0000,6746.5000,1.0000,1.0000,14.5000,14.5000,6746.5000,13537.5000,13537.5000
2017-11-16,"MA_Crossover(34,47)",6716.0000,6710.5000,1.0000,1.0000,-36.0000,-36.0000,6710.5000,13501.5000,13501.5000
2017-11-17,"MA_Crossover(34,47)",6756.5000,6741.0000,1.0000,1.0000,30.5000,30.5000,6741.0000,13532.0000,13532.0000
2017-11-20,"MA_Crossover(34,47)",6808.5000,6793.0000,1.0000,1.0000,52.0000,52.0000,6793.0000,13584.0000,13584.0000
2017-11-21,"MA_Crossover(34,47)",6888.5000,6873.0000,1.0000,1.0000,80.0000,80.0000,6873.0000,13664.0000,13664.0000
2017-11-22,"MA_Crossover(34,47)",6933.5000,6918.0000,1.0000,1.0000,45.0000,45.0000,6918.0000,13709.0000,13709.0000
2017-11-23,"MA_Crossover(34,47)",6945.5000,6930.0000,1.0000,1.0000,12.0000,12.0000,6930.0000,13721.0000,13721.0000
2017-11-24,"MA_Crossover(34,47)",6986.0000,6970.5000,1.0000,1.0000,40.5000,40.5000,6970.5000,13761.5000,13761.5000
2017-11-27,"MA_Crossover(34,47)",6921.5000,6906.0000,1.0000,1.0000,-64.5000,-64.5000,6906.0000,13697.0000,13697.0000
2017-11-28,"MA_Crossover(34,47)",6782.7500,6767.2500,1.0000,1.0000,-138.7500,-138.7500,6767.2500,13558.2500,13558.2500
2017-11-29,"MA_Crossover(34,47)",6737.5000,6722.0000,1.0000,1.0000,-45.2500,-45.2500,6722.0000,13513.0000,13513.0000
2017-11-30,"MA_Crossover(34,47)",6739.5000,6724.0000,1.0000,1.0000,2.0000,2.0000,6724.0000,13515.0000,13515.0000
2017-12-01,"MA_Crossover(34,47)",6811.7500,6796.2500,1.0000,1.0000,72.2500,72.2500,6796.2500,13587.2500,13587.2500
2017-12-04,"MA_Crossover(34,47)",6803.7500,6788.2500,1.0000,1.0000,-8.0000,-8.0000,6788.2500,13579.2500,13579.2500
2017-12-05,"MA_Crossover(34,47)",6519.0000,6503.5000,1.0000,1.0000,-284.7500,-284.7500,6503.5000,13294.5000,13294.5000
2017-12-06,"MA_Crossover(34,47)",6525.5000,6510.0000,1.0000,1.0000,6.5000,6.5000,6510.0000,13301.0000,13301.0000
2017-12-07,"MA_Crossover(34,47)",6536.5000,6521.0000,1.0000,1.0000,11.0000,11.0000,6521.0000,13312.0000,13312.0000
2017-12-08,"MA_Crossover(34,47)",6542.7500,6527.2500,-1.0000,1.0000,6.2500,6.2500,6527.2500,13318.2500,13318.2500
2017-12-11,"MA_Crossover(34,47)",6640.2500,6624.7500,-1.0000,-1.0000,97.5000,-97.5000,-6624.7500,13220.7500,13220.7500
2017-12-12,"MA_Crossover(34,47)",6632.0000,6616.5000,-1.0000,-1.0000,-8.2500,8.2500,-6616.5000,13229.0000,13229.0000
2017-12-13,"MA_Crossover(34,47)",6696.2500,6680.7500,-1.0000,-1.0000,64.2500,-64.2500,-6680.7500,13164.7500,13164.7500
2017-12-14,"MA_Crossover(34,47)",6762.0000,6746.5000,-1.0000,-1.0000,65.7500,-65.7500,-6746.5000,13099.0000,13099.0000
2017-12-15,"MA_Crossover(34,47)",6855.2500,6839.7500,-1.0000,-1.0000,93.2500,-93.2500,-6839.7500,13005.7500,13005.7500
2017-12-18,"MA_Crossover(34,47)",6874.2500,6858.7500,-1.0000,-1.0000,19.0000,-19.0000,-6858.7500,12986.7500,12986.7500
2017-12-19,"MA_Crossover(34,47)",6919.7500,6908.0000,-1.0000,-1.0000,49.2500,-49.2500,-6908.0000,12937.5000,12937.5000
2017-12-20,"MA_Crossover(34,47)",7016.7500,7007.0000,-1.0000,-1.0000,99.0000,-99.0000,-7007.0000,12838.5000,12838.5000
2017-12-21,"MA_Crossover(34,47)",7058.5000,7049.0000,-1.0000,-1.0000,42.0000,-42.0000,-7049.0000,12796.5000,12796.5000
2017-12-22,"MA_Crossover(34,47)",7100.5000,7076.0000,-1.0000,-1.0000,27.0000,-27.0000,-7076.0000,12769.5000,12769.5000
2017-12-27,"MA_Crossover(34,47)",7217.7500,7193.2500,-1.0000,-1.0000,117.2500,-117.2500,-7193.2500,12652.2500,12652.2500
2017-12-28,"MA_Crossover(34,47)",7264.7500,7240.2500,-1.0000,-1.0000,47.0000,-47.0000,-7240.2500,12605.2500,12605.2500
2017-12-29,"MA_Crossover(34,47)",7219.0000,7194.5000,-1.0000,-1.0000,-45.7500,45.7500,-7194.5000,12651.0000,12651.0000
2018-01-02,"MA_Crossover(34,47)",7173.2500,7148.7500,-1.0000,-1.0000,-45.7500,45.7500,-7148.7500,12696.7500,12696.7500
2018-01-03,"MA_Crossover(34,47)",7112.5000,7088.0000,-1.0000,-1.0000,-60.7500,60.7500,-7088.0000,12757.5000,12757.5000
2018-01-04,"MA_Crossover(34,47)",7154.2500,7129.7500,1.0000,-1.0000,41.7500,-41.7500,-7129.7500,12715.7500,12715.7500
2018-01-05,"MA_Crossover(34,47)",7087.0000,7062.5000,1.0000,1.0000,-67.2500,-67.2500,7062.5000,12648.5000,12648.5000
2018-01-08,"MA_Crossover(34,47)",7087.0000,7062.5000,1.0000,1.0000,0.0000,0.0000,7062.5000,12648.5000,12648.5000
2018-01-09,"MA_Crossover(34,47)",7065.0000,7040.5000,1.0000,1.0000,-22.0000,-22.0000,7040.5000,12626.5000,12626.5000
2018-01-10,"MA_Crossover(34,47)",7116.7500,7092.2500,1.0000,1.0000,51.7500,51.7500,7092.2500,12678.2500,12678.2500
2018-01-11,"MA_Crossover(34,47)",7103.5000,7079.0000,1.0000,1.0000,-13.2500,-13.2500,7079.0000,12665.0000,12665.0000
2018-01-12,"MA_Crossover(34,47)",7074.7500,7050.2500,1.0000,1.0000,-28.7500,-28.7500,7050.2500,12636.2500,12636.2500
2018-01-15,"MA_Crossover(34,47)",7181.2500,7156.7500,1.0000,1.0000,106.5000,106.5000,7156.7500,12742.7500,12742.7500
2018-01-16,"MA_Crossover(34,47)",7052.7500,7035.2500,1.0000,1.0000,-121.5000,-121.5000,7035.2500,12621.2500,12621.2500
2018-01-17,"MA_Crossover(34,47)",7008.2500,6990.7500,1.0000,1.0000,-44.5000,-44.5000,6990.7500,12576.7500,12576.7500
2018-01-18,"MA_Crossover(34,47)",7049.5000,7033.0000,1.0000,1.0000,42.2500,42.2500,7033.0000,12619.0000,12619.0000
2018-01-19,"MA_Crossover(34,47)",7016.7500,6987.2500,1.0000,1.0000,-45.7500,-45.7500,6987.2500,12573.2500,12573.2500
2018-01-22,"MA_Crossover(34,47)",7042.5000,7013.0000,1.0000,1.0000,25.7500,25.7500,7013.0000,12599.0000,12599.0000
2018-01-23,"MA_Crossover(34,47)",6900.5000,6871.0000,1.0000,1.0000,-142.0000,-142.0000,6871.0000,12457.0000,12457.0000
2018-01-24,"MA_Crossover(34,47)",7128.0000,7098.5000,1.0000,1.0000,227.5000,227.5000,7098.5000,12684.5000,12684.5000
2018-01-25,"MA_Crossover(34,47)",7115.7500,7086.2500,1.0000,1.0000,-12.2500,-12.2500,7086.2500,12672.2500,12672.2500
2018-01-26,"MA_Crossover(34,47)",7059.5000,7030.0000,1.0000,1.0000,-56.2500,-56.2500,7030.0000,12616.0000,12616.0000
2018-01-29,"MA_Crossover(34,47)",7056.0000,7026.5000,1.0000,1.0000,-3.5000,-3.5000,7026.5000,12612.5000,12612.5000
2018-01-30,"MA_Crossover(34,47)",7023.5000,6994.0000,1.0000,1.0000,-32.5000,-32.5000,6994.0000,12580.0000,12580.0000
2018-01-31,"MA_Crossover(34,47)",7091.2500,7061.7500,1.0000,1.0000,67.7500,67.7500,7061.7500,12647.7500,12647.7500
2018-02-01,"MA_Crossover(34,47)",7089.0000,7059.5000,1.0000,1.0000,-2.2500,-2.2500,7059.5000,12645.5000,12645.5000
2018-02-02,"MA_Crossover(34,47)",7015.5000,6986.0000,1.0000,1.0000,-73.5000,-73.5000,6986.0000,12572.0000,12572.0000
2018-02-05,"MA_Crossover(34,47)",7139.2500,7109.7500,1.0000,1.0000,123.7500,123.7500,7109.7500,12695.7500,12695.7500
2018-02-06,"MA_Crossover(34,47)",7041.7500,7012.2500,1.0000,1.0000,-97.5000,-97.5000,7012.2500,12598.2500,12598.2500
2018-02-07,"MA_Crossover(34,47)",6845.0000,6815.5000,1.0000,1.0000,-196.7500,-196.7500,6815.5000,12401.5000,12401.5000
2018-02-08,"MA_Crossover(34,47)",6811.2500,6781.7500,1.0000,1.0000,-33.7500,-33.7500,6781.7500,12367.7500,12367.7500
2018-02-09,"MA_Crossover(34,47)",6719.7500,6690.2500,1.0000,1.0000,-91.5000,-91.5000,6690.2500,12276.2500,12276.2500
2018-02-12,"MA_Crossover(34,47)",6795.0000,6765.5000,1.0000,1.0000,75.2500,75.2500,6765.5000,12351.5000,12351.5000
2018-02-13,"MA_Crossover(34,47)",6951.2500,6921.7500,1.0000,1.0000,156.2500,156.2500,6921.7500,12507.7500,12507.7500
2018-02-14,"MA_Crossover(34,47)",7125.7500,7096.2500,1.0000,1.0000,174.5000,174.5000,7096.2500,12682.2500,12682.2500
2018-02-15,"MA_Crossover(34,47)",7143.7500,7114.2500,1.0000,1.0000,18.0000,18.0000,7114.2500,12700.2500,12700.2500
2018-02-16,"MA_Crossover(34,47)",7192.0000,7162.5000,1.0000,1.0000,48.2500,48.2500,7162.5000,12748.5000,12748.5000
2018-02-19,"MA_Crossover(34,47)",7076.5000,7047.0000,1.0000,1.0000,-115.5000,-115.5000,7047.0000,12633.0000,12633.0000
2018-02-20,"MA_Crossover(34,47)",7063.2500,7032.0000,1.0000,1.0000,-15.0000,-15.0000,7032.0000,12618.0000,12618.0000
2018-02-21,"MA_Crossover(34,47)",7092.5000,7061.0000,-1.0000,1.0000,29.0000,29.0000,7061.0000,12647.0000,12647.0000
2018-02-22,"MA_Crossover(34,47)",7137.0000,7104.5000,-1.0000,-1.0000,43.5000,-43.5000,-7104.5000,12603.5000,12603.5000
2018-02-23,"MA_Crossover(34,47)",7069.2500,7023.7500,-1.0000,-1.0000,-80.7500,80.7500,-7023.7500,12684.2500,12684.2500
2018-02-26,"MA_Crossover(34,47)",7083.7500,7038.2500,-1.0000,-1.0000,14.5000,-14.5000,-7038.2500,12669.7500,12669.7500
2018-02-27,"MA_Crossover(34,47)",6993.2500,6947.7500,-1.0000,-1.0000,-90.5000,90.5000,-6947.7500,12760.2500,12760.2500
2018-02-28,"MA_Crossover(34,47)",6903.5000,6858.0000,-1.0000,-1.0000,-89.7500,89.7500,-6858.0000,12850.0000,12850.0000
2018-03-01,"MA_Crossover(34,47)",6894.5000,6849.0000,-1.0000,-1.0000,-9.0000,9.0000,-6849.0000,12859.0000,12859.0000
2018-03-02,"MA_Crossover(34,47)",6871.0000,6825.5000,-1.0000,-1.0000,-23.5000,23.5000,-6825.5000,12882.5000,12882.5000
2018-03-05,"MA_Crossover(34,47)",6880.7500,6835.2500,-1.0000,-1.0000,9.7500,-9.7500,-6835.2500,12872.7500,12872.7500
2018-03-06,"MA_Crossover(34,47)",6972.2500,6926.7500,-1.0000,-1.0000,91.5000,-91.5000,-6926.7500,12781.2500,12781.2500
2018-03-07,"MA_Crossover(34,47)",6916.7500,6871.2500,-1.0000,-1.0000,-55.5000,55.5000,-6871.2500,12836.7500,12836.7500
2018-03-08,"MA_Crossover(34,47)",6801.7500,6756.2500,-1.0000,-1.0000,-115.0000,115.0000,-6756.2500,12951.7500,12951.7500
2018-03-09,"MA_Crossover(34,47)",6934.0000,6888.5000,-1.0000,-1.0000,132.2500,-132.2500,-6888.5000,12819.5000,12819.5000
2018-03-12,"MA_Crossover(34,47)",6878.0000,6832.5000,-1.0000,-1.0000,-56.0000,56.0000,-6832.5000,12875.5000,12875.5000
2018-03-13,"MA_Crossover(34,47)",6913.2500,6867.7500,-1.0000,-1.0000,35.2500,-35.2500,-6867.7500,12840.2500,12840.2500
2018-03-14,"MA_Crossover(34,47)",6953.7500,6908.2500,-1.0000,-1.0000,40.5000,-40.5000,-6908.2500,12799.7500,12799.7500
2018-03-15,"MA_Crossover(34,47)",6884.0000,6838.5000,-1.0000,-1.0000,-69.7500,69.7500,-6838.5000,12869.5000,12869.5000
2018-03-16,"MA_Crossover(34,47)",6858.2500,6812.7500,-1.0000,-1.0000,-25.7500,25.7500,-6812.7500,12895.2500,12895.2500
2018-03-19,"MA_Crossover(34,47)",6819.5000,6774.0000,-1.0000,-1.0000,-38.7500,38.7500,-6774.0000,12934.0000,12934.0000
2018-03-20,"MA_Crossover(34,47)",6733.0000,6688.0000,-1.0000,-1.0000,-86.0000,86.0000,-6688.0000,13020.0000,13020.0000
2018-03-21,"MA_Crossover(34,47)",6772.5000,6728.5000,-1.0000,-1.0000,40.5000,-40.5000,-6728.5000,12979.5000,12979.5000
2018-03-22,"MA_Crossover(34,47)",6671.5000,6629.0000,-1.0000,-1.0000,-99.5000,99.5000,-6629.0000,13079.0000,13079.0000
2018-03-23,"MA_Crossover(34,47)",6637.7500,6582.7500,-1.0000,-1.0000,-46.2500,46.2500,-6582.7500,13125.2500,13125.2500
2018-03-26,"MA_Crossover(34,47)",6576.5000,6521.5000,-1.0000,-1.0000,-61.2500,61.2500,-6521.5000,13186.5000,13186.5000
2018-03-27,"MA_Crossover(34,47)",6623.5000,6568.5000,-1.0000,-1.0000,47.0000,-47.0000,-6568.5000,13139.5000,13139.5000
2018-03-28,"MA_Crossover(34,47)",6641.5000,6586.5000,-1.0000,-1.0000,18.0000,-18.0000,-6586.5000,13121.5000,13121.5000
2018-03-29,"MA_Crossover(34,47)",6690.2500,6635.2500,-1.0000,-1.0000,48.7500,-48.7500,-6635.2500,13072.7500,13072.7500
2018-04-03,"MA_Crossover(34,47)",6772.2500,6717.2500,-1.0000,-1.0000,82.0000,-82.0000,-6717.2500,12990.7500,12990.7500
2018-04-04,"MA_Crossover(34,47)",6699.7500,6644.7500,-1.0000,-1.0000,-72.5000,72.5000,-6644.7500,13063.2500,13063.2500
2018-04-05,"MA_Crossover(34,47)",6789.2500,6734.2500,-1.0000,-1.0000,89.5000,-89.5000,-6734.2500,12973.7500,12973.7500
2018-04-06,"MA_Crossover(34,47)",6738.0000,6683.0000,-1.0000,-1.0000,-51.2500,51.2500,-6683.0000,13025.0000,13025.0000
2018-04-09,"MA_Crossover(34,47)",6797.7500,6742.7500,-1.0000,-1.0000,59.7500,-59.7500,-6742.7500,12965.2500,12965.2500
2018-04-10,"MA_Crossover(34,47)",6914.7500,6859.7500,-1.0000,-1.0000,117.0000,-117.0000,-6859.7500,12848.2500,12848.2500
2018-04-11,"MA_Crossover(34,47)",6918.2500,6863.2500,-1.0000,-1.0000,3.5000,-3.5000,-6863.2500,12844.7500,12844.7500
2018-04-12,"MA_Crossover(34,47)",6789.2500,6734.2500,-1.0000,-1.0000,-129.0000,129.0000,-6734.2500,12973.7500,12973.7500
2018-04-13,"MA_Crossover(34,47)",6797.2500,6742.2500,-1.0000,-1.0000,8.0000,-8.0000,-6742.2500,12965.7500,12965.7500
2018-04-16,"MA_Crossover(34,47)",6876.2500,6821.2500,-1.0000,-1.0000,79.0000,-79.0000,-6821.2500,12886.7500,12886.7500
2018-04-17,"MA_Crossover(34,47)",6850.0000,6799.5000,-1.0000,-1.0000,-21.7500,21.7500,-6799.5000,12908.5000,12908.5000
2018-04-18,"MA_Crossover(34,47)",6998.2500,6946.5000,-1.0000,-1.0000,147.0000,-147.0000,-6946.5000,12761.5000,12761.5000
2018-04-19,"MA_Crossover(34,47)",6960.5000,6910.5000,-1.0000,-1.0000,-36.0000,36.0000,-6910.5000,12797.5000,12797.5000
2018-04-20,"MA_Crossover(34,47)",6968.5000,6903.5000,-1.0000,-1.0000,-7.0000,7.0000,-6903.5000,12804.5000,12804.5000
2018-04-23,"MA_Crossover(34,47)",6916.5000,6851.5000,-1.0000,-1.0000,-52.0000,52.0000,-6851.5000,12856.5000,12856.5000
2018-04-24,"MA_Crossover(34,47)",6986.5000,6921.5000,-1.0000,-1.0000,70.0000,-70.0000,-6921.5000,12786.5000,12786.5000
2018-04-25,"MA_Crossover(34,47)",6984.7500,6919.7500,-1.0000,-1.0000,-1.7500,1.7500,-6919.7500,12788.2500,12788.2500
2018-04-26,"MA_Crossover(34,47)",6940.5000,6875.5000,-1.0000,-1.0000,-44.2500,44.2500,-6875.5000,12832.5000,12832.5000
2018-04-27,"MA_Crossover(34,47)",6769.2500,6704.2500,-1.0000,-1.0000,-171.2500,171.2500,-6704.2500,13003.7500,13003.7500
2018-04-30,"MA_Crossover(34,47)",6779.0000,6714.0000,-1.0000,-1.0000,9.7500,-9.7500,-6714.0000,12994.0000,12994.0000
2018-05-01,"MA_Crossover(34,47)",6716.2500,6651.2500,-1.0000,-1.0000,-62.7500,62.7500,-6651.2500,13056.7500,13056.7500
2018-05-02,"MA_Crossover(34,47)",6792.5000,6727.5000,-1.0000,-1.0000,76.2500,-76.2500,-6727.5000,12980.5000,12980.5000
2018-05-03,"MA_Crossover(34,47)",6796.2500,6731.2500,-1.0000,-1.0000,3.7500,-3.7500,-6731.2500,12976.7500,12976.7500
2018-05-04,"MA_Crossover(34,47)",6794.5000,6729.5000,-1.0000,-1.0000,-1.7500,1.7500,-6729.5000,12978.5000,12978.5000
2018-05-08,"MA_Crossover(34,47)",6712.2500,6647.2500,-1.0000,-1.0000,-82.2500,82.2500,-6647.2500,13060.7500,13060.7500
2018-05-09,"MA_Crossover(34,47)",6778.0000,6713.0000,-1.0000,-1.0000,65.7500,-65.7500,-6713.0000,12995.0000,12995.0000
2018-05-10,"MA_Crossover(34,47)",6885.5000,6820.5000,-1.0000,-1.0000,107.5000,-107.5000,-6820.5000,12887.5000,12887.5000
2018-05-11,"MA_Crossover(34,47)",6909.2500,6844.2500,-1.0000,-1.0000,23.7500,-23.7500,-6844.2500,12863.7500,12863.7500
2018-05-14,"MA_Crossover(34,47)",6856.2500,6791.2500,-1.0000,-1.0000,-53.0000,53.0000,-6791.2500,12916.7500,12916.7500
2018-05-15,"MA_Crossover(34,47)",6786.0000,6725.5000,-1.0000,-1.0000,-65.7500,65.7500,-6725.5000,12982.5000,12982.5000
2018-05-16,"MA_Crossover(34,47)",6808.0000,6747.0000,1.0000,-1.0000,21.5000,-21.5000,-6747.0000,12961.0000,12961.0000
2018-05-17,"MA_Crossover(34,47)",6864.0000,6802.0000,1.0000,1.0000,55.0000,55.0000,6802.0000,13016.0000,13016.0000
2018-05-18,"MA_Crossover(34,47)",6837.2500,6765.2500,1.0000,1.0000,-36.7500,-36.7500,6765.2500,12979.2500,12979.2500
2018-05-21,"MA_Crossover(34,47)",6858.2500,6786.2500,1.0000,1.0000,21.0000,21.0000,6786.2500,13000.2500,13000.2500
2018-05-22,"MA_Crossover(34,47)",6963.5000,6891.5000,1.0000,1.0000,105.2500,105.2500,6891.5000,13105.5000,13105.5000
2018-05-23,"MA_Crossover(34,47)",6853.0000,6781.0000,1.0000,1.0000,-110.5000,-110.5000,6781.0000,12995.0000,12995.0000
2018-05-24,"MA_Crossover(34,47)",6866.0000,6794.0000,1.0000,1.0000,13.0000,13.0000,6794.0000,13008.0000,13008.0000
2018-05-25,"MA_Crossover(34,47)",6872.2500,6800.2500,1.0000,1.0000,6.2500,6.2500,6800.2500,13014.2500,13014.2500
2018-05-29,"MA_Crossover(34,47)",6852.0000,6780.0000,1.0000,1.0000,-20.2500,-20.2500,6780.0000,12994.0000,12994.0000
2018-05-30,"MA_Crossover(34,47)",6836.5000,6764.5000,1.0000,1.0000,-15.5000,-15.5000,6764.5000,12978.5000,12978.5000
2018-05-31,"MA_Crossover(34,47)",6847.5000,6775.5000,1.0000,1.0000,11.0000,11.0000,6775.5000,12989.5000,12989.5000
2018-06-01,"MA_Crossover(34,47)",6888.7500,6816.7500,1.0000,1.0000,41.2500,41.2500,6816.7500,13030.7500,13030.7500
2018-06-04,"MA_Crossover(34,47)",6978.7500,6906.7500,1.0000,1.0000,90.0000,90.0000,6906.7500,13120.7500,13120.7500
2018-06-05,"MA_Crossover(34,47)",7100.7500,7028.7500,1.0000,1.0000,122.0000,122.0000,7028.7500,13242.7500,13242.7500
2018-06-06,"MA_Crossover(34,47)",7216.2500,7144.2500,1.0000,1.0000,115.5000,115.5000,7144.2500,13358.2500,13358.2500
2018-06-07,"MA_Crossover(34,47)",7334.0000,7262.0000,1.0000,1.0000,117.7500,117.7500,7262.0000,13476.0000,13476.0000
2018-06-08,"MA_Crossover(34,47)",7326.5000,7254.5000,1.0000,1.0000,-7.5000,-7.5000,7254.5000,13468.5000,13468.5000
2018-06-11,"MA_Crossover(34,47)",7259.0000,7187.0000,1.0000,1.0000,-67.5000,-67.5000,7187.0000,13401.0000,13401.0000
2018-06-12,"MA_Crossover(34,47)",7213.5000,7141.5000,1.0000,1.0000,-45.5000,-45.5000,7141.5000,13355.5000,13355.5000
2018-06-13,"MA_Crossover(34,47)",7255.2500,7183.2500,1.0000,1.0000,41.7500,41.7500,7183.2500,13397.2500,13397.2500
2018-06-14,"MA_Crossover(34,47)",7174.5000,7102.5000,1.0000,1.0000,-80.7500,-80.7500,7102.5000,13316.5000,13316.5000
2018-06-15,"MA_Crossover(34,47)",7019.5000,6947.5000,1.0000,1.0000,-155.0000,-155.0000,6947.5000,13161.5000,13161.5000
2018-06-18,"MA_Crossover(34,47)",6971.0000,6899.0000,1.0000,1.0000,-48.5000,-48.5000,6899.0000,13113.0000,13113.0000
2018-06-19,"MA_Crossover(34,47)",6838.5000,6773.0000,1.0000,1.0000,-126.0000,-126.0000,6773.0000,12987.0000,12987.0000
2018-06-20,"MA_Crossover(34,47)",6774.7500,6708.7500,1.0000,1.0000,-64.2500,-64.2500,6708.7500,12922.7500,12922.7500
2018-06-21,"MA_Crossover(34,47)",6797.5000,6727.5000,1.0000,1.0000,18.7500,18.7500,6727.5000,12941.5000,12941.5000
2018-06-22,"MA_Crossover(34,47)",6798.5000,6737.0000,1.0000,1.0000,9.5000,9.5000,6737.0000,12951.0000,12951.0000
2018-06-25,"MA_Crossover(34,47)",6760.0000,6698.5000,1.0000,1.0000,-38.5000,-38.5000,6698.5000,12912.5000,12912.5000
2018-06-26,"MA_Crossover(34,47)",6727.5000,6666.0000,1.0000,1.0000,-32.5000,-32.5000,6666.0000,12880.0000,12880.0000
2018-06-27,"MA_Crossover(34,47)",6706.5000,6645.0000,1.0000,1.0000,-21.0000,-21.0000,6645.0000,12859.0000,12859.0000
2018-06-28,"MA_Crossover(34,47)",6640.5000,6579.0000,1.0000,1.0000,-66.0000,-66.0000,6579.0000,12793.0000,12793.0000
2018-06-29,"MA_Crossover(34,47)",6638.0000,6576.5000,1.0000,1.0000,-2.5000,-2.5000,6576.5000,12790.5000,12790.5000
2018-07-02,"MA_Crossover(34,47)",6536.0000,6474.5000,1.0000,1.0000,-102.0000,-102.0000,6474.5000,12688.5000,12688.5000
2018-07-03,"MA_Crossover(34,47)",6498.2500,6436.7500,1.0000,1.0000,-37.7500,-37.7500,6436.7500,12650.7500,12650.7500
2018-07-04,"MA_Crossover(34,47)",6396.7500,6335.2500,1.0000,1.0000,-101.5000,-101.5000,6335.2500,12549.2500,12549.2500
2018-07-05,"MA_Crossover(34,47)",6349.5000,6288.0000,1.0000,1.0000,-47.2500,-47.2500,6288.0000,12502.0000,12502.0000
2018-07-06,"MA_Crossover(34,47)",6284.0000,6222.5000,1.0000,1.0000,-65.5000,-65.5000,6222.5000,12436.5000,12436.5000
2018-07-09,"MA_Crossover(34,47)",6388.5000,6327.0000,1.0000,1.0000,104.5000,104.5000,6327.0000,12541.0000,12541.0000
2018-07-10,"MA_Crossover(34,47)",6326.5000,6265.0000,-1.0000,1.0000,-62.0000,-62.0000,6265.0000,12479.0000,12479.0000
2018-07-11,"MA_Crossover(34,47)",6135.0000,6073.5000,-1.0000,-1.0000,-191.5000,191.5000,-6073.5000,12670.5000,12670.5000
2018-07-12,"MA_Crossover(34,47)",6211.7500,6150.2500,-1.0000,-1.0000,76.7500,-76.7500,-6150.2500,12593.7500,12593.7500
2018-07-13,"MA_Crossover(34,47)",6217.5000,6156.0000,-1.0000,-1.0000,5.7500,-5.7500,-6156.0000,12588.0000,12588.0000
2018-07-16,"MA_Crossover(34,47)",6165.0000,6103.5000,-1.0000,-1.0000,-52.5000,52.5000,-6103.5000,12640.5000,12640.5000
2018-07-17,"MA_Crossover(34,47)",6134.0000,6072.5000,-1.0000,-1.0000,-31.0000,31.0000,-6072.5000,12671.5000,12671.5000
2018-07-18,"MA_Crossover(34,47)",6140.5000,6076.0000,-1.0000,-1.0000,3.5000,-3.5000,-6076.0000,12668.0000,12668.0000
2018-07-19,"MA_Crossover(34,47)",6053.5000,5990.5000,-1.0000,-1.0000,-85.5000,85.5000,-5990.5000,12753.5000,12753.5000
2018-07-20,"MA_Crossover(34,47)",6137.5000,6067.0000,-1.0000,-1.0000,76.5000,-76.5000,-6067.0000,12677.0000,12677.0000
2018-07-23,"MA_Crossover(34,47)",6114.7500,6044.2500,-1.0000,-1.0000,-22.7500,22.7500,-6044.2500,12699.7500,12699.7500
2018-07-24,"MA_Crossover(34,47)",6280.7500,6210.2500,-1.0000,-1.0000,166.0000,-166.0000,-6210.2500,12533.7500,12533.7500
2018-07-25,"MA_Crossover(34,47)",6275.0000,6204.5000,-1.0000,-1.0000,-5.7500,5.7500,-6204.5000,12539.5000,12539.5000
2018-07-26,"MA_Crossover(34,47)",6276.5000,6206.0000,-1.0000,-1.0000,1.5000,-1.5000,-6206.0000,12538.0000,12538.0000
2018-07-27,"MA_Crossover(34,47)",6285.2500,6214.7500,-1.0000,-1.0000,8.7500,-8.7500,-6214.7500,12529.2500,12529.2500
2018-07-30,"MA_Crossover(34,47)",6234.0000,6163.5000,-1.0000,-1.0000,-51.2500,51.2500,-6163.5000,12580.5000,12580.5000
2018-07-31,"MA_Crossover(34,47)",6287.7500,6217.2500,-1.0000,-1.0000,53.7500,-53.7500,-6217.2500,12526.7500,12526.7500
2018-08-01,"MA_Crossover(34,47)",6155.0000,6084.5000,-1.0000,-1.0000,-132.7500,132.7500,-6084.5000,12659.5000,12659.5000
2018-08-02,"MA_Crossover(34,47)",6118.5000,6048.0000,-1.0000,-1.0000,-36.5000,36.5000,-6048.0000,12696.0000,12696.0000
2018-08-03,"MA_Crossover(34,47)",6185.2500,6114.7500,-1.0000,-1.0000,66.7500,-66.7500,-6114.7500,12629.2500,12629.2500
2018-08-06,"MA_Crossover(34,47)",6110.0000,6039.5000,-1.0000,-1.0000,-75.2500,75.2500,-6039.5000,12704.5000,12704.5000
2018-08-07,"MA_Crossover(34,47)",6149.2500,6078.7500,-1.0000,-1.0000,39.2500,-39.2500,-6078.7500,12665.2500,12665.2500
2018-08-08,"MA_Crossover(34,47)",6148.5000,6078.0000,-1.0000,-1.0000,-0.7500,0.7500,-6078.0000,12666.0000,12666.0000
2018-08-09,"MA_Crossover(34,47)",6200.2500,6129.7500,-1.0000,-1.0000,51.7500,-51.7500,-6129.7500,12614.2500,12614.2500
2018-08-10,"MA_Crossover(34,47)",6161.2500,6090.7500,-1.0000,-1.0000,-39.0000,39.0000,-6090.7500,12653.2500,12653.2500
2018-08-13,"MA_Crossover(34,47)",6123.2500,6052.7500,-1.0000,-1.0000,-38.0000,38.0000,-6052.7500,12691.2500,12691.2500
2018-08-14,"MA_Crossover(34,47)",6028.5000,5948.5000,-1.0000,-1.0000,-104.2500,104.2500,-5948.5000,12795.5000,12795.5000
2018-08-15,"MA_Crossover(34,47)",5785.0000,5705.0000,-1.0000,-1.0000,-243.5000,243.5000,-5705.0000,13039.0000,13039.0000
2018-08-16,"MA_Crossover(34,47)",5924.0000,5843.0000,-1.0000,-1.0000,138.0000,-138.0000,-5843.0000,12901.0000,12901.0000
2018-08-17,"MA_Crossover(34,47)",5911.5000,5823.5000,-1.0000,-1.0000,-19.5000,19.5000,-5823.5000,12920.5000,12920.5000
2018-08-20,"MA_Crossover(34,47)",5981.5000,5893.5000,-1.0000,-1.0000,70.0000,-70.0000,-5893.5000,12850.5000,12850.5000
2018-08-21,"MA_Crossover(34,47)",6035.0000,5947.0000,-1.0000,-1.0000,53.5000,-53.5000,-5947.0000,12797.0000,12797.0000
2018-08-22,"MA_Crossover(34,47)",5997.0000,5909.0000,-1.0000,-1.0000,-38.0000,38.0000,-5909.0000,12835.0000,12835.0000
2018-08-23,"MA_Crossover(34,47)",5979.0000,5891.0000,-1.0000,-1.0000,-18.0000,18.0000,-5891.0000,12853.0000,12853.0000
2018-08-24,"MA_Crossover(34,47)",6102.0000,6014.0000,-1.0000,-1.0000,123.0000,-123.0000,-6014.0000,12730.0000,12730.0000
2018-08-28,"MA_Crossover(34,47)",6143.5000,6055.5000,-1.0000,-1.0000,41.5000,-41.5000,-6055.5000,12688.5000,12688.5000
2018-08-29,"MA_Crossover(34,47)",6081.0000,5993.0000,-1.0000,-1.0000,-62.5000,62.5000,-5993.0000,12751.0000,12751.0000
2018-08-30,"MA_Crossover(34,47)",6066.5000,5978.5000,-1.0000,-1.0000,-14.5000,14.5000,-5978.5000,12765.5000,12765.5000
2018-08-31,"MA_Crossover(34,47)",5974.0000,5886.0000,-1.0000,-1.0000,-92.5000,92.5000,-5886.0000,12858.0000,12858.0000
2018-09-03,"MA_Crossover(34,47)",5957.0000,5869.0000,-1.0000,-1.0000,-17.0000,17.0000,-5869.0000,12875.0000,12875.0000
2018-09-04,"MA_Crossover(34,47)",5806.0000,5718.0000,-1.0000,-1.0000,-151.0000,151.0000,-5718.0000,13026.0000,13026.0000
2018-09-05,"MA_Crossover(34,47)",5862.7500,5774.7500,-1.0000,-1.0000,56.7500,-56.7500,-5774.7500,12969.2500,12969.2500
2018-09-06,"MA_Crossover(34,47)",5911.0000,5823.0000,-1.0000,-1.0000,48.2500,-48.2500,-5823.0000,12921.0000,12921.0000
2018-09-07,"MA_Crossover(34,47)",5919.5000,5831.5000,-1.0000,-1.0000,8.5000,-8.5000,-5831.5000,12912.5000,12912.5000
2018-09-10,"MA_Crossover(34,47)",5896.5000,5808.5000,-1.0000,-1.0000,-23.0000,23.0000,-5808.5000,12935.5000,12935.5000
2018-09-11,"MA_Crossover(34,47)",5847.2500,5759.2500,-1.0000,-1.0000,-49.2500,49.2500,-5759.2500,12984.7500,12984.7500
2018-09-12,"MA_Crossover(34,47)",5984.0000,5896.0000,-1.0000,-1.0000,136.7500,-136.7500,-5896.0000,12848.0000,12848.0000
2018-09-13,"MA_Crossover(34,47)",6014.5000,5926.5000,-1.0000,-1.0000,30.5000,-30.5000,-5926.5000,12817.5000,12817.5000
2018-09-14,"MA_Crossover(34,47)",5951.0000,5863.0000,-1.0000,-1.0000,-63.5000,63.5000,-5863.0000,12881.0000,12881.0000
2018-09-17,"MA_Crossover(34,47)",5920.0000,5832.0000,-1.0000,-1.0000,-31.0000,31.0000,-5832.0000,12912.0000,12912.0000
2018-09-18,"MA_Crossover(34,47)",6077.5000,5982.7500,-1.0000,-1.0000,150.7500,-150.7500,-5982.7500,12761.2500,12761.2500
2018-09-19,"MA_Crossover(34,47)",6110.0000,6016.7500,-1.0000,-1.0000,34.0000,-34.0000,-6016.7500,12727.2500,12727.2500
2018-09-20,"MA_Crossover(34,47)",6078.0000,5982.7500,-1.0000,-1.0000,-34.0000,34.0000,-5982.7500,12761.2500,12761.2500
2018-09-21,"MA_Crossover(34,47)",6373.5000,6273.2500,-1.0000,-1.0000,290.5000,-290.5000,-6273.2500,12470.7500,12470.7500
2018-09-24,"MA_Crossover(34,47)",6355.5000,6255.2500,-1.0000,-1.0000,-18.0000,18.0000,-6255.2500,12488.7500,12488.7500
2018-09-25,"MA_Crossover(34,47)",6319.7500,6219.5000,-1.0000,-1.0000,-35.7500,35.7500,-6219.5000,12524.5000,12524.5000
2018-09-26,"MA_Crossover(34,47)",6278.0000,6177.7500,-1.0000,-1.0000,-41.7500,41.7500,-6177.7500,12566.2500,12566.2500
2018-09-27,"MA_Crossover(34,47)",6185.0000,6084.7500,-1.0000,-1.0000,-93.0000,93.0000,-6084.7500,12659.2500,12659.2500
2018-09-28,"MA_Crossover(34,47)",6260.5000,6160.2500,-1.0000,-1.0000,75.5000,-75.5000,-6160.2500,12583.7500,12583.7500
2018-10-01,"MA_Crossover(34,47)",6255.5000,6155.2500,-1.0000,-1.0000,-5.0000,5.0000,-6155.2500,12588.7500,12588.7500
2018-10-02,"MA_Crossover(34,47)",6291.0000,6190.7500,-1.0000,-1.0000,35.5000,-35.5000,-6190.7500,12553.2500,12553.2500
2018-10-03,"MA_Crossover(34,47)",6266.5000,6166.2500,-1.0000,-1.0000,-24.5000,24.5000,-6166.2500,12577.7500,12577.7500
2018-10-04,"MA_Crossover(34,47)",6291.0000,6190.7500,-1.0000,-1.0000,24.5000,-24.5000,-6190.7500,12553.2500,12553.2500
2018-10-05,"MA_Crossover(34,47)",6171.0000,6070.7500,1.0000,-1.0000,-120.0000,120.0000,-6070.7500,12673.2500,12673.2500
2018-10-08,"MA_Crossover(34,47)",6178.2500,6078.0000,1.0000,1.0000,7.2500,7.2500,6078.0000,12680.5000,12680.5000
2018-10-09,"MA_Crossover(34,47)",6303.5000,6203.2500,1.0000,1.0000,125.2500,125.2500,6203.2500,12805.7500,12805.7500
2018-10-10,"MA_Crossover(34,47)",6254.5000,6154.2500,1.0000,1.0000,-49.0000,-49.0000,6154.2500,12756.7500,12756.7500
2018-10-11,"MA_Crossover(34,47)",6259.2500,6159.0000,1.0000,1.0000,4.7500,4.7500,6159.0000,12761.5000,12761.5000
2018-10-12,"MA_Crossover(34,47)",6318.5000,6218.2500,1.0000,1.0000,59.2500,59.2500,6218.2500,12820.7500,12820.7500
2018-10-15,"MA_Crossover(34,47)",6303.0000,6202.7500,1.0000,1.0000,-15.5000,-15.5000,6202.7500,12805.2500,12805.2500
2018-10-16,"MA_Crossover(34,47)",6212.2500,6113.5000,1.0000,1.0000,-89.2500,-89.2500,6113.5000,12716.0000,12716.0000
2018-10-17,"MA_Crossover(34,47)",6222.0000,6121.2500,1.0000,1.0000,7.7500,7.7500,6121.2500,12723.7500,12723.7500
2018-10-18,"MA_Crossover(34,47)",6160.5000,6060.2500,1.0000,1.0000,-61.0000,-61.0000,6060.2500,12662.7500,12662.7500
2018-10-19,"MA_Crossover(34,47)",6229.0000,6126.7500,1.0000,1.0000,66.5000,66.5000,6126.7500,12729.2500,12729.2500
2018-10-22,"MA_Crossover(34,47)",6247.7500,6145.5000,1.0000,1.0000,18.7500,18.7500,6145.5000,12748.0000,12748.0000
2018-10-23,"MA_Crossover(34,47)",6198.5000,6096.2500,1.0000,1.0000,-49.2500,-49.2500,6096.2500,12698.7500,12698.7500
2018-10-24,"MA_Crossover(34,47)",6186.0000,6083.7500,1.0000,1.0000,-12.5000,-12.5000,6083.7500,12686.2500,12686.2500
2018-10-25,"MA_Crossover(34,47)",6238.0000,6135.7500,1.0000,1.0000,52.0000,52.0000,6135.7500,12738.2500,12738.2500
2018-10-26,"MA_Crossover(34,47)",6179.0000,6076.7500,1.0000,1.0000,-59.0000,-59.0000,6076.7500,12679.2500,12679.2500
2018-10-29,"MA_Crossover(34,47)",6172.5000,6070.2500,1.0000,1.0000,-6.5000,-6.5000,6070.2500,12672.7500,12672.7500
2018-10-30,"MA_Crossover(34,47)",6051.5000,5949.2500,1.0000,1.0000,-121.0000,-121.0000,5949.2500,12551.7500,12551.7500
2018-10-31,"MA_Crossover(34,47)",6006.5000,5904.2500,1.0000,1.0000,-45.0000,-45.0000,5904.2500,12506.7500,12506.7500
2018-11-01,"MA_Crossover(34,47)",6102.0000,5999.7500,1.0000,1.0000,95.5000,95.5000,5999.7500,12602.2500,12602.2500
2018-11-02,"MA_Crossover(34,47)",6299.0000,6196.7500,1.0000,1.0000,197.0000,197.0000,6196.7500,12799.2500,12799.2500
2018-11-05,"MA_Crossover(34,47)",6202.5000,6100.2500,1.0000,1.0000,-96.5000,-96.5000,6100.2500,12702.7500,12702.7500
2018-11-06,"MA_Crossover(34,47)",6177.0000,6074.7500,1.0000,1.0000,-25.5000,-25.5000,6074.7500,12677.2500,12677.2500
2018-11-07,"MA_Crossover(34,47)",6166.0000,6063.7500,1.0000,1.0000,-11.0000,-11.0000,6063.7500,12666.2500,12666.2500
2018-11-08,"MA_Crossover(34,47)",6170.5000,6068.2500,1.0000,1.0000,4.5000,4.5000,6068.2500,12670.7500,12670.7500
2018-11-09,"MA_Crossover(34,47)",6075.5000,5973.2500,1.0000,1.0000,-95.0000,-95.0000,5973.2500,12575.7500,12575.7500
2018-11-12,"MA_Crossover(34,47)",6071.2500,5969.0000,1.0000,1.0000,-4.2500,-4.2500,5969.0000,12571.5000,12571.5000
2018-11-13,"MA_Crossover(34,47)",6091.5000,5989.2500,1.0000,1.0000,20.2500,20.2500,5989.2500,12591.7500,12591.7500
2018-11-14,"MA_Crossover(34,47)",6110.0000,6007.7500,1.0000,1.0000,18.5000,18.5000,6007.7500,12610.2500,12610.2500
2018-11-15,"MA_Crossover(34,47)",6199.0000,6096.7500,1.0000,1.0000,89.0000,89.0000,6096.7500,12699.2500,12699.2500
2018-11-16,"MA_Crossover(34,47)",6224.0000,6121.7500,1.0000,1.0000,25.0000,25.0000,6121.7500,12724.2500,12724.2500
2018-11-19,"MA_Crossover(34,47)",6292.5000,6190.2500,1.0000,1.0000,68.5000,68.5000,6190.2500,12792.7500,12792.7500
2018-11-20,"MA_Crossover(34,47)",6198.0000,6105.7500,-1.0000,1.0000,-84.5000,-84.5000,6105.7500,12708.2500,12708.2500
2018-11-21,"MA_Crossover(34,47)",6256.0000,6161.7500,-1.0000,-1.0000,56.0000,-56.0000,-6161.7500,12652.2500,12652.2500
2018-11-22,"MA_Crossover(34,47)",6275.2500,6182.0000,-1.0000,-1.0000,20.2500,-20.2500,-6182.0000,12632.0000,12632.0000
2018-11-23,"MA_Crossover(34,47)",6227.2500,6143.0000,-1.0000,-1.0000,-39.0000,39.0000,-6143.0000,12671.0000,12671.0000
2018-11-26,"MA_Crossover(34,47)",6212.0000,6127.7500,-1.0000,-1.0000,-15.2500,15.2500,-6127.7500,12686.2500,12686.2500
2018-11-27,"MA_Crossover(34,47)",6146.2500,6062.0000,-1.0000,-1.0000,-65.7500,65.7500,-6062.0000,12752.0000,12752.0000
2018-11-28,"MA_Crossover(34,47)",6229.0000,6144.7500,-1.0000,-1.0000,82.7500,-82.7500,-6144.7500,12669.2500,12669.2500
2018-11-29,"MA_Crossover(34,47)",6241.5000,6157.2500,-1.0000,-1.0000,12.5000,-12.5000,-6157.2500,12656.7500,12656.7500
2018-11-30,"MA_Crossover(34,47)",6227.0000,6142.7500,-1.0000,-1.0000,-14.5000,14.5000,-6142.7500,12671.2500,12671.2500
2018-12-03,"MA_Crossover(34,47)",6320.5000,6236.2500,-1.0000,-1.0000,93.5000,-93.5000,-6236.2500,12577.7500,12577.7500
2018-12-04,"MA_Crossover(34,47)",6220.5000,6136.2500,-1.0000,-1.0000,-100.0000,100.0000,-6136.2500,12677.7500,12677.7500
2018-12-05,"MA_Crossover(34,47)",6184.5000,6100.2500,-1.0000,-1.0000,-36.0000,36.0000,-6100.2500,12713.7500,12713.7500
2018-12-06,"MA_Crossover(34,47)",6086.5000,6002.2500,-1.0000,-1.0000,-98.0000,98.0000,-6002.2500,12811.7500,12811.7500
2018-12-07,"MA_Crossover(34,47)",6157.0000,6072.7500,-1.0000,-1.0000,70.5000,-70.5000,-6072.7500,12741.2500,12741.2500
2018-12-10,"MA_Crossover(34,47)",6095.0000,6010.7500,-1.0000,-1.0000,-62.0000,62.0000,-6010.7500,12803.2500,12803.2500
2018-12-11,"MA_Crossover(34,47)",6175.5000,6091.2500,-1.0000,-1.0000,80.5000,-80.5000,-6091.2500,12722.7500,12722.7500
2018-12-12,"MA_Crossover(34,47)",6148.2500,6064.0000,-1.0000,-1.0000,-27.2500,27.2500,-6064.0000,12750.0000,12750.0000
2018-12-13,"MA_Crossover(34,47)",6159.5000,6075.2500,-1.0000,-1.0000,11.2500,-11.2500,-6075.2500,12738.7500,12738.7500
2018-12-14,"MA_Crossover(34,47)",6128.7500,6044.5000,-1.0000,-1.0000,-30.7500,30.7500,-6044.5000,12769.5000,12769.5000
2018-12-17,"MA_Crossover(34,47)",6095.5000,6011.2500,-1.0000,-1.0000,-33.2500,33.2500,-6011.2500,12802.7500,12802.7500
2018-12-18,"MA_Crossover(34,47)",5958.7500,5866.0000,-1.0000,-1.0000,-145.2500,145.2500,-5866.0000,12948.0000,12948.0000
2018-12-19,"MA_Crossover(34,47)",6007.5000,5914.2500,1.0000,-1.0000,48.2500,-48.2500,-5914.2500,12899.7500,12899.7500
2018-12-20,"MA_Crossover(34,47)",5992.5000,5900.7500,-1.0000,1.0000,-13.5000,-13.5000,5900.7500,12886.2500,12886.2500
2018-12-21,"MA_Crossover(34,47)",5982.5000,5883.2500,-1.0000,-1.0000,-17.5000,17.5000,-5883.2500,12903.7500,12903.7500
2018-12-24,"MA_Crossover(34,47)",5946.2500,5847.0000,-1.0000,-1.0000,-36.2500,36.2500,-5847.0000,12940.0000,12940.0000
2018-12-27,"MA_Crossover(34,47)",5980.0000,5880.7500,-1.0000,-1.0000,33.7500,-33.7500,-5880.7500,12906.2500,12906.2500
2018-12-28,"MA_Crossover(34,47)",5995.5000,5896.2500,-1.0000,-1.0000,15.5000,-15.5000,-5896.2500,12890.7500,12890.7500
2018-12-31,"MA_Crossover(34,47)",5960.5000,5861.2500,-1.0000,-1.0000,-35.0000,35.0000,-5861.2500,12925.7500,12925.7500
2019-01-02,"MA_Crossover(34,47)",5830.5000,5731.2500,-1.0000,-1.0000,-130.0000,130.0000,-5731.2500,13055.7500,13055.7500
2019-01-03,"MA_Crossover(34,47)",5723.2500,5624.0000,-1.0000,-1.0000,-107.2500,107.2500,-5624.0000,13163.0000,13163.0000
2019-01-04,"MA_Crossover(34,47)",5905.7500,5806.5000,-1.0000,-1.0000,182.5000,-182.5000,-5806.5000,12980.5000,12980.5000
2019-01-07,"MA_Crossover(34,47)",5912.0000,5812.7500,-1.0000,-1.0000,6.2500,-6.2500,-5812.7500,12974.2500,12974.2500
2019-01-08,"MA_Crossover(34,47)",5892.0000,5792.7500,-1.0000,-1.0000,-20.0000,20.0000,-5792.7500,12994.2500,12994.2500
2019-01-09,"MA_Crossover(34,47)",5940.7500,5841.5000,-1.0000,-1.0000,48.7500,-48.7500,-5841.5000,12945.5000,12945.5000
2019-01-10,"MA_Crossover(34,47)",5908.2500,5809.0000,-1.0000,-1.0000,-32.5000,32.5000,-5809.0000,12978.0000,12978.0000
2019-01-11,"MA_Crossover(34,47)",5920.7500,5821.5000,-1.0000,-1.0000,12.5000,-12.5000,-5821.5000,12965.5000,12965.5000
2019-01-14,"MA_Crossover(34,47)",5867.0000,5767.7500,-1.0000,-1.0000,-53.7500,53.7500,-5767.7500,13019.2500,13019.2500
2019-01-15,"MA_Crossover(34,47)",5907.0000,5796.2500,-1.0000,-1.0000,28.5000,-28.5000,-5796.2500,12990.7500,12990.7500
2019-01-16,"MA_Crossover(34,47)",5959.2500,5847.2500,-1.0000,-1.0000,51.0000,-51.0000,-5847.2500,12939.7500,12939.7500
2019-01-17,"MA_Crossover(34,47)",5981.7500,5870.7500,-1.0000,-1.0000,23.5000,-23.5000,-5870.7500,12916.2500,12916.2500
2019-01-18,"MA_Crossover(34,47)",6046.0000,5930.2500,-1.0000,-1.0000,59.5000,-59.5000,-5930.2500,12856.7500,12856.7500
2019-01-21,"MA_Crossover(34,47)",5969.0000,5853.2500,-1.0000,-1.0000,-77.0000,77.0000,-5853.2500,12933.7500,12933.7500
2019-01-22,"MA_Crossover(34,47)",5921.5000,5805.7500,-1.0000,-1.0000,-47.5000,47.5000,-5805.7500,12981.2500,12981.2500
2019-01-23,"MA_Crossover(34,47)",5935.7500,5820.0000,-1.0000,-1.0000,14.2500,-14.2500,-5820.0000,12967.0000,12967.0000
2019-01-24,"MA_Crossover(34,47)",5905.0000,5789.2500,-1.0000,-1.0000,-30.7500,30.7500,-5789.2500,12997.7500,12997.7500
2019-01-25,"MA_Crossover(34,47)",6045.5000,5929.7500,-1.0000,-1.0000,140.5000,-140.5000,-5929.7500,12857.2500,12857.2500
2019-01-28,"MA_Crossover(34,47)",5988.5000,5872.7500,-1.0000,-1.0000,-57.0000,57.0000,-5872.7500,12914.2500,12914.2500
2019-01-29,"MA_Crossover(34,47)",6040.5000,5924.7500,-1.0000,-1.0000,52.0000,-52.0000,-5924.7500,12862.2500,12862.2500
2019-01-30,"MA_Crossover(34,47)",6127.2500,6011.5000,-1.0000,-1.0000,86.7500,-86.7500,-6011.5000,12775.5000,12775.5000
2019-01-31,"MA_Crossover(34,47)",6159.2500,6043.5000,-1.0000,-1.0000,32.0000,-32.0000,-6043.5000,12743.5000,12743.5000
2019-02-01,"MA_Crossover(34,47)",6125.7500,6010.0000,-1.0000,-1.0000,-33.5000,33.5000,-6010.0000,12777.0000,12777.0000
2019-02-04,"MA_Crossover(34,47)",6157.5000,6041.7500,-1.0000,-1.0000,31.7500,-31.7500,-6041.7500,12745.2500,12745.2500
2019-02-05,"MA_Crossover(34,47)",6223.5000,6107.7500,-1.0000,-1.0000,66.0000,-66.0000,-6107.7500,12679.2500,12679.2500
2019-02-06,"MA_Crossover(34,47)",6269.0000,6153.2500,-1.0000,-1.0000,45.5000,-45.5000,-6153.2500,12633.7500,12633.7500
2019-02-07,"MA_Crossover(34,47)",6234.0000,6118.2500,-1.0000,-1.0000,-35.0000,35.0000,-6118.2500,12668.7500,12668.7500
2019-02-08,"MA_Crossover(34,47)",6196.2500,6080.5000,-1.0000,-1.0000,-37.7500,37.7500,-6080.5000,12706.5000,12706.5000
2019-02-11,"MA_Crossover(34,47)",6139.2500,6023.5000,-1.0000,-1.0000,-57.0000,57.0000,-6023.5000,12763.5000,12763.5000
2019-02-12,"MA_Crossover(34,47)",6094.7500,5979.0000,-1.0000,-1.0000,-44.5000,44.5000,-5979.0000,12808.0000,12808.0000
2019-02-13,"MA_Crossover(34,47)",6123.5000,6007.7500,-1.0000,-1.0000,28.7500,-28.7500,-6007.7500,12779.2500,12779.2500
2019-02-14,"MA_Crossover(34,47)",6137.2500,6021.5000,-1.0000,-1.0000,13.7500,-13.7500,-6021.5000,12765.5000,12765.5000
2019-02-15,"MA_Crossover(34,47)",6193.0000,6077.2500,-1.0000,-1.0000,55.7500,-55.7500,-6077.2500,12709.7500,12709.7500
2019-02-18,"MA_Crossover(34,47)",6333.0000,6217.2500,-1.0000,-1.0000,140.0000,-140.0000,-6217.2500,12569.7500,12569.7500
2019-02-19,"MA_Crossover(34,47)",6331.0000,6248.2500,1.0000,-1.0000,31.0000,-31.0000,-6248.2500,12538.7500,12538.7500
2019-02-20,"MA_Crossover(34,47)",6423.0000,6336.2500,1.0000,1.0000,88.0000,88.0000,6336.2500,12626.7500,12626.7500
2019-02-21,"MA_Crossover(34,47)",6396.5000,6310.2500,1.0000,1.0000,-26.0000,-26.0000,6310.2500,12600.7500,12600.7500
2019-02-22,"MA_Crossover(34,47)",6504.0000,6428.2500,1.0000,1.0000,118.0000,118.0000,6428.2500,12718.7500,12718.7500
2019-02-25,"MA_Crossover(34,47)",6502.5000,6426.7500,1.0000,1.0000,-1.5000,-1.5000,6426.7500,12717.2500,12717.2500
2019-02-26,"MA_Crossover(34,47)",6511.5000,6435.7500,1.0000,1.0000,9.0000,9.0000,6435.7500,12726.2500,12726.2500
2019-02-27,"MA_Crossover(34,47)",6531.0000,6455.2500,1.0000,1.0000,19.5000,19.5000,6455.2500,12745.7500,12745.7500
2019-02-28,"MA_Crossover(34,47)",6530.5000,6454.7500,1.0000,1.0000,-0.5000,-0.5000,6454.7500,12745.2500,12745.2500
2019-03-01,"MA_Crossover(34,47)",6502.0000,6426.2500,1.0000,1.0000,-28.5000,-28.5000,6426.2500,12716.7500,12716.7500
2019-03-04,"MA_Crossover(34,47)",6432.0000,6356.2500,1.0000,1.0000,-70.0000,-70.0000,6356.2500,12646.7500,12646.7500
2019-03-05,"MA_Crossover(34,47)",6506.0000,6430.2500,1.0000,1.0000,74.0000,74.0000,6430.2500,12720.7500,12720.7500
2019-03-06,"MA_Crossover(34,47)",6481.5000,6405.7500,1.0000,1.0000,-24.5000,-24.5000,6405.7500,12696.2500,12696.2500
2019-03-07,"MA_Crossover(34,47)",6442.0000,6366.2500,1.0000,1.0000,-39.5000,-39.5000,6366.2500,12656.7500,12656.7500
2019-03-08,"MA_Crossover(34,47)",6412.0000,6336.2500,1.0000,1.0000,-30.0000,-30.0000,6336.2500,12626.7500,12626.7500
2019-03-11,"MA_Crossover(34,47)",6427.0000,6351.2500,1.0000,1.0000,15.0000,15.0000,6351.2500,12641.7500,12641.7500
2019-03-12,"MA_Crossover(34,47)",6493.0000,6417.2500,1.0000,1.0000,66.0000,66.0000,6417.2500,12707.7500,12707.7500
2019-03-13,"MA_Crossover(34,47)",6497.5000,6421.7500,1.0000,1.0000,4.5000,4.5000,6421.7500,12712.2500,12712.2500
2019-03-14,"MA_Crossover(34,47)",6417.5000,6341.7500,1.0000,1.0000,-80.0000,-80.0000,6341.7500,12632.2500,12632.2500
2019-03-15,"MA_Crossover(34,47)",6446.5000,6370.7500,1.0000,1.0000,29.0000,29.0000,6370.7500,12661.2500,12661.2500
2019-03-18,"MA_Crossover(34,47)",6458.0000,6382.2500,1.0000,1.0000,11.5000,11.5000,6382.2500,12672.7500,12672.7500
2019-03-19,"MA_Crossover(34,47)",6458.0000,6414.2500,1.0000,1.0000,32.0000,32.0000,6414.2500,12704.7500,12704.7500
2019-03-20,"MA_Crossover(34,47)",6463.5000,6416.2500,1.0000,1.0000,2.0000,2.0000,6416.2500,12706.7500,12706.7500
2019-03-21,"MA_Crossover(34,47)",6423.0000,6378.7500,1.0000,1.0000,-37.5000,-37.5000,6378.7500,12669.2500,12669.2500
2019-03-22,"MA_Crossover(34,47)",6310.5000,6266.7500,1.0000,1.0000,-112.0000,-112.0000,6266.7500,12557.2500,12557.2500
2019-03-25,"MA_Crossover(34,47)",6336.0000,6292.2500,1.0000,1.0000,25.5000,25.5000,6292.2500,12582.7500,12582.7500
2019-03-26,"MA_Crossover(34,47)",6335.5000,6291.7500,1.0000,1.0000,-0.5000,-0.5000,6291.7500,12582.2500,12582.2500
2019-03-27,"MA_Crossover(34,47)",6337.0000,6293.2500,1.0000,1.0000,1.5000,1.5000,6293.2500,12583.7500,12583.7500
2019-03-28,"MA_Crossover(34,47)",6365.0000,6321.2500,1.0000,1.0000,28.0000,28.0000,6321.2500,12611.7500,12611.7500
2019-03-29,"MA_Crossover(34,47)",6488.5000,6444.7500,1.0000,1.0000,123.5000,123.5000,6444.7500,12735.2500,12735.2500
2019-04-01,"MA_Crossover(34,47)",6468.0000,6424.2500,1.0000,1.0000,-20.5000,-20.5000,6424.2500,12714.7500,12714.7500
2019-04-02,"MA_Crossover(34,47)",6419.5000,6375.7500,1.0000,1.0000,-48.5000,-48.5000,6375.7500,12666.2500,12666.2500
2019-04-03,"MA_Crossover(34,47)",6489.5000,6445.7500,1.0000,1.0000,70.0000,70.0000,6445.7500,12736.2500,12736.2500
2019-04-04,"MA_Crossover(34,47)",6443.7500,6400.0000,1.0000,1.0000,-45.7500,-45.7500,6400.0000,12690.5000,12690.5000
2019-04-05,"MA_Crossover(34,47)",6392.2500,6348.5000,1.0000,1.0000,-51.5000,-51.5000,6348.5000,12639.0000,12639.0000
2019-04-08,"MA_Crossover(34,47)",6465.7500,6422.0000,1.0000,1.0000,73.5000,73.5000,6422.0000,12712.5000,12712.5000
2019-04-09,"MA_Crossover(34,47)",6481.2500,6437.5000,1.0000,1.0000,15.5000,15.5000,6437.5000,12728.0000,12728.0000
2019-04-10,"MA_Crossover(34,47)",6452.5000,6408.7500,1.0000,1.0000,-28.7500,-28.7500,6408.7500,12699.2500,12699.2500
2019-04-11,"MA_Crossover(34,47)",6391.5000,6347.7500,1.0000,1.0000,-61.0000,-61.0000,6347.7500,12638.2500,12638.2500
2019-04-12,"MA_Crossover(34,47)",6464.5000,6420.7500,1.0000,1.0000,73.0000,73.0000,6420.7500,12711.2500,12711.2500
2019-04-15,"MA_Crossover(34,47)",6452.0000,6408.2500,1.0000,1.0000,-12.5000,-12.5000,6408.2500,12698.7500,12698.7500
2019-04-16,"MA_Crossover(34,47)",6483.5000,6430.7500,1.0000,1.0000,22.5000,22.5000,6430.7500,12721.2500,12721.2500
2019-04-17,"MA_Crossover(34,47)",6545.7500,6493.2500,1.0000,1.0000,62.5000,62.5000,6493.2500,12783.7500,12783.7500
2019-04-18,"MA_Crossover(34,47)",6467.7500,6415.0000,1.0000,1.0000,-78.2500,-78.2500,6415.0000,12705.5000,12705.5000
2019-04-23,"MA_Crossover(34,47)",6399.2500,6340.5000,1.0000,1.0000,-74.5000,-74.5000,6340.5000,12631.0000,12631.0000
2019-04-24,"MA_Crossover(34,47)",6446.7500,6388.0000,-1.0000,1.0000,47.5000,47.5000,6388.0000,12678.5000,12678.5000
2019-04-25,"MA_Crossover(34,47)",6359.5000,6300.7500,-1.0000,-1.0000,-87.2500,87.2500,-6300.7500,12765.7500,12765.7500
2019-04-26,"MA_Crossover(34,47)",6396.7500,6338.0000,-1.0000,-1.0000,37.2500,-37.2500,-6338.0000,12728.5000,12728.5000
2019-04-29,"MA_Crossover(34,47)",6391.5000,6332.7500,-1.0000,-1.0000,-5.2500,5.2500,-6332.7500,12733.7500,12733.7500
2019-04-30,"MA_Crossover(34,47)",6412.7500,6354.0000,-1.0000,-1.0000,21.2500,-21.2500,-6354.0000,12712.5000,12712.5000
2019-05-01,"MA_Crossover(34,47)",6223.2500,6164.5000,-1.0000,-1.0000,-189.5000,189.5000,-6164.5000,12902.0000,12902.0000
2019-05-02,"MA_Crossover(34,47)",6156.0000,6097.2500,-1.0000,-1.0000,-67.2500,67.2500,-6097.2500,12969.2500,12969.2500
2019-05-03,"MA_Crossover(34,47)",6227.2500,6168.5000,-1.0000,-1.0000,71.2500,-71.2500,-6168.5000,12898.0000,12898.0000
2019-05-07,"MA_Crossover(34,47)",6166.7500,6108.0000,-1.0000,-1.0000,-60.5000,60.5000,-6108.0000,12958.5000,12958.5000
2019-05-08,"MA_Crossover(34,47)",6131.7500,6073.0000,-1.0000,-1.0000,-35.0000,35.0000,-6073.0000,12993.5000,12993.5000
2019-05-09,"MA_Crossover(34,47)",6090.0000,6031.2500,-1.0000,-1.0000,-41.7500,41.7500,-6031.2500,13035.2500,13035.2500
2019-05-10,"MA_Crossover(34,47)",6109.0000,6050.2500,-1.0000,-1.0000,19.0000,-19.0000,-6050.2500,13016.2500,13016.2500
2019-05-13,"MA_Crossover(34,47)",5986.5000,5927.7500,-1.0000,-1.0000,-122.5000,122.5000,-5927.7500,13138.7500,13138.7500
2019-05-14,"MA_Crossover(34,47)",6014.5000,5946.2500,-1.0000,-1.0000,18.5000,-18.5000,-5946.2500,13120.2500,13120.2500
2019-05-15,"MA_Crossover(34,47)",6074.2500,6006.2500,-1.0000,-1.0000,60.0000,-60.0000,-6006.2500,13060.2500,13060.2500
2019-05-16,"MA_Crossover(34,47)",6089.0000,6022.2500,-1.0000,-1.0000,16.0000,-16.0000,-6022.2500,13044.2500,13044.2500
2019-05-17,"MA_Crossover(34,47)",6046.0000,5972.7500,-1.0000,-1.0000,-49.5000,49.5000,-5972.7500,13093.7500,13093.7500
2019-05-20,"MA_Crossover(34,47)",6017.2500,5944.0000,-1.0000,-1.0000,-28.7500,28.7500,-5944.0000,13122.5000,13122.5000
2019-05-21,"MA_Crossover(34,47)",5983.0000,5909.7500,-1.0000,-1.0000,-34.2500,34.2500,-5909.7500,13156.7500,13156.7500
2019-05-22,"MA_Crossover(34,47)",5915.0000,5841.7500,-1.0000,-1.0000,-68.0000,68.0000,-5841.7500,13224.7500,13224.7500
2019-05-23,"MA_Crossover(34,47)",5913.5000,5840.2500,-1.0000,-1.0000,-1.5000,1.5000,-5840.2500,13226.2500,13226.2500
2019-05-24,"MA_Crossover(34,47)",5944.0000,5870.7500,-1.0000,-1.0000,30.5000,-30.5000,-5870.7500,13195.7500,13195.7500
2019-05-28,"MA_Crossover(34,47)",5952.0000,5878.7500,-1.0000,-1.0000,8.0000,-8.0000,-5878.7500,13187.7500,13187.7500
2019-05-29,"MA_Crossover(34,47)",5870.5000,5797.2500,-1.0000,-1.0000,-81.5000,81.5000,-5797.2500,13269.2500,13269.2500
2019-05-30,"MA_Crossover(34,47)",5836.0000,5762.7500,-1.0000,-1.0000,-34.5000,34.5000,-5762.7500,13303.7500,13303.7500
2019-05-31,"MA_Crossover(34,47)",5820.0000,5746.7500,-1.0000,-1.0000,-16.0000,16.0000,-5746.7500,13319.7500,13319.7500
2019-06-03,"MA_Crossover(34,47)",5828.0000,5754.7500,-1.0000,-1.0000,8.0000,-8.0000,-5754.7500,13311.7500,13311.7500
2019-06-04,"MA_Crossover(34,47)",5865.2500,5792.0000,-1.0000,-1.0000,37.2500,-37.2500,-5792.0000,13274.5000,13274.5000
2019-06-05,"MA_Crossover(34,47)",5794.0000,5720.7500,-1.0000,-1.0000,-71.2500,71.2500,-5720.7500,13345.7500,13345.7500
2019-06-06,"MA_Crossover(34,47)",5797.7500,5724.5000,-1.0000,-1.0000,3.7500,-3.7500,-5724.5000,13342.0000,13342.0000
2019-06-07,"MA_Crossover(34,47)",5784.2500,5711.0000,-1.0000,-1.0000,-13.5000,13.5000,-5711.0000,13355.5000,13355.5000
2019-06-10,"MA_Crossover(34,47)",5864.2500,5791.0000,-1.0000,-1.0000,80.0000,-80.0000,-5791.0000,13275.5000,13275.5000
2019-06-11,"MA_Crossover(34,47)",5860.5000,5787.2500,-1.0000,-1.0000,-3.7500,3.7500,-5787.2500,13279.2500,13279.2500
2019-06-12,"MA_Crossover(34,47)",5828.0000,5754.7500,-1.0000,-1.0000,-32.5000,32.5000,-5754.7500,13311.7500,13311.7500
2019-06-13,"MA_Crossover(34,47)",5832.5000,5759.2500,-1.0000,-1.0000,4.5000,-4.5000,-5759.2500,13307.2500,13307.2500
2019-06-14,"MA_Crossover(34,47)",5798.5000,5725.2500,-1.0000,-1.0000,-34.0000,34.0000,-5725.2500,13341.2500,13341.2500
2019-06-17,"MA_Crossover(34,47)",5818.0000,5744.7500,-1.0000,-1.0000,19.5000,-19.5000,-5744.7500,13321.7500,13321.7500
2019-06-18,"MA_Crossover(34,47)",5943.0000,5854.0000,-1.0000,-1.0000,109.2500,-109.2500,-5854.0000,13212.5000,13212.5000
2019-06-19,"MA_Crossover(34,47)",5914.0000,5826.0000,-1.0000,-1.0000,-28.0000,28.0000,-5826.0000,13240.5000,13240.5000
2019-06-20,"MA_Crossover(34,47)",5971.5000,5882.7500,-1.0000,-1.0000,56.7500,-56.7500,-5882.7500,13183.7500,13183.7500
2019-06-21,"MA_Crossover(34,47)",5967.5000,5876.0000,-1.0000,-1.0000,-6.7500,6.7500,-5876.0000,13190.5000,13190.5000
2019-06-24,"MA_Crossover(34,47)",5953.7500,5862.2500,-1.0000,-1.0000,-13.7500,13.7500,-5862.2500,13204.2500,13204.2500
2019-06-25,"MA_Crossover(34,47)",6039.5000,5948.0000,-1.0000,-1.0000,85.7500,-85.7500,-5948.0000,13118.5000,13118.5000
2019-06-26,"MA_Crossover(34,47)",5985.0000,5893.5000,-1.0000,-1.0000,-54.5000,54.5000,-5893.5000,13173.0000,13173.0000
2019-06-27,"MA_Crossover(34,47)",5985.5000,5894.0000,-1.0000,-1.0000,0.5000,-0.5000,-5894.0000,13172.5000,13172.5000
2019-06-28,"MA_Crossover(34,47)",5992.0000,5900.5000,-1.0000,-1.0000,6.5000,-6.5000,-5900.5000,13166.0000,13166.0000
2019-07-01,"MA_Crossover(34,47)",5947.7500,5856.2500,-1.0000,-1.0000,-44.2500,44.2500,-5856.2500,13210.2500,13210.2500
2019-07-02,"MA_Crossover(34,47)",5878.0000,5786.5000,-1.0000,-1.0000,-69.7500,69.7500,-5786.5000,13280.0000,13280.0000
2019-07-03,"MA_Crossover(34,47)",5917.2500,5825.7500,-1.0000,-1.0000,39.2500,-39.2500,-5825.7500,13240.7500,13240.7500
2019-07-04,"MA_Crossover(34,47)",5915.5000,5824.0000,-1.0000,-1.0000,-1.7500,1.7500,-5824.0000,13242.5000,13242.5000
2019-07-05,"MA_Crossover(34,47)",5896.2500,5804.7500,-1.0000,-1.0000,-19.2500,19.2500,-5804.7500,13261.7500,13261.7500
2019-07-08,"MA_Crossover(34,47)",5879.2500,5787.7500,-1.0000,-1.0000,-17.0000,17.0000,-5787.7500,13278.7500,13278.7500
2019-07-09,"MA_Crossover(34,47)",5814.0000,5722.5000,-1.0000,-1.0000,-65.2500,65.2500,-5722.5000,13344.0000,13344.0000
2019-07-10,"MA_Crossover(34,47)",5933.0000,5841.5000,-1.0000,-1.0000,119.0000,-119.0000,-5841.5000,13225.0000,13225.0000
2019-07-11,"MA_Crossover(34,47)",5949.7500,5858.2500,-1.0000,-1.0000,16.7500,-16.7500,-5858.2500,13208.2500,13208.2500
2019-07-12,"MA_Crossover(34,47)",5929.5000,5838.0000,-1.0000,-1.0000,-20.2500,20.2500,-5838.0000,13228.5000,13228.5000
2019-07-15,"MA_Crossover(34,47)",5976.0000,5884.5000,-1.0000,-1.0000,46.5000,-46.5000,-5884.5000,13182.0000,13182.0000
2019-07-16,"MA_Crossover(34,47)",6003.0000,5918.5000,-1.0000,-1.0000,34.0000,-34.0000,-5918.5000,13148.0000,13148.0000
2019-07-17,"MA_Crossover(34,47)",5973.0000,5888.7500,-1.0000,-1.0000,-29.7500,29.7500,-5888.7500,13177.7500,13177.7500
2019-07-18,"MA_Crossover(34,47)",5977.0000,5893.0000,-1.0000,-1.0000,4.2500,-4.2500,-5893.0000,13173.5000,13173.5000
2019-07-19,"MA_Crossover(34,47)",6060.2500,5970.7500,-1.0000,-1.0000,77.7500,-77.7500,-5970.7500,13095.7500,13095.7500
2019-07-22,"MA_Crossover(34,47)",6009.0000,5919.5000,-1.0000,-1.0000,-51.2500,51.2500,-5919.5000,13147.0000,13147.0000
2019-07-23,"MA_Crossover(34,47)",5960.5000,5871.0000,1.0000,-1.0000,-48.5000,48.5000,-5871.0000,13195.5000,13195.5000
2019-07-24,"MA_Crossover(34,47)",5992.7500,5903.2500,1.0000,1.0000,32.2500,32.2500,5903.2500,13227.7500,13227.7500
2019-07-25,"MA_Crossover(34,47)",5999.0000,5909.5000,1.0000,1.0000,6.2500,6.2500,5909.5000,13234.0000,13234.0000
2019-07-26,"MA_Crossover(34,47)",5954.0000,5864.5000,1.0000,1.0000,-45.0000,-45.0000,5864.5000,13189.0000,13189.0000
2019-07-29,"MA_Crossover(34,47)",6011.0000,5921.5000,1.0000,1.0000,57.0000,57.0000,5921.5000,13246.0000,13246.0000
2019-07-30,"MA_Crossover(34,47)",5939.0000,5849.5000,1.0000,1.0000,-72.0000,-72.0000,5849.5000,13174.0000,13174.0000
2019-07-31,"MA_Crossover(34,47)",5916.2500,5826.7500,1.0000,1.0000,-22.7500,-22.7500,5826.7500,13151.2500,13151.2500
2019-08-01,"MA_Crossover(34,47)",5887.0000,5797.5000,1.0000,1.0000,-29.2500,-29.2500,5797.5000,13122.0000,13122.0000
2019-08-02,"MA_Crossover(34,47)",5715.2500,5625.7500,1.0000,1.0000,-171.7500,-171.7500,5625.7500,12950.2500,12950.2500
2019-08-05,"MA_Crossover(34,47)",5669.7500,5580.2500,1.0000,1.0000,-45.5000,-45.5000,5580.2500,12904.7500,12904.7500
2019-08-06,"MA_Crossover(34,47)",5667.2500,5577.7500,1.0000,1.0000,-2.5000,-2.5000,5577.7500,12902.2500,12902.2500
2019-08-07,"MA_Crossover(34,47)",5690.0000,5600.5000,1.0000,1.0000,22.7500,22.7500,5600.5000,12925.0000,12925.0000
2019-08-08,"MA_Crossover(34,47)",5783.2500,5693.7500,1.0000,1.0000,93.2500,93.2500,5693.7500,13018.2500,13018.2500
2019-08-09,"MA_Crossover(34,47)",5739.5000,5650.0000,1.0000,1.0000,-43.7500,-43.7500,5650.0000,12974.5000,12974.5000
2019-08-12,"MA_Crossover(34,47)",5722.2500,5632.7500,1.0000,1.0000,-17.2500,-17.2500,5632.7500,12957.2500,12957.2500
2019-08-13,"MA_Crossover(34,47)",5809.0000,5719.5000,-1.0000,1.0000,86.7500,86.7500,5719.5000,13044.0000,13044.0000
2019-08-14,"MA_Crossover(34,47)",5743.2500,5653.7500,-1.0000,-1.0000,-65.7500,65.7500,-5653.7500,13109.7500,13109.7500
2019-08-15,"MA_Crossover(34,47)",5728.7500,5639.2500,-1.0000,-1.0000,-14.5000,14.5000,-5639.2500,13124.2500,13124.2500
2019-08-16,"MA_Crossover(34,47)",5720.2500,5630.7500,-1.0000,-1.0000,-8.5000,8.5000,-5630.7500,13132.7500,13132.7500
2019-08-19,"MA_Crossover(34,47)",5745.5000,5656.0000,-1.0000,-1.0000,25.2500,-25.2500,-5656.0000,13107.5000,13107.5000
2019-08-20,"MA_Crossover(34,47)",5699.7500,5598.5000,-1.0000,-1.0000,-57.5000,57.5000,-5598.5000,13165.0000,13165.0000
2019-08-21,"MA_Crossover(34,47)",5724.2500,5622.0000,-1.0000,-1.0000,23.5000,-23.5000,-5622.0000,13141.5000,13141.5000
2019-08-22,"MA_Crossover(34,47)",5675.0000,5573.2500,-1.0000,-1.0000,-48.7500,48.7500,-5573.2500,13190.2500,13190.2500
2019-08-23,"MA_Crossover(34,47)",5626.0000,5518.5000,-1.0000,-1.0000,-54.7500,54.7500,-5518.5000,13245.0000,13245.0000
2019-08-27,"MA_Crossover(34,47)",5674.7500,5567.2500,-1.0000,-1.0000,48.7500,-48.7500,-5567.2500,13196.2500,13196.2500
2019-08-28,"MA_Crossover(34,47)",5686.0000,5578.5000,-1.0000,-1.0000,11.2500,-11.2500,-5578.5000,13185.0000,13185.0000
2019-08-29,"MA_Crossover(34,47)",5722.7500,5615.2500,-1.0000,-1.0000,36.7500,-36.7500,-5615.2500,13148.2500,13148.2500
2019-08-30,"MA_Crossover(34,47)",5668.2500,5560.7500,-1.0000,-1.0000,-54.5000,54.5000,-5560.7500,13202.7500,13202.7500
2019-09-02,"MA_Crossover(34,47)",5605.0000,5497.5000,-1.0000,-1.0000,-63.2500,63.2500,-5497.5000,13266.0000,13266.0000
2019-09-03,"MA_Crossover(34,47)",5595.5000,5488.0000,-1.0000,-1.0000,-9.5000,9.5000,-5488.0000,13275.5000,13275.5000
2019-09-04,"MA_Crossover(34,47)",5735.2500,5627.7500,-1.0000,-1.0000,139.7500,-139.7500,-5627.7500,13135.7500,13135.7500
2019-09-05,"MA_Crossover(34,47)",5833.0000,5725.5000,-1.0000,-1.0000,97.7500,-97.7500,-5725.5000,13038.0000,13038.0000
2019-09-06,"MA_Crossover(34,47)",5817.2500,5709.7500,-1.0000,-1.0000,-15.7500,15.7500,-5709.7500,13053.7500,13053.7500
2019-09-09,"MA_Crossover(34,47)",5797.0000,5689.5000,-1.0000,-1.0000,-20.2500,20.2500,-5689.5000,13074.0000,13074.0000
2019-09-10,"MA_Crossover(34,47)",5802.5000,5695.0000,-1.0000,-1.0000,5.5000,-5.5000,-5695.0000,13068.5000,13068.5000
2019-09-11,"MA_Crossover(34,47)",5744.7500,5637.2500,-1.0000,-1.0000,-57.7500,57.7500,-5637.2500,13126.2500,13126.2500
2019-09-12,"MA_Crossover(34,47)",5805.2500,5697.7500,-1.0000,-1.0000,60.5000,-60.5000,-5697.7500,13065.7500,13065.7500
2019-09-13,"MA_Crossover(34,47)",5950.2500,5842.7500,-1.0000,-1.0000,145.0000,-145.0000,-5842.7500,12920.7500,12920.7500
2019-09-16,"MA_Crossover(34,47)",5844.0000,5736.5000,-1.0000,-1.0000,-106.2500,106.2500,-5736.5000,13027.0000,13027.0000
2019-09-17,"MA_Crossover(34,47)",5806.5000,5694.0000,-1.0000,-1.0000,-42.5000,42.5000,-5694.0000,13069.5000,13069.5000
2019-09-18,"MA_Crossover(34,47)",5799.5000,5687.5000,-1.0000,-1.0000,-6.5000,6.5000,-5687.5000,13076.0000,13076.0000
2019-09-19,"MA_Crossover(34,47)",5776.5000,5663.5000,-1.0000,-1.0000,-24.0000,24.0000,-5663.5000,13100.0000,13100.0000
2019-09-20,"MA_Crossover(34,47)",5786.0000,5664.5000,-1.0000,-1.0000,1.0000,-1.0000,-5664.5000,13099.0000,13099.0000
2019-09-23,"MA_Crossover(34,47)",5764.7500,5643.2500,-1.0000,-1.0000,-21.2500,21.2500,-5643.2500,13120.2500,13120.2500
2019-09-24,"MA_Crossover(34,47)",5767.7500,5646.2500,-1.0000,-1.0000,3.0000,-3.0000,-5646.2500,13117.2500,13117.2500
2019-09-25,"MA_Crossover(34,47)",5771.0000,5649.5000,-1.0000,-1.0000,3.2500,-3.2500,-5649.5000,13114.0000,13114.0000
2019-09-26,"MA_Crossover(34,47)",5705.0000,5583.5000,-1.0000,-1.0000,-66.0000,66.0000,-5583.5000,13180.0000,13180.0000
2019-09-27,"MA_Crossover(34,47)",5748.7500,5627.2500,-1.0000,-1.0000,43.7500,-43.7500,-5627.2500,13136.2500,13136.2500
2019-09-30,"MA_Crossover(34,47)",5706.2500,5584.7500,-1.0000,-1.0000,-42.5000,42.5000,-5584.7500,13178.7500,13178.7500
2019-10-01,"MA_Crossover(34,47)",5665.2500,5543.7500,-1.0000,-1.0000,-41.0000,41.0000,-5543.7500,13219.7500,13219.7500
2019-10-02,"MA_Crossover(34,47)",5653.7500,5532.2500,-1.0000,-1.0000,-11.5000,11.5000,-5532.2500,13231.2500,13231.2500
2019-10-03,"MA_Crossover(34,47)",5636.2500,5514.7500,-1.0000,-1.0000,-17.5000,17.5000,-5514.7500,13248.7500,13248.7500
2019-10-04,"MA_Crossover(34,47)",5615.0000,5493.5000,-1.0000,-1.0000,-21.2500,21.2500,-5493.5000,13270.0000,13270.0000
2019-10-07,"MA_Crossover(34,47)",5691.5000,5570.0000,-1.0000,-1.0000,76.5000,-76.5000,-5570.0000,13193.5000,13193.5000
2019-10-08,"MA_Crossover(34,47)",5646.7500,5525.2500,1.0000,-1.0000,-44.7500,44.7500,-5525.2500,13238.2500,13238.2500
2019-10-09,"MA_Crossover(34,47)",5656.0000,5534.5000,1.0000,1.0000,9.2500,9.2500,5534.5000,13247.5000,13247.5000
2019-10-10,"MA_Crossover(34,47)",5750.2500,5628.7500,1.0000,1.0000,94.2500,94.2500,5628.7500,13341.7500,13341.7500
2019-10-11,"MA_Crossover(34,47)",5764.5000,5643.0000,1.0000,1.0000,14.2500,14.2500,5643.0000,13356.0000,13356.0000
2019-10-14,"MA_Crossover(34,47)",5786.2500,5664.7500,1.0000,1.0000,21.7500,21.7500,5664.7500,13377.7500,13377.7500
2019-10-15,"MA_Crossover(34,47)",5758.2500,5628.2500,1.0000,1.0000,-36.5000,-36.5000,5628.2500,13341.2500,13341.2500
2019-10-16,"MA_Crossover(34,47)",5716.7500,5586.7500,1.0000,1.0000,-41.5000,-41.5000,5586.7500,13299.7500,13299.7500
2019-10-17,"MA_Crossover(34,47)",5726.5000,5596.5000,1.0000,1.0000,9.7500,9.7500,5596.5000,13309.5000,13309.5000
2019-10-18,"MA_Crossover(34,47)",5794.7500,5655.2500,1.0000,1.0000,58.7500,58.7500,5655.2500,13368.2500,13368.2500
2019-10-21,"MA_Crossover(34,47)",5815.2500,5675.7500,1.0000,1.0000,20.5000,20.5000,5675.7500,13388.7500,13388.7500
2019-10-22,"MA_Crossover(34,47)",5803.0000,5663.5000,1.0000,1.0000,-12.2500,-12.2500,5663.5000,13376.5000,13376.5000
2019-10-23,"MA_Crossover(34,47)",5870.0000,5730.5000,1.0000,1.0000,67.0000,67.0000,5730.5000,13443.5000,13443.5000
2019-10-24,"MA_Crossover(34,47)",5870.0000,5730.5000,1.0000,1.0000,0.0000,0.0000,5730.5000,13443.5000,13443.5000
2019-10-25,"MA_Crossover(34,47)",5913.5000,5774.0000,1.0000,1.0000,43.5000,43.5000,5774.0000,13487.0000,13487.0000
2019-10-28,"MA_Crossover(34,47)",5894.2500,5754.7500,1.0000,1.0000,-19.2500,-19.2500,5754.7500,13467.7500,13467.7500
2019-10-29,"MA_Crossover(34,47)",5914.2500,5774.7500,1.0000,1.0000,20.0000,20.0000,5774.7500,13487.7500,13487.7500
2019-10-30,"MA_Crossover(34,47)",5891.7500,5752.2500,1.0000,1.0000,-22.5000,-22.5000,5752.2500,13465.2500,13465.2500
2019-10-31,"MA_Crossover(34,47)",5778.0000,5638.5000,1.0000,1.0000,-113.7500,-113.7500,5638.5000,13351.5000,13351.5000
2019-11-01,"MA_Crossover(34,47)",5834.2500,5694.7500,1.0000,1.0000,56.2500,56.2500,5694.7500,13407.7500,13407.7500
2019-11-04,"MA_Crossover(34,47)",5861.2500,5721.7500,-1.0000,1.0000,27.0000,27.0000,5721.7500,13434.7500,13434.7500
2019-11-05,"MA_Crossover(34,47)",5923.0000,5783.5000,-1.0000,-1.0000,61.7500,-61.7500,-5783.5000,13373.0000,13373.0000
2019-11-06,"MA_Crossover(34,47)",5897.5000,5758.0000,-1.0000,-1.0000,-25.5000,25.5000,-5758.0000,13398.5000,13398.5000
2019-11-07,"MA_Crossover(34,47)",5972.0000,5832.5000,-1.0000,-1.0000,74.5000,-74.5000,-5832.5000,13324.0000,13324.0000
2019-11-08,"MA_Crossover(34,47)",5917.2500,5777.7500,-1.0000,-1.0000,-54.7500,54.7500,-5777.7500,13378.7500,13378.7500
2019-11-11,"MA_Crossover(34,47)",5865.2500,5725.7500,-1.0000,-1.0000,-52.0000,52.0000,-5725.7500,13430.7500,13430.7500
2019-11-12,"MA_Crossover(34,47)",5849.0000,5709.5000,-1.0000,-1.0000,-16.2500,16.2500,-5709.5000,13447.0000,13447.0000
2019-11-13,"MA_Crossover(34,47)",5814.5000,5675.0000,1.0000,-1.0000,-34.5000,34.5000,-5675.0000,13481.5000,13481.5000
2019-11-14,"MA_Crossover(34,47)",5789.2500,5649.7500,1.0000,1.0000,-25.2500,-25.2500,5649.7500,13456.2500,13456.2500
2019-11-15,"MA_Crossover(34,47)",5826.2500,5686.7500,1.0000,1.0000,37.0000,37.0000,5686.7500,13493.2500,13493.2500
2019-11-18,"MA_Crossover(34,47)",5815.0000,5675.5000,1.0000,1.0000,-11.2500,-11.2500,5675.5000,13482.0000,13482.0000
2019-11-19,"MA_Crossover(34,47)",5865.2500,5727.2500,1.0000,1.0000,51.7500,51.7500,5727.2500,13533.7500,13533.7500
2019-11-20,"MA_Crossover(34,47)",5870.0000,5730.5000,1.0000,1.0000,3.2500,3.2500,5730.5000,13537.0000,13537.0000
2019-11-21,"MA_Crossover(34,47)",5823.2500,5684.5000,1.0000,1.0000,-46.0000,-46.0000,5684.5000,13491.0000,13491.0000
2019-11-22,"MA_Crossover(34,47)",5850.5000,5707.0000,1.0000,1.0000,22.5000,22.5000,5707.0000,13513.5000,13513.5000
2019-11-25,"MA_Crossover(34,47)",5863.2500,5719.7500,1.0000,1.0000,12.7500,12.7500,5719.7500,13526.2500,13526.2500
2019-11-26,"MA_Crossover(34,47)",5917.7500,5774.2500,1.0000,1.0000,54.5000,54.5000,5774.2500,13580.7500,13580.7500
2019-11-27,"MA_Crossover(34,47)",5937.5000,5794.0000,1.0000,1.0000,19.7500,19.7500,5794.0000,13600.5000,13600.5000
2019-11-28,"MA_Crossover(34,47)",5881.2500,5737.7500,1.0000,1.0000,-56.2500,-56.2500,5737.7500,13544.2500,13544.2500
2019-11-29,"MA_Crossover(34,47)",5853.2500,5709.7500,1.0000,1.0000,-28.0000,-28.0000,5709.7500,13516.2500,13516.2500
2019-12-02,"MA_Crossover(34,47)",5871.0000,5727.5000,1.0000,1.0000,17.7500,17.7500,5727.5000,13534.0000,13534.0000
2019-12-03,"MA_Crossover(34,47)",5798.2500,5654.7500,1.0000,1.0000,-72.7500,-72.7500,5654.7500,13461.2500,13461.2500
2019-12-04,"MA_Crossover(34,47)",5866.0000,5722.5000,1.0000,1.0000,67.7500,67.7500,5722.5000,13529.0000,13529.0000
2019-12-05,"MA_Crossover(34,47)",5866.0000,5722.5000,1.0000,1.0000,0.0000,0.0000,5722.5000,13529.0000,13529.0000
2019-12-06,"MA_Crossover(34,47)",5968.0000,5824.5000,1.0000,1.0000,102.0000,102.0000,5824.5000,13631.0000,13631.0000
2019-12-09,"MA_Crossover(34,47)",6052.2500,5908.7500,1.0000,1.0000,84.2500,84.2500,5908.7500,13715.2500,13715.2500
2019-12-10,"MA_Crossover(34,47)",6075.0000,5931.5000,1.0000,1.0000,22.7500,22.7500,5931.5000,13738.0000,13738.0000
2019-12-11,"MA_Crossover(34,47)",6131.0000,5987.5000,1.0000,1.0000,56.0000,56.0000,5987.5000,13794.0000,13794.0000
2019-12-12,"MA_Crossover(34,47)",6131.7500,5988.2500,1.0000,1.0000,0.7500,0.7500,5988.2500,13794.7500,13794.7500
2019-12-13,"MA_Crossover(34,47)",6106.7500,5963.2500,1.0000,1.0000,-25.0000,-25.0000,5963.2500,13769.7500,13769.7500
2019-12-16,"MA_Crossover(34,47)",6193.0000,6049.5000,1.0000,1.0000,86.2500,86.2500,6049.5000,13856.0000,13856.0000
2019-12-17,"MA_Crossover(34,47)",6184.5000,6058.2500,1.0000,1.0000,8.7500,8.7500,6058.2500,13864.7500,13864.7500
2019-12-18,"MA_Crossover(34,47)",6159.7500,6032.5000,1.0000,1.0000,-25.7500,-25.7500,6032.5000,13839.0000,13839.0000
2019-12-19,"MA_Crossover(34,47)",6204.5000,6076.5000,1.0000,1.0000,44.0000,44.0000,6076.5000,13883.0000,13883.0000
2019-12-20,"MA_Crossover(34,47)",6164.0000,6028.0000,1.0000,1.0000,-48.5000,-48.5000,6028.0000,13834.5000,13834.5000
2019-12-23,"MA_Crossover(34,47)",6177.0000,6041.0000,1.0000,1.0000,13.0000,13.0000,6041.0000,13847.5000,13847.5000
2019-12-24,"MA_Crossover(34,47)",6202.2500,6066.2500,1.0000,1.0000,25.2500,25.2500,6066.2500,13872.7500,13872.7500
2019-12-27,"MA_Crossover(34,47)",6200.5000,6064.5000,1.0000,1.0000,-1.7500,-1.7500,6064.5000,13871.0000,13871.0000
2019-12-30,"MA_Crossover(34,47)",6206.0000,6070.0000,1.0000,1.0000,5.5000,5.5000,6070.0000,13876.5000,13876.5000
2019-12-31,"MA_Crossover(34,47)",6158.5000,6022.5000,1.0000,1.0000,-47.5000,-47.5000,6022.5000,13829.0000,13829.0000
2020-01-02,"MA_Crossover(34,47)",6170.2500,6034.2500,1.0000,1.0000,11.7500,11.7500,6034.2500,13840.7500,13840.7500
2020-01-03,"MA_Crossover(34,47)",6109.7500,5973.7500,1.0000,1.0000,-60.5000,-60.5000,5973.7500,13780.2500,13780.2500
2020-01-06,"MA_Crossover(34,47)",6120.5000,5984.5000,1.0000,1.0000,10.7500,10.7500,5984.5000,13791.0000,13791.0000
2020-01-07,"MA_Crossover(34,47)",6132.5000,5996.5000,1.0000,1.0000,12.0000,12.0000,5996.5000,13803.0000,13803.0000
2020-01-08,"MA_Crossover(34,47)",6157.0000,6021.0000,1.0000,1.0000,24.5000,24.5000,6021.0000,13827.5000,13827.5000
2020-01-09,"MA_Crossover(34,47)",6154.0000,6018.0000,1.0000,1.0000,-3.0000,-3.0000,6018.0000,13824.5000,13824.5000
2020-01-10,"MA_Crossover(34,47)",6173.0000,6037.0000,1.0000,1.0000,19.0000,19.0000,6037.0000,13843.5000,13843.5000
2020-01-13,"MA_Crossover(34,47)",6265.2500,6129.2500,1.0000,1.0000,92.2500,92.2500,6129.2500,13935.7500,13935.7500
2020-01-14,"MA_Crossover(34,47)",6288.0000,6148.5000,1.0000,1.0000,19.2500,19.2500,6148.5000,13955.0000,13955.0000
2020-01-15,"MA_Crossover(34,47)",6272.5000,6133.2500,1.0000,1.0000,-15.2500,-15.2500,6133.2500,13939.7500,13939.7500
2020-01-16,"MA_Crossover(34,47)",6267.5000,6126.7500,1.0000,1.0000,-6.5000,-6.5000,6126.7500,13933.2500,13933.2500
2020-01-17,"MA_Crossover(34,47)",6263.2500,6115.7500,1.0000,1.0000,-11.0000,-11.0000,6115.7500,13922.2500,13922.2500
2020-01-20,"MA_Crossover(34,47)",6248.2500,6100.7500,1.0000,1.0000,-15.0000,-15.0000,6100.7500,13907.2500,13907.2500
2020-01-21,"MA_Crossover(34,47)",6146.0000,5998.5000,1.0000,1.0000,-102.2500,-102.2500,5998.5000,13805.0000,13805.0000
2020-01-22,"MA_Crossover(34,47)",6091.7500,5944.2500,1.0000,1.0000,-54.2500,-54.2500,5944.2500,13750.7500,13750.7500
2020-01-23,"MA_Crossover(34,47)",5971.0000,5823.5000,1.0000,1.0000,-120.7500,-120.7500,5823.5000,13630.0000,13630.0000
2020-01-24,"MA_Crossover(34,47)",5914.2500,5766.7500,1.0000,1.0000,-56.7500,-56.7500,5766.7500,13573.2500,13573.2500
2020-01-27,"MA_Crossover(34,47)",5730.0000,5582.5000,1.0000,1.0000,-184.2500,-184.2500,5582.5000,13389.0000,13389.0000
2020-01-28,"MA_Crossover(34,47)",5689.5000,5542.0000,1.0000,1.0000,-40.5000,-40.5000,5542.0000,13348.5000,13348.5000
2020-01-29,"MA_Crossover(34,47)",5626.2500,5478.7500,1.0000,1.0000,-63.2500,-63.2500,5478.7500,13285.2500,13285.2500
2020-01-30,"MA_Crossover(34,47)",5576.7500,5429.2500,1.0000,1.0000,-49.5000,-49.5000,5429.2500,13235.7500,13235.7500
2020-01-31,"MA_Crossover(34,47)",5556.7500,5409.2500,1.0000,1.0000,-20.0000,-20.0000,5409.2500,13215.7500,13215.7500
2020-02-03,"MA_Crossover(34,47)",5508.0000,5360.5000,1.0000,1.0000,-48.7500,-48.7500,5360.5000,13167.0000,13167.0000
2020-02-04,"MA_Crossover(34,47)",5600.5000,5453.0000,1.0000,1.0000,92.5000,92.5000,5453.0000,13259.5000,13259.5000
2020-02-05,"MA_Crossover(34,47)",5708.5000,5561.0000,1.0000,1.0000,108.0000,108.0000,5561.0000,13367.5000,13367.5000
2020-02-06,"MA_Crossover(34,47)",5724.2500,5576.7500,1.0000,1.0000,15.7500,15.7500,5576.7500,13383.2500,13383.2500
2020-02-07,"MA_Crossover(34,47)",5649.7500,5502.2500,-1.0000,1.0000,-74.5000,-74.5000,5502.2500,13308.7500,13308.7500
2020-02-10,"MA_Crossover(34,47)",5655.5000,5508.0000,-1.0000,-1.0000,5.7500,-5.7500,-5508.0000,13303.0000,13303.0000
2020-02-11,"MA_Crossover(34,47)",5733.2500,5585.7500,-1.0000,-1.0000,77.7500,-77.7500,-5585.7500,13225.2500,13225.2500
2020-02-12,"MA_Crossover(34,47)",5750.0000,5602.5000,-1.0000,-1.0000,16.7500,-16.7500,-5602.5000,13208.5000,13208.5000
2020-02-13,"MA_Crossover(34,47)",5772.7500,5625.2500,-1.0000,-1.0000,22.7500,-22.7500,-5625.2500,13185.7500,13185.7500
2020-02-14,"MA_Crossover(34,47)",5751.2500,5603.7500,-1.0000,-1.0000,-21.5000,21.5000,-5603.7500,13207.2500,13207.2500
2020-02-17,"MA_Crossover(34,47)",5796.7500,5649.2500,-1.0000,-1.0000,45.5000,-45.5000,-5649.2500,13161.7500,13161.7500
2020-02-18,"MA_Crossover(34,47)",5761.2500,5610.7500,-1.0000,-1.0000,-38.5000,38.5000,-5610.7500,13200.2500,13200.2500
2020-02-19,"MA_Crossover(34,47)",5760.2500,5608.7500,-1.0000,-1.0000,-2.0000,2.0000,-5608.7500,13202.2500,13202.2500
2020-02-20,"MA_Crossover(34,47)",5719.5000,5567.5000,-1.0000,-1.0000,-41.2500,41.2500,-5567.5000,13243.5000,13243.5000
2020-02-21,"MA_Crossover(34,47)",5757.7500,5603.2500,-1.0000,-1.0000,35.7500,-35.7500,-5603.2500,13207.7500,13207.7500
2020-02-24,"MA_Crossover(34,47)",5677.7500,5523.2500,-1.0000,-1.0000,-80.0000,80.0000,-5523.2500,13287.7500,13287.7500
2020-02-25,"MA_Crossover(34,47)",5674.7500,5520.2500,-1.0000,-1.0000,-3.0000,3.0000,-5520.2500,13290.7500,13290.7500
2020-02-26,"MA_Crossover(34,47)",5659.2500,5504.7500,-1.0000,-1.0000,-15.5000,15.5000,-5504.7500,13306.2500,13306.2500
2020-02-27,"MA_Crossover(34,47)",5609.7500,5455.2500,-1.0000,-1.0000,-49.5000,49.5000,-5455.2500,13355.7500,13355.7500
2020-02-28,"MA_Crossover(34,47)",5629.0000,5474.5000,-1.0000,-1.0000,19.2500,-19.2500,-5474.5000,13336.5000,13336.5000
2020-03-02,"MA_Crossover(34,47)",5692.0000,5537.5000,-1.0000,-1.0000,63.0000,-63.0000,-5537.5000,13273.5000,13273.5000
2020-03-03,"MA_Crossover(34,47)",5656.2500,5501.7500,-1.0000,-1.0000,-35.7500,35.7500,-5501.7500,13309.2500,13309.2500
2020-03-04,"MA_Crossover(34,47)",5672.0000,5517.5000,-1.0000,-1.0000,15.7500,-15.7500,-5517.5000,13293.5000,13293.5000
2020-03-05,"MA_Crossover(34,47)",5660.7500,5506.2500,-1.0000,-1.0000,-11.2500,11.2500,-5506.2500,13304.7500,13304.7500
2020-03-06,"MA_Crossover(34,47)",5594.0000,5439.5000,-1.0000,-1.0000,-66.7500,66.7500,-5439.5000,13371.5000,13371.5000
2020-03-09,"MA_Crossover(34,47)",5526.0000,5371.5000,-1.0000,-1.0000,-68.0000,68.0000,-5371.5000,13439.5000,13439.5000
2020-03-10,"MA_Crossover(34,47)",5559.2500,5404.7500,-1.0000,-1.0000,33.2500,-33.2500,-5404.7500,13406.2500,13406.2500
2020-03-11,"MA_Crossover(34,47)",5522.7500,5368.2500,-1.0000,-1.0000,-36.5000,36.5000,-5368.2500,13442.7500,13442.7500
2020-03-12,"MA_Crossover(34,47)",5425.2500,5270.7500,-1.0000,-1.0000,-97.5000,97.5000,-5270.7500,13540.2500,13540.2500
2020-03-13,"MA_Crossover(34,47)",5448.2500,5293.7500,-1.0000,-1.0000,23.0000,-23.0000,-5293.7500,13517.2500,13517.2500
2020-03-16,"MA_Crossover(34,47)",5276.0000,5121.5000,-1.0000,-1.0000,-172.2500,172.2500,-5121.5000,13689.5000,13689.5000
2020-03-17,"MA_Crossover(34,47)",5132.5000,4982.0000,-1.0000,-1.0000,-139.5000,139.5000,-4982.0000,13829.0000,13829.0000
2020-03-18,"MA_Crossover(34,47)",4731.5000,4582.2500,-1.0000,-1.0000,-399.7500,399.7500,-4582.2500,14228.7500,14228.7500
2020-03-19,"MA_Crossover(34,47)",4814.2500,4664.2500,-1.0000,-1.0000,82.0000,-82.0000,-4664.2500,14146.7500,14146.7500
2020-03-20,"MA_Crossover(34,47)",4802.2500,4645.2500,-1.0000,-1.0000,-19.0000,19.0000,-4645.2500,14165.7500,14165.7500
2020-03-23,"MA_Crossover(34,47)",4621.7500,4464.7500,-1.0000,-1.0000,-180.5000,180.5000,-4464.7500,14346.2500,14346.2500
2020-03-24,"MA_Crossover(34,47)",4808.5000,4651.5000,-1.0000,-1.0000,186.7500,-186.7500,-4651.5000,14159.5000,14159.5000
2020-03-25,"MA_Crossover(34,47)",4848.1500,4691.1500,-1.0000,-1.0000,39.6500,-39.6500,-4691.1500,14119.8500,14119.8500
2020-03-26,"MA_Crossover(34,47)",4794.7500,4637.7500,-1.0000,-1.0000,-53.4000,53.4000,-4637.7500,14173.2500,14173.2500
2020-03-27,"MA_Crossover(34,47)",4784.5000,4627.5000,-1.0000,-1.0000,-10.2500,10.2500,-4627.5000,14183.5000,14183.5000
2020-03-30,"MA_Crossover(34,47)",4762.5000,4605.5000,-1.0000,-1.0000,-22.0000,22.0000,-4605.5000,14205.5000,14205.5000
2020-03-31,"MA_Crossover(34,47)",4943.2500,4786.2500,-1.0000,-1.0000,180.7500,-180.7500,-4786.2500,14024.7500,14024.7500
2020-04-01,"MA_Crossover(34,47)",4791.2500,4634.2500,-1.0000,-1.0000,-152.0000,152.0000,-4634.2500,14176.7500,14176.7500
2020-04-02,"MA_Crossover(34,47)",4884.5000,4727.5000,-1.0000,-1.0000,93.2500,-93.2500,-4727.5000,14083.5000,14083.5000
2020-04-03,"MA_Crossover(34,47)",4827.7500,4670.7500,-1.0000,-1.0000,-56.7500,56.7500,-4670.7500,14140.2500,14140.2500
2020-04-06,"MA_Crossover(34,47)",4872.5000,4715.5000,-1.0000,-1.0000,44.7500,-44.7500,-4715.5000,14095.5000,14095.5000
2020-04-07,"MA_Crossover(34,47)",5022.2500,4865.2500,-1.0000,-1.0000,149.7500,-149.7500,-4865.2500,13945.7500,13945.7500
2020-04-08,"MA_Crossover(34,47)",4979.0000,4822.0000,-1.0000,-1.0000,-43.2500,43.2500,-4822.0000,13989.0000,13989.0000
2020-04-09,"MA_Crossover(34,47)",4993.0000,4836.0000,-1.0000,-1.0000,14.0000,-14.0000,-4836.0000,13975.0000,13975.0000
2020-04-14,"MA_Crossover(34,47)",5150.0000,4985.5000,-1.0000,-1.0000,149.5000,-149.5000,-4985.5000,13825.5000,13825.5000
2020-04-15,"MA_Crossover(34,47)",5098.2500,4933.7500,-1.0000,-1.0000,-51.7500,51.7500,-4933.7500,13877.2500,13877.2500
2020-04-16,"MA_Crossover(34,47)",5129.2500,4964.0000,-1.0000,-1.0000,30.2500,-30.2500,-4964.0000,13847.0000,13847.0000
2020-04-17,"MA_Crossover(34,47)",5200.5000,5028.5000,-1.0000,-1.0000,64.5000,-64.5000,-5028.5000,13782.5000,13782.5000
2020-04-20,"MA_Crossover(34,47)",5167.7500,4995.7500,-1.0000,-1.0000,-32.7500,32.7500,-4995.7500,13815.2500,13815.2500
2020-04-21,"MA_Crossover(34,47)",5009.5000,4837.5000,-1.0000,-1.0000,-158.2500,158.2500,-4837.5000,13973.5000,13973.5000
2020-04-22,"MA_Crossover(34,47)",5117.0000,4945.0000,-1.0000,-1.0000,107.5000,-107.5000,-4945.0000,13866.0000,13866.0000
2020-04-23,"MA_Crossover(34,47)",5143.5000,4971.5000,-1.0000,-1.0000,26.5000,-26.5000,-4971.5000,13839.5000,13839.5000
2020-04-24,"MA_Crossover(34,47)",5125.9900,4953.9900,-1.0000,-1.0000,-17.5100,17.5100,-4953.9900,13857.0100,13857.0100
2020-04-27,"MA_Crossover(34,47)",5181.2500,5009.2500,-1.0000,-1.0000,55.2600,-55.2600,-5009.2500,13801.7500,13801.7500
2020-04-28,"MA_Crossover(34,47)",5206.0000,5034.0000,-1.0000,-1.0000,24.7500,-24.7500,-5034.0000,13777.0000,13777.0000
2020-04-29,"MA_Crossover(34,47)",5243.2500,5071.2500,-1.0000,-1.0000,37.2500,-37.2500,-5071.2500,13739.7500,13739.7500
2020-04-30,"MA_Crossover(34,47)",5170.2500,4998.2500,-1.0000,-1.0000,-73.0000,73.0000,-4998.2500,13812.7500,13812.7500
2020-05-01,"MA_Crossover(34,47)",5090.5000,4918.5000,-1.0000,-1.0000,-79.7500,79.7500,-4918.5000,13892.5000,13892.5000
2020-05-04,"MA_Crossover(34,47)",5103.2500,4931.2500,-1.0000,-1.0000,12.7500,-12.7500,-4931.2500,13879.7500,13879.7500
2020-05-05,"MA_Crossover(34,47)",5136.5000,4964.5000,-1.0000,-1.0000,33.2500,-33.2500,-4964.5000,13846.5000,13846.5000
2020-05-06,"MA_Crossover(34,47)",5173.7500,5001.7500,-1.0000,-1.0000,37.2500,-37.2500,-5001.7500,13809.2500,13809.2500
2020-05-07,"MA_Crossover(34,47)",5248.5000,5076.5000,-1.0000,-1.0000,74.7500,-74.7500,-5076.5000,13734.5000,13734.5000
2020-05-11,"MA_Crossover(34,47)",5228.7500,5056.7500,-1.0000,-1.0000,-19.7500,19.7500,-5056.7500,13754.2500,13754.2500
2020-05-12,"MA_Crossover(34,47)",5231.0000,5059.0000,-1.0000,-1.0000,2.2500,-2.2500,-5059.0000,13752.0000,13752.0000
2020-05-13,"MA_Crossover(34,47)",5194.2500,5022.2500,-1.0000,-1.0000,-36.7500,36.7500,-5022.2500,13788.7500,13788.7500
2020-05-14,"MA_Crossover(34,47)",5174.0000,5002.0000,-1.0000,-1.0000,-20.2500,20.2500,-5002.0000,13809.0000,13809.0000
2020-05-15,"MA_Crossover(34,47)",5156.2500,4984.2500,-1.0000,-1.0000,-17.7500,17.7500,-4984.2500,13826.7500,13826.7500
2020-05-18,"MA_Crossover(34,47)",5292.0000,5120.0000,1.0000,-1.0000,135.7500,-135.7500,-5120.0000,13691.0000,13691.0000
2020-05-19,"MA_Crossover(34,47)",5340.0000,5165.0000,1.0000,1.0000,45.0000,45.0000,5165.0000,13736.0000,13736.0000
2020-05-20,"MA_Crossover(34,47)",5430.7500,5255.2500,1.0000,1.0000,90.2500,90.2500,5255.2500,13826.2500,13826.2500
2020-05-21,"MA_Crossover(34,47)",5376.2500,5202.2500,1.0000,1.0000,-53.0000,-53.0000,5202.2500,13773.2500,13773.2500
2020-05-22,"MA_Crossover(34,47)",5272.8000,5090.8000,1.0000,1.0000,-111.4500,-111.4500,5090.8000,13661.8000,13661.8000
2020-05-26,"MA_Crossover(34,47)",5341.0000,5159.0000,1.0000,1.0000,68.2000,68.2000,5159.0000,13730.0000,13730.0000
2020-05-27,"MA_Crossover(34,47)",5238.5000,5056.5000,1.0000,1.0000,-102.5000,-102.5000,5056.5000,13627.5000,13627.5000
2020-05-28,"MA_Crossover(34,47)",5313.7500,5131.7500,1.0000,1.0000,75.2500,75.2500,5131.7500,13702.7500,13702.7500
2020-05-29,"MA_Crossover(34,47)",5358.7500,5176.7500,1.0000,1.0000,45.0000,45.0000,5176.7500,13747.7500,13747.7500
2020-06-01,"MA_Crossover(34,47)",5463.5000,5281.5000,1.0000,1.0000,104.7500,104.7500,5281.5000,13852.5000,13852.5000
2020-06-02,"MA_Crossover(34,47)",5508.7500,5326.7500,1.0000,1.0000,45.2500,45.2500,5326.7500,13897.7500,13897.7500
2020-06-03,"MA_Crossover(34,47)",5503.2500,5321.2500,1.0000,1.0000,-5.5000,-5.5000,5321.2500,13892.2500,13892.2500
2020-06-04,"MA_Crossover(34,47)",5514.2500,5332.2500,1.0000,1.0000,11.0000,11.0000,5332.2500,13903.2500,13903.2500
2020-06-05,"MA_Crossover(34,47)",5671.8500,5489.8500,1.0000,1.0000,157.6000,157.6000,5489.8500,14060.8500,14060.8500
2020-06-08,"MA_Crossover(34,47)",5681.0000,5499.0000,1.0000,1.0000,9.1500,9.1500,5499.0000,14070.0000,14070.0000
2020-06-09,"MA_Crossover(34,47)",5755.2500,5573.2500,1.0000,1.0000,74.2500,74.2500,5573.2500,14144.2500,14144.2500
2020-06-10,"MA_Crossover(34,47)",5887.2500,5705.2500,1.0000,1.0000,132.0000,132.0000,5705.2500,14276.2500,14276.2500
2020-06-11,"MA_Crossover(34,47)",5742.5000,5560.5000,1.0000,1.0000,-144.7500,-144.7500,5560.5000,14131.5000,14131.5000
2020-06-12,"MA_Crossover(34,47)",5761.7500,5579.7500,1.0000,1.0000,19.2500,19.2500,5579.7500,14150.7500,14150.7500
2020-06-15,"MA_Crossover(34,47)",5678.7500,5496.7500,1.0000,1.0000,-83.0000,-83.0000,5496.7500,14067.7500,14067.7500
2020-06-16,"MA_Crossover(34,47)",5712.5000,5527.0000,1.0000,1.0000,30.2500,30.2500,5527.0000,14098.0000,14098.0000
2020-06-17,"MA_Crossover(34,47)",5755.2500,5569.7500,1.0000,1.0000,42.7500,42.7500,5569.7500,14140.7500,14140.7500
2020-06-18,"MA_Crossover(34,47)",5794.5000,5607.7500,1.0000,1.0000,38.0000,38.0000,5607.7500,14178.7500,14178.7500
2020-06-19,"MA_Crossover(34,47)",5839.2500,5644.7500,1.0000,1.0000,37.0000,37.0000,5644.7500,14215.7500,14215.7500
2020-06-22,"MA_Crossover(34,47)",5869.5000,5675.0000,1.0000,1.0000,30.2500,30.2500,5675.0000,14246.0000,14246.0000
2020-06-23,"MA_Crossover(34,47)",5897.0000,5702.5000,1.0000,1.0000,27.5000,27.5000,5702.5000,14273.5000,14273.5000
2020-06-24,"MA_Crossover(34,47)",5861.0000,5666.5000,1.0000,1.0000,-36.0000,-36.0000,5666.5000,14237.5000,14237.5000
2020-06-25,"MA_Crossover(34,47)",5886.5000,5692.0000,1.0000,1.0000,25.5000,25.5000,5692.0000,14263.0000,14263.0000
2020-06-26,"MA_Crossover(34,47)",5955.5000,5761.0000,1.0000,1.0000,69.0000,69.0000,5761.0000,14332.0000,14332.0000
2020-06-29,"MA_Crossover(34,47)",5955.0000,5760.5000,1.0000,1.0000,-0.5000,-0.5000,5760.5000,14331.5000,14331.5000
2020-06-30,"MA_Crossover(34,47)",6008.2500,5813.7500,1.0000,1.0000,53.2500,53.2500,5813.7500,14384.7500,14384.7500
2020-07-01,"MA_Crossover(34,47)",6053.7500,5859.2500,1.0000,1.0000,45.5000,45.5000,5859.2500,14430.2500,14430.2500
2020-07-02,"MA_Crossover(34,47)",6072.0000,5877.5000,1.0000,1.0000,18.2500,18.2500,5877.5000,14448.5000,14448.5000
2020-07-03,"MA_Crossover(34,47)",6021.7500,5827.2500,1.0000,1.0000,-50.2500,-50.2500,5827.2500,14398.2500,14398.2500
2020-07-06,"MA_Crossover(34,47)",6135.2500,5940.7500,1.0000,1.0000,113.5000,113.5000,5940.7500,14511.7500,14511.7500
2020-07-07,"MA_Crossover(34,47)",6188.2500,5993.7500,1.0000,1.0000,53.0000,53.0000,5993.7500,14564.7500,14564.7500
2020-07-08,"MA_Crossover(34,47)",6233.0000,6038.5000,1.0000,1.0000,44.7500,44.7500,6038.5000,14609.5000,14609.5000
2020-07-09,"MA_Crossover(34,47)",6300.8500,6106.3500,1.0000,1.0000,67.8500,67.8500,6106.3500,14677.3500,14677.3500
2020-07-10,"MA_Crossover(34,47)",6418.0500,6223.5500,1.0000,1.0000,117.2000,117.2000,6223.5500,14794.5500,14794.5500
2020-07-13,"MA_Crossover(34,47)",6580.0000,6385.5000,1.0000,1.0000,161.9500,161.9500,6385.5000,14956.5000,14956.5000
2020-07-14,"MA_Crossover(34,47)",6497.5000,6306.5000,1.0000,1.0000,-79.0000,-79.0000,6306.5000,14877.5000,14877.5000
2020-07-15,"MA_Crossover(34,47)",6385.0000,6193.5000,1.0000,1.0000,-113.0000,-113.0000,6193.5000,14764.5000,14764.5000
2020-07-16,"MA_Crossover(34,47)",6440.7500,6247.0000,1.0000,1.0000,53.5000,53.5000,6247.0000,14818.0000,14818.0000
2020-07-17,"MA_Crossover(34,47)",6455.0000,6264.5000,1.0000,1.0000,17.5000,17.5000,6264.5000,14835.5000,14835.5000
2020-07-20,"MA_Crossover(34,47)",6493.2500,6302.7500,1.0000,1.0000,38.2500,38.2500,6302.7500,14873.7500,14873.7500
2020-07-21,"MA_Crossover(34,47)",6540.7000,6350.2000,1.0000,1.0000,47.4500,47.4500,6350.2000,14921.2000,14921.2000
2020-07-22,"MA_Crossover(34,47)",6496.0000,6305.5000,1.0000,1.0000,-44.7000,-44.7000,6305.5000,14876.5000,14876.5000
2020-07-23,"MA_Crossover(34,47)",6558.0000,6367.5000,1.0000,1.0000,62.0000,62.0000,6367.5000,14938.5000,14938.5000
2020-07-24,"MA_Crossover(34,47)",6425.0000,6234.5000,1.0000,1.0000,-133.0000,-133.0000,6234.5000,14805.5000,14805.5000
2020-07-27,"MA_Crossover(34,47)",6423.7500,6233.2500,1.0000,1.0000,-1.2500,-1.2500,6233.2500,14804.2500,14804.2500
2020-07-28,"MA_Crossover(34,47)",6484.0000,6293.5000,1.0000,1.0000,60.2500,60.2500,6293.5000,14864.5000,14864.5000
2020-07-29,"MA_Crossover(34,47)",6480.0000,6289.5000,1.0000,1.0000,-4.0000,-4.0000,6289.5000,14860.5000,14860.5000
2020-07-30,"MA_Crossover(34,47)",6439.7500,6249.2500,1.0000,1.0000,-40.2500,-40.2500,6249.2500,14820.2500,14820.2500
2020-07-31,"MA_Crossover(34,47)",6422.5000,6232.0000,1.0000,1.0000,-17.2500,-17.2500,6232.0000,14803.0000,14803.0000
2020-08-03,"MA_Crossover(34,47)",6500.5000,6310.0000,1.0000,1.0000,78.0000,78.0000,6310.0000,14881.0000,14881.0000
2020-08-04,"MA_Crossover(34,47)",6459.0000,6268.5000,1.0000,1.0000,-41.5000,-41.5000,6268.5000,14839.5000,14839.5000
2020-08-05,"MA_Crossover(34,47)",6503.2500,6312.7500,1.0000,1.0000,44.2500,44.2500,6312.7500,14883.7500,14883.7500
2020-08-06,"MA_Crossover(34,47)",6483.5000,6293.0000,1.0000,1.0000,-19.7500,-19.7500,6293.0000,14864.0000,14864.0000
2020-08-07,"MA_Crossover(34,47)",6310.5000,6120.0000,1.0000,1.0000,-173.0000,-173.0000,6120.0000,14691.0000,14691.0000
2020-08-10,"MA_Crossover(34,47)",6397.2500,6206.7500,1.0000,1.0000,86.7500,86.7500,6206.7500,14777.7500,14777.7500
2020-08-11,"MA_Crossover(34,47)",6384.5000,6194.0000,1.0000,1.0000,-12.7500,-12.7500,6194.0000,14765.0000,14765.0000
2020-08-12,"MA_Crossover(34,47)",6435.0000,6244.5000,1.0000,1.0000,50.5000,50.5000,6244.5000,14815.5000,14815.5000
2020-08-13,"MA_Crossover(34,47)",6261.5000,6071.0000,1.0000,1.0000,-173.5000,-173.5000,6071.0000,14642.0000,14642.0000
2020-08-14,"MA_Crossover(34,47)",6376.2500,6185.7500,1.0000,1.0000,114.7500,114.7500,6185.7500,14756.7500,14756.7500
2020-08-17,"MA_Crossover(34,47)",6450.7500,6260.2500,1.0000,1.0000,74.5000,74.5000,6260.2500,14831.2500,14831.2500
2020-08-18,"MA_Crossover(34,47)",6571.0000,6383.5000,1.0000,1.0000,123.2500,123.2500,6383.5000,14954.5000,14954.5000
2020-08-19,"MA_Crossover(34,47)",6691.7500,6504.0000,1.0000,1.0000,120.5000,120.5000,6504.0000,15075.0000,15075.0000
2020-08-20,"MA_Crossover(34,47)",6609.7500,6421.7500,1.0000,1.0000,-82.2500,-82.2500,6421.7500,14992.7500,14992.7500
2020-08-21,"MA_Crossover(34,47)",6498.7500,6314.2500,1.0000,1.0000,-107.5000,-107.5000,6314.2500,14885.2500,14885.2500
2020-08-24,"MA_Crossover(34,47)",6521.7500,6337.2500,1.0000,1.0000,23.0000,23.0000,6337.2500,14908.2500,14908.2500
2020-08-25,"MA_Crossover(34,47)",6535.2500,6350.7500,1.0000,1.0000,13.5000,13.5000,6350.7500,14921.7500,14921.7500
2020-08-26,"MA_Crossover(34,47)",6604.7500,6420.2500,1.0000,1.0000,69.5000,69.5000,6420.2500,14991.2500,14991.2500
2020-08-27,"MA_Crossover(34,47)",6632.5000,6448.0000,1.0000,1.0000,27.7500,27.7500,6448.0000,15019.0000,15019.0000
2020-08-28,"MA_Crossover(34,47)",6681.5000,6497.0000,1.0000,1.0000,49.0000,49.0000,6497.0000,15068.0000,15068.0000
2020-09-01,"MA_Crossover(34,47)",6700.5000,6516.0000,1.0000,1.0000,19.0000,19.0000,6516.0000,15087.0000,15087.0000
2020-09-02,"MA_Crossover(34,47)",6706.7500,6522.2500,1.0000,1.0000,6.2500,6.2500,6522.2500,15093.2500,15093.2500
2020-09-03,"MA_Crossover(34,47)",6573.7500,6389.2500,1.0000,1.0000,-133.0000,-133.0000,6389.2500,14960.2500,14960.2500
2020-09-04,"MA_Crossover(34,47)",6724.5000,6540.0000,1.0000,1.0000,150.7500,150.7500,6540.0000,15111.0000,15111.0000
2020-09-07,"MA_Crossover(34,47)",6805.7500,6621.2500,1.0000,1.0000,81.2500,81.2500,6621.2500,15192.2500,15192.2500
2020-09-08,"MA_Crossover(34,47)",6685.2500,6500.7500,1.0000,1.0000,-120.5000,-120.5000,6500.7500,15071.7500,15071.7500
2020-09-09,"MA_Crossover(34,47)",6751.5000,6567.0000,1.0000,1.0000,66.2500,66.2500,6567.0000,15138.0000,15138.0000
2020-09-10,"MA_Crossover(34,47)",6686.0000,6501.5000,1.0000,1.0000,-65.5000,-65.5000,6501.5000,15072.5000,15072.5000
2020-09-11,"MA_Crossover(34,47)",6769.2500,6584.7500,1.0000,1.0000,83.2500,83.2500,6584.7500,15155.7500,15155.7500
2020-09-14,"MA_Crossover(34,47)",6814.5000,6630.0000,1.0000,1.0000,45.2500,45.2500,6630.0000,15201.0000,15201.0000
2020-09-15,"MA_Crossover(34,47)",6769.7500,6591.0000,1.0000,1.0000,-39.0000,-39.0000,6591.0000,15162.0000,15162.0000
2020-09-16,"MA_Crossover(34,47)",6788.4000,6608.2500,1.0000,1.0000,17.2500,17.2500,6608.2500,15179.2500,15179.2500
2020-09-17,"MA_Crossover(34,47)",6797.2500,6615.7500,1.0000,1.0000,7.5000,7.5000,6615.7500,15186.7500,15186.7500
2020-09-18,"MA_Crossover(34,47)",6833.2500,6659.7500,1.0000,1.0000,44.0000,44.0000,6659.7500,15230.7500,15230.7500
2020-09-21,"MA_Crossover(34,47)",6710.5000,6537.0000,1.0000,1.0000,-122.7500,-122.7500,6537.0000,15108.0000,15108.0000
2020-09-22,"MA_Crossover(34,47)",6800.5000,6627.0000,1.0000,1.0000,90.0000,90.0000,6627.0000,15198.0000,15198.0000
2020-09-23,"MA_Crossover(34,47)",6616.1000,6442.6000,1.0000,1.0000,-184.4000,-184.4000,6442.6000,15013.6000,15013.6000
2020-09-24,"MA_Crossover(34,47)",6529.2500,6355.7500,1.0000,1.0000,-86.8500,-86.8500,6355.7500,14926.7500,14926.7500
2020-09-25,"MA_Crossover(34,47)",6546.5500,6373.0500,1.0000,1.0000,17.3000,17.3000,6373.0500,14944.0500,14944.0500
2020-09-28,"MA_Crossover(34,47)",6567.5000,6394.0000,1.0000,1.0000,20.9500,20.9500,6394.0000,14965.0000,14965.0000
2020-09-29,"MA_Crossover(34,47)",6581.0000,6407.5000,1.0000,1.0000,13.5000,13.5000,6407.5000,14978.5000,14978.5000
2020-09-30,"MA_Crossover(34,47)",6676.0000,6502.5000,1.0000,1.0000,95.0000,95.0000,6502.5000,15073.5000,15073.5000
2020-10-01,"MA_Crossover(34,47)",6382.5000,6209.0000,1.0000,1.0000,-293.5000,-293.5000,6209.0000,14780.0000,14780.0000
2020-10-02,"MA_Crossover(34,47)",6554.2500,6380.7500,1.0000,1.0000,171.7500,171.7500,6380.7500,14951.7500,14951.7500
2020-10-05,"MA_Crossover(34,47)",6521.7500,6348.2500,1.0000,1.0000,-32.5000,-32.5000,6348.2500,14919.2500,14919.2500
2020-10-06,"MA_Crossover(34,47)",6519.2500,6345.7500,1.0000,1.0000,-2.5000,-2.5000,6345.7500,14916.7500,14916.7500
2020-10-07,"MA_Crossover(34,47)",6669.7500,6496.2500,1.0000,1.0000,150.5000,150.5000,6496.2500,15067.2500,15067.2500
2020-10-08,"MA_Crossover(34,47)",6679.5000,6506.0000,1.0000,1.0000,9.7500,9.7500,6506.0000,15077.0000,15077.0000
2020-10-09,"MA_Crossover(34,47)",6768.5000,6595.0000,1.0000,1.0000,89.0000,89.0000,6595.0000,15166.0000,15166.0000
2020-10-12,"MA_Crossover(34,47)",6731.5000,6558.0000,1.0000,1.0000,-37.0000,-37.0000,6558.0000,15129.0000,15129.0000
2020-10-13,"MA_Crossover(34,47)",6685.2500,6511.7500,1.0000,1.0000,-46.2500,-46.2500,6511.7500,15082.7500,15082.7500
2020-10-14,"MA_Crossover(34,47)",6705.2500,6531.7500,1.0000,1.0000,20.0000,20.0000,6531.7500,15102.7500,15102.7500
2020-10-15,"MA_Crossover(34,47)",6739.2500,6565.7500,1.0000,1.0000,34.0000,34.0000,6565.7500,15136.7500,15136.7500
2020-10-16,"MA_Crossover(34,47)",6724.5000,6551.0000,1.0000,1.0000,-14.7500,-14.7500,6551.0000,15122.0000,15122.0000
2020-10-19,"MA_Crossover(34,47)",6758.7500,6585.2500,1.0000,1.0000,34.2500,34.2500,6585.2500,15156.2500,15156.2500
2020-10-20,"MA_Crossover(34,47)",6892.0000,6709.7500,1.0000,1.0000,124.5000,124.5000,6709.7500,15280.7500,15280.7500
2020-10-21,"MA_Crossover(34,47)",6989.2500,6805.7500,1.0000,1.0000,96.0000,96.0000,6805.7500,15376.7500,15376.7500
2020-10-22,"MA_Crossover(34,47)",6917.5000,6734.5000,1.0000,1.0000,-71.2500,-71.2500,6734.5000,15305.5000,15305.5000
2020-10-23,"MA_Crossover(34,47)",6861.7500,6675.2500,1.0000,1.0000,-59.2500,-59.2500,6675.2500,15246.2500,15246.2500
2020-10-26,"MA_Crossover(34,47)",6772.7500,6586.2500,1.0000,1.0000,-89.0000,-89.0000,6586.2500,15157.2500,15157.2500
2020-10-27,"MA_Crossover(34,47)",6790.0000,6603.5000,1.0000,1.0000,17.2500,17.2500,6603.5000,15174.5000,15174.5000
2020-10-28,"MA_Crossover(34,47)",6740.5000,6554.0000,1.0000,1.0000,-49.5000,-49.5000,6554.0000,15125.0000,15125.0000
2020-10-29,"MA_Crossover(34,47)",6724.0000,6537.5000,1.0000,1.0000,-16.5000,-16.5000,6537.5000,15108.5000,15108.5000
2020-10-30,"MA_Crossover(34,47)",6713.7500,6527.2500,1.0000,1.0000,-10.2500,-10.2500,6527.2500,15098.2500,15098.2500
2020-11-02,"MA_Crossover(34,47)",6757.0000,6570.5000,-1.0000,1.0000,43.2500,43.2500,6570.5000,15141.5000,15141.5000
2020-11-03,"MA_Crossover(34,47)",6810.2500,6623.7500,-1.0000,-1.0000,53.2500,-53.2500,-6623.7500,15088.2500,15088.2500
2020-11-04,"MA_Crossover(34,47)",6831.0000,6644.5000,-1.0000,-1.0000,20.7500,-20.7500,-6644.5000,15067.5000,15067.5000
2020-11-05,"MA_Crossover(34,47)",6844.2500,6657.7500,-1.0000,-1.0000,13.2500,-13.2500,-6657.7500,15054.2500,15054.2500
2020-11-06,"MA_Crossover(34,47)",6936.2500,6749.7500,-1.0000,-1.0000,92.0000,-92.0000,-6749.7500,14962.2500,14962.2500
2020-11-09,"MA_Crossover(34,47)",6904.5000,6718.0000,-1.0000,-1.0000,-31.7500,31.7500,-6718.0000,14994.0000,14994.0000
2020-11-10,"MA_Crossover(34,47)",6915.2500,6728.7500,-1.0000,-1.0000,10.7500,-10.7500,-6728.7500,14983.2500,14983.2500
2020-11-11,"MA_Crossover(34,47)",6868.7500,6682.2500,1.0000,-1.0000,-46.5000,46.5000,-6682.2500,15029.7500,15029.7500
2020-11-12,"MA_Crossover(34,47)",6916.7500,6730.2500,1.0000,1.0000,48.0000,48.0000,6730.2500,15077.7500,15077.7500
2020-11-13,"MA_Crossover(34,47)",6966.7500,6780.2500,1.0000,1.0000,50.0000,50.0000,6780.2500,15127.7500,15127.7500
2020-11-16,"MA_Crossover(34,47)",7092.7500,6906.2500,1.0000,1.0000,126.0000,126.0000,6906.2500,15253.7500,15253.7500
2020-11-17,"MA_Crossover(34,47)",7059.5000,6868.2500,1.0000,1.0000,-38.0000,-38.0000,6868.2500,15215.7500,15215.7500
2020-11-18,"MA_Crossover(34,47)",7082.0000,6891.0000,1.0000,1.0000,22.7500,22.7500,6891.0000,15238.5000,15238.5000
2020-11-19,"MA_Crossover(34,47)",7086.7500,6895.7500,1.0000,1.0000,4.7500,4.7500,6895.7500,15243.2500,15243.2500
2020-11-20,"MA_Crossover(34,47)",7271.5000,7076.0000,1.0000,1.0000,180.2500,180.2500,7076.0000,15423.5000,15423.5000
2020-11-23,"MA_Crossover(34,47)",7170.5000,6975.0000,1.0000,1.0000,-101.0000,-101.0000,6975.0000,15322.5000,15322.5000
2020-11-24,"MA_Crossover(34,47)",7286.2500,7090.7500,1.0000,1.0000,115.7500,115.7500,7090.7500,15438.2500,15438.2500
2020-11-25,"MA_Crossover(34,47)",7291.0000,7095.5000,1.0000,1.0000,4.7500,4.7500,7095.5000,15443.0000,15443.0000
2020-11-26,"MA_Crossover(34,47)",7393.7500,7198.2500,1.0000,1.0000,102.7500,102.7500,7198.2500,15545.7500,15545.7500
2020-11-27,"MA_Crossover(34,47)",7493.2500,7297.7500,1.0000,1.0000,99.5000,99.5000,7297.7500,15645.2500,15645.2500
2020-11-30,"MA_Crossover(34,47)",7573.7500,7378.2500,1.0000,1.0000,80.5000,80.5000,7378.2500,15725.7500,15725.7500
2020-12-01,"MA_Crossover(34,47)",7688.0000,7492.5000,1.0000,1.0000,114.2500,114.2500,7492.5000,15840.0000,15840.0000
2020-12-02,"MA_Crossover(34,47)",7668.0000,7472.5000,1.0000,1.0000,-20.0000,-20.0000,7472.5000,15820.0000,15820.0000
2020-12-03,"MA_Crossover(34,47)",7671.2500,7475.7500,1.0000,1.0000,3.2500,3.2500,7475.7500,15823.2500,15823.2500
2020-12-04,"MA_Crossover(34,47)",7753.7500,7558.2500,1.0000,1.0000,82.5000,82.5000,7558.2500,15905.7500,15905.7500
2020-12-07,"MA_Crossover(34,47)",7697.7500,7502.2500,1.0000,1.0000,-56.0000,-56.0000,7502.2500,15849.7500,15849.7500
2020-12-08,"MA_Crossover(34,47)",7681.5000,7486.0000,1.0000,1.0000,-16.2500,-16.2500,7486.0000,15833.5000,15833.5000
2020-12-09,"MA_Crossover(34,47)",7707.5000,7512.0000,1.0000,1.0000,26.0000,26.0000,7512.0000,15859.5000,15859.5000
2020-12-10,"MA_Crossover(34,47)",7861.7500,7666.2500,1.0000,1.0000,154.2500,154.2500,7666.2500,16013.7500,16013.7500
2020-12-11,"MA_Crossover(34,47)",7755.5000,7560.0000,1.0000,1.0000,-106.2500,-106.2500,7560.0000,15907.5000,15907.5000
2020-12-14,"MA_Crossover(34,47)",7729.0000,7533.5000,1.0000,1.0000,-26.5000,-26.5000,7533.5000,15881.0000,15881.0000
2020-12-15,"MA_Crossover(34,47)",7775.0000,7570.5000,1.0000,1.0000,37.0000,37.0000,7570.5000,15918.0000,15918.0000
2020-12-16,"MA_Crossover(34,47)",7827.7500,7623.5000,1.0000,1.0000,53.0000,53.0000,7623.5000,15971.0000,15971.0000
2020-12-17,"MA_Crossover(34,47)",7912.2500,7707.7500,1.0000,1.0000,84.2500,84.2500,7707.7500,16055.2500,16055.2500
2020-12-18,"MA_Crossover(34,47)",7980.2500,7772.2500,1.0000,1.0000,64.5000,64.5000,7772.2500,16119.7500,16119.7500
2020-12-21,"MA_Crossover(34,47)",7840.0500,7632.0500,1.0000,1.0000,-140.2000,-140.2000,7632.0500,15979.5500,15979.5500
2020-12-22,"MA_Crossover(34,47)",7738.5500,7530.5500,1.0000,1.0000,-101.5000,-101.5000,7530.5500,15878.0500,15878.0500
2020-12-23,"MA_Crossover(34,47)",7838.5000,7630.5000,1.0000,1.0000,99.9500,99.9500,7630.5000,15978.0000,15978.0000
2020-12-24,"MA_Crossover(34,47)",7782.2500,7574.2500,1.0000,1.0000,-56.2500,-56.2500,7574.2500,15921.7500,15921.7500
2020-12-29,"MA_Crossover(34,47)",7856.7000,7648.7000,1.0000,1.0000,74.4500,74.4500,7648.7000,15996.2000,15996.2000
2020-12-30,"MA_Crossover(34,47)",7842.0000,7634.0000,1.0000,1.0000,-14.7000,-14.7000,7634.0000,15981.5000,15981.5000
2020-12-31,"MA_Crossover(34,47)",7757.7500,7549.7500,1.0000,1.0000,-84.2500,-84.2500,7549.7500,15897.2500,15897.2500
2021-01-04,"MA_Crossover(34,47)",7850.7500,7642.7500,1.0000,1.0000,93.0000,93.0000,7642.7500,15990.2500,15990.2500
2021-01-05,"MA_Crossover(34,47)",7997.0000,7789.0000,1.0000,1.0000,146.2500,146.2500,7789.0000,16136.5000,16136.5000
2021-01-06,"MA_Crossover(34,47)",8032.5000,7824.5000,1.0000,1.0000,35.5000,35.5000,7824.5000,16172.0000,16172.0000
2021-01-07,"MA_Crossover(34,47)",8169.0000,7961.0000,1.0000,1.0000,136.5000,136.5000,7961.0000,16308.5000,16308.5000
2021-01-08,"MA_Crossover(34,47)",8120.0000,7912.0000,1.0000,1.0000,-49.0000,-49.0000,7912.0000,16259.5000,16259.5000
2021-01-11,"MA_Crossover(34,47)",7851.2500,7643.2500,1.0000,1.0000,-268.7500,-268.7500,7643.2500,15990.7500,15990.7500
2021-01-12,"MA_Crossover(34,47)",7965.5000,7757.5000,1.0000,1.0000,114.2500,114.2500,7757.5000,16105.0000,16105.0000
2021-01-13,"MA_Crossover(34,47)",7996.5000,7788.5000,1.0000,1.0000,31.0000,31.0000,7788.5000,16136.0000,16136.0000
2021-01-14,"MA_Crossover(34,47)",8039.5000,7831.5000,1.0000,1.0000,43.0000,43.0000,7831.5000,16179.0000,16179.0000
2021-01-15,"MA_Crossover(34,47)",7937.7500,7729.7500,1.0000,1.0000,-101.7500,-101.7500,7729.7500,16077.2500,16077.2500
2021-01-18,"MA_Crossover(34,47)",7968.0000,7760.0000,1.0000,1.0000,30.2500,30.2500,7760.0000,16107.5000,16107.5000
2021-01-19,"MA_Crossover(34,47)",7955.2500,7743.0000,1.0000,1.0000,-17.0000,-17.0000,7743.0000,16090.5000,16090.5000
2021-01-20,"MA_Crossover(34,47)",8046.5000,7833.5000,1.0000,1.0000,90.5000,90.5000,7833.5000,16181.0000,16181.0000
2021-01-21,"MA_Crossover(34,47)",8022.2500,7810.7500,1.0000,1.0000,-22.7500,-22.7500,7810.7500,16158.2500,16158.2500
2021-01-22,"MA_Crossover(34,47)",8001.7500,7790.7500,1.0000,1.0000,-20.0000,-20.0000,7790.7500,16138.2500,16138.2500
2021-01-25,"MA_Crossover(34,47)",7972.0000,7761.0000,1.0000,1.0000,-29.7500,-29.7500,7761.0000,16108.5000,16108.5000
2021-01-26,"MA_Crossover(34,47)",8011.7500,7800.7500,1.0000,1.0000,39.7500,39.7500,7800.7500,16148.2500,16148.2500
2021-01-27,"MA_Crossover(34,47)",7826.7500,7615.7500,1.0000,1.0000,-185.0000,-185.0000,7615.7500,15963.2500,15963.2500
2021-01-28,"MA_Crossover(34,47)",7882.1500,7671.1500,1.0000,1.0000,55.4000,55.4000,7671.1500,16018.6500,16018.6500
2021-01-29,"MA_Crossover(34,47)",7862.5000,7651.5000,1.0000,1.0000,-19.6500,-19.6500,7651.5000,15999.0000,15999.0000
2021-02-01,"MA_Crossover(34,47)",7802.5500,7591.5500,1.0000,1.0000,-59.9500,-59.9500,7591.5500,15939.0500,15939.0500
2021-02-02,"MA_Crossover(34,47)",7784.5000,7573.5000,1.0000,1.0000,-18.0500,-18.0500,7573.5000,15921.0000,15921.0000
2021-02-03,"MA_Crossover(34,47)",7851.5000,7640.5000,1.0000,1.0000,67.0000,67.0000,7640.5000,15988.0000,15988.0000
2021-02-04,"MA_Crossover(34,47)",7826.5000,7615.5000,1.0000,1.0000,-25.0000,-25.0000,7615.5000,15963.0000,15963.0000
2021-02-05,"MA_Crossover(34,47)",7922.0000,7711.0000,1.0000,1.0000,95.5000,95.5000,7711.0000,16058.5000,16058.5000
2021-02-08,"MA_Crossover(34,47)",8046.7500,7835.7500,1.0000,1.0000,124.7500,124.7500,7835.7500,16183.2500,16183.2500
2021-02-09,"MA_Crossover(34,47)",8156.7500,7945.7500,1.0000,1.0000,110.0000,110.0000,7945.7500,16293.2500,16293.2500
2021-02-10,"MA_Crossover(34,47)",8304.0000,8093.0000,1.0000,1.0000,147.2500,147.2500,8093.0000,16440.5000,16440.5000
2021-02-11,"MA_Crossover(34,47)",8288.7500,8077.7500,1.0000,1.0000,-15.2500,-15.2500,8077.7500,16425.2500,16425.2500
2021-02-12,"MA_Crossover(34,47)",8351.5000,8140.5000,1.0000,1.0000,62.7500,62.7500,8140.5000,16488.0000,16488.0000
2021-02-15,"MA_Crossover(34,47)",8422.5000,8211.5000,1.0000,1.0000,71.0000,71.0000,8211.5000,16559.0000,16559.0000
2021-02-16,"MA_Crossover(34,47)",8416.0000,8213.5000,1.0000,1.0000,2.0000,2.0000,8213.5000,16561.0000,16561.0000
2021-02-17,"MA_Crossover(34,47)",8398.2500,8196.7500,1.0000,1.0000,-16.7500,-16.7500,8196.7500,16544.2500,16544.2500
2021-02-18,"MA_Crossover(34,47)",8562.2500,8360.7500,1.0000,1.0000,164.0000,164.0000,8360.7500,16708.2500,16708.2500
2021-02-19,"MA_Crossover(34,47)",8923.7500,8727.7500,1.0000,1.0000,367.0000,367.0000,8727.7500,17075.2500,17075.2500
2021-02-22,"MA_Crossover(34,47)",9111.0000,8915.0000,1.0000,1.0000,187.2500,187.2500,8915.0000,17262.5000,17262.5000
2021-02-23,"MA_Crossover(34,47)",9219.5000,9023.5000,1.0000,1.0000,108.5000,108.5000,9023.5000,17371.0000,17371.0000
2021-02-24,"MA_Crossover(34,47)",9326.0000,9130.0000,1.0000,1.0000,106.5000,106.5000,9130.0000,17477.5000,17477.5000
2021-02-25,"MA_Crossover(34,47)",9428.2500,9232.2500,1.0000,1.0000,102.2500,102.2500,9232.2500,17579.7500,17579.7500
2021-02-26,"MA_Crossover(34,47)",9093.2500,8897.2500,1.0000,1.0000,-335.0000,-335.0000,8897.2500,17244.7500,17244.7500
2021-03-01,"MA_Crossover(34,47)",9062.0000,8866.0000,1.0000,1.0000,-31.2500,-31.2500,8866.0000,17213.5000,17213.5000
2021-03-02,"MA_Crossover(34,47)",9195.2500,8999.2500,1.0000,1.0000,133.2500,133.2500,8999.2500,17346.7500,17346.7500
2021-03-03,"MA_Crossover(34,47)",9120.7500,8924.7500,1.0000,1.0000,-74.5000,-74.5000,8924.7500,17272.2500,17272.2500
2021-03-04,"MA_Crossover(34,47)",8924.7500,8728.7500,1.0000,1.0000,-196.0000,-196.0000,8728.7500,17076.2500,17076.2500
2021-03-05,"MA_Crossover(34,47)",8911.2000,8715.2000,1.0000,1.0000,-13.5500,-13.5500,8715.2000,17062.7000,17062.7000
2021-03-08,"MA_Crossover(34,47)",9018.0000,8822.0000,1.0000,1.0000,106.8000,106.8000,8822.0000,17169.5000,17169.5000
2021-03-09,"MA_Crossover(34,47)",8797.5000,8601.5000,1.0000,1.0000,-220.5000,-220.5000,8601.5000,16949.0000,16949.0000
2021-03-10,"MA_Crossover(34,47)",8877.7500,8681.7500,1.0000,1.0000,80.2500,80.2500,8681.7500,17029.2500,17029.2500
2021-03-11,"MA_Crossover(34,47)",9069.0000,8873.0000,1.0000,1.0000,191.2500,191.2500,8873.0000,17220.5000,17220.5000
2021-03-12,"MA_Crossover(34,47)",9104.0000,8908.0000,1.0000,1.0000,35.0000,35.0000,8908.0000,17255.5000,17255.5000
2021-03-15,"MA_Crossover(34,47)",9164.2500,8968.2500,1.0000,1.0000,60.2500,60.2500,8968.2500,17315.7500,17315.7500
2021-03-16,"MA_Crossover(34,47)",8968.5000,8775.5000,1.0000,1.0000,-192.7500,-192.7500,8775.5000,17123.0000,17123.0000
2021-03-17,"MA_Crossover(34,47)",9079.5000,8885.2500,1.0000,1.0000,109.7500,109.7500,8885.2500,17232.7500,17232.7500
2021-03-18,"MA_Crossover(34,47)",9072.5000,8877.0000,1.0000,1.0000,-8.2500,-8.2500,8877.0000,17224.5000,17224.5000
2021-03-19,"MA_Crossover(34,47)",9076.2500,8887.2500,1.0000,1.0000,10.2500,10.2500,8887.2500,17234.7500,17234.7500
2021-03-22,"MA_Crossover(34,47)",9123.7500,8934.7500,1.0000,1.0000,47.5000,47.5000,8934.7500,17282.2500,17282.2500
2021-03-23,"MA_Crossover(34,47)",8991.0000,8802.0000,1.0000,1.0000,-132.7500,-132.7500,8802.0000,17149.5000,17149.5000
2021-03-24,"MA_Crossover(34,47)",8985.2500,8796.2500,1.0000,1.0000,-5.7500,-5.7500,8796.2500,17143.7500,17143.7500
2021-03-25,"MA_Crossover(34,47)",8791.0000,8602.0000,1.0000,1.0000,-194.2500,-194.2500,8602.0000,16949.5000,16949.5000
2021-03-26,"MA_Crossover(34,47)",8973.5000,8784.5000,1.0000,1.0000,182.5000,182.5000,8784.5000,17132.0000,17132.0000
2021-03-29,"MA_Crossover(34,47)",8874.5000,8685.5000,1.0000,1.0000,-99.0000,-99.0000,8685.5000,17033.0000,17033.0000
2021-03-30,"MA_Crossover(34,47)",8780.0000,8591.0000,1.0000,1.0000,-94.5000,-94.5000,8591.0000,16938.5000,16938.5000
2021-03-31,"MA_Crossover(34,47)",8793.0000,8604.0000,1.0000,1.0000,13.0000,13.0000,8604.0000,16951.5000,16951.5000
2021-04-01,"MA_Crossover(34,47)",8799.5000,8610.5000,1.0000,1.0000,6.5000,6.5000,8610.5000,16958.0000,16958.0000
2021-04-06,"MA_Crossover(34,47)",9059.5000,8870.5000,1.0000,1.0000,260.0000,260.0000,8870.5000,17218.0000,17218.0000
2021-04-07,"MA_Crossover(34,47)",8924.5000,8735.5000,1.0000,1.0000,-135.0000,-135.0000,8735.5000,17083.0000,17083.0000
2021-04-08,"MA_Crossover(34,47)",9018.2500,8829.2500,1.0000,1.0000,93.7500,93.7500,8829.2500,17176.7500,17176.7500
2021-04-09,"MA_Crossover(34,47)",8934.7500,8745.7500,1.0000,1.0000,-83.5000,-83.5000,8745.7500,17093.2500,17093.2500
2021-04-12,"MA_Crossover(34,47)",8865.2500,8676.2500,1.0000,1.0000,-69.5000,-69.5000,8676.2500,17023.7500,17023.7500
2021-04-13,"MA_Crossover(34,47)",8903.2500,8714.2500,1.0000,1.0000,38.0000,38.0000,8714.2500,17061.7500,17061.7500
2021-04-14,"MA_Crossover(34,47)",9082.0000,8893.0000,1.0000,1.0000,178.7500,178.7500,8893.0000,17240.5000,17240.5000
2021-04-15,"MA_Crossover(34,47)",9295.2500,9106.2500,1.0000,1.0000,213.2500,213.2500,9106.2500,17453.7500,17453.7500
2021-04-16,"MA_Crossover(34,47)",9225.5000,9036.5000,1.0000,1.0000,-69.7500,-69.7500,9036.5000,17384.0000,17384.0000
2021-04-19,"MA_Crossover(34,47)",9384.2500,9195.2500,1.0000,1.0000,158.7500,158.7500,9195.2500,17542.7500,17542.7500
2021-04-20,"MA_Crossover(34,47)",9326.2500,9138.2500,1.0000,1.0000,-57.0000,-57.0000,9138.2500,17485.7500,17485.7500
2021-04-21,"MA_Crossover(34,47)",9453.0000,9263.5000,1.0000,1.0000,125.2500,125.2500,9263.5000,17611.0000,17611.0000
2021-04-22,"MA_Crossover(34,47)",9411.2500,9221.5000,1.0000,1.0000,-42.0000,-42.0000,9221.5000,17569.0000,17569.0000
2021-04-23,"MA_Crossover(34,47)",9563.5000,9378.0000,1.0000,1.0000,156.5000,156.5000,9378.0000,17725.5000,17725.5000
2021-04-26,"MA_Crossover(34,47)",9761.0000,9575.5000,1.0000,1.0000,197.5000,197.5000,9575.5000,17923.0000,17923.0000
2021-04-27,"MA_Crossover(34,47)",9860.5000,9675.0000,1.0000,1.0000,99.5000,99.5000,9675.0000,18022.5000,18022.5000
2021-04-28,"MA_Crossover(34,47)",9883.2500,9697.7500,1.0000,1.0000,22.7500,22.7500,9697.7500,18045.2500,18045.2500
2021-04-29,"MA_Crossover(34,47)",9893.5000,9708.0000,1.0000,1.0000,10.2500,10.2500,9708.0000,18055.5000,18055.5000
2021-04-30,"MA_Crossover(34,47)",9833.0000,9647.5000,1.0000,1.0000,-60.5000,-60.5000,9647.5000,17995.0000,17995.0000
2021-05-04,"MA_Crossover(34,47)",9973.0000,9787.5000,1.0000,1.0000,140.0000,140.0000,9787.5000,18135.0000,18135.0000
2021-05-05,"MA_Crossover(34,47)",9955.0000,9769.5000,1.0000,1.0000,-18.0000,-18.0000,9769.5000,18117.0000,18117.0000
2021-05-06,"MA_Crossover(34,47)",10099.7500,9914.2500,1.0000,1.0000,144.7500,144.7500,9914.2500,18261.7500,18261.7500
2021-05-07,"MA_Crossover(34,47)",10423.5000,10238.0000,1.0000,1.0000,323.7500,323.7500,10238.0000,18585.5000,18585.5000
2021-05-10,"MA_Crossover(34,47)",10382.7500,10197.2500,1.0000,1.0000,-40.7500,-40.7500,10197.2500,18544.7500,18544.7500
2021-05-11,"MA_Crossover(34,47)",10452.5000,10267.0000,1.0000,1.0000,69.7500,69.7500,10267.0000,18614.5000,18614.5000
2021-05-12,"MA_Crossover(34,47)",10436.2500,10250.7500,1.0000,1.0000,-16.2500,-16.2500,10250.7500,18598.2500,18598.2500
2021-05-13,"MA_Crossover(34,47)",10328.7500,10143.2500,1.0000,1.0000,-107.5000,-107.5000,10143.2500,18490.7500,18490.7500
2021-05-14,"MA_Crossover(34,47)",10215.0000,10029.5000,1.0000,1.0000,-113.7500,-113.7500,10029.5000,18377.0000,18377.0000
2021-05-17,"MA_Crossover(34,47)",10344.7500,10159.2500,1.0000,1.0000,129.7500,129.7500,10159.2500,18506.7500,18506.7500
2021-05-18,"MA_Crossover(34,47)",10391.2500,10199.2500,1.0000,1.0000,40.0000,40.0000,10199.2500,18546.7500,18546.7500
2021-05-19,"MA_Crossover(34,47)",9992.5000,9800.0000,1.0000,1.0000,-399.2500,-399.2500,9800.0000,18147.5000,18147.5000
2021-05-20,"MA_Crossover(34,47)",10041.5000,9849.0000,1.0000,1.0000,49.0000,49.0000,9849.0000,18196.5000,18196.5000
2021-05-21,"MA_Crossover(34,47)",9877.0000,9677.5000,1.0000,1.0000,-171.5000,-171.5000,9677.5000,18025.0000,18025.0000
2021-05-24,"MA_Crossover(34,47)",9939.7500,9740.2500,1.0000,1.0000,62.7500,62.7500,9740.2500,18087.7500,18087.7500
2021-05-25,"MA_Crossover(34,47)",9910.7500,9711.2500,1.0000,1.0000,-29.0000,-29.0000,9711.2500,18058.7500,18058.7500
2021-05-26,"MA_Crossover(34,47)",9971.2500,9771.7500,1.0000,1.0000,60.5000,60.5000,9771.7500,18119.2500,18119.2500
2021-05-27,"MA_Crossover(34,47)",10212.1500,10012.6500,1.0000,1.0000,240.9000,240.9000,10012.6500,18360.1500,18360.1500
2021-05-28,"MA_Crossover(34,47)",10250.7500,10051.2500,1.0000,1.0000,38.6000,38.6000,10051.2500,18398.7500,18398.7500
2021-06-01,"MA_Crossover(34,47)",10236.5000,10037.0000,1.0000,1.0000,-14.2500,-14.2500,10037.0000,18384.5000,18384.5000
2021-06-02,"MA_Crossover(34,47)",10134.1500,9934.6500,1.0000,1.0000,-102.3500,-102.3500,9934.6500,18282.1500,18282.1500
2021-06-03,"MA_Crossover(34,47)",9772.2500,9572.7500,1.0000,1.0000,-361.9000,-361.9000,9572.7500,17920.2500,17920.2500
2021-06-04,"MA_Crossover(34,47)",9941.2500,9741.7500,1.0000,1.0000,169.0000,169.0000,9741.7500,18089.2500,18089.2500
2021-06-07,"MA_Crossover(34,47)",9883.7500,9684.2500,1.0000,1.0000,-57.5000,-57.5000,9684.2500,18031.7500,18031.7500
2021-06-08,"MA_Crossover(34,47)",9941.0000,9741.5000,1.0000,1.0000,57.2500,57.2500,9741.5000,18089.0000,18089.0000
2021-06-09,"MA_Crossover(34,47)",9956.2500,9756.7500,1.0000,1.0000,15.2500,15.2500,9756.7500,18104.2500,18104.2500
2021-06-10,"MA_Crossover(34,47)",9864.2500,9664.7500,1.0000,1.0000,-92.0000,-92.0000,9664.7500,18012.2500,18012.2500
2021-06-11,"MA_Crossover(34,47)",9975.7500,9776.2500,1.0000,1.0000,111.5000,111.5000,9776.2500,18123.7500,18123.7500
2021-06-14,"MA_Crossover(34,47)",9938.2500,9738.7500,1.0000,1.0000,-37.5000,-37.5000,9738.7500,18086.2500,18086.2500
2021-06-15,"MA_Crossover(34,47)",9551.7500,9346.7500,1.0000,1.0000,-392.0000,-392.0000,9346.7500,17694.2500,17694.2500
2021-06-16,"MA_Crossover(34,47)",9652.2500,9446.7500,1.0000,1.0000,100.0000,100.0000,9446.7500,17794.2500,17794.2500
2021-06-17,"MA_Crossover(34,47)",9302.2500,9096.2500,1.0000,1.0000,-350.5000,-350.5000,9096.2500,17443.7500,17443.7500
2021-06-18,"MA_Crossover(34,47)",9133.2500,8918.2500,1.0000,1.0000,-178.0000,-178.0000,8918.2500,17265.7500,17265.7500
2021-06-21,"MA_Crossover(34,47)",9168.0000,8953.0000,1.0000,1.0000,34.7500,34.7500,8953.0000,17300.5000,17300.5000
2021-06-22,"MA_Crossover(34,47)",9288.5000,9073.5000,1.0000,1.0000,120.5000,120.5000,9073.5000,17421.0000,17421.0000
2021-06-23,"MA_Crossover(34,47)",9466.7500,9251.7500,1.0000,1.0000,178.2500,178.2500,9251.7500,17599.2500,17599.2500
2021-06-24,"MA_Crossover(34,47)",9403.7500,9188.7500,1.0000,1.0000,-63.0000,-63.0000,9188.7500,17536.2500,17536.2500
2021-06-25,"MA_Crossover(34,47)",9399.4000,9184.4000,1.0000,1.0000,-4.3500,-4.3500,9184.4000,17531.9000,17531.9000
2021-06-28,"MA_Crossover(34,47)",9372.2500,9157.2500,-1.0000,1.0000,-27.1500,-27.1500,9157.2500,17504.7500,17504.7500
2021-06-29,"MA_Crossover(34,47)",9323.0000,9108.0000,-1.0000,-1.0000,-49.2500,49.2500,-9108.0000,17554.0000,17554.0000
2021-06-30,"MA_Crossover(34,47)",9363.5000,9148.5000,-1.0000,-1.0000,40.5000,-40.5000,-9148.5000,17513.5000,17513.5000
2021-07-01,"MA_Crossover(34,47)",9303.7500,9088.7500,-1.0000,-1.0000,-59.7500,59.7500,-9088.7500,17573.2500,17573.2500
2021-07-02,"MA_Crossover(34,47)",9358.0200,9143.0200,-1.0000,-1.0000,54.2700,-54.2700,-9143.0200,17518.9800,17518.9800
2021-07-05,"MA_Crossover(34,47)",9490.1000,9275.1000,-1.0000,-1.0000,132.0800,-132.0800,-9275.1000,17386.9000,17386.9000
2021-07-06,"MA_Crossover(34,47)",9290.0400,9075.0400,-1.0000,-1.0000,-200.0600,200.0600,-9075.0400,17586.9600,17586.9600
2021-07-07,"MA_Crossover(34,47)",9430.8100,9215.8100,-1.0000,-1.0000,140.7700,-140.7700,-9215.8100,17446.1900,17446.1900
2021-07-08,"MA_Crossover(34,47)",9294.5000,9079.5000,-1.0000,-1.0000,-136.3100,136.3100,-9079.5000,17582.5000,17582.5000
2021-07-09,"MA_Crossover(34,47)",9488.7500,9273.7500,-1.0000,-1.0000,194.2500,-194.2500,-9273.7500,17388.2500,17388.2500
2021-07-12,"MA_Crossover(34,47)",9379.5000,9164.5000,-1.0000,-1.0000,-109.2500,109.2500,-9164.5000,17497.5000,17497.5000
2021-07-13,"MA_Crossover(34,47)",9379.2500,9164.2500,-1.0000,-1.0000,-0.2500,0.2500,-9164.2500,17497.7500,17497.7500
2021-07-14,"MA_Crossover(34,47)",9306.5500,9091.5500,-1.0000,-1.0000,-72.7000,72.7000,-9091.5500,17570.4500,17570.4500
2021-07-15,"MA_Crossover(34,47)",9452.7500,9237.7500,-1.0000,-1.0000,146.2000,-146.2000,-9237.7500,17424.2500,17424.2500
2021-07-16,"MA_Crossover(34,47)",9391.5000,9176.5000,-1.0000,-1.0000,-61.2500,61.2500,-9176.5000,17485.5000,17485.5000
2021-07-19,"MA_Crossover(34,47)",9188.5000,8973.5000,-1.0000,-1.0000,-203.0000,203.0000,-8973.5000,17688.5000,17688.5000
2021-07-20,"MA_Crossover(34,47)",9318.5000,9097.5000,-1.0000,-1.0000,124.0000,-124.0000,-9097.5000,17564.5000,17564.5000
2021-07-21,"MA_Crossover(34,47)",9331.5000,9111.0000,-1.0000,-1.0000,13.5000,-13.5000,-9111.0000,17551.0000,17551.0000
2021-07-22,"MA_Crossover(34,47)",9428.2800,9207.0000,-1.0000,-1.0000,96.0000,-96.0000,-9207.0000,17455.0000,17455.0000
2021-07-23,"MA_Crossover(34,47)",9503.5000,9273.5000,-1.0000,-1.0000,66.5000,-66.5000,-9273.5000,17388.5000,17388.5000
2021-07-26,"MA_Crossover(34,47)",9799.2500,9569.2500,-1.0000,-1.0000,295.7500,-295.7500,-9569.2500,17092.7500,17092.7500
2021-07-27,"MA_Crossover(34,47)",9746.5000,9516.5000,-1.0000,-1.0000,-52.7500,52.7500,-9516.5000,17145.5000,17145.5000
2021-07-28,"MA_Crossover(34,47)",9671.0000,9441.0000,-1.0000,-1.0000,-75.5000,75.5000,-9441.0000,17221.0000,17221.0000
2021-07-29,"MA_Crossover(34,47)",9806.5000,9576.5000,-1.0000,-1.0000,135.5000,-135.5000,-9576.5000,17085.5000,17085.5000
2021-07-30,"MA_Crossover(34,47)",9708.7500,9478.7500,-1.0000,-1.0000,-97.7500,97.7500,-9478.7500,17183.2500,17183.2500
2021-08-02,"MA_Crossover(34,47)",9680.2000,9450.2000,-1.0000,-1.0000,-28.5500,28.5500,-9450.2000,17211.8000,17211.8000
2021-08-03,"MA_Crossover(34,47)",9520.0000,9290.0000,-1.0000,-1.0000,-160.2000,160.2000,-9290.0000,17372.0000,17372.0000
2021-08-04,"MA_Crossover(34,47)",9443.7500,9213.7500,-1.0000,-1.0000,-76.2500,76.2500,-9213.7500,17448.2500,17448.2500
2021-08-05,"MA_Crossover(34,47)",9469.7600,9239.7600,-1.0000,-1.0000,26.0100,-26.0100,-9239.7600,17422.2400,17422.2400
2021-08-06,"MA_Crossover(34,47)",9444.0000,9214.0000,-1.0000,-1.0000,-25.7600,25.7600,-9214.0000,17448.0000,17448.0000
2021-08-09,"MA_Crossover(34,47)",9342.2500,9112.2500,-1.0000,-1.0000,-101.7500,101.7500,-9112.2500,17549.7500,17549.7500
2021-08-10,"MA_Crossover(34,47)",9495.7500,9265.7500,-1.0000,-1.0000,153.5000,-153.5000,-9265.7500,17396.2500,17396.2500
2021-08-11,"MA_Crossover(34,47)",9484.2500,9254.2500,-1.0000,-1.0000,-11.5000,11.5000,-9254.2500,17407.7500,17407.7500
2021-08-12,"MA_Crossover(34,47)",9437.0000,9207.0000,-1.0000,-1.0000,-47.2500,47.2500,-9207.0000,17455.0000,17455.0000
2021-08-13,"MA_Crossover(34,47)",9542.7500,9312.7500,-1.0000,-1.0000,105.7500,-105.7500,-9312.7500,17349.2500,17349.2500
2021-08-16,"MA_Crossover(34,47)",9419.5000,9189.5000,1.0000,-1.0000,-123.2500,123.2500,-9189.5000,17472.5000,17472.5000
2021-08-17,"MA_Crossover(34,47)",9233.5000,9005.2500,1.0000,1.0000,-184.2500,-184.2500,9005.2500,17288.2500,17288.2500
2021-08-18,"MA_Crossover(34,47)",9032.0000,8803.0000,1.0000,1.0000,-202.2500,-202.2500,8803.0000,17086.0000,17086.0000
2021-08-19,"MA_Crossover(34,47)",8892.0000,8658.7500,1.0000,1.0000,-144.2500,-144.2500,8658.7500,16941.7500,16941.7500
2021-08-20,"MA_Crossover(34,47)",9041.0000,8806.0000,1.0000,1.0000,147.2500,147.2500,8806.0000,17089.0000,17089.0000
2021-08-23,"MA_Crossover(34,47)",9290.9500,9055.9500,1.0000,1.0000,249.9500,249.9500,9055.9500,17338.9500,17338.9500
2021-08-24,"MA_Crossover(34,47)",9374.5000,9139.5000,1.0000,1.0000,83.5500,83.5500,9139.5000,17422.5000,17422.5000
2021-08-25,"MA_Crossover(34,47)",9356.5000,9121.5000,1.0000,1.0000,-18.0000,-18.0000,9121.5000,17404.5000,17404.5000
2021-08-26,"MA_Crossover(34,47)",9305.0000,9070.0000,1.0000,1.0000,-51.5000,-51.5000,9070.0000,17353.0000,17353.0000
2021-08-27,"MA_Crossover(34,47)",9413.7500,9178.7500,1.0000,1.0000,108.7500,108.7500,9178.7500,17461.7500,17461.7500
2021-08-31,"MA_Crossover(34,47)",9525.2500,9290.2500,1.0000,1.0000,111.5000,111.5000,9290.2500,17573.2500,17573.2500
2021-09-01,"MA_Crossover(34,47)",9333.2500,9098.2500,1.0000,1.0000,-192.0000,-192.0000,9098.2500,17381.2500,17381.2500
2021-09-02,"MA_Crossover(34,47)",9366.7500,9131.7500,1.0000,1.0000,33.5000,33.5000,9131.7500,17414.7500,17414.7500
2021-09-03,"MA_Crossover(34,47)",9422.7500,9187.7500,1.0000,1.0000,56.0000,56.0000,9187.7500,17470.7500,17470.7500
2021-09-06,"MA_Crossover(34,47)",9443.7500,9208.7500,1.0000,1.0000,21.0000,21.0000,9208.7500,17491.7500,17491.7500
2021-09-07,"MA_Crossover(34,47)",9333.6500,9098.6500,1.0000,1.0000,-110.1000,-110.1000,9098.6500,17381.6500,17381.6500
2021-09-08,"MA_Crossover(34,47)",9228.5000,8993.5000,1.0000,1.0000,-105.1500,-105.1500,8993.5000,17276.5000,17276.5000
2021-09-09,"MA_Crossover(34,47)",9369.5000,9134.5000,1.0000,1.0000,141.0000,141.0000,9134.5000,17417.5000,17417.5000
2021-09-10,"MA_Crossover(34,47)",9684.5000,9449.5000,1.0000,1.0000,315.0000,315.0000,9449.5000,17732.5000,17732.5000
2021-09-13,"MA_Crossover(34,47)",9550.5000,9315.5000,1.0000,1.0000,-134.0000,-134.0000,9315.5000,17598.5000,17598.5000
2021-09-14,"MA_Crossover(34,47)",9434.0000,9197.7500,-1.0000,1.0000,-117.7500,-117.7500,9197.7500,17480.7500,17480.7500
2021-09-15,"MA_Crossover(34,47)",9617.7500,9383.0000,-1.0000,-1.0000,185.2500,-185.2500,-9383.0000,17295.5000,17295.5000
2021-09-16,"MA_Crossover(34,47)",9357.0000,9122.7500,-1.0000,-1.0000,-260.2500,260.2500,-9122.7500,17555.7500,17555.7500
2021-09-17,"MA_Crossover(34,47)",9307.2500,9068.0000,-1.0000,-1.0000,-54.7500,54.7500,-9068.0000,17610.5000,17610.5000
2021-09-20,"MA_Crossover(34,47)",9034.1500,8794.9000,-1.0000,-1.0000,-273.1000,273.1000,-8794.9000,17883.6000,17883.6000
2021-09-21,"MA_Crossover(34,47)",8976.5000,8737.2500,-1.0000,-1.0000,-57.6500,57.6500,-8737.2500,17941.2500,17941.2500
2021-09-22,"MA_Crossover(34,47)",9295.7500,9056.5000,-1.0000,-1.0000,319.2500,-319.2500,-9056.5000,17622.0000,17622.0000
2021-09-23,"MA_Crossover(34,47)",9282.4500,9043.2000,-1.0000,-1.0000,-13.3000,13.3000,-9043.2000,17635.3000,17635.3000
2021-09-24,"MA_Crossover(34,47)",9341.7500,9102.5000,-1.0000,-1.0000,59.3000,-59.3000,-9102.5000,17576.0000,17576.0000
2021-09-27,"MA_Crossover(34,47)",9369.5000,9130.2500,-1.0000,-1.0000,27.7500,-27.7500,-9130.2500,17548.2500,17548.2500
2021-09-28,"MA_Crossover(34,47)",9273.1000,9033.8500,-1.0000,-1.0000,-96.4000,96.4000,-9033.8500,17644.6500,17644.6500
2021-09-29,"MA_Crossover(34,47)",9165.0000,8925.7500,-1.0000,-1.0000,-108.1000,108.1000,-8925.7500,17752.7500,17752.7500
2021-09-30,"MA_Crossover(34,47)",8940.5000,8701.2500,-1.0000,-1.0000,-224.5000,224.5000,-8701.2500,17977.2500,17977.2500
2021-10-01,"MA_Crossover(34,47)",9131.5000,8892.2500,-1.0000,-1.0000,191.0000,-191.0000,-8892.2500,17786.2500,17786.2500
2021-10-04,"MA_Crossover(34,47)",9254.0000,9014.7500,-1.0000,-1.0000,122.5000,-122.5000,-9014.7500,17663.7500,17663.7500
2021-10-05,"MA_Crossover(34,47)",9175.0000,8935.7500,-1.0000,-1.0000,-79.0000,79.0000,-8935.7500,17742.7500,17742.7500
2021-10-06,"MA_Crossover(34,47)",9048.3500,8809.1000,-1.0000,-1.0000,-126.6500,126.6500,-8809.1000,17869.4000,17869.4000
2021-10-07,"MA_Crossover(34,47)",9282.2500,9043.0000,-1.0000,-1.0000,233.9000,-233.9000,-9043.0000,17635.5000,17635.5000
2021-10-08,"MA_Crossover(34,47)",9367.7500,9128.5000,-1.0000,-1.0000,85.5000,-85.5000,-9128.5000,17550.0000,17550.0000
2021-10-11,"MA_Crossover(34,47)",9564.7500,9325.5000,1.0000,-1.0000,197.0000,-197.0000,-9325.5000,17353.0000,17353.0000
2021-10-12,"MA_Crossover(34,47)",9490.0000,9250.7500,1.0000,1.0000,-74.7500,-74.7500,9250.7500,17278.2500,17278.2500
2021-10-13,"MA_Crossover(34,47)",9701.5000,9462.2500,1.0000,1.0000,211.5000,211.5000,9462.2500,17489.7500,17489.7500
2021-10-14,"MA_Crossover(34,47)",10076.0000,9836.7500,1.0000,1.0000,374.5000,374.5000,9836.7500,17864.2500,17864.2500
2021-10-15,"MA_Crossover(34,47)",10493.0000,10253.7500,1.0000,1.0000,417.0000,417.0000,10253.7500,18281.2500,18281.2500
2021-10-18,"MA_Crossover(34,47)",11299.5000,11060.2500,1.0000,1.0000,806.5000,806.5000,11060.2500,19087.7500,19087.7500
2021-10-19,"MA_Crossover(34,47)",10207.5000,10995.2500,1.0000,1.0000,-65.0000,-65.0000,10995.2500,19022.7500,19022.7500
2021-10-20,"MA_Crossover(34,47)",10271.2500,11043.0000,1.0000,1.0000,47.7500,47.7500,11043.0000,19070.5000,19070.5000
2021-10-21,"MA_Crossover(34,47)",9948.5000,10699.2500,1.0000,1.0000,-343.7500,-343.7500,10699.2500,18726.7500,18726.7500
2021-10-22,"MA_Crossover(34,47)",9792.0000,10612.7500,1.0000,1.0000,-86.5000,-86.5000,10612.7500,18640.2500,18640.2500
2021-10-25,"MA_Crossover(34,47)",9960.7500,10781.5000,1.0000,1.0000,168.7500,168.7500,10781.5000,18809.0000,18809.0000
2021-10-26,"MA_Crossover(34,47)",9885.5000,10706.2500,1.0000,1.0000,-75.2500,-75.2500,10706.2500,18733.7500,18733.7500
2021-10-27,"MA_Crossover(34,47)",9625.0000,10445.7500,1.0000,1.0000,-260.5000,-260.5000,10445.7500,18473.2500,18473.2500
2021-10-28,"MA_Crossover(34,47)",9815.5000,10636.2500,1.0000,1.0000,190.5000,190.5000,10636.2500,18663.7500,18663.7500
2021-10-29,"MA_Crossover(34,47)",9728.5000,10549.2500,1.0000,1.0000,-87.0000,-87.0000,10549.2500,18576.7500,18576.7500
2021-11-01,"MA_Crossover(34,47)",9958.0000,10778.7500,1.0000,1.0000,229.5000,229.5000,10778.7500,18806.2500,18806.2500
2021-11-02,"MA_Crossover(34,47)",9745.5000,10566.2500,1.0000,1.0000,-212.5000,-212.5000,10566.2500,18593.7500,18593.7500
2021-11-03,"MA_Crossover(34,47)",9646.5000,10467.2500,1.0000,1.0000,-99.0000,-99.0000,10467.2500,18494.7500,18494.7500
2021-11-04,"MA_Crossover(34,47)",9699.0000,10519.7500,1.0000,1.0000,52.5000,52.5000,10519.7500,18547.2500,18547.2500
2021-11-05,"MA_Crossover(34,47)",9752.0000,10572.7500,1.0000,1.0000,53.0000,53.0000,10572.7500,18600.2500,18600.2500
2021-11-08,"MA_Crossover(34,47)",9897.5000,10718.2500,1.0000,1.0000,145.5000,145.5000,10718.2500,18745.7500,18745.7500
2021-11-09,"MA_Crossover(34,47)",9764.5000,10585.2500,1.0000,1.0000,-133.0000,-133.0000,10585.2500,18612.7500,18612.7500
2021-11-10,"MA_Crossover(34,47)",9705.5000,10526.2500,1.0000,1.0000,-59.0000,-59.0000,10526.2500,18553.7500,18553.7500
2021-11-11,"MA_Crossover(34,47)",9808.5000,10629.2500,1.0000,1.0000,103.0000,103.0000,10629.2500,18656.7500,18656.7500
2021-11-12,"MA_Crossover(34,47)",9841.0000,10661.7500,1.0000,1.0000,32.5000,32.5000,10661.7500,18689.2500,18689.2500
2021-11-15,"MA_Crossover(34,47)",9705.5000,10526.2500,1.0000,1.0000,-135.5000,-135.5000,10526.2500,18553.7500,18553.7500
2021-11-16,"MA_Crossover(34,47)",9576.5000,10383.2500,1.0000,1.0000,-143.0000,-143.0000,10383.2500,18410.7500,18410.7500
2021-11-17,"MA_Crossover(34,47)",9427.4000,10234.1500,1.0000,1.0000,-149.1000,-149.1000,10234.1500,18261.6500,18261.6500
2021-11-18,"MA_Crossover(34,47)",9503.5000,10297.2500,1.0000,1.0000,63.1000,63.1000,10297.2500,18324.7500,18324.7500
2021-11-19,"MA_Crossover(34,47)",9744.0000,10559.7500,1.0000,1.0000,262.5000,262.5000,10559.7500,18587.2500,18587.2500
2021-11-22,"MA_Crossover(34,47)",9831.5000,10647.2500,1.0000,1.0000,87.5000,87.5000,10647.2500,18674.7500,18674.7500
2021-11-23,"MA_Crossover(34,47)",9809.0000,10624.7500,1.0000,1.0000,-22.5000,-22.5000,10624.7500,18652.2500,18652.2500
2021-11-24,"MA_Crossover(34,47)",9904.0000,10719.7500,1.0000,1.0000,95.0000,95.0000,10719.7500,18747.2500,18747.2500
2021-11-25,"MA_Crossover(34,47)",9898.0000,10713.7500,1.0000,1.0000,-6.0000,-6.0000,10713.7500,18741.2500,18741.2500
2021-11-26,"MA_Crossover(34,47)",9578.0000,10393.7500,1.0000,1.0000,-320.0000,-320.0000,10393.7500,18421.2500,18421.2500
2021-11-29,"MA_Crossover(34,47)",9670.5000,10486.2500,1.0000,1.0000,92.5000,92.5000,10486.2500,18513.7500,18513.7500
2021-11-30,"MA_Crossover(34,47)",9522.5000,10338.2500,1.0000,1.0000,-148.0000,-148.0000,10338.2500,18365.7500,18365.7500
2021-12-01,"MA_Crossover(34,47)",9498.2500,10314.0000,1.0000,1.0000,-24.2500,-24.2500,10314.0000,18341.5000,18341.5000
2021-12-02,"MA_Crossover(34,47)",9593.0000,10408.7500,1.0000,1.0000,94.7500,94.7500,10408.7500,18436.2500,18436.2500
2021-12-03,"MA_Crossover(34,47)",9489.0000,10304.7500,1.0000,1.0000,-104.0000,-104.0000,10304.7500,18332.2500,18332.2500
2021-12-06,"MA_Crossover(34,47)",9562.0000,10377.7500,1.0000,1.0000,73.0000,73.0000,10377.7500,18405.2500,18405.2500
2021-12-07,"MA_Crossover(34,47)",9616.5000,10432.2500,-1.0000,1.0000,54.5000,54.5000,10432.2500,18459.7500,18459.7500
2021-12-08,"MA_Crossover(34,47)",9658.5000,10474.2500,-1.0000,-1.0000,42.0000,-42.0000,-10474.2500,18417.7500,18417.7500
2021-12-09,"MA_Crossover(34,47)",9542.5000,10358.2500,-1.0000,-1.0000,-116.0000,116.0000,-10358.2500,18533.7500,18533.7500
2021-12-10,"MA_Crossover(34,47)",9507.5000,10323.2500,-1.0000,-1.0000,-35.0000,35.0000,-10323.2500,18568.7500,18568.7500
2021-12-13,"MA_Crossover(34,47)",9435.0000,10250.7500,-1.0000,-1.0000,-72.5000,72.5000,-10250.7500,18641.2500,18641.2500
2021-12-14,"MA_Crossover(34,47)",9421.5000,10218.2500,-1.0000,-1.0000,-32.5000,32.5000,-10218.2500,18673.7500,18673.7500
2021-12-15,"MA_Crossover(34,47)",9227.5000,10009.2500,-1.0000,-1.0000,-209.0000,209.0000,-10009.2500,18882.7500,18882.7500
2021-12-16,"MA_Crossover(34,47)",9537.5000,10324.2500,-1.0000,-1.0000,315.0000,-315.0000,-10324.2500,18567.7500,18567.7500
2021-12-17,"MA_Crossover(34,47)",9479.5000,10281.2500,-1.0000,-1.0000,-43.0000,43.0000,-10281.2500,18610.7500,18610.7500
2021-12-20,"MA_Crossover(34,47)",9474.0000,10275.7500,-1.0000,-1.0000,-5.5000,5.5000,-10275.7500,18616.2500,18616.2500
2021-12-21,"MA_Crossover(34,47)",9573.0000,10374.7500,-1.0000,-1.0000,99.0000,-99.0000,-10374.7500,18517.2500,18517.2500
2021-12-22,"MA_Crossover(34,47)",9652.0000,10453.7500,-1.0000,-1.0000,79.0000,-79.0000,-10453.7500,18438.2500,18438.2500
2021-12-23,"MA_Crossover(34,47)",9646.0000,10447.7500,-1.0000,-1.0000,-6.0000,6.0000,-10447.7500,18444.2500,18444.2500
2021-12-24,"MA_Crossover(34,47)",9606.5000,10408.2500,-1.0000,-1.0000,-39.5000,39.5000,-10408.2500,18483.7500,18483.7500
2021-12-29,"MA_Crossover(34,47)",9736.5000,10538.2500,-1.0000,-1.0000,130.0000,-130.0000,-10538.2500,18353.7500,18353.7500
2021-12-30,"MA_Crossover(34,47)",9732.0000,10533.7500,-1.0000,-1.0000,-4.5000,4.5000,-10533.7500,18358.2500,18358.2500
2021-12-31,"MA_Crossover(34,47)",9747.5000,10549.2500,-1.0000,-1.0000,15.5000,-15.5000,-10549.2500,18342.7500,18342.7500
2022-01-04,"MA_Crossover(34,47)",9795.0000,10596.7500,-1.0000,-1.0000,47.5000,-47.5000,-10596.7500,18295.2500,18295.2500
2022-01-05,"MA_Crossover(34,47)",9713.7500,10515.5000,-1.0000,-1.0000,-81.2500,81.2500,-10515.5000,18376.5000,18376.5000
2022-01-06,"MA_Crossover(34,47)",9544.0000,10345.7500,-1.0000,-1.0000,-169.7500,169.7500,-10345.7500,18546.2500,18546.2500
2022-01-07,"MA_Crossover(34,47)",9675.0000,10476.7500,-1.0000,-1.0000,131.0000,-131.0000,-10476.7500,18415.2500,18415.2500
2022-01-10,"MA_Crossover(34,47)",9571.0000,10372.7500,-1.0000,-1.0000,-104.0000,104.0000,-10372.7500,18519.2500,18519.2500
2022-01-11,"MA_Crossover(34,47)",9735.5000,10537.2500,-1.0000,-1.0000,164.5000,-164.5000,-10537.2500,18354.7500,18354.7500
2022-01-12,"MA_Crossover(34,47)",10084.5000,10886.2500,-1.0000,-1.0000,349.0000,-349.0000,-10886.2500,18005.7500,18005.7500
2022-01-13,"MA_Crossover(34,47)",9972.5000,10774.2500,-1.0000,-1.0000,-112.0000,112.0000,-10774.2500,18117.7500,18117.7500
2022-01-14,"MA_Crossover(34,47)",9730.7500,10532.5000,-1.0000,-1.0000,-241.7500,241.7500,-10532.5000,18359.5000,18359.5000
2022-01-17,"MA_Crossover(34,47)",9749.0000,10550.7500,-1.0000,-1.0000,18.2500,-18.2500,-10550.7500,18341.2500,18341.2500
2022-01-18,"MA_Crossover(34,47)",9691.5000,10484.2500,-1.0000,-1.0000,-66.5000,66.5000,-10484.2500,18407.7500,18407.7500
2022-01-19,"MA_Crossover(34,47)",9861.2500,10652.0000,-1.0000,-1.0000,167.7500,-167.7500,-10652.0000,18240.0000,18240.0000
2022-01-20,"MA_Crossover(34,47)",10014.0000,10803.7500,-1.0000,-1.0000,151.7500,-151.7500,-10803.7500,18088.2500,18088.2500
2022-01-21,"MA_Crossover(34,47)",9977.0000,10775.7500,-1.0000,-1.0000,-28.0000,28.0000,-10775.7500,18116.2500,18116.2500
2022-01-24,"MA_Crossover(34,47)",9763.0000,10561.7500,1.0000,-1.0000,-214.0000,214.0000,-10561.7500,18330.2500,18330.2500
2022-01-25,"MA_Crossover(34,47)",9832.7500,10631.5000,1.0000,1.0000,69.7500,69.7500,10631.5000,18400.0000,18400.0000
2022-01-26,"MA_Crossover(34,47)",9955.5000,10754.2500,1.0000,1.0000,122.7500,122.7500,10754.2500,18522.7500,18522.7500
2022-01-27,"MA_Crossover(34,47)",9830.7500,10629.5000,1.0000,1.0000,-124.7500,-124.7500,10629.5000,18398.0000,18398.0000
2022-01-28,"MA_Crossover(34,47)",9555.5000,10354.2500,1.0000,1.0000,-275.2500,-275.2500,10354.2500,18122.7500,18122.7500
2022-01-31,"MA_Crossover(34,47)",9554.0000,10352.7500,1.0000,1.0000,-1.5000,-1.5000,10352.7500,18121.2500,18121.2500
2022-02-01,"MA_Crossover(34,47)",9730.5000,10529.2500,1.0000,1.0000,176.5000,176.5000,10529.2500,18297.7500,18297.7500
2022-02-02,"MA_Crossover(34,47)",9877.7500,10676.5000,1.0000,1.0000,147.2500,147.2500,10676.5000,18445.0000,18445.0000
2022-02-03,"MA_Crossover(34,47)",9867.5000,10666.2500,1.0000,1.0000,-10.2500,-10.2500,10666.2500,18434.7500,18434.7500
2022-02-04,"MA_Crossover(34,47)",9871.5000,10670.2500,1.0000,1.0000,4.0000,4.0000,10670.2500,18438.7500,18438.7500
2022-02-07,"MA_Crossover(34,47)",9809.2500,10608.0000,1.0000,1.0000,-62.2500,-62.2500,10608.0000,18376.5000,18376.5000
2022-02-08,"MA_Crossover(34,47)",9811.2500,10610.0000,1.0000,1.0000,2.0000,2.0000,10610.0000,18378.5000,18378.5000
2022-02-09,"MA_Crossover(34,47)",10100.5000,10899.2500,1.0000,1.0000,289.2500,289.2500,10899.2500,18667.7500,18667.7500
2022-02-10,"MA_Crossover(34,47)",10305.0000,11103.7500,1.0000,1.0000,204.5000,204.5000,11103.7500,18872.2500,18872.2500
2022-02-11,"MA_Crossover(34,47)",9894.5000,10693.2500,1.0000,1.0000,-410.5000,-410.5000,10693.2500,18461.7500,18461.7500
2022-02-14,"MA_Crossover(34,47)",9984.5000,10783.2500,1.0000,1.0000,90.0000,90.0000,10783.2500,18551.7500,18551.7500
2022-02-15,"MA_Crossover(34,47)",10003.5000,10804.7500,1.0000,1.0000,21.5000,21.5000,10804.7500,18573.2500,18573.2500
2022-02-16,"MA_Crossover(34,47)",10029.7500,10828.5000,1.0000,1.0000,23.7500,23.7500,10828.5000,18597.0000,18597.0000
2022-02-17,"MA_Crossover(34,47)",9967.0000,10762.7500,1.0000,1.0000,-65.7500,-65.7500,10762.7500,18531.2500,18531.2500
2022-02-18,"MA_Crossover(34,47)",9996.5000,10816.2500,1.0000,1.0000,53.5000,53.5000,10816.2500,18584.7500,18584.7500
2022-02-21,"MA_Crossover(34,47)",9946.0000,10765.7500,1.0000,1.0000,-50.5000,-50.5000,10765.7500,18534.2500,18534.2500
2022-02-22,"MA_Crossover(34,47)",9961.2500,10781.0000,1.0000,1.0000,15.2500,15.2500,10781.0000,18549.5000,18549.5000
2022-02-23,"MA_Crossover(34,47)",9910.5000,10730.2500,1.0000,1.0000,-50.7500,-50.7500,10730.2500,18498.7500,18498.7500
2022-02-24,"MA_Crossover(34,47)",9911.5000,10731.2500,1.0000,1.0000,1.0000,1.0000,10731.2500,18499.7500,18499.7500
2022-02-25,"MA_Crossover(34,47)",9917.0000,10736.7500,1.0000,1.0000,5.5000,5.5000,10736.7500,18505.2500,18505.2500
2022-02-28,"MA_Crossover(34,47)",9919.0000,10738.7500,1.0000,1.0000,2.0000,2.0000,10738.7500,18507.2500,18507.2500
2022-03-01,"MA_Crossover(34,47)",10095.5000,10915.2500,1.0000,1.0000,176.5000,176.5000,10915.2500,18683.7500,18683.7500
2022-03-02,"MA_Crossover(34,47)",10198.2500,11018.0000,1.0000,1.0000,102.7500,102.7500,11018.0000,18786.5000,18786.5000
2022-03-03,"MA_Crossover(34,47)",10385.5000,11205.2500,1.0000,1.0000,187.2500,187.2500,11205.2500,18973.7500,18973.7500
2022-03-04,"MA_Crossover(34,47)",10701.0000,11520.7500,1.0000,1.0000,315.5000,315.5000,11520.7500,19289.2500,19289.2500
2022-03-07,"MA_Crossover(34,47)",10265.5000,11085.2500,1.0000,1.0000,-435.5000,-435.5000,11085.2500,18853.7500,18853.7500
2022-03-08,"MA_Crossover(34,47)",10178.7500,10998.5000,1.0000,1.0000,-86.7500,-86.7500,10998.5000,18767.0000,18767.0000
2022-03-09,"MA_Crossover(34,47)",9979.0000,10798.7500,1.0000,1.0000,-199.7500,-199.7500,10798.7500,18567.2500,18567.2500
2022-03-10,"MA_Crossover(34,47)",10096.0000,10915.7500,1.0000,1.0000,117.0000,117.0000,10915.7500,18684.2500,18684.2500
2022-03-11,"MA_Crossover(34,47)",10152.5000,10972.2500,1.0000,1.0000,56.5000,56.5000,10972.2500,18740.7500,18740.7500
2022-03-14,"MA_Crossover(34,47)",9894.5000,10714.2500,1.0000,1.0000,-258.0000,-258.0000,10714.2500,18482.7500,18482.7500
2022-03-15,"MA_Crossover(34,47)",9895.0000,10693.7500,1.0000,1.0000,-20.5000,-20.5000,10693.7500,18462.2500,18462.2500
2022-03-16,"MA_Crossover(34,47)",10069.0000,10854.7500,1.0000,1.0000,161.0000,161.0000,10854.7500,18623.2500,18623.2500
2022-03-17,"MA_Crossover(34,47)",10251.5000,11041.7500,1.0000,1.0000,187.0000,187.0000,11041.7500,18810.2500,18810.2500
2022-03-18,"MA_Crossover(34,47)",10342.0000,11131.7500,1.0000,1.0000,90.0000,90.0000,11131.7500,18900.2500,18900.2500
2022-03-21,"MA_Crossover(34,47)",10301.5500,11091.3000,1.0000,1.0000,-40.4500,-40.4500,11091.3000,18859.8000,18859.8000
2022-03-22,"MA_Crossover(34,47)",10266.5000,11056.2500,1.0000,1.0000,-35.0500,-35.0500,11056.2500,18824.7500,18824.7500
2022-03-23,"MA_Crossover(34,47)",10446.0000,11235.7500,1.0000,1.0000,179.5000,179.5000,11235.7500,19004.2500,19004.2500
2022-03-24,"MA_Crossover(34,47)",10332.5000,11122.2500,1.0000,1.0000,-113.5000,-113.5000,11122.2500,18890.7500,18890.7500
2022-03-25,"MA_Crossover(34,47)",10255.0000,11044.7500,1.0000,1.0000,-77.5000,-77.5000,11044.7500,18813.2500,18813.2500
2022-03-28,"MA_Crossover(34,47)",10342.0000,11131.7500,1.0000,1.0000,87.0000,87.0000,11131.7500,18900.2500,18900.2500
2022-03-29,"MA_Crossover(34,47)",10319.5000,11109.2500,1.0000,1.0000,-22.5000,-22.5000,11109.2500,18877.7500,18877.7500
2022-03-30,"MA_Crossover(34,47)",10367.5000,11157.2500,1.0000,1.0000,48.0000,48.0000,11157.2500,18925.7500,18925.7500
2022-03-31,"MA_Crossover(34,47)",10372.5000,11162.2500,1.0000,1.0000,5.0000,5.0000,11162.2500,18930.7500,18930.7500
2022-04-01,"MA_Crossover(34,47)",10347.0000,11136.7500,1.0000,1.0000,-25.5000,-25.5000,11136.7500,18905.2500,18905.2500
2022-04-04,"MA_Crossover(34,47)",10455.2500,11245.0000,1.0000,1.0000,108.2500,108.2500,11245.0000,19013.5000,19013.5000
2022-04-05,"MA_Crossover(34,47)",10437.0000,11226.7500,1.0000,1.0000,-18.2500,-18.2500,11226.7500,18995.2500,18995.2500
2022-04-06,"MA_Crossover(34,47)",10286.7500,11076.5000,1.0000,1.0000,-150.2500,-150.2500,11076.5000,18845.0000,18845.0000
2022-04-07,"MA_Crossover(34,47)",10294.5000,11084.2500,1.0000,1.0000,7.7500,7.7500,11084.2500,18852.7500,18852.7500
2022-04-08,"MA_Crossover(34,47)",10304.7500,11094.5000,1.0000,1.0000,10.2500,10.2500,11094.5000,18863.0000,18863.0000
2022-04-11,"MA_Crossover(34,47)",10181.2500,10971.0000,1.0000,1.0000,-123.5000,-123.5000,10971.0000,18739.5000,18739.5000
2022-04-12,"MA_Crossover(34,47)",10330.0000,11119.7500,1.0000,1.0000,148.7500,148.7500,11119.7500,18888.2500,18888.2500
2022-04-13,"MA_Crossover(34,47)",10284.0000,11073.7500,1.0000,1.0000,-46.0000,-46.0000,11073.7500,18842.2500,18842.2500
2022-04-14,"MA_Crossover(34,47)",10297.5000,11087.2500,1.0000,1.0000,13.5000,13.5000,11087.2500,18855.7500,18855.7500
2022-04-19,"MA_Crossover(34,47)",10288.5000,11080.7500,1.0000,1.0000,-6.5000,-6.5000,11080.7500,18849.2500,18849.2500
2022-04-20,"MA_Crossover(34,47)",10205.5000,10998.5000,1.0000,1.0000,-82.2500,-82.2500,10998.5000,18767.0000,18767.0000
2022-04-21,"MA_Crossover(34,47)",10275.7500,11066.2500,1.0000,1.0000,67.7500,67.7500,11066.2500,18834.7500,18834.7500
2022-04-22,"MA_Crossover(34,47)",10103.2500,10887.0000,1.0000,1.0000,-179.2500,-179.2500,10887.0000,18655.5000,18655.5000
2022-04-25,"MA_Crossover(34,47)",9773.8000,10557.5500,1.0000,1.0000,-329.4500,-329.4500,10557.5500,18326.0500,18326.0500
2022-04-26,"MA_Crossover(34,47)",9860.5000,10644.2500,1.0000,1.0000,86.7000,86.7000,10644.2500,18412.7500,18412.7500
2022-04-27,"MA_Crossover(34,47)",9865.5000,10649.2500,1.0000,1.0000,5.0000,5.0000,10649.2500,18417.7500,18417.7500
2022-04-28,"MA_Crossover(34,47)",9700.0000,10483.7500,1.0000,1.0000,-165.5000,-165.5000,10483.7500,18252.2500,18252.2500
2022-04-29,"MA_Crossover(34,47)",9772.5000,10556.2500,1.0000,1.0000,72.5000,72.5000,10556.2500,18324.7500,18324.7500
2022-05-03,"MA_Crossover(34,47)",9407.7500,10191.5000,1.0000,1.0000,-364.7500,-364.7500,10191.5000,17960.0000,17960.0000
2022-05-04,"MA_Crossover(34,47)",9468.0000,10251.7500,1.0000,1.0000,60.2500,60.2500,10251.7500,18020.2500,18020.2500
2022-05-05,"MA_Crossover(34,47)",9508.5000,10292.2500,1.0000,1.0000,40.5000,40.5000,10292.2500,18060.7500,18060.7500
2022-05-06,"MA_Crossover(34,47)",9414.0000,10197.7500,-1.0000,1.0000,-94.5000,-94.5000,10197.7500,17966.2500,17966.2500
2022-05-09,"MA_Crossover(34,47)",9244.2500,10028.0000,-1.0000,-1.0000,-169.7500,169.7500,-10028.0000,18136.0000,18136.0000
2022-05-10,"MA_Crossover(34,47)",9239.0000,10022.7500,-1.0000,-1.0000,-5.2500,5.2500,-10022.7500,18141.2500,18141.2500
2022-05-11,"MA_Crossover(34,47)",9361.0000,10144.7500,-1.0000,-1.0000,122.0000,-122.0000,-10144.7500,18019.2500,18019.2500
2022-05-12,"MA_Crossover(34,47)",9105.0000,9888.7500,-1.0000,-1.0000,-256.0000,256.0000,-9888.7500,18275.2500,18275.2500
2022-05-13,"MA_Crossover(34,47)",9185.0000,9968.7500,-1.0000,-1.0000,80.0000,-80.0000,-9968.7500,18195.2500,18195.2500
2022-05-16,"MA_Crossover(34,47)",9255.5000,10039.2500,-1.0000,-1.0000,70.5000,-70.5000,-10039.2500,18124.7500,18124.7500
2022-05-17,"MA_Crossover(34,47)",9379.5000,10159.7500,-1.0000,-1.0000,120.5000,-120.5000,-10159.7500,18004.2500,18004.2500
2022-05-18,"MA_Crossover(34,47)",9246.1000,10029.8500,-1.0000,-1.0000,-129.9000,129.9000,-10029.8500,18134.1500,18134.1500
2022-05-19,"MA_Crossover(34,47)",9435.5000,10216.2500,-1.0000,-1.0000,186.4000,-186.4000,-10216.2500,17947.7500,17947.7500
2022-05-20,"MA_Crossover(34,47)",9441.0000,10229.7500,-1.0000,-1.0000,13.5000,-13.5000,-10229.7500,17934.2500,17934.2500
2022-05-23,"MA_Crossover(34,47)",9568.5000,10357.2500,-1.0000,-1.0000,127.5000,-127.5000,-10357.2500,17806.7500,17806.7500
2022-05-24,"MA_Crossover(34,47)",9459.0000,10247.7500,-1.0000,-1.0000,-109.5000,109.5000,-10247.7500,17916.2500,17916.2500
2022-05-25,"MA_Crossover(34,47)",9375.0000,10163.7500,-1.0000,-1.0000,-84.0000,84.0000,-10163.7500,18000.2500,18000.2500
2022-05-26,"MA_Crossover(34,47)",9350.5000,10139.2500,-1.0000,-1.0000,-24.5000,24.5000,-10139.2500,18024.7500,18024.7500
2022-05-27,"MA_Crossover(34,47)",9459.5000,10248.2500,-1.0000,-1.0000,109.0000,-109.0000,-10248.2500,17915.7500,17915.7500
2022-05-30,"MA_Crossover(34,47)",9543.0000,10331.7500,-1.0000,-1.0000,83.5000,-83.5000,-10331.7500,17832.2500,17832.2500
2022-05-31,"MA_Crossover(34,47)",9451.5000,10240.2500,-1.0000,-1.0000,-91.5000,91.5000,-10240.2500,17923.7500,17923.7500
2022-06-01,"MA_Crossover(34,47)",9504.5000,10293.2500,-1.0000,-1.0000,53.0000,-53.0000,-10293.2500,17870.7500,17870.7500
2022-06-06,"MA_Crossover(34,47)",9748.5000,10537.2500,-1.0000,-1.0000,244.0000,-244.0000,-10537.2500,17626.7500,17626.7500
2022-06-07,"MA_Crossover(34,47)",9704.2500,10493.0000,-1.0000,-1.0000,-44.2500,44.2500,-10493.0000,17671.0000,17671.0000
2022-06-08,"MA_Crossover(34,47)",9741.3000,10530.0500,-1.0000,-1.0000,37.0500,-37.0500,-10530.0500,17633.9500,17633.9500
2022-06-09,"MA_Crossover(34,47)",9622.1000,10410.8500,-1.0000,-1.0000,-119.2000,119.2000,-10410.8500,17753.1500,17753.1500
2022-06-10,"MA_Crossover(34,47)",9448.0000,10236.7500,-1.0000,-1.0000,-174.1000,174.1000,-10236.7500,17927.2500,17927.2500
2022-06-13,"MA_Crossover(34,47)",9285.5000,10074.2500,-1.0000,-1.0000,-162.5000,162.5000,-10074.2500,18089.7500,18089.7500
2022-06-14,"MA_Crossover(34,47)",9226.7500,10010.0000,-1.0000,-1.0000,-64.2500,64.2500,-10010.0000,18154.0000,18154.0000
2022-06-15,"MA_Crossover(34,47)",9232.0000,10010.7500,-1.0000,-1.0000,0.7500,-0.7500,-10010.7500,18153.2500,18153.2500
2022-06-16,"MA_Crossover(34,47)",9081.2500,9856.2500,-1.0000,-1.0000,-154.5000,154.5000,-9856.2500,18307.7500,18307.7500
2022-06-17,"MA_Crossover(34,47)",8969.0000,9750.7500,-1.0000,-1.0000,-105.5000,105.5000,-9750.7500,18413.2500,18413.2500
2022-06-20,"MA_Crossover(34,47)",8992.2500,9774.0000,-1.0000,-1.0000,23.2500,-23.2500,-9774.0000,18390.0000,18390.0000
2022-06-21,"MA_Crossover(34,47)",9004.4900,9786.2400,-1.0000,-1.0000,12.2400,-12.2400,-9786.2400,18377.7600,18377.7600
2022-06-22,"MA_Crossover(34,47)",8785.5000,9567.2500,-1.0000,-1.0000,-218.9900,218.9900,-9567.2500,18596.7500,18596.7500
2022-06-23,"MA_Crossover(34,47)",8415.0000,9196.7500,-1.0000,-1.0000,-370.5000,370.5000,-9196.7500,18967.2500,18967.2500
2022-06-24,"MA_Crossover(34,47)",8392.0000,9173.7500,-1.0000,-1.0000,-23.0000,23.0000,-9173.7500,18990.2500,18990.2500
2022-06-27,"MA_Crossover(34,47)",8430.2500,9212.0000,-1.0000,-1.0000,38.2500,-38.2500,-9212.0000,18952.0000,18952.0000
2022-06-28,"MA_Crossover(34,47)",8374.0000,9155.7500,-1.0000,-1.0000,-56.2500,56.2500,-9155.7500,19008.2500,19008.2500
2022-06-29,"MA_Crossover(34,47)",8411.0000,9192.7500,-1.0000,-1.0000,37.0000,-37.0000,-9192.7500,18971.2500,18971.2500
2022-06-30,"MA_Crossover(34,47)",8264.0000,9045.7500,-1.0000,-1.0000,-147.0000,147.0000,-9045.7500,19118.2500,19118.2500
2022-07-01,"MA_Crossover(34,47)",8050.2500,8832.0000,-1.0000,-1.0000,-213.7500,213.7500,-8832.0000,19332.0000,19332.0000
2022-07-04,"MA_Crossover(34,47)",8007.5000,8789.2500,-1.0000,-1.0000,-42.7500,42.7500,-8789.2500,19374.7500,19374.7500
2022-07-05,"MA_Crossover(34,47)",7666.7500,8448.5000,-1.0000,-1.0000,-340.7500,340.7500,-8448.5000,19715.5000,19715.5000
2022-07-06,"MA_Crossover(34,47)",7517.2500,8299.0000,-1.0000,-1.0000,-149.5000,149.5000,-8299.0000,19865.0000,19865.0000
2022-07-07,"MA_Crossover(34,47)",7826.0000,8607.7500,-1.0000,-1.0000,308.7500,-308.7500,-8607.7500,19556.2500,19556.2500
2022-07-08,"MA_Crossover(34,47)",7799.5000,8581.2500,-1.0000,-1.0000,-26.5000,26.5000,-8581.2500,19582.7500,19582.7500
2022-07-11,"MA_Crossover(34,47)",7578.7500,8360.5000,-1.0000,-1.0000,-220.7500,220.7500,-8360.5000,19803.5000,19803.5000
2022-07-12,"MA_Crossover(34,47)",7341.0000,8122.7500,-1.0000,-1.0000,-237.7500,237.7500,-8122.7500,20041.2500,20041.2500
2022-07-13,"MA_Crossover(34,47)",7315.5000,8097.2500,-1.0000,-1.0000,-25.5000,25.5000,-8097.2500,20066.7500,20066.7500
2022-07-14,"MA_Crossover(34,47)",7162.0000,7943.7500,-1.0000,-1.0000,-153.5000,153.5000,-7943.7500,20220.2500,20220.2500
2022-07-15,"MA_Crossover(34,47)",7179.2500,7961.0000,-1.0000,-1.0000,17.2500,-17.2500,-7961.0000,20203.0000,20203.0000
2022-07-18,"MA_Crossover(34,47)",7411.0000,8192.7500,-1.0000,-1.0000,231.7500,-231.7500,-8192.7500,19971.2500,19971.2500
2022-07-19,"MA_Crossover(34,47)",7271.5000,8045.7500,-1.0000,-1.0000,-147.0000,147.0000,-8045.7500,20118.2500,20118.2500
2022-07-20,"MA_Crossover(34,47)",7377.0000,8150.7500,-1.0000,-1.0000,105.0000,-105.0000,-8150.7500,20013.2500,20013.2500
2022-07-21,"MA_Crossover(34,47)",7320.0000,8093.2500,-1.0000,-1.0000,-57.5000,57.5000,-8093.2500,20070.7500,20070.7500
2022-07-22,"MA_Crossover(34,47)",7449.0000,8217.2500,-1.0000,-1.0000,124.0000,-124.0000,-8217.2500,19946.7500,19946.7500
2022-07-25,"MA_Crossover(34,47)",7479.2500,8247.5000,-1.0000,-1.0000,30.2500,-30.2500,-8247.5000,19916.5000,19916.5000
2022-07-26,"MA_Crossover(34,47)",7536.2500,8304.5000,-1.0000,-1.0000,57.0000,-57.0000,-8304.5000,19859.5000,19859.5000
2022-07-27,"MA_Crossover(34,47)",7639.2500,8407.5000,-1.0000,-1.0000,103.0000,-103.0000,-8407.5000,19756.5000,19756.5000
2022-07-28,"MA_Crossover(34,47)",7770.7500,8539.0000,-1.0000,-1.0000,131.5000,-131.5000,-8539.0000,19625.0000,19625.0000
2022-07-29,"MA_Crossover(34,47)",7931.2500,8699.5000,-1.0000,-1.0000,160.5000,-160.5000,-8699.5000,19464.5000,19464.5000
2022-08-01,"MA_Crossover(34,47)",7826.7500,8595.0000,-1.0000,-1.0000,-104.5000,104.5000,-8595.0000,19569.0000,19569.0000
2022-08-02,"MA_Crossover(34,47)",7814.7500,8583.0000,-1.0000,-1.0000,-12.0000,12.0000,-8583.0000,19581.0000,19581.0000
2022-08-03,"MA_Crossover(34,47)",7680.7500,8449.0000,-1.0000,-1.0000,-134.0000,134.0000,-8449.0000,19715.0000,19715.0000
2022-08-04,"MA_Crossover(34,47)",7726.2500,8494.5000,-1.0000,-1.0000,45.5000,-45.5000,-8494.5000,19669.5000,19669.5000
2022-08-05,"MA_Crossover(34,47)",7870.0000,8638.2500,-1.0000,-1.0000,143.7500,-143.7500,-8638.2500,19525.7500,19525.7500
2022-08-08,"MA_Crossover(34,47)",7989.7500,8758.0000,-1.0000,-1.0000,119.7500,-119.7500,-8758.0000,19406.0000,19406.0000
2022-08-09,"MA_Crossover(34,47)",7984.5000,8752.7500,-1.0000,-1.0000,-5.2500,5.2500,-8752.7500,19411.2500,19411.2500
2022-08-10,"MA_Crossover(34,47)",8084.9800,8853.2300,-1.0000,-1.0000,100.4800,-100.4800,-8853.2300,19310.7700,19310.7700
2022-08-11,"MA_Crossover(34,47)",8167.0000,8935.2500,-1.0000,-1.0000,82.0200,-82.0200,-8935.2500,19228.7500,19228.7500
2022-08-12,"MA_Crossover(34,47)",8086.0000,8854.2500,-1.0000,-1.0000,-81.0000,81.0000,-8854.2500,19309.7500,19309.7500
2022-08-15,"MA_Crossover(34,47)",7972.0000,8740.2500,-1.0000,-1.0000,-114.0000,114.0000,-8740.2500,19423.7500,19423.7500
2022-08-16,"MA_Crossover(34,47)",7983.0000,8741.2500,-1.0000,-1.0000,1.0000,-1.0000,-8741.2500,19422.7500,19422.7500
2022-08-17,"MA_Crossover(34,47)",7933.2500,8689.7500,-1.0000,-1.0000,-51.5000,51.5000,-8689.7500,19474.2500,19474.2500
2022-08-18,"MA_Crossover(34,47)",8048.2500,8802.2500,-1.0000,-1.0000,112.5000,-112.5000,-8802.2500,19361.7500,19361.7500
2022-08-19,"MA_Crossover(34,47)",8099.7500,8858.2500,-1.0000,-1.0000,56.0000,-56.0000,-8858.2500,19305.7500,19305.7500
2022-08-22,"MA_Crossover(34,47)",8071.0000,8829.5000,-1.0000,-1.0000,-28.7500,28.7500,-8829.5000,19334.5000,19334.5000
2022-08-23,"MA_Crossover(34,47)",8166.2500,8924.7500,-1.0000,-1.0000,95.2500,-95.2500,-8924.7500,19239.2500,19239.2500
2022-08-24,"MA_Crossover(34,47)",8061.5000,8820.0000,-1.0000,-1.0000,-104.7500,104.7500,-8820.0000,19344.0000,19344.0000
2022-08-25,"MA_Crossover(34,47)",8166.0000,8924.5000,-1.0000,-1.0000,104.5000,-104.5000,-8924.5000,19239.5000,19239.5000
2022-08-26,"MA_Crossover(34,47)",8193.2500,8951.7500,-1.0000,-1.0000,27.2500,-27.2500,-8951.7500,19212.2500,19212.2500
2022-08-30,"MA_Crossover(34,47)",7893.0000,8651.5000,-1.0000,-1.0000,-300.2500,300.2500,-8651.5000,19512.5000,19512.5000
2022-08-31,"MA_Crossover(34,47)",7847.5000,8606.0000,-1.0000,-1.0000,-45.5000,45.5000,-8606.0000,19558.0000,19558.0000
2022-09-01,"MA_Crossover(34,47)",7652.0000,8410.5000,1.0000,-1.0000,-195.5000,195.5000,-8410.5000,19753.5000,19753.5000
2022-09-02,"MA_Crossover(34,47)",7694.0000,8452.5000,1.0000,1.0000,42.0000,42.0000,8452.5000,19795.5000,19795.5000
2022-09-05,"MA_Crossover(34,47)",7731.0000,8489.5000,1.0000,1.0000,37.0000,37.0000,8489.5000,19832.5000,19832.5000
2022-09-06,"MA_Crossover(34,47)",7751.0000,8509.5000,1.0000,1.0000,20.0000,20.0000,8509.5000,19852.5000,19852.5000
2022-09-07,"MA_Crossover(34,47)",7700.0000,8458.5000,1.0000,1.0000,-51.0000,-51.0000,8458.5000,19801.5000,19801.5000
2022-09-08,"MA_Crossover(34,47)",7921.5000,8680.0000,1.0000,1.0000,221.5000,221.5000,8680.0000,20023.0000,20023.0000
2022-09-09,"MA_Crossover(34,47)",7930.5000,8689.0000,1.0000,1.0000,9.0000,9.0000,8689.0000,20032.0000,20032.0000
2022-09-12,"MA_Crossover(34,47)",8084.5000,8843.0000,1.0000,1.0000,154.0000,154.0000,8843.0000,20186.0000,20186.0000
2022-09-13,"MA_Crossover(34,47)",8000.5000,8759.0000,1.0000,1.0000,-84.0000,-84.0000,8759.0000,20102.0000,20102.0000
2022-09-14,"MA_Crossover(34,47)",7899.5000,8658.0000,1.0000,1.0000,-101.0000,-101.0000,8658.0000,20001.0000,20001.0000
2022-09-15,"MA_Crossover(34,47)",7851.5000,8610.0000,1.0000,1.0000,-48.0000,-48.0000,8610.0000,19953.0000,19953.0000
2022-09-16,"MA_Crossover(34,47)",7870.0000,8628.5000,1.0000,1.0000,18.5000,18.5000,8628.5000,19971.5000,19971.5000
2022-09-19,"MA_Crossover(34,47)",7826.5000,8585.0000,1.0000,1.0000,-43.5000,-43.5000,8585.0000,19928.0000,19928.0000
2022-09-20,"MA_Crossover(34,47)",7824.0000,8557.5000,1.0000,1.0000,-27.5000,-27.5000,8557.5000,19900.5000,19900.5000
2022-09-21,"MA_Crossover(34,47)",7757.0000,8492.5000,1.0000,1.0000,-65.0000,-65.0000,8492.5000,19835.5000,19835.5000
2022-09-22,"MA_Crossover(34,47)",7749.0000,8485.5000,1.0000,1.0000,-7.0000,-7.0000,8485.5000,19828.5000,19828.5000
2022-09-23,"MA_Crossover(34,47)",7532.0000,8300.5000,1.0000,1.0000,-185.0000,-185.0000,8300.5000,19643.5000,19643.5000
2022-09-26,"MA_Crossover(34,47)",7441.5000,8210.0000,1.0000,1.0000,-90.5000,-90.5000,8210.0000,19553.0000,19553.0000
2022-09-27,"MA_Crossover(34,47)",7433.0000,8201.5000,1.0000,1.0000,-8.5000,-8.5000,8201.5000,19544.5000,19544.5000
2022-09-28,"MA_Crossover(34,47)",7529.5000,8298.0000,1.0000,1.0000,96.5000,96.5000,8298.0000,19641.0000,19641.0000
2022-09-29,"MA_Crossover(34,47)",7654.0000,8422.5000,1.0000,1.0000,124.5000,124.5000,8422.5000,19765.5000,19765.5000
2022-09-30,"MA_Crossover(34,47)",7688.0000,8456.5000,-1.0000,1.0000,34.0000,34.0000,8456.5000,19799.5000,19799.5000
2022-10-03,"MA_Crossover(34,47)",7615.5000,8384.0000,-1.0000,-1.0000,-72.5000,72.5000,-8384.0000,19872.0000,19872.0000
2022-10-04,"MA_Crossover(34,47)",7814.5000,8583.0000,-1.0000,-1.0000,199.0000,-199.0000,-8583.0000,19673.0000,19673.0000
2022-10-05,"MA_Crossover(34,47)",7740.5000,8509.0000,-1.0000,-1.0000,-74.0000,74.0000,-8509.0000,19747.0000,19747.0000
2022-10-06,"MA_Crossover(34,47)",7659.5000,8428.0000,-1.0000,-1.0000,-81.0000,81.0000,-8428.0000,19828.0000,19828.0000
2022-10-07,"MA_Crossover(34,47)",7517.5000,8286.0000,-1.0000,-1.0000,-142.0000,142.0000,-8286.0000,19970.0000,19970.0000
2022-10-10,"MA_Crossover(34,47)",7645.7500,8414.2500,-1.0000,-1.0000,128.2500,-128.2500,-8414.2500,19841.7500,19841.7500
2022-10-11,"MA_Crossover(34,47)",7666.5000,8435.0000,-1.0000,-1.0000,20.7500,-20.7500,-8435.0000,19821.0000,19821.0000
2022-10-12,"MA_Crossover(34,47)",7638.0000,8406.5000,-1.0000,-1.0000,-28.5000,28.5000,-8406.5000,19849.5000,19849.5000
2022-10-13,"MA_Crossover(34,47)",7666.5000,8435.0000,-1.0000,-1.0000,28.5000,-28.5000,-8435.0000,19821.0000,19821.0000
2022-10-14,"MA_Crossover(34,47)",7652.0000,8420.5000,-1.0000,-1.0000,-14.5000,14.5000,-8420.5000,19835.5000,19835.5000
2022-10-17,"MA_Crossover(34,47)",7642.5000,8411.0000,-1.0000,-1.0000,-9.5000,9.5000,-8411.0000,19845.0000,19845.0000
2022-10-18,"MA_Crossover(34,47)",7490.0000,8224.5000,-1.0000,-1.0000,-186.5000,186.5000,-8224.5000,20031.5000,20031.5000
2022-10-19,"MA_Crossover(34,47)",7461.7500,8194.2500,-1.0000,-1.0000,-30.2500,30.2500,-8194.2500,20061.7500,20061.7500
2022-10-20,"MA_Crossover(34,47)",7650.5000,8382.0000,-1.0000,-1.0000,187.7500,-187.7500,-8382.0000,19874.0000,19874.0000
2022-10-21,"MA_Crossover(34,47)",7719.2500,8488.7500,-1.0000,-1.0000,106.7500,-106.7500,-8488.7500,19767.2500,19767.2500
2022-10-24,"MA_Crossover(34,47)",7669.0000,8438.5000,-1.0000,-1.0000,-50.2500,50.2500,-8438.5000,19817.5000,19817.5000
2022-10-25,"MA_Crossover(34,47)",7621.0000,8390.5000,-1.0000,-1.0000,-48.0000,48.0000,-8390.5000,19865.5000,19865.5000
2022-10-26,"MA_Crossover(34,47)",7884.0000,8653.5000,-1.0000,-1.0000,263.0000,-263.0000,-8653.5000,19602.5000,19602.5000
2022-10-27,"MA_Crossover(34,47)",7843.2500,8612.7500,-1.0000,-1.0000,-40.7500,40.7500,-8612.7500,19643.2500,19643.2500
2022-10-28,"MA_Crossover(34,47)",7629.0000,8398.5000,-1.0000,-1.0000,-214.2500,214.2500,-8398.5000,19857.5000,19857.5000
2022-10-31,"MA_Crossover(34,47)",7531.0000,8300.5000,-1.0000,-1.0000,-98.0000,98.0000,-8300.5000,19955.5000,19955.5000
2022-11-01,"MA_Crossover(34,47)",7726.5000,8496.0000,-1.0000,-1.0000,195.5000,-195.5000,-8496.0000,19760.0000,19760.0000
2022-11-02,"MA_Crossover(34,47)",7672.7500,8442.2500,-1.0000,-1.0000,-53.7500,53.7500,-8442.2500,19813.7500,19813.7500
2022-11-03,"MA_Crossover(34,47)",7607.0000,8376.5000,-1.0000,-1.0000,-65.7500,65.7500,-8376.5000,19879.5000,19879.5000
2022-11-04,"MA_Crossover(34,47)",8144.0000,8913.5000,-1.0000,-1.0000,537.0000,-537.0000,-8913.5000,19342.5000,19342.5000
2022-11-07,"MA_Crossover(34,47)",7932.7500,8702.2500,-1.0000,-1.0000,-211.2500,211.2500,-8702.2500,19553.7500,19553.7500
2022-11-08,"MA_Crossover(34,47)",8135.0000,8904.5000,-1.0000,-1.0000,202.2500,-202.2500,-8904.5000,19351.5000,19351.5000
2022-11-09,"MA_Crossover(34,47)",8116.2500,8885.7500,-1.0000,-1.0000,-18.7500,18.7500,-8885.7500,19370.2500,19370.2500
2022-11-10,"MA_Crossover(34,47)",8284.0000,9053.5000,-1.0000,-1.0000,167.7500,-167.7500,-9053.5000,19202.5000,19202.5000
2022-11-11,"MA_Crossover(34,47)",8502.9000,9272.4000,-1.0000,-1.0000,218.9000,-218.9000,-9272.4000,18983.6000,18983.6000
2022-11-14,"MA_Crossover(34,47)",8356.0000,9125.5000,-1.0000,-1.0000,-146.9000,146.9000,-9125.5000,19130.5000,19130.5000
2022-11-15,"MA_Crossover(34,47)",8370.2500,9127.7500,1.0000,-1.0000,2.2500,-2.2500,-9127.7500,19128.2500,19128.2500
2022-11-16,"MA_Crossover(34,47)",8284.2500,9044.7500,1.0000,1.0000,-83.0000,-83.0000,9044.7500,19045.2500,19045.2500
2022-11-17,"MA_Crossover(34,47)",8095.0000,8859.0000,1.0000,1.0000,-185.7500,-185.7500,8859.0000,18859.5000,18859.5000
2022-11-18,"MA_Crossover(34,47)",8065.5000,8817.0000,1.0000,1.0000,-42.0000,-42.0000,8817.0000,18817.5000,18817.5000
2022-11-21,"MA_Crossover(34,47)",7864.0000,8615.5000,1.0000,1.0000,-201.5000,-201.5000,8615.5000,18616.0000,18616.0000
2022-11-22,"MA_Crossover(34,47)",7996.2500,8747.7500,1.0000,1.0000,132.2500,132.2500,8747.7500,18748.2500,18748.2500
2022-11-23,"MA_Crossover(34,47)",7986.0000,8737.5000,1.0000,1.0000,-10.2500,-10.2500,8737.5000,18738.0000,18738.0000
2022-11-24,"MA_Crossover(34,47)",8023.0000,8774.5000,1.0000,1.0000,37.0000,37.0000,8774.5000,18775.0000,18775.0000
2022-11-25,"MA_Crossover(34,47)",7992.0000,8743.5000,1.0000,1.0000,-31.0000,-31.0000,8743.5000,18744.0000,18744.0000
2022-11-28,"MA_Crossover(34,47)",7948.7500,8700.2500,1.0000,1.0000,-43.2500,-43.2500,8700.2500,18700.7500,18700.7500
2022-11-29,"MA_Crossover(34,47)",8045.5000,8797.0000,1.0000,1.0000,96.7500,96.7500,8797.0000,18797.5000,18797.5000
2022-11-30,"MA_Crossover(34,47)",8239.7500,8991.2500,1.0000,1.0000,194.2500,194.2500,8991.2500,18991.7500,18991.7500
2022-12-01,"MA_Crossover(34,47)",8322.5000,9074.0000,1.0000,1.0000,82.7500,82.7500,9074.0000,19074.5000,19074.5000
2022-12-02,"MA_Crossover(34,47)",8442.0000,9193.5000,1.0000,1.0000,119.5000,119.5000,9193.5000,19194.0000,19194.0000
2022-12-05,"MA_Crossover(34,47)",8364.5000,9116.0000,1.0000,1.0000,-77.5000,-77.5000,9116.0000,19116.5000,19116.5000
2022-12-06,"MA_Crossover(34,47)",8395.0000,9146.5000,1.0000,1.0000,30.5000,30.5000,9146.5000,19147.0000,19147.0000
2022-12-07,"MA_Crossover(34,47)",8439.0000,9190.5000,1.0000,1.0000,44.0000,44.0000,9190.5000,19191.0000,19191.0000
2022-12-08,"MA_Crossover(34,47)",8532.7500,9284.2500,1.0000,1.0000,93.7500,93.7500,9284.2500,19284.7500,19284.7500
2022-12-09,"MA_Crossover(34,47)",8518.0000,9269.5000,1.0000,1.0000,-14.7500,-14.7500,9269.5000,19270.0000,19270.0000
2022-12-12,"MA_Crossover(34,47)",8339.2500,9090.7500,1.0000,1.0000,-178.7500,-178.7500,9090.7500,19091.2500,19091.2500
2022-12-13,"MA_Crossover(34,47)",8459.2500,9210.7500,1.0000,1.0000,120.0000,120.0000,9210.7500,19211.2500,19211.2500
2022-12-14,"MA_Crossover(34,47)",8486.0000,9237.5000,1.0000,1.0000,26.7500,26.7500,9237.5000,19238.0000,19238.0000
2022-12-15,"MA_Crossover(34,47)",8255.5000,9007.0000,1.0000,1.0000,-230.5000,-230.5000,9007.0000,19007.5000,19007.5000
2022-12-16,"MA_Crossover(34,47)",8235.2500,8986.7500,1.0000,1.0000,-20.2500,-20.2500,8986.7500,18987.2500,18987.2500
2022-12-19,"MA_Crossover(34,47)",8303.2500,9054.7500,1.0000,1.0000,68.0000,68.0000,9054.7500,19055.2500,19055.2500
2022-12-20,"MA_Crossover(34,47)",8349.7500,9093.2500,1.0000,1.0000,38.5000,38.5000,9093.2500,19093.7500,19093.7500
2022-12-21,"MA_Crossover(34,47)",8390.5000,9133.0000,1.0000,1.0000,39.7500,39.7500,9133.0000,19133.5000,19133.5000
2022-12-22,"MA_Crossover(34,47)",8305.0000,9048.5000,1.0000,1.0000,-84.5000,-84.5000,9048.5000,19049.0000,19049.0000
2022-12-23,"MA_Crossover(34,47)",8344.0000,9083.5000,1.0000,1.0000,35.0000,35.0000,9083.5000,19084.0000,19084.0000
2022-12-28,"MA_Crossover(34,47)",8445.0000,9184.5000,1.0000,1.0000,101.0000,101.0000,9184.5000,19185.0000,19185.0000
2022-12-29,"MA_Crossover(34,47)",8419.5000,9159.0000,1.0000,1.0000,-25.5000,-25.5000,9159.0000,19159.5000,19159.5000
2022-12-30,"MA_Crossover(34,47)",8373.0100,9112.5100,1.0000,1.0000,-46.4900,-46.4900,9112.5100,19113.0100,19113.0100
2023-01-03,"MA_Crossover(34,47)",8318.0000,9057.5000,1.0000,1.0000,-55.0100,-55.0100,9057.5000,19058.0000,19058.0000
2023-01-04,"MA_Crossover(34,47)",8247.0000,8986.5000,1.0000,1.0000,-71.0000,-71.0000,8986.5000,18987.0000,18987.0000
2023-01-05,"MA_Crossover(34,47)",8371.2500,9110.7500,1.0000,1.0000,124.2500,124.2500,9110.7500,19111.2500,19111.2500
2023-01-06,"MA_Crossover(34,47)",8578.6500,9318.1500,1.0000,1.0000,207.4000,207.4000,9318.1500,19318.6500,19318.6500
2023-01-09,"MA_Crossover(34,47)",8843.0000,9582.5000,1.0000,1.0000,264.3500,264.3500,9582.5000,19583.0000,19583.0000
2023-01-10,"MA_Crossover(34,47)",8898.5000,9638.0000,1.0000,1.0000,55.5000,55.5000,9638.0000,19638.5000,19638.5000
2023-01-11,"MA_Crossover(34,47)",9115.0000,9854.5000,1.0000,1.0000,216.5000,216.5000,9854.5000,19855.0000,19855.0000
2023-01-12,"MA_Crossover(34,47)",9170.5000,9910.0000,1.0000,1.0000,55.5000,55.5000,9910.0000,19910.5000,19910.5000
2023-01-13,"MA_Crossover(34,47)",9170.0000,9909.5000,1.0000,1.0000,-0.5000,-0.5000,9909.5000,19910.0000,19910.0000
2023-01-16,"MA_Crossover(34,47)",9088.1900,9827.6900,1.0000,1.0000,-81.8100,-81.8100,9827.6900,19828.1900,19828.1900
2023-01-17,"MA_Crossover(34,47)",9286.0000,10017.5000,1.0000,1.0000,189.8100,189.8100,10017.5000,20018.0000,20018.0000
2023-01-18,"MA_Crossover(34,47)",9329.0000,10057.0000,1.0000,1.0000,39.5000,39.5000,10057.0000,20057.5000,20057.5000
2023-01-19,"MA_Crossover(34,47)",9307.5000,10038.5000,1.0000,1.0000,-18.5000,-18.5000,10038.5000,20039.0000,20039.0000
2023-01-20,"MA_Crossover(34,47)",9319.7600,10049.7600,1.0000,1.0000,11.2600,11.2600,10049.7600,20050.2600,20050.2600
2023-01-23,"MA_Crossover(34,47)",9347.7700,10077.7700,1.0000,1.0000,28.0100,28.0100,10077.7700,20078.2700,20078.2700
2023-01-24,"MA_Crossover(34,47)",9306.0000,10036.0000,1.0000,1.0000,-41.7700,-41.7700,10036.0000,20036.5000,20036.5000
2023-01-25,"MA_Crossover(34,47)",9304.5000,10034.5000,1.0000,1.0000,-1.5000,-1.5000,10034.5000,20035.0000,20035.0000
2023-01-26,"MA_Crossover(34,47)",9320.5000,10050.5000,1.0000,1.0000,16.0000,16.0000,10050.5000,20051.0000,20051.0000
2023-01-27,"MA_Crossover(34,47)",9255.7400,9985.7400,1.0000,1.0000,-64.7600,-64.7600,9985.7400,19986.2400,19986.2400
2023-01-30,"MA_Crossover(34,47)",9200.3500,9930.3500,1.0000,1.0000,-55.3900,-55.3900,9930.3500,19930.8500,19930.8500
2023-01-31,"MA_Crossover(34,47)",9210.8000,9940.8000,1.0000,1.0000,10.4500,10.4500,9940.8000,19941.3000,19941.3000
2023-02-01,"MA_Crossover(34,47)",9072.7500,9802.7500,1.0000,1.0000,-138.0500,-138.0500,9802.7500,19803.2500,19803.2500
2023-02-02,"MA_Crossover(34,47)",9039.2500,9769.2500,1.0000,1.0000,-33.5000,-33.5000,9769.2500,19769.7500,19769.7500
2023-02-03,"MA_Crossover(34,47)",8962.2500,9692.2500,1.0000,1.0000,-77.0000,-77.0000,9692.2500,19692.7500,19692.7500
2023-02-06,"MA_Crossover(34,47)",8848.2500,9578.2500,1.0000,1.0000,-114.0000,-114.0000,9578.2500,19578.7500,19578.7500
2023-02-07,"MA_Crossover(34,47)",8902.5000,9632.5000,1.0000,1.0000,54.2500,54.2500,9632.5000,19633.0000,19633.0000
2023-02-08,"MA_Crossover(34,47)",8871.7600,9601.7600,1.0000,1.0000,-30.7400,-30.7400,9601.7600,19602.2600,19602.2600
2023-02-09,"MA_Crossover(34,47)",8955.5000,9685.5000,1.0000,1.0000,83.7400,83.7400,9685.5000,19686.0000,19686.0000
2023-02-10,"MA_Crossover(34,47)",8830.2600,9560.2600,1.0000,1.0000,-125.2400,-125.2400,9560.2600,19560.7600,19560.7600
2023-02-13,"MA_Crossover(34,47)",8916.5000,9646.5000,1.0000,1.0000,86.2400,86.2400,9646.5000,19647.0000,19647.0000
2023-02-14,"MA_Crossover(34,47)",8935.5000,9661.5000,1.0000,1.0000,15.0000,15.0000,9661.5000,19662.0000,19662.0000
2023-02-15,"MA_Crossover(34,47)",8845.5000,9571.5000,1.0000,1.0000,-90.0000,-90.0000,9571.5000,19572.0000,19572.0000
2023-02-16,"MA_Crossover(34,47)",9010.5000,9737.7500,1.0000,1.0000,166.2500,166.2500,9737.7500,19738.2500,19738.2500
2023-02-17,"MA_Crossover(34,47)",8974.2500,9694.7500,1.0000,1.0000,-43.0000,-43.0000,9694.7500,19695.2500,19695.2500
2023-02-20,"MA_Crossover(34,47)",9133.7500,9854.2500,1.0000,1.0000,159.5000,159.5000,9854.2500,19854.7500,19854.7500
2023-02-21,"MA_Crossover(34,47)",9198.5000,9919.0000,1.0000,1.0000,64.7500,64.7500,9919.0000,19919.5000,19919.5000
2023-02-22,"MA_Crossover(34,47)",9116.0000,9836.5000,1.0000,1.0000,-82.5000,-82.5000,9836.5000,19837.0000,19837.0000
2023-02-23,"MA_Crossover(34,47)",8898.9900,9619.4900,1.0000,1.0000,-217.0100,-217.0100,9619.4900,19619.9900,19619.9900
2023-02-24,"MA_Crossover(34,47)",8705.5000,9426.0000,1.0000,1.0000,-193.4900,-193.4900,9426.0000,19426.5000,19426.5000
2023-02-27,"MA_Crossover(34,47)",8795.5000,9516.0000,1.0000,1.0000,90.0000,90.0000,9516.0000,19516.5000,19516.5000
2023-02-28,"MA_Crossover(34,47)",8959.0000,9679.5000,1.0000,1.0000,163.5000,163.5000,9679.5000,19680.0000,19680.0000
2023-03-01,"MA_Crossover(34,47)",9096.5000,9817.0000,1.0000,1.0000,137.5000,137.5000,9817.0000,19817.5000,19817.5000
2023-03-02,"MA_Crossover(34,47)",8942.6000,9663.1000,1.0000,1.0000,-153.9000,-153.9000,9663.1000,19663.6000,19663.6000
2023-03-03,"MA_Crossover(34,47)",8965.5000,9686.0000,1.0000,1.0000,22.9000,22.9000,9686.0000,19686.5000,19686.5000
2023-03-06,"MA_Crossover(34,47)",8902.7500,9623.2500,1.0000,1.0000,-62.7500,-62.7500,9623.2500,19623.7500,19623.7500
2023-03-07,"MA_Crossover(34,47)",8743.5000,9464.0000,1.0000,1.0000,-159.2500,-159.2500,9464.0000,19464.5000,19464.5000
2023-03-08,"MA_Crossover(34,47)",8892.0000,9612.5000,1.0000,1.0000,148.5000,148.5000,9612.5000,19613.0000,19613.0000
2023-03-09,"MA_Crossover(34,47)",8834.0500,9554.5500,1.0000,1.0000,-57.9500,-57.9500,9554.5500,19555.0500,19555.0500
2023-03-10,"MA_Crossover(34,47)",8848.0000,9568.5000,-1.0000,1.0000,13.9500,13.9500,9568.5000,19569.0000,19569.0000
2023-03-13,"MA_Crossover(34,47)",8918.2500,9638.7500,-1.0000,-1.0000,70.2500,-70.2500,-9638.7500,19498.7500,19498.7500
2023-03-14,"MA_Crossover(34,47)",8827.0000,9539.0000,-1.0000,-1.0000,-99.7500,99.7500,-9539.0000,19598.5000,19598.5000
2023-03-15,"MA_Crossover(34,47)",8498.7500,9208.2500,-1.0000,-1.0000,-330.7500,330.7500,-9208.2500,19929.2500,19929.2500
2023-03-16,"MA_Crossover(34,47)",8516.7500,9222.7500,-1.0000,-1.0000,14.5000,-14.5000,-9222.7500,19914.7500,19914.7500
2023-03-17,"MA_Crossover(34,47)",8580.2500,9288.7500,-1.0000,-1.0000,66.0000,-66.0000,-9288.7500,19848.7500,19848.7500
2023-03-20,"MA_Crossover(34,47)",8701.2500,9409.7500,-1.0000,-1.0000,121.0000,-121.0000,-9409.7500,19727.7500,19727.7500
2023-03-21,"MA_Crossover(34,47)",8762.2500,9470.7500,-1.0000,-1.0000,61.0000,-61.0000,-9470.7500,19666.7500,19666.7500
2023-03-22,"MA_Crossover(34,47)",8899.5000,9608.0000,-1.0000,-1.0000,137.2500,-137.2500,-9608.0000,19529.5000,19529.5000
2023-03-23,"MA_Crossover(34,47)",9038.0000,9746.5000,-1.0000,-1.0000,138.5000,-138.5000,-9746.5000,19391.0000,19391.0000
2023-03-24,"MA_Crossover(34,47)",8921.7500,9630.2500,-1.0000,-1.0000,-116.2500,116.2500,-9630.2500,19507.2500,19507.2500
2023-03-27,"MA_Crossover(34,47)",8963.2500,9671.7500,-1.0000,-1.0000,41.5000,-41.5000,-9671.7500,19465.7500,19465.7500
2023-03-28,"MA_Crossover(34,47)",8976.2500,9684.7500,-1.0000,-1.0000,13.0000,-13.0000,-9684.7500,19452.7500,19452.7500
2023-03-29,"MA_Crossover(34,47)",9005.7500,9714.2500,-1.0000,-1.0000,29.5000,-29.5000,-9714.2500,19423.2500,19423.2500
2023-03-30,"MA_Crossover(34,47)",9000.2500,9708.7500,-1.0000,-1.0000,-5.5000,5.5000,-9708.7500,19428.7500,19428.7500
2023-03-31,"MA_Crossover(34,47)",8994.5000,9703.0000,-1.0000,-1.0000,-5.7500,5.7500,-9703.0000,19434.5000,19434.5000
2023-04-03,"MA_Crossover(34,47)",8915.0000,9623.5000,-1.0000,-1.0000,-79.5000,79.5000,-9623.5000,19514.0000,19514.0000
2023-04-04,"MA_Crossover(34,47)",8743.7500,9452.2500,-1.0000,-1.0000,-171.2500,171.2500,-9452.2500,19685.2500,19685.2500
2023-04-05,"MA_Crossover(34,47)",8781.7500,9490.2500,-1.0000,-1.0000,38.0000,-38.0000,-9490.2500,19647.2500,19647.2500
2023-04-06,"MA_Crossover(34,47)",8803.7500,9512.2500,-1.0000,-1.0000,22.0000,-22.0000,-9512.2500,19625.2500,19625.2500
2023-04-11,"MA_Crossover(34,47)",8854.5000,9563.0000,-1.0000,-1.0000,50.7500,-50.7500,-9563.0000,19574.5000,19574.5000
2023-04-12,"MA_Crossover(34,47)",8920.0500,9628.5500,-1.0000,-1.0000,65.5500,-65.5500,-9628.5500,19508.9500,19508.9500
2023-04-13,"MA_Crossover(34,47)",9066.7500,9775.2500,-1.0000,-1.0000,146.7000,-146.7000,-9775.2500,19362.2500,19362.2500
2023-04-14,"MA_Crossover(34,47)",9031.2500,9739.7500,-1.0000,-1.0000,-35.5000,35.5000,-9739.7500,19397.7500,19397.7500
2023-04-17,"MA_Crossover(34,47)",8962.9500,9671.4500,-1.0000,-1.0000,-68.3000,68.3000,-9671.4500,19466.0500,19466.0500
2023-04-18,"MA_Crossover(34,47)",9014.4000,9717.4000,-1.0000,-1.0000,45.9500,-45.9500,-9717.4000,19420.1000,19420.1000
2023-04-19,"MA_Crossover(34,47)",8963.7500,9670.5000,-1.0000,-1.0000,-46.9000,46.9000,-9670.5000,19467.0000,19467.0000
2023-04-20,"MA_Crossover(34,47)",8880.2500,9587.2500,-1.0000,-1.0000,-83.2500,83.2500,-9587.2500,19550.2500,19550.2500
2023-04-21,"MA_Crossover(34,47)",8794.5000,9499.0000,-1.0000,-1.0000,-88.2500,88.2500,-9499.0000,19638.5000,19638.5000
2023-04-24,"MA_Crossover(34,47)",8727.0000,9431.5000,-1.0000,-1.0000,-67.5000,67.5000,-9431.5000,19706.0000,19706.0000
2023-04-25,"MA_Crossover(34,47)",8524.0000,9228.5000,-1.0000,-1.0000,-203.0000,203.0000,-9228.5000,19909.0000,19909.0000
2023-04-26,"MA_Crossover(34,47)",8551.7500,9256.2500,-1.0000,-1.0000,27.7500,-27.7500,-9256.2500,19881.2500,19881.2500
2023-04-27,"MA_Crossover(34,47)",8583.5000,9288.0000,-1.0000,-1.0000,31.7500,-31.7500,-9288.0000,19849.5000,19849.5000
2023-04-28,"MA_Crossover(34,47)",8590.0000,9294.5000,-1.0000,-1.0000,6.5000,-6.5000,-9294.5000,19843.0000,19843.0000
2023-05-02,"MA_Crossover(34,47)",8504.2000,9208.7000,-1.0000,-1.0000,-85.8000,85.8000,-9208.7000,19928.8000,19928.8000
2023-05-03,"MA_Crossover(34,47)",8456.2500,9160.7500,-1.0000,-1.0000,-47.9500,47.9500,-9160.7500,19976.7500,19976.7500
2023-05-04,"MA_Crossover(34,47)",8481.4000,9185.9000,-1.0000,-1.0000,25.1500,-25.1500,-9185.9000,19951.6000,19951.6000
2023-05-05,"MA_Crossover(34,47)",8566.7500,9271.2500,-1.0000,-1.0000,85.3500,-85.3500,-9271.2500,19866.2500,19866.2500
2023-05-09,"MA_Crossover(34,47)",8571.2500,9275.7500,-1.0000,-1.0000,4.5000,-4.5000,-9275.7500,19861.7500,19861.7500
2023-05-10,"MA_Crossover(34,47)",8445.2500,9149.7500,-1.0000,-1.0000,-126.0000,126.0000,-9149.7500,19987.7500,19987.7500
2023-05-11,"MA_Crossover(34,47)",8137.4500,8841.9500,-1.0000,-1.0000,-307.8000,307.8000,-8841.9500,20295.5500,20295.5500
2023-05-12,"MA_Crossover(34,47)",8224.2500,8928.7500,-1.0000,-1.0000,86.8000,-86.8000,-8928.7500,20208.7500,20208.7500
2023-05-15,"MA_Crossover(34,47)",8218.2500,8922.7500,-1.0000,-1.0000,-6.0000,6.0000,-8922.7500,20214.7500,20214.7500
2023-05-16,"MA_Crossover(34,47)",8107.4900,8780.5000,-1.0000,-1.0000,-142.2500,142.2500,-8780.5000,20357.0000,20357.0000
2023-05-17,"MA_Crossover(34,47)",8292.0000,8963.2500,-1.0000,-1.0000,182.7500,-182.7500,-8963.2500,20174.2500,20174.2500
2023-05-18,"MA_Crossover(34,47)",8156.5000,8830.7500,-1.0000,-1.0000,-132.5000,132.5000,-8830.7500,20306.7500,20306.7500
2023-05-19,"MA_Crossover(34,47)",8234.0000,8899.5000,-1.0000,-1.0000,68.7500,-68.7500,-8899.5000,20238.0000,20238.0000
2023-05-22,"MA_Crossover(34,47)",8095.5300,8761.0300,-1.0000,-1.0000,-138.4700,138.4700,-8761.0300,20376.4700,20376.4700
2023-05-23,"MA_Crossover(34,47)",8068.7500,8734.2500,-1.0000,-1.0000,-26.7800,26.7800,-8734.2500,20403.2500,20403.2500
2023-05-24,"MA_Crossover(34,47)",7875.7500,8541.2500,-1.0000,-1.0000,-193.0000,193.0000,-8541.2500,20596.2500,20596.2500
2023-05-25,"MA_Crossover(34,47)",7943.7500,8609.2500,-1.0000,-1.0000,68.0000,-68.0000,-8609.2500,20528.2500,20528.2500
2023-05-26,"MA_Crossover(34,47)",8124.5000,8790.0000,-1.0000,-1.0000,180.7500,-180.7500,-8790.0000,20347.5000,20347.5000
2023-05-30,"MA_Crossover(34,47)",8111.9500,8777.4500,-1.0000,-1.0000,-12.5500,12.5500,-8777.4500,20360.0500,20360.0500
2023-05-31,"MA_Crossover(34,47)",8080.0000,8745.5000,-1.0000,-1.0000,-31.9500,31.9500,-8745.5000,20392.0000,20392.0000
2023-06-01,"MA_Crossover(34,47)",8245.0000,8910.5000,-1.0000,-1.0000,165.0000,-165.0000,-8910.5000,20227.0000,20227.0000
2023-06-02,"MA_Crossover(34,47)",8233.5000,8899.0000,-1.0000,-1.0000,-11.5000,11.5000,-8899.0000,20238.5000,20238.5000
2023-06-05,"MA_Crossover(34,47)",8335.0100,9000.5100,-1.0000,-1.0000,101.5100,-101.5100,-9000.5100,20136.9900,20136.9900
2023-06-06,"MA_Crossover(34,47)",8337.0000,9002.5000,-1.0000,-1.0000,1.9900,-1.9900,-9002.5000,20135.0000,20135.0000
2023-06-07,"MA_Crossover(34,47)",8293.1000,8958.6000,-1.0000,-1.0000,-43.9000,43.9000,-8958.6000,20178.9000,20178.9000
2023-06-08,"MA_Crossover(34,47)",8341.0000,9006.5000,-1.0000,-1.0000,47.9000,-47.9000,-9006.5000,20131.0000,20131.0000
2023-06-09,"MA_Crossover(34,47)",8357.7500,9023.2500,-1.0000,-1.0000,16.7500,-16.7500,-9023.2500,20114.2500,20114.2500
2023-06-12,"MA_Crossover(34,47)",8292.0000,8957.5000,-1.0000,-1.0000,-65.7500,65.7500,-8957.5000,20180.0000,20180.0000
2023-06-13,"MA_Crossover(34,47)",8458.5000,9124.0000,-1.0000,-1.0000,166.5000,-166.5000,-9124.0000,20013.5000,20013.5000
2023-06-14,"MA_Crossover(34,47)",8515.2500,9180.7500,-1.0000,-1.0000,56.7500,-56.7500,-9180.7500,19956.7500,19956.7500
2023-06-15,"MA_Crossover(34,47)",8557.0000,9222.5000,-1.0000,-1.0000,41.7500,-41.7500,-9222.5000,19915.0000,19915.0000
2023-06-16,"MA_Crossover(34,47)",8555.7500,9221.2500,-1.0000,-1.0000,-1.2500,1.2500,-9221.2500,19916.2500,19916.2500
2023-06-19,"MA_Crossover(34,47)",8546.0000,9211.5000,-1.0000,-1.0000,-9.7500,9.7500,-9211.5000,19926.0000,19926.0000
2023-06-20,"MA_Crossover(34,47)",8551.2500,9213.7500,-1.0000,-1.0000,2.2500,-2.2500,-9213.7500,19923.7500,19923.7500
2023-06-21,"MA_Crossover(34,47)",8615.2500,9273.7500,-1.0000,-1.0000,60.0000,-60.0000,-9273.7500,19863.7500,19863.7500
2023-06-22,"MA_Crossover(34,47)",8585.2500,9246.7500,-1.0000,-1.0000,-27.0000,27.0000,-9246.7500,19890.7500,19890.7500
2023-06-23,"MA_Crossover(34,47)",8401.2400,9066.7400,-1.0000,-1.0000,-180.0100,180.0100,-9066.7400,20070.7600,20070.7600
2023-06-26,"MA_Crossover(34,47)",8407.0000,9072.5000,-1.0000,-1.0000,5.7600,-5.7600,-9072.5000,20065.0000,20065.0000
2023-06-27,"MA_Crossover(34,47)",8372.0000,9037.5000,-1.0000,-1.0000,-35.0000,35.0000,-9037.5000,20100.0000,20100.0000
2023-06-28,"MA_Crossover(34,47)",8260.5000,8926.0000,-1.0000,-1.0000,-111.5000,111.5000,-8926.0000,20211.5000,20211.5000
2023-06-29,"MA_Crossover(34,47)",8182.0000,8847.5000,-1.0000,-1.0000,-78.5000,78.5000,-8847.5000,20290.0000,20290.0000
2023-06-30,"MA_Crossover(34,47)",8323.7500,8989.2500,-1.0000,-1.0000,141.7500,-141.7500,-8989.2500,20148.2500,20148.2500
2023-07-03,"MA_Crossover(34,47)",8406.0000,9071.5000,-1.0000,-1.0000,82.2500,-82.2500,-9071.5000,20066.0000,20066.0000
2023-07-04,"MA_Crossover(34,47)",8358.5000,9024.0000,-1.0000,-1.0000,-47.5000,47.5000,-9024.0000,20113.5000,20113.5000
2023-07-05,"MA_Crossover(34,47)",8317.7500,8983.2500,-1.0000,-1.0000,-40.7500,40.7500,-8983.2500,20154.2500,20154.2500
2023-07-06,"MA_Crossover(34,47)",8258.0000,8923.5000,-1.0000,-1.0000,-59.7500,59.7500,-8923.5000,20214.0000,20214.0000
2023-07-07,"MA_Crossover(34,47)",8369.2500,9034.7500,-1.0000,-1.0000,111.2500,-111.2500,-9034.7500,20102.7500,20102.7500
2023-07-10,"MA_Crossover(34,47)",8364.5000,9030.0000,1.0000,-1.0000,-4.7500,4.7500,-9030.0000,20107.5000,20107.5000
2023-07-11,"MA_Crossover(34,47)",8312.5000,8978.0000,1.0000,1.0000,-52.0000,-52.0000,8978.0000,20055.5000,20055.5000
2023-07-12,"MA_Crossover(34,47)",8494.7500,9160.2500,1.0000,1.0000,182.2500,182.2500,9160.2500,20237.7500,20237.7500
2023-07-13,"MA_Crossover(34,47)",8690.0000,9355.5000,1.0000,1.0000,195.2500,195.2500,9355.5000,20433.0000,20433.0000
2023-07-14,"MA_Crossover(34,47)",8663.2500,9328.7500,1.0000,1.0000,-26.7500,-26.7500,9328.7500,20406.2500,20406.2500
2023-07-17,"MA_Crossover(34,47)",8468.0000,9133.5000,1.0000,1.0000,-195.2500,-195.2500,9133.5000,20211.0000,20211.0000
2023-07-18,"MA_Crossover(34,47)",8466.0000,9117.5000,1.0000,1.0000,-16.0000,-16.0000,9117.5000,20195.0000,20195.0000
2023-07-19,"MA_Crossover(34,47)",8424.2900,9075.2900,1.0000,1.0000,-42.2100,-42.2100,9075.2900,20152.7900,20152.7900
2023-07-20,"MA_Crossover(34,47)",8481.2500,9132.5000,1.0000,1.0000,57.2100,57.2100,9132.5000,20210.0000,20210.0000
2023-07-21,"MA_Crossover(34,47)",8444.0000,9090.0000,1.0000,1.0000,-42.5000,-42.5000,9090.0000,20167.5000,20167.5000
2023-07-24,"MA_Crossover(34,47)",8509.0000,9155.0000,1.0000,1.0000,65.0000,65.0000,9155.0000,20232.5000,20232.5000
2023-07-25,"MA_Crossover(34,47)",8664.5000,9310.5000,1.0000,1.0000,155.5000,155.5000,9310.5000,20388.0000,20388.0000
2023-07-26,"MA_Crossover(34,47)",8603.2500,9249.2500,1.0000,1.0000,-61.2500,-61.2500,9249.2500,20326.7500,20326.7500
2023-07-27,"MA_Crossover(34,47)",8552.0000,9198.0000,1.0000,1.0000,-51.2500,-51.2500,9198.0000,20275.5000,20275.5000
2023-07-28,"MA_Crossover(34,47)",8648.2400,9294.2400,1.0000,1.0000,96.2400,96.2400,9294.2400,20371.7400,20371.7400
2023-07-31,"MA_Crossover(34,47)",8819.5000,9465.5000,1.0000,1.0000,171.2600,171.2600,9465.5000,20543.0000,20543.0000
2023-08-01,"MA_Crossover(34,47)",8612.7500,9258.7500,1.0000,1.0000,-206.7500,-206.7500,9258.7500,20336.2500,20336.2500
2023-08-02,"MA_Crossover(34,47)",8488.2400,9134.2400,1.0000,1.0000,-124.5100,-124.5100,9134.2400,20211.7400,20211.7400
2023-08-03,"MA_Crossover(34,47)",8586.0000,9232.0000,1.0000,1.0000,97.7600,97.7600,9232.0000,20309.5000,20309.5000
2023-08-04,"MA_Crossover(34,47)",8537.0000,9183.0000,1.0000,1.0000,-49.0000,-49.0000,9183.0000,20260.5000,20260.5000
2023-08-07,"MA_Crossover(34,47)",8449.0900,9095.0900,1.0000,1.0000,-87.9100,-87.9100,9095.0900,20172.5900,20172.5900
2023-08-08,"MA_Crossover(34,47)",8313.7500,8959.7500,1.0000,1.0000,-135.3400,-135.3400,8959.7500,20037.2500,20037.2500
2023-08-09,"MA_Crossover(34,47)",8371.5100,9017.5100,-1.0000,1.0000,57.7600,57.7600,9017.5100,20095.0100,20095.0100
2023-08-10,"MA_Crossover(34,47)",8352.2400,8998.2400,-1.0000,-1.0000,-19.2700,19.2700,-8998.2400,20114.2800,20114.2800
2023-08-11,"MA_Crossover(34,47)",8257.2500,8903.2500,-1.0000,-1.0000,-94.9900,94.9900,-8903.2500,20209.2700,20209.2700
2023-08-14,"MA_Crossover(34,47)",8242.7500,8888.7500,-1.0000,-1.0000,-14.5000,14.5000,-8888.7500,20223.7700,20223.7700
2023-08-15,"MA_Crossover(34,47)",8183.5000,8802.5000,-1.0000,-1.0000,-86.2500,86.2500,-8802.5000,20310.0200,20310.0200
2023-08-16,"MA_Crossover(34,47)",8153.2500,8771.2500,-1.0000,-1.0000,-31.2500,31.2500,-8771.2500,20341.2700,20341.2700
2023-08-17,"MA_Crossover(34,47)",8229.8500,8843.8500,-1.0000,-1.0000,72.6000,-72.6000,-8843.8500,20268.6700,20268.6700
2023-08-18,"MA_Crossover(34,47)",8243.7500,8854.7500,-1.0000,-1.0000,10.9000,-10.9000,-8854.7500,20257.7700,20257.7700
2023-08-21,"MA_Crossover(34,47)",8270.5000,8881.5000,1.0000,-1.0000,26.7500,-26.7500,-8881.5000,20231.0200,20231.0200
2023-08-22,"MA_Crossover(34,47)",8363.7000,8974.7000,1.0000,1.0000,93.2000,93.2000,8974.7000,20324.2200,20324.2200
2023-08-23,"MA_Crossover(34,47)",8457.2500,9068.2500,1.0000,1.0000,93.5500,93.5500,9068.2500,20417.7700,20417.7700
2023-08-24,"MA_Crossover(34,47)",8359.5000,8970.5000,1.0000,1.0000,-97.7500,-97.7500,8970.5000,20320.0200,20320.0200
2023-08-25,"MA_Crossover(34,47)",8349.2500,8960.2500,1.0000,1.0000,-10.2500,-10.2500,8960.2500,20309.7700,20309.7700
2023-08-29,"MA_Crossover(34,47)",8438.5000,9049.5000,1.0000,1.0000,89.2500,89.2500,9049.5000,20399.0200,20399.0200
2023-08-30,"MA_Crossover(34,47)",8468.5500,9079.5500,1.0000,1.0000,30.0500,30.0500,9079.5500,20429.0700,20429.0700
2023-08-31,"MA_Crossover(34,47)",8420.0000,9031.0000,1.0000,1.0000,-48.5500,-48.5500,9031.0000,20380.5200,20380.5200
2023-09-01,"MA_Crossover(34,47)",8497.2500,9108.2500,1.0000,1.0000,77.2500,77.2500,9108.2500,20457.7700,20457.7700
2023-09-04,"MA_Crossover(34,47)",8453.2500,9064.2500,1.0000,1.0000,-44.0000,-44.0000,9064.2500,20413.7700,20413.7700
2023-09-05,"MA_Crossover(34,47)",8497.5000,9108.5000,1.0000,1.0000,44.2500,44.2500,9108.5000,20458.0200,20458.0200
2023-09-06,"MA_Crossover(34,47)",8374.2500,8985.2500,1.0000,1.0000,-123.2500,-123.2500,8985.2500,20334.7700,20334.7700
2023-09-07,"MA_Crossover(34,47)",8321.2500,8932.2500,-1.0000,1.0000,-53.0000,-53.0000,8932.2500,20281.7700,20281.7700
2023-09-08,"MA_Crossover(34,47)",8241.5000,8852.5000,-1.0000,-1.0000,-79.7500,79.7500,-8852.5000,20361.5200,20361.5200
2023-09-11,"MA_Crossover(34,47)",8389.0000,9000.0000,-1.0000,-1.0000,147.5000,-147.5000,-9000.0000,20214.0200,20214.0200
2023-09-12,"MA_Crossover(34,47)",8378.7500,8989.7500,-1.0000,-1.0000,-10.2500,10.2500,-8989.7500,20224.2700,20224.2700
2023-09-13,"MA_Crossover(34,47)",8406.5000,9017.5000,-1.0000,-1.0000,27.7500,-27.7500,-9017.5000,20196.5200,20196.5200
2023-09-14,"MA_Crossover(34,47)",8375.7500,8986.7500,-1.0000,-1.0000,-30.7500,30.7500,-8986.7500,20227.2700,20227.2700
2023-09-15,"MA_Crossover(34,47)",8352.0000,8963.0000,-1.0000,-1.0000,-23.7500,23.7500,-8963.0000,20251.0200,20251.0200
2023-09-18,"MA_Crossover(34,47)",8299.8000,8910.8000,-1.0000,-1.0000,-52.2000,52.2000,-8910.8000,20303.2200,20303.2200
2023-09-19,"MA_Crossover(34,47)",8271.2500,8857.0000,-1.0000,-1.0000,-53.8000,53.8000,-8857.0000,20357.0200,20357.0200
2023-09-20,"MA_Crossover(34,47)",8320.5000,8909.0000,-1.0000,-1.0000,52.0000,-52.0000,-8909.0000,20305.0200,20305.0200
2023-09-21,"MA_Crossover(34,47)",8169.7500,8759.2500,-1.0000,-1.0000,-149.7500,149.7500,-8759.2500,20454.7700,20454.7700
2023-09-22,"MA_Crossover(34,47)",8198.7500,8772.7500,-1.0000,-1.0000,13.5000,-13.5000,-8772.7500,20441.2700,20441.2700
2023-09-25,"MA_Crossover(34,47)",8110.5000,8684.5000,-1.0000,-1.0000,-88.2500,88.2500,-8684.5000,20529.5200,20529.5200
2023-09-26,"MA_Crossover(34,47)",8066.2500,8640.2500,-1.0000,-1.0000,-44.2500,44.2500,-8640.2500,20573.7700,20573.7700
2023-09-27,"MA_Crossover(34,47)",8088.0000,8662.0000,-1.0000,-1.0000,21.7500,-21.7500,-8662.0000,20552.0200,20552.0200
2023-09-28,"MA_Crossover(34,47)",8193.0000,8767.0000,-1.0000,-1.0000,105.0000,-105.0000,-8767.0000,20447.0200,20447.0200
2023-09-29,"MA_Crossover(34,47)",8239.0000,8813.0000,-1.0000,-1.0000,46.0000,-46.0000,-8813.0000,20401.0200,20401.0200
2023-10-02,"MA_Crossover(34,47)",8003.0000,8577.0000,-1.0000,-1.0000,-236.0000,236.0000,-8577.0000,20637.0200,20637.0200
2023-10-03,"MA_Crossover(34,47)",7952.5000,8526.5000,-1.0000,-1.0000,-50.5000,50.5000,-8526.5000,20687.5200,20687.5200
2023-10-04,"MA_Crossover(34,47)",7895.5000,8469.5000,-1.0000,-1.0000,-57.0000,57.0000,-8469.5000,20744.5200,20744.5200
2023-10-05,"MA_Crossover(34,47)",7837.5000,8411.5000,-1.0000,-1.0000,-58.0000,58.0000,-8411.5000,20802.5200,20802.5200
2023-10-06,"MA_Crossover(34,47)",7985.2500,8559.2500,-1.0000,-1.0000,147.7500,-147.7500,-8559.2500,20654.7700,20654.7700
2023-10-09,"MA_Crossover(34,47)",8050.7500,8624.7500,-1.0000,-1.0000,65.5000,-65.5000,-8624.7500,20589.2700,20589.2700
2023-10-10,"MA_Crossover(34,47)",7955.0000,8529.0000,-1.0000,-1.0000,-95.7500,95.7500,-8529.0000,20685.0200,20685.0200
2023-10-11,"MA_Crossover(34,47)",7954.0000,8528.0000,-1.0000,-1.0000,-1.0000,1.0000,-8528.0000,20686.0200,20686.0200
2023-10-12,"MA_Crossover(34,47)",7919.2500,8493.2500,-1.0000,-1.0000,-34.7500,34.7500,-8493.2500,20720.7700,20720.7700
2023-10-13,"MA_Crossover(34,47)",7877.5000,8451.5000,-1.0000,-1.0000,-41.7500,41.7500,-8451.5000,20762.5200,20762.5200
2023-10-16,"MA_Crossover(34,47)",7915.5000,8489.5000,-1.0000,-1.0000,38.0000,-38.0000,-8489.5000,20724.5200,20724.5200
2023-10-17,"MA_Crossover(34,47)",7937.5000,8498.5000,-1.0000,-1.0000,9.0000,-9.0000,-8498.5000,20715.5200,20715.5200
2023-10-18,"MA_Crossover(34,47)",7940.0000,8502.0000,-1.0000,-1.0000,3.5000,-3.5000,-8502.0000,20712.0200,20712.0200
2023-10-19,"MA_Crossover(34,47)",7963.0000,8524.5000,-1.0000,-1.0000,22.5000,-22.5000,-8524.5000,20689.5200,20689.5200
2023-10-20,"MA_Crossover(34,47)",7916.7600,8460.7600,-1.0000,-1.0000,-63.7400,63.7400,-8460.7600,20753.2600,20753.2600
2023-10-23,"MA_Crossover(34,47)",7935.7500,8479.7500,-1.0000,-1.0000,18.9900,-18.9900,-8479.7500,20734.2700,20734.2700
2023-10-24,"MA_Crossover(34,47)",8018.5000,8562.5000,-1.0000,-1.0000,82.7500,-82.7500,-8562.5000,20651.5200,20651.5200
2023-10-25,"MA_Crossover(34,47)",7991.0000,8535.0000,-1.0000,-1.0000,-27.5000,27.5000,-8535.0000,20679.0200,20679.0200
2023-10-26,"MA_Crossover(34,47)",7939.7500,8483.7500,-1.0000,-1.0000,-51.2500,51.2500,-8483.7500,20730.2700,20730.2700
2023-10-27,"MA_Crossover(34,47)",8056.5000,8600.5000,-1.0000,-1.0000,116.7500,-116.7500,-8600.5000,20613.5200,20613.5200
2023-10-30,"MA_Crossover(34,47)",8094.0000,8638.0000,-1.0000,-1.0000,37.5000,-37.5000,-8638.0000,20576.0200,20576.0200
2023-10-31,"MA_Crossover(34,47)",8051.5000,8595.5000,-1.0000,-1.0000,-42.5000,42.5000,-8595.5000,20618.5200,20618.5200
2023-11-01,"MA_Crossover(34,47)",8050.2500,8594.2500,-1.0000,-1.0000,-1.2500,1.2500,-8594.2500,20619.7700,20619.7700
2023-11-02,"MA_Crossover(34,47)",8079.5000,8623.5000,-1.0000,-1.0000,29.2500,-29.2500,-8623.5000,20590.5200,20590.5200
2023-11-03,"MA_Crossover(34,47)",8109.7000,8653.7000,-1.0000,-1.0000,30.2000,-30.2000,-8653.7000,20560.3200,20560.3200
2023-11-06,"MA_Crossover(34,47)",8169.2500,8713.2500,-1.0000,-1.0000,59.5500,-59.5500,-8713.2500,20500.7700,20500.7700
2023-11-07,"MA_Crossover(34,47)",8112.0000,8656.0000,-1.0000,-1.0000,-57.2500,57.2500,-8656.0000,20558.0200,20558.0200
2023-11-08,"MA_Crossover(34,47)",8068.0000,8612.0000,-1.0000,-1.0000,-44.0000,44.0000,-8612.0000,20602.0200,20602.0200
2023-11-09,"MA_Crossover(34,47)",8072.0100,8616.0100,-1.0000,-1.0000,4.0100,-4.0100,-8616.0100,20598.0100,20598.0100
2023-11-10,"MA_Crossover(34,47)",7956.4900,8500.4900,-1.0000,-1.0000,-115.5200,115.5200,-8500.4900,20713.5300,20713.5300
2023-11-13,"MA_Crossover(34,47)",8081.2500,8625.2500,-1.0000,-1.0000,124.7600,-124.7600,-8625.2500,20588.7700,20588.7700
2023-11-14,"MA_Crossover(34,47)",8191.0000,8714.5000,-1.0000,-1.0000,89.2500,-89.2500,-8714.5000,20499.5200,20499.5200
2023-11-15,"MA_Crossover(34,47)",8218.0000,8744.0000,-1.0000,-1.0000,29.5000,-29.5000,-8744.0000,20470.0200,20470.0200
2023-11-16,"MA_Crossover(34,47)",8166.5000,8695.5000,-1.0000,-1.0000,-48.5000,48.5000,-8695.5000,20518.5200,20518.5200
2023-11-17,"MA_Crossover(34,47)",8212.2500,8711.2500,-1.0000,-1.0000,15.7500,-15.7500,-8711.2500,20502.7700,20502.7700
2023-11-20,"MA_Crossover(34,47)",8381.5000,8880.5000,-1.0000,-1.0000,169.2500,-169.2500,-8880.5000,20333.5200,20333.5200
2023-11-21,"MA_Crossover(34,47)",8394.0000,8893.0000,-1.0000,-1.0000,12.5000,-12.5000,-8893.0000,20321.0200,20321.0200
2023-11-22,"MA_Crossover(34,47)",8294.5000,8793.5000,-1.0000,-1.0000,-99.5000,99.5000,-8793.5000,20420.5200,20420.5200
2023-11-23,"MA_Crossover(34,47)",8345.5000,8844.5000,-1.0000,-1.0000,51.0000,-51.0000,-8844.5000,20369.5200,20369.5200
2023-11-24,"MA_Crossover(34,47)",8364.7500,8863.7500,1.0000,-1.0000,19.2500,-19.2500,-8863.7500,20350.2700,20350.2700
2023-11-27,"MA_Crossover(34,47)",8292.5000,8791.5000,1.0000,1.0000,-72.2500,-72.2500,8791.5000,20278.0200,20278.0200
2023-11-28,"MA_Crossover(34,47)",8415.5000,8914.5000,1.0000,1.0000,123.0000,123.0000,8914.5000,20401.0200,20401.0200
2023-11-29,"MA_Crossover(34,47)",8365.5000,8864.5000,1.0000,1.0000,-50.0000,-50.0000,8864.5000,20351.0200,20351.0200
2023-11-30,"MA_Crossover(34,47)",8409.5000,8908.5000,1.0000,1.0000,44.0000,44.0000,8908.5000,20395.0200,20395.0200
2023-12-01,"MA_Crossover(34,47)",8558.0200,9057.0200,1.0000,1.0000,148.5200,148.5200,9057.0200,20543.5400,20543.5400
2023-12-04,"MA_Crossover(34,47)",8381.7500,8880.7500,1.0000,1.0000,-176.2700,-176.2700,8880.7500,20367.2700,20367.2700
2023-12-05,"MA_Crossover(34,47)",8269.7500,8768.7500,1.0000,1.0000,-112.0000,-112.0000,8768.7500,20255.2700,20255.2700
2023-12-06,"MA_Crossover(34,47)",8219.7500,8718.7500,1.0000,1.0000,-50.0000,-50.0000,8718.7500,20205.2700,20205.2700
2023-12-07,"MA_Crossover(34,47)",8273.0000,8772.0000,1.0000,1.0000,53.2500,53.2500,8772.0000,20258.5200,20258.5200
2023-12-08,"MA_Crossover(34,47)",8380.0000,8879.0000,1.0000,1.0000,107.0000,107.0000,8879.0000,20365.5200,20365.5200
2023-12-11,"MA_Crossover(34,47)",8261.5500,8760.5500,1.0000,1.0000,-118.4500,-118.4500,8760.5500,20247.0700,20247.0700
2023-12-12,"MA_Crossover(34,47)",8270.5000,8769.5000,1.0000,1.0000,8.9500,8.9500,8769.5000,20256.0200,20256.0200
2023-12-13,"MA_Crossover(34,47)",8245.9000,8744.9000,1.0000,1.0000,-24.6000,-24.6000,8744.9000,20231.4200,20231.4200
2023-12-14,"MA_Crossover(34,47)",8463.5100,8962.5100,1.0000,1.0000,217.6100,217.6100,8962.5100,20449.0300,20449.0300
2023-12-15,"MA_Crossover(34,47)",8456.2500,8955.2500,1.0000,1.0000,-7.2600,-7.2600,8955.2500,20441.7700,20441.7700
2023-12-18,"MA_Crossover(34,47)",8393.8100,8892.8100,1.0000,1.0000,-62.4400,-62.4400,8892.8100,20379.3300,20379.3300
2023-12-19,"MA_Crossover(34,47)",8539.5000,9036.0000,1.0000,1.0000,143.1900,143.1900,9036.0000,20522.5200,20522.5200
2023-12-20,"MA_Crossover(34,47)",8524.0000,9024.0000,1.0000,1.0000,-12.0000,-12.0000,9024.0000,20510.5200,20510.5200
2023-12-21,"MA_Crossover(34,47)",8538.0000,9038.5000,1.0000,1.0000,14.5000,14.5000,9038.5000,20525.0200,20525.0200
2023-12-22,"MA_Crossover(34,47)",8514.5000,8981.5000,1.0000,1.0000,-57.0000,-57.0000,8981.5000,20468.0200,20468.0200
2023-12-27,"MA_Crossover(34,47)",8620.0000,9087.0000,1.0000,1.0000,105.5000,105.5000,9087.0000,20573.5200,20573.5200
2023-12-28,"MA_Crossover(34,47)",8556.7500,9023.7500,1.0000,1.0000,-63.2500,-63.2500,9023.7500,20510.2700,20510.2700
2023-12-29,"MA_Crossover(34,47)",8488.5000,8955.5000,1.0000,1.0000,-68.2500,-68.2500,8955.5000,20442.0200,20442.0200
2024-01-02,"MA_Crossover(34,47)",8463.7500,8930.7500,1.0000,1.0000,-24.7500,-24.7500,8930.7500,20417.2700,20417.2700
2024-01-03,"MA_Crossover(34,47)",8438.7500,8905.7500,1.0000,1.0000,-25.0000,-25.0000,8905.7500,20392.2700,20392.2700
2024-01-04,"MA_Crossover(34,47)",8383.2500,8850.2500,1.0000,1.0000,-55.5000,-55.5000,8850.2500,20336.7700,20336.7700
2024-01-05,"MA_Crossover(34,47)",8374.7500,8841.7500,1.0000,1.0000,-8.5000,-8.5000,8841.7500,20328.2700,20328.2700
2024-01-08,"MA_Crossover(34,47)",8351.7400,8818.7400,1.0000,1.0000,-23.0100,-23.0100,8818.7400,20305.2600,20305.2600
2024-01-09,"MA_Crossover(34,47)",8273.7500,8740.7500,1.0000,1.0000,-77.9900,-77.9900,8740.7500,20227.2700,20227.2700
2024-01-10,"MA_Crossover(34,47)",8277.2500,8744.2500,1.0000,1.0000,3.5000,3.5000,8744.2500,20230.7700,20230.7700
2024-01-11,"MA_Crossover(34,47)",8264.0000,8731.0000,1.0000,1.0000,-13.2500,-13.2500,8731.0000,20217.5200,20217.5200
2024-01-12,"MA_Crossover(34,47)",8242.7500,8709.7500,1.0000,1.0000,-21.2500,-21.2500,8709.7500,20196.2700,20196.2700
2024-01-15,"MA_Crossover(34,47)",8284.0000,8751.0000,1.0000,1.0000,41.2500,41.2500,8751.0000,20237.5200,20237.5200
2024-01-16,"MA_Crossover(34,47)",8306.0000,8756.0000,1.0000,1.0000,5.0000,5.0000,8756.0000,20242.5200,20242.5200
2024-01-17,"MA_Crossover(34,47)",8216.2500,8668.7500,1.0000,1.0000,-87.2500,-87.2500,8668.7500,20155.2700,20155.2700
2024-01-18,"MA_Crossover(34,47)",8261.7500,8713.2500,1.0000,1.0000,44.5000,44.5000,8713.2500,20199.7700,20199.7700
2024-01-19,"MA_Crossover(34,47)",8306.7600,8727.7600,1.0000,1.0000,14.5100,14.5100,8727.7600,20214.2800,20214.2800
2024-01-22,"MA_Crossover(34,47)",8289.5000,8710.5000,1.0000,1.0000,-17.2600,-17.2600,8710.5000,20197.0200,20197.0200
2024-01-23,"MA_Crossover(34,47)",8348.0000,8769.0000,1.0000,1.0000,58.5000,58.5000,8769.0000,20255.5200,20255.5200
2024-01-24,"MA_Crossover(34,47)",8506.9900,8927.9900,1.0000,1.0000,158.9900,158.9900,8927.9900,20414.5100,20414.5100
2024-01-25,"MA_Crossover(34,47)",8508.0000,8929.0000,1.0000,1.0000,1.0100,1.0100,8929.0000,20415.5200,20415.5200
2024-01-26,"MA_Crossover(34,47)",8479.0500,8900.0500,1.0000,1.0000,-28.9500,-28.9500,8900.0500,20386.5700,20386.5700
2024-01-29,"MA_Crossover(34,47)",8486.5000,8907.5000,1.0000,1.0000,7.4500,7.4500,8907.5000,20394.0200,20394.0200
2024-01-30,"MA_Crossover(34,47)",8543.7500,8964.7500,1.0000,1.0000,57.2500,57.2500,8964.7500,20451.2700,20451.2700
2024-01-31,"MA_Crossover(34,47)",8530.5000,8951.5000,1.0000,1.0000,-13.2500,-13.2500,8951.5000,20438.0200,20438.0200
2024-02-01,"MA_Crossover(34,47)",8451.0000,8872.0000,1.0000,1.0000,-79.5000,-79.5000,8872.0000,20358.5200,20358.5200
2024-02-02,"MA_Crossover(34,47)",8397.8400,8818.8400,1.0000,1.0000,-53.1600,-53.1600,8818.8400,20305.3600,20305.3600
2024-02-05,"MA_Crossover(34,47)",8267.2500,8688.2500,1.0000,1.0000,-130.5900,-130.5900,8688.2500,20174.7700,20174.7700
2024-02-06,"MA_Crossover(34,47)",8312.2500,8733.2500,1.0000,1.0000,45.0000,45.0000,8733.2500,20219.7700,20219.7700
2024-02-07,"MA_Crossover(34,47)",8217.0000,8638.0000,1.0000,1.0000,-95.2500,-95.2500,8638.0000,20124.5200,20124.5200
2024-02-08,"MA_Crossover(34,47)",8098.2700,8519.2700,1.0000,1.0000,-118.7300,-118.7300,8519.2700,20005.7900,20005.7900
2024-02-09,"MA_Crossover(34,47)",8077.2900,8498.2900,1.0000,1.0000,-20.9800,-20.9800,8498.2900,19984.8100,19984.8100
2024-02-12,"MA_Crossover(34,47)",8138.2400,8559.2400,-1.0000,1.0000,60.9500,60.9500,8559.2400,20045.7600,20045.7600
2024-02-13,"MA_Crossover(34,47)",8163.7500,8584.7500,-1.0000,-1.0000,25.5100,-25.5100,-8584.7500,20020.2500,20020.2500
2024-02-14,"MA_Crossover(34,47)",8104.0000,8525.0000,-1.0000,-1.0000,-59.7500,59.7500,-8525.0000,20080.0000,20080.0000
2024-02-15,"MA_Crossover(34,47)",8224.2500,8645.2500,-1.0000,-1.0000,120.2500,-120.2500,-8645.2500,19959.7500,19959.7500
2024-02-16,"MA_Crossover(34,47)",8410.2500,8831.2500,-1.0000,-1.0000,186.0000,-186.0000,-8831.2500,19773.7500,19773.7500
2024-02-19,"MA_Crossover(34,47)",8353.5000,8774.5000,-1.0000,-1.0000,-56.7500,56.7500,-8774.5000,19830.5000,19830.5000
2024-02-20,"MA_Crossover(34,47)",8458.9900,8872.8000,-1.0000,-1.0000,98.3000,-98.3000,-8872.8000,19732.2000,19732.2000
2024-02-21,"MA_Crossover(34,47)",8495.2500,8912.4500,-1.0000,-1.0000,39.6500,-39.6500,-8912.4500,19692.5500,19692.5500
2024-02-22,"MA_Crossover(34,47)",8534.5000,8953.7000,-1.0000,-1.0000,41.2500,-41.2500,-8953.7000,19651.3000,19651.3000
2024-02-23,"MA_Crossover(34,47)",8510.0000,8898.2000,-1.0000,-1.0000,-55.5000,55.5000,-8898.2000,19706.8000,19706.8000
2024-02-26,"MA_Crossover(34,47)",8398.0000,8786.2000,-1.0000,-1.0000,-112.0000,112.0000,-8786.2000,19818.8000,19818.8000
2024-02-27,"MA_Crossover(34,47)",8409.0000,8797.2000,-1.0000,-1.0000,11.0000,-11.0000,-8797.2000,19807.8000,19807.8000
2024-02-28,"MA_Crossover(34,47)",8385.7500,8773.9500,-1.0000,-1.0000,-23.2500,23.2500,-8773.9500,19831.0500,19831.0500
2024-02-29,"MA_Crossover(34,47)",8427.0000,8815.2000,-1.0000,-1.0000,41.2500,-41.2500,-8815.2000,19789.8000,19789.8000
2024-03-01,"MA_Crossover(34,47)",8438.5000,8826.7000,-1.0000,-1.0000,11.5000,-11.5000,-8826.7000,19778.3000,19778.3000
2024-03-04,"MA_Crossover(34,47)",8476.5100,8864.7100,-1.0000,-1.0000,38.0100,-38.0100,-8864.7100,19740.2900,19740.2900
2024-03-05,"MA_Crossover(34,47)",8421.7500,8809.9500,1.0000,-1.0000,-54.7600,54.7600,-8809.9500,19795.0500,19795.0500
2024-03-06,"MA_Crossover(34,47)",8503.0000,8891.2000,1.0000,1.0000,81.2500,81.2500,8891.2000,19876.3000,19876.3000
2024-03-07,"MA_Crossover(34,47)",8561.2400,8949.4400,1.0000,1.0000,58.2400,58.2400,8949.4400,19934.5400,19934.5400
2024-03-08,"MA_Crossover(34,47)",8500.2800,8888.4800,1.0000,1.0000,-60.9600,-60.9600,8888.4800,19873.5800,19873.5800
2024-03-11,"MA_Crossover(34,47)",8571.0000,8959.2000,1.0000,1.0000,70.7200,70.7200,8959.2000,19944.3000,19944.3000
2024-03-12,"MA_Crossover(34,47)",8570.2000,8958.4000,1.0000,1.0000,-0.8000,-0.8000,8958.4000,19943.5000,19943.5000
2024-03-13,"MA_Crossover(34,47)",8840.0100,9228.2100,1.0000,1.0000,269.8100,269.8100,9228.2100,20213.3100,20213.3100
2024-03-14,"MA_Crossover(34,47)",8786.0000,9174.2000,1.0000,1.0000,-54.0100,-54.0100,9174.2000,20159.3000,20159.3000
2024-03-15,"MA_Crossover(34,47)",8970.2500,9358.4500,1.0000,1.0000,184.2500,184.2500,9358.4500,20343.5500,20343.5500
2024-03-18,"MA_Crossover(34,47)",8986.1100,9374.3100,1.0000,1.0000,15.8600,15.8600,9374.3100,20359.4100,20359.4100
2024-03-19,"MA_Crossover(34,47)",8910.0700,9293.9100,1.0000,1.0000,-80.4000,-80.4000,9293.9100,20279.0100,20279.0100
2024-03-20,"MA_Crossover(34,47)",8858.8400,9244.1400,1.0000,1.0000,-49.7700,-49.7700,9244.1400,20229.2400,20229.2400
2024-03-21,"MA_Crossover(34,47)",8875.4800,9263.2900,1.0000,1.0000,19.1500,19.1500,9263.2900,20248.3900,20248.3900
2024-03-22,"MA_Crossover(34,47)",8791.0200,9139.8800,1.0000,1.0000,-123.4100,-123.4100,9139.8800,20124.9800,20124.9800
2024-03-25,"MA_Crossover(34,47)",8792.5800,9141.4400,1.0000,1.0000,1.5600,1.5600,9141.4400,20126.5400,20126.5400
2024-03-26,"MA_Crossover(34,47)",8781.4700,9130.3300,1.0000,1.0000,-11.1100,-11.1100,9130.3300,20115.4300,20115.4300
2024-03-27,"MA_Crossover(34,47)",8768.0000,9116.8600,1.0000,1.0000,-13.4700,-13.4700,9116.8600,20101.9600,20101.9600
2024-03-28,"MA_Crossover(34,47)",8787.8400,9136.7000,1.0000,1.0000,19.8400,19.8400,9136.7000,20121.8000,20121.8000
2024-04-02,"MA_Crossover(34,47)",8907.2500,9256.1100,1.0000,1.0000,119.4100,119.4100,9256.1100,20241.2100,20241.2100
2024-04-03,"MA_Crossover(34,47)",9171.5300,9520.3900,1.0000,1.0000,264.2800,264.2800,9520.3900,20505.4900,20505.4900
2024-04-04,"MA_Crossover(34,47)",9257.5600,9606.4200,1.0000,1.0000,86.0300,86.0300,9606.4200,20591.5200,20591.5200
2024-04-05,"MA_Crossover(34,47)",9223.5000,9572.3600,1.0000,1.0000,-34.0600,-34.0600,9572.3600,20557.4600,20557.4600
2024-04-08,"MA_Crossover(34,47)",9295.0100,9643.8700,1.0000,1.0000,71.5100,71.5100,9643.8700,20628.9700,20628.9700
2024-04-09,"MA_Crossover(34,47)",9294.2800,9643.1400,1.0000,1.0000,-0.7300,-0.7300,9643.1400,20628.2400,20628.2400
2024-04-10,"MA_Crossover(34,47)",9249.2400,9598.1000,1.0000,1.0000,-45.0400,-45.0400,9598.1000,20583.2000,20583.2000
2024-04-11,"MA_Crossover(34,47)",9213.4000,9562.2600,1.0000,1.0000,-35.8400,-35.8400,9562.2600,20547.3600,20547.3600
2024-04-12,"MA_Crossover(34,47)",9334.9600,9683.8200,1.0000,1.0000,121.5600,121.5600,9683.8200,20668.9200,20668.9200
2024-04-15,"MA_Crossover(34,47)",9499.4700,9848.3300,1.0000,1.0000,164.5100,164.5100,9848.3300,20833.4300,20833.4300
2024-04-16,"MA_Crossover(34,47)",9390.4500,9766.5500,1.0000,1.0000,-81.7800,-81.7800,9766.5500,20751.6500,20751.6500
2024-04-17,"MA_Crossover(34,47)",9515.1200,9885.2500,1.0000,1.0000,118.7000,118.7000,9885.2500,20870.3500,20870.3500
2024-04-18,"MA_Crossover(34,47)",9676.0000,10043.0200,1.0000,1.0000,157.7700,157.7700,10043.0200,21028.1200,21028.1200
2024-04-19,"MA_Crossover(34,47)",9819.7400,10154.0400,1.0000,1.0000,111.0200,111.0200,10154.0400,21139.1400,21139.1400
2024-04-22,"MA_Crossover(34,47)",9764.1600,10098.4600,1.0000,1.0000,-55.5800,-55.5800,10098.4600,21083.5600,21083.5600
2024-04-23,"MA_Crossover(34,47)",9631.5900,9965.8900,1.0000,1.0000,-132.5700,-132.5700,9965.8900,20950.9900,20950.9900
2024-04-24,"MA_Crossover(34,47)",9684.8300,10019.1300,1.0000,1.0000,53.2400,53.2400,10019.1300,21004.2300,21004.2300
2024-04-25,"MA_Crossover(34,47)",9768.6500,10102.9500,1.0000,1.0000,83.8200,83.8200,10102.9500,21088.0500,21088.0500
2024-04-26,"MA_Crossover(34,47)",9876.9700,10211.2700,1.0000,1.0000,108.3200,108.3200,10211.2700,21196.3700,21196.3700
2024-04-29,"MA_Crossover(34,47)",10057.4700,10391.7700,1.0000,1.0000,180.5000,180.5000,10391.7700,21376.8700,21376.8700
2024-04-30,"MA_Crossover(34,47)",9903.7300,10238.0300,1.0000,1.0000,-153.7400,-153.7400,10238.0300,21223.1300,21223.1300
2024-05-01,"MA_Crossover(34,47)",9794.9300,10129.2300,1.0000,1.0000,-108.8000,-108.8000,10129.2300,21114.3300,21114.3300
2024-05-02,"MA_Crossover(34,47)",9652.4600,9986.7600,1.0000,1.0000,-142.4700,-142.4700,9986.7600,20971.8600,20971.8600
2024-05-03,"MA_Crossover(34,47)",9799.0300,10133.3300,1.0000,1.0000,146.5700,146.5700,10133.3300,21118.4300,21118.4300
2024-05-07,"MA_Crossover(34,47)",9903.7900,10238.0900,1.0000,1.0000,104.7600,104.7600,10238.0900,21223.1900,21223.1900
2024-05-08,"MA_Crossover(34,47)",9776.1000,10110.4000,1.0000,1.0000,-127.6900,-127.6900,10110.4000,21095.5000,21095.5000
2024-05-09,"MA_Crossover(34,47)",9783.4100,10117.7100,1.0000,1.0000,7.3100,7.3100,10117.7100,21102.8100,21102.8100
2024-05-10,"MA_Crossover(34,47)",9896.6600,10230.9600,1.0000,1.0000,113.2500,113.2500,10230.9600,21216.0600,21216.0600
2024-05-13,"MA_Crossover(34,47)",10082.4000,10416.7000,1.0000,1.0000,185.7400,185.7400,10416.7000,21401.8000,21401.8000
2024-05-14,"MA_Crossover(34,47)",10043.0800,10378.6300,1.0000,1.0000,-38.0700,-38.0700,10378.6300,21363.7300,21363.7300
2024-05-15,"MA_Crossover(34,47)",10149.7900,10482.3100,1.0000,1.0000,103.6800,103.6800,10482.3100,21467.4100,21467.4100
2024-05-16,"MA_Crossover(34,47)",10361.7600,10689.8700,1.0000,1.0000,207.5600,207.5600,10689.8700,21674.9700,21674.9700
2024-05-17,"MA_Crossover(34,47)",10615.4800,10913.1700,1.0000,1.0000,223.3000,223.3000,10913.1700,21898.2700,21898.2700
2024-05-20,"MA_Crossover(34,47)",10830.6300,11128.3200,1.0000,1.0000,215.1500,215.1500,11128.3200,22113.4200,22113.4200
2024-05-21,"MA_Crossover(34,47)",10783.6500,11081.3400,1.0000,1.0000,-46.9800,-46.9800,11081.3400,22066.4400,22066.4400
2024-05-22,"MA_Crossover(34,47)",10334.2100,10631.9000,1.0000,1.0000,-449.4400,-449.4400,10631.9000,21617.0000,21617.0000
2024-05-23,"MA_Crossover(34,47)",10347.4100,10645.1000,1.0000,1.0000,13.2000,13.2000,10645.1000,21630.2000,21630.2000
2024-05-24,"MA_Crossover(34,47)",10246.5100,10544.2000,1.0000,1.0000,-100.9000,-100.9000,10544.2000,21529.3000,21529.3000
2024-05-28,"MA_Crossover(34,47)",10418.9900,10716.6800,1.0000,1.0000,172.4800,172.4800,10716.6800,21701.7800,21701.7800
2024-05-29,"MA_Crossover(34,47)",10365.7200,10663.4100,1.0000,1.0000,-53.2700,-53.2700,10663.4100,21648.5100,21648.5100
2024-05-30,"MA_Crossover(34,47)",10041.1400,10338.8300,1.0000,1.0000,-324.5800,-324.5800,10338.8300,21323.9300,21323.9300
2024-05-31,"MA_Crossover(34,47)",9945.3800,10243.0700,1.0000,1.0000,-95.7600,-95.7600,10243.0700,21228.1700,21228.1700
2024-06-03,"MA_Crossover(34,47)",10045.0800,10342.7700,1.0000,1.0000,99.7000,99.7000,10342.7700,21327.8700,21327.8700
2024-06-04,"MA_Crossover(34,47)",9844.6500,10142.3400,1.0000,1.0000,-200.4300,-200.4300,10142.3400,21127.4400,21127.4400
2024-06-05,"MA_Crossover(34,47)",9824.7400,10122.4300,1.0000,1.0000,-19.9100,-19.9100,10122.4300,21107.5300,21107.5300
2024-06-06,"MA_Crossover(34,47)",10051.0200,10348.7100,1.0000,1.0000,226.2800,226.2800,10348.7100,21333.8100,21333.8100
2024-06-07,"MA_Crossover(34,47)",9652.4300,9950.1200,1.0000,1.0000,-398.5900,-398.5900,9950.1200,20935.2200,20935.2200
2024-06-10,"MA_Crossover(34,47)",9777.6100,10075.3000,1.0000,1.0000,125.1800,125.1800,10075.3000,21060.4000,21060.4000
2024-06-11,"MA_Crossover(34,47)",9638.7300,9936.4200,1.0000,1.0000,-138.8800,-138.8800,9936.4200,20921.5200,20921.5200
2024-06-12,"MA_Crossover(34,47)",9827.5200,10125.2100,1.0000,1.0000,188.7900,188.7900,10125.2100,21110.3100,21110.3100
2024-06-13,"MA_Crossover(34,47)",9667.6500,9965.3400,1.0000,1.0000,-159.8700,-159.8700,9965.3400,20950.4400,20950.4400
2024-06-14,"MA_Crossover(34,47)",9617.2900,9914.9800,1.0000,1.0000,-50.3600,-50.3600,9914.9800,20900.0800,20900.0800
2024-06-17,"MA_Crossover(34,47)",9536.8000,9834.4900,1.0000,1.0000,-80.4900,-80.4900,9834.4900,20819.5900,20819.5900
2024-06-18,"MA_Crossover(34,47)",9583.2700,9885.6100,1.0000,1.0000,51.1200,51.1200,9885.6100,20870.7100,20870.7100
2024-06-19,"MA_Crossover(34,47)",9698.9900,10002.7400,1.0000,1.0000,117.1300,117.1300,10002.7400,20987.8400,20987.8400
2024-06-20,"MA_Crossover(34,47)",9769.8900,10075.0000,1.0000,1.0000,72.2600,72.2600,10075.0000,21060.1000,21060.1000
2024-06-21,"MA_Crossover(34,47)",9591.4800,9843.4900,1.0000,1.0000,-231.5100,-231.5100,9843.4900,20828.5900,20828.5900
2024-06-24,"MA_Crossover(34,47)",9558.2500,9810.2600,1.0000,1.0000,-33.2300,-33.2300,9810.2600,20795.3600,20795.3600
2024-06-25,"MA_Crossover(34,47)",9467.0900,9719.1000,1.0000,1.0000,-91.1600,-91.1600,9719.1000,20704.2000,20704.2000
2024-06-26,"MA_Crossover(34,47)",9441.3100,9693.3200,1.0000,1.0000,-25.7800,-25.7800,9693.3200,20678.4200,20678.4200
2024-06-27,"MA_Crossover(34,47)",9407.8100,9659.8200,1.0000,1.0000,-33.5000,-33.5000,9659.8200,20644.9200,20644.9200
2024-06-28,"MA_Crossover(34,47)",9489.4600,9741.4700,1.0000,1.0000,81.6500,81.6500,9741.4700,20726.5700,20726.5700
2024-07-01,"MA_Crossover(34,47)",9511.2900,9763.3000,1.0000,1.0000,21.8300,21.8300,9763.3000,20748.4000,20748.4000
2024-07-02,"MA_Crossover(34,47)",9551.4100,9803.4200,1.0000,1.0000,40.1200,40.1200,9803.4200,20788.5200,20788.5200
2024-07-03,"MA_Crossover(34,47)",9745.7700,9997.7800,-1.0000,1.0000,194.3600,194.3600,9997.7800,20982.8800,20982.8800
2024-07-04,"MA_Crossover(34,47)",9752.6500,10004.6600,-1.0000,-1.0000,6.8800,-6.8800,-10004.6600,20976.0000,20976.0000
2024-07-05,"MA_Crossover(34,47)",9811.2400,10063.2500,-1.0000,-1.0000,58.5900,-58.5900,-10063.2500,20917.4100,20917.4100
2024-07-08,"MA_Crossover(34,47)",9773.6100,10025.6200,-1.0000,-1.0000,-37.6300,37.6300,-10025.6200,20955.0400,20955.0400
2024-07-09,"MA_Crossover(34,47)",9723.2500,9975.2600,-1.0000,-1.0000,-50.3600,50.3600,-9975.2600,21005.4000,21005.4000
2024-07-10,"MA_Crossover(34,47)",9754.4000,10006.4100,-1.0000,-1.0000,31.1500,-31.1500,-10006.4100,20974.2500,20974.2500
2024-07-11,"MA_Crossover(34,47)",9631.8900,9883.9000,-1.0000,-1.0000,-122.5100,122.5100,-9883.9000,21096.7600,21096.7600
2024-07-12,"MA_Crossover(34,47)",9728.3800,9980.3900,-1.0000,-1.0000,96.4900,-96.4900,-9980.3900,21000.2700,21000.2700
2024-07-15,"MA_Crossover(34,47)",9652.5500,9904.5600,-1.0000,-1.0000,-75.8300,75.8300,-9904.5600,21076.1000,21076.1000
2024-07-16,"MA_Crossover(34,47)",9570.3400,9811.0900,-1.0000,-1.0000,-93.4700,93.4700,-9811.0900,21169.5700,21169.5700
2024-07-17,"MA_Crossover(34,47)",9551.6000,9788.4500,-1.0000,-1.0000,-22.6400,22.6400,-9788.4500,21192.2100,21192.2100
2024-07-18,"MA_Crossover(34,47)",9305.9000,9541.3900,-1.0000,-1.0000,-247.0600,247.0600,-9541.3900,21439.2700,21439.2700
2024-07-19,"MA_Crossover(34,47)",9231.7600,9419.0800,-1.0000,-1.0000,-122.3100,122.3100,-9419.0800,21561.5800,21561.5800
2024-07-22,"MA_Crossover(34,47)",9139.6800,9327.0000,-1.0000,-1.0000,-92.0800,92.0800,-9327.0000,21653.6600,21653.6600
2024-07-23,"MA_Crossover(34,47)",9090.9200,9278.2400,-1.0000,-1.0000,-48.7600,48.7600,-9278.2400,21702.4200,21702.4200
2024-07-24,"MA_Crossover(34,47)",9021.9300,9209.2500,-1.0000,-1.0000,-68.9900,68.9900,-9209.2500,21771.4100,21771.4100
2024-07-25,"MA_Crossover(34,47)",9040.3700,9227.6900,-1.0000,-1.0000,18.4400,-18.4400,-9227.6900,21752.9700,21752.9700
2024-07-26,"MA_Crossover(34,47)",9031.7100,9219.0300,-1.0000,-1.0000,-8.6600,8.6600,-9219.0300,21761.6300,21761.6300
2024-07-29,"MA_Crossover(34,47)",8933.6700,9120.9900,-1.0000,-1.0000,-98.0400,98.0400,-9120.9900,21859.6700,21859.6700
2024-07-30,"MA_Crossover(34,47)",8880.0700,9067.3900,-1.0000,-1.0000,-53.6000,53.6000,-9067.3900,21913.2700,21913.2700
2024-07-31,"MA_Crossover(34,47)",9138.2000,9325.5200,-1.0000,-1.0000,258.1300,-258.1300,-9325.5200,21655.1400,21655.1400
2024-08-01,"MA_Crossover(34,47)",8954.0600,9141.3800,-1.0000,-1.0000,-184.1400,184.1400,-9141.3800,21839.2800,21839.2800
2024-08-02,"MA_Crossover(34,47)",8963.7400,9151.0600,-1.0000,-1.0000,9.6800,-9.6800,-9151.0600,21829.6000,21829.6000
2024-08-05,"MA_Crossover(34,47)",8792.9300,8980.2500,-1.0000,-1.0000,-170.8100,170.8100,-8980.2500,22000.4100,22000.4100
2024-08-06,"MA_Crossover(34,47)",8830.2000,9017.5200,-1.0000,-1.0000,37.2700,-37.2700,-9017.5200,21963.1400,21963.1400
2024-08-07,"MA_Crossover(34,47)",8663.5100,8850.8300,-1.0000,-1.0000,-166.6900,166.6900,-8850.8300,22129.8300,22129.8300
2024-08-08,"MA_Crossover(34,47)",8688.0900,8875.4100,-1.0000,-1.0000,24.5800,-24.5800,-8875.4100,22105.2500,22105.2500
2024-08-09,"MA_Crossover(34,47)",8762.2800,8949.6000,-1.0000,-1.0000,74.1900,-74.1900,-8949.6000,22031.0600,22031.0600
2024-08-12,"MA_Crossover(34,47)",8921.3400,9108.6600,-1.0000,-1.0000,159.0600,-159.0600,-9108.6600,21872.0000,21872.0000
2024-08-13,"MA_Crossover(34,47)",8859.1600,9046.4800,-1.0000,-1.0000,-62.1800,62.1800,-9046.4800,21934.1800,21934.1800
2024-08-14,"MA_Crossover(34,47)",8873.1600,9060.4800,-1.0000,-1.0000,14.0000,-14.0000,-9060.4800,21920.1800,21920.1800
2024-08-15,"MA_Crossover(34,47)",9053.5300,9240.8500,-1.0000,-1.0000,180.3700,-180.3700,-9240.8500,21739.8100,21739.8100
2024-08-16,"MA_Crossover(34,47)",9007.6500,9194.9700,-1.0000,-1.0000,-45.8800,45.8800,-9194.9700,21785.6900,21785.6900
2024-08-19,"MA_Crossover(34,47)",9142.6400,9329.9600,-1.0000,-1.0000,134.9900,-134.9900,-9329.9600,21650.7000,21650.7000
2024-08-20,"MA_Crossover(34,47)",9131.6100,9313.5100,-1.0000,-1.0000,-16.4500,16.4500,-9313.5100,21667.1500,21667.1500
2024-08-21,"MA_Crossover(34,47)",9182.0900,9366.2900,-1.0000,-1.0000,52.7800,-52.7800,-9366.2900,21614.3700,21614.3700
2024-08-22,"MA_Crossover(34,47)",9049.9900,9236.5000,-1.0000,-1.0000,-129.7900,129.7900,-9236.5000,21744.1600,21744.1600
2024-08-23,"MA_Crossover(34,47)",9210.7800,9354.4800,-1.0000,-1.0000,117.9800,-117.9800,-9354.4800,21626.1800,21626.1800
2024-08-27,"MA_Crossover(34,47)",9363.5200,9507.2200,-1.0000,-1.0000,152.7400,-152.7400,-9507.2200,21473.4400,21473.4400
2024-08-28,"MA_Crossover(34,47)",9165.9700,9309.6700,-1.0000,-1.0000,-197.5500,197.5500,-9309.6700,21670.9900,21670.9900
2024-08-29,"MA_Crossover(34,47)",9152.6400,9296.3400,-1.0000,-1.0000,-13.3300,13.3300,-9296.3400,21684.3200,21684.3200
2024-08-30,"MA_Crossover(34,47)",9142.7700,9286.4700,-1.0000,-1.0000,-9.8700,9.8700,-9286.4700,21694.1900,21694.1900
2024-09-02,"MA_Crossover(34,47)",9082.1400,9225.8400,-1.0000,-1.0000,-60.6300,60.6300,-9225.8400,21754.8200,21754.8200
2024-09-03,"MA_Crossover(34,47)",8853.9800,8997.6800,-1.0000,-1.0000,-228.1600,228.1600,-8997.6800,21982.9800,21982.9800
2024-09-04,"MA_Crossover(34,47)",8858.9800,9002.6800,-1.0000,-1.0000,5.0000,-5.0000,-9002.6800,21977.9800,21977.9800
2024-09-05,"MA_Crossover(34,47)",8994.7300,9138.4300,-1.0000,-1.0000,135.7500,-135.7500,-9138.4300,21842.2300,21842.2300
2024-09-06,"MA_Crossover(34,47)",8890.7700,9034.4700,-1.0000,-1.0000,-103.9600,103.9600,-9034.4700,21946.1900,21946.1900
2024-09-09,"MA_Crossover(34,47)",8985.1600,9128.8600,-1.0000,-1.0000,94.3900,-94.3900,-9128.8600,21851.8000,21851.8000
2024-09-10,"MA_Crossover(34,47)",8909.9400,9053.6400,-1.0000,-1.0000,-75.2200,75.2200,-9053.6400,21927.0200,21927.0200
2024-09-11,"MA_Crossover(34,47)",8974.2800,9117.9800,-1.0000,-1.0000,64.3400,-64.3400,-9117.9800,21862.6800,21862.6800
2024-09-12,"MA_Crossover(34,47)",9099.4900,9243.1900,-1.0000,-1.0000,125.2100,-125.2100,-9243.1900,21737.4700,21737.4700
2024-09-13,"MA_Crossover(34,47)",9190.6700,9334.3700,-1.0000,-1.0000,91.1800,-91.1800,-9334.3700,21646.2900,21646.2900
2024-09-16,"MA_Crossover(34,47)",9264.8200,9408.5200,-1.0000,-1.0000,74.1500,-74.1500,-9408.5200,21572.1400,21572.1400
2024-09-17,"MA_Crossover(34,47)",9285.6300,9430.9700,-1.0000,-1.0000,22.4500,-22.4500,-9430.9700,21549.6900,21549.6900
2024-09-18,"MA_Crossover(34,47)",9312.4600,9458.8400,-1.0000,-1.0000,27.8700,-27.8700,-9458.8400,21521.8200,21521.8200
2024-09-19,"MA_Crossover(34,47)",9429.2200,9575.9500,-1.0000,-1.0000,117.1100,-117.1100,-9575.9500,21404.7100,21404.7100
2024-09-20,"MA_Crossover(34,47)",9386.4500,9483.8200,-1.0000,-1.0000,-92.1300,92.1300,-9483.8200,21496.8400,21496.8400
2024-09-23,"MA_Crossover(34,47)",9453.7000,9551.0700,1.0000,-1.0000,67.2500,-67.2500,-9551.0700,21429.5900,21429.5900
2024-09-24,"MA_Crossover(34,47)",9704.4500,9801.8200,1.0000,1.0000,250.7500,250.7500,9801.8200,21680.3400,21680.3400
2024-09-25,"MA_Crossover(34,47)",9713.1400,9810.5100,1.0000,1.0000,8.6900,8.6900,9810.5100,21689.0300,21689.0300
2024-09-26,"MA_Crossover(34,47)",9975.1000,10072.4700,1.0000,1.0000,261.9600,261.9600,10072.4700,21950.9900,21950.9900
2024-09-27,"MA_Crossover(34,47)",9875.0300,9972.4000,1.0000,1.0000,-100.0700,-100.0700,9972.4000,21850.9200,21850.9200
2024-09-30,"MA_Crossover(34,47)",9716.0700,9813.4400,1.0000,1.0000,-158.9600,-158.9600,9813.4400,21691.9600,21691.9600
2024-10-01,"MA_Crossover(34,47)",9862.2500,9959.6200,1.0000,1.0000,146.1800,146.1800,9959.6200,21838.1400,21838.1400
2024-10-02,"MA_Crossover(34,47)",9964.5700,10061.9400,1.0000,1.0000,102.3200,102.3200,10061.9400,21940.4600,21940.4600
2024-10-03,"MA_Crossover(34,47)",9735.9200,9833.2900,1.0000,1.0000,-228.6500,-228.6500,9833.2900,21711.8100,21711.8100
2024-10-04,"MA_Crossover(34,47)",9812.4500,9909.8200,1.0000,1.0000,76.5300,76.5300,9909.8200,21788.3400,21788.3400
2024-10-07,"MA_Crossover(34,47)",9790.2900,9887.6600,1.0000,1.0000,-22.1600,-22.1600,9887.6600,21766.1800,21766.1800
2024-10-08,"MA_Crossover(34,47)",9604.3900,9701.7600,1.0000,1.0000,-185.9000,-185.9000,9701.7600,21580.2800,21580.2800
2024-10-09,"MA_Crossover(34,47)",9537.9300,9635.3000,1.0000,1.0000,-66.4600,-66.4600,9635.3000,21513.8200,21513.8200
2024-10-10,"MA_Crossover(34,47)",9584.6100,9681.9800,1.0000,1.0000,46.6800,46.6800,9681.9800,21560.5000,21560.5000
2024-10-11,"MA_Crossover(34,47)",9652.4200,9749.7900,1.0000,1.0000,67.8100,67.8100,9749.7900,21628.3100,21628.3100
2024-10-14,"MA_Crossover(34,47)",9526.4800,9623.8500,1.0000,1.0000,-125.9400,-125.9400,9623.8500,21502.3700,21502.3700
2024-10-15,"MA_Crossover(34,47)",9445.6900,9536.4100,1.0000,1.0000,-87.4400,-87.4400,9536.4100,21414.9300,21414.9300
2024-10-16,"MA_Crossover(34,47)",9475.7700,9566.1500,1.0000,1.0000,29.7400,29.7400,9566.1500,21444.6700,21444.6700
2024-10-17,"MA_Crossover(34,47)",9435.6500,9524.3400,1.0000,1.0000,-41.8100,-41.8100,9524.3400,21402.8600,21402.8600
2024-10-18,"MA_Crossover(34,47)",9553.0300,9597.0000,1.0000,1.0000,72.6600,72.6600,9597.0000,21475.5200,21475.5200
2024-10-21,"MA_Crossover(34,47)",9474.2600,9518.2300,1.0000,1.0000,-78.7700,-78.7700,9518.2300,21396.7500,21396.7500
2024-10-22,"MA_Crossover(34,47)",9489.6500,9533.6200,1.0000,1.0000,15.3900,15.3900,9533.6200,21412.1400,21412.1400
2024-10-23,"MA_Crossover(34,47)",9427.2400,9471.2100,1.0000,1.0000,-62.4100,-62.4100,9471.2100,21349.7300,21349.7300
2024-10-24,"MA_Crossover(34,47)",9412.5100,9456.4800,1.0000,1.0000,-14.7300,-14.7300,9456.4800,21335.0000,21335.0000
2024-10-25,"MA_Crossover(34,47)",9509.7400,9553.7100,1.0000,1.0000,97.2300,97.2300,9553.7100,21432.2300,21432.2300
2024-10-28,"MA_Crossover(34,47)",9437.9800,9481.9500,1.0000,1.0000,-71.7600,-71.7600,9481.9500,21360.4700,21360.4700
2024-10-29,"MA_Crossover(34,47)",9426.0400,9470.0100,1.0000,1.0000,-11.9400,-11.9400,9470.0100,21348.5300,21348.5300
2024-10-30,"MA_Crossover(34,47)",9435.0600,9479.0300,1.0000,1.0000,9.0200,9.0200,9479.0300,21357.5500,21357.5500
2024-10-31,"MA_Crossover(34,47)",9402.8200,9446.7900,1.0000,1.0000,-32.2400,-32.2400,9446.7900,21325.3100,21325.3100
2024-11-01,"MA_Crossover(34,47)",9470.4600,9514.4300,1.0000,1.0000,67.6400,67.6400,9514.4300,21392.9500,21392.9500
2024-11-04,"MA_Crossover(34,47)",9593.8900,9637.8600,1.0000,1.0000,123.4300,123.4300,9637.8600,21516.3800,21516.3800
2024-11-05,"MA_Crossover(34,47)",9623.0200,9666.9900,1.0000,1.0000,29.1300,29.1300,9666.9900,21545.5100,21545.5100
2024-11-06,"MA_Crossover(34,47)",9222.5000,9266.4700,1.0000,1.0000,-400.5200,-400.5200,9266.4700,21144.9900,21144.9900
2024-11-07,"MA_Crossover(34,47)",9541.9800,9585.9500,1.0000,1.0000,319.4800,319.4800,9585.9500,21464.4700,21464.4700
2024-11-08,"MA_Crossover(34,47)",9318.2300,9362.2000,1.0000,1.0000,-223.7500,-223.7500,9362.2000,21240.7200,21240.7200
2024-11-11,"MA_Crossover(34,47)",9201.2100,9245.1800,1.0000,1.0000,-117.0200,-117.0200,9245.1800,21123.7000,21123.7000
2024-11-12,"MA_Crossover(34,47)",9013.5200,9057.4900,1.0000,1.0000,-187.6900,-187.6900,9057.4900,20936.0100,20936.0100
2024-11-13,"MA_Crossover(34,47)",8917.9200,8961.8900,1.0000,1.0000,-95.6000,-95.6000,8961.8900,20840.4100,20840.4100
2024-11-14,"MA_Crossover(34,47)",8865.2400,8909.2100,1.0000,1.0000,-52.6800,-52.6800,8909.2100,20787.7300,20787.7300
2024-11-15,"MA_Crossover(34,47)",8882.8500,8926.8200,-1.0000,1.0000,17.6100,17.6100,8926.8200,20805.3400,20805.3400
2024-11-18,"MA_Crossover(34,47)",8954.6400,8998.6100,-1.0000,-1.0000,71.7900,-71.7900,-8998.6100,20733.5500,20733.5500
2024-11-19,"MA_Crossover(34,47)",9007.5900,9051.9200,-1.0000,-1.0000,53.3100,-53.3100,-9051.9200,20680.2400,20680.2400
2024-11-20,"MA_Crossover(34,47)",9010.3800,9054.0400,-1.0000,-1.0000,2.1200,-2.1200,-9054.0400,20678.1200,20678.1200
2024-11-21,"MA_Crossover(34,47)",8924.6100,8970.3400,-1.0000,-1.0000,-83.7000,83.7000,-8970.3400,20761.8200,20761.8200
2024-11-22,"MA_Crossover(34,47)",8885.2600,8889.3700,-1.0000,-1.0000,-80.9700,80.9700,-8889.3700,20842.7900,20842.7900
2024-11-25,"MA_Crossover(34,47)",8958.9300,8963.0400,-1.0000,-1.0000,73.6700,-73.6700,-8963.0400,20769.1200,20769.1200
2024-11-26,"MA_Crossover(34,47)",8915.4300,8919.5400,-1.0000,-1.0000,-43.5000,43.5000,-8919.5400,20812.6200,20812.6200
2024-11-27,"MA_Crossover(34,47)",8932.6900,8936.8000,-1.0000,-1.0000,17.2600,-17.2600,-8936.8000,20795.3600,20795.3600
2024-11-28,"MA_Crossover(34,47)",8910.8500,8914.9600,-1.0000,-1.0000,-21.8400,21.8400,-8914.9600,20817.2000,20817.2000
2024-11-29,"MA_Crossover(34,47)",8915.5300,8919.6400,-1.0000,-1.0000,4.6800,-4.6800,-8919.6400,20812.5200,20812.5200
2024-12-02,"MA_Crossover(34,47)",8892.9900,8897.1000,-1.0000,-1.0000,-22.5400,22.5400,-8897.1000,20835.0600,20835.0600
2024-12-03,"MA_Crossover(34,47)",9021.8800,9025.9900,-1.0000,-1.0000,128.8900,-128.8900,-9025.9900,20706.1700,20706.1700
2024-12-04,"MA_Crossover(34,47)",8987.1200,8991.2300,-1.0000,-1.0000,-34.7600,34.7600,-8991.2300,20740.9300,20740.9300
2024-12-05,"MA_Crossover(34,47)",8974.7700,8978.8800,-1.0000,-1.0000,-12.3500,12.3500,-8978.8800,20753.2800,20753.2800
2024-12-06,"MA_Crossover(34,47)",9022.9100,9027.0200,-1.0000,-1.0000,48.1400,-48.1400,-9027.0200,20705.1400,20705.1400
2024-12-09,"MA_Crossover(34,47)",9128.0600,9132.1700,-1.0000,-1.0000,105.1500,-105.1500,-9132.1700,20599.9900,20599.9900
2024-12-10,"MA_Crossover(34,47)",9108.5400,9112.6500,-1.0000,-1.0000,-19.5200,19.5200,-9112.6500,20619.5100,20619.5100
2024-12-11,"MA_Crossover(34,47)",9081.0700,9085.1800,-1.0000,-1.0000,-27.4700,27.4700,-9085.1800,20646.9800,20646.9800
2024-12-12,"MA_Crossover(34,47)",8975.1200,8979.2300,-1.0000,-1.0000,-105.9500,105.9500,-8979.2300,20752.9300,20752.9300
2024-12-13,"MA_Crossover(34,47)",8942.0300,8946.1400,-1.0000,-1.0000,-33.0900,33.0900,-8946.1400,20786.0200,20786.0200
2024-12-16,"MA_Crossover(34,47)",8942.4700,8946.5800,-1.0000,-1.0000,0.4400,-0.4400,-8946.5800,20785.5800,20785.5800
2024-12-17,"MA_Crossover(34,47)",8913.7400,8918.2300,-1.0000,-1.0000,-28.3500,28.3500,-8918.2300,20813.9300,20813.9300
2024-12-18,"MA_Crossover(34,47)",8953.8300,8957.8600,-1.0000,-1.0000,39.6300,-39.6300,-8957.8600,20774.3000,20774.3000
2024-12-19,"MA_Crossover(34,47)",8809.0100,8812.5800,-1.0000,-1.0000,-145.2800,145.2800,-8812.5800,20919.5800,20919.5800
2024-12-20,"MA_Crossover(34,47)",8871.1000,8831.9700,-1.0000,-1.0000,19.3900,-19.3900,-8831.9700,20900.1900,20900.1900
2024-12-23,"MA_Crossover(34,47)",8835.3900,8796.2600,-1.0000,-1.0000,-35.7100,35.7100,-8796.2600,20935.9000,20935.9000
2024-12-24,"MA_Crossover(34,47)",8874.8200,8835.6900,-1.0000,-1.0000,39.4300,-39.4300,-8835.6900,20896.4700,20896.4700
2024-12-27,"MA_Crossover(34,47)",8899.1400,8860.0100,-1.0000,-1.0000,24.3200,-24.3200,-8860.0100,20872.1500,20872.1500
2024-12-30,"MA_Crossover(34,47)",8817.9600,8778.8300,-1.0000,-1.0000,-81.1800,81.1800,-8778.8300,20953.3300,20953.3300
2024-12-31,"MA_Crossover(34,47)",8673.2300,8634.1000,-1.0000,-1.0000,-144.7300,144.7300,-8634.1000,21098.0600,21098.0600
2025-01-02,"MA_Crossover(34,47)",8707.6500,8668.5200,-1.0000,-1.0000,34.4200,-34.4200,-8668.5200,21063.6400,21063.6400
2025-01-03,"MA_Crossover(34,47)",8781.2100,8742.0800,-1.0000,-1.0000,73.5600,-73.5600,-8742.0800,20990.0800,20990.0800
2025-01-06,"MA_Crossover(34,47)",8899.9000,8860.7700,-1.0000,-1.0000,118.6900,-118.6900,-8860.7700,20871.3900,20871.3900
2025-01-07,"MA_Crossover(34,47)",8897.6000,8858.4700,-1.0000,-1.0000,-2.3000,2.3000,-8858.4700,20873.6900,20873.6900
2025-01-08,"MA_Crossover(34,47)",8925.4300,8886.3000,-1.0000,-1.0000,27.8300,-27.8300,-8886.3000,20845.8600,20845.8600
2025-01-09,"MA_Crossover(34,47)",8974.1900,8935.0600,-1.0000,-1.0000,48.7600,-48.7600,-8935.0600,20797.1000,20797.1000
2025-01-10,"MA_Crossover(34,47)",8993.3000,8954.1700,-1.0000,-1.0000,19.1100,-19.1100,-8954.1700,20777.9900,20777.9900
2025-01-13,"MA_Crossover(34,47)",8978.8400,8939.7100,-1.0000,-1.0000,-14.4600,14.4600,-8939.7100,20792.4500,20792.4500
2025-01-14,"MA_Crossover(34,47)",9087.4500,9032.2900,-1.0000,-1.0000,92.5800,-92.5800,-9032.2900,20699.8700,20699.8700
2025-01-15,"MA_Crossover(34,47)",9103.8800,9045.8400,-1.0000,-1.0000,13.5500,-13.5500,-9045.8400,20686.3200,20686.3200
2025-01-16,"MA_Crossover(34,47)",9167.6300,9109.7200,-1.0000,-1.0000,63.8800,-63.8800,-9109.7200,20622.4400,20622.4400
2025-01-17,"MA_Crossover(34,47)",9127.4600,9034.4200,-1.0000,-1.0000,-75.3000,75.3000,-9034.4200,20697.7400,20697.7400
2025-01-20,"MA_Crossover(34,47)",9206.3300,9113.2900,1.0000,-1.0000,78.8700,-78.8700,-9113.2900,20618.8700,20618.8700
2025-01-21,"MA_Crossover(34,47)",9212.3000,9119.2600,1.0000,1.0000,5.9700,5.9700,9119.2600,20624.8400,20624.8400
2025-01-22,"MA_Crossover(34,47)",9148.4100,9055.3700,1.0000,1.0000,-63.8900,-63.8900,9055.3700,20560.9500,20560.9500
2025-01-23,"MA_Crossover(34,47)",9154.3400,9061.3000,1.0000,1.0000,5.9300,5.9300,9061.3000,20566.8800,20566.8800
2025-01-24,"MA_Crossover(34,47)",9192.5200,9099.4800,1.0000,1.0000,38.1800,38.1800,9099.4800,20605.0600,20605.0600
2025-01-27,"MA_Crossover(34,47)",9006.5600,8913.5200,1.0000,1.0000,-185.9600,-185.9600,8913.5200,20419.1000,20419.1000
2025-01-28,"MA_Crossover(34,47)",8894.6900,8801.6500,1.0000,1.0000,-111.8700,-111.8700,8801.6500,20307.2300,20307.2300
2025-01-29,"MA_Crossover(34,47)",8975.7400,8882.7000,1.0000,1.0000,81.0500,81.0500,8882.7000,20388.2800,20388.2800
2025-01-30,"MA_Crossover(34,47)",9035.6800,8942.6400,-1.0000,1.0000,59.9400,59.9400,8942.6400,20448.2200,20448.2200
2025-01-31,"MA_Crossover(34,47)",8953.7300,8860.6900,-1.0000,-1.0000,-81.9500,81.9500,-8860.6900,20530.1700,20530.1700
2025-02-03,"MA_Crossover(34,47)",9002.6600,8909.6200,-1.0000,-1.0000,48.9300,-48.9300,-8909.6200,20481.2400,20481.2400
2025-02-04,"MA_Crossover(34,47)",9048.0800,8955.0400,-1.0000,-1.0000,45.4200,-45.4200,-8955.0400,20435.8200,20435.8200
2025-02-05,"MA_Crossover(34,47)",9136.1100,9043.0700,-1.0000,-1.0000,88.0300,-88.0300,-9043.0700,20347.7900,20347.7900
2025-02-06,"MA_Crossover(34,47)",9171.3600,9078.3200,-1.0000,-1.0000,35.2500,-35.2500,-9078.3200,20312.5400,20312.5400
2025-02-07,"MA_Crossover(34,47)",9300.8500,9207.8100,1.0000,-1.0000,129.4900,-129.4900,-9207.8100,20183.0500,20183.0500
2025-02-10,"MA_Crossover(34,47)",9341.0100,9247.9700,1.0000,1.0000,40.1600,40.1600,9247.9700,20223.2100,20223.2100
2025-02-11,"MA_Crossover(34,47)",9248.5100,9155.4700,1.0000,1.0000,-92.5000,-92.5000,9155.4700,20130.7100,20130.7100
2025-02-12,"MA_Crossover(34,47)",9352.5200,9259.4800,1.0000,1.0000,104.0100,104.0100,9259.4800,20234.7200,20234.7200
2025-02-13,"MA_Crossover(34,47)",9434.4500,9341.4100,1.0000,1.0000,81.9300,81.9300,9341.4100,20316.6500,20316.6500
2025-02-14,"MA_Crossover(34,47)",9490.4300,9397.3900,1.0000,1.0000,55.9800,55.9800,9397.3900,20372.6300,20372.6300
2025-02-17,"MA_Crossover(34,47)",9321.0000,9227.9600,1.0000,1.0000,-169.4300,-169.4300,9227.9600,20203.2000,20203.2000
2025-02-18,"MA_Crossover(34,47)",9426.6100,9328.5500,1.0000,1.0000,100.5900,100.5900,9328.5500,20303.7900,20303.7900
2025-02-19,"MA_Crossover(34,47)",9460.0700,9340.2000,1.0000,1.0000,11.6500,11.6500,9340.2000,20315.4400,20315.4400
2025-02-20,"MA_Crossover(34,47)",9565.1000,9440.9100,1.0000,1.0000,100.7100,100.7100,9440.9100,20416.1500,20416.1500
2025-02-21,"MA_Crossover(34,47)",9551.8900,9432.1500,1.0000,1.0000,-8.7600,-8.7600,9432.1500,20407.3900,20407.3900
2025-02-24,"MA_Crossover(34,47)",9516.4900,9396.7500,1.0000,1.0000,-35.4000,-35.4000,9396.7500,20371.9900,20371.9900
2025-02-25,"MA_Crossover(34,47)",9393.6700,9273.9300,1.0000,1.0000,-122.8200,-122.8200,9273.9300,20249.1700,20249.1700
2025-02-26,"MA_Crossover(34,47)",9476.0200,9356.2800,1.0000,1.0000,82.3500,82.3500,9356.2800,20331.5200,20331.5200
2025-02-27,"MA_Crossover(34,47)",9402.3700,9282.6300,1.0000,1.0000,-73.6500,-73.6500,9282.6300,20257.8700,20257.8700
2025-02-28,"MA_Crossover(34,47)",9359.0600,9239.3200,1.0000,1.0000,-43.3100,-43.3100,9239.3200,20214.5600,20214.5600
2025-03-03,"MA_Crossover(34,47)",9415.0200,9295.2800,1.0000,1.0000,55.9600,55.9600,9295.2800,20270.5200,20270.5200
2025-03-04,"MA_Crossover(34,47)",9345.6200,9225.8800,1.0000,1.0000,-69.4000,-69.4000,9225.8800,20201.1200,20201.1200
2025-03-05,"MA_Crossover(34,47)",9603.3300,9483.5900,1.0000,1.0000,257.7100,257.7100,9483.5900,20458.8300,20458.8300
2025-03-06,"MA_Crossover(34,47)",9759.7700,9640.0300,1.0000,1.0000,156.4400,156.4400,9640.0300,20615.2700,20615.2700
2025-03-07,"MA_Crossover(34,47)",9619.4000,9499.6600,1.0000,1.0000,-140.3700,-140.3700,9499.6600,20474.9000,20474.9000
2025-03-10,"MA_Crossover(34,47)",9520.7900,9401.0500,1.0000,1.0000,-98.6100,-98.6100,9401.0500,20376.2900,20376.2900
2025-03-11,"MA_Crossover(34,47)",9648.1300,9528.3900,1.0000,1.0000,127.3400,127.3400,9528.3900,20503.6300,20503.6300
2025-03-12,"MA_Crossover(34,47)",9759.3500,9639.6100,1.0000,1.0000,111.2200,111.2200,9639.6100,20614.8500,20614.8500
2025-03-13,"MA_Crossover(34,47)",9753.1900,9633.4500,1.0000,1.0000,-6.1600,-6.1600,9633.4500,20608.6900,20608.6900
2025-03-14,"MA_Crossover(34,47)",9732.9600,9613.2200,1.0000,1.0000,-20.2300,-20.2300,9613.2200,20588.4600,20588.4600
2025-03-17,"MA_Crossover(34,47)",9799.2800,9679.5400,1.0000,1.0000,66.3200,66.3200,9679.5400,20654.7800,20654.7800
2025-03-18,"MA_Crossover(34,47)",9885.8400,9740.5700,1.0000,1.0000,61.0300,61.0300,9740.5700,20715.8100,20715.8100
2025-03-19,"MA_Crossover(34,47)",9980.6300,9830.6100,1.0000,1.0000,90.0400,90.0400,9830.6100,20805.8500,20805.8500
2025-03-20,"MA_Crossover(34,47)",9917.8600,9774.7300,1.0000,1.0000,-55.8800,-55.8800,9774.7300,20749.9700,20749.9700
2025-03-21,"MA_Crossover(34,47)",9842.1500,9684.0700,1.0000,1.0000,-90.6600,-90.6600,9684.0700,20659.3100,20659.3100
2025-03-24,"MA_Crossover(34,47)",9946.4500,9788.3700,1.0000,1.0000,104.3000,104.3000,9788.3700,20763.6100,20763.6100
2025-03-25,"MA_Crossover(34,47)",10118.4200,9960.3400,1.0000,1.0000,171.9700,171.9700,9960.3400,20935.5800,20935.5800
2025-03-26,"MA_Crossover(34,47)",9909.9200,9751.8400,1.0000,1.0000,-208.5000,-208.5000,9751.8400,20727.0800,20727.0800
2025-03-27,"MA_Crossover(34,47)",9822.8100,9664.7300,1.0000,1.0000,-87.1100,-87.1100,9664.7300,20639.9700,20639.9700
2025-03-28,"MA_Crossover(34,47)",9771.6900,9613.6100,1.0000,1.0000,-51.1200,-51.1200,9613.6100,20588.8500,20588.8500
2025-03-31,"MA_Crossover(34,47)",9679.2300,9521.1500,1.0000,1.0000,-92.4600,-92.4600,9521.1500,20496.3900,20496.3900
2025-04-01,"MA_Crossover(34,47)",9668.1300,9510.0500,1.0000,1.0000,-11.1000,-11.1000,9510.0500,20485.2900,20485.2900
2025-04-02,"MA_Crossover(34,47)",9671.3700,9513.2900,1.0000,1.0000,3.2400,3.2400,9513.2900,20488.5300,20488.5300
2025-04-03,"MA_Crossover(34,47)",9331.2700,9173.1900,1.0000,1.0000,-340.1000,-340.1000,9173.1900,20148.4300,20148.4300
2025-04-04,"MA_Crossover(34,47)",8725.9100,8567.8300,1.0000,1.0000,-605.3600,-605.3600,8567.8300,19543.0700,19543.0700
2025-04-07,"MA_Crossover(34,47)",8698.4200,8540.3400,1.0000,1.0000,-27.4900,-27.4900,8540.3400,19515.5800,19515.5800
2025-04-08,"MA_Crossover(34,47)",8627.3500,8469.2700,1.0000,1.0000,-71.0700,-71.0700,8469.2700,19444.5100,19444.5100
2025-04-09,"MA_Crossover(34,47)",8577.3700,8419.2900,1.0000,1.0000,-49.9800,-49.9800,8419.2900,19394.5300,19394.5300
2025-04-10,"MA_Crossover(34,47)",9004.9500,8846.8700,1.0000,1.0000,427.5800,427.5800,8846.8700,19822.1100,19822.1100
2025-04-11,"MA_Crossover(34,47)",9193.3800,9035.3000,1.0000,1.0000,188.4300,188.4300,9035.3000,20010.5400,20010.5400
2025-04-14,"MA_Crossover(34,47)",9156.9900,8998.9100,1.0000,1.0000,-36.3900,-36.3900,8998.9100,19974.1500,19974.1500
2025-04-15,"MA_Crossover(34,47)",9156.5600,8979.7400,1.0000,1.0000,-19.1700,-19.1700,8979.7400,19954.9800,19954.9800
2025-04-16,"MA_Crossover(34,47)",9199.5900,9020.5000,1.0000,1.0000,40.7600,40.7600,9020.5000,19995.7400,19995.7400
2025-04-17,"MA_Crossover(34,47)",9192.4500,9011.9600,1.0000,1.0000,-8.5400,-8.5400,9011.9600,19987.2000,19987.2000
2025-04-22,"MA_Crossover(34,47)",9386.7000,9202.4000,1.0000,1.0000,190.4400,190.4400,9202.4000,20177.6400,20177.6400
2025-04-23,"MA_Crossover(34,47)",9396.2100,9211.9100,1.0000,1.0000,9.5100,9.5100,9211.9100,20187.1500,20187.1500
2025-04-24,"MA_Crossover(34,47)",9417.2300,9232.9300,1.0000,1.0000,21.0200,21.0200,9232.9300,20208.1700,20208.1700
2025-04-25,"MA_Crossover(34,47)",9398.4100,9214.1100,1.0000,1.0000,-18.8200,-18.8200,9214.1100,20189.3500,20189.3500
2025-04-28,"MA_Crossover(34,47)",9430.1000,9245.8000,-1.0000,1.0000,31.6900,31.6900,9245.8000,20221.0400,20221.0400
2025-04-29,"MA_Crossover(34,47)",9453.9700,9269.6700,-1.0000,-1.0000,23.8700,-23.8700,-9269.6700,20197.1700,20197.1700
2025-04-30,"MA_Crossover(34,47)",9141.9500,8957.6500,-1.0000,-1.0000,-312.0200,312.0200,-8957.6500,20509.1900,20509.1900
2025-05-01,"MA_Crossover(34,47)",9251.1100,9066.8100,-1.0000,-1.0000,109.1600,-109.1600,-9066.8100,20400.0300,20400.0300
2025-05-02,"MA_Crossover(34,47)",9400.6900,9216.3900,-1.0000,-1.0000,149.5800,-149.5800,-9216.3900,20250.4500,20250.4500
2025-05-06,"MA_Crossover(34,47)",9575.9500,9391.6500,-1.0000,-1.0000,175.2600,-175.2600,-9391.6500,20075.1900,20075.1900
2025-05-07,"MA_Crossover(34,47)",9454.3800,9270.0800,-1.0000,-1.0000,-121.5700,121.5700,-9270.0800,20196.7600,20196.7600
2025-05-08,"MA_Crossover(34,47)",9482.7600,9298.4600,-1.0000,-1.0000,28.3800,-28.3800,-9298.4600,20168.3800,20168.3800
2025-05-09,"MA_Crossover(34,47)",9495.8400,9311.5400,-1.0000,-1.0000,13.0800,-13.0800,-9311.5400,20155.3000,20155.3000
2025-05-12,"MA_Crossover(34,47)",9550.0000,9365.7000,-1.0000,-1.0000,54.1600,-54.1600,-9365.7000,20101.1400,20101.1400
2025-05-13,"MA_Crossover(34,47)",9624.5400,9440.2400,-1.0000,-1.0000,74.5400,-74.5400,-9440.2400,20026.6000,20026.6000
2025-05-14,"MA_Crossover(34,47)",9626.3500,9442.0500,-1.0000,-1.0000,1.8100,-1.8100,-9442.0500,20024.7900,20024.7900
2025-05-15,"MA_Crossover(34,47)",9618.3400,9434.0400,-1.0000,-1.0000,-8.0100,8.0100,-9434.0400,20032.8000,20032.8000
2025-05-16,"MA_Crossover(34,47)",9479.4300,9295.1300,-1.0000,-1.0000,-138.9100,138.9100,-9295.1300,20171.7100,20171.7100
2025-05-19,"MA_Crossover(34,47)",9539.0200,9354.7200,-1.0000,-1.0000,59.5900,-59.5900,-9354.7200,20112.1200,20112.1200
2025-05-20,"MA_Crossover(34,47)",9550.1300,9333.1800,-1.0000,-1.0000,-21.5400,21.5400,-9333.1800,20133.6600,20133.6600
2025-05-21,"MA_Crossover(34,47)",9572.8200,9355.8100,-1.0000,-1.0000,22.6300,-22.6300,-9355.8100,20111.0300,20111.0300
2025-05-22,"MA_Crossover(34,47)",9535.6500,9322.1700,-1.0000,-1.0000,-33.6400,33.6400,-9322.1700,20144.6700,20144.6700
2025-05-23,"MA_Crossover(34,47)",9661.5000,9455.1200,-1.0000,-1.0000,132.9500,-132.9500,-9455.1200,20011.7200,20011.7200
2025-05-27,"MA_Crossover(34,47)",9654.9800,9448.6000,-1.0000,-1.0000,-6.5200,6.5200,-9448.6000,20018.2400,20018.2400
2025-05-28,"MA_Crossover(34,47)",9620.2300,9413.8500,-1.0000,-1.0000,-34.7500,34.7500,-9413.8500,20052.9900,20052.9900
2025-05-29,"MA_Crossover(34,47)",9620.5900,9414.2100,-1.0000,-1.0000,0.3600,-0.3600,-9414.2100,20052.6300,20052.6300
2025-05-30,"MA_Crossover(34,47)",9553.8300,9347.4500,-1.0000,-1.0000,-66.7600,66.7600,-9347.4500,20119.3900,20119.3900
2025-06-02,"MA_Crossover(34,47)",9675.5700,9469.1900,1.0000,-1.0000,121.7400,-121.7400,-9469.1900,19997.6500,19997.6500
2025-06-03,"MA_Crossover(34,47)",9693.2500,9486.8700,1.0000,1.0000,17.6800,17.6800,9486.8700,20015.3300,20015.3300
2025-06-04,"MA_Crossover(34,47)",9674.5000,9468.1200,1.0000,1.0000,-18.7500,-18.7500,9468.1200,19996.5800,19996.5800
2025-06-05,"MA_Crossover(34,47)",9820.4100,9614.0300,1.0000,1.0000,145.9100,145.9100,9614.0300,20142.4900,20142.4900
2025-06-06,"MA_Crossover(34,47)",9760.2200,9553.8400,1.0000,1.0000,-60.1900,-60.1900,9553.8400,20082.3000,20082.3000
2025-06-09,"MA_Crossover(34,47)",9885.5100,9679.1300,1.0000,1.0000,125.2900,125.2900,9679.1300,20207.5900,20207.5900
2025-06-10,"MA_Crossover(34,47)",9841.4900,9635.1100,1.0000,1.0000,-44.0200,-44.0200,9635.1100,20163.5700,20163.5700
2025-06-11,"MA_Crossover(34,47)",9707.0000,9500.6200,1.0000,1.0000,-134.4900,-134.4900,9500.6200,20029.0800,20029.0800
2025-06-12,"MA_Crossover(34,47)",9785.5100,9579.1300,1.0000,1.0000,78.5100,78.5100,9579.1300,20107.5900,20107.5900
2025-06-13,"MA_Crossover(34,47)",9719.2500,9512.8700,1.0000,1.0000,-66.2600,-66.2600,9512.8700,20041.3300,20041.3300
2025-06-16,"MA_Crossover(34,47)",9798.5900,9592.2100,1.0000,1.0000,79.3400,79.3400,9592.2100,20120.6700,20120.6700
2025-06-17,"MA_Crossover(34,47)",9719.1900,9539.0700,1.0000,1.0000,-53.1400,-53.1400,9539.0700,20067.5300,20067.5300
2025-06-18,"MA_Crossover(34,47)",9687.9700,9519.9000,1.0000,1.0000,-19.1700,-19.1700,9519.9000,20048.3600,20048.3600
2025-06-19,"MA_Crossover(34,47)",9665.2800,9489.9100,1.0000,1.0000,-29.9900,-29.9900,9489.9100,20018.3700,20018.3700
2025-06-20,"MA_Crossover(34,47)",9698.6200,9543.5500,1.0000,1.0000,53.6400,53.6400,9543.5500,20072.0100,20072.0100
2025-06-23,"MA_Crossover(34,47)",9744.1500,9589.0800,1.0000,1.0000,45.5300,45.5300,9589.0800,20117.5400,20117.5400
2025-06-24,"MA_Crossover(34,47)",9730.1000,9575.0300,1.0000,1.0000,-14.0500,-14.0500,9575.0300,20103.4900,20103.4900
2025-06-25,"MA_Crossover(34,47)",9776.1900,9621.1200,1.0000,1.0000,46.0900,46.0900,9621.1200,20149.5800,20149.5800
2025-06-26,"MA_Crossover(34,47)",9988.4700,9833.4000,1.0000,1.0000,212.2800,212.2800,9833.4000,20361.8600,20361.8600
2025-06-27,"MA_Crossover(34,47)",9957.7200,9802.6500,1.0000,1.0000,-30.7500,-30.7500,9802.6500,20331.1100,20331.1100
2025-06-30,"MA_Crossover(34,47)",9945.2300,9790.1600,1.0000,1.0000,-12.4900,-12.4900,9790.1600,20318.6200,20318.6200
2025-07-01,"MA_Crossover(34,47)",9997.2900,9842.2200,1.0000,1.0000,52.0600,52.0600,9842.2200,20370.6800,20370.6800
2025-07-02,"MA_Crossover(34,47)",10070.1000,9915.0300,1.0000,1.0000,72.8100,72.8100,9915.0300,20443.4900,20443.4900
2025-07-03,"MA_Crossover(34,47)",10010.6700,9855.6000,1.0000,1.0000,-59.4300,-59.4300,9855.6000,20384.0600,20384.0600
2025-07-04,"MA_Crossover(34,47)",9923.2900,9768.2200,1.0000,1.0000,-87.3800,-87.3800,9768.2200,20296.6800,20296.6800
2025-07-07,"MA_Crossover(34,47)",9890.0000,9734.9300,1.0000,1.0000,-33.2900,-33.2900,9734.9300,20263.3900,20263.3900
2025-07-08,"MA_Crossover(34,47)",9831.5000,9676.4300,1.0000,1.0000,-58.5000,-58.5000,9676.4300,20204.8900,20204.8900
2025-07-09,"MA_Crossover(34,47)",9652.9400,9497.8700,1.0000,1.0000,-178.5600,-178.5600,9497.8700,20026.3300,20026.3300
2025-07-10,"MA_Crossover(34,47)",9699.6600,9544.5900,1.0000,1.0000,46.7200,46.7200,9544.5900,20073.0500,20073.0500
2025-07-11,"MA_Crossover(34,47)",9639.8000,9484.7300,1.0000,1.0000,-59.8600,-59.8600,9484.7300,20013.1900,20013.1900
2025-07-14,"MA_Crossover(34,47)",9556.9300,9401.8600,1.0000,1.0000,-82.8700,-82.8700,9401.8600,19930.3200,19930.3200
2025-07-15,"MA_Crossover(34,47)",9625.6600,9455.6600,1.0000,1.0000,53.8000,53.8000,9455.6600,19984.1200,19984.1200
2025-07-16,"MA_Crossover(34,47)",9603.3600,9441.7800,1.0000,1.0000,-13.8800,-13.8800,9441.7800,19970.2400,19970.2400
2025-07-17,"MA_Crossover(34,47)",9643.0900,9479.9800,1.0000,1.0000,38.2000,38.2000,9479.9800,20008.4400,20008.4400
2025-07-18,"MA_Crossover(34,47)",9763.7400,9580.7900,1.0000,1.0000,100.8100,100.8100,9580.7900,20109.2500,20109.2500
2025-07-21,"MA_Crossover(34,47)",9837.1400,9654.1900,1.0000,1.0000,73.4000,73.4000,9654.1900,20182.6500,20182.6500
2025-07-22,"MA_Crossover(34,47)",9894.2600,9711.3100,1.0000,1.0000,57.1200,57.1200,9711.3100,20239.7700,20239.7700
2025-07-23,"MA_Crossover(34,47)",9915.6200,9732.6700,1.0000,1.0000,21.3600,21.3600,9732.6700,20261.1300,20261.1300
2025-07-24,"MA_Crossover(34,47)",9856.7500,9673.8000,1.0000,1.0000,-58.8700,-58.8700,9673.8000,20202.2600,20202.2600
2025-07-25,"MA_Crossover(34,47)",9744.4400,9561.4900,1.0000,1.0000,-112.3100,-112.3100,9561.4900,20089.9500,20089.9500
2025-07-28,"MA_Crossover(34,47)",9765.7800,9582.8300,1.0000,1.0000,21.3400,21.3400,9582.8300,20111.2900,20111.2900
2025-07-29,"MA_Crossover(34,47)",9770.3300,9587.3800,1.0000,1.0000,4.5500,4.5500,9587.3800,20115.8400,20115.8400
2025-07-30,"MA_Crossover(34,47)",9673.6700,9490.7200,1.0000,1.0000,-96.6600,-96.6600,9490.7200,20019.1800,20019.1800
2025-07-31,"MA_Crossover(34,47)",9574.1400,9391.1900,1.0000,1.0000,-99.5300,-99.5300,9391.1900,19919.6500,19919.6500
2025-08-01,"MA_Crossover(34,47)",9594.7500,9411.8000,1.0000,1.0000,20.6100,20.6100,9411.8000,19940.2600,19940.2600
2025-08-04,"MA_Crossover(34,47)",9650.6400,9467.6900,1.0000,1.0000,55.8900,55.8900,9467.6900,19996.1500,19996.1500
2025-08-05,"MA_Crossover(34,47)",9591.1300,9408.1800,1.0000,1.0000,-59.5100,-59.5100,9408.1800,19936.6400,19936.6400
2025-08-06,"MA_Crossover(34,47)",9631.3900,9448.4400,1.0000,1.0000,40.2600,40.2600,9448.4400,19976.9000,19976.9000
2025-08-07,"MA_Crossover(34,47)",9633.6600,9450.7100,1.0000,1.0000,2.2700,2.2700,9450.7100,19979.1700,19979.1700
2025-08-08,"MA_Crossover(34,47)",9705.9400,9522.9900,1.0000,1.0000,72.2800,72.2800,9522.9900,20051.4500,20051.4500
2025-08-11,"MA_Crossover(34,47)",9659.9700,9477.0200,1.0000,1.0000,-45.9700,-45.9700,9477.0200,20005.4800,20005.4800
2025-08-12,"MA_Crossover(34,47)",9763.1300,9580.1800,1.0000,1.0000,103.1600,103.1600,9580.1800,20108.6400,20108.6400
2025-08-13,"MA_Crossover(34,47)",9731.8200,9548.8700,1.0000,1.0000,-31.3100,-31.3100,9548.8700,20077.3300,20077.3300
2025-08-14,"MA_Crossover(34,47)",9680.0500,9497.1000,-1.0000,1.0000,-51.7700,-51.7700,9497.1000,20025.5600,20025.5600
2025-08-15,"MA_Crossover(34,47)",9681.2500,9498.3000,-1.0000,-1.0000,1.2000,-1.2000,-9498.3000,20024.3600,20024.3600
2025-08-18,"MA_Crossover(34,47)",9636.2500,9453.3000,-1.0000,-1.0000,-45.0000,45.0000,-9453.3000,20069.3600,20069.3600
2025-08-19,"MA_Crossover(34,47)",9632.8100,9443.7700,-1.0000,-1.0000,-9.5300,9.5300,-9443.7700,20078.8900,20078.8900
2025-08-20,"MA_Crossover(34,47)",9665.1400,9473.8600,-1.0000,-1.0000,30.0900,-30.0900,-9473.8600,20048.8000,20048.8000
2025-08-21,"MA_Crossover(34,47)",9671.1400,9478.6400,-1.0000,-1.0000,4.7800,-4.7800,-9478.6400,20044.0200,20044.0200
2025-08-22,"MA_Crossover(34,47)",9744.3300,9523.7900,-1.0000,-1.0000,45.1500,-45.1500,-9523.7900,19998.8700,19998.8700
2025-08-26,"MA_Crossover(34,47)",9779.0500,9558.5100,-1.0000,-1.0000,34.7200,-34.7200,-9558.5100,19964.1500,19964.1500
2025-08-27,"MA_Crossover(34,47)",9693.5700,9473.0300,-1.0000,-1.0000,-85.4800,85.4800,-9473.0300,20049.6300,20049.6300
2025-08-28,"MA_Crossover(34,47)",9756.9600,9536.4200,-1.0000,-1.0000,63.3900,-63.3900,-9536.4200,19986.2400,19986.2400
2025-08-29,"MA_Crossover(34,47)",9845.1600,9624.6200,-1.0000,-1.0000,88.2000,-88.2000,-9624.6200,19898.0400,19898.0400
2025-09-01,"MA_Crossover(34,47)",9818.7800,9598.2400,-1.0000,-1.0000,-26.3800,26.3800,-9598.2400,19924.4200,19924.4200
2025-09-02,"MA_Crossover(34,47)",9926.5400,9706.0000,-1.0000,-1.0000,107.7600,-107.7600,-9706.0000,19816.6600,19816.6600
2025-09-03,"MA_Crossover(34,47)",9923.9500,9703.4100,-1.0000,-1.0000,-2.5900,2.5900,-9703.4100,19819.2500,19819.2500
2025-09-04,"MA_Crossover(34,47)",9842.6300,9622.0900,-1.0000,-1.0000,-81.3200,81.3200,-9622.0900,19900.5700,19900.5700
2025-09-05,"MA_Crossover(34,47)",9838.6100,9618.0700,-1.0000,-1.0000,-4.0200,4.0200,-9618.0700,19904.5900,19904.5900
2025-09-08,"MA_Crossover(34,47)",9844.4300,9623.8900,-1.0000,-1.0000,5.8200,-5.8200,-9623.8900,19898.7700,19898.7700
2025-09-09,"MA_Crossover(34,47)",9845.5200,9624.9800,1.0000,-1.0000,1.0900,-1.0900,-9624.9800,19897.6800,19897.6800
2025-09-10,"MA_Crossover(34,47)",9965.3100,9744.7700,1.0000,1.0000,119.7900,119.7900,9744.7700,20017.4700,20017.4700
2025-09-11,"MA_Crossover(34,47)",9993.4600,9772.9200,1.0000,1.0000,28.1500,28.1500,9772.9200,20045.6200,20045.6200
2025-09-12,"MA_Crossover(34,47)",9995.6400,9775.1000,1.0000,1.0000,2.1800,2.1800,9775.1000,20047.8000,20047.8000
2025-09-15,"MA_Crossover(34,47)",10124.5700,9904.0300,1.0000,1.0000,128.9300,128.9300,9904.0300,20176.7300,20176.7300
2025-09-16,"MA_Crossover(34,47)",10087.2700,9866.4600,1.0000,1.0000,-37.5700,-37.5700,9866.4600,20139.1600,20139.1600
2025-09-17,"MA_Crossover(34,47)",9951.7900,9734.4500,1.0000,1.0000,-132.0100,-132.0100,9734.4500,20007.1500,20007.1500
2025-09-18,"MA_Crossover(34,47)",9897.2900,9680.6800,1.0000,1.0000,-53.7700,-53.7700,9680.6800,19953.3800,19953.3800
2025-09-19,"MA_Crossover(34,47)",9952.0100,9709.8100,1.0000,1.0000,29.1300,29.1300,9709.8100,19982.5100,19982.5100
2025-09-22,"MA_Crossover(34,47)",9927.8000,9685.6000,1.0000,1.0000,-24.2100,-24.2100,9685.6000,19958.3000,19958.3000
2025-09-23,"MA_Crossover(34,47)",9927.7400,9685.5400,1.0000,1.0000,-0.0600,-0.0600,9685.5400,19958.2400,19958.2400
2025-09-24,"MA_Crossover(34,47)",10325.5400,10083.3400,1.0000,1.0000,397.8000,397.8000,10083.3400,20356.0400,20356.0400
2025-09-25,"MA_Crossover(34,47)",10245.9500,10003.7500,1.0000,1.0000,-79.5900,-79.5900,10003.7500,20276.4500,20276.4500
2025-09-26,"MA_Crossover(34,47)",10162.2000,9920.0000,1.0000,1.0000,-83.7500,-83.7500,9920.0000,20192.7000,20192.7000
2025-09-29,"MA_Crossover(34,47)",10402.7600,10160.5600,1.0000,1.0000,240.5600,240.5600,10160.5600,20433.2600,20433.2600
2025-09-30,"MA_Crossover(34,47)",10242.4500,10000.2500,1.0000,1.0000,-160.3100,-160.3100,10000.2500,20272.9500,20272.9500
2025-10-01,"MA_Crossover(34,47)",10355.6500,10113.4500,1.0000,1.0000,113.2000,113.2000,10113.4500,20386.1500,20386.1500
2025-10-02,"MA_Crossover(34,47)",10469.6600,10227.4600,1.0000,1.0000,114.0100,114.0100,10227.4600,20500.1600,20500.1600
2025-10-03,"MA_Crossover(34,47)",10700.4800,10458.2800,1.0000,1.0000,230.8200,230.8200,10458.2800,20730.9800,20730.9800
2025-10-06,"MA_Crossover(34,47)",10620.4700,10378.2700,1.0000,1.0000,-80.0100,-80.0100,10378.2700,20650.9700,20650.9700
2025-10-07,"MA_Crossover(34,47)",10732.0300,10489.8300,1.0000,1.0000,111.5600,111.5600,10489.8300,20762.5300,20762.5300
2025-10-08,"MA_Crossover(34,47)",10643.9700,10401.7700,1.0000,1.0000,-88.0600,-88.0600,10401.7700,20674.4700,20674.4700
2025-10-09,"MA_Crossover(34,47)",10843.3400,10601.1400,1.0000,1.0000,199.3700,199.3700,10601.1400,20873.8400,20873.8400
2025-10-10,"MA_Crossover(34,47)",10488.6300,10246.4300,1.0000,1.0000,-354.7100,-354.7100,10246.4300,20519.1300,20519.1300
2025-10-13,"MA_Crossover(34,47)",11047.2800,10805.0800,1.0000,1.0000,558.6500,558.6500,10805.0800,21077.7800,21077.7800
2025-10-14,"MA_Crossover(34,47)",10592.8700,10538.3100,1.0000,1.0000,-266.7700,-266.7700,10538.3100,20811.0100,20811.0100
2025-10-15,"MA_Crossover(34,47)",10652.6300,10598.5000,1.0000,1.0000,60.1900,60.1900,10598.5000,20871.2000,20871.2000
2025-10-16,"MA_Crossover(34,47)",10643.4000,10600.7000,1.0000,1.0000,2.2000,2.2000,10600.7000,20873.4000,20873.4000
2025-10-17,"MA_Crossover(34,47)",10601.9200,10556.2300,1.0000,1.0000,-44.4700,-44.4700,10556.2300,20828.9300,20828.9300
2025-10-20,"MA_Crossover(34,47)",10687.7100,10642.0200,1.0000,1.0000,85.7900,85.7900,10642.0200,20914.7200,20914.7200
2025-10-21,"MA_Crossover(34,47)",10614.1400,10568.4500,1.0000,1.0000,-73.5700,-73.5700,10568.4500,20841.1500,20841.1500
2025-10-22,"MA_Crossover(34,47)",10665.2100,10619.5200,1.0000,1.0000,51.0700,51.0700,10619.5200,20892.2200,20892.2200
2025-10-23,"MA_Crossover(34,47)",10860.7400,10815.0500,1.0000,1.0000,195.5300,195.5300,10815.0500,21087.7500,21087.7500
2025-10-24,"MA_Crossover(34,47)",10962.9400,10917.2500,1.0000,1.0000,102.2000,102.2000,10917.2500,21189.9500,21189.9500
2025-10-27,"MA_Crossover(34,47)",11028.6900,10983.0000,1.0000,1.0000,65.7500,65.7500,10983.0000,21255.7000,21255.7000
2025-10-28,"MA_Crossover(34,47)",11038.9400,10993.2500,1.0000,1.0000,10.2500,10.2500,10993.2500,21265.9500,21265.9500
2025-10-29,"MA_Crossover(34,47)",11182.2400,11136.5500,1.0000,1.0000,143.3000,143.3000,11136.5500,21409.2500,21409.2500
2025-10-30,"MA_Crossover(34,47)",10916.6700,10870.9800,1.0000,1.0000,-265.5700,-265.5700,10870.9800,21143.6800,21143.6800
2025-10-31,"MA_Crossover(34,47)",10892.0600,10846.3700,1.0000,1.0000,-24.6100,-24.6100,10846.3700,21119.0700,21119.0700
2025-11-03,"MA_Crossover(34,47)",10848.0100,10802.3200,1.0000,1.0000,-44.0500,-44.0500,10802.3200,21075.0200,21075.0200
2025-11-04,"MA_Crossover(34,47)",10650.4300,10604.7400,1.0000,1.0000,-197.5800,-197.5800,10604.7400,20877.4400,20877.4400
2025-11-05,"MA_Crossover(34,47)",10676.1300,10630.4400,1.0000,1.0000,25.7000,25.7000,10630.4400,20903.1400,20903.1400
2025-11-06,"MA_Crossover(34,47)",10665.0600,10619.3700,1.0000,1.0000,-11.0700,-11.0700,10619.3700,20892.0700,20892.0700
2025-11-07,"MA_Crossover(34,47)",10709.2800,10663.5900,1.0000,1.0000,44.2200,44.2200,10663.5900,20936.2900,20936.2900
2025-11-10,"MA_Crossover(34,47)",10791.6700,10745.9800,1.0000,1.0000,82.3900,82.3900,10745.9800,21018.6800,21018.6800
2025-11-11,"MA_Crossover(34,47)",10815.4700,10769.7800,1.0000,1.0000,23.8000,23.8000,10769.7800,21042.4800,21042.4800
2025-11-12,"MA_Crossover(34,47)",10938.0500,10892.3600,1.0000,1.0000,122.5800,122.5800,10892.3600,21165.0600,21165.0600
2025-11-13,"MA_Crossover(34,47)",10951.5300,10905.8400,1.0000,1.0000,13.4800,13.4800,10905.8400,21178.5400,21178.5400
2025-11-14,"MA_Crossover(34,47)",10854.8800,10809.1900,1.0000,1.0000,-96.6500,-96.6500,10809.1900,21081.8900,21081.8900
2025-11-17,"MA_Crossover(34,47)",10745.8800,10700.1900,1.0000,1.0000,-109.0000,-109.0000,10700.1900,20972.8900,20972.8900
2025-11-18,"MA_Crossover(34,47)",10709.7000,10645.1200,1.0000,1.0000,-55.0700,-55.0700,10645.1200,20917.8200,20917.8200
2025-11-19,"MA_Crossover(34,47)",10748.8300,10683.4900,1.0000,1.0000,38.3700,38.3700,10683.4900,20956.1900,20956.1900
2025-11-20,"MA_Crossover(34,47)",10742.8200,10674.8000,1.0000,1.0000,-8.6900,-8.6900,10674.8000,20947.5000,20947.5000
2025-11-21,"MA_Crossover(34,47)",10788.3400,10718.3600,1.0000,1.0000,43.5600,43.5600,10718.3600,20991.0600,20991.0600
2025-11-24,"MA_Crossover(34,47)",10793.4100,10723.4300,1.0000,1.0000,5.0700,5.0700,10723.4300,20996.1300,20996.1300
2025-11-25,"MA_Crossover(34,47)",10827.7400,10757.7600,1.0000,1.0000,34.3300,34.3300,10757.7600,21030.4600,21030.4600
2025-11-26,"MA_Crossover(34,47)",10990.5700,10920.5900,1.0000,1.0000,162.8300,162.8300,10920.5900,21193.2900,21193.2900
2025-11-27,"MA_Crossover(34,47)",10952.2200,10882.2400,1.0000,1.0000,-38.3500,-38.3500,10882.2400,21154.9400,21154.9400
2025-11-28,"MA_Crossover(34,47)",11222.4200,11152.4400,1.0000,1.0000,270.2000,270.2000,11152.4400,21425.1400,21425.1400
2025-12-01,"MA_Crossover(34,47)",11308.8600,11238.8800,1.0000,1.0000,86.4400,86.4400,11238.8800,21511.5800,21511.5800
2025-12-02,"MA_Crossover(34,47)",11204.7000,11134.7200,1.0000,1.0000,-104.1600,-104.1600,11134.7200,21407.4200,21407.4200
2025-12-03,"MA_Crossover(34,47)",11572.3600,11502.3800,1.0000,1.0000,367.6600,367.6600,11502.3800,21775.0800,21775.0800
2025-12-04,"MA_Crossover(34,47)",11504.1800,11434.2000,1.0000,1.0000,-68.1800,-68.1800,11434.2000,21706.9000,21706.9000
2025-12-05,"MA_Crossover(34,47)",11653.0700,11583.0900,1.0000,1.0000,148.8900,148.8900,11583.0900,21855.7900,21855.7900
2025-12-08,"MA_Crossover(34,47)",11648.7900,11578.8100,1.0000,1.0000,-4.2800,-4.2800,11578.8100,21851.5100,21851.5100
2025-12-09,"MA_Crossover(34,47)",11489.9800,11420.0000,1.0000,1.0000,-158.8100,-158.8100,11420.0000,21692.7000,21692.7000
2025-12-10,"MA_Crossover(34,47)",11569.4200,11499.4400,1.0000,1.0000,79.4400,79.4400,11499.4400,21772.1400,21772.1400
2025-12-11,"MA_Crossover(34,47)",11897.2200,11827.2400,1.0000,1.0000,327.8000,327.8000,11827.2400,22099.9400,22099.9400
2025-12-12,"MA_Crossover(34,47)",11535.6900,11465.7100,1.0000,1.0000,-361.5300,-361.5300,11465.7100,21738.4100,21738.4100
2025-12-15,"MA_Crossover(34,47)",11651.1100,11581.1300,1.0000,1.0000,115.4200,115.4200,11581.1300,21853.8300,21853.8300
2025-12-16,"MA_Crossover(34,47)",11604.5600,11513.6200,1.0000,1.0000,-67.5100,-67.5100,11513.6200,21786.3200,21786.3200
2025-12-17,"MA_Crossover(34,47)",11753.0600,11659.8400,1.0000,1.0000,146.2200,146.2200,11659.8400,21932.5400,21932.5400
2025-12-18,"MA_Crossover(34,47)",11790.6100,11700.1800,1.0000,1.0000,40.3400,40.3400,11700.1800,21972.8800,21972.8800
2025-12-19,"MA_Crossover(34,47)",11910.3600,11823.2500,1.0000,1.0000,123.0700,123.0700,11823.2500,22095.9500,22095.9500
2025-12-22,"MA_Crossover(34,47)",11956.5800,11869.4700,1.0000,1.0000,46.2200,46.2200,11869.4700,22142.1700,22142.1700
2025-12-23,"MA_Crossover(34,47)",12096.6400,12009.5300,1.0000,1.0000,140.0600,140.0600,12009.5300,22282.2300,22282.2300
2025-12-24,"MA_Crossover(34,47)",12204.3700,12117.2600,1.0000,1.0000,107.7300,107.7300,12117.2600,22389.9600,22389.9600
2025-12-29,"MA_Crossover(34,47)",12266.3500,12179.2400,1.0000,1.0000,61.9800,61.9800,12179.2400,22451.9400,22451.9400
2025-12-30,"MA_Crossover(34,47)",12607.0200,12519.9100,1.0000,1.0000,340.6700,340.6700,12519.9100,22792.6100,22792.6100
2025-12-31,"MA_Crossover(34,47)",12465.9900,12378.8800,1.0000,1.0000,-141.0300,-141.0300,12378.8800,22651.5800,22651.5800
