Date,Strategy,F1_raw,F1_continuous,Signal,Position,F1_cont_daily_change,Daily_PnL,MTM,Cumulative_PnL,Equity
2006-01-03,"MA_Crossover(35,44)",4584.0000,4584.0000,,0.0000,,,0.0000,,
2006-01-04,"MA_Crossover(35,44)",4675.5000,4675.5000,,0.0000,91.5000,0.0000,0.0000,0.0000,0.0000
2006-01-05,"MA_Crossover(35,44)",4638.0000,4638.0000,,0.0000,-37.5000,-0.0000,0.0000,0.0000,0.0000
2006-01-06,"MA_Crossover(35,44)",4634.0000,4634.0000,,0.0000,-4.0000,-0.0000,0.0000,0.0000,0.0000
2006-01-09,"MA_Crossover(35,44)",4693.0000,4693.0000,,0.0000,59.0000,0.0000,0.0000,0.0000,0.0000
2006-01-10,"MA_Crossover(35,44)",4689.0000,4689.0000,,0.0000,-4.0000,-0.0000,0.0000,0.0000,0.0000
2006-01-11,"MA_Crossover(35,44)",4681.0000,4681.0000,,0.0000,-8.0000,-0.0000,0.0000,0.0000,0.0000
2006-01-12,"MA_Crossover(35,44)",4659.0000,4659.0000,,0.0000,-22.0000,-0.0000,0.0000,0.0000,0.0000
2006-01-13,"MA_Crossover(35,44)",4747.0000,4747.0000,,0.0000,88.0000,0.0000,0.0000,0.0000,0.0000
2006-01-16,"MA_Crossover(35,44)",4711.0000,4711.0000,,0.0000,-36.0000,-0.0000,0.0000,0.0000,0.0000
2006-01-17,"MA_Crossover(35,44)",4663.0000,4663.0000,,0.0000,-48.0000,-0.0000,0.0000,0.0000,0.0000
2006-01-18,"MA_Crossover(35,44)",4703.0000,4699.0000,,0.0000,36.0000,0.0000,0.0000,0.0000,0.0000
2006-01-19,"MA_Crossover(35,44)",4695.0000,4690.0000,,0.0000,-9.0000,-0.0000,0.0000,0.0000,0.0000
2006-01-20,"MA_Crossover(35,44)",4636.0000,4671.0000,,0.0000,-19.0000,-0.0000,0.0000,0.0000,0.0000
2006-01-23,"MA_Crossover(35,44)",4703.0000,4738.0000,,0.0000,67.0000,0.0000,0.0000,0.0000,0.0000
2006-01-24,"MA_Crossover(35,44)",4743.0000,4778.0000,,0.0000,40.0000,0.0000,0.0000,0.0000,0.0000
2006-01-25,"MA_Crossover(35,44)",4872.0000,4907.0000,,0.0000,129.0000,0.0000,0.0000,0.0000,0.0000
2006-01-26,"MA_Crossover(35,44)",4859.0000,4894.0000,,0.0000,-13.0000,-0.0000,0.0000,0.0000,0.0000
2006-01-27,"MA_Crossover(35,44)",4929.0000,4964.0000,,0.0000,70.0000,0.0000,0.0000,0.0000,0.0000
2006-01-30,"MA_Crossover(35,44)",4915.0000,4950.0000,,0.0000,-14.0000,-0.0000,0.0000,0.0000,0.0000
2006-01-31,"MA_Crossover(35,44)",4912.0000,4947.0000,,0.0000,-3.0000,-0.0000,0.0000,0.0000,0.0000
2006-02-01,"MA_Crossover(35,44)",4937.0000,4972.0000,,0.0000,25.0000,0.0000,0.0000,0.0000,0.0000
2006-02-02,"MA_Crossover(35,44)",5065.5000,5100.5000,,0.0000,128.5000,0.0000,0.0000,0.0000,0.0000
2006-02-03,"MA_Crossover(35,44)",5092.0000,5127.0000,,0.0000,26.5000,0.0000,0.0000,0.0000,0.0000
2006-02-06,"MA_Crossover(35,44)",5129.5000,5164.5000,,0.0000,37.5000,0.0000,0.0000,0.0000,0.0000
2006-02-07,"MA_Crossover(35,44)",5035.0000,5070.0000,,0.0000,-94.5000,-0.0000,0.0000,0.0000,0.0000
2006-02-08,"MA_Crossover(35,44)",5041.0000,5076.0000,,0.0000,6.0000,0.0000,0.0000,0.0000,0.0000
2006-02-09,"MA_Crossover(35,44)",5081.0000,5116.0000,,0.0000,40.0000,0.0000,0.0000,0.0000,0.0000
2006-02-10,"MA_Crossover(35,44)",4894.0000,4929.0000,,0.0000,-187.0000,-0.0000,0.0000,0.0000,0.0000
2006-02-13,"MA_Crossover(35,44)",4934.0000,4969.0000,,0.0000,40.0000,0.0000,0.0000,0.0000,0.0000
2006-02-14,"MA_Crossover(35,44)",4988.0000,5019.0000,,0.0000,50.0000,0.0000,0.0000,0.0000,0.0000
2006-02-15,"MA_Crossover(35,44)",4834.0000,4863.0000,,0.0000,-156.0000,-0.0000,0.0000,0.0000,0.0000
2006-02-16,"MA_Crossover(35,44)",4848.0000,4876.0000,,0.0000,13.0000,0.0000,0.0000,0.0000,0.0000
2006-02-17,"MA_Crossover(35,44)",4864.0000,4918.0000,,0.0000,42.0000,0.0000,0.0000,0.0000,0.0000
2006-02-20,"MA_Crossover(35,44)",4966.0000,5020.0000,,0.0000,102.0000,0.0000,0.0000,0.0000,0.0000
2006-02-21,"MA_Crossover(35,44)",5015.0000,5069.0000,,0.0000,49.0000,0.0000,0.0000,0.0000,0.0000
2006-02-22,"MA_Crossover(35,44)",5035.5000,5089.5000,,0.0000,20.5000,0.0000,0.0000,0.0000,0.0000
2006-02-23,"MA_Crossover(35,44)",4959.0000,5013.0000,,0.0000,-76.5000,-0.0000,0.0000,0.0000,0.0000
2006-02-24,"MA_Crossover(35,44)",4922.0000,4976.0000,,0.0000,-37.0000,-0.0000,0.0000,0.0000,0.0000
2006-02-27,"MA_Crossover(35,44)",4734.0000,4788.0000,,0.0000,-188.0000,-0.0000,0.0000,0.0000,0.0000
2006-02-28,"MA_Crossover(35,44)",4881.0000,4935.0000,,0.0000,147.0000,0.0000,0.0000,0.0000,0.0000
2006-03-01,"MA_Crossover(35,44)",4940.0000,4994.0000,,0.0000,59.0000,0.0000,0.0000,0.0000,0.0000
2006-03-02,"MA_Crossover(35,44)",5056.0000,5110.0000,,0.0000,116.0000,0.0000,0.0000,0.0000,0.0000
2006-03-03,"MA_Crossover(35,44)",5046.0000,5100.0000,1.0000,0.0000,-10.0000,-0.0000,0.0000,0.0000,0.0000
2006-03-06,"MA_Crossover(35,44)",4953.0000,5007.0000,1.0000,1.0000,-93.0000,-93.0000,5007.0000,-93.0000,-93.0000
2006-03-07,"MA_Crossover(35,44)",4844.0000,4898.0000,1.0000,1.0000,-109.0000,-109.0000,4898.0000,-202.0000,-202.0000
2006-03-08,"MA_Crossover(35,44)",4800.0000,4854.0000,1.0000,1.0000,-44.0000,-44.0000,4854.0000,-246.0000,-246.0000
2006-03-09,"MA_Crossover(35,44)",4893.0000,4947.0000,1.0000,1.0000,93.0000,93.0000,4947.0000,-153.0000,-153.0000
2006-03-10,"MA_Crossover(35,44)",4905.0000,4959.0000,1.0000,1.0000,12.0000,12.0000,4959.0000,-141.0000,-141.0000
2006-03-13,"MA_Crossover(35,44)",4962.0000,5016.0000,1.0000,1.0000,57.0000,57.0000,5016.0000,-84.0000,-84.0000
2006-03-14,"MA_Crossover(35,44)",4974.5000,5018.5000,1.0000,1.0000,2.5000,2.5000,5018.5000,-81.5000,-81.5000
2006-03-15,"MA_Crossover(35,44)",5008.5000,5052.5000,1.0000,1.0000,34.0000,34.0000,5052.5000,-47.5000,-47.5000
2006-03-16,"MA_Crossover(35,44)",4981.0000,5027.5000,1.0000,1.0000,-25.0000,-25.0000,5027.5000,-72.5000,-72.5000
2006-03-17,"MA_Crossover(35,44)",5189.0000,5264.5000,1.0000,1.0000,237.0000,237.0000,5264.5000,164.5000,164.5000
2006-03-20,"MA_Crossover(35,44)",5164.0000,5239.5000,1.0000,1.0000,-25.0000,-25.0000,5239.5000,139.5000,139.5000
2006-03-21,"MA_Crossover(35,44)",5161.0000,5236.5000,1.0000,1.0000,-3.0000,-3.0000,5236.5000,136.5000,136.5000
2006-03-22,"MA_Crossover(35,44)",5163.0000,5238.5000,1.0000,1.0000,2.0000,2.0000,5238.5000,138.5000,138.5000
2006-03-23,"MA_Crossover(35,44)",5290.0000,5365.5000,1.0000,1.0000,127.0000,127.0000,5365.5000,265.5000,265.5000
2006-03-24,"MA_Crossover(35,44)",5304.0000,5379.5000,1.0000,1.0000,14.0000,14.0000,5379.5000,279.5000,279.5000
2006-03-27,"MA_Crossover(35,44)",5360.5000,5436.0000,1.0000,1.0000,56.5000,56.5000,5436.0000,336.0000,336.0000
2006-03-28,"MA_Crossover(35,44)",5365.5000,5441.0000,1.0000,1.0000,5.0000,5.0000,5441.0000,341.0000,341.0000
2006-03-29,"MA_Crossover(35,44)",5391.0000,5466.5000,1.0000,1.0000,25.5000,25.5000,5466.5000,366.5000,366.5000
2006-03-30,"MA_Crossover(35,44)",5466.0000,5541.5000,1.0000,1.0000,75.0000,75.0000,5541.5000,441.5000,441.5000
2006-03-31,"MA_Crossover(35,44)",5440.0000,5515.5000,1.0000,1.0000,-26.0000,-26.0000,5515.5000,415.5000,415.5000
2006-04-03,"MA_Crossover(35,44)",5661.5000,5737.0000,1.0000,1.0000,221.5000,221.5000,5737.0000,637.0000,637.0000
2006-04-04,"MA_Crossover(35,44)",5588.0000,5663.5000,1.0000,1.0000,-73.5000,-73.5000,5663.5000,563.5000,563.5000
2006-04-05,"MA_Crossover(35,44)",5742.5000,5818.0000,1.0000,1.0000,154.5000,154.5000,5818.0000,718.0000,718.0000
2006-04-06,"MA_Crossover(35,44)",5802.5000,5878.0000,1.0000,1.0000,60.0000,60.0000,5878.0000,778.0000,778.0000
2006-04-07,"MA_Crossover(35,44)",5751.0000,5826.5000,1.0000,1.0000,-51.5000,-51.5000,5826.5000,726.5000,726.5000
2006-04-10,"MA_Crossover(35,44)",5937.5000,6013.0000,1.0000,1.0000,186.5000,186.5000,6013.0000,913.0000,913.0000
2006-04-11,"MA_Crossover(35,44)",6010.0000,6085.5000,1.0000,1.0000,72.5000,72.5000,6085.5000,985.5000,985.5000
2006-04-12,"MA_Crossover(35,44)",6168.0000,6243.5000,1.0000,1.0000,158.0000,158.0000,6243.5000,1143.5000,1143.5000
2006-04-13,"MA_Crossover(35,44)",6259.0000,6334.5000,1.0000,1.0000,91.0000,91.0000,6334.5000,1234.5000,1234.5000
2006-04-18,"MA_Crossover(35,44)",6555.0000,6630.5000,1.0000,1.0000,296.0000,296.0000,6630.5000,1530.5000,1530.5000
2006-04-19,"MA_Crossover(35,44)",6479.0000,6554.5000,1.0000,1.0000,-76.0000,-76.0000,6554.5000,1454.5000,1454.5000
2006-04-20,"MA_Crossover(35,44)",6370.0000,6445.5000,1.0000,1.0000,-109.0000,-109.0000,6445.5000,1345.5000,1345.5000
2006-04-21,"MA_Crossover(35,44)",6857.0000,6932.5000,1.0000,1.0000,487.0000,487.0000,6932.5000,1832.5000,1832.5000
2006-04-24,"MA_Crossover(35,44)",6884.0000,6959.5000,1.0000,1.0000,27.0000,27.0000,6959.5000,1859.5000,1859.5000
2006-04-25,"MA_Crossover(35,44)",7327.0000,7402.5000,1.0000,1.0000,443.0000,443.0000,7402.5000,2302.5000,2302.5000
2006-04-26,"MA_Crossover(35,44)",7427.0000,7502.5000,1.0000,1.0000,100.0000,100.0000,7502.5000,2402.5000,2402.5000
2006-04-27,"MA_Crossover(35,44)",7182.0000,7257.5000,1.0000,1.0000,-245.0000,-245.0000,7257.5000,2157.5000,2157.5000
2006-04-28,"MA_Crossover(35,44)",7118.0000,7193.5000,1.0000,1.0000,-64.0000,-64.0000,7193.5000,2093.5000,2093.5000
2006-05-02,"MA_Crossover(35,44)",7269.0000,7344.5000,1.0000,1.0000,151.0000,151.0000,7344.5000,2244.5000,2244.5000
2006-05-03,"MA_Crossover(35,44)",7226.0000,7301.5000,1.0000,1.0000,-43.0000,-43.0000,7301.5000,2201.5000,2201.5000
2006-05-04,"MA_Crossover(35,44)",7776.0000,7851.5000,1.0000,1.0000,550.0000,550.0000,7851.5000,2751.5000,2751.5000
2006-05-05,"MA_Crossover(35,44)",7769.0000,7844.5000,1.0000,1.0000,-7.0000,-7.0000,7844.5000,2744.5000,2744.5000
2006-05-08,"MA_Crossover(35,44)",7748.0000,7823.5000,1.0000,1.0000,-21.0000,-21.0000,7823.5000,2723.5000,2723.5000
2006-05-09,"MA_Crossover(35,44)",7942.0000,8017.5000,1.0000,1.0000,194.0000,194.0000,8017.5000,2917.5000,2917.5000
2006-05-10,"MA_Crossover(35,44)",8237.0000,8312.5000,1.0000,1.0000,295.0000,295.0000,8312.5000,3212.5000,3212.5000
2006-05-11,"MA_Crossover(35,44)",8796.0000,8871.5000,1.0000,1.0000,559.0000,559.0000,8871.5000,3771.5000,3771.5000
2006-05-12,"MA_Crossover(35,44)",8634.0000,8709.5000,1.0000,1.0000,-162.0000,-162.0000,8709.5000,3609.5000,3609.5000
2006-05-15,"MA_Crossover(35,44)",8345.0000,8420.5000,1.0000,1.0000,-289.0000,-289.0000,8420.5000,3320.5000,3320.5000
2006-05-16,"MA_Crossover(35,44)",8435.0000,8520.5000,1.0000,1.0000,100.0000,100.0000,8520.5000,3420.5000,3420.5000
2006-05-17,"MA_Crossover(35,44)",8231.0000,8318.5000,1.0000,1.0000,-202.0000,-202.0000,8318.5000,3218.5000,3218.5000
2006-05-18,"MA_Crossover(35,44)",8200.0000,8290.5000,1.0000,1.0000,-28.0000,-28.0000,8290.5000,3190.5000,3190.5000
2006-05-19,"MA_Crossover(35,44)",7646.0000,7771.5000,1.0000,1.0000,-519.0000,-519.0000,7771.5000,2671.5000,2671.5000
2006-05-22,"MA_Crossover(35,44)",7673.0000,7798.5000,1.0000,1.0000,27.0000,27.0000,7798.5000,2698.5000,2698.5000
2006-05-23,"MA_Crossover(35,44)",8600.0000,8725.5000,1.0000,1.0000,927.0000,927.0000,8725.5000,3625.5000,3625.5000
2006-05-24,"MA_Crossover(35,44)",7955.0000,8080.5000,1.0000,1.0000,-645.0000,-645.0000,8080.5000,2980.5000,2980.5000
2006-05-25,"MA_Crossover(35,44)",8230.0000,8355.5000,1.0000,1.0000,275.0000,275.0000,8355.5000,3255.5000,3255.5000
2006-05-26,"MA_Crossover(35,44)",8349.0000,8474.5000,1.0000,1.0000,119.0000,119.0000,8474.5000,3374.5000,3374.5000
2006-05-30,"MA_Crossover(35,44)",8060.0000,8185.5000,1.0000,1.0000,-289.0000,-289.0000,8185.5000,3085.5000,3085.5000
2006-05-31,"MA_Crossover(35,44)",8001.0000,8126.5000,1.0000,1.0000,-59.0000,-59.0000,8126.5000,3026.5000,3026.5000
2006-06-01,"MA_Crossover(35,44)",7807.0000,7932.5000,1.0000,1.0000,-194.0000,-194.0000,7932.5000,2832.5000,2832.5000
2006-06-02,"MA_Crossover(35,44)",7967.0000,8092.5000,1.0000,1.0000,160.0000,160.0000,8092.5000,2992.5000,2992.5000
2006-06-05,"MA_Crossover(35,44)",7855.0000,7980.5000,1.0000,1.0000,-112.0000,-112.0000,7980.5000,2880.5000,2880.5000
2006-06-06,"MA_Crossover(35,44)",7603.0000,7728.5000,1.0000,1.0000,-252.0000,-252.0000,7728.5000,2628.5000,2628.5000
2006-06-07,"MA_Crossover(35,44)",7890.0000,8015.5000,1.0000,1.0000,287.0000,287.0000,8015.5000,2915.5000,2915.5000
2006-06-08,"MA_Crossover(35,44)",7407.0000,7532.5000,1.0000,1.0000,-483.0000,-483.0000,7532.5000,2432.5000,2432.5000
2006-06-09,"MA_Crossover(35,44)",7311.0000,7436.5000,1.0000,1.0000,-96.0000,-96.0000,7436.5000,2336.5000,2336.5000
2006-06-12,"MA_Crossover(35,44)",7137.0000,7262.5000,1.0000,1.0000,-174.0000,-174.0000,7262.5000,2162.5000,2162.5000
2006-06-13,"MA_Crossover(35,44)",6677.5000,6803.0000,1.0000,1.0000,-459.5000,-459.5000,6803.0000,1703.0000,1703.0000
2006-06-14,"MA_Crossover(35,44)",6766.0000,6891.5000,1.0000,1.0000,88.5000,88.5000,6891.5000,1791.5000,1791.5000
2006-06-15,"MA_Crossover(35,44)",7140.0000,7265.5000,1.0000,1.0000,374.0000,374.0000,7265.5000,2165.5000,2165.5000
2006-06-16,"MA_Crossover(35,44)",7109.0000,7234.5000,1.0000,1.0000,-31.0000,-31.0000,7234.5000,2134.5000,2134.5000
2006-06-19,"MA_Crossover(35,44)",6893.0000,7018.5000,1.0000,1.0000,-216.0000,-216.0000,7018.5000,1918.5000,1918.5000
2006-06-20,"MA_Crossover(35,44)",6827.5000,6938.5000,1.0000,1.0000,-80.0000,-80.0000,6938.5000,1838.5000,1838.5000
2006-06-21,"MA_Crossover(35,44)",6888.0000,6998.5000,1.0000,1.0000,60.0000,60.0000,6998.5000,1898.5000,1898.5000
2006-06-22,"MA_Crossover(35,44)",6812.0000,6916.5000,1.0000,1.0000,-82.0000,-82.0000,6916.5000,1816.5000,1816.5000
2006-06-23,"MA_Crossover(35,44)",6885.0000,7035.5000,1.0000,1.0000,119.0000,119.0000,7035.5000,1935.5000,1935.5000
2006-06-26,"MA_Crossover(35,44)",7110.0000,7260.5000,1.0000,1.0000,225.0000,225.0000,7260.5000,2160.5000,2160.5000
2006-06-27,"MA_Crossover(35,44)",6855.0000,7005.5000,1.0000,1.0000,-255.0000,-255.0000,7005.5000,1905.5000,1905.5000
2006-06-28,"MA_Crossover(35,44)",7010.0000,7160.5000,1.0000,1.0000,155.0000,155.0000,7160.5000,2060.5000,2060.5000
2006-06-29,"MA_Crossover(35,44)",7413.0000,7563.5000,1.0000,1.0000,403.0000,403.0000,7563.5000,2463.5000,2463.5000
2006-06-30,"MA_Crossover(35,44)",7425.0000,7575.5000,-1.0000,1.0000,12.0000,12.0000,7575.5000,2475.5000,2475.5000
2006-07-03,"MA_Crossover(35,44)",7381.0000,7531.5000,-1.0000,-1.0000,-44.0000,44.0000,-7531.5000,2519.5000,2519.5000
2006-07-04,"MA_Crossover(35,44)",7518.0000,7668.5000,-1.0000,-1.0000,137.0000,-137.0000,-7668.5000,2382.5000,2382.5000
2006-07-05,"MA_Crossover(35,44)",7477.0000,7627.5000,-1.0000,-1.0000,-41.0000,41.0000,-7627.5000,2423.5000,2423.5000
2006-07-06,"MA_Crossover(35,44)",7954.0000,8104.5000,-1.0000,-1.0000,477.0000,-477.0000,-8104.5000,1946.5000,1946.5000
2006-07-07,"MA_Crossover(35,44)",7840.0000,7990.5000,-1.0000,-1.0000,-114.0000,114.0000,-7990.5000,2060.5000,2060.5000
2006-07-10,"MA_Crossover(35,44)",7851.0000,8001.5000,-1.0000,-1.0000,11.0000,-11.0000,-8001.5000,2049.5000,2049.5000
2006-07-11,"MA_Crossover(35,44)",8022.0000,8172.5000,-1.0000,-1.0000,171.0000,-171.0000,-8172.5000,1878.5000,1878.5000
2006-07-12,"MA_Crossover(35,44)",8159.0000,8309.5000,-1.0000,-1.0000,137.0000,-137.0000,-8309.5000,1741.5000,1741.5000
2006-07-13,"MA_Crossover(35,44)",8035.0000,8185.5000,-1.0000,-1.0000,-124.0000,124.0000,-8185.5000,1865.5000,1865.5000
2006-07-14,"MA_Crossover(35,44)",8196.0000,8346.5000,-1.0000,-1.0000,161.0000,-161.0000,-8346.5000,1704.5000,1704.5000
2006-07-17,"MA_Crossover(35,44)",7838.0000,7988.5000,-1.0000,-1.0000,-358.0000,358.0000,-7988.5000,2062.5000,2062.5000
2006-07-18,"MA_Crossover(35,44)",7890.5000,8030.0000,-1.0000,-1.0000,41.5000,-41.5000,-8030.0000,2021.0000,2021.0000
2006-07-19,"MA_Crossover(35,44)",7870.0000,8014.5000,-1.0000,-1.0000,-15.5000,15.5000,-8014.5000,2036.5000,2036.5000
2006-07-20,"MA_Crossover(35,44)",7430.0000,7578.5000,-1.0000,-1.0000,-436.0000,436.0000,-7578.5000,2472.5000,2472.5000
2006-07-21,"MA_Crossover(35,44)",7102.0000,7272.5000,-1.0000,-1.0000,-306.0000,306.0000,-7272.5000,2778.5000,2778.5000
2006-07-24,"MA_Crossover(35,44)",7223.0000,7393.5000,-1.0000,-1.0000,121.0000,-121.0000,-7393.5000,2657.5000,2657.5000
2006-07-25,"MA_Crossover(35,44)",7516.0000,7686.5000,-1.0000,-1.0000,293.0000,-293.0000,-7686.5000,2364.5000,2364.5000
2006-07-26,"MA_Crossover(35,44)",7537.0000,7707.5000,-1.0000,-1.0000,21.0000,-21.0000,-7707.5000,2343.5000,2343.5000
2006-07-27,"MA_Crossover(35,44)",7601.0000,7771.5000,-1.0000,-1.0000,64.0000,-64.0000,-7771.5000,2279.5000,2279.5000
2006-07-28,"MA_Crossover(35,44)",7743.0000,7913.5000,-1.0000,-1.0000,142.0000,-142.0000,-7913.5000,2137.5000,2137.5000
2006-07-31,"MA_Crossover(35,44)",8032.0000,8202.5000,-1.0000,-1.0000,289.0000,-289.0000,-8202.5000,1848.5000,1848.5000
2006-08-01,"MA_Crossover(35,44)",7849.0000,8019.5000,-1.0000,-1.0000,-183.0000,183.0000,-8019.5000,2031.5000,2031.5000
2006-08-02,"MA_Crossover(35,44)",7884.0000,8054.5000,1.0000,-1.0000,35.0000,-35.0000,-8054.5000,1996.5000,1996.5000
2006-08-03,"MA_Crossover(35,44)",7550.0000,7720.5000,1.0000,1.0000,-334.0000,-334.0000,7720.5000,1662.5000,1662.5000
2006-08-04,"MA_Crossover(35,44)",7915.0000,8085.5000,1.0000,1.0000,365.0000,365.0000,8085.5000,2027.5000,2027.5000
2006-08-07,"MA_Crossover(35,44)",7966.0000,8136.5000,1.0000,1.0000,51.0000,51.0000,8136.5000,2078.5000,2078.5000
2006-08-08,"MA_Crossover(35,44)",7955.0000,8125.5000,1.0000,1.0000,-11.0000,-11.0000,8125.5000,2067.5000,2067.5000
2006-08-09,"MA_Crossover(35,44)",8102.0000,8272.5000,1.0000,1.0000,147.0000,147.0000,8272.5000,2214.5000,2214.5000
2006-08-10,"MA_Crossover(35,44)",7943.0000,8113.5000,1.0000,1.0000,-159.0000,-159.0000,8113.5000,2055.5000,2055.5000
2006-08-11,"MA_Crossover(35,44)",7618.0000,7788.5000,1.0000,1.0000,-325.0000,-325.0000,7788.5000,1730.5000,1730.5000
2006-08-14,"MA_Crossover(35,44)",7686.0000,7856.5000,1.0000,1.0000,68.0000,68.0000,7856.5000,1798.5000,1798.5000
2006-08-15,"MA_Crossover(35,44)",7687.0000,7839.5000,1.0000,1.0000,-17.0000,-17.0000,7839.5000,1781.5000,1781.5000
2006-08-16,"MA_Crossover(35,44)",7741.0000,7892.5000,1.0000,1.0000,53.0000,53.0000,7892.5000,1834.5000,1834.5000
2006-08-17,"MA_Crossover(35,44)",7334.0000,7484.5000,1.0000,1.0000,-408.0000,-408.0000,7484.5000,1426.5000,1426.5000
2006-08-18,"MA_Crossover(35,44)",7527.0000,7689.5000,1.0000,1.0000,205.0000,205.0000,7689.5000,1631.5000,1631.5000
2006-08-21,"MA_Crossover(35,44)",7696.0000,7858.5000,1.0000,1.0000,169.0000,169.0000,7858.5000,1800.5000,1800.5000
2006-08-22,"MA_Crossover(35,44)",7655.0000,7817.5000,1.0000,1.0000,-41.0000,-41.0000,7817.5000,1759.5000,1759.5000
2006-08-23,"MA_Crossover(35,44)",7635.0000,7797.5000,1.0000,1.0000,-20.0000,-20.0000,7797.5000,1739.5000,1739.5000
2006-08-24,"MA_Crossover(35,44)",7456.0000,7618.5000,1.0000,1.0000,-179.0000,-179.0000,7618.5000,1560.5000,1560.5000
2006-08-25,"MA_Crossover(35,44)",7585.0000,7747.5000,1.0000,1.0000,129.0000,129.0000,7747.5000,1689.5000,1689.5000
2006-08-29,"MA_Crossover(35,44)",7422.0000,7584.5000,1.0000,1.0000,-163.0000,-163.0000,7584.5000,1526.5000,1526.5000
2006-08-30,"MA_Crossover(35,44)",7475.0000,7637.5000,1.0000,1.0000,53.0000,53.0000,7637.5000,1579.5000,1579.5000
2006-08-31,"MA_Crossover(35,44)",7728.0000,7890.5000,-1.0000,1.0000,253.0000,253.0000,7890.5000,1832.5000,1832.5000
2006-09-01,"MA_Crossover(35,44)",7616.0000,7778.5000,-1.0000,-1.0000,-112.0000,112.0000,-7778.5000,1944.5000,1944.5000
2006-09-04,"MA_Crossover(35,44)",7679.0000,7841.5000,-1.0000,-1.0000,63.0000,-63.0000,-7841.5000,1881.5000,1881.5000
2006-09-05,"MA_Crossover(35,44)",7956.0000,8118.5000,-1.0000,-1.0000,277.0000,-277.0000,-8118.5000,1604.5000,1604.5000
2006-09-06,"MA_Crossover(35,44)",8076.0000,8238.5000,-1.0000,-1.0000,120.0000,-120.0000,-8238.5000,1484.5000,1484.5000
2006-09-07,"MA_Crossover(35,44)",8047.0000,8209.5000,-1.0000,-1.0000,-29.0000,29.0000,-8209.5000,1513.5000,1513.5000
2006-09-08,"MA_Crossover(35,44)",7844.0000,8006.5000,-1.0000,-1.0000,-203.0000,203.0000,-8006.5000,1716.5000,1716.5000
2006-09-11,"MA_Crossover(35,44)",7485.0000,7647.5000,-1.0000,-1.0000,-359.0000,359.0000,-7647.5000,2075.5000,2075.5000
2006-09-12,"MA_Crossover(35,44)",7590.0000,7752.5000,-1.0000,-1.0000,105.0000,-105.0000,-7752.5000,1970.5000,1970.5000
2006-09-13,"MA_Crossover(35,44)",7488.5000,7651.0000,1.0000,-1.0000,-101.5000,101.5000,-7651.0000,2072.0000,2072.0000
2006-09-14,"MA_Crossover(35,44)",7441.0000,7603.5000,1.0000,1.0000,-47.5000,-47.5000,7603.5000,2024.5000,2024.5000
2006-09-15,"MA_Crossover(35,44)",7282.0000,7444.5000,1.0000,1.0000,-159.0000,-159.0000,7444.5000,1865.5000,1865.5000
2006-09-18,"MA_Crossover(35,44)",7459.0000,7621.5000,1.0000,1.0000,177.0000,177.0000,7621.5000,2042.5000,2042.5000
2006-09-19,"MA_Crossover(35,44)",7509.0000,7668.5000,1.0000,1.0000,47.0000,47.0000,7668.5000,2089.5000,2089.5000
2006-09-20,"MA_Crossover(35,44)",7466.0000,7623.5000,1.0000,1.0000,-45.0000,-45.0000,7623.5000,2044.5000,2044.5000
2006-09-21,"MA_Crossover(35,44)",7589.0000,7740.5000,1.0000,1.0000,117.0000,117.0000,7740.5000,2161.5000,2161.5000
2006-09-22,"MA_Crossover(35,44)",7583.0000,7744.5000,1.0000,1.0000,4.0000,4.0000,7744.5000,2165.5000,2165.5000
2006-09-25,"MA_Crossover(35,44)",7545.0000,7706.5000,-1.0000,1.0000,-38.0000,-38.0000,7706.5000,2127.5000,2127.5000
2006-09-26,"MA_Crossover(35,44)",7690.0000,7851.5000,-1.0000,-1.0000,145.0000,-145.0000,-7851.5000,1982.5000,1982.5000
2006-09-27,"MA_Crossover(35,44)",7647.0000,7808.5000,-1.0000,-1.0000,-43.0000,43.0000,-7808.5000,2025.5000,2025.5000
2006-09-28,"MA_Crossover(35,44)",7498.0000,7659.5000,-1.0000,-1.0000,-149.0000,149.0000,-7659.5000,2174.5000,2174.5000
2006-09-29,"MA_Crossover(35,44)",7569.0000,7730.5000,-1.0000,-1.0000,71.0000,-71.0000,-7730.5000,2103.5000,2103.5000
2006-10-02,"MA_Crossover(35,44)",7532.0000,7693.5000,-1.0000,-1.0000,-37.0000,37.0000,-7693.5000,2140.5000,2140.5000
2006-10-03,"MA_Crossover(35,44)",7355.0000,7516.5000,-1.0000,-1.0000,-177.0000,177.0000,-7516.5000,2317.5000,2317.5000
2006-10-04,"MA_Crossover(35,44)",7059.0000,7220.5000,-1.0000,-1.0000,-296.0000,296.0000,-7220.5000,2613.5000,2613.5000
2006-10-05,"MA_Crossover(35,44)",7333.0000,7494.5000,-1.0000,-1.0000,274.0000,-274.0000,-7494.5000,2339.5000,2339.5000
2006-10-06,"MA_Crossover(35,44)",7494.0000,7655.5000,-1.0000,-1.0000,161.0000,-161.0000,-7655.5000,2178.5000,2178.5000
2006-10-09,"MA_Crossover(35,44)",7490.0000,7651.5000,-1.0000,-1.0000,-4.0000,4.0000,-7651.5000,2182.5000,2182.5000
2006-10-10,"MA_Crossover(35,44)",7473.0000,7634.5000,-1.0000,-1.0000,-17.0000,17.0000,-7634.5000,2199.5000,2199.5000
2006-10-11,"MA_Crossover(35,44)",7570.0000,7731.5000,-1.0000,-1.0000,97.0000,-97.0000,-7731.5000,2102.5000,2102.5000
2006-10-12,"MA_Crossover(35,44)",7527.0000,7688.5000,-1.0000,-1.0000,-43.0000,43.0000,-7688.5000,2145.5000,2145.5000
2006-10-13,"MA_Crossover(35,44)",7506.0000,7667.5000,-1.0000,-1.0000,-21.0000,21.0000,-7667.5000,2166.5000,2166.5000
2006-10-16,"MA_Crossover(35,44)",7814.0000,7975.5000,-1.0000,-1.0000,308.0000,-308.0000,-7975.5000,1858.5000,1858.5000
2006-10-17,"MA_Crossover(35,44)",7668.0000,7834.5000,1.0000,-1.0000,-141.0000,141.0000,-7834.5000,1999.5000,1999.5000
2006-10-18,"MA_Crossover(35,44)",7675.5000,7843.0000,1.0000,1.0000,8.5000,8.5000,7843.0000,2008.0000,2008.0000
2006-10-19,"MA_Crossover(35,44)",7686.0000,7854.5000,1.0000,1.0000,11.5000,11.5000,7854.5000,2019.5000,2019.5000
2006-10-20,"MA_Crossover(35,44)",7590.0000,7762.5000,-1.0000,1.0000,-92.0000,-92.0000,7762.5000,1927.5000,1927.5000
2006-10-23,"MA_Crossover(35,44)",7571.0000,7743.5000,-1.0000,-1.0000,-19.0000,19.0000,-7743.5000,1946.5000,1946.5000
2006-10-24,"MA_Crossover(35,44)",7516.0000,7688.5000,-1.0000,-1.0000,-55.0000,55.0000,-7688.5000,2001.5000,2001.5000
2006-10-25,"MA_Crossover(35,44)",7481.0000,7653.5000,-1.0000,-1.0000,-35.0000,35.0000,-7653.5000,2036.5000,2036.5000
2006-10-26,"MA_Crossover(35,44)",7466.0000,7638.5000,-1.0000,-1.0000,-15.0000,15.0000,-7638.5000,2051.5000,2051.5000
2006-10-27,"MA_Crossover(35,44)",7489.0000,7661.5000,-1.0000,-1.0000,23.0000,-23.0000,-7661.5000,2028.5000,2028.5000
2006-10-30,"MA_Crossover(35,44)",7381.0000,7553.5000,-1.0000,-1.0000,-108.0000,108.0000,-7553.5000,2136.5000,2136.5000
2006-10-31,"MA_Crossover(35,44)",7387.5000,7560.0000,-1.0000,-1.0000,6.5000,-6.5000,-7560.0000,2130.0000,2130.0000
2006-11-01,"MA_Crossover(35,44)",7152.0000,7324.5000,-1.0000,-1.0000,-235.5000,235.5000,-7324.5000,2365.5000,2365.5000
2006-11-02,"MA_Crossover(35,44)",7247.5000,7420.0000,-1.0000,-1.0000,95.5000,-95.5000,-7420.0000,2270.0000,2270.0000
2006-11-03,"MA_Crossover(35,44)",7334.5000,7507.0000,-1.0000,-1.0000,87.0000,-87.0000,-7507.0000,2183.0000,2183.0000
2006-11-06,"MA_Crossover(35,44)",7360.0000,7532.5000,-1.0000,-1.0000,25.5000,-25.5000,-7532.5000,2157.5000,2157.5000
2006-11-07,"MA_Crossover(35,44)",7410.5000,7583.0000,-1.0000,-1.0000,50.5000,-50.5000,-7583.0000,2107.0000,2107.0000
2006-11-08,"MA_Crossover(35,44)",7106.0000,7278.5000,-1.0000,-1.0000,-304.5000,304.5000,-7278.5000,2411.5000,2411.5000
2006-11-09,"MA_Crossover(35,44)",7308.0000,7480.5000,-1.0000,-1.0000,202.0000,-202.0000,-7480.5000,2209.5000,2209.5000
2006-11-10,"MA_Crossover(35,44)",6900.5000,7073.0000,-1.0000,-1.0000,-407.5000,407.5000,-7073.0000,2617.0000,2617.0000
2006-11-13,"MA_Crossover(35,44)",6775.0000,6947.5000,-1.0000,-1.0000,-125.5000,125.5000,-6947.5000,2742.5000,2742.5000
2006-11-14,"MA_Crossover(35,44)",6834.0000,6865.5000,-1.0000,-1.0000,-82.0000,82.0000,-6865.5000,2824.5000,2824.5000
2006-11-15,"MA_Crossover(35,44)",6896.0000,6927.5000,-1.0000,-1.0000,62.0000,-62.0000,-6927.5000,2762.5000,2762.5000
2006-11-16,"MA_Crossover(35,44)",6795.0000,6826.5000,-1.0000,-1.0000,-101.0000,101.0000,-6826.5000,2863.5000,2863.5000
2006-11-17,"MA_Crossover(35,44)",6781.0000,6797.5000,-1.0000,-1.0000,-29.0000,29.0000,-6797.5000,2892.5000,2892.5000
2006-11-20,"MA_Crossover(35,44)",6826.0000,6842.5000,-1.0000,-1.0000,45.0000,-45.0000,-6842.5000,2847.5000,2847.5000
2006-11-21,"MA_Crossover(35,44)",6972.0000,6988.5000,-1.0000,-1.0000,146.0000,-146.0000,-6988.5000,2701.5000,2701.5000
2006-11-22,"MA_Crossover(35,44)",6886.0000,6902.5000,-1.0000,-1.0000,-86.0000,86.0000,-6902.5000,2787.5000,2787.5000
2006-11-23,"MA_Crossover(35,44)",6964.0000,6980.5000,-1.0000,-1.0000,78.0000,-78.0000,-6980.5000,2709.5000,2709.5000
2006-11-24,"MA_Crossover(35,44)",7136.0000,7152.5000,-1.0000,-1.0000,172.0000,-172.0000,-7152.5000,2537.5000,2537.5000
2006-11-27,"MA_Crossover(35,44)",7070.0000,7086.5000,-1.0000,-1.0000,-66.0000,66.0000,-7086.5000,2603.5000,2603.5000
2006-11-28,"MA_Crossover(35,44)",6950.0000,6966.5000,-1.0000,-1.0000,-120.0000,120.0000,-6966.5000,2723.5000,2723.5000
2006-11-29,"MA_Crossover(35,44)",6980.0000,6996.5000,-1.0000,-1.0000,30.0000,-30.0000,-6996.5000,2693.5000,2693.5000
2006-11-30,"MA_Crossover(35,44)",7055.0000,7071.5000,-1.0000,-1.0000,75.0000,-75.0000,-7071.5000,2618.5000,2618.5000
2006-12-01,"MA_Crossover(35,44)",6978.0000,6994.5000,-1.0000,-1.0000,-77.0000,77.0000,-6994.5000,2695.5000,2695.5000
2006-12-04,"MA_Crossover(35,44)",6975.0000,6991.5000,-1.0000,-1.0000,-3.0000,3.0000,-6991.5000,2698.5000,2698.5000
2006-12-05,"MA_Crossover(35,44)",7150.0000,7166.5000,-1.0000,-1.0000,175.0000,-175.0000,-7166.5000,2523.5000,2523.5000
2006-12-06,"MA_Crossover(35,44)",6959.0000,6975.5000,-1.0000,-1.0000,-191.0000,191.0000,-6975.5000,2714.5000,2714.5000
2006-12-07,"MA_Crossover(35,44)",6863.0000,6879.5000,-1.0000,-1.0000,-96.0000,96.0000,-6879.5000,2810.5000,2810.5000
2006-12-08,"MA_Crossover(35,44)",6857.5000,6874.0000,-1.0000,-1.0000,-5.5000,5.5000,-6874.0000,2816.0000,2816.0000
2006-12-11,"MA_Crossover(35,44)",6903.0000,6919.5000,-1.0000,-1.0000,45.5000,-45.5000,-6919.5000,2770.5000,2770.5000
2006-12-12,"MA_Crossover(35,44)",6828.0000,6844.5000,-1.0000,-1.0000,-75.0000,75.0000,-6844.5000,2845.5000,2845.5000
2006-12-13,"MA_Crossover(35,44)",6692.0000,6708.5000,-1.0000,-1.0000,-136.0000,136.0000,-6708.5000,2981.5000,2981.5000
2006-12-14,"MA_Crossover(35,44)",6755.0000,6771.5000,-1.0000,-1.0000,63.0000,-63.0000,-6771.5000,2918.5000,2918.5000
2006-12-15,"MA_Crossover(35,44)",6626.0000,6642.5000,-1.0000,-1.0000,-129.0000,129.0000,-6642.5000,3047.5000,3047.5000
2006-12-18,"MA_Crossover(35,44)",6644.0000,6660.5000,-1.0000,-1.0000,18.0000,-18.0000,-6660.5000,3029.5000,3029.5000
2006-12-19,"MA_Crossover(35,44)",6626.0000,6638.5000,-1.0000,-1.0000,-22.0000,22.0000,-6638.5000,3051.5000,3051.5000
2006-12-20,"MA_Crossover(35,44)",6511.0000,6522.5000,-1.0000,-1.0000,-116.0000,116.0000,-6522.5000,3167.5000,3167.5000
2006-12-21,"MA_Crossover(35,44)",6313.0000,6323.5000,-1.0000,-1.0000,-199.0000,199.0000,-6323.5000,3366.5000,3366.5000
2006-12-22,"MA_Crossover(35,44)",6313.0000,6313.5000,-1.0000,-1.0000,-10.0000,10.0000,-6313.5000,3376.5000,3376.5000
2006-12-27,"MA_Crossover(35,44)",6369.0000,6369.5000,-1.0000,-1.0000,56.0000,-56.0000,-6369.5000,3320.5000,3320.5000
2006-12-28,"MA_Crossover(35,44)",6369.0000,6369.5000,-1.0000,-1.0000,0.0000,-0.0000,-6369.5000,3320.5000,3320.5000
2006-12-29,"MA_Crossover(35,44)",6318.0000,6318.5000,-1.0000,-1.0000,-51.0000,51.0000,-6318.5000,3371.5000,3371.5000
2007-01-02,"MA_Crossover(35,44)",6089.0000,6089.5000,-1.0000,-1.0000,-229.0000,229.0000,-6089.5000,3600.5000,3600.5000
2007-01-03,"MA_Crossover(35,44)",5833.0000,5833.5000,-1.0000,-1.0000,-256.0000,256.0000,-5833.5000,3856.5000,3856.5000
2007-01-04,"MA_Crossover(35,44)",5704.0000,5704.5000,-1.0000,-1.0000,-129.0000,129.0000,-5704.5000,3985.5000,3985.5000
2007-01-05,"MA_Crossover(35,44)",5600.0000,5600.5000,-1.0000,-1.0000,-104.0000,104.0000,-5600.5000,4089.5000,4089.5000
2007-01-08,"MA_Crossover(35,44)",5598.0000,5598.5000,-1.0000,-1.0000,-2.0000,2.0000,-5598.5000,4091.5000,4091.5000
2007-01-09,"MA_Crossover(35,44)",5611.0000,5611.5000,-1.0000,-1.0000,13.0000,-13.0000,-5611.5000,4078.5000,4078.5000
2007-01-10,"MA_Crossover(35,44)",5867.5000,5868.0000,-1.0000,-1.0000,256.5000,-256.5000,-5868.0000,3822.0000,3822.0000
2007-01-11,"MA_Crossover(35,44)",5891.0000,5891.5000,-1.0000,-1.0000,23.5000,-23.5000,-5891.5000,3798.5000,3798.5000
2007-01-12,"MA_Crossover(35,44)",5740.0000,5740.5000,-1.0000,-1.0000,-151.0000,151.0000,-5740.5000,3949.5000,3949.5000
2007-01-15,"MA_Crossover(35,44)",5542.0000,5542.5000,-1.0000,-1.0000,-198.0000,198.0000,-5542.5000,4147.5000,4147.5000
2007-01-16,"MA_Crossover(35,44)",5703.0000,5629.0000,-1.0000,-1.0000,86.5000,-86.5000,-5629.0000,4061.0000,4061.0000
2007-01-17,"MA_Crossover(35,44)",5635.0000,5563.5000,-1.0000,-1.0000,-65.5000,65.5000,-5563.5000,4126.5000,4126.5000
2007-01-18,"MA_Crossover(35,44)",5524.0000,5452.5000,-1.0000,-1.0000,-111.0000,111.0000,-5452.5000,4237.5000,4237.5000
2007-01-19,"MA_Crossover(35,44)",5588.0000,5504.5000,-1.0000,-1.0000,52.0000,-52.0000,-5504.5000,4185.5000,4185.5000
2007-01-22,"MA_Crossover(35,44)",5597.0000,5513.5000,-1.0000,-1.0000,9.0000,-9.0000,-5513.5000,4176.5000,4176.5000
2007-01-23,"MA_Crossover(35,44)",5640.0000,5556.5000,-1.0000,-1.0000,43.0000,-43.0000,-5556.5000,4133.5000,4133.5000
2007-01-24,"MA_Crossover(35,44)",5697.5000,5614.0000,-1.0000,-1.0000,57.5000,-57.5000,-5614.0000,4076.0000,4076.0000
2007-01-25,"MA_Crossover(35,44)",5843.0000,5759.5000,-1.0000,-1.0000,145.5000,-145.5000,-5759.5000,3930.5000,3930.5000
2007-01-26,"MA_Crossover(35,44)",5791.0000,5707.5000,-1.0000,-1.0000,-52.0000,52.0000,-5707.5000,3982.5000,3982.5000
2007-01-29,"MA_Crossover(35,44)",5559.5000,5476.0000,-1.0000,-1.0000,-231.5000,231.5000,-5476.0000,4214.0000,4214.0000
2007-01-30,"MA_Crossover(35,44)",5614.5000,5531.0000,-1.0000,-1.0000,55.0000,-55.0000,-5531.0000,4159.0000,4159.0000
2007-01-31,"MA_Crossover(35,44)",5711.0000,5627.5000,-1.0000,-1.0000,96.5000,-96.5000,-5627.5000,4062.5000,4062.5000
2007-02-01,"MA_Crossover(35,44)",5575.0000,5491.5000,-1.0000,-1.0000,-136.0000,136.0000,-5491.5000,4198.5000,4198.5000
2007-02-02,"MA_Crossover(35,44)",5318.0000,5234.5000,-1.0000,-1.0000,-257.0000,257.0000,-5234.5000,4455.5000,4455.5000
2007-02-05,"MA_Crossover(35,44)",5313.5000,5230.0000,-1.0000,-1.0000,-4.5000,4.5000,-5230.0000,4460.0000,4460.0000
2007-02-06,"MA_Crossover(35,44)",5445.5000,5362.0000,-1.0000,-1.0000,132.0000,-132.0000,-5362.0000,4328.0000,4328.0000
2007-02-07,"MA_Crossover(35,44)",5402.0000,5318.5000,-1.0000,-1.0000,-43.5000,43.5000,-5318.5000,4371.5000,4371.5000
2007-02-08,"MA_Crossover(35,44)",5383.0000,5299.5000,-1.0000,-1.0000,-19.0000,19.0000,-5299.5000,4390.5000,4390.5000
2007-02-09,"MA_Crossover(35,44)",5548.0000,5464.5000,-1.0000,-1.0000,165.0000,-165.0000,-5464.5000,4225.5000,4225.5000
2007-02-12,"MA_Crossover(35,44)",5438.0000,5354.5000,-1.0000,-1.0000,-110.0000,110.0000,-5354.5000,4335.5000,4335.5000
2007-02-13,"MA_Crossover(35,44)",5721.0000,5637.5000,-1.0000,-1.0000,283.0000,-283.0000,-5637.5000,4052.5000,4052.5000
2007-02-14,"MA_Crossover(35,44)",5698.0000,5614.5000,-1.0000,-1.0000,-23.0000,23.0000,-5614.5000,4075.5000,4075.5000
2007-02-15,"MA_Crossover(35,44)",5827.0000,5743.5000,-1.0000,-1.0000,129.0000,-129.0000,-5743.5000,3946.5000,3946.5000
2007-02-16,"MA_Crossover(35,44)",5783.0000,5699.5000,-1.0000,-1.0000,-44.0000,44.0000,-5699.5000,3990.5000,3990.5000
2007-02-19,"MA_Crossover(35,44)",5792.0000,5708.5000,-1.0000,-1.0000,9.0000,-9.0000,-5708.5000,3981.5000,3981.5000
2007-02-20,"MA_Crossover(35,44)",5696.0000,5627.5000,-1.0000,-1.0000,-81.0000,81.0000,-5627.5000,4062.5000,4062.5000
2007-02-21,"MA_Crossover(35,44)",5765.0000,5696.5000,-1.0000,-1.0000,69.0000,-69.0000,-5696.5000,3993.5000,3993.5000
2007-02-22,"MA_Crossover(35,44)",6117.0000,6046.5000,-1.0000,-1.0000,350.0000,-350.0000,-6046.5000,3643.5000,3643.5000
2007-02-23,"MA_Crossover(35,44)",6294.0000,6213.5000,-1.0000,-1.0000,167.0000,-167.0000,-6213.5000,3476.5000,3476.5000
2007-02-26,"MA_Crossover(35,44)",6270.5000,6190.0000,-1.0000,-1.0000,-23.5000,23.5000,-6190.0000,3500.0000,3500.0000
2007-02-27,"MA_Crossover(35,44)",6211.0000,6130.5000,-1.0000,-1.0000,-59.5000,59.5000,-6130.5000,3559.5000,3559.5000
2007-02-28,"MA_Crossover(35,44)",5992.0000,5911.5000,-1.0000,-1.0000,-219.0000,219.0000,-5911.5000,3778.5000,3778.5000
2007-03-01,"MA_Crossover(35,44)",6100.0000,6019.5000,-1.0000,-1.0000,108.0000,-108.0000,-6019.5000,3670.5000,3670.5000
2007-03-02,"MA_Crossover(35,44)",6013.0000,5932.5000,-1.0000,-1.0000,-87.0000,87.0000,-5932.5000,3757.5000,3757.5000
2007-03-05,"MA_Crossover(35,44)",5880.5000,5800.0000,1.0000,-1.0000,-132.5000,132.5000,-5800.0000,3890.0000,3890.0000
2007-03-06,"MA_Crossover(35,44)",5972.0000,5891.5000,1.0000,1.0000,91.5000,91.5000,5891.5000,3981.5000,3981.5000
2007-03-07,"MA_Crossover(35,44)",6137.0000,6056.5000,1.0000,1.0000,165.0000,165.0000,6056.5000,4146.5000,4146.5000
2007-03-08,"MA_Crossover(35,44)",6276.5000,6196.0000,1.0000,1.0000,139.5000,139.5000,6196.0000,4286.0000,4286.0000
2007-03-09,"MA_Crossover(35,44)",6126.0000,6045.5000,1.0000,1.0000,-150.5000,-150.5000,6045.5000,4135.5000,4135.5000
2007-03-12,"MA_Crossover(35,44)",6276.0000,6195.5000,1.0000,1.0000,150.0000,150.0000,6195.5000,4285.5000,4285.5000
2007-03-13,"MA_Crossover(35,44)",6245.0000,6164.5000,1.0000,1.0000,-31.0000,-31.0000,6164.5000,4254.5000,4254.5000
2007-03-14,"MA_Crossover(35,44)",6279.0000,6198.5000,1.0000,1.0000,34.0000,34.0000,6198.5000,4288.5000,4288.5000
2007-03-15,"MA_Crossover(35,44)",6608.0000,6527.5000,1.0000,1.0000,329.0000,329.0000,6527.5000,4617.5000,4617.5000
2007-03-16,"MA_Crossover(35,44)",6671.0000,6590.5000,1.0000,1.0000,63.0000,63.0000,6590.5000,4680.5000,4680.5000
2007-03-19,"MA_Crossover(35,44)",6564.0000,6483.5000,1.0000,1.0000,-107.0000,-107.0000,6483.5000,4573.5000,4573.5000
2007-03-20,"MA_Crossover(35,44)",6696.0000,6482.5000,1.0000,1.0000,-1.0000,-1.0000,6482.5000,4572.5000,4572.5000
2007-03-21,"MA_Crossover(35,44)",6655.0000,6444.5000,1.0000,1.0000,-38.0000,-38.0000,6444.5000,4534.5000,4534.5000
2007-03-22,"MA_Crossover(35,44)",6771.0000,6559.5000,1.0000,1.0000,115.0000,115.0000,6559.5000,4649.5000,4649.5000
2007-03-23,"MA_Crossover(35,44)",6765.0000,6577.5000,1.0000,1.0000,18.0000,18.0000,6577.5000,4667.5000,4667.5000
2007-03-26,"MA_Crossover(35,44)",6893.5000,6706.0000,1.0000,1.0000,128.5000,128.5000,6706.0000,4796.0000,4796.0000
2007-03-27,"MA_Crossover(35,44)",6713.0000,6525.5000,1.0000,1.0000,-180.5000,-180.5000,6525.5000,4615.5000,4615.5000
2007-03-28,"MA_Crossover(35,44)",6680.0000,6492.5000,1.0000,1.0000,-33.0000,-33.0000,6492.5000,4582.5000,4582.5000
2007-03-29,"MA_Crossover(35,44)",6781.0000,6593.5000,1.0000,1.0000,101.0000,101.0000,6593.5000,4683.5000,4683.5000
2007-03-30,"MA_Crossover(35,44)",6896.0000,6708.5000,1.0000,1.0000,115.0000,115.0000,6708.5000,4798.5000,4798.5000
2007-04-02,"MA_Crossover(35,44)",7022.0000,6834.5000,1.0000,1.0000,126.0000,126.0000,6834.5000,4924.5000,4924.5000
2007-04-03,"MA_Crossover(35,44)",7296.0000,7108.5000,1.0000,1.0000,274.0000,274.0000,7108.5000,5198.5000,5198.5000
2007-04-04,"MA_Crossover(35,44)",7475.0000,7287.5000,1.0000,1.0000,179.0000,179.0000,7287.5000,5377.5000,5377.5000
2007-04-05,"MA_Crossover(35,44)",7387.0000,7199.5000,1.0000,1.0000,-88.0000,-88.0000,7199.5000,5289.5000,5289.5000
2007-04-10,"MA_Crossover(35,44)",7760.0000,7572.5000,1.0000,1.0000,373.0000,373.0000,7572.5000,5662.5000,5662.5000
2007-04-11,"MA_Crossover(35,44)",7880.0000,7692.5000,1.0000,1.0000,120.0000,120.0000,7692.5000,5782.5000,5782.5000
2007-04-12,"MA_Crossover(35,44)",7730.0000,7542.5000,1.0000,1.0000,-150.0000,-150.0000,7542.5000,5632.5000,5632.5000
2007-04-13,"MA_Crossover(35,44)",7753.0000,7565.5000,1.0000,1.0000,23.0000,23.0000,7565.5000,5655.5000,5655.5000
2007-04-16,"MA_Crossover(35,44)",7660.0000,7472.5000,1.0000,1.0000,-93.0000,-93.0000,7472.5000,5562.5000,5562.5000
2007-04-17,"MA_Crossover(35,44)",8090.0000,7776.0000,1.0000,1.0000,303.5000,303.5000,7776.0000,5866.0000,5866.0000
2007-04-18,"MA_Crossover(35,44)",8022.0000,7711.0000,1.0000,1.0000,-65.0000,-65.0000,7711.0000,5801.0000,5801.0000
2007-04-19,"MA_Crossover(35,44)",7856.0000,7548.0000,1.0000,1.0000,-163.0000,-163.0000,7548.0000,5638.0000,5638.0000
2007-04-20,"MA_Crossover(35,44)",7987.0000,7692.0000,1.0000,1.0000,144.0000,144.0000,7692.0000,5782.0000,5782.0000
2007-04-23,"MA_Crossover(35,44)",8043.0000,7748.0000,1.0000,1.0000,56.0000,56.0000,7748.0000,5838.0000,5838.0000
2007-04-24,"MA_Crossover(35,44)",7849.0000,7554.0000,1.0000,1.0000,-194.0000,-194.0000,7554.0000,5644.0000,5644.0000
2007-04-25,"MA_Crossover(35,44)",7883.0000,7588.0000,1.0000,1.0000,34.0000,34.0000,7588.0000,5678.0000,5678.0000
2007-04-26,"MA_Crossover(35,44)",7687.0000,7392.0000,1.0000,1.0000,-196.0000,-196.0000,7392.0000,5482.0000,5482.0000
2007-04-27,"MA_Crossover(35,44)",7786.0000,7491.0000,1.0000,1.0000,99.0000,99.0000,7491.0000,5581.0000,5581.0000
2007-04-30,"MA_Crossover(35,44)",7806.0000,7511.0000,1.0000,1.0000,20.0000,20.0000,7511.0000,5601.0000,5601.0000
2007-05-01,"MA_Crossover(35,44)",8048.0000,7753.0000,1.0000,1.0000,242.0000,242.0000,7753.0000,5843.0000,5843.0000
2007-05-02,"MA_Crossover(35,44)",8010.0000,7715.0000,1.0000,1.0000,-38.0000,-38.0000,7715.0000,5805.0000,5805.0000
2007-05-03,"MA_Crossover(35,44)",8233.0000,7938.0000,1.0000,1.0000,223.0000,223.0000,7938.0000,6028.0000,6028.0000
2007-05-04,"MA_Crossover(35,44)",8370.0000,8075.0000,1.0000,1.0000,137.0000,137.0000,8075.0000,6165.0000,6165.0000
2007-05-08,"MA_Crossover(35,44)",8210.0000,7915.0000,1.0000,1.0000,-160.0000,-160.0000,7915.0000,6005.0000,6005.0000
2007-05-09,"MA_Crossover(35,44)",8102.0000,7807.0000,1.0000,1.0000,-108.0000,-108.0000,7807.0000,5897.0000,5897.0000
2007-05-10,"MA_Crossover(35,44)",7943.0000,7648.0000,1.0000,1.0000,-159.0000,-159.0000,7648.0000,5738.0000,5738.0000
2007-05-11,"MA_Crossover(35,44)",7953.0000,7658.0000,1.0000,1.0000,10.0000,10.0000,7658.0000,5748.0000,5748.0000
2007-05-14,"MA_Crossover(35,44)",7621.0000,7326.0000,1.0000,1.0000,-332.0000,-332.0000,7326.0000,5416.0000,5416.0000
2007-05-15,"MA_Crossover(35,44)",7799.0000,7421.0000,1.0000,1.0000,95.0000,95.0000,7421.0000,5511.0000,5511.0000
2007-05-16,"MA_Crossover(35,44)",7646.0000,7269.0000,1.0000,1.0000,-152.0000,-152.0000,7269.0000,5359.0000,5359.0000
2007-05-17,"MA_Crossover(35,44)",7290.0000,6912.0000,1.0000,1.0000,-357.0000,-357.0000,6912.0000,5002.0000,5002.0000
2007-05-18,"MA_Crossover(35,44)",7315.0000,6954.0000,1.0000,1.0000,42.0000,42.0000,6954.0000,5044.0000,5044.0000
2007-05-21,"MA_Crossover(35,44)",7456.0000,7095.0000,1.0000,1.0000,141.0000,141.0000,7095.0000,5185.0000,5185.0000
2007-05-22,"MA_Crossover(35,44)",7309.0000,6948.0000,1.0000,1.0000,-147.0000,-147.0000,6948.0000,5038.0000,5038.0000
2007-05-23,"MA_Crossover(35,44)",7245.0000,6884.0000,1.0000,1.0000,-64.0000,-64.0000,6884.0000,4974.0000,4974.0000
2007-05-24,"MA_Crossover(35,44)",7044.0000,6683.0000,1.0000,1.0000,-201.0000,-201.0000,6683.0000,4773.0000,4773.0000
2007-05-25,"MA_Crossover(35,44)",7255.0000,6894.0000,1.0000,1.0000,211.0000,211.0000,6894.0000,4984.0000,4984.0000
2007-05-29,"MA_Crossover(35,44)",7330.0000,6969.0000,1.0000,1.0000,75.0000,75.0000,6969.0000,5059.0000,5059.0000
2007-05-30,"MA_Crossover(35,44)",7270.0000,6909.0000,1.0000,1.0000,-60.0000,-60.0000,6909.0000,4999.0000,4999.0000
2007-05-31,"MA_Crossover(35,44)",7452.0000,7091.0000,1.0000,1.0000,182.0000,182.0000,7091.0000,5181.0000,5181.0000
2007-06-01,"MA_Crossover(35,44)",7527.0000,7166.0000,1.0000,1.0000,75.0000,75.0000,7166.0000,5256.0000,5256.0000
2007-06-04,"MA_Crossover(35,44)",7714.0000,7353.0000,1.0000,1.0000,187.0000,187.0000,7353.0000,5443.0000,5443.0000
2007-06-05,"MA_Crossover(35,44)",7623.0000,7262.0000,1.0000,1.0000,-91.0000,-91.0000,7262.0000,5352.0000,5352.0000
2007-06-06,"MA_Crossover(35,44)",7495.0000,7134.0000,1.0000,1.0000,-128.0000,-128.0000,7134.0000,5224.0000,5224.0000
2007-06-07,"MA_Crossover(35,44)",7504.0000,7143.0000,1.0000,1.0000,9.0000,9.0000,7143.0000,5233.0000,5233.0000
2007-06-08,"MA_Crossover(35,44)",7220.0000,6859.0000,-1.0000,1.0000,-284.0000,-284.0000,6859.0000,4949.0000,4949.0000
2007-06-11,"MA_Crossover(35,44)",7448.0000,7087.0000,-1.0000,-1.0000,228.0000,-228.0000,-7087.0000,4721.0000,4721.0000
2007-06-12,"MA_Crossover(35,44)",7259.0000,6898.0000,-1.0000,-1.0000,-189.0000,189.0000,-6898.0000,4910.0000,4910.0000
2007-06-13,"MA_Crossover(35,44)",7382.0000,7021.0000,-1.0000,-1.0000,123.0000,-123.0000,-7021.0000,4787.0000,4787.0000
2007-06-14,"MA_Crossover(35,44)",7541.0000,7180.0000,-1.0000,-1.0000,159.0000,-159.0000,-7180.0000,4628.0000,4628.0000
2007-06-15,"MA_Crossover(35,44)",7582.0000,7221.0000,-1.0000,-1.0000,41.0000,-41.0000,-7221.0000,4587.0000,4587.0000
2007-06-18,"MA_Crossover(35,44)",7618.0000,7257.0000,-1.0000,-1.0000,36.0000,-36.0000,-7257.0000,4551.0000,4551.0000
2007-06-19,"MA_Crossover(35,44)",7472.0000,7115.0000,-1.0000,-1.0000,-142.0000,142.0000,-7115.0000,4693.0000,4693.0000
2007-06-20,"MA_Crossover(35,44)",7568.0000,7211.0000,-1.0000,-1.0000,96.0000,-96.0000,-7211.0000,4597.0000,4597.0000
2007-06-21,"MA_Crossover(35,44)",7486.0000,7130.0000,-1.0000,-1.0000,-81.0000,81.0000,-7130.0000,4678.0000,4678.0000
2007-06-22,"MA_Crossover(35,44)",7483.0000,7147.0000,-1.0000,-1.0000,17.0000,-17.0000,-7147.0000,4661.0000,4661.0000
2007-06-25,"MA_Crossover(35,44)",7529.0000,7193.0000,-1.0000,-1.0000,46.0000,-46.0000,-7193.0000,4615.0000,4615.0000
2007-06-26,"MA_Crossover(35,44)",7420.0000,7084.0000,-1.0000,-1.0000,-109.0000,109.0000,-7084.0000,4724.0000,4724.0000
2007-06-27,"MA_Crossover(35,44)",7444.0000,7108.0000,-1.0000,-1.0000,24.0000,-24.0000,-7108.0000,4700.0000,4700.0000
2007-06-28,"MA_Crossover(35,44)",7621.0000,7285.0000,-1.0000,-1.0000,177.0000,-177.0000,-7285.0000,4523.0000,4523.0000
2007-06-29,"MA_Crossover(35,44)",7647.0000,7311.0000,-1.0000,-1.0000,26.0000,-26.0000,-7311.0000,4497.0000,4497.0000
2007-07-02,"MA_Crossover(35,44)",7813.0000,7477.0000,-1.0000,-1.0000,166.0000,-166.0000,-7477.0000,4331.0000,4331.0000
2007-07-03,"MA_Crossover(35,44)",7805.0000,7469.0000,-1.0000,-1.0000,-8.0000,8.0000,-7469.0000,4339.0000,4339.0000
2007-07-04,"MA_Crossover(35,44)",7919.0000,7583.0000,-1.0000,-1.0000,114.0000,-114.0000,-7583.0000,4225.0000,4225.0000
2007-07-05,"MA_Crossover(35,44)",7951.0000,7615.0000,-1.0000,-1.0000,32.0000,-32.0000,-7615.0000,4193.0000,4193.0000
2007-07-06,"MA_Crossover(35,44)",7948.0000,7612.0000,-1.0000,-1.0000,-3.0000,3.0000,-7612.0000,4196.0000,4196.0000
2007-07-09,"MA_Crossover(35,44)",8083.0000,7747.0000,-1.0000,-1.0000,135.0000,-135.0000,-7747.0000,4061.0000,4061.0000
2007-07-10,"MA_Crossover(35,44)",8002.5000,7666.5000,-1.0000,-1.0000,-80.5000,80.5000,-7666.5000,4141.5000,4141.5000
2007-07-11,"MA_Crossover(35,44)",8048.0000,7712.0000,-1.0000,-1.0000,45.5000,-45.5000,-7712.0000,4096.0000,4096.0000
2007-07-12,"MA_Crossover(35,44)",7935.0000,7599.0000,1.0000,-1.0000,-113.0000,113.0000,-7599.0000,4209.0000,4209.0000
2007-07-13,"MA_Crossover(35,44)",7983.0000,7647.0000,1.0000,1.0000,48.0000,48.0000,7647.0000,4257.0000,4257.0000
2007-07-16,"MA_Crossover(35,44)",7911.0000,7575.0000,1.0000,1.0000,-72.0000,-72.0000,7575.0000,4185.0000,4185.0000
2007-07-17,"MA_Crossover(35,44)",7840.0000,7511.0000,1.0000,1.0000,-64.0000,-64.0000,7511.0000,4121.0000,4121.0000
2007-07-18,"MA_Crossover(35,44)",7901.0000,7572.0000,1.0000,1.0000,61.0000,61.0000,7572.0000,4182.0000,4182.0000
2007-07-19,"MA_Crossover(35,44)",8043.0000,7716.0000,1.0000,1.0000,144.0000,144.0000,7716.0000,4326.0000,4326.0000
2007-07-20,"MA_Crossover(35,44)",8191.0000,7900.0000,1.0000,1.0000,184.0000,184.0000,7900.0000,4510.0000,4510.0000
2007-07-23,"MA_Crossover(35,44)",8105.0000,7814.0000,1.0000,1.0000,-86.0000,-86.0000,7814.0000,4424.0000,4424.0000
2007-07-24,"MA_Crossover(35,44)",8044.5000,7753.5000,1.0000,1.0000,-60.5000,-60.5000,7753.5000,4363.5000,4363.5000
2007-07-25,"MA_Crossover(35,44)",7864.0000,7573.0000,1.0000,1.0000,-180.5000,-180.5000,7573.0000,4183.0000,4183.0000
2007-07-26,"MA_Crossover(35,44)",7859.0000,7568.0000,1.0000,1.0000,-5.0000,-5.0000,7568.0000,4178.0000,4178.0000
2007-07-27,"MA_Crossover(35,44)",7849.0000,7558.0000,1.0000,1.0000,-10.0000,-10.0000,7558.0000,4168.0000,4168.0000
2007-07-30,"MA_Crossover(35,44)",7943.0000,7652.0000,1.0000,1.0000,94.0000,94.0000,7652.0000,4262.0000,4262.0000
2007-07-31,"MA_Crossover(35,44)",8137.0000,7846.0000,1.0000,1.0000,194.0000,194.0000,7846.0000,4456.0000,4456.0000
2007-08-01,"MA_Crossover(35,44)",7978.0000,7687.0000,1.0000,1.0000,-159.0000,-159.0000,7687.0000,4297.0000,4297.0000
2007-08-02,"MA_Crossover(35,44)",7988.0000,7697.0000,1.0000,1.0000,10.0000,10.0000,7697.0000,4307.0000,4307.0000
2007-08-03,"MA_Crossover(35,44)",7791.0000,7500.0000,1.0000,1.0000,-197.0000,-197.0000,7500.0000,4110.0000,4110.0000
2007-08-06,"MA_Crossover(35,44)",7815.0000,7524.0000,1.0000,1.0000,24.0000,24.0000,7524.0000,4134.0000,4134.0000
2007-08-07,"MA_Crossover(35,44)",7872.5000,7581.5000,1.0000,1.0000,57.5000,57.5000,7581.5000,4191.5000,4191.5000
2007-08-08,"MA_Crossover(35,44)",7705.0000,7414.0000,1.0000,1.0000,-167.5000,-167.5000,7414.0000,4024.0000,4024.0000
2007-08-09,"MA_Crossover(35,44)",7603.5000,7312.5000,1.0000,1.0000,-101.5000,-101.5000,7312.5000,3922.5000,3922.5000
2007-08-10,"MA_Crossover(35,44)",7592.0000,7301.0000,1.0000,1.0000,-11.5000,-11.5000,7301.0000,3911.0000,3911.0000
2007-08-13,"MA_Crossover(35,44)",7711.0000,7420.0000,1.0000,1.0000,119.0000,119.0000,7420.0000,4030.0000,4030.0000
2007-08-14,"MA_Crossover(35,44)",7487.0000,7231.0000,1.0000,1.0000,-189.0000,-189.0000,7231.0000,3841.0000,3841.0000
2007-08-15,"MA_Crossover(35,44)",7379.0000,7127.0000,1.0000,1.0000,-104.0000,-104.0000,7127.0000,3737.0000,3737.0000
2007-08-16,"MA_Crossover(35,44)",6800.0000,6555.0000,1.0000,1.0000,-572.0000,-572.0000,6555.0000,3165.0000,3165.0000
2007-08-17,"MA_Crossover(35,44)",7068.0000,6853.0000,1.0000,1.0000,298.0000,298.0000,6853.0000,3463.0000,3463.0000
2007-08-20,"MA_Crossover(35,44)",7072.0000,6857.0000,1.0000,1.0000,4.0000,4.0000,6857.0000,3467.0000,3467.0000
2007-08-21,"MA_Crossover(35,44)",7022.0000,6807.0000,1.0000,1.0000,-50.0000,-50.0000,6807.0000,3417.0000,3417.0000
2007-08-22,"MA_Crossover(35,44)",7201.5000,6986.5000,1.0000,1.0000,179.5000,179.5000,6986.5000,3596.5000,3596.5000
2007-08-23,"MA_Crossover(35,44)",7310.0000,7095.0000,1.0000,1.0000,108.5000,108.5000,7095.0000,3705.0000,3705.0000
2007-08-24,"MA_Crossover(35,44)",7379.0000,7164.0000,-1.0000,1.0000,69.0000,69.0000,7164.0000,3774.0000,3774.0000
2007-08-28,"MA_Crossover(35,44)",7338.0000,7123.0000,-1.0000,-1.0000,-41.0000,41.0000,-7123.0000,3815.0000,3815.0000
2007-08-29,"MA_Crossover(35,44)",7430.0000,7215.0000,-1.0000,-1.0000,92.0000,-92.0000,-7215.0000,3723.0000,3723.0000
2007-08-30,"MA_Crossover(35,44)",7464.0000,7249.0000,-1.0000,-1.0000,34.0000,-34.0000,-7249.0000,3689.0000,3689.0000
2007-08-31,"MA_Crossover(35,44)",7524.0000,7309.0000,-1.0000,-1.0000,60.0000,-60.0000,-7309.0000,3629.0000,3629.0000
2007-09-03,"MA_Crossover(35,44)",7449.0000,7234.0000,-1.0000,-1.0000,-75.0000,75.0000,-7234.0000,3704.0000,3704.0000
2007-09-04,"MA_Crossover(35,44)",7363.0000,7148.0000,-1.0000,-1.0000,-86.0000,86.0000,-7148.0000,3790.0000,3790.0000
2007-09-05,"MA_Crossover(35,44)",7215.0000,7000.0000,-1.0000,-1.0000,-148.0000,148.0000,-7000.0000,3938.0000,3938.0000
2007-09-06,"MA_Crossover(35,44)",7361.0000,7146.0000,-1.0000,-1.0000,146.0000,-146.0000,-7146.0000,3792.0000,3792.0000
2007-09-07,"MA_Crossover(35,44)",7235.0000,7020.0000,-1.0000,-1.0000,-126.0000,126.0000,-7020.0000,3918.0000,3918.0000
2007-09-10,"MA_Crossover(35,44)",7220.0000,7005.0000,-1.0000,-1.0000,-15.0000,15.0000,-7005.0000,3933.0000,3933.0000
2007-09-11,"MA_Crossover(35,44)",7538.0000,7323.0000,-1.0000,-1.0000,318.0000,-318.0000,-7323.0000,3615.0000,3615.0000
2007-09-12,"MA_Crossover(35,44)",7482.5000,7267.5000,-1.0000,-1.0000,-55.5000,55.5000,-7267.5000,3670.5000,3670.5000
2007-09-13,"MA_Crossover(35,44)",7604.0000,7389.0000,-1.0000,-1.0000,121.5000,-121.5000,-7389.0000,3549.0000,3549.0000
2007-09-14,"MA_Crossover(35,44)",7612.5000,7397.5000,-1.0000,-1.0000,8.5000,-8.5000,-7397.5000,3540.5000,3540.5000
2007-09-17,"MA_Crossover(35,44)",7561.0000,7346.0000,-1.0000,-1.0000,-51.5000,51.5000,-7346.0000,3592.0000,3592.0000
2007-09-18,"MA_Crossover(35,44)",7618.0000,7410.0000,-1.0000,-1.0000,64.0000,-64.0000,-7410.0000,3528.0000,3528.0000
2007-09-19,"MA_Crossover(35,44)",7919.0000,7711.0000,-1.0000,-1.0000,301.0000,-301.0000,-7711.0000,3227.0000,3227.0000
2007-09-20,"MA_Crossover(35,44)",7920.0000,7716.0000,-1.0000,-1.0000,5.0000,-5.0000,-7716.0000,3222.0000,3222.0000
2007-09-21,"MA_Crossover(35,44)",7916.0000,7724.0000,-1.0000,-1.0000,8.0000,-8.0000,-7724.0000,3214.0000,3214.0000
2007-09-24,"MA_Crossover(35,44)",8077.0000,7885.0000,-1.0000,-1.0000,161.0000,-161.0000,-7885.0000,3053.0000,3053.0000
2007-09-25,"MA_Crossover(35,44)",8036.0000,7844.0000,-1.0000,-1.0000,-41.0000,41.0000,-7844.0000,3094.0000,3094.0000
2007-09-26,"MA_Crossover(35,44)",7986.0000,7794.0000,-1.0000,-1.0000,-50.0000,50.0000,-7794.0000,3144.0000,3144.0000
2007-09-27,"MA_Crossover(35,44)",8066.0000,7874.0000,-1.0000,-1.0000,80.0000,-80.0000,-7874.0000,3064.0000,3064.0000
2007-09-28,"MA_Crossover(35,44)",8068.0000,7876.0000,-1.0000,-1.0000,2.0000,-2.0000,-7876.0000,3062.0000,3062.0000
2007-10-01,"MA_Crossover(35,44)",8166.0000,7974.0000,-1.0000,-1.0000,98.0000,-98.0000,-7974.0000,2964.0000,2964.0000
2007-10-02,"MA_Crossover(35,44)",8220.0000,8028.0000,-1.0000,-1.0000,54.0000,-54.0000,-8028.0000,2910.0000,2910.0000
2007-10-03,"MA_Crossover(35,44)",8359.0000,8167.0000,-1.0000,-1.0000,139.0000,-139.0000,-8167.0000,2771.0000,2771.0000
2007-10-04,"MA_Crossover(35,44)",8251.0000,8059.0000,-1.0000,-1.0000,-108.0000,108.0000,-8059.0000,2879.0000,2879.0000
2007-10-05,"MA_Crossover(35,44)",8260.0000,8068.0000,1.0000,-1.0000,9.0000,-9.0000,-8068.0000,2870.0000,2870.0000
2007-10-08,"MA_Crossover(35,44)",8003.0000,7811.0000,1.0000,1.0000,-257.0000,-257.0000,7811.0000,2613.0000,2613.0000
2007-10-09,"MA_Crossover(35,44)",8107.0000,7915.0000,1.0000,1.0000,104.0000,104.0000,7915.0000,2717.0000,2717.0000
2007-10-10,"MA_Crossover(35,44)",8233.0000,8041.0000,1.0000,1.0000,126.0000,126.0000,8041.0000,2843.0000,2843.0000
2007-10-11,"MA_Crossover(35,44)",8131.0000,7939.0000,1.0000,1.0000,-102.0000,-102.0000,7939.0000,2741.0000,2741.0000
2007-10-12,"MA_Crossover(35,44)",8112.0000,7920.0000,1.0000,1.0000,-19.0000,-19.0000,7920.0000,2722.0000,2722.0000
2007-10-15,"MA_Crossover(35,44)",8204.5000,8012.5000,1.0000,1.0000,92.5000,92.5000,8012.5000,2814.5000,2814.5000
2007-10-16,"MA_Crossover(35,44)",8082.0000,7896.0000,1.0000,1.0000,-116.5000,-116.5000,7896.0000,2698.0000,2698.0000
2007-10-17,"MA_Crossover(35,44)",7995.0000,7810.0000,1.0000,1.0000,-86.0000,-86.0000,7810.0000,2612.0000,2612.0000
2007-10-18,"MA_Crossover(35,44)",7887.5000,7704.5000,1.0000,1.0000,-105.5000,-105.5000,7704.5000,2506.5000,2506.5000
2007-10-19,"MA_Crossover(35,44)",7898.5000,7727.5000,1.0000,1.0000,23.0000,23.0000,7727.5000,2529.5000,2529.5000
2007-10-22,"MA_Crossover(35,44)",7785.0000,7614.0000,1.0000,1.0000,-113.5000,-113.5000,7614.0000,2416.0000,2416.0000
2007-10-23,"MA_Crossover(35,44)",7821.0000,7650.0000,1.0000,1.0000,36.0000,36.0000,7650.0000,2452.0000,2452.0000
2007-10-24,"MA_Crossover(35,44)",7715.0000,7544.0000,1.0000,1.0000,-106.0000,-106.0000,7544.0000,2346.0000,2346.0000
2007-10-25,"MA_Crossover(35,44)",7793.5000,7622.5000,1.0000,1.0000,78.5000,78.5000,7622.5000,2424.5000,2424.5000
2007-10-26,"MA_Crossover(35,44)",7900.5000,7729.5000,1.0000,1.0000,107.0000,107.0000,7729.5000,2531.5000,2531.5000
2007-10-29,"MA_Crossover(35,44)",7866.0000,7695.0000,1.0000,1.0000,-34.5000,-34.5000,7695.0000,2497.0000,2497.0000
2007-10-30,"MA_Crossover(35,44)",7770.0000,7599.0000,1.0000,1.0000,-96.0000,-96.0000,7599.0000,2401.0000,2401.0000
2007-10-31,"MA_Crossover(35,44)",7736.0000,7565.0000,1.0000,1.0000,-34.0000,-34.0000,7565.0000,2367.0000,2367.0000
2007-11-01,"MA_Crossover(35,44)",7512.0000,7341.0000,1.0000,1.0000,-224.0000,-224.0000,7341.0000,2143.0000,2143.0000
2007-11-02,"MA_Crossover(35,44)",7442.0000,7271.0000,1.0000,1.0000,-70.0000,-70.0000,7271.0000,2073.0000,2073.0000
2007-11-05,"MA_Crossover(35,44)",7410.0000,7239.0000,1.0000,1.0000,-32.0000,-32.0000,7239.0000,2041.0000,2041.0000
2007-11-06,"MA_Crossover(35,44)",7484.0000,7313.0000,1.0000,1.0000,74.0000,74.0000,7313.0000,2115.0000,2115.0000
2007-11-07,"MA_Crossover(35,44)",7311.0000,7140.0000,1.0000,1.0000,-173.0000,-173.0000,7140.0000,1942.0000,1942.0000
2007-11-08,"MA_Crossover(35,44)",7189.5000,7018.5000,1.0000,1.0000,-121.5000,-121.5000,7018.5000,1820.5000,1820.5000
2007-11-09,"MA_Crossover(35,44)",7004.5000,6833.5000,1.0000,1.0000,-185.0000,-185.0000,6833.5000,1635.5000,1635.5000
2007-11-12,"MA_Crossover(35,44)",6918.5000,6747.5000,1.0000,1.0000,-86.0000,-86.0000,6747.5000,1549.5000,1549.5000
2007-11-13,"MA_Crossover(35,44)",6891.0000,6720.0000,1.0000,1.0000,-27.5000,-27.5000,6720.0000,1522.0000,1522.0000
2007-11-14,"MA_Crossover(35,44)",7102.5000,6931.5000,-1.0000,1.0000,211.5000,211.5000,6931.5000,1733.5000,1733.5000
2007-11-15,"MA_Crossover(35,44)",6897.0000,6726.0000,-1.0000,-1.0000,-205.5000,205.5000,-6726.0000,1939.0000,1939.0000
2007-11-16,"MA_Crossover(35,44)",7002.0000,6831.0000,-1.0000,-1.0000,105.0000,-105.0000,-6831.0000,1834.0000,1834.0000
2007-11-19,"MA_Crossover(35,44)",6756.0000,6585.0000,-1.0000,-1.0000,-246.0000,246.0000,-6585.0000,2080.0000,2080.0000
2007-11-20,"MA_Crossover(35,44)",6768.5000,6604.5000,-1.0000,-1.0000,19.5000,-19.5000,-6604.5000,2060.5000,2060.5000
2007-11-21,"MA_Crossover(35,44)",6488.0000,6325.0000,-1.0000,-1.0000,-279.5000,279.5000,-6325.0000,2340.0000,2340.0000
2007-11-22,"MA_Crossover(35,44)",6540.0000,6376.0000,-1.0000,-1.0000,51.0000,-51.0000,-6376.0000,2289.0000,2289.0000
2007-11-23,"MA_Crossover(35,44)",6690.5000,6508.5000,-1.0000,-1.0000,132.5000,-132.5000,-6508.5000,2156.5000,2156.5000
2007-11-26,"MA_Crossover(35,44)",6733.0000,6551.0000,-1.0000,-1.0000,42.5000,-42.5000,-6551.0000,2114.0000,2114.0000
2007-11-27,"MA_Crossover(35,44)",6578.5000,6396.5000,-1.0000,-1.0000,-154.5000,154.5000,-6396.5000,2268.5000,2268.5000
2007-11-28,"MA_Crossover(35,44)",6682.5000,6500.5000,-1.0000,-1.0000,104.0000,-104.0000,-6500.5000,2164.5000,2164.5000
2007-11-29,"MA_Crossover(35,44)",6847.5000,6665.5000,-1.0000,-1.0000,165.0000,-165.0000,-6665.5000,1999.5000,1999.5000
2007-11-30,"MA_Crossover(35,44)",6970.5000,6788.5000,-1.0000,-1.0000,123.0000,-123.0000,-6788.5000,1876.5000,1876.5000
2007-12-03,"MA_Crossover(35,44)",6764.0000,6582.0000,-1.0000,-1.0000,-206.5000,206.5000,-6582.0000,2083.0000,2083.0000
2007-12-04,"MA_Crossover(35,44)",6657.0000,6475.0000,-1.0000,-1.0000,-107.0000,107.0000,-6475.0000,2190.0000,2190.0000
2007-12-05,"MA_Crossover(35,44)",6650.5000,6468.5000,-1.0000,-1.0000,-6.5000,6.5000,-6468.5000,2196.5000,2196.5000
2007-12-06,"MA_Crossover(35,44)",6680.0000,6498.0000,-1.0000,-1.0000,29.5000,-29.5000,-6498.0000,2167.0000,2167.0000
2007-12-07,"MA_Crossover(35,44)",6865.0000,6683.0000,-1.0000,-1.0000,185.0000,-185.0000,-6683.0000,1982.0000,1982.0000
2007-12-10,"MA_Crossover(35,44)",6772.0000,6590.0000,-1.0000,-1.0000,-93.0000,93.0000,-6590.0000,2075.0000,2075.0000
2007-12-11,"MA_Crossover(35,44)",6766.5000,6584.5000,-1.0000,-1.0000,-5.5000,5.5000,-6584.5000,2080.5000,2080.5000
2007-12-12,"MA_Crossover(35,44)",6672.5000,6490.5000,-1.0000,-1.0000,-94.0000,94.0000,-6490.5000,2174.5000,2174.5000
2007-12-13,"MA_Crossover(35,44)",6458.5000,6276.5000,-1.0000,-1.0000,-214.0000,214.0000,-6276.5000,2388.5000,2388.5000
2007-12-14,"MA_Crossover(35,44)",6492.0000,6310.0000,-1.0000,-1.0000,33.5000,-33.5000,-6310.0000,2355.0000,2355.0000
2007-12-17,"MA_Crossover(35,44)",6326.5000,6144.5000,-1.0000,-1.0000,-165.5000,165.5000,-6144.5000,2520.5000,2520.5000
2007-12-18,"MA_Crossover(35,44)",6348.2500,6163.7500,-1.0000,-1.0000,19.2500,-19.2500,-6163.7500,2501.2500,2501.2500
2007-12-19,"MA_Crossover(35,44)",6485.0000,6297.0000,-1.0000,-1.0000,133.2500,-133.2500,-6297.0000,2368.0000,2368.0000
2007-12-20,"MA_Crossover(35,44)",6506.5000,6317.5000,-1.0000,-1.0000,20.5000,-20.5000,-6317.5000,2347.5000,2347.5000
2007-12-21,"MA_Crossover(35,44)",6780.0000,6574.0000,-1.0000,-1.0000,256.5000,-256.5000,-6574.0000,2091.0000,2091.0000
2007-12-27,"MA_Crossover(35,44)",6859.5000,6653.5000,-1.0000,-1.0000,79.5000,-79.5000,-6653.5000,2011.5000,2011.5000
2007-12-28,"MA_Crossover(35,44)",6810.0000,6604.0000,-1.0000,-1.0000,-49.5000,49.5000,-6604.0000,2061.0000,2061.0000
2007-12-31,"MA_Crossover(35,44)",6650.5000,6444.5000,-1.0000,-1.0000,-159.5000,159.5000,-6444.5000,2220.5000,2220.5000
2008-01-02,"MA_Crossover(35,44)",6725.5000,6519.5000,-1.0000,-1.0000,75.0000,-75.0000,-6519.5000,2145.5000,2145.5000
2008-01-03,"MA_Crossover(35,44)",6939.5000,6733.5000,-1.0000,-1.0000,214.0000,-214.0000,-6733.5000,1931.5000,1931.5000
2008-01-04,"MA_Crossover(35,44)",6881.0000,6675.0000,-1.0000,-1.0000,-58.5000,58.5000,-6675.0000,1990.0000,1990.0000
2008-01-07,"MA_Crossover(35,44)",6877.5000,6671.5000,-1.0000,-1.0000,-3.5000,3.5000,-6671.5000,1993.5000,1993.5000
2008-01-08,"MA_Crossover(35,44)",7203.0000,6997.0000,-1.0000,-1.0000,325.5000,-325.5000,-6997.0000,1668.0000,1668.0000
2008-01-09,"MA_Crossover(35,44)",7206.5000,7000.5000,-1.0000,-1.0000,3.5000,-3.5000,-7000.5000,1664.5000,1664.5000
2008-01-10,"MA_Crossover(35,44)",7174.5000,6968.5000,-1.0000,-1.0000,-32.0000,32.0000,-6968.5000,1696.5000,1696.5000
2008-01-11,"MA_Crossover(35,44)",7282.0000,7076.0000,-1.0000,-1.0000,107.5000,-107.5000,-7076.0000,1589.0000,1589.0000
2008-01-14,"MA_Crossover(35,44)",7382.0000,7176.0000,-1.0000,-1.0000,100.0000,-100.0000,-7176.0000,1489.0000,1489.0000
2008-01-15,"MA_Crossover(35,44)",7151.5000,6942.0000,-1.0000,-1.0000,-234.0000,234.0000,-6942.0000,1723.0000,1723.0000
2008-01-16,"MA_Crossover(35,44)",6994.5000,6784.0000,-1.0000,-1.0000,-158.0000,158.0000,-6784.0000,1881.0000,1881.0000
2008-01-17,"MA_Crossover(35,44)",6996.0000,6782.0000,1.0000,-1.0000,-2.0000,2.0000,-6782.0000,1883.0000,1883.0000
2008-01-18,"MA_Crossover(35,44)",7157.0000,6944.0000,1.0000,1.0000,162.0000,162.0000,6944.0000,2045.0000,2045.0000
2008-01-21,"MA_Crossover(35,44)",6889.0000,6676.0000,1.0000,1.0000,-268.0000,-268.0000,6676.0000,1777.0000,1777.0000
2008-01-22,"MA_Crossover(35,44)",7048.0000,6835.0000,1.0000,1.0000,159.0000,159.0000,6835.0000,1936.0000,1936.0000
2008-01-23,"MA_Crossover(35,44)",6904.0000,6691.0000,1.0000,1.0000,-144.0000,-144.0000,6691.0000,1792.0000,1792.0000
2008-01-24,"MA_Crossover(35,44)",7049.0000,6836.0000,1.0000,1.0000,145.0000,145.0000,6836.0000,1937.0000,1937.0000
2008-01-25,"MA_Crossover(35,44)",7039.0000,6826.0000,1.0000,1.0000,-10.0000,-10.0000,6826.0000,1927.0000,1927.0000
2008-01-28,"MA_Crossover(35,44)",7063.5000,6850.5000,1.0000,1.0000,24.5000,24.5000,6850.5000,1951.5000,1951.5000
2008-01-29,"MA_Crossover(35,44)",7304.0000,7091.0000,1.0000,1.0000,240.5000,240.5000,7091.0000,2192.0000,2192.0000
2008-01-30,"MA_Crossover(35,44)",7163.0000,6950.0000,1.0000,1.0000,-141.0000,-141.0000,6950.0000,2051.0000,2051.0000
2008-01-31,"MA_Crossover(35,44)",7354.0000,7141.0000,1.0000,1.0000,191.0000,191.0000,7141.0000,2242.0000,2242.0000
2008-02-01,"MA_Crossover(35,44)",7243.5000,7030.5000,1.0000,1.0000,-110.5000,-110.5000,7030.5000,2131.5000,2131.5000
2008-02-04,"MA_Crossover(35,44)",7263.0000,7050.0000,1.0000,1.0000,19.5000,19.5000,7050.0000,2151.0000,2151.0000
2008-02-05,"MA_Crossover(35,44)",7136.0000,6923.0000,1.0000,1.0000,-127.0000,-127.0000,6923.0000,2024.0000,2024.0000
2008-02-06,"MA_Crossover(35,44)",7340.0000,7127.0000,1.0000,1.0000,204.0000,204.0000,7127.0000,2228.0000,2228.0000
2008-02-07,"MA_Crossover(35,44)",7565.0000,7352.0000,1.0000,1.0000,225.0000,225.0000,7352.0000,2453.0000,2453.0000
2008-02-08,"MA_Crossover(35,44)",7740.0000,7527.0000,1.0000,1.0000,175.0000,175.0000,7527.0000,2628.0000,2628.0000
2008-02-11,"MA_Crossover(35,44)",7797.0000,7584.0000,1.0000,1.0000,57.0000,57.0000,7584.0000,2685.0000,2685.0000
2008-02-12,"MA_Crossover(35,44)",7923.0000,7710.0000,1.0000,1.0000,126.0000,126.0000,7710.0000,2811.0000,2811.0000
2008-02-13,"MA_Crossover(35,44)",7812.0000,7599.0000,1.0000,1.0000,-111.0000,-111.0000,7599.0000,2700.0000,2700.0000
2008-02-14,"MA_Crossover(35,44)",7700.0000,7487.0000,1.0000,1.0000,-112.0000,-112.0000,7487.0000,2588.0000,2588.0000
2008-02-15,"MA_Crossover(35,44)",7752.0000,7539.0000,1.0000,1.0000,52.0000,52.0000,7539.0000,2640.0000,2640.0000
2008-02-18,"MA_Crossover(35,44)",8014.0000,7801.0000,1.0000,1.0000,262.0000,262.0000,7801.0000,2902.0000,2902.0000
2008-02-19,"MA_Crossover(35,44)",8238.0000,8007.0000,1.0000,1.0000,206.0000,206.0000,8007.0000,3108.0000,3108.0000
2008-02-20,"MA_Crossover(35,44)",8194.0000,7964.0000,1.0000,1.0000,-43.0000,-43.0000,7964.0000,3065.0000,3065.0000
2008-02-21,"MA_Crossover(35,44)",8467.0000,8238.0000,1.0000,1.0000,274.0000,274.0000,8238.0000,3339.0000,3339.0000
2008-02-22,"MA_Crossover(35,44)",8366.0000,8159.0000,1.0000,1.0000,-79.0000,-79.0000,8159.0000,3260.0000,3260.0000
2008-02-25,"MA_Crossover(35,44)",8229.0000,8022.0000,1.0000,1.0000,-137.0000,-137.0000,8022.0000,3123.0000,3123.0000
2008-02-26,"MA_Crossover(35,44)",8315.0000,8108.0000,1.0000,1.0000,86.0000,86.0000,8108.0000,3209.0000,3209.0000
2008-02-27,"MA_Crossover(35,44)",8484.0000,8277.0000,1.0000,1.0000,169.0000,169.0000,8277.0000,3378.0000,3378.0000
2008-02-28,"MA_Crossover(35,44)",8562.0000,8355.0000,1.0000,1.0000,78.0000,78.0000,8355.0000,3456.0000,3456.0000
2008-02-29,"MA_Crossover(35,44)",8486.0000,8279.0000,1.0000,1.0000,-76.0000,-76.0000,8279.0000,3380.0000,3380.0000
2008-03-03,"MA_Crossover(35,44)",8652.0000,8445.0000,1.0000,1.0000,166.0000,166.0000,8445.0000,3546.0000,3546.0000
2008-03-04,"MA_Crossover(35,44)",8483.0000,8276.0000,1.0000,1.0000,-169.0000,-169.0000,8276.0000,3377.0000,3377.0000
2008-03-05,"MA_Crossover(35,44)",8760.0000,8553.0000,1.0000,1.0000,277.0000,277.0000,8553.0000,3654.0000,3654.0000
2008-03-06,"MA_Crossover(35,44)",8633.0000,8426.0000,1.0000,1.0000,-127.0000,-127.0000,8426.0000,3527.0000,3527.0000
2008-03-07,"MA_Crossover(35,44)",8628.0000,8421.0000,1.0000,1.0000,-5.0000,-5.0000,8421.0000,3522.0000,3522.0000
2008-03-10,"MA_Crossover(35,44)",8393.0000,8186.0000,1.0000,1.0000,-235.0000,-235.0000,8186.0000,3287.0000,3287.0000
2008-03-11,"MA_Crossover(35,44)",8352.0000,8145.0000,1.0000,1.0000,-41.0000,-41.0000,8145.0000,3246.0000,3246.0000
2008-03-12,"MA_Crossover(35,44)",8494.0000,8287.0000,1.0000,1.0000,142.0000,142.0000,8287.0000,3388.0000,3388.0000
2008-03-13,"MA_Crossover(35,44)",8478.0000,8271.0000,1.0000,1.0000,-16.0000,-16.0000,8271.0000,3372.0000,3372.0000
2008-03-14,"MA_Crossover(35,44)",8479.0000,8272.0000,1.0000,1.0000,1.0000,1.0000,8272.0000,3373.0000,3373.0000
2008-03-17,"MA_Crossover(35,44)",8180.0000,7973.0000,1.0000,1.0000,-299.0000,-299.0000,7973.0000,3074.0000,3074.0000
2008-03-18,"MA_Crossover(35,44)",8290.0000,8102.0000,1.0000,1.0000,129.0000,129.0000,8102.0000,3203.0000,3203.0000
2008-03-19,"MA_Crossover(35,44)",8053.0000,7866.0000,1.0000,1.0000,-236.0000,-236.0000,7866.0000,2967.0000,2967.0000
2008-03-20,"MA_Crossover(35,44)",7922.0000,7732.0000,1.0000,1.0000,-134.0000,-134.0000,7732.0000,2833.0000,2833.0000
2008-03-25,"MA_Crossover(35,44)",8166.0000,8017.0000,1.0000,1.0000,285.0000,285.0000,8017.0000,3118.0000,3118.0000
2008-03-26,"MA_Crossover(35,44)",8269.0000,8120.0000,1.0000,1.0000,103.0000,103.0000,8120.0000,3221.0000,3221.0000
2008-03-27,"MA_Crossover(35,44)",8604.0000,8455.0000,1.0000,1.0000,335.0000,335.0000,8455.0000,3556.0000,3556.0000
2008-03-28,"MA_Crossover(35,44)",8496.0000,8347.0000,1.0000,1.0000,-108.0000,-108.0000,8347.0000,3448.0000,3448.0000
2008-03-31,"MA_Crossover(35,44)",8483.0000,8334.0000,1.0000,1.0000,-13.0000,-13.0000,8334.0000,3435.0000,3435.0000
2008-04-01,"MA_Crossover(35,44)",8444.0000,8295.0000,1.0000,1.0000,-39.0000,-39.0000,8295.0000,3396.0000,3396.0000
2008-04-02,"MA_Crossover(35,44)",8653.0000,8504.0000,1.0000,1.0000,209.0000,209.0000,8504.0000,3605.0000,3605.0000
2008-04-03,"MA_Crossover(35,44)",8656.5000,8507.5000,1.0000,1.0000,3.5000,3.5000,8507.5000,3608.5000,3608.5000
2008-04-04,"MA_Crossover(35,44)",8783.0000,8634.0000,1.0000,1.0000,126.5000,126.5000,8634.0000,3735.0000,3735.0000
2008-04-07,"MA_Crossover(35,44)",8852.0000,8703.0000,1.0000,1.0000,69.0000,69.0000,8703.0000,3804.0000,3804.0000
2008-04-08,"MA_Crossover(35,44)",8660.0000,8511.0000,1.0000,1.0000,-192.0000,-192.0000,8511.0000,3612.0000,3612.0000
2008-04-09,"MA_Crossover(35,44)",8864.0000,8715.0000,1.0000,1.0000,204.0000,204.0000,8715.0000,3816.0000,3816.0000
2008-04-10,"MA_Crossover(35,44)",8761.0000,8612.0000,1.0000,1.0000,-103.0000,-103.0000,8612.0000,3713.0000,3713.0000
2008-04-11,"MA_Crossover(35,44)",8788.0000,8639.0000,1.0000,1.0000,27.0000,27.0000,8639.0000,3740.0000,3740.0000
2008-04-14,"MA_Crossover(35,44)",8702.0000,8553.0000,1.0000,1.0000,-86.0000,-86.0000,8553.0000,3654.0000,3654.0000
2008-04-15,"MA_Crossover(35,44)",8498.0000,8378.0000,1.0000,1.0000,-175.0000,-175.0000,8378.0000,3479.0000,3479.0000
2008-04-16,"MA_Crossover(35,44)",8790.0000,8671.0000,1.0000,1.0000,293.0000,293.0000,8671.0000,3772.0000,3772.0000
2008-04-17,"MA_Crossover(35,44)",8677.0000,8561.0000,1.0000,1.0000,-110.0000,-110.0000,8561.0000,3662.0000,3662.0000
2008-04-18,"MA_Crossover(35,44)",8635.0000,8555.0000,1.0000,1.0000,-6.0000,-6.0000,8555.0000,3656.0000,3656.0000
2008-04-21,"MA_Crossover(35,44)",8583.5000,8503.5000,1.0000,1.0000,-51.5000,-51.5000,8503.5000,3604.5000,3604.5000
2008-04-22,"MA_Crossover(35,44)",8772.0000,8692.0000,1.0000,1.0000,188.5000,188.5000,8692.0000,3793.0000,3793.0000
2008-04-23,"MA_Crossover(35,44)",8636.0000,8556.0000,1.0000,1.0000,-136.0000,-136.0000,8556.0000,3657.0000,3657.0000
2008-04-24,"MA_Crossover(35,44)",8607.0000,8527.0000,1.0000,1.0000,-29.0000,-29.0000,8527.0000,3628.0000,3628.0000
2008-04-25,"MA_Crossover(35,44)",8660.5000,8580.5000,1.0000,1.0000,53.5000,53.5000,8580.5000,3681.5000,3681.5000
2008-04-28,"MA_Crossover(35,44)",8744.0000,8664.0000,1.0000,1.0000,83.5000,83.5000,8664.0000,3765.0000,3765.0000
2008-04-29,"MA_Crossover(35,44)",8638.0000,8558.0000,-1.0000,1.0000,-106.0000,-106.0000,8558.0000,3659.0000,3659.0000
2008-04-30,"MA_Crossover(35,44)",8647.5000,8567.5000,-1.0000,-1.0000,9.5000,-9.5000,-8567.5000,3649.5000,3649.5000
2008-05-01,"MA_Crossover(35,44)",8316.0000,8236.0000,1.0000,-1.0000,-331.5000,331.5000,-8236.0000,3981.0000,3981.0000
2008-05-02,"MA_Crossover(35,44)",8511.5000,8431.5000,1.0000,1.0000,195.5000,195.5000,8431.5000,4176.5000,4176.5000
2008-05-06,"MA_Crossover(35,44)",8626.0000,8546.0000,1.0000,1.0000,114.5000,114.5000,8546.0000,4291.0000,4291.0000
2008-05-07,"MA_Crossover(35,44)",8534.0000,8454.0000,1.0000,1.0000,-92.0000,-92.0000,8454.0000,4199.0000,4199.0000
2008-05-08,"MA_Crossover(35,44)",8400.5000,8320.5000,1.0000,1.0000,-133.5000,-133.5000,8320.5000,4065.5000,4065.5000
2008-05-09,"MA_Crossover(35,44)",8199.0000,8119.0000,1.0000,1.0000,-201.5000,-201.5000,8119.0000,3864.0000,3864.0000
2008-05-12,"MA_Crossover(35,44)",8361.5000,8281.5000,1.0000,1.0000,162.5000,162.5000,8281.5000,4026.5000,4026.5000
2008-05-13,"MA_Crossover(35,44)",8324.0000,8244.0000,1.0000,1.0000,-37.5000,-37.5000,8244.0000,3989.0000,3989.0000
2008-05-14,"MA_Crossover(35,44)",8223.0000,8143.0000,1.0000,1.0000,-101.0000,-101.0000,8143.0000,3888.0000,3888.0000
2008-05-15,"MA_Crossover(35,44)",8412.0000,8332.0000,1.0000,1.0000,189.0000,189.0000,8332.0000,4077.0000,4077.0000
2008-05-16,"MA_Crossover(35,44)",8563.0000,8483.0000,1.0000,1.0000,151.0000,151.0000,8483.0000,4228.0000,4228.0000
2008-05-19,"MA_Crossover(35,44)",8433.0000,8353.0000,1.0000,1.0000,-130.0000,-130.0000,8353.0000,4098.0000,4098.0000
2008-05-20,"MA_Crossover(35,44)",8383.0000,8331.0000,1.0000,1.0000,-22.0000,-22.0000,8331.0000,4076.0000,4076.0000
2008-05-21,"MA_Crossover(35,44)",8299.0000,8247.0000,1.0000,1.0000,-84.0000,-84.0000,8247.0000,3992.0000,3992.0000
2008-05-22,"MA_Crossover(35,44)",8184.0000,8134.0000,1.0000,1.0000,-113.0000,-113.0000,8134.0000,3879.0000,3879.0000
2008-05-23,"MA_Crossover(35,44)",8241.0000,8221.0000,1.0000,1.0000,87.0000,87.0000,8221.0000,3966.0000,3966.0000
2008-05-27,"MA_Crossover(35,44)",8263.0000,8243.0000,1.0000,1.0000,22.0000,22.0000,8243.0000,3988.0000,3988.0000
2008-05-28,"MA_Crossover(35,44)",8169.0000,8149.0000,-1.0000,1.0000,-94.0000,-94.0000,8149.0000,3894.0000,3894.0000
2008-05-29,"MA_Crossover(35,44)",7963.0000,7943.0000,-1.0000,-1.0000,-206.0000,206.0000,-7943.0000,4100.0000,4100.0000
2008-05-30,"MA_Crossover(35,44)",8017.0000,7997.0000,-1.0000,-1.0000,54.0000,-54.0000,-7997.0000,4046.0000,4046.0000
2008-06-02,"MA_Crossover(35,44)",8018.0000,7998.0000,-1.0000,-1.0000,1.0000,-1.0000,-7998.0000,4045.0000,4045.0000
2008-06-03,"MA_Crossover(35,44)",8004.0000,7984.0000,-1.0000,-1.0000,-14.0000,14.0000,-7984.0000,4059.0000,4059.0000
2008-06-04,"MA_Crossover(35,44)",7990.0000,7970.0000,-1.0000,-1.0000,-14.0000,14.0000,-7970.0000,4073.0000,4073.0000
2008-06-05,"MA_Crossover(35,44)",7927.0000,7907.0000,-1.0000,-1.0000,-63.0000,63.0000,-7907.0000,4136.0000,4136.0000
2008-06-06,"MA_Crossover(35,44)",8111.0000,8091.0000,-1.0000,-1.0000,184.0000,-184.0000,-8091.0000,3952.0000,3952.0000
2008-06-09,"MA_Crossover(35,44)",8088.0000,8068.0000,-1.0000,-1.0000,-23.0000,23.0000,-8068.0000,3975.0000,3975.0000
2008-06-10,"MA_Crossover(35,44)",7982.0000,7962.0000,-1.0000,-1.0000,-106.0000,106.0000,-7962.0000,4081.0000,4081.0000
2008-06-11,"MA_Crossover(35,44)",8047.0000,8027.0000,-1.0000,-1.0000,65.0000,-65.0000,-8027.0000,4016.0000,4016.0000
2008-06-12,"MA_Crossover(35,44)",7976.0000,7956.0000,-1.0000,-1.0000,-71.0000,71.0000,-7956.0000,4087.0000,4087.0000
2008-06-13,"MA_Crossover(35,44)",8147.0000,8127.0000,-1.0000,-1.0000,171.0000,-171.0000,-8127.0000,3916.0000,3916.0000
2008-06-16,"MA_Crossover(35,44)",8289.0000,8269.0000,-1.0000,-1.0000,142.0000,-142.0000,-8269.0000,3774.0000,3774.0000
2008-06-17,"MA_Crossover(35,44)",8178.0000,8201.0000,-1.0000,-1.0000,-68.0000,68.0000,-8201.0000,3842.0000,3842.0000
2008-06-18,"MA_Crossover(35,44)",8342.0000,8360.0000,-1.0000,-1.0000,159.0000,-159.0000,-8360.0000,3683.0000,3683.0000
2008-06-19,"MA_Crossover(35,44)",8435.0000,8453.0000,-1.0000,-1.0000,93.0000,-93.0000,-8453.0000,3590.0000,3590.0000
2008-06-20,"MA_Crossover(35,44)",8542.0000,8614.0000,-1.0000,-1.0000,161.0000,-161.0000,-8614.0000,3429.0000,3429.0000
2008-06-23,"MA_Crossover(35,44)",8509.0000,8581.0000,-1.0000,-1.0000,-33.0000,33.0000,-8581.0000,3462.0000,3462.0000
2008-06-24,"MA_Crossover(35,44)",8456.0000,8528.0000,-1.0000,-1.0000,-53.0000,53.0000,-8528.0000,3515.0000,3515.0000
2008-06-25,"MA_Crossover(35,44)",8427.0000,8499.0000,-1.0000,-1.0000,-29.0000,29.0000,-8499.0000,3544.0000,3544.0000
2008-06-26,"MA_Crossover(35,44)",8564.0000,8636.0000,-1.0000,-1.0000,137.0000,-137.0000,-8636.0000,3407.0000,3407.0000
2008-06-27,"MA_Crossover(35,44)",8650.0000,8722.0000,-1.0000,-1.0000,86.0000,-86.0000,-8722.0000,3321.0000,3321.0000
2008-06-30,"MA_Crossover(35,44)",8638.0000,8710.0000,-1.0000,-1.0000,-12.0000,12.0000,-8710.0000,3333.0000,3333.0000
2008-07-01,"MA_Crossover(35,44)",8749.5000,8821.5000,-1.0000,-1.0000,111.5000,-111.5000,-8821.5000,3221.5000,3221.5000
2008-07-02,"MA_Crossover(35,44)",8865.0000,8937.0000,-1.0000,-1.0000,115.5000,-115.5000,-8937.0000,3106.0000,3106.0000
2008-07-03,"MA_Crossover(35,44)",8793.0000,8865.0000,-1.0000,-1.0000,-72.0000,72.0000,-8865.0000,3178.0000,3178.0000
2008-07-04,"MA_Crossover(35,44)",8620.5000,8692.5000,-1.0000,-1.0000,-172.5000,172.5000,-8692.5000,3350.5000,3350.5000
2008-07-07,"MA_Crossover(35,44)",8561.0000,8633.0000,-1.0000,-1.0000,-59.5000,59.5000,-8633.0000,3410.0000,3410.0000
2008-07-08,"MA_Crossover(35,44)",8345.0000,8417.0000,-1.0000,-1.0000,-216.0000,216.0000,-8417.0000,3626.0000,3626.0000
2008-07-09,"MA_Crossover(35,44)",8361.0000,8433.0000,-1.0000,-1.0000,16.0000,-16.0000,-8433.0000,3610.0000,3610.0000
2008-07-10,"MA_Crossover(35,44)",8404.0000,8476.0000,-1.0000,-1.0000,43.0000,-43.0000,-8476.0000,3567.0000,3567.0000
2008-07-11,"MA_Crossover(35,44)",8446.0000,8518.0000,-1.0000,-1.0000,42.0000,-42.0000,-8518.0000,3525.0000,3525.0000
2008-07-14,"MA_Crossover(35,44)",8475.0000,8547.0000,-1.0000,-1.0000,29.0000,-29.0000,-8547.0000,3496.0000,3496.0000
2008-07-15,"MA_Crossover(35,44)",8251.0000,8364.0000,-1.0000,-1.0000,-183.0000,183.0000,-8364.0000,3679.0000,3679.0000
2008-07-16,"MA_Crossover(35,44)",8204.0000,8311.0000,-1.0000,-1.0000,-53.0000,53.0000,-8311.0000,3732.0000,3732.0000
2008-07-17,"MA_Crossover(35,44)",8294.0000,8398.0000,1.0000,-1.0000,87.0000,-87.0000,-8398.0000,3645.0000,3645.0000
2008-07-18,"MA_Crossover(35,44)",8211.0000,8380.0000,1.0000,1.0000,-18.0000,-18.0000,8380.0000,3627.0000,3627.0000
2008-07-21,"MA_Crossover(35,44)",8250.0000,8419.0000,1.0000,1.0000,39.0000,39.0000,8419.0000,3666.0000,3666.0000
2008-07-22,"MA_Crossover(35,44)",8256.0000,8425.0000,1.0000,1.0000,6.0000,6.0000,8425.0000,3672.0000,3672.0000
2008-07-23,"MA_Crossover(35,44)",8207.0000,8376.0000,1.0000,1.0000,-49.0000,-49.0000,8376.0000,3623.0000,3623.0000
2008-07-24,"MA_Crossover(35,44)",8032.0000,8201.0000,1.0000,1.0000,-175.0000,-175.0000,8201.0000,3448.0000,3448.0000
2008-07-25,"MA_Crossover(35,44)",8094.0000,8263.0000,1.0000,1.0000,62.0000,62.0000,8263.0000,3510.0000,3510.0000
2008-07-28,"MA_Crossover(35,44)",8139.0000,8308.0000,1.0000,1.0000,45.0000,45.0000,8308.0000,3555.0000,3555.0000
2008-07-29,"MA_Crossover(35,44)",8072.0000,8241.0000,1.0000,1.0000,-67.0000,-67.0000,8241.0000,3488.0000,3488.0000
2008-07-30,"MA_Crossover(35,44)",8178.0000,8347.0000,1.0000,1.0000,106.0000,106.0000,8347.0000,3594.0000,3594.0000
2008-07-31,"MA_Crossover(35,44)",8212.0000,8381.0000,1.0000,1.0000,34.0000,34.0000,8381.0000,3628.0000,3628.0000
2008-08-01,"MA_Crossover(35,44)",8050.0000,8219.0000,1.0000,1.0000,-162.0000,-162.0000,8219.0000,3466.0000,3466.0000
2008-08-04,"MA_Crossover(35,44)",7719.0000,7888.0000,1.0000,1.0000,-331.0000,-331.0000,7888.0000,3135.0000,3135.0000
2008-08-05,"MA_Crossover(35,44)",7749.0000,7918.0000,1.0000,1.0000,30.0000,30.0000,7918.0000,3165.0000,3165.0000
2008-08-06,"MA_Crossover(35,44)",7752.0000,7921.0000,1.0000,1.0000,3.0000,3.0000,7921.0000,3168.0000,3168.0000
2008-08-07,"MA_Crossover(35,44)",7802.0000,7971.0000,1.0000,1.0000,50.0000,50.0000,7971.0000,3218.0000,3218.0000
2008-08-08,"MA_Crossover(35,44)",7521.0000,7690.0000,1.0000,1.0000,-281.0000,-281.0000,7690.0000,2937.0000,2937.0000
2008-08-11,"MA_Crossover(35,44)",7432.0000,7601.0000,-1.0000,1.0000,-89.0000,-89.0000,7601.0000,2848.0000,2848.0000
2008-08-12,"MA_Crossover(35,44)",7191.0000,7360.0000,-1.0000,-1.0000,-241.0000,241.0000,-7360.0000,3089.0000,3089.0000
2008-08-13,"MA_Crossover(35,44)",7479.0000,7648.0000,-1.0000,-1.0000,288.0000,-288.0000,-7648.0000,2801.0000,2801.0000
2008-08-14,"MA_Crossover(35,44)",7440.0000,7609.0000,-1.0000,-1.0000,-39.0000,39.0000,-7609.0000,2840.0000,2840.0000
2008-08-15,"MA_Crossover(35,44)",7438.0000,7607.0000,-1.0000,-1.0000,-2.0000,2.0000,-7607.0000,2842.0000,2842.0000
2008-08-18,"MA_Crossover(35,44)",7435.0000,7604.0000,-1.0000,-1.0000,-3.0000,3.0000,-7604.0000,2845.0000,2845.0000
2008-08-19,"MA_Crossover(35,44)",7634.0000,7809.0000,-1.0000,-1.0000,205.0000,-205.0000,-7809.0000,2640.0000,2640.0000
2008-08-20,"MA_Crossover(35,44)",7584.0000,7754.0000,-1.0000,-1.0000,-55.0000,55.0000,-7754.0000,2695.0000,2695.0000
2008-08-21,"MA_Crossover(35,44)",7939.0000,8103.0000,-1.0000,-1.0000,349.0000,-349.0000,-8103.0000,2346.0000,2346.0000
2008-08-22,"MA_Crossover(35,44)",7740.0000,7945.0000,-1.0000,-1.0000,-158.0000,158.0000,-7945.0000,2504.0000,2504.0000
2008-08-26,"MA_Crossover(35,44)",7655.0000,7860.0000,-1.0000,-1.0000,-85.0000,85.0000,-7860.0000,2589.0000,2589.0000
2008-08-27,"MA_Crossover(35,44)",7724.0000,7929.0000,-1.0000,-1.0000,69.0000,-69.0000,-7929.0000,2520.0000,2520.0000
2008-08-28,"MA_Crossover(35,44)",7592.0000,7797.0000,-1.0000,-1.0000,-132.0000,132.0000,-7797.0000,2652.0000,2652.0000
2008-08-29,"MA_Crossover(35,44)",7556.0000,7761.0000,-1.0000,-1.0000,-36.0000,36.0000,-7761.0000,2688.0000,2688.0000
2008-09-01,"MA_Crossover(35,44)",7337.0000,7542.0000,-1.0000,-1.0000,-219.0000,219.0000,-7542.0000,2907.0000,2907.0000
2008-09-02,"MA_Crossover(35,44)",7303.0000,7508.0000,-1.0000,-1.0000,-34.0000,34.0000,-7508.0000,2941.0000,2941.0000
2008-09-03,"MA_Crossover(35,44)",7404.0000,7609.0000,-1.0000,-1.0000,101.0000,-101.0000,-7609.0000,2840.0000,2840.0000
2008-09-04,"MA_Crossover(35,44)",7272.0000,7477.0000,-1.0000,-1.0000,-132.0000,132.0000,-7477.0000,2972.0000,2972.0000
2008-09-05,"MA_Crossover(35,44)",6935.0000,7140.0000,-1.0000,-1.0000,-337.0000,337.0000,-7140.0000,3309.0000,3309.0000
2008-09-08,"MA_Crossover(35,44)",6991.0000,7196.0000,-1.0000,-1.0000,56.0000,-56.0000,-7196.0000,3253.0000,3253.0000
2008-09-09,"MA_Crossover(35,44)",6856.0000,7061.0000,-1.0000,-1.0000,-135.0000,135.0000,-7061.0000,3388.0000,3388.0000
2008-09-10,"MA_Crossover(35,44)",6870.0000,7075.0000,-1.0000,-1.0000,14.0000,-14.0000,-7075.0000,3374.0000,3374.0000
2008-09-11,"MA_Crossover(35,44)",6966.0000,7171.0000,-1.0000,-1.0000,96.0000,-96.0000,-7171.0000,3278.0000,3278.0000
2008-09-12,"MA_Crossover(35,44)",7170.0000,7375.0000,-1.0000,-1.0000,204.0000,-204.0000,-7375.0000,3074.0000,3074.0000
2008-09-15,"MA_Crossover(35,44)",6983.0000,7188.0000,-1.0000,-1.0000,-187.0000,187.0000,-7188.0000,3261.0000,3261.0000
2008-09-16,"MA_Crossover(35,44)",6927.0000,7107.0000,-1.0000,-1.0000,-81.0000,81.0000,-7107.0000,3342.0000,3342.0000
2008-09-17,"MA_Crossover(35,44)",6810.0000,6990.0000,-1.0000,-1.0000,-117.0000,117.0000,-6990.0000,3459.0000,3459.0000
2008-09-18,"MA_Crossover(35,44)",6784.0000,6977.0000,-1.0000,-1.0000,-13.0000,13.0000,-6977.0000,3472.0000,3472.0000
2008-09-19,"MA_Crossover(35,44)",7096.0000,7307.0000,-1.0000,-1.0000,330.0000,-330.0000,-7307.0000,3142.0000,3142.0000
2008-09-22,"MA_Crossover(35,44)",7286.0000,7497.0000,-1.0000,-1.0000,190.0000,-190.0000,-7497.0000,2952.0000,2952.0000
2008-09-23,"MA_Crossover(35,44)",7006.0000,7217.0000,-1.0000,-1.0000,-280.0000,280.0000,-7217.0000,3232.0000,3232.0000
2008-09-24,"MA_Crossover(35,44)",6943.5000,7154.5000,-1.0000,-1.0000,-62.5000,62.5000,-7154.5000,3294.5000,3294.5000
2008-09-25,"MA_Crossover(35,44)",6979.5000,7190.5000,-1.0000,-1.0000,36.0000,-36.0000,-7190.5000,3258.5000,3258.5000
2008-09-26,"MA_Crossover(35,44)",6829.0000,7040.0000,-1.0000,-1.0000,-150.5000,150.5000,-7040.0000,3409.0000,3409.0000
2008-09-29,"MA_Crossover(35,44)",6477.0000,6688.0000,-1.0000,-1.0000,-352.0000,352.0000,-6688.0000,3761.0000,3761.0000
2008-09-30,"MA_Crossover(35,44)",6401.0000,6612.0000,-1.0000,-1.0000,-76.0000,76.0000,-6612.0000,3837.0000,3837.0000
2008-10-01,"MA_Crossover(35,44)",6192.0000,6403.0000,-1.0000,-1.0000,-209.0000,209.0000,-6403.0000,4046.0000,4046.0000
2008-10-02,"MA_Crossover(35,44)",5883.0000,6094.0000,-1.0000,-1.0000,-309.0000,309.0000,-6094.0000,4355.0000,4355.0000
2008-10-03,"MA_Crossover(35,44)",6080.0000,6291.0000,-1.0000,-1.0000,197.0000,-197.0000,-6291.0000,4158.0000,4158.0000
2008-10-06,"MA_Crossover(35,44)",5649.0000,5860.0000,-1.0000,-1.0000,-431.0000,431.0000,-5860.0000,4589.0000,4589.0000
2008-10-07,"MA_Crossover(35,44)",5727.0000,5938.0000,-1.0000,-1.0000,78.0000,-78.0000,-5938.0000,4511.0000,4511.0000
2008-10-08,"MA_Crossover(35,44)",5296.0000,5507.0000,-1.0000,-1.0000,-431.0000,431.0000,-5507.0000,4942.0000,4942.0000
2008-10-09,"MA_Crossover(35,44)",5375.0000,5586.0000,-1.0000,-1.0000,79.0000,-79.0000,-5586.0000,4863.0000,4863.0000
2008-10-10,"MA_Crossover(35,44)",4869.5000,5080.5000,-1.0000,-1.0000,-505.5000,505.5000,-5080.5000,5368.5000,5368.5000
2008-10-13,"MA_Crossover(35,44)",5194.0000,5405.0000,-1.0000,-1.0000,324.5000,-324.5000,-5405.0000,5044.0000,5044.0000
2008-10-14,"MA_Crossover(35,44)",5295.0000,5599.0000,-1.0000,-1.0000,194.0000,-194.0000,-5599.0000,4850.0000,4850.0000
2008-10-15,"MA_Crossover(35,44)",4914.0000,5218.0000,-1.0000,-1.0000,-381.0000,381.0000,-5218.0000,5231.0000,5231.0000
2008-10-16,"MA_Crossover(35,44)",4644.5000,4948.5000,-1.0000,-1.0000,-269.5000,269.5000,-4948.5000,5500.5000,5500.5000
2008-10-17,"MA_Crossover(35,44)",4806.5000,5102.5000,-1.0000,-1.0000,154.0000,-154.0000,-5102.5000,5346.5000,5346.5000
2008-10-20,"MA_Crossover(35,44)",4706.0000,5002.0000,-1.0000,-1.0000,-100.5000,100.5000,-5002.0000,5447.0000,5447.0000
2008-10-21,"MA_Crossover(35,44)",4479.0000,4775.0000,-1.0000,-1.0000,-227.0000,227.0000,-4775.0000,5674.0000,5674.0000
2008-10-22,"MA_Crossover(35,44)",4141.5000,4437.5000,-1.0000,-1.0000,-337.5000,337.5000,-4437.5000,6011.5000,6011.5000
2008-10-23,"MA_Crossover(35,44)",4038.0000,4334.0000,-1.0000,-1.0000,-103.5000,103.5000,-4334.0000,6115.0000,6115.0000
2008-10-24,"MA_Crossover(35,44)",3764.0000,4060.0000,-1.0000,-1.0000,-274.0000,274.0000,-4060.0000,6389.0000,6389.0000
2008-10-27,"MA_Crossover(35,44)",4016.0000,4312.0000,-1.0000,-1.0000,252.0000,-252.0000,-4312.0000,6137.0000,6137.0000
2008-10-28,"MA_Crossover(35,44)",4127.5000,4423.5000,-1.0000,-1.0000,111.5000,-111.5000,-4423.5000,6025.5000,6025.5000
2008-10-29,"MA_Crossover(35,44)",4650.0000,4946.0000,-1.0000,-1.0000,522.5000,-522.5000,-4946.0000,5503.0000,5503.0000
2008-10-30,"MA_Crossover(35,44)",4194.0000,4490.0000,-1.0000,-1.0000,-456.0000,456.0000,-4490.0000,5959.0000,5959.0000
2008-10-31,"MA_Crossover(35,44)",4097.0000,4393.0000,-1.0000,-1.0000,-97.0000,97.0000,-4393.0000,6056.0000,6056.0000
2008-11-03,"MA_Crossover(35,44)",4089.0000,4385.0000,-1.0000,-1.0000,-8.0000,8.0000,-4385.0000,6064.0000,6064.0000
2008-11-04,"MA_Crossover(35,44)",4301.0000,4597.0000,-1.0000,-1.0000,212.0000,-212.0000,-4597.0000,5852.0000,5852.0000
2008-11-05,"MA_Crossover(35,44)",4066.5000,4362.5000,-1.0000,-1.0000,-234.5000,234.5000,-4362.5000,6086.5000,6086.5000
2008-11-06,"MA_Crossover(35,44)",3789.0000,4085.0000,-1.0000,-1.0000,-277.5000,277.5000,-4085.0000,6364.0000,6364.0000
2008-11-07,"MA_Crossover(35,44)",3734.5000,4030.5000,-1.0000,-1.0000,-54.5000,54.5000,-4030.5000,6418.5000,6418.5000
2008-11-10,"MA_Crossover(35,44)",3847.0000,4143.0000,-1.0000,-1.0000,112.5000,-112.5000,-4143.0000,6306.0000,6306.0000
2008-11-11,"MA_Crossover(35,44)",3606.0000,3902.0000,-1.0000,-1.0000,-241.0000,241.0000,-3902.0000,6547.0000,6547.0000
2008-11-12,"MA_Crossover(35,44)",3587.0000,3883.0000,-1.0000,-1.0000,-19.0000,19.0000,-3883.0000,6566.0000,6566.0000
2008-11-13,"MA_Crossover(35,44)",3636.0000,3932.0000,-1.0000,-1.0000,49.0000,-49.0000,-3932.0000,6517.0000,6517.0000
2008-11-14,"MA_Crossover(35,44)",3781.0000,4077.0000,-1.0000,-1.0000,145.0000,-145.0000,-4077.0000,6372.0000,6372.0000
2008-11-17,"MA_Crossover(35,44)",3609.0000,3905.0000,-1.0000,-1.0000,-172.0000,172.0000,-3905.0000,6544.0000,6544.0000
2008-11-18,"MA_Crossover(35,44)",3716.0000,4012.0000,-1.0000,-1.0000,107.0000,-107.0000,-4012.0000,6437.0000,6437.0000
2008-11-19,"MA_Crossover(35,44)",3557.0000,3853.0000,-1.0000,-1.0000,-159.0000,159.0000,-3853.0000,6596.0000,6596.0000
2008-11-20,"MA_Crossover(35,44)",3451.0000,3745.0000,-1.0000,-1.0000,-108.0000,108.0000,-3745.0000,6704.0000,6704.0000
2008-11-21,"MA_Crossover(35,44)",3518.0000,3795.0000,-1.0000,-1.0000,50.0000,-50.0000,-3795.0000,6654.0000,6654.0000
2008-11-24,"MA_Crossover(35,44)",3733.0000,4010.0000,-1.0000,-1.0000,215.0000,-215.0000,-4010.0000,6439.0000,6439.0000
2008-11-25,"MA_Crossover(35,44)",3676.0000,3953.0000,-1.0000,-1.0000,-57.0000,57.0000,-3953.0000,6496.0000,6496.0000
2008-11-26,"MA_Crossover(35,44)",3735.5000,4012.5000,-1.0000,-1.0000,59.5000,-59.5000,-4012.5000,6436.5000,6436.5000
2008-11-27,"MA_Crossover(35,44)",3676.5000,3953.5000,-1.0000,-1.0000,-59.0000,59.0000,-3953.5000,6495.5000,6495.5000
2008-11-28,"MA_Crossover(35,44)",3604.5000,3881.5000,-1.0000,-1.0000,-72.0000,72.0000,-3881.5000,6567.5000,6567.5000
2008-12-01,"MA_Crossover(35,44)",3577.0000,3854.0000,-1.0000,-1.0000,-27.5000,27.5000,-3854.0000,6595.0000,6595.0000
2008-12-02,"MA_Crossover(35,44)",3540.5000,3817.5000,-1.0000,-1.0000,-36.5000,36.5000,-3817.5000,6631.5000,6631.5000
2008-12-03,"MA_Crossover(35,44)",3429.0000,3706.0000,-1.0000,-1.0000,-111.5000,111.5000,-3706.0000,6743.0000,6743.0000
2008-12-04,"MA_Crossover(35,44)",3252.5000,3529.5000,-1.0000,-1.0000,-176.5000,176.5000,-3529.5000,6919.5000,6919.5000
2008-12-05,"MA_Crossover(35,44)",3028.5000,3305.5000,-1.0000,-1.0000,-224.0000,224.0000,-3305.5000,7143.5000,7143.5000
2008-12-08,"MA_Crossover(35,44)",3294.0000,3571.0000,-1.0000,-1.0000,265.5000,-265.5000,-3571.0000,6878.0000,6878.0000
2008-12-09,"MA_Crossover(35,44)",3175.5000,3452.5000,-1.0000,-1.0000,-118.5000,118.5000,-3452.5000,6996.5000,6996.5000
2008-12-10,"MA_Crossover(35,44)",3275.5000,3552.5000,-1.0000,-1.0000,100.0000,-100.0000,-3552.5000,6896.5000,6896.5000
2008-12-11,"MA_Crossover(35,44)",3287.0000,3564.0000,-1.0000,-1.0000,11.5000,-11.5000,-3564.0000,6885.0000,6885.0000
2008-12-12,"MA_Crossover(35,44)",3143.5000,3420.5000,-1.0000,-1.0000,-143.5000,143.5000,-3420.5000,7028.5000,7028.5000
2008-12-15,"MA_Crossover(35,44)",3126.0000,3403.0000,-1.0000,-1.0000,-17.5000,17.5000,-3403.0000,7046.0000,7046.0000
2008-12-16,"MA_Crossover(35,44)",3047.0000,3322.5000,-1.0000,-1.0000,-80.5000,80.5000,-3322.5000,7126.5000,7126.5000
2008-12-17,"MA_Crossover(35,44)",3000.0000,3273.5000,-1.0000,-1.0000,-49.0000,49.0000,-3273.5000,7175.5000,7175.5000
2008-12-18,"MA_Crossover(35,44)",2860.5000,3133.5000,-1.0000,-1.0000,-140.0000,140.0000,-3133.5000,7315.5000,7315.5000
2008-12-19,"MA_Crossover(35,44)",2911.0000,3172.0000,-1.0000,-1.0000,38.5000,-38.5000,-3172.0000,7277.0000,7277.0000
2008-12-22,"MA_Crossover(35,44)",2939.0000,3200.0000,-1.0000,-1.0000,28.0000,-28.0000,-3200.0000,7249.0000,7249.0000
2008-12-23,"MA_Crossover(35,44)",2848.0000,3109.0000,-1.0000,-1.0000,-91.0000,91.0000,-3109.0000,7340.0000,7340.0000
2008-12-24,"MA_Crossover(35,44)",2823.0000,3084.0000,-1.0000,-1.0000,-25.0000,25.0000,-3084.0000,7365.0000,7365.0000
2008-12-29,"MA_Crossover(35,44)",2881.5000,3142.5000,-1.0000,-1.0000,58.5000,-58.5000,-3142.5000,7306.5000,7306.5000
2008-12-30,"MA_Crossover(35,44)",2891.5000,3152.5000,-1.0000,-1.0000,10.0000,-10.0000,-3152.5000,7296.5000,7296.5000
2008-12-31,"MA_Crossover(35,44)",3049.2500,3310.2500,-1.0000,-1.0000,157.7500,-157.7500,-3310.2500,7138.7500,7138.7500
2009-01-02,"MA_Crossover(35,44)",3207.0000,3468.0000,-1.0000,-1.0000,157.7500,-157.7500,-3468.0000,6981.0000,6981.0000
2009-01-05,"MA_Crossover(35,44)",3158.5000,3419.5000,-1.0000,-1.0000,-48.5000,48.5000,-3419.5000,7029.5000,7029.5000
2009-01-06,"MA_Crossover(35,44)",3359.5000,3620.5000,-1.0000,-1.0000,201.0000,-201.0000,-3620.5000,6828.5000,6828.5000
2009-01-07,"MA_Crossover(35,44)",3311.2500,3572.2500,-1.0000,-1.0000,-48.2500,48.2500,-3572.2500,6876.7500,6876.7500
2009-01-08,"MA_Crossover(35,44)",3165.2500,3426.2500,-1.0000,-1.0000,-146.0000,146.0000,-3426.2500,7022.7500,7022.7500
2009-01-09,"MA_Crossover(35,44)",3370.7500,3631.7500,-1.0000,-1.0000,205.5000,-205.5000,-3631.7500,6817.2500,6817.2500
2009-01-12,"MA_Crossover(35,44)",3211.7500,3472.7500,-1.0000,-1.0000,-159.0000,159.0000,-3472.7500,6976.2500,6976.2500
2009-01-13,"MA_Crossover(35,44)",3336.7500,3597.7500,-1.0000,-1.0000,125.0000,-125.0000,-3597.7500,6851.2500,6851.2500
2009-01-14,"MA_Crossover(35,44)",3254.0000,3515.0000,-1.0000,-1.0000,-82.7500,82.7500,-3515.0000,6934.0000,6934.0000
2009-01-15,"MA_Crossover(35,44)",3248.5000,3509.5000,-1.0000,-1.0000,-5.5000,5.5000,-3509.5000,6939.5000,6939.5000
2009-01-16,"MA_Crossover(35,44)",3323.5000,3584.5000,-1.0000,-1.0000,75.0000,-75.0000,-3584.5000,6864.5000,6864.5000
2009-01-19,"MA_Crossover(35,44)",3397.5000,3658.5000,-1.0000,-1.0000,74.0000,-74.0000,-3658.5000,6790.5000,6790.5000
2009-01-20,"MA_Crossover(35,44)",3319.5000,3581.0000,-1.0000,-1.0000,-77.5000,77.5000,-3581.0000,6868.0000,6868.0000
2009-01-21,"MA_Crossover(35,44)",3196.5000,3458.5000,-1.0000,-1.0000,-122.5000,122.5000,-3458.5000,6990.5000,6990.5000
2009-01-22,"MA_Crossover(35,44)",3064.7500,3327.0000,-1.0000,-1.0000,-131.5000,131.5000,-3327.0000,7122.0000,7122.0000
2009-01-23,"MA_Crossover(35,44)",3226.7500,3477.2500,-1.0000,-1.0000,150.2500,-150.2500,-3477.2500,6971.7500,6971.7500
2009-01-26,"MA_Crossover(35,44)",3529.0000,3779.5000,-1.0000,-1.0000,302.2500,-302.2500,-3779.5000,6669.5000,6669.5000
2009-01-27,"MA_Crossover(35,44)",3283.0000,3533.5000,-1.0000,-1.0000,-246.0000,246.0000,-3533.5000,6915.5000,6915.5000
2009-01-28,"MA_Crossover(35,44)",3302.5000,3553.0000,-1.0000,-1.0000,19.5000,-19.5000,-3553.0000,6896.0000,6896.0000
2009-01-29,"MA_Crossover(35,44)",3201.5000,3452.0000,-1.0000,-1.0000,-101.0000,101.0000,-3452.0000,6997.0000,6997.0000
2009-01-30,"MA_Crossover(35,44)",3125.7500,3376.2500,-1.0000,-1.0000,-75.7500,75.7500,-3376.2500,7072.7500,7072.7500
2009-02-02,"MA_Crossover(35,44)",3146.7500,3397.2500,-1.0000,-1.0000,21.0000,-21.0000,-3397.2500,7051.7500,7051.7500
2009-02-03,"MA_Crossover(35,44)",3344.5000,3595.0000,-1.0000,-1.0000,197.7500,-197.7500,-3595.0000,6854.0000,6854.0000
2009-02-04,"MA_Crossover(35,44)",3386.0000,3636.5000,-1.0000,-1.0000,41.5000,-41.5000,-3636.5000,6812.5000,6812.5000
2009-02-05,"MA_Crossover(35,44)",3300.2500,3550.7500,-1.0000,-1.0000,-85.7500,85.7500,-3550.7500,6898.2500,6898.2500
2009-02-06,"MA_Crossover(35,44)",3510.0000,3760.5000,1.0000,-1.0000,209.7500,-209.7500,-3760.5000,6688.5000,6688.5000
2009-02-09,"MA_Crossover(35,44)",3547.2500,3797.7500,1.0000,1.0000,37.2500,37.2500,3797.7500,6725.7500,6725.7500
2009-02-10,"MA_Crossover(35,44)",3450.0000,3700.5000,1.0000,1.0000,-97.2500,-97.2500,3700.5000,6628.5000,6628.5000
2009-02-11,"MA_Crossover(35,44)",3423.2500,3673.7500,1.0000,1.0000,-26.7500,-26.7500,3673.7500,6601.7500,6601.7500
2009-02-12,"MA_Crossover(35,44)",3378.0000,3628.5000,1.0000,1.0000,-45.2500,-45.2500,3628.5000,6556.5000,6556.5000
2009-02-13,"MA_Crossover(35,44)",3392.5000,3643.0000,1.0000,1.0000,14.5000,14.5000,3643.0000,6571.0000,6571.0000
2009-02-16,"MA_Crossover(35,44)",3290.7500,3541.2500,1.0000,1.0000,-101.7500,-101.7500,3541.2500,6469.2500,6469.2500
2009-02-17,"MA_Crossover(35,44)",3158.7500,3409.0000,1.0000,1.0000,-132.2500,-132.2500,3409.0000,6337.0000,6337.0000
2009-02-18,"MA_Crossover(35,44)",3209.0000,3459.0000,1.0000,1.0000,50.0000,50.0000,3459.0000,6387.0000,6387.0000
2009-02-19,"MA_Crossover(35,44)",3265.2500,3515.0000,1.0000,1.0000,56.0000,56.0000,3515.0000,6443.0000,6443.0000
2009-02-20,"MA_Crossover(35,44)",3125.2500,3362.0000,1.0000,1.0000,-153.0000,-153.0000,3362.0000,6290.0000,6290.0000
2009-02-23,"MA_Crossover(35,44)",3205.7500,3442.5000,1.0000,1.0000,80.5000,80.5000,3442.5000,6370.5000,6370.5000
2009-02-24,"MA_Crossover(35,44)",3259.5000,3496.2500,1.0000,1.0000,53.7500,53.7500,3496.2500,6424.2500,6424.2500
2009-02-25,"MA_Crossover(35,44)",3385.7500,3622.5000,1.0000,1.0000,126.2500,126.2500,3622.5000,6550.5000,6550.5000
2009-02-26,"MA_Crossover(35,44)",3477.0000,3713.7500,1.0000,1.0000,91.2500,91.2500,3713.7500,6641.7500,6641.7500
2009-02-27,"MA_Crossover(35,44)",3426.5000,3663.2500,1.0000,1.0000,-50.5000,-50.5000,3663.2500,6591.2500,6591.2500
2009-03-02,"MA_Crossover(35,44)",3362.2500,3599.0000,1.0000,1.0000,-64.2500,-64.2500,3599.0000,6527.0000,6527.0000
2009-03-03,"MA_Crossover(35,44)",3520.0000,3756.7500,1.0000,1.0000,157.7500,157.7500,3756.7500,6684.7500,6684.7500
2009-03-04,"MA_Crossover(35,44)",3728.0000,3964.7500,1.0000,1.0000,208.0000,208.0000,3964.7500,6892.7500,6892.7500
2009-03-05,"MA_Crossover(35,44)",3665.5000,3902.2500,1.0000,1.0000,-62.5000,-62.5000,3902.2500,6830.2500,6830.2500
2009-03-06,"MA_Crossover(35,44)",3698.2500,3935.0000,1.0000,1.0000,32.7500,32.7500,3935.0000,6863.0000,6863.0000
2009-03-09,"MA_Crossover(35,44)",3584.7500,3821.5000,1.0000,1.0000,-113.5000,-113.5000,3821.5000,6749.5000,6749.5000
2009-03-10,"MA_Crossover(35,44)",3692.2500,3929.0000,1.0000,1.0000,107.5000,107.5000,3929.0000,6857.0000,6857.0000
2009-03-11,"MA_Crossover(35,44)",3560.2500,3797.0000,1.0000,1.0000,-132.0000,-132.0000,3797.0000,6725.0000,6725.0000
2009-03-12,"MA_Crossover(35,44)",3549.5000,3786.2500,1.0000,1.0000,-10.7500,-10.7500,3786.2500,6714.2500,6714.2500
2009-03-13,"MA_Crossover(35,44)",3641.0000,3877.7500,1.0000,1.0000,91.5000,91.5000,3877.7500,6805.7500,6805.7500
2009-03-16,"MA_Crossover(35,44)",3800.7500,4037.5000,1.0000,1.0000,159.7500,159.7500,4037.5000,6965.5000,6965.5000
2009-03-17,"MA_Crossover(35,44)",3781.7500,4017.5000,1.0000,1.0000,-20.0000,-20.0000,4017.5000,6945.5000,6945.5000
2009-03-18,"MA_Crossover(35,44)",3733.5000,3970.0000,1.0000,1.0000,-47.5000,-47.5000,3970.0000,6898.0000,6898.0000
2009-03-19,"MA_Crossover(35,44)",3975.0000,4211.5000,1.0000,1.0000,241.5000,241.5000,4211.5000,7139.5000,7139.5000
2009-03-20,"MA_Crossover(35,44)",3931.5000,4156.0000,1.0000,1.0000,-55.5000,-55.5000,4156.0000,7084.0000,7084.0000
2009-03-23,"MA_Crossover(35,44)",4033.0000,4257.5000,1.0000,1.0000,101.5000,101.5000,4257.5000,7185.5000,7185.5000
2009-03-24,"MA_Crossover(35,44)",3948.0000,4172.5000,1.0000,1.0000,-85.0000,-85.0000,4172.5000,7100.5000,7100.5000
2009-03-25,"MA_Crossover(35,44)",3936.7500,4161.2500,1.0000,1.0000,-11.2500,-11.2500,4161.2500,7089.2500,7089.2500
2009-03-26,"MA_Crossover(35,44)",4057.2500,4281.7500,1.0000,1.0000,120.5000,120.5000,4281.7500,7209.7500,7209.7500
2009-03-27,"MA_Crossover(35,44)",4021.7500,4246.2500,1.0000,1.0000,-35.5000,-35.5000,4246.2500,7174.2500,7174.2500
2009-03-30,"MA_Crossover(35,44)",3879.2500,4103.7500,1.0000,1.0000,-142.5000,-142.5000,4103.7500,7031.7500,7031.7500
2009-03-31,"MA_Crossover(35,44)",4010.5000,4235.0000,1.0000,1.0000,131.2500,131.2500,4235.0000,7163.0000,7163.0000
2009-04-01,"MA_Crossover(35,44)",4031.7500,4256.2500,1.0000,1.0000,21.2500,21.2500,4256.2500,7184.2500,7184.2500
2009-04-02,"MA_Crossover(35,44)",4124.5000,4349.0000,1.0000,1.0000,92.7500,92.7500,4349.0000,7277.0000,7277.0000
2009-04-03,"MA_Crossover(35,44)",4278.7500,4503.2500,1.0000,1.0000,154.2500,154.2500,4503.2500,7431.2500,7431.2500
2009-04-06,"MA_Crossover(35,44)",4244.7500,4469.2500,1.0000,1.0000,-34.0000,-34.0000,4469.2500,7397.2500,7397.2500
2009-04-07,"MA_Crossover(35,44)",4351.7500,4576.2500,1.0000,1.0000,107.0000,107.0000,4576.2500,7504.2500,7504.2500
2009-04-08,"MA_Crossover(35,44)",4369.7500,4594.2500,1.0000,1.0000,18.0000,18.0000,4594.2500,7522.2500,7522.2500
2009-04-09,"MA_Crossover(35,44)",4529.2500,4753.7500,1.0000,1.0000,159.5000,159.5000,4753.7500,7681.7500,7681.7500
2009-04-14,"MA_Crossover(35,44)",4687.0000,4902.5000,1.0000,1.0000,148.7500,148.7500,4902.5000,7830.5000,7830.5000
2009-04-15,"MA_Crossover(35,44)",4816.5000,5026.5000,1.0000,1.0000,124.0000,124.0000,5026.5000,7954.5000,7954.5000
2009-04-16,"MA_Crossover(35,44)",4730.0000,4939.5000,1.0000,1.0000,-87.0000,-87.0000,4939.5000,7867.5000,7867.5000
2009-04-17,"MA_Crossover(35,44)",4820.0000,5029.5000,1.0000,1.0000,90.0000,90.0000,5029.5000,7957.5000,7957.5000
2009-04-20,"MA_Crossover(35,44)",4591.0000,4800.5000,1.0000,1.0000,-229.0000,-229.0000,4800.5000,7728.5000,7728.5000
2009-04-21,"MA_Crossover(35,44)",4516.0000,4725.5000,1.0000,1.0000,-75.0000,-75.0000,4725.5000,7653.5000,7653.5000
2009-04-22,"MA_Crossover(35,44)",4552.0000,4761.5000,1.0000,1.0000,36.0000,36.0000,4761.5000,7689.5000,7689.5000
2009-04-23,"MA_Crossover(35,44)",4344.5000,4554.0000,1.0000,1.0000,-207.5000,-207.5000,4554.0000,7482.0000,7482.0000
2009-04-24,"MA_Crossover(35,44)",4483.0000,4692.5000,1.0000,1.0000,138.5000,138.5000,4692.5000,7620.5000,7620.5000
2009-04-27,"MA_Crossover(35,44)",4350.5000,4560.0000,1.0000,1.0000,-132.5000,-132.5000,4560.0000,7488.0000,7488.0000
2009-04-28,"MA_Crossover(35,44)",4186.5000,4396.0000,1.0000,1.0000,-164.0000,-164.0000,4396.0000,7324.0000,7324.0000
2009-04-29,"MA_Crossover(35,44)",4375.5000,4585.0000,1.0000,1.0000,189.0000,189.0000,4585.0000,7513.0000,7513.0000
2009-04-30,"MA_Crossover(35,44)",4436.7500,4646.2500,1.0000,1.0000,61.2500,61.2500,4646.2500,7574.2500,7574.2500
2009-05-01,"MA_Crossover(35,44)",4608.5000,4818.0000,1.0000,1.0000,171.7500,171.7500,4818.0000,7746.0000,7746.0000
2009-05-05,"MA_Crossover(35,44)",4533.5000,4743.0000,1.0000,1.0000,-75.0000,-75.0000,4743.0000,7671.0000,7671.0000
2009-05-06,"MA_Crossover(35,44)",4747.5000,4957.0000,1.0000,1.0000,214.0000,214.0000,4957.0000,7885.0000,7885.0000
2009-05-07,"MA_Crossover(35,44)",4703.5000,4913.0000,1.0000,1.0000,-44.0000,-44.0000,4913.0000,7841.0000,7841.0000
2009-05-08,"MA_Crossover(35,44)",4670.0000,4879.5000,1.0000,1.0000,-33.5000,-33.5000,4879.5000,7807.5000,7807.5000
2009-05-11,"MA_Crossover(35,44)",4544.5000,4754.0000,1.0000,1.0000,-125.5000,-125.5000,4754.0000,7682.0000,7682.0000
2009-05-12,"MA_Crossover(35,44)",4576.2500,4785.7500,1.0000,1.0000,31.7500,31.7500,4785.7500,7713.7500,7713.7500
2009-05-13,"MA_Crossover(35,44)",4428.2500,4637.7500,1.0000,1.0000,-148.0000,-148.0000,4637.7500,7565.7500,7565.7500
2009-05-14,"MA_Crossover(35,44)",4441.0000,4650.5000,1.0000,1.0000,12.7500,12.7500,4650.5000,7578.5000,7578.5000
2009-05-15,"MA_Crossover(35,44)",4447.0000,4656.5000,1.0000,1.0000,6.0000,6.0000,4656.5000,7584.5000,7584.5000
2009-05-18,"MA_Crossover(35,44)",4508.5000,4718.0000,1.0000,1.0000,61.5000,61.5000,4718.0000,7646.0000,7646.0000
2009-05-19,"MA_Crossover(35,44)",4521.0000,4730.0000,1.0000,1.0000,12.0000,12.0000,4730.0000,7658.0000,7658.0000
2009-05-20,"MA_Crossover(35,44)",4630.0000,4840.0000,1.0000,1.0000,110.0000,110.0000,4840.0000,7768.0000,7768.0000
2009-05-21,"MA_Crossover(35,44)",4460.2500,4670.2500,1.0000,1.0000,-169.7500,-169.7500,4670.2500,7598.2500,7598.2500
2009-05-22,"MA_Crossover(35,44)",4607.5000,4809.5000,1.0000,1.0000,139.2500,139.2500,4809.5000,7737.5000,7737.5000
2009-05-26,"MA_Crossover(35,44)",4662.0000,4864.0000,1.0000,1.0000,54.5000,54.5000,4864.0000,7792.0000,7792.0000
2009-05-27,"MA_Crossover(35,44)",4660.5000,4862.5000,1.0000,1.0000,-1.5000,-1.5000,4862.5000,7790.5000,7790.5000
2009-05-28,"MA_Crossover(35,44)",4740.5000,4942.5000,1.0000,1.0000,80.0000,80.0000,4942.5000,7870.5000,7870.5000
2009-05-29,"MA_Crossover(35,44)",4819.0000,5021.0000,1.0000,1.0000,78.5000,78.5000,5021.0000,7949.0000,7949.0000
2009-06-01,"MA_Crossover(35,44)",5063.2500,5265.2500,1.0000,1.0000,244.2500,244.2500,5265.2500,8193.2500,8193.2500
2009-06-02,"MA_Crossover(35,44)",5036.0000,5238.0000,1.0000,1.0000,-27.2500,-27.2500,5238.0000,8166.0000,8166.0000
2009-06-03,"MA_Crossover(35,44)",4904.5000,5106.5000,1.0000,1.0000,-131.5000,-131.5000,5106.5000,8034.5000,8034.5000
2009-06-04,"MA_Crossover(35,44)",5008.2500,5210.2500,1.0000,1.0000,103.7500,103.7500,5210.2500,8138.2500,8138.2500
2009-06-05,"MA_Crossover(35,44)",4963.0000,5165.0000,1.0000,1.0000,-45.2500,-45.2500,5165.0000,8093.0000,8093.0000
2009-06-08,"MA_Crossover(35,44)",4963.5000,5165.5000,1.0000,1.0000,0.5000,0.5000,5165.5000,8093.5000,8093.5000
2009-06-09,"MA_Crossover(35,44)",5153.0000,5355.0000,1.0000,1.0000,189.5000,189.5000,5355.0000,8283.0000,8283.0000
2009-06-10,"MA_Crossover(35,44)",5150.2500,5352.2500,1.0000,1.0000,-2.7500,-2.7500,5352.2500,8280.2500,8280.2500
2009-06-11,"MA_Crossover(35,44)",5355.2500,5557.2500,1.0000,1.0000,205.0000,205.0000,5557.2500,8485.2500,8485.2500
2009-06-12,"MA_Crossover(35,44)",5212.5000,5414.5000,1.0000,1.0000,-142.7500,-142.7500,5414.5000,8342.5000,8342.5000
2009-06-15,"MA_Crossover(35,44)",4981.5000,5183.5000,1.0000,1.0000,-231.0000,-231.0000,5183.5000,8111.5000,8111.5000
2009-06-16,"MA_Crossover(35,44)",4966.2500,5164.2500,1.0000,1.0000,-19.2500,-19.2500,5164.2500,8092.2500,8092.2500
2009-06-17,"MA_Crossover(35,44)",4946.5000,5144.2500,1.0000,1.0000,-20.0000,-20.0000,5144.2500,8072.2500,8072.2500
2009-06-18,"MA_Crossover(35,44)",4956.5000,5154.2500,1.0000,1.0000,10.0000,10.0000,5154.2500,8082.2500,8082.2500
2009-06-19,"MA_Crossover(35,44)",5017.5000,5208.7500,1.0000,1.0000,54.5000,54.5000,5208.7500,8136.7500,8136.7500
2009-06-22,"MA_Crossover(35,44)",4747.0000,4938.2500,1.0000,1.0000,-270.5000,-270.5000,4938.2500,7866.2500,7866.2500
2009-06-23,"MA_Crossover(35,44)",4790.2500,4981.5000,1.0000,1.0000,43.2500,43.2500,4981.5000,7909.5000,7909.5000
2009-06-24,"MA_Crossover(35,44)",5041.5000,5232.7500,1.0000,1.0000,251.2500,251.2500,5232.7500,8160.7500,8160.7500
2009-06-25,"MA_Crossover(35,44)",5121.0000,5312.2500,1.0000,1.0000,79.5000,79.5000,5312.2500,8240.2500,8240.2500
2009-06-26,"MA_Crossover(35,44)",5024.0000,5215.2500,1.0000,1.0000,-97.0000,-97.0000,5215.2500,8143.2500,8143.2500
2009-06-29,"MA_Crossover(35,44)",5087.0000,5278.2500,1.0000,1.0000,63.0000,63.0000,5278.2500,8206.2500,8206.2500
2009-06-30,"MA_Crossover(35,44)",4954.0000,5145.2500,1.0000,1.0000,-133.0000,-133.0000,5145.2500,8073.2500,8073.2500
2009-07-01,"MA_Crossover(35,44)",5078.0000,5269.2500,1.0000,1.0000,124.0000,124.0000,5269.2500,8197.2500,8197.2500
2009-07-02,"MA_Crossover(35,44)",5023.2500,5214.5000,1.0000,1.0000,-54.7500,-54.7500,5214.5000,8142.5000,8142.5000
2009-07-03,"MA_Crossover(35,44)",4970.0000,5161.2500,1.0000,1.0000,-53.2500,-53.2500,5161.2500,8089.2500,8089.2500
2009-07-06,"MA_Crossover(35,44)",4958.5000,5149.7500,1.0000,1.0000,-11.5000,-11.5000,5149.7500,8077.7500,8077.7500
2009-07-07,"MA_Crossover(35,44)",4869.5000,5060.7500,1.0000,1.0000,-89.0000,-89.0000,5060.7500,7988.7500,7988.7500
2009-07-08,"MA_Crossover(35,44)",4713.0000,4904.2500,1.0000,1.0000,-156.5000,-156.5000,4904.2500,7832.2500,7832.2500
2009-07-09,"MA_Crossover(35,44)",4884.5000,5075.7500,1.0000,1.0000,171.5000,171.5000,5075.7500,8003.7500,8003.7500
2009-07-10,"MA_Crossover(35,44)",4857.0000,5048.2500,1.0000,1.0000,-27.5000,-27.5000,5048.2500,7976.2500,7976.2500
2009-07-13,"MA_Crossover(35,44)",4898.5000,5089.7500,1.0000,1.0000,41.5000,41.5000,5089.7500,8017.7500,8017.7500
2009-07-14,"MA_Crossover(35,44)",5044.0000,5244.2500,1.0000,1.0000,154.5000,154.5000,5244.2500,8172.2500,8172.2500
2009-07-15,"MA_Crossover(35,44)",5256.5000,5458.7500,1.0000,1.0000,214.5000,214.5000,5458.7500,8386.7500,8386.7500
2009-07-16,"MA_Crossover(35,44)",5256.5000,5458.2500,1.0000,1.0000,-0.5000,-0.5000,5458.2500,8386.2500,8386.2500
2009-07-17,"MA_Crossover(35,44)",5306.5000,5505.2500,1.0000,1.0000,47.0000,47.0000,5505.2500,8433.2500,8433.2500
2009-07-20,"MA_Crossover(35,44)",5342.7500,5541.5000,1.0000,1.0000,36.2500,36.2500,5541.5000,8469.5000,8469.5000
2009-07-21,"MA_Crossover(35,44)",5390.5000,5589.2500,1.0000,1.0000,47.7500,47.7500,5589.2500,8517.2500,8517.2500
2009-07-22,"MA_Crossover(35,44)",5494.0000,5692.7500,1.0000,1.0000,103.5000,103.5000,5692.7500,8620.7500,8620.7500
2009-07-23,"MA_Crossover(35,44)",5530.5000,5729.2500,1.0000,1.0000,36.5000,36.5000,5729.2500,8657.2500,8657.2500
2009-07-24,"MA_Crossover(35,44)",5524.0000,5722.7500,1.0000,1.0000,-6.5000,-6.5000,5722.7500,8650.7500,8650.7500
2009-07-27,"MA_Crossover(35,44)",5602.0000,5800.7500,1.0000,1.0000,78.0000,78.0000,5800.7500,8728.7500,8728.7500
2009-07-28,"MA_Crossover(35,44)",5525.0000,5723.7500,1.0000,1.0000,-77.0000,-77.0000,5723.7500,8651.7500,8651.7500
2009-07-29,"MA_Crossover(35,44)",5415.0000,5613.7500,1.0000,1.0000,-110.0000,-110.0000,5613.7500,8541.7500,8541.7500
2009-07-30,"MA_Crossover(35,44)",5610.0000,5808.7500,1.0000,1.0000,195.0000,195.0000,5808.7500,8736.7500,8736.7500
2009-07-31,"MA_Crossover(35,44)",5724.0000,5922.7500,1.0000,1.0000,114.0000,114.0000,5922.7500,8850.7500,8850.7500
2009-08-03,"MA_Crossover(35,44)",6006.0000,6204.7500,1.0000,1.0000,282.0000,282.0000,6204.7500,9132.7500,9132.7500
2009-08-04,"MA_Crossover(35,44)",6051.0000,6249.7500,1.0000,1.0000,45.0000,45.0000,6249.7500,9177.7500,9177.7500
2009-08-05,"MA_Crossover(35,44)",6201.0000,6399.7500,1.0000,1.0000,150.0000,150.0000,6399.7500,9327.7500,9327.7500
2009-08-06,"MA_Crossover(35,44)",6022.5000,6221.2500,1.0000,1.0000,-178.5000,-178.5000,6221.2500,9149.2500,9149.2500
2009-08-07,"MA_Crossover(35,44)",6146.0000,6344.7500,1.0000,1.0000,123.5000,123.5000,6344.7500,9272.7500,9272.7500
2009-08-10,"MA_Crossover(35,44)",6130.0000,6328.7500,1.0000,1.0000,-16.0000,-16.0000,6328.7500,9256.7500,9256.7500
2009-08-11,"MA_Crossover(35,44)",6034.5000,6233.2500,1.0000,1.0000,-95.5000,-95.5000,6233.2500,9161.2500,9161.2500
2009-08-12,"MA_Crossover(35,44)",6193.0000,6391.7500,1.0000,1.0000,158.5000,158.5000,6391.7500,9319.7500,9319.7500
2009-08-13,"MA_Crossover(35,44)",6384.5000,6583.2500,1.0000,1.0000,191.5000,191.5000,6583.2500,9511.2500,9511.2500
2009-08-14,"MA_Crossover(35,44)",6252.5000,6451.2500,1.0000,1.0000,-132.0000,-132.0000,6451.2500,9379.2500,9379.2500
2009-08-17,"MA_Crossover(35,44)",6054.5000,6253.2500,1.0000,1.0000,-198.0000,-198.0000,6253.2500,9181.2500,9181.2500
2009-08-18,"MA_Crossover(35,44)",6088.0000,6281.7500,1.0000,1.0000,28.5000,28.5000,6281.7500,9209.7500,9209.7500
2009-08-19,"MA_Crossover(35,44)",5989.0000,6182.7500,1.0000,1.0000,-99.0000,-99.0000,6182.7500,9110.7500,9110.7500
2009-08-20,"MA_Crossover(35,44)",6057.5000,6251.2500,1.0000,1.0000,68.5000,68.5000,6251.2500,9179.2500,9179.2500
2009-08-21,"MA_Crossover(35,44)",6277.5000,6474.2500,1.0000,1.0000,223.0000,223.0000,6474.2500,9402.2500,9402.2500
2009-08-24,"MA_Crossover(35,44)",6429.5000,6626.2500,1.0000,1.0000,152.0000,152.0000,6626.2500,9554.2500,9554.2500
2009-08-25,"MA_Crossover(35,44)",6309.5000,6506.2500,1.0000,1.0000,-120.0000,-120.0000,6506.2500,9434.2500,9434.2500
2009-08-26,"MA_Crossover(35,44)",6287.0000,6483.7500,1.0000,1.0000,-22.5000,-22.5000,6483.7500,9411.7500,9411.7500
2009-08-27,"MA_Crossover(35,44)",6265.0000,6461.7500,1.0000,1.0000,-22.0000,-22.0000,6461.7500,9389.7500,9389.7500
2009-08-28,"MA_Crossover(35,44)",6470.5000,6667.2500,1.0000,1.0000,205.5000,205.5000,6667.2500,9595.2500,9595.2500
2009-09-01,"MA_Crossover(35,44)",6193.5000,6390.2500,1.0000,1.0000,-277.0000,-277.0000,6390.2500,9318.2500,9318.2500
2009-09-02,"MA_Crossover(35,44)",6165.5000,6362.2500,1.0000,1.0000,-28.0000,-28.0000,6362.2500,9290.2500,9290.2500
2009-09-03,"MA_Crossover(35,44)",6247.0000,6443.7500,1.0000,1.0000,81.5000,81.5000,6443.7500,9371.7500,9371.7500
2009-09-04,"MA_Crossover(35,44)",6267.5000,6464.2500,1.0000,1.0000,20.5000,20.5000,6464.2500,9392.2500,9392.2500
2009-09-07,"MA_Crossover(35,44)",6317.5000,6514.2500,1.0000,1.0000,50.0000,50.0000,6514.2500,9442.2500,9442.2500
2009-09-08,"MA_Crossover(35,44)",6467.2500,6664.0000,1.0000,1.0000,149.7500,149.7500,6664.0000,9592.0000,9592.0000
2009-09-09,"MA_Crossover(35,44)",6402.5000,6599.2500,1.0000,1.0000,-64.7500,-64.7500,6599.2500,9527.2500,9527.2500
2009-09-10,"MA_Crossover(35,44)",6279.0000,6475.7500,1.0000,1.0000,-123.5000,-123.5000,6475.7500,9403.7500,9403.7500
2009-09-11,"MA_Crossover(35,44)",6235.5000,6432.2500,1.0000,1.0000,-43.5000,-43.5000,6432.2500,9360.2500,9360.2500
2009-09-14,"MA_Crossover(35,44)",6123.7500,6320.5000,1.0000,1.0000,-111.7500,-111.7500,6320.5000,9248.5000,9248.5000
2009-09-15,"MA_Crossover(35,44)",6195.5000,6392.0000,1.0000,1.0000,71.5000,71.5000,6392.0000,9320.0000,9320.0000
2009-09-16,"MA_Crossover(35,44)",6412.0000,6607.5000,1.0000,1.0000,215.5000,215.5000,6607.5000,9535.5000,9535.5000
2009-09-17,"MA_Crossover(35,44)",6374.7500,6570.7500,1.0000,1.0000,-36.7500,-36.7500,6570.7500,9498.7500,9498.7500
2009-09-18,"MA_Crossover(35,44)",6163.7500,6353.7500,1.0000,1.0000,-217.0000,-217.0000,6353.7500,9281.7500,9281.7500
2009-09-21,"MA_Crossover(35,44)",6179.2500,6369.2500,1.0000,1.0000,15.5000,15.5000,6369.2500,9297.2500,9297.2500
2009-09-22,"MA_Crossover(35,44)",6261.0000,6451.0000,1.0000,1.0000,81.7500,81.7500,6451.0000,9379.0000,9379.0000
2009-09-23,"MA_Crossover(35,44)",6118.7500,6308.7500,1.0000,1.0000,-142.2500,-142.2500,6308.7500,9236.7500,9236.7500
2009-09-24,"MA_Crossover(35,44)",5952.5000,6142.5000,1.0000,1.0000,-166.2500,-166.2500,6142.5000,9070.5000,9070.5000
2009-09-25,"MA_Crossover(35,44)",5983.0000,6173.0000,1.0000,1.0000,30.5000,30.5000,6173.0000,9101.0000,9101.0000
2009-09-28,"MA_Crossover(35,44)",6003.0000,6193.0000,1.0000,1.0000,20.0000,20.0000,6193.0000,9121.0000,9121.0000
2009-09-29,"MA_Crossover(35,44)",5969.0000,6159.0000,1.0000,1.0000,-34.0000,-34.0000,6159.0000,9087.0000,9087.0000
2009-09-30,"MA_Crossover(35,44)",6153.5000,6343.5000,1.0000,1.0000,184.5000,184.5000,6343.5000,9271.5000,9271.5000
2009-10-01,"MA_Crossover(35,44)",5974.5000,6164.5000,1.0000,1.0000,-179.0000,-179.0000,6164.5000,9092.5000,9092.5000
2009-10-02,"MA_Crossover(35,44)",5865.7500,6055.7500,1.0000,1.0000,-108.7500,-108.7500,6055.7500,8983.7500,8983.7500
2009-10-05,"MA_Crossover(35,44)",5905.7500,6095.7500,1.0000,1.0000,40.0000,40.0000,6095.7500,9023.7500,9023.7500
2009-10-06,"MA_Crossover(35,44)",6101.0000,6291.0000,1.0000,1.0000,195.2500,195.2500,6291.0000,9219.0000,9219.0000
2009-10-07,"MA_Crossover(35,44)",6079.0000,6269.0000,1.0000,1.0000,-22.0000,-22.0000,6269.0000,9197.0000,9197.0000
2009-10-08,"MA_Crossover(35,44)",6315.2500,6505.2500,1.0000,1.0000,236.2500,236.2500,6505.2500,9433.2500,9433.2500
2009-10-09,"MA_Crossover(35,44)",6219.5000,6409.5000,1.0000,1.0000,-95.7500,-95.7500,6409.5000,9337.5000,9337.5000
2009-10-12,"MA_Crossover(35,44)",6263.0000,6453.0000,1.0000,1.0000,43.5000,43.5000,6453.0000,9381.0000,9381.0000
2009-10-13,"MA_Crossover(35,44)",6122.5000,6312.5000,-1.0000,1.0000,-140.5000,-140.5000,6312.5000,9240.5000,9240.5000
2009-10-14,"MA_Crossover(35,44)",6203.0000,6393.0000,-1.0000,-1.0000,80.5000,-80.5000,-6393.0000,9160.0000,9160.0000
2009-10-15,"MA_Crossover(35,44)",6269.7500,6459.7500,-1.0000,-1.0000,66.7500,-66.7500,-6459.7500,9093.2500,9093.2500
2009-10-16,"MA_Crossover(35,44)",6210.5000,6400.5000,-1.0000,-1.0000,-59.2500,59.2500,-6400.5000,9152.5000,9152.5000
2009-10-19,"MA_Crossover(35,44)",6453.0000,6643.0000,-1.0000,-1.0000,242.5000,-242.5000,-6643.0000,8910.0000,8910.0000
2009-10-20,"MA_Crossover(35,44)",6404.0000,6594.0000,-1.0000,-1.0000,-49.0000,49.0000,-6594.0000,8959.0000,8959.0000
2009-10-21,"MA_Crossover(35,44)",6576.2500,6767.5000,-1.0000,-1.0000,173.5000,-173.5000,-6767.5000,8785.5000,8785.5000
2009-10-22,"MA_Crossover(35,44)",6576.5000,6767.5000,-1.0000,-1.0000,0.0000,-0.0000,-6767.5000,8785.5000,8785.5000
2009-10-23,"MA_Crossover(35,44)",6635.2500,6819.2500,-1.0000,-1.0000,51.7500,-51.7500,-6819.2500,8733.7500,8733.7500
2009-10-26,"MA_Crossover(35,44)",6595.0000,6779.0000,-1.0000,-1.0000,-40.2500,40.2500,-6779.0000,8774.0000,8774.0000
2009-10-27,"MA_Crossover(35,44)",6564.0000,6748.0000,-1.0000,-1.0000,-31.0000,31.0000,-6748.0000,8805.0000,8805.0000
2009-10-28,"MA_Crossover(35,44)",6413.5000,6597.5000,-1.0000,-1.0000,-150.5000,150.5000,-6597.5000,8955.5000,8955.5000
2009-10-29,"MA_Crossover(35,44)",6648.0000,6832.0000,-1.0000,-1.0000,234.5000,-234.5000,-6832.0000,8721.0000,8721.0000
2009-10-30,"MA_Crossover(35,44)",6463.2500,6647.2500,-1.0000,-1.0000,-184.7500,184.7500,-6647.2500,8905.7500,8905.7500
2009-11-02,"MA_Crossover(35,44)",6537.5000,6721.5000,-1.0000,-1.0000,74.2500,-74.2500,-6721.5000,8831.5000,8831.5000
2009-11-03,"MA_Crossover(35,44)",6442.2500,6626.2500,-1.0000,-1.0000,-95.2500,95.2500,-6626.2500,8926.7500,8926.7500
2009-11-04,"MA_Crossover(35,44)",6557.5000,6741.5000,-1.0000,-1.0000,115.2500,-115.2500,-6741.5000,8811.5000,8811.5000
2009-11-05,"MA_Crossover(35,44)",6514.7500,6698.7500,-1.0000,-1.0000,-42.7500,42.7500,-6698.7500,8854.2500,8854.2500
2009-11-06,"MA_Crossover(35,44)",6473.2500,6657.2500,-1.0000,-1.0000,-41.5000,41.5000,-6657.2500,8895.7500,8895.7500
2009-11-09,"MA_Crossover(35,44)",6519.7500,6703.7500,1.0000,-1.0000,46.5000,-46.5000,-6703.7500,8849.2500,8849.2500
2009-11-10,"MA_Crossover(35,44)",6509.5000,6693.5000,1.0000,1.0000,-10.2500,-10.2500,6693.5000,8839.0000,8839.0000
2009-11-11,"MA_Crossover(35,44)",6518.5000,6702.5000,1.0000,1.0000,9.0000,9.0000,6702.5000,8848.0000,8848.0000
2009-11-12,"MA_Crossover(35,44)",6481.2500,6665.2500,1.0000,1.0000,-37.2500,-37.2500,6665.2500,8810.7500,8810.7500
2009-11-13,"MA_Crossover(35,44)",6501.0000,6685.0000,1.0000,1.0000,19.7500,19.7500,6685.0000,8830.5000,8830.5000
2009-11-16,"MA_Crossover(35,44)",6830.7500,7014.7500,1.0000,1.0000,329.7500,329.7500,7014.7500,9160.2500,9160.2500
2009-11-17,"MA_Crossover(35,44)",6808.5000,7001.5000,1.0000,1.0000,-13.2500,-13.2500,7001.5000,9147.0000,9147.0000
2009-11-18,"MA_Crossover(35,44)",6861.5000,7055.0000,1.0000,1.0000,53.5000,53.5000,7055.0000,9200.5000,9200.5000
2009-11-19,"MA_Crossover(35,44)",6774.7500,6968.7500,1.0000,1.0000,-86.2500,-86.2500,6968.7500,9114.2500,9114.2500
2009-11-20,"MA_Crossover(35,44)",6824.7500,7006.7500,1.0000,1.0000,38.0000,38.0000,7006.7500,9152.2500,9152.2500
2009-11-23,"MA_Crossover(35,44)",6924.0000,7106.0000,1.0000,1.0000,99.2500,99.2500,7106.0000,9251.5000,9251.5000
2009-11-24,"MA_Crossover(35,44)",6845.0000,7027.0000,1.0000,1.0000,-79.0000,-79.0000,7027.0000,9172.5000,9172.5000
2009-11-25,"MA_Crossover(35,44)",6959.7500,7141.7500,1.0000,1.0000,114.7500,114.7500,7141.7500,9287.2500,9287.2500
2009-11-26,"MA_Crossover(35,44)",6795.0000,6977.0000,1.0000,1.0000,-164.7500,-164.7500,6977.0000,9122.5000,9122.5000
2009-11-27,"MA_Crossover(35,44)",6829.0000,7011.0000,1.0000,1.0000,34.0000,34.0000,7011.0000,9156.5000,9156.5000
2009-11-30,"MA_Crossover(35,44)",6904.7500,7086.7500,1.0000,1.0000,75.7500,75.7500,7086.7500,9232.2500,9232.2500
2009-12-01,"MA_Crossover(35,44)",7050.0000,7232.0000,1.0000,1.0000,145.2500,145.2500,7232.0000,9377.5000,9377.5000
2009-12-02,"MA_Crossover(35,44)",7096.2500,7278.2500,1.0000,1.0000,46.2500,46.2500,7278.2500,9423.7500,9423.7500
2009-12-03,"MA_Crossover(35,44)",7049.7500,7231.7500,1.0000,1.0000,-46.5000,-46.5000,7231.7500,9377.2500,9377.2500
2009-12-04,"MA_Crossover(35,44)",7007.5000,7189.5000,1.0000,1.0000,-42.2500,-42.2500,7189.5000,9335.0000,9335.0000
2009-12-07,"MA_Crossover(35,44)",6962.5000,7144.5000,1.0000,1.0000,-45.0000,-45.0000,7144.5000,9290.0000,9290.0000
2009-12-08,"MA_Crossover(35,44)",6939.0000,7121.0000,1.0000,1.0000,-23.5000,-23.5000,7121.0000,9266.5000,9266.5000
2009-12-09,"MA_Crossover(35,44)",6907.5000,7089.5000,1.0000,1.0000,-31.5000,-31.5000,7089.5000,9235.0000,9235.0000
2009-12-10,"MA_Crossover(35,44)",6771.5000,6953.5000,1.0000,1.0000,-136.0000,-136.0000,6953.5000,9099.0000,9099.0000
2009-12-11,"MA_Crossover(35,44)",6796.5000,6978.5000,1.0000,1.0000,25.0000,25.0000,6978.5000,9124.0000,9124.0000
2009-12-14,"MA_Crossover(35,44)",6872.0000,7054.0000,1.0000,1.0000,75.5000,75.5000,7054.0000,9199.5000,9199.5000
2009-12-15,"MA_Crossover(35,44)",6874.2500,7048.2500,1.0000,1.0000,-5.7500,-5.7500,7048.2500,9193.7500,9193.7500
2009-12-16,"MA_Crossover(35,44)",7018.0000,7191.7500,1.0000,1.0000,143.5000,143.5000,7191.7500,9337.2500,9337.2500
2009-12-17,"MA_Crossover(35,44)",6848.0000,7022.0000,1.0000,1.0000,-169.7500,-169.7500,7022.0000,9167.5000,9167.5000
2009-12-18,"MA_Crossover(35,44)",6822.0000,6984.0000,1.0000,1.0000,-38.0000,-38.0000,6984.0000,9129.5000,9129.5000
2009-12-21,"MA_Crossover(35,44)",6912.7500,7074.7500,1.0000,1.0000,90.7500,90.7500,7074.7500,9220.2500,9220.2500
2009-12-22,"MA_Crossover(35,44)",6859.5000,7021.5000,1.0000,1.0000,-53.2500,-53.2500,7021.5000,9167.0000,9167.0000
2009-12-23,"MA_Crossover(35,44)",6980.2500,7142.2500,1.0000,1.0000,120.7500,120.7500,7142.2500,9287.7500,9287.7500
2009-12-24,"MA_Crossover(35,44)",7051.0000,7213.0000,1.0000,1.0000,70.7500,70.7500,7213.0000,9358.5000,9358.5000
2009-12-29,"MA_Crossover(35,44)",7251.7500,7413.7500,1.0000,1.0000,200.7500,200.7500,7413.7500,9559.2500,9559.2500
2009-12-30,"MA_Crossover(35,44)",7305.5000,7467.5000,1.0000,1.0000,53.7500,53.7500,7467.5000,9613.0000,9613.0000
2009-12-31,"MA_Crossover(35,44)",7351.5000,7513.5000,1.0000,1.0000,46.0000,46.0000,7513.5000,9659.0000,9659.0000
2010-01-04,"MA_Crossover(35,44)",7475.2500,7637.2500,1.0000,1.0000,123.7500,123.7500,7637.2500,9782.7500,9782.7500
2010-01-05,"MA_Crossover(35,44)",7458.7500,7620.7500,1.0000,1.0000,-16.5000,-16.5000,7620.7500,9766.2500,9766.2500
2010-01-06,"MA_Crossover(35,44)",7638.0000,7800.0000,1.0000,1.0000,179.2500,179.2500,7800.0000,9945.5000,9945.5000
2010-01-07,"MA_Crossover(35,44)",7511.2500,7673.2500,1.0000,1.0000,-126.7500,-126.7500,7673.2500,9818.7500,9818.7500
2010-01-08,"MA_Crossover(35,44)",7437.5000,7599.5000,1.0000,1.0000,-73.7500,-73.7500,7599.5000,9745.0000,9745.0000
2010-01-11,"MA_Crossover(35,44)",7542.0000,7704.0000,1.0000,1.0000,104.5000,104.5000,7704.0000,9849.5000,9849.5000
2010-01-12,"MA_Crossover(35,44)",7430.5000,7592.5000,1.0000,1.0000,-111.5000,-111.5000,7592.5000,9738.0000,9738.0000
2010-01-13,"MA_Crossover(35,44)",7462.0000,7624.0000,1.0000,1.0000,31.5000,31.5000,7624.0000,9769.5000,9769.5000
2010-01-14,"MA_Crossover(35,44)",7466.2500,7628.2500,1.0000,1.0000,4.2500,4.2500,7628.2500,9773.7500,9773.7500
2010-01-15,"MA_Crossover(35,44)",7403.2500,7565.2500,1.0000,1.0000,-63.0000,-63.0000,7565.2500,9710.7500,9710.7500
2010-01-18,"MA_Crossover(35,44)",7474.2500,7636.2500,1.0000,1.0000,71.0000,71.0000,7636.2500,9781.7500,9781.7500
2010-01-19,"MA_Crossover(35,44)",7529.7500,7689.2500,1.0000,1.0000,53.0000,53.0000,7689.2500,9834.7500,9834.7500
2010-01-20,"MA_Crossover(35,44)",7359.2500,7518.5000,1.0000,1.0000,-170.7500,-170.7500,7518.5000,9664.0000,9664.0000
2010-01-21,"MA_Crossover(35,44)",7259.2500,7418.2500,1.0000,1.0000,-100.2500,-100.2500,7418.2500,9563.7500,9563.7500
2010-01-22,"MA_Crossover(35,44)",7375.7500,7526.7500,1.0000,1.0000,108.5000,108.5000,7526.7500,9672.2500,9672.2500
2010-01-25,"MA_Crossover(35,44)",7450.2500,7601.2500,1.0000,1.0000,74.5000,74.5000,7601.2500,9746.7500,9746.7500
2010-01-26,"MA_Crossover(35,44)",7366.0000,7517.0000,1.0000,1.0000,-84.2500,-84.2500,7517.0000,9662.5000,9662.5000
2010-01-27,"MA_Crossover(35,44)",7214.7500,7365.7500,1.0000,1.0000,-151.2500,-151.2500,7365.7500,9511.2500,9511.2500
2010-01-28,"MA_Crossover(35,44)",6883.5000,7034.5000,1.0000,1.0000,-331.2500,-331.2500,7034.5000,9180.0000,9180.0000
2010-01-29,"MA_Crossover(35,44)",6730.2500,6881.2500,1.0000,1.0000,-153.2500,-153.2500,6881.2500,9026.7500,9026.7500
2010-02-01,"MA_Crossover(35,44)",6774.7500,6925.7500,1.0000,1.0000,44.5000,44.5000,6925.7500,9071.2500,9071.2500
2010-02-02,"MA_Crossover(35,44)",6800.0000,6951.0000,1.0000,1.0000,25.2500,25.2500,6951.0000,9096.5000,9096.5000
2010-02-03,"MA_Crossover(35,44)",6572.5000,6723.5000,1.0000,1.0000,-227.5000,-227.5000,6723.5000,8869.0000,8869.0000
2010-02-04,"MA_Crossover(35,44)",6371.0000,6522.0000,1.0000,1.0000,-201.5000,-201.5000,6522.0000,8667.5000,8667.5000
2010-02-05,"MA_Crossover(35,44)",6262.5000,6413.5000,1.0000,1.0000,-108.5000,-108.5000,6413.5000,8559.0000,8559.0000
2010-02-08,"MA_Crossover(35,44)",6430.5000,6581.5000,1.0000,1.0000,168.0000,168.0000,6581.5000,8727.0000,8727.0000
2010-02-09,"MA_Crossover(35,44)",6570.5000,6721.5000,1.0000,1.0000,140.0000,140.0000,6721.5000,8867.0000,8867.0000
2010-02-10,"MA_Crossover(35,44)",6515.5000,6666.5000,1.0000,1.0000,-55.0000,-55.0000,6666.5000,8812.0000,8812.0000
2010-02-11,"MA_Crossover(35,44)",6922.0000,7073.0000,1.0000,1.0000,406.5000,406.5000,7073.0000,9218.5000,9218.5000
2010-02-12,"MA_Crossover(35,44)",6795.7500,6946.7500,1.0000,1.0000,-126.2500,-126.2500,6946.7500,9092.2500,9092.2500
2010-02-15,"MA_Crossover(35,44)",6846.7500,6997.7500,1.0000,1.0000,51.0000,51.0000,6997.7500,9143.2500,9143.2500
2010-02-16,"MA_Crossover(35,44)",7130.0000,7282.5000,1.0000,1.0000,284.7500,284.7500,7282.5000,9428.0000,9428.0000
2010-02-17,"MA_Crossover(35,44)",7113.5000,7267.0000,1.0000,1.0000,-15.5000,-15.5000,7267.0000,9412.5000,9412.5000
2010-02-18,"MA_Crossover(35,44)",7248.5000,7402.0000,1.0000,1.0000,135.0000,135.0000,7402.0000,9547.5000,9547.5000
2010-02-19,"MA_Crossover(35,44)",7416.5000,7560.5000,1.0000,1.0000,158.5000,158.5000,7560.5000,9706.0000,9706.0000
2010-02-22,"MA_Crossover(35,44)",7313.5000,7457.5000,1.0000,1.0000,-103.0000,-103.0000,7457.5000,9603.0000,9603.0000
2010-02-23,"MA_Crossover(35,44)",7114.0000,7258.0000,-1.0000,1.0000,-199.5000,-199.5000,7258.0000,9403.5000,9403.5000
2010-02-24,"MA_Crossover(35,44)",7134.0000,7278.0000,-1.0000,-1.0000,20.0000,-20.0000,-7278.0000,9383.5000,9383.5000
2010-02-25,"MA_Crossover(35,44)",6979.0000,7123.0000,-1.0000,-1.0000,-155.0000,155.0000,-7123.0000,9538.5000,9538.5000
2010-02-26,"MA_Crossover(35,44)",7175.0000,7319.0000,-1.0000,-1.0000,196.0000,-196.0000,-7319.0000,9342.5000,9342.5000
2010-03-01,"MA_Crossover(35,44)",7377.0000,7521.0000,-1.0000,-1.0000,202.0000,-202.0000,-7521.0000,9140.5000,9140.5000
2010-03-02,"MA_Crossover(35,44)",7467.5000,7611.5000,-1.0000,-1.0000,90.5000,-90.5000,-7611.5000,9050.0000,9050.0000
2010-03-03,"MA_Crossover(35,44)",7555.7500,7699.7500,-1.0000,-1.0000,88.2500,-88.2500,-7699.7500,8961.7500,8961.7500
2010-03-04,"MA_Crossover(35,44)",7371.5000,7515.5000,-1.0000,-1.0000,-184.2500,184.2500,-7515.5000,9146.0000,9146.0000
2010-03-05,"MA_Crossover(35,44)",7519.5000,7663.5000,-1.0000,-1.0000,148.0000,-148.0000,-7663.5000,8998.0000,8998.0000
2010-03-08,"MA_Crossover(35,44)",7441.2500,7585.2500,-1.0000,-1.0000,-78.2500,78.2500,-7585.2500,9076.2500,9076.2500
2010-03-09,"MA_Crossover(35,44)",7479.0000,7623.0000,-1.0000,-1.0000,37.7500,-37.7500,-7623.0000,9038.5000,9038.5000
2010-03-10,"MA_Crossover(35,44)",7408.7500,7552.7500,-1.0000,-1.0000,-70.2500,70.2500,-7552.7500,9108.7500,9108.7500
2010-03-11,"MA_Crossover(35,44)",7432.0000,7576.0000,-1.0000,-1.0000,23.2500,-23.2500,-7576.0000,9085.5000,9085.5000
2010-03-12,"MA_Crossover(35,44)",7412.5000,7556.5000,-1.0000,-1.0000,-19.5000,19.5000,-7556.5000,9105.0000,9105.0000
2010-03-15,"MA_Crossover(35,44)",7271.5000,7415.5000,-1.0000,-1.0000,-141.0000,141.0000,-7415.5000,9246.0000,9246.0000
2010-03-16,"MA_Crossover(35,44)",7387.5000,7524.0000,-1.0000,-1.0000,108.5000,-108.5000,-7524.0000,9137.5000,9137.5000
2010-03-17,"MA_Crossover(35,44)",7516.5000,7653.0000,-1.0000,-1.0000,129.0000,-129.0000,-7653.0000,9008.5000,9008.5000
2010-03-18,"MA_Crossover(35,44)",7467.0000,7604.0000,-1.0000,-1.0000,-49.0000,49.0000,-7604.0000,9057.5000,9057.5000
2010-03-19,"MA_Crossover(35,44)",7414.0000,7541.0000,-1.0000,-1.0000,-63.0000,63.0000,-7541.0000,9120.5000,9120.5000
2010-03-22,"MA_Crossover(35,44)",7427.2500,7554.2500,-1.0000,-1.0000,13.2500,-13.2500,-7554.2500,9107.2500,9107.2500
2010-03-23,"MA_Crossover(35,44)",7417.2500,7544.2500,1.0000,-1.0000,-10.0000,10.0000,-7544.2500,9117.2500,9117.2500
2010-03-24,"MA_Crossover(35,44)",7348.2500,7475.2500,1.0000,1.0000,-69.0000,-69.0000,7475.2500,9048.2500,9048.2500
2010-03-25,"MA_Crossover(35,44)",7411.7500,7538.7500,1.0000,1.0000,63.5000,63.5000,7538.7500,9111.7500,9111.7500
2010-03-26,"MA_Crossover(35,44)",7491.7500,7618.7500,1.0000,1.0000,80.0000,80.0000,7618.7500,9191.7500,9191.7500
2010-03-29,"MA_Crossover(35,44)",7745.0000,7872.0000,1.0000,1.0000,253.2500,253.2500,7872.0000,9445.0000,9445.0000
2010-03-30,"MA_Crossover(35,44)",7826.0000,7953.0000,1.0000,1.0000,81.0000,81.0000,7953.0000,9526.0000,9526.0000
2010-03-31,"MA_Crossover(35,44)",7767.7500,7894.7500,1.0000,1.0000,-58.2500,-58.2500,7894.7500,9467.7500,9467.7500
2010-04-01,"MA_Crossover(35,44)",7863.0000,7990.0000,1.0000,1.0000,95.2500,95.2500,7990.0000,9563.0000,9563.0000
2010-04-06,"MA_Crossover(35,44)",7967.2500,8094.2500,1.0000,1.0000,104.2500,104.2500,8094.2500,9667.2500,9667.2500
2010-04-07,"MA_Crossover(35,44)",7921.2500,8048.2500,1.0000,1.0000,-46.0000,-46.0000,8048.2500,9621.2500,9621.2500
2010-04-08,"MA_Crossover(35,44)",7865.7500,7992.7500,1.0000,1.0000,-55.5000,-55.5000,7992.7500,9565.7500,9565.7500
2010-04-09,"MA_Crossover(35,44)",7897.0000,8024.0000,1.0000,1.0000,31.2500,31.2500,8024.0000,9597.0000,9597.0000
2010-04-12,"MA_Crossover(35,44)",7875.5000,8002.5000,1.0000,1.0000,-21.5000,-21.5000,8002.5000,9575.5000,9575.5000
2010-04-13,"MA_Crossover(35,44)",7870.2500,7997.2500,1.0000,1.0000,-5.2500,-5.2500,7997.2500,9570.2500,9570.2500
2010-04-14,"MA_Crossover(35,44)",7920.0000,8047.0000,1.0000,1.0000,49.7500,49.7500,8047.0000,9620.0000,9620.0000
2010-04-15,"MA_Crossover(35,44)",7914.5000,8041.5000,1.0000,1.0000,-5.5000,-5.5000,8041.5000,9614.5000,9614.5000
2010-04-16,"MA_Crossover(35,44)",7728.5000,7855.5000,1.0000,1.0000,-186.0000,-186.0000,7855.5000,9428.5000,9428.5000
2010-04-19,"MA_Crossover(35,44)",7663.0000,7790.0000,1.0000,1.0000,-65.5000,-65.5000,7790.0000,9363.0000,9363.0000
2010-04-20,"MA_Crossover(35,44)",7767.7500,7895.2500,1.0000,1.0000,105.2500,105.2500,7895.2500,9468.2500,9468.2500
2010-04-21,"MA_Crossover(35,44)",7735.0000,7862.7500,1.0000,1.0000,-32.5000,-32.5000,7862.7500,9435.7500,9435.7500
2010-04-22,"MA_Crossover(35,44)",7666.2500,7793.7500,1.0000,1.0000,-69.0000,-69.0000,7793.7500,9366.7500,9366.7500
2010-04-23,"MA_Crossover(35,44)",7725.0000,7840.7500,1.0000,1.0000,47.0000,47.0000,7840.7500,9413.7500,9413.7500
2010-04-26,"MA_Crossover(35,44)",7783.7500,7899.5000,1.0000,1.0000,58.7500,58.7500,7899.5000,9472.5000,9472.5000
2010-04-27,"MA_Crossover(35,44)",7463.2500,7579.0000,1.0000,1.0000,-320.5000,-320.5000,7579.0000,9152.0000,9152.0000
2010-04-28,"MA_Crossover(35,44)",7373.0000,7488.7500,1.0000,1.0000,-90.2500,-90.2500,7488.7500,9061.7500,9061.7500
2010-04-29,"MA_Crossover(35,44)",7328.0000,7443.7500,1.0000,1.0000,-45.0000,-45.0000,7443.7500,9016.7500,9016.7500
2010-04-30,"MA_Crossover(35,44)",7404.0000,7519.7500,1.0000,1.0000,76.0000,76.0000,7519.7500,9092.7500,9092.7500
2010-05-04,"MA_Crossover(35,44)",6996.0000,7111.7500,1.0000,1.0000,-408.0000,-408.0000,7111.7500,8684.7500,8684.7500
2010-05-05,"MA_Crossover(35,44)",6928.2500,7044.0000,1.0000,1.0000,-67.7500,-67.7500,7044.0000,8617.0000,8617.0000
2010-05-06,"MA_Crossover(35,44)",6917.2500,7033.0000,1.0000,1.0000,-11.0000,-11.0000,7033.0000,8606.0000,8606.0000
2010-05-07,"MA_Crossover(35,44)",6916.2500,7032.0000,1.0000,1.0000,-1.0000,-1.0000,7032.0000,8605.0000,8605.0000
2010-05-10,"MA_Crossover(35,44)",7089.7500,7205.5000,1.0000,1.0000,173.5000,173.5000,7205.5000,8778.5000,8778.5000
2010-05-11,"MA_Crossover(35,44)",7018.2500,7134.0000,1.0000,1.0000,-71.5000,-71.5000,7134.0000,8707.0000,8707.0000
2010-05-12,"MA_Crossover(35,44)",6992.7500,7108.5000,1.0000,1.0000,-25.5000,-25.5000,7108.5000,8681.5000,8681.5000
2010-05-13,"MA_Crossover(35,44)",7128.2500,7244.0000,1.0000,1.0000,135.5000,135.5000,7244.0000,8817.0000,8817.0000
2010-05-14,"MA_Crossover(35,44)",6894.5000,7010.2500,1.0000,1.0000,-233.7500,-233.7500,7010.2500,8583.2500,8583.2500
2010-05-17,"MA_Crossover(35,44)",6435.5000,6551.2500,1.0000,1.0000,-459.0000,-459.0000,6551.2500,8124.2500,8124.2500
2010-05-18,"MA_Crossover(35,44)",6673.0000,6789.7500,1.0000,1.0000,238.5000,238.5000,6789.7500,8362.7500,8362.7500
2010-05-19,"MA_Crossover(35,44)",6483.7500,6600.2500,1.0000,1.0000,-189.5000,-189.5000,6600.2500,8173.2500,8173.2500
2010-05-20,"MA_Crossover(35,44)",6591.2500,6707.0000,-1.0000,1.0000,106.7500,106.7500,6707.0000,8280.0000,8280.0000
2010-05-21,"MA_Crossover(35,44)",6830.5000,6934.0000,-1.0000,-1.0000,227.0000,-227.0000,-6934.0000,8053.0000,8053.0000
2010-05-24,"MA_Crossover(35,44)",6892.5000,6996.0000,-1.0000,-1.0000,62.0000,-62.0000,-6996.0000,7991.0000,7991.0000
2010-05-25,"MA_Crossover(35,44)",6710.0000,6813.5000,-1.0000,-1.0000,-182.5000,182.5000,-6813.5000,8173.5000,8173.5000
2010-05-26,"MA_Crossover(35,44)",6756.7500,6860.2500,-1.0000,-1.0000,46.7500,-46.7500,-6860.2500,8126.7500,8126.7500
2010-05-27,"MA_Crossover(35,44)",6961.7500,7065.2500,-1.0000,-1.0000,205.0000,-205.0000,-7065.2500,7921.7500,7921.7500
2010-05-28,"MA_Crossover(35,44)",6917.0000,7020.5000,-1.0000,-1.0000,-44.7500,44.7500,-7020.5000,7966.5000,7966.5000
2010-06-01,"MA_Crossover(35,44)",6724.2500,6827.7500,-1.0000,-1.0000,-192.7500,192.7500,-6827.7500,8159.2500,8159.2500
2010-06-02,"MA_Crossover(35,44)",6641.7500,6745.2500,-1.0000,-1.0000,-82.5000,82.5000,-6745.2500,8241.7500,8241.7500
2010-06-03,"MA_Crossover(35,44)",6497.0000,6600.5000,-1.0000,-1.0000,-144.7500,144.7500,-6600.5000,8386.5000,8386.5000
2010-06-04,"MA_Crossover(35,44)",6251.0000,6354.5000,-1.0000,-1.0000,-246.0000,246.0000,-6354.5000,8632.5000,8632.5000
2010-06-07,"MA_Crossover(35,44)",6069.5000,6173.0000,-1.0000,-1.0000,-181.5000,181.5000,-6173.0000,8814.0000,8814.0000
2010-06-08,"MA_Crossover(35,44)",6135.0000,6238.5000,-1.0000,-1.0000,65.5000,-65.5000,-6238.5000,8748.5000,8748.5000
2010-06-09,"MA_Crossover(35,44)",6311.7500,6415.2500,-1.0000,-1.0000,176.7500,-176.7500,-6415.2500,8571.7500,8571.7500
2010-06-10,"MA_Crossover(35,44)",6381.7500,6485.2500,-1.0000,-1.0000,70.0000,-70.0000,-6485.2500,8501.7500,8501.7500
2010-06-11,"MA_Crossover(35,44)",6455.5000,6559.0000,-1.0000,-1.0000,73.7500,-73.7500,-6559.0000,8428.0000,8428.0000
2010-06-14,"MA_Crossover(35,44)",6635.2500,6738.7500,-1.0000,-1.0000,179.7500,-179.7500,-6738.7500,8248.2500,8248.2500
2010-06-15,"MA_Crossover(35,44)",6665.2500,6764.7500,-1.0000,-1.0000,26.0000,-26.0000,-6764.7500,8222.2500,8222.2500
2010-06-16,"MA_Crossover(35,44)",6634.7500,6734.5000,-1.0000,-1.0000,-30.2500,30.2500,-6734.5000,8252.5000,8252.5000
2010-06-17,"MA_Crossover(35,44)",6430.5000,6530.7500,-1.0000,-1.0000,-203.7500,203.7500,-6530.7500,8456.2500,8456.2500
2010-06-18,"MA_Crossover(35,44)",6418.7500,6510.5000,-1.0000,-1.0000,-20.2500,20.2500,-6510.5000,8476.5000,8476.5000
2010-06-21,"MA_Crossover(35,44)",6586.5000,6678.2500,-1.0000,-1.0000,167.7500,-167.7500,-6678.2500,8308.7500,8308.7500
2010-06-22,"MA_Crossover(35,44)",6592.2500,6684.0000,-1.0000,-1.0000,5.7500,-5.7500,-6684.0000,8303.0000,8303.0000
2010-06-23,"MA_Crossover(35,44)",6497.0000,6588.7500,-1.0000,-1.0000,-95.2500,95.2500,-6588.7500,8398.2500,8398.2500
2010-06-24,"MA_Crossover(35,44)",6675.5000,6767.2500,-1.0000,-1.0000,178.5000,-178.5000,-6767.2500,8219.7500,8219.7500
2010-06-25,"MA_Crossover(35,44)",6751.7500,6843.5000,-1.0000,-1.0000,76.2500,-76.2500,-6843.5000,8143.5000,8143.5000
2010-06-28,"MA_Crossover(35,44)",6849.2500,6941.0000,-1.0000,-1.0000,97.5000,-97.5000,-6941.0000,8046.0000,8046.0000
2010-06-29,"MA_Crossover(35,44)",6472.0000,6563.7500,-1.0000,-1.0000,-377.2500,377.2500,-6563.7500,8423.2500,8423.2500
2010-06-30,"MA_Crossover(35,44)",6492.7500,6584.5000,-1.0000,-1.0000,20.7500,-20.7500,-6584.5000,8402.5000,8402.5000
2010-07-01,"MA_Crossover(35,44)",6307.2500,6399.0000,-1.0000,-1.0000,-185.5000,185.5000,-6399.0000,8588.0000,8588.0000
2010-07-02,"MA_Crossover(35,44)",6387.7500,6479.5000,-1.0000,-1.0000,80.5000,-80.5000,-6479.5000,8507.5000,8507.5000
2010-07-05,"MA_Crossover(35,44)",6446.7500,6538.5000,-1.0000,-1.0000,59.0000,-59.0000,-6538.5000,8448.5000,8448.5000
2010-07-06,"MA_Crossover(35,44)",6584.0000,6675.7500,-1.0000,-1.0000,137.2500,-137.2500,-6675.7500,8311.2500,8311.2500
2010-07-07,"MA_Crossover(35,44)",6623.7500,6715.5000,-1.0000,-1.0000,39.7500,-39.7500,-6715.5000,8271.5000,8271.5000
2010-07-08,"MA_Crossover(35,44)",6595.5000,6687.2500,-1.0000,-1.0000,-28.2500,28.2500,-6687.2500,8299.7500,8299.7500
2010-07-09,"MA_Crossover(35,44)",6743.2500,6835.0000,-1.0000,-1.0000,147.7500,-147.7500,-6835.0000,8152.0000,8152.0000
2010-07-12,"MA_Crossover(35,44)",6610.7500,6702.5000,-1.0000,-1.0000,-132.5000,132.5000,-6702.5000,8284.5000,8284.5000
2010-07-13,"MA_Crossover(35,44)",6666.0000,6757.7500,-1.0000,-1.0000,55.2500,-55.2500,-6757.7500,8229.2500,8229.2500
2010-07-14,"MA_Crossover(35,44)",6706.0000,6797.7500,-1.0000,-1.0000,40.0000,-40.0000,-6797.7500,8189.2500,8189.2500
2010-07-15,"MA_Crossover(35,44)",6661.5000,6753.2500,-1.0000,-1.0000,-44.5000,44.5000,-6753.2500,8233.7500,8233.7500
2010-07-16,"MA_Crossover(35,44)",6468.7500,6560.5000,-1.0000,-1.0000,-192.7500,192.7500,-6560.5000,8426.5000,8426.5000
2010-07-19,"MA_Crossover(35,44)",6494.7500,6586.5000,-1.0000,-1.0000,26.0000,-26.0000,-6586.5000,8400.5000,8400.5000
2010-07-20,"MA_Crossover(35,44)",6630.7500,6722.0000,-1.0000,-1.0000,135.5000,-135.5000,-6722.0000,8265.0000,8265.0000
2010-07-21,"MA_Crossover(35,44)",6853.0000,6943.2500,-1.0000,-1.0000,221.2500,-221.2500,-6943.2500,8043.7500,8043.7500
2010-07-22,"MA_Crossover(35,44)",7002.7500,7094.0000,-1.0000,-1.0000,150.7500,-150.7500,-7094.0000,7893.0000,7893.0000
2010-07-23,"MA_Crossover(35,44)",7018.2500,7105.5000,-1.0000,-1.0000,11.5000,-11.5000,-7105.5000,7881.5000,7881.5000
2010-07-26,"MA_Crossover(35,44)",7136.5000,7223.7500,-1.0000,-1.0000,118.2500,-118.2500,-7223.7500,7763.2500,7763.2500
2010-07-27,"MA_Crossover(35,44)",7044.5000,7131.7500,1.0000,-1.0000,-92.0000,92.0000,-7131.7500,7855.2500,7855.2500
2010-07-28,"MA_Crossover(35,44)",7156.2500,7243.5000,1.0000,1.0000,111.7500,111.7500,7243.5000,7967.0000,7967.0000
2010-07-29,"MA_Crossover(35,44)",7216.5000,7303.7500,1.0000,1.0000,60.2500,60.2500,7303.7500,8027.2500,8027.2500
2010-07-30,"MA_Crossover(35,44)",7281.7500,7369.0000,1.0000,1.0000,65.2500,65.2500,7369.0000,8092.5000,8092.5000
2010-08-02,"MA_Crossover(35,44)",7493.0000,7580.2500,1.0000,1.0000,211.2500,211.2500,7580.2500,8303.7500,8303.7500
2010-08-03,"MA_Crossover(35,44)",7405.7500,7493.0000,1.0000,1.0000,-87.2500,-87.2500,7493.0000,8216.5000,8216.5000
2010-08-04,"MA_Crossover(35,44)",7484.0000,7571.2500,1.0000,1.0000,78.2500,78.2500,7571.2500,8294.7500,8294.7500
2010-08-05,"MA_Crossover(35,44)",7375.7500,7463.0000,1.0000,1.0000,-108.2500,-108.2500,7463.0000,8186.5000,8186.5000
2010-08-06,"MA_Crossover(35,44)",7348.7500,7436.0000,1.0000,1.0000,-27.0000,-27.0000,7436.0000,8159.5000,8159.5000
2010-08-09,"MA_Crossover(35,44)",7402.5000,7489.7500,1.0000,1.0000,53.7500,53.7500,7489.7500,8213.2500,8213.2500
2010-08-10,"MA_Crossover(35,44)",7276.5000,7363.7500,1.0000,1.0000,-126.0000,-126.0000,7363.7500,8087.2500,8087.2500
2010-08-11,"MA_Crossover(35,44)",7175.2500,7262.5000,1.0000,1.0000,-101.2500,-101.2500,7262.5000,7986.0000,7986.0000
2010-08-12,"MA_Crossover(35,44)",7231.2500,7318.5000,1.0000,1.0000,56.0000,56.0000,7318.5000,8042.0000,8042.0000
2010-08-13,"MA_Crossover(35,44)",7132.7500,7220.0000,1.0000,1.0000,-98.5000,-98.5000,7220.0000,7943.5000,7943.5000
2010-08-16,"MA_Crossover(35,44)",7224.5000,7311.7500,1.0000,1.0000,91.7500,91.7500,7311.7500,8035.2500,8035.2500
2010-08-17,"MA_Crossover(35,44)",7368.5000,7453.2500,1.0000,1.0000,141.5000,141.5000,7453.2500,8176.7500,8176.7500
2010-08-18,"MA_Crossover(35,44)",7377.5000,7462.0000,1.0000,1.0000,8.7500,8.7500,7462.0000,8185.5000,8185.5000
2010-08-19,"MA_Crossover(35,44)",7294.0000,7378.0000,1.0000,1.0000,-84.0000,-84.0000,7378.0000,8101.5000,8101.5000
2010-08-20,"MA_Crossover(35,44)",7245.0000,7322.0000,1.0000,1.0000,-56.0000,-56.0000,7322.0000,8045.5000,8045.5000
2010-08-23,"MA_Crossover(35,44)",7244.5000,7321.5000,1.0000,1.0000,-0.5000,-0.5000,7321.5000,8045.0000,8045.0000
2010-08-24,"MA_Crossover(35,44)",7125.0000,7202.0000,1.0000,1.0000,-119.5000,-119.5000,7202.0000,7925.5000,7925.5000
2010-08-25,"MA_Crossover(35,44)",7089.5000,7166.5000,1.0000,1.0000,-35.5000,-35.5000,7166.5000,7890.0000,7890.0000
2010-08-26,"MA_Crossover(35,44)",7298.0000,7375.0000,1.0000,1.0000,208.5000,208.5000,7375.0000,8098.5000,8098.5000
2010-08-27,"MA_Crossover(35,44)",7453.2500,7530.2500,1.0000,1.0000,155.2500,155.2500,7530.2500,8253.7500,8253.7500
2010-08-31,"MA_Crossover(35,44)",7432.2500,7509.2500,1.0000,1.0000,-21.0000,-21.0000,7509.2500,8232.7500,8232.7500
2010-09-01,"MA_Crossover(35,44)",7598.2500,7675.2500,1.0000,1.0000,166.0000,166.0000,7675.2500,8398.7500,8398.7500
2010-09-02,"MA_Crossover(35,44)",7625.7500,7702.7500,1.0000,1.0000,27.5000,27.5000,7702.7500,8426.2500,8426.2500
2010-09-03,"MA_Crossover(35,44)",7635.5000,7712.5000,1.0000,1.0000,9.7500,9.7500,7712.5000,8436.0000,8436.0000
2010-09-06,"MA_Crossover(35,44)",7695.5000,7772.5000,1.0000,1.0000,60.0000,60.0000,7772.5000,8496.0000,8496.0000
2010-09-07,"MA_Crossover(35,44)",7615.0000,7692.0000,1.0000,1.0000,-80.5000,-80.5000,7692.0000,8415.5000,8415.5000
2010-09-08,"MA_Crossover(35,44)",7659.7500,7736.7500,1.0000,1.0000,44.7500,44.7500,7736.7500,8460.2500,8460.2500
2010-09-09,"MA_Crossover(35,44)",7540.2500,7617.2500,1.0000,1.0000,-119.5000,-119.5000,7617.2500,8340.7500,8340.7500
2010-09-10,"MA_Crossover(35,44)",7471.2500,7548.2500,1.0000,1.0000,-69.0000,-69.0000,7548.2500,8271.7500,8271.7500
2010-09-13,"MA_Crossover(35,44)",7617.7500,7694.7500,1.0000,1.0000,146.5000,146.5000,7694.7500,8418.2500,8418.2500
2010-09-14,"MA_Crossover(35,44)",7649.0000,7721.7500,1.0000,1.0000,27.0000,27.0000,7721.7500,8445.2500,8445.2500
2010-09-15,"MA_Crossover(35,44)",7612.5000,7685.7500,1.0000,1.0000,-36.0000,-36.0000,7685.7500,8409.2500,8409.2500
2010-09-16,"MA_Crossover(35,44)",7697.2500,7768.5000,1.0000,1.0000,82.7500,82.7500,7768.5000,8492.0000,8492.0000
2010-09-17,"MA_Crossover(35,44)",7718.7500,7789.5000,1.0000,1.0000,21.0000,21.0000,7789.5000,8513.0000,8513.0000
2010-09-20,"MA_Crossover(35,44)",7711.5000,7782.2500,1.0000,1.0000,-7.2500,-7.2500,7782.2500,8505.7500,8505.7500
2010-09-21,"MA_Crossover(35,44)",7676.0000,7746.7500,1.0000,1.0000,-35.5000,-35.5000,7746.7500,8470.2500,8470.2500
2010-09-22,"MA_Crossover(35,44)",7844.0000,7914.7500,1.0000,1.0000,168.0000,168.0000,7914.7500,8638.2500,8638.2500
2010-09-23,"MA_Crossover(35,44)",7887.5000,7958.2500,1.0000,1.0000,43.5000,43.5000,7958.2500,8681.7500,8681.7500
2010-09-24,"MA_Crossover(35,44)",7949.5000,8020.2500,1.0000,1.0000,62.0000,62.0000,8020.2500,8743.7500,8743.7500
2010-09-27,"MA_Crossover(35,44)",7911.0000,7981.7500,1.0000,1.0000,-38.5000,-38.5000,7981.7500,8705.2500,8705.2500
2010-09-28,"MA_Crossover(35,44)",7951.0000,8021.7500,1.0000,1.0000,40.0000,40.0000,8021.7500,8745.2500,8745.2500
2010-09-29,"MA_Crossover(35,44)",8063.5000,8134.2500,1.0000,1.0000,112.5000,112.5000,8134.2500,8857.7500,8857.7500
2010-09-30,"MA_Crossover(35,44)",8010.0000,8080.7500,1.0000,1.0000,-53.5000,-53.5000,8080.7500,8804.2500,8804.2500
2010-10-01,"MA_Crossover(35,44)",8093.0000,8163.7500,1.0000,1.0000,83.0000,83.0000,8163.7500,8887.2500,8887.2500
2010-10-04,"MA_Crossover(35,44)",8053.5000,8124.2500,1.0000,1.0000,-39.5000,-39.5000,8124.2500,8847.7500,8847.7500
2010-10-05,"MA_Crossover(35,44)",8164.2500,8235.0000,1.0000,1.0000,110.7500,110.7500,8235.0000,8958.5000,8958.5000
2010-10-06,"MA_Crossover(35,44)",8246.2500,8317.0000,1.0000,1.0000,82.0000,82.0000,8317.0000,9040.5000,9040.5000
2010-10-07,"MA_Crossover(35,44)",8089.5000,8160.2500,1.0000,1.0000,-156.7500,-156.7500,8160.2500,8883.7500,8883.7500
2010-10-08,"MA_Crossover(35,44)",8306.0000,8376.7500,1.0000,1.0000,216.5000,216.5000,8376.7500,9100.2500,9100.2500
2010-10-11,"MA_Crossover(35,44)",8285.0000,8355.7500,1.0000,1.0000,-21.0000,-21.0000,8355.7500,9079.2500,9079.2500
2010-10-12,"MA_Crossover(35,44)",8342.2500,8413.0000,1.0000,1.0000,57.2500,57.2500,8413.0000,9136.5000,9136.5000
2010-10-13,"MA_Crossover(35,44)",8354.2500,8425.0000,1.0000,1.0000,12.0000,12.0000,8425.0000,9148.5000,9148.5000
2010-10-14,"MA_Crossover(35,44)",8388.0000,8458.7500,1.0000,1.0000,33.7500,33.7500,8458.7500,9182.2500,9182.2500
2010-10-15,"MA_Crossover(35,44)",8381.5000,8452.2500,1.0000,1.0000,-6.5000,-6.5000,8452.2500,9175.7500,9175.7500
2010-10-18,"MA_Crossover(35,44)",8426.0000,8496.7500,1.0000,1.0000,44.5000,44.5000,8496.7500,9220.2500,9220.2500
2010-10-19,"MA_Crossover(35,44)",8251.0000,8318.2500,1.0000,1.0000,-178.5000,-178.5000,8318.2500,9041.7500,9041.7500
2010-10-20,"MA_Crossover(35,44)",8330.0000,8397.7500,1.0000,1.0000,79.5000,79.5000,8397.7500,9121.2500,9121.2500
2010-10-21,"MA_Crossover(35,44)",8298.5000,8365.7500,1.0000,1.0000,-32.0000,-32.0000,8365.7500,9089.2500,9089.2500
2010-10-22,"MA_Crossover(35,44)",8326.0000,8386.7500,1.0000,1.0000,21.0000,21.0000,8386.7500,9110.2500,9110.2500
2010-10-25,"MA_Crossover(35,44)",8514.5000,8575.2500,1.0000,1.0000,188.5000,188.5000,8575.2500,9298.7500,9298.7500
2010-10-26,"MA_Crossover(35,44)",8508.7500,8569.5000,1.0000,1.0000,-5.7500,-5.7500,8569.5000,9293.0000,9293.0000
2010-10-27,"MA_Crossover(35,44)",8296.0000,8356.7500,1.0000,1.0000,-212.7500,-212.7500,8356.7500,9080.2500,9080.2500
2010-10-28,"MA_Crossover(35,44)",8334.0000,8394.7500,1.0000,1.0000,38.0000,38.0000,8394.7500,9118.2500,9118.2500
2010-10-29,"MA_Crossover(35,44)",8191.2500,8252.0000,1.0000,1.0000,-142.7500,-142.7500,8252.0000,8975.5000,8975.5000
2010-11-01,"MA_Crossover(35,44)",8291.0000,8351.7500,1.0000,1.0000,99.7500,99.7500,8351.7500,9075.2500,9075.2500
2010-11-02,"MA_Crossover(35,44)",8427.0000,8487.7500,1.0000,1.0000,136.0000,136.0000,8487.7500,9211.2500,9211.2500
2010-11-03,"MA_Crossover(35,44)",8312.0000,8372.7500,1.0000,1.0000,-115.0000,-115.0000,8372.7500,9096.2500,9096.2500
2010-11-04,"MA_Crossover(35,44)",8596.0000,8656.7500,1.0000,1.0000,284.0000,284.0000,8656.7500,9380.2500,9380.2500
2010-11-05,"MA_Crossover(35,44)",8653.0000,8713.7500,1.0000,1.0000,57.0000,57.0000,8713.7500,9437.2500,9437.2500
2010-11-08,"MA_Crossover(35,44)",8663.0000,8723.7500,1.0000,1.0000,10.0000,10.0000,8723.7500,9447.2500,9447.2500
2010-11-09,"MA_Crossover(35,44)",8862.5000,8923.2500,1.0000,1.0000,199.5000,199.5000,8923.2500,9646.7500,9646.7500
2010-11-10,"MA_Crossover(35,44)",8766.5000,8827.2500,1.0000,1.0000,-96.0000,-96.0000,8827.2500,9550.7500,9550.7500
2010-11-11,"MA_Crossover(35,44)",8835.7500,8896.5000,1.0000,1.0000,69.2500,69.2500,8896.5000,9620.0000,9620.0000
2010-11-12,"MA_Crossover(35,44)",8628.0000,8688.7500,1.0000,1.0000,-207.7500,-207.7500,8688.7500,9412.2500,9412.2500
2010-11-15,"MA_Crossover(35,44)",8670.0000,8730.7500,1.0000,1.0000,42.0000,42.0000,8730.7500,9454.2500,9454.2500
2010-11-16,"MA_Crossover(35,44)",8166.5000,8216.2500,1.0000,1.0000,-514.5000,-514.5000,8216.2500,8939.7500,8939.7500
2010-11-17,"MA_Crossover(35,44)",8221.0000,8263.7500,1.0000,1.0000,47.5000,47.5000,8263.7500,8987.2500,8987.2500
2010-11-18,"MA_Crossover(35,44)",8449.0000,8495.7500,1.0000,1.0000,232.0000,232.0000,8495.7500,9219.2500,9219.2500
2010-11-19,"MA_Crossover(35,44)",8431.0000,8491.7500,1.0000,1.0000,-4.0000,-4.0000,8491.7500,9215.2500,9215.2500
2010-11-22,"MA_Crossover(35,44)",8317.5000,8378.2500,1.0000,1.0000,-113.5000,-113.5000,8378.2500,9101.7500,9101.7500
2010-11-23,"MA_Crossover(35,44)",8170.0000,8230.7500,1.0000,1.0000,-147.5000,-147.5000,8230.7500,8954.2500,8954.2500
2010-11-24,"MA_Crossover(35,44)",8286.0000,8346.7500,1.0000,1.0000,116.0000,116.0000,8346.7500,9070.2500,9070.2500
2010-11-25,"MA_Crossover(35,44)",8388.0000,8448.7500,1.0000,1.0000,102.0000,102.0000,8448.7500,9172.2500,9172.2500
2010-11-26,"MA_Crossover(35,44)",8287.0000,8347.7500,1.0000,1.0000,-101.0000,-101.0000,8347.7500,9071.2500,9071.2500
2010-11-29,"MA_Crossover(35,44)",8266.0000,8326.7500,1.0000,1.0000,-21.0000,-21.0000,8326.7500,9050.2500,9050.2500
2010-11-30,"MA_Crossover(35,44)",8416.0000,8476.7500,1.0000,1.0000,150.0000,150.0000,8476.7500,9200.2500,9200.2500
2010-12-01,"MA_Crossover(35,44)",8647.0000,8707.7500,1.0000,1.0000,231.0000,231.0000,8707.7500,9431.2500,9431.2500
2010-12-02,"MA_Crossover(35,44)",8774.0000,8834.7500,1.0000,1.0000,127.0000,127.0000,8834.7500,9558.2500,9558.2500
2010-12-03,"MA_Crossover(35,44)",8768.0000,8828.7500,1.0000,1.0000,-6.0000,-6.0000,8828.7500,9552.2500,9552.2500
2010-12-06,"MA_Crossover(35,44)",8816.5000,8877.2500,1.0000,1.0000,48.5000,48.5000,8877.2500,9600.7500,9600.7500
2010-12-07,"MA_Crossover(35,44)",8911.0000,8971.7500,1.0000,1.0000,94.5000,94.5000,8971.7500,9695.2500,9695.2500
2010-12-08,"MA_Crossover(35,44)",9048.0000,9108.7500,1.0000,1.0000,137.0000,137.0000,9108.7500,9832.2500,9832.2500
2010-12-09,"MA_Crossover(35,44)",8987.5000,9048.2500,1.0000,1.0000,-60.5000,-60.5000,9048.2500,9771.7500,9771.7500
2010-12-10,"MA_Crossover(35,44)",9033.0000,9093.7500,1.0000,1.0000,45.5000,45.5000,9093.7500,9817.2500,9817.2500
2010-12-13,"MA_Crossover(35,44)",9295.0000,9355.7500,1.0000,1.0000,262.0000,262.0000,9355.7500,10079.2500,10079.2500
2010-12-14,"MA_Crossover(35,44)",9196.5000,9280.2500,1.0000,1.0000,-75.5000,-75.5000,9280.2500,10003.7500,10003.7500
2010-12-15,"MA_Crossover(35,44)",9126.0000,9210.7500,1.0000,1.0000,-69.5000,-69.5000,9210.7500,9934.2500,9934.2500
2010-12-16,"MA_Crossover(35,44)",9021.5000,9106.7500,1.0000,1.0000,-104.0000,-104.0000,9106.7500,9830.2500,9830.2500
2010-12-17,"MA_Crossover(35,44)",9104.0000,9203.7500,1.0000,1.0000,97.0000,97.0000,9203.7500,9927.2500,9927.2500
2010-12-20,"MA_Crossover(35,44)",9235.0000,9334.7500,1.0000,1.0000,131.0000,131.0000,9334.7500,10058.2500,10058.2500
2010-12-21,"MA_Crossover(35,44)",9401.0000,9500.7500,1.0000,1.0000,166.0000,166.0000,9500.7500,10224.2500,10224.2500
2010-12-22,"MA_Crossover(35,44)",9393.0000,9492.7500,1.0000,1.0000,-8.0000,-8.0000,9492.7500,10216.2500,10216.2500
2010-12-23,"MA_Crossover(35,44)",9341.0000,9440.7500,1.0000,1.0000,-52.0000,-52.0000,9440.7500,10164.2500,10164.2500
2010-12-24,"MA_Crossover(35,44)",9388.0000,9487.7500,1.0000,1.0000,47.0000,47.0000,9487.7500,10211.2500,10211.2500
2010-12-29,"MA_Crossover(35,44)",9442.0000,9541.7500,1.0000,1.0000,54.0000,54.0000,9541.7500,10265.2500,10265.2500
2010-12-30,"MA_Crossover(35,44)",9535.5000,9635.2500,1.0000,1.0000,93.5000,93.5000,9635.2500,10358.7500,10358.7500
2010-12-31,"MA_Crossover(35,44)",9644.0000,9743.7500,1.0000,1.0000,108.5000,108.5000,9743.7500,10467.2500,10467.2500
2011-01-04,"MA_Crossover(35,44)",9619.2500,9719.0000,1.0000,1.0000,-24.7500,-24.7500,9719.0000,10442.5000,10442.5000
2011-01-05,"MA_Crossover(35,44)",9586.0000,9685.7500,1.0000,1.0000,-33.2500,-33.2500,9685.7500,10409.2500,10409.2500
2011-01-06,"MA_Crossover(35,44)",9492.5000,9592.2500,1.0000,1.0000,-93.5000,-93.5000,9592.2500,10315.7500,10315.7500
2011-01-07,"MA_Crossover(35,44)",9436.0000,9535.7500,1.0000,1.0000,-56.5000,-56.5000,9535.7500,10259.2500,10259.2500
2011-01-10,"MA_Crossover(35,44)",9333.0000,9432.7500,1.0000,1.0000,-103.0000,-103.0000,9432.7500,10156.2500,10156.2500
2011-01-11,"MA_Crossover(35,44)",9524.5000,9624.2500,1.0000,1.0000,191.5000,191.5000,9624.2500,10347.7500,10347.7500
2011-01-12,"MA_Crossover(35,44)",9697.7500,9797.5000,1.0000,1.0000,173.2500,173.2500,9797.5000,10521.0000,10521.0000
2011-01-13,"MA_Crossover(35,44)",9622.5000,9722.2500,1.0000,1.0000,-75.2500,-75.2500,9722.2500,10445.7500,10445.7500
2011-01-14,"MA_Crossover(35,44)",9662.0000,9761.7500,1.0000,1.0000,39.5000,39.5000,9761.7500,10485.2500,10485.2500
2011-01-17,"MA_Crossover(35,44)",9648.0000,9747.7500,1.0000,1.0000,-14.0000,-14.0000,9747.7500,10471.2500,10471.2500
2011-01-18,"MA_Crossover(35,44)",9727.5000,9808.7500,1.0000,1.0000,61.0000,61.0000,9808.7500,10532.2500,10532.2500
2011-01-19,"MA_Crossover(35,44)",9596.0000,9680.7500,1.0000,1.0000,-128.0000,-128.0000,9680.7500,10404.2500,10404.2500
2011-01-20,"MA_Crossover(35,44)",9372.0000,9458.2500,1.0000,1.0000,-222.5000,-222.5000,9458.2500,10181.7500,10181.7500
2011-01-21,"MA_Crossover(35,44)",9462.5000,9556.2500,1.0000,1.0000,98.0000,98.0000,9556.2500,10279.7500,10279.7500
2011-01-24,"MA_Crossover(35,44)",9548.5000,9642.2500,1.0000,1.0000,86.0000,86.0000,9642.2500,10365.7500,10365.7500
2011-01-25,"MA_Crossover(35,44)",9265.0000,9358.7500,1.0000,1.0000,-283.5000,-283.5000,9358.7500,10082.2500,10082.2500
2011-01-26,"MA_Crossover(35,44)",9343.0000,9436.7500,1.0000,1.0000,78.0000,78.0000,9436.7500,10160.2500,10160.2500
2011-01-27,"MA_Crossover(35,44)",9455.5000,9549.2500,1.0000,1.0000,112.5000,112.5000,9549.2500,10272.7500,10272.7500
2011-01-28,"MA_Crossover(35,44)",9548.5000,9642.2500,1.0000,1.0000,93.0000,93.0000,9642.2500,10365.7500,10365.7500
2011-01-31,"MA_Crossover(35,44)",9770.5000,9864.2500,1.0000,1.0000,222.0000,222.0000,9864.2500,10587.7500,10587.7500
2011-02-01,"MA_Crossover(35,44)",9973.0000,10066.7500,1.0000,1.0000,202.5000,202.5000,10066.7500,10790.2500,10790.2500
2011-02-02,"MA_Crossover(35,44)",9966.5000,10060.2500,1.0000,1.0000,-6.5000,-6.5000,10060.2500,10783.7500,10783.7500
2011-02-03,"MA_Crossover(35,44)",9947.5000,10041.2500,1.0000,1.0000,-19.0000,-19.0000,10041.2500,10764.7500,10764.7500
2011-02-04,"MA_Crossover(35,44)",10067.0000,10160.7500,1.0000,1.0000,119.5000,119.5000,10160.7500,10884.2500,10884.2500
2011-02-07,"MA_Crossover(35,44)",10056.0000,10149.7500,1.0000,1.0000,-11.0000,-11.0000,10149.7500,10873.2500,10873.2500
2011-02-08,"MA_Crossover(35,44)",10073.0000,10166.7500,1.0000,1.0000,17.0000,17.0000,10166.7500,10890.2500,10890.2500
2011-02-09,"MA_Crossover(35,44)",9934.5000,10028.2500,1.0000,1.0000,-138.5000,-138.5000,10028.2500,10751.7500,10751.7500
2011-02-10,"MA_Crossover(35,44)",9950.0000,10043.7500,1.0000,1.0000,15.5000,15.5000,10043.7500,10767.2500,10767.2500
2011-02-11,"MA_Crossover(35,44)",9975.5000,10069.2500,1.0000,1.0000,25.5000,25.5000,10069.2500,10792.7500,10792.7500
2011-02-14,"MA_Crossover(35,44)",10179.5000,10273.2500,1.0000,1.0000,204.0000,204.0000,10273.2500,10996.7500,10996.7500
2011-02-15,"MA_Crossover(35,44)",10017.7500,10121.0000,1.0000,1.0000,-152.2500,-152.2500,10121.0000,10844.5000,10844.5000
2011-02-16,"MA_Crossover(35,44)",9841.0000,9948.2500,1.0000,1.0000,-172.7500,-172.7500,9948.2500,10671.7500,10671.7500
2011-02-17,"MA_Crossover(35,44)",9806.5000,9912.2500,1.0000,1.0000,-36.0000,-36.0000,9912.2500,10635.7500,10635.7500
2011-02-18,"MA_Crossover(35,44)",9860.0000,9966.2500,1.0000,1.0000,54.0000,54.0000,9966.2500,10689.7500,10689.7500
2011-02-21,"MA_Crossover(35,44)",9808.0000,9914.2500,1.0000,1.0000,-52.0000,-52.0000,9914.2500,10637.7500,10637.7500
2011-02-22,"MA_Crossover(35,44)",9574.0000,9680.2500,1.0000,1.0000,-234.0000,-234.0000,9680.2500,10403.7500,10403.7500
2011-02-23,"MA_Crossover(35,44)",9417.7500,9524.0000,1.0000,1.0000,-156.2500,-156.2500,9524.0000,10247.5000,10247.5000
2011-02-24,"MA_Crossover(35,44)",9497.0000,9603.2500,1.0000,1.0000,79.2500,79.2500,9603.2500,10326.7500,10326.7500
2011-02-25,"MA_Crossover(35,44)",9761.0000,9867.2500,1.0000,1.0000,264.0000,264.0000,9867.2500,10590.7500,10590.7500
2011-02-28,"MA_Crossover(35,44)",9882.5000,9988.7500,1.0000,1.0000,121.5000,121.5000,9988.7500,10712.2500,10712.2500
2011-03-01,"MA_Crossover(35,44)",9851.0000,9957.2500,1.0000,1.0000,-31.5000,-31.5000,9957.2500,10680.7500,10680.7500
2011-03-02,"MA_Crossover(35,44)",9879.0000,9985.2500,1.0000,1.0000,28.0000,28.0000,9985.2500,10708.7500,10708.7500
2011-03-03,"MA_Crossover(35,44)",9902.5000,10008.7500,1.0000,1.0000,23.5000,23.5000,10008.7500,10732.2500,10732.2500
2011-03-04,"MA_Crossover(35,44)",9882.5000,9988.7500,1.0000,1.0000,-20.0000,-20.0000,9988.7500,10712.2500,10712.2500
2011-03-07,"MA_Crossover(35,44)",9484.0000,9590.2500,1.0000,1.0000,-398.5000,-398.5000,9590.2500,10313.7500,10313.7500
2011-03-08,"MA_Crossover(35,44)",9511.0000,9617.2500,1.0000,1.0000,27.0000,27.0000,9617.2500,10340.7500,10340.7500
2011-03-09,"MA_Crossover(35,44)",9254.0000,9360.2500,1.0000,1.0000,-257.0000,-257.0000,9360.2500,10083.7500,10083.7500
2011-03-10,"MA_Crossover(35,44)",9171.0000,9277.2500,1.0000,1.0000,-83.0000,-83.0000,9277.2500,10000.7500,10000.7500
2011-03-11,"MA_Crossover(35,44)",9171.0000,9277.2500,1.0000,1.0000,0.0000,0.0000,9277.2500,10000.7500,10000.7500
2011-03-14,"MA_Crossover(35,44)",9172.7500,9279.0000,1.0000,1.0000,1.7500,1.7500,9279.0000,10002.5000,10002.5000
2011-03-15,"MA_Crossover(35,44)",9114.5000,9216.0000,1.0000,1.0000,-63.0000,-63.0000,9216.0000,9939.5000,9939.5000
2011-03-16,"MA_Crossover(35,44)",9261.0000,9360.5000,1.0000,1.0000,144.5000,144.5000,9360.5000,10084.0000,10084.0000
2011-03-17,"MA_Crossover(35,44)",9567.5000,9667.2500,1.0000,1.0000,306.7500,306.7500,9667.2500,10390.7500,10390.7500
2011-03-18,"MA_Crossover(35,44)",9513.5000,9611.0000,1.0000,1.0000,-56.2500,-56.2500,9611.0000,10334.5000,10334.5000
2011-03-21,"MA_Crossover(35,44)",9393.0000,9490.5000,1.0000,1.0000,-120.5000,-120.5000,9490.5000,10214.0000,10214.0000
2011-03-22,"MA_Crossover(35,44)",9486.0000,9583.5000,1.0000,1.0000,93.0000,93.0000,9583.5000,10307.0000,10307.0000
2011-03-23,"MA_Crossover(35,44)",9722.5000,9820.0000,1.0000,1.0000,236.5000,236.5000,9820.0000,10543.5000,10543.5000
2011-03-24,"MA_Crossover(35,44)",9709.0000,9806.5000,1.0000,1.0000,-13.5000,-13.5000,9806.5000,10530.0000,10530.0000
2011-03-25,"MA_Crossover(35,44)",9677.0000,9774.5000,-1.0000,1.0000,-32.0000,-32.0000,9774.5000,10498.0000,10498.0000
2011-03-28,"MA_Crossover(35,44)",9525.5000,9623.0000,-1.0000,-1.0000,-151.5000,151.5000,-9623.0000,10649.5000,10649.5000
2011-03-29,"MA_Crossover(35,44)",9576.0000,9673.5000,-1.0000,-1.0000,50.5000,-50.5000,-9673.5000,10599.0000,10599.0000
2011-03-30,"MA_Crossover(35,44)",9371.0000,9468.5000,-1.0000,-1.0000,-205.0000,205.0000,-9468.5000,10804.0000,10804.0000
2011-03-31,"MA_Crossover(35,44)",9420.0000,9517.5000,-1.0000,-1.0000,49.0000,-49.0000,-9517.5000,10755.0000,10755.0000
2011-04-01,"MA_Crossover(35,44)",9349.2500,9446.7500,-1.0000,-1.0000,-70.7500,70.7500,-9446.7500,10825.7500,10825.7500
2011-04-04,"MA_Crossover(35,44)",9317.0000,9414.5000,-1.0000,-1.0000,-32.2500,32.2500,-9414.5000,10858.0000,10858.0000
2011-04-05,"MA_Crossover(35,44)",9375.0000,9472.5000,-1.0000,-1.0000,58.0000,-58.0000,-9472.5000,10800.0000,10800.0000
2011-04-06,"MA_Crossover(35,44)",9591.0000,9688.5000,-1.0000,-1.0000,216.0000,-216.0000,-9688.5000,10584.0000,10584.0000
2011-04-07,"MA_Crossover(35,44)",9654.5000,9752.0000,-1.0000,-1.0000,63.5000,-63.5000,-9752.0000,10520.5000,10520.5000
2011-04-08,"MA_Crossover(35,44)",9859.2500,9956.7500,-1.0000,-1.0000,204.7500,-204.7500,-9956.7500,10315.7500,10315.7500
2011-04-11,"MA_Crossover(35,44)",9839.5000,9937.0000,-1.0000,-1.0000,-19.7500,19.7500,-9937.0000,10335.5000,10335.5000
2011-04-12,"MA_Crossover(35,44)",9606.5000,9704.0000,-1.0000,-1.0000,-233.0000,233.0000,-9704.0000,10568.5000,10568.5000
2011-04-13,"MA_Crossover(35,44)",9490.7500,9588.2500,-1.0000,-1.0000,-115.7500,115.7500,-9588.2500,10684.2500,10684.2500
2011-04-14,"MA_Crossover(35,44)",9390.2500,9487.7500,-1.0000,-1.0000,-100.5000,100.5000,-9487.7500,10784.7500,10784.7500
2011-04-15,"MA_Crossover(35,44)",9384.7500,9482.2500,-1.0000,-1.0000,-5.5000,5.5000,-9482.2500,10790.2500,10790.2500
2011-04-18,"MA_Crossover(35,44)",9203.5000,9301.0000,-1.0000,-1.0000,-181.2500,181.2500,-9301.0000,10971.5000,10971.5000
2011-04-19,"MA_Crossover(35,44)",9327.0000,9423.7500,-1.0000,-1.0000,122.7500,-122.7500,-9423.7500,10848.7500,10848.7500
2011-04-20,"MA_Crossover(35,44)",9565.0000,9662.2500,-1.0000,-1.0000,238.5000,-238.5000,-9662.2500,10610.2500,10610.2500
2011-04-21,"MA_Crossover(35,44)",9691.0000,9788.5000,-1.0000,-1.0000,126.2500,-126.2500,-9788.5000,10484.0000,10484.0000
2011-04-26,"MA_Crossover(35,44)",9530.5000,9620.2500,-1.0000,-1.0000,-168.2500,168.2500,-9620.2500,10652.2500,10652.2500
2011-04-27,"MA_Crossover(35,44)",9305.0000,9394.7500,-1.0000,-1.0000,-225.5000,225.5000,-9394.7500,10877.7500,10877.7500
2011-04-28,"MA_Crossover(35,44)",9303.0000,9392.7500,-1.0000,-1.0000,-2.0000,2.0000,-9392.7500,10879.7500,10879.7500
2011-05-03,"MA_Crossover(35,44)",9328.7500,9418.5000,-1.0000,-1.0000,25.7500,-25.7500,-9418.5000,10854.0000,10854.0000
2011-05-04,"MA_Crossover(35,44)",9101.5000,9191.2500,-1.0000,-1.0000,-227.2500,227.2500,-9191.2500,11081.2500,11081.2500
2011-05-05,"MA_Crossover(35,44)",8798.2500,8888.0000,-1.0000,-1.0000,-303.2500,303.2500,-8888.0000,11384.5000,11384.5000
2011-05-06,"MA_Crossover(35,44)",8811.2500,8901.0000,-1.0000,-1.0000,13.0000,-13.0000,-8901.0000,11371.5000,11371.5000
2011-05-09,"MA_Crossover(35,44)",8869.5000,8959.2500,1.0000,-1.0000,58.2500,-58.2500,-8959.2500,11313.2500,11313.2500
2011-05-10,"MA_Crossover(35,44)",8891.2500,8981.0000,1.0000,1.0000,21.7500,21.7500,8981.0000,11335.0000,11335.0000
2011-05-11,"MA_Crossover(35,44)",8682.2500,8772.0000,1.0000,1.0000,-209.0000,-209.0000,8772.0000,11126.0000,11126.0000
2011-05-12,"MA_Crossover(35,44)",8713.2500,8803.0000,1.0000,1.0000,31.0000,31.0000,8803.0000,11157.0000,11157.0000
2011-05-13,"MA_Crossover(35,44)",8770.2500,8860.0000,1.0000,1.0000,57.0000,57.0000,8860.0000,11214.0000,11214.0000
2011-05-16,"MA_Crossover(35,44)",8816.0000,8905.7500,1.0000,1.0000,45.7500,45.7500,8905.7500,11259.7500,11259.7500
2011-05-17,"MA_Crossover(35,44)",8786.5000,8872.2500,-1.0000,1.0000,-33.5000,-33.5000,8872.2500,11226.2500,11226.2500
2011-05-18,"MA_Crossover(35,44)",9052.5000,9139.0000,-1.0000,-1.0000,266.7500,-266.7500,-9139.0000,10959.5000,10959.5000
2011-05-19,"MA_Crossover(35,44)",8936.0000,9022.7500,-1.0000,-1.0000,-116.2500,116.2500,-9022.7500,11075.7500,11075.7500
2011-05-20,"MA_Crossover(35,44)",9058.0000,9136.7500,-1.0000,-1.0000,114.0000,-114.0000,-9136.7500,10961.7500,10961.7500
2011-05-23,"MA_Crossover(35,44)",8784.0000,8862.7500,-1.0000,-1.0000,-274.0000,274.0000,-8862.7500,11235.7500,11235.7500
2011-05-24,"MA_Crossover(35,44)",8856.0000,8934.7500,-1.0000,-1.0000,72.0000,-72.0000,-8934.7500,11163.7500,11163.7500
2011-05-25,"MA_Crossover(35,44)",9064.5000,9143.2500,-1.0000,-1.0000,208.5000,-208.5000,-9143.2500,10955.2500,10955.2500
2011-05-26,"MA_Crossover(35,44)",9015.0000,9093.7500,-1.0000,-1.0000,-49.5000,49.5000,-9093.7500,11004.7500,11004.7500
2011-05-27,"MA_Crossover(35,44)",9192.7500,9271.5000,-1.0000,-1.0000,177.7500,-177.7500,-9271.5000,10827.0000,10827.0000
2011-05-31,"MA_Crossover(35,44)",9206.2500,9285.0000,-1.0000,-1.0000,13.5000,-13.5000,-9285.0000,10813.5000,10813.5000
2011-06-01,"MA_Crossover(35,44)",9094.0000,9172.7500,-1.0000,-1.0000,-112.2500,112.2500,-9172.7500,10925.7500,10925.7500
2011-06-02,"MA_Crossover(35,44)",8910.0000,8988.7500,-1.0000,-1.0000,-184.0000,184.0000,-8988.7500,11109.7500,11109.7500
2011-06-03,"MA_Crossover(35,44)",9090.2500,9169.0000,-1.0000,-1.0000,180.2500,-180.2500,-9169.0000,10929.5000,10929.5000
2011-06-06,"MA_Crossover(35,44)",9125.0000,9203.7500,-1.0000,-1.0000,34.7500,-34.7500,-9203.7500,10894.7500,10894.7500
2011-06-07,"MA_Crossover(35,44)",9128.7500,9207.5000,-1.0000,-1.0000,3.7500,-3.7500,-9207.5000,10891.0000,10891.0000
2011-06-08,"MA_Crossover(35,44)",9017.2500,9096.0000,-1.0000,-1.0000,-111.5000,111.5000,-9096.0000,11002.5000,11002.5000
2011-06-09,"MA_Crossover(35,44)",9041.0000,9119.7500,-1.0000,-1.0000,23.7500,-23.7500,-9119.7500,10978.7500,10978.7500
2011-06-10,"MA_Crossover(35,44)",8924.0000,9002.7500,-1.0000,-1.0000,-117.0000,117.0000,-9002.7500,11095.7500,11095.7500
2011-06-13,"MA_Crossover(35,44)",8896.2500,8975.0000,-1.0000,-1.0000,-27.7500,27.7500,-8975.0000,11123.5000,11123.5000
2011-06-14,"MA_Crossover(35,44)",9167.7500,9236.2500,-1.0000,-1.0000,261.2500,-261.2500,-9236.2500,10862.2500,10862.2500
2011-06-15,"MA_Crossover(35,44)",9152.2500,9222.0000,-1.0000,-1.0000,-14.2500,14.2500,-9222.0000,10876.5000,10876.5000
2011-06-16,"MA_Crossover(35,44)",9064.2500,9133.5000,-1.0000,-1.0000,-88.5000,88.5000,-9133.5000,10965.0000,10965.0000
2011-06-17,"MA_Crossover(35,44)",9094.5000,9164.2500,-1.0000,-1.0000,30.7500,-30.7500,-9164.2500,10934.2500,10934.2500
2011-06-20,"MA_Crossover(35,44)",9005.0000,9074.7500,-1.0000,-1.0000,-89.5000,89.5000,-9074.7500,11023.7500,11023.7500
2011-06-21,"MA_Crossover(35,44)",9080.7500,9150.5000,-1.0000,-1.0000,75.7500,-75.7500,-9150.5000,10948.0000,10948.0000
2011-06-22,"MA_Crossover(35,44)",9017.2500,9087.0000,-1.0000,-1.0000,-63.5000,63.5000,-9087.0000,11011.5000,11011.5000
2011-06-23,"MA_Crossover(35,44)",8962.0000,9031.7500,-1.0000,-1.0000,-55.2500,55.2500,-9031.7500,11066.7500,11066.7500
2011-06-24,"MA_Crossover(35,44)",9043.5000,9113.2500,-1.0000,-1.0000,81.5000,-81.5000,-9113.2500,10985.2500,10985.2500
2011-06-27,"MA_Crossover(35,44)",8966.5000,9036.2500,-1.0000,-1.0000,-77.0000,77.0000,-9036.2500,11062.2500,11062.2500
2011-06-28,"MA_Crossover(35,44)",9068.0000,9137.7500,-1.0000,-1.0000,101.5000,-101.5000,-9137.7500,10960.7500,10960.7500
2011-06-29,"MA_Crossover(35,44)",9320.0000,9389.7500,-1.0000,-1.0000,252.0000,-252.0000,-9389.7500,10708.7500,10708.7500
2011-06-30,"MA_Crossover(35,44)",9422.0000,9491.7500,1.0000,-1.0000,102.0000,-102.0000,-9491.7500,10606.7500,10606.7500
2011-07-01,"MA_Crossover(35,44)",9437.0000,9506.7500,1.0000,1.0000,15.0000,15.0000,9506.7500,10621.7500,10621.7500
2011-07-04,"MA_Crossover(35,44)",9446.0000,9515.7500,1.0000,1.0000,9.0000,9.0000,9515.7500,10630.7500,10630.7500
2011-07-05,"MA_Crossover(35,44)",9529.2500,9599.0000,1.0000,1.0000,83.2500,83.2500,9599.0000,10714.0000,10714.0000
2011-07-06,"MA_Crossover(35,44)",9509.0000,9578.7500,1.0000,1.0000,-20.2500,-20.2500,9578.7500,10693.7500,10693.7500
2011-07-07,"MA_Crossover(35,44)",9728.0000,9797.7500,1.0000,1.0000,219.0000,219.0000,9797.7500,10912.7500,10912.7500
2011-07-08,"MA_Crossover(35,44)",9647.5000,9717.2500,1.0000,1.0000,-80.5000,-80.5000,9717.2500,10832.2500,10832.2500
2011-07-11,"MA_Crossover(35,44)",9552.0000,9621.7500,1.0000,1.0000,-95.5000,-95.5000,9621.7500,10736.7500,10736.7500
2011-07-12,"MA_Crossover(35,44)",9631.7500,9701.5000,1.0000,1.0000,79.7500,79.7500,9701.5000,10816.5000,10816.5000
2011-07-13,"MA_Crossover(35,44)",9630.7500,9700.5000,1.0000,1.0000,-1.0000,-1.0000,9700.5000,10815.5000,10815.5000
2011-07-14,"MA_Crossover(35,44)",9610.2500,9680.0000,1.0000,1.0000,-20.5000,-20.5000,9680.0000,10795.0000,10795.0000
2011-07-15,"MA_Crossover(35,44)",9651.5000,9721.2500,1.0000,1.0000,41.2500,41.2500,9721.2500,10836.2500,10836.2500
2011-07-18,"MA_Crossover(35,44)",9672.7500,9742.5000,1.0000,1.0000,21.2500,21.2500,9742.5000,10857.5000,10857.5000
2011-07-19,"MA_Crossover(35,44)",9827.2500,9895.2500,1.0000,1.0000,152.7500,152.7500,9895.2500,11010.2500,11010.2500
2011-07-20,"MA_Crossover(35,44)",9742.2500,9810.2500,1.0000,1.0000,-85.0000,-85.0000,9810.2500,10925.2500,10925.2500
2011-07-21,"MA_Crossover(35,44)",9667.0000,9735.2500,1.0000,1.0000,-75.0000,-75.0000,9735.2500,10850.2500,10850.2500
2011-07-22,"MA_Crossover(35,44)",9661.7500,9722.2500,1.0000,1.0000,-13.0000,-13.0000,9722.2500,10837.2500,10837.2500
2011-07-25,"MA_Crossover(35,44)",9640.2500,9700.7500,1.0000,1.0000,-21.5000,-21.5000,9700.7500,10815.7500,10815.7500
2011-07-26,"MA_Crossover(35,44)",9805.5000,9866.0000,1.0000,1.0000,165.2500,165.2500,9866.0000,10981.0000,10981.0000
2011-07-27,"MA_Crossover(35,44)",9763.2500,9823.7500,1.0000,1.0000,-42.2500,-42.2500,9823.7500,10938.7500,10938.7500
2011-07-28,"MA_Crossover(35,44)",9799.0000,9859.5000,1.0000,1.0000,35.7500,35.7500,9859.5000,10974.5000,10974.5000
2011-07-29,"MA_Crossover(35,44)",9815.5000,9876.0000,1.0000,1.0000,16.5000,16.5000,9876.0000,10991.0000,10991.0000
2011-08-01,"MA_Crossover(35,44)",9633.5000,9694.0000,1.0000,1.0000,-182.0000,-182.0000,9694.0000,10809.0000,10809.0000
2011-08-02,"MA_Crossover(35,44)",9662.0000,9722.5000,1.0000,1.0000,28.5000,28.5000,9722.5000,10837.5000,10837.5000
2011-08-03,"MA_Crossover(35,44)",9514.7500,9575.2500,1.0000,1.0000,-147.2500,-147.2500,9575.2500,10690.2500,10690.2500
2011-08-04,"MA_Crossover(35,44)",9334.0000,9394.5000,1.0000,1.0000,-180.7500,-180.7500,9394.5000,10509.5000,10509.5000
2011-08-05,"MA_Crossover(35,44)",9021.0000,9081.5000,1.0000,1.0000,-313.0000,-313.0000,9081.5000,10196.5000,10196.5000
2011-08-08,"MA_Crossover(35,44)",8763.7500,8824.2500,1.0000,1.0000,-257.2500,-257.2500,8824.2500,9939.2500,9939.2500
2011-08-09,"MA_Crossover(35,44)",8712.7500,8773.2500,1.0000,1.0000,-51.0000,-51.0000,8773.2500,9888.2500,9888.2500
2011-08-10,"MA_Crossover(35,44)",8574.7500,8635.2500,1.0000,1.0000,-138.0000,-138.0000,8635.2500,9750.2500,9750.2500
2011-08-11,"MA_Crossover(35,44)",8860.0000,8920.5000,1.0000,1.0000,285.2500,285.2500,8920.5000,10035.5000,10035.5000
2011-08-12,"MA_Crossover(35,44)",8845.5000,8906.0000,1.0000,1.0000,-14.5000,-14.5000,8906.0000,10021.0000,10021.0000
2011-08-15,"MA_Crossover(35,44)",8888.2500,8948.7500,1.0000,1.0000,42.7500,42.7500,8948.7500,10063.7500,10063.7500
2011-08-16,"MA_Crossover(35,44)",8819.7500,8875.7500,1.0000,1.0000,-73.0000,-73.0000,8875.7500,9990.7500,9990.7500
2011-08-17,"MA_Crossover(35,44)",8954.5000,9010.7500,1.0000,1.0000,135.0000,135.0000,9010.7500,10125.7500,10125.7500
2011-08-18,"MA_Crossover(35,44)",8759.7500,8815.7500,1.0000,1.0000,-195.0000,-195.0000,8815.7500,9930.7500,9930.7500
2011-08-19,"MA_Crossover(35,44)",8813.7500,8863.7500,1.0000,1.0000,48.0000,48.0000,8863.7500,9978.7500,9978.7500
2011-08-22,"MA_Crossover(35,44)",8708.5000,8758.5000,1.0000,1.0000,-105.2500,-105.2500,8758.5000,9873.5000,9873.5000
2011-08-23,"MA_Crossover(35,44)",8838.7500,8888.7500,1.0000,1.0000,130.2500,130.2500,8888.7500,10003.7500,10003.7500
2011-08-24,"MA_Crossover(35,44)",8866.0000,8916.0000,1.0000,1.0000,27.2500,27.2500,8916.0000,10031.0000,10031.0000
2011-08-25,"MA_Crossover(35,44)",9022.0000,9072.0000,-1.0000,1.0000,156.0000,156.0000,9072.0000,10187.0000,10187.0000
2011-08-26,"MA_Crossover(35,44)",9066.7500,9116.7500,-1.0000,-1.0000,44.7500,-44.7500,-9116.7500,10142.2500,10142.2500
2011-08-30,"MA_Crossover(35,44)",9150.5000,9200.5000,-1.0000,-1.0000,83.7500,-83.7500,-9200.5000,10058.5000,10058.5000
2011-08-31,"MA_Crossover(35,44)",9263.7500,9313.7500,-1.0000,-1.0000,113.2500,-113.2500,-9313.7500,9945.2500,9945.2500
2011-09-01,"MA_Crossover(35,44)",9132.2500,9182.2500,-1.0000,-1.0000,-131.5000,131.5000,-9182.2500,10076.7500,10076.7500
2011-09-02,"MA_Crossover(35,44)",9062.2500,9112.2500,-1.0000,-1.0000,-70.0000,70.0000,-9112.2500,10146.7500,10146.7500
2011-09-05,"MA_Crossover(35,44)",8945.0000,8995.0000,-1.0000,-1.0000,-117.2500,117.2500,-8995.0000,10264.0000,10264.0000
2011-09-06,"MA_Crossover(35,44)",8918.0000,8968.0000,-1.0000,-1.0000,-27.0000,27.0000,-8968.0000,10291.0000,10291.0000
2011-09-07,"MA_Crossover(35,44)",9078.0000,9128.0000,-1.0000,-1.0000,160.0000,-160.0000,-9128.0000,10131.0000,10131.0000
2011-09-08,"MA_Crossover(35,44)",9100.0000,9150.0000,-1.0000,-1.0000,22.0000,-22.0000,-9150.0000,10109.0000,10109.0000
2011-09-09,"MA_Crossover(35,44)",8803.2500,8853.2500,-1.0000,-1.0000,-296.7500,296.7500,-8853.2500,10405.7500,10405.7500
2011-09-12,"MA_Crossover(35,44)",8735.2500,8785.2500,-1.0000,-1.0000,-68.0000,68.0000,-8785.2500,10473.7500,10473.7500
2011-09-13,"MA_Crossover(35,44)",8748.7500,8798.7500,-1.0000,-1.0000,13.5000,-13.5000,-8798.7500,10460.2500,10460.2500
2011-09-14,"MA_Crossover(35,44)",8606.7500,8656.7500,-1.0000,-1.0000,-142.0000,142.0000,-8656.7500,10602.2500,10602.2500
2011-09-15,"MA_Crossover(35,44)",8687.5000,8737.5000,-1.0000,-1.0000,80.7500,-80.7500,-8737.5000,10521.5000,10521.5000
2011-09-16,"MA_Crossover(35,44)",8671.7500,8721.7500,-1.0000,-1.0000,-15.7500,15.7500,-8721.7500,10537.2500,10537.2500
2011-09-19,"MA_Crossover(35,44)",8339.0000,8389.0000,-1.0000,-1.0000,-332.7500,332.7500,-8389.0000,10870.0000,10870.0000
2011-09-20,"MA_Crossover(35,44)",8291.0000,8336.7500,-1.0000,-1.0000,-52.2500,52.2500,-8336.7500,10922.2500,10922.2500
2011-09-21,"MA_Crossover(35,44)",8287.0000,8332.0000,-1.0000,-1.0000,-4.7500,4.7500,-8332.0000,10927.0000,10927.0000
2011-09-22,"MA_Crossover(35,44)",7663.2500,7708.0000,-1.0000,-1.0000,-624.0000,624.0000,-7708.0000,11551.0000,11551.0000
2011-09-23,"MA_Crossover(35,44)",7354.5000,7393.2500,-1.0000,-1.0000,-314.7500,314.7500,-7393.2500,11865.7500,11865.7500
2011-09-26,"MA_Crossover(35,44)",7261.7500,7300.5000,-1.0000,-1.0000,-92.7500,92.7500,-7300.5000,11958.5000,11958.5000
2011-09-27,"MA_Crossover(35,44)",7588.7500,7627.5000,-1.0000,-1.0000,327.0000,-327.0000,-7627.5000,11631.5000,11631.5000
2011-09-28,"MA_Crossover(35,44)",7240.0000,7278.7500,-1.0000,-1.0000,-348.7500,348.7500,-7278.7500,11980.2500,11980.2500
2011-09-29,"MA_Crossover(35,44)",7217.2500,7256.0000,-1.0000,-1.0000,-22.7500,22.7500,-7256.0000,12003.0000,12003.0000
2011-09-30,"MA_Crossover(35,44)",7004.5000,7043.2500,-1.0000,-1.0000,-212.7500,212.7500,-7043.2500,12215.7500,12215.7500
2011-10-03,"MA_Crossover(35,44)",6974.7500,7013.5000,-1.0000,-1.0000,-29.7500,29.7500,-7013.5000,12245.5000,12245.5000
2011-10-04,"MA_Crossover(35,44)",6784.7500,6823.5000,-1.0000,-1.0000,-190.0000,190.0000,-6823.5000,12435.5000,12435.5000
2011-10-05,"MA_Crossover(35,44)",6805.7500,6844.5000,-1.0000,-1.0000,21.0000,-21.0000,-6844.5000,12414.5000,12414.5000
2011-10-06,"MA_Crossover(35,44)",7211.7500,7250.5000,-1.0000,-1.0000,406.0000,-406.0000,-7250.5000,12008.5000,12008.5000
2011-10-07,"MA_Crossover(35,44)",7353.2500,7392.0000,-1.0000,-1.0000,141.5000,-141.5000,-7392.0000,11867.0000,11867.0000
2011-10-10,"MA_Crossover(35,44)",7479.0000,7517.7500,-1.0000,-1.0000,125.7500,-125.7500,-7517.7500,11741.2500,11741.2500
2011-10-11,"MA_Crossover(35,44)",7274.0000,7312.7500,-1.0000,-1.0000,-205.0000,205.0000,-7312.7500,11946.2500,11946.2500
2011-10-12,"MA_Crossover(35,44)",7510.0000,7548.7500,-1.0000,-1.0000,236.0000,-236.0000,-7548.7500,11710.2500,11710.2500
2011-10-13,"MA_Crossover(35,44)",7294.2500,7333.0000,-1.0000,-1.0000,-215.7500,215.7500,-7333.0000,11926.0000,11926.0000
2011-10-14,"MA_Crossover(35,44)",7533.0000,7571.7500,-1.0000,-1.0000,238.7500,-238.7500,-7571.7500,11687.2500,11687.2500
2011-10-17,"MA_Crossover(35,44)",7481.0000,7519.7500,-1.0000,-1.0000,-52.0000,52.0000,-7519.7500,11739.2500,11739.2500
2011-10-18,"MA_Crossover(35,44)",7443.0000,7476.7500,-1.0000,-1.0000,-43.0000,43.0000,-7476.7500,11782.2500,11782.2500
2011-10-19,"MA_Crossover(35,44)",7204.5000,7239.0000,-1.0000,-1.0000,-237.7500,237.7500,-7239.0000,12020.0000,12020.0000
2011-10-20,"MA_Crossover(35,44)",6729.0000,6764.2500,-1.0000,-1.0000,-474.7500,474.7500,-6764.2500,12494.7500,12494.7500
2011-10-21,"MA_Crossover(35,44)",7143.5000,7174.2500,-1.0000,-1.0000,410.0000,-410.0000,-7174.2500,12084.7500,12084.7500
2011-10-24,"MA_Crossover(35,44)",7636.5000,7667.2500,-1.0000,-1.0000,493.0000,-493.0000,-7667.2500,11591.7500,11591.7500
2011-10-25,"MA_Crossover(35,44)",7530.0000,7560.7500,-1.0000,-1.0000,-106.5000,106.5000,-7560.7500,11698.2500,11698.2500
2011-10-26,"MA_Crossover(35,44)",7682.0000,7712.7500,-1.0000,-1.0000,152.0000,-152.0000,-7712.7500,11546.2500,11546.2500
2011-10-27,"MA_Crossover(35,44)",8149.0000,8179.7500,-1.0000,-1.0000,467.0000,-467.0000,-8179.7500,11079.2500,11079.2500
2011-10-28,"MA_Crossover(35,44)",8174.5000,8205.2500,-1.0000,-1.0000,25.5000,-25.5000,-8205.2500,11053.7500,11053.7500
2011-10-31,"MA_Crossover(35,44)",7986.0000,8016.7500,-1.0000,-1.0000,-188.5000,188.5000,-8016.7500,11242.2500,11242.2500
2011-11-01,"MA_Crossover(35,44)",7719.5000,7750.2500,-1.0000,-1.0000,-266.5000,266.5000,-7750.2500,11508.7500,11508.7500
2011-11-02,"MA_Crossover(35,44)",7874.5000,7905.2500,-1.0000,-1.0000,155.0000,-155.0000,-7905.2500,11353.7500,11353.7500
2011-11-03,"MA_Crossover(35,44)",7905.7500,7936.5000,-1.0000,-1.0000,31.2500,-31.2500,-7936.5000,11322.5000,11322.5000
2011-11-04,"MA_Crossover(35,44)",7856.2500,7887.0000,-1.0000,-1.0000,-49.5000,49.5000,-7887.0000,11372.0000,11372.0000
2011-11-07,"MA_Crossover(35,44)",7810.0000,7840.7500,-1.0000,-1.0000,-46.2500,46.2500,-7840.7500,11418.2500,11418.2500
2011-11-08,"MA_Crossover(35,44)",7786.0000,7816.7500,-1.0000,-1.0000,-24.0000,24.0000,-7816.7500,11442.2500,11442.2500
2011-11-09,"MA_Crossover(35,44)",7609.0000,7639.7500,-1.0000,-1.0000,-177.0000,177.0000,-7639.7500,11619.2500,11619.2500
2011-11-10,"MA_Crossover(35,44)",7458.2500,7489.0000,-1.0000,-1.0000,-150.7500,150.7500,-7489.0000,11770.0000,11770.0000
2011-11-11,"MA_Crossover(35,44)",7621.0000,7651.7500,-1.0000,-1.0000,162.7500,-162.7500,-7651.7500,11607.2500,11607.2500
2011-11-14,"MA_Crossover(35,44)",7739.0000,7769.7500,-1.0000,-1.0000,118.0000,-118.0000,-7769.7500,11489.2500,11489.2500
2011-11-15,"MA_Crossover(35,44)",7677.0000,7697.5000,-1.0000,-1.0000,-72.2500,72.2500,-7697.5000,11561.5000,11561.5000
2011-11-16,"MA_Crossover(35,44)",7723.2500,7744.5000,-1.0000,-1.0000,47.0000,-47.0000,-7744.5000,11514.5000,11514.5000
2011-11-17,"MA_Crossover(35,44)",7530.7500,7553.0000,-1.0000,-1.0000,-191.5000,191.5000,-7553.0000,11706.0000,11706.0000
2011-11-18,"MA_Crossover(35,44)",7513.7500,7530.2500,-1.0000,-1.0000,-22.7500,22.7500,-7530.2500,11728.7500,11728.7500
2011-11-21,"MA_Crossover(35,44)",7297.0000,7313.5000,1.0000,-1.0000,-216.7500,216.7500,-7313.5000,11945.5000,11945.5000
2011-11-22,"MA_Crossover(35,44)",7316.0000,7332.5000,1.0000,1.0000,19.0000,19.0000,7332.5000,11964.5000,11964.5000
2011-11-23,"MA_Crossover(35,44)",7226.0000,7242.5000,1.0000,1.0000,-90.0000,-90.0000,7242.5000,11874.5000,11874.5000
2011-11-24,"MA_Crossover(35,44)",7251.5000,7268.0000,1.0000,1.0000,25.5000,25.5000,7268.0000,11900.0000,11900.0000
2011-11-25,"MA_Crossover(35,44)",7217.2500,7233.7500,1.0000,1.0000,-34.2500,-34.2500,7233.7500,11865.7500,11865.7500
2011-11-28,"MA_Crossover(35,44)",7482.0000,7498.5000,1.0000,1.0000,264.7500,264.7500,7498.5000,12130.5000,12130.5000
2011-11-29,"MA_Crossover(35,44)",7475.2500,7491.7500,1.0000,1.0000,-6.7500,-6.7500,7491.7500,12123.7500,12123.7500
2011-11-30,"MA_Crossover(35,44)",7869.7500,7886.2500,1.0000,1.0000,394.5000,394.5000,7886.2500,12518.2500,12518.2500
2011-12-01,"MA_Crossover(35,44)",7772.0000,7788.5000,1.0000,1.0000,-97.7500,-97.7500,7788.5000,12420.5000,12420.5000
2011-12-02,"MA_Crossover(35,44)",7871.2500,7887.7500,1.0000,1.0000,99.2500,99.2500,7887.7500,12519.7500,12519.7500
2011-12-05,"MA_Crossover(35,44)",7922.0000,7938.5000,1.0000,1.0000,50.7500,50.7500,7938.5000,12570.5000,12570.5000
2011-12-06,"MA_Crossover(35,44)",7816.2500,7832.7500,1.0000,1.0000,-105.7500,-105.7500,7832.7500,12464.7500,12464.7500
2011-12-07,"MA_Crossover(35,44)",7799.5000,7816.0000,1.0000,1.0000,-16.7500,-16.7500,7816.0000,12448.0000,12448.0000
2011-12-08,"MA_Crossover(35,44)",7690.2500,7706.7500,1.0000,1.0000,-109.2500,-109.2500,7706.7500,12338.7500,12338.7500
2011-12-09,"MA_Crossover(35,44)",7796.2500,7812.7500,1.0000,1.0000,106.0000,106.0000,7812.7500,12444.7500,12444.7500
2011-12-12,"MA_Crossover(35,44)",7585.2500,7601.7500,1.0000,1.0000,-211.0000,-211.0000,7601.7500,12233.7500,12233.7500
2011-12-13,"MA_Crossover(35,44)",7579.7500,7596.2500,1.0000,1.0000,-5.5000,-5.5000,7596.2500,12228.2500,12228.2500
2011-12-14,"MA_Crossover(35,44)",7189.5000,7206.0000,1.0000,1.0000,-390.2500,-390.2500,7206.0000,11838.0000,11838.0000
2011-12-15,"MA_Crossover(35,44)",7193.0000,7209.5000,1.0000,1.0000,3.5000,3.5000,7209.5000,11841.5000,11841.5000
2011-12-16,"MA_Crossover(35,44)",7329.2500,7345.7500,1.0000,1.0000,136.2500,136.2500,7345.7500,11977.7500,11977.7500
2011-12-19,"MA_Crossover(35,44)",7243.2500,7259.7500,1.0000,1.0000,-86.0000,-86.0000,7259.7500,11891.7500,11891.7500
2011-12-20,"MA_Crossover(35,44)",7405.0000,7413.2500,-1.0000,1.0000,153.5000,153.5000,7413.2500,12045.2500,12045.2500
2011-12-21,"MA_Crossover(35,44)",7451.5000,7459.5000,-1.0000,-1.0000,46.2500,-46.2500,-7459.5000,11999.0000,11999.0000
2011-12-22,"MA_Crossover(35,44)",7541.5000,7549.0000,-1.0000,-1.0000,89.5000,-89.5000,-7549.0000,11909.5000,11909.5000
2011-12-23,"MA_Crossover(35,44)",7643.5000,7649.0000,-1.0000,-1.0000,100.0000,-100.0000,-7649.0000,11809.5000,11809.5000
2011-12-28,"MA_Crossover(35,44)",7460.0000,7465.5000,-1.0000,-1.0000,-183.5000,183.5000,-7465.5000,11993.0000,11993.0000
2011-12-29,"MA_Crossover(35,44)",7418.7500,7424.2500,-1.0000,-1.0000,-41.2500,41.2500,-7424.2500,12034.2500,12034.2500
2011-12-30,"MA_Crossover(35,44)",7595.0000,7600.5000,-1.0000,-1.0000,176.2500,-176.2500,-7600.5000,11858.0000,11858.0000
2012-01-03,"MA_Crossover(35,44)",7782.2500,7787.7500,-1.0000,-1.0000,187.2500,-187.2500,-7787.7500,11670.7500,11670.7500
2012-01-04,"MA_Crossover(35,44)",7531.2500,7536.7500,-1.0000,-1.0000,-251.0000,251.0000,-7536.7500,11921.7500,11921.7500
2012-01-05,"MA_Crossover(35,44)",7529.0000,7534.5000,-1.0000,-1.0000,-2.2500,2.2500,-7534.5000,11924.0000,11924.0000
2012-01-06,"MA_Crossover(35,44)",7568.7500,7574.2500,-1.0000,-1.0000,39.7500,-39.7500,-7574.2500,11884.2500,11884.2500
2012-01-09,"MA_Crossover(35,44)",7487.0000,7492.5000,-1.0000,-1.0000,-81.7500,81.7500,-7492.5000,11966.0000,11966.0000
2012-01-10,"MA_Crossover(35,44)",7733.2500,7738.7500,-1.0000,-1.0000,246.2500,-246.2500,-7738.7500,11719.7500,11719.7500
2012-01-11,"MA_Crossover(35,44)",7768.5000,7774.0000,-1.0000,-1.0000,35.2500,-35.2500,-7774.0000,11684.5000,11684.5000
2012-01-12,"MA_Crossover(35,44)",7995.7500,8001.2500,-1.0000,-1.0000,227.2500,-227.2500,-8001.2500,11457.2500,11457.2500
2012-01-13,"MA_Crossover(35,44)",7991.2500,7996.7500,1.0000,-1.0000,-4.5000,4.5000,-7996.7500,11461.7500,11461.7500
2012-01-16,"MA_Crossover(35,44)",8077.0000,8082.5000,1.0000,1.0000,85.7500,85.7500,8082.5000,11547.5000,11547.5000
2012-01-17,"MA_Crossover(35,44)",8195.0000,8198.2500,1.0000,1.0000,115.7500,115.7500,8198.2500,11663.2500,11663.2500
2012-01-18,"MA_Crossover(35,44)",8234.7500,8238.0000,1.0000,1.0000,39.7500,39.7500,8238.0000,11703.0000,11703.0000
2012-01-19,"MA_Crossover(35,44)",8363.2500,8366.0000,1.0000,1.0000,128.0000,128.0000,8366.0000,11831.0000,11831.0000
2012-01-20,"MA_Crossover(35,44)",8216.0000,8215.0000,1.0000,1.0000,-151.0000,-151.0000,8215.0000,11680.0000,11680.0000
2012-01-23,"MA_Crossover(35,44)",8362.0000,8361.0000,1.0000,1.0000,146.0000,146.0000,8361.0000,11826.0000,11826.0000
2012-01-24,"MA_Crossover(35,44)",8352.5000,8351.5000,1.0000,1.0000,-9.5000,-9.5000,8351.5000,11816.5000,11816.5000
2012-01-25,"MA_Crossover(35,44)",8380.0000,8379.0000,1.0000,1.0000,27.5000,27.5000,8379.0000,11844.0000,11844.0000
2012-01-26,"MA_Crossover(35,44)",8585.5000,8584.5000,1.0000,1.0000,205.5000,205.5000,8584.5000,12049.5000,12049.5000
2012-01-27,"MA_Crossover(35,44)",8519.2500,8518.2500,1.0000,1.0000,-66.2500,-66.2500,8518.2500,11983.2500,11983.2500
2012-01-30,"MA_Crossover(35,44)",8420.7500,8419.7500,1.0000,1.0000,-98.5000,-98.5000,8419.7500,11884.7500,11884.7500
2012-01-31,"MA_Crossover(35,44)",8307.0000,8306.0000,1.0000,1.0000,-113.7500,-113.7500,8306.0000,11771.0000,11771.0000
2012-02-01,"MA_Crossover(35,44)",8425.7500,8424.7500,1.0000,1.0000,118.7500,118.7500,8424.7500,11889.7500,11889.7500
2012-02-02,"MA_Crossover(35,44)",8327.7500,8326.7500,1.0000,1.0000,-98.0000,-98.0000,8326.7500,11791.7500,11791.7500
2012-02-03,"MA_Crossover(35,44)",8544.0000,8543.0000,1.0000,1.0000,216.2500,216.2500,8543.0000,12008.0000,12008.0000
2012-02-06,"MA_Crossover(35,44)",8478.2500,8477.2500,1.0000,1.0000,-65.7500,-65.7500,8477.2500,11942.2500,11942.2500
2012-02-07,"MA_Crossover(35,44)",8459.7500,8458.7500,1.0000,1.0000,-18.5000,-18.5000,8458.7500,11923.7500,11923.7500
2012-02-08,"MA_Crossover(35,44)",8557.5000,8556.5000,1.0000,1.0000,97.7500,97.7500,8556.5000,12021.5000,12021.5000
2012-02-09,"MA_Crossover(35,44)",8738.7500,8737.7500,1.0000,1.0000,181.2500,181.2500,8737.7500,12202.7500,12202.7500
2012-02-10,"MA_Crossover(35,44)",8461.2500,8460.2500,1.0000,1.0000,-277.5000,-277.5000,8460.2500,11925.2500,11925.2500
2012-02-13,"MA_Crossover(35,44)",8404.2500,8403.2500,1.0000,1.0000,-57.0000,-57.0000,8403.2500,11868.2500,11868.2500
2012-02-14,"MA_Crossover(35,44)",8405.5000,8399.0000,1.0000,1.0000,-4.2500,-4.2500,8399.0000,11864.0000,11864.0000
2012-02-15,"MA_Crossover(35,44)",8361.5000,8354.0000,1.0000,1.0000,-45.0000,-45.0000,8354.0000,11819.0000,11819.0000
2012-02-16,"MA_Crossover(35,44)",8294.0000,8285.5000,1.0000,1.0000,-68.5000,-68.5000,8285.5000,11750.5000,11750.5000
2012-02-17,"MA_Crossover(35,44)",8174.0000,8160.5000,1.0000,1.0000,-125.0000,-125.0000,8160.5000,11625.5000,11625.5000
2012-02-20,"MA_Crossover(35,44)",8234.5000,8221.0000,1.0000,1.0000,60.5000,60.5000,8221.0000,11686.0000,11686.0000
2012-02-21,"MA_Crossover(35,44)",8447.7500,8434.2500,1.0000,1.0000,213.2500,213.2500,8434.2500,11899.2500,11899.2500
2012-02-22,"MA_Crossover(35,44)",8436.2500,8422.7500,1.0000,1.0000,-11.5000,-11.5000,8422.7500,11887.7500,11887.7500
2012-02-23,"MA_Crossover(35,44)",8395.7500,8382.2500,1.0000,1.0000,-40.5000,-40.5000,8382.2500,11847.2500,11847.2500
2012-02-24,"MA_Crossover(35,44)",8549.0000,8535.5000,1.0000,1.0000,153.2500,153.2500,8535.5000,12000.5000,12000.5000
2012-02-27,"MA_Crossover(35,44)",8552.5000,8539.0000,1.0000,1.0000,3.5000,3.5000,8539.0000,12004.0000,12004.0000
2012-02-28,"MA_Crossover(35,44)",8605.5000,8592.0000,1.0000,1.0000,53.0000,53.0000,8592.0000,12057.0000,12057.0000
2012-02-29,"MA_Crossover(35,44)",8497.0000,8483.5000,1.0000,1.0000,-108.5000,-108.5000,8483.5000,11948.5000,11948.5000
2012-03-01,"MA_Crossover(35,44)",8628.0000,8614.5000,1.0000,1.0000,131.0000,131.0000,8614.5000,12079.5000,12079.5000
2012-03-02,"MA_Crossover(35,44)",8580.2500,8566.7500,1.0000,1.0000,-47.7500,-47.7500,8566.7500,12031.7500,12031.7500
2012-03-05,"MA_Crossover(35,44)",8503.5000,8490.0000,1.0000,1.0000,-76.7500,-76.7500,8490.0000,11955.0000,11955.0000
2012-03-06,"MA_Crossover(35,44)",8288.7500,8275.2500,1.0000,1.0000,-214.7500,-214.7500,8275.2500,11740.2500,11740.2500
2012-03-07,"MA_Crossover(35,44)",8295.7500,8282.2500,1.0000,1.0000,7.0000,7.0000,8282.2500,11747.2500,11747.2500
2012-03-08,"MA_Crossover(35,44)",8333.0000,8319.5000,1.0000,1.0000,37.2500,37.2500,8319.5000,11784.5000,11784.5000
2012-03-09,"MA_Crossover(35,44)",8503.5000,8490.0000,1.0000,1.0000,170.5000,170.5000,8490.0000,11955.0000,11955.0000
2012-03-12,"MA_Crossover(35,44)",8450.0000,8436.5000,1.0000,1.0000,-53.5000,-53.5000,8436.5000,11901.5000,11901.5000
2012-03-13,"MA_Crossover(35,44)",8563.0000,8549.5000,1.0000,1.0000,113.0000,113.0000,8549.5000,12014.5000,12014.5000
2012-03-14,"MA_Crossover(35,44)",8474.5000,8461.0000,1.0000,1.0000,-88.5000,-88.5000,8461.0000,11926.0000,11926.0000
2012-03-15,"MA_Crossover(35,44)",8583.0000,8569.5000,1.0000,1.0000,108.5000,108.5000,8569.5000,12034.5000,12034.5000
2012-03-16,"MA_Crossover(35,44)",8531.0000,8517.5000,1.0000,1.0000,-52.0000,-52.0000,8517.5000,11982.5000,11982.5000
2012-03-19,"MA_Crossover(35,44)",8601.5000,8588.0000,1.0000,1.0000,70.5000,70.5000,8588.0000,12053.0000,12053.0000
2012-03-20,"MA_Crossover(35,44)",8445.5000,8438.0000,1.0000,1.0000,-150.0000,-150.0000,8438.0000,11903.0000,11903.0000
2012-03-21,"MA_Crossover(35,44)",8474.5000,8464.0000,1.0000,1.0000,26.0000,26.0000,8464.0000,11929.0000,11929.0000
2012-03-22,"MA_Crossover(35,44)",8312.5000,8299.5000,1.0000,1.0000,-164.5000,-164.5000,8299.5000,11764.5000,11764.5000
2012-03-23,"MA_Crossover(35,44)",8399.5000,8400.5000,1.0000,1.0000,101.0000,101.0000,8400.5000,11865.5000,11865.5000
2012-03-26,"MA_Crossover(35,44)",8561.5000,8562.5000,1.0000,1.0000,162.0000,162.0000,8562.5000,12027.5000,12027.5000
2012-03-27,"MA_Crossover(35,44)",8553.5000,8554.5000,1.0000,1.0000,-8.0000,-8.0000,8554.5000,12019.5000,12019.5000
2012-03-28,"MA_Crossover(35,44)",8364.0000,8365.0000,1.0000,1.0000,-189.5000,-189.5000,8365.0000,11830.0000,11830.0000
2012-03-29,"MA_Crossover(35,44)",8376.5000,8377.5000,-1.0000,1.0000,12.5000,12.5000,8377.5000,11842.5000,11842.5000
2012-03-30,"MA_Crossover(35,44)",8469.0000,8470.0000,-1.0000,-1.0000,92.5000,-92.5000,-8470.0000,11750.0000,11750.0000
2012-04-02,"MA_Crossover(35,44)",8669.0000,8670.0000,-1.0000,-1.0000,200.0000,-200.0000,-8670.0000,11550.0000,11550.0000
2012-04-03,"MA_Crossover(35,44)",8636.0000,8637.0000,-1.0000,-1.0000,-33.0000,33.0000,-8637.0000,11583.0000,11583.0000
2012-04-04,"MA_Crossover(35,44)",8357.5000,8358.5000,-1.0000,-1.0000,-278.5000,278.5000,-8358.5000,11861.5000,11861.5000
2012-04-05,"MA_Crossover(35,44)",8381.0000,8382.0000,1.0000,-1.0000,23.5000,-23.5000,-8382.0000,11838.0000,11838.0000
2012-04-10,"MA_Crossover(35,44)",8055.5000,8056.5000,1.0000,1.0000,-325.5000,-325.5000,8056.5000,11512.5000,11512.5000
2012-04-11,"MA_Crossover(35,44)",8075.0000,8076.0000,1.0000,1.0000,19.5000,19.5000,8076.0000,11532.0000,11532.0000
2012-04-12,"MA_Crossover(35,44)",8263.2500,8264.2500,1.0000,1.0000,188.2500,188.2500,8264.2500,11720.2500,11720.2500
2012-04-13,"MA_Crossover(35,44)",8044.7500,8045.7500,1.0000,1.0000,-218.5000,-218.5000,8045.7500,11501.7500,11501.7500
2012-04-16,"MA_Crossover(35,44)",8049.5000,8050.5000,1.0000,1.0000,4.7500,4.7500,8050.5000,11506.5000,11506.5000
2012-04-17,"MA_Crossover(35,44)",8084.0000,8113.0000,1.0000,1.0000,62.5000,62.5000,8113.0000,11569.0000,11569.0000
2012-04-18,"MA_Crossover(35,44)",8078.0000,8110.0000,1.0000,1.0000,-3.0000,-3.0000,8110.0000,11566.0000,11566.0000
2012-04-19,"MA_Crossover(35,44)",8072.0000,8108.0000,-1.0000,1.0000,-2.0000,-2.0000,8108.0000,11564.0000,11564.0000
2012-04-20,"MA_Crossover(35,44)",8222.0000,8270.0000,-1.0000,-1.0000,162.0000,-162.0000,-8270.0000,11402.0000,11402.0000
2012-04-23,"MA_Crossover(35,44)",8092.0000,8140.0000,-1.0000,-1.0000,-130.0000,130.0000,-8140.0000,11532.0000,11532.0000
2012-04-24,"MA_Crossover(35,44)",8213.0000,8261.0000,-1.0000,-1.0000,121.0000,-121.0000,-8261.0000,11411.0000,11411.0000
2012-04-25,"MA_Crossover(35,44)",8264.0000,8312.0000,-1.0000,-1.0000,51.0000,-51.0000,-8312.0000,11360.0000,11360.0000
2012-04-26,"MA_Crossover(35,44)",8388.0000,8436.0000,-1.0000,-1.0000,124.0000,-124.0000,-8436.0000,11236.0000,11236.0000
2012-04-27,"MA_Crossover(35,44)",8494.0000,8542.0000,-1.0000,-1.0000,106.0000,-106.0000,-8542.0000,11130.0000,11130.0000
2012-04-30,"MA_Crossover(35,44)",8459.5000,8507.5000,-1.0000,-1.0000,-34.5000,34.5000,-8507.5000,11164.5000,11164.5000
2012-05-01,"MA_Crossover(35,44)",8472.0000,8520.0000,-1.0000,-1.0000,12.5000,-12.5000,-8520.0000,11152.0000,11152.0000
2012-05-02,"MA_Crossover(35,44)",8329.0000,8377.0000,-1.0000,-1.0000,-143.0000,143.0000,-8377.0000,11295.0000,11295.0000
2012-05-03,"MA_Crossover(35,44)",8259.5000,8307.5000,-1.0000,-1.0000,-69.5000,69.5000,-8307.5000,11364.5000,11364.5000
2012-05-04,"MA_Crossover(35,44)",8218.5000,8266.5000,-1.0000,-1.0000,-41.0000,41.0000,-8266.5000,11405.5000,11405.5000
2012-05-08,"MA_Crossover(35,44)",8158.5000,8206.5000,-1.0000,-1.0000,-60.0000,60.0000,-8206.5000,11465.5000,11465.5000
2012-05-09,"MA_Crossover(35,44)",8136.0000,8184.0000,-1.0000,-1.0000,-22.5000,22.5000,-8184.0000,11488.0000,11488.0000
2012-05-10,"MA_Crossover(35,44)",8191.0000,8239.0000,-1.0000,-1.0000,55.0000,-55.0000,-8239.0000,11433.0000,11433.0000
2012-05-11,"MA_Crossover(35,44)",8098.0000,8146.0000,-1.0000,-1.0000,-93.0000,93.0000,-8146.0000,11526.0000,11526.0000
2012-05-14,"MA_Crossover(35,44)",7900.0000,7948.0000,-1.0000,-1.0000,-198.0000,198.0000,-7948.0000,11724.0000,11724.0000
2012-05-15,"MA_Crossover(35,44)",7795.0000,7846.0000,-1.0000,-1.0000,-102.0000,102.0000,-7846.0000,11826.0000,11826.0000
2012-05-16,"MA_Crossover(35,44)",7690.0000,7738.0000,-1.0000,-1.0000,-108.0000,108.0000,-7738.0000,11934.0000,11934.0000
2012-05-17,"MA_Crossover(35,44)",7690.5000,7738.5000,-1.0000,-1.0000,0.5000,-0.5000,-7738.5000,11933.5000,11933.5000
2012-05-18,"MA_Crossover(35,44)",7696.0000,7768.0000,-1.0000,-1.0000,29.5000,-29.5000,-7768.0000,11904.0000,11904.0000
2012-05-21,"MA_Crossover(35,44)",7780.0000,7852.0000,-1.0000,-1.0000,84.0000,-84.0000,-7852.0000,11820.0000,11820.0000
2012-05-22,"MA_Crossover(35,44)",7786.0000,7858.0000,-1.0000,-1.0000,6.0000,-6.0000,-7858.0000,11814.0000,11814.0000
2012-05-23,"MA_Crossover(35,44)",7578.0000,7650.0000,-1.0000,-1.0000,-208.0000,208.0000,-7650.0000,12022.0000,12022.0000
2012-05-24,"MA_Crossover(35,44)",7656.5000,7728.5000,-1.0000,-1.0000,78.5000,-78.5000,-7728.5000,11943.5000,11943.5000
2012-05-25,"MA_Crossover(35,44)",7673.0000,7745.0000,-1.0000,-1.0000,16.5000,-16.5000,-7745.0000,11927.0000,11927.0000
2012-05-28,"MA_Crossover(35,44)",7715.5000,7787.5000,-1.0000,-1.0000,42.5000,-42.5000,-7787.5000,11884.5000,11884.5000
2012-05-29,"MA_Crossover(35,44)",7686.0000,7758.0000,-1.0000,-1.0000,-29.5000,29.5000,-7758.0000,11914.0000,11914.0000
2012-05-30,"MA_Crossover(35,44)",7491.0000,7563.0000,-1.0000,-1.0000,-195.0000,195.0000,-7563.0000,12109.0000,12109.0000
2012-05-31,"MA_Crossover(35,44)",7440.0000,7512.0000,-1.0000,-1.0000,-51.0000,51.0000,-7512.0000,12160.0000,12160.0000
2012-06-01,"MA_Crossover(35,44)",7378.5000,7450.5000,-1.0000,-1.0000,-61.5000,61.5000,-7450.5000,12221.5000,12221.5000
2012-06-06,"MA_Crossover(35,44)",7413.0000,7485.0000,-1.0000,-1.0000,34.5000,-34.5000,-7485.0000,12187.0000,12187.0000
2012-06-07,"MA_Crossover(35,44)",7492.5000,7564.5000,-1.0000,-1.0000,79.5000,-79.5000,-7564.5000,12107.5000,12107.5000
2012-06-08,"MA_Crossover(35,44)",7287.0000,7359.0000,-1.0000,-1.0000,-205.5000,205.5000,-7359.0000,12313.0000,12313.0000
2012-06-11,"MA_Crossover(35,44)",7412.5000,7484.5000,-1.0000,-1.0000,125.5000,-125.5000,-7484.5000,12187.5000,12187.5000
2012-06-12,"MA_Crossover(35,44)",7385.0000,7457.0000,-1.0000,-1.0000,-27.5000,27.5000,-7457.0000,12215.0000,12215.0000
2012-06-13,"MA_Crossover(35,44)",7378.7500,7450.7500,-1.0000,-1.0000,-6.2500,6.2500,-7450.7500,12221.2500,12221.2500
2012-06-14,"MA_Crossover(35,44)",7406.5000,7478.5000,-1.0000,-1.0000,27.7500,-27.7500,-7478.5000,12193.5000,12193.5000
2012-06-15,"MA_Crossover(35,44)",7499.2500,7571.2500,-1.0000,-1.0000,92.7500,-92.7500,-7571.2500,12100.7500,12100.7500
2012-06-18,"MA_Crossover(35,44)",7498.2500,7570.2500,-1.0000,-1.0000,-1.0000,1.0000,-7570.2500,12101.7500,12101.7500
2012-06-19,"MA_Crossover(35,44)",7609.7500,7672.7500,-1.0000,-1.0000,102.5000,-102.5000,-7672.7500,11999.2500,11999.2500
2012-06-20,"MA_Crossover(35,44)",7547.0000,7610.0000,-1.0000,-1.0000,-62.7500,62.7500,-7610.0000,12062.0000,12062.0000
2012-06-21,"MA_Crossover(35,44)",7352.0000,7415.0000,-1.0000,-1.0000,-195.0000,195.0000,-7415.0000,12257.0000,12257.0000
2012-06-22,"MA_Crossover(35,44)",7326.0000,7387.0000,-1.0000,-1.0000,-28.0000,28.0000,-7387.0000,12285.0000,12285.0000
2012-06-25,"MA_Crossover(35,44)",7353.5000,7414.5000,-1.0000,-1.0000,27.5000,-27.5000,-7414.5000,12257.5000,12257.5000
2012-06-26,"MA_Crossover(35,44)",7381.0000,7442.0000,-1.0000,-1.0000,27.5000,-27.5000,-7442.0000,12230.0000,12230.0000
2012-06-27,"MA_Crossover(35,44)",7425.2500,7486.2500,-1.0000,-1.0000,44.2500,-44.2500,-7486.2500,12185.7500,12185.7500
2012-06-28,"MA_Crossover(35,44)",7397.0000,7458.0000,-1.0000,-1.0000,-28.2500,28.2500,-7458.0000,12214.0000,12214.0000
2012-06-29,"MA_Crossover(35,44)",7696.5000,7757.5000,-1.0000,-1.0000,299.5000,-299.5000,-7757.5000,11914.5000,11914.5000
2012-07-02,"MA_Crossover(35,44)",7638.7500,7699.7500,-1.0000,-1.0000,-57.7500,57.7500,-7699.7500,11972.2500,11972.2500
2012-07-03,"MA_Crossover(35,44)",7825.0000,7886.0000,-1.0000,-1.0000,186.2500,-186.2500,-7886.0000,11786.0000,11786.0000
2012-07-04,"MA_Crossover(35,44)",7728.5000,7789.5000,-1.0000,-1.0000,-96.5000,96.5000,-7789.5000,11882.5000,11882.5000
2012-07-05,"MA_Crossover(35,44)",7702.5000,7763.5000,-1.0000,-1.0000,-26.0000,26.0000,-7763.5000,11908.5000,11908.5000
2012-07-06,"MA_Crossover(35,44)",7536.0000,7597.0000,-1.0000,-1.0000,-166.5000,166.5000,-7597.0000,12075.0000,12075.0000
2012-07-09,"MA_Crossover(35,44)",7560.5000,7621.5000,-1.0000,-1.0000,24.5000,-24.5000,-7621.5000,12050.5000,12050.5000
2012-07-10,"MA_Crossover(35,44)",7492.7500,7553.7500,-1.0000,-1.0000,-67.7500,67.7500,-7553.7500,12118.2500,12118.2500
2012-07-11,"MA_Crossover(35,44)",7549.5000,7610.5000,-1.0000,-1.0000,56.7500,-56.7500,-7610.5000,12061.5000,12061.5000
2012-07-12,"MA_Crossover(35,44)",7574.5000,7635.5000,-1.0000,-1.0000,25.0000,-25.0000,-7635.5000,12036.5000,12036.5000
2012-07-13,"MA_Crossover(35,44)",7709.5000,7770.5000,-1.0000,-1.0000,135.0000,-135.0000,-7770.5000,11901.5000,11901.5000
2012-07-16,"MA_Crossover(35,44)",7695.0000,7756.0000,-1.0000,-1.0000,-14.5000,14.5000,-7756.0000,11916.0000,11916.0000
2012-07-17,"MA_Crossover(35,44)",7597.0000,7657.5000,-1.0000,-1.0000,-98.5000,98.5000,-7657.5000,12014.5000,12014.5000
2012-07-18,"MA_Crossover(35,44)",7641.5000,7702.0000,-1.0000,-1.0000,44.5000,-44.5000,-7702.0000,11970.0000,11970.0000
2012-07-19,"MA_Crossover(35,44)",7737.0000,7797.0000,-1.0000,-1.0000,95.0000,-95.0000,-7797.0000,11875.0000,11875.0000
2012-07-20,"MA_Crossover(35,44)",7547.0000,7607.0000,-1.0000,-1.0000,-190.0000,190.0000,-7607.0000,12065.0000,12065.0000
2012-07-23,"MA_Crossover(35,44)",7402.7500,7462.7500,-1.0000,-1.0000,-144.2500,144.2500,-7462.7500,12209.2500,12209.2500
2012-07-24,"MA_Crossover(35,44)",7418.7500,7478.7500,-1.0000,-1.0000,16.0000,-16.0000,-7478.7500,12193.2500,12193.2500
2012-07-25,"MA_Crossover(35,44)",7447.2500,7507.2500,-1.0000,-1.0000,28.5000,-28.5000,-7507.2500,12164.7500,12164.7500
2012-07-26,"MA_Crossover(35,44)",7470.0000,7530.0000,-1.0000,-1.0000,22.7500,-22.7500,-7530.0000,12142.0000,12142.0000
2012-07-27,"MA_Crossover(35,44)",7562.0000,7622.0000,1.0000,-1.0000,92.0000,-92.0000,-7622.0000,12050.0000,12050.0000
2012-07-30,"MA_Crossover(35,44)",7538.5000,7598.5000,1.0000,1.0000,-23.5000,-23.5000,7598.5000,12026.5000,12026.5000
2012-07-31,"MA_Crossover(35,44)",7555.5000,7615.5000,1.0000,1.0000,17.0000,17.0000,7615.5000,12043.5000,12043.5000
2012-08-01,"MA_Crossover(35,44)",7421.7500,7481.7500,1.0000,1.0000,-133.7500,-133.7500,7481.7500,11909.7500,11909.7500
2012-08-02,"MA_Crossover(35,44)",7325.2500,7385.2500,1.0000,1.0000,-96.5000,-96.5000,7385.2500,11813.2500,11813.2500
2012-08-03,"MA_Crossover(35,44)",7443.5000,7503.5000,1.0000,1.0000,118.2500,118.2500,7503.5000,11931.5000,11931.5000
2012-08-06,"MA_Crossover(35,44)",7495.2500,7555.2500,1.0000,1.0000,51.7500,51.7500,7555.2500,11983.2500,11983.2500
2012-08-07,"MA_Crossover(35,44)",7583.5000,7643.5000,1.0000,1.0000,88.2500,88.2500,7643.5000,12071.5000,12071.5000
2012-08-08,"MA_Crossover(35,44)",7553.5000,7613.5000,1.0000,1.0000,-30.0000,-30.0000,7613.5000,12041.5000,12041.5000
2012-08-09,"MA_Crossover(35,44)",7531.0000,7591.0000,1.0000,1.0000,-22.5000,-22.5000,7591.0000,12019.0000,12019.0000
2012-08-10,"MA_Crossover(35,44)",7484.2500,7544.2500,1.0000,1.0000,-46.7500,-46.7500,7544.2500,11972.2500,11972.2500
2012-08-13,"MA_Crossover(35,44)",7382.2500,7442.2500,1.0000,1.0000,-102.0000,-102.0000,7442.2500,11870.2500,11870.2500
2012-08-14,"MA_Crossover(35,44)",7413.2500,7467.2500,1.0000,1.0000,25.0000,25.0000,7467.2500,11895.2500,11895.2500
2012-08-15,"MA_Crossover(35,44)",7383.5000,7437.5000,1.0000,1.0000,-29.7500,-29.7500,7437.5000,11865.5000,11865.5000
2012-08-16,"MA_Crossover(35,44)",7450.7500,7503.2500,1.0000,1.0000,65.7500,65.7500,7503.2500,11931.2500,11931.2500
2012-08-17,"MA_Crossover(35,44)",7540.5000,7591.5000,1.0000,1.0000,88.2500,88.2500,7591.5000,12019.5000,12019.5000
2012-08-20,"MA_Crossover(35,44)",7455.5000,7506.5000,1.0000,1.0000,-85.0000,-85.0000,7506.5000,11934.5000,11934.5000
2012-08-21,"MA_Crossover(35,44)",7612.5000,7663.5000,1.0000,1.0000,157.0000,157.0000,7663.5000,12091.5000,12091.5000
2012-08-22,"MA_Crossover(35,44)",7607.5000,7658.5000,-1.0000,1.0000,-5.0000,-5.0000,7658.5000,12086.5000,12086.5000
2012-08-23,"MA_Crossover(35,44)",7684.5000,7735.5000,-1.0000,-1.0000,77.0000,-77.0000,-7735.5000,12009.5000,12009.5000
2012-08-24,"MA_Crossover(35,44)",7637.0000,7688.0000,-1.0000,-1.0000,-47.5000,47.5000,-7688.0000,12057.0000,12057.0000
2012-08-28,"MA_Crossover(35,44)",7603.0000,7654.0000,-1.0000,-1.0000,-34.0000,34.0000,-7654.0000,12091.0000,12091.0000
2012-08-29,"MA_Crossover(35,44)",7570.5000,7621.5000,-1.0000,-1.0000,-32.5000,32.5000,-7621.5000,12123.5000,12123.5000
2012-08-30,"MA_Crossover(35,44)",7563.7500,7614.7500,-1.0000,-1.0000,-6.7500,6.7500,-7614.7500,12130.2500,12130.2500
2012-08-31,"MA_Crossover(35,44)",7613.5000,7664.5000,-1.0000,-1.0000,49.7500,-49.7500,-7664.5000,12080.5000,12080.5000
2012-09-03,"MA_Crossover(35,44)",7680.7500,7731.7500,-1.0000,-1.0000,67.2500,-67.2500,-7731.7500,12013.2500,12013.2500
2012-09-04,"MA_Crossover(35,44)",7635.7500,7686.7500,-1.0000,-1.0000,-45.0000,45.0000,-7686.7500,12058.2500,12058.2500
2012-09-05,"MA_Crossover(35,44)",7734.0000,7785.0000,-1.0000,-1.0000,98.2500,-98.2500,-7785.0000,11960.0000,11960.0000
2012-09-06,"MA_Crossover(35,44)",7695.7500,7746.7500,-1.0000,-1.0000,-38.2500,38.2500,-7746.7500,11998.2500,11998.2500
2012-09-07,"MA_Crossover(35,44)",7961.7500,8012.7500,-1.0000,-1.0000,266.0000,-266.0000,-8012.7500,11732.2500,11732.2500
2012-09-10,"MA_Crossover(35,44)",8057.5000,8108.5000,-1.0000,-1.0000,95.7500,-95.7500,-8108.5000,11636.5000,11636.5000
2012-09-11,"MA_Crossover(35,44)",8078.2500,8129.2500,-1.0000,-1.0000,20.7500,-20.7500,-8129.2500,11615.7500,11615.7500
2012-09-12,"MA_Crossover(35,44)",8082.0000,8133.0000,1.0000,-1.0000,3.7500,-3.7500,-8133.0000,11612.0000,11612.0000
2012-09-13,"MA_Crossover(35,44)",8060.0000,8111.0000,1.0000,1.0000,-22.0000,-22.0000,8111.0000,11590.0000,11590.0000
2012-09-14,"MA_Crossover(35,44)",8363.0000,8414.0000,1.0000,1.0000,303.0000,303.0000,8414.0000,11893.0000,11893.0000
2012-09-17,"MA_Crossover(35,44)",8282.7500,8333.7500,1.0000,1.0000,-80.2500,-80.2500,8333.7500,11812.7500,11812.7500
2012-09-18,"MA_Crossover(35,44)",8311.2500,8357.5000,1.0000,1.0000,23.7500,23.7500,8357.5000,11836.5000,11836.5000
2012-09-19,"MA_Crossover(35,44)",8344.0000,8388.7500,1.0000,1.0000,31.2500,31.2500,8388.7500,11867.7500,11867.7500
2012-09-20,"MA_Crossover(35,44)",8268.5000,8313.5000,1.0000,1.0000,-75.2500,-75.2500,8313.5000,11792.5000,11792.5000
2012-09-21,"MA_Crossover(35,44)",8282.0000,8323.2500,1.0000,1.0000,9.7500,9.7500,8323.2500,11802.2500,11802.2500
2012-09-24,"MA_Crossover(35,44)",8181.5000,8222.7500,1.0000,1.0000,-100.5000,-100.5000,8222.7500,11701.7500,11701.7500
2012-09-25,"MA_Crossover(35,44)",8276.0000,8317.2500,1.0000,1.0000,94.5000,94.5000,8317.2500,11796.2500,11796.2500
2012-09-26,"MA_Crossover(35,44)",8125.0000,8166.2500,1.0000,1.0000,-151.0000,-151.0000,8166.2500,11645.2500,11645.2500
2012-09-27,"MA_Crossover(35,44)",8181.5000,8222.7500,1.0000,1.0000,56.5000,56.5000,8222.7500,11701.7500,11701.7500
2012-09-28,"MA_Crossover(35,44)",8213.0000,8254.2500,1.0000,1.0000,31.5000,31.5000,8254.2500,11733.2500,11733.2500
2012-10-01,"MA_Crossover(35,44)",8302.7500,8344.0000,1.0000,1.0000,89.7500,89.7500,8344.0000,11823.0000,11823.0000
2012-10-02,"MA_Crossover(35,44)",8328.7500,8370.0000,1.0000,1.0000,26.0000,26.0000,8370.0000,11849.0000,11849.0000
2012-10-03,"MA_Crossover(35,44)",8289.0000,8330.2500,1.0000,1.0000,-39.7500,-39.7500,8330.2500,11809.2500,11809.2500
2012-10-04,"MA_Crossover(35,44)",8298.0000,8339.2500,1.0000,1.0000,9.0000,9.0000,8339.2500,11818.2500,11818.2500
2012-10-05,"MA_Crossover(35,44)",8297.0000,8338.2500,1.0000,1.0000,-1.0000,-1.0000,8338.2500,11817.2500,11817.2500
2012-10-08,"MA_Crossover(35,44)",8183.0000,8224.2500,1.0000,1.0000,-114.0000,-114.0000,8224.2500,11703.2500,11703.2500
2012-10-09,"MA_Crossover(35,44)",8141.5000,8182.7500,1.0000,1.0000,-41.5000,-41.5000,8182.7500,11661.7500,11661.7500
2012-10-10,"MA_Crossover(35,44)",8166.5000,8207.7500,1.0000,1.0000,25.0000,25.0000,8207.7500,11686.7500,11686.7500
2012-10-11,"MA_Crossover(35,44)",8242.5000,8283.7500,1.0000,1.0000,76.0000,76.0000,8283.7500,11762.7500,11762.7500
2012-10-12,"MA_Crossover(35,44)",8132.0000,8173.2500,1.0000,1.0000,-110.5000,-110.5000,8173.2500,11652.2500,11652.2500
2012-10-15,"MA_Crossover(35,44)",8095.5000,8136.7500,1.0000,1.0000,-36.5000,-36.5000,8136.7500,11615.7500,11615.7500
2012-10-16,"MA_Crossover(35,44)",8125.0000,8168.2500,1.0000,1.0000,31.5000,31.5000,8168.2500,11647.2500,11647.2500
2012-10-17,"MA_Crossover(35,44)",8223.5000,8266.7500,1.0000,1.0000,98.5000,98.5000,8266.7500,11745.7500,11745.7500
2012-10-18,"MA_Crossover(35,44)",8223.5000,8265.7500,1.0000,1.0000,-1.0000,-1.0000,8265.7500,11744.7500,11744.7500
2012-10-19,"MA_Crossover(35,44)",8015.0000,8057.2500,1.0000,1.0000,-208.5000,-208.5000,8057.2500,11536.2500,11536.2500
2012-10-22,"MA_Crossover(35,44)",7953.0000,7995.2500,1.0000,1.0000,-62.0000,-62.0000,7995.2500,11474.2500,11474.2500
2012-10-23,"MA_Crossover(35,44)",7834.0000,7876.2500,1.0000,1.0000,-119.0000,-119.0000,7876.2500,11355.2500,11355.2500
2012-10-24,"MA_Crossover(35,44)",7820.5000,7862.7500,1.0000,1.0000,-13.5000,-13.5000,7862.7500,11341.7500,11341.7500
2012-10-25,"MA_Crossover(35,44)",7819.0000,7861.2500,1.0000,1.0000,-1.5000,-1.5000,7861.2500,11340.2500,11340.2500
2012-10-26,"MA_Crossover(35,44)",7824.5000,7866.7500,1.0000,1.0000,5.5000,5.5000,7866.7500,11345.7500,11345.7500
2012-10-29,"MA_Crossover(35,44)",7703.2500,7745.5000,1.0000,1.0000,-121.2500,-121.2500,7745.5000,11224.5000,11224.5000
2012-10-30,"MA_Crossover(35,44)",7724.7500,7767.0000,1.0000,1.0000,21.5000,21.5000,7767.0000,11246.0000,11246.0000
2012-10-31,"MA_Crossover(35,44)",7761.7500,7804.0000,1.0000,1.0000,37.0000,37.0000,7804.0000,11283.0000,11283.0000
2012-11-01,"MA_Crossover(35,44)",7828.0000,7870.2500,1.0000,1.0000,66.2500,66.2500,7870.2500,11349.2500,11349.2500
2012-11-02,"MA_Crossover(35,44)",7665.2500,7707.5000,1.0000,1.0000,-162.7500,-162.7500,7707.5000,11186.5000,11186.5000
2012-11-05,"MA_Crossover(35,44)",7646.0000,7688.2500,1.0000,1.0000,-19.2500,-19.2500,7688.2500,11167.2500,11167.2500
2012-11-06,"MA_Crossover(35,44)",7695.2500,7737.5000,-1.0000,1.0000,49.2500,49.2500,7737.5000,11216.5000,11216.5000
2012-11-07,"MA_Crossover(35,44)",7600.2500,7642.5000,-1.0000,-1.0000,-95.0000,95.0000,-7642.5000,11311.5000,11311.5000
2012-11-08,"MA_Crossover(35,44)",7628.2500,7670.5000,-1.0000,-1.0000,28.0000,-28.0000,-7670.5000,11283.5000,11283.5000
2012-11-09,"MA_Crossover(35,44)",7568.0000,7610.2500,-1.0000,-1.0000,-60.2500,60.2500,-7610.2500,11343.7500,11343.7500
2012-11-12,"MA_Crossover(35,44)",7635.7500,7678.0000,-1.0000,-1.0000,67.7500,-67.7500,-7678.0000,11276.0000,11276.0000
2012-11-13,"MA_Crossover(35,44)",7676.5000,7718.7500,-1.0000,-1.0000,40.7500,-40.7500,-7718.7500,11235.2500,11235.2500
2012-11-14,"MA_Crossover(35,44)",7633.7500,7676.0000,-1.0000,-1.0000,-42.7500,42.7500,-7676.0000,11278.0000,11278.0000
2012-11-15,"MA_Crossover(35,44)",7631.5000,7673.7500,-1.0000,-1.0000,-2.2500,2.2500,-7673.7500,11280.2500,11280.2500
2012-11-16,"MA_Crossover(35,44)",7596.2500,7638.5000,-1.0000,-1.0000,-35.2500,35.2500,-7638.5000,11315.5000,11315.5000
2012-11-19,"MA_Crossover(35,44)",7793.0000,7835.2500,-1.0000,-1.0000,196.7500,-196.7500,-7835.2500,11118.7500,11118.7500
2012-11-20,"MA_Crossover(35,44)",7778.0000,7815.5000,-1.0000,-1.0000,-19.7500,19.7500,-7815.5000,11138.5000,11138.5000
2012-11-21,"MA_Crossover(35,44)",7685.2500,7724.2500,-1.0000,-1.0000,-91.2500,91.2500,-7724.2500,11229.7500,11229.7500
2012-11-22,"MA_Crossover(35,44)",7708.2500,7747.5000,-1.0000,-1.0000,23.2500,-23.2500,-7747.5000,11206.5000,11206.5000
2012-11-23,"MA_Crossover(35,44)",7770.5000,7806.0000,-1.0000,-1.0000,58.5000,-58.5000,-7806.0000,11148.0000,11148.0000
2012-11-26,"MA_Crossover(35,44)",7772.0000,7807.5000,-1.0000,-1.0000,1.5000,-1.5000,-7807.5000,11146.5000,11146.5000
2012-11-27,"MA_Crossover(35,44)",7797.2500,7832.7500,-1.0000,-1.0000,25.2500,-25.2500,-7832.7500,11121.2500,11121.2500
2012-11-28,"MA_Crossover(35,44)",7754.5000,7790.0000,-1.0000,-1.0000,-42.7500,42.7500,-7790.0000,11164.0000,11164.0000
2012-11-29,"MA_Crossover(35,44)",7890.2500,7925.7500,-1.0000,-1.0000,135.7500,-135.7500,-7925.7500,11028.2500,11028.2500
2012-11-30,"MA_Crossover(35,44)",7983.2500,8018.7500,-1.0000,-1.0000,93.0000,-93.0000,-8018.7500,10935.2500,10935.2500
2012-12-03,"MA_Crossover(35,44)",7991.7500,8027.2500,-1.0000,-1.0000,8.5000,-8.5000,-8027.2500,10926.7500,10926.7500
2012-12-04,"MA_Crossover(35,44)",8016.0000,8051.5000,-1.0000,-1.0000,24.2500,-24.2500,-8051.5000,10902.5000,10902.5000
2012-12-05,"MA_Crossover(35,44)",8058.0000,8093.5000,-1.0000,-1.0000,42.0000,-42.0000,-8093.5000,10860.5000,10860.5000
2012-12-06,"MA_Crossover(35,44)",7981.7500,8017.2500,-1.0000,-1.0000,-76.2500,76.2500,-8017.2500,10936.7500,10936.7500
2012-12-07,"MA_Crossover(35,44)",8014.7500,8050.2500,-1.0000,-1.0000,33.0000,-33.0000,-8050.2500,10903.7500,10903.7500
2012-12-10,"MA_Crossover(35,44)",8111.5000,8147.0000,-1.0000,-1.0000,96.7500,-96.7500,-8147.0000,10807.0000,10807.0000
2012-12-11,"MA_Crossover(35,44)",8076.5000,8112.0000,-1.0000,-1.0000,-35.0000,35.0000,-8112.0000,10842.0000,10842.0000
2012-12-12,"MA_Crossover(35,44)",8106.7500,8142.2500,-1.0000,-1.0000,30.2500,-30.2500,-8142.2500,10811.7500,10811.7500
2012-12-13,"MA_Crossover(35,44)",8052.2500,8087.7500,-1.0000,-1.0000,-54.5000,54.5000,-8087.7500,10866.2500,10866.2500
2012-12-14,"MA_Crossover(35,44)",8043.2500,8078.7500,-1.0000,-1.0000,-9.0000,9.0000,-8078.7500,10875.2500,10875.2500
2012-12-17,"MA_Crossover(35,44)",8038.7500,8074.2500,-1.0000,-1.0000,-4.5000,4.5000,-8074.2500,10879.7500,10879.7500
2012-12-18,"MA_Crossover(35,44)",8007.2500,8042.7500,-1.0000,-1.0000,-31.5000,31.5000,-8042.7500,10911.2500,10911.2500
2012-12-19,"MA_Crossover(35,44)",7909.0000,7945.0000,1.0000,-1.0000,-97.7500,97.7500,-7945.0000,11009.0000,11009.0000
2012-12-20,"MA_Crossover(35,44)",7753.5000,7789.5000,1.0000,1.0000,-155.5000,-155.5000,7789.5000,10853.5000,10853.5000
2012-12-21,"MA_Crossover(35,44)",7817.0000,7843.5000,1.0000,1.0000,54.0000,54.0000,7843.5000,10907.5000,10907.5000
2012-12-24,"MA_Crossover(35,44)",7796.7500,7823.2500,1.0000,1.0000,-20.2500,-20.2500,7823.2500,10887.2500,10887.2500
2012-12-27,"MA_Crossover(35,44)",7900.5000,7927.0000,1.0000,1.0000,103.7500,103.7500,7927.0000,10991.0000,10991.0000
2012-12-28,"MA_Crossover(35,44)",7871.5000,7898.0000,1.0000,1.0000,-29.0000,-29.0000,7898.0000,10962.0000,10962.0000
2012-12-31,"MA_Crossover(35,44)",7912.5000,7939.0000,1.0000,1.0000,41.0000,41.0000,7939.0000,11003.0000,11003.0000
2013-01-02,"MA_Crossover(35,44)",8188.7500,8215.2500,1.0000,1.0000,276.2500,276.2500,8215.2500,11279.2500,11279.2500
2013-01-03,"MA_Crossover(35,44)",8140.7500,8167.2500,1.0000,1.0000,-48.0000,-48.0000,8167.2500,11231.2500,11231.2500
2013-01-04,"MA_Crossover(35,44)",8059.2500,8085.7500,1.0000,1.0000,-81.5000,-81.5000,8085.7500,11149.7500,11149.7500
2013-01-07,"MA_Crossover(35,44)",8041.2500,8067.7500,1.0000,1.0000,-18.0000,-18.0000,8067.7500,11131.7500,11131.7500
2013-01-08,"MA_Crossover(35,44)",8048.7500,8075.2500,1.0000,1.0000,7.5000,7.5000,8075.2500,11139.2500,11139.2500
2013-01-09,"MA_Crossover(35,44)",8048.7500,8075.2500,1.0000,1.0000,0.0000,0.0000,8075.2500,11139.2500,11139.2500
2013-01-10,"MA_Crossover(35,44)",8085.0000,8111.5000,1.0000,1.0000,36.2500,36.2500,8111.5000,11175.5000,11175.5000
2013-01-11,"MA_Crossover(35,44)",8017.2500,8043.7500,1.0000,1.0000,-67.7500,-67.7500,8043.7500,11107.7500,11107.7500
2013-01-14,"MA_Crossover(35,44)",7968.0000,7994.5000,1.0000,1.0000,-49.2500,-49.2500,7994.5000,11058.5000,11058.5000
2013-01-15,"MA_Crossover(35,44)",7977.2500,7998.7500,1.0000,1.0000,4.2500,4.2500,7998.7500,11062.7500,11062.7500
2013-01-16,"MA_Crossover(35,44)",7929.5000,7951.0000,1.0000,1.0000,-47.7500,-47.7500,7951.0000,11015.0000,11015.0000
2013-01-17,"MA_Crossover(35,44)",8037.7500,8059.0000,1.0000,1.0000,108.0000,108.0000,8059.0000,11123.0000,11123.0000
2013-01-18,"MA_Crossover(35,44)",8047.2500,8059.2500,1.0000,1.0000,0.2500,0.2500,8059.2500,11123.2500,11123.2500
2013-01-21,"MA_Crossover(35,44)",8038.5000,8050.5000,1.0000,1.0000,-8.7500,-8.7500,8050.5000,11114.5000,11114.5000
2013-01-22,"MA_Crossover(35,44)",8114.5000,8126.5000,1.0000,1.0000,76.0000,76.0000,8126.5000,11190.5000,11190.5000
2013-01-23,"MA_Crossover(35,44)",8084.5000,8096.5000,1.0000,1.0000,-30.0000,-30.0000,8096.5000,11160.5000,11160.5000
2013-01-24,"MA_Crossover(35,44)",8074.7500,8086.7500,1.0000,1.0000,-9.7500,-9.7500,8086.7500,11150.7500,11150.7500
2013-01-25,"MA_Crossover(35,44)",8007.7500,8019.7500,1.0000,1.0000,-67.0000,-67.0000,8019.7500,11083.7500,11083.7500
2013-01-28,"MA_Crossover(35,44)",8025.7500,8037.7500,1.0000,1.0000,18.0000,18.0000,8037.7500,11101.7500,11101.7500
2013-01-29,"MA_Crossover(35,44)",8078.2500,8090.2500,1.0000,1.0000,52.5000,52.5000,8090.2500,11154.2500,11154.2500
2013-01-30,"MA_Crossover(35,44)",8200.7500,8212.7500,1.0000,1.0000,122.5000,122.5000,8212.7500,11276.7500,11276.7500
2013-01-31,"MA_Crossover(35,44)",8137.5000,8149.5000,1.0000,1.0000,-63.2500,-63.2500,8149.5000,11213.5000,11213.5000
2013-02-01,"MA_Crossover(35,44)",8263.5000,8275.5000,1.0000,1.0000,126.0000,126.0000,8275.5000,11339.5000,11339.5000
2013-02-04,"MA_Crossover(35,44)",8276.2500,8288.2500,-1.0000,1.0000,12.7500,12.7500,8288.2500,11352.2500,11352.2500
2013-02-05,"MA_Crossover(35,44)",8240.2500,8252.2500,-1.0000,-1.0000,-36.0000,36.0000,-8252.2500,11388.2500,11388.2500
2013-02-06,"MA_Crossover(35,44)",8215.2500,8227.2500,-1.0000,-1.0000,-25.0000,25.0000,-8227.2500,11413.2500,11413.2500
2013-02-07,"MA_Crossover(35,44)",8170.2500,8182.2500,-1.0000,-1.0000,-45.0000,45.0000,-8182.2500,11458.2500,11458.2500
2013-02-08,"MA_Crossover(35,44)",8264.7500,8276.7500,1.0000,-1.0000,94.5000,-94.5000,-8276.7500,11363.7500,11363.7500
2013-02-11,"MA_Crossover(35,44)",8169.5000,8181.5000,1.0000,1.0000,-95.2500,-95.2500,8181.5000,11268.5000,11268.5000
2013-02-12,"MA_Crossover(35,44)",8203.5000,8215.5000,1.0000,1.0000,34.0000,34.0000,8215.5000,11302.5000,11302.5000
2013-02-13,"MA_Crossover(35,44)",8193.7500,8205.7500,1.0000,1.0000,-9.7500,-9.7500,8205.7500,11292.7500,11292.7500
2013-02-14,"MA_Crossover(35,44)",8206.0000,8218.0000,1.0000,1.0000,12.2500,12.2500,8218.0000,11305.0000,11305.0000
2013-02-15,"MA_Crossover(35,44)",8172.7500,8184.7500,1.0000,1.0000,-33.2500,-33.2500,8184.7500,11271.7500,11271.7500
2013-02-18,"MA_Crossover(35,44)",8085.2500,8097.2500,1.0000,1.0000,-87.5000,-87.5000,8097.2500,11184.2500,11184.2500
2013-02-19,"MA_Crossover(35,44)",8030.5000,8035.2500,1.0000,1.0000,-62.0000,-62.0000,8035.2500,11122.2500,11122.2500
2013-02-20,"MA_Crossover(35,44)",7939.7500,7944.5000,1.0000,1.0000,-90.7500,-90.7500,7944.5000,11031.5000,11031.5000
2013-02-21,"MA_Crossover(35,44)",7844.5000,7846.2500,1.0000,1.0000,-98.2500,-98.2500,7846.2500,10933.2500,10933.2500
2013-02-22,"MA_Crossover(35,44)",7784.5000,7781.2500,1.0000,1.0000,-65.0000,-65.0000,7781.2500,10868.2500,10868.2500
2013-02-25,"MA_Crossover(35,44)",7821.5000,7818.2500,1.0000,1.0000,37.0000,37.0000,7818.2500,10905.2500,10905.2500
2013-02-26,"MA_Crossover(35,44)",7842.0000,7838.7500,1.0000,1.0000,20.5000,20.5000,7838.7500,10925.7500,10925.7500
2013-02-27,"MA_Crossover(35,44)",7850.5000,7847.2500,1.0000,1.0000,8.5000,8.5000,7847.2500,10934.2500,10934.2500
2013-02-28,"MA_Crossover(35,44)",7792.2500,7789.0000,1.0000,1.0000,-58.2500,-58.2500,7789.0000,10876.0000,10876.0000
2013-03-01,"MA_Crossover(35,44)",7680.5000,7677.2500,-1.0000,1.0000,-111.7500,-111.7500,7677.2500,10764.2500,10764.2500
2013-03-04,"MA_Crossover(35,44)",7702.5000,7699.2500,-1.0000,-1.0000,22.0000,-22.0000,-7699.2500,10742.2500,10742.2500
2013-03-05,"MA_Crossover(35,44)",7748.0000,7744.7500,-1.0000,-1.0000,45.5000,-45.5000,-7744.7500,10696.7500,10696.7500
2013-03-06,"MA_Crossover(35,44)",7664.2500,7661.0000,1.0000,-1.0000,-83.7500,83.7500,-7661.0000,10780.5000,10780.5000
2013-03-07,"MA_Crossover(35,44)",7739.0000,7735.7500,1.0000,1.0000,74.7500,74.7500,7735.7500,10855.2500,10855.2500
2013-03-08,"MA_Crossover(35,44)",7715.0000,7711.7500,-1.0000,1.0000,-24.0000,-24.0000,7711.7500,10831.2500,10831.2500
2013-03-11,"MA_Crossover(35,44)",7729.2500,7726.0000,-1.0000,-1.0000,14.2500,-14.2500,-7726.0000,10817.0000,10817.0000
2013-03-12,"MA_Crossover(35,44)",7801.0000,7797.7500,-1.0000,-1.0000,71.7500,-71.7500,-7797.7500,10745.2500,10745.2500
2013-03-13,"MA_Crossover(35,44)",7760.5000,7757.2500,-1.0000,-1.0000,-40.5000,40.5000,-7757.2500,10785.7500,10785.7500
2013-03-14,"MA_Crossover(35,44)",7775.7500,7772.5000,-1.0000,-1.0000,15.2500,-15.2500,-7772.5000,10770.5000,10770.5000
2013-03-15,"MA_Crossover(35,44)",7725.0000,7721.7500,-1.0000,-1.0000,-50.7500,50.7500,-7721.7500,10821.2500,10821.2500
2013-03-18,"MA_Crossover(35,44)",7542.0000,7538.7500,-1.0000,-1.0000,-183.0000,183.0000,-7538.7500,11004.2500,11004.2500
2013-03-19,"MA_Crossover(35,44)",7508.7500,7502.7500,-1.0000,-1.0000,-36.0000,36.0000,-7502.7500,11040.2500,11040.2500
2013-03-20,"MA_Crossover(35,44)",7600.0000,7593.7500,-1.0000,-1.0000,91.0000,-91.0000,-7593.7500,10949.2500,10949.2500
2013-03-21,"MA_Crossover(35,44)",7562.2500,7556.2500,-1.0000,-1.0000,-37.5000,37.5000,-7556.2500,10986.7500,10986.7500
2013-03-22,"MA_Crossover(35,44)",7635.5000,7619.2500,-1.0000,-1.0000,63.0000,-63.0000,-7619.2500,10923.7500,10923.7500
2013-03-25,"MA_Crossover(35,44)",7599.2500,7583.0000,-1.0000,-1.0000,-36.2500,36.2500,-7583.0000,10960.0000,10960.0000
2013-03-26,"MA_Crossover(35,44)",7604.5000,7588.2500,-1.0000,-1.0000,5.2500,-5.2500,-7588.2500,10954.7500,10954.7500
2013-03-27,"MA_Crossover(35,44)",7585.0000,7568.7500,-1.0000,-1.0000,-19.5000,19.5000,-7568.7500,10974.2500,10974.2500
2013-03-28,"MA_Crossover(35,44)",7518.2500,7502.0000,-1.0000,-1.0000,-66.7500,66.7500,-7502.0000,11041.0000,11041.0000
2013-04-02,"MA_Crossover(35,44)",7443.7500,7427.5000,-1.0000,-1.0000,-74.5000,74.5000,-7427.5000,11115.5000,11115.5000
2013-04-03,"MA_Crossover(35,44)",7365.5000,7349.2500,-1.0000,-1.0000,-78.2500,78.2500,-7349.2500,11193.7500,11193.7500
2013-04-04,"MA_Crossover(35,44)",7417.5000,7401.2500,-1.0000,-1.0000,52.0000,-52.0000,-7401.2500,11141.7500,11141.7500
2013-04-05,"MA_Crossover(35,44)",7382.0000,7365.7500,-1.0000,-1.0000,-35.5000,35.5000,-7365.7500,11177.2500,11177.2500
2013-04-08,"MA_Crossover(35,44)",7424.5000,7408.2500,-1.0000,-1.0000,42.5000,-42.5000,-7408.2500,11134.7500,11134.7500
2013-04-09,"MA_Crossover(35,44)",7605.0000,7588.7500,-1.0000,-1.0000,180.5000,-180.5000,-7588.7500,10954.2500,10954.2500
2013-04-10,"MA_Crossover(35,44)",7548.0000,7531.7500,-1.0000,-1.0000,-57.0000,57.0000,-7531.7500,11011.2500,11011.2500
2013-04-11,"MA_Crossover(35,44)",7580.2500,7564.0000,-1.0000,-1.0000,32.2500,-32.2500,-7564.0000,10979.0000,10979.0000
2013-04-12,"MA_Crossover(35,44)",7375.5000,7359.2500,-1.0000,-1.0000,-204.7500,204.7500,-7359.2500,11183.7500,11183.7500
2013-04-15,"MA_Crossover(35,44)",7168.2500,7152.0000,-1.0000,-1.0000,-207.2500,207.2500,-7152.0000,11391.0000,11391.0000
2013-04-16,"MA_Crossover(35,44)",7283.5000,7262.0000,-1.0000,-1.0000,110.0000,-110.0000,-7262.0000,11281.0000,11281.0000
2013-04-17,"MA_Crossover(35,44)",7063.5000,7041.7500,-1.0000,-1.0000,-220.2500,220.2500,-7041.7500,11501.2500,11501.2500
2013-04-18,"MA_Crossover(35,44)",7075.0000,7052.7500,-1.0000,-1.0000,11.0000,-11.0000,-7052.7500,11490.2500,11490.2500
2013-04-19,"MA_Crossover(35,44)",6974.5000,6942.2500,-1.0000,-1.0000,-110.5000,110.5000,-6942.2500,11600.7500,11600.7500
2013-04-22,"MA_Crossover(35,44)",6919.0000,6886.7500,-1.0000,-1.0000,-55.5000,55.5000,-6886.7500,11656.2500,11656.2500
2013-04-23,"MA_Crossover(35,44)",6854.0000,6821.7500,-1.0000,-1.0000,-65.0000,65.0000,-6821.7500,11721.2500,11721.2500
2013-04-24,"MA_Crossover(35,44)",7011.7500,6979.5000,-1.0000,-1.0000,157.7500,-157.7500,-6979.5000,11563.5000,11563.5000
2013-04-25,"MA_Crossover(35,44)",7158.0000,7125.7500,-1.0000,-1.0000,146.2500,-146.2500,-7125.7500,11417.2500,11417.2500
2013-04-26,"MA_Crossover(35,44)",7005.5000,6973.2500,-1.0000,-1.0000,-152.5000,152.5000,-6973.2500,11569.7500,11569.7500
2013-04-29,"MA_Crossover(35,44)",7127.5000,7095.2500,-1.0000,-1.0000,122.0000,-122.0000,-7095.2500,11447.7500,11447.7500
2013-04-30,"MA_Crossover(35,44)",7027.5000,6995.2500,-1.0000,-1.0000,-100.0000,100.0000,-6995.2500,11547.7500,11547.7500
2013-05-01,"MA_Crossover(35,44)",6767.7500,6735.5000,-1.0000,-1.0000,-259.7500,259.7500,-6735.5000,11807.5000,11807.5000
2013-05-02,"MA_Crossover(35,44)",6820.7500,6788.5000,-1.0000,-1.0000,53.0000,-53.0000,-6788.5000,11754.5000,11754.5000
2013-05-03,"MA_Crossover(35,44)",7246.2500,7214.0000,-1.0000,-1.0000,425.5000,-425.5000,-7214.0000,11329.0000,11329.0000
2013-05-07,"MA_Crossover(35,44)",7241.0000,7208.7500,-1.0000,-1.0000,-5.2500,5.2500,-7208.7500,11334.2500,11334.2500
2013-05-08,"MA_Crossover(35,44)",7395.7500,7363.5000,-1.0000,-1.0000,154.7500,-154.7500,-7363.5000,11179.5000,11179.5000
2013-05-09,"MA_Crossover(35,44)",7330.5000,7298.2500,-1.0000,-1.0000,-65.2500,65.2500,-7298.2500,11244.7500,11244.7500
2013-05-10,"MA_Crossover(35,44)",7355.0000,7322.7500,-1.0000,-1.0000,24.5000,-24.5000,-7322.7500,11220.2500,11220.2500
2013-05-13,"MA_Crossover(35,44)",7388.5000,7356.2500,-1.0000,-1.0000,33.5000,-33.5000,-7356.2500,11186.7500,11186.7500
2013-05-14,"MA_Crossover(35,44)",7231.0000,7191.2500,-1.0000,-1.0000,-165.0000,165.0000,-7191.2500,11351.7500,11351.7500
2013-05-15,"MA_Crossover(35,44)",7184.5000,7144.5000,-1.0000,-1.0000,-46.7500,46.7500,-7144.5000,11398.5000,11398.5000
2013-05-16,"MA_Crossover(35,44)",7265.0000,7225.5000,-1.0000,-1.0000,81.0000,-81.0000,-7225.5000,11317.5000,11317.5000
2013-05-17,"MA_Crossover(35,44)",7289.2500,7242.0000,-1.0000,-1.0000,16.5000,-16.5000,-7242.0000,11301.0000,11301.0000
2013-05-20,"MA_Crossover(35,44)",7382.0000,7334.7500,-1.0000,-1.0000,92.7500,-92.7500,-7334.7500,11208.2500,11208.2500
2013-05-21,"MA_Crossover(35,44)",7353.0000,7305.7500,-1.0000,-1.0000,-29.0000,29.0000,-7305.7500,11237.2500,11237.2500
2013-05-22,"MA_Crossover(35,44)",7459.0000,7411.7500,-1.0000,-1.0000,106.0000,-106.0000,-7411.7500,11131.2500,11131.2500
2013-05-23,"MA_Crossover(35,44)",7283.0000,7235.7500,-1.0000,-1.0000,-176.0000,176.0000,-7235.7500,11307.2500,11307.2500
2013-05-24,"MA_Crossover(35,44)",7281.7500,7234.5000,-1.0000,-1.0000,-1.2500,1.2500,-7234.5000,11308.5000,11308.5000
2013-05-28,"MA_Crossover(35,44)",7303.0000,7255.7500,-1.0000,-1.0000,21.2500,-21.2500,-7255.7500,11287.2500,11287.2500
2013-05-29,"MA_Crossover(35,44)",7244.2500,7197.0000,-1.0000,-1.0000,-58.7500,58.7500,-7197.0000,11346.0000,11346.0000
2013-05-30,"MA_Crossover(35,44)",7296.7500,7249.5000,-1.0000,-1.0000,52.5000,-52.5000,-7249.5000,11293.5000,11293.5000
2013-05-31,"MA_Crossover(35,44)",7290.2500,7243.0000,-1.0000,-1.0000,-6.5000,6.5000,-7243.0000,11300.0000,11300.0000
2013-06-03,"MA_Crossover(35,44)",7318.2500,7271.0000,-1.0000,-1.0000,28.0000,-28.0000,-7271.0000,11272.0000,11272.0000
2013-06-04,"MA_Crossover(35,44)",7431.5000,7384.2500,-1.0000,-1.0000,113.2500,-113.2500,-7384.2500,11158.7500,11158.7500
2013-06-05,"MA_Crossover(35,44)",7430.0000,7382.7500,-1.0000,-1.0000,-1.5000,1.5000,-7382.7500,11160.2500,11160.2500
2013-06-06,"MA_Crossover(35,44)",7307.0000,7259.7500,-1.0000,-1.0000,-123.0000,123.0000,-7259.7500,11283.2500,11283.2500
2013-06-07,"MA_Crossover(35,44)",7203.0000,7155.7500,-1.0000,-1.0000,-104.0000,104.0000,-7155.7500,11387.2500,11387.2500
2013-06-10,"MA_Crossover(35,44)",7133.5000,7086.2500,-1.0000,-1.0000,-69.5000,69.5000,-7086.2500,11456.7500,11456.7500
2013-06-11,"MA_Crossover(35,44)",7034.7500,6987.5000,-1.0000,-1.0000,-98.7500,98.7500,-6987.5000,11555.5000,11555.5000
2013-06-12,"MA_Crossover(35,44)",7090.2500,7043.0000,-1.0000,-1.0000,55.5000,-55.5000,-7043.0000,11500.0000,11500.0000
2013-06-13,"MA_Crossover(35,44)",7019.5000,6972.2500,1.0000,-1.0000,-70.7500,70.7500,-6972.2500,11570.7500,11570.7500
2013-06-14,"MA_Crossover(35,44)",7056.7500,7009.5000,1.0000,1.0000,37.2500,37.2500,7009.5000,11608.0000,11608.0000
2013-06-17,"MA_Crossover(35,44)",7047.7500,7000.5000,1.0000,1.0000,-9.0000,-9.0000,7000.5000,11599.0000,11599.0000
2013-06-18,"MA_Crossover(35,44)",6983.7500,6935.2500,1.0000,1.0000,-65.2500,-65.2500,6935.2500,11533.7500,11533.7500
2013-06-19,"MA_Crossover(35,44)",6939.7500,6891.2500,1.0000,1.0000,-44.0000,-44.0000,6891.2500,11489.7500,11489.7500
2013-06-20,"MA_Crossover(35,44)",6751.0000,6701.7500,1.0000,1.0000,-189.5000,-189.5000,6701.7500,11300.2500,11300.2500
2013-06-21,"MA_Crossover(35,44)",6797.5000,6735.7500,1.0000,1.0000,34.0000,34.0000,6735.7500,11334.2500,11334.2500
2013-06-24,"MA_Crossover(35,44)",6649.7500,6588.0000,1.0000,1.0000,-147.7500,-147.7500,6588.0000,11186.5000,11186.5000
2013-06-25,"MA_Crossover(35,44)",6774.7500,6713.0000,1.0000,1.0000,125.0000,125.0000,6713.0000,11311.5000,11311.5000
2013-06-26,"MA_Crossover(35,44)",6715.7500,6654.0000,1.0000,1.0000,-59.0000,-59.0000,6654.0000,11252.5000,11252.5000
2013-06-27,"MA_Crossover(35,44)",6735.5000,6673.7500,1.0000,1.0000,19.7500,19.7500,6673.7500,11272.2500,11272.2500
2013-06-28,"MA_Crossover(35,44)",6738.5000,6676.7500,1.0000,1.0000,3.0000,3.0000,6676.7500,11275.2500,11275.2500
2013-07-01,"MA_Crossover(35,44)",6986.5000,6924.7500,-1.0000,1.0000,248.0000,248.0000,6924.7500,11523.2500,11523.2500
2013-07-02,"MA_Crossover(35,44)",6924.0000,6862.2500,-1.0000,-1.0000,-62.5000,62.5000,-6862.2500,11585.7500,11585.7500
2013-07-03,"MA_Crossover(35,44)",7002.0000,6940.2500,-1.0000,-1.0000,78.0000,-78.0000,-6940.2500,11507.7500,11507.7500
2013-07-04,"MA_Crossover(35,44)",6959.0000,6897.2500,-1.0000,-1.0000,-43.0000,43.0000,-6897.2500,11550.7500,11550.7500
2013-07-05,"MA_Crossover(35,44)",6787.5000,6725.7500,-1.0000,-1.0000,-171.5000,171.5000,-6725.7500,11722.2500,11722.2500
2013-07-08,"MA_Crossover(35,44)",6825.0000,6763.2500,-1.0000,-1.0000,37.5000,-37.5000,-6763.2500,11684.7500,11684.7500
2013-07-09,"MA_Crossover(35,44)",6729.5000,6667.7500,-1.0000,-1.0000,-95.5000,95.5000,-6667.7500,11780.2500,11780.2500
2013-07-10,"MA_Crossover(35,44)",6821.5000,6759.7500,-1.0000,-1.0000,92.0000,-92.0000,-6759.7500,11688.2500,11688.2500
2013-07-11,"MA_Crossover(35,44)",6993.7500,6932.0000,-1.0000,-1.0000,172.2500,-172.2500,-6932.0000,11516.0000,11516.0000
2013-07-12,"MA_Crossover(35,44)",6940.5000,6878.7500,-1.0000,-1.0000,-53.2500,53.2500,-6878.7500,11569.2500,11569.2500
2013-07-15,"MA_Crossover(35,44)",6892.7500,6831.0000,-1.0000,-1.0000,-47.7500,47.7500,-6831.0000,11617.0000,11617.0000
2013-07-16,"MA_Crossover(35,44)",6995.0000,6921.2500,-1.0000,-1.0000,90.2500,-90.2500,-6921.2500,11526.7500,11526.7500
2013-07-17,"MA_Crossover(35,44)",6883.2500,6811.0000,-1.0000,-1.0000,-110.2500,110.2500,-6811.0000,11637.0000,11637.0000
2013-07-18,"MA_Crossover(35,44)",6898.5000,6825.7500,-1.0000,-1.0000,14.7500,-14.7500,-6825.7500,11622.2500,11622.2500
2013-07-19,"MA_Crossover(35,44)",6918.5000,6842.2500,-1.0000,-1.0000,16.5000,-16.5000,-6842.2500,11605.7500,11605.7500
2013-07-22,"MA_Crossover(35,44)",7028.5000,6952.2500,-1.0000,-1.0000,110.0000,-110.0000,-6952.2500,11495.7500,11495.7500
2013-07-23,"MA_Crossover(35,44)",7035.0000,6958.7500,-1.0000,-1.0000,6.5000,-6.5000,-6958.7500,11489.2500,11489.2500
2013-07-24,"MA_Crossover(35,44)",7052.0000,6975.7500,-1.0000,-1.0000,17.0000,-17.0000,-6975.7500,11472.2500,11472.2500
2013-07-25,"MA_Crossover(35,44)",7008.0000,6931.7500,-1.0000,-1.0000,-44.0000,44.0000,-6931.7500,11516.2500,11516.2500
2013-07-26,"MA_Crossover(35,44)",6857.0000,6780.7500,-1.0000,-1.0000,-151.0000,151.0000,-6780.7500,11667.2500,11667.2500
2013-07-29,"MA_Crossover(35,44)",6873.5000,6797.2500,-1.0000,-1.0000,16.5000,-16.5000,-6797.2500,11650.7500,11650.7500
2013-07-30,"MA_Crossover(35,44)",6733.0000,6656.7500,-1.0000,-1.0000,-140.5000,140.5000,-6656.7500,11791.2500,11791.2500
2013-07-31,"MA_Crossover(35,44)",6881.0000,6804.7500,-1.0000,-1.0000,148.0000,-148.0000,-6804.7500,11643.2500,11643.2500
2013-08-01,"MA_Crossover(35,44)",6998.0000,6921.7500,-1.0000,-1.0000,117.0000,-117.0000,-6921.7500,11526.2500,11526.2500
2013-08-02,"MA_Crossover(35,44)",6997.0000,6920.7500,-1.0000,-1.0000,-1.0000,1.0000,-6920.7500,11527.2500,11527.2500
2013-08-05,"MA_Crossover(35,44)",6965.2500,6889.0000,-1.0000,-1.0000,-31.7500,31.7500,-6889.0000,11559.0000,11559.0000
2013-08-06,"MA_Crossover(35,44)",6994.5000,6918.2500,-1.0000,-1.0000,29.2500,-29.2500,-6918.2500,11529.7500,11529.7500
2013-08-07,"MA_Crossover(35,44)",6991.0000,6914.7500,-1.0000,-1.0000,-3.5000,3.5000,-6914.7500,11533.2500,11533.2500
2013-08-08,"MA_Crossover(35,44)",7169.5000,7093.2500,-1.0000,-1.0000,178.5000,-178.5000,-7093.2500,11354.7500,11354.7500
2013-08-09,"MA_Crossover(35,44)",7257.2500,7181.0000,-1.0000,-1.0000,87.7500,-87.7500,-7181.0000,11267.0000,11267.0000
2013-08-12,"MA_Crossover(35,44)",7232.2500,7156.0000,1.0000,-1.0000,-25.0000,25.0000,-7156.0000,11292.0000,11292.0000
2013-08-13,"MA_Crossover(35,44)",7255.7500,7179.5000,1.0000,1.0000,23.5000,23.5000,7179.5000,11315.5000,11315.5000
2013-08-14,"MA_Crossover(35,44)",7297.0000,7220.7500,1.0000,1.0000,41.2500,41.2500,7220.7500,11356.7500,11356.7500
2013-08-15,"MA_Crossover(35,44)",7283.5000,7207.2500,1.0000,1.0000,-13.5000,-13.5000,7207.2500,11343.2500,11343.2500
2013-08-16,"MA_Crossover(35,44)",7372.2500,7296.0000,1.0000,1.0000,88.7500,88.7500,7296.0000,11432.0000,11432.0000
2013-08-19,"MA_Crossover(35,44)",7275.0000,7198.7500,1.0000,1.0000,-97.2500,-97.2500,7198.7500,11334.7500,11334.7500
2013-08-20,"MA_Crossover(35,44)",7305.5000,7220.5000,1.0000,1.0000,21.7500,21.7500,7220.5000,11356.5000,11356.5000
2013-08-21,"MA_Crossover(35,44)",7225.2500,7140.2500,1.0000,1.0000,-80.2500,-80.2500,7140.2500,11276.2500,11276.2500
2013-08-22,"MA_Crossover(35,44)",7305.5000,7220.0000,1.0000,1.0000,79.7500,79.7500,7220.0000,11356.0000,11356.0000
2013-08-23,"MA_Crossover(35,44)",7345.7500,7253.0000,1.0000,1.0000,33.0000,33.0000,7253.0000,11389.0000,11389.0000
2013-08-27,"MA_Crossover(35,44)",7299.0000,7206.2500,1.0000,1.0000,-46.7500,-46.7500,7206.2500,11342.2500,11342.2500
2013-08-28,"MA_Crossover(35,44)",7276.0000,7183.2500,1.0000,1.0000,-23.0000,-23.0000,7183.2500,11319.2500,11319.2500
2013-08-29,"MA_Crossover(35,44)",7138.7500,7046.0000,1.0000,1.0000,-137.2500,-137.2500,7046.0000,11182.0000,11182.0000
2013-08-30,"MA_Crossover(35,44)",7086.0000,6993.2500,1.0000,1.0000,-52.7500,-52.7500,6993.2500,11129.2500,11129.2500
2013-09-02,"MA_Crossover(35,44)",7223.0000,7130.2500,1.0000,1.0000,137.0000,137.0000,7130.2500,11266.2500,11266.2500
2013-09-03,"MA_Crossover(35,44)",7227.2500,7134.5000,1.0000,1.0000,4.2500,4.2500,7134.5000,11270.5000,11270.5000
2013-09-04,"MA_Crossover(35,44)",7102.5000,7009.7500,1.0000,1.0000,-124.7500,-124.7500,7009.7500,11145.7500,11145.7500
2013-09-05,"MA_Crossover(35,44)",7084.5000,6991.7500,1.0000,1.0000,-18.0000,-18.0000,6991.7500,11127.7500,11127.7500
2013-09-06,"MA_Crossover(35,44)",7135.5000,7042.7500,1.0000,1.0000,51.0000,51.0000,7042.7500,11178.7500,11178.7500
2013-09-09,"MA_Crossover(35,44)",7167.7500,7075.0000,1.0000,1.0000,32.2500,32.2500,7075.0000,11211.0000,11211.0000
2013-09-10,"MA_Crossover(35,44)",7139.7500,7047.0000,1.0000,1.0000,-28.0000,-28.0000,7047.0000,11183.0000,11183.0000
2013-09-11,"MA_Crossover(35,44)",7139.5000,7046.7500,1.0000,1.0000,-0.2500,-0.2500,7046.7500,11182.7500,11182.7500
2013-09-12,"MA_Crossover(35,44)",7029.5000,6936.7500,1.0000,1.0000,-110.0000,-110.0000,6936.7500,11072.7500,11072.7500
2013-09-13,"MA_Crossover(35,44)",7011.0000,6918.2500,1.0000,1.0000,-18.5000,-18.5000,6918.2500,11054.2500,11054.2500
2013-09-16,"MA_Crossover(35,44)",7055.5000,6962.7500,1.0000,1.0000,44.5000,44.5000,6962.7500,11098.7500,11098.7500
2013-09-17,"MA_Crossover(35,44)",7060.0000,6962.0000,1.0000,1.0000,-0.7500,-0.7500,6962.0000,11098.0000,11098.0000
2013-09-18,"MA_Crossover(35,44)",7169.2500,7071.2500,1.0000,1.0000,109.2500,109.2500,7071.2500,11207.2500,11207.2500
2013-09-19,"MA_Crossover(35,44)",7320.5000,7223.2500,1.0000,1.0000,152.0000,152.0000,7223.2500,11359.2500,11359.2500
2013-09-20,"MA_Crossover(35,44)",7263.7500,7157.5000,1.0000,1.0000,-65.7500,-65.7500,7157.5000,11293.5000,11293.5000
2013-09-23,"MA_Crossover(35,44)",7222.5000,7116.2500,1.0000,1.0000,-41.2500,-41.2500,7116.2500,11252.2500,11252.2500
2013-09-24,"MA_Crossover(35,44)",7123.7500,7017.5000,1.0000,1.0000,-98.7500,-98.7500,7017.5000,11153.5000,11153.5000
2013-09-25,"MA_Crossover(35,44)",7176.0000,7069.7500,1.0000,1.0000,52.2500,52.2500,7069.7500,11205.7500,11205.7500
2013-09-26,"MA_Crossover(35,44)",7230.2500,7124.0000,1.0000,1.0000,54.2500,54.2500,7124.0000,11260.0000,11260.0000
2013-09-27,"MA_Crossover(35,44)",7284.0000,7177.7500,1.0000,1.0000,53.7500,53.7500,7177.7500,11313.7500,11313.7500
2013-09-30,"MA_Crossover(35,44)",7286.2500,7180.0000,1.0000,1.0000,2.2500,2.2500,7180.0000,11316.0000,11316.0000
2013-10-01,"MA_Crossover(35,44)",7176.0000,7069.7500,1.0000,1.0000,-110.2500,-110.2500,7069.7500,11205.7500,11205.7500
2013-10-02,"MA_Crossover(35,44)",7256.0000,7149.7500,1.0000,1.0000,80.0000,80.0000,7149.7500,11285.7500,11285.7500
2013-10-03,"MA_Crossover(35,44)",7158.0000,7051.7500,1.0000,1.0000,-98.0000,-98.0000,7051.7500,11187.7500,11187.7500
2013-10-04,"MA_Crossover(35,44)",7235.0000,7128.7500,1.0000,1.0000,77.0000,77.0000,7128.7500,11264.7500,11264.7500
2013-10-07,"MA_Crossover(35,44)",7219.0000,7112.7500,-1.0000,1.0000,-16.0000,-16.0000,7112.7500,11248.7500,11248.7500
2013-10-08,"MA_Crossover(35,44)",7213.7500,7107.5000,-1.0000,-1.0000,-5.2500,5.2500,-7107.5000,11254.0000,11254.0000
2013-10-09,"MA_Crossover(35,44)",7072.7500,6966.5000,-1.0000,-1.0000,-141.0000,141.0000,-6966.5000,11395.0000,11395.0000
2013-10-10,"MA_Crossover(35,44)",7122.5000,7016.2500,-1.0000,-1.0000,49.7500,-49.7500,-7016.2500,11345.2500,11345.2500
2013-10-11,"MA_Crossover(35,44)",7177.2500,7071.0000,-1.0000,-1.0000,54.7500,-54.7500,-7071.0000,11290.5000,11290.5000
2013-10-14,"MA_Crossover(35,44)",7231.7500,7125.5000,-1.0000,-1.0000,54.5000,-54.5000,-7125.5000,11236.0000,11236.0000
2013-10-15,"MA_Crossover(35,44)",7227.7500,7117.5000,-1.0000,-1.0000,-8.0000,8.0000,-7117.5000,11244.0000,11244.0000
2013-10-16,"MA_Crossover(35,44)",7248.0000,7138.7500,-1.0000,-1.0000,21.2500,-21.2500,-7138.7500,11222.7500,11222.7500
2013-10-17,"MA_Crossover(35,44)",7215.7500,7107.2500,-1.0000,-1.0000,-31.5000,31.5000,-7107.2500,11254.2500,11254.2500
2013-10-18,"MA_Crossover(35,44)",7232.0000,7113.7500,-1.0000,-1.0000,6.5000,-6.5000,-7113.7500,11247.7500,11247.7500
2013-10-21,"MA_Crossover(35,44)",7232.5000,7114.2500,-1.0000,-1.0000,0.5000,-0.5000,-7114.2500,11247.2500,11247.2500
2013-10-22,"MA_Crossover(35,44)",7322.5000,7204.2500,-1.0000,-1.0000,90.0000,-90.0000,-7204.2500,11157.2500,11157.2500
2013-10-23,"MA_Crossover(35,44)",7159.2500,7041.0000,-1.0000,-1.0000,-163.2500,163.2500,-7041.0000,11320.5000,11320.5000
2013-10-24,"MA_Crossover(35,44)",7163.5000,7045.2500,-1.0000,-1.0000,4.2500,-4.2500,-7045.2500,11316.2500,11316.2500
2013-10-25,"MA_Crossover(35,44)",7181.7500,7063.5000,1.0000,-1.0000,18.2500,-18.2500,-7063.5000,11298.0000,11298.0000
2013-10-28,"MA_Crossover(35,44)",7185.5000,7067.2500,1.0000,1.0000,3.7500,3.7500,7067.2500,11301.7500,11301.7500
2013-10-29,"MA_Crossover(35,44)",7202.0000,7083.7500,1.0000,1.0000,16.5000,16.5000,7083.7500,11318.2500,11318.2500
2013-10-30,"MA_Crossover(35,44)",7288.5000,7170.2500,1.0000,1.0000,86.5000,86.5000,7170.2500,11404.7500,11404.7500
2013-10-31,"MA_Crossover(35,44)",7243.5000,7125.2500,1.0000,1.0000,-45.0000,-45.0000,7125.2500,11359.7500,11359.7500
2013-11-01,"MA_Crossover(35,44)",7238.0000,7119.7500,1.0000,1.0000,-5.5000,-5.5000,7119.7500,11354.2500,11354.2500
2013-11-04,"MA_Crossover(35,44)",7136.5000,7018.2500,1.0000,1.0000,-101.5000,-101.5000,7018.2500,11252.7500,11252.7500
2013-11-05,"MA_Crossover(35,44)",7153.0000,7034.7500,1.0000,1.0000,16.5000,16.5000,7034.7500,11269.2500,11269.2500
2013-11-06,"MA_Crossover(35,44)",7106.0000,6987.7500,1.0000,1.0000,-47.0000,-47.0000,6987.7500,11222.2500,11222.2500
2013-11-07,"MA_Crossover(35,44)",7139.5000,7021.2500,1.0000,1.0000,33.5000,33.5000,7021.2500,11255.7500,11255.7500
2013-11-08,"MA_Crossover(35,44)",7158.2500,7040.0000,1.0000,1.0000,18.7500,18.7500,7040.0000,11274.5000,11274.5000
2013-11-11,"MA_Crossover(35,44)",7161.0000,7042.7500,1.0000,1.0000,2.7500,2.7500,7042.7500,11277.2500,11277.2500
2013-11-12,"MA_Crossover(35,44)",7109.0000,6990.7500,1.0000,1.0000,-52.0000,-52.0000,6990.7500,11225.2500,11225.2500
2013-11-13,"MA_Crossover(35,44)",6971.5000,6853.2500,1.0000,1.0000,-137.5000,-137.5000,6853.2500,11087.7500,11087.7500
2013-11-14,"MA_Crossover(35,44)",6982.2500,6864.0000,1.0000,1.0000,10.7500,10.7500,6864.0000,11098.5000,11098.5000
2013-11-15,"MA_Crossover(35,44)",6998.2500,6880.0000,-1.0000,1.0000,16.0000,16.0000,6880.0000,11114.5000,11114.5000
2013-11-18,"MA_Crossover(35,44)",6960.7500,6842.5000,-1.0000,-1.0000,-37.5000,37.5000,-6842.5000,11152.0000,11152.0000
2013-11-19,"MA_Crossover(35,44)",6967.5000,6842.5000,-1.0000,-1.0000,0.0000,-0.0000,-6842.5000,11152.0000,11152.0000
2013-11-20,"MA_Crossover(35,44)",6997.2500,6871.0000,-1.0000,-1.0000,28.5000,-28.5000,-6871.0000,11123.5000,11123.5000
2013-11-21,"MA_Crossover(35,44)",7028.0000,6899.0000,-1.0000,-1.0000,28.0000,-28.0000,-6899.0000,11095.5000,11095.5000
2013-11-22,"MA_Crossover(35,44)",7101.0000,6973.5000,-1.0000,-1.0000,74.5000,-74.5000,-6973.5000,11021.0000,11021.0000
2013-11-25,"MA_Crossover(35,44)",7102.0000,6974.5000,-1.0000,-1.0000,1.0000,-1.0000,-6974.5000,11020.0000,11020.0000
2013-11-26,"MA_Crossover(35,44)",7066.0000,6938.5000,-1.0000,-1.0000,-36.0000,36.0000,-6938.5000,11056.0000,11056.0000
2013-11-27,"MA_Crossover(35,44)",7018.0000,6890.5000,-1.0000,-1.0000,-48.0000,48.0000,-6890.5000,11104.0000,11104.0000
2013-11-28,"MA_Crossover(35,44)",7020.0000,6892.5000,-1.0000,-1.0000,2.0000,-2.0000,-6892.5000,11102.0000,11102.0000
2013-11-29,"MA_Crossover(35,44)",7059.7500,6932.2500,-1.0000,-1.0000,39.7500,-39.7500,-6932.2500,11062.2500,11062.2500
2013-12-02,"MA_Crossover(35,44)",6975.0000,6847.5000,-1.0000,-1.0000,-84.7500,84.7500,-6847.5000,11147.0000,11147.0000
2013-12-03,"MA_Crossover(35,44)",6956.7500,6829.2500,-1.0000,-1.0000,-18.2500,18.2500,-6829.2500,11165.2500,11165.2500
2013-12-04,"MA_Crossover(35,44)",7096.0000,6968.5000,-1.0000,-1.0000,139.2500,-139.2500,-6968.5000,11026.0000,11026.0000
2013-12-05,"MA_Crossover(35,44)",7068.7500,6941.2500,-1.0000,-1.0000,-27.2500,27.2500,-6941.2500,11053.2500,11053.2500
2013-12-06,"MA_Crossover(35,44)",7123.5000,6996.0000,-1.0000,-1.0000,54.7500,-54.7500,-6996.0000,10998.5000,10998.5000
2013-12-09,"MA_Crossover(35,44)",7139.2500,7011.7500,-1.0000,-1.0000,15.7500,-15.7500,-7011.7500,10982.7500,10982.7500
2013-12-10,"MA_Crossover(35,44)",7166.0000,7038.5000,-1.0000,-1.0000,26.7500,-26.7500,-7038.5000,10956.0000,10956.0000
2013-12-11,"MA_Crossover(35,44)",7227.0000,7099.5000,-1.0000,-1.0000,61.0000,-61.0000,-7099.5000,10895.0000,10895.0000
2013-12-12,"MA_Crossover(35,44)",7240.0000,7112.5000,-1.0000,-1.0000,13.0000,-13.0000,-7112.5000,10882.0000,10882.0000
2013-12-13,"MA_Crossover(35,44)",7276.5000,7149.0000,-1.0000,-1.0000,36.5000,-36.5000,-7149.0000,10845.5000,10845.5000
2013-12-16,"MA_Crossover(35,44)",7320.0000,7192.5000,-1.0000,-1.0000,43.5000,-43.5000,-7192.5000,10802.0000,10802.0000
2013-12-17,"MA_Crossover(35,44)",7287.0000,7171.0000,-1.0000,-1.0000,-21.5000,21.5000,-7171.0000,10823.5000,10823.5000
2013-12-18,"MA_Crossover(35,44)",7274.5000,7161.0000,-1.0000,-1.0000,-10.0000,10.0000,-7161.0000,10833.5000,10833.5000
2013-12-19,"MA_Crossover(35,44)",7204.0000,7092.0000,-1.0000,-1.0000,-69.0000,69.0000,-7092.0000,10902.5000,10902.5000
2013-12-20,"MA_Crossover(35,44)",7245.5000,7135.0000,-1.0000,-1.0000,43.0000,-43.0000,-7135.0000,10859.5000,10859.5000
2013-12-23,"MA_Crossover(35,44)",7252.0000,7141.5000,-1.0000,-1.0000,6.5000,-6.5000,-7141.5000,10853.0000,10853.0000
2013-12-24,"MA_Crossover(35,44)",7294.0000,7183.5000,-1.0000,-1.0000,42.0000,-42.0000,-7183.5000,10811.0000,10811.0000
2013-12-27,"MA_Crossover(35,44)",7391.7500,7281.2500,-1.0000,-1.0000,97.7500,-97.7500,-7281.2500,10713.2500,10713.2500
2013-12-30,"MA_Crossover(35,44)",7384.5000,7274.0000,-1.0000,-1.0000,-7.2500,7.2500,-7274.0000,10720.5000,10720.5000
2013-12-31,"MA_Crossover(35,44)",7372.7500,7262.2500,-1.0000,-1.0000,-11.7500,11.7500,-7262.2500,10732.2500,10732.2500
2014-01-02,"MA_Crossover(35,44)",7403.5000,7293.0000,-1.0000,-1.0000,30.7500,-30.7500,-7293.0000,10701.5000,10701.5000
2014-01-03,"MA_Crossover(35,44)",7327.5000,7217.0000,-1.0000,-1.0000,-76.0000,76.0000,-7217.0000,10777.5000,10777.5000
2014-01-06,"MA_Crossover(35,44)",7343.5000,7233.0000,1.0000,-1.0000,16.0000,-16.0000,-7233.0000,10761.5000,10761.5000
2014-01-07,"MA_Crossover(35,44)",7361.0000,7250.5000,1.0000,1.0000,17.5000,17.5000,7250.5000,10779.0000,10779.0000
2014-01-08,"MA_Crossover(35,44)",7354.5000,7244.0000,1.0000,1.0000,-6.5000,-6.5000,7244.0000,10772.5000,10772.5000
2014-01-09,"MA_Crossover(35,44)",7235.2500,7124.7500,1.0000,1.0000,-119.2500,-119.2500,7124.7500,10653.2500,10653.2500
2014-01-10,"MA_Crossover(35,44)",7327.7500,7217.2500,1.0000,1.0000,92.5000,92.5000,7217.2500,10745.7500,10745.7500
2014-01-13,"MA_Crossover(35,44)",7365.0000,7254.5000,1.0000,1.0000,37.2500,37.2500,7254.5000,10783.0000,10783.0000
2014-01-14,"MA_Crossover(35,44)",7291.7500,7196.2500,1.0000,1.0000,-58.2500,-58.2500,7196.2500,10724.7500,10724.7500
2014-01-15,"MA_Crossover(35,44)",7369.5000,7272.5000,1.0000,1.0000,76.2500,76.2500,7272.5000,10801.0000,10801.0000
2014-01-16,"MA_Crossover(35,44)",7324.0000,7227.5000,1.0000,1.0000,-45.0000,-45.0000,7227.5000,10756.0000,10756.0000
2014-01-17,"MA_Crossover(35,44)",7363.0000,7273.5000,1.0000,1.0000,46.0000,46.0000,7273.5000,10802.0000,10802.0000
2014-01-20,"MA_Crossover(35,44)",7339.0000,7249.5000,1.0000,1.0000,-24.0000,-24.0000,7249.5000,10778.0000,10778.0000
2014-01-21,"MA_Crossover(35,44)",7371.0000,7281.5000,1.0000,1.0000,32.0000,32.0000,7281.5000,10810.0000,10810.0000
2014-01-22,"MA_Crossover(35,44)",7320.5000,7231.0000,1.0000,1.0000,-50.5000,-50.5000,7231.0000,10759.5000,10759.5000
2014-01-23,"MA_Crossover(35,44)",7227.0000,7137.5000,1.0000,1.0000,-93.5000,-93.5000,7137.5000,10666.0000,10666.0000
2014-01-24,"MA_Crossover(35,44)",7207.0000,7117.5000,1.0000,1.0000,-20.0000,-20.0000,7117.5000,10646.0000,10646.0000
2014-01-27,"MA_Crossover(35,44)",7185.5000,7096.0000,1.0000,1.0000,-21.5000,-21.5000,7096.0000,10624.5000,10624.5000
2014-01-28,"MA_Crossover(35,44)",7178.5000,7089.0000,1.0000,1.0000,-7.0000,-7.0000,7089.0000,10617.5000,10617.5000
2014-01-29,"MA_Crossover(35,44)",7159.0000,7069.5000,1.0000,1.0000,-19.5000,-19.5000,7069.5000,10598.0000,10598.0000
2014-01-30,"MA_Crossover(35,44)",7139.0000,7049.5000,1.0000,1.0000,-20.0000,-20.0000,7049.5000,10578.0000,10578.0000
2014-01-31,"MA_Crossover(35,44)",7103.0000,7013.5000,1.0000,1.0000,-36.0000,-36.0000,7013.5000,10542.0000,10542.0000
2014-02-03,"MA_Crossover(35,44)",7081.5000,6992.0000,1.0000,1.0000,-21.5000,-21.5000,6992.0000,10520.5000,10520.5000
2014-02-04,"MA_Crossover(35,44)",7087.5000,6998.0000,1.0000,1.0000,6.0000,6.0000,6998.0000,10526.5000,10526.5000
2014-02-05,"MA_Crossover(35,44)",7088.5000,6999.0000,1.0000,1.0000,1.0000,1.0000,6999.0000,10527.5000,10527.5000
2014-02-06,"MA_Crossover(35,44)",7181.5000,7092.0000,1.0000,1.0000,93.0000,93.0000,7092.0000,10620.5000,10620.5000
2014-02-07,"MA_Crossover(35,44)",7194.0000,7104.5000,1.0000,1.0000,12.5000,12.5000,7104.5000,10633.0000,10633.0000
2014-02-10,"MA_Crossover(35,44)",7140.0000,7050.5000,1.0000,1.0000,-54.0000,-54.0000,7050.5000,10579.0000,10579.0000
2014-02-11,"MA_Crossover(35,44)",7111.5000,7022.0000,1.0000,1.0000,-28.5000,-28.5000,7022.0000,10550.5000,10550.5000
2014-02-12,"MA_Crossover(35,44)",7201.0000,7111.5000,1.0000,1.0000,89.5000,89.5000,7111.5000,10640.0000,10640.0000
2014-02-13,"MA_Crossover(35,44)",7143.0000,7053.5000,-1.0000,1.0000,-58.0000,-58.0000,7053.5000,10582.0000,10582.0000
2014-02-14,"MA_Crossover(35,44)",7181.0000,7091.5000,-1.0000,-1.0000,38.0000,-38.0000,-7091.5000,10544.0000,10544.0000
2014-02-17,"MA_Crossover(35,44)",7204.5000,7115.0000,-1.0000,-1.0000,23.5000,-23.5000,-7115.0000,10520.5000,10520.5000
2014-02-18,"MA_Crossover(35,44)",7224.0000,7129.5000,-1.0000,-1.0000,14.5000,-14.5000,-7129.5000,10506.0000,10506.0000
2014-02-19,"MA_Crossover(35,44)",7216.0000,7117.5000,-1.0000,-1.0000,-12.0000,12.0000,-7117.5000,10518.0000,10518.0000
2014-02-20,"MA_Crossover(35,44)",7187.0000,7090.5000,-1.0000,-1.0000,-27.0000,27.0000,-7090.5000,10545.0000,10545.0000
2014-02-21,"MA_Crossover(35,44)",7195.0000,7115.5000,-1.0000,-1.0000,25.0000,-25.0000,-7115.5000,10520.0000,10520.0000
2014-02-24,"MA_Crossover(35,44)",7114.0000,7034.5000,-1.0000,-1.0000,-81.0000,81.0000,-7034.5000,10601.0000,10601.0000
2014-02-25,"MA_Crossover(35,44)",7106.0000,7026.5000,-1.0000,-1.0000,-8.0000,8.0000,-7026.5000,10609.0000,10609.0000
2014-02-26,"MA_Crossover(35,44)",7076.5000,6997.0000,-1.0000,-1.0000,-29.5000,29.5000,-6997.0000,10638.5000,10638.5000
2014-02-27,"MA_Crossover(35,44)",7068.0000,6988.5000,-1.0000,-1.0000,-8.5000,8.5000,-6988.5000,10647.0000,10647.0000
2014-02-28,"MA_Crossover(35,44)",7059.0000,6979.5000,-1.0000,-1.0000,-9.0000,9.0000,-6979.5000,10656.0000,10656.0000
2014-03-03,"MA_Crossover(35,44)",7005.0000,6925.5000,-1.0000,-1.0000,-54.0000,54.0000,-6925.5000,10710.0000,10710.0000
2014-03-04,"MA_Crossover(35,44)",7087.5000,7008.0000,-1.0000,-1.0000,82.5000,-82.5000,-7008.0000,10627.5000,10627.5000
2014-03-05,"MA_Crossover(35,44)",7064.5000,6985.0000,-1.0000,-1.0000,-23.0000,23.0000,-6985.0000,10650.5000,10650.5000
2014-03-06,"MA_Crossover(35,44)",7070.0000,6990.5000,-1.0000,-1.0000,5.5000,-5.5000,-6990.5000,10645.0000,10645.0000
2014-03-07,"MA_Crossover(35,44)",6808.0000,6728.5000,-1.0000,-1.0000,-262.0000,262.0000,-6728.5000,10907.0000,10907.0000
2014-03-10,"MA_Crossover(35,44)",6664.0000,6584.5000,-1.0000,-1.0000,-144.0000,144.0000,-6584.5000,11051.0000,11051.0000
2014-03-11,"MA_Crossover(35,44)",6492.5000,6413.0000,-1.0000,-1.0000,-171.5000,171.5000,-6413.0000,11222.5000,11222.5000
2014-03-12,"MA_Crossover(35,44)",6527.7500,6448.2500,-1.0000,-1.0000,35.2500,-35.2500,-6448.2500,11187.2500,11187.2500
2014-03-13,"MA_Crossover(35,44)",6434.0000,6354.5000,-1.0000,-1.0000,-93.7500,93.7500,-6354.5000,11281.0000,11281.0000
2014-03-14,"MA_Crossover(35,44)",6488.0000,6408.5000,-1.0000,-1.0000,54.0000,-54.0000,-6408.5000,11227.0000,11227.0000
2014-03-17,"MA_Crossover(35,44)",6500.5000,6421.0000,-1.0000,-1.0000,12.5000,-12.5000,-6421.0000,11214.5000,11214.5000
2014-03-18,"MA_Crossover(35,44)",6497.5000,6415.5000,-1.0000,-1.0000,-5.5000,5.5000,-6415.5000,11220.0000,11220.0000
2014-03-19,"MA_Crossover(35,44)",6569.5000,6488.0000,-1.0000,-1.0000,72.5000,-72.5000,-6488.0000,11147.5000,11147.5000
2014-03-20,"MA_Crossover(35,44)",6443.5000,6364.0000,-1.0000,-1.0000,-124.0000,124.0000,-6364.0000,11271.5000,11271.5000
2014-03-21,"MA_Crossover(35,44)",6492.5000,6417.0000,-1.0000,-1.0000,53.0000,-53.0000,-6417.0000,11218.5000,11218.5000
2014-03-24,"MA_Crossover(35,44)",6480.5000,6405.0000,-1.0000,-1.0000,-12.0000,12.0000,-6405.0000,11230.5000,11230.5000
2014-03-25,"MA_Crossover(35,44)",6610.5000,6535.0000,-1.0000,-1.0000,130.0000,-130.0000,-6535.0000,11100.5000,11100.5000
2014-03-26,"MA_Crossover(35,44)",6515.7500,6440.2500,-1.0000,-1.0000,-94.7500,94.7500,-6440.2500,11195.2500,11195.2500
2014-03-27,"MA_Crossover(35,44)",6574.5000,6499.0000,-1.0000,-1.0000,58.7500,-58.7500,-6499.0000,11136.5000,11136.5000
2014-03-28,"MA_Crossover(35,44)",6686.0000,6610.5000,-1.0000,-1.0000,111.5000,-111.5000,-6610.5000,11025.0000,11025.0000
2014-03-31,"MA_Crossover(35,44)",6652.0000,6576.5000,-1.0000,-1.0000,-34.0000,34.0000,-6576.5000,11059.0000,11059.0000
2014-04-01,"MA_Crossover(35,44)",6667.5000,6592.0000,-1.0000,-1.0000,15.5000,-15.5000,-6592.0000,11043.5000,11043.5000
2014-04-02,"MA_Crossover(35,44)",6679.0000,6603.5000,-1.0000,-1.0000,11.5000,-11.5000,-6603.5000,11032.0000,11032.0000
2014-04-03,"MA_Crossover(35,44)",6646.0000,6570.5000,-1.0000,-1.0000,-33.0000,33.0000,-6570.5000,11065.0000,11065.0000
2014-04-04,"MA_Crossover(35,44)",6622.0000,6546.5000,-1.0000,-1.0000,-24.0000,24.0000,-6546.5000,11089.0000,11089.0000
2014-04-07,"MA_Crossover(35,44)",6672.5000,6597.0000,-1.0000,-1.0000,50.5000,-50.5000,-6597.0000,11038.5000,11038.5000
2014-04-08,"MA_Crossover(35,44)",6672.0000,6596.5000,-1.0000,-1.0000,-0.5000,0.5000,-6596.5000,11039.0000,11039.0000
2014-04-09,"MA_Crossover(35,44)",6623.5000,6548.0000,-1.0000,-1.0000,-48.5000,48.5000,-6548.0000,11087.5000,11087.5000
2014-04-10,"MA_Crossover(35,44)",6657.7500,6582.2500,-1.0000,-1.0000,34.2500,-34.2500,-6582.2500,11053.2500,11053.2500
2014-04-11,"MA_Crossover(35,44)",6664.2500,6588.7500,-1.0000,-1.0000,6.5000,-6.5000,-6588.7500,11046.7500,11046.7500
2014-04-14,"MA_Crossover(35,44)",6661.7500,6586.2500,-1.0000,-1.0000,-2.5000,2.5000,-6586.2500,11049.2500,11049.2500
2014-04-15,"MA_Crossover(35,44)",6545.0000,6463.2500,-1.0000,-1.0000,-123.0000,123.0000,-6463.2500,11172.2500,11172.2500
2014-04-16,"MA_Crossover(35,44)",6627.5000,6544.2500,-1.0000,-1.0000,81.0000,-81.0000,-6544.2500,11091.2500,11091.2500
2014-04-17,"MA_Crossover(35,44)",6661.5000,6577.2500,-1.0000,-1.0000,33.0000,-33.0000,-6577.2500,11058.2500,11058.2500
2014-04-22,"MA_Crossover(35,44)",6684.0000,6602.2500,-1.0000,-1.0000,25.0000,-25.0000,-6602.2500,11033.2500,11033.2500
2014-04-23,"MA_Crossover(35,44)",6686.5000,6604.7500,-1.0000,-1.0000,2.5000,-2.5000,-6604.7500,11030.7500,11030.7500
2014-04-24,"MA_Crossover(35,44)",6774.0000,6692.2500,-1.0000,-1.0000,87.5000,-87.5000,-6692.2500,10943.2500,10943.2500
2014-04-25,"MA_Crossover(35,44)",6785.0000,6703.2500,-1.0000,-1.0000,11.0000,-11.0000,-6703.2500,10932.2500,10932.2500
2014-04-28,"MA_Crossover(35,44)",6767.5000,6685.7500,-1.0000,-1.0000,-17.5000,17.5000,-6685.7500,10949.7500,10949.7500
2014-04-29,"MA_Crossover(35,44)",6734.0000,6652.2500,-1.0000,-1.0000,-33.5000,33.5000,-6652.2500,10983.2500,10983.2500
2014-04-30,"MA_Crossover(35,44)",6662.5000,6580.7500,-1.0000,-1.0000,-71.5000,71.5000,-6580.7500,11054.7500,11054.7500
2014-05-01,"MA_Crossover(35,44)",6672.0000,6590.2500,-1.0000,-1.0000,9.5000,-9.5000,-6590.2500,11045.2500,11045.2500
2014-05-02,"MA_Crossover(35,44)",6753.5000,6671.7500,-1.0000,-1.0000,81.5000,-81.5000,-6671.7500,10963.7500,10963.7500
2014-05-06,"MA_Crossover(35,44)",6756.0000,6674.2500,-1.0000,-1.0000,2.5000,-2.5000,-6674.2500,10961.2500,10961.2500
2014-05-07,"MA_Crossover(35,44)",6688.5000,6606.7500,-1.0000,-1.0000,-67.5000,67.5000,-6606.7500,11028.7500,11028.7500
2014-05-08,"MA_Crossover(35,44)",6772.0000,6690.2500,-1.0000,-1.0000,83.5000,-83.5000,-6690.2500,10945.2500,10945.2500
2014-05-09,"MA_Crossover(35,44)",6797.0000,6715.2500,1.0000,-1.0000,25.0000,-25.0000,-6715.2500,10920.2500,10920.2500
2014-05-12,"MA_Crossover(35,44)",6924.0000,6842.2500,1.0000,1.0000,127.0000,127.0000,6842.2500,11047.2500,11047.2500
2014-05-13,"MA_Crossover(35,44)",6888.0000,6806.2500,1.0000,1.0000,-36.0000,-36.0000,6806.2500,11011.2500,11011.2500
2014-05-14,"MA_Crossover(35,44)",6975.0000,6893.2500,1.0000,1.0000,87.0000,87.0000,6893.2500,11098.2500,11098.2500
2014-05-15,"MA_Crossover(35,44)",6938.0000,6856.2500,1.0000,1.0000,-37.0000,-37.0000,6856.2500,11061.2500,11061.2500
2014-05-16,"MA_Crossover(35,44)",6922.0000,6840.2500,1.0000,1.0000,-16.0000,-16.0000,6840.2500,11045.2500,11045.2500
2014-05-19,"MA_Crossover(35,44)",6983.0000,6901.2500,1.0000,1.0000,61.0000,61.0000,6901.2500,11106.2500,11106.2500
2014-05-20,"MA_Crossover(35,44)",6920.0000,6839.2500,1.0000,1.0000,-62.0000,-62.0000,6839.2500,11044.2500,11044.2500
2014-05-21,"MA_Crossover(35,44)",6870.0000,6787.2500,1.0000,1.0000,-52.0000,-52.0000,6787.2500,10992.2500,10992.2500
2014-05-22,"MA_Crossover(35,44)",6924.0000,6835.2500,1.0000,1.0000,48.0000,48.0000,6835.2500,11040.2500,11040.2500
2014-05-23,"MA_Crossover(35,44)",6981.0000,6919.2500,1.0000,1.0000,84.0000,84.0000,6919.2500,11124.2500,11124.2500
2014-05-27,"MA_Crossover(35,44)",6988.5000,6926.7500,1.0000,1.0000,7.5000,7.5000,6926.7500,11131.7500,11131.7500
2014-05-28,"MA_Crossover(35,44)",7013.0000,6951.2500,1.0000,1.0000,24.5000,24.5000,6951.2500,11156.2500,11156.2500
2014-05-29,"MA_Crossover(35,44)",6946.0000,6884.2500,1.0000,1.0000,-67.0000,-67.0000,6884.2500,11089.2500,11089.2500
2014-05-30,"MA_Crossover(35,44)",6892.0000,6830.2500,1.0000,1.0000,-54.0000,-54.0000,6830.2500,11035.2500,11035.2500
2014-06-02,"MA_Crossover(35,44)",6974.5000,6912.7500,1.0000,1.0000,82.5000,82.5000,6912.7500,11117.7500,11117.7500
2014-06-03,"MA_Crossover(35,44)",6902.5000,6840.7500,1.0000,1.0000,-72.0000,-72.0000,6840.7500,11045.7500,11045.7500
2014-06-04,"MA_Crossover(35,44)",6809.0000,6747.2500,1.0000,1.0000,-93.5000,-93.5000,6747.2500,10952.2500,10952.2500
2014-06-05,"MA_Crossover(35,44)",6789.0000,6727.2500,1.0000,1.0000,-20.0000,-20.0000,6727.2500,10932.2500,10932.2500
2014-06-06,"MA_Crossover(35,44)",6691.0000,6629.2500,1.0000,1.0000,-98.0000,-98.0000,6629.2500,10834.2500,10834.2500
2014-06-09,"MA_Crossover(35,44)",6684.5000,6622.7500,1.0000,1.0000,-6.5000,-6.5000,6622.7500,10827.7500,10827.7500
2014-06-10,"MA_Crossover(35,44)",6696.0000,6634.2500,1.0000,1.0000,11.5000,11.5000,6634.2500,10839.2500,10839.2500
2014-06-11,"MA_Crossover(35,44)",6725.0000,6663.2500,1.0000,1.0000,29.0000,29.0000,6663.2500,10868.2500,10868.2500
2014-06-12,"MA_Crossover(35,44)",6634.5000,6572.7500,1.0000,1.0000,-90.5000,-90.5000,6572.7500,10777.7500,10777.7500
2014-06-13,"MA_Crossover(35,44)",6673.5000,6611.7500,1.0000,1.0000,39.0000,39.0000,6611.7500,10816.7500,10816.7500
2014-06-16,"MA_Crossover(35,44)",6718.5000,6656.7500,1.0000,1.0000,45.0000,45.0000,6656.7500,10861.7500,10861.7500
2014-06-17,"MA_Crossover(35,44)",6712.5000,6666.7500,1.0000,1.0000,10.0000,10.0000,6666.7500,10871.7500,10871.7500
2014-06-18,"MA_Crossover(35,44)",6713.5000,6670.7500,1.0000,1.0000,4.0000,4.0000,6670.7500,10875.7500,10875.7500
2014-06-19,"MA_Crossover(35,44)",6733.5000,6688.2500,1.0000,1.0000,17.5000,17.5000,6688.2500,10893.2500,10893.2500
2014-06-20,"MA_Crossover(35,44)",6836.5000,6794.7500,1.0000,1.0000,106.5000,106.5000,6794.7500,10999.7500,10999.7500
2014-06-23,"MA_Crossover(35,44)",6901.0000,6859.2500,1.0000,1.0000,64.5000,64.5000,6859.2500,11064.2500,11064.2500
2014-06-24,"MA_Crossover(35,44)",6903.5000,6861.7500,1.0000,1.0000,2.5000,2.5000,6861.7500,11066.7500,11066.7500
2014-06-25,"MA_Crossover(35,44)",6929.0000,6887.2500,1.0000,1.0000,25.5000,25.5000,6887.2500,11092.2500,11092.2500
2014-06-26,"MA_Crossover(35,44)",6973.5000,6931.7500,1.0000,1.0000,44.5000,44.5000,6931.7500,11136.7500,11136.7500
2014-06-27,"MA_Crossover(35,44)",6966.0000,6924.2500,1.0000,1.0000,-7.5000,-7.5000,6924.2500,11129.2500,11129.2500
2014-06-30,"MA_Crossover(35,44)",7036.0000,6994.2500,1.0000,1.0000,70.0000,70.0000,6994.2500,11199.2500,11199.2500
2014-07-01,"MA_Crossover(35,44)",7038.5000,6996.7500,1.0000,1.0000,2.5000,2.5000,6996.7500,11201.7500,11201.7500
2014-07-02,"MA_Crossover(35,44)",7139.5000,7097.7500,1.0000,1.0000,101.0000,101.0000,7097.7500,11302.7500,11302.7500
2014-07-03,"MA_Crossover(35,44)",7189.0000,7147.2500,1.0000,1.0000,49.5000,49.5000,7147.2500,11352.2500,11352.2500
2014-07-04,"MA_Crossover(35,44)",7164.0000,7122.2500,1.0000,1.0000,-25.0000,-25.0000,7122.2500,11327.2500,11327.2500
2014-07-07,"MA_Crossover(35,44)",7128.0000,7086.2500,1.0000,1.0000,-36.0000,-36.0000,7086.2500,11291.2500,11291.2500
2014-07-08,"MA_Crossover(35,44)",7136.0000,7094.2500,1.0000,1.0000,8.0000,8.0000,7094.2500,11299.2500,11299.2500
2014-07-09,"MA_Crossover(35,44)",7141.0000,7099.2500,-1.0000,1.0000,5.0000,5.0000,7099.2500,11304.2500,11304.2500
2014-07-10,"MA_Crossover(35,44)",7177.5000,7135.7500,-1.0000,-1.0000,36.5000,-36.5000,-7135.7500,11267.7500,11267.7500
2014-07-11,"MA_Crossover(35,44)",7173.5000,7131.7500,-1.0000,-1.0000,-4.0000,4.0000,-7131.7500,11271.7500,11271.7500
2014-07-14,"MA_Crossover(35,44)",7121.5000,7079.7500,-1.0000,-1.0000,-52.0000,52.0000,-7079.7500,11323.7500,11323.7500
2014-07-15,"MA_Crossover(35,44)",7132.5000,7088.2500,-1.0000,-1.0000,8.5000,-8.5000,-7088.2500,11315.2500,11315.2500
2014-07-16,"MA_Crossover(35,44)",7077.2500,7034.0000,-1.0000,-1.0000,-54.2500,54.2500,-7034.0000,11369.5000,11369.5000
2014-07-17,"MA_Crossover(35,44)",7067.5000,7023.7500,-1.0000,-1.0000,-10.2500,10.2500,-7023.7500,11379.7500,11379.7500
2014-07-18,"MA_Crossover(35,44)",6987.5000,6941.7500,-1.0000,-1.0000,-82.0000,82.0000,-6941.7500,11461.7500,11461.7500
2014-07-21,"MA_Crossover(35,44)",7029.2500,6983.5000,-1.0000,-1.0000,41.7500,-41.7500,-6983.5000,11420.0000,11420.0000
2014-07-22,"MA_Crossover(35,44)",7038.0000,6992.2500,-1.0000,-1.0000,8.7500,-8.7500,-6992.2500,11411.2500,11411.2500
2014-07-23,"MA_Crossover(35,44)",7040.7500,6995.0000,1.0000,-1.0000,2.7500,-2.7500,-6995.0000,11408.5000,11408.5000
2014-07-24,"MA_Crossover(35,44)",7172.5000,7126.7500,1.0000,1.0000,131.7500,131.7500,7126.7500,11540.2500,11540.2500
2014-07-25,"MA_Crossover(35,44)",7130.0000,7084.2500,1.0000,1.0000,-42.5000,-42.5000,7084.2500,11497.7500,11497.7500
2014-07-28,"MA_Crossover(35,44)",7125.2500,7079.5000,1.0000,1.0000,-4.7500,-4.7500,7079.5000,11493.0000,11493.0000
2014-07-29,"MA_Crossover(35,44)",7090.5000,7044.7500,1.0000,1.0000,-34.7500,-34.7500,7044.7500,11458.2500,11458.2500
2014-07-30,"MA_Crossover(35,44)",7141.2500,7095.5000,1.0000,1.0000,50.7500,50.7500,7095.5000,11509.0000,11509.0000
2014-07-31,"MA_Crossover(35,44)",7123.5000,7077.7500,1.0000,1.0000,-17.7500,-17.7500,7077.7500,11491.2500,11491.2500
2014-08-01,"MA_Crossover(35,44)",7078.5000,7032.7500,1.0000,1.0000,-45.0000,-45.0000,7032.7500,11446.2500,11446.2500
2014-08-04,"MA_Crossover(35,44)",7130.5000,7084.7500,1.0000,1.0000,52.0000,52.0000,7084.7500,11498.2500,11498.2500
2014-08-05,"MA_Crossover(35,44)",7059.5000,7013.7500,1.0000,1.0000,-71.0000,-71.0000,7013.7500,11427.2500,11427.2500
2014-08-06,"MA_Crossover(35,44)",6977.2500,6931.5000,1.0000,1.0000,-82.2500,-82.2500,6931.5000,11345.0000,11345.0000
2014-08-07,"MA_Crossover(35,44)",7009.0000,6963.2500,1.0000,1.0000,31.7500,31.7500,6963.2500,11376.7500,11376.7500
2014-08-08,"MA_Crossover(35,44)",7004.7500,6959.0000,1.0000,1.0000,-4.2500,-4.2500,6959.0000,11372.5000,11372.5000
2014-08-11,"MA_Crossover(35,44)",7004.0000,6958.2500,1.0000,1.0000,-0.7500,-0.7500,6958.2500,11371.7500,11371.7500
2014-08-12,"MA_Crossover(35,44)",6975.7500,6930.0000,1.0000,1.0000,-28.2500,-28.2500,6930.0000,11343.5000,11343.5000
2014-08-13,"MA_Crossover(35,44)",6892.5000,6846.7500,1.0000,1.0000,-83.2500,-83.2500,6846.7500,11260.2500,11260.2500
2014-08-14,"MA_Crossover(35,44)",6834.0000,6788.2500,1.0000,1.0000,-58.5000,-58.5000,6788.2500,11201.7500,11201.7500
2014-08-15,"MA_Crossover(35,44)",6887.0000,6841.2500,1.0000,1.0000,53.0000,53.0000,6841.2500,11254.7500,11254.7500
2014-08-18,"MA_Crossover(35,44)",6943.0000,6897.2500,1.0000,1.0000,56.0000,56.0000,6897.2500,11310.7500,11310.7500
2014-08-19,"MA_Crossover(35,44)",6882.5000,6847.7500,1.0000,1.0000,-49.5000,-49.5000,6847.7500,11261.2500,11261.2500
2014-08-20,"MA_Crossover(35,44)",7025.5000,6991.7500,1.0000,1.0000,144.0000,144.0000,6991.7500,11405.2500,11405.2500
2014-08-21,"MA_Crossover(35,44)",7027.0000,6995.2500,1.0000,1.0000,3.5000,3.5000,6995.2500,11408.7500,11408.7500
2014-08-22,"MA_Crossover(35,44)",7086.0000,7061.2500,1.0000,1.0000,66.0000,66.0000,7061.2500,11474.7500,11474.7500
2014-08-26,"MA_Crossover(35,44)",7062.5000,7037.7500,-1.0000,1.0000,-23.5000,-23.5000,7037.7500,11451.2500,11451.2500
2014-08-27,"MA_Crossover(35,44)",7041.0000,7016.2500,-1.0000,-1.0000,-21.5000,21.5000,-7016.2500,11472.7500,11472.7500
2014-08-28,"MA_Crossover(35,44)",6947.0000,6922.2500,-1.0000,-1.0000,-94.0000,94.0000,-6922.2500,11566.7500,11566.7500
2014-08-29,"MA_Crossover(35,44)",6996.5000,6971.7500,-1.0000,-1.0000,49.5000,-49.5000,-6971.7500,11517.2500,11517.2500
2014-09-01,"MA_Crossover(35,44)",6961.0000,6936.2500,-1.0000,-1.0000,-35.5000,35.5000,-6936.2500,11552.7500,11552.7500
2014-09-02,"MA_Crossover(35,44)",6983.0000,6958.2500,-1.0000,-1.0000,22.0000,-22.0000,-6958.2500,11530.7500,11530.7500
2014-09-03,"MA_Crossover(35,44)",6924.0000,6899.2500,-1.0000,-1.0000,-59.0000,59.0000,-6899.2500,11589.7500,11589.7500
2014-09-04,"MA_Crossover(35,44)",6949.5000,6924.7500,-1.0000,-1.0000,25.5000,-25.5000,-6924.7500,11564.2500,11564.2500
2014-09-05,"MA_Crossover(35,44)",6993.0000,6968.2500,-1.0000,-1.0000,43.5000,-43.5000,-6968.2500,11520.7500,11520.7500
2014-09-08,"MA_Crossover(35,44)",7003.0000,6978.2500,-1.0000,-1.0000,10.0000,-10.0000,-6978.2500,11510.7500,11510.7500
2014-09-09,"MA_Crossover(35,44)",6859.5000,6834.7500,-1.0000,-1.0000,-143.5000,143.5000,-6834.7500,11654.2500,11654.2500
2014-09-10,"MA_Crossover(35,44)",6892.7500,6868.0000,-1.0000,-1.0000,33.2500,-33.2500,-6868.0000,11621.0000,11621.0000
2014-09-11,"MA_Crossover(35,44)",6859.0000,6834.2500,-1.0000,-1.0000,-33.7500,33.7500,-6834.2500,11654.7500,11654.7500
2014-09-12,"MA_Crossover(35,44)",6864.5000,6839.7500,-1.0000,-1.0000,5.5000,-5.5000,-6839.7500,11649.2500,11649.2500
2014-09-15,"MA_Crossover(35,44)",6867.0000,6842.2500,-1.0000,-1.0000,2.5000,-2.5000,-6842.2500,11646.7500,11646.7500
2014-09-16,"MA_Crossover(35,44)",6922.2500,6911.5000,-1.0000,-1.0000,69.2500,-69.2500,-6911.5000,11577.5000,11577.5000
2014-09-17,"MA_Crossover(35,44)",6949.5000,6940.7500,-1.0000,-1.0000,29.2500,-29.2500,-6940.7500,11548.2500,11548.2500
2014-09-18,"MA_Crossover(35,44)",6864.7500,6855.2500,-1.0000,-1.0000,-85.5000,85.5000,-6855.2500,11633.7500,11633.7500
2014-09-19,"MA_Crossover(35,44)",6862.2500,6862.5000,-1.0000,-1.0000,7.2500,-7.2500,-6862.5000,11626.5000,11626.5000
2014-09-22,"MA_Crossover(35,44)",6756.5000,6756.7500,-1.0000,-1.0000,-105.7500,105.7500,-6756.7500,11732.2500,11732.2500
2014-09-23,"MA_Crossover(35,44)",6752.0000,6752.2500,-1.0000,-1.0000,-4.5000,4.5000,-6752.2500,11736.7500,11736.7500
2014-09-24,"MA_Crossover(35,44)",6770.5000,6770.7500,-1.0000,-1.0000,18.5000,-18.5000,-6770.7500,11718.2500,11718.2500
2014-09-25,"MA_Crossover(35,44)",6728.0000,6728.2500,-1.0000,-1.0000,-42.5000,42.5000,-6728.2500,11760.7500,11760.7500
2014-09-26,"MA_Crossover(35,44)",6755.5000,6755.7500,-1.0000,-1.0000,27.5000,-27.5000,-6755.7500,11733.2500,11733.2500
2014-09-29,"MA_Crossover(35,44)",6777.5000,6777.7500,-1.0000,-1.0000,22.0000,-22.0000,-6777.7500,11711.2500,11711.2500
2014-09-30,"MA_Crossover(35,44)",6710.0000,6710.2500,-1.0000,-1.0000,-67.5000,67.5000,-6710.2500,11778.7500,11778.7500
2014-10-01,"MA_Crossover(35,44)",6722.7500,6723.0000,-1.0000,-1.0000,12.7500,-12.7500,-6723.0000,11766.0000,11766.0000
2014-10-02,"MA_Crossover(35,44)",6643.0000,6643.2500,-1.0000,-1.0000,-79.7500,79.7500,-6643.2500,11845.7500,11845.7500
2014-10-03,"MA_Crossover(35,44)",6679.0000,6679.2500,-1.0000,-1.0000,36.0000,-36.0000,-6679.2500,11809.7500,11809.7500
2014-10-06,"MA_Crossover(35,44)",6746.0000,6746.2500,-1.0000,-1.0000,67.0000,-67.0000,-6746.2500,11742.7500,11742.7500
2014-10-07,"MA_Crossover(35,44)",6706.7500,6707.0000,-1.0000,-1.0000,-39.2500,39.2500,-6707.0000,11782.0000,11782.0000
2014-10-08,"MA_Crossover(35,44)",6685.0000,6685.2500,-1.0000,-1.0000,-21.7500,21.7500,-6685.2500,11803.7500,11803.7500
2014-10-09,"MA_Crossover(35,44)",6774.5000,6774.7500,-1.0000,-1.0000,89.5000,-89.5000,-6774.7500,11714.2500,11714.2500
2014-10-10,"MA_Crossover(35,44)",6699.5000,6699.7500,-1.0000,-1.0000,-75.0000,75.0000,-6699.7500,11789.2500,11789.2500
2014-10-13,"MA_Crossover(35,44)",6784.0000,6784.2500,-1.0000,-1.0000,84.5000,-84.5000,-6784.2500,11704.7500,11704.7500
2014-10-14,"MA_Crossover(35,44)",6827.0000,6854.2500,-1.0000,-1.0000,70.0000,-70.0000,-6854.2500,11634.7500,11634.7500
2014-10-15,"MA_Crossover(35,44)",6669.0000,6694.7500,-1.0000,-1.0000,-159.5000,159.5000,-6694.7500,11794.2500,11794.2500
2014-10-16,"MA_Crossover(35,44)",6587.0000,6608.2500,-1.0000,-1.0000,-86.5000,86.5000,-6608.2500,11880.7500,11880.7500
2014-10-17,"MA_Crossover(35,44)",6675.0000,6716.2500,-1.0000,-1.0000,108.0000,-108.0000,-6716.2500,11772.7500,11772.7500
2014-10-20,"MA_Crossover(35,44)",6595.0000,6636.2500,-1.0000,-1.0000,-80.0000,80.0000,-6636.2500,11852.7500,11852.7500
2014-10-21,"MA_Crossover(35,44)",6703.7500,6745.0000,-1.0000,-1.0000,108.7500,-108.7500,-6745.0000,11744.0000,11744.0000
2014-10-22,"MA_Crossover(35,44)",6674.0000,6715.2500,-1.0000,-1.0000,-29.7500,29.7500,-6715.2500,11773.7500,11773.7500
2014-10-23,"MA_Crossover(35,44)",6738.0000,6779.2500,-1.0000,-1.0000,64.0000,-64.0000,-6779.2500,11709.7500,11709.7500
2014-10-24,"MA_Crossover(35,44)",6744.0000,6785.2500,-1.0000,-1.0000,6.0000,-6.0000,-6785.2500,11703.7500,11703.7500
2014-10-27,"MA_Crossover(35,44)",6782.0000,6823.2500,-1.0000,-1.0000,38.0000,-38.0000,-6823.2500,11665.7500,11665.7500
2014-10-28,"MA_Crossover(35,44)",6855.5000,6896.7500,-1.0000,-1.0000,73.5000,-73.5000,-6896.7500,11592.2500,11592.2500
2014-10-29,"MA_Crossover(35,44)",6876.5000,6917.7500,-1.0000,-1.0000,21.0000,-21.0000,-6917.7500,11571.2500,11571.2500
2014-10-30,"MA_Crossover(35,44)",6797.0000,6838.2500,-1.0000,-1.0000,-79.5000,79.5000,-6838.2500,11650.7500,11650.7500
2014-10-31,"MA_Crossover(35,44)",6752.0000,6793.2500,-1.0000,-1.0000,-45.0000,45.0000,-6793.2500,11695.7500,11695.7500
2014-11-03,"MA_Crossover(35,44)",6770.0000,6811.2500,-1.0000,-1.0000,18.0000,-18.0000,-6811.2500,11677.7500,11677.7500
2014-11-04,"MA_Crossover(35,44)",6703.0000,6744.2500,-1.0000,-1.0000,-67.0000,67.0000,-6744.2500,11744.7500,11744.7500
2014-11-05,"MA_Crossover(35,44)",6706.5000,6747.7500,-1.0000,-1.0000,3.5000,-3.5000,-6747.7500,11741.2500,11741.2500
2014-11-06,"MA_Crossover(35,44)",6730.5000,6771.7500,-1.0000,-1.0000,24.0000,-24.0000,-6771.7500,11717.2500,11717.2500
2014-11-07,"MA_Crossover(35,44)",6785.0000,6826.2500,-1.0000,-1.0000,54.5000,-54.5000,-6826.2500,11662.7500,11662.7500
2014-11-10,"MA_Crossover(35,44)",6725.0000,6766.2500,-1.0000,-1.0000,-60.0000,60.0000,-6766.2500,11722.7500,11722.7500
2014-11-11,"MA_Crossover(35,44)",6755.5000,6796.7500,-1.0000,-1.0000,30.5000,-30.5000,-6796.7500,11692.2500,11692.2500
2014-11-12,"MA_Crossover(35,44)",6747.5000,6788.7500,-1.0000,-1.0000,-8.0000,8.0000,-6788.7500,11700.2500,11700.2500
2014-11-13,"MA_Crossover(35,44)",6724.0000,6765.2500,-1.0000,-1.0000,-23.5000,23.5000,-6765.2500,11723.7500,11723.7500
2014-11-14,"MA_Crossover(35,44)",6777.0000,6818.2500,-1.0000,-1.0000,53.0000,-53.0000,-6818.2500,11670.7500,11670.7500
2014-11-17,"MA_Crossover(35,44)",6776.0000,6817.2500,-1.0000,-1.0000,-1.0000,1.0000,-6817.2500,11671.7500,11671.7500
2014-11-18,"MA_Crossover(35,44)",6679.0000,6719.2500,-1.0000,-1.0000,-98.0000,98.0000,-6719.2500,11769.7500,11769.7500
2014-11-19,"MA_Crossover(35,44)",6732.0000,6775.2500,-1.0000,-1.0000,56.0000,-56.0000,-6775.2500,11713.7500,11713.7500
2014-11-20,"MA_Crossover(35,44)",6711.7500,6755.5000,-1.0000,-1.0000,-19.7500,19.7500,-6755.5000,11733.5000,11733.5000
2014-11-21,"MA_Crossover(35,44)",6772.0000,6840.2500,1.0000,-1.0000,84.7500,-84.7500,-6840.2500,11648.7500,11648.7500
2014-11-24,"MA_Crossover(35,44)",6720.0000,6788.2500,1.0000,1.0000,-52.0000,-52.0000,6788.2500,11596.7500,11596.7500
2014-11-25,"MA_Crossover(35,44)",6644.0000,6712.2500,1.0000,1.0000,-76.0000,-76.0000,6712.2500,11520.7500,11520.7500
2014-11-26,"MA_Crossover(35,44)",6619.0000,6687.2500,1.0000,1.0000,-25.0000,-25.0000,6687.2500,11495.7500,11495.7500
2014-11-27,"MA_Crossover(35,44)",6609.5000,6677.7500,1.0000,1.0000,-9.5000,-9.5000,6677.7500,11486.2500,11486.2500
2014-11-28,"MA_Crossover(35,44)",6409.0000,6477.2500,1.0000,1.0000,-200.5000,-200.5000,6477.2500,11285.7500,11285.7500
2014-12-01,"MA_Crossover(35,44)",6517.0000,6585.2500,-1.0000,1.0000,108.0000,108.0000,6585.2500,11393.7500,11393.7500
2014-12-02,"MA_Crossover(35,44)",6471.0000,6539.2500,-1.0000,-1.0000,-46.0000,46.0000,-6539.2500,11439.7500,11439.7500
2014-12-03,"MA_Crossover(35,44)",6433.5000,6501.7500,-1.0000,-1.0000,-37.5000,37.5000,-6501.7500,11477.2500,11477.2500
2014-12-04,"MA_Crossover(35,44)",6530.5000,6598.7500,-1.0000,-1.0000,97.0000,-97.0000,-6598.7500,11380.2500,11380.2500
2014-12-05,"MA_Crossover(35,44)",6508.0000,6576.2500,-1.0000,-1.0000,-22.5000,22.5000,-6576.2500,11402.7500,11402.7500
2014-12-08,"MA_Crossover(35,44)",6452.2500,6520.5000,-1.0000,-1.0000,-55.7500,55.7500,-6520.5000,11458.5000,11458.5000
2014-12-09,"MA_Crossover(35,44)",6528.5000,6596.7500,-1.0000,-1.0000,76.2500,-76.2500,-6596.7500,11382.2500,11382.2500
2014-12-10,"MA_Crossover(35,44)",6469.0000,6537.2500,-1.0000,-1.0000,-59.5000,59.5000,-6537.2500,11441.7500,11441.7500
2014-12-11,"MA_Crossover(35,44)",6514.5000,6582.7500,-1.0000,-1.0000,45.5000,-45.5000,-6582.7500,11396.2500,11396.2500
2014-12-12,"MA_Crossover(35,44)",6539.2500,6607.5000,-1.0000,-1.0000,24.7500,-24.7500,-6607.5000,11371.5000,11371.5000
2014-12-15,"MA_Crossover(35,44)",6447.5000,6515.7500,-1.0000,-1.0000,-91.7500,91.7500,-6515.7500,11463.2500,11463.2500
2014-12-16,"MA_Crossover(35,44)",6387.5000,6470.2500,-1.0000,-1.0000,-45.5000,45.5000,-6470.2500,11508.7500,11508.7500
2014-12-17,"MA_Crossover(35,44)",6398.0000,6477.2500,-1.0000,-1.0000,7.0000,-7.0000,-6477.2500,11501.7500,11501.7500
2014-12-18,"MA_Crossover(35,44)",6346.0000,6426.2500,-1.0000,-1.0000,-51.0000,51.0000,-6426.2500,11552.7500,11552.7500
2014-12-19,"MA_Crossover(35,44)",6438.5000,6533.7500,-1.0000,-1.0000,107.5000,-107.5000,-6533.7500,11445.2500,11445.2500
2014-12-22,"MA_Crossover(35,44)",6392.0000,6487.2500,-1.0000,-1.0000,-46.5000,46.5000,-6487.2500,11491.7500,11491.7500
2014-12-23,"MA_Crossover(35,44)",6370.0000,6465.2500,-1.0000,-1.0000,-22.0000,22.0000,-6465.2500,11513.7500,11513.7500
2014-12-24,"MA_Crossover(35,44)",6344.0000,6439.2500,-1.0000,-1.0000,-26.0000,26.0000,-6439.2500,11539.7500,11539.7500
2014-12-29,"MA_Crossover(35,44)",6343.0000,6438.2500,-1.0000,-1.0000,-1.0000,1.0000,-6438.2500,11540.7500,11540.7500
2014-12-30,"MA_Crossover(35,44)",6376.0000,6471.2500,-1.0000,-1.0000,33.0000,-33.0000,-6471.2500,11507.7500,11507.7500
2014-12-31,"MA_Crossover(35,44)",6349.0000,6444.2500,-1.0000,-1.0000,-27.0000,27.0000,-6444.2500,11534.7500,11534.7500
2015-01-02,"MA_Crossover(35,44)",6304.0000,6399.2500,-1.0000,-1.0000,-45.0000,45.0000,-6399.2500,11579.7500,11579.7500
2015-01-05,"MA_Crossover(35,44)",6199.5000,6294.7500,-1.0000,-1.0000,-104.5000,104.5000,-6294.7500,11684.2500,11684.2500
2015-01-06,"MA_Crossover(35,44)",6209.0000,6304.2500,-1.0000,-1.0000,9.5000,-9.5000,-6304.2500,11674.7500,11674.7500
2015-01-07,"MA_Crossover(35,44)",6172.5000,6267.7500,-1.0000,-1.0000,-36.5000,36.5000,-6267.7500,11711.2500,11711.2500
2015-01-08,"MA_Crossover(35,44)",6160.7500,6256.0000,-1.0000,-1.0000,-11.7500,11.7500,-6256.0000,11723.0000,11723.0000
2015-01-09,"MA_Crossover(35,44)",6147.5000,6242.7500,-1.0000,-1.0000,-13.2500,13.2500,-6242.7500,11736.2500,11736.2500
2015-01-12,"MA_Crossover(35,44)",6085.0000,6180.2500,-1.0000,-1.0000,-62.5000,62.5000,-6180.2500,11798.7500,11798.7500
2015-01-13,"MA_Crossover(35,44)",5928.5000,6023.7500,-1.0000,-1.0000,-156.5000,156.5000,-6023.7500,11955.2500,11955.2500
2015-01-14,"MA_Crossover(35,44)",5617.0000,5712.2500,-1.0000,-1.0000,-311.5000,311.5000,-5712.2500,12266.7500,12266.7500
2015-01-15,"MA_Crossover(35,44)",5681.0000,5776.2500,-1.0000,-1.0000,64.0000,-64.0000,-5776.2500,12202.7500,12202.7500
2015-01-16,"MA_Crossover(35,44)",5768.0000,5863.2500,-1.0000,-1.0000,87.0000,-87.0000,-5863.2500,12115.7500,12115.7500
2015-01-19,"MA_Crossover(35,44)",5709.0000,5804.2500,-1.0000,-1.0000,-59.0000,59.0000,-5804.2500,12174.7500,12174.7500
2015-01-20,"MA_Crossover(35,44)",5717.0000,5812.2500,-1.0000,-1.0000,8.0000,-8.0000,-5812.2500,12166.7500,12166.7500
2015-01-21,"MA_Crossover(35,44)",5796.5000,5891.7500,-1.0000,-1.0000,79.5000,-79.5000,-5891.7500,12087.2500,12087.2500
2015-01-22,"MA_Crossover(35,44)",5687.5000,5783.2500,-1.0000,-1.0000,-108.5000,108.5000,-5783.2500,12195.7500,12195.7500
2015-01-23,"MA_Crossover(35,44)",5541.0000,5646.2500,-1.0000,-1.0000,-137.0000,137.0000,-5646.2500,12332.7500,12332.7500
2015-01-26,"MA_Crossover(35,44)",5612.5000,5717.7500,-1.0000,-1.0000,71.5000,-71.5000,-5717.7500,12261.2500,12261.2500
2015-01-27,"MA_Crossover(35,44)",5446.0000,5551.2500,-1.0000,-1.0000,-166.5000,166.5000,-5551.2500,12427.7500,12427.7500
2015-01-28,"MA_Crossover(35,44)",5515.5000,5620.7500,-1.0000,-1.0000,69.5000,-69.5000,-5620.7500,12358.2500,12358.2500
2015-01-29,"MA_Crossover(35,44)",5432.0000,5537.2500,-1.0000,-1.0000,-83.5000,83.5000,-5537.2500,12441.7500,12441.7500
2015-01-30,"MA_Crossover(35,44)",5542.0000,5647.2500,-1.0000,-1.0000,110.0000,-110.0000,-5647.2500,12331.7500,12331.7500
2015-02-02,"MA_Crossover(35,44)",5530.0000,5635.2500,-1.0000,-1.0000,-12.0000,12.0000,-5635.2500,12343.7500,12343.7500
2015-02-03,"MA_Crossover(35,44)",5725.0000,5830.2500,-1.0000,-1.0000,195.0000,-195.0000,-5830.2500,12148.7500,12148.7500
2015-02-04,"MA_Crossover(35,44)",5738.7500,5844.0000,-1.0000,-1.0000,13.7500,-13.7500,-5844.0000,12135.0000,12135.0000
2015-02-05,"MA_Crossover(35,44)",5748.0000,5853.2500,-1.0000,-1.0000,9.2500,-9.2500,-5853.2500,12125.7500,12125.7500
2015-02-06,"MA_Crossover(35,44)",5674.0000,5779.2500,-1.0000,-1.0000,-74.0000,74.0000,-5779.2500,12199.7500,12199.7500
2015-02-09,"MA_Crossover(35,44)",5691.0000,5796.2500,-1.0000,-1.0000,17.0000,-17.0000,-5796.2500,12182.7500,12182.7500
2015-02-10,"MA_Crossover(35,44)",5608.5000,5713.7500,-1.0000,-1.0000,-82.5000,82.5000,-5713.7500,12265.2500,12265.2500
2015-02-11,"MA_Crossover(35,44)",5613.0000,5718.2500,-1.0000,-1.0000,4.5000,-4.5000,-5718.2500,12260.7500,12260.7500
2015-02-12,"MA_Crossover(35,44)",5752.5000,5857.7500,-1.0000,-1.0000,139.5000,-139.5000,-5857.7500,12121.2500,12121.2500
2015-02-13,"MA_Crossover(35,44)",5754.2500,5859.5000,-1.0000,-1.0000,1.7500,-1.7500,-5859.5000,12119.5000,12119.5000
2015-02-16,"MA_Crossover(35,44)",5764.0000,5869.2500,-1.0000,-1.0000,9.7500,-9.7500,-5869.2500,12109.7500,12109.7500
2015-02-17,"MA_Crossover(35,44)",5656.7500,5762.5000,-1.0000,-1.0000,-106.7500,106.7500,-5762.5000,12216.5000,12216.5000
2015-02-18,"MA_Crossover(35,44)",5753.5000,5858.7500,-1.0000,-1.0000,96.2500,-96.2500,-5858.7500,12120.2500,12120.2500
2015-02-19,"MA_Crossover(35,44)",5761.2500,5865.5000,-1.0000,-1.0000,6.7500,-6.7500,-5865.5000,12113.5000,12113.5000
2015-02-20,"MA_Crossover(35,44)",5704.0000,5813.7500,-1.0000,-1.0000,-51.7500,51.7500,-5813.7500,12165.2500,12165.2500
2015-02-23,"MA_Crossover(35,44)",5682.5000,5792.2500,-1.0000,-1.0000,-21.5000,21.5000,-5792.2500,12186.7500,12186.7500
2015-02-24,"MA_Crossover(35,44)",5798.0000,5907.7500,-1.0000,-1.0000,115.5000,-115.5000,-5907.7500,12071.2500,12071.2500
2015-02-25,"MA_Crossover(35,44)",5797.0000,5906.7500,-1.0000,-1.0000,-1.0000,1.0000,-5906.7500,12072.2500,12072.2500
2015-02-26,"MA_Crossover(35,44)",5911.5000,6021.2500,-1.0000,-1.0000,114.5000,-114.5000,-6021.2500,11957.7500,11957.7500
2015-02-27,"MA_Crossover(35,44)",5918.0000,6027.7500,-1.0000,-1.0000,6.5000,-6.5000,-6027.7500,11951.2500,11951.2500
2015-03-02,"MA_Crossover(35,44)",5922.5000,6032.2500,-1.0000,-1.0000,4.5000,-4.5000,-6032.2500,11946.7500,11946.7500
2015-03-03,"MA_Crossover(35,44)",5839.7500,5949.5000,-1.0000,-1.0000,-82.7500,82.7500,-5949.5000,12029.5000,12029.5000
2015-03-04,"MA_Crossover(35,44)",5861.0000,5970.7500,-1.0000,-1.0000,21.2500,-21.2500,-5970.7500,12008.2500,12008.2500
2015-03-05,"MA_Crossover(35,44)",5855.0000,5964.7500,-1.0000,-1.0000,-6.0000,6.0000,-5964.7500,12014.2500,12014.2500
2015-03-06,"MA_Crossover(35,44)",5763.0000,5872.7500,-1.0000,-1.0000,-92.0000,92.0000,-5872.7500,12106.2500,12106.2500
2015-03-09,"MA_Crossover(35,44)",5893.0000,6002.7500,-1.0000,-1.0000,130.0000,-130.0000,-6002.7500,11976.2500,11976.2500
2015-03-10,"MA_Crossover(35,44)",5788.0000,5897.7500,-1.0000,-1.0000,-105.0000,105.0000,-5897.7500,12081.2500,12081.2500
2015-03-11,"MA_Crossover(35,44)",5754.0000,5863.7500,-1.0000,-1.0000,-34.0000,34.0000,-5863.7500,12115.2500,12115.2500
2015-03-12,"MA_Crossover(35,44)",5866.0000,5975.7500,-1.0000,-1.0000,112.0000,-112.0000,-5975.7500,12003.2500,12003.2500
2015-03-13,"MA_Crossover(35,44)",5881.5000,5991.2500,1.0000,-1.0000,15.5000,-15.5000,-5991.2500,11987.7500,11987.7500
2015-03-16,"MA_Crossover(35,44)",5864.2500,5974.0000,1.0000,1.0000,-17.2500,-17.2500,5974.0000,11970.5000,11970.5000
2015-03-17,"MA_Crossover(35,44)",5798.5000,5907.2500,1.0000,1.0000,-66.7500,-66.7500,5907.2500,11903.7500,11903.7500
2015-03-18,"MA_Crossover(35,44)",5689.5000,5796.2500,1.0000,1.0000,-111.0000,-111.0000,5796.2500,11792.7500,11792.7500
2015-03-19,"MA_Crossover(35,44)",5876.2500,5983.5000,1.0000,1.0000,187.2500,187.2500,5983.5000,11980.0000,11980.0000
2015-03-20,"MA_Crossover(35,44)",6070.5000,6186.7500,1.0000,1.0000,203.2500,203.2500,6186.7500,12183.2500,12183.2500
2015-03-23,"MA_Crossover(35,44)",6147.5000,6263.7500,1.0000,1.0000,77.0000,77.0000,6263.7500,12260.2500,12260.2500
2015-03-24,"MA_Crossover(35,44)",6172.0000,6288.2500,1.0000,1.0000,24.5000,24.5000,6288.2500,12284.7500,12284.7500
2015-03-25,"MA_Crossover(35,44)",6148.5000,6264.7500,1.0000,1.0000,-23.5000,-23.5000,6264.7500,12261.2500,12261.2500
2015-03-26,"MA_Crossover(35,44)",6195.5000,6311.7500,1.0000,1.0000,47.0000,47.0000,6311.7500,12308.2500,12308.2500
2015-03-27,"MA_Crossover(35,44)",6075.5000,6191.7500,1.0000,1.0000,-120.0000,-120.0000,6191.7500,12188.2500,12188.2500
2015-03-30,"MA_Crossover(35,44)",6105.0000,6221.2500,1.0000,1.0000,29.5000,29.5000,6221.2500,12217.7500,12217.7500
2015-03-31,"MA_Crossover(35,44)",6064.5000,6180.7500,1.0000,1.0000,-40.5000,-40.5000,6180.7500,12177.2500,12177.2500
2015-04-01,"MA_Crossover(35,44)",6067.5000,6183.7500,1.0000,1.0000,3.0000,3.0000,6183.7500,12180.2500,12180.2500
2015-04-02,"MA_Crossover(35,44)",6002.5000,6118.7500,1.0000,1.0000,-65.0000,-65.0000,6118.7500,12115.2500,12115.2500
2015-04-07,"MA_Crossover(35,44)",6084.0000,6200.2500,1.0000,1.0000,81.5000,81.5000,6200.2500,12196.7500,12196.7500
2015-04-08,"MA_Crossover(35,44)",6027.5000,6143.7500,1.0000,1.0000,-56.5000,-56.5000,6143.7500,12140.2500,12140.2500
2015-04-09,"MA_Crossover(35,44)",6013.5000,6129.7500,1.0000,1.0000,-14.0000,-14.0000,6129.7500,12126.2500,12126.2500
2015-04-10,"MA_Crossover(35,44)",6056.0000,6172.2500,1.0000,1.0000,42.5000,42.5000,6172.2500,12168.7500,12168.7500
2015-04-13,"MA_Crossover(35,44)",6001.2500,6117.5000,1.0000,1.0000,-54.7500,-54.7500,6117.5000,12114.0000,12114.0000
2015-04-14,"MA_Crossover(35,44)",5954.5000,6066.7500,1.0000,1.0000,-50.7500,-50.7500,6066.7500,12063.2500,12063.2500
2015-04-15,"MA_Crossover(35,44)",5962.7500,6076.2500,1.0000,1.0000,9.5000,9.5000,6076.2500,12072.7500,12072.7500
2015-04-16,"MA_Crossover(35,44)",6069.5000,6183.2500,1.0000,1.0000,107.0000,107.0000,6183.2500,12179.7500,12179.7500
2015-04-17,"MA_Crossover(35,44)",6071.0000,6187.7500,1.0000,1.0000,4.5000,4.5000,6187.7500,12184.2500,12184.2500
2015-04-20,"MA_Crossover(35,44)",5987.2500,6104.0000,1.0000,1.0000,-83.7500,-83.7500,6104.0000,12100.5000,12100.5000
2015-04-21,"MA_Crossover(35,44)",5942.0000,6058.7500,1.0000,1.0000,-45.2500,-45.2500,6058.7500,12055.2500,12055.2500
2015-04-22,"MA_Crossover(35,44)",5900.0000,6016.7500,1.0000,1.0000,-42.0000,-42.0000,6016.7500,12013.2500,12013.2500
2015-04-23,"MA_Crossover(35,44)",5936.0000,6052.7500,1.0000,1.0000,36.0000,36.0000,6052.7500,12049.2500,12049.2500
2015-04-24,"MA_Crossover(35,44)",6025.0000,6141.7500,1.0000,1.0000,89.0000,89.0000,6141.7500,12138.2500,12138.2500
2015-04-27,"MA_Crossover(35,44)",6065.5000,6182.2500,1.0000,1.0000,40.5000,40.5000,6182.2500,12178.7500,12178.7500
2015-04-28,"MA_Crossover(35,44)",6123.0000,6239.7500,1.0000,1.0000,57.5000,57.5000,6239.7500,12236.2500,12236.2500
2015-04-29,"MA_Crossover(35,44)",6152.5000,6269.2500,1.0000,1.0000,29.5000,29.5000,6269.2500,12265.7500,12265.7500
2015-04-30,"MA_Crossover(35,44)",6350.5000,6467.2500,1.0000,1.0000,198.0000,198.0000,6467.2500,12463.7500,12463.7500
2015-05-01,"MA_Crossover(35,44)",6407.5000,6524.2500,1.0000,1.0000,57.0000,57.0000,6524.2500,12520.7500,12520.7500
2015-05-05,"MA_Crossover(35,44)",6479.7500,6596.5000,1.0000,1.0000,72.2500,72.2500,6596.5000,12593.0000,12593.0000
2015-05-06,"MA_Crossover(35,44)",6390.2500,6507.0000,1.0000,1.0000,-89.5000,-89.5000,6507.0000,12503.5000,12503.5000
2015-05-07,"MA_Crossover(35,44)",6401.5000,6518.2500,1.0000,1.0000,11.2500,11.2500,6518.2500,12514.7500,12514.7500
2015-05-08,"MA_Crossover(35,44)",6388.5000,6505.2500,1.0000,1.0000,-13.0000,-13.0000,6505.2500,12501.7500,12501.7500
2015-05-11,"MA_Crossover(35,44)",6366.5000,6483.2500,1.0000,1.0000,-22.0000,-22.0000,6483.2500,12479.7500,12479.7500
2015-05-12,"MA_Crossover(35,44)",6446.0000,6562.7500,1.0000,1.0000,79.5000,79.5000,6562.7500,12559.2500,12559.2500
2015-05-13,"MA_Crossover(35,44)",6410.5000,6527.2500,1.0000,1.0000,-35.5000,-35.5000,6527.2500,12523.7500,12523.7500
2015-05-14,"MA_Crossover(35,44)",6406.0000,6522.7500,1.0000,1.0000,-4.5000,-4.5000,6522.7500,12519.2500,12519.2500
2015-05-15,"MA_Crossover(35,44)",6415.0000,6531.7500,1.0000,1.0000,9.0000,9.0000,6531.7500,12528.2500,12528.2500
2015-05-18,"MA_Crossover(35,44)",6369.0000,6485.7500,1.0000,1.0000,-46.0000,-46.0000,6485.7500,12482.2500,12482.2500
2015-05-19,"MA_Crossover(35,44)",6217.0000,6327.2500,1.0000,1.0000,-158.5000,-158.5000,6327.2500,12323.7500,12323.7500
2015-05-20,"MA_Crossover(35,44)",6220.5000,6329.2500,1.0000,1.0000,2.0000,2.0000,6329.2500,12325.7500,12325.7500
2015-05-21,"MA_Crossover(35,44)",6254.5000,6361.2500,1.0000,1.0000,32.0000,32.0000,6361.2500,12357.7500,12357.7500
2015-05-22,"MA_Crossover(35,44)",6161.5000,6270.2500,1.0000,1.0000,-91.0000,-91.0000,6270.2500,12266.7500,12266.7500
2015-05-26,"MA_Crossover(35,44)",6107.0000,6215.7500,1.0000,1.0000,-54.5000,-54.5000,6215.7500,12212.2500,12212.2500
2015-05-27,"MA_Crossover(35,44)",6082.5000,6191.2500,1.0000,1.0000,-24.5000,-24.5000,6191.2500,12187.7500,12187.7500
2015-05-28,"MA_Crossover(35,44)",6095.5000,6204.2500,1.0000,1.0000,13.0000,13.0000,6204.2500,12200.7500,12200.7500
2015-05-29,"MA_Crossover(35,44)",6010.2500,6119.0000,1.0000,1.0000,-85.2500,-85.2500,6119.0000,12115.5000,12115.5000
2015-06-01,"MA_Crossover(35,44)",6021.5000,6130.2500,1.0000,1.0000,11.2500,11.2500,6130.2500,12126.7500,12126.7500
2015-06-02,"MA_Crossover(35,44)",6035.5000,6144.2500,1.0000,1.0000,14.0000,14.0000,6144.2500,12140.7500,12140.7500
2015-06-03,"MA_Crossover(35,44)",6006.5000,6115.2500,1.0000,1.0000,-29.0000,-29.0000,6115.2500,12111.7500,12111.7500
2015-06-04,"MA_Crossover(35,44)",5910.7500,6019.5000,1.0000,1.0000,-95.7500,-95.7500,6019.5000,12016.0000,12016.0000
2015-06-05,"MA_Crossover(35,44)",5931.0000,6039.7500,1.0000,1.0000,20.2500,20.2500,6039.7500,12036.2500,12036.2500
2015-06-08,"MA_Crossover(35,44)",5941.7500,6050.5000,1.0000,1.0000,10.7500,10.7500,6050.5000,12047.0000,12047.0000
2015-06-09,"MA_Crossover(35,44)",5960.2500,6069.0000,1.0000,1.0000,18.5000,18.5000,6069.0000,12065.5000,12065.5000
2015-06-10,"MA_Crossover(35,44)",6026.5000,6135.2500,1.0000,1.0000,66.2500,66.2500,6135.2500,12131.7500,12131.7500
2015-06-11,"MA_Crossover(35,44)",5865.0000,5973.7500,1.0000,1.0000,-161.5000,-161.5000,5973.7500,11970.2500,11970.2500
2015-06-12,"MA_Crossover(35,44)",5893.0000,6001.7500,1.0000,1.0000,28.0000,28.0000,6001.7500,11998.2500,11998.2500
2015-06-15,"MA_Crossover(35,44)",5784.0000,5892.7500,1.0000,1.0000,-109.0000,-109.0000,5892.7500,11889.2500,11889.2500
2015-06-16,"MA_Crossover(35,44)",5737.5000,5838.2500,1.0000,1.0000,-54.5000,-54.5000,5838.2500,11834.7500,11834.7500
2015-06-17,"MA_Crossover(35,44)",5738.0000,5836.7500,1.0000,1.0000,-1.5000,-1.5000,5836.7500,11833.2500,11833.2500
2015-06-18,"MA_Crossover(35,44)",5746.7500,5846.7500,1.0000,1.0000,10.0000,10.0000,5846.7500,11843.2500,11843.2500
2015-06-19,"MA_Crossover(35,44)",5651.5000,5746.2500,1.0000,1.0000,-100.5000,-100.5000,5746.2500,11742.7500,11742.7500
2015-06-22,"MA_Crossover(35,44)",5645.7500,5740.5000,1.0000,1.0000,-5.7500,-5.7500,5740.5000,11737.0000,11737.0000
2015-06-23,"MA_Crossover(35,44)",5771.2500,5866.0000,-1.0000,1.0000,125.5000,125.5000,5866.0000,11862.5000,11862.5000
2015-06-24,"MA_Crossover(35,44)",5729.7500,5824.5000,-1.0000,-1.0000,-41.5000,41.5000,-5824.5000,11904.0000,11904.0000
2015-06-25,"MA_Crossover(35,44)",5759.5000,5854.2500,-1.0000,-1.0000,29.7500,-29.7500,-5854.2500,11874.2500,11874.2500
2015-06-26,"MA_Crossover(35,44)",5747.5000,5842.2500,-1.0000,-1.0000,-12.0000,12.0000,-5842.2500,11886.2500,11886.2500
2015-06-29,"MA_Crossover(35,44)",5785.0000,5879.7500,-1.0000,-1.0000,37.5000,-37.5000,-5879.7500,11848.7500,11848.7500
2015-06-30,"MA_Crossover(35,44)",5757.2500,5852.0000,-1.0000,-1.0000,-27.7500,27.7500,-5852.0000,11876.5000,11876.5000
2015-07-01,"MA_Crossover(35,44)",5767.2500,5862.0000,-1.0000,-1.0000,10.0000,-10.0000,-5862.0000,11866.5000,11866.5000
2015-07-02,"MA_Crossover(35,44)",5781.0000,5875.7500,-1.0000,-1.0000,13.7500,-13.7500,-5875.7500,11852.7500,11852.7500
2015-07-03,"MA_Crossover(35,44)",5747.5000,5842.2500,-1.0000,-1.0000,-33.5000,33.5000,-5842.2500,11886.2500,11886.2500
2015-07-06,"MA_Crossover(35,44)",5579.5000,5674.2500,-1.0000,-1.0000,-168.0000,168.0000,-5674.2500,12054.2500,12054.2500
2015-07-07,"MA_Crossover(35,44)",5332.0000,5426.7500,-1.0000,-1.0000,-247.5000,247.5000,-5426.7500,12301.7500,12301.7500
2015-07-08,"MA_Crossover(35,44)",5513.5000,5608.2500,-1.0000,-1.0000,181.5000,-181.5000,-5608.2500,12120.2500,12120.2500
2015-07-09,"MA_Crossover(35,44)",5617.5000,5712.2500,-1.0000,-1.0000,104.0000,-104.0000,-5712.2500,12016.2500,12016.2500
2015-07-10,"MA_Crossover(35,44)",5578.2500,5673.0000,-1.0000,-1.0000,-39.2500,39.2500,-5673.0000,12055.5000,12055.5000
2015-07-13,"MA_Crossover(35,44)",5573.5000,5668.2500,-1.0000,-1.0000,-4.7500,4.7500,-5668.2500,12060.2500,12060.2500
2015-07-14,"MA_Crossover(35,44)",5556.0000,5646.5000,-1.0000,-1.0000,-21.7500,21.7500,-5646.5000,12082.0000,12082.0000
2015-07-15,"MA_Crossover(35,44)",5521.5000,5612.0000,-1.0000,-1.0000,-34.5000,34.5000,-5612.0000,12116.5000,12116.5000
2015-07-16,"MA_Crossover(35,44)",5549.7500,5640.2500,-1.0000,-1.0000,28.2500,-28.2500,-5640.2500,12088.2500,12088.2500
2015-07-17,"MA_Crossover(35,44)",5470.0000,5554.0000,-1.0000,-1.0000,-86.2500,86.2500,-5554.0000,12174.5000,12174.5000
2015-07-20,"MA_Crossover(35,44)",5468.7500,5552.7500,-1.0000,-1.0000,-1.2500,1.2500,-5552.7500,12175.7500,12175.7500
2015-07-21,"MA_Crossover(35,44)",5442.5000,5526.5000,-1.0000,-1.0000,-26.2500,26.2500,-5526.5000,12202.0000,12202.0000
2015-07-22,"MA_Crossover(35,44)",5350.0000,5434.0000,-1.0000,-1.0000,-92.5000,92.5000,-5434.0000,12294.5000,12294.5000
2015-07-23,"MA_Crossover(35,44)",5261.5000,5345.5000,-1.0000,-1.0000,-88.5000,88.5000,-5345.5000,12383.0000,12383.0000
2015-07-24,"MA_Crossover(35,44)",5253.0000,5337.0000,-1.0000,-1.0000,-8.5000,8.5000,-5337.0000,12391.5000,12391.5000
2015-07-27,"MA_Crossover(35,44)",5177.0000,5261.0000,-1.0000,-1.0000,-76.0000,76.0000,-5261.0000,12467.5000,12467.5000
2015-07-28,"MA_Crossover(35,44)",5289.0000,5373.0000,-1.0000,-1.0000,112.0000,-112.0000,-5373.0000,12355.5000,12355.5000
2015-07-29,"MA_Crossover(35,44)",5319.0000,5403.0000,-1.0000,-1.0000,30.0000,-30.0000,-5403.0000,12325.5000,12325.5000
2015-07-30,"MA_Crossover(35,44)",5253.5000,5337.5000,-1.0000,-1.0000,-65.5000,65.5000,-5337.5000,12391.0000,12391.0000
2015-07-31,"MA_Crossover(35,44)",5221.0000,5305.0000,-1.0000,-1.0000,-32.5000,32.5000,-5305.0000,12423.5000,12423.5000
2015-08-03,"MA_Crossover(35,44)",5211.0000,5295.0000,-1.0000,-1.0000,-10.0000,10.0000,-5295.0000,12433.5000,12433.5000
2015-08-04,"MA_Crossover(35,44)",5230.2500,5314.2500,-1.0000,-1.0000,19.2500,-19.2500,-5314.2500,12414.2500,12414.2500
2015-08-05,"MA_Crossover(35,44)",5172.0000,5256.0000,-1.0000,-1.0000,-58.2500,58.2500,-5256.0000,12472.5000,12472.5000
2015-08-06,"MA_Crossover(35,44)",5178.0000,5262.0000,-1.0000,-1.0000,6.0000,-6.0000,-5262.0000,12466.5000,12466.5000
2015-08-07,"MA_Crossover(35,44)",5166.0000,5250.0000,-1.0000,-1.0000,-12.0000,12.0000,-5250.0000,12478.5000,12478.5000
2015-08-10,"MA_Crossover(35,44)",5298.2500,5382.2500,-1.0000,-1.0000,132.2500,-132.2500,-5382.2500,12346.2500,12346.2500
2015-08-11,"MA_Crossover(35,44)",5111.7500,5195.7500,-1.0000,-1.0000,-186.5000,186.5000,-5195.7500,12532.7500,12532.7500
2015-08-12,"MA_Crossover(35,44)",5177.7500,5261.7500,-1.0000,-1.0000,66.0000,-66.0000,-5261.7500,12466.7500,12466.7500
2015-08-13,"MA_Crossover(35,44)",5178.0000,5262.0000,-1.0000,-1.0000,0.2500,-0.2500,-5262.0000,12466.5000,12466.5000
2015-08-14,"MA_Crossover(35,44)",5157.7500,5241.7500,-1.0000,-1.0000,-20.2500,20.2500,-5241.7500,12486.7500,12486.7500
2015-08-17,"MA_Crossover(35,44)",5107.2500,5191.2500,-1.0000,-1.0000,-50.5000,50.5000,-5191.2500,12537.2500,12537.2500
2015-08-18,"MA_Crossover(35,44)",5037.0000,5116.5000,-1.0000,-1.0000,-74.7500,74.7500,-5116.5000,12612.0000,12612.0000
2015-08-19,"MA_Crossover(35,44)",4998.5000,5077.5000,-1.0000,-1.0000,-39.0000,39.0000,-5077.5000,12651.0000,12651.0000
2015-08-20,"MA_Crossover(35,44)",5125.5000,5203.5000,-1.0000,-1.0000,126.0000,-126.0000,-5203.5000,12525.0000,12525.0000
2015-08-21,"MA_Crossover(35,44)",5063.2500,5142.7500,-1.0000,-1.0000,-60.7500,60.7500,-5142.7500,12585.7500,12585.7500
2015-08-24,"MA_Crossover(35,44)",4965.5000,5045.0000,-1.0000,-1.0000,-97.7500,97.7500,-5045.0000,12683.5000,12683.5000
2015-08-25,"MA_Crossover(35,44)",5092.0000,5171.5000,-1.0000,-1.0000,126.5000,-126.5000,-5171.5000,12557.0000,12557.0000
2015-08-26,"MA_Crossover(35,44)",4961.0000,5040.5000,-1.0000,-1.0000,-131.0000,131.0000,-5040.5000,12688.0000,12688.0000
2015-08-27,"MA_Crossover(35,44)",5168.0000,5247.5000,-1.0000,-1.0000,207.0000,-207.0000,-5247.5000,12481.0000,12481.0000
2015-08-28,"MA_Crossover(35,44)",5147.0000,5226.5000,-1.0000,-1.0000,-21.0000,21.0000,-5226.5000,12502.0000,12502.0000
2015-09-01,"MA_Crossover(35,44)",5084.7500,5164.2500,-1.0000,-1.0000,-62.2500,62.2500,-5164.2500,12564.2500,12564.2500
2015-09-02,"MA_Crossover(35,44)",5139.0000,5218.5000,-1.0000,-1.0000,54.2500,-54.2500,-5218.5000,12510.0000,12510.0000
2015-09-03,"MA_Crossover(35,44)",5265.5000,5345.0000,-1.0000,-1.0000,126.5000,-126.5000,-5345.0000,12383.5000,12383.5000
2015-09-04,"MA_Crossover(35,44)",5134.2500,5213.7500,-1.0000,-1.0000,-131.2500,131.2500,-5213.7500,12514.7500,12514.7500
2015-09-07,"MA_Crossover(35,44)",5166.0000,5245.5000,-1.0000,-1.0000,31.7500,-31.7500,-5245.5000,12483.0000,12483.0000
2015-09-08,"MA_Crossover(35,44)",5365.5000,5445.0000,-1.0000,-1.0000,199.5000,-199.5000,-5445.0000,12283.5000,12283.5000
2015-09-09,"MA_Crossover(35,44)",5381.7500,5461.2500,-1.0000,-1.0000,16.2500,-16.2500,-5461.2500,12267.2500,12267.2500
2015-09-10,"MA_Crossover(35,44)",5417.0000,5496.5000,-1.0000,-1.0000,35.2500,-35.2500,-5496.5000,12232.0000,12232.0000
2015-09-11,"MA_Crossover(35,44)",5390.5000,5470.0000,-1.0000,-1.0000,-26.5000,26.5000,-5470.0000,12258.5000,12258.5000
2015-09-14,"MA_Crossover(35,44)",5330.5000,5410.0000,-1.0000,-1.0000,-60.0000,60.0000,-5410.0000,12318.5000,12318.5000
2015-09-15,"MA_Crossover(35,44)",5357.2500,5442.5000,-1.0000,-1.0000,32.5000,-32.5000,-5442.5000,12286.0000,12286.0000
2015-09-16,"MA_Crossover(35,44)",5389.0000,5474.5000,-1.0000,-1.0000,32.0000,-32.0000,-5474.5000,12254.0000,12254.0000
2015-09-17,"MA_Crossover(35,44)",5405.0000,5489.0000,-1.0000,-1.0000,14.5000,-14.5000,-5489.0000,12239.5000,12239.5000
2015-09-18,"MA_Crossover(35,44)",5271.0000,5361.5000,-1.0000,-1.0000,-127.5000,127.5000,-5361.5000,12367.0000,12367.0000
2015-09-21,"MA_Crossover(35,44)",5283.0000,5373.5000,-1.0000,-1.0000,12.0000,-12.0000,-5373.5000,12355.0000,12355.0000
2015-09-22,"MA_Crossover(35,44)",5093.2500,5183.7500,-1.0000,-1.0000,-189.7500,189.7500,-5183.7500,12544.7500,12544.7500
2015-09-23,"MA_Crossover(35,44)",5072.0000,5162.5000,-1.0000,-1.0000,-21.2500,21.2500,-5162.5000,12566.0000,12566.0000
2015-09-24,"MA_Crossover(35,44)",5066.0000,5156.5000,-1.0000,-1.0000,-6.0000,6.0000,-5156.5000,12572.0000,12572.0000
2015-09-25,"MA_Crossover(35,44)",5040.5000,5131.0000,-1.0000,-1.0000,-25.5000,25.5000,-5131.0000,12597.5000,12597.5000
2015-09-28,"MA_Crossover(35,44)",4982.0000,5072.5000,-1.0000,-1.0000,-58.5000,58.5000,-5072.5000,12656.0000,12656.0000
2015-09-29,"MA_Crossover(35,44)",4988.2500,5078.7500,-1.0000,-1.0000,6.2500,-6.2500,-5078.7500,12649.7500,12649.7500
2015-09-30,"MA_Crossover(35,44)",5179.0000,5269.5000,-1.0000,-1.0000,190.7500,-190.7500,-5269.5000,12459.0000,12459.0000
2015-10-01,"MA_Crossover(35,44)",5111.5000,5202.0000,-1.0000,-1.0000,-67.5000,67.5000,-5202.0000,12526.5000,12526.5000
2015-10-02,"MA_Crossover(35,44)",5114.2500,5204.7500,-1.0000,-1.0000,2.7500,-2.7500,-5204.7500,12523.7500,12523.7500
2015-10-05,"MA_Crossover(35,44)",5191.5000,5282.0000,-1.0000,-1.0000,77.2500,-77.2500,-5282.0000,12446.5000,12446.5000
2015-10-06,"MA_Crossover(35,44)",5198.0000,5288.5000,-1.0000,-1.0000,6.5000,-6.5000,-5288.5000,12440.0000,12440.0000
2015-10-07,"MA_Crossover(35,44)",5200.5000,5291.0000,1.0000,-1.0000,2.5000,-2.5000,-5291.0000,12437.5000,12437.5000
2015-10-08,"MA_Crossover(35,44)",5150.5000,5241.0000,1.0000,1.0000,-50.0000,-50.0000,5241.0000,12387.5000,12387.5000
2015-10-09,"MA_Crossover(35,44)",5313.2500,5403.7500,1.0000,1.0000,162.7500,162.7500,5403.7500,12550.2500,12550.2500
2015-10-12,"MA_Crossover(35,44)",5331.7500,5422.2500,1.0000,1.0000,18.5000,18.5000,5422.2500,12568.7500,12568.7500
2015-10-13,"MA_Crossover(35,44)",5290.2500,5380.7500,1.0000,1.0000,-41.5000,-41.5000,5380.7500,12527.2500,12527.2500
2015-10-14,"MA_Crossover(35,44)",5319.5000,5410.0000,1.0000,1.0000,29.2500,29.2500,5410.0000,12556.5000,12556.5000
2015-10-15,"MA_Crossover(35,44)",5325.5000,5416.0000,1.0000,1.0000,6.0000,6.0000,5416.0000,12562.5000,12562.5000
2015-10-16,"MA_Crossover(35,44)",5304.2500,5394.7500,1.0000,1.0000,-21.2500,-21.2500,5394.7500,12541.2500,12541.2500
2015-10-19,"MA_Crossover(35,44)",5208.5000,5299.0000,1.0000,1.0000,-95.7500,-95.7500,5299.0000,12445.5000,12445.5000
2015-10-20,"MA_Crossover(35,44)",5209.2500,5291.0000,1.0000,1.0000,-8.0000,-8.0000,5291.0000,12437.5000,12437.5000
2015-10-21,"MA_Crossover(35,44)",5186.7500,5267.2500,1.0000,1.0000,-23.7500,-23.7500,5267.2500,12413.7500,12413.7500
2015-10-22,"MA_Crossover(35,44)",5246.5000,5326.5000,1.0000,1.0000,59.2500,59.2500,5326.5000,12473.0000,12473.0000
2015-10-23,"MA_Crossover(35,44)",5188.2500,5273.2500,1.0000,1.0000,-53.2500,-53.2500,5273.2500,12419.7500,12419.7500
2015-10-26,"MA_Crossover(35,44)",5207.5000,5292.5000,1.0000,1.0000,19.2500,19.2500,5292.5000,12439.0000,12439.0000
2015-10-27,"MA_Crossover(35,44)",5236.0000,5321.0000,1.0000,1.0000,28.5000,28.5000,5321.0000,12467.5000,12467.5000
2015-10-28,"MA_Crossover(35,44)",5218.7500,5303.7500,1.0000,1.0000,-17.2500,-17.2500,5303.7500,12450.2500,12450.2500
2015-10-29,"MA_Crossover(35,44)",5147.0000,5232.0000,-1.0000,1.0000,-71.7500,-71.7500,5232.0000,12378.5000,12378.5000
2015-10-30,"MA_Crossover(35,44)",5131.0000,5216.0000,-1.0000,-1.0000,-16.0000,16.0000,-5216.0000,12394.5000,12394.5000
2015-11-02,"MA_Crossover(35,44)",5142.7500,5227.7500,-1.0000,-1.0000,11.7500,-11.7500,-5227.7500,12382.7500,12382.7500
2015-11-03,"MA_Crossover(35,44)",5144.5000,5229.5000,-1.0000,-1.0000,1.7500,-1.7500,-5229.5000,12381.0000,12381.0000
2015-11-04,"MA_Crossover(35,44)",5149.7500,5234.7500,-1.0000,-1.0000,5.2500,-5.2500,-5234.7500,12375.7500,12375.7500
2015-11-05,"MA_Crossover(35,44)",5024.5000,5109.5000,-1.0000,-1.0000,-125.2500,125.2500,-5109.5000,12501.0000,12501.0000
2015-11-06,"MA_Crossover(35,44)",4997.0000,5082.0000,-1.0000,-1.0000,-27.5000,27.5000,-5082.0000,12528.5000,12528.5000
2015-11-09,"MA_Crossover(35,44)",4975.2500,5060.2500,-1.0000,-1.0000,-21.7500,21.7500,-5060.2500,12550.2500,12550.2500
2015-11-10,"MA_Crossover(35,44)",4940.5000,5025.5000,-1.0000,-1.0000,-34.7500,34.7500,-5025.5000,12585.0000,12585.0000
2015-11-11,"MA_Crossover(35,44)",4957.5000,5042.5000,-1.0000,-1.0000,17.0000,-17.0000,-5042.5000,12568.0000,12568.0000
2015-11-12,"MA_Crossover(35,44)",4836.5000,4921.5000,-1.0000,-1.0000,-121.0000,121.0000,-4921.5000,12689.0000,12689.0000
2015-11-13,"MA_Crossover(35,44)",4828.7500,4913.7500,-1.0000,-1.0000,-7.7500,7.7500,-4913.7500,12696.7500,12696.7500
2015-11-16,"MA_Crossover(35,44)",4694.0000,4779.0000,-1.0000,-1.0000,-134.7500,134.7500,-4779.0000,12831.5000,12831.5000
2015-11-17,"MA_Crossover(35,44)",4697.0000,4771.0000,-1.0000,-1.0000,-8.0000,8.0000,-4771.0000,12839.5000,12839.5000
2015-11-18,"MA_Crossover(35,44)",4626.2500,4699.7500,1.0000,-1.0000,-71.2500,71.2500,-4699.7500,12910.7500,12910.7500
2015-11-19,"MA_Crossover(35,44)",4646.5000,4720.0000,1.0000,1.0000,20.2500,20.2500,4720.0000,12931.0000,12931.0000
2015-11-20,"MA_Crossover(35,44)",4597.0000,4678.0000,1.0000,1.0000,-42.0000,-42.0000,4678.0000,12889.0000,12889.0000
2015-11-23,"MA_Crossover(35,44)",4508.5000,4589.5000,-1.0000,1.0000,-88.5000,-88.5000,4589.5000,12800.5000,12800.5000
2015-11-24,"MA_Crossover(35,44)",4624.5000,4705.5000,-1.0000,-1.0000,116.0000,-116.0000,-4705.5000,12684.5000,12684.5000
2015-11-25,"MA_Crossover(35,44)",4563.7500,4644.7500,-1.0000,-1.0000,-60.7500,60.7500,-4644.7500,12745.2500,12745.2500
2015-11-26,"MA_Crossover(35,44)",4654.0000,4735.0000,-1.0000,-1.0000,90.2500,-90.2500,-4735.0000,12655.0000,12655.0000
2015-11-27,"MA_Crossover(35,44)",4592.0000,4673.0000,-1.0000,-1.0000,-62.0000,62.0000,-4673.0000,12717.0000,12717.0000
2015-11-30,"MA_Crossover(35,44)",4602.2500,4683.2500,-1.0000,-1.0000,10.2500,-10.2500,-4683.2500,12706.7500,12706.7500
2015-12-01,"MA_Crossover(35,44)",4645.7500,4726.7500,-1.0000,-1.0000,43.5000,-43.5000,-4726.7500,12663.2500,12663.2500
2015-12-02,"MA_Crossover(35,44)",4571.5000,4652.5000,-1.0000,-1.0000,-74.2500,74.2500,-4652.5000,12737.5000,12737.5000
2015-12-03,"MA_Crossover(35,44)",4562.5000,4643.5000,-1.0000,-1.0000,-9.0000,9.0000,-4643.5000,12746.5000,12746.5000
2015-12-04,"MA_Crossover(35,44)",4611.5000,4692.5000,-1.0000,-1.0000,49.0000,-49.0000,-4692.5000,12697.5000,12697.5000
2015-12-07,"MA_Crossover(35,44)",4556.7500,4637.7500,-1.0000,-1.0000,-54.7500,54.7500,-4637.7500,12752.2500,12752.2500
2015-12-08,"MA_Crossover(35,44)",4591.7500,4672.7500,-1.0000,-1.0000,35.0000,-35.0000,-4672.7500,12717.2500,12717.2500
2015-12-09,"MA_Crossover(35,44)",4584.5000,4665.5000,-1.0000,-1.0000,-7.2500,7.2500,-4665.5000,12724.5000,12724.5000
2015-12-10,"MA_Crossover(35,44)",4590.0000,4671.0000,-1.0000,-1.0000,5.5000,-5.5000,-4671.0000,12719.0000,12719.0000
2015-12-11,"MA_Crossover(35,44)",4701.0000,4782.0000,-1.0000,-1.0000,111.0000,-111.0000,-4782.0000,12608.0000,12608.0000
2015-12-14,"MA_Crossover(35,44)",4663.5000,4744.5000,-1.0000,-1.0000,-37.5000,37.5000,-4744.5000,12645.5000,12645.5000
2015-12-15,"MA_Crossover(35,44)",4564.5000,4640.0000,-1.0000,-1.0000,-104.5000,104.5000,-4640.0000,12750.0000,12750.0000
2015-12-16,"MA_Crossover(35,44)",4612.0000,4686.0000,-1.0000,-1.0000,46.0000,-46.0000,-4686.0000,12704.0000,12704.0000
2015-12-17,"MA_Crossover(35,44)",4550.5000,4624.5000,-1.0000,-1.0000,-61.5000,61.5000,-4624.5000,12765.5000,12765.5000
2015-12-18,"MA_Crossover(35,44)",4690.0000,4763.5000,-1.0000,-1.0000,139.0000,-139.0000,-4763.5000,12626.5000,12626.5000
2015-12-21,"MA_Crossover(35,44)",4741.0000,4814.5000,-1.0000,-1.0000,51.0000,-51.0000,-4814.5000,12575.5000,12575.5000
2015-12-22,"MA_Crossover(35,44)",4665.0000,4738.5000,-1.0000,-1.0000,-76.0000,76.0000,-4738.5000,12651.5000,12651.5000
2015-12-23,"MA_Crossover(35,44)",4722.5000,4796.0000,-1.0000,-1.0000,57.5000,-57.5000,-4796.0000,12594.0000,12594.0000
2015-12-24,"MA_Crossover(35,44)",4697.0000,4770.5000,-1.0000,-1.0000,-25.5000,25.5000,-4770.5000,12619.5000,12619.5000
2015-12-29,"MA_Crossover(35,44)",4735.2500,4808.7500,-1.0000,-1.0000,38.2500,-38.2500,-4808.7500,12581.2500,12581.2500
2015-12-30,"MA_Crossover(35,44)",4742.7500,4816.2500,-1.0000,-1.0000,7.5000,-7.5000,-4816.2500,12573.7500,12573.7500
2015-12-31,"MA_Crossover(35,44)",4712.5000,4786.0000,-1.0000,-1.0000,-30.2500,30.2500,-4786.0000,12604.0000,12604.0000
2016-01-04,"MA_Crossover(35,44)",4617.2500,4690.7500,-1.0000,-1.0000,-95.2500,95.2500,-4690.7500,12699.2500,12699.2500
2016-01-05,"MA_Crossover(35,44)",4647.7500,4721.2500,-1.0000,-1.0000,30.5000,-30.5000,-4721.2500,12668.7500,12668.7500
2016-01-06,"MA_Crossover(35,44)",4622.5000,4696.0000,-1.0000,-1.0000,-25.2500,25.2500,-4696.0000,12694.0000,12694.0000
2016-01-07,"MA_Crossover(35,44)",4526.5000,4600.0000,-1.0000,-1.0000,-96.0000,96.0000,-4600.0000,12790.0000,12790.0000
2016-01-08,"MA_Crossover(35,44)",4485.5000,4559.0000,-1.0000,-1.0000,-41.0000,41.0000,-4559.0000,12831.0000,12831.0000
2016-01-11,"MA_Crossover(35,44)",4381.2500,4454.7500,-1.0000,-1.0000,-104.2500,104.2500,-4454.7500,12935.2500,12935.2500
2016-01-12,"MA_Crossover(35,44)",4344.5000,4418.0000,-1.0000,-1.0000,-36.7500,36.7500,-4418.0000,12972.0000,12972.0000
2016-01-13,"MA_Crossover(35,44)",4388.2500,4461.7500,-1.0000,-1.0000,43.7500,-43.7500,-4461.7500,12928.2500,12928.2500
2016-01-14,"MA_Crossover(35,44)",4418.5000,4492.0000,-1.0000,-1.0000,30.2500,-30.2500,-4492.0000,12898.0000,12898.0000
2016-01-15,"MA_Crossover(35,44)",4327.5000,4401.0000,-1.0000,-1.0000,-91.0000,91.0000,-4401.0000,12989.0000,12989.0000
2016-01-18,"MA_Crossover(35,44)",4378.0000,4451.5000,-1.0000,-1.0000,50.5000,-50.5000,-4451.5000,12938.5000,12938.5000
2016-01-19,"MA_Crossover(35,44)",4409.7500,4483.2500,-1.0000,-1.0000,31.7500,-31.7500,-4483.2500,12906.7500,12906.7500
2016-01-20,"MA_Crossover(35,44)",4360.5000,4434.2500,-1.0000,-1.0000,-49.0000,49.0000,-4434.2500,12955.7500,12955.7500
2016-01-21,"MA_Crossover(35,44)",4436.0000,4508.2500,-1.0000,-1.0000,74.0000,-74.0000,-4508.2500,12881.7500,12881.7500
2016-01-22,"MA_Crossover(35,44)",4452.0000,4526.7500,-1.0000,-1.0000,18.5000,-18.5000,-4526.7500,12863.2500,12863.2500
2016-01-25,"MA_Crossover(35,44)",4422.2500,4497.0000,-1.0000,-1.0000,-29.7500,29.7500,-4497.0000,12893.0000,12893.0000
2016-01-26,"MA_Crossover(35,44)",4546.7500,4621.5000,-1.0000,-1.0000,124.5000,-124.5000,-4621.5000,12768.5000,12768.5000
2016-01-27,"MA_Crossover(35,44)",4597.7500,4672.5000,-1.0000,-1.0000,51.0000,-51.0000,-4672.5000,12717.5000,12717.5000
2016-01-28,"MA_Crossover(35,44)",4537.7500,4612.5000,-1.0000,-1.0000,-60.0000,60.0000,-4612.5000,12777.5000,12777.5000
2016-01-29,"MA_Crossover(35,44)",4569.0000,4643.7500,-1.0000,-1.0000,31.2500,-31.2500,-4643.7500,12746.2500,12746.2500
2016-02-01,"MA_Crossover(35,44)",4569.0000,4643.7500,-1.0000,-1.0000,0.0000,-0.0000,-4643.7500,12746.2500,12746.2500
2016-02-02,"MA_Crossover(35,44)",4556.5000,4631.2500,-1.0000,-1.0000,-12.5000,12.5000,-4631.2500,12758.7500,12758.7500
2016-02-03,"MA_Crossover(35,44)",4641.0000,4715.7500,-1.0000,-1.0000,84.5000,-84.5000,-4715.7500,12674.2500,12674.2500
2016-02-04,"MA_Crossover(35,44)",4693.7500,4768.5000,-1.0000,-1.0000,52.7500,-52.7500,-4768.5000,12621.5000,12621.5000
2016-02-05,"MA_Crossover(35,44)",4635.2500,4710.0000,-1.0000,-1.0000,-58.5000,58.5000,-4710.0000,12680.0000,12680.0000
2016-02-08,"MA_Crossover(35,44)",4615.7500,4690.5000,-1.0000,-1.0000,-19.5000,19.5000,-4690.5000,12699.5000,12699.5000
2016-02-09,"MA_Crossover(35,44)",4516.2500,4591.0000,-1.0000,-1.0000,-99.5000,99.5000,-4591.0000,12799.0000,12799.0000
2016-02-10,"MA_Crossover(35,44)",4452.0000,4526.7500,-1.0000,-1.0000,-64.2500,64.2500,-4526.7500,12863.2500,12863.2500
2016-02-11,"MA_Crossover(35,44)",4454.5000,4529.2500,-1.0000,-1.0000,2.5000,-2.5000,-4529.2500,12860.7500,12860.7500
2016-02-12,"MA_Crossover(35,44)",4507.0000,4581.7500,-1.0000,-1.0000,52.5000,-52.5000,-4581.7500,12808.2500,12808.2500
2016-02-15,"MA_Crossover(35,44)",4572.5000,4647.2500,-1.0000,-1.0000,65.5000,-65.5000,-4647.2500,12742.7500,12742.7500
2016-02-16,"MA_Crossover(35,44)",4562.0000,4638.7500,-1.0000,-1.0000,-8.5000,8.5000,-4638.7500,12751.2500,12751.2500
2016-02-17,"MA_Crossover(35,44)",4593.5000,4670.7500,-1.0000,-1.0000,32.0000,-32.0000,-4670.7500,12719.2500,12719.2500
2016-02-18,"MA_Crossover(35,44)",4580.7500,4657.5000,-1.0000,-1.0000,-13.2500,13.2500,-4657.5000,12732.5000,12732.5000
2016-02-19,"MA_Crossover(35,44)",4627.7500,4707.5000,-1.0000,-1.0000,50.0000,-50.0000,-4707.5000,12682.5000,12682.5000
2016-02-22,"MA_Crossover(35,44)",4702.0000,4781.7500,-1.0000,-1.0000,74.2500,-74.2500,-4781.7500,12608.2500,12608.2500
2016-02-23,"MA_Crossover(35,44)",4651.7500,4731.5000,-1.0000,-1.0000,-50.2500,50.2500,-4731.5000,12658.5000,12658.5000
2016-02-24,"MA_Crossover(35,44)",4650.5000,4730.2500,-1.0000,-1.0000,-1.2500,1.2500,-4730.2500,12659.7500,12659.7500
2016-02-25,"MA_Crossover(35,44)",4610.7500,4690.5000,-1.0000,-1.0000,-39.7500,39.7500,-4690.5000,12699.5000,12699.5000
2016-02-26,"MA_Crossover(35,44)",4716.2500,4796.0000,-1.0000,-1.0000,105.5000,-105.5000,-4796.0000,12594.0000,12594.0000
2016-02-29,"MA_Crossover(35,44)",4705.5000,4785.2500,-1.0000,-1.0000,-10.7500,10.7500,-4785.2500,12604.7500,12604.7500
2016-03-01,"MA_Crossover(35,44)",4727.0000,4806.7500,-1.0000,-1.0000,21.5000,-21.5000,-4806.7500,12583.2500,12583.2500
2016-03-02,"MA_Crossover(35,44)",4798.5000,4878.2500,1.0000,-1.0000,71.5000,-71.5000,-4878.2500,12511.7500,12511.7500
2016-03-03,"MA_Crossover(35,44)",4864.0000,4943.7500,1.0000,1.0000,65.5000,65.5000,4943.7500,12577.2500,12577.2500
2016-03-04,"MA_Crossover(35,44)",5036.7500,5116.5000,1.0000,1.0000,172.7500,172.7500,5116.5000,12750.0000,12750.0000
2016-03-07,"MA_Crossover(35,44)",5006.7500,5086.5000,1.0000,1.0000,-30.0000,-30.0000,5086.5000,12720.0000,12720.0000
2016-03-08,"MA_Crossover(35,44)",4876.2500,4956.0000,1.0000,1.0000,-130.5000,-130.5000,4956.0000,12589.5000,12589.5000
2016-03-09,"MA_Crossover(35,44)",4944.0000,5023.7500,1.0000,1.0000,67.7500,67.7500,5023.7500,12657.2500,12657.2500
2016-03-10,"MA_Crossover(35,44)",4900.5000,4980.2500,1.0000,1.0000,-43.5000,-43.5000,4980.2500,12613.7500,12613.7500
2016-03-11,"MA_Crossover(35,44)",4986.0000,5065.7500,1.0000,1.0000,85.5000,85.5000,5065.7500,12699.2500,12699.2500
2016-03-14,"MA_Crossover(35,44)",4971.5000,5051.2500,1.0000,1.0000,-14.5000,-14.5000,5051.2500,12684.7500,12684.7500
2016-03-15,"MA_Crossover(35,44)",4960.5000,5049.2500,1.0000,1.0000,-2.0000,-2.0000,5049.2500,12682.7500,12682.7500
2016-03-16,"MA_Crossover(35,44)",4948.0000,5036.7500,1.0000,1.0000,-12.5000,-12.5000,5036.7500,12670.2500,12670.2500
2016-03-17,"MA_Crossover(35,44)",5086.0000,5172.7500,1.0000,1.0000,136.0000,136.0000,5172.7500,12806.2500,12806.2500
2016-03-18,"MA_Crossover(35,44)",5059.5000,5154.2500,1.0000,1.0000,-18.5000,-18.5000,5154.2500,12787.7500,12787.7500
2016-03-21,"MA_Crossover(35,44)",5079.0000,5173.7500,1.0000,1.0000,19.5000,19.5000,5173.7500,12807.2500,12807.2500
2016-03-22,"MA_Crossover(35,44)",5081.5000,5176.2500,1.0000,1.0000,2.5000,2.5000,5176.2500,12809.7500,12809.7500
2016-03-23,"MA_Crossover(35,44)",4966.5000,5061.2500,1.0000,1.0000,-115.0000,-115.0000,5061.2500,12694.7500,12694.7500
2016-03-24,"MA_Crossover(35,44)",4970.0000,5064.7500,1.0000,1.0000,3.5000,3.5000,5064.7500,12698.2500,12698.2500
2016-03-29,"MA_Crossover(35,44)",4912.5000,5007.2500,1.0000,1.0000,-57.5000,-57.5000,5007.2500,12640.7500,12640.7500
2016-03-30,"MA_Crossover(35,44)",4898.0000,4992.7500,1.0000,1.0000,-14.5000,-14.5000,4992.7500,12626.2500,12626.2500
2016-03-31,"MA_Crossover(35,44)",4872.5000,4967.2500,1.0000,1.0000,-25.5000,-25.5000,4967.2500,12600.7500,12600.7500
2016-04-01,"MA_Crossover(35,44)",4855.2500,4950.0000,1.0000,1.0000,-17.2500,-17.2500,4950.0000,12583.5000,12583.5000
2016-04-04,"MA_Crossover(35,44)",4777.2500,4872.0000,1.0000,1.0000,-78.0000,-78.0000,4872.0000,12505.5000,12505.5000
2016-04-05,"MA_Crossover(35,44)",4791.7500,4886.5000,1.0000,1.0000,14.5000,14.5000,4886.5000,12520.0000,12520.0000
2016-04-06,"MA_Crossover(35,44)",4804.5000,4899.2500,1.0000,1.0000,12.7500,12.7500,4899.2500,12532.7500,12532.7500
2016-04-07,"MA_Crossover(35,44)",4665.5000,4760.2500,1.0000,1.0000,-139.0000,-139.0000,4760.2500,12393.7500,12393.7500
2016-04-08,"MA_Crossover(35,44)",4664.7500,4759.5000,1.0000,1.0000,-0.7500,-0.7500,4759.5000,12393.0000,12393.0000
2016-04-11,"MA_Crossover(35,44)",4679.5000,4774.2500,1.0000,1.0000,14.7500,14.7500,4774.2500,12407.7500,12407.7500
2016-04-12,"MA_Crossover(35,44)",4788.5000,4883.2500,1.0000,1.0000,109.0000,109.0000,4883.2500,12516.7500,12516.7500
2016-04-13,"MA_Crossover(35,44)",4849.0000,4943.7500,1.0000,1.0000,60.5000,60.5000,4943.7500,12577.2500,12577.2500
2016-04-14,"MA_Crossover(35,44)",4848.7500,4943.5000,1.0000,1.0000,-0.2500,-0.2500,4943.5000,12577.0000,12577.0000
2016-04-15,"MA_Crossover(35,44)",4828.5000,4923.2500,1.0000,1.0000,-20.2500,-20.2500,4923.2500,12556.7500,12556.7500
2016-04-18,"MA_Crossover(35,44)",4850.0000,4944.7500,1.0000,1.0000,21.5000,21.5000,4944.7500,12578.2500,12578.2500
2016-04-19,"MA_Crossover(35,44)",4945.2500,5047.7500,1.0000,1.0000,103.0000,103.0000,5047.7500,12681.2500,12681.2500
2016-04-20,"MA_Crossover(35,44)",4990.5000,5092.7500,1.0000,1.0000,45.0000,45.0000,5092.7500,12726.2500,12726.2500
2016-04-21,"MA_Crossover(35,44)",5009.7500,5110.7500,1.0000,1.0000,18.0000,18.0000,5110.7500,12744.2500,12744.2500
2016-04-22,"MA_Crossover(35,44)",5045.2500,5153.0000,1.0000,1.0000,42.2500,42.2500,5153.0000,12786.5000,12786.5000
2016-04-25,"MA_Crossover(35,44)",5008.2500,5116.0000,1.0000,1.0000,-37.0000,-37.0000,5116.0000,12749.5000,12749.5000
2016-04-26,"MA_Crossover(35,44)",4974.0000,5081.7500,1.0000,1.0000,-34.2500,-34.2500,5081.7500,12715.2500,12715.2500
2016-04-27,"MA_Crossover(35,44)",4915.5000,5023.2500,1.0000,1.0000,-58.5000,-58.5000,5023.2500,12656.7500,12656.7500
2016-04-28,"MA_Crossover(35,44)",4957.2500,5065.0000,1.0000,1.0000,41.7500,41.7500,5065.0000,12698.5000,12698.5000
2016-04-29,"MA_Crossover(35,44)",5064.0000,5171.7500,1.0000,1.0000,106.7500,106.7500,5171.7500,12805.2500,12805.2500
2016-05-03,"MA_Crossover(35,44)",4929.2500,5037.0000,1.0000,1.0000,-134.7500,-134.7500,5037.0000,12670.5000,12670.5000
2016-05-04,"MA_Crossover(35,44)",4877.5000,4985.2500,1.0000,1.0000,-51.7500,-51.7500,4985.2500,12618.7500,12618.7500
2016-05-05,"MA_Crossover(35,44)",4799.2500,4907.0000,-1.0000,1.0000,-78.2500,-78.2500,4907.0000,12540.5000,12540.5000
2016-05-06,"MA_Crossover(35,44)",4823.0000,4930.7500,-1.0000,-1.0000,23.7500,-23.7500,-4930.7500,12516.7500,12516.7500
2016-05-09,"MA_Crossover(35,44)",4697.5000,4805.2500,-1.0000,-1.0000,-125.5000,125.5000,-4805.2500,12642.2500,12642.2500
2016-05-10,"MA_Crossover(35,44)",4691.2500,4799.0000,-1.0000,-1.0000,-6.2500,6.2500,-4799.0000,12648.5000,12648.5000
2016-05-11,"MA_Crossover(35,44)",4719.7500,4827.5000,-1.0000,-1.0000,28.5000,-28.5000,-4827.5000,12620.0000,12620.0000
2016-05-12,"MA_Crossover(35,44)",4628.0000,4735.7500,-1.0000,-1.0000,-91.7500,91.7500,-4735.7500,12711.7500,12711.7500
2016-05-13,"MA_Crossover(35,44)",4636.5000,4744.2500,-1.0000,-1.0000,8.5000,-8.5000,-4744.2500,12703.2500,12703.2500
2016-05-16,"MA_Crossover(35,44)",4649.5000,4757.2500,-1.0000,-1.0000,13.0000,-13.0000,-4757.2500,12690.2500,12690.2500
2016-05-17,"MA_Crossover(35,44)",4659.5000,4768.0000,-1.0000,-1.0000,10.7500,-10.7500,-4768.0000,12679.5000,12679.5000
2016-05-18,"MA_Crossover(35,44)",4619.2500,4726.2500,-1.0000,-1.0000,-41.7500,41.7500,-4726.2500,12721.2500,12721.2500
2016-05-19,"MA_Crossover(35,44)",4587.7500,4694.2500,-1.0000,-1.0000,-32.0000,32.0000,-4694.2500,12753.2500,12753.2500
2016-05-20,"MA_Crossover(35,44)",4584.0000,4694.0000,-1.0000,-1.0000,-0.2500,0.2500,-4694.0000,12753.5000,12753.5000
2016-05-23,"MA_Crossover(35,44)",4568.5000,4678.5000,-1.0000,-1.0000,-15.5000,15.5000,-4678.5000,12769.0000,12769.0000
2016-05-24,"MA_Crossover(35,44)",4610.0000,4720.0000,-1.0000,-1.0000,41.5000,-41.5000,-4720.0000,12727.5000,12727.5000
2016-05-25,"MA_Crossover(35,44)",4662.2500,4772.2500,-1.0000,-1.0000,52.2500,-52.2500,-4772.2500,12675.2500,12675.2500
2016-05-26,"MA_Crossover(35,44)",4669.2500,4779.2500,-1.0000,-1.0000,7.0000,-7.0000,-4779.2500,12668.2500,12668.2500
2016-05-27,"MA_Crossover(35,44)",4704.5000,4814.5000,-1.0000,-1.0000,35.2500,-35.2500,-4814.5000,12633.0000,12633.0000
2016-05-31,"MA_Crossover(35,44)",4680.2500,4790.2500,-1.0000,-1.0000,-24.2500,24.2500,-4790.2500,12657.2500,12657.2500
2016-06-01,"MA_Crossover(35,44)",4625.0000,4735.0000,1.0000,-1.0000,-55.2500,55.2500,-4735.0000,12712.5000,12712.5000
2016-06-02,"MA_Crossover(35,44)",4614.0000,4724.0000,1.0000,1.0000,-11.0000,-11.0000,4724.0000,12701.5000,12701.5000
2016-06-03,"MA_Crossover(35,44)",4694.0000,4804.0000,1.0000,1.0000,80.0000,80.0000,4804.0000,12781.5000,12781.5000
2016-06-06,"MA_Crossover(35,44)",4687.5000,4797.5000,1.0000,1.0000,-6.5000,-6.5000,4797.5000,12775.0000,12775.0000
2016-06-07,"MA_Crossover(35,44)",4564.0000,4674.0000,-1.0000,1.0000,-123.5000,-123.5000,4674.0000,12651.5000,12651.5000
2016-06-08,"MA_Crossover(35,44)",4570.2500,4680.2500,-1.0000,-1.0000,6.2500,-6.2500,-4680.2500,12645.2500,12645.2500
2016-06-09,"MA_Crossover(35,44)",4502.0000,4612.0000,-1.0000,-1.0000,-68.2500,68.2500,-4612.0000,12713.5000,12713.5000
2016-06-10,"MA_Crossover(35,44)",4496.5000,4606.5000,-1.0000,-1.0000,-5.5000,5.5000,-4606.5000,12719.0000,12719.0000
2016-06-13,"MA_Crossover(35,44)",4540.5000,4650.5000,-1.0000,-1.0000,44.0000,-44.0000,-4650.5000,12675.0000,12675.0000
2016-06-14,"MA_Crossover(35,44)",4504.7500,4609.5000,-1.0000,-1.0000,-41.0000,41.0000,-4609.5000,12716.0000,12716.0000
2016-06-15,"MA_Crossover(35,44)",4635.2500,4739.2500,-1.0000,-1.0000,129.7500,-129.7500,-4739.2500,12586.2500,12586.2500
2016-06-16,"MA_Crossover(35,44)",4534.5000,4637.5000,-1.0000,-1.0000,-101.7500,101.7500,-4637.5000,12688.0000,12688.0000
2016-06-17,"MA_Crossover(35,44)",4550.5000,4651.0000,-1.0000,-1.0000,13.5000,-13.5000,-4651.0000,12674.5000,12674.5000
2016-06-20,"MA_Crossover(35,44)",4642.7500,4743.2500,-1.0000,-1.0000,92.2500,-92.2500,-4743.2500,12582.2500,12582.2500
2016-06-21,"MA_Crossover(35,44)",4667.2500,4767.7500,-1.0000,-1.0000,24.5000,-24.5000,-4767.7500,12557.7500,12557.7500
2016-06-22,"MA_Crossover(35,44)",4700.0000,4800.5000,-1.0000,-1.0000,32.7500,-32.7500,-4800.5000,12525.0000,12525.0000
2016-06-23,"MA_Crossover(35,44)",4781.0000,4881.5000,-1.0000,-1.0000,81.0000,-81.0000,-4881.5000,12444.0000,12444.0000
2016-06-24,"MA_Crossover(35,44)",4695.5000,4796.0000,-1.0000,-1.0000,-85.5000,85.5000,-4796.0000,12529.5000,12529.5000
2016-06-27,"MA_Crossover(35,44)",4704.7500,4805.2500,-1.0000,-1.0000,9.2500,-9.2500,-4805.2500,12520.2500,12520.2500
2016-06-28,"MA_Crossover(35,44)",4814.2500,4914.7500,-1.0000,-1.0000,109.5000,-109.5000,-4914.7500,12410.7500,12410.7500
2016-06-29,"MA_Crossover(35,44)",4834.2500,4934.7500,-1.0000,-1.0000,20.0000,-20.0000,-4934.7500,12390.7500,12390.7500
2016-06-30,"MA_Crossover(35,44)",4841.7500,4942.2500,-1.0000,-1.0000,7.5000,-7.5000,-4942.2500,12383.2500,12383.2500
2016-07-01,"MA_Crossover(35,44)",4903.5000,5004.0000,-1.0000,-1.0000,61.7500,-61.7500,-5004.0000,12321.5000,12321.5000
2016-07-04,"MA_Crossover(35,44)",4883.2500,4983.7500,-1.0000,-1.0000,-20.2500,20.2500,-4983.7500,12341.7500,12341.7500
2016-07-05,"MA_Crossover(35,44)",4802.7500,4903.2500,-1.0000,-1.0000,-80.5000,80.5000,-4903.2500,12422.2500,12422.2500
2016-07-06,"MA_Crossover(35,44)",4736.0000,4836.5000,-1.0000,-1.0000,-66.7500,66.7500,-4836.5000,12489.0000,12489.0000
2016-07-07,"MA_Crossover(35,44)",4673.5000,4774.0000,-1.0000,-1.0000,-62.5000,62.5000,-4774.0000,12551.5000,12551.5000
2016-07-08,"MA_Crossover(35,44)",4697.7500,4798.2500,1.0000,-1.0000,24.2500,-24.2500,-4798.2500,12527.2500,12527.2500
2016-07-11,"MA_Crossover(35,44)",4732.0000,4832.5000,1.0000,1.0000,34.2500,34.2500,4832.5000,12561.5000,12561.5000
2016-07-12,"MA_Crossover(35,44)",4851.0000,4951.5000,1.0000,1.0000,119.0000,119.0000,4951.5000,12680.5000,12680.5000
2016-07-13,"MA_Crossover(35,44)",4919.7500,5020.2500,1.0000,1.0000,68.7500,68.7500,5020.2500,12749.2500,12749.2500
2016-07-14,"MA_Crossover(35,44)",4922.5000,5023.0000,1.0000,1.0000,2.7500,2.7500,5023.0000,12752.0000,12752.0000
2016-07-15,"MA_Crossover(35,44)",4900.0000,5000.5000,1.0000,1.0000,-22.5000,-22.5000,5000.5000,12729.5000,12729.5000
2016-07-18,"MA_Crossover(35,44)",4922.0000,5022.5000,1.0000,1.0000,22.0000,22.0000,5022.5000,12751.5000,12751.5000
2016-07-19,"MA_Crossover(35,44)",4975.0000,5072.7500,1.0000,1.0000,50.2500,50.2500,5072.7500,12801.7500,12801.7500
2016-07-20,"MA_Crossover(35,44)",4959.5000,5057.0000,1.0000,1.0000,-15.7500,-15.7500,5057.0000,12786.0000,12786.0000
2016-07-21,"MA_Crossover(35,44)",4970.0000,5067.2500,1.0000,1.0000,10.2500,10.2500,5067.2500,12796.2500,12796.2500
2016-07-22,"MA_Crossover(35,44)",4914.5000,5007.0000,1.0000,1.0000,-60.2500,-60.2500,5007.0000,12736.0000,12736.0000
2016-07-25,"MA_Crossover(35,44)",4891.7500,4984.2500,1.0000,1.0000,-22.7500,-22.7500,4984.2500,12713.2500,12713.2500
2016-07-26,"MA_Crossover(35,44)",4921.5000,5014.0000,1.0000,1.0000,29.7500,29.7500,5014.0000,12743.0000,12743.0000
2016-07-27,"MA_Crossover(35,44)",4841.5000,4934.0000,1.0000,1.0000,-80.0000,-80.0000,4934.0000,12663.0000,12663.0000
2016-07-28,"MA_Crossover(35,44)",4887.7500,4980.2500,1.0000,1.0000,46.2500,46.2500,4980.2500,12709.2500,12709.2500
2016-07-29,"MA_Crossover(35,44)",4917.2500,5009.7500,1.0000,1.0000,29.5000,29.5000,5009.7500,12738.7500,12738.7500
2016-08-01,"MA_Crossover(35,44)",4871.0000,4963.5000,1.0000,1.0000,-46.2500,-46.2500,4963.5000,12692.5000,12692.5000
2016-08-02,"MA_Crossover(35,44)",4881.7500,4974.2500,1.0000,1.0000,10.7500,10.7500,4974.2500,12703.2500,12703.2500
2016-08-03,"MA_Crossover(35,44)",4862.5000,4955.0000,1.0000,1.0000,-19.2500,-19.2500,4955.0000,12684.0000,12684.0000
2016-08-04,"MA_Crossover(35,44)",4818.0000,4910.5000,1.0000,1.0000,-44.5000,-44.5000,4910.5000,12639.5000,12639.5000
2016-08-05,"MA_Crossover(35,44)",4779.2500,4871.7500,1.0000,1.0000,-38.7500,-38.7500,4871.7500,12600.7500,12600.7500
2016-08-08,"MA_Crossover(35,44)",4801.0000,4893.5000,1.0000,1.0000,21.7500,21.7500,4893.5000,12622.5000,12622.5000
2016-08-09,"MA_Crossover(35,44)",4770.2500,4862.7500,1.0000,1.0000,-30.7500,-30.7500,4862.7500,12591.7500,12591.7500
2016-08-10,"MA_Crossover(35,44)",4816.2500,4908.7500,1.0000,1.0000,46.0000,46.0000,4908.7500,12637.7500,12637.7500
2016-08-11,"MA_Crossover(35,44)",4839.5000,4932.0000,1.0000,1.0000,23.2500,23.2500,4932.0000,12661.0000,12661.0000
2016-08-12,"MA_Crossover(35,44)",4749.2500,4841.7500,1.0000,1.0000,-90.2500,-90.2500,4841.7500,12570.7500,12570.7500
2016-08-15,"MA_Crossover(35,44)",4759.7500,4852.2500,1.0000,1.0000,10.5000,10.5000,4852.2500,12581.2500,12581.2500
2016-08-16,"MA_Crossover(35,44)",4803.0000,4900.0000,1.0000,1.0000,47.7500,47.7500,4900.0000,12629.0000,12629.0000
2016-08-17,"MA_Crossover(35,44)",4765.0000,4862.7500,1.0000,1.0000,-37.2500,-37.2500,4862.7500,12591.7500,12591.7500
2016-08-18,"MA_Crossover(35,44)",4799.0000,4897.0000,1.0000,1.0000,34.2500,34.2500,4897.0000,12626.0000,12626.0000
2016-08-19,"MA_Crossover(35,44)",4789.2500,4882.2500,1.0000,1.0000,-14.7500,-14.7500,4882.2500,12611.2500,12611.2500
2016-08-22,"MA_Crossover(35,44)",4738.5000,4831.5000,1.0000,1.0000,-50.7500,-50.7500,4831.5000,12560.5000,12560.5000
2016-08-23,"MA_Crossover(35,44)",4698.0000,4791.0000,1.0000,1.0000,-40.5000,-40.5000,4791.0000,12520.0000,12520.0000
2016-08-24,"MA_Crossover(35,44)",4621.0000,4714.0000,1.0000,1.0000,-77.0000,-77.0000,4714.0000,12443.0000,12443.0000
2016-08-25,"MA_Crossover(35,44)",4617.0000,4710.0000,1.0000,1.0000,-4.0000,-4.0000,4710.0000,12439.0000,12439.0000
2016-08-26,"MA_Crossover(35,44)",4604.0000,4697.0000,1.0000,1.0000,-13.0000,-13.0000,4697.0000,12426.0000,12426.0000
2016-08-30,"MA_Crossover(35,44)",4596.0000,4689.0000,1.0000,1.0000,-8.0000,-8.0000,4689.0000,12418.0000,12418.0000
2016-08-31,"MA_Crossover(35,44)",4607.2500,4700.2500,1.0000,1.0000,11.2500,11.2500,4700.2500,12429.2500,12429.2500
2016-09-01,"MA_Crossover(35,44)",4620.0000,4713.0000,1.0000,1.0000,12.7500,12.7500,4713.0000,12442.0000,12442.0000
2016-09-02,"MA_Crossover(35,44)",4617.2500,4710.2500,-1.0000,1.0000,-2.7500,-2.7500,4710.2500,12439.2500,12439.2500
2016-09-05,"MA_Crossover(35,44)",4614.2500,4707.2500,-1.0000,-1.0000,-3.0000,3.0000,-4707.2500,12442.2500,12442.2500
2016-09-06,"MA_Crossover(35,44)",4607.5000,4700.5000,-1.0000,-1.0000,-6.7500,6.7500,-4700.5000,12449.0000,12449.0000
2016-09-07,"MA_Crossover(35,44)",4636.7500,4729.7500,-1.0000,-1.0000,29.2500,-29.2500,-4729.7500,12419.7500,12419.7500
2016-09-08,"MA_Crossover(35,44)",4650.0000,4743.0000,-1.0000,-1.0000,13.2500,-13.2500,-4743.0000,12406.5000,12406.5000
2016-09-09,"MA_Crossover(35,44)",4618.5000,4711.5000,-1.0000,-1.0000,-31.5000,31.5000,-4711.5000,12438.0000,12438.0000
2016-09-12,"MA_Crossover(35,44)",4632.5000,4725.5000,-1.0000,-1.0000,14.0000,-14.0000,-4725.5000,12424.0000,12424.0000
2016-09-13,"MA_Crossover(35,44)",4637.0000,4730.0000,-1.0000,-1.0000,4.5000,-4.5000,-4730.0000,12419.5000,12419.5000
2016-09-14,"MA_Crossover(35,44)",4757.7500,4850.7500,-1.0000,-1.0000,120.7500,-120.7500,-4850.7500,12298.7500,12298.7500
2016-09-15,"MA_Crossover(35,44)",4765.5000,4858.5000,-1.0000,-1.0000,7.7500,-7.7500,-4858.5000,12291.0000,12291.0000
2016-09-16,"MA_Crossover(35,44)",4772.0000,4865.0000,-1.0000,-1.0000,6.5000,-6.5000,-4865.0000,12284.5000,12284.5000
2016-09-19,"MA_Crossover(35,44)",4753.2500,4846.2500,-1.0000,-1.0000,-18.7500,18.7500,-4846.2500,12303.2500,12303.2500
2016-09-20,"MA_Crossover(35,44)",4779.7500,4869.0000,-1.0000,-1.0000,22.7500,-22.7500,-4869.0000,12280.5000,12280.5000
2016-09-21,"MA_Crossover(35,44)",4749.7500,4838.7500,-1.0000,-1.0000,-30.2500,30.2500,-4838.7500,12310.7500,12310.7500
2016-09-22,"MA_Crossover(35,44)",4842.7500,4930.7500,-1.0000,-1.0000,92.0000,-92.0000,-4930.7500,12218.7500,12218.7500
2016-09-23,"MA_Crossover(35,44)",4842.0000,4924.0000,-1.0000,-1.0000,-6.7500,6.7500,-4924.0000,12225.5000,12225.5000
2016-09-26,"MA_Crossover(35,44)",4828.7500,4910.7500,-1.0000,-1.0000,-13.2500,13.2500,-4910.7500,12238.7500,12238.7500
2016-09-27,"MA_Crossover(35,44)",4776.7500,4858.7500,-1.0000,-1.0000,-52.0000,52.0000,-4858.7500,12290.7500,12290.7500
2016-09-28,"MA_Crossover(35,44)",4808.0000,4890.0000,-1.0000,-1.0000,31.2500,-31.2500,-4890.0000,12259.5000,12259.5000
2016-09-29,"MA_Crossover(35,44)",4830.7500,4912.7500,-1.0000,-1.0000,22.7500,-22.7500,-4912.7500,12236.7500,12236.7500
2016-09-30,"MA_Crossover(35,44)",4853.0000,4935.0000,-1.0000,-1.0000,22.2500,-22.2500,-4935.0000,12214.5000,12214.5000
2016-10-03,"MA_Crossover(35,44)",4804.7500,4886.7500,-1.0000,-1.0000,-48.2500,48.2500,-4886.7500,12262.7500,12262.7500
2016-10-04,"MA_Crossover(35,44)",4789.0000,4871.0000,-1.0000,-1.0000,-15.7500,15.7500,-4871.0000,12278.5000,12278.5000
2016-10-05,"MA_Crossover(35,44)",4783.5000,4865.5000,-1.0000,-1.0000,-5.5000,5.5000,-4865.5000,12284.0000,12284.0000
2016-10-06,"MA_Crossover(35,44)",4740.2500,4822.2500,-1.0000,-1.0000,-43.2500,43.2500,-4822.2500,12327.2500,12327.2500
2016-10-07,"MA_Crossover(35,44)",4760.7500,4842.7500,-1.0000,-1.0000,20.5000,-20.5000,-4842.7500,12306.7500,12306.7500
2016-10-10,"MA_Crossover(35,44)",4830.7500,4912.7500,-1.0000,-1.0000,70.0000,-70.0000,-4912.7500,12236.7500,12236.7500
2016-10-11,"MA_Crossover(35,44)",4793.5000,4875.5000,-1.0000,-1.0000,-37.2500,37.2500,-4875.5000,12274.0000,12274.0000
2016-10-12,"MA_Crossover(35,44)",4793.7500,4875.7500,-1.0000,-1.0000,0.2500,-0.2500,-4875.7500,12273.7500,12273.7500
2016-10-13,"MA_Crossover(35,44)",4692.5000,4774.5000,-1.0000,-1.0000,-101.2500,101.2500,-4774.5000,12375.0000,12375.0000
2016-10-14,"MA_Crossover(35,44)",4655.7500,4737.7500,-1.0000,-1.0000,-36.7500,36.7500,-4737.7500,12411.7500,12411.7500
2016-10-17,"MA_Crossover(35,44)",4653.5000,4735.5000,1.0000,-1.0000,-2.2500,2.2500,-4735.5000,12414.0000,12414.0000
2016-10-18,"MA_Crossover(35,44)",4669.2500,4748.5000,1.0000,1.0000,13.0000,13.0000,4748.5000,12427.0000,12427.0000
2016-10-19,"MA_Crossover(35,44)",4660.0000,4739.0000,1.0000,1.0000,-9.5000,-9.5000,4739.0000,12417.5000,12417.5000
2016-10-20,"MA_Crossover(35,44)",4641.0000,4720.0000,1.0000,1.0000,-19.0000,-19.0000,4720.0000,12398.5000,12398.5000
2016-10-21,"MA_Crossover(35,44)",4623.5000,4695.7500,1.0000,1.0000,-24.2500,-24.2500,4695.7500,12374.2500,12374.2500
2016-10-24,"MA_Crossover(35,44)",4626.7500,4699.0000,1.0000,1.0000,3.2500,3.2500,4699.0000,12377.5000,12377.5000
2016-10-25,"MA_Crossover(35,44)",4726.2500,4798.5000,1.0000,1.0000,99.5000,99.5000,4798.5000,12477.0000,12477.0000
2016-10-26,"MA_Crossover(35,44)",4733.7500,4806.0000,1.0000,1.0000,7.5000,7.5000,4806.0000,12484.5000,12484.5000
2016-10-27,"MA_Crossover(35,44)",4783.2500,4855.5000,1.0000,1.0000,49.5000,49.5000,4855.5000,12534.0000,12534.0000
2016-10-28,"MA_Crossover(35,44)",4835.0000,4907.2500,1.0000,1.0000,51.7500,51.7500,4907.2500,12585.7500,12585.7500
2016-10-31,"MA_Crossover(35,44)",4844.2500,4916.5000,1.0000,1.0000,9.2500,9.2500,4916.5000,12595.0000,12595.0000
2016-11-01,"MA_Crossover(35,44)",4911.2500,4983.5000,1.0000,1.0000,67.0000,67.0000,4983.5000,12662.0000,12662.0000
2016-11-02,"MA_Crossover(35,44)",4911.2500,4983.5000,1.0000,1.0000,0.0000,0.0000,4983.5000,12662.0000,12662.0000
2016-11-03,"MA_Crossover(35,44)",4951.0000,5023.2500,1.0000,1.0000,39.7500,39.7500,5023.2500,12701.7500,12701.7500
2016-11-04,"MA_Crossover(35,44)",4980.7500,5053.0000,1.0000,1.0000,29.7500,29.7500,5053.0000,12731.5000,12731.5000
2016-11-07,"MA_Crossover(35,44)",5084.7500,5157.0000,1.0000,1.0000,104.0000,104.0000,5157.0000,12835.5000,12835.5000
2016-11-08,"MA_Crossover(35,44)",5222.2500,5294.5000,1.0000,1.0000,137.5000,137.5000,5294.5000,12973.0000,12973.0000
2016-11-09,"MA_Crossover(35,44)",5400.0000,5472.2500,1.0000,1.0000,177.7500,177.7500,5472.2500,13150.7500,13150.7500
2016-11-10,"MA_Crossover(35,44)",5588.5000,5660.7500,1.0000,1.0000,188.5000,188.5000,5660.7500,13339.2500,13339.2500
2016-11-11,"MA_Crossover(35,44)",5541.2500,5613.5000,1.0000,1.0000,-47.2500,-47.2500,5613.5000,13292.0000,13292.0000
2016-11-14,"MA_Crossover(35,44)",5552.5000,5624.7500,1.0000,1.0000,11.2500,11.2500,5624.7500,13303.2500,13303.2500
2016-11-15,"MA_Crossover(35,44)",5521.0000,5593.2500,1.0000,1.0000,-31.5000,-31.5000,5593.2500,13271.7500,13271.7500
2016-11-16,"MA_Crossover(35,44)",5428.5000,5501.7500,1.0000,1.0000,-91.5000,-91.5000,5501.7500,13180.2500,13180.2500
2016-11-17,"MA_Crossover(35,44)",5489.2500,5563.0000,1.0000,1.0000,61.2500,61.2500,5563.0000,13241.5000,13241.5000
2016-11-18,"MA_Crossover(35,44)",5417.5000,5487.7500,1.0000,1.0000,-75.2500,-75.2500,5487.7500,13166.2500,13166.2500
2016-11-21,"MA_Crossover(35,44)",5552.0000,5622.2500,1.0000,1.0000,134.5000,134.5000,5622.2500,13300.7500,13300.7500
2016-11-22,"MA_Crossover(35,44)",5604.0000,5674.2500,1.0000,1.0000,52.0000,52.0000,5674.2500,13352.7500,13352.7500
2016-11-23,"MA_Crossover(35,44)",5731.5000,5801.7500,1.0000,1.0000,127.5000,127.5000,5801.7500,13480.2500,13480.2500
2016-11-24,"MA_Crossover(35,44)",5858.5000,5928.7500,1.0000,1.0000,127.0000,127.0000,5928.7500,13607.2500,13607.2500
2016-11-25,"MA_Crossover(35,44)",5868.0000,5938.2500,1.0000,1.0000,9.5000,9.5000,5938.2500,13616.7500,13616.7500
2016-11-28,"MA_Crossover(35,44)",5868.2500,5938.5000,1.0000,1.0000,0.2500,0.2500,5938.5000,13617.0000,13617.0000
2016-11-29,"MA_Crossover(35,44)",5692.0000,5762.2500,1.0000,1.0000,-176.2500,-176.2500,5762.2500,13440.7500,13440.7500
2016-11-30,"MA_Crossover(35,44)",5814.2500,5884.5000,1.0000,1.0000,122.2500,122.2500,5884.5000,13563.0000,13563.0000
2016-12-01,"MA_Crossover(35,44)",5783.0000,5853.2500,1.0000,1.0000,-31.2500,-31.2500,5853.2500,13531.7500,13531.7500
2016-12-02,"MA_Crossover(35,44)",5756.0000,5826.2500,1.0000,1.0000,-27.0000,-27.0000,5826.2500,13504.7500,13504.7500
2016-12-05,"MA_Crossover(35,44)",5945.0000,6015.2500,1.0000,1.0000,189.0000,189.0000,6015.2500,13693.7500,13693.7500
2016-12-06,"MA_Crossover(35,44)",5876.2500,5946.5000,1.0000,1.0000,-68.7500,-68.7500,5946.5000,13625.0000,13625.0000
2016-12-07,"MA_Crossover(35,44)",5778.7500,5849.0000,1.0000,1.0000,-97.5000,-97.5000,5849.0000,13527.5000,13527.5000
2016-12-08,"MA_Crossover(35,44)",5778.7500,5849.0000,1.0000,1.0000,0.0000,0.0000,5849.0000,13527.5000,13527.5000
2016-12-09,"MA_Crossover(35,44)",5821.0000,5891.2500,1.0000,1.0000,42.2500,42.2500,5891.2500,13569.7500,13569.7500
2016-12-12,"MA_Crossover(35,44)",5754.5000,5824.7500,1.0000,1.0000,-66.5000,-66.5000,5824.7500,13503.2500,13503.2500
2016-12-13,"MA_Crossover(35,44)",5678.0000,5748.2500,1.0000,1.0000,-76.5000,-76.5000,5748.2500,13426.7500,13426.7500
2016-12-14,"MA_Crossover(35,44)",5715.5000,5785.7500,1.0000,1.0000,37.5000,37.5000,5785.7500,13464.2500,13464.2500
2016-12-15,"MA_Crossover(35,44)",5723.5000,5793.7500,1.0000,1.0000,8.0000,8.0000,5793.7500,13472.2500,13472.2500
2016-12-16,"MA_Crossover(35,44)",5629.7500,5700.0000,1.0000,1.0000,-93.7500,-93.7500,5700.0000,13378.5000,13378.5000
2016-12-19,"MA_Crossover(35,44)",5486.5000,5556.7500,1.0000,1.0000,-143.2500,-143.2500,5556.7500,13235.2500,13235.2500
2016-12-20,"MA_Crossover(35,44)",5493.5000,5567.7500,1.0000,1.0000,11.0000,11.0000,5567.7500,13246.2500,13246.2500
2016-12-21,"MA_Crossover(35,44)",5506.2500,5580.5000,1.0000,1.0000,12.7500,12.7500,5580.5000,13259.0000,13259.0000
2016-12-22,"MA_Crossover(35,44)",5509.2500,5583.5000,1.0000,1.0000,3.0000,3.0000,5583.5000,13262.0000,13262.0000
2016-12-23,"MA_Crossover(35,44)",5460.7500,5530.5000,1.0000,1.0000,-53.0000,-53.0000,5530.5000,13209.0000,13209.0000
2016-12-28,"MA_Crossover(35,44)",5536.2500,5606.0000,1.0000,1.0000,75.5000,75.5000,5606.0000,13284.5000,13284.5000
2016-12-29,"MA_Crossover(35,44)",5476.0000,5545.7500,1.0000,1.0000,-60.2500,-60.2500,5545.7500,13224.2500,13224.2500
2016-12-30,"MA_Crossover(35,44)",5526.0000,5595.7500,1.0000,1.0000,50.0000,50.0000,5595.7500,13274.2500,13274.2500
2017-01-03,"MA_Crossover(35,44)",5489.0000,5558.7500,1.0000,1.0000,-37.0000,-37.0000,5558.7500,13237.2500,13237.2500
2017-01-04,"MA_Crossover(35,44)",5633.5000,5703.2500,1.0000,1.0000,144.5000,144.5000,5703.2500,13381.7500,13381.7500
2017-01-05,"MA_Crossover(35,44)",5565.5000,5635.2500,1.0000,1.0000,-68.0000,-68.0000,5635.2500,13313.7500,13313.7500
2017-01-06,"MA_Crossover(35,44)",5574.7500,5644.5000,1.0000,1.0000,9.2500,9.2500,5644.5000,13323.0000,13323.0000
2017-01-09,"MA_Crossover(35,44)",5574.7500,5644.5000,1.0000,1.0000,0.0000,0.0000,5644.5000,13323.0000,13323.0000
2017-01-10,"MA_Crossover(35,44)",5740.0000,5809.7500,1.0000,1.0000,165.2500,165.2500,5809.7500,13488.2500,13488.2500
2017-01-11,"MA_Crossover(35,44)",5693.5000,5763.2500,1.0000,1.0000,-46.5000,-46.5000,5763.2500,13441.7500,13441.7500
2017-01-12,"MA_Crossover(35,44)",5814.5000,5884.2500,1.0000,1.0000,121.0000,121.0000,5884.2500,13562.7500,13562.7500
2017-01-13,"MA_Crossover(35,44)",5884.2500,5954.0000,1.0000,1.0000,69.7500,69.7500,5954.0000,13632.5000,13632.5000
2017-01-16,"MA_Crossover(35,44)",5843.5000,5913.2500,1.0000,1.0000,-40.7500,-40.7500,5913.2500,13591.7500,13591.7500
2017-01-17,"MA_Crossover(35,44)",5740.2500,5809.7500,1.0000,1.0000,-103.5000,-103.5000,5809.7500,13488.2500,13488.2500
2017-01-18,"MA_Crossover(35,44)",5753.0000,5823.7500,1.0000,1.0000,14.0000,14.0000,5823.7500,13502.2500,13502.2500
2017-01-19,"MA_Crossover(35,44)",5724.0000,5794.7500,1.0000,1.0000,-29.0000,-29.0000,5794.7500,13473.2500,13473.2500
2017-01-20,"MA_Crossover(35,44)",5737.0000,5798.7500,1.0000,1.0000,4.0000,4.0000,5798.7500,13477.2500,13477.2500
2017-01-23,"MA_Crossover(35,44)",5782.0000,5843.7500,-1.0000,1.0000,45.0000,45.0000,5843.7500,13522.2500,13522.2500
2017-01-24,"MA_Crossover(35,44)",5932.0000,5993.7500,-1.0000,-1.0000,150.0000,-150.0000,-5993.7500,13372.2500,13372.2500
2017-01-25,"MA_Crossover(35,44)",5928.7500,5990.5000,-1.0000,-1.0000,-3.2500,3.2500,-5990.5000,13375.5000,13375.5000
2017-01-26,"MA_Crossover(35,44)",5843.7500,5905.5000,-1.0000,-1.0000,-85.0000,85.0000,-5905.5000,13460.5000,13460.5000
2017-01-27,"MA_Crossover(35,44)",5887.5000,5949.2500,-1.0000,-1.0000,43.7500,-43.7500,-5949.2500,13416.7500,13416.7500
2017-01-30,"MA_Crossover(35,44)",5810.5000,5872.2500,-1.0000,-1.0000,-77.0000,77.0000,-5872.2500,13493.7500,13493.7500
2017-01-31,"MA_Crossover(35,44)",5984.2500,6046.0000,-1.0000,-1.0000,173.7500,-173.7500,-6046.0000,13320.0000,13320.0000
2017-02-01,"MA_Crossover(35,44)",5935.0000,5996.7500,-1.0000,-1.0000,-49.2500,49.2500,-5996.7500,13369.2500,13369.2500
2017-02-02,"MA_Crossover(35,44)",5872.0000,5933.7500,-1.0000,-1.0000,-63.0000,63.0000,-5933.7500,13432.2500,13432.2500
2017-02-03,"MA_Crossover(35,44)",5760.2500,5822.0000,-1.0000,-1.0000,-111.7500,111.7500,-5822.0000,13544.0000,13544.0000
2017-02-06,"MA_Crossover(35,44)",5833.7500,5895.5000,-1.0000,-1.0000,73.5000,-73.5000,-5895.5000,13470.5000,13470.5000
2017-02-07,"MA_Crossover(35,44)",5779.0000,5840.7500,-1.0000,-1.0000,-54.7500,54.7500,-5840.7500,13525.2500,13525.2500
2017-02-08,"MA_Crossover(35,44)",5879.5000,5941.2500,-1.0000,-1.0000,100.5000,-100.5000,-5941.2500,13424.7500,13424.7500
2017-02-09,"MA_Crossover(35,44)",5809.5000,5871.2500,1.0000,-1.0000,-70.0000,70.0000,-5871.2500,13494.7500,13494.7500
2017-02-10,"MA_Crossover(35,44)",6083.0000,6144.7500,1.0000,1.0000,273.5000,273.5000,6144.7500,13768.2500,13768.2500
2017-02-13,"MA_Crossover(35,44)",6103.5000,6165.2500,1.0000,1.0000,20.5000,20.5000,6165.2500,13788.7500,13788.7500
2017-02-14,"MA_Crossover(35,44)",6009.2500,6084.0000,1.0000,1.0000,-81.2500,-81.2500,6084.0000,13707.5000,13707.5000
2017-02-15,"MA_Crossover(35,44)",6056.5000,6130.2500,1.0000,1.0000,46.2500,46.2500,6130.2500,13753.7500,13753.7500
2017-02-16,"MA_Crossover(35,44)",5989.0000,6062.7500,1.0000,1.0000,-67.5000,-67.5000,6062.7500,13686.2500,13686.2500
2017-02-17,"MA_Crossover(35,44)",5952.0000,6019.7500,1.0000,1.0000,-43.0000,-43.0000,6019.7500,13643.2500,13643.2500
2017-02-20,"MA_Crossover(35,44)",6065.2500,6133.0000,1.0000,1.0000,113.2500,113.2500,6133.0000,13756.5000,13756.5000
2017-02-21,"MA_Crossover(35,44)",6052.0000,6119.7500,1.0000,1.0000,-13.2500,-13.2500,6119.7500,13743.2500,13743.2500
2017-02-22,"MA_Crossover(35,44)",6031.2500,6099.0000,1.0000,1.0000,-20.7500,-20.7500,6099.0000,13722.5000,13722.5000
2017-02-23,"MA_Crossover(35,44)",5848.7500,5916.5000,1.0000,1.0000,-182.5000,-182.5000,5916.5000,13540.0000,13540.0000
2017-02-24,"MA_Crossover(35,44)",5918.0000,5985.7500,1.0000,1.0000,69.2500,69.2500,5985.7500,13609.2500,13609.2500
2017-02-27,"MA_Crossover(35,44)",5925.0000,5992.7500,1.0000,1.0000,7.0000,7.0000,5992.7500,13616.2500,13616.2500
2017-02-28,"MA_Crossover(35,44)",5965.0000,6032.7500,1.0000,1.0000,40.0000,40.0000,6032.7500,13656.2500,13656.2500
2017-03-01,"MA_Crossover(35,44)",6006.5000,6074.2500,1.0000,1.0000,41.5000,41.5000,6074.2500,13697.7500,13697.7500
2017-03-02,"MA_Crossover(35,44)",5920.0000,5987.7500,1.0000,1.0000,-86.5000,-86.5000,5987.7500,13611.2500,13611.2500
2017-03-03,"MA_Crossover(35,44)",5907.7500,5975.5000,1.0000,1.0000,-12.2500,-12.2500,5975.5000,13599.0000,13599.0000
2017-03-06,"MA_Crossover(35,44)",5845.7500,5913.5000,1.0000,1.0000,-62.0000,-62.0000,5913.5000,13537.0000,13537.0000
2017-03-07,"MA_Crossover(35,44)",5758.0000,5825.7500,1.0000,1.0000,-87.7500,-87.7500,5825.7500,13449.2500,13449.2500
2017-03-08,"MA_Crossover(35,44)",5750.5000,5818.2500,1.0000,1.0000,-7.5000,-7.5000,5818.2500,13441.7500,13441.7500
2017-03-09,"MA_Crossover(35,44)",5674.0000,5741.7500,1.0000,1.0000,-76.5000,-76.5000,5741.7500,13365.2500,13365.2500
2017-03-10,"MA_Crossover(35,44)",5717.0000,5784.7500,1.0000,1.0000,43.0000,43.0000,5784.7500,13408.2500,13408.2500
2017-03-13,"MA_Crossover(35,44)",5776.5000,5844.2500,1.0000,1.0000,59.5000,59.5000,5844.2500,13467.7500,13467.7500
2017-03-14,"MA_Crossover(35,44)",5810.2500,5874.0000,1.0000,1.0000,29.7500,29.7500,5874.0000,13497.5000,13497.5000
2017-03-15,"MA_Crossover(35,44)",5856.0000,5918.5000,1.0000,1.0000,44.5000,44.5000,5918.5000,13542.0000,13542.0000
2017-03-16,"MA_Crossover(35,44)",5901.5000,5963.7500,1.0000,1.0000,45.2500,45.2500,5963.7500,13587.2500,13587.2500
2017-03-17,"MA_Crossover(35,44)",5928.0000,5985.7500,1.0000,1.0000,22.0000,22.0000,5985.7500,13609.2500,13609.2500
2017-03-20,"MA_Crossover(35,44)",5869.0000,5926.7500,1.0000,1.0000,-59.0000,-59.0000,5926.7500,13550.2500,13550.2500
2017-03-21,"MA_Crossover(35,44)",5762.0000,5819.7500,1.0000,1.0000,-107.0000,-107.0000,5819.7500,13443.2500,13443.2500
2017-03-22,"MA_Crossover(35,44)",5795.0000,5852.7500,1.0000,1.0000,33.0000,33.0000,5852.7500,13476.2500,13476.2500
2017-03-23,"MA_Crossover(35,44)",5811.5000,5869.2500,1.0000,1.0000,16.5000,16.5000,5869.2500,13492.7500,13492.7500
2017-03-24,"MA_Crossover(35,44)",5791.0000,5848.7500,1.0000,1.0000,-20.5000,-20.5000,5848.7500,13472.2500,13472.2500
2017-03-27,"MA_Crossover(35,44)",5747.5000,5805.2500,1.0000,1.0000,-43.5000,-43.5000,5805.2500,13428.7500,13428.7500
2017-03-28,"MA_Crossover(35,44)",5861.0000,5918.7500,1.0000,1.0000,113.5000,113.5000,5918.7500,13542.2500,13542.2500
2017-03-29,"MA_Crossover(35,44)",5895.5000,5953.2500,1.0000,1.0000,34.5000,34.5000,5953.2500,13576.7500,13576.7500
2017-03-30,"MA_Crossover(35,44)",5945.0000,6002.7500,1.0000,1.0000,49.5000,49.5000,6002.7500,13626.2500,13626.2500
2017-03-31,"MA_Crossover(35,44)",5824.0000,5881.7500,1.0000,1.0000,-121.0000,-121.0000,5881.7500,13505.2500,13505.2500
2017-04-03,"MA_Crossover(35,44)",5738.2500,5796.0000,-1.0000,1.0000,-85.7500,-85.7500,5796.0000,13419.5000,13419.5000
2017-04-04,"MA_Crossover(35,44)",5762.2500,5820.0000,-1.0000,-1.0000,24.0000,-24.0000,-5820.0000,13395.5000,13395.5000
2017-04-05,"MA_Crossover(35,44)",5875.2500,5933.0000,-1.0000,-1.0000,113.0000,-113.0000,-5933.0000,13282.5000,13282.5000
2017-04-06,"MA_Crossover(35,44)",5834.0000,5891.7500,-1.0000,-1.0000,-41.2500,41.2500,-5891.7500,13323.7500,13323.7500
2017-04-07,"MA_Crossover(35,44)",5805.2500,5863.0000,-1.0000,-1.0000,-28.7500,28.7500,-5863.0000,13352.5000,13352.5000
2017-04-10,"MA_Crossover(35,44)",5715.2500,5773.0000,-1.0000,-1.0000,-90.0000,90.0000,-5773.0000,13442.5000,13442.5000
2017-04-11,"MA_Crossover(35,44)",5739.7500,5797.5000,-1.0000,-1.0000,24.5000,-24.5000,-5797.5000,13418.0000,13418.0000
2017-04-12,"MA_Crossover(35,44)",5600.2500,5658.0000,-1.0000,-1.0000,-139.5000,139.5000,-5658.0000,13557.5000,13557.5000
2017-04-13,"MA_Crossover(35,44)",5660.0000,5717.7500,-1.0000,-1.0000,59.7500,-59.7500,-5717.7500,13497.7500,13497.7500
2017-04-18,"MA_Crossover(35,44)",5553.0000,5607.7500,-1.0000,-1.0000,-110.0000,110.0000,-5607.7500,13607.7500,13607.7500
2017-04-19,"MA_Crossover(35,44)",5537.0000,5591.7500,-1.0000,-1.0000,-16.0000,16.0000,-5591.7500,13623.7500,13623.7500
2017-04-20,"MA_Crossover(35,44)",5606.5000,5660.5000,-1.0000,-1.0000,68.7500,-68.7500,-5660.5000,13555.0000,13555.0000
2017-04-21,"MA_Crossover(35,44)",5604.5000,5647.2500,-1.0000,-1.0000,-13.2500,13.2500,-5647.2500,13568.2500,13568.2500
2017-04-24,"MA_Crossover(35,44)",5634.2500,5677.0000,-1.0000,-1.0000,29.7500,-29.7500,-5677.0000,13538.5000,13538.5000
2017-04-25,"MA_Crossover(35,44)",5686.0000,5728.7500,-1.0000,-1.0000,51.7500,-51.7500,-5728.7500,13486.7500,13486.7500
2017-04-26,"MA_Crossover(35,44)",5696.7500,5739.5000,-1.0000,-1.0000,10.7500,-10.7500,-5739.5000,13476.0000,13476.0000
2017-04-27,"MA_Crossover(35,44)",5674.7500,5717.5000,-1.0000,-1.0000,-22.0000,22.0000,-5717.5000,13498.0000,13498.0000
2017-04-28,"MA_Crossover(35,44)",5715.5000,5758.2500,-1.0000,-1.0000,40.7500,-40.7500,-5758.2500,13457.2500,13457.2500
2017-05-02,"MA_Crossover(35,44)",5775.5000,5818.2500,-1.0000,-1.0000,60.0000,-60.0000,-5818.2500,13397.2500,13397.2500
2017-05-03,"MA_Crossover(35,44)",5574.0000,5616.7500,-1.0000,-1.0000,-201.5000,201.5000,-5616.7500,13598.7500,13598.7500
2017-05-04,"MA_Crossover(35,44)",5521.0000,5563.7500,-1.0000,-1.0000,-53.0000,53.0000,-5563.7500,13651.7500,13651.7500
2017-05-05,"MA_Crossover(35,44)",5565.5000,5608.2500,-1.0000,-1.0000,44.5000,-44.5000,-5608.2500,13607.2500,13607.2500
2017-05-08,"MA_Crossover(35,44)",5465.2500,5508.0000,-1.0000,-1.0000,-100.2500,100.2500,-5508.0000,13707.5000,13707.5000
2017-05-09,"MA_Crossover(35,44)",5489.7500,5532.5000,-1.0000,-1.0000,24.5000,-24.5000,-5532.5000,13683.0000,13683.0000
2017-05-10,"MA_Crossover(35,44)",5478.2500,5521.0000,-1.0000,-1.0000,-11.5000,11.5000,-5521.0000,13694.5000,13694.5000
2017-05-11,"MA_Crossover(35,44)",5521.7500,5564.5000,-1.0000,-1.0000,43.5000,-43.5000,-5564.5000,13651.0000,13651.0000
2017-05-12,"MA_Crossover(35,44)",5539.0000,5581.7500,-1.0000,-1.0000,17.2500,-17.2500,-5581.7500,13633.7500,13633.7500
2017-05-15,"MA_Crossover(35,44)",5593.2500,5636.0000,-1.0000,-1.0000,54.2500,-54.2500,-5636.0000,13579.5000,13579.5000
2017-05-16,"MA_Crossover(35,44)",5598.2500,5641.0000,-1.0000,-1.0000,5.0000,-5.0000,-5641.0000,13574.5000,13574.5000
2017-05-17,"MA_Crossover(35,44)",5600.5000,5643.0000,-1.0000,-1.0000,2.0000,-2.0000,-5643.0000,13572.5000,13572.5000
2017-05-18,"MA_Crossover(35,44)",5572.0000,5613.5000,-1.0000,-1.0000,-29.5000,29.5000,-5613.5000,13602.0000,13602.0000
2017-05-19,"MA_Crossover(35,44)",5676.0000,5712.7500,-1.0000,-1.0000,99.2500,-99.2500,-5712.7500,13502.7500,13502.7500
2017-05-22,"MA_Crossover(35,44)",5698.0000,5734.7500,-1.0000,-1.0000,22.0000,-22.0000,-5734.7500,13480.7500,13480.7500
2017-05-23,"MA_Crossover(35,44)",5705.5000,5742.2500,-1.0000,-1.0000,7.5000,-7.5000,-5742.2500,13473.2500,13473.2500
2017-05-24,"MA_Crossover(35,44)",5673.0000,5709.7500,-1.0000,-1.0000,-32.5000,32.5000,-5709.7500,13505.7500,13505.7500
2017-05-25,"MA_Crossover(35,44)",5715.0000,5751.7500,-1.0000,-1.0000,42.0000,-42.0000,-5751.7500,13463.7500,13463.7500
2017-05-26,"MA_Crossover(35,44)",5646.0000,5682.7500,-1.0000,-1.0000,-69.0000,69.0000,-5682.7500,13532.7500,13532.7500
2017-05-30,"MA_Crossover(35,44)",5640.2500,5677.0000,-1.0000,-1.0000,-5.7500,5.7500,-5677.0000,13538.5000,13538.5000
2017-05-31,"MA_Crossover(35,44)",5665.7500,5702.5000,-1.0000,-1.0000,25.5000,-25.5000,-5702.5000,13513.0000,13513.0000
2017-06-01,"MA_Crossover(35,44)",5683.0000,5719.7500,-1.0000,-1.0000,17.2500,-17.2500,-5719.7500,13495.7500,13495.7500
2017-06-02,"MA_Crossover(35,44)",5648.0000,5684.7500,-1.0000,-1.0000,-35.0000,35.0000,-5684.7500,13530.7500,13530.7500
2017-06-05,"MA_Crossover(35,44)",5606.7500,5643.5000,-1.0000,-1.0000,-41.2500,41.2500,-5643.5000,13572.0000,13572.0000
2017-06-06,"MA_Crossover(35,44)",5594.2500,5631.0000,-1.0000,-1.0000,-12.5000,12.5000,-5631.0000,13584.5000,13584.5000
2017-06-07,"MA_Crossover(35,44)",5599.2500,5636.0000,-1.0000,-1.0000,5.0000,-5.0000,-5636.0000,13579.5000,13579.5000
2017-06-08,"MA_Crossover(35,44)",5709.2500,5746.0000,-1.0000,-1.0000,110.0000,-110.0000,-5746.0000,13469.5000,13469.5000
2017-06-09,"MA_Crossover(35,44)",5784.0000,5820.7500,-1.0000,-1.0000,74.7500,-74.7500,-5820.7500,13394.7500,13394.7500
2017-06-12,"MA_Crossover(35,44)",5748.2500,5785.0000,-1.0000,-1.0000,-35.7500,35.7500,-5785.0000,13430.5000,13430.5000
2017-06-13,"MA_Crossover(35,44)",5690.0000,5726.7500,-1.0000,-1.0000,-58.2500,58.2500,-5726.7500,13488.7500,13488.7500
2017-06-14,"MA_Crossover(35,44)",5672.2500,5709.0000,1.0000,-1.0000,-17.7500,17.7500,-5709.0000,13506.5000,13506.5000
2017-06-15,"MA_Crossover(35,44)",5637.7500,5674.5000,1.0000,1.0000,-34.5000,-34.5000,5674.5000,13472.0000,13472.0000
2017-06-16,"MA_Crossover(35,44)",5639.7500,5676.5000,1.0000,1.0000,2.0000,2.0000,5676.5000,13474.0000,13474.0000
2017-06-19,"MA_Crossover(35,44)",5702.7500,5739.5000,1.0000,1.0000,63.0000,63.0000,5739.5000,13537.0000,13537.0000
2017-06-20,"MA_Crossover(35,44)",5637.5000,5680.5000,-1.0000,1.0000,-59.0000,-59.0000,5680.5000,13478.0000,13478.0000
2017-06-21,"MA_Crossover(35,44)",5724.5000,5767.7500,-1.0000,-1.0000,87.2500,-87.2500,-5767.7500,13390.7500,13390.7500
2017-06-22,"MA_Crossover(35,44)",5727.5000,5769.7500,-1.0000,-1.0000,2.0000,-2.0000,-5769.7500,13388.7500,13388.7500
2017-06-23,"MA_Crossover(35,44)",5785.5000,5819.2500,-1.0000,-1.0000,49.5000,-49.5000,-5819.2500,13339.2500,13339.2500
2017-06-26,"MA_Crossover(35,44)",5777.7500,5811.5000,-1.0000,-1.0000,-7.7500,7.7500,-5811.5000,13347.0000,13347.0000
2017-06-27,"MA_Crossover(35,44)",5842.2500,5876.0000,1.0000,-1.0000,64.5000,-64.5000,-5876.0000,13282.5000,13282.5000
2017-06-28,"MA_Crossover(35,44)",5865.5000,5899.2500,1.0000,1.0000,23.2500,23.2500,5899.2500,13305.7500,13305.7500
2017-06-29,"MA_Crossover(35,44)",5925.2500,5959.0000,1.0000,1.0000,59.7500,59.7500,5959.0000,13365.5000,13365.5000
2017-06-30,"MA_Crossover(35,44)",5923.0000,5956.7500,1.0000,1.0000,-2.2500,-2.2500,5956.7500,13363.2500,13363.2500
2017-07-03,"MA_Crossover(35,44)",5908.7500,5942.5000,1.0000,1.0000,-14.2500,-14.2500,5942.5000,13349.0000,13349.0000
2017-07-04,"MA_Crossover(35,44)",5871.2500,5905.0000,1.0000,1.0000,-37.5000,-37.5000,5905.0000,13311.5000,13311.5000
2017-07-05,"MA_Crossover(35,44)",5818.0000,5851.7500,1.0000,1.0000,-53.2500,-53.2500,5851.7500,13258.2500,13258.2500
2017-07-06,"MA_Crossover(35,44)",5828.0000,5861.7500,1.0000,1.0000,10.0000,10.0000,5861.7500,13268.2500,13268.2500
2017-07-07,"MA_Crossover(35,44)",5806.5000,5840.2500,1.0000,1.0000,-21.5000,-21.5000,5840.2500,13246.7500,13246.7500
2017-07-10,"MA_Crossover(35,44)",5799.0000,5832.7500,1.0000,1.0000,-7.5000,-7.5000,5832.7500,13239.2500,13239.2500
2017-07-11,"MA_Crossover(35,44)",5849.5000,5883.2500,1.0000,1.0000,50.5000,50.5000,5883.2500,13289.7500,13289.7500
2017-07-12,"MA_Crossover(35,44)",5881.0000,5914.7500,1.0000,1.0000,31.5000,31.5000,5914.7500,13321.2500,13321.2500
2017-07-13,"MA_Crossover(35,44)",5854.0000,5887.7500,1.0000,1.0000,-27.0000,-27.0000,5887.7500,13294.2500,13294.2500
2017-07-14,"MA_Crossover(35,44)",5905.2500,5939.0000,1.0000,1.0000,51.2500,51.2500,5939.0000,13345.5000,13345.5000
2017-07-17,"MA_Crossover(35,44)",5971.0000,6004.7500,1.0000,1.0000,65.7500,65.7500,6004.7500,13411.2500,13411.2500
2017-07-18,"MA_Crossover(35,44)",5985.5000,6025.5000,1.0000,1.0000,20.7500,20.7500,6025.5000,13432.0000,13432.0000
2017-07-19,"MA_Crossover(35,44)",5944.0000,5985.2500,1.0000,1.0000,-40.2500,-40.2500,5985.2500,13391.7500,13391.7500
2017-07-20,"MA_Crossover(35,44)",5937.7500,5978.0000,1.0000,1.0000,-7.2500,-7.2500,5978.0000,13384.5000,13384.5000
2017-07-21,"MA_Crossover(35,44)",5983.0000,6010.7500,1.0000,1.0000,32.7500,32.7500,6010.7500,13417.2500,13417.2500
2017-07-24,"MA_Crossover(35,44)",6006.7500,6034.5000,1.0000,1.0000,23.7500,23.7500,6034.5000,13441.0000,13441.0000
2017-07-25,"MA_Crossover(35,44)",6208.0000,6235.7500,1.0000,1.0000,201.2500,201.2500,6235.7500,13642.2500,13642.2500
2017-07-26,"MA_Crossover(35,44)",6307.7500,6335.5000,1.0000,1.0000,99.7500,99.7500,6335.5000,13742.0000,13742.0000
2017-07-27,"MA_Crossover(35,44)",6307.2500,6335.0000,1.0000,1.0000,-0.5000,-0.5000,6335.0000,13741.5000,13741.5000
2017-07-28,"MA_Crossover(35,44)",6302.5000,6330.2500,1.0000,1.0000,-4.7500,-4.7500,6330.2500,13736.7500,13736.7500
2017-07-31,"MA_Crossover(35,44)",6343.2500,6371.0000,1.0000,1.0000,40.7500,40.7500,6371.0000,13777.5000,13777.5000
2017-08-01,"MA_Crossover(35,44)",6320.7500,6348.5000,1.0000,1.0000,-22.5000,-22.5000,6348.5000,13755.0000,13755.0000
2017-08-02,"MA_Crossover(35,44)",6330.2500,6358.0000,1.0000,1.0000,9.5000,9.5000,6358.0000,13764.5000,13764.5000
2017-08-03,"MA_Crossover(35,44)",6331.2500,6359.0000,1.0000,1.0000,1.0000,1.0000,6359.0000,13765.5000,13765.5000
2017-08-04,"MA_Crossover(35,44)",6352.2500,6380.0000,1.0000,1.0000,21.0000,21.0000,6380.0000,13786.5000,13786.5000
2017-08-07,"MA_Crossover(35,44)",6388.2500,6416.0000,1.0000,1.0000,36.0000,36.0000,6416.0000,13822.5000,13822.5000
2017-08-08,"MA_Crossover(35,44)",6455.2500,6483.0000,1.0000,1.0000,67.0000,67.0000,6483.0000,13889.5000,13889.5000
2017-08-09,"MA_Crossover(35,44)",6430.5000,6458.2500,1.0000,1.0000,-24.7500,-24.7500,6458.2500,13864.7500,13864.7500
2017-08-10,"MA_Crossover(35,44)",6395.2500,6423.0000,1.0000,1.0000,-35.2500,-35.2500,6423.0000,13829.5000,13829.5000
2017-08-11,"MA_Crossover(35,44)",6383.5000,6411.2500,1.0000,1.0000,-11.7500,-11.7500,6411.2500,13817.7500,13817.7500
2017-08-14,"MA_Crossover(35,44)",6367.5000,6395.2500,1.0000,1.0000,-16.0000,-16.0000,6395.2500,13801.7500,13801.7500
2017-08-15,"MA_Crossover(35,44)",6359.0000,6385.2500,1.0000,1.0000,-10.0000,-10.0000,6385.2500,13791.7500,13791.7500
2017-08-16,"MA_Crossover(35,44)",6512.5000,6538.2500,1.0000,1.0000,153.0000,153.0000,6538.2500,13944.7500,13944.7500
2017-08-17,"MA_Crossover(35,44)",6470.7500,6496.5000,1.0000,1.0000,-41.7500,-41.7500,6496.5000,13903.0000,13903.0000
2017-08-18,"MA_Crossover(35,44)",6466.7500,6482.0000,1.0000,1.0000,-14.5000,-14.5000,6482.0000,13888.5000,13888.5000
2017-08-21,"MA_Crossover(35,44)",6564.7500,6580.0000,1.0000,1.0000,98.0000,98.0000,6580.0000,13986.5000,13986.5000
2017-08-22,"MA_Crossover(35,44)",6559.2500,6574.5000,1.0000,1.0000,-5.5000,-5.5000,6574.5000,13981.0000,13981.0000
2017-08-23,"MA_Crossover(35,44)",6544.7500,6560.0000,1.0000,1.0000,-14.5000,-14.5000,6560.0000,13966.5000,13966.5000
2017-08-24,"MA_Crossover(35,44)",6667.7500,6683.0000,1.0000,1.0000,123.0000,123.0000,6683.0000,14089.5000,14089.5000
2017-08-25,"MA_Crossover(35,44)",6647.5000,6662.7500,1.0000,1.0000,-20.2500,-20.2500,6662.7500,14069.2500,14069.2500
2017-08-29,"MA_Crossover(35,44)",6772.0000,6787.2500,1.0000,1.0000,124.5000,124.5000,6787.2500,14193.7500,14193.7500
2017-08-30,"MA_Crossover(35,44)",6746.0000,6761.2500,1.0000,1.0000,-26.0000,-26.0000,6761.2500,14167.7500,14167.7500
2017-08-31,"MA_Crossover(35,44)",6763.5000,6778.7500,1.0000,1.0000,17.5000,17.5000,6778.7500,14185.2500,14185.2500
2017-09-01,"MA_Crossover(35,44)",6810.0000,6825.2500,1.0000,1.0000,46.5000,46.5000,6825.2500,14231.7500,14231.7500
2017-09-04,"MA_Crossover(35,44)",6891.2500,6906.5000,1.0000,1.0000,81.2500,81.2500,6906.5000,14313.0000,14313.0000
2017-09-05,"MA_Crossover(35,44)",6873.0000,6888.2500,1.0000,1.0000,-18.2500,-18.2500,6888.2500,14294.7500,14294.7500
2017-09-06,"MA_Crossover(35,44)",6875.5000,6890.7500,1.0000,1.0000,2.5000,2.5000,6890.7500,14297.2500,14297.2500
2017-09-07,"MA_Crossover(35,44)",6870.7500,6886.0000,1.0000,1.0000,-4.7500,-4.7500,6886.0000,14292.5000,14292.5000
2017-09-08,"MA_Crossover(35,44)",6660.2500,6675.5000,1.0000,1.0000,-210.5000,-210.5000,6675.5000,14082.0000,14082.0000
2017-09-11,"MA_Crossover(35,44)",6712.2500,6727.5000,1.0000,1.0000,52.0000,52.0000,6727.5000,14134.0000,14134.0000
2017-09-12,"MA_Crossover(35,44)",6627.2500,6642.5000,1.0000,1.0000,-85.0000,-85.0000,6642.5000,14049.0000,14049.0000
2017-09-13,"MA_Crossover(35,44)",6513.7500,6529.0000,1.0000,1.0000,-113.5000,-113.5000,6529.0000,13935.5000,13935.5000
2017-09-14,"MA_Crossover(35,44)",6457.2500,6472.5000,1.0000,1.0000,-56.5000,-56.5000,6472.5000,13879.0000,13879.0000
2017-09-15,"MA_Crossover(35,44)",6462.5000,6477.7500,1.0000,1.0000,5.2500,5.2500,6477.7500,13884.2500,13884.2500
2017-09-18,"MA_Crossover(35,44)",6474.7500,6490.0000,1.0000,1.0000,12.2500,12.2500,6490.0000,13896.5000,13896.5000
2017-09-19,"MA_Crossover(35,44)",6508.7500,6518.5000,1.0000,1.0000,28.5000,28.5000,6518.5000,13925.0000,13925.0000
2017-09-20,"MA_Crossover(35,44)",6500.0000,6507.2500,1.0000,1.0000,-11.2500,-11.2500,6507.2500,13913.7500,13913.7500
2017-09-21,"MA_Crossover(35,44)",6455.0000,6462.2500,1.0000,1.0000,-45.0000,-45.0000,6462.2500,13868.7500,13868.7500
2017-09-22,"MA_Crossover(35,44)",6430.2500,6424.0000,1.0000,1.0000,-38.2500,-38.2500,6424.0000,13830.5000,13830.5000
2017-09-25,"MA_Crossover(35,44)",6418.2500,6412.0000,1.0000,1.0000,-12.0000,-12.0000,6412.0000,13818.5000,13818.5000
2017-09-26,"MA_Crossover(35,44)",6370.5000,6364.2500,1.0000,1.0000,-47.7500,-47.7500,6364.2500,13770.7500,13770.7500
2017-09-27,"MA_Crossover(35,44)",6405.0000,6398.7500,1.0000,1.0000,34.5000,34.5000,6398.7500,13805.2500,13805.2500
2017-09-28,"MA_Crossover(35,44)",6487.5000,6481.2500,1.0000,1.0000,82.5000,82.5000,6481.2500,13887.7500,13887.7500
2017-09-29,"MA_Crossover(35,44)",6447.2500,6441.0000,1.0000,1.0000,-40.2500,-40.2500,6441.0000,13847.5000,13847.5000
2017-10-02,"MA_Crossover(35,44)",6460.7500,6454.5000,1.0000,1.0000,13.5000,13.5000,6454.5000,13861.0000,13861.0000
2017-10-03,"MA_Crossover(35,44)",6485.2500,6479.0000,1.0000,1.0000,24.5000,24.5000,6479.0000,13885.5000,13885.5000
2017-10-04,"MA_Crossover(35,44)",6486.2500,6480.0000,1.0000,1.0000,1.0000,1.0000,6480.0000,13886.5000,13886.5000
2017-10-05,"MA_Crossover(35,44)",6667.7500,6661.5000,1.0000,1.0000,181.5000,181.5000,6661.5000,14068.0000,14068.0000
2017-10-06,"MA_Crossover(35,44)",6626.0000,6619.7500,1.0000,1.0000,-41.7500,-41.7500,6619.7500,14026.2500,14026.2500
2017-10-09,"MA_Crossover(35,44)",6623.0000,6616.7500,1.0000,1.0000,-3.0000,-3.0000,6616.7500,14023.2500,14023.2500
2017-10-10,"MA_Crossover(35,44)",6712.2500,6706.0000,1.0000,1.0000,89.2500,89.2500,6706.0000,14112.5000,14112.5000
2017-10-11,"MA_Crossover(35,44)",6760.0000,6753.7500,1.0000,1.0000,47.7500,47.7500,6753.7500,14160.2500,14160.2500
2017-10-12,"MA_Crossover(35,44)",6862.5000,6856.2500,1.0000,1.0000,102.5000,102.5000,6856.2500,14262.7500,14262.7500
2017-10-13,"MA_Crossover(35,44)",6859.5000,6853.2500,1.0000,1.0000,-3.0000,-3.0000,6853.2500,14259.7500,14259.7500
2017-10-16,"MA_Crossover(35,44)",7122.0000,7115.7500,1.0000,1.0000,262.5000,262.5000,7115.7500,14522.2500,14522.2500
2017-10-17,"MA_Crossover(35,44)",7001.0000,7014.2500,1.0000,1.0000,-101.5000,-101.5000,7014.2500,14420.7500,14420.7500
2017-10-18,"MA_Crossover(35,44)",6964.5000,6978.7500,1.0000,1.0000,-35.5000,-35.5000,6978.7500,14385.2500,14385.2500
2017-10-19,"MA_Crossover(35,44)",6946.0000,6959.2500,1.0000,1.0000,-19.5000,-19.5000,6959.2500,14365.7500,14365.7500
2017-10-20,"MA_Crossover(35,44)",6929.5000,6928.2500,-1.0000,1.0000,-31.0000,-31.0000,6928.2500,14334.7500,14334.7500
2017-10-23,"MA_Crossover(35,44)",6983.7500,6982.5000,-1.0000,-1.0000,54.2500,-54.2500,-6982.5000,14280.5000,14280.5000
2017-10-24,"MA_Crossover(35,44)",7015.7500,7014.5000,-1.0000,-1.0000,32.0000,-32.0000,-7014.5000,14248.5000,14248.5000
2017-10-25,"MA_Crossover(35,44)",6991.2500,6990.0000,-1.0000,-1.0000,-24.5000,24.5000,-6990.0000,14273.0000,14273.0000
2017-10-26,"MA_Crossover(35,44)",6967.0000,6965.7500,-1.0000,-1.0000,-24.2500,24.2500,-6965.7500,14297.2500,14297.2500
2017-10-27,"MA_Crossover(35,44)",6808.5000,6807.2500,-1.0000,-1.0000,-158.5000,158.5000,-6807.2500,14455.7500,14455.7500
2017-10-30,"MA_Crossover(35,44)",6846.5000,6845.2500,-1.0000,-1.0000,38.0000,-38.0000,-6845.2500,14417.7500,14417.7500
2017-10-31,"MA_Crossover(35,44)",6822.7500,6821.5000,-1.0000,-1.0000,-23.7500,23.7500,-6821.5000,14441.5000,14441.5000
2017-11-01,"MA_Crossover(35,44)",6905.7500,6904.5000,-1.0000,-1.0000,83.0000,-83.0000,-6904.5000,14358.5000,14358.5000
2017-11-02,"MA_Crossover(35,44)",6904.0000,6902.7500,-1.0000,-1.0000,-1.7500,1.7500,-6902.7500,14360.2500,14360.2500
2017-11-03,"MA_Crossover(35,44)",6870.0000,6868.7500,1.0000,-1.0000,-34.0000,34.0000,-6868.7500,14394.2500,14394.2500
2017-11-06,"MA_Crossover(35,44)",6942.5000,6941.2500,1.0000,1.0000,72.5000,72.5000,6941.2500,14466.7500,14466.7500
2017-11-07,"MA_Crossover(35,44)",6797.2500,6796.0000,1.0000,1.0000,-145.2500,-145.2500,6796.0000,14321.5000,14321.5000
2017-11-08,"MA_Crossover(35,44)",6829.0000,6827.7500,1.0000,1.0000,31.7500,31.7500,6827.7500,14353.2500,14353.2500
2017-11-09,"MA_Crossover(35,44)",6779.0000,6777.7500,1.0000,1.0000,-50.0000,-50.0000,6777.7500,14303.2500,14303.2500
2017-11-10,"MA_Crossover(35,44)",6754.0000,6752.7500,1.0000,1.0000,-25.0000,-25.0000,6752.7500,14278.2500,14278.2500
2017-11-13,"MA_Crossover(35,44)",6860.7500,6859.5000,1.0000,1.0000,106.7500,106.7500,6859.5000,14385.0000,14385.0000
2017-11-14,"MA_Crossover(35,44)",6736.5000,6732.0000,1.0000,1.0000,-127.5000,-127.5000,6732.0000,14257.5000,14257.5000
2017-11-15,"MA_Crossover(35,44)",6752.0000,6746.5000,1.0000,1.0000,14.5000,14.5000,6746.5000,14272.0000,14272.0000
2017-11-16,"MA_Crossover(35,44)",6716.0000,6710.5000,1.0000,1.0000,-36.0000,-36.0000,6710.5000,14236.0000,14236.0000
2017-11-17,"MA_Crossover(35,44)",6756.5000,6741.0000,1.0000,1.0000,30.5000,30.5000,6741.0000,14266.5000,14266.5000
2017-11-20,"MA_Crossover(35,44)",6808.5000,6793.0000,1.0000,1.0000,52.0000,52.0000,6793.0000,14318.5000,14318.5000
2017-11-21,"MA_Crossover(35,44)",6888.5000,6873.0000,1.0000,1.0000,80.0000,80.0000,6873.0000,14398.5000,14398.5000
2017-11-22,"MA_Crossover(35,44)",6933.5000,6918.0000,1.0000,1.0000,45.0000,45.0000,6918.0000,14443.5000,14443.5000
2017-11-23,"MA_Crossover(35,44)",6945.5000,6930.0000,1.0000,1.0000,12.0000,12.0000,6930.0000,14455.5000,14455.5000
2017-11-24,"MA_Crossover(35,44)",6986.0000,6970.5000,1.0000,1.0000,40.5000,40.5000,6970.5000,14496.0000,14496.0000
2017-11-27,"MA_Crossover(35,44)",6921.5000,6906.0000,1.0000,1.0000,-64.5000,-64.5000,6906.0000,14431.5000,14431.5000
2017-11-28,"MA_Crossover(35,44)",6782.7500,6767.2500,1.0000,1.0000,-138.7500,-138.7500,6767.2500,14292.7500,14292.7500
2017-11-29,"MA_Crossover(35,44)",6737.5000,6722.0000,1.0000,1.0000,-45.2500,-45.2500,6722.0000,14247.5000,14247.5000
2017-11-30,"MA_Crossover(35,44)",6739.5000,6724.0000,1.0000,1.0000,2.0000,2.0000,6724.0000,14249.5000,14249.5000
2017-12-01,"MA_Crossover(35,44)",6811.7500,6796.2500,1.0000,1.0000,72.2500,72.2500,6796.2500,14321.7500,14321.7500
2017-12-04,"MA_Crossover(35,44)",6803.7500,6788.2500,1.0000,1.0000,-8.0000,-8.0000,6788.2500,14313.7500,14313.7500
2017-12-05,"MA_Crossover(35,44)",6519.0000,6503.5000,1.0000,1.0000,-284.7500,-284.7500,6503.5000,14029.0000,14029.0000
2017-12-06,"MA_Crossover(35,44)",6525.5000,6510.0000,1.0000,1.0000,6.5000,6.5000,6510.0000,14035.5000,14035.5000
2017-12-07,"MA_Crossover(35,44)",6536.5000,6521.0000,-1.0000,1.0000,11.0000,11.0000,6521.0000,14046.5000,14046.5000
2017-12-08,"MA_Crossover(35,44)",6542.7500,6527.2500,-1.0000,-1.0000,6.2500,-6.2500,-6527.2500,14040.2500,14040.2500
2017-12-11,"MA_Crossover(35,44)",6640.2500,6624.7500,-1.0000,-1.0000,97.5000,-97.5000,-6624.7500,13942.7500,13942.7500
2017-12-12,"MA_Crossover(35,44)",6632.0000,6616.5000,-1.0000,-1.0000,-8.2500,8.2500,-6616.5000,13951.0000,13951.0000
2017-12-13,"MA_Crossover(35,44)",6696.2500,6680.7500,-1.0000,-1.0000,64.2500,-64.2500,-6680.7500,13886.7500,13886.7500
2017-12-14,"MA_Crossover(35,44)",6762.0000,6746.5000,-1.0000,-1.0000,65.7500,-65.7500,-6746.5000,13821.0000,13821.0000
2017-12-15,"MA_Crossover(35,44)",6855.2500,6839.7500,-1.0000,-1.0000,93.2500,-93.2500,-6839.7500,13727.7500,13727.7500
2017-12-18,"MA_Crossover(35,44)",6874.2500,6858.7500,-1.0000,-1.0000,19.0000,-19.0000,-6858.7500,13708.7500,13708.7500
2017-12-19,"MA_Crossover(35,44)",6919.7500,6908.0000,-1.0000,-1.0000,49.2500,-49.2500,-6908.0000,13659.5000,13659.5000
2017-12-20,"MA_Crossover(35,44)",7016.7500,7007.0000,-1.0000,-1.0000,99.0000,-99.0000,-7007.0000,13560.5000,13560.5000
2017-12-21,"MA_Crossover(35,44)",7058.5000,7049.0000,-1.0000,-1.0000,42.0000,-42.0000,-7049.0000,13518.5000,13518.5000
2017-12-22,"MA_Crossover(35,44)",7100.5000,7076.0000,-1.0000,-1.0000,27.0000,-27.0000,-7076.0000,13491.5000,13491.5000
2017-12-27,"MA_Crossover(35,44)",7217.7500,7193.2500,-1.0000,-1.0000,117.2500,-117.2500,-7193.2500,13374.2500,13374.2500
2017-12-28,"MA_Crossover(35,44)",7264.7500,7240.2500,-1.0000,-1.0000,47.0000,-47.0000,-7240.2500,13327.2500,13327.2500
2017-12-29,"MA_Crossover(35,44)",7219.0000,7194.5000,-1.0000,-1.0000,-45.7500,45.7500,-7194.5000,13373.0000,13373.0000
2018-01-02,"MA_Crossover(35,44)",7173.2500,7148.7500,-1.0000,-1.0000,-45.7500,45.7500,-7148.7500,13418.7500,13418.7500
2018-01-03,"MA_Crossover(35,44)",7112.5000,7088.0000,1.0000,-1.0000,-60.7500,60.7500,-7088.0000,13479.5000,13479.5000
2018-01-04,"MA_Crossover(35,44)",7154.2500,7129.7500,1.0000,1.0000,41.7500,41.7500,7129.7500,13521.2500,13521.2500
2018-01-05,"MA_Crossover(35,44)",7087.0000,7062.5000,1.0000,1.0000,-67.2500,-67.2500,7062.5000,13454.0000,13454.0000
2018-01-08,"MA_Crossover(35,44)",7087.0000,7062.5000,1.0000,1.0000,0.0000,0.0000,7062.5000,13454.0000,13454.0000
2018-01-09,"MA_Crossover(35,44)",7065.0000,7040.5000,1.0000,1.0000,-22.0000,-22.0000,7040.5000,13432.0000,13432.0000
2018-01-10,"MA_Crossover(35,44)",7116.7500,7092.2500,1.0000,1.0000,51.7500,51.7500,7092.2500,13483.7500,13483.7500
2018-01-11,"MA_Crossover(35,44)",7103.5000,7079.0000,1.0000,1.0000,-13.2500,-13.2500,7079.0000,13470.5000,13470.5000
2018-01-12,"MA_Crossover(35,44)",7074.7500,7050.2500,1.0000,1.0000,-28.7500,-28.7500,7050.2500,13441.7500,13441.7500
2018-01-15,"MA_Crossover(35,44)",7181.2500,7156.7500,1.0000,1.0000,106.5000,106.5000,7156.7500,13548.2500,13548.2500
2018-01-16,"MA_Crossover(35,44)",7052.7500,7035.2500,1.0000,1.0000,-121.5000,-121.5000,7035.2500,13426.7500,13426.7500
2018-01-17,"MA_Crossover(35,44)",7008.2500,6990.7500,1.0000,1.0000,-44.5000,-44.5000,6990.7500,13382.2500,13382.2500
2018-01-18,"MA_Crossover(35,44)",7049.5000,7033.0000,1.0000,1.0000,42.2500,42.2500,7033.0000,13424.5000,13424.5000
2018-01-19,"MA_Crossover(35,44)",7016.7500,6987.2500,1.0000,1.0000,-45.7500,-45.7500,6987.2500,13378.7500,13378.7500
2018-01-22,"MA_Crossover(35,44)",7042.5000,7013.0000,1.0000,1.0000,25.7500,25.7500,7013.0000,13404.5000,13404.5000
2018-01-23,"MA_Crossover(35,44)",6900.5000,6871.0000,1.0000,1.0000,-142.0000,-142.0000,6871.0000,13262.5000,13262.5000
2018-01-24,"MA_Crossover(35,44)",7128.0000,7098.5000,1.0000,1.0000,227.5000,227.5000,7098.5000,13490.0000,13490.0000
2018-01-25,"MA_Crossover(35,44)",7115.7500,7086.2500,1.0000,1.0000,-12.2500,-12.2500,7086.2500,13477.7500,13477.7500
2018-01-26,"MA_Crossover(35,44)",7059.5000,7030.0000,1.0000,1.0000,-56.2500,-56.2500,7030.0000,13421.5000,13421.5000
2018-01-29,"MA_Crossover(35,44)",7056.0000,7026.5000,1.0000,1.0000,-3.5000,-3.5000,7026.5000,13418.0000,13418.0000
2018-01-30,"MA_Crossover(35,44)",7023.5000,6994.0000,1.0000,1.0000,-32.5000,-32.5000,6994.0000,13385.5000,13385.5000
2018-01-31,"MA_Crossover(35,44)",7091.2500,7061.7500,1.0000,1.0000,67.7500,67.7500,7061.7500,13453.2500,13453.2500
2018-02-01,"MA_Crossover(35,44)",7089.0000,7059.5000,1.0000,1.0000,-2.2500,-2.2500,7059.5000,13451.0000,13451.0000
2018-02-02,"MA_Crossover(35,44)",7015.5000,6986.0000,1.0000,1.0000,-73.5000,-73.5000,6986.0000,13377.5000,13377.5000
2018-02-05,"MA_Crossover(35,44)",7139.2500,7109.7500,1.0000,1.0000,123.7500,123.7500,7109.7500,13501.2500,13501.2500
2018-02-06,"MA_Crossover(35,44)",7041.7500,7012.2500,1.0000,1.0000,-97.5000,-97.5000,7012.2500,13403.7500,13403.7500
2018-02-07,"MA_Crossover(35,44)",6845.0000,6815.5000,1.0000,1.0000,-196.7500,-196.7500,6815.5000,13207.0000,13207.0000
2018-02-08,"MA_Crossover(35,44)",6811.2500,6781.7500,1.0000,1.0000,-33.7500,-33.7500,6781.7500,13173.2500,13173.2500
2018-02-09,"MA_Crossover(35,44)",6719.7500,6690.2500,1.0000,1.0000,-91.5000,-91.5000,6690.2500,13081.7500,13081.7500
2018-02-12,"MA_Crossover(35,44)",6795.0000,6765.5000,1.0000,1.0000,75.2500,75.2500,6765.5000,13157.0000,13157.0000
2018-02-13,"MA_Crossover(35,44)",6951.2500,6921.7500,1.0000,1.0000,156.2500,156.2500,6921.7500,13313.2500,13313.2500
2018-02-14,"MA_Crossover(35,44)",7125.7500,7096.2500,1.0000,1.0000,174.5000,174.5000,7096.2500,13487.7500,13487.7500
2018-02-15,"MA_Crossover(35,44)",7143.7500,7114.2500,1.0000,1.0000,18.0000,18.0000,7114.2500,13505.7500,13505.7500
2018-02-16,"MA_Crossover(35,44)",7192.0000,7162.5000,1.0000,1.0000,48.2500,48.2500,7162.5000,13554.0000,13554.0000
2018-02-19,"MA_Crossover(35,44)",7076.5000,7047.0000,-1.0000,1.0000,-115.5000,-115.5000,7047.0000,13438.5000,13438.5000
2018-02-20,"MA_Crossover(35,44)",7063.2500,7032.0000,-1.0000,-1.0000,-15.0000,15.0000,-7032.0000,13453.5000,13453.5000
2018-02-21,"MA_Crossover(35,44)",7092.5000,7061.0000,-1.0000,-1.0000,29.0000,-29.0000,-7061.0000,13424.5000,13424.5000
2018-02-22,"MA_Crossover(35,44)",7137.0000,7104.5000,-1.0000,-1.0000,43.5000,-43.5000,-7104.5000,13381.0000,13381.0000
2018-02-23,"MA_Crossover(35,44)",7069.2500,7023.7500,-1.0000,-1.0000,-80.7500,80.7500,-7023.7500,13461.7500,13461.7500
2018-02-26,"MA_Crossover(35,44)",7083.7500,7038.2500,-1.0000,-1.0000,14.5000,-14.5000,-7038.2500,13447.2500,13447.2500
2018-02-27,"MA_Crossover(35,44)",6993.2500,6947.7500,-1.0000,-1.0000,-90.5000,90.5000,-6947.7500,13537.7500,13537.7500
2018-02-28,"MA_Crossover(35,44)",6903.5000,6858.0000,-1.0000,-1.0000,-89.7500,89.7500,-6858.0000,13627.5000,13627.5000
2018-03-01,"MA_Crossover(35,44)",6894.5000,6849.0000,-1.0000,-1.0000,-9.0000,9.0000,-6849.0000,13636.5000,13636.5000
2018-03-02,"MA_Crossover(35,44)",6871.0000,6825.5000,-1.0000,-1.0000,-23.5000,23.5000,-6825.5000,13660.0000,13660.0000
2018-03-05,"MA_Crossover(35,44)",6880.7500,6835.2500,-1.0000,-1.0000,9.7500,-9.7500,-6835.2500,13650.2500,13650.2500
2018-03-06,"MA_Crossover(35,44)",6972.2500,6926.7500,-1.0000,-1.0000,91.5000,-91.5000,-6926.7500,13558.7500,13558.7500
2018-03-07,"MA_Crossover(35,44)",6916.7500,6871.2500,-1.0000,-1.0000,-55.5000,55.5000,-6871.2500,13614.2500,13614.2500
2018-03-08,"MA_Crossover(35,44)",6801.7500,6756.2500,-1.0000,-1.0000,-115.0000,115.0000,-6756.2500,13729.2500,13729.2500
2018-03-09,"MA_Crossover(35,44)",6934.0000,6888.5000,-1.0000,-1.0000,132.2500,-132.2500,-6888.5000,13597.0000,13597.0000
2018-03-12,"MA_Crossover(35,44)",6878.0000,6832.5000,-1.0000,-1.0000,-56.0000,56.0000,-6832.5000,13653.0000,13653.0000
2018-03-13,"MA_Crossover(35,44)",6913.2500,6867.7500,-1.0000,-1.0000,35.2500,-35.2500,-6867.7500,13617.7500,13617.7500
2018-03-14,"MA_Crossover(35,44)",6953.7500,6908.2500,-1.0000,-1.0000,40.5000,-40.5000,-6908.2500,13577.2500,13577.2500
2018-03-15,"MA_Crossover(35,44)",6884.0000,6838.5000,-1.0000,-1.0000,-69.7500,69.7500,-6838.5000,13647.0000,13647.0000
2018-03-16,"MA_Crossover(35,44)",6858.2500,6812.7500,-1.0000,-1.0000,-25.7500,25.7500,-6812.7500,13672.7500,13672.7500
2018-03-19,"MA_Crossover(35,44)",6819.5000,6774.0000,-1.0000,-1.0000,-38.7500,38.7500,-6774.0000,13711.5000,13711.5000
2018-03-20,"MA_Crossover(35,44)",6733.0000,6688.0000,-1.0000,-1.0000,-86.0000,86.0000,-6688.0000,13797.5000,13797.5000
2018-03-21,"MA_Crossover(35,44)",6772.5000,6728.5000,-1.0000,-1.0000,40.5000,-40.5000,-6728.5000,13757.0000,13757.0000
2018-03-22,"MA_Crossover(35,44)",6671.5000,6629.0000,-1.0000,-1.0000,-99.5000,99.5000,-6629.0000,13856.5000,13856.5000
2018-03-23,"MA_Crossover(35,44)",6637.7500,6582.7500,-1.0000,-1.0000,-46.2500,46.2500,-6582.7500,13902.7500,13902.7500
2018-03-26,"MA_Crossover(35,44)",6576.5000,6521.5000,-1.0000,-1.0000,-61.2500,61.2500,-6521.5000,13964.0000,13964.0000
2018-03-27,"MA_Crossover(35,44)",6623.5000,6568.5000,-1.0000,-1.0000,47.0000,-47.0000,-6568.5000,13917.0000,13917.0000
2018-03-28,"MA_Crossover(35,44)",6641.5000,6586.5000,-1.0000,-1.0000,18.0000,-18.0000,-6586.5000,13899.0000,13899.0000
2018-03-29,"MA_Crossover(35,44)",6690.2500,6635.2500,-1.0000,-1.0000,48.7500,-48.7500,-6635.2500,13850.2500,13850.2500
2018-04-03,"MA_Crossover(35,44)",6772.2500,6717.2500,-1.0000,-1.0000,82.0000,-82.0000,-6717.2500,13768.2500,13768.2500
2018-04-04,"MA_Crossover(35,44)",6699.7500,6644.7500,-1.0000,-1.0000,-72.5000,72.5000,-6644.7500,13840.7500,13840.7500
2018-04-05,"MA_Crossover(35,44)",6789.2500,6734.2500,-1.0000,-1.0000,89.5000,-89.5000,-6734.2500,13751.2500,13751.2500
2018-04-06,"MA_Crossover(35,44)",6738.0000,6683.0000,-1.0000,-1.0000,-51.2500,51.2500,-6683.0000,13802.5000,13802.5000
2018-04-09,"MA_Crossover(35,44)",6797.7500,6742.7500,-1.0000,-1.0000,59.7500,-59.7500,-6742.7500,13742.7500,13742.7500
2018-04-10,"MA_Crossover(35,44)",6914.7500,6859.7500,-1.0000,-1.0000,117.0000,-117.0000,-6859.7500,13625.7500,13625.7500
2018-04-11,"MA_Crossover(35,44)",6918.2500,6863.2500,-1.0000,-1.0000,3.5000,-3.5000,-6863.2500,13622.2500,13622.2500
2018-04-12,"MA_Crossover(35,44)",6789.2500,6734.2500,-1.0000,-1.0000,-129.0000,129.0000,-6734.2500,13751.2500,13751.2500
2018-04-13,"MA_Crossover(35,44)",6797.2500,6742.2500,-1.0000,-1.0000,8.0000,-8.0000,-6742.2500,13743.2500,13743.2500
2018-04-16,"MA_Crossover(35,44)",6876.2500,6821.2500,-1.0000,-1.0000,79.0000,-79.0000,-6821.2500,13664.2500,13664.2500
2018-04-17,"MA_Crossover(35,44)",6850.0000,6799.5000,-1.0000,-1.0000,-21.7500,21.7500,-6799.5000,13686.0000,13686.0000
2018-04-18,"MA_Crossover(35,44)",6998.2500,6946.5000,-1.0000,-1.0000,147.0000,-147.0000,-6946.5000,13539.0000,13539.0000
2018-04-19,"MA_Crossover(35,44)",6960.5000,6910.5000,-1.0000,-1.0000,-36.0000,36.0000,-6910.5000,13575.0000,13575.0000
2018-04-20,"MA_Crossover(35,44)",6968.5000,6903.5000,-1.0000,-1.0000,-7.0000,7.0000,-6903.5000,13582.0000,13582.0000
2018-04-23,"MA_Crossover(35,44)",6916.5000,6851.5000,-1.0000,-1.0000,-52.0000,52.0000,-6851.5000,13634.0000,13634.0000
2018-04-24,"MA_Crossover(35,44)",6986.5000,6921.5000,-1.0000,-1.0000,70.0000,-70.0000,-6921.5000,13564.0000,13564.0000
2018-04-25,"MA_Crossover(35,44)",6984.7500,6919.7500,-1.0000,-1.0000,-1.7500,1.7500,-6919.7500,13565.7500,13565.7500
2018-04-26,"MA_Crossover(35,44)",6940.5000,6875.5000,-1.0000,-1.0000,-44.2500,44.2500,-6875.5000,13610.0000,13610.0000
2018-04-27,"MA_Crossover(35,44)",6769.2500,6704.2500,-1.0000,-1.0000,-171.2500,171.2500,-6704.2500,13781.2500,13781.2500
2018-04-30,"MA_Crossover(35,44)",6779.0000,6714.0000,-1.0000,-1.0000,9.7500,-9.7500,-6714.0000,13771.5000,13771.5000
2018-05-01,"MA_Crossover(35,44)",6716.2500,6651.2500,-1.0000,-1.0000,-62.7500,62.7500,-6651.2500,13834.2500,13834.2500
2018-05-02,"MA_Crossover(35,44)",6792.5000,6727.5000,-1.0000,-1.0000,76.2500,-76.2500,-6727.5000,13758.0000,13758.0000
2018-05-03,"MA_Crossover(35,44)",6796.2500,6731.2500,-1.0000,-1.0000,3.7500,-3.7500,-6731.2500,13754.2500,13754.2500
2018-05-04,"MA_Crossover(35,44)",6794.5000,6729.5000,-1.0000,-1.0000,-1.7500,1.7500,-6729.5000,13756.0000,13756.0000
2018-05-08,"MA_Crossover(35,44)",6712.2500,6647.2500,-1.0000,-1.0000,-82.2500,82.2500,-6647.2500,13838.2500,13838.2500
2018-05-09,"MA_Crossover(35,44)",6778.0000,6713.0000,-1.0000,-1.0000,65.7500,-65.7500,-6713.0000,13772.5000,13772.5000
2018-05-10,"MA_Crossover(35,44)",6885.5000,6820.5000,-1.0000,-1.0000,107.5000,-107.5000,-6820.5000,13665.0000,13665.0000
2018-05-11,"MA_Crossover(35,44)",6909.2500,6844.2500,-1.0000,-1.0000,23.7500,-23.7500,-6844.2500,13641.2500,13641.2500
2018-05-14,"MA_Crossover(35,44)",6856.2500,6791.2500,-1.0000,-1.0000,-53.0000,53.0000,-6791.2500,13694.2500,13694.2500
2018-05-15,"MA_Crossover(35,44)",6786.0000,6725.5000,-1.0000,-1.0000,-65.7500,65.7500,-6725.5000,13760.0000,13760.0000
2018-05-16,"MA_Crossover(35,44)",6808.0000,6747.0000,1.0000,-1.0000,21.5000,-21.5000,-6747.0000,13738.5000,13738.5000
2018-05-17,"MA_Crossover(35,44)",6864.0000,6802.0000,1.0000,1.0000,55.0000,55.0000,6802.0000,13793.5000,13793.5000
2018-05-18,"MA_Crossover(35,44)",6837.2500,6765.2500,1.0000,1.0000,-36.7500,-36.7500,6765.2500,13756.7500,13756.7500
2018-05-21,"MA_Crossover(35,44)",6858.2500,6786.2500,1.0000,1.0000,21.0000,21.0000,6786.2500,13777.7500,13777.7500
2018-05-22,"MA_Crossover(35,44)",6963.5000,6891.5000,1.0000,1.0000,105.2500,105.2500,6891.5000,13883.0000,13883.0000
2018-05-23,"MA_Crossover(35,44)",6853.0000,6781.0000,1.0000,1.0000,-110.5000,-110.5000,6781.0000,13772.5000,13772.5000
2018-05-24,"MA_Crossover(35,44)",6866.0000,6794.0000,1.0000,1.0000,13.0000,13.0000,6794.0000,13785.5000,13785.5000
2018-05-25,"MA_Crossover(35,44)",6872.2500,6800.2500,1.0000,1.0000,6.2500,6.2500,6800.2500,13791.7500,13791.7500
2018-05-29,"MA_Crossover(35,44)",6852.0000,6780.0000,1.0000,1.0000,-20.2500,-20.2500,6780.0000,13771.5000,13771.5000
2018-05-30,"MA_Crossover(35,44)",6836.5000,6764.5000,1.0000,1.0000,-15.5000,-15.5000,6764.5000,13756.0000,13756.0000
2018-05-31,"MA_Crossover(35,44)",6847.5000,6775.5000,1.0000,1.0000,11.0000,11.0000,6775.5000,13767.0000,13767.0000
2018-06-01,"MA_Crossover(35,44)",6888.7500,6816.7500,1.0000,1.0000,41.2500,41.2500,6816.7500,13808.2500,13808.2500
2018-06-04,"MA_Crossover(35,44)",6978.7500,6906.7500,1.0000,1.0000,90.0000,90.0000,6906.7500,13898.2500,13898.2500
2018-06-05,"MA_Crossover(35,44)",7100.7500,7028.7500,1.0000,1.0000,122.0000,122.0000,7028.7500,14020.2500,14020.2500
2018-06-06,"MA_Crossover(35,44)",7216.2500,7144.2500,1.0000,1.0000,115.5000,115.5000,7144.2500,14135.7500,14135.7500
2018-06-07,"MA_Crossover(35,44)",7334.0000,7262.0000,1.0000,1.0000,117.7500,117.7500,7262.0000,14253.5000,14253.5000
2018-06-08,"MA_Crossover(35,44)",7326.5000,7254.5000,1.0000,1.0000,-7.5000,-7.5000,7254.5000,14246.0000,14246.0000
2018-06-11,"MA_Crossover(35,44)",7259.0000,7187.0000,1.0000,1.0000,-67.5000,-67.5000,7187.0000,14178.5000,14178.5000
2018-06-12,"MA_Crossover(35,44)",7213.5000,7141.5000,1.0000,1.0000,-45.5000,-45.5000,7141.5000,14133.0000,14133.0000
2018-06-13,"MA_Crossover(35,44)",7255.2500,7183.2500,1.0000,1.0000,41.7500,41.7500,7183.2500,14174.7500,14174.7500
2018-06-14,"MA_Crossover(35,44)",7174.5000,7102.5000,1.0000,1.0000,-80.7500,-80.7500,7102.5000,14094.0000,14094.0000
2018-06-15,"MA_Crossover(35,44)",7019.5000,6947.5000,1.0000,1.0000,-155.0000,-155.0000,6947.5000,13939.0000,13939.0000
2018-06-18,"MA_Crossover(35,44)",6971.0000,6899.0000,-1.0000,1.0000,-48.5000,-48.5000,6899.0000,13890.5000,13890.5000
2018-06-19,"MA_Crossover(35,44)",6838.5000,6773.0000,1.0000,-1.0000,-126.0000,126.0000,-6773.0000,14016.5000,14016.5000
2018-06-20,"MA_Crossover(35,44)",6774.7500,6708.7500,1.0000,1.0000,-64.2500,-64.2500,6708.7500,13952.2500,13952.2500
2018-06-21,"MA_Crossover(35,44)",6797.5000,6727.5000,1.0000,1.0000,18.7500,18.7500,6727.5000,13971.0000,13971.0000
2018-06-22,"MA_Crossover(35,44)",6798.5000,6737.0000,1.0000,1.0000,9.5000,9.5000,6737.0000,13980.5000,13980.5000
2018-06-25,"MA_Crossover(35,44)",6760.0000,6698.5000,1.0000,1.0000,-38.5000,-38.5000,6698.5000,13942.0000,13942.0000
2018-06-26,"MA_Crossover(35,44)",6727.5000,6666.0000,1.0000,1.0000,-32.5000,-32.5000,6666.0000,13909.5000,13909.5000
2018-06-27,"MA_Crossover(35,44)",6706.5000,6645.0000,1.0000,1.0000,-21.0000,-21.0000,6645.0000,13888.5000,13888.5000
2018-06-28,"MA_Crossover(35,44)",6640.5000,6579.0000,1.0000,1.0000,-66.0000,-66.0000,6579.0000,13822.5000,13822.5000
2018-06-29,"MA_Crossover(35,44)",6638.0000,6576.5000,1.0000,1.0000,-2.5000,-2.5000,6576.5000,13820.0000,13820.0000
2018-07-02,"MA_Crossover(35,44)",6536.0000,6474.5000,1.0000,1.0000,-102.0000,-102.0000,6474.5000,13718.0000,13718.0000
2018-07-03,"MA_Crossover(35,44)",6498.2500,6436.7500,1.0000,1.0000,-37.7500,-37.7500,6436.7500,13680.2500,13680.2500
2018-07-04,"MA_Crossover(35,44)",6396.7500,6335.2500,1.0000,1.0000,-101.5000,-101.5000,6335.2500,13578.7500,13578.7500
2018-07-05,"MA_Crossover(35,44)",6349.5000,6288.0000,1.0000,1.0000,-47.2500,-47.2500,6288.0000,13531.5000,13531.5000
2018-07-06,"MA_Crossover(35,44)",6284.0000,6222.5000,1.0000,1.0000,-65.5000,-65.5000,6222.5000,13466.0000,13466.0000
2018-07-09,"MA_Crossover(35,44)",6388.5000,6327.0000,1.0000,1.0000,104.5000,104.5000,6327.0000,13570.5000,13570.5000
2018-07-10,"MA_Crossover(35,44)",6326.5000,6265.0000,-1.0000,1.0000,-62.0000,-62.0000,6265.0000,13508.5000,13508.5000
2018-07-11,"MA_Crossover(35,44)",6135.0000,6073.5000,-1.0000,-1.0000,-191.5000,191.5000,-6073.5000,13700.0000,13700.0000
2018-07-12,"MA_Crossover(35,44)",6211.7500,6150.2500,-1.0000,-1.0000,76.7500,-76.7500,-6150.2500,13623.2500,13623.2500
2018-07-13,"MA_Crossover(35,44)",6217.5000,6156.0000,-1.0000,-1.0000,5.7500,-5.7500,-6156.0000,13617.5000,13617.5000
2018-07-16,"MA_Crossover(35,44)",6165.0000,6103.5000,-1.0000,-1.0000,-52.5000,52.5000,-6103.5000,13670.0000,13670.0000
2018-07-17,"MA_Crossover(35,44)",6134.0000,6072.5000,-1.0000,-1.0000,-31.0000,31.0000,-6072.5000,13701.0000,13701.0000
2018-07-18,"MA_Crossover(35,44)",6140.5000,6076.0000,-1.0000,-1.0000,3.5000,-3.5000,-6076.0000,13697.5000,13697.5000
2018-07-19,"MA_Crossover(35,44)",6053.5000,5990.5000,-1.0000,-1.0000,-85.5000,85.5000,-5990.5000,13783.0000,13783.0000
2018-07-20,"MA_Crossover(35,44)",6137.5000,6067.0000,-1.0000,-1.0000,76.5000,-76.5000,-6067.0000,13706.5000,13706.5000
2018-07-23,"MA_Crossover(35,44)",6114.7500,6044.2500,-1.0000,-1.0000,-22.7500,22.7500,-6044.2500,13729.2500,13729.2500
2018-07-24,"MA_Crossover(35,44)",6280.7500,6210.2500,-1.0000,-1.0000,166.0000,-166.0000,-6210.2500,13563.2500,13563.2500
2018-07-25,"MA_Crossover(35,44)",6275.0000,6204.5000,-1.0000,-1.0000,-5.7500,5.7500,-6204.5000,13569.0000,13569.0000
2018-07-26,"MA_Crossover(35,44)",6276.5000,6206.0000,-1.0000,-1.0000,1.5000,-1.5000,-6206.0000,13567.5000,13567.5000
2018-07-27,"MA_Crossover(35,44)",6285.2500,6214.7500,-1.0000,-1.0000,8.7500,-8.7500,-6214.7500,13558.7500,13558.7500
2018-07-30,"MA_Crossover(35,44)",6234.0000,6163.5000,-1.0000,-1.0000,-51.2500,51.2500,-6163.5000,13610.0000,13610.0000
2018-07-31,"MA_Crossover(35,44)",6287.7500,6217.2500,-1.0000,-1.0000,53.7500,-53.7500,-6217.2500,13556.2500,13556.2500
2018-08-01,"MA_Crossover(35,44)",6155.0000,6084.5000,-1.0000,-1.0000,-132.7500,132.7500,-6084.5000,13689.0000,13689.0000
2018-08-02,"MA_Crossover(35,44)",6118.5000,6048.0000,-1.0000,-1.0000,-36.5000,36.5000,-6048.0000,13725.5000,13725.5000
2018-08-03,"MA_Crossover(35,44)",6185.2500,6114.7500,-1.0000,-1.0000,66.7500,-66.7500,-6114.7500,13658.7500,13658.7500
2018-08-06,"MA_Crossover(35,44)",6110.0000,6039.5000,-1.0000,-1.0000,-75.2500,75.2500,-6039.5000,13734.0000,13734.0000
2018-08-07,"MA_Crossover(35,44)",6149.2500,6078.7500,-1.0000,-1.0000,39.2500,-39.2500,-6078.7500,13694.7500,13694.7500
2018-08-08,"MA_Crossover(35,44)",6148.5000,6078.0000,-1.0000,-1.0000,-0.7500,0.7500,-6078.0000,13695.5000,13695.5000
2018-08-09,"MA_Crossover(35,44)",6200.2500,6129.7500,-1.0000,-1.0000,51.7500,-51.7500,-6129.7500,13643.7500,13643.7500
2018-08-10,"MA_Crossover(35,44)",6161.2500,6090.7500,-1.0000,-1.0000,-39.0000,39.0000,-6090.7500,13682.7500,13682.7500
2018-08-13,"MA_Crossover(35,44)",6123.2500,6052.7500,-1.0000,-1.0000,-38.0000,38.0000,-6052.7500,13720.7500,13720.7500
2018-08-14,"MA_Crossover(35,44)",6028.5000,5948.5000,-1.0000,-1.0000,-104.2500,104.2500,-5948.5000,13825.0000,13825.0000
2018-08-15,"MA_Crossover(35,44)",5785.0000,5705.0000,-1.0000,-1.0000,-243.5000,243.5000,-5705.0000,14068.5000,14068.5000
2018-08-16,"MA_Crossover(35,44)",5924.0000,5843.0000,-1.0000,-1.0000,138.0000,-138.0000,-5843.0000,13930.5000,13930.5000
2018-08-17,"MA_Crossover(35,44)",5911.5000,5823.5000,-1.0000,-1.0000,-19.5000,19.5000,-5823.5000,13950.0000,13950.0000
2018-08-20,"MA_Crossover(35,44)",5981.5000,5893.5000,-1.0000,-1.0000,70.0000,-70.0000,-5893.5000,13880.0000,13880.0000
2018-08-21,"MA_Crossover(35,44)",6035.0000,5947.0000,-1.0000,-1.0000,53.5000,-53.5000,-5947.0000,13826.5000,13826.5000
2018-08-22,"MA_Crossover(35,44)",5997.0000,5909.0000,-1.0000,-1.0000,-38.0000,38.0000,-5909.0000,13864.5000,13864.5000
2018-08-23,"MA_Crossover(35,44)",5979.0000,5891.0000,-1.0000,-1.0000,-18.0000,18.0000,-5891.0000,13882.5000,13882.5000
2018-08-24,"MA_Crossover(35,44)",6102.0000,6014.0000,-1.0000,-1.0000,123.0000,-123.0000,-6014.0000,13759.5000,13759.5000
2018-08-28,"MA_Crossover(35,44)",6143.5000,6055.5000,-1.0000,-1.0000,41.5000,-41.5000,-6055.5000,13718.0000,13718.0000
2018-08-29,"MA_Crossover(35,44)",6081.0000,5993.0000,-1.0000,-1.0000,-62.5000,62.5000,-5993.0000,13780.5000,13780.5000
2018-08-30,"MA_Crossover(35,44)",6066.5000,5978.5000,-1.0000,-1.0000,-14.5000,14.5000,-5978.5000,13795.0000,13795.0000
2018-08-31,"MA_Crossover(35,44)",5974.0000,5886.0000,-1.0000,-1.0000,-92.5000,92.5000,-5886.0000,13887.5000,13887.5000
2018-09-03,"MA_Crossover(35,44)",5957.0000,5869.0000,-1.0000,-1.0000,-17.0000,17.0000,-5869.0000,13904.5000,13904.5000
2018-09-04,"MA_Crossover(35,44)",5806.0000,5718.0000,-1.0000,-1.0000,-151.0000,151.0000,-5718.0000,14055.5000,14055.5000
2018-09-05,"MA_Crossover(35,44)",5862.7500,5774.7500,-1.0000,-1.0000,56.7500,-56.7500,-5774.7500,13998.7500,13998.7500
2018-09-06,"MA_Crossover(35,44)",5911.0000,5823.0000,-1.0000,-1.0000,48.2500,-48.2500,-5823.0000,13950.5000,13950.5000
2018-09-07,"MA_Crossover(35,44)",5919.5000,5831.5000,-1.0000,-1.0000,8.5000,-8.5000,-5831.5000,13942.0000,13942.0000
2018-09-10,"MA_Crossover(35,44)",5896.5000,5808.5000,-1.0000,-1.0000,-23.0000,23.0000,-5808.5000,13965.0000,13965.0000
2018-09-11,"MA_Crossover(35,44)",5847.2500,5759.2500,-1.0000,-1.0000,-49.2500,49.2500,-5759.2500,14014.2500,14014.2500
2018-09-12,"MA_Crossover(35,44)",5984.0000,5896.0000,-1.0000,-1.0000,136.7500,-136.7500,-5896.0000,13877.5000,13877.5000
2018-09-13,"MA_Crossover(35,44)",6014.5000,5926.5000,-1.0000,-1.0000,30.5000,-30.5000,-5926.5000,13847.0000,13847.0000
2018-09-14,"MA_Crossover(35,44)",5951.0000,5863.0000,-1.0000,-1.0000,-63.5000,63.5000,-5863.0000,13910.5000,13910.5000
2018-09-17,"MA_Crossover(35,44)",5920.0000,5832.0000,-1.0000,-1.0000,-31.0000,31.0000,-5832.0000,13941.5000,13941.5000
2018-09-18,"MA_Crossover(35,44)",6077.5000,5982.7500,-1.0000,-1.0000,150.7500,-150.7500,-5982.7500,13790.7500,13790.7500
2018-09-19,"MA_Crossover(35,44)",6110.0000,6016.7500,-1.0000,-1.0000,34.0000,-34.0000,-6016.7500,13756.7500,13756.7500
2018-09-20,"MA_Crossover(35,44)",6078.0000,5982.7500,-1.0000,-1.0000,-34.0000,34.0000,-5982.7500,13790.7500,13790.7500
2018-09-21,"MA_Crossover(35,44)",6373.5000,6273.2500,-1.0000,-1.0000,290.5000,-290.5000,-6273.2500,13500.2500,13500.2500
2018-09-24,"MA_Crossover(35,44)",6355.5000,6255.2500,-1.0000,-1.0000,-18.0000,18.0000,-6255.2500,13518.2500,13518.2500
2018-09-25,"MA_Crossover(35,44)",6319.7500,6219.5000,-1.0000,-1.0000,-35.7500,35.7500,-6219.5000,13554.0000,13554.0000
2018-09-26,"MA_Crossover(35,44)",6278.0000,6177.7500,-1.0000,-1.0000,-41.7500,41.7500,-6177.7500,13595.7500,13595.7500
2018-09-27,"MA_Crossover(35,44)",6185.0000,6084.7500,-1.0000,-1.0000,-93.0000,93.0000,-6084.7500,13688.7500,13688.7500
2018-09-28,"MA_Crossover(35,44)",6260.5000,6160.2500,-1.0000,-1.0000,75.5000,-75.5000,-6160.2500,13613.2500,13613.2500
2018-10-01,"MA_Crossover(35,44)",6255.5000,6155.2500,-1.0000,-1.0000,-5.0000,5.0000,-6155.2500,13618.2500,13618.2500
2018-10-02,"MA_Crossover(35,44)",6291.0000,6190.7500,-1.0000,-1.0000,35.5000,-35.5000,-6190.7500,13582.7500,13582.7500
2018-10-03,"MA_Crossover(35,44)",6266.5000,6166.2500,-1.0000,-1.0000,-24.5000,24.5000,-6166.2500,13607.2500,13607.2500
2018-10-04,"MA_Crossover(35,44)",6291.0000,6190.7500,-1.0000,-1.0000,24.5000,-24.5000,-6190.7500,13582.7500,13582.7500
2018-10-05,"MA_Crossover(35,44)",6171.0000,6070.7500,1.0000,-1.0000,-120.0000,120.0000,-6070.7500,13702.7500,13702.7500
2018-10-08,"MA_Crossover(35,44)",6178.2500,6078.0000,1.0000,1.0000,7.2500,7.2500,6078.0000,13710.0000,13710.0000
2018-10-09,"MA_Crossover(35,44)",6303.5000,6203.2500,1.0000,1.0000,125.2500,125.2500,6203.2500,13835.2500,13835.2500
2018-10-10,"MA_Crossover(35,44)",6254.5000,6154.2500,1.0000,1.0000,-49.0000,-49.0000,6154.2500,13786.2500,13786.2500
2018-10-11,"MA_Crossover(35,44)",6259.2500,6159.0000,1.0000,1.0000,4.7500,4.7500,6159.0000,13791.0000,13791.0000
2018-10-12,"MA_Crossover(35,44)",6318.5000,6218.2500,1.0000,1.0000,59.2500,59.2500,6218.2500,13850.2500,13850.2500
2018-10-15,"MA_Crossover(35,44)",6303.0000,6202.7500,1.0000,1.0000,-15.5000,-15.5000,6202.7500,13834.7500,13834.7500
2018-10-16,"MA_Crossover(35,44)",6212.2500,6113.5000,1.0000,1.0000,-89.2500,-89.2500,6113.5000,13745.5000,13745.5000
2018-10-17,"MA_Crossover(35,44)",6222.0000,6121.2500,1.0000,1.0000,7.7500,7.7500,6121.2500,13753.2500,13753.2500
2018-10-18,"MA_Crossover(35,44)",6160.5000,6060.2500,1.0000,1.0000,-61.0000,-61.0000,6060.2500,13692.2500,13692.2500
2018-10-19,"MA_Crossover(35,44)",6229.0000,6126.7500,1.0000,1.0000,66.5000,66.5000,6126.7500,13758.7500,13758.7500
2018-10-22,"MA_Crossover(35,44)",6247.7500,6145.5000,1.0000,1.0000,18.7500,18.7500,6145.5000,13777.5000,13777.5000
2018-10-23,"MA_Crossover(35,44)",6198.5000,6096.2500,1.0000,1.0000,-49.2500,-49.2500,6096.2500,13728.2500,13728.2500
2018-10-24,"MA_Crossover(35,44)",6186.0000,6083.7500,1.0000,1.0000,-12.5000,-12.5000,6083.7500,13715.7500,13715.7500
2018-10-25,"MA_Crossover(35,44)",6238.0000,6135.7500,1.0000,1.0000,52.0000,52.0000,6135.7500,13767.7500,13767.7500
2018-10-26,"MA_Crossover(35,44)",6179.0000,6076.7500,1.0000,1.0000,-59.0000,-59.0000,6076.7500,13708.7500,13708.7500
2018-10-29,"MA_Crossover(35,44)",6172.5000,6070.2500,1.0000,1.0000,-6.5000,-6.5000,6070.2500,13702.2500,13702.2500
2018-10-30,"MA_Crossover(35,44)",6051.5000,5949.2500,1.0000,1.0000,-121.0000,-121.0000,5949.2500,13581.2500,13581.2500
2018-10-31,"MA_Crossover(35,44)",6006.5000,5904.2500,1.0000,1.0000,-45.0000,-45.0000,5904.2500,13536.2500,13536.2500
2018-11-01,"MA_Crossover(35,44)",6102.0000,5999.7500,1.0000,1.0000,95.5000,95.5000,5999.7500,13631.7500,13631.7500
2018-11-02,"MA_Crossover(35,44)",6299.0000,6196.7500,1.0000,1.0000,197.0000,197.0000,6196.7500,13828.7500,13828.7500
2018-11-05,"MA_Crossover(35,44)",6202.5000,6100.2500,1.0000,1.0000,-96.5000,-96.5000,6100.2500,13732.2500,13732.2500
2018-11-06,"MA_Crossover(35,44)",6177.0000,6074.7500,1.0000,1.0000,-25.5000,-25.5000,6074.7500,13706.7500,13706.7500
2018-11-07,"MA_Crossover(35,44)",6166.0000,6063.7500,1.0000,1.0000,-11.0000,-11.0000,6063.7500,13695.7500,13695.7500
2018-11-08,"MA_Crossover(35,44)",6170.5000,6068.2500,1.0000,1.0000,4.5000,4.5000,6068.2500,13700.2500,13700.2500
2018-11-09,"MA_Crossover(35,44)",6075.5000,5973.2500,1.0000,1.0000,-95.0000,-95.0000,5973.2500,13605.2500,13605.2500
2018-11-12,"MA_Crossover(35,44)",6071.2500,5969.0000,1.0000,1.0000,-4.2500,-4.2500,5969.0000,13601.0000,13601.0000
2018-11-13,"MA_Crossover(35,44)",6091.5000,5989.2500,1.0000,1.0000,20.2500,20.2500,5989.2500,13621.2500,13621.2500
2018-11-14,"MA_Crossover(35,44)",6110.0000,6007.7500,1.0000,1.0000,18.5000,18.5000,6007.7500,13639.7500,13639.7500
2018-11-15,"MA_Crossover(35,44)",6199.0000,6096.7500,1.0000,1.0000,89.0000,89.0000,6096.7500,13728.7500,13728.7500
2018-11-16,"MA_Crossover(35,44)",6224.0000,6121.7500,-1.0000,1.0000,25.0000,25.0000,6121.7500,13753.7500,13753.7500
2018-11-19,"MA_Crossover(35,44)",6292.5000,6190.2500,-1.0000,-1.0000,68.5000,-68.5000,-6190.2500,13685.2500,13685.2500
2018-11-20,"MA_Crossover(35,44)",6198.0000,6105.7500,-1.0000,-1.0000,-84.5000,84.5000,-6105.7500,13769.7500,13769.7500
2018-11-21,"MA_Crossover(35,44)",6256.0000,6161.7500,-1.0000,-1.0000,56.0000,-56.0000,-6161.7500,13713.7500,13713.7500
2018-11-22,"MA_Crossover(35,44)",6275.2500,6182.0000,-1.0000,-1.0000,20.2500,-20.2500,-6182.0000,13693.5000,13693.5000
2018-11-23,"MA_Crossover(35,44)",6227.2500,6143.0000,-1.0000,-1.0000,-39.0000,39.0000,-6143.0000,13732.5000,13732.5000
2018-11-26,"MA_Crossover(35,44)",6212.0000,6127.7500,-1.0000,-1.0000,-15.2500,15.2500,-6127.7500,13747.7500,13747.7500
2018-11-27,"MA_Crossover(35,44)",6146.2500,6062.0000,-1.0000,-1.0000,-65.7500,65.7500,-6062.0000,13813.5000,13813.5000
2018-11-28,"MA_Crossover(35,44)",6229.0000,6144.7500,-1.0000,-1.0000,82.7500,-82.7500,-6144.7500,13730.7500,13730.7500
2018-11-29,"MA_Crossover(35,44)",6241.5000,6157.2500,-1.0000,-1.0000,12.5000,-12.5000,-6157.2500,13718.2500,13718.2500
2018-11-30,"MA_Crossover(35,44)",6227.0000,6142.7500,-1.0000,-1.0000,-14.5000,14.5000,-6142.7500,13732.7500,13732.7500
2018-12-03,"MA_Crossover(35,44)",6320.5000,6236.2500,-1.0000,-1.0000,93.5000,-93.5000,-6236.2500,13639.2500,13639.2500
2018-12-04,"MA_Crossover(35,44)",6220.5000,6136.2500,-1.0000,-1.0000,-100.0000,100.0000,-6136.2500,13739.2500,13739.2500
2018-12-05,"MA_Crossover(35,44)",6184.5000,6100.2500,-1.0000,-1.0000,-36.0000,36.0000,-6100.2500,13775.2500,13775.2500
2018-12-06,"MA_Crossover(35,44)",6086.5000,6002.2500,-1.0000,-1.0000,-98.0000,98.0000,-6002.2500,13873.2500,13873.2500
2018-12-07,"MA_Crossover(35,44)",6157.0000,6072.7500,-1.0000,-1.0000,70.5000,-70.5000,-6072.7500,13802.7500,13802.7500
2018-12-10,"MA_Crossover(35,44)",6095.0000,6010.7500,-1.0000,-1.0000,-62.0000,62.0000,-6010.7500,13864.7500,13864.7500
2018-12-11,"MA_Crossover(35,44)",6175.5000,6091.2500,-1.0000,-1.0000,80.5000,-80.5000,-6091.2500,13784.2500,13784.2500
2018-12-12,"MA_Crossover(35,44)",6148.2500,6064.0000,-1.0000,-1.0000,-27.2500,27.2500,-6064.0000,13811.5000,13811.5000
2018-12-13,"MA_Crossover(35,44)",6159.5000,6075.2500,-1.0000,-1.0000,11.2500,-11.2500,-6075.2500,13800.2500,13800.2500
2018-12-14,"MA_Crossover(35,44)",6128.7500,6044.5000,-1.0000,-1.0000,-30.7500,30.7500,-6044.5000,13831.0000,13831.0000
2018-12-17,"MA_Crossover(35,44)",6095.5000,6011.2500,-1.0000,-1.0000,-33.2500,33.2500,-6011.2500,13864.2500,13864.2500
2018-12-18,"MA_Crossover(35,44)",5958.7500,5866.0000,-1.0000,-1.0000,-145.2500,145.2500,-5866.0000,14009.5000,14009.5000
2018-12-19,"MA_Crossover(35,44)",6007.5000,5914.2500,1.0000,-1.0000,48.2500,-48.2500,-5914.2500,13961.2500,13961.2500
2018-12-20,"MA_Crossover(35,44)",5992.5000,5900.7500,1.0000,1.0000,-13.5000,-13.5000,5900.7500,13947.7500,13947.7500
2018-12-21,"MA_Crossover(35,44)",5982.5000,5883.2500,-1.0000,1.0000,-17.5000,-17.5000,5883.2500,13930.2500,13930.2500
2018-12-24,"MA_Crossover(35,44)",5946.2500,5847.0000,-1.0000,-1.0000,-36.2500,36.2500,-5847.0000,13966.5000,13966.5000
2018-12-27,"MA_Crossover(35,44)",5980.0000,5880.7500,-1.0000,-1.0000,33.7500,-33.7500,-5880.7500,13932.7500,13932.7500
2018-12-28,"MA_Crossover(35,44)",5995.5000,5896.2500,-1.0000,-1.0000,15.5000,-15.5000,-5896.2500,13917.2500,13917.2500
2018-12-31,"MA_Crossover(35,44)",5960.5000,5861.2500,-1.0000,-1.0000,-35.0000,35.0000,-5861.2500,13952.2500,13952.2500
2019-01-02,"MA_Crossover(35,44)",5830.5000,5731.2500,-1.0000,-1.0000,-130.0000,130.0000,-5731.2500,14082.2500,14082.2500
2019-01-03,"MA_Crossover(35,44)",5723.2500,5624.0000,-1.0000,-1.0000,-107.2500,107.2500,-5624.0000,14189.5000,14189.5000
2019-01-04,"MA_Crossover(35,44)",5905.7500,5806.5000,-1.0000,-1.0000,182.5000,-182.5000,-5806.5000,14007.0000,14007.0000
2019-01-07,"MA_Crossover(35,44)",5912.0000,5812.7500,-1.0000,-1.0000,6.2500,-6.2500,-5812.7500,14000.7500,14000.7500
2019-01-08,"MA_Crossover(35,44)",5892.0000,5792.7500,-1.0000,-1.0000,-20.0000,20.0000,-5792.7500,14020.7500,14020.7500
2019-01-09,"MA_Crossover(35,44)",5940.7500,5841.5000,-1.0000,-1.0000,48.7500,-48.7500,-5841.5000,13972.0000,13972.0000
2019-01-10,"MA_Crossover(35,44)",5908.2500,5809.0000,-1.0000,-1.0000,-32.5000,32.5000,-5809.0000,14004.5000,14004.5000
2019-01-11,"MA_Crossover(35,44)",5920.7500,5821.5000,-1.0000,-1.0000,12.5000,-12.5000,-5821.5000,13992.0000,13992.0000
2019-01-14,"MA_Crossover(35,44)",5867.0000,5767.7500,-1.0000,-1.0000,-53.7500,53.7500,-5767.7500,14045.7500,14045.7500
2019-01-15,"MA_Crossover(35,44)",5907.0000,5796.2500,-1.0000,-1.0000,28.5000,-28.5000,-5796.2500,14017.2500,14017.2500
2019-01-16,"MA_Crossover(35,44)",5959.2500,5847.2500,-1.0000,-1.0000,51.0000,-51.0000,-5847.2500,13966.2500,13966.2500
2019-01-17,"MA_Crossover(35,44)",5981.7500,5870.7500,-1.0000,-1.0000,23.5000,-23.5000,-5870.7500,13942.7500,13942.7500
2019-01-18,"MA_Crossover(35,44)",6046.0000,5930.2500,-1.0000,-1.0000,59.5000,-59.5000,-5930.2500,13883.2500,13883.2500
2019-01-21,"MA_Crossover(35,44)",5969.0000,5853.2500,-1.0000,-1.0000,-77.0000,77.0000,-5853.2500,13960.2500,13960.2500
2019-01-22,"MA_Crossover(35,44)",5921.5000,5805.7500,-1.0000,-1.0000,-47.5000,47.5000,-5805.7500,14007.7500,14007.7500
2019-01-23,"MA_Crossover(35,44)",5935.7500,5820.0000,-1.0000,-1.0000,14.2500,-14.2500,-5820.0000,13993.5000,13993.5000
2019-01-24,"MA_Crossover(35,44)",5905.0000,5789.2500,-1.0000,-1.0000,-30.7500,30.7500,-5789.2500,14024.2500,14024.2500
2019-01-25,"MA_Crossover(35,44)",6045.5000,5929.7500,-1.0000,-1.0000,140.5000,-140.5000,-5929.7500,13883.7500,13883.7500
2019-01-28,"MA_Crossover(35,44)",5988.5000,5872.7500,-1.0000,-1.0000,-57.0000,57.0000,-5872.7500,13940.7500,13940.7500
2019-01-29,"MA_Crossover(35,44)",6040.5000,5924.7500,-1.0000,-1.0000,52.0000,-52.0000,-5924.7500,13888.7500,13888.7500
2019-01-30,"MA_Crossover(35,44)",6127.2500,6011.5000,-1.0000,-1.0000,86.7500,-86.7500,-6011.5000,13802.0000,13802.0000
2019-01-31,"MA_Crossover(35,44)",6159.2500,6043.5000,-1.0000,-1.0000,32.0000,-32.0000,-6043.5000,13770.0000,13770.0000
2019-02-01,"MA_Crossover(35,44)",6125.7500,6010.0000,-1.0000,-1.0000,-33.5000,33.5000,-6010.0000,13803.5000,13803.5000
2019-02-04,"MA_Crossover(35,44)",6157.5000,6041.7500,-1.0000,-1.0000,31.7500,-31.7500,-6041.7500,13771.7500,13771.7500
2019-02-05,"MA_Crossover(35,44)",6223.5000,6107.7500,-1.0000,-1.0000,66.0000,-66.0000,-6107.7500,13705.7500,13705.7500
2019-02-06,"MA_Crossover(35,44)",6269.0000,6153.2500,-1.0000,-1.0000,45.5000,-45.5000,-6153.2500,13660.2500,13660.2500
2019-02-07,"MA_Crossover(35,44)",6234.0000,6118.2500,-1.0000,-1.0000,-35.0000,35.0000,-6118.2500,13695.2500,13695.2500
2019-02-08,"MA_Crossover(35,44)",6196.2500,6080.5000,-1.0000,-1.0000,-37.7500,37.7500,-6080.5000,13733.0000,13733.0000
2019-02-11,"MA_Crossover(35,44)",6139.2500,6023.5000,-1.0000,-1.0000,-57.0000,57.0000,-6023.5000,13790.0000,13790.0000
2019-02-12,"MA_Crossover(35,44)",6094.7500,5979.0000,-1.0000,-1.0000,-44.5000,44.5000,-5979.0000,13834.5000,13834.5000
2019-02-13,"MA_Crossover(35,44)",6123.5000,6007.7500,-1.0000,-1.0000,28.7500,-28.7500,-6007.7500,13805.7500,13805.7500
2019-02-14,"MA_Crossover(35,44)",6137.2500,6021.5000,-1.0000,-1.0000,13.7500,-13.7500,-6021.5000,13792.0000,13792.0000
2019-02-15,"MA_Crossover(35,44)",6193.0000,6077.2500,-1.0000,-1.0000,55.7500,-55.7500,-6077.2500,13736.2500,13736.2500
2019-02-18,"MA_Crossover(35,44)",6333.0000,6217.2500,1.0000,-1.0000,140.0000,-140.0000,-6217.2500,13596.2500,13596.2500
2019-02-19,"MA_Crossover(35,44)",6331.0000,6248.2500,1.0000,1.0000,31.0000,31.0000,6248.2500,13627.2500,13627.2500
2019-02-20,"MA_Crossover(35,44)",6423.0000,6336.2500,1.0000,1.0000,88.0000,88.0000,6336.2500,13715.2500,13715.2500
2019-02-21,"MA_Crossover(35,44)",6396.5000,6310.2500,1.0000,1.0000,-26.0000,-26.0000,6310.2500,13689.2500,13689.2500
2019-02-22,"MA_Crossover(35,44)",6504.0000,6428.2500,1.0000,1.0000,118.0000,118.0000,6428.2500,13807.2500,13807.2500
2019-02-25,"MA_Crossover(35,44)",6502.5000,6426.7500,1.0000,1.0000,-1.5000,-1.5000,6426.7500,13805.7500,13805.7500
2019-02-26,"MA_Crossover(35,44)",6511.5000,6435.7500,1.0000,1.0000,9.0000,9.0000,6435.7500,13814.7500,13814.7500
2019-02-27,"MA_Crossover(35,44)",6531.0000,6455.2500,1.0000,1.0000,19.5000,19.5000,6455.2500,13834.2500,13834.2500
2019-02-28,"MA_Crossover(35,44)",6530.5000,6454.7500,1.0000,1.0000,-0.5000,-0.5000,6454.7500,13833.7500,13833.7500
2019-03-01,"MA_Crossover(35,44)",6502.0000,6426.2500,1.0000,1.0000,-28.5000,-28.5000,6426.2500,13805.2500,13805.2500
2019-03-04,"MA_Crossover(35,44)",6432.0000,6356.2500,1.0000,1.0000,-70.0000,-70.0000,6356.2500,13735.2500,13735.2500
2019-03-05,"MA_Crossover(35,44)",6506.0000,6430.2500,1.0000,1.0000,74.0000,74.0000,6430.2500,13809.2500,13809.2500
2019-03-06,"MA_Crossover(35,44)",6481.5000,6405.7500,1.0000,1.0000,-24.5000,-24.5000,6405.7500,13784.7500,13784.7500
2019-03-07,"MA_Crossover(35,44)",6442.0000,6366.2500,1.0000,1.0000,-39.5000,-39.5000,6366.2500,13745.2500,13745.2500
2019-03-08,"MA_Crossover(35,44)",6412.0000,6336.2500,1.0000,1.0000,-30.0000,-30.0000,6336.2500,13715.2500,13715.2500
2019-03-11,"MA_Crossover(35,44)",6427.0000,6351.2500,1.0000,1.0000,15.0000,15.0000,6351.2500,13730.2500,13730.2500
2019-03-12,"MA_Crossover(35,44)",6493.0000,6417.2500,1.0000,1.0000,66.0000,66.0000,6417.2500,13796.2500,13796.2500
2019-03-13,"MA_Crossover(35,44)",6497.5000,6421.7500,1.0000,1.0000,4.5000,4.5000,6421.7500,13800.7500,13800.7500
2019-03-14,"MA_Crossover(35,44)",6417.5000,6341.7500,1.0000,1.0000,-80.0000,-80.0000,6341.7500,13720.7500,13720.7500
2019-03-15,"MA_Crossover(35,44)",6446.5000,6370.7500,1.0000,1.0000,29.0000,29.0000,6370.7500,13749.7500,13749.7500
2019-03-18,"MA_Crossover(35,44)",6458.0000,6382.2500,1.0000,1.0000,11.5000,11.5000,6382.2500,13761.2500,13761.2500
2019-03-19,"MA_Crossover(35,44)",6458.0000,6414.2500,1.0000,1.0000,32.0000,32.0000,6414.2500,13793.2500,13793.2500
2019-03-20,"MA_Crossover(35,44)",6463.5000,6416.2500,1.0000,1.0000,2.0000,2.0000,6416.2500,13795.2500,13795.2500
2019-03-21,"MA_Crossover(35,44)",6423.0000,6378.7500,1.0000,1.0000,-37.5000,-37.5000,6378.7500,13757.7500,13757.7500
2019-03-22,"MA_Crossover(35,44)",6310.5000,6266.7500,1.0000,1.0000,-112.0000,-112.0000,6266.7500,13645.7500,13645.7500
2019-03-25,"MA_Crossover(35,44)",6336.0000,6292.2500,1.0000,1.0000,25.5000,25.5000,6292.2500,13671.2500,13671.2500
2019-03-26,"MA_Crossover(35,44)",6335.5000,6291.7500,1.0000,1.0000,-0.5000,-0.5000,6291.7500,13670.7500,13670.7500
2019-03-27,"MA_Crossover(35,44)",6337.0000,6293.2500,1.0000,1.0000,1.5000,1.5000,6293.2500,13672.2500,13672.2500
2019-03-28,"MA_Crossover(35,44)",6365.0000,6321.2500,1.0000,1.0000,28.0000,28.0000,6321.2500,13700.2500,13700.2500
2019-03-29,"MA_Crossover(35,44)",6488.5000,6444.7500,1.0000,1.0000,123.5000,123.5000,6444.7500,13823.7500,13823.7500
2019-04-01,"MA_Crossover(35,44)",6468.0000,6424.2500,1.0000,1.0000,-20.5000,-20.5000,6424.2500,13803.2500,13803.2500
2019-04-02,"MA_Crossover(35,44)",6419.5000,6375.7500,1.0000,1.0000,-48.5000,-48.5000,6375.7500,13754.7500,13754.7500
2019-04-03,"MA_Crossover(35,44)",6489.5000,6445.7500,1.0000,1.0000,70.0000,70.0000,6445.7500,13824.7500,13824.7500
2019-04-04,"MA_Crossover(35,44)",6443.7500,6400.0000,1.0000,1.0000,-45.7500,-45.7500,6400.0000,13779.0000,13779.0000
2019-04-05,"MA_Crossover(35,44)",6392.2500,6348.5000,1.0000,1.0000,-51.5000,-51.5000,6348.5000,13727.5000,13727.5000
2019-04-08,"MA_Crossover(35,44)",6465.7500,6422.0000,1.0000,1.0000,73.5000,73.5000,6422.0000,13801.0000,13801.0000
2019-04-09,"MA_Crossover(35,44)",6481.2500,6437.5000,1.0000,1.0000,15.5000,15.5000,6437.5000,13816.5000,13816.5000
2019-04-10,"MA_Crossover(35,44)",6452.5000,6408.7500,1.0000,1.0000,-28.7500,-28.7500,6408.7500,13787.7500,13787.7500
2019-04-11,"MA_Crossover(35,44)",6391.5000,6347.7500,1.0000,1.0000,-61.0000,-61.0000,6347.7500,13726.7500,13726.7500
2019-04-12,"MA_Crossover(35,44)",6464.5000,6420.7500,1.0000,1.0000,73.0000,73.0000,6420.7500,13799.7500,13799.7500
2019-04-15,"MA_Crossover(35,44)",6452.0000,6408.2500,1.0000,1.0000,-12.5000,-12.5000,6408.2500,13787.2500,13787.2500
2019-04-16,"MA_Crossover(35,44)",6483.5000,6430.7500,1.0000,1.0000,22.5000,22.5000,6430.7500,13809.7500,13809.7500
2019-04-17,"MA_Crossover(35,44)",6545.7500,6493.2500,1.0000,1.0000,62.5000,62.5000,6493.2500,13872.2500,13872.2500
2019-04-18,"MA_Crossover(35,44)",6467.7500,6415.0000,-1.0000,1.0000,-78.2500,-78.2500,6415.0000,13794.0000,13794.0000
2019-04-23,"MA_Crossover(35,44)",6399.2500,6340.5000,-1.0000,-1.0000,-74.5000,74.5000,-6340.5000,13868.5000,13868.5000
2019-04-24,"MA_Crossover(35,44)",6446.7500,6388.0000,-1.0000,-1.0000,47.5000,-47.5000,-6388.0000,13821.0000,13821.0000
2019-04-25,"MA_Crossover(35,44)",6359.5000,6300.7500,-1.0000,-1.0000,-87.2500,87.2500,-6300.7500,13908.2500,13908.2500
2019-04-26,"MA_Crossover(35,44)",6396.7500,6338.0000,-1.0000,-1.0000,37.2500,-37.2500,-6338.0000,13871.0000,13871.0000
2019-04-29,"MA_Crossover(35,44)",6391.5000,6332.7500,-1.0000,-1.0000,-5.2500,5.2500,-6332.7500,13876.2500,13876.2500
2019-04-30,"MA_Crossover(35,44)",6412.7500,6354.0000,-1.0000,-1.0000,21.2500,-21.2500,-6354.0000,13855.0000,13855.0000
2019-05-01,"MA_Crossover(35,44)",6223.2500,6164.5000,-1.0000,-1.0000,-189.5000,189.5000,-6164.5000,14044.5000,14044.5000
2019-05-02,"MA_Crossover(35,44)",6156.0000,6097.2500,-1.0000,-1.0000,-67.2500,67.2500,-6097.2500,14111.7500,14111.7500
2019-05-03,"MA_Crossover(35,44)",6227.2500,6168.5000,-1.0000,-1.0000,71.2500,-71.2500,-6168.5000,14040.5000,14040.5000
2019-05-07,"MA_Crossover(35,44)",6166.7500,6108.0000,-1.0000,-1.0000,-60.5000,60.5000,-6108.0000,14101.0000,14101.0000
2019-05-08,"MA_Crossover(35,44)",6131.7500,6073.0000,-1.0000,-1.0000,-35.0000,35.0000,-6073.0000,14136.0000,14136.0000
2019-05-09,"MA_Crossover(35,44)",6090.0000,6031.2500,-1.0000,-1.0000,-41.7500,41.7500,-6031.2500,14177.7500,14177.7500
2019-05-10,"MA_Crossover(35,44)",6109.0000,6050.2500,-1.0000,-1.0000,19.0000,-19.0000,-6050.2500,14158.7500,14158.7500
2019-05-13,"MA_Crossover(35,44)",5986.5000,5927.7500,-1.0000,-1.0000,-122.5000,122.5000,-5927.7500,14281.2500,14281.2500
2019-05-14,"MA_Crossover(35,44)",6014.5000,5946.2500,-1.0000,-1.0000,18.5000,-18.5000,-5946.2500,14262.7500,14262.7500
2019-05-15,"MA_Crossover(35,44)",6074.2500,6006.2500,-1.0000,-1.0000,60.0000,-60.0000,-6006.2500,14202.7500,14202.7500
2019-05-16,"MA_Crossover(35,44)",6089.0000,6022.2500,-1.0000,-1.0000,16.0000,-16.0000,-6022.2500,14186.7500,14186.7500
2019-05-17,"MA_Crossover(35,44)",6046.0000,5972.7500,-1.0000,-1.0000,-49.5000,49.5000,-5972.7500,14236.2500,14236.2500
2019-05-20,"MA_Crossover(35,44)",6017.2500,5944.0000,-1.0000,-1.0000,-28.7500,28.7500,-5944.0000,14265.0000,14265.0000
2019-05-21,"MA_Crossover(35,44)",5983.0000,5909.7500,-1.0000,-1.0000,-34.2500,34.2500,-5909.7500,14299.2500,14299.2500
2019-05-22,"MA_Crossover(35,44)",5915.0000,5841.7500,-1.0000,-1.0000,-68.0000,68.0000,-5841.7500,14367.2500,14367.2500
2019-05-23,"MA_Crossover(35,44)",5913.5000,5840.2500,-1.0000,-1.0000,-1.5000,1.5000,-5840.2500,14368.7500,14368.7500
2019-05-24,"MA_Crossover(35,44)",5944.0000,5870.7500,-1.0000,-1.0000,30.5000,-30.5000,-5870.7500,14338.2500,14338.2500
2019-05-28,"MA_Crossover(35,44)",5952.0000,5878.7500,-1.0000,-1.0000,8.0000,-8.0000,-5878.7500,14330.2500,14330.2500
2019-05-29,"MA_Crossover(35,44)",5870.5000,5797.2500,-1.0000,-1.0000,-81.5000,81.5000,-5797.2500,14411.7500,14411.7500
2019-05-30,"MA_Crossover(35,44)",5836.0000,5762.7500,-1.0000,-1.0000,-34.5000,34.5000,-5762.7500,14446.2500,14446.2500
2019-05-31,"MA_Crossover(35,44)",5820.0000,5746.7500,-1.0000,-1.0000,-16.0000,16.0000,-5746.7500,14462.2500,14462.2500
2019-06-03,"MA_Crossover(35,44)",5828.0000,5754.7500,-1.0000,-1.0000,8.0000,-8.0000,-5754.7500,14454.2500,14454.2500
2019-06-04,"MA_Crossover(35,44)",5865.2500,5792.0000,-1.0000,-1.0000,37.2500,-37.2500,-5792.0000,14417.0000,14417.0000
2019-06-05,"MA_Crossover(35,44)",5794.0000,5720.7500,-1.0000,-1.0000,-71.2500,71.2500,-5720.7500,14488.2500,14488.2500
2019-06-06,"MA_Crossover(35,44)",5797.7500,5724.5000,-1.0000,-1.0000,3.7500,-3.7500,-5724.5000,14484.5000,14484.5000
2019-06-07,"MA_Crossover(35,44)",5784.2500,5711.0000,-1.0000,-1.0000,-13.5000,13.5000,-5711.0000,14498.0000,14498.0000
2019-06-10,"MA_Crossover(35,44)",5864.2500,5791.0000,-1.0000,-1.0000,80.0000,-80.0000,-5791.0000,14418.0000,14418.0000
2019-06-11,"MA_Crossover(35,44)",5860.5000,5787.2500,-1.0000,-1.0000,-3.7500,3.7500,-5787.2500,14421.7500,14421.7500
2019-06-12,"MA_Crossover(35,44)",5828.0000,5754.7500,-1.0000,-1.0000,-32.5000,32.5000,-5754.7500,14454.2500,14454.2500
2019-06-13,"MA_Crossover(35,44)",5832.5000,5759.2500,-1.0000,-1.0000,4.5000,-4.5000,-5759.2500,14449.7500,14449.7500
2019-06-14,"MA_Crossover(35,44)",5798.5000,5725.2500,-1.0000,-1.0000,-34.0000,34.0000,-5725.2500,14483.7500,14483.7500
2019-06-17,"MA_Crossover(35,44)",5818.0000,5744.7500,-1.0000,-1.0000,19.5000,-19.5000,-5744.7500,14464.2500,14464.2500
2019-06-18,"MA_Crossover(35,44)",5943.0000,5854.0000,-1.0000,-1.0000,109.2500,-109.2500,-5854.0000,14355.0000,14355.0000
2019-06-19,"MA_Crossover(35,44)",5914.0000,5826.0000,-1.0000,-1.0000,-28.0000,28.0000,-5826.0000,14383.0000,14383.0000
2019-06-20,"MA_Crossover(35,44)",5971.5000,5882.7500,-1.0000,-1.0000,56.7500,-56.7500,-5882.7500,14326.2500,14326.2500
2019-06-21,"MA_Crossover(35,44)",5967.5000,5876.0000,-1.0000,-1.0000,-6.7500,6.7500,-5876.0000,14333.0000,14333.0000
2019-06-24,"MA_Crossover(35,44)",5953.7500,5862.2500,-1.0000,-1.0000,-13.7500,13.7500,-5862.2500,14346.7500,14346.7500
2019-06-25,"MA_Crossover(35,44)",6039.5000,5948.0000,-1.0000,-1.0000,85.7500,-85.7500,-5948.0000,14261.0000,14261.0000
2019-06-26,"MA_Crossover(35,44)",5985.0000,5893.5000,-1.0000,-1.0000,-54.5000,54.5000,-5893.5000,14315.5000,14315.5000
2019-06-27,"MA_Crossover(35,44)",5985.5000,5894.0000,-1.0000,-1.0000,0.5000,-0.5000,-5894.0000,14315.0000,14315.0000
2019-06-28,"MA_Crossover(35,44)",5992.0000,5900.5000,-1.0000,-1.0000,6.5000,-6.5000,-5900.5000,14308.5000,14308.5000
2019-07-01,"MA_Crossover(35,44)",5947.7500,5856.2500,-1.0000,-1.0000,-44.2500,44.2500,-5856.2500,14352.7500,14352.7500
2019-07-02,"MA_Crossover(35,44)",5878.0000,5786.5000,-1.0000,-1.0000,-69.7500,69.7500,-5786.5000,14422.5000,14422.5000
2019-07-03,"MA_Crossover(35,44)",5917.2500,5825.7500,-1.0000,-1.0000,39.2500,-39.2500,-5825.7500,14383.2500,14383.2500
2019-07-04,"MA_Crossover(35,44)",5915.5000,5824.0000,-1.0000,-1.0000,-1.7500,1.7500,-5824.0000,14385.0000,14385.0000
2019-07-05,"MA_Crossover(35,44)",5896.2500,5804.7500,-1.0000,-1.0000,-19.2500,19.2500,-5804.7500,14404.2500,14404.2500
2019-07-08,"MA_Crossover(35,44)",5879.2500,5787.7500,-1.0000,-1.0000,-17.0000,17.0000,-5787.7500,14421.2500,14421.2500
2019-07-09,"MA_Crossover(35,44)",5814.0000,5722.5000,-1.0000,-1.0000,-65.2500,65.2500,-5722.5000,14486.5000,14486.5000
2019-07-10,"MA_Crossover(35,44)",5933.0000,5841.5000,-1.0000,-1.0000,119.0000,-119.0000,-5841.5000,14367.5000,14367.5000
2019-07-11,"MA_Crossover(35,44)",5949.7500,5858.2500,-1.0000,-1.0000,16.7500,-16.7500,-5858.2500,14350.7500,14350.7500
2019-07-12,"MA_Crossover(35,44)",5929.5000,5838.0000,-1.0000,-1.0000,-20.2500,20.2500,-5838.0000,14371.0000,14371.0000
2019-07-15,"MA_Crossover(35,44)",5976.0000,5884.5000,-1.0000,-1.0000,46.5000,-46.5000,-5884.5000,14324.5000,14324.5000
2019-07-16,"MA_Crossover(35,44)",6003.0000,5918.5000,-1.0000,-1.0000,34.0000,-34.0000,-5918.5000,14290.5000,14290.5000
2019-07-17,"MA_Crossover(35,44)",5973.0000,5888.7500,-1.0000,-1.0000,-29.7500,29.7500,-5888.7500,14320.2500,14320.2500
2019-07-18,"MA_Crossover(35,44)",5977.0000,5893.0000,-1.0000,-1.0000,4.2500,-4.2500,-5893.0000,14316.0000,14316.0000
2019-07-19,"MA_Crossover(35,44)",6060.2500,5970.7500,-1.0000,-1.0000,77.7500,-77.7500,-5970.7500,14238.2500,14238.2500
2019-07-22,"MA_Crossover(35,44)",6009.0000,5919.5000,1.0000,-1.0000,-51.2500,51.2500,-5919.5000,14289.5000,14289.5000
2019-07-23,"MA_Crossover(35,44)",5960.5000,5871.0000,1.0000,1.0000,-48.5000,-48.5000,5871.0000,14241.0000,14241.0000
2019-07-24,"MA_Crossover(35,44)",5992.7500,5903.2500,1.0000,1.0000,32.2500,32.2500,5903.2500,14273.2500,14273.2500
2019-07-25,"MA_Crossover(35,44)",5999.0000,5909.5000,1.0000,1.0000,6.2500,6.2500,5909.5000,14279.5000,14279.5000
2019-07-26,"MA_Crossover(35,44)",5954.0000,5864.5000,1.0000,1.0000,-45.0000,-45.0000,5864.5000,14234.5000,14234.5000
2019-07-29,"MA_Crossover(35,44)",6011.0000,5921.5000,1.0000,1.0000,57.0000,57.0000,5921.5000,14291.5000,14291.5000
2019-07-30,"MA_Crossover(35,44)",5939.0000,5849.5000,1.0000,1.0000,-72.0000,-72.0000,5849.5000,14219.5000,14219.5000
2019-07-31,"MA_Crossover(35,44)",5916.2500,5826.7500,1.0000,1.0000,-22.7500,-22.7500,5826.7500,14196.7500,14196.7500
2019-08-01,"MA_Crossover(35,44)",5887.0000,5797.5000,1.0000,1.0000,-29.2500,-29.2500,5797.5000,14167.5000,14167.5000
2019-08-02,"MA_Crossover(35,44)",5715.2500,5625.7500,1.0000,1.0000,-171.7500,-171.7500,5625.7500,13995.7500,13995.7500
2019-08-05,"MA_Crossover(35,44)",5669.7500,5580.2500,1.0000,1.0000,-45.5000,-45.5000,5580.2500,13950.2500,13950.2500
2019-08-06,"MA_Crossover(35,44)",5667.2500,5577.7500,1.0000,1.0000,-2.5000,-2.5000,5577.7500,13947.7500,13947.7500
2019-08-07,"MA_Crossover(35,44)",5690.0000,5600.5000,1.0000,1.0000,22.7500,22.7500,5600.5000,13970.5000,13970.5000
2019-08-08,"MA_Crossover(35,44)",5783.2500,5693.7500,1.0000,1.0000,93.2500,93.2500,5693.7500,14063.7500,14063.7500
2019-08-09,"MA_Crossover(35,44)",5739.5000,5650.0000,1.0000,1.0000,-43.7500,-43.7500,5650.0000,14020.0000,14020.0000
2019-08-12,"MA_Crossover(35,44)",5722.2500,5632.7500,1.0000,1.0000,-17.2500,-17.2500,5632.7500,14002.7500,14002.7500
2019-08-13,"MA_Crossover(35,44)",5809.0000,5719.5000,-1.0000,1.0000,86.7500,86.7500,5719.5000,14089.5000,14089.5000
2019-08-14,"MA_Crossover(35,44)",5743.2500,5653.7500,-1.0000,-1.0000,-65.7500,65.7500,-5653.7500,14155.2500,14155.2500
2019-08-15,"MA_Crossover(35,44)",5728.7500,5639.2500,-1.0000,-1.0000,-14.5000,14.5000,-5639.2500,14169.7500,14169.7500
2019-08-16,"MA_Crossover(35,44)",5720.2500,5630.7500,-1.0000,-1.0000,-8.5000,8.5000,-5630.7500,14178.2500,14178.2500
2019-08-19,"MA_Crossover(35,44)",5745.5000,5656.0000,-1.0000,-1.0000,25.2500,-25.2500,-5656.0000,14153.0000,14153.0000
2019-08-20,"MA_Crossover(35,44)",5699.7500,5598.5000,-1.0000,-1.0000,-57.5000,57.5000,-5598.5000,14210.5000,14210.5000
2019-08-21,"MA_Crossover(35,44)",5724.2500,5622.0000,-1.0000,-1.0000,23.5000,-23.5000,-5622.0000,14187.0000,14187.0000
2019-08-22,"MA_Crossover(35,44)",5675.0000,5573.2500,-1.0000,-1.0000,-48.7500,48.7500,-5573.2500,14235.7500,14235.7500
2019-08-23,"MA_Crossover(35,44)",5626.0000,5518.5000,-1.0000,-1.0000,-54.7500,54.7500,-5518.5000,14290.5000,14290.5000
2019-08-27,"MA_Crossover(35,44)",5674.7500,5567.2500,-1.0000,-1.0000,48.7500,-48.7500,-5567.2500,14241.7500,14241.7500
2019-08-28,"MA_Crossover(35,44)",5686.0000,5578.5000,-1.0000,-1.0000,11.2500,-11.2500,-5578.5000,14230.5000,14230.5000
2019-08-29,"MA_Crossover(35,44)",5722.7500,5615.2500,-1.0000,-1.0000,36.7500,-36.7500,-5615.2500,14193.7500,14193.7500
2019-08-30,"MA_Crossover(35,44)",5668.2500,5560.7500,-1.0000,-1.0000,-54.5000,54.5000,-5560.7500,14248.2500,14248.2500
2019-09-02,"MA_Crossover(35,44)",5605.0000,5497.5000,-1.0000,-1.0000,-63.2500,63.2500,-5497.5000,14311.5000,14311.5000
2019-09-03,"MA_Crossover(35,44)",5595.5000,5488.0000,-1.0000,-1.0000,-9.5000,9.5000,-5488.0000,14321.0000,14321.0000
2019-09-04,"MA_Crossover(35,44)",5735.2500,5627.7500,-1.0000,-1.0000,139.7500,-139.7500,-5627.7500,14181.2500,14181.2500
2019-09-05,"MA_Crossover(35,44)",5833.0000,5725.5000,-1.0000,-1.0000,97.7500,-97.7500,-5725.5000,14083.5000,14083.5000
2019-09-06,"MA_Crossover(35,44)",5817.2500,5709.7500,-1.0000,-1.0000,-15.7500,15.7500,-5709.7500,14099.2500,14099.2500
2019-09-09,"MA_Crossover(35,44)",5797.0000,5689.5000,-1.0000,-1.0000,-20.2500,20.2500,-5689.5000,14119.5000,14119.5000
2019-09-10,"MA_Crossover(35,44)",5802.5000,5695.0000,-1.0000,-1.0000,5.5000,-5.5000,-5695.0000,14114.0000,14114.0000
2019-09-11,"MA_Crossover(35,44)",5744.7500,5637.2500,-1.0000,-1.0000,-57.7500,57.7500,-5637.2500,14171.7500,14171.7500
2019-09-12,"MA_Crossover(35,44)",5805.2500,5697.7500,-1.0000,-1.0000,60.5000,-60.5000,-5697.7500,14111.2500,14111.2500
2019-09-13,"MA_Crossover(35,44)",5950.2500,5842.7500,-1.0000,-1.0000,145.0000,-145.0000,-5842.7500,13966.2500,13966.2500
2019-09-16,"MA_Crossover(35,44)",5844.0000,5736.5000,-1.0000,-1.0000,-106.2500,106.2500,-5736.5000,14072.5000,14072.5000
2019-09-17,"MA_Crossover(35,44)",5806.5000,5694.0000,-1.0000,-1.0000,-42.5000,42.5000,-5694.0000,14115.0000,14115.0000
2019-09-18,"MA_Crossover(35,44)",5799.5000,5687.5000,-1.0000,-1.0000,-6.5000,6.5000,-5687.5000,14121.5000,14121.5000
2019-09-19,"MA_Crossover(35,44)",5776.5000,5663.5000,-1.0000,-1.0000,-24.0000,24.0000,-5663.5000,14145.5000,14145.5000
2019-09-20,"MA_Crossover(35,44)",5786.0000,5664.5000,-1.0000,-1.0000,1.0000,-1.0000,-5664.5000,14144.5000,14144.5000
2019-09-23,"MA_Crossover(35,44)",5764.7500,5643.2500,-1.0000,-1.0000,-21.2500,21.2500,-5643.2500,14165.7500,14165.7500
2019-09-24,"MA_Crossover(35,44)",5767.7500,5646.2500,-1.0000,-1.0000,3.0000,-3.0000,-5646.2500,14162.7500,14162.7500
2019-09-25,"MA_Crossover(35,44)",5771.0000,5649.5000,-1.0000,-1.0000,3.2500,-3.2500,-5649.5000,14159.5000,14159.5000
2019-09-26,"MA_Crossover(35,44)",5705.0000,5583.5000,-1.0000,-1.0000,-66.0000,66.0000,-5583.5000,14225.5000,14225.5000
2019-09-27,"MA_Crossover(35,44)",5748.7500,5627.2500,-1.0000,-1.0000,43.7500,-43.7500,-5627.2500,14181.7500,14181.7500
2019-09-30,"MA_Crossover(35,44)",5706.2500,5584.7500,-1.0000,-1.0000,-42.5000,42.5000,-5584.7500,14224.2500,14224.2500
2019-10-01,"MA_Crossover(35,44)",5665.2500,5543.7500,-1.0000,-1.0000,-41.0000,41.0000,-5543.7500,14265.2500,14265.2500
2019-10-02,"MA_Crossover(35,44)",5653.7500,5532.2500,-1.0000,-1.0000,-11.5000,11.5000,-5532.2500,14276.7500,14276.7500
2019-10-03,"MA_Crossover(35,44)",5636.2500,5514.7500,1.0000,-1.0000,-17.5000,17.5000,-5514.7500,14294.2500,14294.2500
2019-10-04,"MA_Crossover(35,44)",5615.0000,5493.5000,1.0000,1.0000,-21.2500,-21.2500,5493.5000,14273.0000,14273.0000
2019-10-07,"MA_Crossover(35,44)",5691.5000,5570.0000,-1.0000,1.0000,76.5000,76.5000,5570.0000,14349.5000,14349.5000
2019-10-08,"MA_Crossover(35,44)",5646.7500,5525.2500,-1.0000,-1.0000,-44.7500,44.7500,-5525.2500,14394.2500,14394.2500
2019-10-09,"MA_Crossover(35,44)",5656.0000,5534.5000,-1.0000,-1.0000,9.2500,-9.2500,-5534.5000,14385.0000,14385.0000
2019-10-10,"MA_Crossover(35,44)",5750.2500,5628.7500,-1.0000,-1.0000,94.2500,-94.2500,-5628.7500,14290.7500,14290.7500
2019-10-11,"MA_Crossover(35,44)",5764.5000,5643.0000,1.0000,-1.0000,14.2500,-14.2500,-5643.0000,14276.5000,14276.5000
2019-10-14,"MA_Crossover(35,44)",5786.2500,5664.7500,1.0000,1.0000,21.7500,21.7500,5664.7500,14298.2500,14298.2500
2019-10-15,"MA_Crossover(35,44)",5758.2500,5628.2500,1.0000,1.0000,-36.5000,-36.5000,5628.2500,14261.7500,14261.7500
2019-10-16,"MA_Crossover(35,44)",5716.7500,5586.7500,1.0000,1.0000,-41.5000,-41.5000,5586.7500,14220.2500,14220.2500
2019-10-17,"MA_Crossover(35,44)",5726.5000,5596.5000,1.0000,1.0000,9.7500,9.7500,5596.5000,14230.0000,14230.0000
2019-10-18,"MA_Crossover(35,44)",5794.7500,5655.2500,1.0000,1.0000,58.7500,58.7500,5655.2500,14288.7500,14288.7500
2019-10-21,"MA_Crossover(35,44)",5815.2500,5675.7500,1.0000,1.0000,20.5000,20.5000,5675.7500,14309.2500,14309.2500
2019-10-22,"MA_Crossover(35,44)",5803.0000,5663.5000,1.0000,1.0000,-12.2500,-12.2500,5663.5000,14297.0000,14297.0000
2019-10-23,"MA_Crossover(35,44)",5870.0000,5730.5000,1.0000,1.0000,67.0000,67.0000,5730.5000,14364.0000,14364.0000
2019-10-24,"MA_Crossover(35,44)",5870.0000,5730.5000,1.0000,1.0000,0.0000,0.0000,5730.5000,14364.0000,14364.0000
2019-10-25,"MA_Crossover(35,44)",5913.5000,5774.0000,1.0000,1.0000,43.5000,43.5000,5774.0000,14407.5000,14407.5000
2019-10-28,"MA_Crossover(35,44)",5894.2500,5754.7500,1.0000,1.0000,-19.2500,-19.2500,5754.7500,14388.2500,14388.2500
2019-10-29,"MA_Crossover(35,44)",5914.2500,5774.7500,1.0000,1.0000,20.0000,20.0000,5774.7500,14408.2500,14408.2500
2019-10-30,"MA_Crossover(35,44)",5891.7500,5752.2500,1.0000,1.0000,-22.5000,-22.5000,5752.2500,14385.7500,14385.7500
2019-10-31,"MA_Crossover(35,44)",5778.0000,5638.5000,1.0000,1.0000,-113.7500,-113.7500,5638.5000,14272.0000,14272.0000
2019-11-01,"MA_Crossover(35,44)",5834.2500,5694.7500,-1.0000,1.0000,56.2500,56.2500,5694.7500,14328.2500,14328.2500
2019-11-04,"MA_Crossover(35,44)",5861.2500,5721.7500,-1.0000,-1.0000,27.0000,-27.0000,-5721.7500,14301.2500,14301.2500
2019-11-05,"MA_Crossover(35,44)",5923.0000,5783.5000,-1.0000,-1.0000,61.7500,-61.7500,-5783.5000,14239.5000,14239.5000
2019-11-06,"MA_Crossover(35,44)",5897.5000,5758.0000,-1.0000,-1.0000,-25.5000,25.5000,-5758.0000,14265.0000,14265.0000
2019-11-07,"MA_Crossover(35,44)",5972.0000,5832.5000,-1.0000,-1.0000,74.5000,-74.5000,-5832.5000,14190.5000,14190.5000
2019-11-08,"MA_Crossover(35,44)",5917.2500,5777.7500,-1.0000,-1.0000,-54.7500,54.7500,-5777.7500,14245.2500,14245.2500
2019-11-11,"MA_Crossover(35,44)",5865.2500,5725.7500,-1.0000,-1.0000,-52.0000,52.0000,-5725.7500,14297.2500,14297.2500
2019-11-12,"MA_Crossover(35,44)",5849.0000,5709.5000,-1.0000,-1.0000,-16.2500,16.2500,-5709.5000,14313.5000,14313.5000
2019-11-13,"MA_Crossover(35,44)",5814.5000,5675.0000,-1.0000,-1.0000,-34.5000,34.5000,-5675.0000,14348.0000,14348.0000
2019-11-14,"MA_Crossover(35,44)",5789.2500,5649.7500,1.0000,-1.0000,-25.2500,25.2500,-5649.7500,14373.2500,14373.2500
2019-11-15,"MA_Crossover(35,44)",5826.2500,5686.7500,1.0000,1.0000,37.0000,37.0000,5686.7500,14410.2500,14410.2500
2019-11-18,"MA_Crossover(35,44)",5815.0000,5675.5000,1.0000,1.0000,-11.2500,-11.2500,5675.5000,14399.0000,14399.0000
2019-11-19,"MA_Crossover(35,44)",5865.2500,5727.2500,1.0000,1.0000,51.7500,51.7500,5727.2500,14450.7500,14450.7500
2019-11-20,"MA_Crossover(35,44)",5870.0000,5730.5000,1.0000,1.0000,3.2500,3.2500,5730.5000,14454.0000,14454.0000
2019-11-21,"MA_Crossover(35,44)",5823.2500,5684.5000,1.0000,1.0000,-46.0000,-46.0000,5684.5000,14408.0000,14408.0000
2019-11-22,"MA_Crossover(35,44)",5850.5000,5707.0000,1.0000,1.0000,22.5000,22.5000,5707.0000,14430.5000,14430.5000
2019-11-25,"MA_Crossover(35,44)",5863.2500,5719.7500,1.0000,1.0000,12.7500,12.7500,5719.7500,14443.2500,14443.2500
2019-11-26,"MA_Crossover(35,44)",5917.7500,5774.2500,1.0000,1.0000,54.5000,54.5000,5774.2500,14497.7500,14497.7500
2019-11-27,"MA_Crossover(35,44)",5937.5000,5794.0000,1.0000,1.0000,19.7500,19.7500,5794.0000,14517.5000,14517.5000
2019-11-28,"MA_Crossover(35,44)",5881.2500,5737.7500,1.0000,1.0000,-56.2500,-56.2500,5737.7500,14461.2500,14461.2500
2019-11-29,"MA_Crossover(35,44)",5853.2500,5709.7500,1.0000,1.0000,-28.0000,-28.0000,5709.7500,14433.2500,14433.2500
2019-12-02,"MA_Crossover(35,44)",5871.0000,5727.5000,1.0000,1.0000,17.7500,17.7500,5727.5000,14451.0000,14451.0000
2019-12-03,"MA_Crossover(35,44)",5798.2500,5654.7500,1.0000,1.0000,-72.7500,-72.7500,5654.7500,14378.2500,14378.2500
2019-12-04,"MA_Crossover(35,44)",5866.0000,5722.5000,1.0000,1.0000,67.7500,67.7500,5722.5000,14446.0000,14446.0000
2019-12-05,"MA_Crossover(35,44)",5866.0000,5722.5000,1.0000,1.0000,0.0000,0.0000,5722.5000,14446.0000,14446.0000
2019-12-06,"MA_Crossover(35,44)",5968.0000,5824.5000,1.0000,1.0000,102.0000,102.0000,5824.5000,14548.0000,14548.0000
2019-12-09,"MA_Crossover(35,44)",6052.2500,5908.7500,1.0000,1.0000,84.2500,84.2500,5908.7500,14632.2500,14632.2500
2019-12-10,"MA_Crossover(35,44)",6075.0000,5931.5000,1.0000,1.0000,22.7500,22.7500,5931.5000,14655.0000,14655.0000
2019-12-11,"MA_Crossover(35,44)",6131.0000,5987.5000,1.0000,1.0000,56.0000,56.0000,5987.5000,14711.0000,14711.0000
2019-12-12,"MA_Crossover(35,44)",6131.7500,5988.2500,1.0000,1.0000,0.7500,0.7500,5988.2500,14711.7500,14711.7500
2019-12-13,"MA_Crossover(35,44)",6106.7500,5963.2500,1.0000,1.0000,-25.0000,-25.0000,5963.2500,14686.7500,14686.7500
2019-12-16,"MA_Crossover(35,44)",6193.0000,6049.5000,1.0000,1.0000,86.2500,86.2500,6049.5000,14773.0000,14773.0000
2019-12-17,"MA_Crossover(35,44)",6184.5000,6058.2500,1.0000,1.0000,8.7500,8.7500,6058.2500,14781.7500,14781.7500
2019-12-18,"MA_Crossover(35,44)",6159.7500,6032.5000,1.0000,1.0000,-25.7500,-25.7500,6032.5000,14756.0000,14756.0000
2019-12-19,"MA_Crossover(35,44)",6204.5000,6076.5000,1.0000,1.0000,44.0000,44.0000,6076.5000,14800.0000,14800.0000
2019-12-20,"MA_Crossover(35,44)",6164.0000,6028.0000,1.0000,1.0000,-48.5000,-48.5000,6028.0000,14751.5000,14751.5000
2019-12-23,"MA_Crossover(35,44)",6177.0000,6041.0000,1.0000,1.0000,13.0000,13.0000,6041.0000,14764.5000,14764.5000
2019-12-24,"MA_Crossover(35,44)",6202.2500,6066.2500,1.0000,1.0000,25.2500,25.2500,6066.2500,14789.7500,14789.7500
2019-12-27,"MA_Crossover(35,44)",6200.5000,6064.5000,1.0000,1.0000,-1.7500,-1.7500,6064.5000,14788.0000,14788.0000
2019-12-30,"MA_Crossover(35,44)",6206.0000,6070.0000,1.0000,1.0000,5.5000,5.5000,6070.0000,14793.5000,14793.5000
2019-12-31,"MA_Crossover(35,44)",6158.5000,6022.5000,1.0000,1.0000,-47.5000,-47.5000,6022.5000,14746.0000,14746.0000
2020-01-02,"MA_Crossover(35,44)",6170.2500,6034.2500,1.0000,1.0000,11.7500,11.7500,6034.2500,14757.7500,14757.7500
2020-01-03,"MA_Crossover(35,44)",6109.7500,5973.7500,1.0000,1.0000,-60.5000,-60.5000,5973.7500,14697.2500,14697.2500
2020-01-06,"MA_Crossover(35,44)",6120.5000,5984.5000,1.0000,1.0000,10.7500,10.7500,5984.5000,14708.0000,14708.0000
2020-01-07,"MA_Crossover(35,44)",6132.5000,5996.5000,1.0000,1.0000,12.0000,12.0000,5996.5000,14720.0000,14720.0000
2020-01-08,"MA_Crossover(35,44)",6157.0000,6021.0000,1.0000,1.0000,24.5000,24.5000,6021.0000,14744.5000,14744.5000
2020-01-09,"MA_Crossover(35,44)",6154.0000,6018.0000,1.0000,1.0000,-3.0000,-3.0000,6018.0000,14741.5000,14741.5000
2020-01-10,"MA_Crossover(35,44)",6173.0000,6037.0000,1.0000,1.0000,19.0000,19.0000,6037.0000,14760.5000,14760.5000
2020-01-13,"MA_Crossover(35,44)",6265.2500,6129.2500,1.0000,1.0000,92.2500,92.2500,6129.2500,14852.7500,14852.7500
2020-01-14,"MA_Crossover(35,44)",6288.0000,6148.5000,1.0000,1.0000,19.2500,19.2500,6148.5000,14872.0000,14872.0000
2020-01-15,"MA_Crossover(35,44)",6272.5000,6133.2500,1.0000,1.0000,-15.2500,-15.2500,6133.2500,14856.7500,14856.7500
2020-01-16,"MA_Crossover(35,44)",6267.5000,6126.7500,1.0000,1.0000,-6.5000,-6.5000,6126.7500,14850.2500,14850.2500
2020-01-17,"MA_Crossover(35,44)",6263.2500,6115.7500,1.0000,1.0000,-11.0000,-11.0000,6115.7500,14839.2500,14839.2500
2020-01-20,"MA_Crossover(35,44)",6248.2500,6100.7500,1.0000,1.0000,-15.0000,-15.0000,6100.7500,14824.2500,14824.2500
2020-01-21,"MA_Crossover(35,44)",6146.0000,5998.5000,1.0000,1.0000,-102.2500,-102.2500,5998.5000,14722.0000,14722.0000
2020-01-22,"MA_Crossover(35,44)",6091.7500,5944.2500,1.0000,1.0000,-54.2500,-54.2500,5944.2500,14667.7500,14667.7500
2020-01-23,"MA_Crossover(35,44)",5971.0000,5823.5000,1.0000,1.0000,-120.7500,-120.7500,5823.5000,14547.0000,14547.0000
2020-01-24,"MA_Crossover(35,44)",5914.2500,5766.7500,1.0000,1.0000,-56.7500,-56.7500,5766.7500,14490.2500,14490.2500
2020-01-27,"MA_Crossover(35,44)",5730.0000,5582.5000,1.0000,1.0000,-184.2500,-184.2500,5582.5000,14306.0000,14306.0000
2020-01-28,"MA_Crossover(35,44)",5689.5000,5542.0000,1.0000,1.0000,-40.5000,-40.5000,5542.0000,14265.5000,14265.5000
2020-01-29,"MA_Crossover(35,44)",5626.2500,5478.7500,1.0000,1.0000,-63.2500,-63.2500,5478.7500,14202.2500,14202.2500
2020-01-30,"MA_Crossover(35,44)",5576.7500,5429.2500,1.0000,1.0000,-49.5000,-49.5000,5429.2500,14152.7500,14152.7500
2020-01-31,"MA_Crossover(35,44)",5556.7500,5409.2500,1.0000,1.0000,-20.0000,-20.0000,5409.2500,14132.7500,14132.7500
2020-02-03,"MA_Crossover(35,44)",5508.0000,5360.5000,1.0000,1.0000,-48.7500,-48.7500,5360.5000,14084.0000,14084.0000
2020-02-04,"MA_Crossover(35,44)",5600.5000,5453.0000,1.0000,1.0000,92.5000,92.5000,5453.0000,14176.5000,14176.5000
2020-02-05,"MA_Crossover(35,44)",5708.5000,5561.0000,1.0000,1.0000,108.0000,108.0000,5561.0000,14284.5000,14284.5000
2020-02-06,"MA_Crossover(35,44)",5724.2500,5576.7500,-1.0000,1.0000,15.7500,15.7500,5576.7500,14300.2500,14300.2500
2020-02-07,"MA_Crossover(35,44)",5649.7500,5502.2500,-1.0000,-1.0000,-74.5000,74.5000,-5502.2500,14374.7500,14374.7500
2020-02-10,"MA_Crossover(35,44)",5655.5000,5508.0000,-1.0000,-1.0000,5.7500,-5.7500,-5508.0000,14369.0000,14369.0000
2020-02-11,"MA_Crossover(35,44)",5733.2500,5585.7500,-1.0000,-1.0000,77.7500,-77.7500,-5585.7500,14291.2500,14291.2500
2020-02-12,"MA_Crossover(35,44)",5750.0000,5602.5000,-1.0000,-1.0000,16.7500,-16.7500,-5602.5000,14274.5000,14274.5000
2020-02-13,"MA_Crossover(35,44)",5772.7500,5625.2500,-1.0000,-1.0000,22.7500,-22.7500,-5625.2500,14251.7500,14251.7500
2020-02-14,"MA_Crossover(35,44)",5751.2500,5603.7500,-1.0000,-1.0000,-21.5000,21.5000,-5603.7500,14273.2500,14273.2500
2020-02-17,"MA_Crossover(35,44)",5796.7500,5649.2500,-1.0000,-1.0000,45.5000,-45.5000,-5649.2500,14227.7500,14227.7500
2020-02-18,"MA_Crossover(35,44)",5761.2500,5610.7500,-1.0000,-1.0000,-38.5000,38.5000,-5610.7500,14266.2500,14266.2500
2020-02-19,"MA_Crossover(35,44)",5760.2500,5608.7500,-1.0000,-1.0000,-2.0000,2.0000,-5608.7500,14268.2500,14268.2500
2020-02-20,"MA_Crossover(35,44)",5719.5000,5567.5000,-1.0000,-1.0000,-41.2500,41.2500,-5567.5000,14309.5000,14309.5000
2020-02-21,"MA_Crossover(35,44)",5757.7500,5603.2500,-1.0000,-1.0000,35.7500,-35.7500,-5603.2500,14273.7500,14273.7500
2020-02-24,"MA_Crossover(35,44)",5677.7500,5523.2500,-1.0000,-1.0000,-80.0000,80.0000,-5523.2500,14353.7500,14353.7500
2020-02-25,"MA_Crossover(35,44)",5674.7500,5520.2500,-1.0000,-1.0000,-3.0000,3.0000,-5520.2500,14356.7500,14356.7500
2020-02-26,"MA_Crossover(35,44)",5659.2500,5504.7500,-1.0000,-1.0000,-15.5000,15.5000,-5504.7500,14372.2500,14372.2500
2020-02-27,"MA_Crossover(35,44)",5609.7500,5455.2500,-1.0000,-1.0000,-49.5000,49.5000,-5455.2500,14421.7500,14421.7500
2020-02-28,"MA_Crossover(35,44)",5629.0000,5474.5000,-1.0000,-1.0000,19.2500,-19.2500,-5474.5000,14402.5000,14402.5000
2020-03-02,"MA_Crossover(35,44)",5692.0000,5537.5000,-1.0000,-1.0000,63.0000,-63.0000,-5537.5000,14339.5000,14339.5000
2020-03-03,"MA_Crossover(35,44)",5656.2500,5501.7500,-1.0000,-1.0000,-35.7500,35.7500,-5501.7500,14375.2500,14375.2500
2020-03-04,"MA_Crossover(35,44)",5672.0000,5517.5000,-1.0000,-1.0000,15.7500,-15.7500,-5517.5000,14359.5000,14359.5000
2020-03-05,"MA_Crossover(35,44)",5660.7500,5506.2500,-1.0000,-1.0000,-11.2500,11.2500,-5506.2500,14370.7500,14370.7500
2020-03-06,"MA_Crossover(35,44)",5594.0000,5439.5000,-1.0000,-1.0000,-66.7500,66.7500,-5439.5000,14437.5000,14437.5000
2020-03-09,"MA_Crossover(35,44)",5526.0000,5371.5000,-1.0000,-1.0000,-68.0000,68.0000,-5371.5000,14505.5000,14505.5000
2020-03-10,"MA_Crossover(35,44)",5559.2500,5404.7500,-1.0000,-1.0000,33.2500,-33.2500,-5404.7500,14472.2500,14472.2500
2020-03-11,"MA_Crossover(35,44)",5522.7500,5368.2500,-1.0000,-1.0000,-36.5000,36.5000,-5368.2500,14508.7500,14508.7500
2020-03-12,"MA_Crossover(35,44)",5425.2500,5270.7500,-1.0000,-1.0000,-97.5000,97.5000,-5270.7500,14606.2500,14606.2500
2020-03-13,"MA_Crossover(35,44)",5448.2500,5293.7500,-1.0000,-1.0000,23.0000,-23.0000,-5293.7500,14583.2500,14583.2500
2020-03-16,"MA_Crossover(35,44)",5276.0000,5121.5000,-1.0000,-1.0000,-172.2500,172.2500,-5121.5000,14755.5000,14755.5000
2020-03-17,"MA_Crossover(35,44)",5132.5000,4982.0000,-1.0000,-1.0000,-139.5000,139.5000,-4982.0000,14895.0000,14895.0000
2020-03-18,"MA_Crossover(35,44)",4731.5000,4582.2500,-1.0000,-1.0000,-399.7500,399.7500,-4582.2500,15294.7500,15294.7500
2020-03-19,"MA_Crossover(35,44)",4814.2500,4664.2500,-1.0000,-1.0000,82.0000,-82.0000,-4664.2500,15212.7500,15212.7500
2020-03-20,"MA_Crossover(35,44)",4802.2500,4645.2500,-1.0000,-1.0000,-19.0000,19.0000,-4645.2500,15231.7500,15231.7500
2020-03-23,"MA_Crossover(35,44)",4621.7500,4464.7500,-1.0000,-1.0000,-180.5000,180.5000,-4464.7500,15412.2500,15412.2500
2020-03-24,"MA_Crossover(35,44)",4808.5000,4651.5000,-1.0000,-1.0000,186.7500,-186.7500,-4651.5000,15225.5000,15225.5000
2020-03-25,"MA_Crossover(35,44)",4848.1500,4691.1500,-1.0000,-1.0000,39.6500,-39.6500,-4691.1500,15185.8500,15185.8500
2020-03-26,"MA_Crossover(35,44)",4794.7500,4637.7500,-1.0000,-1.0000,-53.4000,53.4000,-4637.7500,15239.2500,15239.2500
2020-03-27,"MA_Crossover(35,44)",4784.5000,4627.5000,-1.0000,-1.0000,-10.2500,10.2500,-4627.5000,15249.5000,15249.5000
2020-03-30,"MA_Crossover(35,44)",4762.5000,4605.5000,-1.0000,-1.0000,-22.0000,22.0000,-4605.5000,15271.5000,15271.5000
2020-03-31,"MA_Crossover(35,44)",4943.2500,4786.2500,-1.0000,-1.0000,180.7500,-180.7500,-4786.2500,15090.7500,15090.7500
2020-04-01,"MA_Crossover(35,44)",4791.2500,4634.2500,-1.0000,-1.0000,-152.0000,152.0000,-4634.2500,15242.7500,15242.7500
2020-04-02,"MA_Crossover(35,44)",4884.5000,4727.5000,-1.0000,-1.0000,93.2500,-93.2500,-4727.5000,15149.5000,15149.5000
2020-04-03,"MA_Crossover(35,44)",4827.7500,4670.7500,-1.0000,-1.0000,-56.7500,56.7500,-4670.7500,15206.2500,15206.2500
2020-04-06,"MA_Crossover(35,44)",4872.5000,4715.5000,-1.0000,-1.0000,44.7500,-44.7500,-4715.5000,15161.5000,15161.5000
2020-04-07,"MA_Crossover(35,44)",5022.2500,4865.2500,-1.0000,-1.0000,149.7500,-149.7500,-4865.2500,15011.7500,15011.7500
2020-04-08,"MA_Crossover(35,44)",4979.0000,4822.0000,-1.0000,-1.0000,-43.2500,43.2500,-4822.0000,15055.0000,15055.0000
2020-04-09,"MA_Crossover(35,44)",4993.0000,4836.0000,-1.0000,-1.0000,14.0000,-14.0000,-4836.0000,15041.0000,15041.0000
2020-04-14,"MA_Crossover(35,44)",5150.0000,4985.5000,-1.0000,-1.0000,149.5000,-149.5000,-4985.5000,14891.5000,14891.5000
2020-04-15,"MA_Crossover(35,44)",5098.2500,4933.7500,-1.0000,-1.0000,-51.7500,51.7500,-4933.7500,14943.2500,14943.2500
2020-04-16,"MA_Crossover(35,44)",5129.2500,4964.0000,-1.0000,-1.0000,30.2500,-30.2500,-4964.0000,14913.0000,14913.0000
2020-04-17,"MA_Crossover(35,44)",5200.5000,5028.5000,-1.0000,-1.0000,64.5000,-64.5000,-5028.5000,14848.5000,14848.5000
2020-04-20,"MA_Crossover(35,44)",5167.7500,4995.7500,-1.0000,-1.0000,-32.7500,32.7500,-4995.7500,14881.2500,14881.2500
2020-04-21,"MA_Crossover(35,44)",5009.5000,4837.5000,-1.0000,-1.0000,-158.2500,158.2500,-4837.5000,15039.5000,15039.5000
2020-04-22,"MA_Crossover(35,44)",5117.0000,4945.0000,-1.0000,-1.0000,107.5000,-107.5000,-4945.0000,14932.0000,14932.0000
2020-04-23,"MA_Crossover(35,44)",5143.5000,4971.5000,-1.0000,-1.0000,26.5000,-26.5000,-4971.5000,14905.5000,14905.5000
2020-04-24,"MA_Crossover(35,44)",5125.9900,4953.9900,-1.0000,-1.0000,-17.5100,17.5100,-4953.9900,14923.0100,14923.0100
2020-04-27,"MA_Crossover(35,44)",5181.2500,5009.2500,-1.0000,-1.0000,55.2600,-55.2600,-5009.2500,14867.7500,14867.7500
2020-04-28,"MA_Crossover(35,44)",5206.0000,5034.0000,-1.0000,-1.0000,24.7500,-24.7500,-5034.0000,14843.0000,14843.0000
2020-04-29,"MA_Crossover(35,44)",5243.2500,5071.2500,-1.0000,-1.0000,37.2500,-37.2500,-5071.2500,14805.7500,14805.7500
2020-04-30,"MA_Crossover(35,44)",5170.2500,4998.2500,-1.0000,-1.0000,-73.0000,73.0000,-4998.2500,14878.7500,14878.7500
2020-05-01,"MA_Crossover(35,44)",5090.5000,4918.5000,-1.0000,-1.0000,-79.7500,79.7500,-4918.5000,14958.5000,14958.5000
2020-05-04,"MA_Crossover(35,44)",5103.2500,4931.2500,-1.0000,-1.0000,12.7500,-12.7500,-4931.2500,14945.7500,14945.7500
2020-05-05,"MA_Crossover(35,44)",5136.5000,4964.5000,-1.0000,-1.0000,33.2500,-33.2500,-4964.5000,14912.5000,14912.5000
2020-05-06,"MA_Crossover(35,44)",5173.7500,5001.7500,-1.0000,-1.0000,37.2500,-37.2500,-5001.7500,14875.2500,14875.2500
2020-05-07,"MA_Crossover(35,44)",5248.5000,5076.5000,-1.0000,-1.0000,74.7500,-74.7500,-5076.5000,14800.5000,14800.5000
2020-05-11,"MA_Crossover(35,44)",5228.7500,5056.7500,-1.0000,-1.0000,-19.7500,19.7500,-5056.7500,14820.2500,14820.2500
2020-05-12,"MA_Crossover(35,44)",5231.0000,5059.0000,-1.0000,-1.0000,2.2500,-2.2500,-5059.0000,14818.0000,14818.0000
2020-05-13,"MA_Crossover(35,44)",5194.2500,5022.2500,-1.0000,-1.0000,-36.7500,36.7500,-5022.2500,14854.7500,14854.7500
2020-05-14,"MA_Crossover(35,44)",5174.0000,5002.0000,-1.0000,-1.0000,-20.2500,20.2500,-5002.0000,14875.0000,14875.0000
2020-05-15,"MA_Crossover(35,44)",5156.2500,4984.2500,1.0000,-1.0000,-17.7500,17.7500,-4984.2500,14892.7500,14892.7500
2020-05-18,"MA_Crossover(35,44)",5292.0000,5120.0000,1.0000,1.0000,135.7500,135.7500,5120.0000,15028.5000,15028.5000
2020-05-19,"MA_Crossover(35,44)",5340.0000,5165.0000,1.0000,1.0000,45.0000,45.0000,5165.0000,15073.5000,15073.5000
2020-05-20,"MA_Crossover(35,44)",5430.7500,5255.2500,1.0000,1.0000,90.2500,90.2500,5255.2500,15163.7500,15163.7500
2020-05-21,"MA_Crossover(35,44)",5376.2500,5202.2500,1.0000,1.0000,-53.0000,-53.0000,5202.2500,15110.7500,15110.7500
2020-05-22,"MA_Crossover(35,44)",5272.8000,5090.8000,1.0000,1.0000,-111.4500,-111.4500,5090.8000,14999.3000,14999.3000
2020-05-26,"MA_Crossover(35,44)",5341.0000,5159.0000,1.0000,1.0000,68.2000,68.2000,5159.0000,15067.5000,15067.5000
2020-05-27,"MA_Crossover(35,44)",5238.5000,5056.5000,1.0000,1.0000,-102.5000,-102.5000,5056.5000,14965.0000,14965.0000
2020-05-28,"MA_Crossover(35,44)",5313.7500,5131.7500,1.0000,1.0000,75.2500,75.2500,5131.7500,15040.2500,15040.2500
2020-05-29,"MA_Crossover(35,44)",5358.7500,5176.7500,1.0000,1.0000,45.0000,45.0000,5176.7500,15085.2500,15085.2500
2020-06-01,"MA_Crossover(35,44)",5463.5000,5281.5000,1.0000,1.0000,104.7500,104.7500,5281.5000,15190.0000,15190.0000
2020-06-02,"MA_Crossover(35,44)",5508.7500,5326.7500,1.0000,1.0000,45.2500,45.2500,5326.7500,15235.2500,15235.2500
2020-06-03,"MA_Crossover(35,44)",5503.2500,5321.2500,1.0000,1.0000,-5.5000,-5.5000,5321.2500,15229.7500,15229.7500
2020-06-04,"MA_Crossover(35,44)",5514.2500,5332.2500,1.0000,1.0000,11.0000,11.0000,5332.2500,15240.7500,15240.7500
2020-06-05,"MA_Crossover(35,44)",5671.8500,5489.8500,1.0000,1.0000,157.6000,157.6000,5489.8500,15398.3500,15398.3500
2020-06-08,"MA_Crossover(35,44)",5681.0000,5499.0000,1.0000,1.0000,9.1500,9.1500,5499.0000,15407.5000,15407.5000
2020-06-09,"MA_Crossover(35,44)",5755.2500,5573.2500,1.0000,1.0000,74.2500,74.2500,5573.2500,15481.7500,15481.7500
2020-06-10,"MA_Crossover(35,44)",5887.2500,5705.2500,1.0000,1.0000,132.0000,132.0000,5705.2500,15613.7500,15613.7500
2020-06-11,"MA_Crossover(35,44)",5742.5000,5560.5000,1.0000,1.0000,-144.7500,-144.7500,5560.5000,15469.0000,15469.0000
2020-06-12,"MA_Crossover(35,44)",5761.7500,5579.7500,1.0000,1.0000,19.2500,19.2500,5579.7500,15488.2500,15488.2500
2020-06-15,"MA_Crossover(35,44)",5678.7500,5496.7500,1.0000,1.0000,-83.0000,-83.0000,5496.7500,15405.2500,15405.2500
2020-06-16,"MA_Crossover(35,44)",5712.5000,5527.0000,1.0000,1.0000,30.2500,30.2500,5527.0000,15435.5000,15435.5000
2020-06-17,"MA_Crossover(35,44)",5755.2500,5569.7500,1.0000,1.0000,42.7500,42.7500,5569.7500,15478.2500,15478.2500
2020-06-18,"MA_Crossover(35,44)",5794.5000,5607.7500,1.0000,1.0000,38.0000,38.0000,5607.7500,15516.2500,15516.2500
2020-06-19,"MA_Crossover(35,44)",5839.2500,5644.7500,1.0000,1.0000,37.0000,37.0000,5644.7500,15553.2500,15553.2500
2020-06-22,"MA_Crossover(35,44)",5869.5000,5675.0000,1.0000,1.0000,30.2500,30.2500,5675.0000,15583.5000,15583.5000
2020-06-23,"MA_Crossover(35,44)",5897.0000,5702.5000,1.0000,1.0000,27.5000,27.5000,5702.5000,15611.0000,15611.0000
2020-06-24,"MA_Crossover(35,44)",5861.0000,5666.5000,1.0000,1.0000,-36.0000,-36.0000,5666.5000,15575.0000,15575.0000
2020-06-25,"MA_Crossover(35,44)",5886.5000,5692.0000,1.0000,1.0000,25.5000,25.5000,5692.0000,15600.5000,15600.5000
2020-06-26,"MA_Crossover(35,44)",5955.5000,5761.0000,1.0000,1.0000,69.0000,69.0000,5761.0000,15669.5000,15669.5000
2020-06-29,"MA_Crossover(35,44)",5955.0000,5760.5000,1.0000,1.0000,-0.5000,-0.5000,5760.5000,15669.0000,15669.0000
2020-06-30,"MA_Crossover(35,44)",6008.2500,5813.7500,1.0000,1.0000,53.2500,53.2500,5813.7500,15722.2500,15722.2500
2020-07-01,"MA_Crossover(35,44)",6053.7500,5859.2500,1.0000,1.0000,45.5000,45.5000,5859.2500,15767.7500,15767.7500
2020-07-02,"MA_Crossover(35,44)",6072.0000,5877.5000,1.0000,1.0000,18.2500,18.2500,5877.5000,15786.0000,15786.0000
2020-07-03,"MA_Crossover(35,44)",6021.7500,5827.2500,1.0000,1.0000,-50.2500,-50.2500,5827.2500,15735.7500,15735.7500
2020-07-06,"MA_Crossover(35,44)",6135.2500,5940.7500,1.0000,1.0000,113.5000,113.5000,5940.7500,15849.2500,15849.2500
2020-07-07,"MA_Crossover(35,44)",6188.2500,5993.7500,1.0000,1.0000,53.0000,53.0000,5993.7500,15902.2500,15902.2500
2020-07-08,"MA_Crossover(35,44)",6233.0000,6038.5000,1.0000,1.0000,44.7500,44.7500,6038.5000,15947.0000,15947.0000
2020-07-09,"MA_Crossover(35,44)",6300.8500,6106.3500,1.0000,1.0000,67.8500,67.8500,6106.3500,16014.8500,16014.8500
2020-07-10,"MA_Crossover(35,44)",6418.0500,6223.5500,1.0000,1.0000,117.2000,117.2000,6223.5500,16132.0500,16132.0500
2020-07-13,"MA_Crossover(35,44)",6580.0000,6385.5000,1.0000,1.0000,161.9500,161.9500,6385.5000,16294.0000,16294.0000
2020-07-14,"MA_Crossover(35,44)",6497.5000,6306.5000,1.0000,1.0000,-79.0000,-79.0000,6306.5000,16215.0000,16215.0000
2020-07-15,"MA_Crossover(35,44)",6385.0000,6193.5000,1.0000,1.0000,-113.0000,-113.0000,6193.5000,16102.0000,16102.0000
2020-07-16,"MA_Crossover(35,44)",6440.7500,6247.0000,1.0000,1.0000,53.5000,53.5000,6247.0000,16155.5000,16155.5000
2020-07-17,"MA_Crossover(35,44)",6455.0000,6264.5000,1.0000,1.0000,17.5000,17.5000,6264.5000,16173.0000,16173.0000
2020-07-20,"MA_Crossover(35,44)",6493.2500,6302.7500,1.0000,1.0000,38.2500,38.2500,6302.7500,16211.2500,16211.2500
2020-07-21,"MA_Crossover(35,44)",6540.7000,6350.2000,1.0000,1.0000,47.4500,47.4500,6350.2000,16258.7000,16258.7000
2020-07-22,"MA_Crossover(35,44)",6496.0000,6305.5000,1.0000,1.0000,-44.7000,-44.7000,6305.5000,16214.0000,16214.0000
2020-07-23,"MA_Crossover(35,44)",6558.0000,6367.5000,1.0000,1.0000,62.0000,62.0000,6367.5000,16276.0000,16276.0000
2020-07-24,"MA_Crossover(35,44)",6425.0000,6234.5000,1.0000,1.0000,-133.0000,-133.0000,6234.5000,16143.0000,16143.0000
2020-07-27,"MA_Crossover(35,44)",6423.7500,6233.2500,1.0000,1.0000,-1.2500,-1.2500,6233.2500,16141.7500,16141.7500
2020-07-28,"MA_Crossover(35,44)",6484.0000,6293.5000,1.0000,1.0000,60.2500,60.2500,6293.5000,16202.0000,16202.0000
2020-07-29,"MA_Crossover(35,44)",6480.0000,6289.5000,1.0000,1.0000,-4.0000,-4.0000,6289.5000,16198.0000,16198.0000
2020-07-30,"MA_Crossover(35,44)",6439.7500,6249.2500,1.0000,1.0000,-40.2500,-40.2500,6249.2500,16157.7500,16157.7500
2020-07-31,"MA_Crossover(35,44)",6422.5000,6232.0000,1.0000,1.0000,-17.2500,-17.2500,6232.0000,16140.5000,16140.5000
2020-08-03,"MA_Crossover(35,44)",6500.5000,6310.0000,1.0000,1.0000,78.0000,78.0000,6310.0000,16218.5000,16218.5000
2020-08-04,"MA_Crossover(35,44)",6459.0000,6268.5000,1.0000,1.0000,-41.5000,-41.5000,6268.5000,16177.0000,16177.0000
2020-08-05,"MA_Crossover(35,44)",6503.2500,6312.7500,1.0000,1.0000,44.2500,44.2500,6312.7500,16221.2500,16221.2500
2020-08-06,"MA_Crossover(35,44)",6483.5000,6293.0000,1.0000,1.0000,-19.7500,-19.7500,6293.0000,16201.5000,16201.5000
2020-08-07,"MA_Crossover(35,44)",6310.5000,6120.0000,1.0000,1.0000,-173.0000,-173.0000,6120.0000,16028.5000,16028.5000
2020-08-10,"MA_Crossover(35,44)",6397.2500,6206.7500,1.0000,1.0000,86.7500,86.7500,6206.7500,16115.2500,16115.2500
2020-08-11,"MA_Crossover(35,44)",6384.5000,6194.0000,1.0000,1.0000,-12.7500,-12.7500,6194.0000,16102.5000,16102.5000
2020-08-12,"MA_Crossover(35,44)",6435.0000,6244.5000,1.0000,1.0000,50.5000,50.5000,6244.5000,16153.0000,16153.0000
2020-08-13,"MA_Crossover(35,44)",6261.5000,6071.0000,1.0000,1.0000,-173.5000,-173.5000,6071.0000,15979.5000,15979.5000
2020-08-14,"MA_Crossover(35,44)",6376.2500,6185.7500,1.0000,1.0000,114.7500,114.7500,6185.7500,16094.2500,16094.2500
2020-08-17,"MA_Crossover(35,44)",6450.7500,6260.2500,1.0000,1.0000,74.5000,74.5000,6260.2500,16168.7500,16168.7500
2020-08-18,"MA_Crossover(35,44)",6571.0000,6383.5000,1.0000,1.0000,123.2500,123.2500,6383.5000,16292.0000,16292.0000
2020-08-19,"MA_Crossover(35,44)",6691.7500,6504.0000,1.0000,1.0000,120.5000,120.5000,6504.0000,16412.5000,16412.5000
2020-08-20,"MA_Crossover(35,44)",6609.7500,6421.7500,1.0000,1.0000,-82.2500,-82.2500,6421.7500,16330.2500,16330.2500
2020-08-21,"MA_Crossover(35,44)",6498.7500,6314.2500,1.0000,1.0000,-107.5000,-107.5000,6314.2500,16222.7500,16222.7500
2020-08-24,"MA_Crossover(35,44)",6521.7500,6337.2500,1.0000,1.0000,23.0000,23.0000,6337.2500,16245.7500,16245.7500
2020-08-25,"MA_Crossover(35,44)",6535.2500,6350.7500,1.0000,1.0000,13.5000,13.5000,6350.7500,16259.2500,16259.2500
2020-08-26,"MA_Crossover(35,44)",6604.7500,6420.2500,1.0000,1.0000,69.5000,69.5000,6420.2500,16328.7500,16328.7500
2020-08-27,"MA_Crossover(35,44)",6632.5000,6448.0000,1.0000,1.0000,27.7500,27.7500,6448.0000,16356.5000,16356.5000
2020-08-28,"MA_Crossover(35,44)",6681.5000,6497.0000,1.0000,1.0000,49.0000,49.0000,6497.0000,16405.5000,16405.5000
2020-09-01,"MA_Crossover(35,44)",6700.5000,6516.0000,1.0000,1.0000,19.0000,19.0000,6516.0000,16424.5000,16424.5000
2020-09-02,"MA_Crossover(35,44)",6706.7500,6522.2500,1.0000,1.0000,6.2500,6.2500,6522.2500,16430.7500,16430.7500
2020-09-03,"MA_Crossover(35,44)",6573.7500,6389.2500,1.0000,1.0000,-133.0000,-133.0000,6389.2500,16297.7500,16297.7500
2020-09-04,"MA_Crossover(35,44)",6724.5000,6540.0000,1.0000,1.0000,150.7500,150.7500,6540.0000,16448.5000,16448.5000
2020-09-07,"MA_Crossover(35,44)",6805.7500,6621.2500,1.0000,1.0000,81.2500,81.2500,6621.2500,16529.7500,16529.7500
2020-09-08,"MA_Crossover(35,44)",6685.2500,6500.7500,1.0000,1.0000,-120.5000,-120.5000,6500.7500,16409.2500,16409.2500
2020-09-09,"MA_Crossover(35,44)",6751.5000,6567.0000,1.0000,1.0000,66.2500,66.2500,6567.0000,16475.5000,16475.5000
2020-09-10,"MA_Crossover(35,44)",6686.0000,6501.5000,1.0000,1.0000,-65.5000,-65.5000,6501.5000,16410.0000,16410.0000
2020-09-11,"MA_Crossover(35,44)",6769.2500,6584.7500,1.0000,1.0000,83.2500,83.2500,6584.7500,16493.2500,16493.2500
2020-09-14,"MA_Crossover(35,44)",6814.5000,6630.0000,1.0000,1.0000,45.2500,45.2500,6630.0000,16538.5000,16538.5000
2020-09-15,"MA_Crossover(35,44)",6769.7500,6591.0000,1.0000,1.0000,-39.0000,-39.0000,6591.0000,16499.5000,16499.5000
2020-09-16,"MA_Crossover(35,44)",6788.4000,6608.2500,1.0000,1.0000,17.2500,17.2500,6608.2500,16516.7500,16516.7500
2020-09-17,"MA_Crossover(35,44)",6797.2500,6615.7500,1.0000,1.0000,7.5000,7.5000,6615.7500,16524.2500,16524.2500
2020-09-18,"MA_Crossover(35,44)",6833.2500,6659.7500,1.0000,1.0000,44.0000,44.0000,6659.7500,16568.2500,16568.2500
2020-09-21,"MA_Crossover(35,44)",6710.5000,6537.0000,1.0000,1.0000,-122.7500,-122.7500,6537.0000,16445.5000,16445.5000
2020-09-22,"MA_Crossover(35,44)",6800.5000,6627.0000,1.0000,1.0000,90.0000,90.0000,6627.0000,16535.5000,16535.5000
2020-09-23,"MA_Crossover(35,44)",6616.1000,6442.6000,1.0000,1.0000,-184.4000,-184.4000,6442.6000,16351.1000,16351.1000
2020-09-24,"MA_Crossover(35,44)",6529.2500,6355.7500,1.0000,1.0000,-86.8500,-86.8500,6355.7500,16264.2500,16264.2500
2020-09-25,"MA_Crossover(35,44)",6546.5500,6373.0500,1.0000,1.0000,17.3000,17.3000,6373.0500,16281.5500,16281.5500
2020-09-28,"MA_Crossover(35,44)",6567.5000,6394.0000,1.0000,1.0000,20.9500,20.9500,6394.0000,16302.5000,16302.5000
2020-09-29,"MA_Crossover(35,44)",6581.0000,6407.5000,1.0000,1.0000,13.5000,13.5000,6407.5000,16316.0000,16316.0000
2020-09-30,"MA_Crossover(35,44)",6676.0000,6502.5000,1.0000,1.0000,95.0000,95.0000,6502.5000,16411.0000,16411.0000
2020-10-01,"MA_Crossover(35,44)",6382.5000,6209.0000,1.0000,1.0000,-293.5000,-293.5000,6209.0000,16117.5000,16117.5000
2020-10-02,"MA_Crossover(35,44)",6554.2500,6380.7500,1.0000,1.0000,171.7500,171.7500,6380.7500,16289.2500,16289.2500
2020-10-05,"MA_Crossover(35,44)",6521.7500,6348.2500,1.0000,1.0000,-32.5000,-32.5000,6348.2500,16256.7500,16256.7500
2020-10-06,"MA_Crossover(35,44)",6519.2500,6345.7500,1.0000,1.0000,-2.5000,-2.5000,6345.7500,16254.2500,16254.2500
2020-10-07,"MA_Crossover(35,44)",6669.7500,6496.2500,1.0000,1.0000,150.5000,150.5000,6496.2500,16404.7500,16404.7500
2020-10-08,"MA_Crossover(35,44)",6679.5000,6506.0000,1.0000,1.0000,9.7500,9.7500,6506.0000,16414.5000,16414.5000
2020-10-09,"MA_Crossover(35,44)",6768.5000,6595.0000,1.0000,1.0000,89.0000,89.0000,6595.0000,16503.5000,16503.5000
2020-10-12,"MA_Crossover(35,44)",6731.5000,6558.0000,1.0000,1.0000,-37.0000,-37.0000,6558.0000,16466.5000,16466.5000
2020-10-13,"MA_Crossover(35,44)",6685.2500,6511.7500,1.0000,1.0000,-46.2500,-46.2500,6511.7500,16420.2500,16420.2500
2020-10-14,"MA_Crossover(35,44)",6705.2500,6531.7500,1.0000,1.0000,20.0000,20.0000,6531.7500,16440.2500,16440.2500
2020-10-15,"MA_Crossover(35,44)",6739.2500,6565.7500,1.0000,1.0000,34.0000,34.0000,6565.7500,16474.2500,16474.2500
2020-10-16,"MA_Crossover(35,44)",6724.5000,6551.0000,1.0000,1.0000,-14.7500,-14.7500,6551.0000,16459.5000,16459.5000
2020-10-19,"MA_Crossover(35,44)",6758.7500,6585.2500,1.0000,1.0000,34.2500,34.2500,6585.2500,16493.7500,16493.7500
2020-10-20,"MA_Crossover(35,44)",6892.0000,6709.7500,1.0000,1.0000,124.5000,124.5000,6709.7500,16618.2500,16618.2500
2020-10-21,"MA_Crossover(35,44)",6989.2500,6805.7500,1.0000,1.0000,96.0000,96.0000,6805.7500,16714.2500,16714.2500
2020-10-22,"MA_Crossover(35,44)",6917.5000,6734.5000,1.0000,1.0000,-71.2500,-71.2500,6734.5000,16643.0000,16643.0000
2020-10-23,"MA_Crossover(35,44)",6861.7500,6675.2500,1.0000,1.0000,-59.2500,-59.2500,6675.2500,16583.7500,16583.7500
2020-10-26,"MA_Crossover(35,44)",6772.7500,6586.2500,1.0000,1.0000,-89.0000,-89.0000,6586.2500,16494.7500,16494.7500
2020-10-27,"MA_Crossover(35,44)",6790.0000,6603.5000,1.0000,1.0000,17.2500,17.2500,6603.5000,16512.0000,16512.0000
2020-10-28,"MA_Crossover(35,44)",6740.5000,6554.0000,1.0000,1.0000,-49.5000,-49.5000,6554.0000,16462.5000,16462.5000
2020-10-29,"MA_Crossover(35,44)",6724.0000,6537.5000,1.0000,1.0000,-16.5000,-16.5000,6537.5000,16446.0000,16446.0000
2020-10-30,"MA_Crossover(35,44)",6713.7500,6527.2500,-1.0000,1.0000,-10.2500,-10.2500,6527.2500,16435.7500,16435.7500
2020-11-02,"MA_Crossover(35,44)",6757.0000,6570.5000,-1.0000,-1.0000,43.2500,-43.2500,-6570.5000,16392.5000,16392.5000
2020-11-03,"MA_Crossover(35,44)",6810.2500,6623.7500,-1.0000,-1.0000,53.2500,-53.2500,-6623.7500,16339.2500,16339.2500
2020-11-04,"MA_Crossover(35,44)",6831.0000,6644.5000,-1.0000,-1.0000,20.7500,-20.7500,-6644.5000,16318.5000,16318.5000
2020-11-05,"MA_Crossover(35,44)",6844.2500,6657.7500,-1.0000,-1.0000,13.2500,-13.2500,-6657.7500,16305.2500,16305.2500
2020-11-06,"MA_Crossover(35,44)",6936.2500,6749.7500,-1.0000,-1.0000,92.0000,-92.0000,-6749.7500,16213.2500,16213.2500
2020-11-09,"MA_Crossover(35,44)",6904.5000,6718.0000,-1.0000,-1.0000,-31.7500,31.7500,-6718.0000,16245.0000,16245.0000
2020-11-10,"MA_Crossover(35,44)",6915.2500,6728.7500,-1.0000,-1.0000,10.7500,-10.7500,-6728.7500,16234.2500,16234.2500
2020-11-11,"MA_Crossover(35,44)",6868.7500,6682.2500,-1.0000,-1.0000,-46.5000,46.5000,-6682.2500,16280.7500,16280.7500
2020-11-12,"MA_Crossover(35,44)",6916.7500,6730.2500,1.0000,-1.0000,48.0000,-48.0000,-6730.2500,16232.7500,16232.7500
2020-11-13,"MA_Crossover(35,44)",6966.7500,6780.2500,1.0000,1.0000,50.0000,50.0000,6780.2500,16282.7500,16282.7500
2020-11-16,"MA_Crossover(35,44)",7092.7500,6906.2500,1.0000,1.0000,126.0000,126.0000,6906.2500,16408.7500,16408.7500
2020-11-17,"MA_Crossover(35,44)",7059.5000,6868.2500,1.0000,1.0000,-38.0000,-38.0000,6868.2500,16370.7500,16370.7500
2020-11-18,"MA_Crossover(35,44)",7082.0000,6891.0000,1.0000,1.0000,22.7500,22.7500,6891.0000,16393.5000,16393.5000
2020-11-19,"MA_Crossover(35,44)",7086.7500,6895.7500,1.0000,1.0000,4.7500,4.7500,6895.7500,16398.2500,16398.2500
2020-11-20,"MA_Crossover(35,44)",7271.5000,7076.0000,1.0000,1.0000,180.2500,180.2500,7076.0000,16578.5000,16578.5000
2020-11-23,"MA_Crossover(35,44)",7170.5000,6975.0000,1.0000,1.0000,-101.0000,-101.0000,6975.0000,16477.5000,16477.5000
2020-11-24,"MA_Crossover(35,44)",7286.2500,7090.7500,1.0000,1.0000,115.7500,115.7500,7090.7500,16593.2500,16593.2500
2020-11-25,"MA_Crossover(35,44)",7291.0000,7095.5000,1.0000,1.0000,4.7500,4.7500,7095.5000,16598.0000,16598.0000
2020-11-26,"MA_Crossover(35,44)",7393.7500,7198.2500,1.0000,1.0000,102.7500,102.7500,7198.2500,16700.7500,16700.7500
2020-11-27,"MA_Crossover(35,44)",7493.2500,7297.7500,1.0000,1.0000,99.5000,99.5000,7297.7500,16800.2500,16800.2500
2020-11-30,"MA_Crossover(35,44)",7573.7500,7378.2500,1.0000,1.0000,80.5000,80.5000,7378.2500,16880.7500,16880.7500
2020-12-01,"MA_Crossover(35,44)",7688.0000,7492.5000,1.0000,1.0000,114.2500,114.2500,7492.5000,16995.0000,16995.0000
2020-12-02,"MA_Crossover(35,44)",7668.0000,7472.5000,1.0000,1.0000,-20.0000,-20.0000,7472.5000,16975.0000,16975.0000
2020-12-03,"MA_Crossover(35,44)",7671.2500,7475.7500,1.0000,1.0000,3.2500,3.2500,7475.7500,16978.2500,16978.2500
2020-12-04,"MA_Crossover(35,44)",7753.7500,7558.2500,1.0000,1.0000,82.5000,82.5000,7558.2500,17060.7500,17060.7500
2020-12-07,"MA_Crossover(35,44)",7697.7500,7502.2500,1.0000,1.0000,-56.0000,-56.0000,7502.2500,17004.7500,17004.7500
2020-12-08,"MA_Crossover(35,44)",7681.5000,7486.0000,1.0000,1.0000,-16.2500,-16.2500,7486.0000,16988.5000,16988.5000
2020-12-09,"MA_Crossover(35,44)",7707.5000,7512.0000,1.0000,1.0000,26.0000,26.0000,7512.0000,17014.5000,17014.5000
2020-12-10,"MA_Crossover(35,44)",7861.7500,7666.2500,1.0000,1.0000,154.2500,154.2500,7666.2500,17168.7500,17168.7500
2020-12-11,"MA_Crossover(35,44)",7755.5000,7560.0000,1.0000,1.0000,-106.2500,-106.2500,7560.0000,17062.5000,17062.5000
2020-12-14,"MA_Crossover(35,44)",7729.0000,7533.5000,1.0000,1.0000,-26.5000,-26.5000,7533.5000,17036.0000,17036.0000
2020-12-15,"MA_Crossover(35,44)",7775.0000,7570.5000,1.0000,1.0000,37.0000,37.0000,7570.5000,17073.0000,17073.0000
2020-12-16,"MA_Crossover(35,44)",7827.7500,7623.5000,1.0000,1.0000,53.0000,53.0000,7623.5000,17126.0000,17126.0000
2020-12-17,"MA_Crossover(35,44)",7912.2500,7707.7500,1.0000,1.0000,84.2500,84.2500,7707.7500,17210.2500,17210.2500
2020-12-18,"MA_Crossover(35,44)",7980.2500,7772.2500,1.0000,1.0000,64.5000,64.5000,7772.2500,17274.7500,17274.7500
2020-12-21,"MA_Crossover(35,44)",7840.0500,7632.0500,1.0000,1.0000,-140.2000,-140.2000,7632.0500,17134.5500,17134.5500
2020-12-22,"MA_Crossover(35,44)",7738.5500,7530.5500,1.0000,1.0000,-101.5000,-101.5000,7530.5500,17033.0500,17033.0500
2020-12-23,"MA_Crossover(35,44)",7838.5000,7630.5000,1.0000,1.0000,99.9500,99.9500,7630.5000,17133.0000,17133.0000
2020-12-24,"MA_Crossover(35,44)",7782.2500,7574.2500,1.0000,1.0000,-56.2500,-56.2500,7574.2500,17076.7500,17076.7500
2020-12-29,"MA_Crossover(35,44)",7856.7000,7648.7000,1.0000,1.0000,74.4500,74.4500,7648.7000,17151.2000,17151.2000
2020-12-30,"MA_Crossover(35,44)",7842.0000,7634.0000,1.0000,1.0000,-14.7000,-14.7000,7634.0000,17136.5000,17136.5000
2020-12-31,"MA_Crossover(35,44)",7757.7500,7549.7500,1.0000,1.0000,-84.2500,-84.2500,7549.7500,17052.2500,17052.2500
2021-01-04,"MA_Crossover(35,44)",7850.7500,7642.7500,1.0000,1.0000,93.0000,93.0000,7642.7500,17145.2500,17145.2500
2021-01-05,"MA_Crossover(35,44)",7997.0000,7789.0000,1.0000,1.0000,146.2500,146.2500,7789.0000,17291.5000,17291.5000
2021-01-06,"MA_Crossover(35,44)",8032.5000,7824.5000,1.0000,1.0000,35.5000,35.5000,7824.5000,17327.0000,17327.0000
2021-01-07,"MA_Crossover(35,44)",8169.0000,7961.0000,1.0000,1.0000,136.5000,136.5000,7961.0000,17463.5000,17463.5000
2021-01-08,"MA_Crossover(35,44)",8120.0000,7912.0000,1.0000,1.0000,-49.0000,-49.0000,7912.0000,17414.5000,17414.5000
2021-01-11,"MA_Crossover(35,44)",7851.2500,7643.2500,1.0000,1.0000,-268.7500,-268.7500,7643.2500,17145.7500,17145.7500
2021-01-12,"MA_Crossover(35,44)",7965.5000,7757.5000,1.0000,1.0000,114.2500,114.2500,7757.5000,17260.0000,17260.0000
2021-01-13,"MA_Crossover(35,44)",7996.5000,7788.5000,1.0000,1.0000,31.0000,31.0000,7788.5000,17291.0000,17291.0000
2021-01-14,"MA_Crossover(35,44)",8039.5000,7831.5000,1.0000,1.0000,43.0000,43.0000,7831.5000,17334.0000,17334.0000
2021-01-15,"MA_Crossover(35,44)",7937.7500,7729.7500,1.0000,1.0000,-101.7500,-101.7500,7729.7500,17232.2500,17232.2500
2021-01-18,"MA_Crossover(35,44)",7968.0000,7760.0000,1.0000,1.0000,30.2500,30.2500,7760.0000,17262.5000,17262.5000
2021-01-19,"MA_Crossover(35,44)",7955.2500,7743.0000,1.0000,1.0000,-17.0000,-17.0000,7743.0000,17245.5000,17245.5000
2021-01-20,"MA_Crossover(35,44)",8046.5000,7833.5000,1.0000,1.0000,90.5000,90.5000,7833.5000,17336.0000,17336.0000
2021-01-21,"MA_Crossover(35,44)",8022.2500,7810.7500,1.0000,1.0000,-22.7500,-22.7500,7810.7500,17313.2500,17313.2500
2021-01-22,"MA_Crossover(35,44)",8001.7500,7790.7500,1.0000,1.0000,-20.0000,-20.0000,7790.7500,17293.2500,17293.2500
2021-01-25,"MA_Crossover(35,44)",7972.0000,7761.0000,1.0000,1.0000,-29.7500,-29.7500,7761.0000,17263.5000,17263.5000
2021-01-26,"MA_Crossover(35,44)",8011.7500,7800.7500,1.0000,1.0000,39.7500,39.7500,7800.7500,17303.2500,17303.2500
2021-01-27,"MA_Crossover(35,44)",7826.7500,7615.7500,1.0000,1.0000,-185.0000,-185.0000,7615.7500,17118.2500,17118.2500
2021-01-28,"MA_Crossover(35,44)",7882.1500,7671.1500,1.0000,1.0000,55.4000,55.4000,7671.1500,17173.6500,17173.6500
2021-01-29,"MA_Crossover(35,44)",7862.5000,7651.5000,1.0000,1.0000,-19.6500,-19.6500,7651.5000,17154.0000,17154.0000
2021-02-01,"MA_Crossover(35,44)",7802.5500,7591.5500,1.0000,1.0000,-59.9500,-59.9500,7591.5500,17094.0500,17094.0500
2021-02-02,"MA_Crossover(35,44)",7784.5000,7573.5000,1.0000,1.0000,-18.0500,-18.0500,7573.5000,17076.0000,17076.0000
2021-02-03,"MA_Crossover(35,44)",7851.5000,7640.5000,1.0000,1.0000,67.0000,67.0000,7640.5000,17143.0000,17143.0000
2021-02-04,"MA_Crossover(35,44)",7826.5000,7615.5000,1.0000,1.0000,-25.0000,-25.0000,7615.5000,17118.0000,17118.0000
2021-02-05,"MA_Crossover(35,44)",7922.0000,7711.0000,1.0000,1.0000,95.5000,95.5000,7711.0000,17213.5000,17213.5000
2021-02-08,"MA_Crossover(35,44)",8046.7500,7835.7500,1.0000,1.0000,124.7500,124.7500,7835.7500,17338.2500,17338.2500
2021-02-09,"MA_Crossover(35,44)",8156.7500,7945.7500,1.0000,1.0000,110.0000,110.0000,7945.7500,17448.2500,17448.2500
2021-02-10,"MA_Crossover(35,44)",8304.0000,8093.0000,1.0000,1.0000,147.2500,147.2500,8093.0000,17595.5000,17595.5000
2021-02-11,"MA_Crossover(35,44)",8288.7500,8077.7500,1.0000,1.0000,-15.2500,-15.2500,8077.7500,17580.2500,17580.2500
2021-02-12,"MA_Crossover(35,44)",8351.5000,8140.5000,1.0000,1.0000,62.7500,62.7500,8140.5000,17643.0000,17643.0000
2021-02-15,"MA_Crossover(35,44)",8422.5000,8211.5000,1.0000,1.0000,71.0000,71.0000,8211.5000,17714.0000,17714.0000
2021-02-16,"MA_Crossover(35,44)",8416.0000,8213.5000,1.0000,1.0000,2.0000,2.0000,8213.5000,17716.0000,17716.0000
2021-02-17,"MA_Crossover(35,44)",8398.2500,8196.7500,1.0000,1.0000,-16.7500,-16.7500,8196.7500,17699.2500,17699.2500
2021-02-18,"MA_Crossover(35,44)",8562.2500,8360.7500,1.0000,1.0000,164.0000,164.0000,8360.7500,17863.2500,17863.2500
2021-02-19,"MA_Crossover(35,44)",8923.7500,8727.7500,1.0000,1.0000,367.0000,367.0000,8727.7500,18230.2500,18230.2500
2021-02-22,"MA_Crossover(35,44)",9111.0000,8915.0000,1.0000,1.0000,187.2500,187.2500,8915.0000,18417.5000,18417.5000
2021-02-23,"MA_Crossover(35,44)",9219.5000,9023.5000,1.0000,1.0000,108.5000,108.5000,9023.5000,18526.0000,18526.0000
2021-02-24,"MA_Crossover(35,44)",9326.0000,9130.0000,1.0000,1.0000,106.5000,106.5000,9130.0000,18632.5000,18632.5000
2021-02-25,"MA_Crossover(35,44)",9428.2500,9232.2500,1.0000,1.0000,102.2500,102.2500,9232.2500,18734.7500,18734.7500
2021-02-26,"MA_Crossover(35,44)",9093.2500,8897.2500,1.0000,1.0000,-335.0000,-335.0000,8897.2500,18399.7500,18399.7500
2021-03-01,"MA_Crossover(35,44)",9062.0000,8866.0000,1.0000,1.0000,-31.2500,-31.2500,8866.0000,18368.5000,18368.5000
2021-03-02,"MA_Crossover(35,44)",9195.2500,8999.2500,1.0000,1.0000,133.2500,133.2500,8999.2500,18501.7500,18501.7500
2021-03-03,"MA_Crossover(35,44)",9120.7500,8924.7500,1.0000,1.0000,-74.5000,-74.5000,8924.7500,18427.2500,18427.2500
2021-03-04,"MA_Crossover(35,44)",8924.7500,8728.7500,1.0000,1.0000,-196.0000,-196.0000,8728.7500,18231.2500,18231.2500
2021-03-05,"MA_Crossover(35,44)",8911.2000,8715.2000,1.0000,1.0000,-13.5500,-13.5500,8715.2000,18217.7000,18217.7000
2021-03-08,"MA_Crossover(35,44)",9018.0000,8822.0000,1.0000,1.0000,106.8000,106.8000,8822.0000,18324.5000,18324.5000
2021-03-09,"MA_Crossover(35,44)",8797.5000,8601.5000,1.0000,1.0000,-220.5000,-220.5000,8601.5000,18104.0000,18104.0000
2021-03-10,"MA_Crossover(35,44)",8877.7500,8681.7500,1.0000,1.0000,80.2500,80.2500,8681.7500,18184.2500,18184.2500
2021-03-11,"MA_Crossover(35,44)",9069.0000,8873.0000,1.0000,1.0000,191.2500,191.2500,8873.0000,18375.5000,18375.5000
2021-03-12,"MA_Crossover(35,44)",9104.0000,8908.0000,1.0000,1.0000,35.0000,35.0000,8908.0000,18410.5000,18410.5000
2021-03-15,"MA_Crossover(35,44)",9164.2500,8968.2500,1.0000,1.0000,60.2500,60.2500,8968.2500,18470.7500,18470.7500
2021-03-16,"MA_Crossover(35,44)",8968.5000,8775.5000,1.0000,1.0000,-192.7500,-192.7500,8775.5000,18278.0000,18278.0000
2021-03-17,"MA_Crossover(35,44)",9079.5000,8885.2500,1.0000,1.0000,109.7500,109.7500,8885.2500,18387.7500,18387.7500
2021-03-18,"MA_Crossover(35,44)",9072.5000,8877.0000,1.0000,1.0000,-8.2500,-8.2500,8877.0000,18379.5000,18379.5000
2021-03-19,"MA_Crossover(35,44)",9076.2500,8887.2500,1.0000,1.0000,10.2500,10.2500,8887.2500,18389.7500,18389.7500
2021-03-22,"MA_Crossover(35,44)",9123.7500,8934.7500,1.0000,1.0000,47.5000,47.5000,8934.7500,18437.2500,18437.2500
2021-03-23,"MA_Crossover(35,44)",8991.0000,8802.0000,1.0000,1.0000,-132.7500,-132.7500,8802.0000,18304.5000,18304.5000
2021-03-24,"MA_Crossover(35,44)",8985.2500,8796.2500,1.0000,1.0000,-5.7500,-5.7500,8796.2500,18298.7500,18298.7500
2021-03-25,"MA_Crossover(35,44)",8791.0000,8602.0000,1.0000,1.0000,-194.2500,-194.2500,8602.0000,18104.5000,18104.5000
2021-03-26,"MA_Crossover(35,44)",8973.5000,8784.5000,1.0000,1.0000,182.5000,182.5000,8784.5000,18287.0000,18287.0000
2021-03-29,"MA_Crossover(35,44)",8874.5000,8685.5000,1.0000,1.0000,-99.0000,-99.0000,8685.5000,18188.0000,18188.0000
2021-03-30,"MA_Crossover(35,44)",8780.0000,8591.0000,1.0000,1.0000,-94.5000,-94.5000,8591.0000,18093.5000,18093.5000
2021-03-31,"MA_Crossover(35,44)",8793.0000,8604.0000,1.0000,1.0000,13.0000,13.0000,8604.0000,18106.5000,18106.5000
2021-04-01,"MA_Crossover(35,44)",8799.5000,8610.5000,1.0000,1.0000,6.5000,6.5000,8610.5000,18113.0000,18113.0000
2021-04-06,"MA_Crossover(35,44)",9059.5000,8870.5000,1.0000,1.0000,260.0000,260.0000,8870.5000,18373.0000,18373.0000
2021-04-07,"MA_Crossover(35,44)",8924.5000,8735.5000,1.0000,1.0000,-135.0000,-135.0000,8735.5000,18238.0000,18238.0000
2021-04-08,"MA_Crossover(35,44)",9018.2500,8829.2500,1.0000,1.0000,93.7500,93.7500,8829.2500,18331.7500,18331.7500
2021-04-09,"MA_Crossover(35,44)",8934.7500,8745.7500,1.0000,1.0000,-83.5000,-83.5000,8745.7500,18248.2500,18248.2500
2021-04-12,"MA_Crossover(35,44)",8865.2500,8676.2500,1.0000,1.0000,-69.5000,-69.5000,8676.2500,18178.7500,18178.7500
2021-04-13,"MA_Crossover(35,44)",8903.2500,8714.2500,1.0000,1.0000,38.0000,38.0000,8714.2500,18216.7500,18216.7500
2021-04-14,"MA_Crossover(35,44)",9082.0000,8893.0000,1.0000,1.0000,178.7500,178.7500,8893.0000,18395.5000,18395.5000
2021-04-15,"MA_Crossover(35,44)",9295.2500,9106.2500,1.0000,1.0000,213.2500,213.2500,9106.2500,18608.7500,18608.7500
2021-04-16,"MA_Crossover(35,44)",9225.5000,9036.5000,1.0000,1.0000,-69.7500,-69.7500,9036.5000,18539.0000,18539.0000
2021-04-19,"MA_Crossover(35,44)",9384.2500,9195.2500,1.0000,1.0000,158.7500,158.7500,9195.2500,18697.7500,18697.7500
2021-04-20,"MA_Crossover(35,44)",9326.2500,9138.2500,1.0000,1.0000,-57.0000,-57.0000,9138.2500,18640.7500,18640.7500
2021-04-21,"MA_Crossover(35,44)",9453.0000,9263.5000,1.0000,1.0000,125.2500,125.2500,9263.5000,18766.0000,18766.0000
2021-04-22,"MA_Crossover(35,44)",9411.2500,9221.5000,-1.0000,1.0000,-42.0000,-42.0000,9221.5000,18724.0000,18724.0000
2021-04-23,"MA_Crossover(35,44)",9563.5000,9378.0000,-1.0000,-1.0000,156.5000,-156.5000,-9378.0000,18567.5000,18567.5000
2021-04-26,"MA_Crossover(35,44)",9761.0000,9575.5000,-1.0000,-1.0000,197.5000,-197.5000,-9575.5000,18370.0000,18370.0000
2021-04-27,"MA_Crossover(35,44)",9860.5000,9675.0000,-1.0000,-1.0000,99.5000,-99.5000,-9675.0000,18270.5000,18270.5000
2021-04-28,"MA_Crossover(35,44)",9883.2500,9697.7500,1.0000,-1.0000,22.7500,-22.7500,-9697.7500,18247.7500,18247.7500
2021-04-29,"MA_Crossover(35,44)",9893.5000,9708.0000,1.0000,1.0000,10.2500,10.2500,9708.0000,18258.0000,18258.0000
2021-04-30,"MA_Crossover(35,44)",9833.0000,9647.5000,1.0000,1.0000,-60.5000,-60.5000,9647.5000,18197.5000,18197.5000
2021-05-04,"MA_Crossover(35,44)",9973.0000,9787.5000,1.0000,1.0000,140.0000,140.0000,9787.5000,18337.5000,18337.5000
2021-05-05,"MA_Crossover(35,44)",9955.0000,9769.5000,1.0000,1.0000,-18.0000,-18.0000,9769.5000,18319.5000,18319.5000
2021-05-06,"MA_Crossover(35,44)",10099.7500,9914.2500,1.0000,1.0000,144.7500,144.7500,9914.2500,18464.2500,18464.2500
2021-05-07,"MA_Crossover(35,44)",10423.5000,10238.0000,1.0000,1.0000,323.7500,323.7500,10238.0000,18788.0000,18788.0000
2021-05-10,"MA_Crossover(35,44)",10382.7500,10197.2500,1.0000,1.0000,-40.7500,-40.7500,10197.2500,18747.2500,18747.2500
2021-05-11,"MA_Crossover(35,44)",10452.5000,10267.0000,1.0000,1.0000,69.7500,69.7500,10267.0000,18817.0000,18817.0000
2021-05-12,"MA_Crossover(35,44)",10436.2500,10250.7500,1.0000,1.0000,-16.2500,-16.2500,10250.7500,18800.7500,18800.7500
2021-05-13,"MA_Crossover(35,44)",10328.7500,10143.2500,1.0000,1.0000,-107.5000,-107.5000,10143.2500,18693.2500,18693.2500
2021-05-14,"MA_Crossover(35,44)",10215.0000,10029.5000,1.0000,1.0000,-113.7500,-113.7500,10029.5000,18579.5000,18579.5000
2021-05-17,"MA_Crossover(35,44)",10344.7500,10159.2500,1.0000,1.0000,129.7500,129.7500,10159.2500,18709.2500,18709.2500
2021-05-18,"MA_Crossover(35,44)",10391.2500,10199.2500,1.0000,1.0000,40.0000,40.0000,10199.2500,18749.2500,18749.2500
2021-05-19,"MA_Crossover(35,44)",9992.5000,9800.0000,1.0000,1.0000,-399.2500,-399.2500,9800.0000,18350.0000,18350.0000
2021-05-20,"MA_Crossover(35,44)",10041.5000,9849.0000,1.0000,1.0000,49.0000,49.0000,9849.0000,18399.0000,18399.0000
2021-05-21,"MA_Crossover(35,44)",9877.0000,9677.5000,1.0000,1.0000,-171.5000,-171.5000,9677.5000,18227.5000,18227.5000
2021-05-24,"MA_Crossover(35,44)",9939.7500,9740.2500,1.0000,1.0000,62.7500,62.7500,9740.2500,18290.2500,18290.2500
2021-05-25,"MA_Crossover(35,44)",9910.7500,9711.2500,1.0000,1.0000,-29.0000,-29.0000,9711.2500,18261.2500,18261.2500
2021-05-26,"MA_Crossover(35,44)",9971.2500,9771.7500,1.0000,1.0000,60.5000,60.5000,9771.7500,18321.7500,18321.7500
2021-05-27,"MA_Crossover(35,44)",10212.1500,10012.6500,1.0000,1.0000,240.9000,240.9000,10012.6500,18562.6500,18562.6500
2021-05-28,"MA_Crossover(35,44)",10250.7500,10051.2500,1.0000,1.0000,38.6000,38.6000,10051.2500,18601.2500,18601.2500
2021-06-01,"MA_Crossover(35,44)",10236.5000,10037.0000,1.0000,1.0000,-14.2500,-14.2500,10037.0000,18587.0000,18587.0000
2021-06-02,"MA_Crossover(35,44)",10134.1500,9934.6500,1.0000,1.0000,-102.3500,-102.3500,9934.6500,18484.6500,18484.6500
2021-06-03,"MA_Crossover(35,44)",9772.2500,9572.7500,1.0000,1.0000,-361.9000,-361.9000,9572.7500,18122.7500,18122.7500
2021-06-04,"MA_Crossover(35,44)",9941.2500,9741.7500,1.0000,1.0000,169.0000,169.0000,9741.7500,18291.7500,18291.7500
2021-06-07,"MA_Crossover(35,44)",9883.7500,9684.2500,1.0000,1.0000,-57.5000,-57.5000,9684.2500,18234.2500,18234.2500
2021-06-08,"MA_Crossover(35,44)",9941.0000,9741.5000,1.0000,1.0000,57.2500,57.2500,9741.5000,18291.5000,18291.5000
2021-06-09,"MA_Crossover(35,44)",9956.2500,9756.7500,1.0000,1.0000,15.2500,15.2500,9756.7500,18306.7500,18306.7500
2021-06-10,"MA_Crossover(35,44)",9864.2500,9664.7500,1.0000,1.0000,-92.0000,-92.0000,9664.7500,18214.7500,18214.7500
2021-06-11,"MA_Crossover(35,44)",9975.7500,9776.2500,1.0000,1.0000,111.5000,111.5000,9776.2500,18326.2500,18326.2500
2021-06-14,"MA_Crossover(35,44)",9938.2500,9738.7500,1.0000,1.0000,-37.5000,-37.5000,9738.7500,18288.7500,18288.7500
2021-06-15,"MA_Crossover(35,44)",9551.7500,9346.7500,1.0000,1.0000,-392.0000,-392.0000,9346.7500,17896.7500,17896.7500
2021-06-16,"MA_Crossover(35,44)",9652.2500,9446.7500,1.0000,1.0000,100.0000,100.0000,9446.7500,17996.7500,17996.7500
2021-06-17,"MA_Crossover(35,44)",9302.2500,9096.2500,1.0000,1.0000,-350.5000,-350.5000,9096.2500,17646.2500,17646.2500
2021-06-18,"MA_Crossover(35,44)",9133.2500,8918.2500,1.0000,1.0000,-178.0000,-178.0000,8918.2500,17468.2500,17468.2500
2021-06-21,"MA_Crossover(35,44)",9168.0000,8953.0000,1.0000,1.0000,34.7500,34.7500,8953.0000,17503.0000,17503.0000
2021-06-22,"MA_Crossover(35,44)",9288.5000,9073.5000,1.0000,1.0000,120.5000,120.5000,9073.5000,17623.5000,17623.5000
2021-06-23,"MA_Crossover(35,44)",9466.7500,9251.7500,1.0000,1.0000,178.2500,178.2500,9251.7500,17801.7500,17801.7500
2021-06-24,"MA_Crossover(35,44)",9403.7500,9188.7500,1.0000,1.0000,-63.0000,-63.0000,9188.7500,17738.7500,17738.7500
2021-06-25,"MA_Crossover(35,44)",9399.4000,9184.4000,1.0000,1.0000,-4.3500,-4.3500,9184.4000,17734.4000,17734.4000
2021-06-28,"MA_Crossover(35,44)",9372.2500,9157.2500,-1.0000,1.0000,-27.1500,-27.1500,9157.2500,17707.2500,17707.2500
2021-06-29,"MA_Crossover(35,44)",9323.0000,9108.0000,-1.0000,-1.0000,-49.2500,49.2500,-9108.0000,17756.5000,17756.5000
2021-06-30,"MA_Crossover(35,44)",9363.5000,9148.5000,-1.0000,-1.0000,40.5000,-40.5000,-9148.5000,17716.0000,17716.0000
2021-07-01,"MA_Crossover(35,44)",9303.7500,9088.7500,-1.0000,-1.0000,-59.7500,59.7500,-9088.7500,17775.7500,17775.7500
2021-07-02,"MA_Crossover(35,44)",9358.0200,9143.0200,-1.0000,-1.0000,54.2700,-54.2700,-9143.0200,17721.4800,17721.4800
2021-07-05,"MA_Crossover(35,44)",9490.1000,9275.1000,-1.0000,-1.0000,132.0800,-132.0800,-9275.1000,17589.4000,17589.4000
2021-07-06,"MA_Crossover(35,44)",9290.0400,9075.0400,-1.0000,-1.0000,-200.0600,200.0600,-9075.0400,17789.4600,17789.4600
2021-07-07,"MA_Crossover(35,44)",9430.8100,9215.8100,-1.0000,-1.0000,140.7700,-140.7700,-9215.8100,17648.6900,17648.6900
2021-07-08,"MA_Crossover(35,44)",9294.5000,9079.5000,-1.0000,-1.0000,-136.3100,136.3100,-9079.5000,17785.0000,17785.0000
2021-07-09,"MA_Crossover(35,44)",9488.7500,9273.7500,-1.0000,-1.0000,194.2500,-194.2500,-9273.7500,17590.7500,17590.7500
2021-07-12,"MA_Crossover(35,44)",9379.5000,9164.5000,-1.0000,-1.0000,-109.2500,109.2500,-9164.5000,17700.0000,17700.0000
2021-07-13,"MA_Crossover(35,44)",9379.2500,9164.2500,-1.0000,-1.0000,-0.2500,0.2500,-9164.2500,17700.2500,17700.2500
2021-07-14,"MA_Crossover(35,44)",9306.5500,9091.5500,-1.0000,-1.0000,-72.7000,72.7000,-9091.5500,17772.9500,17772.9500
2021-07-15,"MA_Crossover(35,44)",9452.7500,9237.7500,-1.0000,-1.0000,146.2000,-146.2000,-9237.7500,17626.7500,17626.7500
2021-07-16,"MA_Crossover(35,44)",9391.5000,9176.5000,-1.0000,-1.0000,-61.2500,61.2500,-9176.5000,17688.0000,17688.0000
2021-07-19,"MA_Crossover(35,44)",9188.5000,8973.5000,-1.0000,-1.0000,-203.0000,203.0000,-8973.5000,17891.0000,17891.0000
2021-07-20,"MA_Crossover(35,44)",9318.5000,9097.5000,-1.0000,-1.0000,124.0000,-124.0000,-9097.5000,17767.0000,17767.0000
2021-07-21,"MA_Crossover(35,44)",9331.5000,9111.0000,-1.0000,-1.0000,13.5000,-13.5000,-9111.0000,17753.5000,17753.5000
2021-07-22,"MA_Crossover(35,44)",9428.2800,9207.0000,-1.0000,-1.0000,96.0000,-96.0000,-9207.0000,17657.5000,17657.5000
2021-07-23,"MA_Crossover(35,44)",9503.5000,9273.5000,-1.0000,-1.0000,66.5000,-66.5000,-9273.5000,17591.0000,17591.0000
2021-07-26,"MA_Crossover(35,44)",9799.2500,9569.2500,-1.0000,-1.0000,295.7500,-295.7500,-9569.2500,17295.2500,17295.2500
2021-07-27,"MA_Crossover(35,44)",9746.5000,9516.5000,-1.0000,-1.0000,-52.7500,52.7500,-9516.5000,17348.0000,17348.0000
2021-07-28,"MA_Crossover(35,44)",9671.0000,9441.0000,-1.0000,-1.0000,-75.5000,75.5000,-9441.0000,17423.5000,17423.5000
2021-07-29,"MA_Crossover(35,44)",9806.5000,9576.5000,-1.0000,-1.0000,135.5000,-135.5000,-9576.5000,17288.0000,17288.0000
2021-07-30,"MA_Crossover(35,44)",9708.7500,9478.7500,-1.0000,-1.0000,-97.7500,97.7500,-9478.7500,17385.7500,17385.7500
2021-08-02,"MA_Crossover(35,44)",9680.2000,9450.2000,-1.0000,-1.0000,-28.5500,28.5500,-9450.2000,17414.3000,17414.3000
2021-08-03,"MA_Crossover(35,44)",9520.0000,9290.0000,-1.0000,-1.0000,-160.2000,160.2000,-9290.0000,17574.5000,17574.5000
2021-08-04,"MA_Crossover(35,44)",9443.7500,9213.7500,-1.0000,-1.0000,-76.2500,76.2500,-9213.7500,17650.7500,17650.7500
2021-08-05,"MA_Crossover(35,44)",9469.7600,9239.7600,-1.0000,-1.0000,26.0100,-26.0100,-9239.7600,17624.7400,17624.7400
2021-08-06,"MA_Crossover(35,44)",9444.0000,9214.0000,-1.0000,-1.0000,-25.7600,25.7600,-9214.0000,17650.5000,17650.5000
2021-08-09,"MA_Crossover(35,44)",9342.2500,9112.2500,-1.0000,-1.0000,-101.7500,101.7500,-9112.2500,17752.2500,17752.2500
2021-08-10,"MA_Crossover(35,44)",9495.7500,9265.7500,-1.0000,-1.0000,153.5000,-153.5000,-9265.7500,17598.7500,17598.7500
2021-08-11,"MA_Crossover(35,44)",9484.2500,9254.2500,-1.0000,-1.0000,-11.5000,11.5000,-9254.2500,17610.2500,17610.2500
2021-08-12,"MA_Crossover(35,44)",9437.0000,9207.0000,1.0000,-1.0000,-47.2500,47.2500,-9207.0000,17657.5000,17657.5000
2021-08-13,"MA_Crossover(35,44)",9542.7500,9312.7500,1.0000,1.0000,105.7500,105.7500,9312.7500,17763.2500,17763.2500
2021-08-16,"MA_Crossover(35,44)",9419.5000,9189.5000,1.0000,1.0000,-123.2500,-123.2500,9189.5000,17640.0000,17640.0000
2021-08-17,"MA_Crossover(35,44)",9233.5000,9005.2500,1.0000,1.0000,-184.2500,-184.2500,9005.2500,17455.7500,17455.7500
2021-08-18,"MA_Crossover(35,44)",9032.0000,8803.0000,1.0000,1.0000,-202.2500,-202.2500,8803.0000,17253.5000,17253.5000
2021-08-19,"MA_Crossover(35,44)",8892.0000,8658.7500,1.0000,1.0000,-144.2500,-144.2500,8658.7500,17109.2500,17109.2500
2021-08-20,"MA_Crossover(35,44)",9041.0000,8806.0000,1.0000,1.0000,147.2500,147.2500,8806.0000,17256.5000,17256.5000
2021-08-23,"MA_Crossover(35,44)",9290.9500,9055.9500,1.0000,1.0000,249.9500,249.9500,9055.9500,17506.4500,17506.4500
2021-08-24,"MA_Crossover(35,44)",9374.5000,9139.5000,1.0000,1.0000,83.5500,83.5500,9139.5000,17590.0000,17590.0000
2021-08-25,"MA_Crossover(35,44)",9356.5000,9121.5000,1.0000,1.0000,-18.0000,-18.0000,9121.5000,17572.0000,17572.0000
2021-08-26,"MA_Crossover(35,44)",9305.0000,9070.0000,1.0000,1.0000,-51.5000,-51.5000,9070.0000,17520.5000,17520.5000
2021-08-27,"MA_Crossover(35,44)",9413.7500,9178.7500,1.0000,1.0000,108.7500,108.7500,9178.7500,17629.2500,17629.2500
2021-08-31,"MA_Crossover(35,44)",9525.2500,9290.2500,1.0000,1.0000,111.5000,111.5000,9290.2500,17740.7500,17740.7500
2021-09-01,"MA_Crossover(35,44)",9333.2500,9098.2500,1.0000,1.0000,-192.0000,-192.0000,9098.2500,17548.7500,17548.7500
2021-09-02,"MA_Crossover(35,44)",9366.7500,9131.7500,1.0000,1.0000,33.5000,33.5000,9131.7500,17582.2500,17582.2500
2021-09-03,"MA_Crossover(35,44)",9422.7500,9187.7500,1.0000,1.0000,56.0000,56.0000,9187.7500,17638.2500,17638.2500
2021-09-06,"MA_Crossover(35,44)",9443.7500,9208.7500,1.0000,1.0000,21.0000,21.0000,9208.7500,17659.2500,17659.2500
2021-09-07,"MA_Crossover(35,44)",9333.6500,9098.6500,1.0000,1.0000,-110.1000,-110.1000,9098.6500,17549.1500,17549.1500
2021-09-08,"MA_Crossover(35,44)",9228.5000,8993.5000,1.0000,1.0000,-105.1500,-105.1500,8993.5000,17444.0000,17444.0000
2021-09-09,"MA_Crossover(35,44)",9369.5000,9134.5000,1.0000,1.0000,141.0000,141.0000,9134.5000,17585.0000,17585.0000
2021-09-10,"MA_Crossover(35,44)",9684.5000,9449.5000,1.0000,1.0000,315.0000,315.0000,9449.5000,17900.0000,17900.0000
2021-09-13,"MA_Crossover(35,44)",9550.5000,9315.5000,1.0000,1.0000,-134.0000,-134.0000,9315.5000,17766.0000,17766.0000
2021-09-14,"MA_Crossover(35,44)",9434.0000,9197.7500,1.0000,1.0000,-117.7500,-117.7500,9197.7500,17648.2500,17648.2500
2021-09-15,"MA_Crossover(35,44)",9617.7500,9383.0000,-1.0000,1.0000,185.2500,185.2500,9383.0000,17833.5000,17833.5000
2021-09-16,"MA_Crossover(35,44)",9357.0000,9122.7500,-1.0000,-1.0000,-260.2500,260.2500,-9122.7500,18093.7500,18093.7500
2021-09-17,"MA_Crossover(35,44)",9307.2500,9068.0000,-1.0000,-1.0000,-54.7500,54.7500,-9068.0000,18148.5000,18148.5000
2021-09-20,"MA_Crossover(35,44)",9034.1500,8794.9000,-1.0000,-1.0000,-273.1000,273.1000,-8794.9000,18421.6000,18421.6000
2021-09-21,"MA_Crossover(35,44)",8976.5000,8737.2500,-1.0000,-1.0000,-57.6500,57.6500,-8737.2500,18479.2500,18479.2500
2021-09-22,"MA_Crossover(35,44)",9295.7500,9056.5000,-1.0000,-1.0000,319.2500,-319.2500,-9056.5000,18160.0000,18160.0000
2021-09-23,"MA_Crossover(35,44)",9282.4500,9043.2000,-1.0000,-1.0000,-13.3000,13.3000,-9043.2000,18173.3000,18173.3000
2021-09-24,"MA_Crossover(35,44)",9341.7500,9102.5000,-1.0000,-1.0000,59.3000,-59.3000,-9102.5000,18114.0000,18114.0000
2021-09-27,"MA_Crossover(35,44)",9369.5000,9130.2500,-1.0000,-1.0000,27.7500,-27.7500,-9130.2500,18086.2500,18086.2500
2021-09-28,"MA_Crossover(35,44)",9273.1000,9033.8500,-1.0000,-1.0000,-96.4000,96.4000,-9033.8500,18182.6500,18182.6500
2021-09-29,"MA_Crossover(35,44)",9165.0000,8925.7500,-1.0000,-1.0000,-108.1000,108.1000,-8925.7500,18290.7500,18290.7500
2021-09-30,"MA_Crossover(35,44)",8940.5000,8701.2500,-1.0000,-1.0000,-224.5000,224.5000,-8701.2500,18515.2500,18515.2500
2021-10-01,"MA_Crossover(35,44)",9131.5000,8892.2500,-1.0000,-1.0000,191.0000,-191.0000,-8892.2500,18324.2500,18324.2500
2021-10-04,"MA_Crossover(35,44)",9254.0000,9014.7500,-1.0000,-1.0000,122.5000,-122.5000,-9014.7500,18201.7500,18201.7500
2021-10-05,"MA_Crossover(35,44)",9175.0000,8935.7500,-1.0000,-1.0000,-79.0000,79.0000,-8935.7500,18280.7500,18280.7500
2021-10-06,"MA_Crossover(35,44)",9048.3500,8809.1000,-1.0000,-1.0000,-126.6500,126.6500,-8809.1000,18407.4000,18407.4000
2021-10-07,"MA_Crossover(35,44)",9282.2500,9043.0000,-1.0000,-1.0000,233.9000,-233.9000,-9043.0000,18173.5000,18173.5000
2021-10-08,"MA_Crossover(35,44)",9367.7500,9128.5000,-1.0000,-1.0000,85.5000,-85.5000,-9128.5000,18088.0000,18088.0000
2021-10-11,"MA_Crossover(35,44)",9564.7500,9325.5000,1.0000,-1.0000,197.0000,-197.0000,-9325.5000,17891.0000,17891.0000
2021-10-12,"MA_Crossover(35,44)",9490.0000,9250.7500,1.0000,1.0000,-74.7500,-74.7500,9250.7500,17816.2500,17816.2500
2021-10-13,"MA_Crossover(35,44)",9701.5000,9462.2500,1.0000,1.0000,211.5000,211.5000,9462.2500,18027.7500,18027.7500
2021-10-14,"MA_Crossover(35,44)",10076.0000,9836.7500,1.0000,1.0000,374.5000,374.5000,9836.7500,18402.2500,18402.2500
2021-10-15,"MA_Crossover(35,44)",10493.0000,10253.7500,1.0000,1.0000,417.0000,417.0000,10253.7500,18819.2500,18819.2500
2021-10-18,"MA_Crossover(35,44)",11299.5000,11060.2500,1.0000,1.0000,806.5000,806.5000,11060.2500,19625.7500,19625.7500
2021-10-19,"MA_Crossover(35,44)",10207.5000,10995.2500,1.0000,1.0000,-65.0000,-65.0000,10995.2500,19560.7500,19560.7500
2021-10-20,"MA_Crossover(35,44)",10271.2500,11043.0000,1.0000,1.0000,47.7500,47.7500,11043.0000,19608.5000,19608.5000
2021-10-21,"MA_Crossover(35,44)",9948.5000,10699.2500,1.0000,1.0000,-343.7500,-343.7500,10699.2500,19264.7500,19264.7500
2021-10-22,"MA_Crossover(35,44)",9792.0000,10612.7500,1.0000,1.0000,-86.5000,-86.5000,10612.7500,19178.2500,19178.2500
2021-10-25,"MA_Crossover(35,44)",9960.7500,10781.5000,1.0000,1.0000,168.7500,168.7500,10781.5000,19347.0000,19347.0000
2021-10-26,"MA_Crossover(35,44)",9885.5000,10706.2500,1.0000,1.0000,-75.2500,-75.2500,10706.2500,19271.7500,19271.7500
2021-10-27,"MA_Crossover(35,44)",9625.0000,10445.7500,1.0000,1.0000,-260.5000,-260.5000,10445.7500,19011.2500,19011.2500
2021-10-28,"MA_Crossover(35,44)",9815.5000,10636.2500,1.0000,1.0000,190.5000,190.5000,10636.2500,19201.7500,19201.7500
2021-10-29,"MA_Crossover(35,44)",9728.5000,10549.2500,1.0000,1.0000,-87.0000,-87.0000,10549.2500,19114.7500,19114.7500
2021-11-01,"MA_Crossover(35,44)",9958.0000,10778.7500,1.0000,1.0000,229.5000,229.5000,10778.7500,19344.2500,19344.2500
2021-11-02,"MA_Crossover(35,44)",9745.5000,10566.2500,1.0000,1.0000,-212.5000,-212.5000,10566.2500,19131.7500,19131.7500
2021-11-03,"MA_Crossover(35,44)",9646.5000,10467.2500,1.0000,1.0000,-99.0000,-99.0000,10467.2500,19032.7500,19032.7500
2021-11-04,"MA_Crossover(35,44)",9699.0000,10519.7500,1.0000,1.0000,52.5000,52.5000,10519.7500,19085.2500,19085.2500
2021-11-05,"MA_Crossover(35,44)",9752.0000,10572.7500,1.0000,1.0000,53.0000,53.0000,10572.7500,19138.2500,19138.2500
2021-11-08,"MA_Crossover(35,44)",9897.5000,10718.2500,1.0000,1.0000,145.5000,145.5000,10718.2500,19283.7500,19283.7500
2021-11-09,"MA_Crossover(35,44)",9764.5000,10585.2500,1.0000,1.0000,-133.0000,-133.0000,10585.2500,19150.7500,19150.7500
2021-11-10,"MA_Crossover(35,44)",9705.5000,10526.2500,1.0000,1.0000,-59.0000,-59.0000,10526.2500,19091.7500,19091.7500
2021-11-11,"MA_Crossover(35,44)",9808.5000,10629.2500,1.0000,1.0000,103.0000,103.0000,10629.2500,19194.7500,19194.7500
2021-11-12,"MA_Crossover(35,44)",9841.0000,10661.7500,1.0000,1.0000,32.5000,32.5000,10661.7500,19227.2500,19227.2500
2021-11-15,"MA_Crossover(35,44)",9705.5000,10526.2500,1.0000,1.0000,-135.5000,-135.5000,10526.2500,19091.7500,19091.7500
2021-11-16,"MA_Crossover(35,44)",9576.5000,10383.2500,1.0000,1.0000,-143.0000,-143.0000,10383.2500,18948.7500,18948.7500
2021-11-17,"MA_Crossover(35,44)",9427.4000,10234.1500,1.0000,1.0000,-149.1000,-149.1000,10234.1500,18799.6500,18799.6500
2021-11-18,"MA_Crossover(35,44)",9503.5000,10297.2500,1.0000,1.0000,63.1000,63.1000,10297.2500,18862.7500,18862.7500
2021-11-19,"MA_Crossover(35,44)",9744.0000,10559.7500,1.0000,1.0000,262.5000,262.5000,10559.7500,19125.2500,19125.2500
2021-11-22,"MA_Crossover(35,44)",9831.5000,10647.2500,1.0000,1.0000,87.5000,87.5000,10647.2500,19212.7500,19212.7500
2021-11-23,"MA_Crossover(35,44)",9809.0000,10624.7500,1.0000,1.0000,-22.5000,-22.5000,10624.7500,19190.2500,19190.2500
2021-11-24,"MA_Crossover(35,44)",9904.0000,10719.7500,1.0000,1.0000,95.0000,95.0000,10719.7500,19285.2500,19285.2500
2021-11-25,"MA_Crossover(35,44)",9898.0000,10713.7500,1.0000,1.0000,-6.0000,-6.0000,10713.7500,19279.2500,19279.2500
2021-11-26,"MA_Crossover(35,44)",9578.0000,10393.7500,1.0000,1.0000,-320.0000,-320.0000,10393.7500,18959.2500,18959.2500
2021-11-29,"MA_Crossover(35,44)",9670.5000,10486.2500,1.0000,1.0000,92.5000,92.5000,10486.2500,19051.7500,19051.7500
2021-11-30,"MA_Crossover(35,44)",9522.5000,10338.2500,1.0000,1.0000,-148.0000,-148.0000,10338.2500,18903.7500,18903.7500
2021-12-01,"MA_Crossover(35,44)",9498.2500,10314.0000,1.0000,1.0000,-24.2500,-24.2500,10314.0000,18879.5000,18879.5000
2021-12-02,"MA_Crossover(35,44)",9593.0000,10408.7500,1.0000,1.0000,94.7500,94.7500,10408.7500,18974.2500,18974.2500
2021-12-03,"MA_Crossover(35,44)",9489.0000,10304.7500,1.0000,1.0000,-104.0000,-104.0000,10304.7500,18870.2500,18870.2500
2021-12-06,"MA_Crossover(35,44)",9562.0000,10377.7500,-1.0000,1.0000,73.0000,73.0000,10377.7500,18943.2500,18943.2500
2021-12-07,"MA_Crossover(35,44)",9616.5000,10432.2500,-1.0000,-1.0000,54.5000,-54.5000,-10432.2500,18888.7500,18888.7500
2021-12-08,"MA_Crossover(35,44)",9658.5000,10474.2500,-1.0000,-1.0000,42.0000,-42.0000,-10474.2500,18846.7500,18846.7500
2021-12-09,"MA_Crossover(35,44)",9542.5000,10358.2500,-1.0000,-1.0000,-116.0000,116.0000,-10358.2500,18962.7500,18962.7500
2021-12-10,"MA_Crossover(35,44)",9507.5000,10323.2500,-1.0000,-1.0000,-35.0000,35.0000,-10323.2500,18997.7500,18997.7500
2021-12-13,"MA_Crossover(35,44)",9435.0000,10250.7500,-1.0000,-1.0000,-72.5000,72.5000,-10250.7500,19070.2500,19070.2500
2021-12-14,"MA_Crossover(35,44)",9421.5000,10218.2500,-1.0000,-1.0000,-32.5000,32.5000,-10218.2500,19102.7500,19102.7500
2021-12-15,"MA_Crossover(35,44)",9227.5000,10009.2500,-1.0000,-1.0000,-209.0000,209.0000,-10009.2500,19311.7500,19311.7500
2021-12-16,"MA_Crossover(35,44)",9537.5000,10324.2500,-1.0000,-1.0000,315.0000,-315.0000,-10324.2500,18996.7500,18996.7500
2021-12-17,"MA_Crossover(35,44)",9479.5000,10281.2500,-1.0000,-1.0000,-43.0000,43.0000,-10281.2500,19039.7500,19039.7500
2021-12-20,"MA_Crossover(35,44)",9474.0000,10275.7500,-1.0000,-1.0000,-5.5000,5.5000,-10275.7500,19045.2500,19045.2500
2021-12-21,"MA_Crossover(35,44)",9573.0000,10374.7500,-1.0000,-1.0000,99.0000,-99.0000,-10374.7500,18946.2500,18946.2500
2021-12-22,"MA_Crossover(35,44)",9652.0000,10453.7500,-1.0000,-1.0000,79.0000,-79.0000,-10453.7500,18867.2500,18867.2500
2021-12-23,"MA_Crossover(35,44)",9646.0000,10447.7500,-1.0000,-1.0000,-6.0000,6.0000,-10447.7500,18873.2500,18873.2500
2021-12-24,"MA_Crossover(35,44)",9606.5000,10408.2500,-1.0000,-1.0000,-39.5000,39.5000,-10408.2500,18912.7500,18912.7500
2021-12-29,"MA_Crossover(35,44)",9736.5000,10538.2500,-1.0000,-1.0000,130.0000,-130.0000,-10538.2500,18782.7500,18782.7500
2021-12-30,"MA_Crossover(35,44)",9732.0000,10533.7500,-1.0000,-1.0000,-4.5000,4.5000,-10533.7500,18787.2500,18787.2500
2021-12-31,"MA_Crossover(35,44)",9747.5000,10549.2500,-1.0000,-1.0000,15.5000,-15.5000,-10549.2500,18771.7500,18771.7500
2022-01-04,"MA_Crossover(35,44)",9795.0000,10596.7500,-1.0000,-1.0000,47.5000,-47.5000,-10596.7500,18724.2500,18724.2500
2022-01-05,"MA_Crossover(35,44)",9713.7500,10515.5000,-1.0000,-1.0000,-81.2500,81.2500,-10515.5000,18805.5000,18805.5000
2022-01-06,"MA_Crossover(35,44)",9544.0000,10345.7500,-1.0000,-1.0000,-169.7500,169.7500,-10345.7500,18975.2500,18975.2500
2022-01-07,"MA_Crossover(35,44)",9675.0000,10476.7500,-1.0000,-1.0000,131.0000,-131.0000,-10476.7500,18844.2500,18844.2500
2022-01-10,"MA_Crossover(35,44)",9571.0000,10372.7500,-1.0000,-1.0000,-104.0000,104.0000,-10372.7500,18948.2500,18948.2500
2022-01-11,"MA_Crossover(35,44)",9735.5000,10537.2500,-1.0000,-1.0000,164.5000,-164.5000,-10537.2500,18783.7500,18783.7500
2022-01-12,"MA_Crossover(35,44)",10084.5000,10886.2500,-1.0000,-1.0000,349.0000,-349.0000,-10886.2500,18434.7500,18434.7500
2022-01-13,"MA_Crossover(35,44)",9972.5000,10774.2500,-1.0000,-1.0000,-112.0000,112.0000,-10774.2500,18546.7500,18546.7500
2022-01-14,"MA_Crossover(35,44)",9730.7500,10532.5000,-1.0000,-1.0000,-241.7500,241.7500,-10532.5000,18788.5000,18788.5000
2022-01-17,"MA_Crossover(35,44)",9749.0000,10550.7500,-1.0000,-1.0000,18.2500,-18.2500,-10550.7500,18770.2500,18770.2500
2022-01-18,"MA_Crossover(35,44)",9691.5000,10484.2500,-1.0000,-1.0000,-66.5000,66.5000,-10484.2500,18836.7500,18836.7500
2022-01-19,"MA_Crossover(35,44)",9861.2500,10652.0000,-1.0000,-1.0000,167.7500,-167.7500,-10652.0000,18669.0000,18669.0000
2022-01-20,"MA_Crossover(35,44)",10014.0000,10803.7500,-1.0000,-1.0000,151.7500,-151.7500,-10803.7500,18517.2500,18517.2500
2022-01-21,"MA_Crossover(35,44)",9977.0000,10775.7500,-1.0000,-1.0000,-28.0000,28.0000,-10775.7500,18545.2500,18545.2500
2022-01-24,"MA_Crossover(35,44)",9763.0000,10561.7500,-1.0000,-1.0000,-214.0000,214.0000,-10561.7500,18759.2500,18759.2500
2022-01-25,"MA_Crossover(35,44)",9832.7500,10631.5000,-1.0000,-1.0000,69.7500,-69.7500,-10631.5000,18689.5000,18689.5000
2022-01-26,"MA_Crossover(35,44)",9955.5000,10754.2500,1.0000,-1.0000,122.7500,-122.7500,-10754.2500,18566.7500,18566.7500
2022-01-27,"MA_Crossover(35,44)",9830.7500,10629.5000,1.0000,1.0000,-124.7500,-124.7500,10629.5000,18442.0000,18442.0000
2022-01-28,"MA_Crossover(35,44)",9555.5000,10354.2500,1.0000,1.0000,-275.2500,-275.2500,10354.2500,18166.7500,18166.7500
2022-01-31,"MA_Crossover(35,44)",9554.0000,10352.7500,1.0000,1.0000,-1.5000,-1.5000,10352.7500,18165.2500,18165.2500
2022-02-01,"MA_Crossover(35,44)",9730.5000,10529.2500,1.0000,1.0000,176.5000,176.5000,10529.2500,18341.7500,18341.7500
2022-02-02,"MA_Crossover(35,44)",9877.7500,10676.5000,1.0000,1.0000,147.2500,147.2500,10676.5000,18489.0000,18489.0000
2022-02-03,"MA_Crossover(35,44)",9867.5000,10666.2500,1.0000,1.0000,-10.2500,-10.2500,10666.2500,18478.7500,18478.7500
2022-02-04,"MA_Crossover(35,44)",9871.5000,10670.2500,1.0000,1.0000,4.0000,4.0000,10670.2500,18482.7500,18482.7500
2022-02-07,"MA_Crossover(35,44)",9809.2500,10608.0000,1.0000,1.0000,-62.2500,-62.2500,10608.0000,18420.5000,18420.5000
2022-02-08,"MA_Crossover(35,44)",9811.2500,10610.0000,1.0000,1.0000,2.0000,2.0000,10610.0000,18422.5000,18422.5000
2022-02-09,"MA_Crossover(35,44)",10100.5000,10899.2500,1.0000,1.0000,289.2500,289.2500,10899.2500,18711.7500,18711.7500
2022-02-10,"MA_Crossover(35,44)",10305.0000,11103.7500,1.0000,1.0000,204.5000,204.5000,11103.7500,18916.2500,18916.2500
2022-02-11,"MA_Crossover(35,44)",9894.5000,10693.2500,1.0000,1.0000,-410.5000,-410.5000,10693.2500,18505.7500,18505.7500
2022-02-14,"MA_Crossover(35,44)",9984.5000,10783.2500,1.0000,1.0000,90.0000,90.0000,10783.2500,18595.7500,18595.7500
2022-02-15,"MA_Crossover(35,44)",10003.5000,10804.7500,1.0000,1.0000,21.5000,21.5000,10804.7500,18617.2500,18617.2500
2022-02-16,"MA_Crossover(35,44)",10029.7500,10828.5000,1.0000,1.0000,23.7500,23.7500,10828.5000,18641.0000,18641.0000
2022-02-17,"MA_Crossover(35,44)",9967.0000,10762.7500,1.0000,1.0000,-65.7500,-65.7500,10762.7500,18575.2500,18575.2500
2022-02-18,"MA_Crossover(35,44)",9996.5000,10816.2500,1.0000,1.0000,53.5000,53.5000,10816.2500,18628.7500,18628.7500
2022-02-21,"MA_Crossover(35,44)",9946.0000,10765.7500,1.0000,1.0000,-50.5000,-50.5000,10765.7500,18578.2500,18578.2500
2022-02-22,"MA_Crossover(35,44)",9961.2500,10781.0000,1.0000,1.0000,15.2500,15.2500,10781.0000,18593.5000,18593.5000
2022-02-23,"MA_Crossover(35,44)",9910.5000,10730.2500,1.0000,1.0000,-50.7500,-50.7500,10730.2500,18542.7500,18542.7500
2022-02-24,"MA_Crossover(35,44)",9911.5000,10731.2500,1.0000,1.0000,1.0000,1.0000,10731.2500,18543.7500,18543.7500
2022-02-25,"MA_Crossover(35,44)",9917.0000,10736.7500,1.0000,1.0000,5.5000,5.5000,10736.7500,18549.2500,18549.2500
2022-02-28,"MA_Crossover(35,44)",9919.0000,10738.7500,1.0000,1.0000,2.0000,2.0000,10738.7500,18551.2500,18551.2500
2022-03-01,"MA_Crossover(35,44)",10095.5000,10915.2500,1.0000,1.0000,176.5000,176.5000,10915.2500,18727.7500,18727.7500
2022-03-02,"MA_Crossover(35,44)",10198.2500,11018.0000,1.0000,1.0000,102.7500,102.7500,11018.0000,18830.5000,18830.5000
2022-03-03,"MA_Crossover(35,44)",10385.5000,11205.2500,1.0000,1.0000,187.2500,187.2500,11205.2500,19017.7500,19017.7500
2022-03-04,"MA_Crossover(35,44)",10701.0000,11520.7500,1.0000,1.0000,315.5000,315.5000,11520.7500,19333.2500,19333.2500
2022-03-07,"MA_Crossover(35,44)",10265.5000,11085.2500,1.0000,1.0000,-435.5000,-435.5000,11085.2500,18897.7500,18897.7500
2022-03-08,"MA_Crossover(35,44)",10178.7500,10998.5000,1.0000,1.0000,-86.7500,-86.7500,10998.5000,18811.0000,18811.0000
2022-03-09,"MA_Crossover(35,44)",9979.0000,10798.7500,1.0000,1.0000,-199.7500,-199.7500,10798.7500,18611.2500,18611.2500
2022-03-10,"MA_Crossover(35,44)",10096.0000,10915.7500,1.0000,1.0000,117.0000,117.0000,10915.7500,18728.2500,18728.2500
2022-03-11,"MA_Crossover(35,44)",10152.5000,10972.2500,1.0000,1.0000,56.5000,56.5000,10972.2500,18784.7500,18784.7500
2022-03-14,"MA_Crossover(35,44)",9894.5000,10714.2500,1.0000,1.0000,-258.0000,-258.0000,10714.2500,18526.7500,18526.7500
2022-03-15,"MA_Crossover(35,44)",9895.0000,10693.7500,1.0000,1.0000,-20.5000,-20.5000,10693.7500,18506.2500,18506.2500
2022-03-16,"MA_Crossover(35,44)",10069.0000,10854.7500,1.0000,1.0000,161.0000,161.0000,10854.7500,18667.2500,18667.2500
2022-03-17,"MA_Crossover(35,44)",10251.5000,11041.7500,1.0000,1.0000,187.0000,187.0000,11041.7500,18854.2500,18854.2500
2022-03-18,"MA_Crossover(35,44)",10342.0000,11131.7500,1.0000,1.0000,90.0000,90.0000,11131.7500,18944.2500,18944.2500
2022-03-21,"MA_Crossover(35,44)",10301.5500,11091.3000,1.0000,1.0000,-40.4500,-40.4500,11091.3000,18903.8000,18903.8000
2022-03-22,"MA_Crossover(35,44)",10266.5000,11056.2500,1.0000,1.0000,-35.0500,-35.0500,11056.2500,18868.7500,18868.7500
2022-03-23,"MA_Crossover(35,44)",10446.0000,11235.7500,1.0000,1.0000,179.5000,179.5000,11235.7500,19048.2500,19048.2500
2022-03-24,"MA_Crossover(35,44)",10332.5000,11122.2500,1.0000,1.0000,-113.5000,-113.5000,11122.2500,18934.7500,18934.7500
2022-03-25,"MA_Crossover(35,44)",10255.0000,11044.7500,1.0000,1.0000,-77.5000,-77.5000,11044.7500,18857.2500,18857.2500
2022-03-28,"MA_Crossover(35,44)",10342.0000,11131.7500,1.0000,1.0000,87.0000,87.0000,11131.7500,18944.2500,18944.2500
2022-03-29,"MA_Crossover(35,44)",10319.5000,11109.2500,1.0000,1.0000,-22.5000,-22.5000,11109.2500,18921.7500,18921.7500
2022-03-30,"MA_Crossover(35,44)",10367.5000,11157.2500,1.0000,1.0000,48.0000,48.0000,11157.2500,18969.7500,18969.7500
2022-03-31,"MA_Crossover(35,44)",10372.5000,11162.2500,1.0000,1.0000,5.0000,5.0000,11162.2500,18974.7500,18974.7500
2022-04-01,"MA_Crossover(35,44)",10347.0000,11136.7500,1.0000,1.0000,-25.5000,-25.5000,11136.7500,18949.2500,18949.2500
2022-04-04,"MA_Crossover(35,44)",10455.2500,11245.0000,1.0000,1.0000,108.2500,108.2500,11245.0000,19057.5000,19057.5000
2022-04-05,"MA_Crossover(35,44)",10437.0000,11226.7500,1.0000,1.0000,-18.2500,-18.2500,11226.7500,19039.2500,19039.2500
2022-04-06,"MA_Crossover(35,44)",10286.7500,11076.5000,1.0000,1.0000,-150.2500,-150.2500,11076.5000,18889.0000,18889.0000
2022-04-07,"MA_Crossover(35,44)",10294.5000,11084.2500,1.0000,1.0000,7.7500,7.7500,11084.2500,18896.7500,18896.7500
2022-04-08,"MA_Crossover(35,44)",10304.7500,11094.5000,1.0000,1.0000,10.2500,10.2500,11094.5000,18907.0000,18907.0000
2022-04-11,"MA_Crossover(35,44)",10181.2500,10971.0000,1.0000,1.0000,-123.5000,-123.5000,10971.0000,18783.5000,18783.5000
2022-04-12,"MA_Crossover(35,44)",10330.0000,11119.7500,1.0000,1.0000,148.7500,148.7500,11119.7500,18932.2500,18932.2500
2022-04-13,"MA_Crossover(35,44)",10284.0000,11073.7500,1.0000,1.0000,-46.0000,-46.0000,11073.7500,18886.2500,18886.2500
2022-04-14,"MA_Crossover(35,44)",10297.5000,11087.2500,1.0000,1.0000,13.5000,13.5000,11087.2500,18899.7500,18899.7500
2022-04-19,"MA_Crossover(35,44)",10288.5000,11080.7500,1.0000,1.0000,-6.5000,-6.5000,11080.7500,18893.2500,18893.2500
2022-04-20,"MA_Crossover(35,44)",10205.5000,10998.5000,1.0000,1.0000,-82.2500,-82.2500,10998.5000,18811.0000,18811.0000
2022-04-21,"MA_Crossover(35,44)",10275.7500,11066.2500,1.0000,1.0000,67.7500,67.7500,11066.2500,18878.7500,18878.7500
2022-04-22,"MA_Crossover(35,44)",10103.2500,10887.0000,1.0000,1.0000,-179.2500,-179.2500,10887.0000,18699.5000,18699.5000
2022-04-25,"MA_Crossover(35,44)",9773.8000,10557.5500,1.0000,1.0000,-329.4500,-329.4500,10557.5500,18370.0500,18370.0500
2022-04-26,"MA_Crossover(35,44)",9860.5000,10644.2500,1.0000,1.0000,86.7000,86.7000,10644.2500,18456.7500,18456.7500
2022-04-27,"MA_Crossover(35,44)",9865.5000,10649.2500,1.0000,1.0000,5.0000,5.0000,10649.2500,18461.7500,18461.7500
2022-04-28,"MA_Crossover(35,44)",9700.0000,10483.7500,1.0000,1.0000,-165.5000,-165.5000,10483.7500,18296.2500,18296.2500
2022-04-29,"MA_Crossover(35,44)",9772.5000,10556.2500,1.0000,1.0000,72.5000,72.5000,10556.2500,18368.7500,18368.7500
2022-05-03,"MA_Crossover(35,44)",9407.7500,10191.5000,-1.0000,1.0000,-364.7500,-364.7500,10191.5000,18004.0000,18004.0000
2022-05-04,"MA_Crossover(35,44)",9468.0000,10251.7500,-1.0000,-1.0000,60.2500,-60.2500,-10251.7500,17943.7500,17943.7500
2022-05-05,"MA_Crossover(35,44)",9508.5000,10292.2500,-1.0000,-1.0000,40.5000,-40.5000,-10292.2500,17903.2500,17903.2500
2022-05-06,"MA_Crossover(35,44)",9414.0000,10197.7500,-1.0000,-1.0000,-94.5000,94.5000,-10197.7500,17997.7500,17997.7500
2022-05-09,"MA_Crossover(35,44)",9244.2500,10028.0000,-1.0000,-1.0000,-169.7500,169.7500,-10028.0000,18167.5000,18167.5000
2022-05-10,"MA_Crossover(35,44)",9239.0000,10022.7500,-1.0000,-1.0000,-5.2500,5.2500,-10022.7500,18172.7500,18172.7500
2022-05-11,"MA_Crossover(35,44)",9361.0000,10144.7500,-1.0000,-1.0000,122.0000,-122.0000,-10144.7500,18050.7500,18050.7500
2022-05-12,"MA_Crossover(35,44)",9105.0000,9888.7500,-1.0000,-1.0000,-256.0000,256.0000,-9888.7500,18306.7500,18306.7500
2022-05-13,"MA_Crossover(35,44)",9185.0000,9968.7500,-1.0000,-1.0000,80.0000,-80.0000,-9968.7500,18226.7500,18226.7500
2022-05-16,"MA_Crossover(35,44)",9255.5000,10039.2500,-1.0000,-1.0000,70.5000,-70.5000,-10039.2500,18156.2500,18156.2500
2022-05-17,"MA_Crossover(35,44)",9379.5000,10159.7500,-1.0000,-1.0000,120.5000,-120.5000,-10159.7500,18035.7500,18035.7500
2022-05-18,"MA_Crossover(35,44)",9246.1000,10029.8500,-1.0000,-1.0000,-129.9000,129.9000,-10029.8500,18165.6500,18165.6500
2022-05-19,"MA_Crossover(35,44)",9435.5000,10216.2500,-1.0000,-1.0000,186.4000,-186.4000,-10216.2500,17979.2500,17979.2500
2022-05-20,"MA_Crossover(35,44)",9441.0000,10229.7500,-1.0000,-1.0000,13.5000,-13.5000,-10229.7500,17965.7500,17965.7500
2022-05-23,"MA_Crossover(35,44)",9568.5000,10357.2500,-1.0000,-1.0000,127.5000,-127.5000,-10357.2500,17838.2500,17838.2500
2022-05-24,"MA_Crossover(35,44)",9459.0000,10247.7500,-1.0000,-1.0000,-109.5000,109.5000,-10247.7500,17947.7500,17947.7500
2022-05-25,"MA_Crossover(35,44)",9375.0000,10163.7500,-1.0000,-1.0000,-84.0000,84.0000,-10163.7500,18031.7500,18031.7500
2022-05-26,"MA_Crossover(35,44)",9350.5000,10139.2500,-1.0000,-1.0000,-24.5000,24.5000,-10139.2500,18056.2500,18056.2500
2022-05-27,"MA_Crossover(35,44)",9459.5000,10248.2500,-1.0000,-1.0000,109.0000,-109.0000,-10248.2500,17947.2500,17947.2500
2022-05-30,"MA_Crossover(35,44)",9543.0000,10331.7500,-1.0000,-1.0000,83.5000,-83.5000,-10331.7500,17863.7500,17863.7500
2022-05-31,"MA_Crossover(35,44)",9451.5000,10240.2500,-1.0000,-1.0000,-91.5000,91.5000,-10240.2500,17955.2500,17955.2500
2022-06-01,"MA_Crossover(35,44)",9504.5000,10293.2500,-1.0000,-1.0000,53.0000,-53.0000,-10293.2500,17902.2500,17902.2500
2022-06-06,"MA_Crossover(35,44)",9748.5000,10537.2500,-1.0000,-1.0000,244.0000,-244.0000,-10537.2500,17658.2500,17658.2500
2022-06-07,"MA_Crossover(35,44)",9704.2500,10493.0000,-1.0000,-1.0000,-44.2500,44.2500,-10493.0000,17702.5000,17702.5000
2022-06-08,"MA_Crossover(35,44)",9741.3000,10530.0500,-1.0000,-1.0000,37.0500,-37.0500,-10530.0500,17665.4500,17665.4500
2022-06-09,"MA_Crossover(35,44)",9622.1000,10410.8500,-1.0000,-1.0000,-119.2000,119.2000,-10410.8500,17784.6500,17784.6500
2022-06-10,"MA_Crossover(35,44)",9448.0000,10236.7500,-1.0000,-1.0000,-174.1000,174.1000,-10236.7500,17958.7500,17958.7500
2022-06-13,"MA_Crossover(35,44)",9285.5000,10074.2500,-1.0000,-1.0000,-162.5000,162.5000,-10074.2500,18121.2500,18121.2500
2022-06-14,"MA_Crossover(35,44)",9226.7500,10010.0000,-1.0000,-1.0000,-64.2500,64.2500,-10010.0000,18185.5000,18185.5000
2022-06-15,"MA_Crossover(35,44)",9232.0000,10010.7500,-1.0000,-1.0000,0.7500,-0.7500,-10010.7500,18184.7500,18184.7500
2022-06-16,"MA_Crossover(35,44)",9081.2500,9856.2500,-1.0000,-1.0000,-154.5000,154.5000,-9856.2500,18339.2500,18339.2500
2022-06-17,"MA_Crossover(35,44)",8969.0000,9750.7500,-1.0000,-1.0000,-105.5000,105.5000,-9750.7500,18444.7500,18444.7500
2022-06-20,"MA_Crossover(35,44)",8992.2500,9774.0000,-1.0000,-1.0000,23.2500,-23.2500,-9774.0000,18421.5000,18421.5000
2022-06-21,"MA_Crossover(35,44)",9004.4900,9786.2400,-1.0000,-1.0000,12.2400,-12.2400,-9786.2400,18409.2600,18409.2600
2022-06-22,"MA_Crossover(35,44)",8785.5000,9567.2500,-1.0000,-1.0000,-218.9900,218.9900,-9567.2500,18628.2500,18628.2500
2022-06-23,"MA_Crossover(35,44)",8415.0000,9196.7500,-1.0000,-1.0000,-370.5000,370.5000,-9196.7500,18998.7500,18998.7500
2022-06-24,"MA_Crossover(35,44)",8392.0000,9173.7500,-1.0000,-1.0000,-23.0000,23.0000,-9173.7500,19021.7500,19021.7500
2022-06-27,"MA_Crossover(35,44)",8430.2500,9212.0000,-1.0000,-1.0000,38.2500,-38.2500,-9212.0000,18983.5000,18983.5000
2022-06-28,"MA_Crossover(35,44)",8374.0000,9155.7500,-1.0000,-1.0000,-56.2500,56.2500,-9155.7500,19039.7500,19039.7500
2022-06-29,"MA_Crossover(35,44)",8411.0000,9192.7500,-1.0000,-1.0000,37.0000,-37.0000,-9192.7500,19002.7500,19002.7500
2022-06-30,"MA_Crossover(35,44)",8264.0000,9045.7500,-1.0000,-1.0000,-147.0000,147.0000,-9045.7500,19149.7500,19149.7500
2022-07-01,"MA_Crossover(35,44)",8050.2500,8832.0000,-1.0000,-1.0000,-213.7500,213.7500,-8832.0000,19363.5000,19363.5000
2022-07-04,"MA_Crossover(35,44)",8007.5000,8789.2500,-1.0000,-1.0000,-42.7500,42.7500,-8789.2500,19406.2500,19406.2500
2022-07-05,"MA_Crossover(35,44)",7666.7500,8448.5000,-1.0000,-1.0000,-340.7500,340.7500,-8448.5000,19747.0000,19747.0000
2022-07-06,"MA_Crossover(35,44)",7517.2500,8299.0000,-1.0000,-1.0000,-149.5000,149.5000,-8299.0000,19896.5000,19896.5000
2022-07-07,"MA_Crossover(35,44)",7826.0000,8607.7500,-1.0000,-1.0000,308.7500,-308.7500,-8607.7500,19587.7500,19587.7500
2022-07-08,"MA_Crossover(35,44)",7799.5000,8581.2500,-1.0000,-1.0000,-26.5000,26.5000,-8581.2500,19614.2500,19614.2500
2022-07-11,"MA_Crossover(35,44)",7578.7500,8360.5000,-1.0000,-1.0000,-220.7500,220.7500,-8360.5000,19835.0000,19835.0000
2022-07-12,"MA_Crossover(35,44)",7341.0000,8122.7500,-1.0000,-1.0000,-237.7500,237.7500,-8122.7500,20072.7500,20072.7500
2022-07-13,"MA_Crossover(35,44)",7315.5000,8097.2500,-1.0000,-1.0000,-25.5000,25.5000,-8097.2500,20098.2500,20098.2500
2022-07-14,"MA_Crossover(35,44)",7162.0000,7943.7500,-1.0000,-1.0000,-153.5000,153.5000,-7943.7500,20251.7500,20251.7500
2022-07-15,"MA_Crossover(35,44)",7179.2500,7961.0000,-1.0000,-1.0000,17.2500,-17.2500,-7961.0000,20234.5000,20234.5000
2022-07-18,"MA_Crossover(35,44)",7411.0000,8192.7500,-1.0000,-1.0000,231.7500,-231.7500,-8192.7500,20002.7500,20002.7500
2022-07-19,"MA_Crossover(35,44)",7271.5000,8045.7500,-1.0000,-1.0000,-147.0000,147.0000,-8045.7500,20149.7500,20149.7500
2022-07-20,"MA_Crossover(35,44)",7377.0000,8150.7500,-1.0000,-1.0000,105.0000,-105.0000,-8150.7500,20044.7500,20044.7500
2022-07-21,"MA_Crossover(35,44)",7320.0000,8093.2500,-1.0000,-1.0000,-57.5000,57.5000,-8093.2500,20102.2500,20102.2500
2022-07-22,"MA_Crossover(35,44)",7449.0000,8217.2500,-1.0000,-1.0000,124.0000,-124.0000,-8217.2500,19978.2500,19978.2500
2022-07-25,"MA_Crossover(35,44)",7479.2500,8247.5000,-1.0000,-1.0000,30.2500,-30.2500,-8247.5000,19948.0000,19948.0000
2022-07-26,"MA_Crossover(35,44)",7536.2500,8304.5000,-1.0000,-1.0000,57.0000,-57.0000,-8304.5000,19891.0000,19891.0000
2022-07-27,"MA_Crossover(35,44)",7639.2500,8407.5000,-1.0000,-1.0000,103.0000,-103.0000,-8407.5000,19788.0000,19788.0000
2022-07-28,"MA_Crossover(35,44)",7770.7500,8539.0000,-1.0000,-1.0000,131.5000,-131.5000,-8539.0000,19656.5000,19656.5000
2022-07-29,"MA_Crossover(35,44)",7931.2500,8699.5000,-1.0000,-1.0000,160.5000,-160.5000,-8699.5000,19496.0000,19496.0000
2022-08-01,"MA_Crossover(35,44)",7826.7500,8595.0000,-1.0000,-1.0000,-104.5000,104.5000,-8595.0000,19600.5000,19600.5000
2022-08-02,"MA_Crossover(35,44)",7814.7500,8583.0000,-1.0000,-1.0000,-12.0000,12.0000,-8583.0000,19612.5000,19612.5000
2022-08-03,"MA_Crossover(35,44)",7680.7500,8449.0000,-1.0000,-1.0000,-134.0000,134.0000,-8449.0000,19746.5000,19746.5000
2022-08-04,"MA_Crossover(35,44)",7726.2500,8494.5000,-1.0000,-1.0000,45.5000,-45.5000,-8494.5000,19701.0000,19701.0000
2022-08-05,"MA_Crossover(35,44)",7870.0000,8638.2500,-1.0000,-1.0000,143.7500,-143.7500,-8638.2500,19557.2500,19557.2500
2022-08-08,"MA_Crossover(35,44)",7989.7500,8758.0000,-1.0000,-1.0000,119.7500,-119.7500,-8758.0000,19437.5000,19437.5000
2022-08-09,"MA_Crossover(35,44)",7984.5000,8752.7500,-1.0000,-1.0000,-5.2500,5.2500,-8752.7500,19442.7500,19442.7500
2022-08-10,"MA_Crossover(35,44)",8084.9800,8853.2300,-1.0000,-1.0000,100.4800,-100.4800,-8853.2300,19342.2700,19342.2700
2022-08-11,"MA_Crossover(35,44)",8167.0000,8935.2500,-1.0000,-1.0000,82.0200,-82.0200,-8935.2500,19260.2500,19260.2500
2022-08-12,"MA_Crossover(35,44)",8086.0000,8854.2500,-1.0000,-1.0000,-81.0000,81.0000,-8854.2500,19341.2500,19341.2500
2022-08-15,"MA_Crossover(35,44)",7972.0000,8740.2500,-1.0000,-1.0000,-114.0000,114.0000,-8740.2500,19455.2500,19455.2500
2022-08-16,"MA_Crossover(35,44)",7983.0000,8741.2500,-1.0000,-1.0000,1.0000,-1.0000,-8741.2500,19454.2500,19454.2500
2022-08-17,"MA_Crossover(35,44)",7933.2500,8689.7500,-1.0000,-1.0000,-51.5000,51.5000,-8689.7500,19505.7500,19505.7500
2022-08-18,"MA_Crossover(35,44)",8048.2500,8802.2500,-1.0000,-1.0000,112.5000,-112.5000,-8802.2500,19393.2500,19393.2500
2022-08-19,"MA_Crossover(35,44)",8099.7500,8858.2500,-1.0000,-1.0000,56.0000,-56.0000,-8858.2500,19337.2500,19337.2500
2022-08-22,"MA_Crossover(35,44)",8071.0000,8829.5000,-1.0000,-1.0000,-28.7500,28.7500,-8829.5000,19366.0000,19366.0000
2022-08-23,"MA_Crossover(35,44)",8166.2500,8924.7500,-1.0000,-1.0000,95.2500,-95.2500,-8924.7500,19270.7500,19270.7500
2022-08-24,"MA_Crossover(35,44)",8061.5000,8820.0000,-1.0000,-1.0000,-104.7500,104.7500,-8820.0000,19375.5000,19375.5000
2022-08-25,"MA_Crossover(35,44)",8166.0000,8924.5000,-1.0000,-1.0000,104.5000,-104.5000,-8924.5000,19271.0000,19271.0000
2022-08-26,"MA_Crossover(35,44)",8193.2500,8951.7500,-1.0000,-1.0000,27.2500,-27.2500,-8951.7500,19243.7500,19243.7500
2022-08-30,"MA_Crossover(35,44)",7893.0000,8651.5000,-1.0000,-1.0000,-300.2500,300.2500,-8651.5000,19544.0000,19544.0000
2022-08-31,"MA_Crossover(35,44)",7847.5000,8606.0000,1.0000,-1.0000,-45.5000,45.5000,-8606.0000,19589.5000,19589.5000
2022-09-01,"MA_Crossover(35,44)",7652.0000,8410.5000,1.0000,1.0000,-195.5000,-195.5000,8410.5000,19394.0000,19394.0000
2022-09-02,"MA_Crossover(35,44)",7694.0000,8452.5000,1.0000,1.0000,42.0000,42.0000,8452.5000,19436.0000,19436.0000
2022-09-05,"MA_Crossover(35,44)",7731.0000,8489.5000,1.0000,1.0000,37.0000,37.0000,8489.5000,19473.0000,19473.0000
2022-09-06,"MA_Crossover(35,44)",7751.0000,8509.5000,1.0000,1.0000,20.0000,20.0000,8509.5000,19493.0000,19493.0000
2022-09-07,"MA_Crossover(35,44)",7700.0000,8458.5000,1.0000,1.0000,-51.0000,-51.0000,8458.5000,19442.0000,19442.0000
2022-09-08,"MA_Crossover(35,44)",7921.5000,8680.0000,1.0000,1.0000,221.5000,221.5000,8680.0000,19663.5000,19663.5000
2022-09-09,"MA_Crossover(35,44)",7930.5000,8689.0000,1.0000,1.0000,9.0000,9.0000,8689.0000,19672.5000,19672.5000
2022-09-12,"MA_Crossover(35,44)",8084.5000,8843.0000,1.0000,1.0000,154.0000,154.0000,8843.0000,19826.5000,19826.5000
2022-09-13,"MA_Crossover(35,44)",8000.5000,8759.0000,1.0000,1.0000,-84.0000,-84.0000,8759.0000,19742.5000,19742.5000
2022-09-14,"MA_Crossover(35,44)",7899.5000,8658.0000,1.0000,1.0000,-101.0000,-101.0000,8658.0000,19641.5000,19641.5000
2022-09-15,"MA_Crossover(35,44)",7851.5000,8610.0000,1.0000,1.0000,-48.0000,-48.0000,8610.0000,19593.5000,19593.5000
2022-09-16,"MA_Crossover(35,44)",7870.0000,8628.5000,1.0000,1.0000,18.5000,18.5000,8628.5000,19612.0000,19612.0000
2022-09-19,"MA_Crossover(35,44)",7826.5000,8585.0000,1.0000,1.0000,-43.5000,-43.5000,8585.0000,19568.5000,19568.5000
2022-09-20,"MA_Crossover(35,44)",7824.0000,8557.5000,1.0000,1.0000,-27.5000,-27.5000,8557.5000,19541.0000,19541.0000
2022-09-21,"MA_Crossover(35,44)",7757.0000,8492.5000,1.0000,1.0000,-65.0000,-65.0000,8492.5000,19476.0000,19476.0000
2022-09-22,"MA_Crossover(35,44)",7749.0000,8485.5000,1.0000,1.0000,-7.0000,-7.0000,8485.5000,19469.0000,19469.0000
2022-09-23,"MA_Crossover(35,44)",7532.0000,8300.5000,1.0000,1.0000,-185.0000,-185.0000,8300.5000,19284.0000,19284.0000
2022-09-26,"MA_Crossover(35,44)",7441.5000,8210.0000,1.0000,1.0000,-90.5000,-90.5000,8210.0000,19193.5000,19193.5000
2022-09-27,"MA_Crossover(35,44)",7433.0000,8201.5000,1.0000,1.0000,-8.5000,-8.5000,8201.5000,19185.0000,19185.0000
2022-09-28,"MA_Crossover(35,44)",7529.5000,8298.0000,1.0000,1.0000,96.5000,96.5000,8298.0000,19281.5000,19281.5000
2022-09-29,"MA_Crossover(35,44)",7654.0000,8422.5000,-1.0000,1.0000,124.5000,124.5000,8422.5000,19406.0000,19406.0000
2022-09-30,"MA_Crossover(35,44)",7688.0000,8456.5000,-1.0000,-1.0000,34.0000,-34.0000,-8456.5000,19372.0000,19372.0000
2022-10-03,"MA_Crossover(35,44)",7615.5000,8384.0000,-1.0000,-1.0000,-72.5000,72.5000,-8384.0000,19444.5000,19444.5000
2022-10-04,"MA_Crossover(35,44)",7814.5000,8583.0000,-1.0000,-1.0000,199.0000,-199.0000,-8583.0000,19245.5000,19245.5000
2022-10-05,"MA_Crossover(35,44)",7740.5000,8509.0000,-1.0000,-1.0000,-74.0000,74.0000,-8509.0000,19319.5000,19319.5000
2022-10-06,"MA_Crossover(35,44)",7659.5000,8428.0000,-1.0000,-1.0000,-81.0000,81.0000,-8428.0000,19400.5000,19400.5000
2022-10-07,"MA_Crossover(35,44)",7517.5000,8286.0000,-1.0000,-1.0000,-142.0000,142.0000,-8286.0000,19542.5000,19542.5000
2022-10-10,"MA_Crossover(35,44)",7645.7500,8414.2500,-1.0000,-1.0000,128.2500,-128.2500,-8414.2500,19414.2500,19414.2500
2022-10-11,"MA_Crossover(35,44)",7666.5000,8435.0000,-1.0000,-1.0000,20.7500,-20.7500,-8435.0000,19393.5000,19393.5000
2022-10-12,"MA_Crossover(35,44)",7638.0000,8406.5000,-1.0000,-1.0000,-28.5000,28.5000,-8406.5000,19422.0000,19422.0000
2022-10-13,"MA_Crossover(35,44)",7666.5000,8435.0000,-1.0000,-1.0000,28.5000,-28.5000,-8435.0000,19393.5000,19393.5000
2022-10-14,"MA_Crossover(35,44)",7652.0000,8420.5000,-1.0000,-1.0000,-14.5000,14.5000,-8420.5000,19408.0000,19408.0000
2022-10-17,"MA_Crossover(35,44)",7642.5000,8411.0000,-1.0000,-1.0000,-9.5000,9.5000,-8411.0000,19417.5000,19417.5000
2022-10-18,"MA_Crossover(35,44)",7490.0000,8224.5000,-1.0000,-1.0000,-186.5000,186.5000,-8224.5000,19604.0000,19604.0000
2022-10-19,"MA_Crossover(35,44)",7461.7500,8194.2500,-1.0000,-1.0000,-30.2500,30.2500,-8194.2500,19634.2500,19634.2500
2022-10-20,"MA_Crossover(35,44)",7650.5000,8382.0000,-1.0000,-1.0000,187.7500,-187.7500,-8382.0000,19446.5000,19446.5000
2022-10-21,"MA_Crossover(35,44)",7719.2500,8488.7500,-1.0000,-1.0000,106.7500,-106.7500,-8488.7500,19339.7500,19339.7500
2022-10-24,"MA_Crossover(35,44)",7669.0000,8438.5000,-1.0000,-1.0000,-50.2500,50.2500,-8438.5000,19390.0000,19390.0000
2022-10-25,"MA_Crossover(35,44)",7621.0000,8390.5000,-1.0000,-1.0000,-48.0000,48.0000,-8390.5000,19438.0000,19438.0000
2022-10-26,"MA_Crossover(35,44)",7884.0000,8653.5000,-1.0000,-1.0000,263.0000,-263.0000,-8653.5000,19175.0000,19175.0000
2022-10-27,"MA_Crossover(35,44)",7843.2500,8612.7500,-1.0000,-1.0000,-40.7500,40.7500,-8612.7500,19215.7500,19215.7500
2022-10-28,"MA_Crossover(35,44)",7629.0000,8398.5000,-1.0000,-1.0000,-214.2500,214.2500,-8398.5000,19430.0000,19430.0000
2022-10-31,"MA_Crossover(35,44)",7531.0000,8300.5000,-1.0000,-1.0000,-98.0000,98.0000,-8300.5000,19528.0000,19528.0000
2022-11-01,"MA_Crossover(35,44)",7726.5000,8496.0000,-1.0000,-1.0000,195.5000,-195.5000,-8496.0000,19332.5000,19332.5000
2022-11-02,"MA_Crossover(35,44)",7672.7500,8442.2500,-1.0000,-1.0000,-53.7500,53.7500,-8442.2500,19386.2500,19386.2500
2022-11-03,"MA_Crossover(35,44)",7607.0000,8376.5000,-1.0000,-1.0000,-65.7500,65.7500,-8376.5000,19452.0000,19452.0000
2022-11-04,"MA_Crossover(35,44)",8144.0000,8913.5000,-1.0000,-1.0000,537.0000,-537.0000,-8913.5000,18915.0000,18915.0000
2022-11-07,"MA_Crossover(35,44)",7932.7500,8702.2500,-1.0000,-1.0000,-211.2500,211.2500,-8702.2500,19126.2500,19126.2500
2022-11-08,"MA_Crossover(35,44)",8135.0000,8904.5000,-1.0000,-1.0000,202.2500,-202.2500,-8904.5000,18924.0000,18924.0000
2022-11-09,"MA_Crossover(35,44)",8116.2500,8885.7500,-1.0000,-1.0000,-18.7500,18.7500,-8885.7500,18942.7500,18942.7500
2022-11-10,"MA_Crossover(35,44)",8284.0000,9053.5000,-1.0000,-1.0000,167.7500,-167.7500,-9053.5000,18775.0000,18775.0000
2022-11-11,"MA_Crossover(35,44)",8502.9000,9272.4000,-1.0000,-1.0000,218.9000,-218.9000,-9272.4000,18556.1000,18556.1000
2022-11-14,"MA_Crossover(35,44)",8356.0000,9125.5000,1.0000,-1.0000,-146.9000,146.9000,-9125.5000,18703.0000,18703.0000
2022-11-15,"MA_Crossover(35,44)",8370.2500,9127.7500,1.0000,1.0000,2.2500,2.2500,9127.7500,18705.2500,18705.2500
2022-11-16,"MA_Crossover(35,44)",8284.2500,9044.7500,1.0000,1.0000,-83.0000,-83.0000,9044.7500,18622.2500,18622.2500
2022-11-17,"MA_Crossover(35,44)",8095.0000,8859.0000,1.0000,1.0000,-185.7500,-185.7500,8859.0000,18436.5000,18436.5000
2022-11-18,"MA_Crossover(35,44)",8065.5000,8817.0000,1.0000,1.0000,-42.0000,-42.0000,8817.0000,18394.5000,18394.5000
2022-11-21,"MA_Crossover(35,44)",7864.0000,8615.5000,1.0000,1.0000,-201.5000,-201.5000,8615.5000,18193.0000,18193.0000
2022-11-22,"MA_Crossover(35,44)",7996.2500,8747.7500,1.0000,1.0000,132.2500,132.2500,8747.7500,18325.2500,18325.2500
2022-11-23,"MA_Crossover(35,44)",7986.0000,8737.5000,1.0000,1.0000,-10.2500,-10.2500,8737.5000,18315.0000,18315.0000
2022-11-24,"MA_Crossover(35,44)",8023.0000,8774.5000,1.0000,1.0000,37.0000,37.0000,8774.5000,18352.0000,18352.0000
2022-11-25,"MA_Crossover(35,44)",7992.0000,8743.5000,1.0000,1.0000,-31.0000,-31.0000,8743.5000,18321.0000,18321.0000
2022-11-28,"MA_Crossover(35,44)",7948.7500,8700.2500,1.0000,1.0000,-43.2500,-43.2500,8700.2500,18277.7500,18277.7500
2022-11-29,"MA_Crossover(35,44)",8045.5000,8797.0000,1.0000,1.0000,96.7500,96.7500,8797.0000,18374.5000,18374.5000
2022-11-30,"MA_Crossover(35,44)",8239.7500,8991.2500,1.0000,1.0000,194.2500,194.2500,8991.2500,18568.7500,18568.7500
2022-12-01,"MA_Crossover(35,44)",8322.5000,9074.0000,1.0000,1.0000,82.7500,82.7500,9074.0000,18651.5000,18651.5000
2022-12-02,"MA_Crossover(35,44)",8442.0000,9193.5000,1.0000,1.0000,119.5000,119.5000,9193.5000,18771.0000,18771.0000
2022-12-05,"MA_Crossover(35,44)",8364.5000,9116.0000,1.0000,1.0000,-77.5000,-77.5000,9116.0000,18693.5000,18693.5000
2022-12-06,"MA_Crossover(35,44)",8395.0000,9146.5000,1.0000,1.0000,30.5000,30.5000,9146.5000,18724.0000,18724.0000
2022-12-07,"MA_Crossover(35,44)",8439.0000,9190.5000,1.0000,1.0000,44.0000,44.0000,9190.5000,18768.0000,18768.0000
2022-12-08,"MA_Crossover(35,44)",8532.7500,9284.2500,1.0000,1.0000,93.7500,93.7500,9284.2500,18861.7500,18861.7500
2022-12-09,"MA_Crossover(35,44)",8518.0000,9269.5000,1.0000,1.0000,-14.7500,-14.7500,9269.5000,18847.0000,18847.0000
2022-12-12,"MA_Crossover(35,44)",8339.2500,9090.7500,1.0000,1.0000,-178.7500,-178.7500,9090.7500,18668.2500,18668.2500
2022-12-13,"MA_Crossover(35,44)",8459.2500,9210.7500,1.0000,1.0000,120.0000,120.0000,9210.7500,18788.2500,18788.2500
2022-12-14,"MA_Crossover(35,44)",8486.0000,9237.5000,1.0000,1.0000,26.7500,26.7500,9237.5000,18815.0000,18815.0000
2022-12-15,"MA_Crossover(35,44)",8255.5000,9007.0000,1.0000,1.0000,-230.5000,-230.5000,9007.0000,18584.5000,18584.5000
2022-12-16,"MA_Crossover(35,44)",8235.2500,8986.7500,1.0000,1.0000,-20.2500,-20.2500,8986.7500,18564.2500,18564.2500
2022-12-19,"MA_Crossover(35,44)",8303.2500,9054.7500,1.0000,1.0000,68.0000,68.0000,9054.7500,18632.2500,18632.2500
2022-12-20,"MA_Crossover(35,44)",8349.7500,9093.2500,1.0000,1.0000,38.5000,38.5000,9093.2500,18670.7500,18670.7500
2022-12-21,"MA_Crossover(35,44)",8390.5000,9133.0000,1.0000,1.0000,39.7500,39.7500,9133.0000,18710.5000,18710.5000
2022-12-22,"MA_Crossover(35,44)",8305.0000,9048.5000,1.0000,1.0000,-84.5000,-84.5000,9048.5000,18626.0000,18626.0000
2022-12-23,"MA_Crossover(35,44)",8344.0000,9083.5000,1.0000,1.0000,35.0000,35.0000,9083.5000,18661.0000,18661.0000
2022-12-28,"MA_Crossover(35,44)",8445.0000,9184.5000,1.0000,1.0000,101.0000,101.0000,9184.5000,18762.0000,18762.0000
2022-12-29,"MA_Crossover(35,44)",8419.5000,9159.0000,1.0000,1.0000,-25.5000,-25.5000,9159.0000,18736.5000,18736.5000
2022-12-30,"MA_Crossover(35,44)",8373.0100,9112.5100,1.0000,1.0000,-46.4900,-46.4900,9112.5100,18690.0100,18690.0100
2023-01-03,"MA_Crossover(35,44)",8318.0000,9057.5000,1.0000,1.0000,-55.0100,-55.0100,9057.5000,18635.0000,18635.0000
2023-01-04,"MA_Crossover(35,44)",8247.0000,8986.5000,1.0000,1.0000,-71.0000,-71.0000,8986.5000,18564.0000,18564.0000
2023-01-05,"MA_Crossover(35,44)",8371.2500,9110.7500,1.0000,1.0000,124.2500,124.2500,9110.7500,18688.2500,18688.2500
2023-01-06,"MA_Crossover(35,44)",8578.6500,9318.1500,1.0000,1.0000,207.4000,207.4000,9318.1500,18895.6500,18895.6500
2023-01-09,"MA_Crossover(35,44)",8843.0000,9582.5000,1.0000,1.0000,264.3500,264.3500,9582.5000,19160.0000,19160.0000
2023-01-10,"MA_Crossover(35,44)",8898.5000,9638.0000,1.0000,1.0000,55.5000,55.5000,9638.0000,19215.5000,19215.5000
2023-01-11,"MA_Crossover(35,44)",9115.0000,9854.5000,1.0000,1.0000,216.5000,216.5000,9854.5000,19432.0000,19432.0000
2023-01-12,"MA_Crossover(35,44)",9170.5000,9910.0000,1.0000,1.0000,55.5000,55.5000,9910.0000,19487.5000,19487.5000
2023-01-13,"MA_Crossover(35,44)",9170.0000,9909.5000,1.0000,1.0000,-0.5000,-0.5000,9909.5000,19487.0000,19487.0000
2023-01-16,"MA_Crossover(35,44)",9088.1900,9827.6900,1.0000,1.0000,-81.8100,-81.8100,9827.6900,19405.1900,19405.1900
2023-01-17,"MA_Crossover(35,44)",9286.0000,10017.5000,1.0000,1.0000,189.8100,189.8100,10017.5000,19595.0000,19595.0000
2023-01-18,"MA_Crossover(35,44)",9329.0000,10057.0000,1.0000,1.0000,39.5000,39.5000,10057.0000,19634.5000,19634.5000
2023-01-19,"MA_Crossover(35,44)",9307.5000,10038.5000,1.0000,1.0000,-18.5000,-18.5000,10038.5000,19616.0000,19616.0000
2023-01-20,"MA_Crossover(35,44)",9319.7600,10049.7600,1.0000,1.0000,11.2600,11.2600,10049.7600,19627.2600,19627.2600
2023-01-23,"MA_Crossover(35,44)",9347.7700,10077.7700,1.0000,1.0000,28.0100,28.0100,10077.7700,19655.2700,19655.2700
2023-01-24,"MA_Crossover(35,44)",9306.0000,10036.0000,1.0000,1.0000,-41.7700,-41.7700,10036.0000,19613.5000,19613.5000
2023-01-25,"MA_Crossover(35,44)",9304.5000,10034.5000,1.0000,1.0000,-1.5000,-1.5000,10034.5000,19612.0000,19612.0000
2023-01-26,"MA_Crossover(35,44)",9320.5000,10050.5000,1.0000,1.0000,16.0000,16.0000,10050.5000,19628.0000,19628.0000
2023-01-27,"MA_Crossover(35,44)",9255.7400,9985.7400,1.0000,1.0000,-64.7600,-64.7600,9985.7400,19563.2400,19563.2400
2023-01-30,"MA_Crossover(35,44)",9200.3500,9930.3500,1.0000,1.0000,-55.3900,-55.3900,9930.3500,19507.8500,19507.8500
2023-01-31,"MA_Crossover(35,44)",9210.8000,9940.8000,1.0000,1.0000,10.4500,10.4500,9940.8000,19518.3000,19518.3000
2023-02-01,"MA_Crossover(35,44)",9072.7500,9802.7500,1.0000,1.0000,-138.0500,-138.0500,9802.7500,19380.2500,19380.2500
2023-02-02,"MA_Crossover(35,44)",9039.2500,9769.2500,1.0000,1.0000,-33.5000,-33.5000,9769.2500,19346.7500,19346.7500
2023-02-03,"MA_Crossover(35,44)",8962.2500,9692.2500,1.0000,1.0000,-77.0000,-77.0000,9692.2500,19269.7500,19269.7500
2023-02-06,"MA_Crossover(35,44)",8848.2500,9578.2500,1.0000,1.0000,-114.0000,-114.0000,9578.2500,19155.7500,19155.7500
2023-02-07,"MA_Crossover(35,44)",8902.5000,9632.5000,1.0000,1.0000,54.2500,54.2500,9632.5000,19210.0000,19210.0000
2023-02-08,"MA_Crossover(35,44)",8871.7600,9601.7600,1.0000,1.0000,-30.7400,-30.7400,9601.7600,19179.2600,19179.2600
2023-02-09,"MA_Crossover(35,44)",8955.5000,9685.5000,1.0000,1.0000,83.7400,83.7400,9685.5000,19263.0000,19263.0000
2023-02-10,"MA_Crossover(35,44)",8830.2600,9560.2600,1.0000,1.0000,-125.2400,-125.2400,9560.2600,19137.7600,19137.7600
2023-02-13,"MA_Crossover(35,44)",8916.5000,9646.5000,1.0000,1.0000,86.2400,86.2400,9646.5000,19224.0000,19224.0000
2023-02-14,"MA_Crossover(35,44)",8935.5000,9661.5000,1.0000,1.0000,15.0000,15.0000,9661.5000,19239.0000,19239.0000
2023-02-15,"MA_Crossover(35,44)",8845.5000,9571.5000,1.0000,1.0000,-90.0000,-90.0000,9571.5000,19149.0000,19149.0000
2023-02-16,"MA_Crossover(35,44)",9010.5000,9737.7500,1.0000,1.0000,166.2500,166.2500,9737.7500,19315.2500,19315.2500
2023-02-17,"MA_Crossover(35,44)",8974.2500,9694.7500,1.0000,1.0000,-43.0000,-43.0000,9694.7500,19272.2500,19272.2500
2023-02-20,"MA_Crossover(35,44)",9133.7500,9854.2500,1.0000,1.0000,159.5000,159.5000,9854.2500,19431.7500,19431.7500
2023-02-21,"MA_Crossover(35,44)",9198.5000,9919.0000,1.0000,1.0000,64.7500,64.7500,9919.0000,19496.5000,19496.5000
2023-02-22,"MA_Crossover(35,44)",9116.0000,9836.5000,1.0000,1.0000,-82.5000,-82.5000,9836.5000,19414.0000,19414.0000
2023-02-23,"MA_Crossover(35,44)",8898.9900,9619.4900,1.0000,1.0000,-217.0100,-217.0100,9619.4900,19196.9900,19196.9900
2023-02-24,"MA_Crossover(35,44)",8705.5000,9426.0000,1.0000,1.0000,-193.4900,-193.4900,9426.0000,19003.5000,19003.5000
2023-02-27,"MA_Crossover(35,44)",8795.5000,9516.0000,1.0000,1.0000,90.0000,90.0000,9516.0000,19093.5000,19093.5000
2023-02-28,"MA_Crossover(35,44)",8959.0000,9679.5000,1.0000,1.0000,163.5000,163.5000,9679.5000,19257.0000,19257.0000
2023-03-01,"MA_Crossover(35,44)",9096.5000,9817.0000,1.0000,1.0000,137.5000,137.5000,9817.0000,19394.5000,19394.5000
2023-03-02,"MA_Crossover(35,44)",8942.6000,9663.1000,1.0000,1.0000,-153.9000,-153.9000,9663.1000,19240.6000,19240.6000
2023-03-03,"MA_Crossover(35,44)",8965.5000,9686.0000,1.0000,1.0000,22.9000,22.9000,9686.0000,19263.5000,19263.5000
2023-03-06,"MA_Crossover(35,44)",8902.7500,9623.2500,1.0000,1.0000,-62.7500,-62.7500,9623.2500,19200.7500,19200.7500
2023-03-07,"MA_Crossover(35,44)",8743.5000,9464.0000,1.0000,1.0000,-159.2500,-159.2500,9464.0000,19041.5000,19041.5000
2023-03-08,"MA_Crossover(35,44)",8892.0000,9612.5000,-1.0000,1.0000,148.5000,148.5000,9612.5000,19190.0000,19190.0000
2023-03-09,"MA_Crossover(35,44)",8834.0500,9554.5500,-1.0000,-1.0000,-57.9500,57.9500,-9554.5500,19247.9500,19247.9500
2023-03-10,"MA_Crossover(35,44)",8848.0000,9568.5000,-1.0000,-1.0000,13.9500,-13.9500,-9568.5000,19234.0000,19234.0000
2023-03-13,"MA_Crossover(35,44)",8918.2500,9638.7500,-1.0000,-1.0000,70.2500,-70.2500,-9638.7500,19163.7500,19163.7500
2023-03-14,"MA_Crossover(35,44)",8827.0000,9539.0000,-1.0000,-1.0000,-99.7500,99.7500,-9539.0000,19263.5000,19263.5000
2023-03-15,"MA_Crossover(35,44)",8498.7500,9208.2500,-1.0000,-1.0000,-330.7500,330.7500,-9208.2500,19594.2500,19594.2500
2023-03-16,"MA_Crossover(35,44)",8516.7500,9222.7500,-1.0000,-1.0000,14.5000,-14.5000,-9222.7500,19579.7500,19579.7500
2023-03-17,"MA_Crossover(35,44)",8580.2500,9288.7500,-1.0000,-1.0000,66.0000,-66.0000,-9288.7500,19513.7500,19513.7500
2023-03-20,"MA_Crossover(35,44)",8701.2500,9409.7500,-1.0000,-1.0000,121.0000,-121.0000,-9409.7500,19392.7500,19392.7500
2023-03-21,"MA_Crossover(35,44)",8762.2500,9470.7500,-1.0000,-1.0000,61.0000,-61.0000,-9470.7500,19331.7500,19331.7500
2023-03-22,"MA_Crossover(35,44)",8899.5000,9608.0000,-1.0000,-1.0000,137.2500,-137.2500,-9608.0000,19194.5000,19194.5000
2023-03-23,"MA_Crossover(35,44)",9038.0000,9746.5000,-1.0000,-1.0000,138.5000,-138.5000,-9746.5000,19056.0000,19056.0000
2023-03-24,"MA_Crossover(35,44)",8921.7500,9630.2500,-1.0000,-1.0000,-116.2500,116.2500,-9630.2500,19172.2500,19172.2500
2023-03-27,"MA_Crossover(35,44)",8963.2500,9671.7500,-1.0000,-1.0000,41.5000,-41.5000,-9671.7500,19130.7500,19130.7500
2023-03-28,"MA_Crossover(35,44)",8976.2500,9684.7500,-1.0000,-1.0000,13.0000,-13.0000,-9684.7500,19117.7500,19117.7500
2023-03-29,"MA_Crossover(35,44)",9005.7500,9714.2500,-1.0000,-1.0000,29.5000,-29.5000,-9714.2500,19088.2500,19088.2500
2023-03-30,"MA_Crossover(35,44)",9000.2500,9708.7500,-1.0000,-1.0000,-5.5000,5.5000,-9708.7500,19093.7500,19093.7500
2023-03-31,"MA_Crossover(35,44)",8994.5000,9703.0000,-1.0000,-1.0000,-5.7500,5.7500,-9703.0000,19099.5000,19099.5000
2023-04-03,"MA_Crossover(35,44)",8915.0000,9623.5000,-1.0000,-1.0000,-79.5000,79.5000,-9623.5000,19179.0000,19179.0000
2023-04-04,"MA_Crossover(35,44)",8743.7500,9452.2500,-1.0000,-1.0000,-171.2500,171.2500,-9452.2500,19350.2500,19350.2500
2023-04-05,"MA_Crossover(35,44)",8781.7500,9490.2500,-1.0000,-1.0000,38.0000,-38.0000,-9490.2500,19312.2500,19312.2500
2023-04-06,"MA_Crossover(35,44)",8803.7500,9512.2500,-1.0000,-1.0000,22.0000,-22.0000,-9512.2500,19290.2500,19290.2500
2023-04-11,"MA_Crossover(35,44)",8854.5000,9563.0000,-1.0000,-1.0000,50.7500,-50.7500,-9563.0000,19239.5000,19239.5000
2023-04-12,"MA_Crossover(35,44)",8920.0500,9628.5500,-1.0000,-1.0000,65.5500,-65.5500,-9628.5500,19173.9500,19173.9500
2023-04-13,"MA_Crossover(35,44)",9066.7500,9775.2500,-1.0000,-1.0000,146.7000,-146.7000,-9775.2500,19027.2500,19027.2500
2023-04-14,"MA_Crossover(35,44)",9031.2500,9739.7500,-1.0000,-1.0000,-35.5000,35.5000,-9739.7500,19062.7500,19062.7500
2023-04-17,"MA_Crossover(35,44)",8962.9500,9671.4500,-1.0000,-1.0000,-68.3000,68.3000,-9671.4500,19131.0500,19131.0500
2023-04-18,"MA_Crossover(35,44)",9014.4000,9717.4000,-1.0000,-1.0000,45.9500,-45.9500,-9717.4000,19085.1000,19085.1000
2023-04-19,"MA_Crossover(35,44)",8963.7500,9670.5000,-1.0000,-1.0000,-46.9000,46.9000,-9670.5000,19132.0000,19132.0000
2023-04-20,"MA_Crossover(35,44)",8880.2500,9587.2500,-1.0000,-1.0000,-83.2500,83.2500,-9587.2500,19215.2500,19215.2500
2023-04-21,"MA_Crossover(35,44)",8794.5000,9499.0000,-1.0000,-1.0000,-88.2500,88.2500,-9499.0000,19303.5000,19303.5000
2023-04-24,"MA_Crossover(35,44)",8727.0000,9431.5000,-1.0000,-1.0000,-67.5000,67.5000,-9431.5000,19371.0000,19371.0000
2023-04-25,"MA_Crossover(35,44)",8524.0000,9228.5000,-1.0000,-1.0000,-203.0000,203.0000,-9228.5000,19574.0000,19574.0000
2023-04-26,"MA_Crossover(35,44)",8551.7500,9256.2500,-1.0000,-1.0000,27.7500,-27.7500,-9256.2500,19546.2500,19546.2500
2023-04-27,"MA_Crossover(35,44)",8583.5000,9288.0000,-1.0000,-1.0000,31.7500,-31.7500,-9288.0000,19514.5000,19514.5000
2023-04-28,"MA_Crossover(35,44)",8590.0000,9294.5000,-1.0000,-1.0000,6.5000,-6.5000,-9294.5000,19508.0000,19508.0000
2023-05-02,"MA_Crossover(35,44)",8504.2000,9208.7000,-1.0000,-1.0000,-85.8000,85.8000,-9208.7000,19593.8000,19593.8000
2023-05-03,"MA_Crossover(35,44)",8456.2500,9160.7500,-1.0000,-1.0000,-47.9500,47.9500,-9160.7500,19641.7500,19641.7500
2023-05-04,"MA_Crossover(35,44)",8481.4000,9185.9000,-1.0000,-1.0000,25.1500,-25.1500,-9185.9000,19616.6000,19616.6000
2023-05-05,"MA_Crossover(35,44)",8566.7500,9271.2500,-1.0000,-1.0000,85.3500,-85.3500,-9271.2500,19531.2500,19531.2500
2023-05-09,"MA_Crossover(35,44)",8571.2500,9275.7500,-1.0000,-1.0000,4.5000,-4.5000,-9275.7500,19526.7500,19526.7500
2023-05-10,"MA_Crossover(35,44)",8445.2500,9149.7500,1.0000,-1.0000,-126.0000,126.0000,-9149.7500,19652.7500,19652.7500
2023-05-11,"MA_Crossover(35,44)",8137.4500,8841.9500,1.0000,1.0000,-307.8000,-307.8000,8841.9500,19344.9500,19344.9500
2023-05-12,"MA_Crossover(35,44)",8224.2500,8928.7500,1.0000,1.0000,86.8000,86.8000,8928.7500,19431.7500,19431.7500
2023-05-15,"MA_Crossover(35,44)",8218.2500,8922.7500,1.0000,1.0000,-6.0000,-6.0000,8922.7500,19425.7500,19425.7500
2023-05-16,"MA_Crossover(35,44)",8107.4900,8780.5000,-1.0000,1.0000,-142.2500,-142.2500,8780.5000,19283.5000,19283.5000
2023-05-17,"MA_Crossover(35,44)",8292.0000,8963.2500,-1.0000,-1.0000,182.7500,-182.7500,-8963.2500,19100.7500,19100.7500
2023-05-18,"MA_Crossover(35,44)",8156.5000,8830.7500,-1.0000,-1.0000,-132.5000,132.5000,-8830.7500,19233.2500,19233.2500
2023-05-19,"MA_Crossover(35,44)",8234.0000,8899.5000,-1.0000,-1.0000,68.7500,-68.7500,-8899.5000,19164.5000,19164.5000
2023-05-22,"MA_Crossover(35,44)",8095.5300,8761.0300,-1.0000,-1.0000,-138.4700,138.4700,-8761.0300,19302.9700,19302.9700
2023-05-23,"MA_Crossover(35,44)",8068.7500,8734.2500,-1.0000,-1.0000,-26.7800,26.7800,-8734.2500,19329.7500,19329.7500
2023-05-24,"MA_Crossover(35,44)",7875.7500,8541.2500,-1.0000,-1.0000,-193.0000,193.0000,-8541.2500,19522.7500,19522.7500
2023-05-25,"MA_Crossover(35,44)",7943.7500,8609.2500,-1.0000,-1.0000,68.0000,-68.0000,-8609.2500,19454.7500,19454.7500
2023-05-26,"MA_Crossover(35,44)",8124.5000,8790.0000,-1.0000,-1.0000,180.7500,-180.7500,-8790.0000,19274.0000,19274.0000
2023-05-30,"MA_Crossover(35,44)",8111.9500,8777.4500,-1.0000,-1.0000,-12.5500,12.5500,-8777.4500,19286.5500,19286.5500
2023-05-31,"MA_Crossover(35,44)",8080.0000,8745.5000,-1.0000,-1.0000,-31.9500,31.9500,-8745.5000,19318.5000,19318.5000
2023-06-01,"MA_Crossover(35,44)",8245.0000,8910.5000,-1.0000,-1.0000,165.0000,-165.0000,-8910.5000,19153.5000,19153.5000
2023-06-02,"MA_Crossover(35,44)",8233.5000,8899.0000,-1.0000,-1.0000,-11.5000,11.5000,-8899.0000,19165.0000,19165.0000
2023-06-05,"MA_Crossover(35,44)",8335.0100,9000.5100,-1.0000,-1.0000,101.5100,-101.5100,-9000.5100,19063.4900,19063.4900
2023-06-06,"MA_Crossover(35,44)",8337.0000,9002.5000,-1.0000,-1.0000,1.9900,-1.9900,-9002.5000,19061.5000,19061.5000
2023-06-07,"MA_Crossover(35,44)",8293.1000,8958.6000,-1.0000,-1.0000,-43.9000,43.9000,-8958.6000,19105.4000,19105.4000
2023-06-08,"MA_Crossover(35,44)",8341.0000,9006.5000,-1.0000,-1.0000,47.9000,-47.9000,-9006.5000,19057.5000,19057.5000
2023-06-09,"MA_Crossover(35,44)",8357.7500,9023.2500,-1.0000,-1.0000,16.7500,-16.7500,-9023.2500,19040.7500,19040.7500
2023-06-12,"MA_Crossover(35,44)",8292.0000,8957.5000,-1.0000,-1.0000,-65.7500,65.7500,-8957.5000,19106.5000,19106.5000
2023-06-13,"MA_Crossover(35,44)",8458.5000,9124.0000,-1.0000,-1.0000,166.5000,-166.5000,-9124.0000,18940.0000,18940.0000
2023-06-14,"MA_Crossover(35,44)",8515.2500,9180.7500,-1.0000,-1.0000,56.7500,-56.7500,-9180.7500,18883.2500,18883.2500
2023-06-15,"MA_Crossover(35,44)",8557.0000,9222.5000,-1.0000,-1.0000,41.7500,-41.7500,-9222.5000,18841.5000,18841.5000
2023-06-16,"MA_Crossover(35,44)",8555.7500,9221.2500,-1.0000,-1.0000,-1.2500,1.2500,-9221.2500,18842.7500,18842.7500
2023-06-19,"MA_Crossover(35,44)",8546.0000,9211.5000,-1.0000,-1.0000,-9.7500,9.7500,-9211.5000,18852.5000,18852.5000
2023-06-20,"MA_Crossover(35,44)",8551.2500,9213.7500,-1.0000,-1.0000,2.2500,-2.2500,-9213.7500,18850.2500,18850.2500
2023-06-21,"MA_Crossover(35,44)",8615.2500,9273.7500,-1.0000,-1.0000,60.0000,-60.0000,-9273.7500,18790.2500,18790.2500
2023-06-22,"MA_Crossover(35,44)",8585.2500,9246.7500,-1.0000,-1.0000,-27.0000,27.0000,-9246.7500,18817.2500,18817.2500
2023-06-23,"MA_Crossover(35,44)",8401.2400,9066.7400,-1.0000,-1.0000,-180.0100,180.0100,-9066.7400,18997.2600,18997.2600
2023-06-26,"MA_Crossover(35,44)",8407.0000,9072.5000,-1.0000,-1.0000,5.7600,-5.7600,-9072.5000,18991.5000,18991.5000
2023-06-27,"MA_Crossover(35,44)",8372.0000,9037.5000,-1.0000,-1.0000,-35.0000,35.0000,-9037.5000,19026.5000,19026.5000
2023-06-28,"MA_Crossover(35,44)",8260.5000,8926.0000,-1.0000,-1.0000,-111.5000,111.5000,-8926.0000,19138.0000,19138.0000
2023-06-29,"MA_Crossover(35,44)",8182.0000,8847.5000,-1.0000,-1.0000,-78.5000,78.5000,-8847.5000,19216.5000,19216.5000
2023-06-30,"MA_Crossover(35,44)",8323.7500,8989.2500,-1.0000,-1.0000,141.7500,-141.7500,-8989.2500,19074.7500,19074.7500
2023-07-03,"MA_Crossover(35,44)",8406.0000,9071.5000,-1.0000,-1.0000,82.2500,-82.2500,-9071.5000,18992.5000,18992.5000
2023-07-04,"MA_Crossover(35,44)",8358.5000,9024.0000,-1.0000,-1.0000,-47.5000,47.5000,-9024.0000,19040.0000,19040.0000
2023-07-05,"MA_Crossover(35,44)",8317.7500,8983.2500,-1.0000,-1.0000,-40.7500,40.7500,-8983.2500,19080.7500,19080.7500
2023-07-06,"MA_Crossover(35,44)",8258.0000,8923.5000,-1.0000,-1.0000,-59.7500,59.7500,-8923.5000,19140.5000,19140.5000
2023-07-07,"MA_Crossover(35,44)",8369.2500,9034.7500,1.0000,-1.0000,111.2500,-111.2500,-9034.7500,19029.2500,19029.2500
2023-07-10,"MA_Crossover(35,44)",8364.5000,9030.0000,1.0000,1.0000,-4.7500,-4.7500,9030.0000,19024.5000,19024.5000
2023-07-11,"MA_Crossover(35,44)",8312.5000,8978.0000,1.0000,1.0000,-52.0000,-52.0000,8978.0000,18972.5000,18972.5000
2023-07-12,"MA_Crossover(35,44)",8494.7500,9160.2500,1.0000,1.0000,182.2500,182.2500,9160.2500,19154.7500,19154.7500
2023-07-13,"MA_Crossover(35,44)",8690.0000,9355.5000,1.0000,1.0000,195.2500,195.2500,9355.5000,19350.0000,19350.0000
2023-07-14,"MA_Crossover(35,44)",8663.2500,9328.7500,1.0000,1.0000,-26.7500,-26.7500,9328.7500,19323.2500,19323.2500
2023-07-17,"MA_Crossover(35,44)",8468.0000,9133.5000,1.0000,1.0000,-195.2500,-195.2500,9133.5000,19128.0000,19128.0000
2023-07-18,"MA_Crossover(35,44)",8466.0000,9117.5000,1.0000,1.0000,-16.0000,-16.0000,9117.5000,19112.0000,19112.0000
2023-07-19,"MA_Crossover(35,44)",8424.2900,9075.2900,1.0000,1.0000,-42.2100,-42.2100,9075.2900,19069.7900,19069.7900
2023-07-20,"MA_Crossover(35,44)",8481.2500,9132.5000,1.0000,1.0000,57.2100,57.2100,9132.5000,19127.0000,19127.0000
2023-07-21,"MA_Crossover(35,44)",8444.0000,9090.0000,1.0000,1.0000,-42.5000,-42.5000,9090.0000,19084.5000,19084.5000
2023-07-24,"MA_Crossover(35,44)",8509.0000,9155.0000,1.0000,1.0000,65.0000,65.0000,9155.0000,19149.5000,19149.5000
2023-07-25,"MA_Crossover(35,44)",8664.5000,9310.5000,1.0000,1.0000,155.5000,155.5000,9310.5000,19305.0000,19305.0000
2023-07-26,"MA_Crossover(35,44)",8603.2500,9249.2500,1.0000,1.0000,-61.2500,-61.2500,9249.2500,19243.7500,19243.7500
2023-07-27,"MA_Crossover(35,44)",8552.0000,9198.0000,1.0000,1.0000,-51.2500,-51.2500,9198.0000,19192.5000,19192.5000
2023-07-28,"MA_Crossover(35,44)",8648.2400,9294.2400,1.0000,1.0000,96.2400,96.2400,9294.2400,19288.7400,19288.7400
2023-07-31,"MA_Crossover(35,44)",8819.5000,9465.5000,1.0000,1.0000,171.2600,171.2600,9465.5000,19460.0000,19460.0000
2023-08-01,"MA_Crossover(35,44)",8612.7500,9258.7500,1.0000,1.0000,-206.7500,-206.7500,9258.7500,19253.2500,19253.2500
2023-08-02,"MA_Crossover(35,44)",8488.2400,9134.2400,1.0000,1.0000,-124.5100,-124.5100,9134.2400,19128.7400,19128.7400
2023-08-03,"MA_Crossover(35,44)",8586.0000,9232.0000,1.0000,1.0000,97.7600,97.7600,9232.0000,19226.5000,19226.5000
2023-08-04,"MA_Crossover(35,44)",8537.0000,9183.0000,1.0000,1.0000,-49.0000,-49.0000,9183.0000,19177.5000,19177.5000
2023-08-07,"MA_Crossover(35,44)",8449.0900,9095.0900,1.0000,1.0000,-87.9100,-87.9100,9095.0900,19089.5900,19089.5900
2023-08-08,"MA_Crossover(35,44)",8313.7500,8959.7500,1.0000,1.0000,-135.3400,-135.3400,8959.7500,18954.2500,18954.2500
2023-08-09,"MA_Crossover(35,44)",8371.5100,9017.5100,-1.0000,1.0000,57.7600,57.7600,9017.5100,19012.0100,19012.0100
2023-08-10,"MA_Crossover(35,44)",8352.2400,8998.2400,-1.0000,-1.0000,-19.2700,19.2700,-8998.2400,19031.2800,19031.2800
2023-08-11,"MA_Crossover(35,44)",8257.2500,8903.2500,-1.0000,-1.0000,-94.9900,94.9900,-8903.2500,19126.2700,19126.2700
2023-08-14,"MA_Crossover(35,44)",8242.7500,8888.7500,-1.0000,-1.0000,-14.5000,14.5000,-8888.7500,19140.7700,19140.7700
2023-08-15,"MA_Crossover(35,44)",8183.5000,8802.5000,-1.0000,-1.0000,-86.2500,86.2500,-8802.5000,19227.0200,19227.0200
2023-08-16,"MA_Crossover(35,44)",8153.2500,8771.2500,-1.0000,-1.0000,-31.2500,31.2500,-8771.2500,19258.2700,19258.2700
2023-08-17,"MA_Crossover(35,44)",8229.8500,8843.8500,1.0000,-1.0000,72.6000,-72.6000,-8843.8500,19185.6700,19185.6700
2023-08-18,"MA_Crossover(35,44)",8243.7500,8854.7500,1.0000,1.0000,10.9000,10.9000,8854.7500,19196.5700,19196.5700
2023-08-21,"MA_Crossover(35,44)",8270.5000,8881.5000,1.0000,1.0000,26.7500,26.7500,8881.5000,19223.3200,19223.3200
2023-08-22,"MA_Crossover(35,44)",8363.7000,8974.7000,1.0000,1.0000,93.2000,93.2000,8974.7000,19316.5200,19316.5200
2023-08-23,"MA_Crossover(35,44)",8457.2500,9068.2500,1.0000,1.0000,93.5500,93.5500,9068.2500,19410.0700,19410.0700
2023-08-24,"MA_Crossover(35,44)",8359.5000,8970.5000,1.0000,1.0000,-97.7500,-97.7500,8970.5000,19312.3200,19312.3200
2023-08-25,"MA_Crossover(35,44)",8349.2500,8960.2500,1.0000,1.0000,-10.2500,-10.2500,8960.2500,19302.0700,19302.0700
2023-08-29,"MA_Crossover(35,44)",8438.5000,9049.5000,1.0000,1.0000,89.2500,89.2500,9049.5000,19391.3200,19391.3200
2023-08-30,"MA_Crossover(35,44)",8468.5500,9079.5500,1.0000,1.0000,30.0500,30.0500,9079.5500,19421.3700,19421.3700
2023-08-31,"MA_Crossover(35,44)",8420.0000,9031.0000,1.0000,1.0000,-48.5500,-48.5500,9031.0000,19372.8200,19372.8200
2023-09-01,"MA_Crossover(35,44)",8497.2500,9108.2500,1.0000,1.0000,77.2500,77.2500,9108.2500,19450.0700,19450.0700
2023-09-04,"MA_Crossover(35,44)",8453.2500,9064.2500,1.0000,1.0000,-44.0000,-44.0000,9064.2500,19406.0700,19406.0700
2023-09-05,"MA_Crossover(35,44)",8497.5000,9108.5000,-1.0000,1.0000,44.2500,44.2500,9108.5000,19450.3200,19450.3200
2023-09-06,"MA_Crossover(35,44)",8374.2500,8985.2500,-1.0000,-1.0000,-123.2500,123.2500,-8985.2500,19573.5700,19573.5700
2023-09-07,"MA_Crossover(35,44)",8321.2500,8932.2500,-1.0000,-1.0000,-53.0000,53.0000,-8932.2500,19626.5700,19626.5700
2023-09-08,"MA_Crossover(35,44)",8241.5000,8852.5000,-1.0000,-1.0000,-79.7500,79.7500,-8852.5000,19706.3200,19706.3200
2023-09-11,"MA_Crossover(35,44)",8389.0000,9000.0000,-1.0000,-1.0000,147.5000,-147.5000,-9000.0000,19558.8200,19558.8200
2023-09-12,"MA_Crossover(35,44)",8378.7500,8989.7500,-1.0000,-1.0000,-10.2500,10.2500,-8989.7500,19569.0700,19569.0700
2023-09-13,"MA_Crossover(35,44)",8406.5000,9017.5000,-1.0000,-1.0000,27.7500,-27.7500,-9017.5000,19541.3200,19541.3200
2023-09-14,"MA_Crossover(35,44)",8375.7500,8986.7500,-1.0000,-1.0000,-30.7500,30.7500,-8986.7500,19572.0700,19572.0700
2023-09-15,"MA_Crossover(35,44)",8352.0000,8963.0000,-1.0000,-1.0000,-23.7500,23.7500,-8963.0000,19595.8200,19595.8200
2023-09-18,"MA_Crossover(35,44)",8299.8000,8910.8000,-1.0000,-1.0000,-52.2000,52.2000,-8910.8000,19648.0200,19648.0200
2023-09-19,"MA_Crossover(35,44)",8271.2500,8857.0000,-1.0000,-1.0000,-53.8000,53.8000,-8857.0000,19701.8200,19701.8200
2023-09-20,"MA_Crossover(35,44)",8320.5000,8909.0000,-1.0000,-1.0000,52.0000,-52.0000,-8909.0000,19649.8200,19649.8200
2023-09-21,"MA_Crossover(35,44)",8169.7500,8759.2500,-1.0000,-1.0000,-149.7500,149.7500,-8759.2500,19799.5700,19799.5700
2023-09-22,"MA_Crossover(35,44)",8198.7500,8772.7500,-1.0000,-1.0000,13.5000,-13.5000,-8772.7500,19786.0700,19786.0700
2023-09-25,"MA_Crossover(35,44)",8110.5000,8684.5000,-1.0000,-1.0000,-88.2500,88.2500,-8684.5000,19874.3200,19874.3200
2023-09-26,"MA_Crossover(35,44)",8066.2500,8640.2500,-1.0000,-1.0000,-44.2500,44.2500,-8640.2500,19918.5700,19918.5700
2023-09-27,"MA_Crossover(35,44)",8088.0000,8662.0000,-1.0000,-1.0000,21.7500,-21.7500,-8662.0000,19896.8200,19896.8200
2023-09-28,"MA_Crossover(35,44)",8193.0000,8767.0000,-1.0000,-1.0000,105.0000,-105.0000,-8767.0000,19791.8200,19791.8200
2023-09-29,"MA_Crossover(35,44)",8239.0000,8813.0000,-1.0000,-1.0000,46.0000,-46.0000,-8813.0000,19745.8200,19745.8200
2023-10-02,"MA_Crossover(35,44)",8003.0000,8577.0000,-1.0000,-1.0000,-236.0000,236.0000,-8577.0000,19981.8200,19981.8200
2023-10-03,"MA_Crossover(35,44)",7952.5000,8526.5000,-1.0000,-1.0000,-50.5000,50.5000,-8526.5000,20032.3200,20032.3200
2023-10-04,"MA_Crossover(35,44)",7895.5000,8469.5000,-1.0000,-1.0000,-57.0000,57.0000,-8469.5000,20089.3200,20089.3200
2023-10-05,"MA_Crossover(35,44)",7837.5000,8411.5000,-1.0000,-1.0000,-58.0000,58.0000,-8411.5000,20147.3200,20147.3200
2023-10-06,"MA_Crossover(35,44)",7985.2500,8559.2500,-1.0000,-1.0000,147.7500,-147.7500,-8559.2500,19999.5700,19999.5700
2023-10-09,"MA_Crossover(35,44)",8050.7500,8624.7500,-1.0000,-1.0000,65.5000,-65.5000,-8624.7500,19934.0700,19934.0700
2023-10-10,"MA_Crossover(35,44)",7955.0000,8529.0000,-1.0000,-1.0000,-95.7500,95.7500,-8529.0000,20029.8200,20029.8200
2023-10-11,"MA_Crossover(35,44)",7954.0000,8528.0000,-1.0000,-1.0000,-1.0000,1.0000,-8528.0000,20030.8200,20030.8200
2023-10-12,"MA_Crossover(35,44)",7919.2500,8493.2500,-1.0000,-1.0000,-34.7500,34.7500,-8493.2500,20065.5700,20065.5700
2023-10-13,"MA_Crossover(35,44)",7877.5000,8451.5000,-1.0000,-1.0000,-41.7500,41.7500,-8451.5000,20107.3200,20107.3200
2023-10-16,"MA_Crossover(35,44)",7915.5000,8489.5000,-1.0000,-1.0000,38.0000,-38.0000,-8489.5000,20069.3200,20069.3200
2023-10-17,"MA_Crossover(35,44)",7937.5000,8498.5000,-1.0000,-1.0000,9.0000,-9.0000,-8498.5000,20060.3200,20060.3200
2023-10-18,"MA_Crossover(35,44)",7940.0000,8502.0000,-1.0000,-1.0000,3.5000,-3.5000,-8502.0000,20056.8200,20056.8200
2023-10-19,"MA_Crossover(35,44)",7963.0000,8524.5000,-1.0000,-1.0000,22.5000,-22.5000,-8524.5000,20034.3200,20034.3200
2023-10-20,"MA_Crossover(35,44)",7916.7600,8460.7600,-1.0000,-1.0000,-63.7400,63.7400,-8460.7600,20098.0600,20098.0600
2023-10-23,"MA_Crossover(35,44)",7935.7500,8479.7500,-1.0000,-1.0000,18.9900,-18.9900,-8479.7500,20079.0700,20079.0700
2023-10-24,"MA_Crossover(35,44)",8018.5000,8562.5000,-1.0000,-1.0000,82.7500,-82.7500,-8562.5000,19996.3200,19996.3200
2023-10-25,"MA_Crossover(35,44)",7991.0000,8535.0000,-1.0000,-1.0000,-27.5000,27.5000,-8535.0000,20023.8200,20023.8200
2023-10-26,"MA_Crossover(35,44)",7939.7500,8483.7500,-1.0000,-1.0000,-51.2500,51.2500,-8483.7500,20075.0700,20075.0700
2023-10-27,"MA_Crossover(35,44)",8056.5000,8600.5000,-1.0000,-1.0000,116.7500,-116.7500,-8600.5000,19958.3200,19958.3200
2023-10-30,"MA_Crossover(35,44)",8094.0000,8638.0000,-1.0000,-1.0000,37.5000,-37.5000,-8638.0000,19920.8200,19920.8200
2023-10-31,"MA_Crossover(35,44)",8051.5000,8595.5000,-1.0000,-1.0000,-42.5000,42.5000,-8595.5000,19963.3200,19963.3200
2023-11-01,"MA_Crossover(35,44)",8050.2500,8594.2500,-1.0000,-1.0000,-1.2500,1.2500,-8594.2500,19964.5700,19964.5700
2023-11-02,"MA_Crossover(35,44)",8079.5000,8623.5000,-1.0000,-1.0000,29.2500,-29.2500,-8623.5000,19935.3200,19935.3200
2023-11-03,"MA_Crossover(35,44)",8109.7000,8653.7000,-1.0000,-1.0000,30.2000,-30.2000,-8653.7000,19905.1200,19905.1200
2023-11-06,"MA_Crossover(35,44)",8169.2500,8713.2500,-1.0000,-1.0000,59.5500,-59.5500,-8713.2500,19845.5700,19845.5700
2023-11-07,"MA_Crossover(35,44)",8112.0000,8656.0000,-1.0000,-1.0000,-57.2500,57.2500,-8656.0000,19902.8200,19902.8200
2023-11-08,"MA_Crossover(35,44)",8068.0000,8612.0000,-1.0000,-1.0000,-44.0000,44.0000,-8612.0000,19946.8200,19946.8200
2023-11-09,"MA_Crossover(35,44)",8072.0100,8616.0100,-1.0000,-1.0000,4.0100,-4.0100,-8616.0100,19942.8100,19942.8100
2023-11-10,"MA_Crossover(35,44)",7956.4900,8500.4900,-1.0000,-1.0000,-115.5200,115.5200,-8500.4900,20058.3300,20058.3300
2023-11-13,"MA_Crossover(35,44)",8081.2500,8625.2500,-1.0000,-1.0000,124.7600,-124.7600,-8625.2500,19933.5700,19933.5700
2023-11-14,"MA_Crossover(35,44)",8191.0000,8714.5000,-1.0000,-1.0000,89.2500,-89.2500,-8714.5000,19844.3200,19844.3200
2023-11-15,"MA_Crossover(35,44)",8218.0000,8744.0000,-1.0000,-1.0000,29.5000,-29.5000,-8744.0000,19814.8200,19814.8200
2023-11-16,"MA_Crossover(35,44)",8166.5000,8695.5000,-1.0000,-1.0000,-48.5000,48.5000,-8695.5000,19863.3200,19863.3200
2023-11-17,"MA_Crossover(35,44)",8212.2500,8711.2500,-1.0000,-1.0000,15.7500,-15.7500,-8711.2500,19847.5700,19847.5700
2023-11-20,"MA_Crossover(35,44)",8381.5000,8880.5000,-1.0000,-1.0000,169.2500,-169.2500,-8880.5000,19678.3200,19678.3200
2023-11-21,"MA_Crossover(35,44)",8394.0000,8893.0000,-1.0000,-1.0000,12.5000,-12.5000,-8893.0000,19665.8200,19665.8200
2023-11-22,"MA_Crossover(35,44)",8294.5000,8793.5000,-1.0000,-1.0000,-99.5000,99.5000,-8793.5000,19765.3200,19765.3200
2023-11-23,"MA_Crossover(35,44)",8345.5000,8844.5000,1.0000,-1.0000,51.0000,-51.0000,-8844.5000,19714.3200,19714.3200
2023-11-24,"MA_Crossover(35,44)",8364.7500,8863.7500,1.0000,1.0000,19.2500,19.2500,8863.7500,19733.5700,19733.5700
2023-11-27,"MA_Crossover(35,44)",8292.5000,8791.5000,1.0000,1.0000,-72.2500,-72.2500,8791.5000,19661.3200,19661.3200
2023-11-28,"MA_Crossover(35,44)",8415.5000,8914.5000,1.0000,1.0000,123.0000,123.0000,8914.5000,19784.3200,19784.3200
2023-11-29,"MA_Crossover(35,44)",8365.5000,8864.5000,1.0000,1.0000,-50.0000,-50.0000,8864.5000,19734.3200,19734.3200
2023-11-30,"MA_Crossover(35,44)",8409.5000,8908.5000,1.0000,1.0000,44.0000,44.0000,8908.5000,19778.3200,19778.3200
2023-12-01,"MA_Crossover(35,44)",8558.0200,9057.0200,1.0000,1.0000,148.5200,148.5200,9057.0200,19926.8400,19926.8400
2023-12-04,"MA_Crossover(35,44)",8381.7500,8880.7500,1.0000,1.0000,-176.2700,-176.2700,8880.7500,19750.5700,19750.5700
2023-12-05,"MA_Crossover(35,44)",8269.7500,8768.7500,1.0000,1.0000,-112.0000,-112.0000,8768.7500,19638.5700,19638.5700
2023-12-06,"MA_Crossover(35,44)",8219.7500,8718.7500,1.0000,1.0000,-50.0000,-50.0000,8718.7500,19588.5700,19588.5700
2023-12-07,"MA_Crossover(35,44)",8273.0000,8772.0000,1.0000,1.0000,53.2500,53.2500,8772.0000,19641.8200,19641.8200
2023-12-08,"MA_Crossover(35,44)",8380.0000,8879.0000,1.0000,1.0000,107.0000,107.0000,8879.0000,19748.8200,19748.8200
2023-12-11,"MA_Crossover(35,44)",8261.5500,8760.5500,1.0000,1.0000,-118.4500,-118.4500,8760.5500,19630.3700,19630.3700
2023-12-12,"MA_Crossover(35,44)",8270.5000,8769.5000,1.0000,1.0000,8.9500,8.9500,8769.5000,19639.3200,19639.3200
2023-12-13,"MA_Crossover(35,44)",8245.9000,8744.9000,1.0000,1.0000,-24.6000,-24.6000,8744.9000,19614.7200,19614.7200
2023-12-14,"MA_Crossover(35,44)",8463.5100,8962.5100,1.0000,1.0000,217.6100,217.6100,8962.5100,19832.3300,19832.3300
2023-12-15,"MA_Crossover(35,44)",8456.2500,8955.2500,1.0000,1.0000,-7.2600,-7.2600,8955.2500,19825.0700,19825.0700
2023-12-18,"MA_Crossover(35,44)",8393.8100,8892.8100,1.0000,1.0000,-62.4400,-62.4400,8892.8100,19762.6300,19762.6300
2023-12-19,"MA_Crossover(35,44)",8539.5000,9036.0000,1.0000,1.0000,143.1900,143.1900,9036.0000,19905.8200,19905.8200
2023-12-20,"MA_Crossover(35,44)",8524.0000,9024.0000,1.0000,1.0000,-12.0000,-12.0000,9024.0000,19893.8200,19893.8200
2023-12-21,"MA_Crossover(35,44)",8538.0000,9038.5000,1.0000,1.0000,14.5000,14.5000,9038.5000,19908.3200,19908.3200
2023-12-22,"MA_Crossover(35,44)",8514.5000,8981.5000,1.0000,1.0000,-57.0000,-57.0000,8981.5000,19851.3200,19851.3200
2023-12-27,"MA_Crossover(35,44)",8620.0000,9087.0000,1.0000,1.0000,105.5000,105.5000,9087.0000,19956.8200,19956.8200
2023-12-28,"MA_Crossover(35,44)",8556.7500,9023.7500,1.0000,1.0000,-63.2500,-63.2500,9023.7500,19893.5700,19893.5700
2023-12-29,"MA_Crossover(35,44)",8488.5000,8955.5000,1.0000,1.0000,-68.2500,-68.2500,8955.5000,19825.3200,19825.3200
2024-01-02,"MA_Crossover(35,44)",8463.7500,8930.7500,1.0000,1.0000,-24.7500,-24.7500,8930.7500,19800.5700,19800.5700
2024-01-03,"MA_Crossover(35,44)",8438.7500,8905.7500,1.0000,1.0000,-25.0000,-25.0000,8905.7500,19775.5700,19775.5700
2024-01-04,"MA_Crossover(35,44)",8383.2500,8850.2500,1.0000,1.0000,-55.5000,-55.5000,8850.2500,19720.0700,19720.0700
2024-01-05,"MA_Crossover(35,44)",8374.7500,8841.7500,1.0000,1.0000,-8.5000,-8.5000,8841.7500,19711.5700,19711.5700
2024-01-08,"MA_Crossover(35,44)",8351.7400,8818.7400,1.0000,1.0000,-23.0100,-23.0100,8818.7400,19688.5600,19688.5600
2024-01-09,"MA_Crossover(35,44)",8273.7500,8740.7500,1.0000,1.0000,-77.9900,-77.9900,8740.7500,19610.5700,19610.5700
2024-01-10,"MA_Crossover(35,44)",8277.2500,8744.2500,1.0000,1.0000,3.5000,3.5000,8744.2500,19614.0700,19614.0700
2024-01-11,"MA_Crossover(35,44)",8264.0000,8731.0000,1.0000,1.0000,-13.2500,-13.2500,8731.0000,19600.8200,19600.8200
2024-01-12,"MA_Crossover(35,44)",8242.7500,8709.7500,1.0000,1.0000,-21.2500,-21.2500,8709.7500,19579.5700,19579.5700
2024-01-15,"MA_Crossover(35,44)",8284.0000,8751.0000,1.0000,1.0000,41.2500,41.2500,8751.0000,19620.8200,19620.8200
2024-01-16,"MA_Crossover(35,44)",8306.0000,8756.0000,1.0000,1.0000,5.0000,5.0000,8756.0000,19625.8200,19625.8200
2024-01-17,"MA_Crossover(35,44)",8216.2500,8668.7500,1.0000,1.0000,-87.2500,-87.2500,8668.7500,19538.5700,19538.5700
2024-01-18,"MA_Crossover(35,44)",8261.7500,8713.2500,1.0000,1.0000,44.5000,44.5000,8713.2500,19583.0700,19583.0700
2024-01-19,"MA_Crossover(35,44)",8306.7600,8727.7600,1.0000,1.0000,14.5100,14.5100,8727.7600,19597.5800,19597.5800
2024-01-22,"MA_Crossover(35,44)",8289.5000,8710.5000,1.0000,1.0000,-17.2600,-17.2600,8710.5000,19580.3200,19580.3200
2024-01-23,"MA_Crossover(35,44)",8348.0000,8769.0000,1.0000,1.0000,58.5000,58.5000,8769.0000,19638.8200,19638.8200
2024-01-24,"MA_Crossover(35,44)",8506.9900,8927.9900,-1.0000,1.0000,158.9900,158.9900,8927.9900,19797.8100,19797.8100
2024-01-25,"MA_Crossover(35,44)",8508.0000,8929.0000,-1.0000,-1.0000,1.0100,-1.0100,-8929.0000,19796.8000,19796.8000
2024-01-26,"MA_Crossover(35,44)",8479.0500,8900.0500,1.0000,-1.0000,-28.9500,28.9500,-8900.0500,19825.7500,19825.7500
2024-01-29,"MA_Crossover(35,44)",8486.5000,8907.5000,1.0000,1.0000,7.4500,7.4500,8907.5000,19833.2000,19833.2000
2024-01-30,"MA_Crossover(35,44)",8543.7500,8964.7500,1.0000,1.0000,57.2500,57.2500,8964.7500,19890.4500,19890.4500
2024-01-31,"MA_Crossover(35,44)",8530.5000,8951.5000,1.0000,1.0000,-13.2500,-13.2500,8951.5000,19877.2000,19877.2000
2024-02-01,"MA_Crossover(35,44)",8451.0000,8872.0000,1.0000,1.0000,-79.5000,-79.5000,8872.0000,19797.7000,19797.7000
2024-02-02,"MA_Crossover(35,44)",8397.8400,8818.8400,1.0000,1.0000,-53.1600,-53.1600,8818.8400,19744.5400,19744.5400
2024-02-05,"MA_Crossover(35,44)",8267.2500,8688.2500,1.0000,1.0000,-130.5900,-130.5900,8688.2500,19613.9500,19613.9500
2024-02-06,"MA_Crossover(35,44)",8312.2500,8733.2500,1.0000,1.0000,45.0000,45.0000,8733.2500,19658.9500,19658.9500
2024-02-07,"MA_Crossover(35,44)",8217.0000,8638.0000,1.0000,1.0000,-95.2500,-95.2500,8638.0000,19563.7000,19563.7000
2024-02-08,"MA_Crossover(35,44)",8098.2700,8519.2700,1.0000,1.0000,-118.7300,-118.7300,8519.2700,19444.9700,19444.9700
2024-02-09,"MA_Crossover(35,44)",8077.2900,8498.2900,1.0000,1.0000,-20.9800,-20.9800,8498.2900,19423.9900,19423.9900
2024-02-12,"MA_Crossover(35,44)",8138.2400,8559.2400,-1.0000,1.0000,60.9500,60.9500,8559.2400,19484.9400,19484.9400
2024-02-13,"MA_Crossover(35,44)",8163.7500,8584.7500,-1.0000,-1.0000,25.5100,-25.5100,-8584.7500,19459.4300,19459.4300
2024-02-14,"MA_Crossover(35,44)",8104.0000,8525.0000,-1.0000,-1.0000,-59.7500,59.7500,-8525.0000,19519.1800,19519.1800
2024-02-15,"MA_Crossover(35,44)",8224.2500,8645.2500,-1.0000,-1.0000,120.2500,-120.2500,-8645.2500,19398.9300,19398.9300
2024-02-16,"MA_Crossover(35,44)",8410.2500,8831.2500,-1.0000,-1.0000,186.0000,-186.0000,-8831.2500,19212.9300,19212.9300
2024-02-19,"MA_Crossover(35,44)",8353.5000,8774.5000,-1.0000,-1.0000,-56.7500,56.7500,-8774.5000,19269.6800,19269.6800
2024-02-20,"MA_Crossover(35,44)",8458.9900,8872.8000,-1.0000,-1.0000,98.3000,-98.3000,-8872.8000,19171.3800,19171.3800
2024-02-21,"MA_Crossover(35,44)",8495.2500,8912.4500,-1.0000,-1.0000,39.6500,-39.6500,-8912.4500,19131.7300,19131.7300
2024-02-22,"MA_Crossover(35,44)",8534.5000,8953.7000,-1.0000,-1.0000,41.2500,-41.2500,-8953.7000,19090.4800,19090.4800
2024-02-23,"MA_Crossover(35,44)",8510.0000,8898.2000,-1.0000,-1.0000,-55.5000,55.5000,-8898.2000,19145.9800,19145.9800
2024-02-26,"MA_Crossover(35,44)",8398.0000,8786.2000,-1.0000,-1.0000,-112.0000,112.0000,-8786.2000,19257.9800,19257.9800
2024-02-27,"MA_Crossover(35,44)",8409.0000,8797.2000,-1.0000,-1.0000,11.0000,-11.0000,-8797.2000,19246.9800,19246.9800
2024-02-28,"MA_Crossover(35,44)",8385.7500,8773.9500,-1.0000,-1.0000,-23.2500,23.2500,-8773.9500,19270.2300,19270.2300
2024-02-29,"MA_Crossover(35,44)",8427.0000,8815.2000,-1.0000,-1.0000,41.2500,-41.2500,-8815.2000,19228.9800,19228.9800
2024-03-01,"MA_Crossover(35,44)",8438.5000,8826.7000,1.0000,-1.0000,11.5000,-11.5000,-8826.7000,19217.4800,19217.4800
2024-03-04,"MA_Crossover(35,44)",8476.5100,8864.7100,1.0000,1.0000,38.0100,38.0100,8864.7100,19255.4900,19255.4900
2024-03-05,"MA_Crossover(35,44)",8421.7500,8809.9500,1.0000,1.0000,-54.7600,-54.7600,8809.9500,19200.7300,19200.7300
2024-03-06,"MA_Crossover(35,44)",8503.0000,8891.2000,1.0000,1.0000,81.2500,81.2500,8891.2000,19281.9800,19281.9800
2024-03-07,"MA_Crossover(35,44)",8561.2400,8949.4400,1.0000,1.0000,58.2400,58.2400,8949.4400,19340.2200,19340.2200
2024-03-08,"MA_Crossover(35,44)",8500.2800,8888.4800,1.0000,1.0000,-60.9600,-60.9600,8888.4800,19279.2600,19279.2600
2024-03-11,"MA_Crossover(35,44)",8571.0000,8959.2000,1.0000,1.0000,70.7200,70.7200,8959.2000,19349.9800,19349.9800
2024-03-12,"MA_Crossover(35,44)",8570.2000,8958.4000,1.0000,1.0000,-0.8000,-0.8000,8958.4000,19349.1800,19349.1800
2024-03-13,"MA_Crossover(35,44)",8840.0100,9228.2100,1.0000,1.0000,269.8100,269.8100,9228.2100,19618.9900,19618.9900
2024-03-14,"MA_Crossover(35,44)",8786.0000,9174.2000,1.0000,1.0000,-54.0100,-54.0100,9174.2000,19564.9800,19564.9800
2024-03-15,"MA_Crossover(35,44)",8970.2500,9358.4500,1.0000,1.0000,184.2500,184.2500,9358.4500,19749.2300,19749.2300
2024-03-18,"MA_Crossover(35,44)",8986.1100,9374.3100,1.0000,1.0000,15.8600,15.8600,9374.3100,19765.0900,19765.0900
2024-03-19,"MA_Crossover(35,44)",8910.0700,9293.9100,1.0000,1.0000,-80.4000,-80.4000,9293.9100,19684.6900,19684.6900
2024-03-20,"MA_Crossover(35,44)",8858.8400,9244.1400,1.0000,1.0000,-49.7700,-49.7700,9244.1400,19634.9200,19634.9200
2024-03-21,"MA_Crossover(35,44)",8875.4800,9263.2900,1.0000,1.0000,19.1500,19.1500,9263.2900,19654.0700,19654.0700
2024-03-22,"MA_Crossover(35,44)",8791.0200,9139.8800,1.0000,1.0000,-123.4100,-123.4100,9139.8800,19530.6600,19530.6600
2024-03-25,"MA_Crossover(35,44)",8792.5800,9141.4400,1.0000,1.0000,1.5600,1.5600,9141.4400,19532.2200,19532.2200
2024-03-26,"MA_Crossover(35,44)",8781.4700,9130.3300,1.0000,1.0000,-11.1100,-11.1100,9130.3300,19521.1100,19521.1100
2024-03-27,"MA_Crossover(35,44)",8768.0000,9116.8600,1.0000,1.0000,-13.4700,-13.4700,9116.8600,19507.6400,19507.6400
2024-03-28,"MA_Crossover(35,44)",8787.8400,9136.7000,1.0000,1.0000,19.8400,19.8400,9136.7000,19527.4800,19527.4800
2024-04-02,"MA_Crossover(35,44)",8907.2500,9256.1100,1.0000,1.0000,119.4100,119.4100,9256.1100,19646.8900,19646.8900
2024-04-03,"MA_Crossover(35,44)",9171.5300,9520.3900,1.0000,1.0000,264.2800,264.2800,9520.3900,19911.1700,19911.1700
2024-04-04,"MA_Crossover(35,44)",9257.5600,9606.4200,1.0000,1.0000,86.0300,86.0300,9606.4200,19997.2000,19997.2000
2024-04-05,"MA_Crossover(35,44)",9223.5000,9572.3600,1.0000,1.0000,-34.0600,-34.0600,9572.3600,19963.1400,19963.1400
2024-04-08,"MA_Crossover(35,44)",9295.0100,9643.8700,1.0000,1.0000,71.5100,71.5100,9643.8700,20034.6500,20034.6500
2024-04-09,"MA_Crossover(35,44)",9294.2800,9643.1400,1.0000,1.0000,-0.7300,-0.7300,9643.1400,20033.9200,20033.9200
2024-04-10,"MA_Crossover(35,44)",9249.2400,9598.1000,1.0000,1.0000,-45.0400,-45.0400,9598.1000,19988.8800,19988.8800
2024-04-11,"MA_Crossover(35,44)",9213.4000,9562.2600,1.0000,1.0000,-35.8400,-35.8400,9562.2600,19953.0400,19953.0400
2024-04-12,"MA_Crossover(35,44)",9334.9600,9683.8200,1.0000,1.0000,121.5600,121.5600,9683.8200,20074.6000,20074.6000
2024-04-15,"MA_Crossover(35,44)",9499.4700,9848.3300,1.0000,1.0000,164.5100,164.5100,9848.3300,20239.1100,20239.1100
2024-04-16,"MA_Crossover(35,44)",9390.4500,9766.5500,1.0000,1.0000,-81.7800,-81.7800,9766.5500,20157.3300,20157.3300
2024-04-17,"MA_Crossover(35,44)",9515.1200,9885.2500,1.0000,1.0000,118.7000,118.7000,9885.2500,20276.0300,20276.0300
2024-04-18,"MA_Crossover(35,44)",9676.0000,10043.0200,1.0000,1.0000,157.7700,157.7700,10043.0200,20433.8000,20433.8000
2024-04-19,"MA_Crossover(35,44)",9819.7400,10154.0400,1.0000,1.0000,111.0200,111.0200,10154.0400,20544.8200,20544.8200
2024-04-22,"MA_Crossover(35,44)",9764.1600,10098.4600,1.0000,1.0000,-55.5800,-55.5800,10098.4600,20489.2400,20489.2400
2024-04-23,"MA_Crossover(35,44)",9631.5900,9965.8900,1.0000,1.0000,-132.5700,-132.5700,9965.8900,20356.6700,20356.6700
2024-04-24,"MA_Crossover(35,44)",9684.8300,10019.1300,1.0000,1.0000,53.2400,53.2400,10019.1300,20409.9100,20409.9100
2024-04-25,"MA_Crossover(35,44)",9768.6500,10102.9500,1.0000,1.0000,83.8200,83.8200,10102.9500,20493.7300,20493.7300
2024-04-26,"MA_Crossover(35,44)",9876.9700,10211.2700,1.0000,1.0000,108.3200,108.3200,10211.2700,20602.0500,20602.0500
2024-04-29,"MA_Crossover(35,44)",10057.4700,10391.7700,1.0000,1.0000,180.5000,180.5000,10391.7700,20782.5500,20782.5500
2024-04-30,"MA_Crossover(35,44)",9903.7300,10238.0300,1.0000,1.0000,-153.7400,-153.7400,10238.0300,20628.8100,20628.8100
2024-05-01,"MA_Crossover(35,44)",9794.9300,10129.2300,1.0000,1.0000,-108.8000,-108.8000,10129.2300,20520.0100,20520.0100
2024-05-02,"MA_Crossover(35,44)",9652.4600,9986.7600,1.0000,1.0000,-142.4700,-142.4700,9986.7600,20377.5400,20377.5400
2024-05-03,"MA_Crossover(35,44)",9799.0300,10133.3300,1.0000,1.0000,146.5700,146.5700,10133.3300,20524.1100,20524.1100
2024-05-07,"MA_Crossover(35,44)",9903.7900,10238.0900,1.0000,1.0000,104.7600,104.7600,10238.0900,20628.8700,20628.8700
2024-05-08,"MA_Crossover(35,44)",9776.1000,10110.4000,1.0000,1.0000,-127.6900,-127.6900,10110.4000,20501.1800,20501.1800
2024-05-09,"MA_Crossover(35,44)",9783.4100,10117.7100,1.0000,1.0000,7.3100,7.3100,10117.7100,20508.4900,20508.4900
2024-05-10,"MA_Crossover(35,44)",9896.6600,10230.9600,1.0000,1.0000,113.2500,113.2500,10230.9600,20621.7400,20621.7400
2024-05-13,"MA_Crossover(35,44)",10082.4000,10416.7000,1.0000,1.0000,185.7400,185.7400,10416.7000,20807.4800,20807.4800
2024-05-14,"MA_Crossover(35,44)",10043.0800,10378.6300,1.0000,1.0000,-38.0700,-38.0700,10378.6300,20769.4100,20769.4100
2024-05-15,"MA_Crossover(35,44)",10149.7900,10482.3100,1.0000,1.0000,103.6800,103.6800,10482.3100,20873.0900,20873.0900
2024-05-16,"MA_Crossover(35,44)",10361.7600,10689.8700,1.0000,1.0000,207.5600,207.5600,10689.8700,21080.6500,21080.6500
2024-05-17,"MA_Crossover(35,44)",10615.4800,10913.1700,1.0000,1.0000,223.3000,223.3000,10913.1700,21303.9500,21303.9500
2024-05-20,"MA_Crossover(35,44)",10830.6300,11128.3200,1.0000,1.0000,215.1500,215.1500,11128.3200,21519.1000,21519.1000
2024-05-21,"MA_Crossover(35,44)",10783.6500,11081.3400,1.0000,1.0000,-46.9800,-46.9800,11081.3400,21472.1200,21472.1200
2024-05-22,"MA_Crossover(35,44)",10334.2100,10631.9000,1.0000,1.0000,-449.4400,-449.4400,10631.9000,21022.6800,21022.6800
2024-05-23,"MA_Crossover(35,44)",10347.4100,10645.1000,1.0000,1.0000,13.2000,13.2000,10645.1000,21035.8800,21035.8800
2024-05-24,"MA_Crossover(35,44)",10246.5100,10544.2000,1.0000,1.0000,-100.9000,-100.9000,10544.2000,20934.9800,20934.9800
2024-05-28,"MA_Crossover(35,44)",10418.9900,10716.6800,1.0000,1.0000,172.4800,172.4800,10716.6800,21107.4600,21107.4600
2024-05-29,"MA_Crossover(35,44)",10365.7200,10663.4100,1.0000,1.0000,-53.2700,-53.2700,10663.4100,21054.1900,21054.1900
2024-05-30,"MA_Crossover(35,44)",10041.1400,10338.8300,1.0000,1.0000,-324.5800,-324.5800,10338.8300,20729.6100,20729.6100
2024-05-31,"MA_Crossover(35,44)",9945.3800,10243.0700,1.0000,1.0000,-95.7600,-95.7600,10243.0700,20633.8500,20633.8500
2024-06-03,"MA_Crossover(35,44)",10045.0800,10342.7700,1.0000,1.0000,99.7000,99.7000,10342.7700,20733.5500,20733.5500
2024-06-04,"MA_Crossover(35,44)",9844.6500,10142.3400,1.0000,1.0000,-200.4300,-200.4300,10142.3400,20533.1200,20533.1200
2024-06-05,"MA_Crossover(35,44)",9824.7400,10122.4300,1.0000,1.0000,-19.9100,-19.9100,10122.4300,20513.2100,20513.2100
2024-06-06,"MA_Crossover(35,44)",10051.0200,10348.7100,1.0000,1.0000,226.2800,226.2800,10348.7100,20739.4900,20739.4900
2024-06-07,"MA_Crossover(35,44)",9652.4300,9950.1200,1.0000,1.0000,-398.5900,-398.5900,9950.1200,20340.9000,20340.9000
2024-06-10,"MA_Crossover(35,44)",9777.6100,10075.3000,1.0000,1.0000,125.1800,125.1800,10075.3000,20466.0800,20466.0800
2024-06-11,"MA_Crossover(35,44)",9638.7300,9936.4200,1.0000,1.0000,-138.8800,-138.8800,9936.4200,20327.2000,20327.2000
2024-06-12,"MA_Crossover(35,44)",9827.5200,10125.2100,1.0000,1.0000,188.7900,188.7900,10125.2100,20515.9900,20515.9900
2024-06-13,"MA_Crossover(35,44)",9667.6500,9965.3400,1.0000,1.0000,-159.8700,-159.8700,9965.3400,20356.1200,20356.1200
2024-06-14,"MA_Crossover(35,44)",9617.2900,9914.9800,1.0000,1.0000,-50.3600,-50.3600,9914.9800,20305.7600,20305.7600
2024-06-17,"MA_Crossover(35,44)",9536.8000,9834.4900,1.0000,1.0000,-80.4900,-80.4900,9834.4900,20225.2700,20225.2700
2024-06-18,"MA_Crossover(35,44)",9583.2700,9885.6100,1.0000,1.0000,51.1200,51.1200,9885.6100,20276.3900,20276.3900
2024-06-19,"MA_Crossover(35,44)",9698.9900,10002.7400,1.0000,1.0000,117.1300,117.1300,10002.7400,20393.5200,20393.5200
2024-06-20,"MA_Crossover(35,44)",9769.8900,10075.0000,1.0000,1.0000,72.2600,72.2600,10075.0000,20465.7800,20465.7800
2024-06-21,"MA_Crossover(35,44)",9591.4800,9843.4900,1.0000,1.0000,-231.5100,-231.5100,9843.4900,20234.2700,20234.2700
2024-06-24,"MA_Crossover(35,44)",9558.2500,9810.2600,1.0000,1.0000,-33.2300,-33.2300,9810.2600,20201.0400,20201.0400
2024-06-25,"MA_Crossover(35,44)",9467.0900,9719.1000,1.0000,1.0000,-91.1600,-91.1600,9719.1000,20109.8800,20109.8800
2024-06-26,"MA_Crossover(35,44)",9441.3100,9693.3200,1.0000,1.0000,-25.7800,-25.7800,9693.3200,20084.1000,20084.1000
2024-06-27,"MA_Crossover(35,44)",9407.8100,9659.8200,1.0000,1.0000,-33.5000,-33.5000,9659.8200,20050.6000,20050.6000
2024-06-28,"MA_Crossover(35,44)",9489.4600,9741.4700,1.0000,1.0000,81.6500,81.6500,9741.4700,20132.2500,20132.2500
2024-07-01,"MA_Crossover(35,44)",9511.2900,9763.3000,1.0000,1.0000,21.8300,21.8300,9763.3000,20154.0800,20154.0800
2024-07-02,"MA_Crossover(35,44)",9551.4100,9803.4200,1.0000,1.0000,40.1200,40.1200,9803.4200,20194.2000,20194.2000
2024-07-03,"MA_Crossover(35,44)",9745.7700,9997.7800,1.0000,1.0000,194.3600,194.3600,9997.7800,20388.5600,20388.5600
2024-07-04,"MA_Crossover(35,44)",9752.6500,10004.6600,-1.0000,1.0000,6.8800,6.8800,10004.6600,20395.4400,20395.4400
2024-07-05,"MA_Crossover(35,44)",9811.2400,10063.2500,-1.0000,-1.0000,58.5900,-58.5900,-10063.2500,20336.8500,20336.8500
2024-07-08,"MA_Crossover(35,44)",9773.6100,10025.6200,-1.0000,-1.0000,-37.6300,37.6300,-10025.6200,20374.4800,20374.4800
2024-07-09,"MA_Crossover(35,44)",9723.2500,9975.2600,-1.0000,-1.0000,-50.3600,50.3600,-9975.2600,20424.8400,20424.8400
2024-07-10,"MA_Crossover(35,44)",9754.4000,10006.4100,-1.0000,-1.0000,31.1500,-31.1500,-10006.4100,20393.6900,20393.6900
2024-07-11,"MA_Crossover(35,44)",9631.8900,9883.9000,-1.0000,-1.0000,-122.5100,122.5100,-9883.9000,20516.2000,20516.2000
2024-07-12,"MA_Crossover(35,44)",9728.3800,9980.3900,-1.0000,-1.0000,96.4900,-96.4900,-9980.3900,20419.7100,20419.7100
2024-07-15,"MA_Crossover(35,44)",9652.5500,9904.5600,-1.0000,-1.0000,-75.8300,75.8300,-9904.5600,20495.5400,20495.5400
2024-07-16,"MA_Crossover(35,44)",9570.3400,9811.0900,-1.0000,-1.0000,-93.4700,93.4700,-9811.0900,20589.0100,20589.0100
2024-07-17,"MA_Crossover(35,44)",9551.6000,9788.4500,-1.0000,-1.0000,-22.6400,22.6400,-9788.4500,20611.6500,20611.6500
2024-07-18,"MA_Crossover(35,44)",9305.9000,9541.3900,-1.0000,-1.0000,-247.0600,247.0600,-9541.3900,20858.7100,20858.7100
2024-07-19,"MA_Crossover(35,44)",9231.7600,9419.0800,-1.0000,-1.0000,-122.3100,122.3100,-9419.0800,20981.0200,20981.0200
2024-07-22,"MA_Crossover(35,44)",9139.6800,9327.0000,-1.0000,-1.0000,-92.0800,92.0800,-9327.0000,21073.1000,21073.1000
2024-07-23,"MA_Crossover(35,44)",9090.9200,9278.2400,-1.0000,-1.0000,-48.7600,48.7600,-9278.2400,21121.8600,21121.8600
2024-07-24,"MA_Crossover(35,44)",9021.9300,9209.2500,-1.0000,-1.0000,-68.9900,68.9900,-9209.2500,21190.8500,21190.8500
2024-07-25,"MA_Crossover(35,44)",9040.3700,9227.6900,-1.0000,-1.0000,18.4400,-18.4400,-9227.6900,21172.4100,21172.4100
2024-07-26,"MA_Crossover(35,44)",9031.7100,9219.0300,-1.0000,-1.0000,-8.6600,8.6600,-9219.0300,21181.0700,21181.0700
2024-07-29,"MA_Crossover(35,44)",8933.6700,9120.9900,-1.0000,-1.0000,-98.0400,98.0400,-9120.9900,21279.1100,21279.1100
2024-07-30,"MA_Crossover(35,44)",8880.0700,9067.3900,-1.0000,-1.0000,-53.6000,53.6000,-9067.3900,21332.7100,21332.7100
2024-07-31,"MA_Crossover(35,44)",9138.2000,9325.5200,-1.0000,-1.0000,258.1300,-258.1300,-9325.5200,21074.5800,21074.5800
2024-08-01,"MA_Crossover(35,44)",8954.0600,9141.3800,-1.0000,-1.0000,-184.1400,184.1400,-9141.3800,21258.7200,21258.7200
2024-08-02,"MA_Crossover(35,44)",8963.7400,9151.0600,-1.0000,-1.0000,9.6800,-9.6800,-9151.0600,21249.0400,21249.0400
2024-08-05,"MA_Crossover(35,44)",8792.9300,8980.2500,-1.0000,-1.0000,-170.8100,170.8100,-8980.2500,21419.8500,21419.8500
2024-08-06,"MA_Crossover(35,44)",8830.2000,9017.5200,-1.0000,-1.0000,37.2700,-37.2700,-9017.5200,21382.5800,21382.5800
2024-08-07,"MA_Crossover(35,44)",8663.5100,8850.8300,-1.0000,-1.0000,-166.6900,166.6900,-8850.8300,21549.2700,21549.2700
2024-08-08,"MA_Crossover(35,44)",8688.0900,8875.4100,-1.0000,-1.0000,24.5800,-24.5800,-8875.4100,21524.6900,21524.6900
2024-08-09,"MA_Crossover(35,44)",8762.2800,8949.6000,-1.0000,-1.0000,74.1900,-74.1900,-8949.6000,21450.5000,21450.5000
2024-08-12,"MA_Crossover(35,44)",8921.3400,9108.6600,-1.0000,-1.0000,159.0600,-159.0600,-9108.6600,21291.4400,21291.4400
2024-08-13,"MA_Crossover(35,44)",8859.1600,9046.4800,-1.0000,-1.0000,-62.1800,62.1800,-9046.4800,21353.6200,21353.6200
2024-08-14,"MA_Crossover(35,44)",8873.1600,9060.4800,-1.0000,-1.0000,14.0000,-14.0000,-9060.4800,21339.6200,21339.6200
2024-08-15,"MA_Crossover(35,44)",9053.5300,9240.8500,-1.0000,-1.0000,180.3700,-180.3700,-9240.8500,21159.2500,21159.2500
2024-08-16,"MA_Crossover(35,44)",9007.6500,9194.9700,-1.0000,-1.0000,-45.8800,45.8800,-9194.9700,21205.1300,21205.1300
2024-08-19,"MA_Crossover(35,44)",9142.6400,9329.9600,-1.0000,-1.0000,134.9900,-134.9900,-9329.9600,21070.1400,21070.1400
2024-08-20,"MA_Crossover(35,44)",9131.6100,9313.5100,-1.0000,-1.0000,-16.4500,16.4500,-9313.5100,21086.5900,21086.5900
2024-08-21,"MA_Crossover(35,44)",9182.0900,9366.2900,-1.0000,-1.0000,52.7800,-52.7800,-9366.2900,21033.8100,21033.8100
2024-08-22,"MA_Crossover(35,44)",9049.9900,9236.5000,-1.0000,-1.0000,-129.7900,129.7900,-9236.5000,21163.6000,21163.6000
2024-08-23,"MA_Crossover(35,44)",9210.7800,9354.4800,-1.0000,-1.0000,117.9800,-117.9800,-9354.4800,21045.6200,21045.6200
2024-08-27,"MA_Crossover(35,44)",9363.5200,9507.2200,-1.0000,-1.0000,152.7400,-152.7400,-9507.2200,20892.8800,20892.8800
2024-08-28,"MA_Crossover(35,44)",9165.9700,9309.6700,-1.0000,-1.0000,-197.5500,197.5500,-9309.6700,21090.4300,21090.4300
2024-08-29,"MA_Crossover(35,44)",9152.6400,9296.3400,-1.0000,-1.0000,-13.3300,13.3300,-9296.3400,21103.7600,21103.7600
2024-08-30,"MA_Crossover(35,44)",9142.7700,9286.4700,-1.0000,-1.0000,-9.8700,9.8700,-9286.4700,21113.6300,21113.6300
2024-09-02,"MA_Crossover(35,44)",9082.1400,9225.8400,-1.0000,-1.0000,-60.6300,60.6300,-9225.8400,21174.2600,21174.2600
2024-09-03,"MA_Crossover(35,44)",8853.9800,8997.6800,-1.0000,-1.0000,-228.1600,228.1600,-8997.6800,21402.4200,21402.4200
2024-09-04,"MA_Crossover(35,44)",8858.9800,9002.6800,-1.0000,-1.0000,5.0000,-5.0000,-9002.6800,21397.4200,21397.4200
2024-09-05,"MA_Crossover(35,44)",8994.7300,9138.4300,-1.0000,-1.0000,135.7500,-135.7500,-9138.4300,21261.6700,21261.6700
2024-09-06,"MA_Crossover(35,44)",8890.7700,9034.4700,-1.0000,-1.0000,-103.9600,103.9600,-9034.4700,21365.6300,21365.6300
2024-09-09,"MA_Crossover(35,44)",8985.1600,9128.8600,-1.0000,-1.0000,94.3900,-94.3900,-9128.8600,21271.2400,21271.2400
2024-09-10,"MA_Crossover(35,44)",8909.9400,9053.6400,-1.0000,-1.0000,-75.2200,75.2200,-9053.6400,21346.4600,21346.4600
2024-09-11,"MA_Crossover(35,44)",8974.2800,9117.9800,-1.0000,-1.0000,64.3400,-64.3400,-9117.9800,21282.1200,21282.1200
2024-09-12,"MA_Crossover(35,44)",9099.4900,9243.1900,-1.0000,-1.0000,125.2100,-125.2100,-9243.1900,21156.9100,21156.9100
2024-09-13,"MA_Crossover(35,44)",9190.6700,9334.3700,-1.0000,-1.0000,91.1800,-91.1800,-9334.3700,21065.7300,21065.7300
2024-09-16,"MA_Crossover(35,44)",9264.8200,9408.5200,-1.0000,-1.0000,74.1500,-74.1500,-9408.5200,20991.5800,20991.5800
2024-09-17,"MA_Crossover(35,44)",9285.6300,9430.9700,-1.0000,-1.0000,22.4500,-22.4500,-9430.9700,20969.1300,20969.1300
2024-09-18,"MA_Crossover(35,44)",9312.4600,9458.8400,-1.0000,-1.0000,27.8700,-27.8700,-9458.8400,20941.2600,20941.2600
2024-09-19,"MA_Crossover(35,44)",9429.2200,9575.9500,-1.0000,-1.0000,117.1100,-117.1100,-9575.9500,20824.1500,20824.1500
2024-09-20,"MA_Crossover(35,44)",9386.4500,9483.8200,1.0000,-1.0000,-92.1300,92.1300,-9483.8200,20916.2800,20916.2800
2024-09-23,"MA_Crossover(35,44)",9453.7000,9551.0700,1.0000,1.0000,67.2500,67.2500,9551.0700,20983.5300,20983.5300
2024-09-24,"MA_Crossover(35,44)",9704.4500,9801.8200,1.0000,1.0000,250.7500,250.7500,9801.8200,21234.2800,21234.2800
2024-09-25,"MA_Crossover(35,44)",9713.1400,9810.5100,1.0000,1.0000,8.6900,8.6900,9810.5100,21242.9700,21242.9700
2024-09-26,"MA_Crossover(35,44)",9975.1000,10072.4700,1.0000,1.0000,261.9600,261.9600,10072.4700,21504.9300,21504.9300
2024-09-27,"MA_Crossover(35,44)",9875.0300,9972.4000,1.0000,1.0000,-100.0700,-100.0700,9972.4000,21404.8600,21404.8600
2024-09-30,"MA_Crossover(35,44)",9716.0700,9813.4400,1.0000,1.0000,-158.9600,-158.9600,9813.4400,21245.9000,21245.9000
2024-10-01,"MA_Crossover(35,44)",9862.2500,9959.6200,1.0000,1.0000,146.1800,146.1800,9959.6200,21392.0800,21392.0800
2024-10-02,"MA_Crossover(35,44)",9964.5700,10061.9400,1.0000,1.0000,102.3200,102.3200,10061.9400,21494.4000,21494.4000
2024-10-03,"MA_Crossover(35,44)",9735.9200,9833.2900,1.0000,1.0000,-228.6500,-228.6500,9833.2900,21265.7500,21265.7500
2024-10-04,"MA_Crossover(35,44)",9812.4500,9909.8200,1.0000,1.0000,76.5300,76.5300,9909.8200,21342.2800,21342.2800
2024-10-07,"MA_Crossover(35,44)",9790.2900,9887.6600,1.0000,1.0000,-22.1600,-22.1600,9887.6600,21320.1200,21320.1200
2024-10-08,"MA_Crossover(35,44)",9604.3900,9701.7600,1.0000,1.0000,-185.9000,-185.9000,9701.7600,21134.2200,21134.2200
2024-10-09,"MA_Crossover(35,44)",9537.9300,9635.3000,1.0000,1.0000,-66.4600,-66.4600,9635.3000,21067.7600,21067.7600
2024-10-10,"MA_Crossover(35,44)",9584.6100,9681.9800,1.0000,1.0000,46.6800,46.6800,9681.9800,21114.4400,21114.4400
2024-10-11,"MA_Crossover(35,44)",9652.4200,9749.7900,1.0000,1.0000,67.8100,67.8100,9749.7900,21182.2500,21182.2500
2024-10-14,"MA_Crossover(35,44)",9526.4800,9623.8500,1.0000,1.0000,-125.9400,-125.9400,9623.8500,21056.3100,21056.3100
2024-10-15,"MA_Crossover(35,44)",9445.6900,9536.4100,1.0000,1.0000,-87.4400,-87.4400,9536.4100,20968.8700,20968.8700
2024-10-16,"MA_Crossover(35,44)",9475.7700,9566.1500,1.0000,1.0000,29.7400,29.7400,9566.1500,20998.6100,20998.6100
2024-10-17,"MA_Crossover(35,44)",9435.6500,9524.3400,1.0000,1.0000,-41.8100,-41.8100,9524.3400,20956.8000,20956.8000
2024-10-18,"MA_Crossover(35,44)",9553.0300,9597.0000,1.0000,1.0000,72.6600,72.6600,9597.0000,21029.4600,21029.4600
2024-10-21,"MA_Crossover(35,44)",9474.2600,9518.2300,1.0000,1.0000,-78.7700,-78.7700,9518.2300,20950.6900,20950.6900
2024-10-22,"MA_Crossover(35,44)",9489.6500,9533.6200,1.0000,1.0000,15.3900,15.3900,9533.6200,20966.0800,20966.0800
2024-10-23,"MA_Crossover(35,44)",9427.2400,9471.2100,1.0000,1.0000,-62.4100,-62.4100,9471.2100,20903.6700,20903.6700
2024-10-24,"MA_Crossover(35,44)",9412.5100,9456.4800,1.0000,1.0000,-14.7300,-14.7300,9456.4800,20888.9400,20888.9400
2024-10-25,"MA_Crossover(35,44)",9509.7400,9553.7100,1.0000,1.0000,97.2300,97.2300,9553.7100,20986.1700,20986.1700
2024-10-28,"MA_Crossover(35,44)",9437.9800,9481.9500,1.0000,1.0000,-71.7600,-71.7600,9481.9500,20914.4100,20914.4100
2024-10-29,"MA_Crossover(35,44)",9426.0400,9470.0100,1.0000,1.0000,-11.9400,-11.9400,9470.0100,20902.4700,20902.4700
2024-10-30,"MA_Crossover(35,44)",9435.0600,9479.0300,1.0000,1.0000,9.0200,9.0200,9479.0300,20911.4900,20911.4900
2024-10-31,"MA_Crossover(35,44)",9402.8200,9446.7900,1.0000,1.0000,-32.2400,-32.2400,9446.7900,20879.2500,20879.2500
2024-11-01,"MA_Crossover(35,44)",9470.4600,9514.4300,1.0000,1.0000,67.6400,67.6400,9514.4300,20946.8900,20946.8900
2024-11-04,"MA_Crossover(35,44)",9593.8900,9637.8600,1.0000,1.0000,123.4300,123.4300,9637.8600,21070.3200,21070.3200
2024-11-05,"MA_Crossover(35,44)",9623.0200,9666.9900,1.0000,1.0000,29.1300,29.1300,9666.9900,21099.4500,21099.4500
2024-11-06,"MA_Crossover(35,44)",9222.5000,9266.4700,1.0000,1.0000,-400.5200,-400.5200,9266.4700,20698.9300,20698.9300
2024-11-07,"MA_Crossover(35,44)",9541.9800,9585.9500,1.0000,1.0000,319.4800,319.4800,9585.9500,21018.4100,21018.4100
2024-11-08,"MA_Crossover(35,44)",9318.2300,9362.2000,1.0000,1.0000,-223.7500,-223.7500,9362.2000,20794.6600,20794.6600
2024-11-11,"MA_Crossover(35,44)",9201.2100,9245.1800,1.0000,1.0000,-117.0200,-117.0200,9245.1800,20677.6400,20677.6400
2024-11-12,"MA_Crossover(35,44)",9013.5200,9057.4900,1.0000,1.0000,-187.6900,-187.6900,9057.4900,20489.9500,20489.9500
2024-11-13,"MA_Crossover(35,44)",8917.9200,8961.8900,1.0000,1.0000,-95.6000,-95.6000,8961.8900,20394.3500,20394.3500
2024-11-14,"MA_Crossover(35,44)",8865.2400,8909.2100,-1.0000,1.0000,-52.6800,-52.6800,8909.2100,20341.6700,20341.6700
2024-11-15,"MA_Crossover(35,44)",8882.8500,8926.8200,-1.0000,-1.0000,17.6100,-17.6100,-8926.8200,20324.0600,20324.0600
2024-11-18,"MA_Crossover(35,44)",8954.6400,8998.6100,-1.0000,-1.0000,71.7900,-71.7900,-8998.6100,20252.2700,20252.2700
2024-11-19,"MA_Crossover(35,44)",9007.5900,9051.9200,-1.0000,-1.0000,53.3100,-53.3100,-9051.9200,20198.9600,20198.9600
2024-11-20,"MA_Crossover(35,44)",9010.3800,9054.0400,-1.0000,-1.0000,2.1200,-2.1200,-9054.0400,20196.8400,20196.8400
2024-11-21,"MA_Crossover(35,44)",8924.6100,8970.3400,-1.0000,-1.0000,-83.7000,83.7000,-8970.3400,20280.5400,20280.5400
2024-11-22,"MA_Crossover(35,44)",8885.2600,8889.3700,-1.0000,-1.0000,-80.9700,80.9700,-8889.3700,20361.5100,20361.5100
2024-11-25,"MA_Crossover(35,44)",8958.9300,8963.0400,-1.0000,-1.0000,73.6700,-73.6700,-8963.0400,20287.8400,20287.8400
2024-11-26,"MA_Crossover(35,44)",8915.4300,8919.5400,-1.0000,-1.0000,-43.5000,43.5000,-8919.5400,20331.3400,20331.3400
2024-11-27,"MA_Crossover(35,44)",8932.6900,8936.8000,-1.0000,-1.0000,17.2600,-17.2600,-8936.8000,20314.0800,20314.0800
2024-11-28,"MA_Crossover(35,44)",8910.8500,8914.9600,-1.0000,-1.0000,-21.8400,21.8400,-8914.9600,20335.9200,20335.9200
2024-11-29,"MA_Crossover(35,44)",8915.5300,8919.6400,-1.0000,-1.0000,4.6800,-4.6800,-8919.6400,20331.2400,20331.2400
2024-12-02,"MA_Crossover(35,44)",8892.9900,8897.1000,-1.0000,-1.0000,-22.5400,22.5400,-8897.1000,20353.7800,20353.7800
2024-12-03,"MA_Crossover(35,44)",9021.8800,9025.9900,-1.0000,-1.0000,128.8900,-128.8900,-9025.9900,20224.8900,20224.8900
2024-12-04,"MA_Crossover(35,44)",8987.1200,8991.2300,-1.0000,-1.0000,-34.7600,34.7600,-8991.2300,20259.6500,20259.6500
2024-12-05,"MA_Crossover(35,44)",8974.7700,8978.8800,-1.0000,-1.0000,-12.3500,12.3500,-8978.8800,20272.0000,20272.0000
2024-12-06,"MA_Crossover(35,44)",9022.9100,9027.0200,-1.0000,-1.0000,48.1400,-48.1400,-9027.0200,20223.8600,20223.8600
2024-12-09,"MA_Crossover(35,44)",9128.0600,9132.1700,-1.0000,-1.0000,105.1500,-105.1500,-9132.1700,20118.7100,20118.7100
2024-12-10,"MA_Crossover(35,44)",9108.5400,9112.6500,-1.0000,-1.0000,-19.5200,19.5200,-9112.6500,20138.2300,20138.2300
2024-12-11,"MA_Crossover(35,44)",9081.0700,9085.1800,-1.0000,-1.0000,-27.4700,27.4700,-9085.1800,20165.7000,20165.7000
2024-12-12,"MA_Crossover(35,44)",8975.1200,8979.2300,-1.0000,-1.0000,-105.9500,105.9500,-8979.2300,20271.6500,20271.6500
2024-12-13,"MA_Crossover(35,44)",8942.0300,8946.1400,-1.0000,-1.0000,-33.0900,33.0900,-8946.1400,20304.7400,20304.7400
2024-12-16,"MA_Crossover(35,44)",8942.4700,8946.5800,-1.0000,-1.0000,0.4400,-0.4400,-8946.5800,20304.3000,20304.3000
2024-12-17,"MA_Crossover(35,44)",8913.7400,8918.2300,-1.0000,-1.0000,-28.3500,28.3500,-8918.2300,20332.6500,20332.6500
2024-12-18,"MA_Crossover(35,44)",8953.8300,8957.8600,-1.0000,-1.0000,39.6300,-39.6300,-8957.8600,20293.0200,20293.0200
2024-12-19,"MA_Crossover(35,44)",8809.0100,8812.5800,-1.0000,-1.0000,-145.2800,145.2800,-8812.5800,20438.3000,20438.3000
2024-12-20,"MA_Crossover(35,44)",8871.1000,8831.9700,-1.0000,-1.0000,19.3900,-19.3900,-8831.9700,20418.9100,20418.9100
2024-12-23,"MA_Crossover(35,44)",8835.3900,8796.2600,-1.0000,-1.0000,-35.7100,35.7100,-8796.2600,20454.6200,20454.6200
2024-12-24,"MA_Crossover(35,44)",8874.8200,8835.6900,-1.0000,-1.0000,39.4300,-39.4300,-8835.6900,20415.1900,20415.1900
2024-12-27,"MA_Crossover(35,44)",8899.1400,8860.0100,-1.0000,-1.0000,24.3200,-24.3200,-8860.0100,20390.8700,20390.8700
2024-12-30,"MA_Crossover(35,44)",8817.9600,8778.8300,-1.0000,-1.0000,-81.1800,81.1800,-8778.8300,20472.0500,20472.0500
2024-12-31,"MA_Crossover(35,44)",8673.2300,8634.1000,-1.0000,-1.0000,-144.7300,144.7300,-8634.1000,20616.7800,20616.7800
2025-01-02,"MA_Crossover(35,44)",8707.6500,8668.5200,-1.0000,-1.0000,34.4200,-34.4200,-8668.5200,20582.3600,20582.3600
2025-01-03,"MA_Crossover(35,44)",8781.2100,8742.0800,-1.0000,-1.0000,73.5600,-73.5600,-8742.0800,20508.8000,20508.8000
2025-01-06,"MA_Crossover(35,44)",8899.9000,8860.7700,-1.0000,-1.0000,118.6900,-118.6900,-8860.7700,20390.1100,20390.1100
2025-01-07,"MA_Crossover(35,44)",8897.6000,8858.4700,-1.0000,-1.0000,-2.3000,2.3000,-8858.4700,20392.4100,20392.4100
2025-01-08,"MA_Crossover(35,44)",8925.4300,8886.3000,-1.0000,-1.0000,27.8300,-27.8300,-8886.3000,20364.5800,20364.5800
2025-01-09,"MA_Crossover(35,44)",8974.1900,8935.0600,-1.0000,-1.0000,48.7600,-48.7600,-8935.0600,20315.8200,20315.8200
2025-01-10,"MA_Crossover(35,44)",8993.3000,8954.1700,-1.0000,-1.0000,19.1100,-19.1100,-8954.1700,20296.7100,20296.7100
2025-01-13,"MA_Crossover(35,44)",8978.8400,8939.7100,-1.0000,-1.0000,-14.4600,14.4600,-8939.7100,20311.1700,20311.1700
2025-01-14,"MA_Crossover(35,44)",9087.4500,9032.2900,-1.0000,-1.0000,92.5800,-92.5800,-9032.2900,20218.5900,20218.5900
2025-01-15,"MA_Crossover(35,44)",9103.8800,9045.8400,-1.0000,-1.0000,13.5500,-13.5500,-9045.8400,20205.0400,20205.0400
2025-01-16,"MA_Crossover(35,44)",9167.6300,9109.7200,1.0000,-1.0000,63.8800,-63.8800,-9109.7200,20141.1600,20141.1600
2025-01-17,"MA_Crossover(35,44)",9127.4600,9034.4200,1.0000,1.0000,-75.3000,-75.3000,9034.4200,20065.8600,20065.8600
2025-01-20,"MA_Crossover(35,44)",9206.3300,9113.2900,1.0000,1.0000,78.8700,78.8700,9113.2900,20144.7300,20144.7300
2025-01-21,"MA_Crossover(35,44)",9212.3000,9119.2600,1.0000,1.0000,5.9700,5.9700,9119.2600,20150.7000,20150.7000
2025-01-22,"MA_Crossover(35,44)",9148.4100,9055.3700,1.0000,1.0000,-63.8900,-63.8900,9055.3700,20086.8100,20086.8100
2025-01-23,"MA_Crossover(35,44)",9154.3400,9061.3000,1.0000,1.0000,5.9300,5.9300,9061.3000,20092.7400,20092.7400
2025-01-24,"MA_Crossover(35,44)",9192.5200,9099.4800,1.0000,1.0000,38.1800,38.1800,9099.4800,20130.9200,20130.9200
2025-01-27,"MA_Crossover(35,44)",9006.5600,8913.5200,1.0000,1.0000,-185.9600,-185.9600,8913.5200,19944.9600,19944.9600
2025-01-28,"MA_Crossover(35,44)",8894.6900,8801.6500,1.0000,1.0000,-111.8700,-111.8700,8801.6500,19833.0900,19833.0900
2025-01-29,"MA_Crossover(35,44)",8975.7400,8882.7000,1.0000,1.0000,81.0500,81.0500,8882.7000,19914.1400,19914.1400
2025-01-30,"MA_Crossover(35,44)",9035.6800,8942.6400,-1.0000,1.0000,59.9400,59.9400,8942.6400,19974.0800,19974.0800
2025-01-31,"MA_Crossover(35,44)",8953.7300,8860.6900,-1.0000,-1.0000,-81.9500,81.9500,-8860.6900,20056.0300,20056.0300
2025-02-03,"MA_Crossover(35,44)",9002.6600,8909.6200,-1.0000,-1.0000,48.9300,-48.9300,-8909.6200,20007.1000,20007.1000
2025-02-04,"MA_Crossover(35,44)",9048.0800,8955.0400,-1.0000,-1.0000,45.4200,-45.4200,-8955.0400,19961.6800,19961.6800
2025-02-05,"MA_Crossover(35,44)",9136.1100,9043.0700,-1.0000,-1.0000,88.0300,-88.0300,-9043.0700,19873.6500,19873.6500
2025-02-06,"MA_Crossover(35,44)",9171.3600,9078.3200,-1.0000,-1.0000,35.2500,-35.2500,-9078.3200,19838.4000,19838.4000
2025-02-07,"MA_Crossover(35,44)",9300.8500,9207.8100,-1.0000,-1.0000,129.4900,-129.4900,-9207.8100,19708.9100,19708.9100
2025-02-10,"MA_Crossover(35,44)",9341.0100,9247.9700,-1.0000,-1.0000,40.1600,-40.1600,-9247.9700,19668.7500,19668.7500
2025-02-11,"MA_Crossover(35,44)",9248.5100,9155.4700,1.0000,-1.0000,-92.5000,92.5000,-9155.4700,19761.2500,19761.2500
2025-02-12,"MA_Crossover(35,44)",9352.5200,9259.4800,1.0000,1.0000,104.0100,104.0100,9259.4800,19865.2600,19865.2600
2025-02-13,"MA_Crossover(35,44)",9434.4500,9341.4100,1.0000,1.0000,81.9300,81.9300,9341.4100,19947.1900,19947.1900
2025-02-14,"MA_Crossover(35,44)",9490.4300,9397.3900,1.0000,1.0000,55.9800,55.9800,9397.3900,20003.1700,20003.1700
2025-02-17,"MA_Crossover(35,44)",9321.0000,9227.9600,1.0000,1.0000,-169.4300,-169.4300,9227.9600,19833.7400,19833.7400
2025-02-18,"MA_Crossover(35,44)",9426.6100,9328.5500,1.0000,1.0000,100.5900,100.5900,9328.5500,19934.3300,19934.3300
2025-02-19,"MA_Crossover(35,44)",9460.0700,9340.2000,1.0000,1.0000,11.6500,11.6500,9340.2000,19945.9800,19945.9800
2025-02-20,"MA_Crossover(35,44)",9565.1000,9440.9100,1.0000,1.0000,100.7100,100.7100,9440.9100,20046.6900,20046.6900
2025-02-21,"MA_Crossover(35,44)",9551.8900,9432.1500,1.0000,1.0000,-8.7600,-8.7600,9432.1500,20037.9300,20037.9300
2025-02-24,"MA_Crossover(35,44)",9516.4900,9396.7500,1.0000,1.0000,-35.4000,-35.4000,9396.7500,20002.5300,20002.5300
2025-02-25,"MA_Crossover(35,44)",9393.6700,9273.9300,1.0000,1.0000,-122.8200,-122.8200,9273.9300,19879.7100,19879.7100
2025-02-26,"MA_Crossover(35,44)",9476.0200,9356.2800,1.0000,1.0000,82.3500,82.3500,9356.2800,19962.0600,19962.0600
2025-02-27,"MA_Crossover(35,44)",9402.3700,9282.6300,1.0000,1.0000,-73.6500,-73.6500,9282.6300,19888.4100,19888.4100
2025-02-28,"MA_Crossover(35,44)",9359.0600,9239.3200,1.0000,1.0000,-43.3100,-43.3100,9239.3200,19845.1000,19845.1000
2025-03-03,"MA_Crossover(35,44)",9415.0200,9295.2800,1.0000,1.0000,55.9600,55.9600,9295.2800,19901.0600,19901.0600
2025-03-04,"MA_Crossover(35,44)",9345.6200,9225.8800,1.0000,1.0000,-69.4000,-69.4000,9225.8800,19831.6600,19831.6600
2025-03-05,"MA_Crossover(35,44)",9603.3300,9483.5900,1.0000,1.0000,257.7100,257.7100,9483.5900,20089.3700,20089.3700
2025-03-06,"MA_Crossover(35,44)",9759.7700,9640.0300,1.0000,1.0000,156.4400,156.4400,9640.0300,20245.8100,20245.8100
2025-03-07,"MA_Crossover(35,44)",9619.4000,9499.6600,1.0000,1.0000,-140.3700,-140.3700,9499.6600,20105.4400,20105.4400
2025-03-10,"MA_Crossover(35,44)",9520.7900,9401.0500,1.0000,1.0000,-98.6100,-98.6100,9401.0500,20006.8300,20006.8300
2025-03-11,"MA_Crossover(35,44)",9648.1300,9528.3900,1.0000,1.0000,127.3400,127.3400,9528.3900,20134.1700,20134.1700
2025-03-12,"MA_Crossover(35,44)",9759.3500,9639.6100,1.0000,1.0000,111.2200,111.2200,9639.6100,20245.3900,20245.3900
2025-03-13,"MA_Crossover(35,44)",9753.1900,9633.4500,1.0000,1.0000,-6.1600,-6.1600,9633.4500,20239.2300,20239.2300
2025-03-14,"MA_Crossover(35,44)",9732.9600,9613.2200,1.0000,1.0000,-20.2300,-20.2300,9613.2200,20219.0000,20219.0000
2025-03-17,"MA_Crossover(35,44)",9799.2800,9679.5400,1.0000,1.0000,66.3200,66.3200,9679.5400,20285.3200,20285.3200
2025-03-18,"MA_Crossover(35,44)",9885.8400,9740.5700,1.0000,1.0000,61.0300,61.0300,9740.5700,20346.3500,20346.3500
2025-03-19,"MA_Crossover(35,44)",9980.6300,9830.6100,1.0000,1.0000,90.0400,90.0400,9830.6100,20436.3900,20436.3900
2025-03-20,"MA_Crossover(35,44)",9917.8600,9774.7300,1.0000,1.0000,-55.8800,-55.8800,9774.7300,20380.5100,20380.5100
2025-03-21,"MA_Crossover(35,44)",9842.1500,9684.0700,1.0000,1.0000,-90.6600,-90.6600,9684.0700,20289.8500,20289.8500
2025-03-24,"MA_Crossover(35,44)",9946.4500,9788.3700,1.0000,1.0000,104.3000,104.3000,9788.3700,20394.1500,20394.1500
2025-03-25,"MA_Crossover(35,44)",10118.4200,9960.3400,1.0000,1.0000,171.9700,171.9700,9960.3400,20566.1200,20566.1200
2025-03-26,"MA_Crossover(35,44)",9909.9200,9751.8400,1.0000,1.0000,-208.5000,-208.5000,9751.8400,20357.6200,20357.6200
2025-03-27,"MA_Crossover(35,44)",9822.8100,9664.7300,1.0000,1.0000,-87.1100,-87.1100,9664.7300,20270.5100,20270.5100
2025-03-28,"MA_Crossover(35,44)",9771.6900,9613.6100,1.0000,1.0000,-51.1200,-51.1200,9613.6100,20219.3900,20219.3900
2025-03-31,"MA_Crossover(35,44)",9679.2300,9521.1500,1.0000,1.0000,-92.4600,-92.4600,9521.1500,20126.9300,20126.9300
2025-04-01,"MA_Crossover(35,44)",9668.1300,9510.0500,1.0000,1.0000,-11.1000,-11.1000,9510.0500,20115.8300,20115.8300
2025-04-02,"MA_Crossover(35,44)",9671.3700,9513.2900,1.0000,1.0000,3.2400,3.2400,9513.2900,20119.0700,20119.0700
2025-04-03,"MA_Crossover(35,44)",9331.2700,9173.1900,1.0000,1.0000,-340.1000,-340.1000,9173.1900,19778.9700,19778.9700
2025-04-04,"MA_Crossover(35,44)",8725.9100,8567.8300,1.0000,1.0000,-605.3600,-605.3600,8567.8300,19173.6100,19173.6100
2025-04-07,"MA_Crossover(35,44)",8698.4200,8540.3400,1.0000,1.0000,-27.4900,-27.4900,8540.3400,19146.1200,19146.1200
2025-04-08,"MA_Crossover(35,44)",8627.3500,8469.2700,1.0000,1.0000,-71.0700,-71.0700,8469.2700,19075.0500,19075.0500
2025-04-09,"MA_Crossover(35,44)",8577.3700,8419.2900,1.0000,1.0000,-49.9800,-49.9800,8419.2900,19025.0700,19025.0700
2025-04-10,"MA_Crossover(35,44)",9004.9500,8846.8700,1.0000,1.0000,427.5800,427.5800,8846.8700,19452.6500,19452.6500
2025-04-11,"MA_Crossover(35,44)",9193.3800,9035.3000,1.0000,1.0000,188.4300,188.4300,9035.3000,19641.0800,19641.0800
2025-04-14,"MA_Crossover(35,44)",9156.9900,8998.9100,1.0000,1.0000,-36.3900,-36.3900,8998.9100,19604.6900,19604.6900
2025-04-15,"MA_Crossover(35,44)",9156.5600,8979.7400,1.0000,1.0000,-19.1700,-19.1700,8979.7400,19585.5200,19585.5200
2025-04-16,"MA_Crossover(35,44)",9199.5900,9020.5000,1.0000,1.0000,40.7600,40.7600,9020.5000,19626.2800,19626.2800
2025-04-17,"MA_Crossover(35,44)",9192.4500,9011.9600,1.0000,1.0000,-8.5400,-8.5400,9011.9600,19617.7400,19617.7400
2025-04-22,"MA_Crossover(35,44)",9386.7000,9202.4000,1.0000,1.0000,190.4400,190.4400,9202.4000,19808.1800,19808.1800
2025-04-23,"MA_Crossover(35,44)",9396.2100,9211.9100,1.0000,1.0000,9.5100,9.5100,9211.9100,19817.6900,19817.6900
2025-04-24,"MA_Crossover(35,44)",9417.2300,9232.9300,1.0000,1.0000,21.0200,21.0200,9232.9300,19838.7100,19838.7100
2025-04-25,"MA_Crossover(35,44)",9398.4100,9214.1100,1.0000,1.0000,-18.8200,-18.8200,9214.1100,19819.8900,19819.8900
2025-04-28,"MA_Crossover(35,44)",9430.1000,9245.8000,1.0000,1.0000,31.6900,31.6900,9245.8000,19851.5800,19851.5800
2025-04-29,"MA_Crossover(35,44)",9453.9700,9269.6700,-1.0000,1.0000,23.8700,23.8700,9269.6700,19875.4500,19875.4500
2025-04-30,"MA_Crossover(35,44)",9141.9500,8957.6500,-1.0000,-1.0000,-312.0200,312.0200,-8957.6500,20187.4700,20187.4700
2025-05-01,"MA_Crossover(35,44)",9251.1100,9066.8100,-1.0000,-1.0000,109.1600,-109.1600,-9066.8100,20078.3100,20078.3100
2025-05-02,"MA_Crossover(35,44)",9400.6900,9216.3900,-1.0000,-1.0000,149.5800,-149.5800,-9216.3900,19928.7300,19928.7300
2025-05-06,"MA_Crossover(35,44)",9575.9500,9391.6500,-1.0000,-1.0000,175.2600,-175.2600,-9391.6500,19753.4700,19753.4700
2025-05-07,"MA_Crossover(35,44)",9454.3800,9270.0800,-1.0000,-1.0000,-121.5700,121.5700,-9270.0800,19875.0400,19875.0400
2025-05-08,"MA_Crossover(35,44)",9482.7600,9298.4600,-1.0000,-1.0000,28.3800,-28.3800,-9298.4600,19846.6600,19846.6600
2025-05-09,"MA_Crossover(35,44)",9495.8400,9311.5400,-1.0000,-1.0000,13.0800,-13.0800,-9311.5400,19833.5800,19833.5800
2025-05-12,"MA_Crossover(35,44)",9550.0000,9365.7000,-1.0000,-1.0000,54.1600,-54.1600,-9365.7000,19779.4200,19779.4200
2025-05-13,"MA_Crossover(35,44)",9624.5400,9440.2400,-1.0000,-1.0000,74.5400,-74.5400,-9440.2400,19704.8800,19704.8800
2025-05-14,"MA_Crossover(35,44)",9626.3500,9442.0500,-1.0000,-1.0000,1.8100,-1.8100,-9442.0500,19703.0700,19703.0700
2025-05-15,"MA_Crossover(35,44)",9618.3400,9434.0400,-1.0000,-1.0000,-8.0100,8.0100,-9434.0400,19711.0800,19711.0800
2025-05-16,"MA_Crossover(35,44)",9479.4300,9295.1300,-1.0000,-1.0000,-138.9100,138.9100,-9295.1300,19849.9900,19849.9900
2025-05-19,"MA_Crossover(35,44)",9539.0200,9354.7200,-1.0000,-1.0000,59.5900,-59.5900,-9354.7200,19790.4000,19790.4000
2025-05-20,"MA_Crossover(35,44)",9550.1300,9333.1800,-1.0000,-1.0000,-21.5400,21.5400,-9333.1800,19811.9400,19811.9400
2025-05-21,"MA_Crossover(35,44)",9572.8200,9355.8100,-1.0000,-1.0000,22.6300,-22.6300,-9355.8100,19789.3100,19789.3100
2025-05-22,"MA_Crossover(35,44)",9535.6500,9322.1700,-1.0000,-1.0000,-33.6400,33.6400,-9322.1700,19822.9500,19822.9500
2025-05-23,"MA_Crossover(35,44)",9661.5000,9455.1200,-1.0000,-1.0000,132.9500,-132.9500,-9455.1200,19690.0000,19690.0000
2025-05-27,"MA_Crossover(35,44)",9654.9800,9448.6000,-1.0000,-1.0000,-6.5200,6.5200,-9448.6000,19696.5200,19696.5200
2025-05-28,"MA_Crossover(35,44)",9620.2300,9413.8500,-1.0000,-1.0000,-34.7500,34.7500,-9413.8500,19731.2700,19731.2700
2025-05-29,"MA_Crossover(35,44)",9620.5900,9414.2100,-1.0000,-1.0000,0.3600,-0.3600,-9414.2100,19730.9100,19730.9100
2025-05-30,"MA_Crossover(35,44)",9553.8300,9347.4500,-1.0000,-1.0000,-66.7600,66.7600,-9347.4500,19797.6700,19797.6700
2025-06-02,"MA_Crossover(35,44)",9675.5700,9469.1900,1.0000,-1.0000,121.7400,-121.7400,-9469.1900,19675.9300,19675.9300
2025-06-03,"MA_Crossover(35,44)",9693.2500,9486.8700,1.0000,1.0000,17.6800,17.6800,9486.8700,19693.6100,19693.6100
2025-06-04,"MA_Crossover(35,44)",9674.5000,9468.1200,1.0000,1.0000,-18.7500,-18.7500,9468.1200,19674.8600,19674.8600
2025-06-05,"MA_Crossover(35,44)",9820.4100,9614.0300,1.0000,1.0000,145.9100,145.9100,9614.0300,19820.7700,19820.7700
2025-06-06,"MA_Crossover(35,44)",9760.2200,9553.8400,1.0000,1.0000,-60.1900,-60.1900,9553.8400,19760.5800,19760.5800
2025-06-09,"MA_Crossover(35,44)",9885.5100,9679.1300,1.0000,1.0000,125.2900,125.2900,9679.1300,19885.8700,19885.8700
2025-06-10,"MA_Crossover(35,44)",9841.4900,9635.1100,1.0000,1.0000,-44.0200,-44.0200,9635.1100,19841.8500,19841.8500
2025-06-11,"MA_Crossover(35,44)",9707.0000,9500.6200,1.0000,1.0000,-134.4900,-134.4900,9500.6200,19707.3600,19707.3600
2025-06-12,"MA_Crossover(35,44)",9785.5100,9579.1300,1.0000,1.0000,78.5100,78.5100,9579.1300,19785.8700,19785.8700
2025-06-13,"MA_Crossover(35,44)",9719.2500,9512.8700,1.0000,1.0000,-66.2600,-66.2600,9512.8700,19719.6100,19719.6100
2025-06-16,"MA_Crossover(35,44)",9798.5900,9592.2100,1.0000,1.0000,79.3400,79.3400,9592.2100,19798.9500,19798.9500
2025-06-17,"MA_Crossover(35,44)",9719.1900,9539.0700,1.0000,1.0000,-53.1400,-53.1400,9539.0700,19745.8100,19745.8100
2025-06-18,"MA_Crossover(35,44)",9687.9700,9519.9000,1.0000,1.0000,-19.1700,-19.1700,9519.9000,19726.6400,19726.6400
2025-06-19,"MA_Crossover(35,44)",9665.2800,9489.9100,1.0000,1.0000,-29.9900,-29.9900,9489.9100,19696.6500,19696.6500
2025-06-20,"MA_Crossover(35,44)",9698.6200,9543.5500,1.0000,1.0000,53.6400,53.6400,9543.5500,19750.2900,19750.2900
2025-06-23,"MA_Crossover(35,44)",9744.1500,9589.0800,1.0000,1.0000,45.5300,45.5300,9589.0800,19795.8200,19795.8200
2025-06-24,"MA_Crossover(35,44)",9730.1000,9575.0300,1.0000,1.0000,-14.0500,-14.0500,9575.0300,19781.7700,19781.7700
2025-06-25,"MA_Crossover(35,44)",9776.1900,9621.1200,1.0000,1.0000,46.0900,46.0900,9621.1200,19827.8600,19827.8600
2025-06-26,"MA_Crossover(35,44)",9988.4700,9833.4000,1.0000,1.0000,212.2800,212.2800,9833.4000,20040.1400,20040.1400
2025-06-27,"MA_Crossover(35,44)",9957.7200,9802.6500,1.0000,1.0000,-30.7500,-30.7500,9802.6500,20009.3900,20009.3900
2025-06-30,"MA_Crossover(35,44)",9945.2300,9790.1600,1.0000,1.0000,-12.4900,-12.4900,9790.1600,19996.9000,19996.9000
2025-07-01,"MA_Crossover(35,44)",9997.2900,9842.2200,1.0000,1.0000,52.0600,52.0600,9842.2200,20048.9600,20048.9600
2025-07-02,"MA_Crossover(35,44)",10070.1000,9915.0300,1.0000,1.0000,72.8100,72.8100,9915.0300,20121.7700,20121.7700
2025-07-03,"MA_Crossover(35,44)",10010.6700,9855.6000,1.0000,1.0000,-59.4300,-59.4300,9855.6000,20062.3400,20062.3400
2025-07-04,"MA_Crossover(35,44)",9923.2900,9768.2200,1.0000,1.0000,-87.3800,-87.3800,9768.2200,19974.9600,19974.9600
2025-07-07,"MA_Crossover(35,44)",9890.0000,9734.9300,1.0000,1.0000,-33.2900,-33.2900,9734.9300,19941.6700,19941.6700
2025-07-08,"MA_Crossover(35,44)",9831.5000,9676.4300,1.0000,1.0000,-58.5000,-58.5000,9676.4300,19883.1700,19883.1700
2025-07-09,"MA_Crossover(35,44)",9652.9400,9497.8700,1.0000,1.0000,-178.5600,-178.5600,9497.8700,19704.6100,19704.6100
2025-07-10,"MA_Crossover(35,44)",9699.6600,9544.5900,1.0000,1.0000,46.7200,46.7200,9544.5900,19751.3300,19751.3300
2025-07-11,"MA_Crossover(35,44)",9639.8000,9484.7300,1.0000,1.0000,-59.8600,-59.8600,9484.7300,19691.4700,19691.4700
2025-07-14,"MA_Crossover(35,44)",9556.9300,9401.8600,1.0000,1.0000,-82.8700,-82.8700,9401.8600,19608.6000,19608.6000
2025-07-15,"MA_Crossover(35,44)",9625.6600,9455.6600,1.0000,1.0000,53.8000,53.8000,9455.6600,19662.4000,19662.4000
2025-07-16,"MA_Crossover(35,44)",9603.3600,9441.7800,1.0000,1.0000,-13.8800,-13.8800,9441.7800,19648.5200,19648.5200
2025-07-17,"MA_Crossover(35,44)",9643.0900,9479.9800,1.0000,1.0000,38.2000,38.2000,9479.9800,19686.7200,19686.7200
2025-07-18,"MA_Crossover(35,44)",9763.7400,9580.7900,1.0000,1.0000,100.8100,100.8100,9580.7900,19787.5300,19787.5300
2025-07-21,"MA_Crossover(35,44)",9837.1400,9654.1900,1.0000,1.0000,73.4000,73.4000,9654.1900,19860.9300,19860.9300
2025-07-22,"MA_Crossover(35,44)",9894.2600,9711.3100,1.0000,1.0000,57.1200,57.1200,9711.3100,19918.0500,19918.0500
2025-07-23,"MA_Crossover(35,44)",9915.6200,9732.6700,1.0000,1.0000,21.3600,21.3600,9732.6700,19939.4100,19939.4100
2025-07-24,"MA_Crossover(35,44)",9856.7500,9673.8000,1.0000,1.0000,-58.8700,-58.8700,9673.8000,19880.5400,19880.5400
2025-07-25,"MA_Crossover(35,44)",9744.4400,9561.4900,1.0000,1.0000,-112.3100,-112.3100,9561.4900,19768.2300,19768.2300
2025-07-28,"MA_Crossover(35,44)",9765.7800,9582.8300,1.0000,1.0000,21.3400,21.3400,9582.8300,19789.5700,19789.5700
2025-07-29,"MA_Crossover(35,44)",9770.3300,9587.3800,1.0000,1.0000,4.5500,4.5500,9587.3800,19794.1200,19794.1200
2025-07-30,"MA_Crossover(35,44)",9673.6700,9490.7200,1.0000,1.0000,-96.6600,-96.6600,9490.7200,19697.4600,19697.4600
2025-07-31,"MA_Crossover(35,44)",9574.1400,9391.1900,1.0000,1.0000,-99.5300,-99.5300,9391.1900,19597.9300,19597.9300
2025-08-01,"MA_Crossover(35,44)",9594.7500,9411.8000,1.0000,1.0000,20.6100,20.6100,9411.8000,19618.5400,19618.5400
2025-08-04,"MA_Crossover(35,44)",9650.6400,9467.6900,-1.0000,1.0000,55.8900,55.8900,9467.6900,19674.4300,19674.4300
2025-08-05,"MA_Crossover(35,44)",9591.1300,9408.1800,-1.0000,-1.0000,-59.5100,59.5100,-9408.1800,19733.9400,19733.9400
2025-08-06,"MA_Crossover(35,44)",9631.3900,9448.4400,1.0000,-1.0000,40.2600,-40.2600,-9448.4400,19693.6800,19693.6800
2025-08-07,"MA_Crossover(35,44)",9633.6600,9450.7100,1.0000,1.0000,2.2700,2.2700,9450.7100,19695.9500,19695.9500
2025-08-08,"MA_Crossover(35,44)",9705.9400,9522.9900,1.0000,1.0000,72.2800,72.2800,9522.9900,19768.2300,19768.2300
2025-08-11,"MA_Crossover(35,44)",9659.9700,9477.0200,1.0000,1.0000,-45.9700,-45.9700,9477.0200,19722.2600,19722.2600
2025-08-12,"MA_Crossover(35,44)",9763.1300,9580.1800,1.0000,1.0000,103.1600,103.1600,9580.1800,19825.4200,19825.4200
2025-08-13,"MA_Crossover(35,44)",9731.8200,9548.8700,1.0000,1.0000,-31.3100,-31.3100,9548.8700,19794.1100,19794.1100
2025-08-14,"MA_Crossover(35,44)",9680.0500,9497.1000,1.0000,1.0000,-51.7700,-51.7700,9497.1000,19742.3400,19742.3400
2025-08-15,"MA_Crossover(35,44)",9681.2500,9498.3000,-1.0000,1.0000,1.2000,1.2000,9498.3000,19743.5400,19743.5400
2025-08-18,"MA_Crossover(35,44)",9636.2500,9453.3000,-1.0000,-1.0000,-45.0000,45.0000,-9453.3000,19788.5400,19788.5400
2025-08-19,"MA_Crossover(35,44)",9632.8100,9443.7700,-1.0000,-1.0000,-9.5300,9.5300,-9443.7700,19798.0700,19798.0700
2025-08-20,"MA_Crossover(35,44)",9665.1400,9473.8600,-1.0000,-1.0000,30.0900,-30.0900,-9473.8600,19767.9800,19767.9800
2025-08-21,"MA_Crossover(35,44)",9671.1400,9478.6400,-1.0000,-1.0000,4.7800,-4.7800,-9478.6400,19763.2000,19763.2000
2025-08-22,"MA_Crossover(35,44)",9744.3300,9523.7900,-1.0000,-1.0000,45.1500,-45.1500,-9523.7900,19718.0500,19718.0500
2025-08-26,"MA_Crossover(35,44)",9779.0500,9558.5100,-1.0000,-1.0000,34.7200,-34.7200,-9558.5100,19683.3300,19683.3300
2025-08-27,"MA_Crossover(35,44)",9693.5700,9473.0300,-1.0000,-1.0000,-85.4800,85.4800,-9473.0300,19768.8100,19768.8100
2025-08-28,"MA_Crossover(35,44)",9756.9600,9536.4200,-1.0000,-1.0000,63.3900,-63.3900,-9536.4200,19705.4200,19705.4200
2025-08-29,"MA_Crossover(35,44)",9845.1600,9624.6200,-1.0000,-1.0000,88.2000,-88.2000,-9624.6200,19617.2200,19617.2200
2025-09-01,"MA_Crossover(35,44)",9818.7800,9598.2400,-1.0000,-1.0000,-26.3800,26.3800,-9598.2400,19643.6000,19643.6000
2025-09-02,"MA_Crossover(35,44)",9926.5400,9706.0000,-1.0000,-1.0000,107.7600,-107.7600,-9706.0000,19535.8400,19535.8400
2025-09-03,"MA_Crossover(35,44)",9923.9500,9703.4100,-1.0000,-1.0000,-2.5900,2.5900,-9703.4100,19538.4300,19538.4300
2025-09-04,"MA_Crossover(35,44)",9842.6300,9622.0900,1.0000,-1.0000,-81.3200,81.3200,-9622.0900,19619.7500,19619.7500
2025-09-05,"MA_Crossover(35,44)",9838.6100,9618.0700,1.0000,1.0000,-4.0200,-4.0200,9618.0700,19615.7300,19615.7300
2025-09-08,"MA_Crossover(35,44)",9844.4300,9623.8900,1.0000,1.0000,5.8200,5.8200,9623.8900,19621.5500,19621.5500
2025-09-09,"MA_Crossover(35,44)",9845.5200,9624.9800,1.0000,1.0000,1.0900,1.0900,9624.9800,19622.6400,19622.6400
2025-09-10,"MA_Crossover(35,44)",9965.3100,9744.7700,1.0000,1.0000,119.7900,119.7900,9744.7700,19742.4300,19742.4300
2025-09-11,"MA_Crossover(35,44)",9993.4600,9772.9200,1.0000,1.0000,28.1500,28.1500,9772.9200,19770.5800,19770.5800
2025-09-12,"MA_Crossover(35,44)",9995.6400,9775.1000,1.0000,1.0000,2.1800,2.1800,9775.1000,19772.7600,19772.7600
2025-09-15,"MA_Crossover(35,44)",10124.5700,9904.0300,-1.0000,1.0000,128.9300,128.9300,9904.0300,19901.6900,19901.6900
2025-09-16,"MA_Crossover(35,44)",10087.2700,9866.4600,-1.0000,-1.0000,-37.5700,37.5700,-9866.4600,19939.2600,19939.2600
2025-09-17,"MA_Crossover(35,44)",9951.7900,9734.4500,-1.0000,-1.0000,-132.0100,132.0100,-9734.4500,20071.2700,20071.2700
2025-09-18,"MA_Crossover(35,44)",9897.2900,9680.6800,-1.0000,-1.0000,-53.7700,53.7700,-9680.6800,20125.0400,20125.0400
2025-09-19,"MA_Crossover(35,44)",9952.0100,9709.8100,1.0000,-1.0000,29.1300,-29.1300,-9709.8100,20095.9100,20095.9100
2025-09-22,"MA_Crossover(35,44)",9927.8000,9685.6000,1.0000,1.0000,-24.2100,-24.2100,9685.6000,20071.7000,20071.7000
2025-09-23,"MA_Crossover(35,44)",9927.7400,9685.5400,1.0000,1.0000,-0.0600,-0.0600,9685.5400,20071.6400,20071.6400
2025-09-24,"MA_Crossover(35,44)",10325.5400,10083.3400,1.0000,1.0000,397.8000,397.8000,10083.3400,20469.4400,20469.4400
2025-09-25,"MA_Crossover(35,44)",10245.9500,10003.7500,1.0000,1.0000,-79.5900,-79.5900,10003.7500,20389.8500,20389.8500
2025-09-26,"MA_Crossover(35,44)",10162.2000,9920.0000,1.0000,1.0000,-83.7500,-83.7500,9920.0000,20306.1000,20306.1000
2025-09-29,"MA_Crossover(35,44)",10402.7600,10160.5600,1.0000,1.0000,240.5600,240.5600,10160.5600,20546.6600,20546.6600
2025-09-30,"MA_Crossover(35,44)",10242.4500,10000.2500,1.0000,1.0000,-160.3100,-160.3100,10000.2500,20386.3500,20386.3500
2025-10-01,"MA_Crossover(35,44)",10355.6500,10113.4500,1.0000,1.0000,113.2000,113.2000,10113.4500,20499.5500,20499.5500
2025-10-02,"MA_Crossover(35,44)",10469.6600,10227.4600,1.0000,1.0000,114.0100,114.0100,10227.4600,20613.5600,20613.5600
2025-10-03,"MA_Crossover(35,44)",10700.4800,10458.2800,1.0000,1.0000,230.8200,230.8200,10458.2800,20844.3800,20844.3800
2025-10-06,"MA_Crossover(35,44)",10620.4700,10378.2700,1.0000,1.0000,-80.0100,-80.0100,10378.2700,20764.3700,20764.3700
2025-10-07,"MA_Crossover(35,44)",10732.0300,10489.8300,1.0000,1.0000,111.5600,111.5600,10489.8300,20875.9300,20875.9300
2025-10-08,"MA_Crossover(35,44)",10643.9700,10401.7700,1.0000,1.0000,-88.0600,-88.0600,10401.7700,20787.8700,20787.8700
2025-10-09,"MA_Crossover(35,44)",10843.3400,10601.1400,1.0000,1.0000,199.3700,199.3700,10601.1400,20987.2400,20987.2400
2025-10-10,"MA_Crossover(35,44)",10488.6300,10246.4300,1.0000,1.0000,-354.7100,-354.7100,10246.4300,20632.5300,20632.5300
2025-10-13,"MA_Crossover(35,44)",11047.2800,10805.0800,1.0000,1.0000,558.6500,558.6500,10805.0800,21191.1800,21191.1800
2025-10-14,"MA_Crossover(35,44)",10592.8700,10538.3100,1.0000,1.0000,-266.7700,-266.7700,10538.3100,20924.4100,20924.4100
2025-10-15,"MA_Crossover(35,44)",10652.6300,10598.5000,1.0000,1.0000,60.1900,60.1900,10598.5000,20984.6000,20984.6000
2025-10-16,"MA_Crossover(35,44)",10643.4000,10600.7000,1.0000,1.0000,2.2000,2.2000,10600.7000,20986.8000,20986.8000
2025-10-17,"MA_Crossover(35,44)",10601.9200,10556.2300,1.0000,1.0000,-44.4700,-44.4700,10556.2300,20942.3300,20942.3300
2025-10-20,"MA_Crossover(35,44)",10687.7100,10642.0200,1.0000,1.0000,85.7900,85.7900,10642.0200,21028.1200,21028.1200
2025-10-21,"MA_Crossover(35,44)",10614.1400,10568.4500,1.0000,1.0000,-73.5700,-73.5700,10568.4500,20954.5500,20954.5500
2025-10-22,"MA_Crossover(35,44)",10665.2100,10619.5200,1.0000,1.0000,51.0700,51.0700,10619.5200,21005.6200,21005.6200
2025-10-23,"MA_Crossover(35,44)",10860.7400,10815.0500,1.0000,1.0000,195.5300,195.5300,10815.0500,21201.1500,21201.1500
2025-10-24,"MA_Crossover(35,44)",10962.9400,10917.2500,1.0000,1.0000,102.2000,102.2000,10917.2500,21303.3500,21303.3500
2025-10-27,"MA_Crossover(35,44)",11028.6900,10983.0000,1.0000,1.0000,65.7500,65.7500,10983.0000,21369.1000,21369.1000
2025-10-28,"MA_Crossover(35,44)",11038.9400,10993.2500,1.0000,1.0000,10.2500,10.2500,10993.2500,21379.3500,21379.3500
2025-10-29,"MA_Crossover(35,44)",11182.2400,11136.5500,1.0000,1.0000,143.3000,143.3000,11136.5500,21522.6500,21522.6500
2025-10-30,"MA_Crossover(35,44)",10916.6700,10870.9800,1.0000,1.0000,-265.5700,-265.5700,10870.9800,21257.0800,21257.0800
2025-10-31,"MA_Crossover(35,44)",10892.0600,10846.3700,1.0000,1.0000,-24.6100,-24.6100,10846.3700,21232.4700,21232.4700
2025-11-03,"MA_Crossover(35,44)",10848.0100,10802.3200,1.0000,1.0000,-44.0500,-44.0500,10802.3200,21188.4200,21188.4200
2025-11-04,"MA_Crossover(35,44)",10650.4300,10604.7400,1.0000,1.0000,-197.5800,-197.5800,10604.7400,20990.8400,20990.8400
2025-11-05,"MA_Crossover(35,44)",10676.1300,10630.4400,1.0000,1.0000,25.7000,25.7000,10630.4400,21016.5400,21016.5400
2025-11-06,"MA_Crossover(35,44)",10665.0600,10619.3700,1.0000,1.0000,-11.0700,-11.0700,10619.3700,21005.4700,21005.4700
2025-11-07,"MA_Crossover(35,44)",10709.2800,10663.5900,1.0000,1.0000,44.2200,44.2200,10663.5900,21049.6900,21049.6900
2025-11-10,"MA_Crossover(35,44)",10791.6700,10745.9800,1.0000,1.0000,82.3900,82.3900,10745.9800,21132.0800,21132.0800
2025-11-11,"MA_Crossover(35,44)",10815.4700,10769.7800,1.0000,1.0000,23.8000,23.8000,10769.7800,21155.8800,21155.8800
2025-11-12,"MA_Crossover(35,44)",10938.0500,10892.3600,1.0000,1.0000,122.5800,122.5800,10892.3600,21278.4600,21278.4600
2025-11-13,"MA_Crossover(35,44)",10951.5300,10905.8400,1.0000,1.0000,13.4800,13.4800,10905.8400,21291.9400,21291.9400
2025-11-14,"MA_Crossover(35,44)",10854.8800,10809.1900,1.0000,1.0000,-96.6500,-96.6500,10809.1900,21195.2900,21195.2900
2025-11-17,"MA_Crossover(35,44)",10745.8800,10700.1900,1.0000,1.0000,-109.0000,-109.0000,10700.1900,21086.2900,21086.2900
2025-11-18,"MA_Crossover(35,44)",10709.7000,10645.1200,1.0000,1.0000,-55.0700,-55.0700,10645.1200,21031.2200,21031.2200
2025-11-19,"MA_Crossover(35,44)",10748.8300,10683.4900,1.0000,1.0000,38.3700,38.3700,10683.4900,21069.5900,21069.5900
2025-11-20,"MA_Crossover(35,44)",10742.8200,10674.8000,1.0000,1.0000,-8.6900,-8.6900,10674.8000,21060.9000,21060.9000
2025-11-21,"MA_Crossover(35,44)",10788.3400,10718.3600,1.0000,1.0000,43.5600,43.5600,10718.3600,21104.4600,21104.4600
2025-11-24,"MA_Crossover(35,44)",10793.4100,10723.4300,1.0000,1.0000,5.0700,5.0700,10723.4300,21109.5300,21109.5300
2025-11-25,"MA_Crossover(35,44)",10827.7400,10757.7600,1.0000,1.0000,34.3300,34.3300,10757.7600,21143.8600,21143.8600
2025-11-26,"MA_Crossover(35,44)",10990.5700,10920.5900,1.0000,1.0000,162.8300,162.8300,10920.5900,21306.6900,21306.6900
2025-11-27,"MA_Crossover(35,44)",10952.2200,10882.2400,1.0000,1.0000,-38.3500,-38.3500,10882.2400,21268.3400,21268.3400
2025-11-28,"MA_Crossover(35,44)",11222.4200,11152.4400,1.0000,1.0000,270.2000,270.2000,11152.4400,21538.5400,21538.5400
2025-12-01,"MA_Crossover(35,44)",11308.8600,11238.8800,1.0000,1.0000,86.4400,86.4400,11238.8800,21624.9800,21624.9800
2025-12-02,"MA_Crossover(35,44)",11204.7000,11134.7200,1.0000,1.0000,-104.1600,-104.1600,11134.7200,21520.8200,21520.8200
2025-12-03,"MA_Crossover(35,44)",11572.3600,11502.3800,1.0000,1.0000,367.6600,367.6600,11502.3800,21888.4800,21888.4800
2025-12-04,"MA_Crossover(35,44)",11504.1800,11434.2000,1.0000,1.0000,-68.1800,-68.1800,11434.2000,21820.3000,21820.3000
2025-12-05,"MA_Crossover(35,44)",11653.0700,11583.0900,1.0000,1.0000,148.8900,148.8900,11583.0900,21969.1900,21969.1900
2025-12-08,"MA_Crossover(35,44)",11648.7900,11578.8100,1.0000,1.0000,-4.2800,-4.2800,11578.8100,21964.9100,21964.9100
2025-12-09,"MA_Crossover(35,44)",11489.9800,11420.0000,1.0000,1.0000,-158.8100,-158.8100,11420.0000,21806.1000,21806.1000
2025-12-10,"MA_Crossover(35,44)",11569.4200,11499.4400,1.0000,1.0000,79.4400,79.4400,11499.4400,21885.5400,21885.5400
2025-12-11,"MA_Crossover(35,44)",11897.2200,11827.2400,1.0000,1.0000,327.8000,327.8000,11827.2400,22213.3400,22213.3400
2025-12-12,"MA_Crossover(35,44)",11535.6900,11465.7100,1.0000,1.0000,-361.5300,-361.5300,11465.7100,21851.8100,21851.8100
2025-12-15,"MA_Crossover(35,44)",11651.1100,11581.1300,1.0000,1.0000,115.4200,115.4200,11581.1300,21967.2300,21967.2300
2025-12-16,"MA_Crossover(35,44)",11604.5600,11513.6200,1.0000,1.0000,-67.5100,-67.5100,11513.6200,21899.7200,21899.7200
2025-12-17,"MA_Crossover(35,44)",11753.0600,11659.8400,1.0000,1.0000,146.2200,146.2200,11659.8400,22045.9400,22045.9400
2025-12-18,"MA_Crossover(35,44)",11790.6100,11700.1800,1.0000,1.0000,40.3400,40.3400,11700.1800,22086.2800,22086.2800
2025-12-19,"MA_Crossover(35,44)",11910.3600,11823.2500,1.0000,1.0000,123.0700,123.0700,11823.2500,22209.3500,22209.3500
2025-12-22,"MA_Crossover(35,44)",11956.5800,11869.4700,1.0000,1.0000,46.2200,46.2200,11869.4700,22255.5700,22255.5700
2025-12-23,"MA_Crossover(35,44)",12096.6400,12009.5300,1.0000,1.0000,140.0600,140.0600,12009.5300,22395.6300,22395.6300
2025-12-24,"MA_Crossover(35,44)",12204.3700,12117.2600,1.0000,1.0000,107.7300,107.7300,12117.2600,22503.3600,22503.3600
2025-12-29,"MA_Crossover(35,44)",12266.3500,12179.2400,1.0000,1.0000,61.9800,61.9800,12179.2400,22565.3400,22565.3400
2025-12-30,"MA_Crossover(35,44)",12607.0200,12519.9100,1.0000,1.0000,340.6700,340.6700,12519.9100,22906.0100,22906.0100
2025-12-31,"MA_Crossover(35,44)",12465.9900,12378.8800,1.0000,1.0000,-141.0300,-141.0300,12378.8800,22764.9800,22764.9800
