Date,Strategy,F1_raw,F1_continuous,Signal,Position,F1_cont_daily_change,Daily_PnL,MTM,Cumulative_PnL,Equity
2006-01-03,"MA_Crossover(36,44)",4584.0000,4584.0000,,0.0000,,,0.0000,,
2006-01-04,"MA_Crossover(36,44)",4675.5000,4675.5000,,0.0000,91.5000,0.0000,0.0000,0.0000,0.0000
2006-01-05,"MA_Crossover(36,44)",4638.0000,4638.0000,,0.0000,-37.5000,-0.0000,0.0000,0.0000,0.0000
2006-01-06,"MA_Crossover(36,44)",4634.0000,4634.0000,,0.0000,-4.0000,-0.0000,0.0000,0.0000,0.0000
2006-01-09,"MA_Crossover(36,44)",4693.0000,4693.0000,,0.0000,59.0000,0.0000,0.0000,0.0000,0.0000
2006-01-10,"MA_Crossover(36,44)",4689.0000,4689.0000,,0.0000,-4.0000,-0.0000,0.0000,0.0000,0.0000
2006-01-11,"MA_Crossover(36,44)",4681.0000,4681.0000,,0.0000,-8.0000,-0.0000,0.0000,0.0000,0.0000
2006-01-12,"MA_Crossover(36,44)",4659.0000,4659.0000,,0.0000,-22.0000,-0.0000,0.0000,0.0000,0.0000
2006-01-13,"MA_Crossover(36,44)",4747.0000,4747.0000,,0.0000,88.0000,0.0000,0.0000,0.0000,0.0000
2006-01-16,"MA_Crossover(36,44)",4711.0000,4711.0000,,0.0000,-36.0000,-0.0000,0.0000,0.0000,0.0000
2006-01-17,"MA_Crossover(36,44)",4663.0000,4663.0000,,0.0000,-48.0000,-0.0000,0.0000,0.0000,0.0000
2006-01-18,"MA_Crossover(36,44)",4703.0000,4699.0000,,0.0000,36.0000,0.0000,0.0000,0.0000,0.0000
2006-01-19,"MA_Crossover(36,44)",4695.0000,4690.0000,,0.0000,-9.0000,-0.0000,0.0000,0.0000,0.0000
2006-01-20,"MA_Crossover(36,44)",4636.0000,4671.0000,,0.0000,-19.0000,-0.0000,0.0000,0.0000,0.0000
2006-01-23,"MA_Crossover(36,44)",4703.0000,4738.0000,,0.0000,67.0000,0.0000,0.0000,0.0000,0.0000
2006-01-24,"MA_Crossover(36,44)",4743.0000,4778.0000,,0.0000,40.0000,0.0000,0.0000,0.0000,0.0000
2006-01-25,"MA_Crossover(36,44)",4872.0000,4907.0000,,0.0000,129.0000,0.0000,0.0000,0.0000,0.0000
2006-01-26,"MA_Crossover(36,44)",4859.0000,4894.0000,,0.0000,-13.0000,-0.0000,0.0000,0.0000,0.0000
2006-01-27,"MA_Crossover(36,44)",4929.0000,4964.0000,,0.0000,70.0000,0.0000,0.0000,0.0000,0.0000
2006-01-30,"MA_Crossover(36,44)",4915.0000,4950.0000,,0.0000,-14.0000,-0.0000,0.0000,0.0000,0.0000
2006-01-31,"MA_Crossover(36,44)",4912.0000,4947.0000,,0.0000,-3.0000,-0.0000,0.0000,0.0000,0.0000
2006-02-01,"MA_Crossover(36,44)",4937.0000,4972.0000,,0.0000,25.0000,0.0000,0.0000,0.0000,0.0000
2006-02-02,"MA_Crossover(36,44)",5065.5000,5100.5000,,0.0000,128.5000,0.0000,0.0000,0.0000,0.0000
2006-02-03,"MA_Crossover(36,44)",5092.0000,5127.0000,,0.0000,26.5000,0.0000,0.0000,0.0000,0.0000
2006-02-06,"MA_Crossover(36,44)",5129.5000,5164.5000,,0.0000,37.5000,0.0000,0.0000,0.0000,0.0000
2006-02-07,"MA_Crossover(36,44)",5035.0000,5070.0000,,0.0000,-94.5000,-0.0000,0.0000,0.0000,0.0000
2006-02-08,"MA_Crossover(36,44)",5041.0000,5076.0000,,0.0000,6.0000,0.0000,0.0000,0.0000,0.0000
2006-02-09,"MA_Crossover(36,44)",5081.0000,5116.0000,,0.0000,40.0000,0.0000,0.0000,0.0000,0.0000
2006-02-10,"MA_Crossover(36,44)",4894.0000,4929.0000,,0.0000,-187.0000,-0.0000,0.0000,0.0000,0.0000
2006-02-13,"MA_Crossover(36,44)",4934.0000,4969.0000,,0.0000,40.0000,0.0000,0.0000,0.0000,0.0000
2006-02-14,"MA_Crossover(36,44)",4988.0000,5019.0000,,0.0000,50.0000,0.0000,0.0000,0.0000,0.0000
2006-02-15,"MA_Crossover(36,44)",4834.0000,4863.0000,,0.0000,-156.0000,-0.0000,0.0000,0.0000,0.0000
2006-02-16,"MA_Crossover(36,44)",4848.0000,4876.0000,,0.0000,13.0000,0.0000,0.0000,0.0000,0.0000
2006-02-17,"MA_Crossover(36,44)",4864.0000,4918.0000,,0.0000,42.0000,0.0000,0.0000,0.0000,0.0000
2006-02-20,"MA_Crossover(36,44)",4966.0000,5020.0000,,0.0000,102.0000,0.0000,0.0000,0.0000,0.0000
2006-02-21,"MA_Crossover(36,44)",5015.0000,5069.0000,,0.0000,49.0000,0.0000,0.0000,0.0000,0.0000
2006-02-22,"MA_Crossover(36,44)",5035.5000,5089.5000,,0.0000,20.5000,0.0000,0.0000,0.0000,0.0000
2006-02-23,"MA_Crossover(36,44)",4959.0000,5013.0000,,0.0000,-76.5000,-0.0000,0.0000,0.0000,0.0000
2006-02-24,"MA_Crossover(36,44)",4922.0000,4976.0000,,0.0000,-37.0000,-0.0000,0.0000,0.0000,0.0000
2006-02-27,"MA_Crossover(36,44)",4734.0000,4788.0000,,0.0000,-188.0000,-0.0000,0.0000,0.0000,0.0000
2006-02-28,"MA_Crossover(36,44)",4881.0000,4935.0000,,0.0000,147.0000,0.0000,0.0000,0.0000,0.0000
2006-03-01,"MA_Crossover(36,44)",4940.0000,4994.0000,,0.0000,59.0000,0.0000,0.0000,0.0000,0.0000
2006-03-02,"MA_Crossover(36,44)",5056.0000,5110.0000,,0.0000,116.0000,0.0000,0.0000,0.0000,0.0000
2006-03-03,"MA_Crossover(36,44)",5046.0000,5100.0000,1.0000,0.0000,-10.0000,-0.0000,0.0000,0.0000,0.0000
2006-03-06,"MA_Crossover(36,44)",4953.0000,5007.0000,1.0000,1.0000,-93.0000,-93.0000,5007.0000,-93.0000,-93.0000
2006-03-07,"MA_Crossover(36,44)",4844.0000,4898.0000,1.0000,1.0000,-109.0000,-109.0000,4898.0000,-202.0000,-202.0000
2006-03-08,"MA_Crossover(36,44)",4800.0000,4854.0000,1.0000,1.0000,-44.0000,-44.0000,4854.0000,-246.0000,-246.0000
2006-03-09,"MA_Crossover(36,44)",4893.0000,4947.0000,1.0000,1.0000,93.0000,93.0000,4947.0000,-153.0000,-153.0000
2006-03-10,"MA_Crossover(36,44)",4905.0000,4959.0000,1.0000,1.0000,12.0000,12.0000,4959.0000,-141.0000,-141.0000
2006-03-13,"MA_Crossover(36,44)",4962.0000,5016.0000,1.0000,1.0000,57.0000,57.0000,5016.0000,-84.0000,-84.0000
2006-03-14,"MA_Crossover(36,44)",4974.5000,5018.5000,1.0000,1.0000,2.5000,2.5000,5018.5000,-81.5000,-81.5000
2006-03-15,"MA_Crossover(36,44)",5008.5000,5052.5000,1.0000,1.0000,34.0000,34.0000,5052.5000,-47.5000,-47.5000
2006-03-16,"MA_Crossover(36,44)",4981.0000,5027.5000,1.0000,1.0000,-25.0000,-25.0000,5027.5000,-72.5000,-72.5000
2006-03-17,"MA_Crossover(36,44)",5189.0000,5264.5000,1.0000,1.0000,237.0000,237.0000,5264.5000,164.5000,164.5000
2006-03-20,"MA_Crossover(36,44)",5164.0000,5239.5000,1.0000,1.0000,-25.0000,-25.0000,5239.5000,139.5000,139.5000
2006-03-21,"MA_Crossover(36,44)",5161.0000,5236.5000,1.0000,1.0000,-3.0000,-3.0000,5236.5000,136.5000,136.5000
2006-03-22,"MA_Crossover(36,44)",5163.0000,5238.5000,1.0000,1.0000,2.0000,2.0000,5238.5000,138.5000,138.5000
2006-03-23,"MA_Crossover(36,44)",5290.0000,5365.5000,1.0000,1.0000,127.0000,127.0000,5365.5000,265.5000,265.5000
2006-03-24,"MA_Crossover(36,44)",5304.0000,5379.5000,1.0000,1.0000,14.0000,14.0000,5379.5000,279.5000,279.5000
2006-03-27,"MA_Crossover(36,44)",5360.5000,5436.0000,1.0000,1.0000,56.5000,56.5000,5436.0000,336.0000,336.0000
2006-03-28,"MA_Crossover(36,44)",5365.5000,5441.0000,1.0000,1.0000,5.0000,5.0000,5441.0000,341.0000,341.0000
2006-03-29,"MA_Crossover(36,44)",5391.0000,5466.5000,1.0000,1.0000,25.5000,25.5000,5466.5000,366.5000,366.5000
2006-03-30,"MA_Crossover(36,44)",5466.0000,5541.5000,1.0000,1.0000,75.0000,75.0000,5541.5000,441.5000,441.5000
2006-03-31,"MA_Crossover(36,44)",5440.0000,5515.5000,1.0000,1.0000,-26.0000,-26.0000,5515.5000,415.5000,415.5000
2006-04-03,"MA_Crossover(36,44)",5661.5000,5737.0000,1.0000,1.0000,221.5000,221.5000,5737.0000,637.0000,637.0000
2006-04-04,"MA_Crossover(36,44)",5588.0000,5663.5000,1.0000,1.0000,-73.5000,-73.5000,5663.5000,563.5000,563.5000
2006-04-05,"MA_Crossover(36,44)",5742.5000,5818.0000,1.0000,1.0000,154.5000,154.5000,5818.0000,718.0000,718.0000
2006-04-06,"MA_Crossover(36,44)",5802.5000,5878.0000,1.0000,1.0000,60.0000,60.0000,5878.0000,778.0000,778.0000
2006-04-07,"MA_Crossover(36,44)",5751.0000,5826.5000,1.0000,1.0000,-51.5000,-51.5000,5826.5000,726.5000,726.5000
2006-04-10,"MA_Crossover(36,44)",5937.5000,6013.0000,1.0000,1.0000,186.5000,186.5000,6013.0000,913.0000,913.0000
2006-04-11,"MA_Crossover(36,44)",6010.0000,6085.5000,1.0000,1.0000,72.5000,72.5000,6085.5000,985.5000,985.5000
2006-04-12,"MA_Crossover(36,44)",6168.0000,6243.5000,1.0000,1.0000,158.0000,158.0000,6243.5000,1143.5000,1143.5000
2006-04-13,"MA_Crossover(36,44)",6259.0000,6334.5000,1.0000,1.0000,91.0000,91.0000,6334.5000,1234.5000,1234.5000
2006-04-18,"MA_Crossover(36,44)",6555.0000,6630.5000,1.0000,1.0000,296.0000,296.0000,6630.5000,1530.5000,1530.5000
2006-04-19,"MA_Crossover(36,44)",6479.0000,6554.5000,1.0000,1.0000,-76.0000,-76.0000,6554.5000,1454.5000,1454.5000
2006-04-20,"MA_Crossover(36,44)",6370.0000,6445.5000,1.0000,1.0000,-109.0000,-109.0000,6445.5000,1345.5000,1345.5000
2006-04-21,"MA_Crossover(36,44)",6857.0000,6932.5000,1.0000,1.0000,487.0000,487.0000,6932.5000,1832.5000,1832.5000
2006-04-24,"MA_Crossover(36,44)",6884.0000,6959.5000,1.0000,1.0000,27.0000,27.0000,6959.5000,1859.5000,1859.5000
2006-04-25,"MA_Crossover(36,44)",7327.0000,7402.5000,1.0000,1.0000,443.0000,443.0000,7402.5000,2302.5000,2302.5000
2006-04-26,"MA_Crossover(36,44)",7427.0000,7502.5000,1.0000,1.0000,100.0000,100.0000,7502.5000,2402.5000,2402.5000
2006-04-27,"MA_Crossover(36,44)",7182.0000,7257.5000,1.0000,1.0000,-245.0000,-245.0000,7257.5000,2157.5000,2157.5000
2006-04-28,"MA_Crossover(36,44)",7118.0000,7193.5000,1.0000,1.0000,-64.0000,-64.0000,7193.5000,2093.5000,2093.5000
2006-05-02,"MA_Crossover(36,44)",7269.0000,7344.5000,1.0000,1.0000,151.0000,151.0000,7344.5000,2244.5000,2244.5000
2006-05-03,"MA_Crossover(36,44)",7226.0000,7301.5000,1.0000,1.0000,-43.0000,-43.0000,7301.5000,2201.5000,2201.5000
2006-05-04,"MA_Crossover(36,44)",7776.0000,7851.5000,1.0000,1.0000,550.0000,550.0000,7851.5000,2751.5000,2751.5000
2006-05-05,"MA_Crossover(36,44)",7769.0000,7844.5000,1.0000,1.0000,-7.0000,-7.0000,7844.5000,2744.5000,2744.5000
2006-05-08,"MA_Crossover(36,44)",7748.0000,7823.5000,1.0000,1.0000,-21.0000,-21.0000,7823.5000,2723.5000,2723.5000
2006-05-09,"MA_Crossover(36,44)",7942.0000,8017.5000,1.0000,1.0000,194.0000,194.0000,8017.5000,2917.5000,2917.5000
2006-05-10,"MA_Crossover(36,44)",8237.0000,8312.5000,1.0000,1.0000,295.0000,295.0000,8312.5000,3212.5000,3212.5000
2006-05-11,"MA_Crossover(36,44)",8796.0000,8871.5000,1.0000,1.0000,559.0000,559.0000,8871.5000,3771.5000,3771.5000
2006-05-12,"MA_Crossover(36,44)",8634.0000,8709.5000,1.0000,1.0000,-162.0000,-162.0000,8709.5000,3609.5000,3609.5000
2006-05-15,"MA_Crossover(36,44)",8345.0000,8420.5000,1.0000,1.0000,-289.0000,-289.0000,8420.5000,3320.5000,3320.5000
2006-05-16,"MA_Crossover(36,44)",8435.0000,8520.5000,1.0000,1.0000,100.0000,100.0000,8520.5000,3420.5000,3420.5000
2006-05-17,"MA_Crossover(36,44)",8231.0000,8318.5000,1.0000,1.0000,-202.0000,-202.0000,8318.5000,3218.5000,3218.5000
2006-05-18,"MA_Crossover(36,44)",8200.0000,8290.5000,1.0000,1.0000,-28.0000,-28.0000,8290.5000,3190.5000,3190.5000
2006-05-19,"MA_Crossover(36,44)",7646.0000,7771.5000,1.0000,1.0000,-519.0000,-519.0000,7771.5000,2671.5000,2671.5000
2006-05-22,"MA_Crossover(36,44)",7673.0000,7798.5000,1.0000,1.0000,27.0000,27.0000,7798.5000,2698.5000,2698.5000
2006-05-23,"MA_Crossover(36,44)",8600.0000,8725.5000,1.0000,1.0000,927.0000,927.0000,8725.5000,3625.5000,3625.5000
2006-05-24,"MA_Crossover(36,44)",7955.0000,8080.5000,1.0000,1.0000,-645.0000,-645.0000,8080.5000,2980.5000,2980.5000
2006-05-25,"MA_Crossover(36,44)",8230.0000,8355.5000,1.0000,1.0000,275.0000,275.0000,8355.5000,3255.5000,3255.5000
2006-05-26,"MA_Crossover(36,44)",8349.0000,8474.5000,1.0000,1.0000,119.0000,119.0000,8474.5000,3374.5000,3374.5000
2006-05-30,"MA_Crossover(36,44)",8060.0000,8185.5000,1.0000,1.0000,-289.0000,-289.0000,8185.5000,3085.5000,3085.5000
2006-05-31,"MA_Crossover(36,44)",8001.0000,8126.5000,1.0000,1.0000,-59.0000,-59.0000,8126.5000,3026.5000,3026.5000
2006-06-01,"MA_Crossover(36,44)",7807.0000,7932.5000,1.0000,1.0000,-194.0000,-194.0000,7932.5000,2832.5000,2832.5000
2006-06-02,"MA_Crossover(36,44)",7967.0000,8092.5000,1.0000,1.0000,160.0000,160.0000,8092.5000,2992.5000,2992.5000
2006-06-05,"MA_Crossover(36,44)",7855.0000,7980.5000,1.0000,1.0000,-112.0000,-112.0000,7980.5000,2880.5000,2880.5000
2006-06-06,"MA_Crossover(36,44)",7603.0000,7728.5000,1.0000,1.0000,-252.0000,-252.0000,7728.5000,2628.5000,2628.5000
2006-06-07,"MA_Crossover(36,44)",7890.0000,8015.5000,1.0000,1.0000,287.0000,287.0000,8015.5000,2915.5000,2915.5000
2006-06-08,"MA_Crossover(36,44)",7407.0000,7532.5000,1.0000,1.0000,-483.0000,-483.0000,7532.5000,2432.5000,2432.5000
2006-06-09,"MA_Crossover(36,44)",7311.0000,7436.5000,1.0000,1.0000,-96.0000,-96.0000,7436.5000,2336.5000,2336.5000
2006-06-12,"MA_Crossover(36,44)",7137.0000,7262.5000,1.0000,1.0000,-174.0000,-174.0000,7262.5000,2162.5000,2162.5000
2006-06-13,"MA_Crossover(36,44)",6677.5000,6803.0000,1.0000,1.0000,-459.5000,-459.5000,6803.0000,1703.0000,1703.0000
2006-06-14,"MA_Crossover(36,44)",6766.0000,6891.5000,1.0000,1.0000,88.5000,88.5000,6891.5000,1791.5000,1791.5000
2006-06-15,"MA_Crossover(36,44)",7140.0000,7265.5000,1.0000,1.0000,374.0000,374.0000,7265.5000,2165.5000,2165.5000
2006-06-16,"MA_Crossover(36,44)",7109.0000,7234.5000,1.0000,1.0000,-31.0000,-31.0000,7234.5000,2134.5000,2134.5000
2006-06-19,"MA_Crossover(36,44)",6893.0000,7018.5000,1.0000,1.0000,-216.0000,-216.0000,7018.5000,1918.5000,1918.5000
2006-06-20,"MA_Crossover(36,44)",6827.5000,6938.5000,1.0000,1.0000,-80.0000,-80.0000,6938.5000,1838.5000,1838.5000
2006-06-21,"MA_Crossover(36,44)",6888.0000,6998.5000,1.0000,1.0000,60.0000,60.0000,6998.5000,1898.5000,1898.5000
2006-06-22,"MA_Crossover(36,44)",6812.0000,6916.5000,1.0000,1.0000,-82.0000,-82.0000,6916.5000,1816.5000,1816.5000
2006-06-23,"MA_Crossover(36,44)",6885.0000,7035.5000,1.0000,1.0000,119.0000,119.0000,7035.5000,1935.5000,1935.5000
2006-06-26,"MA_Crossover(36,44)",7110.0000,7260.5000,1.0000,1.0000,225.0000,225.0000,7260.5000,2160.5000,2160.5000
2006-06-27,"MA_Crossover(36,44)",6855.0000,7005.5000,1.0000,1.0000,-255.0000,-255.0000,7005.5000,1905.5000,1905.5000
2006-06-28,"MA_Crossover(36,44)",7010.0000,7160.5000,1.0000,1.0000,155.0000,155.0000,7160.5000,2060.5000,2060.5000
2006-06-29,"MA_Crossover(36,44)",7413.0000,7563.5000,1.0000,1.0000,403.0000,403.0000,7563.5000,2463.5000,2463.5000
2006-06-30,"MA_Crossover(36,44)",7425.0000,7575.5000,-1.0000,1.0000,12.0000,12.0000,7575.5000,2475.5000,2475.5000
2006-07-03,"MA_Crossover(36,44)",7381.0000,7531.5000,-1.0000,-1.0000,-44.0000,44.0000,-7531.5000,2519.5000,2519.5000
2006-07-04,"MA_Crossover(36,44)",7518.0000,7668.5000,-1.0000,-1.0000,137.0000,-137.0000,-7668.5000,2382.5000,2382.5000
2006-07-05,"MA_Crossover(36,44)",7477.0000,7627.5000,-1.0000,-1.0000,-41.0000,41.0000,-7627.5000,2423.5000,2423.5000
2006-07-06,"MA_Crossover(36,44)",7954.0000,8104.5000,-1.0000,-1.0000,477.0000,-477.0000,-8104.5000,1946.5000,1946.5000
2006-07-07,"MA_Crossover(36,44)",7840.0000,7990.5000,-1.0000,-1.0000,-114.0000,114.0000,-7990.5000,2060.5000,2060.5000
2006-07-10,"MA_Crossover(36,44)",7851.0000,8001.5000,-1.0000,-1.0000,11.0000,-11.0000,-8001.5000,2049.5000,2049.5000
2006-07-11,"MA_Crossover(36,44)",8022.0000,8172.5000,-1.0000,-1.0000,171.0000,-171.0000,-8172.5000,1878.5000,1878.5000
2006-07-12,"MA_Crossover(36,44)",8159.0000,8309.5000,-1.0000,-1.0000,137.0000,-137.0000,-8309.5000,1741.5000,1741.5000
2006-07-13,"MA_Crossover(36,44)",8035.0000,8185.5000,-1.0000,-1.0000,-124.0000,124.0000,-8185.5000,1865.5000,1865.5000
2006-07-14,"MA_Crossover(36,44)",8196.0000,8346.5000,-1.0000,-1.0000,161.0000,-161.0000,-8346.5000,1704.5000,1704.5000
2006-07-17,"MA_Crossover(36,44)",7838.0000,7988.5000,-1.0000,-1.0000,-358.0000,358.0000,-7988.5000,2062.5000,2062.5000
2006-07-18,"MA_Crossover(36,44)",7890.5000,8030.0000,-1.0000,-1.0000,41.5000,-41.5000,-8030.0000,2021.0000,2021.0000
2006-07-19,"MA_Crossover(36,44)",7870.0000,8014.5000,-1.0000,-1.0000,-15.5000,15.5000,-8014.5000,2036.5000,2036.5000
2006-07-20,"MA_Crossover(36,44)",7430.0000,7578.5000,-1.0000,-1.0000,-436.0000,436.0000,-7578.5000,2472.5000,2472.5000
2006-07-21,"MA_Crossover(36,44)",7102.0000,7272.5000,-1.0000,-1.0000,-306.0000,306.0000,-7272.5000,2778.5000,2778.5000
2006-07-24,"MA_Crossover(36,44)",7223.0000,7393.5000,-1.0000,-1.0000,121.0000,-121.0000,-7393.5000,2657.5000,2657.5000
2006-07-25,"MA_Crossover(36,44)",7516.0000,7686.5000,-1.0000,-1.0000,293.0000,-293.0000,-7686.5000,2364.5000,2364.5000
2006-07-26,"MA_Crossover(36,44)",7537.0000,7707.5000,-1.0000,-1.0000,21.0000,-21.0000,-7707.5000,2343.5000,2343.5000
2006-07-27,"MA_Crossover(36,44)",7601.0000,7771.5000,-1.0000,-1.0000,64.0000,-64.0000,-7771.5000,2279.5000,2279.5000
2006-07-28,"MA_Crossover(36,44)",7743.0000,7913.5000,-1.0000,-1.0000,142.0000,-142.0000,-7913.5000,2137.5000,2137.5000
2006-07-31,"MA_Crossover(36,44)",8032.0000,8202.5000,-1.0000,-1.0000,289.0000,-289.0000,-8202.5000,1848.5000,1848.5000
2006-08-01,"MA_Crossover(36,44)",7849.0000,8019.5000,-1.0000,-1.0000,-183.0000,183.0000,-8019.5000,2031.5000,2031.5000
2006-08-02,"MA_Crossover(36,44)",7884.0000,8054.5000,-1.0000,-1.0000,35.0000,-35.0000,-8054.5000,1996.5000,1996.5000
2006-08-03,"MA_Crossover(36,44)",7550.0000,7720.5000,1.0000,-1.0000,-334.0000,334.0000,-7720.5000,2330.5000,2330.5000
2006-08-04,"MA_Crossover(36,44)",7915.0000,8085.5000,1.0000,1.0000,365.0000,365.0000,8085.5000,2695.5000,2695.5000
2006-08-07,"MA_Crossover(36,44)",7966.0000,8136.5000,1.0000,1.0000,51.0000,51.0000,8136.5000,2746.5000,2746.5000
2006-08-08,"MA_Crossover(36,44)",7955.0000,8125.5000,1.0000,1.0000,-11.0000,-11.0000,8125.5000,2735.5000,2735.5000
2006-08-09,"MA_Crossover(36,44)",8102.0000,8272.5000,1.0000,1.0000,147.0000,147.0000,8272.5000,2882.5000,2882.5000
2006-08-10,"MA_Crossover(36,44)",7943.0000,8113.5000,1.0000,1.0000,-159.0000,-159.0000,8113.5000,2723.5000,2723.5000
2006-08-11,"MA_Crossover(36,44)",7618.0000,7788.5000,1.0000,1.0000,-325.0000,-325.0000,7788.5000,2398.5000,2398.5000
2006-08-14,"MA_Crossover(36,44)",7686.0000,7856.5000,1.0000,1.0000,68.0000,68.0000,7856.5000,2466.5000,2466.5000
2006-08-15,"MA_Crossover(36,44)",7687.0000,7839.5000,1.0000,1.0000,-17.0000,-17.0000,7839.5000,2449.5000,2449.5000
2006-08-16,"MA_Crossover(36,44)",7741.0000,7892.5000,1.0000,1.0000,53.0000,53.0000,7892.5000,2502.5000,2502.5000
2006-08-17,"MA_Crossover(36,44)",7334.0000,7484.5000,1.0000,1.0000,-408.0000,-408.0000,7484.5000,2094.5000,2094.5000
2006-08-18,"MA_Crossover(36,44)",7527.0000,7689.5000,1.0000,1.0000,205.0000,205.0000,7689.5000,2299.5000,2299.5000
2006-08-21,"MA_Crossover(36,44)",7696.0000,7858.5000,1.0000,1.0000,169.0000,169.0000,7858.5000,2468.5000,2468.5000
2006-08-22,"MA_Crossover(36,44)",7655.0000,7817.5000,1.0000,1.0000,-41.0000,-41.0000,7817.5000,2427.5000,2427.5000
2006-08-23,"MA_Crossover(36,44)",7635.0000,7797.5000,1.0000,1.0000,-20.0000,-20.0000,7797.5000,2407.5000,2407.5000
2006-08-24,"MA_Crossover(36,44)",7456.0000,7618.5000,1.0000,1.0000,-179.0000,-179.0000,7618.5000,2228.5000,2228.5000
2006-08-25,"MA_Crossover(36,44)",7585.0000,7747.5000,1.0000,1.0000,129.0000,129.0000,7747.5000,2357.5000,2357.5000
2006-08-29,"MA_Crossover(36,44)",7422.0000,7584.5000,1.0000,1.0000,-163.0000,-163.0000,7584.5000,2194.5000,2194.5000
2006-08-30,"MA_Crossover(36,44)",7475.0000,7637.5000,1.0000,1.0000,53.0000,53.0000,7637.5000,2247.5000,2247.5000
2006-08-31,"MA_Crossover(36,44)",7728.0000,7890.5000,1.0000,1.0000,253.0000,253.0000,7890.5000,2500.5000,2500.5000
2006-09-01,"MA_Crossover(36,44)",7616.0000,7778.5000,-1.0000,1.0000,-112.0000,-112.0000,7778.5000,2388.5000,2388.5000
2006-09-04,"MA_Crossover(36,44)",7679.0000,7841.5000,-1.0000,-1.0000,63.0000,-63.0000,-7841.5000,2325.5000,2325.5000
2006-09-05,"MA_Crossover(36,44)",7956.0000,8118.5000,-1.0000,-1.0000,277.0000,-277.0000,-8118.5000,2048.5000,2048.5000
2006-09-06,"MA_Crossover(36,44)",8076.0000,8238.5000,-1.0000,-1.0000,120.0000,-120.0000,-8238.5000,1928.5000,1928.5000
2006-09-07,"MA_Crossover(36,44)",8047.0000,8209.5000,-1.0000,-1.0000,-29.0000,29.0000,-8209.5000,1957.5000,1957.5000
2006-09-08,"MA_Crossover(36,44)",7844.0000,8006.5000,-1.0000,-1.0000,-203.0000,203.0000,-8006.5000,2160.5000,2160.5000
2006-09-11,"MA_Crossover(36,44)",7485.0000,7647.5000,-1.0000,-1.0000,-359.0000,359.0000,-7647.5000,2519.5000,2519.5000
2006-09-12,"MA_Crossover(36,44)",7590.0000,7752.5000,-1.0000,-1.0000,105.0000,-105.0000,-7752.5000,2414.5000,2414.5000
2006-09-13,"MA_Crossover(36,44)",7488.5000,7651.0000,1.0000,-1.0000,-101.5000,101.5000,-7651.0000,2516.0000,2516.0000
2006-09-14,"MA_Crossover(36,44)",7441.0000,7603.5000,1.0000,1.0000,-47.5000,-47.5000,7603.5000,2468.5000,2468.5000
2006-09-15,"MA_Crossover(36,44)",7282.0000,7444.5000,1.0000,1.0000,-159.0000,-159.0000,7444.5000,2309.5000,2309.5000
2006-09-18,"MA_Crossover(36,44)",7459.0000,7621.5000,1.0000,1.0000,177.0000,177.0000,7621.5000,2486.5000,2486.5000
2006-09-19,"MA_Crossover(36,44)",7509.0000,7668.5000,1.0000,1.0000,47.0000,47.0000,7668.5000,2533.5000,2533.5000
2006-09-20,"MA_Crossover(36,44)",7466.0000,7623.5000,1.0000,1.0000,-45.0000,-45.0000,7623.5000,2488.5000,2488.5000
2006-09-21,"MA_Crossover(36,44)",7589.0000,7740.5000,1.0000,1.0000,117.0000,117.0000,7740.5000,2605.5000,2605.5000
2006-09-22,"MA_Crossover(36,44)",7583.0000,7744.5000,-1.0000,1.0000,4.0000,4.0000,7744.5000,2609.5000,2609.5000
2006-09-25,"MA_Crossover(36,44)",7545.0000,7706.5000,-1.0000,-1.0000,-38.0000,38.0000,-7706.5000,2647.5000,2647.5000
2006-09-26,"MA_Crossover(36,44)",7690.0000,7851.5000,-1.0000,-1.0000,145.0000,-145.0000,-7851.5000,2502.5000,2502.5000
2006-09-27,"MA_Crossover(36,44)",7647.0000,7808.5000,-1.0000,-1.0000,-43.0000,43.0000,-7808.5000,2545.5000,2545.5000
2006-09-28,"MA_Crossover(36,44)",7498.0000,7659.5000,-1.0000,-1.0000,-149.0000,149.0000,-7659.5000,2694.5000,2694.5000
2006-09-29,"MA_Crossover(36,44)",7569.0000,7730.5000,-1.0000,-1.0000,71.0000,-71.0000,-7730.5000,2623.5000,2623.5000
2006-10-02,"MA_Crossover(36,44)",7532.0000,7693.5000,-1.0000,-1.0000,-37.0000,37.0000,-7693.5000,2660.5000,2660.5000
2006-10-03,"MA_Crossover(36,44)",7355.0000,7516.5000,-1.0000,-1.0000,-177.0000,177.0000,-7516.5000,2837.5000,2837.5000
2006-10-04,"MA_Crossover(36,44)",7059.0000,7220.5000,-1.0000,-1.0000,-296.0000,296.0000,-7220.5000,3133.5000,3133.5000
2006-10-05,"MA_Crossover(36,44)",7333.0000,7494.5000,-1.0000,-1.0000,274.0000,-274.0000,-7494.5000,2859.5000,2859.5000
2006-10-06,"MA_Crossover(36,44)",7494.0000,7655.5000,-1.0000,-1.0000,161.0000,-161.0000,-7655.5000,2698.5000,2698.5000
2006-10-09,"MA_Crossover(36,44)",7490.0000,7651.5000,-1.0000,-1.0000,-4.0000,4.0000,-7651.5000,2702.5000,2702.5000
2006-10-10,"MA_Crossover(36,44)",7473.0000,7634.5000,-1.0000,-1.0000,-17.0000,17.0000,-7634.5000,2719.5000,2719.5000
2006-10-11,"MA_Crossover(36,44)",7570.0000,7731.5000,-1.0000,-1.0000,97.0000,-97.0000,-7731.5000,2622.5000,2622.5000
2006-10-12,"MA_Crossover(36,44)",7527.0000,7688.5000,-1.0000,-1.0000,-43.0000,43.0000,-7688.5000,2665.5000,2665.5000
2006-10-13,"MA_Crossover(36,44)",7506.0000,7667.5000,-1.0000,-1.0000,-21.0000,21.0000,-7667.5000,2686.5000,2686.5000
2006-10-16,"MA_Crossover(36,44)",7814.0000,7975.5000,-1.0000,-1.0000,308.0000,-308.0000,-7975.5000,2378.5000,2378.5000
2006-10-17,"MA_Crossover(36,44)",7668.0000,7834.5000,-1.0000,-1.0000,-141.0000,141.0000,-7834.5000,2519.5000,2519.5000
2006-10-18,"MA_Crossover(36,44)",7675.5000,7843.0000,1.0000,-1.0000,8.5000,-8.5000,-7843.0000,2511.0000,2511.0000
2006-10-19,"MA_Crossover(36,44)",7686.0000,7854.5000,1.0000,1.0000,11.5000,11.5000,7854.5000,2522.5000,2522.5000
2006-10-20,"MA_Crossover(36,44)",7590.0000,7762.5000,-1.0000,1.0000,-92.0000,-92.0000,7762.5000,2430.5000,2430.5000
2006-10-23,"MA_Crossover(36,44)",7571.0000,7743.5000,1.0000,-1.0000,-19.0000,19.0000,-7743.5000,2449.5000,2449.5000
2006-10-24,"MA_Crossover(36,44)",7516.0000,7688.5000,-1.0000,1.0000,-55.0000,-55.0000,7688.5000,2394.5000,2394.5000
2006-10-25,"MA_Crossover(36,44)",7481.0000,7653.5000,-1.0000,-1.0000,-35.0000,35.0000,-7653.5000,2429.5000,2429.5000
2006-10-26,"MA_Crossover(36,44)",7466.0000,7638.5000,-1.0000,-1.0000,-15.0000,15.0000,-7638.5000,2444.5000,2444.5000
2006-10-27,"MA_Crossover(36,44)",7489.0000,7661.5000,-1.0000,-1.0000,23.0000,-23.0000,-7661.5000,2421.5000,2421.5000
2006-10-30,"MA_Crossover(36,44)",7381.0000,7553.5000,-1.0000,-1.0000,-108.0000,108.0000,-7553.5000,2529.5000,2529.5000
2006-10-31,"MA_Crossover(36,44)",7387.5000,7560.0000,-1.0000,-1.0000,6.5000,-6.5000,-7560.0000,2523.0000,2523.0000
2006-11-01,"MA_Crossover(36,44)",7152.0000,7324.5000,-1.0000,-1.0000,-235.5000,235.5000,-7324.5000,2758.5000,2758.5000
2006-11-02,"MA_Crossover(36,44)",7247.5000,7420.0000,-1.0000,-1.0000,95.5000,-95.5000,-7420.0000,2663.0000,2663.0000
2006-11-03,"MA_Crossover(36,44)",7334.5000,7507.0000,-1.0000,-1.0000,87.0000,-87.0000,-7507.0000,2576.0000,2576.0000
2006-11-06,"MA_Crossover(36,44)",7360.0000,7532.5000,-1.0000,-1.0000,25.5000,-25.5000,-7532.5000,2550.5000,2550.5000
2006-11-07,"MA_Crossover(36,44)",7410.5000,7583.0000,-1.0000,-1.0000,50.5000,-50.5000,-7583.0000,2500.0000,2500.0000
2006-11-08,"MA_Crossover(36,44)",7106.0000,7278.5000,-1.0000,-1.0000,-304.5000,304.5000,-7278.5000,2804.5000,2804.5000
2006-11-09,"MA_Crossover(36,44)",7308.0000,7480.5000,1.0000,-1.0000,202.0000,-202.0000,-7480.5000,2602.5000,2602.5000
2006-11-10,"MA_Crossover(36,44)",6900.5000,7073.0000,-1.0000,1.0000,-407.5000,-407.5000,7073.0000,2195.0000,2195.0000
2006-11-13,"MA_Crossover(36,44)",6775.0000,6947.5000,-1.0000,-1.0000,-125.5000,125.5000,-6947.5000,2320.5000,2320.5000
2006-11-14,"MA_Crossover(36,44)",6834.0000,6865.5000,-1.0000,-1.0000,-82.0000,82.0000,-6865.5000,2402.5000,2402.5000
2006-11-15,"MA_Crossover(36,44)",6896.0000,6927.5000,-1.0000,-1.0000,62.0000,-62.0000,-6927.5000,2340.5000,2340.5000
2006-11-16,"MA_Crossover(36,44)",6795.0000,6826.5000,-1.0000,-1.0000,-101.0000,101.0000,-6826.5000,2441.5000,2441.5000
2006-11-17,"MA_Crossover(36,44)",6781.0000,6797.5000,-1.0000,-1.0000,-29.0000,29.0000,-6797.5000,2470.5000,2470.5000
2006-11-20,"MA_Crossover(36,44)",6826.0000,6842.5000,-1.0000,-1.0000,45.0000,-45.0000,-6842.5000,2425.5000,2425.5000
2006-11-21,"MA_Crossover(36,44)",6972.0000,6988.5000,-1.0000,-1.0000,146.0000,-146.0000,-6988.5000,2279.5000,2279.5000
2006-11-22,"MA_Crossover(36,44)",6886.0000,6902.5000,-1.0000,-1.0000,-86.0000,86.0000,-6902.5000,2365.5000,2365.5000
2006-11-23,"MA_Crossover(36,44)",6964.0000,6980.5000,-1.0000,-1.0000,78.0000,-78.0000,-6980.5000,2287.5000,2287.5000
2006-11-24,"MA_Crossover(36,44)",7136.0000,7152.5000,-1.0000,-1.0000,172.0000,-172.0000,-7152.5000,2115.5000,2115.5000
2006-11-27,"MA_Crossover(36,44)",7070.0000,7086.5000,-1.0000,-1.0000,-66.0000,66.0000,-7086.5000,2181.5000,2181.5000
2006-11-28,"MA_Crossover(36,44)",6950.0000,6966.5000,-1.0000,-1.0000,-120.0000,120.0000,-6966.5000,2301.5000,2301.5000
2006-11-29,"MA_Crossover(36,44)",6980.0000,6996.5000,-1.0000,-1.0000,30.0000,-30.0000,-6996.5000,2271.5000,2271.5000
2006-11-30,"MA_Crossover(36,44)",7055.0000,7071.5000,-1.0000,-1.0000,75.0000,-75.0000,-7071.5000,2196.5000,2196.5000
2006-12-01,"MA_Crossover(36,44)",6978.0000,6994.5000,-1.0000,-1.0000,-77.0000,77.0000,-6994.5000,2273.5000,2273.5000
2006-12-04,"MA_Crossover(36,44)",6975.0000,6991.5000,-1.0000,-1.0000,-3.0000,3.0000,-6991.5000,2276.5000,2276.5000
2006-12-05,"MA_Crossover(36,44)",7150.0000,7166.5000,-1.0000,-1.0000,175.0000,-175.0000,-7166.5000,2101.5000,2101.5000
2006-12-06,"MA_Crossover(36,44)",6959.0000,6975.5000,-1.0000,-1.0000,-191.0000,191.0000,-6975.5000,2292.5000,2292.5000
2006-12-07,"MA_Crossover(36,44)",6863.0000,6879.5000,-1.0000,-1.0000,-96.0000,96.0000,-6879.5000,2388.5000,2388.5000
2006-12-08,"MA_Crossover(36,44)",6857.5000,6874.0000,-1.0000,-1.0000,-5.5000,5.5000,-6874.0000,2394.0000,2394.0000
2006-12-11,"MA_Crossover(36,44)",6903.0000,6919.5000,-1.0000,-1.0000,45.5000,-45.5000,-6919.5000,2348.5000,2348.5000
2006-12-12,"MA_Crossover(36,44)",6828.0000,6844.5000,-1.0000,-1.0000,-75.0000,75.0000,-6844.5000,2423.5000,2423.5000
2006-12-13,"MA_Crossover(36,44)",6692.0000,6708.5000,-1.0000,-1.0000,-136.0000,136.0000,-6708.5000,2559.5000,2559.5000
2006-12-14,"MA_Crossover(36,44)",6755.0000,6771.5000,-1.0000,-1.0000,63.0000,-63.0000,-6771.5000,2496.5000,2496.5000
2006-12-15,"MA_Crossover(36,44)",6626.0000,6642.5000,-1.0000,-1.0000,-129.0000,129.0000,-6642.5000,2625.5000,2625.5000
2006-12-18,"MA_Crossover(36,44)",6644.0000,6660.5000,-1.0000,-1.0000,18.0000,-18.0000,-6660.5000,2607.5000,2607.5000
2006-12-19,"MA_Crossover(36,44)",6626.0000,6638.5000,-1.0000,-1.0000,-22.0000,22.0000,-6638.5000,2629.5000,2629.5000
2006-12-20,"MA_Crossover(36,44)",6511.0000,6522.5000,-1.0000,-1.0000,-116.0000,116.0000,-6522.5000,2745.5000,2745.5000
2006-12-21,"MA_Crossover(36,44)",6313.0000,6323.5000,-1.0000,-1.0000,-199.0000,199.0000,-6323.5000,2944.5000,2944.5000
2006-12-22,"MA_Crossover(36,44)",6313.0000,6313.5000,-1.0000,-1.0000,-10.0000,10.0000,-6313.5000,2954.5000,2954.5000
2006-12-27,"MA_Crossover(36,44)",6369.0000,6369.5000,-1.0000,-1.0000,56.0000,-56.0000,-6369.5000,2898.5000,2898.5000
2006-12-28,"MA_Crossover(36,44)",6369.0000,6369.5000,-1.0000,-1.0000,0.0000,-0.0000,-6369.5000,2898.5000,2898.5000
2006-12-29,"MA_Crossover(36,44)",6318.0000,6318.5000,-1.0000,-1.0000,-51.0000,51.0000,-6318.5000,2949.5000,2949.5000
2007-01-02,"MA_Crossover(36,44)",6089.0000,6089.5000,-1.0000,-1.0000,-229.0000,229.0000,-6089.5000,3178.5000,3178.5000
2007-01-03,"MA_Crossover(36,44)",5833.0000,5833.5000,-1.0000,-1.0000,-256.0000,256.0000,-5833.5000,3434.5000,3434.5000
2007-01-04,"MA_Crossover(36,44)",5704.0000,5704.5000,-1.0000,-1.0000,-129.0000,129.0000,-5704.5000,3563.5000,3563.5000
2007-01-05,"MA_Crossover(36,44)",5600.0000,5600.5000,-1.0000,-1.0000,-104.0000,104.0000,-5600.5000,3667.5000,3667.5000
2007-01-08,"MA_Crossover(36,44)",5598.0000,5598.5000,-1.0000,-1.0000,-2.0000,2.0000,-5598.5000,3669.5000,3669.5000
2007-01-09,"MA_Crossover(36,44)",5611.0000,5611.5000,-1.0000,-1.0000,13.0000,-13.0000,-5611.5000,3656.5000,3656.5000
2007-01-10,"MA_Crossover(36,44)",5867.5000,5868.0000,-1.0000,-1.0000,256.5000,-256.5000,-5868.0000,3400.0000,3400.0000
2007-01-11,"MA_Crossover(36,44)",5891.0000,5891.5000,-1.0000,-1.0000,23.5000,-23.5000,-5891.5000,3376.5000,3376.5000
2007-01-12,"MA_Crossover(36,44)",5740.0000,5740.5000,-1.0000,-1.0000,-151.0000,151.0000,-5740.5000,3527.5000,3527.5000
2007-01-15,"MA_Crossover(36,44)",5542.0000,5542.5000,-1.0000,-1.0000,-198.0000,198.0000,-5542.5000,3725.5000,3725.5000
2007-01-16,"MA_Crossover(36,44)",5703.0000,5629.0000,-1.0000,-1.0000,86.5000,-86.5000,-5629.0000,3639.0000,3639.0000
2007-01-17,"MA_Crossover(36,44)",5635.0000,5563.5000,-1.0000,-1.0000,-65.5000,65.5000,-5563.5000,3704.5000,3704.5000
2007-01-18,"MA_Crossover(36,44)",5524.0000,5452.5000,-1.0000,-1.0000,-111.0000,111.0000,-5452.5000,3815.5000,3815.5000
2007-01-19,"MA_Crossover(36,44)",5588.0000,5504.5000,-1.0000,-1.0000,52.0000,-52.0000,-5504.5000,3763.5000,3763.5000
2007-01-22,"MA_Crossover(36,44)",5597.0000,5513.5000,-1.0000,-1.0000,9.0000,-9.0000,-5513.5000,3754.5000,3754.5000
2007-01-23,"MA_Crossover(36,44)",5640.0000,5556.5000,-1.0000,-1.0000,43.0000,-43.0000,-5556.5000,3711.5000,3711.5000
2007-01-24,"MA_Crossover(36,44)",5697.5000,5614.0000,-1.0000,-1.0000,57.5000,-57.5000,-5614.0000,3654.0000,3654.0000
2007-01-25,"MA_Crossover(36,44)",5843.0000,5759.5000,-1.0000,-1.0000,145.5000,-145.5000,-5759.5000,3508.5000,3508.5000
2007-01-26,"MA_Crossover(36,44)",5791.0000,5707.5000,-1.0000,-1.0000,-52.0000,52.0000,-5707.5000,3560.5000,3560.5000
2007-01-29,"MA_Crossover(36,44)",5559.5000,5476.0000,-1.0000,-1.0000,-231.5000,231.5000,-5476.0000,3792.0000,3792.0000
2007-01-30,"MA_Crossover(36,44)",5614.5000,5531.0000,-1.0000,-1.0000,55.0000,-55.0000,-5531.0000,3737.0000,3737.0000
2007-01-31,"MA_Crossover(36,44)",5711.0000,5627.5000,-1.0000,-1.0000,96.5000,-96.5000,-5627.5000,3640.5000,3640.5000
2007-02-01,"MA_Crossover(36,44)",5575.0000,5491.5000,-1.0000,-1.0000,-136.0000,136.0000,-5491.5000,3776.5000,3776.5000
2007-02-02,"MA_Crossover(36,44)",5318.0000,5234.5000,-1.0000,-1.0000,-257.0000,257.0000,-5234.5000,4033.5000,4033.5000
2007-02-05,"MA_Crossover(36,44)",5313.5000,5230.0000,-1.0000,-1.0000,-4.5000,4.5000,-5230.0000,4038.0000,4038.0000
2007-02-06,"MA_Crossover(36,44)",5445.5000,5362.0000,-1.0000,-1.0000,132.0000,-132.0000,-5362.0000,3906.0000,3906.0000
2007-02-07,"MA_Crossover(36,44)",5402.0000,5318.5000,-1.0000,-1.0000,-43.5000,43.5000,-5318.5000,3949.5000,3949.5000
2007-02-08,"MA_Crossover(36,44)",5383.0000,5299.5000,-1.0000,-1.0000,-19.0000,19.0000,-5299.5000,3968.5000,3968.5000
2007-02-09,"MA_Crossover(36,44)",5548.0000,5464.5000,-1.0000,-1.0000,165.0000,-165.0000,-5464.5000,3803.5000,3803.5000
2007-02-12,"MA_Crossover(36,44)",5438.0000,5354.5000,-1.0000,-1.0000,-110.0000,110.0000,-5354.5000,3913.5000,3913.5000
2007-02-13,"MA_Crossover(36,44)",5721.0000,5637.5000,-1.0000,-1.0000,283.0000,-283.0000,-5637.5000,3630.5000,3630.5000
2007-02-14,"MA_Crossover(36,44)",5698.0000,5614.5000,-1.0000,-1.0000,-23.0000,23.0000,-5614.5000,3653.5000,3653.5000
2007-02-15,"MA_Crossover(36,44)",5827.0000,5743.5000,-1.0000,-1.0000,129.0000,-129.0000,-5743.5000,3524.5000,3524.5000
2007-02-16,"MA_Crossover(36,44)",5783.0000,5699.5000,-1.0000,-1.0000,-44.0000,44.0000,-5699.5000,3568.5000,3568.5000
2007-02-19,"MA_Crossover(36,44)",5792.0000,5708.5000,-1.0000,-1.0000,9.0000,-9.0000,-5708.5000,3559.5000,3559.5000
2007-02-20,"MA_Crossover(36,44)",5696.0000,5627.5000,-1.0000,-1.0000,-81.0000,81.0000,-5627.5000,3640.5000,3640.5000
2007-02-21,"MA_Crossover(36,44)",5765.0000,5696.5000,-1.0000,-1.0000,69.0000,-69.0000,-5696.5000,3571.5000,3571.5000
2007-02-22,"MA_Crossover(36,44)",6117.0000,6046.5000,-1.0000,-1.0000,350.0000,-350.0000,-6046.5000,3221.5000,3221.5000
2007-02-23,"MA_Crossover(36,44)",6294.0000,6213.5000,-1.0000,-1.0000,167.0000,-167.0000,-6213.5000,3054.5000,3054.5000
2007-02-26,"MA_Crossover(36,44)",6270.5000,6190.0000,-1.0000,-1.0000,-23.5000,23.5000,-6190.0000,3078.0000,3078.0000
2007-02-27,"MA_Crossover(36,44)",6211.0000,6130.5000,-1.0000,-1.0000,-59.5000,59.5000,-6130.5000,3137.5000,3137.5000
2007-02-28,"MA_Crossover(36,44)",5992.0000,5911.5000,-1.0000,-1.0000,-219.0000,219.0000,-5911.5000,3356.5000,3356.5000
2007-03-01,"MA_Crossover(36,44)",6100.0000,6019.5000,-1.0000,-1.0000,108.0000,-108.0000,-6019.5000,3248.5000,3248.5000
2007-03-02,"MA_Crossover(36,44)",6013.0000,5932.5000,-1.0000,-1.0000,-87.0000,87.0000,-5932.5000,3335.5000,3335.5000
2007-03-05,"MA_Crossover(36,44)",5880.5000,5800.0000,-1.0000,-1.0000,-132.5000,132.5000,-5800.0000,3468.0000,3468.0000
2007-03-06,"MA_Crossover(36,44)",5972.0000,5891.5000,1.0000,-1.0000,91.5000,-91.5000,-5891.5000,3376.5000,3376.5000
2007-03-07,"MA_Crossover(36,44)",6137.0000,6056.5000,1.0000,1.0000,165.0000,165.0000,6056.5000,3541.5000,3541.5000
2007-03-08,"MA_Crossover(36,44)",6276.5000,6196.0000,1.0000,1.0000,139.5000,139.5000,6196.0000,3681.0000,3681.0000
2007-03-09,"MA_Crossover(36,44)",6126.0000,6045.5000,1.0000,1.0000,-150.5000,-150.5000,6045.5000,3530.5000,3530.5000
2007-03-12,"MA_Crossover(36,44)",6276.0000,6195.5000,1.0000,1.0000,150.0000,150.0000,6195.5000,3680.5000,3680.5000
2007-03-13,"MA_Crossover(36,44)",6245.0000,6164.5000,1.0000,1.0000,-31.0000,-31.0000,6164.5000,3649.5000,3649.5000
2007-03-14,"MA_Crossover(36,44)",6279.0000,6198.5000,1.0000,1.0000,34.0000,34.0000,6198.5000,3683.5000,3683.5000
2007-03-15,"MA_Crossover(36,44)",6608.0000,6527.5000,1.0000,1.0000,329.0000,329.0000,6527.5000,4012.5000,4012.5000
2007-03-16,"MA_Crossover(36,44)",6671.0000,6590.5000,1.0000,1.0000,63.0000,63.0000,6590.5000,4075.5000,4075.5000
2007-03-19,"MA_Crossover(36,44)",6564.0000,6483.5000,1.0000,1.0000,-107.0000,-107.0000,6483.5000,3968.5000,3968.5000
2007-03-20,"MA_Crossover(36,44)",6696.0000,6482.5000,1.0000,1.0000,-1.0000,-1.0000,6482.5000,3967.5000,3967.5000
2007-03-21,"MA_Crossover(36,44)",6655.0000,6444.5000,1.0000,1.0000,-38.0000,-38.0000,6444.5000,3929.5000,3929.5000
2007-03-22,"MA_Crossover(36,44)",6771.0000,6559.5000,1.0000,1.0000,115.0000,115.0000,6559.5000,4044.5000,4044.5000
2007-03-23,"MA_Crossover(36,44)",6765.0000,6577.5000,1.0000,1.0000,18.0000,18.0000,6577.5000,4062.5000,4062.5000
2007-03-26,"MA_Crossover(36,44)",6893.5000,6706.0000,1.0000,1.0000,128.5000,128.5000,6706.0000,4191.0000,4191.0000
2007-03-27,"MA_Crossover(36,44)",6713.0000,6525.5000,1.0000,1.0000,-180.5000,-180.5000,6525.5000,4010.5000,4010.5000
2007-03-28,"MA_Crossover(36,44)",6680.0000,6492.5000,1.0000,1.0000,-33.0000,-33.0000,6492.5000,3977.5000,3977.5000
2007-03-29,"MA_Crossover(36,44)",6781.0000,6593.5000,1.0000,1.0000,101.0000,101.0000,6593.5000,4078.5000,4078.5000
2007-03-30,"MA_Crossover(36,44)",6896.0000,6708.5000,1.0000,1.0000,115.0000,115.0000,6708.5000,4193.5000,4193.5000
2007-04-02,"MA_Crossover(36,44)",7022.0000,6834.5000,1.0000,1.0000,126.0000,126.0000,6834.5000,4319.5000,4319.5000
2007-04-03,"MA_Crossover(36,44)",7296.0000,7108.5000,1.0000,1.0000,274.0000,274.0000,7108.5000,4593.5000,4593.5000
2007-04-04,"MA_Crossover(36,44)",7475.0000,7287.5000,1.0000,1.0000,179.0000,179.0000,7287.5000,4772.5000,4772.5000
2007-04-05,"MA_Crossover(36,44)",7387.0000,7199.5000,1.0000,1.0000,-88.0000,-88.0000,7199.5000,4684.5000,4684.5000
2007-04-10,"MA_Crossover(36,44)",7760.0000,7572.5000,1.0000,1.0000,373.0000,373.0000,7572.5000,5057.5000,5057.5000
2007-04-11,"MA_Crossover(36,44)",7880.0000,7692.5000,1.0000,1.0000,120.0000,120.0000,7692.5000,5177.5000,5177.5000
2007-04-12,"MA_Crossover(36,44)",7730.0000,7542.5000,1.0000,1.0000,-150.0000,-150.0000,7542.5000,5027.5000,5027.5000
2007-04-13,"MA_Crossover(36,44)",7753.0000,7565.5000,1.0000,1.0000,23.0000,23.0000,7565.5000,5050.5000,5050.5000
2007-04-16,"MA_Crossover(36,44)",7660.0000,7472.5000,1.0000,1.0000,-93.0000,-93.0000,7472.5000,4957.5000,4957.5000
2007-04-17,"MA_Crossover(36,44)",8090.0000,7776.0000,1.0000,1.0000,303.5000,303.5000,7776.0000,5261.0000,5261.0000
2007-04-18,"MA_Crossover(36,44)",8022.0000,7711.0000,1.0000,1.0000,-65.0000,-65.0000,7711.0000,5196.0000,5196.0000
2007-04-19,"MA_Crossover(36,44)",7856.0000,7548.0000,1.0000,1.0000,-163.0000,-163.0000,7548.0000,5033.0000,5033.0000
2007-04-20,"MA_Crossover(36,44)",7987.0000,7692.0000,1.0000,1.0000,144.0000,144.0000,7692.0000,5177.0000,5177.0000
2007-04-23,"MA_Crossover(36,44)",8043.0000,7748.0000,1.0000,1.0000,56.0000,56.0000,7748.0000,5233.0000,5233.0000
2007-04-24,"MA_Crossover(36,44)",7849.0000,7554.0000,1.0000,1.0000,-194.0000,-194.0000,7554.0000,5039.0000,5039.0000
2007-04-25,"MA_Crossover(36,44)",7883.0000,7588.0000,1.0000,1.0000,34.0000,34.0000,7588.0000,5073.0000,5073.0000
2007-04-26,"MA_Crossover(36,44)",7687.0000,7392.0000,1.0000,1.0000,-196.0000,-196.0000,7392.0000,4877.0000,4877.0000
2007-04-27,"MA_Crossover(36,44)",7786.0000,7491.0000,1.0000,1.0000,99.0000,99.0000,7491.0000,4976.0000,4976.0000
2007-04-30,"MA_Crossover(36,44)",7806.0000,7511.0000,1.0000,1.0000,20.0000,20.0000,7511.0000,4996.0000,4996.0000
2007-05-01,"MA_Crossover(36,44)",8048.0000,7753.0000,1.0000,1.0000,242.0000,242.0000,7753.0000,5238.0000,5238.0000
2007-05-02,"MA_Crossover(36,44)",8010.0000,7715.0000,1.0000,1.0000,-38.0000,-38.0000,7715.0000,5200.0000,5200.0000
2007-05-03,"MA_Crossover(36,44)",8233.0000,7938.0000,1.0000,1.0000,223.0000,223.0000,7938.0000,5423.0000,5423.0000
2007-05-04,"MA_Crossover(36,44)",8370.0000,8075.0000,1.0000,1.0000,137.0000,137.0000,8075.0000,5560.0000,5560.0000
2007-05-08,"MA_Crossover(36,44)",8210.0000,7915.0000,1.0000,1.0000,-160.0000,-160.0000,7915.0000,5400.0000,5400.0000
2007-05-09,"MA_Crossover(36,44)",8102.0000,7807.0000,1.0000,1.0000,-108.0000,-108.0000,7807.0000,5292.0000,5292.0000
2007-05-10,"MA_Crossover(36,44)",7943.0000,7648.0000,1.0000,1.0000,-159.0000,-159.0000,7648.0000,5133.0000,5133.0000
2007-05-11,"MA_Crossover(36,44)",7953.0000,7658.0000,1.0000,1.0000,10.0000,10.0000,7658.0000,5143.0000,5143.0000
2007-05-14,"MA_Crossover(36,44)",7621.0000,7326.0000,1.0000,1.0000,-332.0000,-332.0000,7326.0000,4811.0000,4811.0000
2007-05-15,"MA_Crossover(36,44)",7799.0000,7421.0000,1.0000,1.0000,95.0000,95.0000,7421.0000,4906.0000,4906.0000
2007-05-16,"MA_Crossover(36,44)",7646.0000,7269.0000,1.0000,1.0000,-152.0000,-152.0000,7269.0000,4754.0000,4754.0000
2007-05-17,"MA_Crossover(36,44)",7290.0000,6912.0000,1.0000,1.0000,-357.0000,-357.0000,6912.0000,4397.0000,4397.0000
2007-05-18,"MA_Crossover(36,44)",7315.0000,6954.0000,1.0000,1.0000,42.0000,42.0000,6954.0000,4439.0000,4439.0000
2007-05-21,"MA_Crossover(36,44)",7456.0000,7095.0000,1.0000,1.0000,141.0000,141.0000,7095.0000,4580.0000,4580.0000
2007-05-22,"MA_Crossover(36,44)",7309.0000,6948.0000,1.0000,1.0000,-147.0000,-147.0000,6948.0000,4433.0000,4433.0000
2007-05-23,"MA_Crossover(36,44)",7245.0000,6884.0000,1.0000,1.0000,-64.0000,-64.0000,6884.0000,4369.0000,4369.0000
2007-05-24,"MA_Crossover(36,44)",7044.0000,6683.0000,1.0000,1.0000,-201.0000,-201.0000,6683.0000,4168.0000,4168.0000
2007-05-25,"MA_Crossover(36,44)",7255.0000,6894.0000,1.0000,1.0000,211.0000,211.0000,6894.0000,4379.0000,4379.0000
2007-05-29,"MA_Crossover(36,44)",7330.0000,6969.0000,1.0000,1.0000,75.0000,75.0000,6969.0000,4454.0000,4454.0000
2007-05-30,"MA_Crossover(36,44)",7270.0000,6909.0000,1.0000,1.0000,-60.0000,-60.0000,6909.0000,4394.0000,4394.0000
2007-05-31,"MA_Crossover(36,44)",7452.0000,7091.0000,1.0000,1.0000,182.0000,182.0000,7091.0000,4576.0000,4576.0000
2007-06-01,"MA_Crossover(36,44)",7527.0000,7166.0000,1.0000,1.0000,75.0000,75.0000,7166.0000,4651.0000,4651.0000
2007-06-04,"MA_Crossover(36,44)",7714.0000,7353.0000,1.0000,1.0000,187.0000,187.0000,7353.0000,4838.0000,4838.0000
2007-06-05,"MA_Crossover(36,44)",7623.0000,7262.0000,1.0000,1.0000,-91.0000,-91.0000,7262.0000,4747.0000,4747.0000
2007-06-06,"MA_Crossover(36,44)",7495.0000,7134.0000,1.0000,1.0000,-128.0000,-128.0000,7134.0000,4619.0000,4619.0000
2007-06-07,"MA_Crossover(36,44)",7504.0000,7143.0000,1.0000,1.0000,9.0000,9.0000,7143.0000,4628.0000,4628.0000
2007-06-08,"MA_Crossover(36,44)",7220.0000,6859.0000,-1.0000,1.0000,-284.0000,-284.0000,6859.0000,4344.0000,4344.0000
2007-06-11,"MA_Crossover(36,44)",7448.0000,7087.0000,-1.0000,-1.0000,228.0000,-228.0000,-7087.0000,4116.0000,4116.0000
2007-06-12,"MA_Crossover(36,44)",7259.0000,6898.0000,-1.0000,-1.0000,-189.0000,189.0000,-6898.0000,4305.0000,4305.0000
2007-06-13,"MA_Crossover(36,44)",7382.0000,7021.0000,-1.0000,-1.0000,123.0000,-123.0000,-7021.0000,4182.0000,4182.0000
2007-06-14,"MA_Crossover(36,44)",7541.0000,7180.0000,-1.0000,-1.0000,159.0000,-159.0000,-7180.0000,4023.0000,4023.0000
2007-06-15,"MA_Crossover(36,44)",7582.0000,7221.0000,-1.0000,-1.0000,41.0000,-41.0000,-7221.0000,3982.0000,3982.0000
2007-06-18,"MA_Crossover(36,44)",7618.0000,7257.0000,-1.0000,-1.0000,36.0000,-36.0000,-7257.0000,3946.0000,3946.0000
2007-06-19,"MA_Crossover(36,44)",7472.0000,7115.0000,-1.0000,-1.0000,-142.0000,142.0000,-7115.0000,4088.0000,4088.0000
2007-06-20,"MA_Crossover(36,44)",7568.0000,7211.0000,-1.0000,-1.0000,96.0000,-96.0000,-7211.0000,3992.0000,3992.0000
2007-06-21,"MA_Crossover(36,44)",7486.0000,7130.0000,-1.0000,-1.0000,-81.0000,81.0000,-7130.0000,4073.0000,4073.0000
2007-06-22,"MA_Crossover(36,44)",7483.0000,7147.0000,-1.0000,-1.0000,17.0000,-17.0000,-7147.0000,4056.0000,4056.0000
2007-06-25,"MA_Crossover(36,44)",7529.0000,7193.0000,-1.0000,-1.0000,46.0000,-46.0000,-7193.0000,4010.0000,4010.0000
2007-06-26,"MA_Crossover(36,44)",7420.0000,7084.0000,-1.0000,-1.0000,-109.0000,109.0000,-7084.0000,4119.0000,4119.0000
2007-06-27,"MA_Crossover(36,44)",7444.0000,7108.0000,-1.0000,-1.0000,24.0000,-24.0000,-7108.0000,4095.0000,4095.0000
2007-06-28,"MA_Crossover(36,44)",7621.0000,7285.0000,-1.0000,-1.0000,177.0000,-177.0000,-7285.0000,3918.0000,3918.0000
2007-06-29,"MA_Crossover(36,44)",7647.0000,7311.0000,-1.0000,-1.0000,26.0000,-26.0000,-7311.0000,3892.0000,3892.0000
2007-07-02,"MA_Crossover(36,44)",7813.0000,7477.0000,-1.0000,-1.0000,166.0000,-166.0000,-7477.0000,3726.0000,3726.0000
2007-07-03,"MA_Crossover(36,44)",7805.0000,7469.0000,-1.0000,-1.0000,-8.0000,8.0000,-7469.0000,3734.0000,3734.0000
2007-07-04,"MA_Crossover(36,44)",7919.0000,7583.0000,-1.0000,-1.0000,114.0000,-114.0000,-7583.0000,3620.0000,3620.0000
2007-07-05,"MA_Crossover(36,44)",7951.0000,7615.0000,-1.0000,-1.0000,32.0000,-32.0000,-7615.0000,3588.0000,3588.0000
2007-07-06,"MA_Crossover(36,44)",7948.0000,7612.0000,-1.0000,-1.0000,-3.0000,3.0000,-7612.0000,3591.0000,3591.0000
2007-07-09,"MA_Crossover(36,44)",8083.0000,7747.0000,-1.0000,-1.0000,135.0000,-135.0000,-7747.0000,3456.0000,3456.0000
2007-07-10,"MA_Crossover(36,44)",8002.5000,7666.5000,-1.0000,-1.0000,-80.5000,80.5000,-7666.5000,3536.5000,3536.5000
2007-07-11,"MA_Crossover(36,44)",8048.0000,7712.0000,-1.0000,-1.0000,45.5000,-45.5000,-7712.0000,3491.0000,3491.0000
2007-07-12,"MA_Crossover(36,44)",7935.0000,7599.0000,1.0000,-1.0000,-113.0000,113.0000,-7599.0000,3604.0000,3604.0000
2007-07-13,"MA_Crossover(36,44)",7983.0000,7647.0000,1.0000,1.0000,48.0000,48.0000,7647.0000,3652.0000,3652.0000
2007-07-16,"MA_Crossover(36,44)",7911.0000,7575.0000,1.0000,1.0000,-72.0000,-72.0000,7575.0000,3580.0000,3580.0000
2007-07-17,"MA_Crossover(36,44)",7840.0000,7511.0000,1.0000,1.0000,-64.0000,-64.0000,7511.0000,3516.0000,3516.0000
2007-07-18,"MA_Crossover(36,44)",7901.0000,7572.0000,1.0000,1.0000,61.0000,61.0000,7572.0000,3577.0000,3577.0000
2007-07-19,"MA_Crossover(36,44)",8043.0000,7716.0000,1.0000,1.0000,144.0000,144.0000,7716.0000,3721.0000,3721.0000
2007-07-20,"MA_Crossover(36,44)",8191.0000,7900.0000,1.0000,1.0000,184.0000,184.0000,7900.0000,3905.0000,3905.0000
2007-07-23,"MA_Crossover(36,44)",8105.0000,7814.0000,1.0000,1.0000,-86.0000,-86.0000,7814.0000,3819.0000,3819.0000
2007-07-24,"MA_Crossover(36,44)",8044.5000,7753.5000,1.0000,1.0000,-60.5000,-60.5000,7753.5000,3758.5000,3758.5000
2007-07-25,"MA_Crossover(36,44)",7864.0000,7573.0000,1.0000,1.0000,-180.5000,-180.5000,7573.0000,3578.0000,3578.0000
2007-07-26,"MA_Crossover(36,44)",7859.0000,7568.0000,1.0000,1.0000,-5.0000,-5.0000,7568.0000,3573.0000,3573.0000
2007-07-27,"MA_Crossover(36,44)",7849.0000,7558.0000,1.0000,1.0000,-10.0000,-10.0000,7558.0000,3563.0000,3563.0000
2007-07-30,"MA_Crossover(36,44)",7943.0000,7652.0000,1.0000,1.0000,94.0000,94.0000,7652.0000,3657.0000,3657.0000
2007-07-31,"MA_Crossover(36,44)",8137.0000,7846.0000,1.0000,1.0000,194.0000,194.0000,7846.0000,3851.0000,3851.0000
2007-08-01,"MA_Crossover(36,44)",7978.0000,7687.0000,1.0000,1.0000,-159.0000,-159.0000,7687.0000,3692.0000,3692.0000
2007-08-02,"MA_Crossover(36,44)",7988.0000,7697.0000,1.0000,1.0000,10.0000,10.0000,7697.0000,3702.0000,3702.0000
2007-08-03,"MA_Crossover(36,44)",7791.0000,7500.0000,1.0000,1.0000,-197.0000,-197.0000,7500.0000,3505.0000,3505.0000
2007-08-06,"MA_Crossover(36,44)",7815.0000,7524.0000,1.0000,1.0000,24.0000,24.0000,7524.0000,3529.0000,3529.0000
2007-08-07,"MA_Crossover(36,44)",7872.5000,7581.5000,1.0000,1.0000,57.5000,57.5000,7581.5000,3586.5000,3586.5000
2007-08-08,"MA_Crossover(36,44)",7705.0000,7414.0000,1.0000,1.0000,-167.5000,-167.5000,7414.0000,3419.0000,3419.0000
2007-08-09,"MA_Crossover(36,44)",7603.5000,7312.5000,1.0000,1.0000,-101.5000,-101.5000,7312.5000,3317.5000,3317.5000
2007-08-10,"MA_Crossover(36,44)",7592.0000,7301.0000,1.0000,1.0000,-11.5000,-11.5000,7301.0000,3306.0000,3306.0000
2007-08-13,"MA_Crossover(36,44)",7711.0000,7420.0000,1.0000,1.0000,119.0000,119.0000,7420.0000,3425.0000,3425.0000
2007-08-14,"MA_Crossover(36,44)",7487.0000,7231.0000,1.0000,1.0000,-189.0000,-189.0000,7231.0000,3236.0000,3236.0000
2007-08-15,"MA_Crossover(36,44)",7379.0000,7127.0000,1.0000,1.0000,-104.0000,-104.0000,7127.0000,3132.0000,3132.0000
2007-08-16,"MA_Crossover(36,44)",6800.0000,6555.0000,1.0000,1.0000,-572.0000,-572.0000,6555.0000,2560.0000,2560.0000
2007-08-17,"MA_Crossover(36,44)",7068.0000,6853.0000,1.0000,1.0000,298.0000,298.0000,6853.0000,2858.0000,2858.0000
2007-08-20,"MA_Crossover(36,44)",7072.0000,6857.0000,1.0000,1.0000,4.0000,4.0000,6857.0000,2862.0000,2862.0000
2007-08-21,"MA_Crossover(36,44)",7022.0000,6807.0000,1.0000,1.0000,-50.0000,-50.0000,6807.0000,2812.0000,2812.0000
2007-08-22,"MA_Crossover(36,44)",7201.5000,6986.5000,1.0000,1.0000,179.5000,179.5000,6986.5000,2991.5000,2991.5000
2007-08-23,"MA_Crossover(36,44)",7310.0000,7095.0000,1.0000,1.0000,108.5000,108.5000,7095.0000,3100.0000,3100.0000
2007-08-24,"MA_Crossover(36,44)",7379.0000,7164.0000,1.0000,1.0000,69.0000,69.0000,7164.0000,3169.0000,3169.0000
2007-08-28,"MA_Crossover(36,44)",7338.0000,7123.0000,-1.0000,1.0000,-41.0000,-41.0000,7123.0000,3128.0000,3128.0000
2007-08-29,"MA_Crossover(36,44)",7430.0000,7215.0000,-1.0000,-1.0000,92.0000,-92.0000,-7215.0000,3036.0000,3036.0000
2007-08-30,"MA_Crossover(36,44)",7464.0000,7249.0000,-1.0000,-1.0000,34.0000,-34.0000,-7249.0000,3002.0000,3002.0000
2007-08-31,"MA_Crossover(36,44)",7524.0000,7309.0000,-1.0000,-1.0000,60.0000,-60.0000,-7309.0000,2942.0000,2942.0000
2007-09-03,"MA_Crossover(36,44)",7449.0000,7234.0000,-1.0000,-1.0000,-75.0000,75.0000,-7234.0000,3017.0000,3017.0000
2007-09-04,"MA_Crossover(36,44)",7363.0000,7148.0000,-1.0000,-1.0000,-86.0000,86.0000,-7148.0000,3103.0000,3103.0000
2007-09-05,"MA_Crossover(36,44)",7215.0000,7000.0000,-1.0000,-1.0000,-148.0000,148.0000,-7000.0000,3251.0000,3251.0000
2007-09-06,"MA_Crossover(36,44)",7361.0000,7146.0000,-1.0000,-1.0000,146.0000,-146.0000,-7146.0000,3105.0000,3105.0000
2007-09-07,"MA_Crossover(36,44)",7235.0000,7020.0000,-1.0000,-1.0000,-126.0000,126.0000,-7020.0000,3231.0000,3231.0000
2007-09-10,"MA_Crossover(36,44)",7220.0000,7005.0000,-1.0000,-1.0000,-15.0000,15.0000,-7005.0000,3246.0000,3246.0000
2007-09-11,"MA_Crossover(36,44)",7538.0000,7323.0000,-1.0000,-1.0000,318.0000,-318.0000,-7323.0000,2928.0000,2928.0000
2007-09-12,"MA_Crossover(36,44)",7482.5000,7267.5000,-1.0000,-1.0000,-55.5000,55.5000,-7267.5000,2983.5000,2983.5000
2007-09-13,"MA_Crossover(36,44)",7604.0000,7389.0000,-1.0000,-1.0000,121.5000,-121.5000,-7389.0000,2862.0000,2862.0000
2007-09-14,"MA_Crossover(36,44)",7612.5000,7397.5000,-1.0000,-1.0000,8.5000,-8.5000,-7397.5000,2853.5000,2853.5000
2007-09-17,"MA_Crossover(36,44)",7561.0000,7346.0000,-1.0000,-1.0000,-51.5000,51.5000,-7346.0000,2905.0000,2905.0000
2007-09-18,"MA_Crossover(36,44)",7618.0000,7410.0000,-1.0000,-1.0000,64.0000,-64.0000,-7410.0000,2841.0000,2841.0000
2007-09-19,"MA_Crossover(36,44)",7919.0000,7711.0000,-1.0000,-1.0000,301.0000,-301.0000,-7711.0000,2540.0000,2540.0000
2007-09-20,"MA_Crossover(36,44)",7920.0000,7716.0000,-1.0000,-1.0000,5.0000,-5.0000,-7716.0000,2535.0000,2535.0000
2007-09-21,"MA_Crossover(36,44)",7916.0000,7724.0000,-1.0000,-1.0000,8.0000,-8.0000,-7724.0000,2527.0000,2527.0000
2007-09-24,"MA_Crossover(36,44)",8077.0000,7885.0000,-1.0000,-1.0000,161.0000,-161.0000,-7885.0000,2366.0000,2366.0000
2007-09-25,"MA_Crossover(36,44)",8036.0000,7844.0000,-1.0000,-1.0000,-41.0000,41.0000,-7844.0000,2407.0000,2407.0000
2007-09-26,"MA_Crossover(36,44)",7986.0000,7794.0000,-1.0000,-1.0000,-50.0000,50.0000,-7794.0000,2457.0000,2457.0000
2007-09-27,"MA_Crossover(36,44)",8066.0000,7874.0000,-1.0000,-1.0000,80.0000,-80.0000,-7874.0000,2377.0000,2377.0000
2007-09-28,"MA_Crossover(36,44)",8068.0000,7876.0000,-1.0000,-1.0000,2.0000,-2.0000,-7876.0000,2375.0000,2375.0000
2007-10-01,"MA_Crossover(36,44)",8166.0000,7974.0000,-1.0000,-1.0000,98.0000,-98.0000,-7974.0000,2277.0000,2277.0000
2007-10-02,"MA_Crossover(36,44)",8220.0000,8028.0000,-1.0000,-1.0000,54.0000,-54.0000,-8028.0000,2223.0000,2223.0000
2007-10-03,"MA_Crossover(36,44)",8359.0000,8167.0000,-1.0000,-1.0000,139.0000,-139.0000,-8167.0000,2084.0000,2084.0000
2007-10-04,"MA_Crossover(36,44)",8251.0000,8059.0000,-1.0000,-1.0000,-108.0000,108.0000,-8059.0000,2192.0000,2192.0000
2007-10-05,"MA_Crossover(36,44)",8260.0000,8068.0000,-1.0000,-1.0000,9.0000,-9.0000,-8068.0000,2183.0000,2183.0000
2007-10-08,"MA_Crossover(36,44)",8003.0000,7811.0000,1.0000,-1.0000,-257.0000,257.0000,-7811.0000,2440.0000,2440.0000
2007-10-09,"MA_Crossover(36,44)",8107.0000,7915.0000,1.0000,1.0000,104.0000,104.0000,7915.0000,2544.0000,2544.0000
2007-10-10,"MA_Crossover(36,44)",8233.0000,8041.0000,1.0000,1.0000,126.0000,126.0000,8041.0000,2670.0000,2670.0000
2007-10-11,"MA_Crossover(36,44)",8131.0000,7939.0000,1.0000,1.0000,-102.0000,-102.0000,7939.0000,2568.0000,2568.0000
2007-10-12,"MA_Crossover(36,44)",8112.0000,7920.0000,1.0000,1.0000,-19.0000,-19.0000,7920.0000,2549.0000,2549.0000
2007-10-15,"MA_Crossover(36,44)",8204.5000,8012.5000,1.0000,1.0000,92.5000,92.5000,8012.5000,2641.5000,2641.5000
2007-10-16,"MA_Crossover(36,44)",8082.0000,7896.0000,1.0000,1.0000,-116.5000,-116.5000,7896.0000,2525.0000,2525.0000
2007-10-17,"MA_Crossover(36,44)",7995.0000,7810.0000,1.0000,1.0000,-86.0000,-86.0000,7810.0000,2439.0000,2439.0000
2007-10-18,"MA_Crossover(36,44)",7887.5000,7704.5000,1.0000,1.0000,-105.5000,-105.5000,7704.5000,2333.5000,2333.5000
2007-10-19,"MA_Crossover(36,44)",7898.5000,7727.5000,1.0000,1.0000,23.0000,23.0000,7727.5000,2356.5000,2356.5000
2007-10-22,"MA_Crossover(36,44)",7785.0000,7614.0000,1.0000,1.0000,-113.5000,-113.5000,7614.0000,2243.0000,2243.0000
2007-10-23,"MA_Crossover(36,44)",7821.0000,7650.0000,1.0000,1.0000,36.0000,36.0000,7650.0000,2279.0000,2279.0000
2007-10-24,"MA_Crossover(36,44)",7715.0000,7544.0000,1.0000,1.0000,-106.0000,-106.0000,7544.0000,2173.0000,2173.0000
2007-10-25,"MA_Crossover(36,44)",7793.5000,7622.5000,1.0000,1.0000,78.5000,78.5000,7622.5000,2251.5000,2251.5000
2007-10-26,"MA_Crossover(36,44)",7900.5000,7729.5000,1.0000,1.0000,107.0000,107.0000,7729.5000,2358.5000,2358.5000
2007-10-29,"MA_Crossover(36,44)",7866.0000,7695.0000,1.0000,1.0000,-34.5000,-34.5000,7695.0000,2324.0000,2324.0000
2007-10-30,"MA_Crossover(36,44)",7770.0000,7599.0000,1.0000,1.0000,-96.0000,-96.0000,7599.0000,2228.0000,2228.0000
2007-10-31,"MA_Crossover(36,44)",7736.0000,7565.0000,1.0000,1.0000,-34.0000,-34.0000,7565.0000,2194.0000,2194.0000
2007-11-01,"MA_Crossover(36,44)",7512.0000,7341.0000,1.0000,1.0000,-224.0000,-224.0000,7341.0000,1970.0000,1970.0000
2007-11-02,"MA_Crossover(36,44)",7442.0000,7271.0000,1.0000,1.0000,-70.0000,-70.0000,7271.0000,1900.0000,1900.0000
2007-11-05,"MA_Crossover(36,44)",7410.0000,7239.0000,1.0000,1.0000,-32.0000,-32.0000,7239.0000,1868.0000,1868.0000
2007-11-06,"MA_Crossover(36,44)",7484.0000,7313.0000,1.0000,1.0000,74.0000,74.0000,7313.0000,1942.0000,1942.0000
2007-11-07,"MA_Crossover(36,44)",7311.0000,7140.0000,1.0000,1.0000,-173.0000,-173.0000,7140.0000,1769.0000,1769.0000
2007-11-08,"MA_Crossover(36,44)",7189.5000,7018.5000,1.0000,1.0000,-121.5000,-121.5000,7018.5000,1647.5000,1647.5000
2007-11-09,"MA_Crossover(36,44)",7004.5000,6833.5000,1.0000,1.0000,-185.0000,-185.0000,6833.5000,1462.5000,1462.5000
2007-11-12,"MA_Crossover(36,44)",6918.5000,6747.5000,1.0000,1.0000,-86.0000,-86.0000,6747.5000,1376.5000,1376.5000
2007-11-13,"MA_Crossover(36,44)",6891.0000,6720.0000,1.0000,1.0000,-27.5000,-27.5000,6720.0000,1349.0000,1349.0000
2007-11-14,"MA_Crossover(36,44)",7102.5000,6931.5000,-1.0000,1.0000,211.5000,211.5000,6931.5000,1560.5000,1560.5000
2007-11-15,"MA_Crossover(36,44)",6897.0000,6726.0000,-1.0000,-1.0000,-205.5000,205.5000,-6726.0000,1766.0000,1766.0000
2007-11-16,"MA_Crossover(36,44)",7002.0000,6831.0000,-1.0000,-1.0000,105.0000,-105.0000,-6831.0000,1661.0000,1661.0000
2007-11-19,"MA_Crossover(36,44)",6756.0000,6585.0000,-1.0000,-1.0000,-246.0000,246.0000,-6585.0000,1907.0000,1907.0000
2007-11-20,"MA_Crossover(36,44)",6768.5000,6604.5000,-1.0000,-1.0000,19.5000,-19.5000,-6604.5000,1887.5000,1887.5000
2007-11-21,"MA_Crossover(36,44)",6488.0000,6325.0000,-1.0000,-1.0000,-279.5000,279.5000,-6325.0000,2167.0000,2167.0000
2007-11-22,"MA_Crossover(36,44)",6540.0000,6376.0000,-1.0000,-1.0000,51.0000,-51.0000,-6376.0000,2116.0000,2116.0000
2007-11-23,"MA_Crossover(36,44)",6690.5000,6508.5000,-1.0000,-1.0000,132.5000,-132.5000,-6508.5000,1983.5000,1983.5000
2007-11-26,"MA_Crossover(36,44)",6733.0000,6551.0000,-1.0000,-1.0000,42.5000,-42.5000,-6551.0000,1941.0000,1941.0000
2007-11-27,"MA_Crossover(36,44)",6578.5000,6396.5000,-1.0000,-1.0000,-154.5000,154.5000,-6396.5000,2095.5000,2095.5000
2007-11-28,"MA_Crossover(36,44)",6682.5000,6500.5000,-1.0000,-1.0000,104.0000,-104.0000,-6500.5000,1991.5000,1991.5000
2007-11-29,"MA_Crossover(36,44)",6847.5000,6665.5000,-1.0000,-1.0000,165.0000,-165.0000,-6665.5000,1826.5000,1826.5000
2007-11-30,"MA_Crossover(36,44)",6970.5000,6788.5000,-1.0000,-1.0000,123.0000,-123.0000,-6788.5000,1703.5000,1703.5000
2007-12-03,"MA_Crossover(36,44)",6764.0000,6582.0000,-1.0000,-1.0000,-206.5000,206.5000,-6582.0000,1910.0000,1910.0000
2007-12-04,"MA_Crossover(36,44)",6657.0000,6475.0000,-1.0000,-1.0000,-107.0000,107.0000,-6475.0000,2017.0000,2017.0000
2007-12-05,"MA_Crossover(36,44)",6650.5000,6468.5000,-1.0000,-1.0000,-6.5000,6.5000,-6468.5000,2023.5000,2023.5000
2007-12-06,"MA_Crossover(36,44)",6680.0000,6498.0000,-1.0000,-1.0000,29.5000,-29.5000,-6498.0000,1994.0000,1994.0000
2007-12-07,"MA_Crossover(36,44)",6865.0000,6683.0000,-1.0000,-1.0000,185.0000,-185.0000,-6683.0000,1809.0000,1809.0000
2007-12-10,"MA_Crossover(36,44)",6772.0000,6590.0000,-1.0000,-1.0000,-93.0000,93.0000,-6590.0000,1902.0000,1902.0000
2007-12-11,"MA_Crossover(36,44)",6766.5000,6584.5000,-1.0000,-1.0000,-5.5000,5.5000,-6584.5000,1907.5000,1907.5000
2007-12-12,"MA_Crossover(36,44)",6672.5000,6490.5000,-1.0000,-1.0000,-94.0000,94.0000,-6490.5000,2001.5000,2001.5000
2007-12-13,"MA_Crossover(36,44)",6458.5000,6276.5000,-1.0000,-1.0000,-214.0000,214.0000,-6276.5000,2215.5000,2215.5000
2007-12-14,"MA_Crossover(36,44)",6492.0000,6310.0000,-1.0000,-1.0000,33.5000,-33.5000,-6310.0000,2182.0000,2182.0000
2007-12-17,"MA_Crossover(36,44)",6326.5000,6144.5000,-1.0000,-1.0000,-165.5000,165.5000,-6144.5000,2347.5000,2347.5000
2007-12-18,"MA_Crossover(36,44)",6348.2500,6163.7500,-1.0000,-1.0000,19.2500,-19.2500,-6163.7500,2328.2500,2328.2500
2007-12-19,"MA_Crossover(36,44)",6485.0000,6297.0000,-1.0000,-1.0000,133.2500,-133.2500,-6297.0000,2195.0000,2195.0000
2007-12-20,"MA_Crossover(36,44)",6506.5000,6317.5000,-1.0000,-1.0000,20.5000,-20.5000,-6317.5000,2174.5000,2174.5000
2007-12-21,"MA_Crossover(36,44)",6780.0000,6574.0000,-1.0000,-1.0000,256.5000,-256.5000,-6574.0000,1918.0000,1918.0000
2007-12-27,"MA_Crossover(36,44)",6859.5000,6653.5000,-1.0000,-1.0000,79.5000,-79.5000,-6653.5000,1838.5000,1838.5000
2007-12-28,"MA_Crossover(36,44)",6810.0000,6604.0000,-1.0000,-1.0000,-49.5000,49.5000,-6604.0000,1888.0000,1888.0000
2007-12-31,"MA_Crossover(36,44)",6650.5000,6444.5000,-1.0000,-1.0000,-159.5000,159.5000,-6444.5000,2047.5000,2047.5000
2008-01-02,"MA_Crossover(36,44)",6725.5000,6519.5000,-1.0000,-1.0000,75.0000,-75.0000,-6519.5000,1972.5000,1972.5000
2008-01-03,"MA_Crossover(36,44)",6939.5000,6733.5000,-1.0000,-1.0000,214.0000,-214.0000,-6733.5000,1758.5000,1758.5000
2008-01-04,"MA_Crossover(36,44)",6881.0000,6675.0000,-1.0000,-1.0000,-58.5000,58.5000,-6675.0000,1817.0000,1817.0000
2008-01-07,"MA_Crossover(36,44)",6877.5000,6671.5000,-1.0000,-1.0000,-3.5000,3.5000,-6671.5000,1820.5000,1820.5000
2008-01-08,"MA_Crossover(36,44)",7203.0000,6997.0000,-1.0000,-1.0000,325.5000,-325.5000,-6997.0000,1495.0000,1495.0000
2008-01-09,"MA_Crossover(36,44)",7206.5000,7000.5000,-1.0000,-1.0000,3.5000,-3.5000,-7000.5000,1491.5000,1491.5000
2008-01-10,"MA_Crossover(36,44)",7174.5000,6968.5000,-1.0000,-1.0000,-32.0000,32.0000,-6968.5000,1523.5000,1523.5000
2008-01-11,"MA_Crossover(36,44)",7282.0000,7076.0000,-1.0000,-1.0000,107.5000,-107.5000,-7076.0000,1416.0000,1416.0000
2008-01-14,"MA_Crossover(36,44)",7382.0000,7176.0000,-1.0000,-1.0000,100.0000,-100.0000,-7176.0000,1316.0000,1316.0000
2008-01-15,"MA_Crossover(36,44)",7151.5000,6942.0000,-1.0000,-1.0000,-234.0000,234.0000,-6942.0000,1550.0000,1550.0000
2008-01-16,"MA_Crossover(36,44)",6994.5000,6784.0000,-1.0000,-1.0000,-158.0000,158.0000,-6784.0000,1708.0000,1708.0000
2008-01-17,"MA_Crossover(36,44)",6996.0000,6782.0000,-1.0000,-1.0000,-2.0000,2.0000,-6782.0000,1710.0000,1710.0000
2008-01-18,"MA_Crossover(36,44)",7157.0000,6944.0000,1.0000,-1.0000,162.0000,-162.0000,-6944.0000,1548.0000,1548.0000
2008-01-21,"MA_Crossover(36,44)",6889.0000,6676.0000,1.0000,1.0000,-268.0000,-268.0000,6676.0000,1280.0000,1280.0000
2008-01-22,"MA_Crossover(36,44)",7048.0000,6835.0000,1.0000,1.0000,159.0000,159.0000,6835.0000,1439.0000,1439.0000
2008-01-23,"MA_Crossover(36,44)",6904.0000,6691.0000,1.0000,1.0000,-144.0000,-144.0000,6691.0000,1295.0000,1295.0000
2008-01-24,"MA_Crossover(36,44)",7049.0000,6836.0000,1.0000,1.0000,145.0000,145.0000,6836.0000,1440.0000,1440.0000
2008-01-25,"MA_Crossover(36,44)",7039.0000,6826.0000,1.0000,1.0000,-10.0000,-10.0000,6826.0000,1430.0000,1430.0000
2008-01-28,"MA_Crossover(36,44)",7063.5000,6850.5000,1.0000,1.0000,24.5000,24.5000,6850.5000,1454.5000,1454.5000
2008-01-29,"MA_Crossover(36,44)",7304.0000,7091.0000,1.0000,1.0000,240.5000,240.5000,7091.0000,1695.0000,1695.0000
2008-01-30,"MA_Crossover(36,44)",7163.0000,6950.0000,1.0000,1.0000,-141.0000,-141.0000,6950.0000,1554.0000,1554.0000
2008-01-31,"MA_Crossover(36,44)",7354.0000,7141.0000,1.0000,1.0000,191.0000,191.0000,7141.0000,1745.0000,1745.0000
2008-02-01,"MA_Crossover(36,44)",7243.5000,7030.5000,1.0000,1.0000,-110.5000,-110.5000,7030.5000,1634.5000,1634.5000
2008-02-04,"MA_Crossover(36,44)",7263.0000,7050.0000,1.0000,1.0000,19.5000,19.5000,7050.0000,1654.0000,1654.0000
2008-02-05,"MA_Crossover(36,44)",7136.0000,6923.0000,1.0000,1.0000,-127.0000,-127.0000,6923.0000,1527.0000,1527.0000
2008-02-06,"MA_Crossover(36,44)",7340.0000,7127.0000,1.0000,1.0000,204.0000,204.0000,7127.0000,1731.0000,1731.0000
2008-02-07,"MA_Crossover(36,44)",7565.0000,7352.0000,1.0000,1.0000,225.0000,225.0000,7352.0000,1956.0000,1956.0000
2008-02-08,"MA_Crossover(36,44)",7740.0000,7527.0000,1.0000,1.0000,175.0000,175.0000,7527.0000,2131.0000,2131.0000
2008-02-11,"MA_Crossover(36,44)",7797.0000,7584.0000,1.0000,1.0000,57.0000,57.0000,7584.0000,2188.0000,2188.0000
2008-02-12,"MA_Crossover(36,44)",7923.0000,7710.0000,1.0000,1.0000,126.0000,126.0000,7710.0000,2314.0000,2314.0000
2008-02-13,"MA_Crossover(36,44)",7812.0000,7599.0000,1.0000,1.0000,-111.0000,-111.0000,7599.0000,2203.0000,2203.0000
2008-02-14,"MA_Crossover(36,44)",7700.0000,7487.0000,1.0000,1.0000,-112.0000,-112.0000,7487.0000,2091.0000,2091.0000
2008-02-15,"MA_Crossover(36,44)",7752.0000,7539.0000,1.0000,1.0000,52.0000,52.0000,7539.0000,2143.0000,2143.0000
2008-02-18,"MA_Crossover(36,44)",8014.0000,7801.0000,1.0000,1.0000,262.0000,262.0000,7801.0000,2405.0000,2405.0000
2008-02-19,"MA_Crossover(36,44)",8238.0000,8007.0000,1.0000,1.0000,206.0000,206.0000,8007.0000,2611.0000,2611.0000
2008-02-20,"MA_Crossover(36,44)",8194.0000,7964.0000,1.0000,1.0000,-43.0000,-43.0000,7964.0000,2568.0000,2568.0000
2008-02-21,"MA_Crossover(36,44)",8467.0000,8238.0000,1.0000,1.0000,274.0000,274.0000,8238.0000,2842.0000,2842.0000
2008-02-22,"MA_Crossover(36,44)",8366.0000,8159.0000,1.0000,1.0000,-79.0000,-79.0000,8159.0000,2763.0000,2763.0000
2008-02-25,"MA_Crossover(36,44)",8229.0000,8022.0000,1.0000,1.0000,-137.0000,-137.0000,8022.0000,2626.0000,2626.0000
2008-02-26,"MA_Crossover(36,44)",8315.0000,8108.0000,1.0000,1.0000,86.0000,86.0000,8108.0000,2712.0000,2712.0000
2008-02-27,"MA_Crossover(36,44)",8484.0000,8277.0000,1.0000,1.0000,169.0000,169.0000,8277.0000,2881.0000,2881.0000
2008-02-28,"MA_Crossover(36,44)",8562.0000,8355.0000,1.0000,1.0000,78.0000,78.0000,8355.0000,2959.0000,2959.0000
2008-02-29,"MA_Crossover(36,44)",8486.0000,8279.0000,1.0000,1.0000,-76.0000,-76.0000,8279.0000,2883.0000,2883.0000
2008-03-03,"MA_Crossover(36,44)",8652.0000,8445.0000,1.0000,1.0000,166.0000,166.0000,8445.0000,3049.0000,3049.0000
2008-03-04,"MA_Crossover(36,44)",8483.0000,8276.0000,1.0000,1.0000,-169.0000,-169.0000,8276.0000,2880.0000,2880.0000
2008-03-05,"MA_Crossover(36,44)",8760.0000,8553.0000,1.0000,1.0000,277.0000,277.0000,8553.0000,3157.0000,3157.0000
2008-03-06,"MA_Crossover(36,44)",8633.0000,8426.0000,1.0000,1.0000,-127.0000,-127.0000,8426.0000,3030.0000,3030.0000
2008-03-07,"MA_Crossover(36,44)",8628.0000,8421.0000,1.0000,1.0000,-5.0000,-5.0000,8421.0000,3025.0000,3025.0000
2008-03-10,"MA_Crossover(36,44)",8393.0000,8186.0000,1.0000,1.0000,-235.0000,-235.0000,8186.0000,2790.0000,2790.0000
2008-03-11,"MA_Crossover(36,44)",8352.0000,8145.0000,1.0000,1.0000,-41.0000,-41.0000,8145.0000,2749.0000,2749.0000
2008-03-12,"MA_Crossover(36,44)",8494.0000,8287.0000,1.0000,1.0000,142.0000,142.0000,8287.0000,2891.0000,2891.0000
2008-03-13,"MA_Crossover(36,44)",8478.0000,8271.0000,1.0000,1.0000,-16.0000,-16.0000,8271.0000,2875.0000,2875.0000
2008-03-14,"MA_Crossover(36,44)",8479.0000,8272.0000,1.0000,1.0000,1.0000,1.0000,8272.0000,2876.0000,2876.0000
2008-03-17,"MA_Crossover(36,44)",8180.0000,7973.0000,1.0000,1.0000,-299.0000,-299.0000,7973.0000,2577.0000,2577.0000
2008-03-18,"MA_Crossover(36,44)",8290.0000,8102.0000,1.0000,1.0000,129.0000,129.0000,8102.0000,2706.0000,2706.0000
2008-03-19,"MA_Crossover(36,44)",8053.0000,7866.0000,1.0000,1.0000,-236.0000,-236.0000,7866.0000,2470.0000,2470.0000
2008-03-20,"MA_Crossover(36,44)",7922.0000,7732.0000,1.0000,1.0000,-134.0000,-134.0000,7732.0000,2336.0000,2336.0000
2008-03-25,"MA_Crossover(36,44)",8166.0000,8017.0000,1.0000,1.0000,285.0000,285.0000,8017.0000,2621.0000,2621.0000
2008-03-26,"MA_Crossover(36,44)",8269.0000,8120.0000,1.0000,1.0000,103.0000,103.0000,8120.0000,2724.0000,2724.0000
2008-03-27,"MA_Crossover(36,44)",8604.0000,8455.0000,1.0000,1.0000,335.0000,335.0000,8455.0000,3059.0000,3059.0000
2008-03-28,"MA_Crossover(36,44)",8496.0000,8347.0000,1.0000,1.0000,-108.0000,-108.0000,8347.0000,2951.0000,2951.0000
2008-03-31,"MA_Crossover(36,44)",8483.0000,8334.0000,1.0000,1.0000,-13.0000,-13.0000,8334.0000,2938.0000,2938.0000
2008-04-01,"MA_Crossover(36,44)",8444.0000,8295.0000,1.0000,1.0000,-39.0000,-39.0000,8295.0000,2899.0000,2899.0000
2008-04-02,"MA_Crossover(36,44)",8653.0000,8504.0000,1.0000,1.0000,209.0000,209.0000,8504.0000,3108.0000,3108.0000
2008-04-03,"MA_Crossover(36,44)",8656.5000,8507.5000,1.0000,1.0000,3.5000,3.5000,8507.5000,3111.5000,3111.5000
2008-04-04,"MA_Crossover(36,44)",8783.0000,8634.0000,1.0000,1.0000,126.5000,126.5000,8634.0000,3238.0000,3238.0000
2008-04-07,"MA_Crossover(36,44)",8852.0000,8703.0000,1.0000,1.0000,69.0000,69.0000,8703.0000,3307.0000,3307.0000
2008-04-08,"MA_Crossover(36,44)",8660.0000,8511.0000,1.0000,1.0000,-192.0000,-192.0000,8511.0000,3115.0000,3115.0000
2008-04-09,"MA_Crossover(36,44)",8864.0000,8715.0000,1.0000,1.0000,204.0000,204.0000,8715.0000,3319.0000,3319.0000
2008-04-10,"MA_Crossover(36,44)",8761.0000,8612.0000,1.0000,1.0000,-103.0000,-103.0000,8612.0000,3216.0000,3216.0000
2008-04-11,"MA_Crossover(36,44)",8788.0000,8639.0000,1.0000,1.0000,27.0000,27.0000,8639.0000,3243.0000,3243.0000
2008-04-14,"MA_Crossover(36,44)",8702.0000,8553.0000,1.0000,1.0000,-86.0000,-86.0000,8553.0000,3157.0000,3157.0000
2008-04-15,"MA_Crossover(36,44)",8498.0000,8378.0000,1.0000,1.0000,-175.0000,-175.0000,8378.0000,2982.0000,2982.0000
2008-04-16,"MA_Crossover(36,44)",8790.0000,8671.0000,1.0000,1.0000,293.0000,293.0000,8671.0000,3275.0000,3275.0000
2008-04-17,"MA_Crossover(36,44)",8677.0000,8561.0000,1.0000,1.0000,-110.0000,-110.0000,8561.0000,3165.0000,3165.0000
2008-04-18,"MA_Crossover(36,44)",8635.0000,8555.0000,1.0000,1.0000,-6.0000,-6.0000,8555.0000,3159.0000,3159.0000
2008-04-21,"MA_Crossover(36,44)",8583.5000,8503.5000,1.0000,1.0000,-51.5000,-51.5000,8503.5000,3107.5000,3107.5000
2008-04-22,"MA_Crossover(36,44)",8772.0000,8692.0000,1.0000,1.0000,188.5000,188.5000,8692.0000,3296.0000,3296.0000
2008-04-23,"MA_Crossover(36,44)",8636.0000,8556.0000,1.0000,1.0000,-136.0000,-136.0000,8556.0000,3160.0000,3160.0000
2008-04-24,"MA_Crossover(36,44)",8607.0000,8527.0000,1.0000,1.0000,-29.0000,-29.0000,8527.0000,3131.0000,3131.0000
2008-04-25,"MA_Crossover(36,44)",8660.5000,8580.5000,1.0000,1.0000,53.5000,53.5000,8580.5000,3184.5000,3184.5000
2008-04-28,"MA_Crossover(36,44)",8744.0000,8664.0000,1.0000,1.0000,83.5000,83.5000,8664.0000,3268.0000,3268.0000
2008-04-29,"MA_Crossover(36,44)",8638.0000,8558.0000,1.0000,1.0000,-106.0000,-106.0000,8558.0000,3162.0000,3162.0000
2008-04-30,"MA_Crossover(36,44)",8647.5000,8567.5000,-1.0000,1.0000,9.5000,9.5000,8567.5000,3171.5000,3171.5000
2008-05-01,"MA_Crossover(36,44)",8316.0000,8236.0000,-1.0000,-1.0000,-331.5000,331.5000,-8236.0000,3503.0000,3503.0000
2008-05-02,"MA_Crossover(36,44)",8511.5000,8431.5000,1.0000,-1.0000,195.5000,-195.5000,-8431.5000,3307.5000,3307.5000
2008-05-06,"MA_Crossover(36,44)",8626.0000,8546.0000,1.0000,1.0000,114.5000,114.5000,8546.0000,3422.0000,3422.0000
2008-05-07,"MA_Crossover(36,44)",8534.0000,8454.0000,1.0000,1.0000,-92.0000,-92.0000,8454.0000,3330.0000,3330.0000
2008-05-08,"MA_Crossover(36,44)",8400.5000,8320.5000,1.0000,1.0000,-133.5000,-133.5000,8320.5000,3196.5000,3196.5000
2008-05-09,"MA_Crossover(36,44)",8199.0000,8119.0000,1.0000,1.0000,-201.5000,-201.5000,8119.0000,2995.0000,2995.0000
2008-05-12,"MA_Crossover(36,44)",8361.5000,8281.5000,1.0000,1.0000,162.5000,162.5000,8281.5000,3157.5000,3157.5000
2008-05-13,"MA_Crossover(36,44)",8324.0000,8244.0000,1.0000,1.0000,-37.5000,-37.5000,8244.0000,3120.0000,3120.0000
2008-05-14,"MA_Crossover(36,44)",8223.0000,8143.0000,1.0000,1.0000,-101.0000,-101.0000,8143.0000,3019.0000,3019.0000
2008-05-15,"MA_Crossover(36,44)",8412.0000,8332.0000,1.0000,1.0000,189.0000,189.0000,8332.0000,3208.0000,3208.0000
2008-05-16,"MA_Crossover(36,44)",8563.0000,8483.0000,1.0000,1.0000,151.0000,151.0000,8483.0000,3359.0000,3359.0000
2008-05-19,"MA_Crossover(36,44)",8433.0000,8353.0000,1.0000,1.0000,-130.0000,-130.0000,8353.0000,3229.0000,3229.0000
2008-05-20,"MA_Crossover(36,44)",8383.0000,8331.0000,1.0000,1.0000,-22.0000,-22.0000,8331.0000,3207.0000,3207.0000
2008-05-21,"MA_Crossover(36,44)",8299.0000,8247.0000,1.0000,1.0000,-84.0000,-84.0000,8247.0000,3123.0000,3123.0000
2008-05-22,"MA_Crossover(36,44)",8184.0000,8134.0000,1.0000,1.0000,-113.0000,-113.0000,8134.0000,3010.0000,3010.0000
2008-05-23,"MA_Crossover(36,44)",8241.0000,8221.0000,1.0000,1.0000,87.0000,87.0000,8221.0000,3097.0000,3097.0000
2008-05-27,"MA_Crossover(36,44)",8263.0000,8243.0000,1.0000,1.0000,22.0000,22.0000,8243.0000,3119.0000,3119.0000
2008-05-28,"MA_Crossover(36,44)",8169.0000,8149.0000,-1.0000,1.0000,-94.0000,-94.0000,8149.0000,3025.0000,3025.0000
2008-05-29,"MA_Crossover(36,44)",7963.0000,7943.0000,-1.0000,-1.0000,-206.0000,206.0000,-7943.0000,3231.0000,3231.0000
2008-05-30,"MA_Crossover(36,44)",8017.0000,7997.0000,-1.0000,-1.0000,54.0000,-54.0000,-7997.0000,3177.0000,3177.0000
2008-06-02,"MA_Crossover(36,44)",8018.0000,7998.0000,-1.0000,-1.0000,1.0000,-1.0000,-7998.0000,3176.0000,3176.0000
2008-06-03,"MA_Crossover(36,44)",8004.0000,7984.0000,-1.0000,-1.0000,-14.0000,14.0000,-7984.0000,3190.0000,3190.0000
2008-06-04,"MA_Crossover(36,44)",7990.0000,7970.0000,-1.0000,-1.0000,-14.0000,14.0000,-7970.0000,3204.0000,3204.0000
2008-06-05,"MA_Crossover(36,44)",7927.0000,7907.0000,-1.0000,-1.0000,-63.0000,63.0000,-7907.0000,3267.0000,3267.0000
2008-06-06,"MA_Crossover(36,44)",8111.0000,8091.0000,-1.0000,-1.0000,184.0000,-184.0000,-8091.0000,3083.0000,3083.0000
2008-06-09,"MA_Crossover(36,44)",8088.0000,8068.0000,-1.0000,-1.0000,-23.0000,23.0000,-8068.0000,3106.0000,3106.0000
2008-06-10,"MA_Crossover(36,44)",7982.0000,7962.0000,-1.0000,-1.0000,-106.0000,106.0000,-7962.0000,3212.0000,3212.0000
2008-06-11,"MA_Crossover(36,44)",8047.0000,8027.0000,-1.0000,-1.0000,65.0000,-65.0000,-8027.0000,3147.0000,3147.0000
2008-06-12,"MA_Crossover(36,44)",7976.0000,7956.0000,-1.0000,-1.0000,-71.0000,71.0000,-7956.0000,3218.0000,3218.0000
2008-06-13,"MA_Crossover(36,44)",8147.0000,8127.0000,-1.0000,-1.0000,171.0000,-171.0000,-8127.0000,3047.0000,3047.0000
2008-06-16,"MA_Crossover(36,44)",8289.0000,8269.0000,-1.0000,-1.0000,142.0000,-142.0000,-8269.0000,2905.0000,2905.0000
2008-06-17,"MA_Crossover(36,44)",8178.0000,8201.0000,-1.0000,-1.0000,-68.0000,68.0000,-8201.0000,2973.0000,2973.0000
2008-06-18,"MA_Crossover(36,44)",8342.0000,8360.0000,-1.0000,-1.0000,159.0000,-159.0000,-8360.0000,2814.0000,2814.0000
2008-06-19,"MA_Crossover(36,44)",8435.0000,8453.0000,-1.0000,-1.0000,93.0000,-93.0000,-8453.0000,2721.0000,2721.0000
2008-06-20,"MA_Crossover(36,44)",8542.0000,8614.0000,-1.0000,-1.0000,161.0000,-161.0000,-8614.0000,2560.0000,2560.0000
2008-06-23,"MA_Crossover(36,44)",8509.0000,8581.0000,-1.0000,-1.0000,-33.0000,33.0000,-8581.0000,2593.0000,2593.0000
2008-06-24,"MA_Crossover(36,44)",8456.0000,8528.0000,-1.0000,-1.0000,-53.0000,53.0000,-8528.0000,2646.0000,2646.0000
2008-06-25,"MA_Crossover(36,44)",8427.0000,8499.0000,-1.0000,-1.0000,-29.0000,29.0000,-8499.0000,2675.0000,2675.0000
2008-06-26,"MA_Crossover(36,44)",8564.0000,8636.0000,-1.0000,-1.0000,137.0000,-137.0000,-8636.0000,2538.0000,2538.0000
2008-06-27,"MA_Crossover(36,44)",8650.0000,8722.0000,-1.0000,-1.0000,86.0000,-86.0000,-8722.0000,2452.0000,2452.0000
2008-06-30,"MA_Crossover(36,44)",8638.0000,8710.0000,-1.0000,-1.0000,-12.0000,12.0000,-8710.0000,2464.0000,2464.0000
2008-07-01,"MA_Crossover(36,44)",8749.5000,8821.5000,-1.0000,-1.0000,111.5000,-111.5000,-8821.5000,2352.5000,2352.5000
2008-07-02,"MA_Crossover(36,44)",8865.0000,8937.0000,-1.0000,-1.0000,115.5000,-115.5000,-8937.0000,2237.0000,2237.0000
2008-07-03,"MA_Crossover(36,44)",8793.0000,8865.0000,-1.0000,-1.0000,-72.0000,72.0000,-8865.0000,2309.0000,2309.0000
2008-07-04,"MA_Crossover(36,44)",8620.5000,8692.5000,-1.0000,-1.0000,-172.5000,172.5000,-8692.5000,2481.5000,2481.5000
2008-07-07,"MA_Crossover(36,44)",8561.0000,8633.0000,-1.0000,-1.0000,-59.5000,59.5000,-8633.0000,2541.0000,2541.0000
2008-07-08,"MA_Crossover(36,44)",8345.0000,8417.0000,-1.0000,-1.0000,-216.0000,216.0000,-8417.0000,2757.0000,2757.0000
2008-07-09,"MA_Crossover(36,44)",8361.0000,8433.0000,-1.0000,-1.0000,16.0000,-16.0000,-8433.0000,2741.0000,2741.0000
2008-07-10,"MA_Crossover(36,44)",8404.0000,8476.0000,-1.0000,-1.0000,43.0000,-43.0000,-8476.0000,2698.0000,2698.0000
2008-07-11,"MA_Crossover(36,44)",8446.0000,8518.0000,-1.0000,-1.0000,42.0000,-42.0000,-8518.0000,2656.0000,2656.0000
2008-07-14,"MA_Crossover(36,44)",8475.0000,8547.0000,-1.0000,-1.0000,29.0000,-29.0000,-8547.0000,2627.0000,2627.0000
2008-07-15,"MA_Crossover(36,44)",8251.0000,8364.0000,-1.0000,-1.0000,-183.0000,183.0000,-8364.0000,2810.0000,2810.0000
2008-07-16,"MA_Crossover(36,44)",8204.0000,8311.0000,-1.0000,-1.0000,-53.0000,53.0000,-8311.0000,2863.0000,2863.0000
2008-07-17,"MA_Crossover(36,44)",8294.0000,8398.0000,1.0000,-1.0000,87.0000,-87.0000,-8398.0000,2776.0000,2776.0000
2008-07-18,"MA_Crossover(36,44)",8211.0000,8380.0000,1.0000,1.0000,-18.0000,-18.0000,8380.0000,2758.0000,2758.0000
2008-07-21,"MA_Crossover(36,44)",8250.0000,8419.0000,1.0000,1.0000,39.0000,39.0000,8419.0000,2797.0000,2797.0000
2008-07-22,"MA_Crossover(36,44)",8256.0000,8425.0000,1.0000,1.0000,6.0000,6.0000,8425.0000,2803.0000,2803.0000
2008-07-23,"MA_Crossover(36,44)",8207.0000,8376.0000,1.0000,1.0000,-49.0000,-49.0000,8376.0000,2754.0000,2754.0000
2008-07-24,"MA_Crossover(36,44)",8032.0000,8201.0000,1.0000,1.0000,-175.0000,-175.0000,8201.0000,2579.0000,2579.0000
2008-07-25,"MA_Crossover(36,44)",8094.0000,8263.0000,1.0000,1.0000,62.0000,62.0000,8263.0000,2641.0000,2641.0000
2008-07-28,"MA_Crossover(36,44)",8139.0000,8308.0000,1.0000,1.0000,45.0000,45.0000,8308.0000,2686.0000,2686.0000
2008-07-29,"MA_Crossover(36,44)",8072.0000,8241.0000,1.0000,1.0000,-67.0000,-67.0000,8241.0000,2619.0000,2619.0000
2008-07-30,"MA_Crossover(36,44)",8178.0000,8347.0000,1.0000,1.0000,106.0000,106.0000,8347.0000,2725.0000,2725.0000
2008-07-31,"MA_Crossover(36,44)",8212.0000,8381.0000,1.0000,1.0000,34.0000,34.0000,8381.0000,2759.0000,2759.0000
2008-08-01,"MA_Crossover(36,44)",8050.0000,8219.0000,1.0000,1.0000,-162.0000,-162.0000,8219.0000,2597.0000,2597.0000
2008-08-04,"MA_Crossover(36,44)",7719.0000,7888.0000,1.0000,1.0000,-331.0000,-331.0000,7888.0000,2266.0000,2266.0000
2008-08-05,"MA_Crossover(36,44)",7749.0000,7918.0000,1.0000,1.0000,30.0000,30.0000,7918.0000,2296.0000,2296.0000
2008-08-06,"MA_Crossover(36,44)",7752.0000,7921.0000,1.0000,1.0000,3.0000,3.0000,7921.0000,2299.0000,2299.0000
2008-08-07,"MA_Crossover(36,44)",7802.0000,7971.0000,1.0000,1.0000,50.0000,50.0000,7971.0000,2349.0000,2349.0000
2008-08-08,"MA_Crossover(36,44)",7521.0000,7690.0000,1.0000,1.0000,-281.0000,-281.0000,7690.0000,2068.0000,2068.0000
2008-08-11,"MA_Crossover(36,44)",7432.0000,7601.0000,1.0000,1.0000,-89.0000,-89.0000,7601.0000,1979.0000,1979.0000
2008-08-12,"MA_Crossover(36,44)",7191.0000,7360.0000,-1.0000,1.0000,-241.0000,-241.0000,7360.0000,1738.0000,1738.0000
2008-08-13,"MA_Crossover(36,44)",7479.0000,7648.0000,-1.0000,-1.0000,288.0000,-288.0000,-7648.0000,1450.0000,1450.0000
2008-08-14,"MA_Crossover(36,44)",7440.0000,7609.0000,-1.0000,-1.0000,-39.0000,39.0000,-7609.0000,1489.0000,1489.0000
2008-08-15,"MA_Crossover(36,44)",7438.0000,7607.0000,-1.0000,-1.0000,-2.0000,2.0000,-7607.0000,1491.0000,1491.0000
2008-08-18,"MA_Crossover(36,44)",7435.0000,7604.0000,-1.0000,-1.0000,-3.0000,3.0000,-7604.0000,1494.0000,1494.0000
2008-08-19,"MA_Crossover(36,44)",7634.0000,7809.0000,-1.0000,-1.0000,205.0000,-205.0000,-7809.0000,1289.0000,1289.0000
2008-08-20,"MA_Crossover(36,44)",7584.0000,7754.0000,-1.0000,-1.0000,-55.0000,55.0000,-7754.0000,1344.0000,1344.0000
2008-08-21,"MA_Crossover(36,44)",7939.0000,8103.0000,-1.0000,-1.0000,349.0000,-349.0000,-8103.0000,995.0000,995.0000
2008-08-22,"MA_Crossover(36,44)",7740.0000,7945.0000,-1.0000,-1.0000,-158.0000,158.0000,-7945.0000,1153.0000,1153.0000
2008-08-26,"MA_Crossover(36,44)",7655.0000,7860.0000,-1.0000,-1.0000,-85.0000,85.0000,-7860.0000,1238.0000,1238.0000
2008-08-27,"MA_Crossover(36,44)",7724.0000,7929.0000,-1.0000,-1.0000,69.0000,-69.0000,-7929.0000,1169.0000,1169.0000
2008-08-28,"MA_Crossover(36,44)",7592.0000,7797.0000,-1.0000,-1.0000,-132.0000,132.0000,-7797.0000,1301.0000,1301.0000
2008-08-29,"MA_Crossover(36,44)",7556.0000,7761.0000,-1.0000,-1.0000,-36.0000,36.0000,-7761.0000,1337.0000,1337.0000
2008-09-01,"MA_Crossover(36,44)",7337.0000,7542.0000,-1.0000,-1.0000,-219.0000,219.0000,-7542.0000,1556.0000,1556.0000
2008-09-02,"MA_Crossover(36,44)",7303.0000,7508.0000,-1.0000,-1.0000,-34.0000,34.0000,-7508.0000,1590.0000,1590.0000
2008-09-03,"MA_Crossover(36,44)",7404.0000,7609.0000,-1.0000,-1.0000,101.0000,-101.0000,-7609.0000,1489.0000,1489.0000
2008-09-04,"MA_Crossover(36,44)",7272.0000,7477.0000,-1.0000,-1.0000,-132.0000,132.0000,-7477.0000,1621.0000,1621.0000
2008-09-05,"MA_Crossover(36,44)",6935.0000,7140.0000,-1.0000,-1.0000,-337.0000,337.0000,-7140.0000,1958.0000,1958.0000
2008-09-08,"MA_Crossover(36,44)",6991.0000,7196.0000,-1.0000,-1.0000,56.0000,-56.0000,-7196.0000,1902.0000,1902.0000
2008-09-09,"MA_Crossover(36,44)",6856.0000,7061.0000,-1.0000,-1.0000,-135.0000,135.0000,-7061.0000,2037.0000,2037.0000
2008-09-10,"MA_Crossover(36,44)",6870.0000,7075.0000,-1.0000,-1.0000,14.0000,-14.0000,-7075.0000,2023.0000,2023.0000
2008-09-11,"MA_Crossover(36,44)",6966.0000,7171.0000,-1.0000,-1.0000,96.0000,-96.0000,-7171.0000,1927.0000,1927.0000
2008-09-12,"MA_Crossover(36,44)",7170.0000,7375.0000,-1.0000,-1.0000,204.0000,-204.0000,-7375.0000,1723.0000,1723.0000
2008-09-15,"MA_Crossover(36,44)",6983.0000,7188.0000,-1.0000,-1.0000,-187.0000,187.0000,-7188.0000,1910.0000,1910.0000
2008-09-16,"MA_Crossover(36,44)",6927.0000,7107.0000,-1.0000,-1.0000,-81.0000,81.0000,-7107.0000,1991.0000,1991.0000
2008-09-17,"MA_Crossover(36,44)",6810.0000,6990.0000,-1.0000,-1.0000,-117.0000,117.0000,-6990.0000,2108.0000,2108.0000
2008-09-18,"MA_Crossover(36,44)",6784.0000,6977.0000,-1.0000,-1.0000,-13.0000,13.0000,-6977.0000,2121.0000,2121.0000
2008-09-19,"MA_Crossover(36,44)",7096.0000,7307.0000,-1.0000,-1.0000,330.0000,-330.0000,-7307.0000,1791.0000,1791.0000
2008-09-22,"MA_Crossover(36,44)",7286.0000,7497.0000,-1.0000,-1.0000,190.0000,-190.0000,-7497.0000,1601.0000,1601.0000
2008-09-23,"MA_Crossover(36,44)",7006.0000,7217.0000,-1.0000,-1.0000,-280.0000,280.0000,-7217.0000,1881.0000,1881.0000
2008-09-24,"MA_Crossover(36,44)",6943.5000,7154.5000,-1.0000,-1.0000,-62.5000,62.5000,-7154.5000,1943.5000,1943.5000
2008-09-25,"MA_Crossover(36,44)",6979.5000,7190.5000,-1.0000,-1.0000,36.0000,-36.0000,-7190.5000,1907.5000,1907.5000
2008-09-26,"MA_Crossover(36,44)",6829.0000,7040.0000,-1.0000,-1.0000,-150.5000,150.5000,-7040.0000,2058.0000,2058.0000
2008-09-29,"MA_Crossover(36,44)",6477.0000,6688.0000,-1.0000,-1.0000,-352.0000,352.0000,-6688.0000,2410.0000,2410.0000
2008-09-30,"MA_Crossover(36,44)",6401.0000,6612.0000,-1.0000,-1.0000,-76.0000,76.0000,-6612.0000,2486.0000,2486.0000
2008-10-01,"MA_Crossover(36,44)",6192.0000,6403.0000,-1.0000,-1.0000,-209.0000,209.0000,-6403.0000,2695.0000,2695.0000
2008-10-02,"MA_Crossover(36,44)",5883.0000,6094.0000,-1.0000,-1.0000,-309.0000,309.0000,-6094.0000,3004.0000,3004.0000
2008-10-03,"MA_Crossover(36,44)",6080.0000,6291.0000,-1.0000,-1.0000,197.0000,-197.0000,-6291.0000,2807.0000,2807.0000
2008-10-06,"MA_Crossover(36,44)",5649.0000,5860.0000,-1.0000,-1.0000,-431.0000,431.0000,-5860.0000,3238.0000,3238.0000
2008-10-07,"MA_Crossover(36,44)",5727.0000,5938.0000,-1.0000,-1.0000,78.0000,-78.0000,-5938.0000,3160.0000,3160.0000
2008-10-08,"MA_Crossover(36,44)",5296.0000,5507.0000,-1.0000,-1.0000,-431.0000,431.0000,-5507.0000,3591.0000,3591.0000
2008-10-09,"MA_Crossover(36,44)",5375.0000,5586.0000,-1.0000,-1.0000,79.0000,-79.0000,-5586.0000,3512.0000,3512.0000
2008-10-10,"MA_Crossover(36,44)",4869.5000,5080.5000,-1.0000,-1.0000,-505.5000,505.5000,-5080.5000,4017.5000,4017.5000
2008-10-13,"MA_Crossover(36,44)",5194.0000,5405.0000,-1.0000,-1.0000,324.5000,-324.5000,-5405.0000,3693.0000,3693.0000
2008-10-14,"MA_Crossover(36,44)",5295.0000,5599.0000,-1.0000,-1.0000,194.0000,-194.0000,-5599.0000,3499.0000,3499.0000
2008-10-15,"MA_Crossover(36,44)",4914.0000,5218.0000,-1.0000,-1.0000,-381.0000,381.0000,-5218.0000,3880.0000,3880.0000
2008-10-16,"MA_Crossover(36,44)",4644.5000,4948.5000,-1.0000,-1.0000,-269.5000,269.5000,-4948.5000,4149.5000,4149.5000
2008-10-17,"MA_Crossover(36,44)",4806.5000,5102.5000,-1.0000,-1.0000,154.0000,-154.0000,-5102.5000,3995.5000,3995.5000
2008-10-20,"MA_Crossover(36,44)",4706.0000,5002.0000,-1.0000,-1.0000,-100.5000,100.5000,-5002.0000,4096.0000,4096.0000
2008-10-21,"MA_Crossover(36,44)",4479.0000,4775.0000,-1.0000,-1.0000,-227.0000,227.0000,-4775.0000,4323.0000,4323.0000
2008-10-22,"MA_Crossover(36,44)",4141.5000,4437.5000,-1.0000,-1.0000,-337.5000,337.5000,-4437.5000,4660.5000,4660.5000
2008-10-23,"MA_Crossover(36,44)",4038.0000,4334.0000,-1.0000,-1.0000,-103.5000,103.5000,-4334.0000,4764.0000,4764.0000
2008-10-24,"MA_Crossover(36,44)",3764.0000,4060.0000,-1.0000,-1.0000,-274.0000,274.0000,-4060.0000,5038.0000,5038.0000
2008-10-27,"MA_Crossover(36,44)",4016.0000,4312.0000,-1.0000,-1.0000,252.0000,-252.0000,-4312.0000,4786.0000,4786.0000
2008-10-28,"MA_Crossover(36,44)",4127.5000,4423.5000,-1.0000,-1.0000,111.5000,-111.5000,-4423.5000,4674.5000,4674.5000
2008-10-29,"MA_Crossover(36,44)",4650.0000,4946.0000,-1.0000,-1.0000,522.5000,-522.5000,-4946.0000,4152.0000,4152.0000
2008-10-30,"MA_Crossover(36,44)",4194.0000,4490.0000,-1.0000,-1.0000,-456.0000,456.0000,-4490.0000,4608.0000,4608.0000
2008-10-31,"MA_Crossover(36,44)",4097.0000,4393.0000,-1.0000,-1.0000,-97.0000,97.0000,-4393.0000,4705.0000,4705.0000
2008-11-03,"MA_Crossover(36,44)",4089.0000,4385.0000,-1.0000,-1.0000,-8.0000,8.0000,-4385.0000,4713.0000,4713.0000
2008-11-04,"MA_Crossover(36,44)",4301.0000,4597.0000,-1.0000,-1.0000,212.0000,-212.0000,-4597.0000,4501.0000,4501.0000
2008-11-05,"MA_Crossover(36,44)",4066.5000,4362.5000,-1.0000,-1.0000,-234.5000,234.5000,-4362.5000,4735.5000,4735.5000
2008-11-06,"MA_Crossover(36,44)",3789.0000,4085.0000,-1.0000,-1.0000,-277.5000,277.5000,-4085.0000,5013.0000,5013.0000
2008-11-07,"MA_Crossover(36,44)",3734.5000,4030.5000,-1.0000,-1.0000,-54.5000,54.5000,-4030.5000,5067.5000,5067.5000
2008-11-10,"MA_Crossover(36,44)",3847.0000,4143.0000,-1.0000,-1.0000,112.5000,-112.5000,-4143.0000,4955.0000,4955.0000
2008-11-11,"MA_Crossover(36,44)",3606.0000,3902.0000,-1.0000,-1.0000,-241.0000,241.0000,-3902.0000,5196.0000,5196.0000
2008-11-12,"MA_Crossover(36,44)",3587.0000,3883.0000,-1.0000,-1.0000,-19.0000,19.0000,-3883.0000,5215.0000,5215.0000
2008-11-13,"MA_Crossover(36,44)",3636.0000,3932.0000,-1.0000,-1.0000,49.0000,-49.0000,-3932.0000,5166.0000,5166.0000
2008-11-14,"MA_Crossover(36,44)",3781.0000,4077.0000,-1.0000,-1.0000,145.0000,-145.0000,-4077.0000,5021.0000,5021.0000
2008-11-17,"MA_Crossover(36,44)",3609.0000,3905.0000,-1.0000,-1.0000,-172.0000,172.0000,-3905.0000,5193.0000,5193.0000
2008-11-18,"MA_Crossover(36,44)",3716.0000,4012.0000,-1.0000,-1.0000,107.0000,-107.0000,-4012.0000,5086.0000,5086.0000
2008-11-19,"MA_Crossover(36,44)",3557.0000,3853.0000,-1.0000,-1.0000,-159.0000,159.0000,-3853.0000,5245.0000,5245.0000
2008-11-20,"MA_Crossover(36,44)",3451.0000,3745.0000,-1.0000,-1.0000,-108.0000,108.0000,-3745.0000,5353.0000,5353.0000
2008-11-21,"MA_Crossover(36,44)",3518.0000,3795.0000,-1.0000,-1.0000,50.0000,-50.0000,-3795.0000,5303.0000,5303.0000
2008-11-24,"MA_Crossover(36,44)",3733.0000,4010.0000,-1.0000,-1.0000,215.0000,-215.0000,-4010.0000,5088.0000,5088.0000
2008-11-25,"MA_Crossover(36,44)",3676.0000,3953.0000,-1.0000,-1.0000,-57.0000,57.0000,-3953.0000,5145.0000,5145.0000
2008-11-26,"MA_Crossover(36,44)",3735.5000,4012.5000,-1.0000,-1.0000,59.5000,-59.5000,-4012.5000,5085.5000,5085.5000
2008-11-27,"MA_Crossover(36,44)",3676.5000,3953.5000,-1.0000,-1.0000,-59.0000,59.0000,-3953.5000,5144.5000,5144.5000
2008-11-28,"MA_Crossover(36,44)",3604.5000,3881.5000,-1.0000,-1.0000,-72.0000,72.0000,-3881.5000,5216.5000,5216.5000
2008-12-01,"MA_Crossover(36,44)",3577.0000,3854.0000,-1.0000,-1.0000,-27.5000,27.5000,-3854.0000,5244.0000,5244.0000
2008-12-02,"MA_Crossover(36,44)",3540.5000,3817.5000,-1.0000,-1.0000,-36.5000,36.5000,-3817.5000,5280.5000,5280.5000
2008-12-03,"MA_Crossover(36,44)",3429.0000,3706.0000,-1.0000,-1.0000,-111.5000,111.5000,-3706.0000,5392.0000,5392.0000
2008-12-04,"MA_Crossover(36,44)",3252.5000,3529.5000,-1.0000,-1.0000,-176.5000,176.5000,-3529.5000,5568.5000,5568.5000
2008-12-05,"MA_Crossover(36,44)",3028.5000,3305.5000,-1.0000,-1.0000,-224.0000,224.0000,-3305.5000,5792.5000,5792.5000
2008-12-08,"MA_Crossover(36,44)",3294.0000,3571.0000,-1.0000,-1.0000,265.5000,-265.5000,-3571.0000,5527.0000,5527.0000
2008-12-09,"MA_Crossover(36,44)",3175.5000,3452.5000,-1.0000,-1.0000,-118.5000,118.5000,-3452.5000,5645.5000,5645.5000
2008-12-10,"MA_Crossover(36,44)",3275.5000,3552.5000,-1.0000,-1.0000,100.0000,-100.0000,-3552.5000,5545.5000,5545.5000
2008-12-11,"MA_Crossover(36,44)",3287.0000,3564.0000,-1.0000,-1.0000,11.5000,-11.5000,-3564.0000,5534.0000,5534.0000
2008-12-12,"MA_Crossover(36,44)",3143.5000,3420.5000,-1.0000,-1.0000,-143.5000,143.5000,-3420.5000,5677.5000,5677.5000
2008-12-15,"MA_Crossover(36,44)",3126.0000,3403.0000,-1.0000,-1.0000,-17.5000,17.5000,-3403.0000,5695.0000,5695.0000
2008-12-16,"MA_Crossover(36,44)",3047.0000,3322.5000,-1.0000,-1.0000,-80.5000,80.5000,-3322.5000,5775.5000,5775.5000
2008-12-17,"MA_Crossover(36,44)",3000.0000,3273.5000,-1.0000,-1.0000,-49.0000,49.0000,-3273.5000,5824.5000,5824.5000
2008-12-18,"MA_Crossover(36,44)",2860.5000,3133.5000,-1.0000,-1.0000,-140.0000,140.0000,-3133.5000,5964.5000,5964.5000
2008-12-19,"MA_Crossover(36,44)",2911.0000,3172.0000,-1.0000,-1.0000,38.5000,-38.5000,-3172.0000,5926.0000,5926.0000
2008-12-22,"MA_Crossover(36,44)",2939.0000,3200.0000,-1.0000,-1.0000,28.0000,-28.0000,-3200.0000,5898.0000,5898.0000
2008-12-23,"MA_Crossover(36,44)",2848.0000,3109.0000,-1.0000,-1.0000,-91.0000,91.0000,-3109.0000,5989.0000,5989.0000
2008-12-24,"MA_Crossover(36,44)",2823.0000,3084.0000,-1.0000,-1.0000,-25.0000,25.0000,-3084.0000,6014.0000,6014.0000
2008-12-29,"MA_Crossover(36,44)",2881.5000,3142.5000,-1.0000,-1.0000,58.5000,-58.5000,-3142.5000,5955.5000,5955.5000
2008-12-30,"MA_Crossover(36,44)",2891.5000,3152.5000,-1.0000,-1.0000,10.0000,-10.0000,-3152.5000,5945.5000,5945.5000
2008-12-31,"MA_Crossover(36,44)",3049.2500,3310.2500,-1.0000,-1.0000,157.7500,-157.7500,-3310.2500,5787.7500,5787.7500
2009-01-02,"MA_Crossover(36,44)",3207.0000,3468.0000,-1.0000,-1.0000,157.7500,-157.7500,-3468.0000,5630.0000,5630.0000
2009-01-05,"MA_Crossover(36,44)",3158.5000,3419.5000,-1.0000,-1.0000,-48.5000,48.5000,-3419.5000,5678.5000,5678.5000
2009-01-06,"MA_Crossover(36,44)",3359.5000,3620.5000,-1.0000,-1.0000,201.0000,-201.0000,-3620.5000,5477.5000,5477.5000
2009-01-07,"MA_Crossover(36,44)",3311.2500,3572.2500,-1.0000,-1.0000,-48.2500,48.2500,-3572.2500,5525.7500,5525.7500
2009-01-08,"MA_Crossover(36,44)",3165.2500,3426.2500,-1.0000,-1.0000,-146.0000,146.0000,-3426.2500,5671.7500,5671.7500
2009-01-09,"MA_Crossover(36,44)",3370.7500,3631.7500,-1.0000,-1.0000,205.5000,-205.5000,-3631.7500,5466.2500,5466.2500
2009-01-12,"MA_Crossover(36,44)",3211.7500,3472.7500,-1.0000,-1.0000,-159.0000,159.0000,-3472.7500,5625.2500,5625.2500
2009-01-13,"MA_Crossover(36,44)",3336.7500,3597.7500,-1.0000,-1.0000,125.0000,-125.0000,-3597.7500,5500.2500,5500.2500
2009-01-14,"MA_Crossover(36,44)",3254.0000,3515.0000,-1.0000,-1.0000,-82.7500,82.7500,-3515.0000,5583.0000,5583.0000
2009-01-15,"MA_Crossover(36,44)",3248.5000,3509.5000,-1.0000,-1.0000,-5.5000,5.5000,-3509.5000,5588.5000,5588.5000
2009-01-16,"MA_Crossover(36,44)",3323.5000,3584.5000,-1.0000,-1.0000,75.0000,-75.0000,-3584.5000,5513.5000,5513.5000
2009-01-19,"MA_Crossover(36,44)",3397.5000,3658.5000,-1.0000,-1.0000,74.0000,-74.0000,-3658.5000,5439.5000,5439.5000
2009-01-20,"MA_Crossover(36,44)",3319.5000,3581.0000,-1.0000,-1.0000,-77.5000,77.5000,-3581.0000,5517.0000,5517.0000
2009-01-21,"MA_Crossover(36,44)",3196.5000,3458.5000,-1.0000,-1.0000,-122.5000,122.5000,-3458.5000,5639.5000,5639.5000
2009-01-22,"MA_Crossover(36,44)",3064.7500,3327.0000,-1.0000,-1.0000,-131.5000,131.5000,-3327.0000,5771.0000,5771.0000
2009-01-23,"MA_Crossover(36,44)",3226.7500,3477.2500,-1.0000,-1.0000,150.2500,-150.2500,-3477.2500,5620.7500,5620.7500
2009-01-26,"MA_Crossover(36,44)",3529.0000,3779.5000,-1.0000,-1.0000,302.2500,-302.2500,-3779.5000,5318.5000,5318.5000
2009-01-27,"MA_Crossover(36,44)",3283.0000,3533.5000,-1.0000,-1.0000,-246.0000,246.0000,-3533.5000,5564.5000,5564.5000
2009-01-28,"MA_Crossover(36,44)",3302.5000,3553.0000,-1.0000,-1.0000,19.5000,-19.5000,-3553.0000,5545.0000,5545.0000
2009-01-29,"MA_Crossover(36,44)",3201.5000,3452.0000,-1.0000,-1.0000,-101.0000,101.0000,-3452.0000,5646.0000,5646.0000
2009-01-30,"MA_Crossover(36,44)",3125.7500,3376.2500,-1.0000,-1.0000,-75.7500,75.7500,-3376.2500,5721.7500,5721.7500
2009-02-02,"MA_Crossover(36,44)",3146.7500,3397.2500,-1.0000,-1.0000,21.0000,-21.0000,-3397.2500,5700.7500,5700.7500
2009-02-03,"MA_Crossover(36,44)",3344.5000,3595.0000,-1.0000,-1.0000,197.7500,-197.7500,-3595.0000,5503.0000,5503.0000
2009-02-04,"MA_Crossover(36,44)",3386.0000,3636.5000,-1.0000,-1.0000,41.5000,-41.5000,-3636.5000,5461.5000,5461.5000
2009-02-05,"MA_Crossover(36,44)",3300.2500,3550.7500,-1.0000,-1.0000,-85.7500,85.7500,-3550.7500,5547.2500,5547.2500
2009-02-06,"MA_Crossover(36,44)",3510.0000,3760.5000,-1.0000,-1.0000,209.7500,-209.7500,-3760.5000,5337.5000,5337.5000
2009-02-09,"MA_Crossover(36,44)",3547.2500,3797.7500,1.0000,-1.0000,37.2500,-37.2500,-3797.7500,5300.2500,5300.2500
2009-02-10,"MA_Crossover(36,44)",3450.0000,3700.5000,1.0000,1.0000,-97.2500,-97.2500,3700.5000,5203.0000,5203.0000
2009-02-11,"MA_Crossover(36,44)",3423.2500,3673.7500,1.0000,1.0000,-26.7500,-26.7500,3673.7500,5176.2500,5176.2500
2009-02-12,"MA_Crossover(36,44)",3378.0000,3628.5000,1.0000,1.0000,-45.2500,-45.2500,3628.5000,5131.0000,5131.0000
2009-02-13,"MA_Crossover(36,44)",3392.5000,3643.0000,1.0000,1.0000,14.5000,14.5000,3643.0000,5145.5000,5145.5000
2009-02-16,"MA_Crossover(36,44)",3290.7500,3541.2500,1.0000,1.0000,-101.7500,-101.7500,3541.2500,5043.7500,5043.7500
2009-02-17,"MA_Crossover(36,44)",3158.7500,3409.0000,1.0000,1.0000,-132.2500,-132.2500,3409.0000,4911.5000,4911.5000
2009-02-18,"MA_Crossover(36,44)",3209.0000,3459.0000,1.0000,1.0000,50.0000,50.0000,3459.0000,4961.5000,4961.5000
2009-02-19,"MA_Crossover(36,44)",3265.2500,3515.0000,1.0000,1.0000,56.0000,56.0000,3515.0000,5017.5000,5017.5000
2009-02-20,"MA_Crossover(36,44)",3125.2500,3362.0000,1.0000,1.0000,-153.0000,-153.0000,3362.0000,4864.5000,4864.5000
2009-02-23,"MA_Crossover(36,44)",3205.7500,3442.5000,1.0000,1.0000,80.5000,80.5000,3442.5000,4945.0000,4945.0000
2009-02-24,"MA_Crossover(36,44)",3259.5000,3496.2500,1.0000,1.0000,53.7500,53.7500,3496.2500,4998.7500,4998.7500
2009-02-25,"MA_Crossover(36,44)",3385.7500,3622.5000,1.0000,1.0000,126.2500,126.2500,3622.5000,5125.0000,5125.0000
2009-02-26,"MA_Crossover(36,44)",3477.0000,3713.7500,1.0000,1.0000,91.2500,91.2500,3713.7500,5216.2500,5216.2500
2009-02-27,"MA_Crossover(36,44)",3426.5000,3663.2500,1.0000,1.0000,-50.5000,-50.5000,3663.2500,5165.7500,5165.7500
2009-03-02,"MA_Crossover(36,44)",3362.2500,3599.0000,1.0000,1.0000,-64.2500,-64.2500,3599.0000,5101.5000,5101.5000
2009-03-03,"MA_Crossover(36,44)",3520.0000,3756.7500,1.0000,1.0000,157.7500,157.7500,3756.7500,5259.2500,5259.2500
2009-03-04,"MA_Crossover(36,44)",3728.0000,3964.7500,1.0000,1.0000,208.0000,208.0000,3964.7500,5467.2500,5467.2500
2009-03-05,"MA_Crossover(36,44)",3665.5000,3902.2500,1.0000,1.0000,-62.5000,-62.5000,3902.2500,5404.7500,5404.7500
2009-03-06,"MA_Crossover(36,44)",3698.2500,3935.0000,1.0000,1.0000,32.7500,32.7500,3935.0000,5437.5000,5437.5000
2009-03-09,"MA_Crossover(36,44)",3584.7500,3821.5000,1.0000,1.0000,-113.5000,-113.5000,3821.5000,5324.0000,5324.0000
2009-03-10,"MA_Crossover(36,44)",3692.2500,3929.0000,1.0000,1.0000,107.5000,107.5000,3929.0000,5431.5000,5431.5000
2009-03-11,"MA_Crossover(36,44)",3560.2500,3797.0000,1.0000,1.0000,-132.0000,-132.0000,3797.0000,5299.5000,5299.5000
2009-03-12,"MA_Crossover(36,44)",3549.5000,3786.2500,1.0000,1.0000,-10.7500,-10.7500,3786.2500,5288.7500,5288.7500
2009-03-13,"MA_Crossover(36,44)",3641.0000,3877.7500,1.0000,1.0000,91.5000,91.5000,3877.7500,5380.2500,5380.2500
2009-03-16,"MA_Crossover(36,44)",3800.7500,4037.5000,1.0000,1.0000,159.7500,159.7500,4037.5000,5540.0000,5540.0000
2009-03-17,"MA_Crossover(36,44)",3781.7500,4017.5000,1.0000,1.0000,-20.0000,-20.0000,4017.5000,5520.0000,5520.0000
2009-03-18,"MA_Crossover(36,44)",3733.5000,3970.0000,1.0000,1.0000,-47.5000,-47.5000,3970.0000,5472.5000,5472.5000
2009-03-19,"MA_Crossover(36,44)",3975.0000,4211.5000,1.0000,1.0000,241.5000,241.5000,4211.5000,5714.0000,5714.0000
2009-03-20,"MA_Crossover(36,44)",3931.5000,4156.0000,1.0000,1.0000,-55.5000,-55.5000,4156.0000,5658.5000,5658.5000
2009-03-23,"MA_Crossover(36,44)",4033.0000,4257.5000,1.0000,1.0000,101.5000,101.5000,4257.5000,5760.0000,5760.0000
2009-03-24,"MA_Crossover(36,44)",3948.0000,4172.5000,1.0000,1.0000,-85.0000,-85.0000,4172.5000,5675.0000,5675.0000
2009-03-25,"MA_Crossover(36,44)",3936.7500,4161.2500,1.0000,1.0000,-11.2500,-11.2500,4161.2500,5663.7500,5663.7500
2009-03-26,"MA_Crossover(36,44)",4057.2500,4281.7500,1.0000,1.0000,120.5000,120.5000,4281.7500,5784.2500,5784.2500
2009-03-27,"MA_Crossover(36,44)",4021.7500,4246.2500,1.0000,1.0000,-35.5000,-35.5000,4246.2500,5748.7500,5748.7500
2009-03-30,"MA_Crossover(36,44)",3879.2500,4103.7500,1.0000,1.0000,-142.5000,-142.5000,4103.7500,5606.2500,5606.2500
2009-03-31,"MA_Crossover(36,44)",4010.5000,4235.0000,1.0000,1.0000,131.2500,131.2500,4235.0000,5737.5000,5737.5000
2009-04-01,"MA_Crossover(36,44)",4031.7500,4256.2500,1.0000,1.0000,21.2500,21.2500,4256.2500,5758.7500,5758.7500
2009-04-02,"MA_Crossover(36,44)",4124.5000,4349.0000,1.0000,1.0000,92.7500,92.7500,4349.0000,5851.5000,5851.5000
2009-04-03,"MA_Crossover(36,44)",4278.7500,4503.2500,1.0000,1.0000,154.2500,154.2500,4503.2500,6005.7500,6005.7500
2009-04-06,"MA_Crossover(36,44)",4244.7500,4469.2500,1.0000,1.0000,-34.0000,-34.0000,4469.2500,5971.7500,5971.7500
2009-04-07,"MA_Crossover(36,44)",4351.7500,4576.2500,1.0000,1.0000,107.0000,107.0000,4576.2500,6078.7500,6078.7500
2009-04-08,"MA_Crossover(36,44)",4369.7500,4594.2500,1.0000,1.0000,18.0000,18.0000,4594.2500,6096.7500,6096.7500
2009-04-09,"MA_Crossover(36,44)",4529.2500,4753.7500,1.0000,1.0000,159.5000,159.5000,4753.7500,6256.2500,6256.2500
2009-04-14,"MA_Crossover(36,44)",4687.0000,4902.5000,1.0000,1.0000,148.7500,148.7500,4902.5000,6405.0000,6405.0000
2009-04-15,"MA_Crossover(36,44)",4816.5000,5026.5000,1.0000,1.0000,124.0000,124.0000,5026.5000,6529.0000,6529.0000
2009-04-16,"MA_Crossover(36,44)",4730.0000,4939.5000,1.0000,1.0000,-87.0000,-87.0000,4939.5000,6442.0000,6442.0000
2009-04-17,"MA_Crossover(36,44)",4820.0000,5029.5000,1.0000,1.0000,90.0000,90.0000,5029.5000,6532.0000,6532.0000
2009-04-20,"MA_Crossover(36,44)",4591.0000,4800.5000,1.0000,1.0000,-229.0000,-229.0000,4800.5000,6303.0000,6303.0000
2009-04-21,"MA_Crossover(36,44)",4516.0000,4725.5000,1.0000,1.0000,-75.0000,-75.0000,4725.5000,6228.0000,6228.0000
2009-04-22,"MA_Crossover(36,44)",4552.0000,4761.5000,1.0000,1.0000,36.0000,36.0000,4761.5000,6264.0000,6264.0000
2009-04-23,"MA_Crossover(36,44)",4344.5000,4554.0000,1.0000,1.0000,-207.5000,-207.5000,4554.0000,6056.5000,6056.5000
2009-04-24,"MA_Crossover(36,44)",4483.0000,4692.5000,1.0000,1.0000,138.5000,138.5000,4692.5000,6195.0000,6195.0000
2009-04-27,"MA_Crossover(36,44)",4350.5000,4560.0000,1.0000,1.0000,-132.5000,-132.5000,4560.0000,6062.5000,6062.5000
2009-04-28,"MA_Crossover(36,44)",4186.5000,4396.0000,1.0000,1.0000,-164.0000,-164.0000,4396.0000,5898.5000,5898.5000
2009-04-29,"MA_Crossover(36,44)",4375.5000,4585.0000,1.0000,1.0000,189.0000,189.0000,4585.0000,6087.5000,6087.5000
2009-04-30,"MA_Crossover(36,44)",4436.7500,4646.2500,1.0000,1.0000,61.2500,61.2500,4646.2500,6148.7500,6148.7500
2009-05-01,"MA_Crossover(36,44)",4608.5000,4818.0000,1.0000,1.0000,171.7500,171.7500,4818.0000,6320.5000,6320.5000
2009-05-05,"MA_Crossover(36,44)",4533.5000,4743.0000,1.0000,1.0000,-75.0000,-75.0000,4743.0000,6245.5000,6245.5000
2009-05-06,"MA_Crossover(36,44)",4747.5000,4957.0000,1.0000,1.0000,214.0000,214.0000,4957.0000,6459.5000,6459.5000
2009-05-07,"MA_Crossover(36,44)",4703.5000,4913.0000,1.0000,1.0000,-44.0000,-44.0000,4913.0000,6415.5000,6415.5000
2009-05-08,"MA_Crossover(36,44)",4670.0000,4879.5000,1.0000,1.0000,-33.5000,-33.5000,4879.5000,6382.0000,6382.0000
2009-05-11,"MA_Crossover(36,44)",4544.5000,4754.0000,1.0000,1.0000,-125.5000,-125.5000,4754.0000,6256.5000,6256.5000
2009-05-12,"MA_Crossover(36,44)",4576.2500,4785.7500,1.0000,1.0000,31.7500,31.7500,4785.7500,6288.2500,6288.2500
2009-05-13,"MA_Crossover(36,44)",4428.2500,4637.7500,1.0000,1.0000,-148.0000,-148.0000,4637.7500,6140.2500,6140.2500
2009-05-14,"MA_Crossover(36,44)",4441.0000,4650.5000,1.0000,1.0000,12.7500,12.7500,4650.5000,6153.0000,6153.0000
2009-05-15,"MA_Crossover(36,44)",4447.0000,4656.5000,1.0000,1.0000,6.0000,6.0000,4656.5000,6159.0000,6159.0000
2009-05-18,"MA_Crossover(36,44)",4508.5000,4718.0000,1.0000,1.0000,61.5000,61.5000,4718.0000,6220.5000,6220.5000
2009-05-19,"MA_Crossover(36,44)",4521.0000,4730.0000,1.0000,1.0000,12.0000,12.0000,4730.0000,6232.5000,6232.5000
2009-05-20,"MA_Crossover(36,44)",4630.0000,4840.0000,1.0000,1.0000,110.0000,110.0000,4840.0000,6342.5000,6342.5000
2009-05-21,"MA_Crossover(36,44)",4460.2500,4670.2500,1.0000,1.0000,-169.7500,-169.7500,4670.2500,6172.7500,6172.7500
2009-05-22,"MA_Crossover(36,44)",4607.5000,4809.5000,1.0000,1.0000,139.2500,139.2500,4809.5000,6312.0000,6312.0000
2009-05-26,"MA_Crossover(36,44)",4662.0000,4864.0000,1.0000,1.0000,54.5000,54.5000,4864.0000,6366.5000,6366.5000
2009-05-27,"MA_Crossover(36,44)",4660.5000,4862.5000,1.0000,1.0000,-1.5000,-1.5000,4862.5000,6365.0000,6365.0000
2009-05-28,"MA_Crossover(36,44)",4740.5000,4942.5000,1.0000,1.0000,80.0000,80.0000,4942.5000,6445.0000,6445.0000
2009-05-29,"MA_Crossover(36,44)",4819.0000,5021.0000,1.0000,1.0000,78.5000,78.5000,5021.0000,6523.5000,6523.5000
2009-06-01,"MA_Crossover(36,44)",5063.2500,5265.2500,1.0000,1.0000,244.2500,244.2500,5265.2500,6767.7500,6767.7500
2009-06-02,"MA_Crossover(36,44)",5036.0000,5238.0000,1.0000,1.0000,-27.2500,-27.2500,5238.0000,6740.5000,6740.5000
2009-06-03,"MA_Crossover(36,44)",4904.5000,5106.5000,1.0000,1.0000,-131.5000,-131.5000,5106.5000,6609.0000,6609.0000
2009-06-04,"MA_Crossover(36,44)",5008.2500,5210.2500,1.0000,1.0000,103.7500,103.7500,5210.2500,6712.7500,6712.7500
2009-06-05,"MA_Crossover(36,44)",4963.0000,5165.0000,1.0000,1.0000,-45.2500,-45.2500,5165.0000,6667.5000,6667.5000
2009-06-08,"MA_Crossover(36,44)",4963.5000,5165.5000,1.0000,1.0000,0.5000,0.5000,5165.5000,6668.0000,6668.0000
2009-06-09,"MA_Crossover(36,44)",5153.0000,5355.0000,1.0000,1.0000,189.5000,189.5000,5355.0000,6857.5000,6857.5000
2009-06-10,"MA_Crossover(36,44)",5150.2500,5352.2500,1.0000,1.0000,-2.7500,-2.7500,5352.2500,6854.7500,6854.7500
2009-06-11,"MA_Crossover(36,44)",5355.2500,5557.2500,1.0000,1.0000,205.0000,205.0000,5557.2500,7059.7500,7059.7500
2009-06-12,"MA_Crossover(36,44)",5212.5000,5414.5000,1.0000,1.0000,-142.7500,-142.7500,5414.5000,6917.0000,6917.0000
2009-06-15,"MA_Crossover(36,44)",4981.5000,5183.5000,1.0000,1.0000,-231.0000,-231.0000,5183.5000,6686.0000,6686.0000
2009-06-16,"MA_Crossover(36,44)",4966.2500,5164.2500,1.0000,1.0000,-19.2500,-19.2500,5164.2500,6666.7500,6666.7500
2009-06-17,"MA_Crossover(36,44)",4946.5000,5144.2500,1.0000,1.0000,-20.0000,-20.0000,5144.2500,6646.7500,6646.7500
2009-06-18,"MA_Crossover(36,44)",4956.5000,5154.2500,1.0000,1.0000,10.0000,10.0000,5154.2500,6656.7500,6656.7500
2009-06-19,"MA_Crossover(36,44)",5017.5000,5208.7500,1.0000,1.0000,54.5000,54.5000,5208.7500,6711.2500,6711.2500
2009-06-22,"MA_Crossover(36,44)",4747.0000,4938.2500,1.0000,1.0000,-270.5000,-270.5000,4938.2500,6440.7500,6440.7500
2009-06-23,"MA_Crossover(36,44)",4790.2500,4981.5000,1.0000,1.0000,43.2500,43.2500,4981.5000,6484.0000,6484.0000
2009-06-24,"MA_Crossover(36,44)",5041.5000,5232.7500,1.0000,1.0000,251.2500,251.2500,5232.7500,6735.2500,6735.2500
2009-06-25,"MA_Crossover(36,44)",5121.0000,5312.2500,1.0000,1.0000,79.5000,79.5000,5312.2500,6814.7500,6814.7500
2009-06-26,"MA_Crossover(36,44)",5024.0000,5215.2500,1.0000,1.0000,-97.0000,-97.0000,5215.2500,6717.7500,6717.7500
2009-06-29,"MA_Crossover(36,44)",5087.0000,5278.2500,1.0000,1.0000,63.0000,63.0000,5278.2500,6780.7500,6780.7500
2009-06-30,"MA_Crossover(36,44)",4954.0000,5145.2500,1.0000,1.0000,-133.0000,-133.0000,5145.2500,6647.7500,6647.7500
2009-07-01,"MA_Crossover(36,44)",5078.0000,5269.2500,1.0000,1.0000,124.0000,124.0000,5269.2500,6771.7500,6771.7500
2009-07-02,"MA_Crossover(36,44)",5023.2500,5214.5000,1.0000,1.0000,-54.7500,-54.7500,5214.5000,6717.0000,6717.0000
2009-07-03,"MA_Crossover(36,44)",4970.0000,5161.2500,1.0000,1.0000,-53.2500,-53.2500,5161.2500,6663.7500,6663.7500
2009-07-06,"MA_Crossover(36,44)",4958.5000,5149.7500,1.0000,1.0000,-11.5000,-11.5000,5149.7500,6652.2500,6652.2500
2009-07-07,"MA_Crossover(36,44)",4869.5000,5060.7500,1.0000,1.0000,-89.0000,-89.0000,5060.7500,6563.2500,6563.2500
2009-07-08,"MA_Crossover(36,44)",4713.0000,4904.2500,1.0000,1.0000,-156.5000,-156.5000,4904.2500,6406.7500,6406.7500
2009-07-09,"MA_Crossover(36,44)",4884.5000,5075.7500,1.0000,1.0000,171.5000,171.5000,5075.7500,6578.2500,6578.2500
2009-07-10,"MA_Crossover(36,44)",4857.0000,5048.2500,1.0000,1.0000,-27.5000,-27.5000,5048.2500,6550.7500,6550.7500
2009-07-13,"MA_Crossover(36,44)",4898.5000,5089.7500,1.0000,1.0000,41.5000,41.5000,5089.7500,6592.2500,6592.2500
2009-07-14,"MA_Crossover(36,44)",5044.0000,5244.2500,1.0000,1.0000,154.5000,154.5000,5244.2500,6746.7500,6746.7500
2009-07-15,"MA_Crossover(36,44)",5256.5000,5458.7500,1.0000,1.0000,214.5000,214.5000,5458.7500,6961.2500,6961.2500
2009-07-16,"MA_Crossover(36,44)",5256.5000,5458.2500,1.0000,1.0000,-0.5000,-0.5000,5458.2500,6960.7500,6960.7500
2009-07-17,"MA_Crossover(36,44)",5306.5000,5505.2500,1.0000,1.0000,47.0000,47.0000,5505.2500,7007.7500,7007.7500
2009-07-20,"MA_Crossover(36,44)",5342.7500,5541.5000,1.0000,1.0000,36.2500,36.2500,5541.5000,7044.0000,7044.0000
2009-07-21,"MA_Crossover(36,44)",5390.5000,5589.2500,1.0000,1.0000,47.7500,47.7500,5589.2500,7091.7500,7091.7500
2009-07-22,"MA_Crossover(36,44)",5494.0000,5692.7500,1.0000,1.0000,103.5000,103.5000,5692.7500,7195.2500,7195.2500
2009-07-23,"MA_Crossover(36,44)",5530.5000,5729.2500,1.0000,1.0000,36.5000,36.5000,5729.2500,7231.7500,7231.7500
2009-07-24,"MA_Crossover(36,44)",5524.0000,5722.7500,1.0000,1.0000,-6.5000,-6.5000,5722.7500,7225.2500,7225.2500
2009-07-27,"MA_Crossover(36,44)",5602.0000,5800.7500,1.0000,1.0000,78.0000,78.0000,5800.7500,7303.2500,7303.2500
2009-07-28,"MA_Crossover(36,44)",5525.0000,5723.7500,1.0000,1.0000,-77.0000,-77.0000,5723.7500,7226.2500,7226.2500
2009-07-29,"MA_Crossover(36,44)",5415.0000,5613.7500,1.0000,1.0000,-110.0000,-110.0000,5613.7500,7116.2500,7116.2500
2009-07-30,"MA_Crossover(36,44)",5610.0000,5808.7500,1.0000,1.0000,195.0000,195.0000,5808.7500,7311.2500,7311.2500
2009-07-31,"MA_Crossover(36,44)",5724.0000,5922.7500,1.0000,1.0000,114.0000,114.0000,5922.7500,7425.2500,7425.2500
2009-08-03,"MA_Crossover(36,44)",6006.0000,6204.7500,1.0000,1.0000,282.0000,282.0000,6204.7500,7707.2500,7707.2500
2009-08-04,"MA_Crossover(36,44)",6051.0000,6249.7500,1.0000,1.0000,45.0000,45.0000,6249.7500,7752.2500,7752.2500
2009-08-05,"MA_Crossover(36,44)",6201.0000,6399.7500,1.0000,1.0000,150.0000,150.0000,6399.7500,7902.2500,7902.2500
2009-08-06,"MA_Crossover(36,44)",6022.5000,6221.2500,1.0000,1.0000,-178.5000,-178.5000,6221.2500,7723.7500,7723.7500
2009-08-07,"MA_Crossover(36,44)",6146.0000,6344.7500,1.0000,1.0000,123.5000,123.5000,6344.7500,7847.2500,7847.2500
2009-08-10,"MA_Crossover(36,44)",6130.0000,6328.7500,1.0000,1.0000,-16.0000,-16.0000,6328.7500,7831.2500,7831.2500
2009-08-11,"MA_Crossover(36,44)",6034.5000,6233.2500,1.0000,1.0000,-95.5000,-95.5000,6233.2500,7735.7500,7735.7500
2009-08-12,"MA_Crossover(36,44)",6193.0000,6391.7500,1.0000,1.0000,158.5000,158.5000,6391.7500,7894.2500,7894.2500
2009-08-13,"MA_Crossover(36,44)",6384.5000,6583.2500,1.0000,1.0000,191.5000,191.5000,6583.2500,8085.7500,8085.7500
2009-08-14,"MA_Crossover(36,44)",6252.5000,6451.2500,1.0000,1.0000,-132.0000,-132.0000,6451.2500,7953.7500,7953.7500
2009-08-17,"MA_Crossover(36,44)",6054.5000,6253.2500,1.0000,1.0000,-198.0000,-198.0000,6253.2500,7755.7500,7755.7500
2009-08-18,"MA_Crossover(36,44)",6088.0000,6281.7500,1.0000,1.0000,28.5000,28.5000,6281.7500,7784.2500,7784.2500
2009-08-19,"MA_Crossover(36,44)",5989.0000,6182.7500,1.0000,1.0000,-99.0000,-99.0000,6182.7500,7685.2500,7685.2500
2009-08-20,"MA_Crossover(36,44)",6057.5000,6251.2500,1.0000,1.0000,68.5000,68.5000,6251.2500,7753.7500,7753.7500
2009-08-21,"MA_Crossover(36,44)",6277.5000,6474.2500,1.0000,1.0000,223.0000,223.0000,6474.2500,7976.7500,7976.7500
2009-08-24,"MA_Crossover(36,44)",6429.5000,6626.2500,1.0000,1.0000,152.0000,152.0000,6626.2500,8128.7500,8128.7500
2009-08-25,"MA_Crossover(36,44)",6309.5000,6506.2500,1.0000,1.0000,-120.0000,-120.0000,6506.2500,8008.7500,8008.7500
2009-08-26,"MA_Crossover(36,44)",6287.0000,6483.7500,1.0000,1.0000,-22.5000,-22.5000,6483.7500,7986.2500,7986.2500
2009-08-27,"MA_Crossover(36,44)",6265.0000,6461.7500,1.0000,1.0000,-22.0000,-22.0000,6461.7500,7964.2500,7964.2500
2009-08-28,"MA_Crossover(36,44)",6470.5000,6667.2500,1.0000,1.0000,205.5000,205.5000,6667.2500,8169.7500,8169.7500
2009-09-01,"MA_Crossover(36,44)",6193.5000,6390.2500,1.0000,1.0000,-277.0000,-277.0000,6390.2500,7892.7500,7892.7500
2009-09-02,"MA_Crossover(36,44)",6165.5000,6362.2500,1.0000,1.0000,-28.0000,-28.0000,6362.2500,7864.7500,7864.7500
2009-09-03,"MA_Crossover(36,44)",6247.0000,6443.7500,1.0000,1.0000,81.5000,81.5000,6443.7500,7946.2500,7946.2500
2009-09-04,"MA_Crossover(36,44)",6267.5000,6464.2500,1.0000,1.0000,20.5000,20.5000,6464.2500,7966.7500,7966.7500
2009-09-07,"MA_Crossover(36,44)",6317.5000,6514.2500,1.0000,1.0000,50.0000,50.0000,6514.2500,8016.7500,8016.7500
2009-09-08,"MA_Crossover(36,44)",6467.2500,6664.0000,1.0000,1.0000,149.7500,149.7500,6664.0000,8166.5000,8166.5000
2009-09-09,"MA_Crossover(36,44)",6402.5000,6599.2500,1.0000,1.0000,-64.7500,-64.7500,6599.2500,8101.7500,8101.7500
2009-09-10,"MA_Crossover(36,44)",6279.0000,6475.7500,1.0000,1.0000,-123.5000,-123.5000,6475.7500,7978.2500,7978.2500
2009-09-11,"MA_Crossover(36,44)",6235.5000,6432.2500,1.0000,1.0000,-43.5000,-43.5000,6432.2500,7934.7500,7934.7500
2009-09-14,"MA_Crossover(36,44)",6123.7500,6320.5000,1.0000,1.0000,-111.7500,-111.7500,6320.5000,7823.0000,7823.0000
2009-09-15,"MA_Crossover(36,44)",6195.5000,6392.0000,1.0000,1.0000,71.5000,71.5000,6392.0000,7894.5000,7894.5000
2009-09-16,"MA_Crossover(36,44)",6412.0000,6607.5000,1.0000,1.0000,215.5000,215.5000,6607.5000,8110.0000,8110.0000
2009-09-17,"MA_Crossover(36,44)",6374.7500,6570.7500,1.0000,1.0000,-36.7500,-36.7500,6570.7500,8073.2500,8073.2500
2009-09-18,"MA_Crossover(36,44)",6163.7500,6353.7500,1.0000,1.0000,-217.0000,-217.0000,6353.7500,7856.2500,7856.2500
2009-09-21,"MA_Crossover(36,44)",6179.2500,6369.2500,1.0000,1.0000,15.5000,15.5000,6369.2500,7871.7500,7871.7500
2009-09-22,"MA_Crossover(36,44)",6261.0000,6451.0000,1.0000,1.0000,81.7500,81.7500,6451.0000,7953.5000,7953.5000
2009-09-23,"MA_Crossover(36,44)",6118.7500,6308.7500,1.0000,1.0000,-142.2500,-142.2500,6308.7500,7811.2500,7811.2500
2009-09-24,"MA_Crossover(36,44)",5952.5000,6142.5000,1.0000,1.0000,-166.2500,-166.2500,6142.5000,7645.0000,7645.0000
2009-09-25,"MA_Crossover(36,44)",5983.0000,6173.0000,1.0000,1.0000,30.5000,30.5000,6173.0000,7675.5000,7675.5000
2009-09-28,"MA_Crossover(36,44)",6003.0000,6193.0000,1.0000,1.0000,20.0000,20.0000,6193.0000,7695.5000,7695.5000
2009-09-29,"MA_Crossover(36,44)",5969.0000,6159.0000,1.0000,1.0000,-34.0000,-34.0000,6159.0000,7661.5000,7661.5000
2009-09-30,"MA_Crossover(36,44)",6153.5000,6343.5000,1.0000,1.0000,184.5000,184.5000,6343.5000,7846.0000,7846.0000
2009-10-01,"MA_Crossover(36,44)",5974.5000,6164.5000,1.0000,1.0000,-179.0000,-179.0000,6164.5000,7667.0000,7667.0000
2009-10-02,"MA_Crossover(36,44)",5865.7500,6055.7500,1.0000,1.0000,-108.7500,-108.7500,6055.7500,7558.2500,7558.2500
2009-10-05,"MA_Crossover(36,44)",5905.7500,6095.7500,1.0000,1.0000,40.0000,40.0000,6095.7500,7598.2500,7598.2500
2009-10-06,"MA_Crossover(36,44)",6101.0000,6291.0000,1.0000,1.0000,195.2500,195.2500,6291.0000,7793.5000,7793.5000
2009-10-07,"MA_Crossover(36,44)",6079.0000,6269.0000,1.0000,1.0000,-22.0000,-22.0000,6269.0000,7771.5000,7771.5000
2009-10-08,"MA_Crossover(36,44)",6315.2500,6505.2500,1.0000,1.0000,236.2500,236.2500,6505.2500,8007.7500,8007.7500
2009-10-09,"MA_Crossover(36,44)",6219.5000,6409.5000,1.0000,1.0000,-95.7500,-95.7500,6409.5000,7912.0000,7912.0000
2009-10-12,"MA_Crossover(36,44)",6263.0000,6453.0000,1.0000,1.0000,43.5000,43.5000,6453.0000,7955.5000,7955.5000
2009-10-13,"MA_Crossover(36,44)",6122.5000,6312.5000,1.0000,1.0000,-140.5000,-140.5000,6312.5000,7815.0000,7815.0000
2009-10-14,"MA_Crossover(36,44)",6203.0000,6393.0000,-1.0000,1.0000,80.5000,80.5000,6393.0000,7895.5000,7895.5000
2009-10-15,"MA_Crossover(36,44)",6269.7500,6459.7500,1.0000,-1.0000,66.7500,-66.7500,-6459.7500,7828.7500,7828.7500
2009-10-16,"MA_Crossover(36,44)",6210.5000,6400.5000,1.0000,1.0000,-59.2500,-59.2500,6400.5000,7769.5000,7769.5000
2009-10-19,"MA_Crossover(36,44)",6453.0000,6643.0000,-1.0000,1.0000,242.5000,242.5000,6643.0000,8012.0000,8012.0000
2009-10-20,"MA_Crossover(36,44)",6404.0000,6594.0000,-1.0000,-1.0000,-49.0000,49.0000,-6594.0000,8061.0000,8061.0000
2009-10-21,"MA_Crossover(36,44)",6576.2500,6767.5000,-1.0000,-1.0000,173.5000,-173.5000,-6767.5000,7887.5000,7887.5000
2009-10-22,"MA_Crossover(36,44)",6576.5000,6767.5000,-1.0000,-1.0000,0.0000,-0.0000,-6767.5000,7887.5000,7887.5000
2009-10-23,"MA_Crossover(36,44)",6635.2500,6819.2500,-1.0000,-1.0000,51.7500,-51.7500,-6819.2500,7835.7500,7835.7500
2009-10-26,"MA_Crossover(36,44)",6595.0000,6779.0000,-1.0000,-1.0000,-40.2500,40.2500,-6779.0000,7876.0000,7876.0000
2009-10-27,"MA_Crossover(36,44)",6564.0000,6748.0000,-1.0000,-1.0000,-31.0000,31.0000,-6748.0000,7907.0000,7907.0000
2009-10-28,"MA_Crossover(36,44)",6413.5000,6597.5000,-1.0000,-1.0000,-150.5000,150.5000,-6597.5000,8057.5000,8057.5000
2009-10-29,"MA_Crossover(36,44)",6648.0000,6832.0000,-1.0000,-1.0000,234.5000,-234.5000,-6832.0000,7823.0000,7823.0000
2009-10-30,"MA_Crossover(36,44)",6463.2500,6647.2500,-1.0000,-1.0000,-184.7500,184.7500,-6647.2500,8007.7500,8007.7500
2009-11-02,"MA_Crossover(36,44)",6537.5000,6721.5000,-1.0000,-1.0000,74.2500,-74.2500,-6721.5000,7933.5000,7933.5000
2009-11-03,"MA_Crossover(36,44)",6442.2500,6626.2500,-1.0000,-1.0000,-95.2500,95.2500,-6626.2500,8028.7500,8028.7500
2009-11-04,"MA_Crossover(36,44)",6557.5000,6741.5000,-1.0000,-1.0000,115.2500,-115.2500,-6741.5000,7913.5000,7913.5000
2009-11-05,"MA_Crossover(36,44)",6514.7500,6698.7500,-1.0000,-1.0000,-42.7500,42.7500,-6698.7500,7956.2500,7956.2500
2009-11-06,"MA_Crossover(36,44)",6473.2500,6657.2500,-1.0000,-1.0000,-41.5000,41.5000,-6657.2500,7997.7500,7997.7500
2009-11-09,"MA_Crossover(36,44)",6519.7500,6703.7500,1.0000,-1.0000,46.5000,-46.5000,-6703.7500,7951.2500,7951.2500
2009-11-10,"MA_Crossover(36,44)",6509.5000,6693.5000,1.0000,1.0000,-10.2500,-10.2500,6693.5000,7941.0000,7941.0000
2009-11-11,"MA_Crossover(36,44)",6518.5000,6702.5000,1.0000,1.0000,9.0000,9.0000,6702.5000,7950.0000,7950.0000
2009-11-12,"MA_Crossover(36,44)",6481.2500,6665.2500,1.0000,1.0000,-37.2500,-37.2500,6665.2500,7912.7500,7912.7500
2009-11-13,"MA_Crossover(36,44)",6501.0000,6685.0000,1.0000,1.0000,19.7500,19.7500,6685.0000,7932.5000,7932.5000
2009-11-16,"MA_Crossover(36,44)",6830.7500,7014.7500,1.0000,1.0000,329.7500,329.7500,7014.7500,8262.2500,8262.2500
2009-11-17,"MA_Crossover(36,44)",6808.5000,7001.5000,1.0000,1.0000,-13.2500,-13.2500,7001.5000,8249.0000,8249.0000
2009-11-18,"MA_Crossover(36,44)",6861.5000,7055.0000,1.0000,1.0000,53.5000,53.5000,7055.0000,8302.5000,8302.5000
2009-11-19,"MA_Crossover(36,44)",6774.7500,6968.7500,1.0000,1.0000,-86.2500,-86.2500,6968.7500,8216.2500,8216.2500
2009-11-20,"MA_Crossover(36,44)",6824.7500,7006.7500,1.0000,1.0000,38.0000,38.0000,7006.7500,8254.2500,8254.2500
2009-11-23,"MA_Crossover(36,44)",6924.0000,7106.0000,1.0000,1.0000,99.2500,99.2500,7106.0000,8353.5000,8353.5000
2009-11-24,"MA_Crossover(36,44)",6845.0000,7027.0000,1.0000,1.0000,-79.0000,-79.0000,7027.0000,8274.5000,8274.5000
2009-11-25,"MA_Crossover(36,44)",6959.7500,7141.7500,1.0000,1.0000,114.7500,114.7500,7141.7500,8389.2500,8389.2500
2009-11-26,"MA_Crossover(36,44)",6795.0000,6977.0000,1.0000,1.0000,-164.7500,-164.7500,6977.0000,8224.5000,8224.5000
2009-11-27,"MA_Crossover(36,44)",6829.0000,7011.0000,1.0000,1.0000,34.0000,34.0000,7011.0000,8258.5000,8258.5000
2009-11-30,"MA_Crossover(36,44)",6904.7500,7086.7500,1.0000,1.0000,75.7500,75.7500,7086.7500,8334.2500,8334.2500
2009-12-01,"MA_Crossover(36,44)",7050.0000,7232.0000,1.0000,1.0000,145.2500,145.2500,7232.0000,8479.5000,8479.5000
2009-12-02,"MA_Crossover(36,44)",7096.2500,7278.2500,1.0000,1.0000,46.2500,46.2500,7278.2500,8525.7500,8525.7500
2009-12-03,"MA_Crossover(36,44)",7049.7500,7231.7500,1.0000,1.0000,-46.5000,-46.5000,7231.7500,8479.2500,8479.2500
2009-12-04,"MA_Crossover(36,44)",7007.5000,7189.5000,1.0000,1.0000,-42.2500,-42.2500,7189.5000,8437.0000,8437.0000
2009-12-07,"MA_Crossover(36,44)",6962.5000,7144.5000,1.0000,1.0000,-45.0000,-45.0000,7144.5000,8392.0000,8392.0000
2009-12-08,"MA_Crossover(36,44)",6939.0000,7121.0000,1.0000,1.0000,-23.5000,-23.5000,7121.0000,8368.5000,8368.5000
2009-12-09,"MA_Crossover(36,44)",6907.5000,7089.5000,1.0000,1.0000,-31.5000,-31.5000,7089.5000,8337.0000,8337.0000
2009-12-10,"MA_Crossover(36,44)",6771.5000,6953.5000,1.0000,1.0000,-136.0000,-136.0000,6953.5000,8201.0000,8201.0000
2009-12-11,"MA_Crossover(36,44)",6796.5000,6978.5000,1.0000,1.0000,25.0000,25.0000,6978.5000,8226.0000,8226.0000
2009-12-14,"MA_Crossover(36,44)",6872.0000,7054.0000,1.0000,1.0000,75.5000,75.5000,7054.0000,8301.5000,8301.5000
2009-12-15,"MA_Crossover(36,44)",6874.2500,7048.2500,1.0000,1.0000,-5.7500,-5.7500,7048.2500,8295.7500,8295.7500
2009-12-16,"MA_Crossover(36,44)",7018.0000,7191.7500,1.0000,1.0000,143.5000,143.5000,7191.7500,8439.2500,8439.2500
2009-12-17,"MA_Crossover(36,44)",6848.0000,7022.0000,1.0000,1.0000,-169.7500,-169.7500,7022.0000,8269.5000,8269.5000
2009-12-18,"MA_Crossover(36,44)",6822.0000,6984.0000,1.0000,1.0000,-38.0000,-38.0000,6984.0000,8231.5000,8231.5000
2009-12-21,"MA_Crossover(36,44)",6912.7500,7074.7500,1.0000,1.0000,90.7500,90.7500,7074.7500,8322.2500,8322.2500
2009-12-22,"MA_Crossover(36,44)",6859.5000,7021.5000,1.0000,1.0000,-53.2500,-53.2500,7021.5000,8269.0000,8269.0000
2009-12-23,"MA_Crossover(36,44)",6980.2500,7142.2500,1.0000,1.0000,120.7500,120.7500,7142.2500,8389.7500,8389.7500
2009-12-24,"MA_Crossover(36,44)",7051.0000,7213.0000,1.0000,1.0000,70.7500,70.7500,7213.0000,8460.5000,8460.5000
2009-12-29,"MA_Crossover(36,44)",7251.7500,7413.7500,1.0000,1.0000,200.7500,200.7500,7413.7500,8661.2500,8661.2500
2009-12-30,"MA_Crossover(36,44)",7305.5000,7467.5000,1.0000,1.0000,53.7500,53.7500,7467.5000,8715.0000,8715.0000
2009-12-31,"MA_Crossover(36,44)",7351.5000,7513.5000,1.0000,1.0000,46.0000,46.0000,7513.5000,8761.0000,8761.0000
2010-01-04,"MA_Crossover(36,44)",7475.2500,7637.2500,1.0000,1.0000,123.7500,123.7500,7637.2500,8884.7500,8884.7500
2010-01-05,"MA_Crossover(36,44)",7458.7500,7620.7500,1.0000,1.0000,-16.5000,-16.5000,7620.7500,8868.2500,8868.2500
2010-01-06,"MA_Crossover(36,44)",7638.0000,7800.0000,1.0000,1.0000,179.2500,179.2500,7800.0000,9047.5000,9047.5000
2010-01-07,"MA_Crossover(36,44)",7511.2500,7673.2500,1.0000,1.0000,-126.7500,-126.7500,7673.2500,8920.7500,8920.7500
2010-01-08,"MA_Crossover(36,44)",7437.5000,7599.5000,1.0000,1.0000,-73.7500,-73.7500,7599.5000,8847.0000,8847.0000
2010-01-11,"MA_Crossover(36,44)",7542.0000,7704.0000,1.0000,1.0000,104.5000,104.5000,7704.0000,8951.5000,8951.5000
2010-01-12,"MA_Crossover(36,44)",7430.5000,7592.5000,1.0000,1.0000,-111.5000,-111.5000,7592.5000,8840.0000,8840.0000
2010-01-13,"MA_Crossover(36,44)",7462.0000,7624.0000,1.0000,1.0000,31.5000,31.5000,7624.0000,8871.5000,8871.5000
2010-01-14,"MA_Crossover(36,44)",7466.2500,7628.2500,1.0000,1.0000,4.2500,4.2500,7628.2500,8875.7500,8875.7500
2010-01-15,"MA_Crossover(36,44)",7403.2500,7565.2500,1.0000,1.0000,-63.0000,-63.0000,7565.2500,8812.7500,8812.7500
2010-01-18,"MA_Crossover(36,44)",7474.2500,7636.2500,1.0000,1.0000,71.0000,71.0000,7636.2500,8883.7500,8883.7500
2010-01-19,"MA_Crossover(36,44)",7529.7500,7689.2500,1.0000,1.0000,53.0000,53.0000,7689.2500,8936.7500,8936.7500
2010-01-20,"MA_Crossover(36,44)",7359.2500,7518.5000,1.0000,1.0000,-170.7500,-170.7500,7518.5000,8766.0000,8766.0000
2010-01-21,"MA_Crossover(36,44)",7259.2500,7418.2500,1.0000,1.0000,-100.2500,-100.2500,7418.2500,8665.7500,8665.7500
2010-01-22,"MA_Crossover(36,44)",7375.7500,7526.7500,1.0000,1.0000,108.5000,108.5000,7526.7500,8774.2500,8774.2500
2010-01-25,"MA_Crossover(36,44)",7450.2500,7601.2500,1.0000,1.0000,74.5000,74.5000,7601.2500,8848.7500,8848.7500
2010-01-26,"MA_Crossover(36,44)",7366.0000,7517.0000,1.0000,1.0000,-84.2500,-84.2500,7517.0000,8764.5000,8764.5000
2010-01-27,"MA_Crossover(36,44)",7214.7500,7365.7500,1.0000,1.0000,-151.2500,-151.2500,7365.7500,8613.2500,8613.2500
2010-01-28,"MA_Crossover(36,44)",6883.5000,7034.5000,1.0000,1.0000,-331.2500,-331.2500,7034.5000,8282.0000,8282.0000
2010-01-29,"MA_Crossover(36,44)",6730.2500,6881.2500,1.0000,1.0000,-153.2500,-153.2500,6881.2500,8128.7500,8128.7500
2010-02-01,"MA_Crossover(36,44)",6774.7500,6925.7500,1.0000,1.0000,44.5000,44.5000,6925.7500,8173.2500,8173.2500
2010-02-02,"MA_Crossover(36,44)",6800.0000,6951.0000,1.0000,1.0000,25.2500,25.2500,6951.0000,8198.5000,8198.5000
2010-02-03,"MA_Crossover(36,44)",6572.5000,6723.5000,1.0000,1.0000,-227.5000,-227.5000,6723.5000,7971.0000,7971.0000
2010-02-04,"MA_Crossover(36,44)",6371.0000,6522.0000,1.0000,1.0000,-201.5000,-201.5000,6522.0000,7769.5000,7769.5000
2010-02-05,"MA_Crossover(36,44)",6262.5000,6413.5000,1.0000,1.0000,-108.5000,-108.5000,6413.5000,7661.0000,7661.0000
2010-02-08,"MA_Crossover(36,44)",6430.5000,6581.5000,1.0000,1.0000,168.0000,168.0000,6581.5000,7829.0000,7829.0000
2010-02-09,"MA_Crossover(36,44)",6570.5000,6721.5000,1.0000,1.0000,140.0000,140.0000,6721.5000,7969.0000,7969.0000
2010-02-10,"MA_Crossover(36,44)",6515.5000,6666.5000,1.0000,1.0000,-55.0000,-55.0000,6666.5000,7914.0000,7914.0000
2010-02-11,"MA_Crossover(36,44)",6922.0000,7073.0000,1.0000,1.0000,406.5000,406.5000,7073.0000,8320.5000,8320.5000
2010-02-12,"MA_Crossover(36,44)",6795.7500,6946.7500,1.0000,1.0000,-126.2500,-126.2500,6946.7500,8194.2500,8194.2500
2010-02-15,"MA_Crossover(36,44)",6846.7500,6997.7500,1.0000,1.0000,51.0000,51.0000,6997.7500,8245.2500,8245.2500
2010-02-16,"MA_Crossover(36,44)",7130.0000,7282.5000,1.0000,1.0000,284.7500,284.7500,7282.5000,8530.0000,8530.0000
2010-02-17,"MA_Crossover(36,44)",7113.5000,7267.0000,1.0000,1.0000,-15.5000,-15.5000,7267.0000,8514.5000,8514.5000
2010-02-18,"MA_Crossover(36,44)",7248.5000,7402.0000,1.0000,1.0000,135.0000,135.0000,7402.0000,8649.5000,8649.5000
2010-02-19,"MA_Crossover(36,44)",7416.5000,7560.5000,1.0000,1.0000,158.5000,158.5000,7560.5000,8808.0000,8808.0000
2010-02-22,"MA_Crossover(36,44)",7313.5000,7457.5000,1.0000,1.0000,-103.0000,-103.0000,7457.5000,8705.0000,8705.0000
2010-02-23,"MA_Crossover(36,44)",7114.0000,7258.0000,-1.0000,1.0000,-199.5000,-199.5000,7258.0000,8505.5000,8505.5000
2010-02-24,"MA_Crossover(36,44)",7134.0000,7278.0000,-1.0000,-1.0000,20.0000,-20.0000,-7278.0000,8485.5000,8485.5000
2010-02-25,"MA_Crossover(36,44)",6979.0000,7123.0000,-1.0000,-1.0000,-155.0000,155.0000,-7123.0000,8640.5000,8640.5000
2010-02-26,"MA_Crossover(36,44)",7175.0000,7319.0000,-1.0000,-1.0000,196.0000,-196.0000,-7319.0000,8444.5000,8444.5000
2010-03-01,"MA_Crossover(36,44)",7377.0000,7521.0000,-1.0000,-1.0000,202.0000,-202.0000,-7521.0000,8242.5000,8242.5000
2010-03-02,"MA_Crossover(36,44)",7467.5000,7611.5000,-1.0000,-1.0000,90.5000,-90.5000,-7611.5000,8152.0000,8152.0000
2010-03-03,"MA_Crossover(36,44)",7555.7500,7699.7500,-1.0000,-1.0000,88.2500,-88.2500,-7699.7500,8063.7500,8063.7500
2010-03-04,"MA_Crossover(36,44)",7371.5000,7515.5000,-1.0000,-1.0000,-184.2500,184.2500,-7515.5000,8248.0000,8248.0000
2010-03-05,"MA_Crossover(36,44)",7519.5000,7663.5000,-1.0000,-1.0000,148.0000,-148.0000,-7663.5000,8100.0000,8100.0000
2010-03-08,"MA_Crossover(36,44)",7441.2500,7585.2500,-1.0000,-1.0000,-78.2500,78.2500,-7585.2500,8178.2500,8178.2500
2010-03-09,"MA_Crossover(36,44)",7479.0000,7623.0000,-1.0000,-1.0000,37.7500,-37.7500,-7623.0000,8140.5000,8140.5000
2010-03-10,"MA_Crossover(36,44)",7408.7500,7552.7500,-1.0000,-1.0000,-70.2500,70.2500,-7552.7500,8210.7500,8210.7500
2010-03-11,"MA_Crossover(36,44)",7432.0000,7576.0000,-1.0000,-1.0000,23.2500,-23.2500,-7576.0000,8187.5000,8187.5000
2010-03-12,"MA_Crossover(36,44)",7412.5000,7556.5000,-1.0000,-1.0000,-19.5000,19.5000,-7556.5000,8207.0000,8207.0000
2010-03-15,"MA_Crossover(36,44)",7271.5000,7415.5000,-1.0000,-1.0000,-141.0000,141.0000,-7415.5000,8348.0000,8348.0000
2010-03-16,"MA_Crossover(36,44)",7387.5000,7524.0000,-1.0000,-1.0000,108.5000,-108.5000,-7524.0000,8239.5000,8239.5000
2010-03-17,"MA_Crossover(36,44)",7516.5000,7653.0000,-1.0000,-1.0000,129.0000,-129.0000,-7653.0000,8110.5000,8110.5000
2010-03-18,"MA_Crossover(36,44)",7467.0000,7604.0000,-1.0000,-1.0000,-49.0000,49.0000,-7604.0000,8159.5000,8159.5000
2010-03-19,"MA_Crossover(36,44)",7414.0000,7541.0000,-1.0000,-1.0000,-63.0000,63.0000,-7541.0000,8222.5000,8222.5000
2010-03-22,"MA_Crossover(36,44)",7427.2500,7554.2500,-1.0000,-1.0000,13.2500,-13.2500,-7554.2500,8209.2500,8209.2500
2010-03-23,"MA_Crossover(36,44)",7417.2500,7544.2500,1.0000,-1.0000,-10.0000,10.0000,-7544.2500,8219.2500,8219.2500
2010-03-24,"MA_Crossover(36,44)",7348.2500,7475.2500,1.0000,1.0000,-69.0000,-69.0000,7475.2500,8150.2500,8150.2500
2010-03-25,"MA_Crossover(36,44)",7411.7500,7538.7500,1.0000,1.0000,63.5000,63.5000,7538.7500,8213.7500,8213.7500
2010-03-26,"MA_Crossover(36,44)",7491.7500,7618.7500,1.0000,1.0000,80.0000,80.0000,7618.7500,8293.7500,8293.7500
2010-03-29,"MA_Crossover(36,44)",7745.0000,7872.0000,1.0000,1.0000,253.2500,253.2500,7872.0000,8547.0000,8547.0000
2010-03-30,"MA_Crossover(36,44)",7826.0000,7953.0000,1.0000,1.0000,81.0000,81.0000,7953.0000,8628.0000,8628.0000
2010-03-31,"MA_Crossover(36,44)",7767.7500,7894.7500,1.0000,1.0000,-58.2500,-58.2500,7894.7500,8569.7500,8569.7500
2010-04-01,"MA_Crossover(36,44)",7863.0000,7990.0000,1.0000,1.0000,95.2500,95.2500,7990.0000,8665.0000,8665.0000
2010-04-06,"MA_Crossover(36,44)",7967.2500,8094.2500,1.0000,1.0000,104.2500,104.2500,8094.2500,8769.2500,8769.2500
2010-04-07,"MA_Crossover(36,44)",7921.2500,8048.2500,1.0000,1.0000,-46.0000,-46.0000,8048.2500,8723.2500,8723.2500
2010-04-08,"MA_Crossover(36,44)",7865.7500,7992.7500,1.0000,1.0000,-55.5000,-55.5000,7992.7500,8667.7500,8667.7500
2010-04-09,"MA_Crossover(36,44)",7897.0000,8024.0000,1.0000,1.0000,31.2500,31.2500,8024.0000,8699.0000,8699.0000
2010-04-12,"MA_Crossover(36,44)",7875.5000,8002.5000,1.0000,1.0000,-21.5000,-21.5000,8002.5000,8677.5000,8677.5000
2010-04-13,"MA_Crossover(36,44)",7870.2500,7997.2500,1.0000,1.0000,-5.2500,-5.2500,7997.2500,8672.2500,8672.2500
2010-04-14,"MA_Crossover(36,44)",7920.0000,8047.0000,1.0000,1.0000,49.7500,49.7500,8047.0000,8722.0000,8722.0000
2010-04-15,"MA_Crossover(36,44)",7914.5000,8041.5000,1.0000,1.0000,-5.5000,-5.5000,8041.5000,8716.5000,8716.5000
2010-04-16,"MA_Crossover(36,44)",7728.5000,7855.5000,1.0000,1.0000,-186.0000,-186.0000,7855.5000,8530.5000,8530.5000
2010-04-19,"MA_Crossover(36,44)",7663.0000,7790.0000,1.0000,1.0000,-65.5000,-65.5000,7790.0000,8465.0000,8465.0000
2010-04-20,"MA_Crossover(36,44)",7767.7500,7895.2500,1.0000,1.0000,105.2500,105.2500,7895.2500,8570.2500,8570.2500
2010-04-21,"MA_Crossover(36,44)",7735.0000,7862.7500,1.0000,1.0000,-32.5000,-32.5000,7862.7500,8537.7500,8537.7500
2010-04-22,"MA_Crossover(36,44)",7666.2500,7793.7500,1.0000,1.0000,-69.0000,-69.0000,7793.7500,8468.7500,8468.7500
2010-04-23,"MA_Crossover(36,44)",7725.0000,7840.7500,1.0000,1.0000,47.0000,47.0000,7840.7500,8515.7500,8515.7500
2010-04-26,"MA_Crossover(36,44)",7783.7500,7899.5000,1.0000,1.0000,58.7500,58.7500,7899.5000,8574.5000,8574.5000
2010-04-27,"MA_Crossover(36,44)",7463.2500,7579.0000,1.0000,1.0000,-320.5000,-320.5000,7579.0000,8254.0000,8254.0000
2010-04-28,"MA_Crossover(36,44)",7373.0000,7488.7500,1.0000,1.0000,-90.2500,-90.2500,7488.7500,8163.7500,8163.7500
2010-04-29,"MA_Crossover(36,44)",7328.0000,7443.7500,1.0000,1.0000,-45.0000,-45.0000,7443.7500,8118.7500,8118.7500
2010-04-30,"MA_Crossover(36,44)",7404.0000,7519.7500,1.0000,1.0000,76.0000,76.0000,7519.7500,8194.7500,8194.7500
2010-05-04,"MA_Crossover(36,44)",6996.0000,7111.7500,1.0000,1.0000,-408.0000,-408.0000,7111.7500,7786.7500,7786.7500
2010-05-05,"MA_Crossover(36,44)",6928.2500,7044.0000,1.0000,1.0000,-67.7500,-67.7500,7044.0000,7719.0000,7719.0000
2010-05-06,"MA_Crossover(36,44)",6917.2500,7033.0000,1.0000,1.0000,-11.0000,-11.0000,7033.0000,7708.0000,7708.0000
2010-05-07,"MA_Crossover(36,44)",6916.2500,7032.0000,1.0000,1.0000,-1.0000,-1.0000,7032.0000,7707.0000,7707.0000
2010-05-10,"MA_Crossover(36,44)",7089.7500,7205.5000,1.0000,1.0000,173.5000,173.5000,7205.5000,7880.5000,7880.5000
2010-05-11,"MA_Crossover(36,44)",7018.2500,7134.0000,1.0000,1.0000,-71.5000,-71.5000,7134.0000,7809.0000,7809.0000
2010-05-12,"MA_Crossover(36,44)",6992.7500,7108.5000,1.0000,1.0000,-25.5000,-25.5000,7108.5000,7783.5000,7783.5000
2010-05-13,"MA_Crossover(36,44)",7128.2500,7244.0000,1.0000,1.0000,135.5000,135.5000,7244.0000,7919.0000,7919.0000
2010-05-14,"MA_Crossover(36,44)",6894.5000,7010.2500,1.0000,1.0000,-233.7500,-233.7500,7010.2500,7685.2500,7685.2500
2010-05-17,"MA_Crossover(36,44)",6435.5000,6551.2500,1.0000,1.0000,-459.0000,-459.0000,6551.2500,7226.2500,7226.2500
2010-05-18,"MA_Crossover(36,44)",6673.0000,6789.7500,1.0000,1.0000,238.5000,238.5000,6789.7500,7464.7500,7464.7500
2010-05-19,"MA_Crossover(36,44)",6483.7500,6600.2500,1.0000,1.0000,-189.5000,-189.5000,6600.2500,7275.2500,7275.2500
2010-05-20,"MA_Crossover(36,44)",6591.2500,6707.0000,-1.0000,1.0000,106.7500,106.7500,6707.0000,7382.0000,7382.0000
2010-05-21,"MA_Crossover(36,44)",6830.5000,6934.0000,-1.0000,-1.0000,227.0000,-227.0000,-6934.0000,7155.0000,7155.0000
2010-05-24,"MA_Crossover(36,44)",6892.5000,6996.0000,-1.0000,-1.0000,62.0000,-62.0000,-6996.0000,7093.0000,7093.0000
2010-05-25,"MA_Crossover(36,44)",6710.0000,6813.5000,-1.0000,-1.0000,-182.5000,182.5000,-6813.5000,7275.5000,7275.5000
2010-05-26,"MA_Crossover(36,44)",6756.7500,6860.2500,-1.0000,-1.0000,46.7500,-46.7500,-6860.2500,7228.7500,7228.7500
2010-05-27,"MA_Crossover(36,44)",6961.7500,7065.2500,-1.0000,-1.0000,205.0000,-205.0000,-7065.2500,7023.7500,7023.7500
2010-05-28,"MA_Crossover(36,44)",6917.0000,7020.5000,-1.0000,-1.0000,-44.7500,44.7500,-7020.5000,7068.5000,7068.5000
2010-06-01,"MA_Crossover(36,44)",6724.2500,6827.7500,-1.0000,-1.0000,-192.7500,192.7500,-6827.7500,7261.2500,7261.2500
2010-06-02,"MA_Crossover(36,44)",6641.7500,6745.2500,-1.0000,-1.0000,-82.5000,82.5000,-6745.2500,7343.7500,7343.7500
2010-06-03,"MA_Crossover(36,44)",6497.0000,6600.5000,-1.0000,-1.0000,-144.7500,144.7500,-6600.5000,7488.5000,7488.5000
2010-06-04,"MA_Crossover(36,44)",6251.0000,6354.5000,-1.0000,-1.0000,-246.0000,246.0000,-6354.5000,7734.5000,7734.5000
2010-06-07,"MA_Crossover(36,44)",6069.5000,6173.0000,-1.0000,-1.0000,-181.5000,181.5000,-6173.0000,7916.0000,7916.0000
2010-06-08,"MA_Crossover(36,44)",6135.0000,6238.5000,-1.0000,-1.0000,65.5000,-65.5000,-6238.5000,7850.5000,7850.5000
2010-06-09,"MA_Crossover(36,44)",6311.7500,6415.2500,-1.0000,-1.0000,176.7500,-176.7500,-6415.2500,7673.7500,7673.7500
2010-06-10,"MA_Crossover(36,44)",6381.7500,6485.2500,-1.0000,-1.0000,70.0000,-70.0000,-6485.2500,7603.7500,7603.7500
2010-06-11,"MA_Crossover(36,44)",6455.5000,6559.0000,-1.0000,-1.0000,73.7500,-73.7500,-6559.0000,7530.0000,7530.0000
2010-06-14,"MA_Crossover(36,44)",6635.2500,6738.7500,-1.0000,-1.0000,179.7500,-179.7500,-6738.7500,7350.2500,7350.2500
2010-06-15,"MA_Crossover(36,44)",6665.2500,6764.7500,-1.0000,-1.0000,26.0000,-26.0000,-6764.7500,7324.2500,7324.2500
2010-06-16,"MA_Crossover(36,44)",6634.7500,6734.5000,-1.0000,-1.0000,-30.2500,30.2500,-6734.5000,7354.5000,7354.5000
2010-06-17,"MA_Crossover(36,44)",6430.5000,6530.7500,-1.0000,-1.0000,-203.7500,203.7500,-6530.7500,7558.2500,7558.2500
2010-06-18,"MA_Crossover(36,44)",6418.7500,6510.5000,-1.0000,-1.0000,-20.2500,20.2500,-6510.5000,7578.5000,7578.5000
2010-06-21,"MA_Crossover(36,44)",6586.5000,6678.2500,-1.0000,-1.0000,167.7500,-167.7500,-6678.2500,7410.7500,7410.7500
2010-06-22,"MA_Crossover(36,44)",6592.2500,6684.0000,-1.0000,-1.0000,5.7500,-5.7500,-6684.0000,7405.0000,7405.0000
2010-06-23,"MA_Crossover(36,44)",6497.0000,6588.7500,-1.0000,-1.0000,-95.2500,95.2500,-6588.7500,7500.2500,7500.2500
2010-06-24,"MA_Crossover(36,44)",6675.5000,6767.2500,-1.0000,-1.0000,178.5000,-178.5000,-6767.2500,7321.7500,7321.7500
2010-06-25,"MA_Crossover(36,44)",6751.7500,6843.5000,-1.0000,-1.0000,76.2500,-76.2500,-6843.5000,7245.5000,7245.5000
2010-06-28,"MA_Crossover(36,44)",6849.2500,6941.0000,-1.0000,-1.0000,97.5000,-97.5000,-6941.0000,7148.0000,7148.0000
2010-06-29,"MA_Crossover(36,44)",6472.0000,6563.7500,-1.0000,-1.0000,-377.2500,377.2500,-6563.7500,7525.2500,7525.2500
2010-06-30,"MA_Crossover(36,44)",6492.7500,6584.5000,-1.0000,-1.0000,20.7500,-20.7500,-6584.5000,7504.5000,7504.5000
2010-07-01,"MA_Crossover(36,44)",6307.2500,6399.0000,-1.0000,-1.0000,-185.5000,185.5000,-6399.0000,7690.0000,7690.0000
2010-07-02,"MA_Crossover(36,44)",6387.7500,6479.5000,-1.0000,-1.0000,80.5000,-80.5000,-6479.5000,7609.5000,7609.5000
2010-07-05,"MA_Crossover(36,44)",6446.7500,6538.5000,-1.0000,-1.0000,59.0000,-59.0000,-6538.5000,7550.5000,7550.5000
2010-07-06,"MA_Crossover(36,44)",6584.0000,6675.7500,-1.0000,-1.0000,137.2500,-137.2500,-6675.7500,7413.2500,7413.2500
2010-07-07,"MA_Crossover(36,44)",6623.7500,6715.5000,-1.0000,-1.0000,39.7500,-39.7500,-6715.5000,7373.5000,7373.5000
2010-07-08,"MA_Crossover(36,44)",6595.5000,6687.2500,-1.0000,-1.0000,-28.2500,28.2500,-6687.2500,7401.7500,7401.7500
2010-07-09,"MA_Crossover(36,44)",6743.2500,6835.0000,-1.0000,-1.0000,147.7500,-147.7500,-6835.0000,7254.0000,7254.0000
2010-07-12,"MA_Crossover(36,44)",6610.7500,6702.5000,-1.0000,-1.0000,-132.5000,132.5000,-6702.5000,7386.5000,7386.5000
2010-07-13,"MA_Crossover(36,44)",6666.0000,6757.7500,-1.0000,-1.0000,55.2500,-55.2500,-6757.7500,7331.2500,7331.2500
2010-07-14,"MA_Crossover(36,44)",6706.0000,6797.7500,-1.0000,-1.0000,40.0000,-40.0000,-6797.7500,7291.2500,7291.2500
2010-07-15,"MA_Crossover(36,44)",6661.5000,6753.2500,-1.0000,-1.0000,-44.5000,44.5000,-6753.2500,7335.7500,7335.7500
2010-07-16,"MA_Crossover(36,44)",6468.7500,6560.5000,-1.0000,-1.0000,-192.7500,192.7500,-6560.5000,7528.5000,7528.5000
2010-07-19,"MA_Crossover(36,44)",6494.7500,6586.5000,-1.0000,-1.0000,26.0000,-26.0000,-6586.5000,7502.5000,7502.5000
2010-07-20,"MA_Crossover(36,44)",6630.7500,6722.0000,-1.0000,-1.0000,135.5000,-135.5000,-6722.0000,7367.0000,7367.0000
2010-07-21,"MA_Crossover(36,44)",6853.0000,6943.2500,-1.0000,-1.0000,221.2500,-221.2500,-6943.2500,7145.7500,7145.7500
2010-07-22,"MA_Crossover(36,44)",7002.7500,7094.0000,-1.0000,-1.0000,150.7500,-150.7500,-7094.0000,6995.0000,6995.0000
2010-07-23,"MA_Crossover(36,44)",7018.2500,7105.5000,-1.0000,-1.0000,11.5000,-11.5000,-7105.5000,6983.5000,6983.5000
2010-07-26,"MA_Crossover(36,44)",7136.5000,7223.7500,-1.0000,-1.0000,118.2500,-118.2500,-7223.7500,6865.2500,6865.2500
2010-07-27,"MA_Crossover(36,44)",7044.5000,7131.7500,1.0000,-1.0000,-92.0000,92.0000,-7131.7500,6957.2500,6957.2500
2010-07-28,"MA_Crossover(36,44)",7156.2500,7243.5000,1.0000,1.0000,111.7500,111.7500,7243.5000,7069.0000,7069.0000
2010-07-29,"MA_Crossover(36,44)",7216.5000,7303.7500,1.0000,1.0000,60.2500,60.2500,7303.7500,7129.2500,7129.2500
2010-07-30,"MA_Crossover(36,44)",7281.7500,7369.0000,1.0000,1.0000,65.2500,65.2500,7369.0000,7194.5000,7194.5000
2010-08-02,"MA_Crossover(36,44)",7493.0000,7580.2500,1.0000,1.0000,211.2500,211.2500,7580.2500,7405.7500,7405.7500
2010-08-03,"MA_Crossover(36,44)",7405.7500,7493.0000,1.0000,1.0000,-87.2500,-87.2500,7493.0000,7318.5000,7318.5000
2010-08-04,"MA_Crossover(36,44)",7484.0000,7571.2500,1.0000,1.0000,78.2500,78.2500,7571.2500,7396.7500,7396.7500
2010-08-05,"MA_Crossover(36,44)",7375.7500,7463.0000,1.0000,1.0000,-108.2500,-108.2500,7463.0000,7288.5000,7288.5000
2010-08-06,"MA_Crossover(36,44)",7348.7500,7436.0000,1.0000,1.0000,-27.0000,-27.0000,7436.0000,7261.5000,7261.5000
2010-08-09,"MA_Crossover(36,44)",7402.5000,7489.7500,1.0000,1.0000,53.7500,53.7500,7489.7500,7315.2500,7315.2500
2010-08-10,"MA_Crossover(36,44)",7276.5000,7363.7500,1.0000,1.0000,-126.0000,-126.0000,7363.7500,7189.2500,7189.2500
2010-08-11,"MA_Crossover(36,44)",7175.2500,7262.5000,1.0000,1.0000,-101.2500,-101.2500,7262.5000,7088.0000,7088.0000
2010-08-12,"MA_Crossover(36,44)",7231.2500,7318.5000,1.0000,1.0000,56.0000,56.0000,7318.5000,7144.0000,7144.0000
2010-08-13,"MA_Crossover(36,44)",7132.7500,7220.0000,1.0000,1.0000,-98.5000,-98.5000,7220.0000,7045.5000,7045.5000
2010-08-16,"MA_Crossover(36,44)",7224.5000,7311.7500,1.0000,1.0000,91.7500,91.7500,7311.7500,7137.2500,7137.2500
2010-08-17,"MA_Crossover(36,44)",7368.5000,7453.2500,1.0000,1.0000,141.5000,141.5000,7453.2500,7278.7500,7278.7500
2010-08-18,"MA_Crossover(36,44)",7377.5000,7462.0000,1.0000,1.0000,8.7500,8.7500,7462.0000,7287.5000,7287.5000
2010-08-19,"MA_Crossover(36,44)",7294.0000,7378.0000,1.0000,1.0000,-84.0000,-84.0000,7378.0000,7203.5000,7203.5000
2010-08-20,"MA_Crossover(36,44)",7245.0000,7322.0000,1.0000,1.0000,-56.0000,-56.0000,7322.0000,7147.5000,7147.5000
2010-08-23,"MA_Crossover(36,44)",7244.5000,7321.5000,1.0000,1.0000,-0.5000,-0.5000,7321.5000,7147.0000,7147.0000
2010-08-24,"MA_Crossover(36,44)",7125.0000,7202.0000,1.0000,1.0000,-119.5000,-119.5000,7202.0000,7027.5000,7027.5000
2010-08-25,"MA_Crossover(36,44)",7089.5000,7166.5000,1.0000,1.0000,-35.5000,-35.5000,7166.5000,6992.0000,6992.0000
2010-08-26,"MA_Crossover(36,44)",7298.0000,7375.0000,1.0000,1.0000,208.5000,208.5000,7375.0000,7200.5000,7200.5000
2010-08-27,"MA_Crossover(36,44)",7453.2500,7530.2500,1.0000,1.0000,155.2500,155.2500,7530.2500,7355.7500,7355.7500
2010-08-31,"MA_Crossover(36,44)",7432.2500,7509.2500,1.0000,1.0000,-21.0000,-21.0000,7509.2500,7334.7500,7334.7500
2010-09-01,"MA_Crossover(36,44)",7598.2500,7675.2500,1.0000,1.0000,166.0000,166.0000,7675.2500,7500.7500,7500.7500
2010-09-02,"MA_Crossover(36,44)",7625.7500,7702.7500,1.0000,1.0000,27.5000,27.5000,7702.7500,7528.2500,7528.2500
2010-09-03,"MA_Crossover(36,44)",7635.5000,7712.5000,1.0000,1.0000,9.7500,9.7500,7712.5000,7538.0000,7538.0000
2010-09-06,"MA_Crossover(36,44)",7695.5000,7772.5000,1.0000,1.0000,60.0000,60.0000,7772.5000,7598.0000,7598.0000
2010-09-07,"MA_Crossover(36,44)",7615.0000,7692.0000,1.0000,1.0000,-80.5000,-80.5000,7692.0000,7517.5000,7517.5000
2010-09-08,"MA_Crossover(36,44)",7659.7500,7736.7500,1.0000,1.0000,44.7500,44.7500,7736.7500,7562.2500,7562.2500
2010-09-09,"MA_Crossover(36,44)",7540.2500,7617.2500,1.0000,1.0000,-119.5000,-119.5000,7617.2500,7442.7500,7442.7500
2010-09-10,"MA_Crossover(36,44)",7471.2500,7548.2500,1.0000,1.0000,-69.0000,-69.0000,7548.2500,7373.7500,7373.7500
2010-09-13,"MA_Crossover(36,44)",7617.7500,7694.7500,1.0000,1.0000,146.5000,146.5000,7694.7500,7520.2500,7520.2500
2010-09-14,"MA_Crossover(36,44)",7649.0000,7721.7500,1.0000,1.0000,27.0000,27.0000,7721.7500,7547.2500,7547.2500
2010-09-15,"MA_Crossover(36,44)",7612.5000,7685.7500,1.0000,1.0000,-36.0000,-36.0000,7685.7500,7511.2500,7511.2500
2010-09-16,"MA_Crossover(36,44)",7697.2500,7768.5000,1.0000,1.0000,82.7500,82.7500,7768.5000,7594.0000,7594.0000
2010-09-17,"MA_Crossover(36,44)",7718.7500,7789.5000,1.0000,1.0000,21.0000,21.0000,7789.5000,7615.0000,7615.0000
2010-09-20,"MA_Crossover(36,44)",7711.5000,7782.2500,1.0000,1.0000,-7.2500,-7.2500,7782.2500,7607.7500,7607.7500
2010-09-21,"MA_Crossover(36,44)",7676.0000,7746.7500,1.0000,1.0000,-35.5000,-35.5000,7746.7500,7572.2500,7572.2500
2010-09-22,"MA_Crossover(36,44)",7844.0000,7914.7500,1.0000,1.0000,168.0000,168.0000,7914.7500,7740.2500,7740.2500
2010-09-23,"MA_Crossover(36,44)",7887.5000,7958.2500,1.0000,1.0000,43.5000,43.5000,7958.2500,7783.7500,7783.7500
2010-09-24,"MA_Crossover(36,44)",7949.5000,8020.2500,1.0000,1.0000,62.0000,62.0000,8020.2500,7845.7500,7845.7500
2010-09-27,"MA_Crossover(36,44)",7911.0000,7981.7500,1.0000,1.0000,-38.5000,-38.5000,7981.7500,7807.2500,7807.2500
2010-09-28,"MA_Crossover(36,44)",7951.0000,8021.7500,1.0000,1.0000,40.0000,40.0000,8021.7500,7847.2500,7847.2500
2010-09-29,"MA_Crossover(36,44)",8063.5000,8134.2500,1.0000,1.0000,112.5000,112.5000,8134.2500,7959.7500,7959.7500
2010-09-30,"MA_Crossover(36,44)",8010.0000,8080.7500,1.0000,1.0000,-53.5000,-53.5000,8080.7500,7906.2500,7906.2500
2010-10-01,"MA_Crossover(36,44)",8093.0000,8163.7500,1.0000,1.0000,83.0000,83.0000,8163.7500,7989.2500,7989.2500
2010-10-04,"MA_Crossover(36,44)",8053.5000,8124.2500,1.0000,1.0000,-39.5000,-39.5000,8124.2500,7949.7500,7949.7500
2010-10-05,"MA_Crossover(36,44)",8164.2500,8235.0000,1.0000,1.0000,110.7500,110.7500,8235.0000,8060.5000,8060.5000
2010-10-06,"MA_Crossover(36,44)",8246.2500,8317.0000,1.0000,1.0000,82.0000,82.0000,8317.0000,8142.5000,8142.5000
2010-10-07,"MA_Crossover(36,44)",8089.5000,8160.2500,1.0000,1.0000,-156.7500,-156.7500,8160.2500,7985.7500,7985.7500
2010-10-08,"MA_Crossover(36,44)",8306.0000,8376.7500,1.0000,1.0000,216.5000,216.5000,8376.7500,8202.2500,8202.2500
2010-10-11,"MA_Crossover(36,44)",8285.0000,8355.7500,1.0000,1.0000,-21.0000,-21.0000,8355.7500,8181.2500,8181.2500
2010-10-12,"MA_Crossover(36,44)",8342.2500,8413.0000,1.0000,1.0000,57.2500,57.2500,8413.0000,8238.5000,8238.5000
2010-10-13,"MA_Crossover(36,44)",8354.2500,8425.0000,1.0000,1.0000,12.0000,12.0000,8425.0000,8250.5000,8250.5000
2010-10-14,"MA_Crossover(36,44)",8388.0000,8458.7500,1.0000,1.0000,33.7500,33.7500,8458.7500,8284.2500,8284.2500
2010-10-15,"MA_Crossover(36,44)",8381.5000,8452.2500,1.0000,1.0000,-6.5000,-6.5000,8452.2500,8277.7500,8277.7500
2010-10-18,"MA_Crossover(36,44)",8426.0000,8496.7500,1.0000,1.0000,44.5000,44.5000,8496.7500,8322.2500,8322.2500
2010-10-19,"MA_Crossover(36,44)",8251.0000,8318.2500,1.0000,1.0000,-178.5000,-178.5000,8318.2500,8143.7500,8143.7500
2010-10-20,"MA_Crossover(36,44)",8330.0000,8397.7500,1.0000,1.0000,79.5000,79.5000,8397.7500,8223.2500,8223.2500
2010-10-21,"MA_Crossover(36,44)",8298.5000,8365.7500,1.0000,1.0000,-32.0000,-32.0000,8365.7500,8191.2500,8191.2500
2010-10-22,"MA_Crossover(36,44)",8326.0000,8386.7500,1.0000,1.0000,21.0000,21.0000,8386.7500,8212.2500,8212.2500
2010-10-25,"MA_Crossover(36,44)",8514.5000,8575.2500,1.0000,1.0000,188.5000,188.5000,8575.2500,8400.7500,8400.7500
2010-10-26,"MA_Crossover(36,44)",8508.7500,8569.5000,1.0000,1.0000,-5.7500,-5.7500,8569.5000,8395.0000,8395.0000
2010-10-27,"MA_Crossover(36,44)",8296.0000,8356.7500,1.0000,1.0000,-212.7500,-212.7500,8356.7500,8182.2500,8182.2500
2010-10-28,"MA_Crossover(36,44)",8334.0000,8394.7500,1.0000,1.0000,38.0000,38.0000,8394.7500,8220.2500,8220.2500
2010-10-29,"MA_Crossover(36,44)",8191.2500,8252.0000,1.0000,1.0000,-142.7500,-142.7500,8252.0000,8077.5000,8077.5000
2010-11-01,"MA_Crossover(36,44)",8291.0000,8351.7500,1.0000,1.0000,99.7500,99.7500,8351.7500,8177.2500,8177.2500
2010-11-02,"MA_Crossover(36,44)",8427.0000,8487.7500,1.0000,1.0000,136.0000,136.0000,8487.7500,8313.2500,8313.2500
2010-11-03,"MA_Crossover(36,44)",8312.0000,8372.7500,1.0000,1.0000,-115.0000,-115.0000,8372.7500,8198.2500,8198.2500
2010-11-04,"MA_Crossover(36,44)",8596.0000,8656.7500,1.0000,1.0000,284.0000,284.0000,8656.7500,8482.2500,8482.2500
2010-11-05,"MA_Crossover(36,44)",8653.0000,8713.7500,1.0000,1.0000,57.0000,57.0000,8713.7500,8539.2500,8539.2500
2010-11-08,"MA_Crossover(36,44)",8663.0000,8723.7500,1.0000,1.0000,10.0000,10.0000,8723.7500,8549.2500,8549.2500
2010-11-09,"MA_Crossover(36,44)",8862.5000,8923.2500,1.0000,1.0000,199.5000,199.5000,8923.2500,8748.7500,8748.7500
2010-11-10,"MA_Crossover(36,44)",8766.5000,8827.2500,1.0000,1.0000,-96.0000,-96.0000,8827.2500,8652.7500,8652.7500
2010-11-11,"MA_Crossover(36,44)",8835.7500,8896.5000,1.0000,1.0000,69.2500,69.2500,8896.5000,8722.0000,8722.0000
2010-11-12,"MA_Crossover(36,44)",8628.0000,8688.7500,1.0000,1.0000,-207.7500,-207.7500,8688.7500,8514.2500,8514.2500
2010-11-15,"MA_Crossover(36,44)",8670.0000,8730.7500,1.0000,1.0000,42.0000,42.0000,8730.7500,8556.2500,8556.2500
2010-11-16,"MA_Crossover(36,44)",8166.5000,8216.2500,1.0000,1.0000,-514.5000,-514.5000,8216.2500,8041.7500,8041.7500
2010-11-17,"MA_Crossover(36,44)",8221.0000,8263.7500,1.0000,1.0000,47.5000,47.5000,8263.7500,8089.2500,8089.2500
2010-11-18,"MA_Crossover(36,44)",8449.0000,8495.7500,1.0000,1.0000,232.0000,232.0000,8495.7500,8321.2500,8321.2500
2010-11-19,"MA_Crossover(36,44)",8431.0000,8491.7500,1.0000,1.0000,-4.0000,-4.0000,8491.7500,8317.2500,8317.2500
2010-11-22,"MA_Crossover(36,44)",8317.5000,8378.2500,1.0000,1.0000,-113.5000,-113.5000,8378.2500,8203.7500,8203.7500
2010-11-23,"MA_Crossover(36,44)",8170.0000,8230.7500,1.0000,1.0000,-147.5000,-147.5000,8230.7500,8056.2500,8056.2500
2010-11-24,"MA_Crossover(36,44)",8286.0000,8346.7500,1.0000,1.0000,116.0000,116.0000,8346.7500,8172.2500,8172.2500
2010-11-25,"MA_Crossover(36,44)",8388.0000,8448.7500,1.0000,1.0000,102.0000,102.0000,8448.7500,8274.2500,8274.2500
2010-11-26,"MA_Crossover(36,44)",8287.0000,8347.7500,1.0000,1.0000,-101.0000,-101.0000,8347.7500,8173.2500,8173.2500
2010-11-29,"MA_Crossover(36,44)",8266.0000,8326.7500,1.0000,1.0000,-21.0000,-21.0000,8326.7500,8152.2500,8152.2500
2010-11-30,"MA_Crossover(36,44)",8416.0000,8476.7500,1.0000,1.0000,150.0000,150.0000,8476.7500,8302.2500,8302.2500
2010-12-01,"MA_Crossover(36,44)",8647.0000,8707.7500,1.0000,1.0000,231.0000,231.0000,8707.7500,8533.2500,8533.2500
2010-12-02,"MA_Crossover(36,44)",8774.0000,8834.7500,1.0000,1.0000,127.0000,127.0000,8834.7500,8660.2500,8660.2500
2010-12-03,"MA_Crossover(36,44)",8768.0000,8828.7500,1.0000,1.0000,-6.0000,-6.0000,8828.7500,8654.2500,8654.2500
2010-12-06,"MA_Crossover(36,44)",8816.5000,8877.2500,1.0000,1.0000,48.5000,48.5000,8877.2500,8702.7500,8702.7500
2010-12-07,"MA_Crossover(36,44)",8911.0000,8971.7500,1.0000,1.0000,94.5000,94.5000,8971.7500,8797.2500,8797.2500
2010-12-08,"MA_Crossover(36,44)",9048.0000,9108.7500,1.0000,1.0000,137.0000,137.0000,9108.7500,8934.2500,8934.2500
2010-12-09,"MA_Crossover(36,44)",8987.5000,9048.2500,1.0000,1.0000,-60.5000,-60.5000,9048.2500,8873.7500,8873.7500
2010-12-10,"MA_Crossover(36,44)",9033.0000,9093.7500,1.0000,1.0000,45.5000,45.5000,9093.7500,8919.2500,8919.2500
2010-12-13,"MA_Crossover(36,44)",9295.0000,9355.7500,1.0000,1.0000,262.0000,262.0000,9355.7500,9181.2500,9181.2500
2010-12-14,"MA_Crossover(36,44)",9196.5000,9280.2500,1.0000,1.0000,-75.5000,-75.5000,9280.2500,9105.7500,9105.7500
2010-12-15,"MA_Crossover(36,44)",9126.0000,9210.7500,1.0000,1.0000,-69.5000,-69.5000,9210.7500,9036.2500,9036.2500
2010-12-16,"MA_Crossover(36,44)",9021.5000,9106.7500,1.0000,1.0000,-104.0000,-104.0000,9106.7500,8932.2500,8932.2500
2010-12-17,"MA_Crossover(36,44)",9104.0000,9203.7500,1.0000,1.0000,97.0000,97.0000,9203.7500,9029.2500,9029.2500
2010-12-20,"MA_Crossover(36,44)",9235.0000,9334.7500,1.0000,1.0000,131.0000,131.0000,9334.7500,9160.2500,9160.2500
2010-12-21,"MA_Crossover(36,44)",9401.0000,9500.7500,1.0000,1.0000,166.0000,166.0000,9500.7500,9326.2500,9326.2500
2010-12-22,"MA_Crossover(36,44)",9393.0000,9492.7500,1.0000,1.0000,-8.0000,-8.0000,9492.7500,9318.2500,9318.2500
2010-12-23,"MA_Crossover(36,44)",9341.0000,9440.7500,1.0000,1.0000,-52.0000,-52.0000,9440.7500,9266.2500,9266.2500
2010-12-24,"MA_Crossover(36,44)",9388.0000,9487.7500,1.0000,1.0000,47.0000,47.0000,9487.7500,9313.2500,9313.2500
2010-12-29,"MA_Crossover(36,44)",9442.0000,9541.7500,1.0000,1.0000,54.0000,54.0000,9541.7500,9367.2500,9367.2500
2010-12-30,"MA_Crossover(36,44)",9535.5000,9635.2500,1.0000,1.0000,93.5000,93.5000,9635.2500,9460.7500,9460.7500
2010-12-31,"MA_Crossover(36,44)",9644.0000,9743.7500,1.0000,1.0000,108.5000,108.5000,9743.7500,9569.2500,9569.2500
2011-01-04,"MA_Crossover(36,44)",9619.2500,9719.0000,1.0000,1.0000,-24.7500,-24.7500,9719.0000,9544.5000,9544.5000
2011-01-05,"MA_Crossover(36,44)",9586.0000,9685.7500,1.0000,1.0000,-33.2500,-33.2500,9685.7500,9511.2500,9511.2500
2011-01-06,"MA_Crossover(36,44)",9492.5000,9592.2500,1.0000,1.0000,-93.5000,-93.5000,9592.2500,9417.7500,9417.7500
2011-01-07,"MA_Crossover(36,44)",9436.0000,9535.7500,1.0000,1.0000,-56.5000,-56.5000,9535.7500,9361.2500,9361.2500
2011-01-10,"MA_Crossover(36,44)",9333.0000,9432.7500,1.0000,1.0000,-103.0000,-103.0000,9432.7500,9258.2500,9258.2500
2011-01-11,"MA_Crossover(36,44)",9524.5000,9624.2500,1.0000,1.0000,191.5000,191.5000,9624.2500,9449.7500,9449.7500
2011-01-12,"MA_Crossover(36,44)",9697.7500,9797.5000,1.0000,1.0000,173.2500,173.2500,9797.5000,9623.0000,9623.0000
2011-01-13,"MA_Crossover(36,44)",9622.5000,9722.2500,1.0000,1.0000,-75.2500,-75.2500,9722.2500,9547.7500,9547.7500
2011-01-14,"MA_Crossover(36,44)",9662.0000,9761.7500,1.0000,1.0000,39.5000,39.5000,9761.7500,9587.2500,9587.2500
2011-01-17,"MA_Crossover(36,44)",9648.0000,9747.7500,1.0000,1.0000,-14.0000,-14.0000,9747.7500,9573.2500,9573.2500
2011-01-18,"MA_Crossover(36,44)",9727.5000,9808.7500,1.0000,1.0000,61.0000,61.0000,9808.7500,9634.2500,9634.2500
2011-01-19,"MA_Crossover(36,44)",9596.0000,9680.7500,1.0000,1.0000,-128.0000,-128.0000,9680.7500,9506.2500,9506.2500
2011-01-20,"MA_Crossover(36,44)",9372.0000,9458.2500,1.0000,1.0000,-222.5000,-222.5000,9458.2500,9283.7500,9283.7500
2011-01-21,"MA_Crossover(36,44)",9462.5000,9556.2500,1.0000,1.0000,98.0000,98.0000,9556.2500,9381.7500,9381.7500
2011-01-24,"MA_Crossover(36,44)",9548.5000,9642.2500,1.0000,1.0000,86.0000,86.0000,9642.2500,9467.7500,9467.7500
2011-01-25,"MA_Crossover(36,44)",9265.0000,9358.7500,1.0000,1.0000,-283.5000,-283.5000,9358.7500,9184.2500,9184.2500
2011-01-26,"MA_Crossover(36,44)",9343.0000,9436.7500,1.0000,1.0000,78.0000,78.0000,9436.7500,9262.2500,9262.2500
2011-01-27,"MA_Crossover(36,44)",9455.5000,9549.2500,1.0000,1.0000,112.5000,112.5000,9549.2500,9374.7500,9374.7500
2011-01-28,"MA_Crossover(36,44)",9548.5000,9642.2500,1.0000,1.0000,93.0000,93.0000,9642.2500,9467.7500,9467.7500
2011-01-31,"MA_Crossover(36,44)",9770.5000,9864.2500,1.0000,1.0000,222.0000,222.0000,9864.2500,9689.7500,9689.7500
2011-02-01,"MA_Crossover(36,44)",9973.0000,10066.7500,1.0000,1.0000,202.5000,202.5000,10066.7500,9892.2500,9892.2500
2011-02-02,"MA_Crossover(36,44)",9966.5000,10060.2500,1.0000,1.0000,-6.5000,-6.5000,10060.2500,9885.7500,9885.7500
2011-02-03,"MA_Crossover(36,44)",9947.5000,10041.2500,1.0000,1.0000,-19.0000,-19.0000,10041.2500,9866.7500,9866.7500
2011-02-04,"MA_Crossover(36,44)",10067.0000,10160.7500,1.0000,1.0000,119.5000,119.5000,10160.7500,9986.2500,9986.2500
2011-02-07,"MA_Crossover(36,44)",10056.0000,10149.7500,1.0000,1.0000,-11.0000,-11.0000,10149.7500,9975.2500,9975.2500
2011-02-08,"MA_Crossover(36,44)",10073.0000,10166.7500,1.0000,1.0000,17.0000,17.0000,10166.7500,9992.2500,9992.2500
2011-02-09,"MA_Crossover(36,44)",9934.5000,10028.2500,1.0000,1.0000,-138.5000,-138.5000,10028.2500,9853.7500,9853.7500
2011-02-10,"MA_Crossover(36,44)",9950.0000,10043.7500,1.0000,1.0000,15.5000,15.5000,10043.7500,9869.2500,9869.2500
2011-02-11,"MA_Crossover(36,44)",9975.5000,10069.2500,1.0000,1.0000,25.5000,25.5000,10069.2500,9894.7500,9894.7500
2011-02-14,"MA_Crossover(36,44)",10179.5000,10273.2500,1.0000,1.0000,204.0000,204.0000,10273.2500,10098.7500,10098.7500
2011-02-15,"MA_Crossover(36,44)",10017.7500,10121.0000,1.0000,1.0000,-152.2500,-152.2500,10121.0000,9946.5000,9946.5000
2011-02-16,"MA_Crossover(36,44)",9841.0000,9948.2500,1.0000,1.0000,-172.7500,-172.7500,9948.2500,9773.7500,9773.7500
2011-02-17,"MA_Crossover(36,44)",9806.5000,9912.2500,1.0000,1.0000,-36.0000,-36.0000,9912.2500,9737.7500,9737.7500
2011-02-18,"MA_Crossover(36,44)",9860.0000,9966.2500,1.0000,1.0000,54.0000,54.0000,9966.2500,9791.7500,9791.7500
2011-02-21,"MA_Crossover(36,44)",9808.0000,9914.2500,1.0000,1.0000,-52.0000,-52.0000,9914.2500,9739.7500,9739.7500
2011-02-22,"MA_Crossover(36,44)",9574.0000,9680.2500,1.0000,1.0000,-234.0000,-234.0000,9680.2500,9505.7500,9505.7500
2011-02-23,"MA_Crossover(36,44)",9417.7500,9524.0000,1.0000,1.0000,-156.2500,-156.2500,9524.0000,9349.5000,9349.5000
2011-02-24,"MA_Crossover(36,44)",9497.0000,9603.2500,1.0000,1.0000,79.2500,79.2500,9603.2500,9428.7500,9428.7500
2011-02-25,"MA_Crossover(36,44)",9761.0000,9867.2500,1.0000,1.0000,264.0000,264.0000,9867.2500,9692.7500,9692.7500
2011-02-28,"MA_Crossover(36,44)",9882.5000,9988.7500,1.0000,1.0000,121.5000,121.5000,9988.7500,9814.2500,9814.2500
2011-03-01,"MA_Crossover(36,44)",9851.0000,9957.2500,1.0000,1.0000,-31.5000,-31.5000,9957.2500,9782.7500,9782.7500
2011-03-02,"MA_Crossover(36,44)",9879.0000,9985.2500,1.0000,1.0000,28.0000,28.0000,9985.2500,9810.7500,9810.7500
2011-03-03,"MA_Crossover(36,44)",9902.5000,10008.7500,1.0000,1.0000,23.5000,23.5000,10008.7500,9834.2500,9834.2500
2011-03-04,"MA_Crossover(36,44)",9882.5000,9988.7500,1.0000,1.0000,-20.0000,-20.0000,9988.7500,9814.2500,9814.2500
2011-03-07,"MA_Crossover(36,44)",9484.0000,9590.2500,1.0000,1.0000,-398.5000,-398.5000,9590.2500,9415.7500,9415.7500
2011-03-08,"MA_Crossover(36,44)",9511.0000,9617.2500,1.0000,1.0000,27.0000,27.0000,9617.2500,9442.7500,9442.7500
2011-03-09,"MA_Crossover(36,44)",9254.0000,9360.2500,1.0000,1.0000,-257.0000,-257.0000,9360.2500,9185.7500,9185.7500
2011-03-10,"MA_Crossover(36,44)",9171.0000,9277.2500,1.0000,1.0000,-83.0000,-83.0000,9277.2500,9102.7500,9102.7500
2011-03-11,"MA_Crossover(36,44)",9171.0000,9277.2500,1.0000,1.0000,0.0000,0.0000,9277.2500,9102.7500,9102.7500
2011-03-14,"MA_Crossover(36,44)",9172.7500,9279.0000,1.0000,1.0000,1.7500,1.7500,9279.0000,9104.5000,9104.5000
2011-03-15,"MA_Crossover(36,44)",9114.5000,9216.0000,1.0000,1.0000,-63.0000,-63.0000,9216.0000,9041.5000,9041.5000
2011-03-16,"MA_Crossover(36,44)",9261.0000,9360.5000,1.0000,1.0000,144.5000,144.5000,9360.5000,9186.0000,9186.0000
2011-03-17,"MA_Crossover(36,44)",9567.5000,9667.2500,1.0000,1.0000,306.7500,306.7500,9667.2500,9492.7500,9492.7500
2011-03-18,"MA_Crossover(36,44)",9513.5000,9611.0000,1.0000,1.0000,-56.2500,-56.2500,9611.0000,9436.5000,9436.5000
2011-03-21,"MA_Crossover(36,44)",9393.0000,9490.5000,1.0000,1.0000,-120.5000,-120.5000,9490.5000,9316.0000,9316.0000
2011-03-22,"MA_Crossover(36,44)",9486.0000,9583.5000,1.0000,1.0000,93.0000,93.0000,9583.5000,9409.0000,9409.0000
2011-03-23,"MA_Crossover(36,44)",9722.5000,9820.0000,1.0000,1.0000,236.5000,236.5000,9820.0000,9645.5000,9645.5000
2011-03-24,"MA_Crossover(36,44)",9709.0000,9806.5000,1.0000,1.0000,-13.5000,-13.5000,9806.5000,9632.0000,9632.0000
2011-03-25,"MA_Crossover(36,44)",9677.0000,9774.5000,1.0000,1.0000,-32.0000,-32.0000,9774.5000,9600.0000,9600.0000
2011-03-28,"MA_Crossover(36,44)",9525.5000,9623.0000,-1.0000,1.0000,-151.5000,-151.5000,9623.0000,9448.5000,9448.5000
2011-03-29,"MA_Crossover(36,44)",9576.0000,9673.5000,-1.0000,-1.0000,50.5000,-50.5000,-9673.5000,9398.0000,9398.0000
2011-03-30,"MA_Crossover(36,44)",9371.0000,9468.5000,-1.0000,-1.0000,-205.0000,205.0000,-9468.5000,9603.0000,9603.0000
2011-03-31,"MA_Crossover(36,44)",9420.0000,9517.5000,-1.0000,-1.0000,49.0000,-49.0000,-9517.5000,9554.0000,9554.0000
2011-04-01,"MA_Crossover(36,44)",9349.2500,9446.7500,-1.0000,-1.0000,-70.7500,70.7500,-9446.7500,9624.7500,9624.7500
2011-04-04,"MA_Crossover(36,44)",9317.0000,9414.5000,-1.0000,-1.0000,-32.2500,32.2500,-9414.5000,9657.0000,9657.0000
2011-04-05,"MA_Crossover(36,44)",9375.0000,9472.5000,-1.0000,-1.0000,58.0000,-58.0000,-9472.5000,9599.0000,9599.0000
2011-04-06,"MA_Crossover(36,44)",9591.0000,9688.5000,-1.0000,-1.0000,216.0000,-216.0000,-9688.5000,9383.0000,9383.0000
2011-04-07,"MA_Crossover(36,44)",9654.5000,9752.0000,-1.0000,-1.0000,63.5000,-63.5000,-9752.0000,9319.5000,9319.5000
2011-04-08,"MA_Crossover(36,44)",9859.2500,9956.7500,-1.0000,-1.0000,204.7500,-204.7500,-9956.7500,9114.7500,9114.7500
2011-04-11,"MA_Crossover(36,44)",9839.5000,9937.0000,-1.0000,-1.0000,-19.7500,19.7500,-9937.0000,9134.5000,9134.5000
2011-04-12,"MA_Crossover(36,44)",9606.5000,9704.0000,-1.0000,-1.0000,-233.0000,233.0000,-9704.0000,9367.5000,9367.5000
2011-04-13,"MA_Crossover(36,44)",9490.7500,9588.2500,-1.0000,-1.0000,-115.7500,115.7500,-9588.2500,9483.2500,9483.2500
2011-04-14,"MA_Crossover(36,44)",9390.2500,9487.7500,-1.0000,-1.0000,-100.5000,100.5000,-9487.7500,9583.7500,9583.7500
2011-04-15,"MA_Crossover(36,44)",9384.7500,9482.2500,-1.0000,-1.0000,-5.5000,5.5000,-9482.2500,9589.2500,9589.2500
2011-04-18,"MA_Crossover(36,44)",9203.5000,9301.0000,-1.0000,-1.0000,-181.2500,181.2500,-9301.0000,9770.5000,9770.5000
2011-04-19,"MA_Crossover(36,44)",9327.0000,9423.7500,-1.0000,-1.0000,122.7500,-122.7500,-9423.7500,9647.7500,9647.7500
2011-04-20,"MA_Crossover(36,44)",9565.0000,9662.2500,-1.0000,-1.0000,238.5000,-238.5000,-9662.2500,9409.2500,9409.2500
2011-04-21,"MA_Crossover(36,44)",9691.0000,9788.5000,-1.0000,-1.0000,126.2500,-126.2500,-9788.5000,9283.0000,9283.0000
2011-04-26,"MA_Crossover(36,44)",9530.5000,9620.2500,-1.0000,-1.0000,-168.2500,168.2500,-9620.2500,9451.2500,9451.2500
2011-04-27,"MA_Crossover(36,44)",9305.0000,9394.7500,-1.0000,-1.0000,-225.5000,225.5000,-9394.7500,9676.7500,9676.7500
2011-04-28,"MA_Crossover(36,44)",9303.0000,9392.7500,-1.0000,-1.0000,-2.0000,2.0000,-9392.7500,9678.7500,9678.7500
2011-05-03,"MA_Crossover(36,44)",9328.7500,9418.5000,-1.0000,-1.0000,25.7500,-25.7500,-9418.5000,9653.0000,9653.0000
2011-05-04,"MA_Crossover(36,44)",9101.5000,9191.2500,-1.0000,-1.0000,-227.2500,227.2500,-9191.2500,9880.2500,9880.2500
2011-05-05,"MA_Crossover(36,44)",8798.2500,8888.0000,-1.0000,-1.0000,-303.2500,303.2500,-8888.0000,10183.5000,10183.5000
2011-05-06,"MA_Crossover(36,44)",8811.2500,8901.0000,-1.0000,-1.0000,13.0000,-13.0000,-8901.0000,10170.5000,10170.5000
2011-05-09,"MA_Crossover(36,44)",8869.5000,8959.2500,-1.0000,-1.0000,58.2500,-58.2500,-8959.2500,10112.2500,10112.2500
2011-05-10,"MA_Crossover(36,44)",8891.2500,8981.0000,1.0000,-1.0000,21.7500,-21.7500,-8981.0000,10090.5000,10090.5000
2011-05-11,"MA_Crossover(36,44)",8682.2500,8772.0000,1.0000,1.0000,-209.0000,-209.0000,8772.0000,9881.5000,9881.5000
2011-05-12,"MA_Crossover(36,44)",8713.2500,8803.0000,1.0000,1.0000,31.0000,31.0000,8803.0000,9912.5000,9912.5000
2011-05-13,"MA_Crossover(36,44)",8770.2500,8860.0000,1.0000,1.0000,57.0000,57.0000,8860.0000,9969.5000,9969.5000
2011-05-16,"MA_Crossover(36,44)",8816.0000,8905.7500,1.0000,1.0000,45.7500,45.7500,8905.7500,10015.2500,10015.2500
2011-05-17,"MA_Crossover(36,44)",8786.5000,8872.2500,-1.0000,1.0000,-33.5000,-33.5000,8872.2500,9981.7500,9981.7500
2011-05-18,"MA_Crossover(36,44)",9052.5000,9139.0000,-1.0000,-1.0000,266.7500,-266.7500,-9139.0000,9715.0000,9715.0000
2011-05-19,"MA_Crossover(36,44)",8936.0000,9022.7500,-1.0000,-1.0000,-116.2500,116.2500,-9022.7500,9831.2500,9831.2500
2011-05-20,"MA_Crossover(36,44)",9058.0000,9136.7500,-1.0000,-1.0000,114.0000,-114.0000,-9136.7500,9717.2500,9717.2500
2011-05-23,"MA_Crossover(36,44)",8784.0000,8862.7500,-1.0000,-1.0000,-274.0000,274.0000,-8862.7500,9991.2500,9991.2500
2011-05-24,"MA_Crossover(36,44)",8856.0000,8934.7500,-1.0000,-1.0000,72.0000,-72.0000,-8934.7500,9919.2500,9919.2500
2011-05-25,"MA_Crossover(36,44)",9064.5000,9143.2500,-1.0000,-1.0000,208.5000,-208.5000,-9143.2500,9710.7500,9710.7500
2011-05-26,"MA_Crossover(36,44)",9015.0000,9093.7500,-1.0000,-1.0000,-49.5000,49.5000,-9093.7500,9760.2500,9760.2500
2011-05-27,"MA_Crossover(36,44)",9192.7500,9271.5000,-1.0000,-1.0000,177.7500,-177.7500,-9271.5000,9582.5000,9582.5000
2011-05-31,"MA_Crossover(36,44)",9206.2500,9285.0000,-1.0000,-1.0000,13.5000,-13.5000,-9285.0000,9569.0000,9569.0000
2011-06-01,"MA_Crossover(36,44)",9094.0000,9172.7500,-1.0000,-1.0000,-112.2500,112.2500,-9172.7500,9681.2500,9681.2500
2011-06-02,"MA_Crossover(36,44)",8910.0000,8988.7500,-1.0000,-1.0000,-184.0000,184.0000,-8988.7500,9865.2500,9865.2500
2011-06-03,"MA_Crossover(36,44)",9090.2500,9169.0000,-1.0000,-1.0000,180.2500,-180.2500,-9169.0000,9685.0000,9685.0000
2011-06-06,"MA_Crossover(36,44)",9125.0000,9203.7500,-1.0000,-1.0000,34.7500,-34.7500,-9203.7500,9650.2500,9650.2500
2011-06-07,"MA_Crossover(36,44)",9128.7500,9207.5000,-1.0000,-1.0000,3.7500,-3.7500,-9207.5000,9646.5000,9646.5000
2011-06-08,"MA_Crossover(36,44)",9017.2500,9096.0000,-1.0000,-1.0000,-111.5000,111.5000,-9096.0000,9758.0000,9758.0000
2011-06-09,"MA_Crossover(36,44)",9041.0000,9119.7500,-1.0000,-1.0000,23.7500,-23.7500,-9119.7500,9734.2500,9734.2500
2011-06-10,"MA_Crossover(36,44)",8924.0000,9002.7500,-1.0000,-1.0000,-117.0000,117.0000,-9002.7500,9851.2500,9851.2500
2011-06-13,"MA_Crossover(36,44)",8896.2500,8975.0000,-1.0000,-1.0000,-27.7500,27.7500,-8975.0000,9879.0000,9879.0000
2011-06-14,"MA_Crossover(36,44)",9167.7500,9236.2500,-1.0000,-1.0000,261.2500,-261.2500,-9236.2500,9617.7500,9617.7500
2011-06-15,"MA_Crossover(36,44)",9152.2500,9222.0000,-1.0000,-1.0000,-14.2500,14.2500,-9222.0000,9632.0000,9632.0000
2011-06-16,"MA_Crossover(36,44)",9064.2500,9133.5000,-1.0000,-1.0000,-88.5000,88.5000,-9133.5000,9720.5000,9720.5000
2011-06-17,"MA_Crossover(36,44)",9094.5000,9164.2500,-1.0000,-1.0000,30.7500,-30.7500,-9164.2500,9689.7500,9689.7500
2011-06-20,"MA_Crossover(36,44)",9005.0000,9074.7500,-1.0000,-1.0000,-89.5000,89.5000,-9074.7500,9779.2500,9779.2500
2011-06-21,"MA_Crossover(36,44)",9080.7500,9150.5000,-1.0000,-1.0000,75.7500,-75.7500,-9150.5000,9703.5000,9703.5000
2011-06-22,"MA_Crossover(36,44)",9017.2500,9087.0000,-1.0000,-1.0000,-63.5000,63.5000,-9087.0000,9767.0000,9767.0000
2011-06-23,"MA_Crossover(36,44)",8962.0000,9031.7500,-1.0000,-1.0000,-55.2500,55.2500,-9031.7500,9822.2500,9822.2500
2011-06-24,"MA_Crossover(36,44)",9043.5000,9113.2500,-1.0000,-1.0000,81.5000,-81.5000,-9113.2500,9740.7500,9740.7500
2011-06-27,"MA_Crossover(36,44)",8966.5000,9036.2500,-1.0000,-1.0000,-77.0000,77.0000,-9036.2500,9817.7500,9817.7500
2011-06-28,"MA_Crossover(36,44)",9068.0000,9137.7500,-1.0000,-1.0000,101.5000,-101.5000,-9137.7500,9716.2500,9716.2500
2011-06-29,"MA_Crossover(36,44)",9320.0000,9389.7500,-1.0000,-1.0000,252.0000,-252.0000,-9389.7500,9464.2500,9464.2500
2011-06-30,"MA_Crossover(36,44)",9422.0000,9491.7500,-1.0000,-1.0000,102.0000,-102.0000,-9491.7500,9362.2500,9362.2500
2011-07-01,"MA_Crossover(36,44)",9437.0000,9506.7500,1.0000,-1.0000,15.0000,-15.0000,-9506.7500,9347.2500,9347.2500
2011-07-04,"MA_Crossover(36,44)",9446.0000,9515.7500,1.0000,1.0000,9.0000,9.0000,9515.7500,9356.2500,9356.2500
2011-07-05,"MA_Crossover(36,44)",9529.2500,9599.0000,1.0000,1.0000,83.2500,83.2500,9599.0000,9439.5000,9439.5000
2011-07-06,"MA_Crossover(36,44)",9509.0000,9578.7500,1.0000,1.0000,-20.2500,-20.2500,9578.7500,9419.2500,9419.2500
2011-07-07,"MA_Crossover(36,44)",9728.0000,9797.7500,1.0000,1.0000,219.0000,219.0000,9797.7500,9638.2500,9638.2500
2011-07-08,"MA_Crossover(36,44)",9647.5000,9717.2500,1.0000,1.0000,-80.5000,-80.5000,9717.2500,9557.7500,9557.7500
2011-07-11,"MA_Crossover(36,44)",9552.0000,9621.7500,1.0000,1.0000,-95.5000,-95.5000,9621.7500,9462.2500,9462.2500
2011-07-12,"MA_Crossover(36,44)",9631.7500,9701.5000,1.0000,1.0000,79.7500,79.7500,9701.5000,9542.0000,9542.0000
2011-07-13,"MA_Crossover(36,44)",9630.7500,9700.5000,1.0000,1.0000,-1.0000,-1.0000,9700.5000,9541.0000,9541.0000
2011-07-14,"MA_Crossover(36,44)",9610.2500,9680.0000,1.0000,1.0000,-20.5000,-20.5000,9680.0000,9520.5000,9520.5000
2011-07-15,"MA_Crossover(36,44)",9651.5000,9721.2500,1.0000,1.0000,41.2500,41.2500,9721.2500,9561.7500,9561.7500
2011-07-18,"MA_Crossover(36,44)",9672.7500,9742.5000,1.0000,1.0000,21.2500,21.2500,9742.5000,9583.0000,9583.0000
2011-07-19,"MA_Crossover(36,44)",9827.2500,9895.2500,1.0000,1.0000,152.7500,152.7500,9895.2500,9735.7500,9735.7500
2011-07-20,"MA_Crossover(36,44)",9742.2500,9810.2500,1.0000,1.0000,-85.0000,-85.0000,9810.2500,9650.7500,9650.7500
2011-07-21,"MA_Crossover(36,44)",9667.0000,9735.2500,1.0000,1.0000,-75.0000,-75.0000,9735.2500,9575.7500,9575.7500
2011-07-22,"MA_Crossover(36,44)",9661.7500,9722.2500,1.0000,1.0000,-13.0000,-13.0000,9722.2500,9562.7500,9562.7500
2011-07-25,"MA_Crossover(36,44)",9640.2500,9700.7500,1.0000,1.0000,-21.5000,-21.5000,9700.7500,9541.2500,9541.2500
2011-07-26,"MA_Crossover(36,44)",9805.5000,9866.0000,1.0000,1.0000,165.2500,165.2500,9866.0000,9706.5000,9706.5000
2011-07-27,"MA_Crossover(36,44)",9763.2500,9823.7500,1.0000,1.0000,-42.2500,-42.2500,9823.7500,9664.2500,9664.2500
2011-07-28,"MA_Crossover(36,44)",9799.0000,9859.5000,1.0000,1.0000,35.7500,35.7500,9859.5000,9700.0000,9700.0000
2011-07-29,"MA_Crossover(36,44)",9815.5000,9876.0000,1.0000,1.0000,16.5000,16.5000,9876.0000,9716.5000,9716.5000
2011-08-01,"MA_Crossover(36,44)",9633.5000,9694.0000,1.0000,1.0000,-182.0000,-182.0000,9694.0000,9534.5000,9534.5000
2011-08-02,"MA_Crossover(36,44)",9662.0000,9722.5000,1.0000,1.0000,28.5000,28.5000,9722.5000,9563.0000,9563.0000
2011-08-03,"MA_Crossover(36,44)",9514.7500,9575.2500,1.0000,1.0000,-147.2500,-147.2500,9575.2500,9415.7500,9415.7500
2011-08-04,"MA_Crossover(36,44)",9334.0000,9394.5000,1.0000,1.0000,-180.7500,-180.7500,9394.5000,9235.0000,9235.0000
2011-08-05,"MA_Crossover(36,44)",9021.0000,9081.5000,1.0000,1.0000,-313.0000,-313.0000,9081.5000,8922.0000,8922.0000
2011-08-08,"MA_Crossover(36,44)",8763.7500,8824.2500,1.0000,1.0000,-257.2500,-257.2500,8824.2500,8664.7500,8664.7500
2011-08-09,"MA_Crossover(36,44)",8712.7500,8773.2500,1.0000,1.0000,-51.0000,-51.0000,8773.2500,8613.7500,8613.7500
2011-08-10,"MA_Crossover(36,44)",8574.7500,8635.2500,1.0000,1.0000,-138.0000,-138.0000,8635.2500,8475.7500,8475.7500
2011-08-11,"MA_Crossover(36,44)",8860.0000,8920.5000,1.0000,1.0000,285.2500,285.2500,8920.5000,8761.0000,8761.0000
2011-08-12,"MA_Crossover(36,44)",8845.5000,8906.0000,1.0000,1.0000,-14.5000,-14.5000,8906.0000,8746.5000,8746.5000
2011-08-15,"MA_Crossover(36,44)",8888.2500,8948.7500,1.0000,1.0000,42.7500,42.7500,8948.7500,8789.2500,8789.2500
2011-08-16,"MA_Crossover(36,44)",8819.7500,8875.7500,1.0000,1.0000,-73.0000,-73.0000,8875.7500,8716.2500,8716.2500
2011-08-17,"MA_Crossover(36,44)",8954.5000,9010.7500,1.0000,1.0000,135.0000,135.0000,9010.7500,8851.2500,8851.2500
2011-08-18,"MA_Crossover(36,44)",8759.7500,8815.7500,1.0000,1.0000,-195.0000,-195.0000,8815.7500,8656.2500,8656.2500
2011-08-19,"MA_Crossover(36,44)",8813.7500,8863.7500,1.0000,1.0000,48.0000,48.0000,8863.7500,8704.2500,8704.2500
2011-08-22,"MA_Crossover(36,44)",8708.5000,8758.5000,1.0000,1.0000,-105.2500,-105.2500,8758.5000,8599.0000,8599.0000
2011-08-23,"MA_Crossover(36,44)",8838.7500,8888.7500,1.0000,1.0000,130.2500,130.2500,8888.7500,8729.2500,8729.2500
2011-08-24,"MA_Crossover(36,44)",8866.0000,8916.0000,1.0000,1.0000,27.2500,27.2500,8916.0000,8756.5000,8756.5000
2011-08-25,"MA_Crossover(36,44)",9022.0000,9072.0000,-1.0000,1.0000,156.0000,156.0000,9072.0000,8912.5000,8912.5000
2011-08-26,"MA_Crossover(36,44)",9066.7500,9116.7500,-1.0000,-1.0000,44.7500,-44.7500,-9116.7500,8867.7500,8867.7500
2011-08-30,"MA_Crossover(36,44)",9150.5000,9200.5000,-1.0000,-1.0000,83.7500,-83.7500,-9200.5000,8784.0000,8784.0000
2011-08-31,"MA_Crossover(36,44)",9263.7500,9313.7500,-1.0000,-1.0000,113.2500,-113.2500,-9313.7500,8670.7500,8670.7500
2011-09-01,"MA_Crossover(36,44)",9132.2500,9182.2500,-1.0000,-1.0000,-131.5000,131.5000,-9182.2500,8802.2500,8802.2500
2011-09-02,"MA_Crossover(36,44)",9062.2500,9112.2500,-1.0000,-1.0000,-70.0000,70.0000,-9112.2500,8872.2500,8872.2500
2011-09-05,"MA_Crossover(36,44)",8945.0000,8995.0000,-1.0000,-1.0000,-117.2500,117.2500,-8995.0000,8989.5000,8989.5000
2011-09-06,"MA_Crossover(36,44)",8918.0000,8968.0000,-1.0000,-1.0000,-27.0000,27.0000,-8968.0000,9016.5000,9016.5000
2011-09-07,"MA_Crossover(36,44)",9078.0000,9128.0000,-1.0000,-1.0000,160.0000,-160.0000,-9128.0000,8856.5000,8856.5000
2011-09-08,"MA_Crossover(36,44)",9100.0000,9150.0000,-1.0000,-1.0000,22.0000,-22.0000,-9150.0000,8834.5000,8834.5000
2011-09-09,"MA_Crossover(36,44)",8803.2500,8853.2500,-1.0000,-1.0000,-296.7500,296.7500,-8853.2500,9131.2500,9131.2500
2011-09-12,"MA_Crossover(36,44)",8735.2500,8785.2500,-1.0000,-1.0000,-68.0000,68.0000,-8785.2500,9199.2500,9199.2500
2011-09-13,"MA_Crossover(36,44)",8748.7500,8798.7500,-1.0000,-1.0000,13.5000,-13.5000,-8798.7500,9185.7500,9185.7500
2011-09-14,"MA_Crossover(36,44)",8606.7500,8656.7500,-1.0000,-1.0000,-142.0000,142.0000,-8656.7500,9327.7500,9327.7500
2011-09-15,"MA_Crossover(36,44)",8687.5000,8737.5000,-1.0000,-1.0000,80.7500,-80.7500,-8737.5000,9247.0000,9247.0000
2011-09-16,"MA_Crossover(36,44)",8671.7500,8721.7500,-1.0000,-1.0000,-15.7500,15.7500,-8721.7500,9262.7500,9262.7500
2011-09-19,"MA_Crossover(36,44)",8339.0000,8389.0000,-1.0000,-1.0000,-332.7500,332.7500,-8389.0000,9595.5000,9595.5000
2011-09-20,"MA_Crossover(36,44)",8291.0000,8336.7500,-1.0000,-1.0000,-52.2500,52.2500,-8336.7500,9647.7500,9647.7500
2011-09-21,"MA_Crossover(36,44)",8287.0000,8332.0000,-1.0000,-1.0000,-4.7500,4.7500,-8332.0000,9652.5000,9652.5000
2011-09-22,"MA_Crossover(36,44)",7663.2500,7708.0000,-1.0000,-1.0000,-624.0000,624.0000,-7708.0000,10276.5000,10276.5000
2011-09-23,"MA_Crossover(36,44)",7354.5000,7393.2500,-1.0000,-1.0000,-314.7500,314.7500,-7393.2500,10591.2500,10591.2500
2011-09-26,"MA_Crossover(36,44)",7261.7500,7300.5000,-1.0000,-1.0000,-92.7500,92.7500,-7300.5000,10684.0000,10684.0000
2011-09-27,"MA_Crossover(36,44)",7588.7500,7627.5000,-1.0000,-1.0000,327.0000,-327.0000,-7627.5000,10357.0000,10357.0000
2011-09-28,"MA_Crossover(36,44)",7240.0000,7278.7500,-1.0000,-1.0000,-348.7500,348.7500,-7278.7500,10705.7500,10705.7500
2011-09-29,"MA_Crossover(36,44)",7217.2500,7256.0000,-1.0000,-1.0000,-22.7500,22.7500,-7256.0000,10728.5000,10728.5000
2011-09-30,"MA_Crossover(36,44)",7004.5000,7043.2500,-1.0000,-1.0000,-212.7500,212.7500,-7043.2500,10941.2500,10941.2500
2011-10-03,"MA_Crossover(36,44)",6974.7500,7013.5000,-1.0000,-1.0000,-29.7500,29.7500,-7013.5000,10971.0000,10971.0000
2011-10-04,"MA_Crossover(36,44)",6784.7500,6823.5000,-1.0000,-1.0000,-190.0000,190.0000,-6823.5000,11161.0000,11161.0000
2011-10-05,"MA_Crossover(36,44)",6805.7500,6844.5000,-1.0000,-1.0000,21.0000,-21.0000,-6844.5000,11140.0000,11140.0000
2011-10-06,"MA_Crossover(36,44)",7211.7500,7250.5000,-1.0000,-1.0000,406.0000,-406.0000,-7250.5000,10734.0000,10734.0000
2011-10-07,"MA_Crossover(36,44)",7353.2500,7392.0000,-1.0000,-1.0000,141.5000,-141.5000,-7392.0000,10592.5000,10592.5000
2011-10-10,"MA_Crossover(36,44)",7479.0000,7517.7500,-1.0000,-1.0000,125.7500,-125.7500,-7517.7500,10466.7500,10466.7500
2011-10-11,"MA_Crossover(36,44)",7274.0000,7312.7500,-1.0000,-1.0000,-205.0000,205.0000,-7312.7500,10671.7500,10671.7500
2011-10-12,"MA_Crossover(36,44)",7510.0000,7548.7500,-1.0000,-1.0000,236.0000,-236.0000,-7548.7500,10435.7500,10435.7500
2011-10-13,"MA_Crossover(36,44)",7294.2500,7333.0000,-1.0000,-1.0000,-215.7500,215.7500,-7333.0000,10651.5000,10651.5000
2011-10-14,"MA_Crossover(36,44)",7533.0000,7571.7500,-1.0000,-1.0000,238.7500,-238.7500,-7571.7500,10412.7500,10412.7500
2011-10-17,"MA_Crossover(36,44)",7481.0000,7519.7500,-1.0000,-1.0000,-52.0000,52.0000,-7519.7500,10464.7500,10464.7500
2011-10-18,"MA_Crossover(36,44)",7443.0000,7476.7500,-1.0000,-1.0000,-43.0000,43.0000,-7476.7500,10507.7500,10507.7500
2011-10-19,"MA_Crossover(36,44)",7204.5000,7239.0000,-1.0000,-1.0000,-237.7500,237.7500,-7239.0000,10745.5000,10745.5000
2011-10-20,"MA_Crossover(36,44)",6729.0000,6764.2500,-1.0000,-1.0000,-474.7500,474.7500,-6764.2500,11220.2500,11220.2500
2011-10-21,"MA_Crossover(36,44)",7143.5000,7174.2500,-1.0000,-1.0000,410.0000,-410.0000,-7174.2500,10810.2500,10810.2500
2011-10-24,"MA_Crossover(36,44)",7636.5000,7667.2500,-1.0000,-1.0000,493.0000,-493.0000,-7667.2500,10317.2500,10317.2500
2011-10-25,"MA_Crossover(36,44)",7530.0000,7560.7500,-1.0000,-1.0000,-106.5000,106.5000,-7560.7500,10423.7500,10423.7500
2011-10-26,"MA_Crossover(36,44)",7682.0000,7712.7500,-1.0000,-1.0000,152.0000,-152.0000,-7712.7500,10271.7500,10271.7500
2011-10-27,"MA_Crossover(36,44)",8149.0000,8179.7500,-1.0000,-1.0000,467.0000,-467.0000,-8179.7500,9804.7500,9804.7500
2011-10-28,"MA_Crossover(36,44)",8174.5000,8205.2500,-1.0000,-1.0000,25.5000,-25.5000,-8205.2500,9779.2500,9779.2500
2011-10-31,"MA_Crossover(36,44)",7986.0000,8016.7500,-1.0000,-1.0000,-188.5000,188.5000,-8016.7500,9967.7500,9967.7500
2011-11-01,"MA_Crossover(36,44)",7719.5000,7750.2500,-1.0000,-1.0000,-266.5000,266.5000,-7750.2500,10234.2500,10234.2500
2011-11-02,"MA_Crossover(36,44)",7874.5000,7905.2500,-1.0000,-1.0000,155.0000,-155.0000,-7905.2500,10079.2500,10079.2500
2011-11-03,"MA_Crossover(36,44)",7905.7500,7936.5000,-1.0000,-1.0000,31.2500,-31.2500,-7936.5000,10048.0000,10048.0000
2011-11-04,"MA_Crossover(36,44)",7856.2500,7887.0000,-1.0000,-1.0000,-49.5000,49.5000,-7887.0000,10097.5000,10097.5000
2011-11-07,"MA_Crossover(36,44)",7810.0000,7840.7500,-1.0000,-1.0000,-46.2500,46.2500,-7840.7500,10143.7500,10143.7500
2011-11-08,"MA_Crossover(36,44)",7786.0000,7816.7500,-1.0000,-1.0000,-24.0000,24.0000,-7816.7500,10167.7500,10167.7500
2011-11-09,"MA_Crossover(36,44)",7609.0000,7639.7500,-1.0000,-1.0000,-177.0000,177.0000,-7639.7500,10344.7500,10344.7500
2011-11-10,"MA_Crossover(36,44)",7458.2500,7489.0000,-1.0000,-1.0000,-150.7500,150.7500,-7489.0000,10495.5000,10495.5000
2011-11-11,"MA_Crossover(36,44)",7621.0000,7651.7500,-1.0000,-1.0000,162.7500,-162.7500,-7651.7500,10332.7500,10332.7500
2011-11-14,"MA_Crossover(36,44)",7739.0000,7769.7500,-1.0000,-1.0000,118.0000,-118.0000,-7769.7500,10214.7500,10214.7500
2011-11-15,"MA_Crossover(36,44)",7677.0000,7697.5000,-1.0000,-1.0000,-72.2500,72.2500,-7697.5000,10287.0000,10287.0000
2011-11-16,"MA_Crossover(36,44)",7723.2500,7744.5000,-1.0000,-1.0000,47.0000,-47.0000,-7744.5000,10240.0000,10240.0000
2011-11-17,"MA_Crossover(36,44)",7530.7500,7553.0000,-1.0000,-1.0000,-191.5000,191.5000,-7553.0000,10431.5000,10431.5000
2011-11-18,"MA_Crossover(36,44)",7513.7500,7530.2500,-1.0000,-1.0000,-22.7500,22.7500,-7530.2500,10454.2500,10454.2500
2011-11-21,"MA_Crossover(36,44)",7297.0000,7313.5000,1.0000,-1.0000,-216.7500,216.7500,-7313.5000,10671.0000,10671.0000
2011-11-22,"MA_Crossover(36,44)",7316.0000,7332.5000,1.0000,1.0000,19.0000,19.0000,7332.5000,10690.0000,10690.0000
2011-11-23,"MA_Crossover(36,44)",7226.0000,7242.5000,1.0000,1.0000,-90.0000,-90.0000,7242.5000,10600.0000,10600.0000
2011-11-24,"MA_Crossover(36,44)",7251.5000,7268.0000,1.0000,1.0000,25.5000,25.5000,7268.0000,10625.5000,10625.5000
2011-11-25,"MA_Crossover(36,44)",7217.2500,7233.7500,1.0000,1.0000,-34.2500,-34.2500,7233.7500,10591.2500,10591.2500
2011-11-28,"MA_Crossover(36,44)",7482.0000,7498.5000,1.0000,1.0000,264.7500,264.7500,7498.5000,10856.0000,10856.0000
2011-11-29,"MA_Crossover(36,44)",7475.2500,7491.7500,1.0000,1.0000,-6.7500,-6.7500,7491.7500,10849.2500,10849.2500
2011-11-30,"MA_Crossover(36,44)",7869.7500,7886.2500,1.0000,1.0000,394.5000,394.5000,7886.2500,11243.7500,11243.7500
2011-12-01,"MA_Crossover(36,44)",7772.0000,7788.5000,1.0000,1.0000,-97.7500,-97.7500,7788.5000,11146.0000,11146.0000
2011-12-02,"MA_Crossover(36,44)",7871.2500,7887.7500,1.0000,1.0000,99.2500,99.2500,7887.7500,11245.2500,11245.2500
2011-12-05,"MA_Crossover(36,44)",7922.0000,7938.5000,1.0000,1.0000,50.7500,50.7500,7938.5000,11296.0000,11296.0000
2011-12-06,"MA_Crossover(36,44)",7816.2500,7832.7500,1.0000,1.0000,-105.7500,-105.7500,7832.7500,11190.2500,11190.2500
2011-12-07,"MA_Crossover(36,44)",7799.5000,7816.0000,1.0000,1.0000,-16.7500,-16.7500,7816.0000,11173.5000,11173.5000
2011-12-08,"MA_Crossover(36,44)",7690.2500,7706.7500,1.0000,1.0000,-109.2500,-109.2500,7706.7500,11064.2500,11064.2500
2011-12-09,"MA_Crossover(36,44)",7796.2500,7812.7500,1.0000,1.0000,106.0000,106.0000,7812.7500,11170.2500,11170.2500
2011-12-12,"MA_Crossover(36,44)",7585.2500,7601.7500,1.0000,1.0000,-211.0000,-211.0000,7601.7500,10959.2500,10959.2500
2011-12-13,"MA_Crossover(36,44)",7579.7500,7596.2500,1.0000,1.0000,-5.5000,-5.5000,7596.2500,10953.7500,10953.7500
2011-12-14,"MA_Crossover(36,44)",7189.5000,7206.0000,1.0000,1.0000,-390.2500,-390.2500,7206.0000,10563.5000,10563.5000
2011-12-15,"MA_Crossover(36,44)",7193.0000,7209.5000,1.0000,1.0000,3.5000,3.5000,7209.5000,10567.0000,10567.0000
2011-12-16,"MA_Crossover(36,44)",7329.2500,7345.7500,1.0000,1.0000,136.2500,136.2500,7345.7500,10703.2500,10703.2500
2011-12-19,"MA_Crossover(36,44)",7243.2500,7259.7500,1.0000,1.0000,-86.0000,-86.0000,7259.7500,10617.2500,10617.2500
2011-12-20,"MA_Crossover(36,44)",7405.0000,7413.2500,-1.0000,1.0000,153.5000,153.5000,7413.2500,10770.7500,10770.7500
2011-12-21,"MA_Crossover(36,44)",7451.5000,7459.5000,-1.0000,-1.0000,46.2500,-46.2500,-7459.5000,10724.5000,10724.5000
2011-12-22,"MA_Crossover(36,44)",7541.5000,7549.0000,-1.0000,-1.0000,89.5000,-89.5000,-7549.0000,10635.0000,10635.0000
2011-12-23,"MA_Crossover(36,44)",7643.5000,7649.0000,-1.0000,-1.0000,100.0000,-100.0000,-7649.0000,10535.0000,10535.0000
2011-12-28,"MA_Crossover(36,44)",7460.0000,7465.5000,-1.0000,-1.0000,-183.5000,183.5000,-7465.5000,10718.5000,10718.5000
2011-12-29,"MA_Crossover(36,44)",7418.7500,7424.2500,-1.0000,-1.0000,-41.2500,41.2500,-7424.2500,10759.7500,10759.7500
2011-12-30,"MA_Crossover(36,44)",7595.0000,7600.5000,-1.0000,-1.0000,176.2500,-176.2500,-7600.5000,10583.5000,10583.5000
2012-01-03,"MA_Crossover(36,44)",7782.2500,7787.7500,-1.0000,-1.0000,187.2500,-187.2500,-7787.7500,10396.2500,10396.2500
2012-01-04,"MA_Crossover(36,44)",7531.2500,7536.7500,-1.0000,-1.0000,-251.0000,251.0000,-7536.7500,10647.2500,10647.2500
2012-01-05,"MA_Crossover(36,44)",7529.0000,7534.5000,-1.0000,-1.0000,-2.2500,2.2500,-7534.5000,10649.5000,10649.5000
2012-01-06,"MA_Crossover(36,44)",7568.7500,7574.2500,-1.0000,-1.0000,39.7500,-39.7500,-7574.2500,10609.7500,10609.7500
2012-01-09,"MA_Crossover(36,44)",7487.0000,7492.5000,-1.0000,-1.0000,-81.7500,81.7500,-7492.5000,10691.5000,10691.5000
2012-01-10,"MA_Crossover(36,44)",7733.2500,7738.7500,-1.0000,-1.0000,246.2500,-246.2500,-7738.7500,10445.2500,10445.2500
2012-01-11,"MA_Crossover(36,44)",7768.5000,7774.0000,-1.0000,-1.0000,35.2500,-35.2500,-7774.0000,10410.0000,10410.0000
2012-01-12,"MA_Crossover(36,44)",7995.7500,8001.2500,-1.0000,-1.0000,227.2500,-227.2500,-8001.2500,10182.7500,10182.7500
2012-01-13,"MA_Crossover(36,44)",7991.2500,7996.7500,1.0000,-1.0000,-4.5000,4.5000,-7996.7500,10187.2500,10187.2500
2012-01-16,"MA_Crossover(36,44)",8077.0000,8082.5000,1.0000,1.0000,85.7500,85.7500,8082.5000,10273.0000,10273.0000
2012-01-17,"MA_Crossover(36,44)",8195.0000,8198.2500,1.0000,1.0000,115.7500,115.7500,8198.2500,10388.7500,10388.7500
2012-01-18,"MA_Crossover(36,44)",8234.7500,8238.0000,1.0000,1.0000,39.7500,39.7500,8238.0000,10428.5000,10428.5000
2012-01-19,"MA_Crossover(36,44)",8363.2500,8366.0000,1.0000,1.0000,128.0000,128.0000,8366.0000,10556.5000,10556.5000
2012-01-20,"MA_Crossover(36,44)",8216.0000,8215.0000,1.0000,1.0000,-151.0000,-151.0000,8215.0000,10405.5000,10405.5000
2012-01-23,"MA_Crossover(36,44)",8362.0000,8361.0000,1.0000,1.0000,146.0000,146.0000,8361.0000,10551.5000,10551.5000
2012-01-24,"MA_Crossover(36,44)",8352.5000,8351.5000,1.0000,1.0000,-9.5000,-9.5000,8351.5000,10542.0000,10542.0000
2012-01-25,"MA_Crossover(36,44)",8380.0000,8379.0000,1.0000,1.0000,27.5000,27.5000,8379.0000,10569.5000,10569.5000
2012-01-26,"MA_Crossover(36,44)",8585.5000,8584.5000,1.0000,1.0000,205.5000,205.5000,8584.5000,10775.0000,10775.0000
2012-01-27,"MA_Crossover(36,44)",8519.2500,8518.2500,1.0000,1.0000,-66.2500,-66.2500,8518.2500,10708.7500,10708.7500
2012-01-30,"MA_Crossover(36,44)",8420.7500,8419.7500,1.0000,1.0000,-98.5000,-98.5000,8419.7500,10610.2500,10610.2500
2012-01-31,"MA_Crossover(36,44)",8307.0000,8306.0000,1.0000,1.0000,-113.7500,-113.7500,8306.0000,10496.5000,10496.5000
2012-02-01,"MA_Crossover(36,44)",8425.7500,8424.7500,1.0000,1.0000,118.7500,118.7500,8424.7500,10615.2500,10615.2500
2012-02-02,"MA_Crossover(36,44)",8327.7500,8326.7500,1.0000,1.0000,-98.0000,-98.0000,8326.7500,10517.2500,10517.2500
2012-02-03,"MA_Crossover(36,44)",8544.0000,8543.0000,1.0000,1.0000,216.2500,216.2500,8543.0000,10733.5000,10733.5000
2012-02-06,"MA_Crossover(36,44)",8478.2500,8477.2500,1.0000,1.0000,-65.7500,-65.7500,8477.2500,10667.7500,10667.7500
2012-02-07,"MA_Crossover(36,44)",8459.7500,8458.7500,1.0000,1.0000,-18.5000,-18.5000,8458.7500,10649.2500,10649.2500
2012-02-08,"MA_Crossover(36,44)",8557.5000,8556.5000,1.0000,1.0000,97.7500,97.7500,8556.5000,10747.0000,10747.0000
2012-02-09,"MA_Crossover(36,44)",8738.7500,8737.7500,1.0000,1.0000,181.2500,181.2500,8737.7500,10928.2500,10928.2500
2012-02-10,"MA_Crossover(36,44)",8461.2500,8460.2500,1.0000,1.0000,-277.5000,-277.5000,8460.2500,10650.7500,10650.7500
2012-02-13,"MA_Crossover(36,44)",8404.2500,8403.2500,1.0000,1.0000,-57.0000,-57.0000,8403.2500,10593.7500,10593.7500
2012-02-14,"MA_Crossover(36,44)",8405.5000,8399.0000,1.0000,1.0000,-4.2500,-4.2500,8399.0000,10589.5000,10589.5000
2012-02-15,"MA_Crossover(36,44)",8361.5000,8354.0000,1.0000,1.0000,-45.0000,-45.0000,8354.0000,10544.5000,10544.5000
2012-02-16,"MA_Crossover(36,44)",8294.0000,8285.5000,1.0000,1.0000,-68.5000,-68.5000,8285.5000,10476.0000,10476.0000
2012-02-17,"MA_Crossover(36,44)",8174.0000,8160.5000,1.0000,1.0000,-125.0000,-125.0000,8160.5000,10351.0000,10351.0000
2012-02-20,"MA_Crossover(36,44)",8234.5000,8221.0000,1.0000,1.0000,60.5000,60.5000,8221.0000,10411.5000,10411.5000
2012-02-21,"MA_Crossover(36,44)",8447.7500,8434.2500,1.0000,1.0000,213.2500,213.2500,8434.2500,10624.7500,10624.7500
2012-02-22,"MA_Crossover(36,44)",8436.2500,8422.7500,1.0000,1.0000,-11.5000,-11.5000,8422.7500,10613.2500,10613.2500
2012-02-23,"MA_Crossover(36,44)",8395.7500,8382.2500,1.0000,1.0000,-40.5000,-40.5000,8382.2500,10572.7500,10572.7500
2012-02-24,"MA_Crossover(36,44)",8549.0000,8535.5000,1.0000,1.0000,153.2500,153.2500,8535.5000,10726.0000,10726.0000
2012-02-27,"MA_Crossover(36,44)",8552.5000,8539.0000,1.0000,1.0000,3.5000,3.5000,8539.0000,10729.5000,10729.5000
2012-02-28,"MA_Crossover(36,44)",8605.5000,8592.0000,1.0000,1.0000,53.0000,53.0000,8592.0000,10782.5000,10782.5000
2012-02-29,"MA_Crossover(36,44)",8497.0000,8483.5000,1.0000,1.0000,-108.5000,-108.5000,8483.5000,10674.0000,10674.0000
2012-03-01,"MA_Crossover(36,44)",8628.0000,8614.5000,1.0000,1.0000,131.0000,131.0000,8614.5000,10805.0000,10805.0000
2012-03-02,"MA_Crossover(36,44)",8580.2500,8566.7500,1.0000,1.0000,-47.7500,-47.7500,8566.7500,10757.2500,10757.2500
2012-03-05,"MA_Crossover(36,44)",8503.5000,8490.0000,1.0000,1.0000,-76.7500,-76.7500,8490.0000,10680.5000,10680.5000
2012-03-06,"MA_Crossover(36,44)",8288.7500,8275.2500,1.0000,1.0000,-214.7500,-214.7500,8275.2500,10465.7500,10465.7500
2012-03-07,"MA_Crossover(36,44)",8295.7500,8282.2500,1.0000,1.0000,7.0000,7.0000,8282.2500,10472.7500,10472.7500
2012-03-08,"MA_Crossover(36,44)",8333.0000,8319.5000,1.0000,1.0000,37.2500,37.2500,8319.5000,10510.0000,10510.0000
2012-03-09,"MA_Crossover(36,44)",8503.5000,8490.0000,1.0000,1.0000,170.5000,170.5000,8490.0000,10680.5000,10680.5000
2012-03-12,"MA_Crossover(36,44)",8450.0000,8436.5000,1.0000,1.0000,-53.5000,-53.5000,8436.5000,10627.0000,10627.0000
2012-03-13,"MA_Crossover(36,44)",8563.0000,8549.5000,1.0000,1.0000,113.0000,113.0000,8549.5000,10740.0000,10740.0000
2012-03-14,"MA_Crossover(36,44)",8474.5000,8461.0000,1.0000,1.0000,-88.5000,-88.5000,8461.0000,10651.5000,10651.5000
2012-03-15,"MA_Crossover(36,44)",8583.0000,8569.5000,1.0000,1.0000,108.5000,108.5000,8569.5000,10760.0000,10760.0000
2012-03-16,"MA_Crossover(36,44)",8531.0000,8517.5000,1.0000,1.0000,-52.0000,-52.0000,8517.5000,10708.0000,10708.0000
2012-03-19,"MA_Crossover(36,44)",8601.5000,8588.0000,1.0000,1.0000,70.5000,70.5000,8588.0000,10778.5000,10778.5000
2012-03-20,"MA_Crossover(36,44)",8445.5000,8438.0000,1.0000,1.0000,-150.0000,-150.0000,8438.0000,10628.5000,10628.5000
2012-03-21,"MA_Crossover(36,44)",8474.5000,8464.0000,1.0000,1.0000,26.0000,26.0000,8464.0000,10654.5000,10654.5000
2012-03-22,"MA_Crossover(36,44)",8312.5000,8299.5000,1.0000,1.0000,-164.5000,-164.5000,8299.5000,10490.0000,10490.0000
2012-03-23,"MA_Crossover(36,44)",8399.5000,8400.5000,1.0000,1.0000,101.0000,101.0000,8400.5000,10591.0000,10591.0000
2012-03-26,"MA_Crossover(36,44)",8561.5000,8562.5000,1.0000,1.0000,162.0000,162.0000,8562.5000,10753.0000,10753.0000
2012-03-27,"MA_Crossover(36,44)",8553.5000,8554.5000,1.0000,1.0000,-8.0000,-8.0000,8554.5000,10745.0000,10745.0000
2012-03-28,"MA_Crossover(36,44)",8364.0000,8365.0000,1.0000,1.0000,-189.5000,-189.5000,8365.0000,10555.5000,10555.5000
2012-03-29,"MA_Crossover(36,44)",8376.5000,8377.5000,1.0000,1.0000,12.5000,12.5000,8377.5000,10568.0000,10568.0000
2012-03-30,"MA_Crossover(36,44)",8469.0000,8470.0000,-1.0000,1.0000,92.5000,92.5000,8470.0000,10660.5000,10660.5000
2012-04-02,"MA_Crossover(36,44)",8669.0000,8670.0000,-1.0000,-1.0000,200.0000,-200.0000,-8670.0000,10460.5000,10460.5000
2012-04-03,"MA_Crossover(36,44)",8636.0000,8637.0000,-1.0000,-1.0000,-33.0000,33.0000,-8637.0000,10493.5000,10493.5000
2012-04-04,"MA_Crossover(36,44)",8357.5000,8358.5000,-1.0000,-1.0000,-278.5000,278.5000,-8358.5000,10772.0000,10772.0000
2012-04-05,"MA_Crossover(36,44)",8381.0000,8382.0000,-1.0000,-1.0000,23.5000,-23.5000,-8382.0000,10748.5000,10748.5000
2012-04-10,"MA_Crossover(36,44)",8055.5000,8056.5000,-1.0000,-1.0000,-325.5000,325.5000,-8056.5000,11074.0000,11074.0000
2012-04-11,"MA_Crossover(36,44)",8075.0000,8076.0000,1.0000,-1.0000,19.5000,-19.5000,-8076.0000,11054.5000,11054.5000
2012-04-12,"MA_Crossover(36,44)",8263.2500,8264.2500,1.0000,1.0000,188.2500,188.2500,8264.2500,11242.7500,11242.7500
2012-04-13,"MA_Crossover(36,44)",8044.7500,8045.7500,1.0000,1.0000,-218.5000,-218.5000,8045.7500,11024.2500,11024.2500
2012-04-16,"MA_Crossover(36,44)",8049.5000,8050.5000,1.0000,1.0000,4.7500,4.7500,8050.5000,11029.0000,11029.0000
2012-04-17,"MA_Crossover(36,44)",8084.0000,8113.0000,1.0000,1.0000,62.5000,62.5000,8113.0000,11091.5000,11091.5000
2012-04-18,"MA_Crossover(36,44)",8078.0000,8110.0000,1.0000,1.0000,-3.0000,-3.0000,8110.0000,11088.5000,11088.5000
2012-04-19,"MA_Crossover(36,44)",8072.0000,8108.0000,1.0000,1.0000,-2.0000,-2.0000,8108.0000,11086.5000,11086.5000
2012-04-20,"MA_Crossover(36,44)",8222.0000,8270.0000,-1.0000,1.0000,162.0000,162.0000,8270.0000,11248.5000,11248.5000
2012-04-23,"MA_Crossover(36,44)",8092.0000,8140.0000,-1.0000,-1.0000,-130.0000,130.0000,-8140.0000,11378.5000,11378.5000
2012-04-24,"MA_Crossover(36,44)",8213.0000,8261.0000,-1.0000,-1.0000,121.0000,-121.0000,-8261.0000,11257.5000,11257.5000
2012-04-25,"MA_Crossover(36,44)",8264.0000,8312.0000,-1.0000,-1.0000,51.0000,-51.0000,-8312.0000,11206.5000,11206.5000
2012-04-26,"MA_Crossover(36,44)",8388.0000,8436.0000,-1.0000,-1.0000,124.0000,-124.0000,-8436.0000,11082.5000,11082.5000
2012-04-27,"MA_Crossover(36,44)",8494.0000,8542.0000,-1.0000,-1.0000,106.0000,-106.0000,-8542.0000,10976.5000,10976.5000
2012-04-30,"MA_Crossover(36,44)",8459.5000,8507.5000,-1.0000,-1.0000,-34.5000,34.5000,-8507.5000,11011.0000,11011.0000
2012-05-01,"MA_Crossover(36,44)",8472.0000,8520.0000,-1.0000,-1.0000,12.5000,-12.5000,-8520.0000,10998.5000,10998.5000
2012-05-02,"MA_Crossover(36,44)",8329.0000,8377.0000,-1.0000,-1.0000,-143.0000,143.0000,-8377.0000,11141.5000,11141.5000
2012-05-03,"MA_Crossover(36,44)",8259.5000,8307.5000,-1.0000,-1.0000,-69.5000,69.5000,-8307.5000,11211.0000,11211.0000
2012-05-04,"MA_Crossover(36,44)",8218.5000,8266.5000,-1.0000,-1.0000,-41.0000,41.0000,-8266.5000,11252.0000,11252.0000
2012-05-08,"MA_Crossover(36,44)",8158.5000,8206.5000,-1.0000,-1.0000,-60.0000,60.0000,-8206.5000,11312.0000,11312.0000
2012-05-09,"MA_Crossover(36,44)",8136.0000,8184.0000,-1.0000,-1.0000,-22.5000,22.5000,-8184.0000,11334.5000,11334.5000
2012-05-10,"MA_Crossover(36,44)",8191.0000,8239.0000,-1.0000,-1.0000,55.0000,-55.0000,-8239.0000,11279.5000,11279.5000
2012-05-11,"MA_Crossover(36,44)",8098.0000,8146.0000,-1.0000,-1.0000,-93.0000,93.0000,-8146.0000,11372.5000,11372.5000
2012-05-14,"MA_Crossover(36,44)",7900.0000,7948.0000,-1.0000,-1.0000,-198.0000,198.0000,-7948.0000,11570.5000,11570.5000
2012-05-15,"MA_Crossover(36,44)",7795.0000,7846.0000,-1.0000,-1.0000,-102.0000,102.0000,-7846.0000,11672.5000,11672.5000
2012-05-16,"MA_Crossover(36,44)",7690.0000,7738.0000,-1.0000,-1.0000,-108.0000,108.0000,-7738.0000,11780.5000,11780.5000
2012-05-17,"MA_Crossover(36,44)",7690.5000,7738.5000,-1.0000,-1.0000,0.5000,-0.5000,-7738.5000,11780.0000,11780.0000
2012-05-18,"MA_Crossover(36,44)",7696.0000,7768.0000,-1.0000,-1.0000,29.5000,-29.5000,-7768.0000,11750.5000,11750.5000
2012-05-21,"MA_Crossover(36,44)",7780.0000,7852.0000,-1.0000,-1.0000,84.0000,-84.0000,-7852.0000,11666.5000,11666.5000
2012-05-22,"MA_Crossover(36,44)",7786.0000,7858.0000,-1.0000,-1.0000,6.0000,-6.0000,-7858.0000,11660.5000,11660.5000
2012-05-23,"MA_Crossover(36,44)",7578.0000,7650.0000,-1.0000,-1.0000,-208.0000,208.0000,-7650.0000,11868.5000,11868.5000
2012-05-24,"MA_Crossover(36,44)",7656.5000,7728.5000,-1.0000,-1.0000,78.5000,-78.5000,-7728.5000,11790.0000,11790.0000
2012-05-25,"MA_Crossover(36,44)",7673.0000,7745.0000,-1.0000,-1.0000,16.5000,-16.5000,-7745.0000,11773.5000,11773.5000
2012-05-28,"MA_Crossover(36,44)",7715.5000,7787.5000,-1.0000,-1.0000,42.5000,-42.5000,-7787.5000,11731.0000,11731.0000
2012-05-29,"MA_Crossover(36,44)",7686.0000,7758.0000,-1.0000,-1.0000,-29.5000,29.5000,-7758.0000,11760.5000,11760.5000
2012-05-30,"MA_Crossover(36,44)",7491.0000,7563.0000,-1.0000,-1.0000,-195.0000,195.0000,-7563.0000,11955.5000,11955.5000
2012-05-31,"MA_Crossover(36,44)",7440.0000,7512.0000,-1.0000,-1.0000,-51.0000,51.0000,-7512.0000,12006.5000,12006.5000
2012-06-01,"MA_Crossover(36,44)",7378.5000,7450.5000,-1.0000,-1.0000,-61.5000,61.5000,-7450.5000,12068.0000,12068.0000
2012-06-06,"MA_Crossover(36,44)",7413.0000,7485.0000,-1.0000,-1.0000,34.5000,-34.5000,-7485.0000,12033.5000,12033.5000
2012-06-07,"MA_Crossover(36,44)",7492.5000,7564.5000,-1.0000,-1.0000,79.5000,-79.5000,-7564.5000,11954.0000,11954.0000
2012-06-08,"MA_Crossover(36,44)",7287.0000,7359.0000,-1.0000,-1.0000,-205.5000,205.5000,-7359.0000,12159.5000,12159.5000
2012-06-11,"MA_Crossover(36,44)",7412.5000,7484.5000,-1.0000,-1.0000,125.5000,-125.5000,-7484.5000,12034.0000,12034.0000
2012-06-12,"MA_Crossover(36,44)",7385.0000,7457.0000,-1.0000,-1.0000,-27.5000,27.5000,-7457.0000,12061.5000,12061.5000
2012-06-13,"MA_Crossover(36,44)",7378.7500,7450.7500,-1.0000,-1.0000,-6.2500,6.2500,-7450.7500,12067.7500,12067.7500
2012-06-14,"MA_Crossover(36,44)",7406.5000,7478.5000,-1.0000,-1.0000,27.7500,-27.7500,-7478.5000,12040.0000,12040.0000
2012-06-15,"MA_Crossover(36,44)",7499.2500,7571.2500,-1.0000,-1.0000,92.7500,-92.7500,-7571.2500,11947.2500,11947.2500
2012-06-18,"MA_Crossover(36,44)",7498.2500,7570.2500,-1.0000,-1.0000,-1.0000,1.0000,-7570.2500,11948.2500,11948.2500
2012-06-19,"MA_Crossover(36,44)",7609.7500,7672.7500,-1.0000,-1.0000,102.5000,-102.5000,-7672.7500,11845.7500,11845.7500
2012-06-20,"MA_Crossover(36,44)",7547.0000,7610.0000,-1.0000,-1.0000,-62.7500,62.7500,-7610.0000,11908.5000,11908.5000
2012-06-21,"MA_Crossover(36,44)",7352.0000,7415.0000,-1.0000,-1.0000,-195.0000,195.0000,-7415.0000,12103.5000,12103.5000
2012-06-22,"MA_Crossover(36,44)",7326.0000,7387.0000,-1.0000,-1.0000,-28.0000,28.0000,-7387.0000,12131.5000,12131.5000
2012-06-25,"MA_Crossover(36,44)",7353.5000,7414.5000,-1.0000,-1.0000,27.5000,-27.5000,-7414.5000,12104.0000,12104.0000
2012-06-26,"MA_Crossover(36,44)",7381.0000,7442.0000,-1.0000,-1.0000,27.5000,-27.5000,-7442.0000,12076.5000,12076.5000
2012-06-27,"MA_Crossover(36,44)",7425.2500,7486.2500,-1.0000,-1.0000,44.2500,-44.2500,-7486.2500,12032.2500,12032.2500
2012-06-28,"MA_Crossover(36,44)",7397.0000,7458.0000,-1.0000,-1.0000,-28.2500,28.2500,-7458.0000,12060.5000,12060.5000
2012-06-29,"MA_Crossover(36,44)",7696.5000,7757.5000,-1.0000,-1.0000,299.5000,-299.5000,-7757.5000,11761.0000,11761.0000
2012-07-02,"MA_Crossover(36,44)",7638.7500,7699.7500,-1.0000,-1.0000,-57.7500,57.7500,-7699.7500,11818.7500,11818.7500
2012-07-03,"MA_Crossover(36,44)",7825.0000,7886.0000,-1.0000,-1.0000,186.2500,-186.2500,-7886.0000,11632.5000,11632.5000
2012-07-04,"MA_Crossover(36,44)",7728.5000,7789.5000,-1.0000,-1.0000,-96.5000,96.5000,-7789.5000,11729.0000,11729.0000
2012-07-05,"MA_Crossover(36,44)",7702.5000,7763.5000,-1.0000,-1.0000,-26.0000,26.0000,-7763.5000,11755.0000,11755.0000
2012-07-06,"MA_Crossover(36,44)",7536.0000,7597.0000,-1.0000,-1.0000,-166.5000,166.5000,-7597.0000,11921.5000,11921.5000
2012-07-09,"MA_Crossover(36,44)",7560.5000,7621.5000,-1.0000,-1.0000,24.5000,-24.5000,-7621.5000,11897.0000,11897.0000
2012-07-10,"MA_Crossover(36,44)",7492.7500,7553.7500,-1.0000,-1.0000,-67.7500,67.7500,-7553.7500,11964.7500,11964.7500
2012-07-11,"MA_Crossover(36,44)",7549.5000,7610.5000,-1.0000,-1.0000,56.7500,-56.7500,-7610.5000,11908.0000,11908.0000
2012-07-12,"MA_Crossover(36,44)",7574.5000,7635.5000,-1.0000,-1.0000,25.0000,-25.0000,-7635.5000,11883.0000,11883.0000
2012-07-13,"MA_Crossover(36,44)",7709.5000,7770.5000,-1.0000,-1.0000,135.0000,-135.0000,-7770.5000,11748.0000,11748.0000
2012-07-16,"MA_Crossover(36,44)",7695.0000,7756.0000,-1.0000,-1.0000,-14.5000,14.5000,-7756.0000,11762.5000,11762.5000
2012-07-17,"MA_Crossover(36,44)",7597.0000,7657.5000,-1.0000,-1.0000,-98.5000,98.5000,-7657.5000,11861.0000,11861.0000
2012-07-18,"MA_Crossover(36,44)",7641.5000,7702.0000,-1.0000,-1.0000,44.5000,-44.5000,-7702.0000,11816.5000,11816.5000
2012-07-19,"MA_Crossover(36,44)",7737.0000,7797.0000,-1.0000,-1.0000,95.0000,-95.0000,-7797.0000,11721.5000,11721.5000
2012-07-20,"MA_Crossover(36,44)",7547.0000,7607.0000,-1.0000,-1.0000,-190.0000,190.0000,-7607.0000,11911.5000,11911.5000
2012-07-23,"MA_Crossover(36,44)",7402.7500,7462.7500,-1.0000,-1.0000,-144.2500,144.2500,-7462.7500,12055.7500,12055.7500
2012-07-24,"MA_Crossover(36,44)",7418.7500,7478.7500,-1.0000,-1.0000,16.0000,-16.0000,-7478.7500,12039.7500,12039.7500
2012-07-25,"MA_Crossover(36,44)",7447.2500,7507.2500,-1.0000,-1.0000,28.5000,-28.5000,-7507.2500,12011.2500,12011.2500
2012-07-26,"MA_Crossover(36,44)",7470.0000,7530.0000,-1.0000,-1.0000,22.7500,-22.7500,-7530.0000,11988.5000,11988.5000
2012-07-27,"MA_Crossover(36,44)",7562.0000,7622.0000,-1.0000,-1.0000,92.0000,-92.0000,-7622.0000,11896.5000,11896.5000
2012-07-30,"MA_Crossover(36,44)",7538.5000,7598.5000,1.0000,-1.0000,-23.5000,23.5000,-7598.5000,11920.0000,11920.0000
2012-07-31,"MA_Crossover(36,44)",7555.5000,7615.5000,1.0000,1.0000,17.0000,17.0000,7615.5000,11937.0000,11937.0000
2012-08-01,"MA_Crossover(36,44)",7421.7500,7481.7500,1.0000,1.0000,-133.7500,-133.7500,7481.7500,11803.2500,11803.2500
2012-08-02,"MA_Crossover(36,44)",7325.2500,7385.2500,1.0000,1.0000,-96.5000,-96.5000,7385.2500,11706.7500,11706.7500
2012-08-03,"MA_Crossover(36,44)",7443.5000,7503.5000,1.0000,1.0000,118.2500,118.2500,7503.5000,11825.0000,11825.0000
2012-08-06,"MA_Crossover(36,44)",7495.2500,7555.2500,1.0000,1.0000,51.7500,51.7500,7555.2500,11876.7500,11876.7500
2012-08-07,"MA_Crossover(36,44)",7583.5000,7643.5000,1.0000,1.0000,88.2500,88.2500,7643.5000,11965.0000,11965.0000
2012-08-08,"MA_Crossover(36,44)",7553.5000,7613.5000,1.0000,1.0000,-30.0000,-30.0000,7613.5000,11935.0000,11935.0000
2012-08-09,"MA_Crossover(36,44)",7531.0000,7591.0000,1.0000,1.0000,-22.5000,-22.5000,7591.0000,11912.5000,11912.5000
2012-08-10,"MA_Crossover(36,44)",7484.2500,7544.2500,1.0000,1.0000,-46.7500,-46.7500,7544.2500,11865.7500,11865.7500
2012-08-13,"MA_Crossover(36,44)",7382.2500,7442.2500,1.0000,1.0000,-102.0000,-102.0000,7442.2500,11763.7500,11763.7500
2012-08-14,"MA_Crossover(36,44)",7413.2500,7467.2500,1.0000,1.0000,25.0000,25.0000,7467.2500,11788.7500,11788.7500
2012-08-15,"MA_Crossover(36,44)",7383.5000,7437.5000,1.0000,1.0000,-29.7500,-29.7500,7437.5000,11759.0000,11759.0000
2012-08-16,"MA_Crossover(36,44)",7450.7500,7503.2500,1.0000,1.0000,65.7500,65.7500,7503.2500,11824.7500,11824.7500
2012-08-17,"MA_Crossover(36,44)",7540.5000,7591.5000,1.0000,1.0000,88.2500,88.2500,7591.5000,11913.0000,11913.0000
2012-08-20,"MA_Crossover(36,44)",7455.5000,7506.5000,1.0000,1.0000,-85.0000,-85.0000,7506.5000,11828.0000,11828.0000
2012-08-21,"MA_Crossover(36,44)",7612.5000,7663.5000,1.0000,1.0000,157.0000,157.0000,7663.5000,11985.0000,11985.0000
2012-08-22,"MA_Crossover(36,44)",7607.5000,7658.5000,1.0000,1.0000,-5.0000,-5.0000,7658.5000,11980.0000,11980.0000
2012-08-23,"MA_Crossover(36,44)",7684.5000,7735.5000,-1.0000,1.0000,77.0000,77.0000,7735.5000,12057.0000,12057.0000
2012-08-24,"MA_Crossover(36,44)",7637.0000,7688.0000,-1.0000,-1.0000,-47.5000,47.5000,-7688.0000,12104.5000,12104.5000
2012-08-28,"MA_Crossover(36,44)",7603.0000,7654.0000,-1.0000,-1.0000,-34.0000,34.0000,-7654.0000,12138.5000,12138.5000
2012-08-29,"MA_Crossover(36,44)",7570.5000,7621.5000,-1.0000,-1.0000,-32.5000,32.5000,-7621.5000,12171.0000,12171.0000
2012-08-30,"MA_Crossover(36,44)",7563.7500,7614.7500,-1.0000,-1.0000,-6.7500,6.7500,-7614.7500,12177.7500,12177.7500
2012-08-31,"MA_Crossover(36,44)",7613.5000,7664.5000,-1.0000,-1.0000,49.7500,-49.7500,-7664.5000,12128.0000,12128.0000
2012-09-03,"MA_Crossover(36,44)",7680.7500,7731.7500,-1.0000,-1.0000,67.2500,-67.2500,-7731.7500,12060.7500,12060.7500
2012-09-04,"MA_Crossover(36,44)",7635.7500,7686.7500,-1.0000,-1.0000,-45.0000,45.0000,-7686.7500,12105.7500,12105.7500
2012-09-05,"MA_Crossover(36,44)",7734.0000,7785.0000,-1.0000,-1.0000,98.2500,-98.2500,-7785.0000,12007.5000,12007.5000
2012-09-06,"MA_Crossover(36,44)",7695.7500,7746.7500,-1.0000,-1.0000,-38.2500,38.2500,-7746.7500,12045.7500,12045.7500
2012-09-07,"MA_Crossover(36,44)",7961.7500,8012.7500,-1.0000,-1.0000,266.0000,-266.0000,-8012.7500,11779.7500,11779.7500
2012-09-10,"MA_Crossover(36,44)",8057.5000,8108.5000,-1.0000,-1.0000,95.7500,-95.7500,-8108.5000,11684.0000,11684.0000
2012-09-11,"MA_Crossover(36,44)",8078.2500,8129.2500,-1.0000,-1.0000,20.7500,-20.7500,-8129.2500,11663.2500,11663.2500
2012-09-12,"MA_Crossover(36,44)",8082.0000,8133.0000,-1.0000,-1.0000,3.7500,-3.7500,-8133.0000,11659.5000,11659.5000
2012-09-13,"MA_Crossover(36,44)",8060.0000,8111.0000,1.0000,-1.0000,-22.0000,22.0000,-8111.0000,11681.5000,11681.5000
2012-09-14,"MA_Crossover(36,44)",8363.0000,8414.0000,1.0000,1.0000,303.0000,303.0000,8414.0000,11984.5000,11984.5000
2012-09-17,"MA_Crossover(36,44)",8282.7500,8333.7500,1.0000,1.0000,-80.2500,-80.2500,8333.7500,11904.2500,11904.2500
2012-09-18,"MA_Crossover(36,44)",8311.2500,8357.5000,1.0000,1.0000,23.7500,23.7500,8357.5000,11928.0000,11928.0000
2012-09-19,"MA_Crossover(36,44)",8344.0000,8388.7500,1.0000,1.0000,31.2500,31.2500,8388.7500,11959.2500,11959.2500
2012-09-20,"MA_Crossover(36,44)",8268.5000,8313.5000,1.0000,1.0000,-75.2500,-75.2500,8313.5000,11884.0000,11884.0000
2012-09-21,"MA_Crossover(36,44)",8282.0000,8323.2500,1.0000,1.0000,9.7500,9.7500,8323.2500,11893.7500,11893.7500
2012-09-24,"MA_Crossover(36,44)",8181.5000,8222.7500,1.0000,1.0000,-100.5000,-100.5000,8222.7500,11793.2500,11793.2500
2012-09-25,"MA_Crossover(36,44)",8276.0000,8317.2500,1.0000,1.0000,94.5000,94.5000,8317.2500,11887.7500,11887.7500
2012-09-26,"MA_Crossover(36,44)",8125.0000,8166.2500,1.0000,1.0000,-151.0000,-151.0000,8166.2500,11736.7500,11736.7500
2012-09-27,"MA_Crossover(36,44)",8181.5000,8222.7500,1.0000,1.0000,56.5000,56.5000,8222.7500,11793.2500,11793.2500
2012-09-28,"MA_Crossover(36,44)",8213.0000,8254.2500,1.0000,1.0000,31.5000,31.5000,8254.2500,11824.7500,11824.7500
2012-10-01,"MA_Crossover(36,44)",8302.7500,8344.0000,1.0000,1.0000,89.7500,89.7500,8344.0000,11914.5000,11914.5000
2012-10-02,"MA_Crossover(36,44)",8328.7500,8370.0000,1.0000,1.0000,26.0000,26.0000,8370.0000,11940.5000,11940.5000
2012-10-03,"MA_Crossover(36,44)",8289.0000,8330.2500,1.0000,1.0000,-39.7500,-39.7500,8330.2500,11900.7500,11900.7500
2012-10-04,"MA_Crossover(36,44)",8298.0000,8339.2500,1.0000,1.0000,9.0000,9.0000,8339.2500,11909.7500,11909.7500
2012-10-05,"MA_Crossover(36,44)",8297.0000,8338.2500,1.0000,1.0000,-1.0000,-1.0000,8338.2500,11908.7500,11908.7500
2012-10-08,"MA_Crossover(36,44)",8183.0000,8224.2500,1.0000,1.0000,-114.0000,-114.0000,8224.2500,11794.7500,11794.7500
2012-10-09,"MA_Crossover(36,44)",8141.5000,8182.7500,1.0000,1.0000,-41.5000,-41.5000,8182.7500,11753.2500,11753.2500
2012-10-10,"MA_Crossover(36,44)",8166.5000,8207.7500,1.0000,1.0000,25.0000,25.0000,8207.7500,11778.2500,11778.2500
2012-10-11,"MA_Crossover(36,44)",8242.5000,8283.7500,1.0000,1.0000,76.0000,76.0000,8283.7500,11854.2500,11854.2500
2012-10-12,"MA_Crossover(36,44)",8132.0000,8173.2500,1.0000,1.0000,-110.5000,-110.5000,8173.2500,11743.7500,11743.7500
2012-10-15,"MA_Crossover(36,44)",8095.5000,8136.7500,1.0000,1.0000,-36.5000,-36.5000,8136.7500,11707.2500,11707.2500
2012-10-16,"MA_Crossover(36,44)",8125.0000,8168.2500,1.0000,1.0000,31.5000,31.5000,8168.2500,11738.7500,11738.7500
2012-10-17,"MA_Crossover(36,44)",8223.5000,8266.7500,1.0000,1.0000,98.5000,98.5000,8266.7500,11837.2500,11837.2500
2012-10-18,"MA_Crossover(36,44)",8223.5000,8265.7500,1.0000,1.0000,-1.0000,-1.0000,8265.7500,11836.2500,11836.2500
2012-10-19,"MA_Crossover(36,44)",8015.0000,8057.2500,1.0000,1.0000,-208.5000,-208.5000,8057.2500,11627.7500,11627.7500
2012-10-22,"MA_Crossover(36,44)",7953.0000,7995.2500,1.0000,1.0000,-62.0000,-62.0000,7995.2500,11565.7500,11565.7500
2012-10-23,"MA_Crossover(36,44)",7834.0000,7876.2500,1.0000,1.0000,-119.0000,-119.0000,7876.2500,11446.7500,11446.7500
2012-10-24,"MA_Crossover(36,44)",7820.5000,7862.7500,1.0000,1.0000,-13.5000,-13.5000,7862.7500,11433.2500,11433.2500
2012-10-25,"MA_Crossover(36,44)",7819.0000,7861.2500,1.0000,1.0000,-1.5000,-1.5000,7861.2500,11431.7500,11431.7500
2012-10-26,"MA_Crossover(36,44)",7824.5000,7866.7500,1.0000,1.0000,5.5000,5.5000,7866.7500,11437.2500,11437.2500
2012-10-29,"MA_Crossover(36,44)",7703.2500,7745.5000,1.0000,1.0000,-121.2500,-121.2500,7745.5000,11316.0000,11316.0000
2012-10-30,"MA_Crossover(36,44)",7724.7500,7767.0000,1.0000,1.0000,21.5000,21.5000,7767.0000,11337.5000,11337.5000
2012-10-31,"MA_Crossover(36,44)",7761.7500,7804.0000,1.0000,1.0000,37.0000,37.0000,7804.0000,11374.5000,11374.5000
2012-11-01,"MA_Crossover(36,44)",7828.0000,7870.2500,1.0000,1.0000,66.2500,66.2500,7870.2500,11440.7500,11440.7500
2012-11-02,"MA_Crossover(36,44)",7665.2500,7707.5000,1.0000,1.0000,-162.7500,-162.7500,7707.5000,11278.0000,11278.0000
2012-11-05,"MA_Crossover(36,44)",7646.0000,7688.2500,1.0000,1.0000,-19.2500,-19.2500,7688.2500,11258.7500,11258.7500
2012-11-06,"MA_Crossover(36,44)",7695.2500,7737.5000,-1.0000,1.0000,49.2500,49.2500,7737.5000,11308.0000,11308.0000
2012-11-07,"MA_Crossover(36,44)",7600.2500,7642.5000,-1.0000,-1.0000,-95.0000,95.0000,-7642.5000,11403.0000,11403.0000
2012-11-08,"MA_Crossover(36,44)",7628.2500,7670.5000,-1.0000,-1.0000,28.0000,-28.0000,-7670.5000,11375.0000,11375.0000
2012-11-09,"MA_Crossover(36,44)",7568.0000,7610.2500,-1.0000,-1.0000,-60.2500,60.2500,-7610.2500,11435.2500,11435.2500
2012-11-12,"MA_Crossover(36,44)",7635.7500,7678.0000,-1.0000,-1.0000,67.7500,-67.7500,-7678.0000,11367.5000,11367.5000
2012-11-13,"MA_Crossover(36,44)",7676.5000,7718.7500,-1.0000,-1.0000,40.7500,-40.7500,-7718.7500,11326.7500,11326.7500
2012-11-14,"MA_Crossover(36,44)",7633.7500,7676.0000,-1.0000,-1.0000,-42.7500,42.7500,-7676.0000,11369.5000,11369.5000
2012-11-15,"MA_Crossover(36,44)",7631.5000,7673.7500,-1.0000,-1.0000,-2.2500,2.2500,-7673.7500,11371.7500,11371.7500
2012-11-16,"MA_Crossover(36,44)",7596.2500,7638.5000,-1.0000,-1.0000,-35.2500,35.2500,-7638.5000,11407.0000,11407.0000
2012-11-19,"MA_Crossover(36,44)",7793.0000,7835.2500,-1.0000,-1.0000,196.7500,-196.7500,-7835.2500,11210.2500,11210.2500
2012-11-20,"MA_Crossover(36,44)",7778.0000,7815.5000,-1.0000,-1.0000,-19.7500,19.7500,-7815.5000,11230.0000,11230.0000
2012-11-21,"MA_Crossover(36,44)",7685.2500,7724.2500,-1.0000,-1.0000,-91.2500,91.2500,-7724.2500,11321.2500,11321.2500
2012-11-22,"MA_Crossover(36,44)",7708.2500,7747.5000,-1.0000,-1.0000,23.2500,-23.2500,-7747.5000,11298.0000,11298.0000
2012-11-23,"MA_Crossover(36,44)",7770.5000,7806.0000,-1.0000,-1.0000,58.5000,-58.5000,-7806.0000,11239.5000,11239.5000
2012-11-26,"MA_Crossover(36,44)",7772.0000,7807.5000,-1.0000,-1.0000,1.5000,-1.5000,-7807.5000,11238.0000,11238.0000
2012-11-27,"MA_Crossover(36,44)",7797.2500,7832.7500,-1.0000,-1.0000,25.2500,-25.2500,-7832.7500,11212.7500,11212.7500
2012-11-28,"MA_Crossover(36,44)",7754.5000,7790.0000,-1.0000,-1.0000,-42.7500,42.7500,-7790.0000,11255.5000,11255.5000
2012-11-29,"MA_Crossover(36,44)",7890.2500,7925.7500,-1.0000,-1.0000,135.7500,-135.7500,-7925.7500,11119.7500,11119.7500
2012-11-30,"MA_Crossover(36,44)",7983.2500,8018.7500,-1.0000,-1.0000,93.0000,-93.0000,-8018.7500,11026.7500,11026.7500
2012-12-03,"MA_Crossover(36,44)",7991.7500,8027.2500,-1.0000,-1.0000,8.5000,-8.5000,-8027.2500,11018.2500,11018.2500
2012-12-04,"MA_Crossover(36,44)",8016.0000,8051.5000,-1.0000,-1.0000,24.2500,-24.2500,-8051.5000,10994.0000,10994.0000
2012-12-05,"MA_Crossover(36,44)",8058.0000,8093.5000,-1.0000,-1.0000,42.0000,-42.0000,-8093.5000,10952.0000,10952.0000
2012-12-06,"MA_Crossover(36,44)",7981.7500,8017.2500,-1.0000,-1.0000,-76.2500,76.2500,-8017.2500,11028.2500,11028.2500
2012-12-07,"MA_Crossover(36,44)",8014.7500,8050.2500,-1.0000,-1.0000,33.0000,-33.0000,-8050.2500,10995.2500,10995.2500
2012-12-10,"MA_Crossover(36,44)",8111.5000,8147.0000,-1.0000,-1.0000,96.7500,-96.7500,-8147.0000,10898.5000,10898.5000
2012-12-11,"MA_Crossover(36,44)",8076.5000,8112.0000,-1.0000,-1.0000,-35.0000,35.0000,-8112.0000,10933.5000,10933.5000
2012-12-12,"MA_Crossover(36,44)",8106.7500,8142.2500,-1.0000,-1.0000,30.2500,-30.2500,-8142.2500,10903.2500,10903.2500
2012-12-13,"MA_Crossover(36,44)",8052.2500,8087.7500,-1.0000,-1.0000,-54.5000,54.5000,-8087.7500,10957.7500,10957.7500
2012-12-14,"MA_Crossover(36,44)",8043.2500,8078.7500,-1.0000,-1.0000,-9.0000,9.0000,-8078.7500,10966.7500,10966.7500
2012-12-17,"MA_Crossover(36,44)",8038.7500,8074.2500,-1.0000,-1.0000,-4.5000,4.5000,-8074.2500,10971.2500,10971.2500
2012-12-18,"MA_Crossover(36,44)",8007.2500,8042.7500,-1.0000,-1.0000,-31.5000,31.5000,-8042.7500,11002.7500,11002.7500
2012-12-19,"MA_Crossover(36,44)",7909.0000,7945.0000,-1.0000,-1.0000,-97.7500,97.7500,-7945.0000,11100.5000,11100.5000
2012-12-20,"MA_Crossover(36,44)",7753.5000,7789.5000,1.0000,-1.0000,-155.5000,155.5000,-7789.5000,11256.0000,11256.0000
2012-12-21,"MA_Crossover(36,44)",7817.0000,7843.5000,1.0000,1.0000,54.0000,54.0000,7843.5000,11310.0000,11310.0000
2012-12-24,"MA_Crossover(36,44)",7796.7500,7823.2500,1.0000,1.0000,-20.2500,-20.2500,7823.2500,11289.7500,11289.7500
2012-12-27,"MA_Crossover(36,44)",7900.5000,7927.0000,1.0000,1.0000,103.7500,103.7500,7927.0000,11393.5000,11393.5000
2012-12-28,"MA_Crossover(36,44)",7871.5000,7898.0000,1.0000,1.0000,-29.0000,-29.0000,7898.0000,11364.5000,11364.5000
2012-12-31,"MA_Crossover(36,44)",7912.5000,7939.0000,1.0000,1.0000,41.0000,41.0000,7939.0000,11405.5000,11405.5000
2013-01-02,"MA_Crossover(36,44)",8188.7500,8215.2500,1.0000,1.0000,276.2500,276.2500,8215.2500,11681.7500,11681.7500
2013-01-03,"MA_Crossover(36,44)",8140.7500,8167.2500,1.0000,1.0000,-48.0000,-48.0000,8167.2500,11633.7500,11633.7500
2013-01-04,"MA_Crossover(36,44)",8059.2500,8085.7500,1.0000,1.0000,-81.5000,-81.5000,8085.7500,11552.2500,11552.2500
2013-01-07,"MA_Crossover(36,44)",8041.2500,8067.7500,1.0000,1.0000,-18.0000,-18.0000,8067.7500,11534.2500,11534.2500
2013-01-08,"MA_Crossover(36,44)",8048.7500,8075.2500,1.0000,1.0000,7.5000,7.5000,8075.2500,11541.7500,11541.7500
2013-01-09,"MA_Crossover(36,44)",8048.7500,8075.2500,1.0000,1.0000,0.0000,0.0000,8075.2500,11541.7500,11541.7500
2013-01-10,"MA_Crossover(36,44)",8085.0000,8111.5000,1.0000,1.0000,36.2500,36.2500,8111.5000,11578.0000,11578.0000
2013-01-11,"MA_Crossover(36,44)",8017.2500,8043.7500,1.0000,1.0000,-67.7500,-67.7500,8043.7500,11510.2500,11510.2500
2013-01-14,"MA_Crossover(36,44)",7968.0000,7994.5000,1.0000,1.0000,-49.2500,-49.2500,7994.5000,11461.0000,11461.0000
2013-01-15,"MA_Crossover(36,44)",7977.2500,7998.7500,1.0000,1.0000,4.2500,4.2500,7998.7500,11465.2500,11465.2500
2013-01-16,"MA_Crossover(36,44)",7929.5000,7951.0000,1.0000,1.0000,-47.7500,-47.7500,7951.0000,11417.5000,11417.5000
2013-01-17,"MA_Crossover(36,44)",8037.7500,8059.0000,1.0000,1.0000,108.0000,108.0000,8059.0000,11525.5000,11525.5000
2013-01-18,"MA_Crossover(36,44)",8047.2500,8059.2500,1.0000,1.0000,0.2500,0.2500,8059.2500,11525.7500,11525.7500
2013-01-21,"MA_Crossover(36,44)",8038.5000,8050.5000,1.0000,1.0000,-8.7500,-8.7500,8050.5000,11517.0000,11517.0000
2013-01-22,"MA_Crossover(36,44)",8114.5000,8126.5000,1.0000,1.0000,76.0000,76.0000,8126.5000,11593.0000,11593.0000
2013-01-23,"MA_Crossover(36,44)",8084.5000,8096.5000,1.0000,1.0000,-30.0000,-30.0000,8096.5000,11563.0000,11563.0000
2013-01-24,"MA_Crossover(36,44)",8074.7500,8086.7500,1.0000,1.0000,-9.7500,-9.7500,8086.7500,11553.2500,11553.2500
2013-01-25,"MA_Crossover(36,44)",8007.7500,8019.7500,1.0000,1.0000,-67.0000,-67.0000,8019.7500,11486.2500,11486.2500
2013-01-28,"MA_Crossover(36,44)",8025.7500,8037.7500,1.0000,1.0000,18.0000,18.0000,8037.7500,11504.2500,11504.2500
2013-01-29,"MA_Crossover(36,44)",8078.2500,8090.2500,1.0000,1.0000,52.5000,52.5000,8090.2500,11556.7500,11556.7500
2013-01-30,"MA_Crossover(36,44)",8200.7500,8212.7500,1.0000,1.0000,122.5000,122.5000,8212.7500,11679.2500,11679.2500
2013-01-31,"MA_Crossover(36,44)",8137.5000,8149.5000,1.0000,1.0000,-63.2500,-63.2500,8149.5000,11616.0000,11616.0000
2013-02-01,"MA_Crossover(36,44)",8263.5000,8275.5000,1.0000,1.0000,126.0000,126.0000,8275.5000,11742.0000,11742.0000
2013-02-04,"MA_Crossover(36,44)",8276.2500,8288.2500,1.0000,1.0000,12.7500,12.7500,8288.2500,11754.7500,11754.7500
2013-02-05,"MA_Crossover(36,44)",8240.2500,8252.2500,-1.0000,1.0000,-36.0000,-36.0000,8252.2500,11718.7500,11718.7500
2013-02-06,"MA_Crossover(36,44)",8215.2500,8227.2500,-1.0000,-1.0000,-25.0000,25.0000,-8227.2500,11743.7500,11743.7500
2013-02-07,"MA_Crossover(36,44)",8170.2500,8182.2500,-1.0000,-1.0000,-45.0000,45.0000,-8182.2500,11788.7500,11788.7500
2013-02-08,"MA_Crossover(36,44)",8264.7500,8276.7500,-1.0000,-1.0000,94.5000,-94.5000,-8276.7500,11694.2500,11694.2500
2013-02-11,"MA_Crossover(36,44)",8169.5000,8181.5000,-1.0000,-1.0000,-95.2500,95.2500,-8181.5000,11789.5000,11789.5000
2013-02-12,"MA_Crossover(36,44)",8203.5000,8215.5000,1.0000,-1.0000,34.0000,-34.0000,-8215.5000,11755.5000,11755.5000
2013-02-13,"MA_Crossover(36,44)",8193.7500,8205.7500,1.0000,1.0000,-9.7500,-9.7500,8205.7500,11745.7500,11745.7500
2013-02-14,"MA_Crossover(36,44)",8206.0000,8218.0000,1.0000,1.0000,12.2500,12.2500,8218.0000,11758.0000,11758.0000
2013-02-15,"MA_Crossover(36,44)",8172.7500,8184.7500,1.0000,1.0000,-33.2500,-33.2500,8184.7500,11724.7500,11724.7500
2013-02-18,"MA_Crossover(36,44)",8085.2500,8097.2500,1.0000,1.0000,-87.5000,-87.5000,8097.2500,11637.2500,11637.2500
2013-02-19,"MA_Crossover(36,44)",8030.5000,8035.2500,1.0000,1.0000,-62.0000,-62.0000,8035.2500,11575.2500,11575.2500
2013-02-20,"MA_Crossover(36,44)",7939.7500,7944.5000,1.0000,1.0000,-90.7500,-90.7500,7944.5000,11484.5000,11484.5000
2013-02-21,"MA_Crossover(36,44)",7844.5000,7846.2500,1.0000,1.0000,-98.2500,-98.2500,7846.2500,11386.2500,11386.2500
2013-02-22,"MA_Crossover(36,44)",7784.5000,7781.2500,1.0000,1.0000,-65.0000,-65.0000,7781.2500,11321.2500,11321.2500
2013-02-25,"MA_Crossover(36,44)",7821.5000,7818.2500,1.0000,1.0000,37.0000,37.0000,7818.2500,11358.2500,11358.2500
2013-02-26,"MA_Crossover(36,44)",7842.0000,7838.7500,1.0000,1.0000,20.5000,20.5000,7838.7500,11378.7500,11378.7500
2013-02-27,"MA_Crossover(36,44)",7850.5000,7847.2500,1.0000,1.0000,8.5000,8.5000,7847.2500,11387.2500,11387.2500
2013-02-28,"MA_Crossover(36,44)",7792.2500,7789.0000,1.0000,1.0000,-58.2500,-58.2500,7789.0000,11329.0000,11329.0000
2013-03-01,"MA_Crossover(36,44)",7680.5000,7677.2500,-1.0000,1.0000,-111.7500,-111.7500,7677.2500,11217.2500,11217.2500
2013-03-04,"MA_Crossover(36,44)",7702.5000,7699.2500,-1.0000,-1.0000,22.0000,-22.0000,-7699.2500,11195.2500,11195.2500
2013-03-05,"MA_Crossover(36,44)",7748.0000,7744.7500,-1.0000,-1.0000,45.5000,-45.5000,-7744.7500,11149.7500,11149.7500
2013-03-06,"MA_Crossover(36,44)",7664.2500,7661.0000,-1.0000,-1.0000,-83.7500,83.7500,-7661.0000,11233.5000,11233.5000
2013-03-07,"MA_Crossover(36,44)",7739.0000,7735.7500,1.0000,-1.0000,74.7500,-74.7500,-7735.7500,11158.7500,11158.7500
2013-03-08,"MA_Crossover(36,44)",7715.0000,7711.7500,-1.0000,1.0000,-24.0000,-24.0000,7711.7500,11134.7500,11134.7500
2013-03-11,"MA_Crossover(36,44)",7729.2500,7726.0000,-1.0000,-1.0000,14.2500,-14.2500,-7726.0000,11120.5000,11120.5000
2013-03-12,"MA_Crossover(36,44)",7801.0000,7797.7500,-1.0000,-1.0000,71.7500,-71.7500,-7797.7500,11048.7500,11048.7500
2013-03-13,"MA_Crossover(36,44)",7760.5000,7757.2500,-1.0000,-1.0000,-40.5000,40.5000,-7757.2500,11089.2500,11089.2500
2013-03-14,"MA_Crossover(36,44)",7775.7500,7772.5000,-1.0000,-1.0000,15.2500,-15.2500,-7772.5000,11074.0000,11074.0000
2013-03-15,"MA_Crossover(36,44)",7725.0000,7721.7500,-1.0000,-1.0000,-50.7500,50.7500,-7721.7500,11124.7500,11124.7500
2013-03-18,"MA_Crossover(36,44)",7542.0000,7538.7500,-1.0000,-1.0000,-183.0000,183.0000,-7538.7500,11307.7500,11307.7500
2013-03-19,"MA_Crossover(36,44)",7508.7500,7502.7500,-1.0000,-1.0000,-36.0000,36.0000,-7502.7500,11343.7500,11343.7500
2013-03-20,"MA_Crossover(36,44)",7600.0000,7593.7500,-1.0000,-1.0000,91.0000,-91.0000,-7593.7500,11252.7500,11252.7500
2013-03-21,"MA_Crossover(36,44)",7562.2500,7556.2500,-1.0000,-1.0000,-37.5000,37.5000,-7556.2500,11290.2500,11290.2500
2013-03-22,"MA_Crossover(36,44)",7635.5000,7619.2500,-1.0000,-1.0000,63.0000,-63.0000,-7619.2500,11227.2500,11227.2500
2013-03-25,"MA_Crossover(36,44)",7599.2500,7583.0000,-1.0000,-1.0000,-36.2500,36.2500,-7583.0000,11263.5000,11263.5000
2013-03-26,"MA_Crossover(36,44)",7604.5000,7588.2500,-1.0000,-1.0000,5.2500,-5.2500,-7588.2500,11258.2500,11258.2500
2013-03-27,"MA_Crossover(36,44)",7585.0000,7568.7500,-1.0000,-1.0000,-19.5000,19.5000,-7568.7500,11277.7500,11277.7500
2013-03-28,"MA_Crossover(36,44)",7518.2500,7502.0000,-1.0000,-1.0000,-66.7500,66.7500,-7502.0000,11344.5000,11344.5000
2013-04-02,"MA_Crossover(36,44)",7443.7500,7427.5000,-1.0000,-1.0000,-74.5000,74.5000,-7427.5000,11419.0000,11419.0000
2013-04-03,"MA_Crossover(36,44)",7365.5000,7349.2500,-1.0000,-1.0000,-78.2500,78.2500,-7349.2500,11497.2500,11497.2500
2013-04-04,"MA_Crossover(36,44)",7417.5000,7401.2500,-1.0000,-1.0000,52.0000,-52.0000,-7401.2500,11445.2500,11445.2500
2013-04-05,"MA_Crossover(36,44)",7382.0000,7365.7500,-1.0000,-1.0000,-35.5000,35.5000,-7365.7500,11480.7500,11480.7500
2013-04-08,"MA_Crossover(36,44)",7424.5000,7408.2500,-1.0000,-1.0000,42.5000,-42.5000,-7408.2500,11438.2500,11438.2500
2013-04-09,"MA_Crossover(36,44)",7605.0000,7588.7500,-1.0000,-1.0000,180.5000,-180.5000,-7588.7500,11257.7500,11257.7500
2013-04-10,"MA_Crossover(36,44)",7548.0000,7531.7500,-1.0000,-1.0000,-57.0000,57.0000,-7531.7500,11314.7500,11314.7500
2013-04-11,"MA_Crossover(36,44)",7580.2500,7564.0000,-1.0000,-1.0000,32.2500,-32.2500,-7564.0000,11282.5000,11282.5000
2013-04-12,"MA_Crossover(36,44)",7375.5000,7359.2500,-1.0000,-1.0000,-204.7500,204.7500,-7359.2500,11487.2500,11487.2500
2013-04-15,"MA_Crossover(36,44)",7168.2500,7152.0000,-1.0000,-1.0000,-207.2500,207.2500,-7152.0000,11694.5000,11694.5000
2013-04-16,"MA_Crossover(36,44)",7283.5000,7262.0000,-1.0000,-1.0000,110.0000,-110.0000,-7262.0000,11584.5000,11584.5000
2013-04-17,"MA_Crossover(36,44)",7063.5000,7041.7500,-1.0000,-1.0000,-220.2500,220.2500,-7041.7500,11804.7500,11804.7500
2013-04-18,"MA_Crossover(36,44)",7075.0000,7052.7500,-1.0000,-1.0000,11.0000,-11.0000,-7052.7500,11793.7500,11793.7500
2013-04-19,"MA_Crossover(36,44)",6974.5000,6942.2500,-1.0000,-1.0000,-110.5000,110.5000,-6942.2500,11904.2500,11904.2500
2013-04-22,"MA_Crossover(36,44)",6919.0000,6886.7500,-1.0000,-1.0000,-55.5000,55.5000,-6886.7500,11959.7500,11959.7500
2013-04-23,"MA_Crossover(36,44)",6854.0000,6821.7500,-1.0000,-1.0000,-65.0000,65.0000,-6821.7500,12024.7500,12024.7500
2013-04-24,"MA_Crossover(36,44)",7011.7500,6979.5000,-1.0000,-1.0000,157.7500,-157.7500,-6979.5000,11867.0000,11867.0000
2013-04-25,"MA_Crossover(36,44)",7158.0000,7125.7500,-1.0000,-1.0000,146.2500,-146.2500,-7125.7500,11720.7500,11720.7500
2013-04-26,"MA_Crossover(36,44)",7005.5000,6973.2500,-1.0000,-1.0000,-152.5000,152.5000,-6973.2500,11873.2500,11873.2500
2013-04-29,"MA_Crossover(36,44)",7127.5000,7095.2500,-1.0000,-1.0000,122.0000,-122.0000,-7095.2500,11751.2500,11751.2500
2013-04-30,"MA_Crossover(36,44)",7027.5000,6995.2500,-1.0000,-1.0000,-100.0000,100.0000,-6995.2500,11851.2500,11851.2500
2013-05-01,"MA_Crossover(36,44)",6767.7500,6735.5000,-1.0000,-1.0000,-259.7500,259.7500,-6735.5000,12111.0000,12111.0000
2013-05-02,"MA_Crossover(36,44)",6820.7500,6788.5000,-1.0000,-1.0000,53.0000,-53.0000,-6788.5000,12058.0000,12058.0000
2013-05-03,"MA_Crossover(36,44)",7246.2500,7214.0000,-1.0000,-1.0000,425.5000,-425.5000,-7214.0000,11632.5000,11632.5000
2013-05-07,"MA_Crossover(36,44)",7241.0000,7208.7500,-1.0000,-1.0000,-5.2500,5.2500,-7208.7500,11637.7500,11637.7500
2013-05-08,"MA_Crossover(36,44)",7395.7500,7363.5000,-1.0000,-1.0000,154.7500,-154.7500,-7363.5000,11483.0000,11483.0000
2013-05-09,"MA_Crossover(36,44)",7330.5000,7298.2500,-1.0000,-1.0000,-65.2500,65.2500,-7298.2500,11548.2500,11548.2500
2013-05-10,"MA_Crossover(36,44)",7355.0000,7322.7500,-1.0000,-1.0000,24.5000,-24.5000,-7322.7500,11523.7500,11523.7500
2013-05-13,"MA_Crossover(36,44)",7388.5000,7356.2500,-1.0000,-1.0000,33.5000,-33.5000,-7356.2500,11490.2500,11490.2500
2013-05-14,"MA_Crossover(36,44)",7231.0000,7191.2500,-1.0000,-1.0000,-165.0000,165.0000,-7191.2500,11655.2500,11655.2500
2013-05-15,"MA_Crossover(36,44)",7184.5000,7144.5000,-1.0000,-1.0000,-46.7500,46.7500,-7144.5000,11702.0000,11702.0000
2013-05-16,"MA_Crossover(36,44)",7265.0000,7225.5000,-1.0000,-1.0000,81.0000,-81.0000,-7225.5000,11621.0000,11621.0000
2013-05-17,"MA_Crossover(36,44)",7289.2500,7242.0000,-1.0000,-1.0000,16.5000,-16.5000,-7242.0000,11604.5000,11604.5000
2013-05-20,"MA_Crossover(36,44)",7382.0000,7334.7500,-1.0000,-1.0000,92.7500,-92.7500,-7334.7500,11511.7500,11511.7500
2013-05-21,"MA_Crossover(36,44)",7353.0000,7305.7500,-1.0000,-1.0000,-29.0000,29.0000,-7305.7500,11540.7500,11540.7500
2013-05-22,"MA_Crossover(36,44)",7459.0000,7411.7500,-1.0000,-1.0000,106.0000,-106.0000,-7411.7500,11434.7500,11434.7500
2013-05-23,"MA_Crossover(36,44)",7283.0000,7235.7500,-1.0000,-1.0000,-176.0000,176.0000,-7235.7500,11610.7500,11610.7500
2013-05-24,"MA_Crossover(36,44)",7281.7500,7234.5000,-1.0000,-1.0000,-1.2500,1.2500,-7234.5000,11612.0000,11612.0000
2013-05-28,"MA_Crossover(36,44)",7303.0000,7255.7500,-1.0000,-1.0000,21.2500,-21.2500,-7255.7500,11590.7500,11590.7500
2013-05-29,"MA_Crossover(36,44)",7244.2500,7197.0000,-1.0000,-1.0000,-58.7500,58.7500,-7197.0000,11649.5000,11649.5000
2013-05-30,"MA_Crossover(36,44)",7296.7500,7249.5000,-1.0000,-1.0000,52.5000,-52.5000,-7249.5000,11597.0000,11597.0000
2013-05-31,"MA_Crossover(36,44)",7290.2500,7243.0000,-1.0000,-1.0000,-6.5000,6.5000,-7243.0000,11603.5000,11603.5000
2013-06-03,"MA_Crossover(36,44)",7318.2500,7271.0000,-1.0000,-1.0000,28.0000,-28.0000,-7271.0000,11575.5000,11575.5000
2013-06-04,"MA_Crossover(36,44)",7431.5000,7384.2500,-1.0000,-1.0000,113.2500,-113.2500,-7384.2500,11462.2500,11462.2500
2013-06-05,"MA_Crossover(36,44)",7430.0000,7382.7500,-1.0000,-1.0000,-1.5000,1.5000,-7382.7500,11463.7500,11463.7500
2013-06-06,"MA_Crossover(36,44)",7307.0000,7259.7500,-1.0000,-1.0000,-123.0000,123.0000,-7259.7500,11586.7500,11586.7500
2013-06-07,"MA_Crossover(36,44)",7203.0000,7155.7500,-1.0000,-1.0000,-104.0000,104.0000,-7155.7500,11690.7500,11690.7500
2013-06-10,"MA_Crossover(36,44)",7133.5000,7086.2500,-1.0000,-1.0000,-69.5000,69.5000,-7086.2500,11760.2500,11760.2500
2013-06-11,"MA_Crossover(36,44)",7034.7500,6987.5000,-1.0000,-1.0000,-98.7500,98.7500,-6987.5000,11859.0000,11859.0000
2013-06-12,"MA_Crossover(36,44)",7090.2500,7043.0000,-1.0000,-1.0000,55.5000,-55.5000,-7043.0000,11803.5000,11803.5000
2013-06-13,"MA_Crossover(36,44)",7019.5000,6972.2500,1.0000,-1.0000,-70.7500,70.7500,-6972.2500,11874.2500,11874.2500
2013-06-14,"MA_Crossover(36,44)",7056.7500,7009.5000,1.0000,1.0000,37.2500,37.2500,7009.5000,11911.5000,11911.5000
2013-06-17,"MA_Crossover(36,44)",7047.7500,7000.5000,1.0000,1.0000,-9.0000,-9.0000,7000.5000,11902.5000,11902.5000
2013-06-18,"MA_Crossover(36,44)",6983.7500,6935.2500,1.0000,1.0000,-65.2500,-65.2500,6935.2500,11837.2500,11837.2500
2013-06-19,"MA_Crossover(36,44)",6939.7500,6891.2500,1.0000,1.0000,-44.0000,-44.0000,6891.2500,11793.2500,11793.2500
2013-06-20,"MA_Crossover(36,44)",6751.0000,6701.7500,1.0000,1.0000,-189.5000,-189.5000,6701.7500,11603.7500,11603.7500
2013-06-21,"MA_Crossover(36,44)",6797.5000,6735.7500,1.0000,1.0000,34.0000,34.0000,6735.7500,11637.7500,11637.7500
2013-06-24,"MA_Crossover(36,44)",6649.7500,6588.0000,1.0000,1.0000,-147.7500,-147.7500,6588.0000,11490.0000,11490.0000
2013-06-25,"MA_Crossover(36,44)",6774.7500,6713.0000,1.0000,1.0000,125.0000,125.0000,6713.0000,11615.0000,11615.0000
2013-06-26,"MA_Crossover(36,44)",6715.7500,6654.0000,1.0000,1.0000,-59.0000,-59.0000,6654.0000,11556.0000,11556.0000
2013-06-27,"MA_Crossover(36,44)",6735.5000,6673.7500,1.0000,1.0000,19.7500,19.7500,6673.7500,11575.7500,11575.7500
2013-06-28,"MA_Crossover(36,44)",6738.5000,6676.7500,1.0000,1.0000,3.0000,3.0000,6676.7500,11578.7500,11578.7500
2013-07-01,"MA_Crossover(36,44)",6986.5000,6924.7500,1.0000,1.0000,248.0000,248.0000,6924.7500,11826.7500,11826.7500
2013-07-02,"MA_Crossover(36,44)",6924.0000,6862.2500,-1.0000,1.0000,-62.5000,-62.5000,6862.2500,11764.2500,11764.2500
2013-07-03,"MA_Crossover(36,44)",7002.0000,6940.2500,-1.0000,-1.0000,78.0000,-78.0000,-6940.2500,11686.2500,11686.2500
2013-07-04,"MA_Crossover(36,44)",6959.0000,6897.2500,-1.0000,-1.0000,-43.0000,43.0000,-6897.2500,11729.2500,11729.2500
2013-07-05,"MA_Crossover(36,44)",6787.5000,6725.7500,-1.0000,-1.0000,-171.5000,171.5000,-6725.7500,11900.7500,11900.7500
2013-07-08,"MA_Crossover(36,44)",6825.0000,6763.2500,-1.0000,-1.0000,37.5000,-37.5000,-6763.2500,11863.2500,11863.2500
2013-07-09,"MA_Crossover(36,44)",6729.5000,6667.7500,-1.0000,-1.0000,-95.5000,95.5000,-6667.7500,11958.7500,11958.7500
2013-07-10,"MA_Crossover(36,44)",6821.5000,6759.7500,-1.0000,-1.0000,92.0000,-92.0000,-6759.7500,11866.7500,11866.7500
2013-07-11,"MA_Crossover(36,44)",6993.7500,6932.0000,-1.0000,-1.0000,172.2500,-172.2500,-6932.0000,11694.5000,11694.5000
2013-07-12,"MA_Crossover(36,44)",6940.5000,6878.7500,-1.0000,-1.0000,-53.2500,53.2500,-6878.7500,11747.7500,11747.7500
2013-07-15,"MA_Crossover(36,44)",6892.7500,6831.0000,-1.0000,-1.0000,-47.7500,47.7500,-6831.0000,11795.5000,11795.5000
2013-07-16,"MA_Crossover(36,44)",6995.0000,6921.2500,-1.0000,-1.0000,90.2500,-90.2500,-6921.2500,11705.2500,11705.2500
2013-07-17,"MA_Crossover(36,44)",6883.2500,6811.0000,-1.0000,-1.0000,-110.2500,110.2500,-6811.0000,11815.5000,11815.5000
2013-07-18,"MA_Crossover(36,44)",6898.5000,6825.7500,-1.0000,-1.0000,14.7500,-14.7500,-6825.7500,11800.7500,11800.7500
2013-07-19,"MA_Crossover(36,44)",6918.5000,6842.2500,-1.0000,-1.0000,16.5000,-16.5000,-6842.2500,11784.2500,11784.2500
2013-07-22,"MA_Crossover(36,44)",7028.5000,6952.2500,-1.0000,-1.0000,110.0000,-110.0000,-6952.2500,11674.2500,11674.2500
2013-07-23,"MA_Crossover(36,44)",7035.0000,6958.7500,-1.0000,-1.0000,6.5000,-6.5000,-6958.7500,11667.7500,11667.7500
2013-07-24,"MA_Crossover(36,44)",7052.0000,6975.7500,-1.0000,-1.0000,17.0000,-17.0000,-6975.7500,11650.7500,11650.7500
2013-07-25,"MA_Crossover(36,44)",7008.0000,6931.7500,-1.0000,-1.0000,-44.0000,44.0000,-6931.7500,11694.7500,11694.7500
2013-07-26,"MA_Crossover(36,44)",6857.0000,6780.7500,-1.0000,-1.0000,-151.0000,151.0000,-6780.7500,11845.7500,11845.7500
2013-07-29,"MA_Crossover(36,44)",6873.5000,6797.2500,-1.0000,-1.0000,16.5000,-16.5000,-6797.2500,11829.2500,11829.2500
2013-07-30,"MA_Crossover(36,44)",6733.0000,6656.7500,-1.0000,-1.0000,-140.5000,140.5000,-6656.7500,11969.7500,11969.7500
2013-07-31,"MA_Crossover(36,44)",6881.0000,6804.7500,-1.0000,-1.0000,148.0000,-148.0000,-6804.7500,11821.7500,11821.7500
2013-08-01,"MA_Crossover(36,44)",6998.0000,6921.7500,-1.0000,-1.0000,117.0000,-117.0000,-6921.7500,11704.7500,11704.7500
2013-08-02,"MA_Crossover(36,44)",6997.0000,6920.7500,-1.0000,-1.0000,-1.0000,1.0000,-6920.7500,11705.7500,11705.7500
2013-08-05,"MA_Crossover(36,44)",6965.2500,6889.0000,-1.0000,-1.0000,-31.7500,31.7500,-6889.0000,11737.5000,11737.5000
2013-08-06,"MA_Crossover(36,44)",6994.5000,6918.2500,-1.0000,-1.0000,29.2500,-29.2500,-6918.2500,11708.2500,11708.2500
2013-08-07,"MA_Crossover(36,44)",6991.0000,6914.7500,-1.0000,-1.0000,-3.5000,3.5000,-6914.7500,11711.7500,11711.7500
2013-08-08,"MA_Crossover(36,44)",7169.5000,7093.2500,-1.0000,-1.0000,178.5000,-178.5000,-7093.2500,11533.2500,11533.2500
2013-08-09,"MA_Crossover(36,44)",7257.2500,7181.0000,-1.0000,-1.0000,87.7500,-87.7500,-7181.0000,11445.5000,11445.5000
2013-08-12,"MA_Crossover(36,44)",7232.2500,7156.0000,-1.0000,-1.0000,-25.0000,25.0000,-7156.0000,11470.5000,11470.5000
2013-08-13,"MA_Crossover(36,44)",7255.7500,7179.5000,1.0000,-1.0000,23.5000,-23.5000,-7179.5000,11447.0000,11447.0000
2013-08-14,"MA_Crossover(36,44)",7297.0000,7220.7500,1.0000,1.0000,41.2500,41.2500,7220.7500,11488.2500,11488.2500
2013-08-15,"MA_Crossover(36,44)",7283.5000,7207.2500,1.0000,1.0000,-13.5000,-13.5000,7207.2500,11474.7500,11474.7500
2013-08-16,"MA_Crossover(36,44)",7372.2500,7296.0000,1.0000,1.0000,88.7500,88.7500,7296.0000,11563.5000,11563.5000
2013-08-19,"MA_Crossover(36,44)",7275.0000,7198.7500,1.0000,1.0000,-97.2500,-97.2500,7198.7500,11466.2500,11466.2500
2013-08-20,"MA_Crossover(36,44)",7305.5000,7220.5000,1.0000,1.0000,21.7500,21.7500,7220.5000,11488.0000,11488.0000
2013-08-21,"MA_Crossover(36,44)",7225.2500,7140.2500,1.0000,1.0000,-80.2500,-80.2500,7140.2500,11407.7500,11407.7500
2013-08-22,"MA_Crossover(36,44)",7305.5000,7220.0000,1.0000,1.0000,79.7500,79.7500,7220.0000,11487.5000,11487.5000
2013-08-23,"MA_Crossover(36,44)",7345.7500,7253.0000,1.0000,1.0000,33.0000,33.0000,7253.0000,11520.5000,11520.5000
2013-08-27,"MA_Crossover(36,44)",7299.0000,7206.2500,1.0000,1.0000,-46.7500,-46.7500,7206.2500,11473.7500,11473.7500
2013-08-28,"MA_Crossover(36,44)",7276.0000,7183.2500,1.0000,1.0000,-23.0000,-23.0000,7183.2500,11450.7500,11450.7500
2013-08-29,"MA_Crossover(36,44)",7138.7500,7046.0000,1.0000,1.0000,-137.2500,-137.2500,7046.0000,11313.5000,11313.5000
2013-08-30,"MA_Crossover(36,44)",7086.0000,6993.2500,1.0000,1.0000,-52.7500,-52.7500,6993.2500,11260.7500,11260.7500
2013-09-02,"MA_Crossover(36,44)",7223.0000,7130.2500,1.0000,1.0000,137.0000,137.0000,7130.2500,11397.7500,11397.7500
2013-09-03,"MA_Crossover(36,44)",7227.2500,7134.5000,1.0000,1.0000,4.2500,4.2500,7134.5000,11402.0000,11402.0000
2013-09-04,"MA_Crossover(36,44)",7102.5000,7009.7500,1.0000,1.0000,-124.7500,-124.7500,7009.7500,11277.2500,11277.2500
2013-09-05,"MA_Crossover(36,44)",7084.5000,6991.7500,1.0000,1.0000,-18.0000,-18.0000,6991.7500,11259.2500,11259.2500
2013-09-06,"MA_Crossover(36,44)",7135.5000,7042.7500,1.0000,1.0000,51.0000,51.0000,7042.7500,11310.2500,11310.2500
2013-09-09,"MA_Crossover(36,44)",7167.7500,7075.0000,1.0000,1.0000,32.2500,32.2500,7075.0000,11342.5000,11342.5000
2013-09-10,"MA_Crossover(36,44)",7139.7500,7047.0000,1.0000,1.0000,-28.0000,-28.0000,7047.0000,11314.5000,11314.5000
2013-09-11,"MA_Crossover(36,44)",7139.5000,7046.7500,1.0000,1.0000,-0.2500,-0.2500,7046.7500,11314.2500,11314.2500
2013-09-12,"MA_Crossover(36,44)",7029.5000,6936.7500,1.0000,1.0000,-110.0000,-110.0000,6936.7500,11204.2500,11204.2500
2013-09-13,"MA_Crossover(36,44)",7011.0000,6918.2500,1.0000,1.0000,-18.5000,-18.5000,6918.2500,11185.7500,11185.7500
2013-09-16,"MA_Crossover(36,44)",7055.5000,6962.7500,1.0000,1.0000,44.5000,44.5000,6962.7500,11230.2500,11230.2500
2013-09-17,"MA_Crossover(36,44)",7060.0000,6962.0000,1.0000,1.0000,-0.7500,-0.7500,6962.0000,11229.5000,11229.5000
2013-09-18,"MA_Crossover(36,44)",7169.2500,7071.2500,1.0000,1.0000,109.2500,109.2500,7071.2500,11338.7500,11338.7500
2013-09-19,"MA_Crossover(36,44)",7320.5000,7223.2500,1.0000,1.0000,152.0000,152.0000,7223.2500,11490.7500,11490.7500
2013-09-20,"MA_Crossover(36,44)",7263.7500,7157.5000,1.0000,1.0000,-65.7500,-65.7500,7157.5000,11425.0000,11425.0000
2013-09-23,"MA_Crossover(36,44)",7222.5000,7116.2500,1.0000,1.0000,-41.2500,-41.2500,7116.2500,11383.7500,11383.7500
2013-09-24,"MA_Crossover(36,44)",7123.7500,7017.5000,1.0000,1.0000,-98.7500,-98.7500,7017.5000,11285.0000,11285.0000
2013-09-25,"MA_Crossover(36,44)",7176.0000,7069.7500,1.0000,1.0000,52.2500,52.2500,7069.7500,11337.2500,11337.2500
2013-09-26,"MA_Crossover(36,44)",7230.2500,7124.0000,1.0000,1.0000,54.2500,54.2500,7124.0000,11391.5000,11391.5000
2013-09-27,"MA_Crossover(36,44)",7284.0000,7177.7500,1.0000,1.0000,53.7500,53.7500,7177.7500,11445.2500,11445.2500
2013-09-30,"MA_Crossover(36,44)",7286.2500,7180.0000,1.0000,1.0000,2.2500,2.2500,7180.0000,11447.5000,11447.5000
2013-10-01,"MA_Crossover(36,44)",7176.0000,7069.7500,1.0000,1.0000,-110.2500,-110.2500,7069.7500,11337.2500,11337.2500
2013-10-02,"MA_Crossover(36,44)",7256.0000,7149.7500,1.0000,1.0000,80.0000,80.0000,7149.7500,11417.2500,11417.2500
2013-10-03,"MA_Crossover(36,44)",7158.0000,7051.7500,1.0000,1.0000,-98.0000,-98.0000,7051.7500,11319.2500,11319.2500
2013-10-04,"MA_Crossover(36,44)",7235.0000,7128.7500,1.0000,1.0000,77.0000,77.0000,7128.7500,11396.2500,11396.2500
2013-10-07,"MA_Crossover(36,44)",7219.0000,7112.7500,1.0000,1.0000,-16.0000,-16.0000,7112.7500,11380.2500,11380.2500
2013-10-08,"MA_Crossover(36,44)",7213.7500,7107.5000,-1.0000,1.0000,-5.2500,-5.2500,7107.5000,11375.0000,11375.0000
2013-10-09,"MA_Crossover(36,44)",7072.7500,6966.5000,-1.0000,-1.0000,-141.0000,141.0000,-6966.5000,11516.0000,11516.0000
2013-10-10,"MA_Crossover(36,44)",7122.5000,7016.2500,-1.0000,-1.0000,49.7500,-49.7500,-7016.2500,11466.2500,11466.2500
2013-10-11,"MA_Crossover(36,44)",7177.2500,7071.0000,-1.0000,-1.0000,54.7500,-54.7500,-7071.0000,11411.5000,11411.5000
2013-10-14,"MA_Crossover(36,44)",7231.7500,7125.5000,-1.0000,-1.0000,54.5000,-54.5000,-7125.5000,11357.0000,11357.0000
2013-10-15,"MA_Crossover(36,44)",7227.7500,7117.5000,-1.0000,-1.0000,-8.0000,8.0000,-7117.5000,11365.0000,11365.0000
2013-10-16,"MA_Crossover(36,44)",7248.0000,7138.7500,-1.0000,-1.0000,21.2500,-21.2500,-7138.7500,11343.7500,11343.7500
2013-10-17,"MA_Crossover(36,44)",7215.7500,7107.2500,-1.0000,-1.0000,-31.5000,31.5000,-7107.2500,11375.2500,11375.2500
2013-10-18,"MA_Crossover(36,44)",7232.0000,7113.7500,-1.0000,-1.0000,6.5000,-6.5000,-7113.7500,11368.7500,11368.7500
2013-10-21,"MA_Crossover(36,44)",7232.5000,7114.2500,-1.0000,-1.0000,0.5000,-0.5000,-7114.2500,11368.2500,11368.2500
2013-10-22,"MA_Crossover(36,44)",7322.5000,7204.2500,-1.0000,-1.0000,90.0000,-90.0000,-7204.2500,11278.2500,11278.2500
2013-10-23,"MA_Crossover(36,44)",7159.2500,7041.0000,-1.0000,-1.0000,-163.2500,163.2500,-7041.0000,11441.5000,11441.5000
2013-10-24,"MA_Crossover(36,44)",7163.5000,7045.2500,-1.0000,-1.0000,4.2500,-4.2500,-7045.2500,11437.2500,11437.2500
2013-10-25,"MA_Crossover(36,44)",7181.7500,7063.5000,1.0000,-1.0000,18.2500,-18.2500,-7063.5000,11419.0000,11419.0000
2013-10-28,"MA_Crossover(36,44)",7185.5000,7067.2500,1.0000,1.0000,3.7500,3.7500,7067.2500,11422.7500,11422.7500
2013-10-29,"MA_Crossover(36,44)",7202.0000,7083.7500,1.0000,1.0000,16.5000,16.5000,7083.7500,11439.2500,11439.2500
2013-10-30,"MA_Crossover(36,44)",7288.5000,7170.2500,1.0000,1.0000,86.5000,86.5000,7170.2500,11525.7500,11525.7500
2013-10-31,"MA_Crossover(36,44)",7243.5000,7125.2500,1.0000,1.0000,-45.0000,-45.0000,7125.2500,11480.7500,11480.7500
2013-11-01,"MA_Crossover(36,44)",7238.0000,7119.7500,1.0000,1.0000,-5.5000,-5.5000,7119.7500,11475.2500,11475.2500
2013-11-04,"MA_Crossover(36,44)",7136.5000,7018.2500,1.0000,1.0000,-101.5000,-101.5000,7018.2500,11373.7500,11373.7500
2013-11-05,"MA_Crossover(36,44)",7153.0000,7034.7500,1.0000,1.0000,16.5000,16.5000,7034.7500,11390.2500,11390.2500
2013-11-06,"MA_Crossover(36,44)",7106.0000,6987.7500,1.0000,1.0000,-47.0000,-47.0000,6987.7500,11343.2500,11343.2500
2013-11-07,"MA_Crossover(36,44)",7139.5000,7021.2500,1.0000,1.0000,33.5000,33.5000,7021.2500,11376.7500,11376.7500
2013-11-08,"MA_Crossover(36,44)",7158.2500,7040.0000,1.0000,1.0000,18.7500,18.7500,7040.0000,11395.5000,11395.5000
2013-11-11,"MA_Crossover(36,44)",7161.0000,7042.7500,1.0000,1.0000,2.7500,2.7500,7042.7500,11398.2500,11398.2500
2013-11-12,"MA_Crossover(36,44)",7109.0000,6990.7500,1.0000,1.0000,-52.0000,-52.0000,6990.7500,11346.2500,11346.2500
2013-11-13,"MA_Crossover(36,44)",6971.5000,6853.2500,1.0000,1.0000,-137.5000,-137.5000,6853.2500,11208.7500,11208.7500
2013-11-14,"MA_Crossover(36,44)",6982.2500,6864.0000,1.0000,1.0000,10.7500,10.7500,6864.0000,11219.5000,11219.5000
2013-11-15,"MA_Crossover(36,44)",6998.2500,6880.0000,-1.0000,1.0000,16.0000,16.0000,6880.0000,11235.5000,11235.5000
2013-11-18,"MA_Crossover(36,44)",6960.7500,6842.5000,-1.0000,-1.0000,-37.5000,37.5000,-6842.5000,11273.0000,11273.0000
2013-11-19,"MA_Crossover(36,44)",6967.5000,6842.5000,-1.0000,-1.0000,0.0000,-0.0000,-6842.5000,11273.0000,11273.0000
2013-11-20,"MA_Crossover(36,44)",6997.2500,6871.0000,-1.0000,-1.0000,28.5000,-28.5000,-6871.0000,11244.5000,11244.5000
2013-11-21,"MA_Crossover(36,44)",7028.0000,6899.0000,-1.0000,-1.0000,28.0000,-28.0000,-6899.0000,11216.5000,11216.5000
2013-11-22,"MA_Crossover(36,44)",7101.0000,6973.5000,-1.0000,-1.0000,74.5000,-74.5000,-6973.5000,11142.0000,11142.0000
2013-11-25,"MA_Crossover(36,44)",7102.0000,6974.5000,-1.0000,-1.0000,1.0000,-1.0000,-6974.5000,11141.0000,11141.0000
2013-11-26,"MA_Crossover(36,44)",7066.0000,6938.5000,-1.0000,-1.0000,-36.0000,36.0000,-6938.5000,11177.0000,11177.0000
2013-11-27,"MA_Crossover(36,44)",7018.0000,6890.5000,-1.0000,-1.0000,-48.0000,48.0000,-6890.5000,11225.0000,11225.0000
2013-11-28,"MA_Crossover(36,44)",7020.0000,6892.5000,-1.0000,-1.0000,2.0000,-2.0000,-6892.5000,11223.0000,11223.0000
2013-11-29,"MA_Crossover(36,44)",7059.7500,6932.2500,-1.0000,-1.0000,39.7500,-39.7500,-6932.2500,11183.2500,11183.2500
2013-12-02,"MA_Crossover(36,44)",6975.0000,6847.5000,-1.0000,-1.0000,-84.7500,84.7500,-6847.5000,11268.0000,11268.0000
2013-12-03,"MA_Crossover(36,44)",6956.7500,6829.2500,-1.0000,-1.0000,-18.2500,18.2500,-6829.2500,11286.2500,11286.2500
2013-12-04,"MA_Crossover(36,44)",7096.0000,6968.5000,-1.0000,-1.0000,139.2500,-139.2500,-6968.5000,11147.0000,11147.0000
2013-12-05,"MA_Crossover(36,44)",7068.7500,6941.2500,-1.0000,-1.0000,-27.2500,27.2500,-6941.2500,11174.2500,11174.2500
2013-12-06,"MA_Crossover(36,44)",7123.5000,6996.0000,-1.0000,-1.0000,54.7500,-54.7500,-6996.0000,11119.5000,11119.5000
2013-12-09,"MA_Crossover(36,44)",7139.2500,7011.7500,-1.0000,-1.0000,15.7500,-15.7500,-7011.7500,11103.7500,11103.7500
2013-12-10,"MA_Crossover(36,44)",7166.0000,7038.5000,-1.0000,-1.0000,26.7500,-26.7500,-7038.5000,11077.0000,11077.0000
2013-12-11,"MA_Crossover(36,44)",7227.0000,7099.5000,-1.0000,-1.0000,61.0000,-61.0000,-7099.5000,11016.0000,11016.0000
2013-12-12,"MA_Crossover(36,44)",7240.0000,7112.5000,-1.0000,-1.0000,13.0000,-13.0000,-7112.5000,11003.0000,11003.0000
2013-12-13,"MA_Crossover(36,44)",7276.5000,7149.0000,-1.0000,-1.0000,36.5000,-36.5000,-7149.0000,10966.5000,10966.5000
2013-12-16,"MA_Crossover(36,44)",7320.0000,7192.5000,-1.0000,-1.0000,43.5000,-43.5000,-7192.5000,10923.0000,10923.0000
2013-12-17,"MA_Crossover(36,44)",7287.0000,7171.0000,-1.0000,-1.0000,-21.5000,21.5000,-7171.0000,10944.5000,10944.5000
2013-12-18,"MA_Crossover(36,44)",7274.5000,7161.0000,-1.0000,-1.0000,-10.0000,10.0000,-7161.0000,10954.5000,10954.5000
2013-12-19,"MA_Crossover(36,44)",7204.0000,7092.0000,-1.0000,-1.0000,-69.0000,69.0000,-7092.0000,11023.5000,11023.5000
2013-12-20,"MA_Crossover(36,44)",7245.5000,7135.0000,-1.0000,-1.0000,43.0000,-43.0000,-7135.0000,10980.5000,10980.5000
2013-12-23,"MA_Crossover(36,44)",7252.0000,7141.5000,-1.0000,-1.0000,6.5000,-6.5000,-7141.5000,10974.0000,10974.0000
2013-12-24,"MA_Crossover(36,44)",7294.0000,7183.5000,-1.0000,-1.0000,42.0000,-42.0000,-7183.5000,10932.0000,10932.0000
2013-12-27,"MA_Crossover(36,44)",7391.7500,7281.2500,-1.0000,-1.0000,97.7500,-97.7500,-7281.2500,10834.2500,10834.2500
2013-12-30,"MA_Crossover(36,44)",7384.5000,7274.0000,-1.0000,-1.0000,-7.2500,7.2500,-7274.0000,10841.5000,10841.5000
2013-12-31,"MA_Crossover(36,44)",7372.7500,7262.2500,-1.0000,-1.0000,-11.7500,11.7500,-7262.2500,10853.2500,10853.2500
2014-01-02,"MA_Crossover(36,44)",7403.5000,7293.0000,-1.0000,-1.0000,30.7500,-30.7500,-7293.0000,10822.5000,10822.5000
2014-01-03,"MA_Crossover(36,44)",7327.5000,7217.0000,-1.0000,-1.0000,-76.0000,76.0000,-7217.0000,10898.5000,10898.5000
2014-01-06,"MA_Crossover(36,44)",7343.5000,7233.0000,1.0000,-1.0000,16.0000,-16.0000,-7233.0000,10882.5000,10882.5000
2014-01-07,"MA_Crossover(36,44)",7361.0000,7250.5000,1.0000,1.0000,17.5000,17.5000,7250.5000,10900.0000,10900.0000
2014-01-08,"MA_Crossover(36,44)",7354.5000,7244.0000,1.0000,1.0000,-6.5000,-6.5000,7244.0000,10893.5000,10893.5000
2014-01-09,"MA_Crossover(36,44)",7235.2500,7124.7500,1.0000,1.0000,-119.2500,-119.2500,7124.7500,10774.2500,10774.2500
2014-01-10,"MA_Crossover(36,44)",7327.7500,7217.2500,1.0000,1.0000,92.5000,92.5000,7217.2500,10866.7500,10866.7500
2014-01-13,"MA_Crossover(36,44)",7365.0000,7254.5000,1.0000,1.0000,37.2500,37.2500,7254.5000,10904.0000,10904.0000
2014-01-14,"MA_Crossover(36,44)",7291.7500,7196.2500,1.0000,1.0000,-58.2500,-58.2500,7196.2500,10845.7500,10845.7500
2014-01-15,"MA_Crossover(36,44)",7369.5000,7272.5000,1.0000,1.0000,76.2500,76.2500,7272.5000,10922.0000,10922.0000
2014-01-16,"MA_Crossover(36,44)",7324.0000,7227.5000,1.0000,1.0000,-45.0000,-45.0000,7227.5000,10877.0000,10877.0000
2014-01-17,"MA_Crossover(36,44)",7363.0000,7273.5000,1.0000,1.0000,46.0000,46.0000,7273.5000,10923.0000,10923.0000
2014-01-20,"MA_Crossover(36,44)",7339.0000,7249.5000,1.0000,1.0000,-24.0000,-24.0000,7249.5000,10899.0000,10899.0000
2014-01-21,"MA_Crossover(36,44)",7371.0000,7281.5000,1.0000,1.0000,32.0000,32.0000,7281.5000,10931.0000,10931.0000
2014-01-22,"MA_Crossover(36,44)",7320.5000,7231.0000,1.0000,1.0000,-50.5000,-50.5000,7231.0000,10880.5000,10880.5000
2014-01-23,"MA_Crossover(36,44)",7227.0000,7137.5000,1.0000,1.0000,-93.5000,-93.5000,7137.5000,10787.0000,10787.0000
2014-01-24,"MA_Crossover(36,44)",7207.0000,7117.5000,1.0000,1.0000,-20.0000,-20.0000,7117.5000,10767.0000,10767.0000
2014-01-27,"MA_Crossover(36,44)",7185.5000,7096.0000,1.0000,1.0000,-21.5000,-21.5000,7096.0000,10745.5000,10745.5000
2014-01-28,"MA_Crossover(36,44)",7178.5000,7089.0000,1.0000,1.0000,-7.0000,-7.0000,7089.0000,10738.5000,10738.5000
2014-01-29,"MA_Crossover(36,44)",7159.0000,7069.5000,1.0000,1.0000,-19.5000,-19.5000,7069.5000,10719.0000,10719.0000
2014-01-30,"MA_Crossover(36,44)",7139.0000,7049.5000,1.0000,1.0000,-20.0000,-20.0000,7049.5000,10699.0000,10699.0000
2014-01-31,"MA_Crossover(36,44)",7103.0000,7013.5000,1.0000,1.0000,-36.0000,-36.0000,7013.5000,10663.0000,10663.0000
2014-02-03,"MA_Crossover(36,44)",7081.5000,6992.0000,1.0000,1.0000,-21.5000,-21.5000,6992.0000,10641.5000,10641.5000
2014-02-04,"MA_Crossover(36,44)",7087.5000,6998.0000,1.0000,1.0000,6.0000,6.0000,6998.0000,10647.5000,10647.5000
2014-02-05,"MA_Crossover(36,44)",7088.5000,6999.0000,1.0000,1.0000,1.0000,1.0000,6999.0000,10648.5000,10648.5000
2014-02-06,"MA_Crossover(36,44)",7181.5000,7092.0000,1.0000,1.0000,93.0000,93.0000,7092.0000,10741.5000,10741.5000
2014-02-07,"MA_Crossover(36,44)",7194.0000,7104.5000,1.0000,1.0000,12.5000,12.5000,7104.5000,10754.0000,10754.0000
2014-02-10,"MA_Crossover(36,44)",7140.0000,7050.5000,1.0000,1.0000,-54.0000,-54.0000,7050.5000,10700.0000,10700.0000
2014-02-11,"MA_Crossover(36,44)",7111.5000,7022.0000,1.0000,1.0000,-28.5000,-28.5000,7022.0000,10671.5000,10671.5000
2014-02-12,"MA_Crossover(36,44)",7201.0000,7111.5000,1.0000,1.0000,89.5000,89.5000,7111.5000,10761.0000,10761.0000
2014-02-13,"MA_Crossover(36,44)",7143.0000,7053.5000,-1.0000,1.0000,-58.0000,-58.0000,7053.5000,10703.0000,10703.0000
2014-02-14,"MA_Crossover(36,44)",7181.0000,7091.5000,-1.0000,-1.0000,38.0000,-38.0000,-7091.5000,10665.0000,10665.0000
2014-02-17,"MA_Crossover(36,44)",7204.5000,7115.0000,-1.0000,-1.0000,23.5000,-23.5000,-7115.0000,10641.5000,10641.5000
2014-02-18,"MA_Crossover(36,44)",7224.0000,7129.5000,-1.0000,-1.0000,14.5000,-14.5000,-7129.5000,10627.0000,10627.0000
2014-02-19,"MA_Crossover(36,44)",7216.0000,7117.5000,-1.0000,-1.0000,-12.0000,12.0000,-7117.5000,10639.0000,10639.0000
2014-02-20,"MA_Crossover(36,44)",7187.0000,7090.5000,-1.0000,-1.0000,-27.0000,27.0000,-7090.5000,10666.0000,10666.0000
2014-02-21,"MA_Crossover(36,44)",7195.0000,7115.5000,-1.0000,-1.0000,25.0000,-25.0000,-7115.5000,10641.0000,10641.0000
2014-02-24,"MA_Crossover(36,44)",7114.0000,7034.5000,-1.0000,-1.0000,-81.0000,81.0000,-7034.5000,10722.0000,10722.0000
2014-02-25,"MA_Crossover(36,44)",7106.0000,7026.5000,-1.0000,-1.0000,-8.0000,8.0000,-7026.5000,10730.0000,10730.0000
2014-02-26,"MA_Crossover(36,44)",7076.5000,6997.0000,-1.0000,-1.0000,-29.5000,29.5000,-6997.0000,10759.5000,10759.5000
2014-02-27,"MA_Crossover(36,44)",7068.0000,6988.5000,-1.0000,-1.0000,-8.5000,8.5000,-6988.5000,10768.0000,10768.0000
2014-02-28,"MA_Crossover(36,44)",7059.0000,6979.5000,-1.0000,-1.0000,-9.0000,9.0000,-6979.5000,10777.0000,10777.0000
2014-03-03,"MA_Crossover(36,44)",7005.0000,6925.5000,-1.0000,-1.0000,-54.0000,54.0000,-6925.5000,10831.0000,10831.0000
2014-03-04,"MA_Crossover(36,44)",7087.5000,7008.0000,-1.0000,-1.0000,82.5000,-82.5000,-7008.0000,10748.5000,10748.5000
2014-03-05,"MA_Crossover(36,44)",7064.5000,6985.0000,-1.0000,-1.0000,-23.0000,23.0000,-6985.0000,10771.5000,10771.5000
2014-03-06,"MA_Crossover(36,44)",7070.0000,6990.5000,-1.0000,-1.0000,5.5000,-5.5000,-6990.5000,10766.0000,10766.0000
2014-03-07,"MA_Crossover(36,44)",6808.0000,6728.5000,-1.0000,-1.0000,-262.0000,262.0000,-6728.5000,11028.0000,11028.0000
2014-03-10,"MA_Crossover(36,44)",6664.0000,6584.5000,-1.0000,-1.0000,-144.0000,144.0000,-6584.5000,11172.0000,11172.0000
2014-03-11,"MA_Crossover(36,44)",6492.5000,6413.0000,-1.0000,-1.0000,-171.5000,171.5000,-6413.0000,11343.5000,11343.5000
2014-03-12,"MA_Crossover(36,44)",6527.7500,6448.2500,-1.0000,-1.0000,35.2500,-35.2500,-6448.2500,11308.2500,11308.2500
2014-03-13,"MA_Crossover(36,44)",6434.0000,6354.5000,-1.0000,-1.0000,-93.7500,93.7500,-6354.5000,11402.0000,11402.0000
2014-03-14,"MA_Crossover(36,44)",6488.0000,6408.5000,-1.0000,-1.0000,54.0000,-54.0000,-6408.5000,11348.0000,11348.0000
2014-03-17,"MA_Crossover(36,44)",6500.5000,6421.0000,-1.0000,-1.0000,12.5000,-12.5000,-6421.0000,11335.5000,11335.5000
2014-03-18,"MA_Crossover(36,44)",6497.5000,6415.5000,-1.0000,-1.0000,-5.5000,5.5000,-6415.5000,11341.0000,11341.0000
2014-03-19,"MA_Crossover(36,44)",6569.5000,6488.0000,-1.0000,-1.0000,72.5000,-72.5000,-6488.0000,11268.5000,11268.5000
2014-03-20,"MA_Crossover(36,44)",6443.5000,6364.0000,-1.0000,-1.0000,-124.0000,124.0000,-6364.0000,11392.5000,11392.5000
2014-03-21,"MA_Crossover(36,44)",6492.5000,6417.0000,-1.0000,-1.0000,53.0000,-53.0000,-6417.0000,11339.5000,11339.5000
2014-03-24,"MA_Crossover(36,44)",6480.5000,6405.0000,-1.0000,-1.0000,-12.0000,12.0000,-6405.0000,11351.5000,11351.5000
2014-03-25,"MA_Crossover(36,44)",6610.5000,6535.0000,-1.0000,-1.0000,130.0000,-130.0000,-6535.0000,11221.5000,11221.5000
2014-03-26,"MA_Crossover(36,44)",6515.7500,6440.2500,-1.0000,-1.0000,-94.7500,94.7500,-6440.2500,11316.2500,11316.2500
2014-03-27,"MA_Crossover(36,44)",6574.5000,6499.0000,-1.0000,-1.0000,58.7500,-58.7500,-6499.0000,11257.5000,11257.5000
2014-03-28,"MA_Crossover(36,44)",6686.0000,6610.5000,-1.0000,-1.0000,111.5000,-111.5000,-6610.5000,11146.0000,11146.0000
2014-03-31,"MA_Crossover(36,44)",6652.0000,6576.5000,-1.0000,-1.0000,-34.0000,34.0000,-6576.5000,11180.0000,11180.0000
2014-04-01,"MA_Crossover(36,44)",6667.5000,6592.0000,-1.0000,-1.0000,15.5000,-15.5000,-6592.0000,11164.5000,11164.5000
2014-04-02,"MA_Crossover(36,44)",6679.0000,6603.5000,-1.0000,-1.0000,11.5000,-11.5000,-6603.5000,11153.0000,11153.0000
2014-04-03,"MA_Crossover(36,44)",6646.0000,6570.5000,-1.0000,-1.0000,-33.0000,33.0000,-6570.5000,11186.0000,11186.0000
2014-04-04,"MA_Crossover(36,44)",6622.0000,6546.5000,-1.0000,-1.0000,-24.0000,24.0000,-6546.5000,11210.0000,11210.0000
2014-04-07,"MA_Crossover(36,44)",6672.5000,6597.0000,-1.0000,-1.0000,50.5000,-50.5000,-6597.0000,11159.5000,11159.5000
2014-04-08,"MA_Crossover(36,44)",6672.0000,6596.5000,-1.0000,-1.0000,-0.5000,0.5000,-6596.5000,11160.0000,11160.0000
2014-04-09,"MA_Crossover(36,44)",6623.5000,6548.0000,-1.0000,-1.0000,-48.5000,48.5000,-6548.0000,11208.5000,11208.5000
2014-04-10,"MA_Crossover(36,44)",6657.7500,6582.2500,-1.0000,-1.0000,34.2500,-34.2500,-6582.2500,11174.2500,11174.2500
2014-04-11,"MA_Crossover(36,44)",6664.2500,6588.7500,-1.0000,-1.0000,6.5000,-6.5000,-6588.7500,11167.7500,11167.7500
2014-04-14,"MA_Crossover(36,44)",6661.7500,6586.2500,-1.0000,-1.0000,-2.5000,2.5000,-6586.2500,11170.2500,11170.2500
2014-04-15,"MA_Crossover(36,44)",6545.0000,6463.2500,-1.0000,-1.0000,-123.0000,123.0000,-6463.2500,11293.2500,11293.2500
2014-04-16,"MA_Crossover(36,44)",6627.5000,6544.2500,-1.0000,-1.0000,81.0000,-81.0000,-6544.2500,11212.2500,11212.2500
2014-04-17,"MA_Crossover(36,44)",6661.5000,6577.2500,-1.0000,-1.0000,33.0000,-33.0000,-6577.2500,11179.2500,11179.2500
2014-04-22,"MA_Crossover(36,44)",6684.0000,6602.2500,-1.0000,-1.0000,25.0000,-25.0000,-6602.2500,11154.2500,11154.2500
2014-04-23,"MA_Crossover(36,44)",6686.5000,6604.7500,-1.0000,-1.0000,2.5000,-2.5000,-6604.7500,11151.7500,11151.7500
2014-04-24,"MA_Crossover(36,44)",6774.0000,6692.2500,-1.0000,-1.0000,87.5000,-87.5000,-6692.2500,11064.2500,11064.2500
2014-04-25,"MA_Crossover(36,44)",6785.0000,6703.2500,-1.0000,-1.0000,11.0000,-11.0000,-6703.2500,11053.2500,11053.2500
2014-04-28,"MA_Crossover(36,44)",6767.5000,6685.7500,-1.0000,-1.0000,-17.5000,17.5000,-6685.7500,11070.7500,11070.7500
2014-04-29,"MA_Crossover(36,44)",6734.0000,6652.2500,-1.0000,-1.0000,-33.5000,33.5000,-6652.2500,11104.2500,11104.2500
2014-04-30,"MA_Crossover(36,44)",6662.5000,6580.7500,-1.0000,-1.0000,-71.5000,71.5000,-6580.7500,11175.7500,11175.7500
2014-05-01,"MA_Crossover(36,44)",6672.0000,6590.2500,-1.0000,-1.0000,9.5000,-9.5000,-6590.2500,11166.2500,11166.2500
2014-05-02,"MA_Crossover(36,44)",6753.5000,6671.7500,-1.0000,-1.0000,81.5000,-81.5000,-6671.7500,11084.7500,11084.7500
2014-05-06,"MA_Crossover(36,44)",6756.0000,6674.2500,-1.0000,-1.0000,2.5000,-2.5000,-6674.2500,11082.2500,11082.2500
2014-05-07,"MA_Crossover(36,44)",6688.5000,6606.7500,-1.0000,-1.0000,-67.5000,67.5000,-6606.7500,11149.7500,11149.7500
2014-05-08,"MA_Crossover(36,44)",6772.0000,6690.2500,-1.0000,-1.0000,83.5000,-83.5000,-6690.2500,11066.2500,11066.2500
2014-05-09,"MA_Crossover(36,44)",6797.0000,6715.2500,1.0000,-1.0000,25.0000,-25.0000,-6715.2500,11041.2500,11041.2500
2014-05-12,"MA_Crossover(36,44)",6924.0000,6842.2500,1.0000,1.0000,127.0000,127.0000,6842.2500,11168.2500,11168.2500
2014-05-13,"MA_Crossover(36,44)",6888.0000,6806.2500,1.0000,1.0000,-36.0000,-36.0000,6806.2500,11132.2500,11132.2500
2014-05-14,"MA_Crossover(36,44)",6975.0000,6893.2500,1.0000,1.0000,87.0000,87.0000,6893.2500,11219.2500,11219.2500
2014-05-15,"MA_Crossover(36,44)",6938.0000,6856.2500,1.0000,1.0000,-37.0000,-37.0000,6856.2500,11182.2500,11182.2500
2014-05-16,"MA_Crossover(36,44)",6922.0000,6840.2500,1.0000,1.0000,-16.0000,-16.0000,6840.2500,11166.2500,11166.2500
2014-05-19,"MA_Crossover(36,44)",6983.0000,6901.2500,1.0000,1.0000,61.0000,61.0000,6901.2500,11227.2500,11227.2500
2014-05-20,"MA_Crossover(36,44)",6920.0000,6839.2500,1.0000,1.0000,-62.0000,-62.0000,6839.2500,11165.2500,11165.2500
2014-05-21,"MA_Crossover(36,44)",6870.0000,6787.2500,1.0000,1.0000,-52.0000,-52.0000,6787.2500,11113.2500,11113.2500
2014-05-22,"MA_Crossover(36,44)",6924.0000,6835.2500,1.0000,1.0000,48.0000,48.0000,6835.2500,11161.2500,11161.2500
2014-05-23,"MA_Crossover(36,44)",6981.0000,6919.2500,1.0000,1.0000,84.0000,84.0000,6919.2500,11245.2500,11245.2500
2014-05-27,"MA_Crossover(36,44)",6988.5000,6926.7500,1.0000,1.0000,7.5000,7.5000,6926.7500,11252.7500,11252.7500
2014-05-28,"MA_Crossover(36,44)",7013.0000,6951.2500,1.0000,1.0000,24.5000,24.5000,6951.2500,11277.2500,11277.2500
2014-05-29,"MA_Crossover(36,44)",6946.0000,6884.2500,1.0000,1.0000,-67.0000,-67.0000,6884.2500,11210.2500,11210.2500
2014-05-30,"MA_Crossover(36,44)",6892.0000,6830.2500,1.0000,1.0000,-54.0000,-54.0000,6830.2500,11156.2500,11156.2500
2014-06-02,"MA_Crossover(36,44)",6974.5000,6912.7500,1.0000,1.0000,82.5000,82.5000,6912.7500,11238.7500,11238.7500
2014-06-03,"MA_Crossover(36,44)",6902.5000,6840.7500,1.0000,1.0000,-72.0000,-72.0000,6840.7500,11166.7500,11166.7500
2014-06-04,"MA_Crossover(36,44)",6809.0000,6747.2500,1.0000,1.0000,-93.5000,-93.5000,6747.2500,11073.2500,11073.2500
2014-06-05,"MA_Crossover(36,44)",6789.0000,6727.2500,1.0000,1.0000,-20.0000,-20.0000,6727.2500,11053.2500,11053.2500
2014-06-06,"MA_Crossover(36,44)",6691.0000,6629.2500,1.0000,1.0000,-98.0000,-98.0000,6629.2500,10955.2500,10955.2500
2014-06-09,"MA_Crossover(36,44)",6684.5000,6622.7500,1.0000,1.0000,-6.5000,-6.5000,6622.7500,10948.7500,10948.7500
2014-06-10,"MA_Crossover(36,44)",6696.0000,6634.2500,1.0000,1.0000,11.5000,11.5000,6634.2500,10960.2500,10960.2500
2014-06-11,"MA_Crossover(36,44)",6725.0000,6663.2500,1.0000,1.0000,29.0000,29.0000,6663.2500,10989.2500,10989.2500
2014-06-12,"MA_Crossover(36,44)",6634.5000,6572.7500,1.0000,1.0000,-90.5000,-90.5000,6572.7500,10898.7500,10898.7500
2014-06-13,"MA_Crossover(36,44)",6673.5000,6611.7500,1.0000,1.0000,39.0000,39.0000,6611.7500,10937.7500,10937.7500
2014-06-16,"MA_Crossover(36,44)",6718.5000,6656.7500,1.0000,1.0000,45.0000,45.0000,6656.7500,10982.7500,10982.7500
2014-06-17,"MA_Crossover(36,44)",6712.5000,6666.7500,1.0000,1.0000,10.0000,10.0000,6666.7500,10992.7500,10992.7500
2014-06-18,"MA_Crossover(36,44)",6713.5000,6670.7500,1.0000,1.0000,4.0000,4.0000,6670.7500,10996.7500,10996.7500
2014-06-19,"MA_Crossover(36,44)",6733.5000,6688.2500,1.0000,1.0000,17.5000,17.5000,6688.2500,11014.2500,11014.2500
2014-06-20,"MA_Crossover(36,44)",6836.5000,6794.7500,1.0000,1.0000,106.5000,106.5000,6794.7500,11120.7500,11120.7500
2014-06-23,"MA_Crossover(36,44)",6901.0000,6859.2500,1.0000,1.0000,64.5000,64.5000,6859.2500,11185.2500,11185.2500
2014-06-24,"MA_Crossover(36,44)",6903.5000,6861.7500,1.0000,1.0000,2.5000,2.5000,6861.7500,11187.7500,11187.7500
2014-06-25,"MA_Crossover(36,44)",6929.0000,6887.2500,1.0000,1.0000,25.5000,25.5000,6887.2500,11213.2500,11213.2500
2014-06-26,"MA_Crossover(36,44)",6973.5000,6931.7500,1.0000,1.0000,44.5000,44.5000,6931.7500,11257.7500,11257.7500
2014-06-27,"MA_Crossover(36,44)",6966.0000,6924.2500,1.0000,1.0000,-7.5000,-7.5000,6924.2500,11250.2500,11250.2500
2014-06-30,"MA_Crossover(36,44)",7036.0000,6994.2500,1.0000,1.0000,70.0000,70.0000,6994.2500,11320.2500,11320.2500
2014-07-01,"MA_Crossover(36,44)",7038.5000,6996.7500,1.0000,1.0000,2.5000,2.5000,6996.7500,11322.7500,11322.7500
2014-07-02,"MA_Crossover(36,44)",7139.5000,7097.7500,1.0000,1.0000,101.0000,101.0000,7097.7500,11423.7500,11423.7500
2014-07-03,"MA_Crossover(36,44)",7189.0000,7147.2500,1.0000,1.0000,49.5000,49.5000,7147.2500,11473.2500,11473.2500
2014-07-04,"MA_Crossover(36,44)",7164.0000,7122.2500,1.0000,1.0000,-25.0000,-25.0000,7122.2500,11448.2500,11448.2500
2014-07-07,"MA_Crossover(36,44)",7128.0000,7086.2500,1.0000,1.0000,-36.0000,-36.0000,7086.2500,11412.2500,11412.2500
2014-07-08,"MA_Crossover(36,44)",7136.0000,7094.2500,1.0000,1.0000,8.0000,8.0000,7094.2500,11420.2500,11420.2500
2014-07-09,"MA_Crossover(36,44)",7141.0000,7099.2500,1.0000,1.0000,5.0000,5.0000,7099.2500,11425.2500,11425.2500
2014-07-10,"MA_Crossover(36,44)",7177.5000,7135.7500,-1.0000,1.0000,36.5000,36.5000,7135.7500,11461.7500,11461.7500
2014-07-11,"MA_Crossover(36,44)",7173.5000,7131.7500,-1.0000,-1.0000,-4.0000,4.0000,-7131.7500,11465.7500,11465.7500
2014-07-14,"MA_Crossover(36,44)",7121.5000,7079.7500,-1.0000,-1.0000,-52.0000,52.0000,-7079.7500,11517.7500,11517.7500
2014-07-15,"MA_Crossover(36,44)",7132.5000,7088.2500,-1.0000,-1.0000,8.5000,-8.5000,-7088.2500,11509.2500,11509.2500
2014-07-16,"MA_Crossover(36,44)",7077.2500,7034.0000,-1.0000,-1.0000,-54.2500,54.2500,-7034.0000,11563.5000,11563.5000
2014-07-17,"MA_Crossover(36,44)",7067.5000,7023.7500,-1.0000,-1.0000,-10.2500,10.2500,-7023.7500,11573.7500,11573.7500
2014-07-18,"MA_Crossover(36,44)",6987.5000,6941.7500,-1.0000,-1.0000,-82.0000,82.0000,-6941.7500,11655.7500,11655.7500
2014-07-21,"MA_Crossover(36,44)",7029.2500,6983.5000,-1.0000,-1.0000,41.7500,-41.7500,-6983.5000,11614.0000,11614.0000
2014-07-22,"MA_Crossover(36,44)",7038.0000,6992.2500,-1.0000,-1.0000,8.7500,-8.7500,-6992.2500,11605.2500,11605.2500
2014-07-23,"MA_Crossover(36,44)",7040.7500,6995.0000,-1.0000,-1.0000,2.7500,-2.7500,-6995.0000,11602.5000,11602.5000
2014-07-24,"MA_Crossover(36,44)",7172.5000,7126.7500,1.0000,-1.0000,131.7500,-131.7500,-7126.7500,11470.7500,11470.7500
2014-07-25,"MA_Crossover(36,44)",7130.0000,7084.2500,1.0000,1.0000,-42.5000,-42.5000,7084.2500,11428.2500,11428.2500
2014-07-28,"MA_Crossover(36,44)",7125.2500,7079.5000,1.0000,1.0000,-4.7500,-4.7500,7079.5000,11423.5000,11423.5000
2014-07-29,"MA_Crossover(36,44)",7090.5000,7044.7500,1.0000,1.0000,-34.7500,-34.7500,7044.7500,11388.7500,11388.7500
2014-07-30,"MA_Crossover(36,44)",7141.2500,7095.5000,1.0000,1.0000,50.7500,50.7500,7095.5000,11439.5000,11439.5000
2014-07-31,"MA_Crossover(36,44)",7123.5000,7077.7500,1.0000,1.0000,-17.7500,-17.7500,7077.7500,11421.7500,11421.7500
2014-08-01,"MA_Crossover(36,44)",7078.5000,7032.7500,1.0000,1.0000,-45.0000,-45.0000,7032.7500,11376.7500,11376.7500
2014-08-04,"MA_Crossover(36,44)",7130.5000,7084.7500,1.0000,1.0000,52.0000,52.0000,7084.7500,11428.7500,11428.7500
2014-08-05,"MA_Crossover(36,44)",7059.5000,7013.7500,1.0000,1.0000,-71.0000,-71.0000,7013.7500,11357.7500,11357.7500
2014-08-06,"MA_Crossover(36,44)",6977.2500,6931.5000,1.0000,1.0000,-82.2500,-82.2500,6931.5000,11275.5000,11275.5000
2014-08-07,"MA_Crossover(36,44)",7009.0000,6963.2500,1.0000,1.0000,31.7500,31.7500,6963.2500,11307.2500,11307.2500
2014-08-08,"MA_Crossover(36,44)",7004.7500,6959.0000,1.0000,1.0000,-4.2500,-4.2500,6959.0000,11303.0000,11303.0000
2014-08-11,"MA_Crossover(36,44)",7004.0000,6958.2500,1.0000,1.0000,-0.7500,-0.7500,6958.2500,11302.2500,11302.2500
2014-08-12,"MA_Crossover(36,44)",6975.7500,6930.0000,1.0000,1.0000,-28.2500,-28.2500,6930.0000,11274.0000,11274.0000
2014-08-13,"MA_Crossover(36,44)",6892.5000,6846.7500,1.0000,1.0000,-83.2500,-83.2500,6846.7500,11190.7500,11190.7500
2014-08-14,"MA_Crossover(36,44)",6834.0000,6788.2500,1.0000,1.0000,-58.5000,-58.5000,6788.2500,11132.2500,11132.2500
2014-08-15,"MA_Crossover(36,44)",6887.0000,6841.2500,1.0000,1.0000,53.0000,53.0000,6841.2500,11185.2500,11185.2500
2014-08-18,"MA_Crossover(36,44)",6943.0000,6897.2500,1.0000,1.0000,56.0000,56.0000,6897.2500,11241.2500,11241.2500
2014-08-19,"MA_Crossover(36,44)",6882.5000,6847.7500,1.0000,1.0000,-49.5000,-49.5000,6847.7500,11191.7500,11191.7500
2014-08-20,"MA_Crossover(36,44)",7025.5000,6991.7500,1.0000,1.0000,144.0000,144.0000,6991.7500,11335.7500,11335.7500
2014-08-21,"MA_Crossover(36,44)",7027.0000,6995.2500,1.0000,1.0000,3.5000,3.5000,6995.2500,11339.2500,11339.2500
2014-08-22,"MA_Crossover(36,44)",7086.0000,7061.2500,1.0000,1.0000,66.0000,66.0000,7061.2500,11405.2500,11405.2500
2014-08-26,"MA_Crossover(36,44)",7062.5000,7037.7500,-1.0000,1.0000,-23.5000,-23.5000,7037.7500,11381.7500,11381.7500
2014-08-27,"MA_Crossover(36,44)",7041.0000,7016.2500,-1.0000,-1.0000,-21.5000,21.5000,-7016.2500,11403.2500,11403.2500
2014-08-28,"MA_Crossover(36,44)",6947.0000,6922.2500,-1.0000,-1.0000,-94.0000,94.0000,-6922.2500,11497.2500,11497.2500
2014-08-29,"MA_Crossover(36,44)",6996.5000,6971.7500,-1.0000,-1.0000,49.5000,-49.5000,-6971.7500,11447.7500,11447.7500
2014-09-01,"MA_Crossover(36,44)",6961.0000,6936.2500,-1.0000,-1.0000,-35.5000,35.5000,-6936.2500,11483.2500,11483.2500
2014-09-02,"MA_Crossover(36,44)",6983.0000,6958.2500,-1.0000,-1.0000,22.0000,-22.0000,-6958.2500,11461.2500,11461.2500
2014-09-03,"MA_Crossover(36,44)",6924.0000,6899.2500,-1.0000,-1.0000,-59.0000,59.0000,-6899.2500,11520.2500,11520.2500
2014-09-04,"MA_Crossover(36,44)",6949.5000,6924.7500,-1.0000,-1.0000,25.5000,-25.5000,-6924.7500,11494.7500,11494.7500
2014-09-05,"MA_Crossover(36,44)",6993.0000,6968.2500,-1.0000,-1.0000,43.5000,-43.5000,-6968.2500,11451.2500,11451.2500
2014-09-08,"MA_Crossover(36,44)",7003.0000,6978.2500,-1.0000,-1.0000,10.0000,-10.0000,-6978.2500,11441.2500,11441.2500
2014-09-09,"MA_Crossover(36,44)",6859.5000,6834.7500,-1.0000,-1.0000,-143.5000,143.5000,-6834.7500,11584.7500,11584.7500
2014-09-10,"MA_Crossover(36,44)",6892.7500,6868.0000,-1.0000,-1.0000,33.2500,-33.2500,-6868.0000,11551.5000,11551.5000
2014-09-11,"MA_Crossover(36,44)",6859.0000,6834.2500,-1.0000,-1.0000,-33.7500,33.7500,-6834.2500,11585.2500,11585.2500
2014-09-12,"MA_Crossover(36,44)",6864.5000,6839.7500,-1.0000,-1.0000,5.5000,-5.5000,-6839.7500,11579.7500,11579.7500
2014-09-15,"MA_Crossover(36,44)",6867.0000,6842.2500,-1.0000,-1.0000,2.5000,-2.5000,-6842.2500,11577.2500,11577.2500
2014-09-16,"MA_Crossover(36,44)",6922.2500,6911.5000,-1.0000,-1.0000,69.2500,-69.2500,-6911.5000,11508.0000,11508.0000
2014-09-17,"MA_Crossover(36,44)",6949.5000,6940.7500,-1.0000,-1.0000,29.2500,-29.2500,-6940.7500,11478.7500,11478.7500
2014-09-18,"MA_Crossover(36,44)",6864.7500,6855.2500,-1.0000,-1.0000,-85.5000,85.5000,-6855.2500,11564.2500,11564.2500
2014-09-19,"MA_Crossover(36,44)",6862.2500,6862.5000,-1.0000,-1.0000,7.2500,-7.2500,-6862.5000,11557.0000,11557.0000
2014-09-22,"MA_Crossover(36,44)",6756.5000,6756.7500,-1.0000,-1.0000,-105.7500,105.7500,-6756.7500,11662.7500,11662.7500
2014-09-23,"MA_Crossover(36,44)",6752.0000,6752.2500,-1.0000,-1.0000,-4.5000,4.5000,-6752.2500,11667.2500,11667.2500
2014-09-24,"MA_Crossover(36,44)",6770.5000,6770.7500,-1.0000,-1.0000,18.5000,-18.5000,-6770.7500,11648.7500,11648.7500
2014-09-25,"MA_Crossover(36,44)",6728.0000,6728.2500,-1.0000,-1.0000,-42.5000,42.5000,-6728.2500,11691.2500,11691.2500
2014-09-26,"MA_Crossover(36,44)",6755.5000,6755.7500,-1.0000,-1.0000,27.5000,-27.5000,-6755.7500,11663.7500,11663.7500
2014-09-29,"MA_Crossover(36,44)",6777.5000,6777.7500,-1.0000,-1.0000,22.0000,-22.0000,-6777.7500,11641.7500,11641.7500
2014-09-30,"MA_Crossover(36,44)",6710.0000,6710.2500,-1.0000,-1.0000,-67.5000,67.5000,-6710.2500,11709.2500,11709.2500
2014-10-01,"MA_Crossover(36,44)",6722.7500,6723.0000,-1.0000,-1.0000,12.7500,-12.7500,-6723.0000,11696.5000,11696.5000
2014-10-02,"MA_Crossover(36,44)",6643.0000,6643.2500,-1.0000,-1.0000,-79.7500,79.7500,-6643.2500,11776.2500,11776.2500
2014-10-03,"MA_Crossover(36,44)",6679.0000,6679.2500,-1.0000,-1.0000,36.0000,-36.0000,-6679.2500,11740.2500,11740.2500
2014-10-06,"MA_Crossover(36,44)",6746.0000,6746.2500,-1.0000,-1.0000,67.0000,-67.0000,-6746.2500,11673.2500,11673.2500
2014-10-07,"MA_Crossover(36,44)",6706.7500,6707.0000,-1.0000,-1.0000,-39.2500,39.2500,-6707.0000,11712.5000,11712.5000
2014-10-08,"MA_Crossover(36,44)",6685.0000,6685.2500,-1.0000,-1.0000,-21.7500,21.7500,-6685.2500,11734.2500,11734.2500
2014-10-09,"MA_Crossover(36,44)",6774.5000,6774.7500,-1.0000,-1.0000,89.5000,-89.5000,-6774.7500,11644.7500,11644.7500
2014-10-10,"MA_Crossover(36,44)",6699.5000,6699.7500,-1.0000,-1.0000,-75.0000,75.0000,-6699.7500,11719.7500,11719.7500
2014-10-13,"MA_Crossover(36,44)",6784.0000,6784.2500,-1.0000,-1.0000,84.5000,-84.5000,-6784.2500,11635.2500,11635.2500
2014-10-14,"MA_Crossover(36,44)",6827.0000,6854.2500,-1.0000,-1.0000,70.0000,-70.0000,-6854.2500,11565.2500,11565.2500
2014-10-15,"MA_Crossover(36,44)",6669.0000,6694.7500,-1.0000,-1.0000,-159.5000,159.5000,-6694.7500,11724.7500,11724.7500
2014-10-16,"MA_Crossover(36,44)",6587.0000,6608.2500,-1.0000,-1.0000,-86.5000,86.5000,-6608.2500,11811.2500,11811.2500
2014-10-17,"MA_Crossover(36,44)",6675.0000,6716.2500,-1.0000,-1.0000,108.0000,-108.0000,-6716.2500,11703.2500,11703.2500
2014-10-20,"MA_Crossover(36,44)",6595.0000,6636.2500,-1.0000,-1.0000,-80.0000,80.0000,-6636.2500,11783.2500,11783.2500
2014-10-21,"MA_Crossover(36,44)",6703.7500,6745.0000,-1.0000,-1.0000,108.7500,-108.7500,-6745.0000,11674.5000,11674.5000
2014-10-22,"MA_Crossover(36,44)",6674.0000,6715.2500,-1.0000,-1.0000,-29.7500,29.7500,-6715.2500,11704.2500,11704.2500
2014-10-23,"MA_Crossover(36,44)",6738.0000,6779.2500,-1.0000,-1.0000,64.0000,-64.0000,-6779.2500,11640.2500,11640.2500
2014-10-24,"MA_Crossover(36,44)",6744.0000,6785.2500,-1.0000,-1.0000,6.0000,-6.0000,-6785.2500,11634.2500,11634.2500
2014-10-27,"MA_Crossover(36,44)",6782.0000,6823.2500,-1.0000,-1.0000,38.0000,-38.0000,-6823.2500,11596.2500,11596.2500
2014-10-28,"MA_Crossover(36,44)",6855.5000,6896.7500,-1.0000,-1.0000,73.5000,-73.5000,-6896.7500,11522.7500,11522.7500
2014-10-29,"MA_Crossover(36,44)",6876.5000,6917.7500,-1.0000,-1.0000,21.0000,-21.0000,-6917.7500,11501.7500,11501.7500
2014-10-30,"MA_Crossover(36,44)",6797.0000,6838.2500,-1.0000,-1.0000,-79.5000,79.5000,-6838.2500,11581.2500,11581.2500
2014-10-31,"MA_Crossover(36,44)",6752.0000,6793.2500,-1.0000,-1.0000,-45.0000,45.0000,-6793.2500,11626.2500,11626.2500
2014-11-03,"MA_Crossover(36,44)",6770.0000,6811.2500,-1.0000,-1.0000,18.0000,-18.0000,-6811.2500,11608.2500,11608.2500
2014-11-04,"MA_Crossover(36,44)",6703.0000,6744.2500,-1.0000,-1.0000,-67.0000,67.0000,-6744.2500,11675.2500,11675.2500
2014-11-05,"MA_Crossover(36,44)",6706.5000,6747.7500,-1.0000,-1.0000,3.5000,-3.5000,-6747.7500,11671.7500,11671.7500
2014-11-06,"MA_Crossover(36,44)",6730.5000,6771.7500,-1.0000,-1.0000,24.0000,-24.0000,-6771.7500,11647.7500,11647.7500
2014-11-07,"MA_Crossover(36,44)",6785.0000,6826.2500,-1.0000,-1.0000,54.5000,-54.5000,-6826.2500,11593.2500,11593.2500
2014-11-10,"MA_Crossover(36,44)",6725.0000,6766.2500,-1.0000,-1.0000,-60.0000,60.0000,-6766.2500,11653.2500,11653.2500
2014-11-11,"MA_Crossover(36,44)",6755.5000,6796.7500,-1.0000,-1.0000,30.5000,-30.5000,-6796.7500,11622.7500,11622.7500
2014-11-12,"MA_Crossover(36,44)",6747.5000,6788.7500,-1.0000,-1.0000,-8.0000,8.0000,-6788.7500,11630.7500,11630.7500
2014-11-13,"MA_Crossover(36,44)",6724.0000,6765.2500,-1.0000,-1.0000,-23.5000,23.5000,-6765.2500,11654.2500,11654.2500
2014-11-14,"MA_Crossover(36,44)",6777.0000,6818.2500,-1.0000,-1.0000,53.0000,-53.0000,-6818.2500,11601.2500,11601.2500
2014-11-17,"MA_Crossover(36,44)",6776.0000,6817.2500,-1.0000,-1.0000,-1.0000,1.0000,-6817.2500,11602.2500,11602.2500
2014-11-18,"MA_Crossover(36,44)",6679.0000,6719.2500,-1.0000,-1.0000,-98.0000,98.0000,-6719.2500,11700.2500,11700.2500
2014-11-19,"MA_Crossover(36,44)",6732.0000,6775.2500,-1.0000,-1.0000,56.0000,-56.0000,-6775.2500,11644.2500,11644.2500
2014-11-20,"MA_Crossover(36,44)",6711.7500,6755.5000,-1.0000,-1.0000,-19.7500,19.7500,-6755.5000,11664.0000,11664.0000
2014-11-21,"MA_Crossover(36,44)",6772.0000,6840.2500,1.0000,-1.0000,84.7500,-84.7500,-6840.2500,11579.2500,11579.2500
2014-11-24,"MA_Crossover(36,44)",6720.0000,6788.2500,1.0000,1.0000,-52.0000,-52.0000,6788.2500,11527.2500,11527.2500
2014-11-25,"MA_Crossover(36,44)",6644.0000,6712.2500,1.0000,1.0000,-76.0000,-76.0000,6712.2500,11451.2500,11451.2500
2014-11-26,"MA_Crossover(36,44)",6619.0000,6687.2500,1.0000,1.0000,-25.0000,-25.0000,6687.2500,11426.2500,11426.2500
2014-11-27,"MA_Crossover(36,44)",6609.5000,6677.7500,1.0000,1.0000,-9.5000,-9.5000,6677.7500,11416.7500,11416.7500
2014-11-28,"MA_Crossover(36,44)",6409.0000,6477.2500,1.0000,1.0000,-200.5000,-200.5000,6477.2500,11216.2500,11216.2500
2014-12-01,"MA_Crossover(36,44)",6517.0000,6585.2500,1.0000,1.0000,108.0000,108.0000,6585.2500,11324.2500,11324.2500
2014-12-02,"MA_Crossover(36,44)",6471.0000,6539.2500,-1.0000,1.0000,-46.0000,-46.0000,6539.2500,11278.2500,11278.2500
2014-12-03,"MA_Crossover(36,44)",6433.5000,6501.7500,-1.0000,-1.0000,-37.5000,37.5000,-6501.7500,11315.7500,11315.7500
2014-12-04,"MA_Crossover(36,44)",6530.5000,6598.7500,-1.0000,-1.0000,97.0000,-97.0000,-6598.7500,11218.7500,11218.7500
2014-12-05,"MA_Crossover(36,44)",6508.0000,6576.2500,-1.0000,-1.0000,-22.5000,22.5000,-6576.2500,11241.2500,11241.2500
2014-12-08,"MA_Crossover(36,44)",6452.2500,6520.5000,-1.0000,-1.0000,-55.7500,55.7500,-6520.5000,11297.0000,11297.0000
2014-12-09,"MA_Crossover(36,44)",6528.5000,6596.7500,-1.0000,-1.0000,76.2500,-76.2500,-6596.7500,11220.7500,11220.7500
2014-12-10,"MA_Crossover(36,44)",6469.0000,6537.2500,-1.0000,-1.0000,-59.5000,59.5000,-6537.2500,11280.2500,11280.2500
2014-12-11,"MA_Crossover(36,44)",6514.5000,6582.7500,-1.0000,-1.0000,45.5000,-45.5000,-6582.7500,11234.7500,11234.7500
2014-12-12,"MA_Crossover(36,44)",6539.2500,6607.5000,-1.0000,-1.0000,24.7500,-24.7500,-6607.5000,11210.0000,11210.0000
2014-12-15,"MA_Crossover(36,44)",6447.5000,6515.7500,-1.0000,-1.0000,-91.7500,91.7500,-6515.7500,11301.7500,11301.7500
2014-12-16,"MA_Crossover(36,44)",6387.5000,6470.2500,-1.0000,-1.0000,-45.5000,45.5000,-6470.2500,11347.2500,11347.2500
2014-12-17,"MA_Crossover(36,44)",6398.0000,6477.2500,-1.0000,-1.0000,7.0000,-7.0000,-6477.2500,11340.2500,11340.2500
2014-12-18,"MA_Crossover(36,44)",6346.0000,6426.2500,-1.0000,-1.0000,-51.0000,51.0000,-6426.2500,11391.2500,11391.2500
2014-12-19,"MA_Crossover(36,44)",6438.5000,6533.7500,-1.0000,-1.0000,107.5000,-107.5000,-6533.7500,11283.7500,11283.7500
2014-12-22,"MA_Crossover(36,44)",6392.0000,6487.2500,-1.0000,-1.0000,-46.5000,46.5000,-6487.2500,11330.2500,11330.2500
2014-12-23,"MA_Crossover(36,44)",6370.0000,6465.2500,-1.0000,-1.0000,-22.0000,22.0000,-6465.2500,11352.2500,11352.2500
2014-12-24,"MA_Crossover(36,44)",6344.0000,6439.2500,-1.0000,-1.0000,-26.0000,26.0000,-6439.2500,11378.2500,11378.2500
2014-12-29,"MA_Crossover(36,44)",6343.0000,6438.2500,-1.0000,-1.0000,-1.0000,1.0000,-6438.2500,11379.2500,11379.2500
2014-12-30,"MA_Crossover(36,44)",6376.0000,6471.2500,-1.0000,-1.0000,33.0000,-33.0000,-6471.2500,11346.2500,11346.2500
2014-12-31,"MA_Crossover(36,44)",6349.0000,6444.2500,-1.0000,-1.0000,-27.0000,27.0000,-6444.2500,11373.2500,11373.2500
2015-01-02,"MA_Crossover(36,44)",6304.0000,6399.2500,-1.0000,-1.0000,-45.0000,45.0000,-6399.2500,11418.2500,11418.2500
2015-01-05,"MA_Crossover(36,44)",6199.5000,6294.7500,-1.0000,-1.0000,-104.5000,104.5000,-6294.7500,11522.7500,11522.7500
2015-01-06,"MA_Crossover(36,44)",6209.0000,6304.2500,-1.0000,-1.0000,9.5000,-9.5000,-6304.2500,11513.2500,11513.2500
2015-01-07,"MA_Crossover(36,44)",6172.5000,6267.7500,-1.0000,-1.0000,-36.5000,36.5000,-6267.7500,11549.7500,11549.7500
2015-01-08,"MA_Crossover(36,44)",6160.7500,6256.0000,-1.0000,-1.0000,-11.7500,11.7500,-6256.0000,11561.5000,11561.5000
2015-01-09,"MA_Crossover(36,44)",6147.5000,6242.7500,-1.0000,-1.0000,-13.2500,13.2500,-6242.7500,11574.7500,11574.7500
2015-01-12,"MA_Crossover(36,44)",6085.0000,6180.2500,-1.0000,-1.0000,-62.5000,62.5000,-6180.2500,11637.2500,11637.2500
2015-01-13,"MA_Crossover(36,44)",5928.5000,6023.7500,-1.0000,-1.0000,-156.5000,156.5000,-6023.7500,11793.7500,11793.7500
2015-01-14,"MA_Crossover(36,44)",5617.0000,5712.2500,-1.0000,-1.0000,-311.5000,311.5000,-5712.2500,12105.2500,12105.2500
2015-01-15,"MA_Crossover(36,44)",5681.0000,5776.2500,-1.0000,-1.0000,64.0000,-64.0000,-5776.2500,12041.2500,12041.2500
2015-01-16,"MA_Crossover(36,44)",5768.0000,5863.2500,-1.0000,-1.0000,87.0000,-87.0000,-5863.2500,11954.2500,11954.2500
2015-01-19,"MA_Crossover(36,44)",5709.0000,5804.2500,-1.0000,-1.0000,-59.0000,59.0000,-5804.2500,12013.2500,12013.2500
2015-01-20,"MA_Crossover(36,44)",5717.0000,5812.2500,-1.0000,-1.0000,8.0000,-8.0000,-5812.2500,12005.2500,12005.2500
2015-01-21,"MA_Crossover(36,44)",5796.5000,5891.7500,-1.0000,-1.0000,79.5000,-79.5000,-5891.7500,11925.7500,11925.7500
2015-01-22,"MA_Crossover(36,44)",5687.5000,5783.2500,-1.0000,-1.0000,-108.5000,108.5000,-5783.2500,12034.2500,12034.2500
2015-01-23,"MA_Crossover(36,44)",5541.0000,5646.2500,-1.0000,-1.0000,-137.0000,137.0000,-5646.2500,12171.2500,12171.2500
2015-01-26,"MA_Crossover(36,44)",5612.5000,5717.7500,-1.0000,-1.0000,71.5000,-71.5000,-5717.7500,12099.7500,12099.7500
2015-01-27,"MA_Crossover(36,44)",5446.0000,5551.2500,-1.0000,-1.0000,-166.5000,166.5000,-5551.2500,12266.2500,12266.2500
2015-01-28,"MA_Crossover(36,44)",5515.5000,5620.7500,-1.0000,-1.0000,69.5000,-69.5000,-5620.7500,12196.7500,12196.7500
2015-01-29,"MA_Crossover(36,44)",5432.0000,5537.2500,-1.0000,-1.0000,-83.5000,83.5000,-5537.2500,12280.2500,12280.2500
2015-01-30,"MA_Crossover(36,44)",5542.0000,5647.2500,-1.0000,-1.0000,110.0000,-110.0000,-5647.2500,12170.2500,12170.2500
2015-02-02,"MA_Crossover(36,44)",5530.0000,5635.2500,-1.0000,-1.0000,-12.0000,12.0000,-5635.2500,12182.2500,12182.2500
2015-02-03,"MA_Crossover(36,44)",5725.0000,5830.2500,-1.0000,-1.0000,195.0000,-195.0000,-5830.2500,11987.2500,11987.2500
2015-02-04,"MA_Crossover(36,44)",5738.7500,5844.0000,-1.0000,-1.0000,13.7500,-13.7500,-5844.0000,11973.5000,11973.5000
2015-02-05,"MA_Crossover(36,44)",5748.0000,5853.2500,-1.0000,-1.0000,9.2500,-9.2500,-5853.2500,11964.2500,11964.2500
2015-02-06,"MA_Crossover(36,44)",5674.0000,5779.2500,-1.0000,-1.0000,-74.0000,74.0000,-5779.2500,12038.2500,12038.2500
2015-02-09,"MA_Crossover(36,44)",5691.0000,5796.2500,-1.0000,-1.0000,17.0000,-17.0000,-5796.2500,12021.2500,12021.2500
2015-02-10,"MA_Crossover(36,44)",5608.5000,5713.7500,-1.0000,-1.0000,-82.5000,82.5000,-5713.7500,12103.7500,12103.7500
2015-02-11,"MA_Crossover(36,44)",5613.0000,5718.2500,-1.0000,-1.0000,4.5000,-4.5000,-5718.2500,12099.2500,12099.2500
2015-02-12,"MA_Crossover(36,44)",5752.5000,5857.7500,-1.0000,-1.0000,139.5000,-139.5000,-5857.7500,11959.7500,11959.7500
2015-02-13,"MA_Crossover(36,44)",5754.2500,5859.5000,-1.0000,-1.0000,1.7500,-1.7500,-5859.5000,11958.0000,11958.0000
2015-02-16,"MA_Crossover(36,44)",5764.0000,5869.2500,-1.0000,-1.0000,9.7500,-9.7500,-5869.2500,11948.2500,11948.2500
2015-02-17,"MA_Crossover(36,44)",5656.7500,5762.5000,-1.0000,-1.0000,-106.7500,106.7500,-5762.5000,12055.0000,12055.0000
2015-02-18,"MA_Crossover(36,44)",5753.5000,5858.7500,-1.0000,-1.0000,96.2500,-96.2500,-5858.7500,11958.7500,11958.7500
2015-02-19,"MA_Crossover(36,44)",5761.2500,5865.5000,-1.0000,-1.0000,6.7500,-6.7500,-5865.5000,11952.0000,11952.0000
2015-02-20,"MA_Crossover(36,44)",5704.0000,5813.7500,-1.0000,-1.0000,-51.7500,51.7500,-5813.7500,12003.7500,12003.7500
2015-02-23,"MA_Crossover(36,44)",5682.5000,5792.2500,-1.0000,-1.0000,-21.5000,21.5000,-5792.2500,12025.2500,12025.2500
2015-02-24,"MA_Crossover(36,44)",5798.0000,5907.7500,-1.0000,-1.0000,115.5000,-115.5000,-5907.7500,11909.7500,11909.7500
2015-02-25,"MA_Crossover(36,44)",5797.0000,5906.7500,-1.0000,-1.0000,-1.0000,1.0000,-5906.7500,11910.7500,11910.7500
2015-02-26,"MA_Crossover(36,44)",5911.5000,6021.2500,-1.0000,-1.0000,114.5000,-114.5000,-6021.2500,11796.2500,11796.2500
2015-02-27,"MA_Crossover(36,44)",5918.0000,6027.7500,-1.0000,-1.0000,6.5000,-6.5000,-6027.7500,11789.7500,11789.7500
2015-03-02,"MA_Crossover(36,44)",5922.5000,6032.2500,-1.0000,-1.0000,4.5000,-4.5000,-6032.2500,11785.2500,11785.2500
2015-03-03,"MA_Crossover(36,44)",5839.7500,5949.5000,-1.0000,-1.0000,-82.7500,82.7500,-5949.5000,11868.0000,11868.0000
2015-03-04,"MA_Crossover(36,44)",5861.0000,5970.7500,-1.0000,-1.0000,21.2500,-21.2500,-5970.7500,11846.7500,11846.7500
2015-03-05,"MA_Crossover(36,44)",5855.0000,5964.7500,-1.0000,-1.0000,-6.0000,6.0000,-5964.7500,11852.7500,11852.7500
2015-03-06,"MA_Crossover(36,44)",5763.0000,5872.7500,-1.0000,-1.0000,-92.0000,92.0000,-5872.7500,11944.7500,11944.7500
2015-03-09,"MA_Crossover(36,44)",5893.0000,6002.7500,-1.0000,-1.0000,130.0000,-130.0000,-6002.7500,11814.7500,11814.7500
2015-03-10,"MA_Crossover(36,44)",5788.0000,5897.7500,-1.0000,-1.0000,-105.0000,105.0000,-5897.7500,11919.7500,11919.7500
2015-03-11,"MA_Crossover(36,44)",5754.0000,5863.7500,-1.0000,-1.0000,-34.0000,34.0000,-5863.7500,11953.7500,11953.7500
2015-03-12,"MA_Crossover(36,44)",5866.0000,5975.7500,-1.0000,-1.0000,112.0000,-112.0000,-5975.7500,11841.7500,11841.7500
2015-03-13,"MA_Crossover(36,44)",5881.5000,5991.2500,-1.0000,-1.0000,15.5000,-15.5000,-5991.2500,11826.2500,11826.2500
2015-03-16,"MA_Crossover(36,44)",5864.2500,5974.0000,1.0000,-1.0000,-17.2500,17.2500,-5974.0000,11843.5000,11843.5000
2015-03-17,"MA_Crossover(36,44)",5798.5000,5907.2500,1.0000,1.0000,-66.7500,-66.7500,5907.2500,11776.7500,11776.7500
2015-03-18,"MA_Crossover(36,44)",5689.5000,5796.2500,1.0000,1.0000,-111.0000,-111.0000,5796.2500,11665.7500,11665.7500
2015-03-19,"MA_Crossover(36,44)",5876.2500,5983.5000,1.0000,1.0000,187.2500,187.2500,5983.5000,11853.0000,11853.0000
2015-03-20,"MA_Crossover(36,44)",6070.5000,6186.7500,1.0000,1.0000,203.2500,203.2500,6186.7500,12056.2500,12056.2500
2015-03-23,"MA_Crossover(36,44)",6147.5000,6263.7500,1.0000,1.0000,77.0000,77.0000,6263.7500,12133.2500,12133.2500
2015-03-24,"MA_Crossover(36,44)",6172.0000,6288.2500,1.0000,1.0000,24.5000,24.5000,6288.2500,12157.7500,12157.7500
2015-03-25,"MA_Crossover(36,44)",6148.5000,6264.7500,1.0000,1.0000,-23.5000,-23.5000,6264.7500,12134.2500,12134.2500
2015-03-26,"MA_Crossover(36,44)",6195.5000,6311.7500,1.0000,1.0000,47.0000,47.0000,6311.7500,12181.2500,12181.2500
2015-03-27,"MA_Crossover(36,44)",6075.5000,6191.7500,1.0000,1.0000,-120.0000,-120.0000,6191.7500,12061.2500,12061.2500
2015-03-30,"MA_Crossover(36,44)",6105.0000,6221.2500,1.0000,1.0000,29.5000,29.5000,6221.2500,12090.7500,12090.7500
2015-03-31,"MA_Crossover(36,44)",6064.5000,6180.7500,1.0000,1.0000,-40.5000,-40.5000,6180.7500,12050.2500,12050.2500
2015-04-01,"MA_Crossover(36,44)",6067.5000,6183.7500,1.0000,1.0000,3.0000,3.0000,6183.7500,12053.2500,12053.2500
2015-04-02,"MA_Crossover(36,44)",6002.5000,6118.7500,1.0000,1.0000,-65.0000,-65.0000,6118.7500,11988.2500,11988.2500
2015-04-07,"MA_Crossover(36,44)",6084.0000,6200.2500,1.0000,1.0000,81.5000,81.5000,6200.2500,12069.7500,12069.7500
2015-04-08,"MA_Crossover(36,44)",6027.5000,6143.7500,1.0000,1.0000,-56.5000,-56.5000,6143.7500,12013.2500,12013.2500
2015-04-09,"MA_Crossover(36,44)",6013.5000,6129.7500,1.0000,1.0000,-14.0000,-14.0000,6129.7500,11999.2500,11999.2500
2015-04-10,"MA_Crossover(36,44)",6056.0000,6172.2500,1.0000,1.0000,42.5000,42.5000,6172.2500,12041.7500,12041.7500
2015-04-13,"MA_Crossover(36,44)",6001.2500,6117.5000,1.0000,1.0000,-54.7500,-54.7500,6117.5000,11987.0000,11987.0000
2015-04-14,"MA_Crossover(36,44)",5954.5000,6066.7500,1.0000,1.0000,-50.7500,-50.7500,6066.7500,11936.2500,11936.2500
2015-04-15,"MA_Crossover(36,44)",5962.7500,6076.2500,1.0000,1.0000,9.5000,9.5000,6076.2500,11945.7500,11945.7500
2015-04-16,"MA_Crossover(36,44)",6069.5000,6183.2500,1.0000,1.0000,107.0000,107.0000,6183.2500,12052.7500,12052.7500
2015-04-17,"MA_Crossover(36,44)",6071.0000,6187.7500,1.0000,1.0000,4.5000,4.5000,6187.7500,12057.2500,12057.2500
2015-04-20,"MA_Crossover(36,44)",5987.2500,6104.0000,1.0000,1.0000,-83.7500,-83.7500,6104.0000,11973.5000,11973.5000
2015-04-21,"MA_Crossover(36,44)",5942.0000,6058.7500,1.0000,1.0000,-45.2500,-45.2500,6058.7500,11928.2500,11928.2500
2015-04-22,"MA_Crossover(36,44)",5900.0000,6016.7500,1.0000,1.0000,-42.0000,-42.0000,6016.7500,11886.2500,11886.2500
2015-04-23,"MA_Crossover(36,44)",5936.0000,6052.7500,1.0000,1.0000,36.0000,36.0000,6052.7500,11922.2500,11922.2500
2015-04-24,"MA_Crossover(36,44)",6025.0000,6141.7500,1.0000,1.0000,89.0000,89.0000,6141.7500,12011.2500,12011.2500
2015-04-27,"MA_Crossover(36,44)",6065.5000,6182.2500,1.0000,1.0000,40.5000,40.5000,6182.2500,12051.7500,12051.7500
2015-04-28,"MA_Crossover(36,44)",6123.0000,6239.7500,1.0000,1.0000,57.5000,57.5000,6239.7500,12109.2500,12109.2500
2015-04-29,"MA_Crossover(36,44)",6152.5000,6269.2500,1.0000,1.0000,29.5000,29.5000,6269.2500,12138.7500,12138.7500
2015-04-30,"MA_Crossover(36,44)",6350.5000,6467.2500,1.0000,1.0000,198.0000,198.0000,6467.2500,12336.7500,12336.7500
2015-05-01,"MA_Crossover(36,44)",6407.5000,6524.2500,1.0000,1.0000,57.0000,57.0000,6524.2500,12393.7500,12393.7500
2015-05-05,"MA_Crossover(36,44)",6479.7500,6596.5000,1.0000,1.0000,72.2500,72.2500,6596.5000,12466.0000,12466.0000
2015-05-06,"MA_Crossover(36,44)",6390.2500,6507.0000,1.0000,1.0000,-89.5000,-89.5000,6507.0000,12376.5000,12376.5000
2015-05-07,"MA_Crossover(36,44)",6401.5000,6518.2500,1.0000,1.0000,11.2500,11.2500,6518.2500,12387.7500,12387.7500
2015-05-08,"MA_Crossover(36,44)",6388.5000,6505.2500,1.0000,1.0000,-13.0000,-13.0000,6505.2500,12374.7500,12374.7500
2015-05-11,"MA_Crossover(36,44)",6366.5000,6483.2500,1.0000,1.0000,-22.0000,-22.0000,6483.2500,12352.7500,12352.7500
2015-05-12,"MA_Crossover(36,44)",6446.0000,6562.7500,1.0000,1.0000,79.5000,79.5000,6562.7500,12432.2500,12432.2500
2015-05-13,"MA_Crossover(36,44)",6410.5000,6527.2500,1.0000,1.0000,-35.5000,-35.5000,6527.2500,12396.7500,12396.7500
2015-05-14,"MA_Crossover(36,44)",6406.0000,6522.7500,1.0000,1.0000,-4.5000,-4.5000,6522.7500,12392.2500,12392.2500
2015-05-15,"MA_Crossover(36,44)",6415.0000,6531.7500,1.0000,1.0000,9.0000,9.0000,6531.7500,12401.2500,12401.2500
2015-05-18,"MA_Crossover(36,44)",6369.0000,6485.7500,1.0000,1.0000,-46.0000,-46.0000,6485.7500,12355.2500,12355.2500
2015-05-19,"MA_Crossover(36,44)",6217.0000,6327.2500,1.0000,1.0000,-158.5000,-158.5000,6327.2500,12196.7500,12196.7500
2015-05-20,"MA_Crossover(36,44)",6220.5000,6329.2500,1.0000,1.0000,2.0000,2.0000,6329.2500,12198.7500,12198.7500
2015-05-21,"MA_Crossover(36,44)",6254.5000,6361.2500,1.0000,1.0000,32.0000,32.0000,6361.2500,12230.7500,12230.7500
2015-05-22,"MA_Crossover(36,44)",6161.5000,6270.2500,1.0000,1.0000,-91.0000,-91.0000,6270.2500,12139.7500,12139.7500
2015-05-26,"MA_Crossover(36,44)",6107.0000,6215.7500,1.0000,1.0000,-54.5000,-54.5000,6215.7500,12085.2500,12085.2500
2015-05-27,"MA_Crossover(36,44)",6082.5000,6191.2500,1.0000,1.0000,-24.5000,-24.5000,6191.2500,12060.7500,12060.7500
2015-05-28,"MA_Crossover(36,44)",6095.5000,6204.2500,1.0000,1.0000,13.0000,13.0000,6204.2500,12073.7500,12073.7500
2015-05-29,"MA_Crossover(36,44)",6010.2500,6119.0000,1.0000,1.0000,-85.2500,-85.2500,6119.0000,11988.5000,11988.5000
2015-06-01,"MA_Crossover(36,44)",6021.5000,6130.2500,1.0000,1.0000,11.2500,11.2500,6130.2500,11999.7500,11999.7500
2015-06-02,"MA_Crossover(36,44)",6035.5000,6144.2500,1.0000,1.0000,14.0000,14.0000,6144.2500,12013.7500,12013.7500
2015-06-03,"MA_Crossover(36,44)",6006.5000,6115.2500,1.0000,1.0000,-29.0000,-29.0000,6115.2500,11984.7500,11984.7500
2015-06-04,"MA_Crossover(36,44)",5910.7500,6019.5000,1.0000,1.0000,-95.7500,-95.7500,6019.5000,11889.0000,11889.0000
2015-06-05,"MA_Crossover(36,44)",5931.0000,6039.7500,1.0000,1.0000,20.2500,20.2500,6039.7500,11909.2500,11909.2500
2015-06-08,"MA_Crossover(36,44)",5941.7500,6050.5000,1.0000,1.0000,10.7500,10.7500,6050.5000,11920.0000,11920.0000
2015-06-09,"MA_Crossover(36,44)",5960.2500,6069.0000,1.0000,1.0000,18.5000,18.5000,6069.0000,11938.5000,11938.5000
2015-06-10,"MA_Crossover(36,44)",6026.5000,6135.2500,1.0000,1.0000,66.2500,66.2500,6135.2500,12004.7500,12004.7500
2015-06-11,"MA_Crossover(36,44)",5865.0000,5973.7500,1.0000,1.0000,-161.5000,-161.5000,5973.7500,11843.2500,11843.2500
2015-06-12,"MA_Crossover(36,44)",5893.0000,6001.7500,1.0000,1.0000,28.0000,28.0000,6001.7500,11871.2500,11871.2500
2015-06-15,"MA_Crossover(36,44)",5784.0000,5892.7500,1.0000,1.0000,-109.0000,-109.0000,5892.7500,11762.2500,11762.2500
2015-06-16,"MA_Crossover(36,44)",5737.5000,5838.2500,1.0000,1.0000,-54.5000,-54.5000,5838.2500,11707.7500,11707.7500
2015-06-17,"MA_Crossover(36,44)",5738.0000,5836.7500,1.0000,1.0000,-1.5000,-1.5000,5836.7500,11706.2500,11706.2500
2015-06-18,"MA_Crossover(36,44)",5746.7500,5846.7500,1.0000,1.0000,10.0000,10.0000,5846.7500,11716.2500,11716.2500
2015-06-19,"MA_Crossover(36,44)",5651.5000,5746.2500,1.0000,1.0000,-100.5000,-100.5000,5746.2500,11615.7500,11615.7500
2015-06-22,"MA_Crossover(36,44)",5645.7500,5740.5000,1.0000,1.0000,-5.7500,-5.7500,5740.5000,11610.0000,11610.0000
2015-06-23,"MA_Crossover(36,44)",5771.2500,5866.0000,1.0000,1.0000,125.5000,125.5000,5866.0000,11735.5000,11735.5000
2015-06-24,"MA_Crossover(36,44)",5729.7500,5824.5000,-1.0000,1.0000,-41.5000,-41.5000,5824.5000,11694.0000,11694.0000
2015-06-25,"MA_Crossover(36,44)",5759.5000,5854.2500,-1.0000,-1.0000,29.7500,-29.7500,-5854.2500,11664.2500,11664.2500
2015-06-26,"MA_Crossover(36,44)",5747.5000,5842.2500,-1.0000,-1.0000,-12.0000,12.0000,-5842.2500,11676.2500,11676.2500
2015-06-29,"MA_Crossover(36,44)",5785.0000,5879.7500,-1.0000,-1.0000,37.5000,-37.5000,-5879.7500,11638.7500,11638.7500
2015-06-30,"MA_Crossover(36,44)",5757.2500,5852.0000,-1.0000,-1.0000,-27.7500,27.7500,-5852.0000,11666.5000,11666.5000
2015-07-01,"MA_Crossover(36,44)",5767.2500,5862.0000,-1.0000,-1.0000,10.0000,-10.0000,-5862.0000,11656.5000,11656.5000
2015-07-02,"MA_Crossover(36,44)",5781.0000,5875.7500,-1.0000,-1.0000,13.7500,-13.7500,-5875.7500,11642.7500,11642.7500
2015-07-03,"MA_Crossover(36,44)",5747.5000,5842.2500,-1.0000,-1.0000,-33.5000,33.5000,-5842.2500,11676.2500,11676.2500
2015-07-06,"MA_Crossover(36,44)",5579.5000,5674.2500,-1.0000,-1.0000,-168.0000,168.0000,-5674.2500,11844.2500,11844.2500
2015-07-07,"MA_Crossover(36,44)",5332.0000,5426.7500,-1.0000,-1.0000,-247.5000,247.5000,-5426.7500,12091.7500,12091.7500
2015-07-08,"MA_Crossover(36,44)",5513.5000,5608.2500,-1.0000,-1.0000,181.5000,-181.5000,-5608.2500,11910.2500,11910.2500
2015-07-09,"MA_Crossover(36,44)",5617.5000,5712.2500,-1.0000,-1.0000,104.0000,-104.0000,-5712.2500,11806.2500,11806.2500
2015-07-10,"MA_Crossover(36,44)",5578.2500,5673.0000,-1.0000,-1.0000,-39.2500,39.2500,-5673.0000,11845.5000,11845.5000
2015-07-13,"MA_Crossover(36,44)",5573.5000,5668.2500,-1.0000,-1.0000,-4.7500,4.7500,-5668.2500,11850.2500,11850.2500
2015-07-14,"MA_Crossover(36,44)",5556.0000,5646.5000,-1.0000,-1.0000,-21.7500,21.7500,-5646.5000,11872.0000,11872.0000
2015-07-15,"MA_Crossover(36,44)",5521.5000,5612.0000,-1.0000,-1.0000,-34.5000,34.5000,-5612.0000,11906.5000,11906.5000
2015-07-16,"MA_Crossover(36,44)",5549.7500,5640.2500,-1.0000,-1.0000,28.2500,-28.2500,-5640.2500,11878.2500,11878.2500
2015-07-17,"MA_Crossover(36,44)",5470.0000,5554.0000,-1.0000,-1.0000,-86.2500,86.2500,-5554.0000,11964.5000,11964.5000
2015-07-20,"MA_Crossover(36,44)",5468.7500,5552.7500,-1.0000,-1.0000,-1.2500,1.2500,-5552.7500,11965.7500,11965.7500
2015-07-21,"MA_Crossover(36,44)",5442.5000,5526.5000,-1.0000,-1.0000,-26.2500,26.2500,-5526.5000,11992.0000,11992.0000
2015-07-22,"MA_Crossover(36,44)",5350.0000,5434.0000,-1.0000,-1.0000,-92.5000,92.5000,-5434.0000,12084.5000,12084.5000
2015-07-23,"MA_Crossover(36,44)",5261.5000,5345.5000,-1.0000,-1.0000,-88.5000,88.5000,-5345.5000,12173.0000,12173.0000
2015-07-24,"MA_Crossover(36,44)",5253.0000,5337.0000,-1.0000,-1.0000,-8.5000,8.5000,-5337.0000,12181.5000,12181.5000
2015-07-27,"MA_Crossover(36,44)",5177.0000,5261.0000,-1.0000,-1.0000,-76.0000,76.0000,-5261.0000,12257.5000,12257.5000
2015-07-28,"MA_Crossover(36,44)",5289.0000,5373.0000,-1.0000,-1.0000,112.0000,-112.0000,-5373.0000,12145.5000,12145.5000
2015-07-29,"MA_Crossover(36,44)",5319.0000,5403.0000,-1.0000,-1.0000,30.0000,-30.0000,-5403.0000,12115.5000,12115.5000
2015-07-30,"MA_Crossover(36,44)",5253.5000,5337.5000,-1.0000,-1.0000,-65.5000,65.5000,-5337.5000,12181.0000,12181.0000
2015-07-31,"MA_Crossover(36,44)",5221.0000,5305.0000,-1.0000,-1.0000,-32.5000,32.5000,-5305.0000,12213.5000,12213.5000
2015-08-03,"MA_Crossover(36,44)",5211.0000,5295.0000,-1.0000,-1.0000,-10.0000,10.0000,-5295.0000,12223.5000,12223.5000
2015-08-04,"MA_Crossover(36,44)",5230.2500,5314.2500,-1.0000,-1.0000,19.2500,-19.2500,-5314.2500,12204.2500,12204.2500
2015-08-05,"MA_Crossover(36,44)",5172.0000,5256.0000,-1.0000,-1.0000,-58.2500,58.2500,-5256.0000,12262.5000,12262.5000
2015-08-06,"MA_Crossover(36,44)",5178.0000,5262.0000,-1.0000,-1.0000,6.0000,-6.0000,-5262.0000,12256.5000,12256.5000
2015-08-07,"MA_Crossover(36,44)",5166.0000,5250.0000,-1.0000,-1.0000,-12.0000,12.0000,-5250.0000,12268.5000,12268.5000
2015-08-10,"MA_Crossover(36,44)",5298.2500,5382.2500,-1.0000,-1.0000,132.2500,-132.2500,-5382.2500,12136.2500,12136.2500
2015-08-11,"MA_Crossover(36,44)",5111.7500,5195.7500,-1.0000,-1.0000,-186.5000,186.5000,-5195.7500,12322.7500,12322.7500
2015-08-12,"MA_Crossover(36,44)",5177.7500,5261.7500,-1.0000,-1.0000,66.0000,-66.0000,-5261.7500,12256.7500,12256.7500
2015-08-13,"MA_Crossover(36,44)",5178.0000,5262.0000,-1.0000,-1.0000,0.2500,-0.2500,-5262.0000,12256.5000,12256.5000
2015-08-14,"MA_Crossover(36,44)",5157.7500,5241.7500,-1.0000,-1.0000,-20.2500,20.2500,-5241.7500,12276.7500,12276.7500
2015-08-17,"MA_Crossover(36,44)",5107.2500,5191.2500,-1.0000,-1.0000,-50.5000,50.5000,-5191.2500,12327.2500,12327.2500
2015-08-18,"MA_Crossover(36,44)",5037.0000,5116.5000,-1.0000,-1.0000,-74.7500,74.7500,-5116.5000,12402.0000,12402.0000
2015-08-19,"MA_Crossover(36,44)",4998.5000,5077.5000,-1.0000,-1.0000,-39.0000,39.0000,-5077.5000,12441.0000,12441.0000
2015-08-20,"MA_Crossover(36,44)",5125.5000,5203.5000,-1.0000,-1.0000,126.0000,-126.0000,-5203.5000,12315.0000,12315.0000
2015-08-21,"MA_Crossover(36,44)",5063.2500,5142.7500,-1.0000,-1.0000,-60.7500,60.7500,-5142.7500,12375.7500,12375.7500
2015-08-24,"MA_Crossover(36,44)",4965.5000,5045.0000,-1.0000,-1.0000,-97.7500,97.7500,-5045.0000,12473.5000,12473.5000
2015-08-25,"MA_Crossover(36,44)",5092.0000,5171.5000,-1.0000,-1.0000,126.5000,-126.5000,-5171.5000,12347.0000,12347.0000
2015-08-26,"MA_Crossover(36,44)",4961.0000,5040.5000,-1.0000,-1.0000,-131.0000,131.0000,-5040.5000,12478.0000,12478.0000
2015-08-27,"MA_Crossover(36,44)",5168.0000,5247.5000,-1.0000,-1.0000,207.0000,-207.0000,-5247.5000,12271.0000,12271.0000
2015-08-28,"MA_Crossover(36,44)",5147.0000,5226.5000,-1.0000,-1.0000,-21.0000,21.0000,-5226.5000,12292.0000,12292.0000
2015-09-01,"MA_Crossover(36,44)",5084.7500,5164.2500,-1.0000,-1.0000,-62.2500,62.2500,-5164.2500,12354.2500,12354.2500
2015-09-02,"MA_Crossover(36,44)",5139.0000,5218.5000,-1.0000,-1.0000,54.2500,-54.2500,-5218.5000,12300.0000,12300.0000
2015-09-03,"MA_Crossover(36,44)",5265.5000,5345.0000,-1.0000,-1.0000,126.5000,-126.5000,-5345.0000,12173.5000,12173.5000
2015-09-04,"MA_Crossover(36,44)",5134.2500,5213.7500,-1.0000,-1.0000,-131.2500,131.2500,-5213.7500,12304.7500,12304.7500
2015-09-07,"MA_Crossover(36,44)",5166.0000,5245.5000,-1.0000,-1.0000,31.7500,-31.7500,-5245.5000,12273.0000,12273.0000
2015-09-08,"MA_Crossover(36,44)",5365.5000,5445.0000,-1.0000,-1.0000,199.5000,-199.5000,-5445.0000,12073.5000,12073.5000
2015-09-09,"MA_Crossover(36,44)",5381.7500,5461.2500,-1.0000,-1.0000,16.2500,-16.2500,-5461.2500,12057.2500,12057.2500
2015-09-10,"MA_Crossover(36,44)",5417.0000,5496.5000,-1.0000,-1.0000,35.2500,-35.2500,-5496.5000,12022.0000,12022.0000
2015-09-11,"MA_Crossover(36,44)",5390.5000,5470.0000,-1.0000,-1.0000,-26.5000,26.5000,-5470.0000,12048.5000,12048.5000
2015-09-14,"MA_Crossover(36,44)",5330.5000,5410.0000,-1.0000,-1.0000,-60.0000,60.0000,-5410.0000,12108.5000,12108.5000
2015-09-15,"MA_Crossover(36,44)",5357.2500,5442.5000,-1.0000,-1.0000,32.5000,-32.5000,-5442.5000,12076.0000,12076.0000
2015-09-16,"MA_Crossover(36,44)",5389.0000,5474.5000,-1.0000,-1.0000,32.0000,-32.0000,-5474.5000,12044.0000,12044.0000
2015-09-17,"MA_Crossover(36,44)",5405.0000,5489.0000,-1.0000,-1.0000,14.5000,-14.5000,-5489.0000,12029.5000,12029.5000
2015-09-18,"MA_Crossover(36,44)",5271.0000,5361.5000,-1.0000,-1.0000,-127.5000,127.5000,-5361.5000,12157.0000,12157.0000
2015-09-21,"MA_Crossover(36,44)",5283.0000,5373.5000,-1.0000,-1.0000,12.0000,-12.0000,-5373.5000,12145.0000,12145.0000
2015-09-22,"MA_Crossover(36,44)",5093.2500,5183.7500,-1.0000,-1.0000,-189.7500,189.7500,-5183.7500,12334.7500,12334.7500
2015-09-23,"MA_Crossover(36,44)",5072.0000,5162.5000,-1.0000,-1.0000,-21.2500,21.2500,-5162.5000,12356.0000,12356.0000
2015-09-24,"MA_Crossover(36,44)",5066.0000,5156.5000,-1.0000,-1.0000,-6.0000,6.0000,-5156.5000,12362.0000,12362.0000
2015-09-25,"MA_Crossover(36,44)",5040.5000,5131.0000,-1.0000,-1.0000,-25.5000,25.5000,-5131.0000,12387.5000,12387.5000
2015-09-28,"MA_Crossover(36,44)",4982.0000,5072.5000,-1.0000,-1.0000,-58.5000,58.5000,-5072.5000,12446.0000,12446.0000
2015-09-29,"MA_Crossover(36,44)",4988.2500,5078.7500,-1.0000,-1.0000,6.2500,-6.2500,-5078.7500,12439.7500,12439.7500
2015-09-30,"MA_Crossover(36,44)",5179.0000,5269.5000,-1.0000,-1.0000,190.7500,-190.7500,-5269.5000,12249.0000,12249.0000
2015-10-01,"MA_Crossover(36,44)",5111.5000,5202.0000,-1.0000,-1.0000,-67.5000,67.5000,-5202.0000,12316.5000,12316.5000
2015-10-02,"MA_Crossover(36,44)",5114.2500,5204.7500,-1.0000,-1.0000,2.7500,-2.7500,-5204.7500,12313.7500,12313.7500
2015-10-05,"MA_Crossover(36,44)",5191.5000,5282.0000,-1.0000,-1.0000,77.2500,-77.2500,-5282.0000,12236.5000,12236.5000
2015-10-06,"MA_Crossover(36,44)",5198.0000,5288.5000,-1.0000,-1.0000,6.5000,-6.5000,-5288.5000,12230.0000,12230.0000
2015-10-07,"MA_Crossover(36,44)",5200.5000,5291.0000,-1.0000,-1.0000,2.5000,-2.5000,-5291.0000,12227.5000,12227.5000
2015-10-08,"MA_Crossover(36,44)",5150.5000,5241.0000,1.0000,-1.0000,-50.0000,50.0000,-5241.0000,12277.5000,12277.5000
2015-10-09,"MA_Crossover(36,44)",5313.2500,5403.7500,1.0000,1.0000,162.7500,162.7500,5403.7500,12440.2500,12440.2500
2015-10-12,"MA_Crossover(36,44)",5331.7500,5422.2500,1.0000,1.0000,18.5000,18.5000,5422.2500,12458.7500,12458.7500
2015-10-13,"MA_Crossover(36,44)",5290.2500,5380.7500,1.0000,1.0000,-41.5000,-41.5000,5380.7500,12417.2500,12417.2500
2015-10-14,"MA_Crossover(36,44)",5319.5000,5410.0000,1.0000,1.0000,29.2500,29.2500,5410.0000,12446.5000,12446.5000
2015-10-15,"MA_Crossover(36,44)",5325.5000,5416.0000,1.0000,1.0000,6.0000,6.0000,5416.0000,12452.5000,12452.5000
2015-10-16,"MA_Crossover(36,44)",5304.2500,5394.7500,1.0000,1.0000,-21.2500,-21.2500,5394.7500,12431.2500,12431.2500
2015-10-19,"MA_Crossover(36,44)",5208.5000,5299.0000,1.0000,1.0000,-95.7500,-95.7500,5299.0000,12335.5000,12335.5000
2015-10-20,"MA_Crossover(36,44)",5209.2500,5291.0000,1.0000,1.0000,-8.0000,-8.0000,5291.0000,12327.5000,12327.5000
2015-10-21,"MA_Crossover(36,44)",5186.7500,5267.2500,1.0000,1.0000,-23.7500,-23.7500,5267.2500,12303.7500,12303.7500
2015-10-22,"MA_Crossover(36,44)",5246.5000,5326.5000,1.0000,1.0000,59.2500,59.2500,5326.5000,12363.0000,12363.0000
2015-10-23,"MA_Crossover(36,44)",5188.2500,5273.2500,1.0000,1.0000,-53.2500,-53.2500,5273.2500,12309.7500,12309.7500
2015-10-26,"MA_Crossover(36,44)",5207.5000,5292.5000,1.0000,1.0000,19.2500,19.2500,5292.5000,12329.0000,12329.0000
2015-10-27,"MA_Crossover(36,44)",5236.0000,5321.0000,1.0000,1.0000,28.5000,28.5000,5321.0000,12357.5000,12357.5000
2015-10-28,"MA_Crossover(36,44)",5218.7500,5303.7500,1.0000,1.0000,-17.2500,-17.2500,5303.7500,12340.2500,12340.2500
2015-10-29,"MA_Crossover(36,44)",5147.0000,5232.0000,1.0000,1.0000,-71.7500,-71.7500,5232.0000,12268.5000,12268.5000
2015-10-30,"MA_Crossover(36,44)",5131.0000,5216.0000,-1.0000,1.0000,-16.0000,-16.0000,5216.0000,12252.5000,12252.5000
2015-11-02,"MA_Crossover(36,44)",5142.7500,5227.7500,-1.0000,-1.0000,11.7500,-11.7500,-5227.7500,12240.7500,12240.7500
2015-11-03,"MA_Crossover(36,44)",5144.5000,5229.5000,-1.0000,-1.0000,1.7500,-1.7500,-5229.5000,12239.0000,12239.0000
2015-11-04,"MA_Crossover(36,44)",5149.7500,5234.7500,-1.0000,-1.0000,5.2500,-5.2500,-5234.7500,12233.7500,12233.7500
2015-11-05,"MA_Crossover(36,44)",5024.5000,5109.5000,-1.0000,-1.0000,-125.2500,125.2500,-5109.5000,12359.0000,12359.0000
2015-11-06,"MA_Crossover(36,44)",4997.0000,5082.0000,-1.0000,-1.0000,-27.5000,27.5000,-5082.0000,12386.5000,12386.5000
2015-11-09,"MA_Crossover(36,44)",4975.2500,5060.2500,-1.0000,-1.0000,-21.7500,21.7500,-5060.2500,12408.2500,12408.2500
2015-11-10,"MA_Crossover(36,44)",4940.5000,5025.5000,-1.0000,-1.0000,-34.7500,34.7500,-5025.5000,12443.0000,12443.0000
2015-11-11,"MA_Crossover(36,44)",4957.5000,5042.5000,-1.0000,-1.0000,17.0000,-17.0000,-5042.5000,12426.0000,12426.0000
2015-11-12,"MA_Crossover(36,44)",4836.5000,4921.5000,-1.0000,-1.0000,-121.0000,121.0000,-4921.5000,12547.0000,12547.0000
2015-11-13,"MA_Crossover(36,44)",4828.7500,4913.7500,-1.0000,-1.0000,-7.7500,7.7500,-4913.7500,12554.7500,12554.7500
2015-11-16,"MA_Crossover(36,44)",4694.0000,4779.0000,-1.0000,-1.0000,-134.7500,134.7500,-4779.0000,12689.5000,12689.5000
2015-11-17,"MA_Crossover(36,44)",4697.0000,4771.0000,-1.0000,-1.0000,-8.0000,8.0000,-4771.0000,12697.5000,12697.5000
2015-11-18,"MA_Crossover(36,44)",4626.2500,4699.7500,1.0000,-1.0000,-71.2500,71.2500,-4699.7500,12768.7500,12768.7500
2015-11-19,"MA_Crossover(36,44)",4646.5000,4720.0000,1.0000,1.0000,20.2500,20.2500,4720.0000,12789.0000,12789.0000
2015-11-20,"MA_Crossover(36,44)",4597.0000,4678.0000,1.0000,1.0000,-42.0000,-42.0000,4678.0000,12747.0000,12747.0000
2015-11-23,"MA_Crossover(36,44)",4508.5000,4589.5000,-1.0000,1.0000,-88.5000,-88.5000,4589.5000,12658.5000,12658.5000
2015-11-24,"MA_Crossover(36,44)",4624.5000,4705.5000,-1.0000,-1.0000,116.0000,-116.0000,-4705.5000,12542.5000,12542.5000
2015-11-25,"MA_Crossover(36,44)",4563.7500,4644.7500,-1.0000,-1.0000,-60.7500,60.7500,-4644.7500,12603.2500,12603.2500
2015-11-26,"MA_Crossover(36,44)",4654.0000,4735.0000,-1.0000,-1.0000,90.2500,-90.2500,-4735.0000,12513.0000,12513.0000
2015-11-27,"MA_Crossover(36,44)",4592.0000,4673.0000,-1.0000,-1.0000,-62.0000,62.0000,-4673.0000,12575.0000,12575.0000
2015-11-30,"MA_Crossover(36,44)",4602.2500,4683.2500,-1.0000,-1.0000,10.2500,-10.2500,-4683.2500,12564.7500,12564.7500
2015-12-01,"MA_Crossover(36,44)",4645.7500,4726.7500,-1.0000,-1.0000,43.5000,-43.5000,-4726.7500,12521.2500,12521.2500
2015-12-02,"MA_Crossover(36,44)",4571.5000,4652.5000,-1.0000,-1.0000,-74.2500,74.2500,-4652.5000,12595.5000,12595.5000
2015-12-03,"MA_Crossover(36,44)",4562.5000,4643.5000,-1.0000,-1.0000,-9.0000,9.0000,-4643.5000,12604.5000,12604.5000
2015-12-04,"MA_Crossover(36,44)",4611.5000,4692.5000,-1.0000,-1.0000,49.0000,-49.0000,-4692.5000,12555.5000,12555.5000
2015-12-07,"MA_Crossover(36,44)",4556.7500,4637.7500,-1.0000,-1.0000,-54.7500,54.7500,-4637.7500,12610.2500,12610.2500
2015-12-08,"MA_Crossover(36,44)",4591.7500,4672.7500,-1.0000,-1.0000,35.0000,-35.0000,-4672.7500,12575.2500,12575.2500
2015-12-09,"MA_Crossover(36,44)",4584.5000,4665.5000,-1.0000,-1.0000,-7.2500,7.2500,-4665.5000,12582.5000,12582.5000
2015-12-10,"MA_Crossover(36,44)",4590.0000,4671.0000,-1.0000,-1.0000,5.5000,-5.5000,-4671.0000,12577.0000,12577.0000
2015-12-11,"MA_Crossover(36,44)",4701.0000,4782.0000,-1.0000,-1.0000,111.0000,-111.0000,-4782.0000,12466.0000,12466.0000
2015-12-14,"MA_Crossover(36,44)",4663.5000,4744.5000,-1.0000,-1.0000,-37.5000,37.5000,-4744.5000,12503.5000,12503.5000
2015-12-15,"MA_Crossover(36,44)",4564.5000,4640.0000,-1.0000,-1.0000,-104.5000,104.5000,-4640.0000,12608.0000,12608.0000
2015-12-16,"MA_Crossover(36,44)",4612.0000,4686.0000,-1.0000,-1.0000,46.0000,-46.0000,-4686.0000,12562.0000,12562.0000
2015-12-17,"MA_Crossover(36,44)",4550.5000,4624.5000,-1.0000,-1.0000,-61.5000,61.5000,-4624.5000,12623.5000,12623.5000
2015-12-18,"MA_Crossover(36,44)",4690.0000,4763.5000,-1.0000,-1.0000,139.0000,-139.0000,-4763.5000,12484.5000,12484.5000
2015-12-21,"MA_Crossover(36,44)",4741.0000,4814.5000,-1.0000,-1.0000,51.0000,-51.0000,-4814.5000,12433.5000,12433.5000
2015-12-22,"MA_Crossover(36,44)",4665.0000,4738.5000,-1.0000,-1.0000,-76.0000,76.0000,-4738.5000,12509.5000,12509.5000
2015-12-23,"MA_Crossover(36,44)",4722.5000,4796.0000,-1.0000,-1.0000,57.5000,-57.5000,-4796.0000,12452.0000,12452.0000
2015-12-24,"MA_Crossover(36,44)",4697.0000,4770.5000,-1.0000,-1.0000,-25.5000,25.5000,-4770.5000,12477.5000,12477.5000
2015-12-29,"MA_Crossover(36,44)",4735.2500,4808.7500,-1.0000,-1.0000,38.2500,-38.2500,-4808.7500,12439.2500,12439.2500
2015-12-30,"MA_Crossover(36,44)",4742.7500,4816.2500,-1.0000,-1.0000,7.5000,-7.5000,-4816.2500,12431.7500,12431.7500
2015-12-31,"MA_Crossover(36,44)",4712.5000,4786.0000,-1.0000,-1.0000,-30.2500,30.2500,-4786.0000,12462.0000,12462.0000
2016-01-04,"MA_Crossover(36,44)",4617.2500,4690.7500,-1.0000,-1.0000,-95.2500,95.2500,-4690.7500,12557.2500,12557.2500
2016-01-05,"MA_Crossover(36,44)",4647.7500,4721.2500,-1.0000,-1.0000,30.5000,-30.5000,-4721.2500,12526.7500,12526.7500
2016-01-06,"MA_Crossover(36,44)",4622.5000,4696.0000,-1.0000,-1.0000,-25.2500,25.2500,-4696.0000,12552.0000,12552.0000
2016-01-07,"MA_Crossover(36,44)",4526.5000,4600.0000,-1.0000,-1.0000,-96.0000,96.0000,-4600.0000,12648.0000,12648.0000
2016-01-08,"MA_Crossover(36,44)",4485.5000,4559.0000,-1.0000,-1.0000,-41.0000,41.0000,-4559.0000,12689.0000,12689.0000
2016-01-11,"MA_Crossover(36,44)",4381.2500,4454.7500,-1.0000,-1.0000,-104.2500,104.2500,-4454.7500,12793.2500,12793.2500
2016-01-12,"MA_Crossover(36,44)",4344.5000,4418.0000,-1.0000,-1.0000,-36.7500,36.7500,-4418.0000,12830.0000,12830.0000
2016-01-13,"MA_Crossover(36,44)",4388.2500,4461.7500,-1.0000,-1.0000,43.7500,-43.7500,-4461.7500,12786.2500,12786.2500
2016-01-14,"MA_Crossover(36,44)",4418.5000,4492.0000,-1.0000,-1.0000,30.2500,-30.2500,-4492.0000,12756.0000,12756.0000
2016-01-15,"MA_Crossover(36,44)",4327.5000,4401.0000,-1.0000,-1.0000,-91.0000,91.0000,-4401.0000,12847.0000,12847.0000
2016-01-18,"MA_Crossover(36,44)",4378.0000,4451.5000,-1.0000,-1.0000,50.5000,-50.5000,-4451.5000,12796.5000,12796.5000
2016-01-19,"MA_Crossover(36,44)",4409.7500,4483.2500,-1.0000,-1.0000,31.7500,-31.7500,-4483.2500,12764.7500,12764.7500
2016-01-20,"MA_Crossover(36,44)",4360.5000,4434.2500,-1.0000,-1.0000,-49.0000,49.0000,-4434.2500,12813.7500,12813.7500
2016-01-21,"MA_Crossover(36,44)",4436.0000,4508.2500,-1.0000,-1.0000,74.0000,-74.0000,-4508.2500,12739.7500,12739.7500
2016-01-22,"MA_Crossover(36,44)",4452.0000,4526.7500,-1.0000,-1.0000,18.5000,-18.5000,-4526.7500,12721.2500,12721.2500
2016-01-25,"MA_Crossover(36,44)",4422.2500,4497.0000,-1.0000,-1.0000,-29.7500,29.7500,-4497.0000,12751.0000,12751.0000
2016-01-26,"MA_Crossover(36,44)",4546.7500,4621.5000,-1.0000,-1.0000,124.5000,-124.5000,-4621.5000,12626.5000,12626.5000
2016-01-27,"MA_Crossover(36,44)",4597.7500,4672.5000,-1.0000,-1.0000,51.0000,-51.0000,-4672.5000,12575.5000,12575.5000
2016-01-28,"MA_Crossover(36,44)",4537.7500,4612.5000,-1.0000,-1.0000,-60.0000,60.0000,-4612.5000,12635.5000,12635.5000
2016-01-29,"MA_Crossover(36,44)",4569.0000,4643.7500,-1.0000,-1.0000,31.2500,-31.2500,-4643.7500,12604.2500,12604.2500
2016-02-01,"MA_Crossover(36,44)",4569.0000,4643.7500,-1.0000,-1.0000,0.0000,-0.0000,-4643.7500,12604.2500,12604.2500
2016-02-02,"MA_Crossover(36,44)",4556.5000,4631.2500,-1.0000,-1.0000,-12.5000,12.5000,-4631.2500,12616.7500,12616.7500
2016-02-03,"MA_Crossover(36,44)",4641.0000,4715.7500,-1.0000,-1.0000,84.5000,-84.5000,-4715.7500,12532.2500,12532.2500
2016-02-04,"MA_Crossover(36,44)",4693.7500,4768.5000,-1.0000,-1.0000,52.7500,-52.7500,-4768.5000,12479.5000,12479.5000
2016-02-05,"MA_Crossover(36,44)",4635.2500,4710.0000,-1.0000,-1.0000,-58.5000,58.5000,-4710.0000,12538.0000,12538.0000
2016-02-08,"MA_Crossover(36,44)",4615.7500,4690.5000,-1.0000,-1.0000,-19.5000,19.5000,-4690.5000,12557.5000,12557.5000
2016-02-09,"MA_Crossover(36,44)",4516.2500,4591.0000,-1.0000,-1.0000,-99.5000,99.5000,-4591.0000,12657.0000,12657.0000
2016-02-10,"MA_Crossover(36,44)",4452.0000,4526.7500,-1.0000,-1.0000,-64.2500,64.2500,-4526.7500,12721.2500,12721.2500
2016-02-11,"MA_Crossover(36,44)",4454.5000,4529.2500,-1.0000,-1.0000,2.5000,-2.5000,-4529.2500,12718.7500,12718.7500
2016-02-12,"MA_Crossover(36,44)",4507.0000,4581.7500,-1.0000,-1.0000,52.5000,-52.5000,-4581.7500,12666.2500,12666.2500
2016-02-15,"MA_Crossover(36,44)",4572.5000,4647.2500,-1.0000,-1.0000,65.5000,-65.5000,-4647.2500,12600.7500,12600.7500
2016-02-16,"MA_Crossover(36,44)",4562.0000,4638.7500,-1.0000,-1.0000,-8.5000,8.5000,-4638.7500,12609.2500,12609.2500
2016-02-17,"MA_Crossover(36,44)",4593.5000,4670.7500,-1.0000,-1.0000,32.0000,-32.0000,-4670.7500,12577.2500,12577.2500
2016-02-18,"MA_Crossover(36,44)",4580.7500,4657.5000,-1.0000,-1.0000,-13.2500,13.2500,-4657.5000,12590.5000,12590.5000
2016-02-19,"MA_Crossover(36,44)",4627.7500,4707.5000,-1.0000,-1.0000,50.0000,-50.0000,-4707.5000,12540.5000,12540.5000
2016-02-22,"MA_Crossover(36,44)",4702.0000,4781.7500,-1.0000,-1.0000,74.2500,-74.2500,-4781.7500,12466.2500,12466.2500
2016-02-23,"MA_Crossover(36,44)",4651.7500,4731.5000,-1.0000,-1.0000,-50.2500,50.2500,-4731.5000,12516.5000,12516.5000
2016-02-24,"MA_Crossover(36,44)",4650.5000,4730.2500,-1.0000,-1.0000,-1.2500,1.2500,-4730.2500,12517.7500,12517.7500
2016-02-25,"MA_Crossover(36,44)",4610.7500,4690.5000,-1.0000,-1.0000,-39.7500,39.7500,-4690.5000,12557.5000,12557.5000
2016-02-26,"MA_Crossover(36,44)",4716.2500,4796.0000,-1.0000,-1.0000,105.5000,-105.5000,-4796.0000,12452.0000,12452.0000
2016-02-29,"MA_Crossover(36,44)",4705.5000,4785.2500,-1.0000,-1.0000,-10.7500,10.7500,-4785.2500,12462.7500,12462.7500
2016-03-01,"MA_Crossover(36,44)",4727.0000,4806.7500,-1.0000,-1.0000,21.5000,-21.5000,-4806.7500,12441.2500,12441.2500
2016-03-02,"MA_Crossover(36,44)",4798.5000,4878.2500,1.0000,-1.0000,71.5000,-71.5000,-4878.2500,12369.7500,12369.7500
2016-03-03,"MA_Crossover(36,44)",4864.0000,4943.7500,1.0000,1.0000,65.5000,65.5000,4943.7500,12435.2500,12435.2500
2016-03-04,"MA_Crossover(36,44)",5036.7500,5116.5000,1.0000,1.0000,172.7500,172.7500,5116.5000,12608.0000,12608.0000
2016-03-07,"MA_Crossover(36,44)",5006.7500,5086.5000,1.0000,1.0000,-30.0000,-30.0000,5086.5000,12578.0000,12578.0000
2016-03-08,"MA_Crossover(36,44)",4876.2500,4956.0000,1.0000,1.0000,-130.5000,-130.5000,4956.0000,12447.5000,12447.5000
2016-03-09,"MA_Crossover(36,44)",4944.0000,5023.7500,1.0000,1.0000,67.7500,67.7500,5023.7500,12515.2500,12515.2500
2016-03-10,"MA_Crossover(36,44)",4900.5000,4980.2500,1.0000,1.0000,-43.5000,-43.5000,4980.2500,12471.7500,12471.7500
2016-03-11,"MA_Crossover(36,44)",4986.0000,5065.7500,1.0000,1.0000,85.5000,85.5000,5065.7500,12557.2500,12557.2500
2016-03-14,"MA_Crossover(36,44)",4971.5000,5051.2500,1.0000,1.0000,-14.5000,-14.5000,5051.2500,12542.7500,12542.7500
2016-03-15,"MA_Crossover(36,44)",4960.5000,5049.2500,1.0000,1.0000,-2.0000,-2.0000,5049.2500,12540.7500,12540.7500
2016-03-16,"MA_Crossover(36,44)",4948.0000,5036.7500,1.0000,1.0000,-12.5000,-12.5000,5036.7500,12528.2500,12528.2500
2016-03-17,"MA_Crossover(36,44)",5086.0000,5172.7500,1.0000,1.0000,136.0000,136.0000,5172.7500,12664.2500,12664.2500
2016-03-18,"MA_Crossover(36,44)",5059.5000,5154.2500,1.0000,1.0000,-18.5000,-18.5000,5154.2500,12645.7500,12645.7500
2016-03-21,"MA_Crossover(36,44)",5079.0000,5173.7500,1.0000,1.0000,19.5000,19.5000,5173.7500,12665.2500,12665.2500
2016-03-22,"MA_Crossover(36,44)",5081.5000,5176.2500,1.0000,1.0000,2.5000,2.5000,5176.2500,12667.7500,12667.7500
2016-03-23,"MA_Crossover(36,44)",4966.5000,5061.2500,1.0000,1.0000,-115.0000,-115.0000,5061.2500,12552.7500,12552.7500
2016-03-24,"MA_Crossover(36,44)",4970.0000,5064.7500,1.0000,1.0000,3.5000,3.5000,5064.7500,12556.2500,12556.2500
2016-03-29,"MA_Crossover(36,44)",4912.5000,5007.2500,1.0000,1.0000,-57.5000,-57.5000,5007.2500,12498.7500,12498.7500
2016-03-30,"MA_Crossover(36,44)",4898.0000,4992.7500,1.0000,1.0000,-14.5000,-14.5000,4992.7500,12484.2500,12484.2500
2016-03-31,"MA_Crossover(36,44)",4872.5000,4967.2500,1.0000,1.0000,-25.5000,-25.5000,4967.2500,12458.7500,12458.7500
2016-04-01,"MA_Crossover(36,44)",4855.2500,4950.0000,1.0000,1.0000,-17.2500,-17.2500,4950.0000,12441.5000,12441.5000
2016-04-04,"MA_Crossover(36,44)",4777.2500,4872.0000,1.0000,1.0000,-78.0000,-78.0000,4872.0000,12363.5000,12363.5000
2016-04-05,"MA_Crossover(36,44)",4791.7500,4886.5000,1.0000,1.0000,14.5000,14.5000,4886.5000,12378.0000,12378.0000
2016-04-06,"MA_Crossover(36,44)",4804.5000,4899.2500,1.0000,1.0000,12.7500,12.7500,4899.2500,12390.7500,12390.7500
2016-04-07,"MA_Crossover(36,44)",4665.5000,4760.2500,1.0000,1.0000,-139.0000,-139.0000,4760.2500,12251.7500,12251.7500
2016-04-08,"MA_Crossover(36,44)",4664.7500,4759.5000,1.0000,1.0000,-0.7500,-0.7500,4759.5000,12251.0000,12251.0000
2016-04-11,"MA_Crossover(36,44)",4679.5000,4774.2500,1.0000,1.0000,14.7500,14.7500,4774.2500,12265.7500,12265.7500
2016-04-12,"MA_Crossover(36,44)",4788.5000,4883.2500,1.0000,1.0000,109.0000,109.0000,4883.2500,12374.7500,12374.7500
2016-04-13,"MA_Crossover(36,44)",4849.0000,4943.7500,1.0000,1.0000,60.5000,60.5000,4943.7500,12435.2500,12435.2500
2016-04-14,"MA_Crossover(36,44)",4848.7500,4943.5000,1.0000,1.0000,-0.2500,-0.2500,4943.5000,12435.0000,12435.0000
2016-04-15,"MA_Crossover(36,44)",4828.5000,4923.2500,1.0000,1.0000,-20.2500,-20.2500,4923.2500,12414.7500,12414.7500
2016-04-18,"MA_Crossover(36,44)",4850.0000,4944.7500,1.0000,1.0000,21.5000,21.5000,4944.7500,12436.2500,12436.2500
2016-04-19,"MA_Crossover(36,44)",4945.2500,5047.7500,1.0000,1.0000,103.0000,103.0000,5047.7500,12539.2500,12539.2500
2016-04-20,"MA_Crossover(36,44)",4990.5000,5092.7500,1.0000,1.0000,45.0000,45.0000,5092.7500,12584.2500,12584.2500
2016-04-21,"MA_Crossover(36,44)",5009.7500,5110.7500,1.0000,1.0000,18.0000,18.0000,5110.7500,12602.2500,12602.2500
2016-04-22,"MA_Crossover(36,44)",5045.2500,5153.0000,1.0000,1.0000,42.2500,42.2500,5153.0000,12644.5000,12644.5000
2016-04-25,"MA_Crossover(36,44)",5008.2500,5116.0000,1.0000,1.0000,-37.0000,-37.0000,5116.0000,12607.5000,12607.5000
2016-04-26,"MA_Crossover(36,44)",4974.0000,5081.7500,1.0000,1.0000,-34.2500,-34.2500,5081.7500,12573.2500,12573.2500
2016-04-27,"MA_Crossover(36,44)",4915.5000,5023.2500,1.0000,1.0000,-58.5000,-58.5000,5023.2500,12514.7500,12514.7500
2016-04-28,"MA_Crossover(36,44)",4957.2500,5065.0000,1.0000,1.0000,41.7500,41.7500,5065.0000,12556.5000,12556.5000
2016-04-29,"MA_Crossover(36,44)",5064.0000,5171.7500,1.0000,1.0000,106.7500,106.7500,5171.7500,12663.2500,12663.2500
2016-05-03,"MA_Crossover(36,44)",4929.2500,5037.0000,1.0000,1.0000,-134.7500,-134.7500,5037.0000,12528.5000,12528.5000
2016-05-04,"MA_Crossover(36,44)",4877.5000,4985.2500,1.0000,1.0000,-51.7500,-51.7500,4985.2500,12476.7500,12476.7500
2016-05-05,"MA_Crossover(36,44)",4799.2500,4907.0000,-1.0000,1.0000,-78.2500,-78.2500,4907.0000,12398.5000,12398.5000
2016-05-06,"MA_Crossover(36,44)",4823.0000,4930.7500,-1.0000,-1.0000,23.7500,-23.7500,-4930.7500,12374.7500,12374.7500
2016-05-09,"MA_Crossover(36,44)",4697.5000,4805.2500,-1.0000,-1.0000,-125.5000,125.5000,-4805.2500,12500.2500,12500.2500
2016-05-10,"MA_Crossover(36,44)",4691.2500,4799.0000,-1.0000,-1.0000,-6.2500,6.2500,-4799.0000,12506.5000,12506.5000
2016-05-11,"MA_Crossover(36,44)",4719.7500,4827.5000,-1.0000,-1.0000,28.5000,-28.5000,-4827.5000,12478.0000,12478.0000
2016-05-12,"MA_Crossover(36,44)",4628.0000,4735.7500,-1.0000,-1.0000,-91.7500,91.7500,-4735.7500,12569.7500,12569.7500
2016-05-13,"MA_Crossover(36,44)",4636.5000,4744.2500,-1.0000,-1.0000,8.5000,-8.5000,-4744.2500,12561.2500,12561.2500
2016-05-16,"MA_Crossover(36,44)",4649.5000,4757.2500,-1.0000,-1.0000,13.0000,-13.0000,-4757.2500,12548.2500,12548.2500
2016-05-17,"MA_Crossover(36,44)",4659.5000,4768.0000,-1.0000,-1.0000,10.7500,-10.7500,-4768.0000,12537.5000,12537.5000
2016-05-18,"MA_Crossover(36,44)",4619.2500,4726.2500,-1.0000,-1.0000,-41.7500,41.7500,-4726.2500,12579.2500,12579.2500
2016-05-19,"MA_Crossover(36,44)",4587.7500,4694.2500,-1.0000,-1.0000,-32.0000,32.0000,-4694.2500,12611.2500,12611.2500
2016-05-20,"MA_Crossover(36,44)",4584.0000,4694.0000,-1.0000,-1.0000,-0.2500,0.2500,-4694.0000,12611.5000,12611.5000
2016-05-23,"MA_Crossover(36,44)",4568.5000,4678.5000,-1.0000,-1.0000,-15.5000,15.5000,-4678.5000,12627.0000,12627.0000
2016-05-24,"MA_Crossover(36,44)",4610.0000,4720.0000,-1.0000,-1.0000,41.5000,-41.5000,-4720.0000,12585.5000,12585.5000
2016-05-25,"MA_Crossover(36,44)",4662.2500,4772.2500,-1.0000,-1.0000,52.2500,-52.2500,-4772.2500,12533.2500,12533.2500
2016-05-26,"MA_Crossover(36,44)",4669.2500,4779.2500,-1.0000,-1.0000,7.0000,-7.0000,-4779.2500,12526.2500,12526.2500
2016-05-27,"MA_Crossover(36,44)",4704.5000,4814.5000,-1.0000,-1.0000,35.2500,-35.2500,-4814.5000,12491.0000,12491.0000
2016-05-31,"MA_Crossover(36,44)",4680.2500,4790.2500,-1.0000,-1.0000,-24.2500,24.2500,-4790.2500,12515.2500,12515.2500
2016-06-01,"MA_Crossover(36,44)",4625.0000,4735.0000,-1.0000,-1.0000,-55.2500,55.2500,-4735.0000,12570.5000,12570.5000
2016-06-02,"MA_Crossover(36,44)",4614.0000,4724.0000,1.0000,-1.0000,-11.0000,11.0000,-4724.0000,12581.5000,12581.5000
2016-06-03,"MA_Crossover(36,44)",4694.0000,4804.0000,1.0000,1.0000,80.0000,80.0000,4804.0000,12661.5000,12661.5000
2016-06-06,"MA_Crossover(36,44)",4687.5000,4797.5000,1.0000,1.0000,-6.5000,-6.5000,4797.5000,12655.0000,12655.0000
2016-06-07,"MA_Crossover(36,44)",4564.0000,4674.0000,1.0000,1.0000,-123.5000,-123.5000,4674.0000,12531.5000,12531.5000
2016-06-08,"MA_Crossover(36,44)",4570.2500,4680.2500,-1.0000,1.0000,6.2500,6.2500,4680.2500,12537.7500,12537.7500
2016-06-09,"MA_Crossover(36,44)",4502.0000,4612.0000,-1.0000,-1.0000,-68.2500,68.2500,-4612.0000,12606.0000,12606.0000
2016-06-10,"MA_Crossover(36,44)",4496.5000,4606.5000,-1.0000,-1.0000,-5.5000,5.5000,-4606.5000,12611.5000,12611.5000
2016-06-13,"MA_Crossover(36,44)",4540.5000,4650.5000,-1.0000,-1.0000,44.0000,-44.0000,-4650.5000,12567.5000,12567.5000
2016-06-14,"MA_Crossover(36,44)",4504.7500,4609.5000,-1.0000,-1.0000,-41.0000,41.0000,-4609.5000,12608.5000,12608.5000
2016-06-15,"MA_Crossover(36,44)",4635.2500,4739.2500,-1.0000,-1.0000,129.7500,-129.7500,-4739.2500,12478.7500,12478.7500
2016-06-16,"MA_Crossover(36,44)",4534.5000,4637.5000,-1.0000,-1.0000,-101.7500,101.7500,-4637.5000,12580.5000,12580.5000
2016-06-17,"MA_Crossover(36,44)",4550.5000,4651.0000,-1.0000,-1.0000,13.5000,-13.5000,-4651.0000,12567.0000,12567.0000
2016-06-20,"MA_Crossover(36,44)",4642.7500,4743.2500,-1.0000,-1.0000,92.2500,-92.2500,-4743.2500,12474.7500,12474.7500
2016-06-21,"MA_Crossover(36,44)",4667.2500,4767.7500,-1.0000,-1.0000,24.5000,-24.5000,-4767.7500,12450.2500,12450.2500
2016-06-22,"MA_Crossover(36,44)",4700.0000,4800.5000,-1.0000,-1.0000,32.7500,-32.7500,-4800.5000,12417.5000,12417.5000
2016-06-23,"MA_Crossover(36,44)",4781.0000,4881.5000,-1.0000,-1.0000,81.0000,-81.0000,-4881.5000,12336.5000,12336.5000
2016-06-24,"MA_Crossover(36,44)",4695.5000,4796.0000,-1.0000,-1.0000,-85.5000,85.5000,-4796.0000,12422.0000,12422.0000
2016-06-27,"MA_Crossover(36,44)",4704.7500,4805.2500,-1.0000,-1.0000,9.2500,-9.2500,-4805.2500,12412.7500,12412.7500
2016-06-28,"MA_Crossover(36,44)",4814.2500,4914.7500,-1.0000,-1.0000,109.5000,-109.5000,-4914.7500,12303.2500,12303.2500
2016-06-29,"MA_Crossover(36,44)",4834.2500,4934.7500,-1.0000,-1.0000,20.0000,-20.0000,-4934.7500,12283.2500,12283.2500
2016-06-30,"MA_Crossover(36,44)",4841.7500,4942.2500,-1.0000,-1.0000,7.5000,-7.5000,-4942.2500,12275.7500,12275.7500
2016-07-01,"MA_Crossover(36,44)",4903.5000,5004.0000,-1.0000,-1.0000,61.7500,-61.7500,-5004.0000,12214.0000,12214.0000
2016-07-04,"MA_Crossover(36,44)",4883.2500,4983.7500,-1.0000,-1.0000,-20.2500,20.2500,-4983.7500,12234.2500,12234.2500
2016-07-05,"MA_Crossover(36,44)",4802.7500,4903.2500,-1.0000,-1.0000,-80.5000,80.5000,-4903.2500,12314.7500,12314.7500
2016-07-06,"MA_Crossover(36,44)",4736.0000,4836.5000,-1.0000,-1.0000,-66.7500,66.7500,-4836.5000,12381.5000,12381.5000
2016-07-07,"MA_Crossover(36,44)",4673.5000,4774.0000,-1.0000,-1.0000,-62.5000,62.5000,-4774.0000,12444.0000,12444.0000
2016-07-08,"MA_Crossover(36,44)",4697.7500,4798.2500,1.0000,-1.0000,24.2500,-24.2500,-4798.2500,12419.7500,12419.7500
2016-07-11,"MA_Crossover(36,44)",4732.0000,4832.5000,1.0000,1.0000,34.2500,34.2500,4832.5000,12454.0000,12454.0000
2016-07-12,"MA_Crossover(36,44)",4851.0000,4951.5000,1.0000,1.0000,119.0000,119.0000,4951.5000,12573.0000,12573.0000
2016-07-13,"MA_Crossover(36,44)",4919.7500,5020.2500,1.0000,1.0000,68.7500,68.7500,5020.2500,12641.7500,12641.7500
2016-07-14,"MA_Crossover(36,44)",4922.5000,5023.0000,1.0000,1.0000,2.7500,2.7500,5023.0000,12644.5000,12644.5000
2016-07-15,"MA_Crossover(36,44)",4900.0000,5000.5000,1.0000,1.0000,-22.5000,-22.5000,5000.5000,12622.0000,12622.0000
2016-07-18,"MA_Crossover(36,44)",4922.0000,5022.5000,1.0000,1.0000,22.0000,22.0000,5022.5000,12644.0000,12644.0000
2016-07-19,"MA_Crossover(36,44)",4975.0000,5072.7500,1.0000,1.0000,50.2500,50.2500,5072.7500,12694.2500,12694.2500
2016-07-20,"MA_Crossover(36,44)",4959.5000,5057.0000,1.0000,1.0000,-15.7500,-15.7500,5057.0000,12678.5000,12678.5000
2016-07-21,"MA_Crossover(36,44)",4970.0000,5067.2500,1.0000,1.0000,10.2500,10.2500,5067.2500,12688.7500,12688.7500
2016-07-22,"MA_Crossover(36,44)",4914.5000,5007.0000,1.0000,1.0000,-60.2500,-60.2500,5007.0000,12628.5000,12628.5000
2016-07-25,"MA_Crossover(36,44)",4891.7500,4984.2500,1.0000,1.0000,-22.7500,-22.7500,4984.2500,12605.7500,12605.7500
2016-07-26,"MA_Crossover(36,44)",4921.5000,5014.0000,1.0000,1.0000,29.7500,29.7500,5014.0000,12635.5000,12635.5000
2016-07-27,"MA_Crossover(36,44)",4841.5000,4934.0000,1.0000,1.0000,-80.0000,-80.0000,4934.0000,12555.5000,12555.5000
2016-07-28,"MA_Crossover(36,44)",4887.7500,4980.2500,1.0000,1.0000,46.2500,46.2500,4980.2500,12601.7500,12601.7500
2016-07-29,"MA_Crossover(36,44)",4917.2500,5009.7500,1.0000,1.0000,29.5000,29.5000,5009.7500,12631.2500,12631.2500
2016-08-01,"MA_Crossover(36,44)",4871.0000,4963.5000,1.0000,1.0000,-46.2500,-46.2500,4963.5000,12585.0000,12585.0000
2016-08-02,"MA_Crossover(36,44)",4881.7500,4974.2500,1.0000,1.0000,10.7500,10.7500,4974.2500,12595.7500,12595.7500
2016-08-03,"MA_Crossover(36,44)",4862.5000,4955.0000,1.0000,1.0000,-19.2500,-19.2500,4955.0000,12576.5000,12576.5000
2016-08-04,"MA_Crossover(36,44)",4818.0000,4910.5000,1.0000,1.0000,-44.5000,-44.5000,4910.5000,12532.0000,12532.0000
2016-08-05,"MA_Crossover(36,44)",4779.2500,4871.7500,1.0000,1.0000,-38.7500,-38.7500,4871.7500,12493.2500,12493.2500
2016-08-08,"MA_Crossover(36,44)",4801.0000,4893.5000,1.0000,1.0000,21.7500,21.7500,4893.5000,12515.0000,12515.0000
2016-08-09,"MA_Crossover(36,44)",4770.2500,4862.7500,1.0000,1.0000,-30.7500,-30.7500,4862.7500,12484.2500,12484.2500
2016-08-10,"MA_Crossover(36,44)",4816.2500,4908.7500,1.0000,1.0000,46.0000,46.0000,4908.7500,12530.2500,12530.2500
2016-08-11,"MA_Crossover(36,44)",4839.5000,4932.0000,1.0000,1.0000,23.2500,23.2500,4932.0000,12553.5000,12553.5000
2016-08-12,"MA_Crossover(36,44)",4749.2500,4841.7500,1.0000,1.0000,-90.2500,-90.2500,4841.7500,12463.2500,12463.2500
2016-08-15,"MA_Crossover(36,44)",4759.7500,4852.2500,1.0000,1.0000,10.5000,10.5000,4852.2500,12473.7500,12473.7500
2016-08-16,"MA_Crossover(36,44)",4803.0000,4900.0000,1.0000,1.0000,47.7500,47.7500,4900.0000,12521.5000,12521.5000
2016-08-17,"MA_Crossover(36,44)",4765.0000,4862.7500,1.0000,1.0000,-37.2500,-37.2500,4862.7500,12484.2500,12484.2500
2016-08-18,"MA_Crossover(36,44)",4799.0000,4897.0000,1.0000,1.0000,34.2500,34.2500,4897.0000,12518.5000,12518.5000
2016-08-19,"MA_Crossover(36,44)",4789.2500,4882.2500,1.0000,1.0000,-14.7500,-14.7500,4882.2500,12503.7500,12503.7500
2016-08-22,"MA_Crossover(36,44)",4738.5000,4831.5000,1.0000,1.0000,-50.7500,-50.7500,4831.5000,12453.0000,12453.0000
2016-08-23,"MA_Crossover(36,44)",4698.0000,4791.0000,1.0000,1.0000,-40.5000,-40.5000,4791.0000,12412.5000,12412.5000
2016-08-24,"MA_Crossover(36,44)",4621.0000,4714.0000,1.0000,1.0000,-77.0000,-77.0000,4714.0000,12335.5000,12335.5000
2016-08-25,"MA_Crossover(36,44)",4617.0000,4710.0000,1.0000,1.0000,-4.0000,-4.0000,4710.0000,12331.5000,12331.5000
2016-08-26,"MA_Crossover(36,44)",4604.0000,4697.0000,1.0000,1.0000,-13.0000,-13.0000,4697.0000,12318.5000,12318.5000
2016-08-30,"MA_Crossover(36,44)",4596.0000,4689.0000,1.0000,1.0000,-8.0000,-8.0000,4689.0000,12310.5000,12310.5000
2016-08-31,"MA_Crossover(36,44)",4607.2500,4700.2500,1.0000,1.0000,11.2500,11.2500,4700.2500,12321.7500,12321.7500
2016-09-01,"MA_Crossover(36,44)",4620.0000,4713.0000,1.0000,1.0000,12.7500,12.7500,4713.0000,12334.5000,12334.5000
2016-09-02,"MA_Crossover(36,44)",4617.2500,4710.2500,1.0000,1.0000,-2.7500,-2.7500,4710.2500,12331.7500,12331.7500
2016-09-05,"MA_Crossover(36,44)",4614.2500,4707.2500,1.0000,1.0000,-3.0000,-3.0000,4707.2500,12328.7500,12328.7500
2016-09-06,"MA_Crossover(36,44)",4607.5000,4700.5000,-1.0000,1.0000,-6.7500,-6.7500,4700.5000,12322.0000,12322.0000
2016-09-07,"MA_Crossover(36,44)",4636.7500,4729.7500,-1.0000,-1.0000,29.2500,-29.2500,-4729.7500,12292.7500,12292.7500
2016-09-08,"MA_Crossover(36,44)",4650.0000,4743.0000,-1.0000,-1.0000,13.2500,-13.2500,-4743.0000,12279.5000,12279.5000
2016-09-09,"MA_Crossover(36,44)",4618.5000,4711.5000,-1.0000,-1.0000,-31.5000,31.5000,-4711.5000,12311.0000,12311.0000
2016-09-12,"MA_Crossover(36,44)",4632.5000,4725.5000,-1.0000,-1.0000,14.0000,-14.0000,-4725.5000,12297.0000,12297.0000
2016-09-13,"MA_Crossover(36,44)",4637.0000,4730.0000,-1.0000,-1.0000,4.5000,-4.5000,-4730.0000,12292.5000,12292.5000
2016-09-14,"MA_Crossover(36,44)",4757.7500,4850.7500,-1.0000,-1.0000,120.7500,-120.7500,-4850.7500,12171.7500,12171.7500
2016-09-15,"MA_Crossover(36,44)",4765.5000,4858.5000,-1.0000,-1.0000,7.7500,-7.7500,-4858.5000,12164.0000,12164.0000
2016-09-16,"MA_Crossover(36,44)",4772.0000,4865.0000,-1.0000,-1.0000,6.5000,-6.5000,-4865.0000,12157.5000,12157.5000
2016-09-19,"MA_Crossover(36,44)",4753.2500,4846.2500,-1.0000,-1.0000,-18.7500,18.7500,-4846.2500,12176.2500,12176.2500
2016-09-20,"MA_Crossover(36,44)",4779.7500,4869.0000,-1.0000,-1.0000,22.7500,-22.7500,-4869.0000,12153.5000,12153.5000
2016-09-21,"MA_Crossover(36,44)",4749.7500,4838.7500,-1.0000,-1.0000,-30.2500,30.2500,-4838.7500,12183.7500,12183.7500
2016-09-22,"MA_Crossover(36,44)",4842.7500,4930.7500,-1.0000,-1.0000,92.0000,-92.0000,-4930.7500,12091.7500,12091.7500
2016-09-23,"MA_Crossover(36,44)",4842.0000,4924.0000,-1.0000,-1.0000,-6.7500,6.7500,-4924.0000,12098.5000,12098.5000
2016-09-26,"MA_Crossover(36,44)",4828.7500,4910.7500,-1.0000,-1.0000,-13.2500,13.2500,-4910.7500,12111.7500,12111.7500
2016-09-27,"MA_Crossover(36,44)",4776.7500,4858.7500,-1.0000,-1.0000,-52.0000,52.0000,-4858.7500,12163.7500,12163.7500
2016-09-28,"MA_Crossover(36,44)",4808.0000,4890.0000,-1.0000,-1.0000,31.2500,-31.2500,-4890.0000,12132.5000,12132.5000
2016-09-29,"MA_Crossover(36,44)",4830.7500,4912.7500,-1.0000,-1.0000,22.7500,-22.7500,-4912.7500,12109.7500,12109.7500
2016-09-30,"MA_Crossover(36,44)",4853.0000,4935.0000,-1.0000,-1.0000,22.2500,-22.2500,-4935.0000,12087.5000,12087.5000
2016-10-03,"MA_Crossover(36,44)",4804.7500,4886.7500,-1.0000,-1.0000,-48.2500,48.2500,-4886.7500,12135.7500,12135.7500
2016-10-04,"MA_Crossover(36,44)",4789.0000,4871.0000,-1.0000,-1.0000,-15.7500,15.7500,-4871.0000,12151.5000,12151.5000
2016-10-05,"MA_Crossover(36,44)",4783.5000,4865.5000,-1.0000,-1.0000,-5.5000,5.5000,-4865.5000,12157.0000,12157.0000
2016-10-06,"MA_Crossover(36,44)",4740.2500,4822.2500,-1.0000,-1.0000,-43.2500,43.2500,-4822.2500,12200.2500,12200.2500
2016-10-07,"MA_Crossover(36,44)",4760.7500,4842.7500,-1.0000,-1.0000,20.5000,-20.5000,-4842.7500,12179.7500,12179.7500
2016-10-10,"MA_Crossover(36,44)",4830.7500,4912.7500,-1.0000,-1.0000,70.0000,-70.0000,-4912.7500,12109.7500,12109.7500
2016-10-11,"MA_Crossover(36,44)",4793.5000,4875.5000,-1.0000,-1.0000,-37.2500,37.2500,-4875.5000,12147.0000,12147.0000
2016-10-12,"MA_Crossover(36,44)",4793.7500,4875.7500,-1.0000,-1.0000,0.2500,-0.2500,-4875.7500,12146.7500,12146.7500
2016-10-13,"MA_Crossover(36,44)",4692.5000,4774.5000,-1.0000,-1.0000,-101.2500,101.2500,-4774.5000,12248.0000,12248.0000
2016-10-14,"MA_Crossover(36,44)",4655.7500,4737.7500,-1.0000,-1.0000,-36.7500,36.7500,-4737.7500,12284.7500,12284.7500
2016-10-17,"MA_Crossover(36,44)",4653.5000,4735.5000,-1.0000,-1.0000,-2.2500,2.2500,-4735.5000,12287.0000,12287.0000
2016-10-18,"MA_Crossover(36,44)",4669.2500,4748.5000,1.0000,-1.0000,13.0000,-13.0000,-4748.5000,12274.0000,12274.0000
2016-10-19,"MA_Crossover(36,44)",4660.0000,4739.0000,1.0000,1.0000,-9.5000,-9.5000,4739.0000,12264.5000,12264.5000
2016-10-20,"MA_Crossover(36,44)",4641.0000,4720.0000,1.0000,1.0000,-19.0000,-19.0000,4720.0000,12245.5000,12245.5000
2016-10-21,"MA_Crossover(36,44)",4623.5000,4695.7500,1.0000,1.0000,-24.2500,-24.2500,4695.7500,12221.2500,12221.2500
2016-10-24,"MA_Crossover(36,44)",4626.7500,4699.0000,1.0000,1.0000,3.2500,3.2500,4699.0000,12224.5000,12224.5000
2016-10-25,"MA_Crossover(36,44)",4726.2500,4798.5000,1.0000,1.0000,99.5000,99.5000,4798.5000,12324.0000,12324.0000
2016-10-26,"MA_Crossover(36,44)",4733.7500,4806.0000,1.0000,1.0000,7.5000,7.5000,4806.0000,12331.5000,12331.5000
2016-10-27,"MA_Crossover(36,44)",4783.2500,4855.5000,1.0000,1.0000,49.5000,49.5000,4855.5000,12381.0000,12381.0000
2016-10-28,"MA_Crossover(36,44)",4835.0000,4907.2500,1.0000,1.0000,51.7500,51.7500,4907.2500,12432.7500,12432.7500
2016-10-31,"MA_Crossover(36,44)",4844.2500,4916.5000,1.0000,1.0000,9.2500,9.2500,4916.5000,12442.0000,12442.0000
2016-11-01,"MA_Crossover(36,44)",4911.2500,4983.5000,1.0000,1.0000,67.0000,67.0000,4983.5000,12509.0000,12509.0000
2016-11-02,"MA_Crossover(36,44)",4911.2500,4983.5000,1.0000,1.0000,0.0000,0.0000,4983.5000,12509.0000,12509.0000
2016-11-03,"MA_Crossover(36,44)",4951.0000,5023.2500,1.0000,1.0000,39.7500,39.7500,5023.2500,12548.7500,12548.7500
2016-11-04,"MA_Crossover(36,44)",4980.7500,5053.0000,1.0000,1.0000,29.7500,29.7500,5053.0000,12578.5000,12578.5000
2016-11-07,"MA_Crossover(36,44)",5084.7500,5157.0000,1.0000,1.0000,104.0000,104.0000,5157.0000,12682.5000,12682.5000
2016-11-08,"MA_Crossover(36,44)",5222.2500,5294.5000,1.0000,1.0000,137.5000,137.5000,5294.5000,12820.0000,12820.0000
2016-11-09,"MA_Crossover(36,44)",5400.0000,5472.2500,1.0000,1.0000,177.7500,177.7500,5472.2500,12997.7500,12997.7500
2016-11-10,"MA_Crossover(36,44)",5588.5000,5660.7500,1.0000,1.0000,188.5000,188.5000,5660.7500,13186.2500,13186.2500
2016-11-11,"MA_Crossover(36,44)",5541.2500,5613.5000,1.0000,1.0000,-47.2500,-47.2500,5613.5000,13139.0000,13139.0000
2016-11-14,"MA_Crossover(36,44)",5552.5000,5624.7500,1.0000,1.0000,11.2500,11.2500,5624.7500,13150.2500,13150.2500
2016-11-15,"MA_Crossover(36,44)",5521.0000,5593.2500,1.0000,1.0000,-31.5000,-31.5000,5593.2500,13118.7500,13118.7500
2016-11-16,"MA_Crossover(36,44)",5428.5000,5501.7500,1.0000,1.0000,-91.5000,-91.5000,5501.7500,13027.2500,13027.2500
2016-11-17,"MA_Crossover(36,44)",5489.2500,5563.0000,1.0000,1.0000,61.2500,61.2500,5563.0000,13088.5000,13088.5000
2016-11-18,"MA_Crossover(36,44)",5417.5000,5487.7500,1.0000,1.0000,-75.2500,-75.2500,5487.7500,13013.2500,13013.2500
2016-11-21,"MA_Crossover(36,44)",5552.0000,5622.2500,1.0000,1.0000,134.5000,134.5000,5622.2500,13147.7500,13147.7500
2016-11-22,"MA_Crossover(36,44)",5604.0000,5674.2500,1.0000,1.0000,52.0000,52.0000,5674.2500,13199.7500,13199.7500
2016-11-23,"MA_Crossover(36,44)",5731.5000,5801.7500,1.0000,1.0000,127.5000,127.5000,5801.7500,13327.2500,13327.2500
2016-11-24,"MA_Crossover(36,44)",5858.5000,5928.7500,1.0000,1.0000,127.0000,127.0000,5928.7500,13454.2500,13454.2500
2016-11-25,"MA_Crossover(36,44)",5868.0000,5938.2500,1.0000,1.0000,9.5000,9.5000,5938.2500,13463.7500,13463.7500
2016-11-28,"MA_Crossover(36,44)",5868.2500,5938.5000,1.0000,1.0000,0.2500,0.2500,5938.5000,13464.0000,13464.0000
2016-11-29,"MA_Crossover(36,44)",5692.0000,5762.2500,1.0000,1.0000,-176.2500,-176.2500,5762.2500,13287.7500,13287.7500
2016-11-30,"MA_Crossover(36,44)",5814.2500,5884.5000,1.0000,1.0000,122.2500,122.2500,5884.5000,13410.0000,13410.0000
2016-12-01,"MA_Crossover(36,44)",5783.0000,5853.2500,1.0000,1.0000,-31.2500,-31.2500,5853.2500,13378.7500,13378.7500
2016-12-02,"MA_Crossover(36,44)",5756.0000,5826.2500,1.0000,1.0000,-27.0000,-27.0000,5826.2500,13351.7500,13351.7500
2016-12-05,"MA_Crossover(36,44)",5945.0000,6015.2500,1.0000,1.0000,189.0000,189.0000,6015.2500,13540.7500,13540.7500
2016-12-06,"MA_Crossover(36,44)",5876.2500,5946.5000,1.0000,1.0000,-68.7500,-68.7500,5946.5000,13472.0000,13472.0000
2016-12-07,"MA_Crossover(36,44)",5778.7500,5849.0000,1.0000,1.0000,-97.5000,-97.5000,5849.0000,13374.5000,13374.5000
2016-12-08,"MA_Crossover(36,44)",5778.7500,5849.0000,1.0000,1.0000,0.0000,0.0000,5849.0000,13374.5000,13374.5000
2016-12-09,"MA_Crossover(36,44)",5821.0000,5891.2500,1.0000,1.0000,42.2500,42.2500,5891.2500,13416.7500,13416.7500
2016-12-12,"MA_Crossover(36,44)",5754.5000,5824.7500,1.0000,1.0000,-66.5000,-66.5000,5824.7500,13350.2500,13350.2500
2016-12-13,"MA_Crossover(36,44)",5678.0000,5748.2500,1.0000,1.0000,-76.5000,-76.5000,5748.2500,13273.7500,13273.7500
2016-12-14,"MA_Crossover(36,44)",5715.5000,5785.7500,1.0000,1.0000,37.5000,37.5000,5785.7500,13311.2500,13311.2500
2016-12-15,"MA_Crossover(36,44)",5723.5000,5793.7500,1.0000,1.0000,8.0000,8.0000,5793.7500,13319.2500,13319.2500
2016-12-16,"MA_Crossover(36,44)",5629.7500,5700.0000,1.0000,1.0000,-93.7500,-93.7500,5700.0000,13225.5000,13225.5000
2016-12-19,"MA_Crossover(36,44)",5486.5000,5556.7500,1.0000,1.0000,-143.2500,-143.2500,5556.7500,13082.2500,13082.2500
2016-12-20,"MA_Crossover(36,44)",5493.5000,5567.7500,1.0000,1.0000,11.0000,11.0000,5567.7500,13093.2500,13093.2500
2016-12-21,"MA_Crossover(36,44)",5506.2500,5580.5000,1.0000,1.0000,12.7500,12.7500,5580.5000,13106.0000,13106.0000
2016-12-22,"MA_Crossover(36,44)",5509.2500,5583.5000,1.0000,1.0000,3.0000,3.0000,5583.5000,13109.0000,13109.0000
2016-12-23,"MA_Crossover(36,44)",5460.7500,5530.5000,1.0000,1.0000,-53.0000,-53.0000,5530.5000,13056.0000,13056.0000
2016-12-28,"MA_Crossover(36,44)",5536.2500,5606.0000,1.0000,1.0000,75.5000,75.5000,5606.0000,13131.5000,13131.5000
2016-12-29,"MA_Crossover(36,44)",5476.0000,5545.7500,1.0000,1.0000,-60.2500,-60.2500,5545.7500,13071.2500,13071.2500
2016-12-30,"MA_Crossover(36,44)",5526.0000,5595.7500,1.0000,1.0000,50.0000,50.0000,5595.7500,13121.2500,13121.2500
2017-01-03,"MA_Crossover(36,44)",5489.0000,5558.7500,1.0000,1.0000,-37.0000,-37.0000,5558.7500,13084.2500,13084.2500
2017-01-04,"MA_Crossover(36,44)",5633.5000,5703.2500,1.0000,1.0000,144.5000,144.5000,5703.2500,13228.7500,13228.7500
2017-01-05,"MA_Crossover(36,44)",5565.5000,5635.2500,1.0000,1.0000,-68.0000,-68.0000,5635.2500,13160.7500,13160.7500
2017-01-06,"MA_Crossover(36,44)",5574.7500,5644.5000,1.0000,1.0000,9.2500,9.2500,5644.5000,13170.0000,13170.0000
2017-01-09,"MA_Crossover(36,44)",5574.7500,5644.5000,1.0000,1.0000,0.0000,0.0000,5644.5000,13170.0000,13170.0000
2017-01-10,"MA_Crossover(36,44)",5740.0000,5809.7500,1.0000,1.0000,165.2500,165.2500,5809.7500,13335.2500,13335.2500
2017-01-11,"MA_Crossover(36,44)",5693.5000,5763.2500,1.0000,1.0000,-46.5000,-46.5000,5763.2500,13288.7500,13288.7500
2017-01-12,"MA_Crossover(36,44)",5814.5000,5884.2500,1.0000,1.0000,121.0000,121.0000,5884.2500,13409.7500,13409.7500
2017-01-13,"MA_Crossover(36,44)",5884.2500,5954.0000,1.0000,1.0000,69.7500,69.7500,5954.0000,13479.5000,13479.5000
2017-01-16,"MA_Crossover(36,44)",5843.5000,5913.2500,1.0000,1.0000,-40.7500,-40.7500,5913.2500,13438.7500,13438.7500
2017-01-17,"MA_Crossover(36,44)",5740.2500,5809.7500,1.0000,1.0000,-103.5000,-103.5000,5809.7500,13335.2500,13335.2500
2017-01-18,"MA_Crossover(36,44)",5753.0000,5823.7500,1.0000,1.0000,14.0000,14.0000,5823.7500,13349.2500,13349.2500
2017-01-19,"MA_Crossover(36,44)",5724.0000,5794.7500,1.0000,1.0000,-29.0000,-29.0000,5794.7500,13320.2500,13320.2500
2017-01-20,"MA_Crossover(36,44)",5737.0000,5798.7500,1.0000,1.0000,4.0000,4.0000,5798.7500,13324.2500,13324.2500
2017-01-23,"MA_Crossover(36,44)",5782.0000,5843.7500,-1.0000,1.0000,45.0000,45.0000,5843.7500,13369.2500,13369.2500
2017-01-24,"MA_Crossover(36,44)",5932.0000,5993.7500,-1.0000,-1.0000,150.0000,-150.0000,-5993.7500,13219.2500,13219.2500
2017-01-25,"MA_Crossover(36,44)",5928.7500,5990.5000,-1.0000,-1.0000,-3.2500,3.2500,-5990.5000,13222.5000,13222.5000
2017-01-26,"MA_Crossover(36,44)",5843.7500,5905.5000,-1.0000,-1.0000,-85.0000,85.0000,-5905.5000,13307.5000,13307.5000
2017-01-27,"MA_Crossover(36,44)",5887.5000,5949.2500,-1.0000,-1.0000,43.7500,-43.7500,-5949.2500,13263.7500,13263.7500
2017-01-30,"MA_Crossover(36,44)",5810.5000,5872.2500,-1.0000,-1.0000,-77.0000,77.0000,-5872.2500,13340.7500,13340.7500
2017-01-31,"MA_Crossover(36,44)",5984.2500,6046.0000,-1.0000,-1.0000,173.7500,-173.7500,-6046.0000,13167.0000,13167.0000
2017-02-01,"MA_Crossover(36,44)",5935.0000,5996.7500,-1.0000,-1.0000,-49.2500,49.2500,-5996.7500,13216.2500,13216.2500
2017-02-02,"MA_Crossover(36,44)",5872.0000,5933.7500,-1.0000,-1.0000,-63.0000,63.0000,-5933.7500,13279.2500,13279.2500
2017-02-03,"MA_Crossover(36,44)",5760.2500,5822.0000,-1.0000,-1.0000,-111.7500,111.7500,-5822.0000,13391.0000,13391.0000
2017-02-06,"MA_Crossover(36,44)",5833.7500,5895.5000,-1.0000,-1.0000,73.5000,-73.5000,-5895.5000,13317.5000,13317.5000
2017-02-07,"MA_Crossover(36,44)",5779.0000,5840.7500,-1.0000,-1.0000,-54.7500,54.7500,-5840.7500,13372.2500,13372.2500
2017-02-08,"MA_Crossover(36,44)",5879.5000,5941.2500,-1.0000,-1.0000,100.5000,-100.5000,-5941.2500,13271.7500,13271.7500
2017-02-09,"MA_Crossover(36,44)",5809.5000,5871.2500,-1.0000,-1.0000,-70.0000,70.0000,-5871.2500,13341.7500,13341.7500
2017-02-10,"MA_Crossover(36,44)",6083.0000,6144.7500,1.0000,-1.0000,273.5000,-273.5000,-6144.7500,13068.2500,13068.2500
2017-02-13,"MA_Crossover(36,44)",6103.5000,6165.2500,1.0000,1.0000,20.5000,20.5000,6165.2500,13088.7500,13088.7500
2017-02-14,"MA_Crossover(36,44)",6009.2500,6084.0000,1.0000,1.0000,-81.2500,-81.2500,6084.0000,13007.5000,13007.5000
2017-02-15,"MA_Crossover(36,44)",6056.5000,6130.2500,1.0000,1.0000,46.2500,46.2500,6130.2500,13053.7500,13053.7500
2017-02-16,"MA_Crossover(36,44)",5989.0000,6062.7500,1.0000,1.0000,-67.5000,-67.5000,6062.7500,12986.2500,12986.2500
2017-02-17,"MA_Crossover(36,44)",5952.0000,6019.7500,1.0000,1.0000,-43.0000,-43.0000,6019.7500,12943.2500,12943.2500
2017-02-20,"MA_Crossover(36,44)",6065.2500,6133.0000,1.0000,1.0000,113.2500,113.2500,6133.0000,13056.5000,13056.5000
2017-02-21,"MA_Crossover(36,44)",6052.0000,6119.7500,1.0000,1.0000,-13.2500,-13.2500,6119.7500,13043.2500,13043.2500
2017-02-22,"MA_Crossover(36,44)",6031.2500,6099.0000,1.0000,1.0000,-20.7500,-20.7500,6099.0000,13022.5000,13022.5000
2017-02-23,"MA_Crossover(36,44)",5848.7500,5916.5000,1.0000,1.0000,-182.5000,-182.5000,5916.5000,12840.0000,12840.0000
2017-02-24,"MA_Crossover(36,44)",5918.0000,5985.7500,1.0000,1.0000,69.2500,69.2500,5985.7500,12909.2500,12909.2500
2017-02-27,"MA_Crossover(36,44)",5925.0000,5992.7500,1.0000,1.0000,7.0000,7.0000,5992.7500,12916.2500,12916.2500
2017-02-28,"MA_Crossover(36,44)",5965.0000,6032.7500,1.0000,1.0000,40.0000,40.0000,6032.7500,12956.2500,12956.2500
2017-03-01,"MA_Crossover(36,44)",6006.5000,6074.2500,1.0000,1.0000,41.5000,41.5000,6074.2500,12997.7500,12997.7500
2017-03-02,"MA_Crossover(36,44)",5920.0000,5987.7500,1.0000,1.0000,-86.5000,-86.5000,5987.7500,12911.2500,12911.2500
2017-03-03,"MA_Crossover(36,44)",5907.7500,5975.5000,1.0000,1.0000,-12.2500,-12.2500,5975.5000,12899.0000,12899.0000
2017-03-06,"MA_Crossover(36,44)",5845.7500,5913.5000,1.0000,1.0000,-62.0000,-62.0000,5913.5000,12837.0000,12837.0000
2017-03-07,"MA_Crossover(36,44)",5758.0000,5825.7500,1.0000,1.0000,-87.7500,-87.7500,5825.7500,12749.2500,12749.2500
2017-03-08,"MA_Crossover(36,44)",5750.5000,5818.2500,1.0000,1.0000,-7.5000,-7.5000,5818.2500,12741.7500,12741.7500
2017-03-09,"MA_Crossover(36,44)",5674.0000,5741.7500,1.0000,1.0000,-76.5000,-76.5000,5741.7500,12665.2500,12665.2500
2017-03-10,"MA_Crossover(36,44)",5717.0000,5784.7500,1.0000,1.0000,43.0000,43.0000,5784.7500,12708.2500,12708.2500
2017-03-13,"MA_Crossover(36,44)",5776.5000,5844.2500,1.0000,1.0000,59.5000,59.5000,5844.2500,12767.7500,12767.7500
2017-03-14,"MA_Crossover(36,44)",5810.2500,5874.0000,1.0000,1.0000,29.7500,29.7500,5874.0000,12797.5000,12797.5000
2017-03-15,"MA_Crossover(36,44)",5856.0000,5918.5000,1.0000,1.0000,44.5000,44.5000,5918.5000,12842.0000,12842.0000
2017-03-16,"MA_Crossover(36,44)",5901.5000,5963.7500,1.0000,1.0000,45.2500,45.2500,5963.7500,12887.2500,12887.2500
2017-03-17,"MA_Crossover(36,44)",5928.0000,5985.7500,1.0000,1.0000,22.0000,22.0000,5985.7500,12909.2500,12909.2500
2017-03-20,"MA_Crossover(36,44)",5869.0000,5926.7500,1.0000,1.0000,-59.0000,-59.0000,5926.7500,12850.2500,12850.2500
2017-03-21,"MA_Crossover(36,44)",5762.0000,5819.7500,1.0000,1.0000,-107.0000,-107.0000,5819.7500,12743.2500,12743.2500
2017-03-22,"MA_Crossover(36,44)",5795.0000,5852.7500,1.0000,1.0000,33.0000,33.0000,5852.7500,12776.2500,12776.2500
2017-03-23,"MA_Crossover(36,44)",5811.5000,5869.2500,1.0000,1.0000,16.5000,16.5000,5869.2500,12792.7500,12792.7500
2017-03-24,"MA_Crossover(36,44)",5791.0000,5848.7500,-1.0000,1.0000,-20.5000,-20.5000,5848.7500,12772.2500,12772.2500
2017-03-27,"MA_Crossover(36,44)",5747.5000,5805.2500,1.0000,-1.0000,-43.5000,43.5000,-5805.2500,12815.7500,12815.7500
2017-03-28,"MA_Crossover(36,44)",5861.0000,5918.7500,1.0000,1.0000,113.5000,113.5000,5918.7500,12929.2500,12929.2500
2017-03-29,"MA_Crossover(36,44)",5895.5000,5953.2500,1.0000,1.0000,34.5000,34.5000,5953.2500,12963.7500,12963.7500
2017-03-30,"MA_Crossover(36,44)",5945.0000,6002.7500,1.0000,1.0000,49.5000,49.5000,6002.7500,13013.2500,13013.2500
2017-03-31,"MA_Crossover(36,44)",5824.0000,5881.7500,1.0000,1.0000,-121.0000,-121.0000,5881.7500,12892.2500,12892.2500
2017-04-03,"MA_Crossover(36,44)",5738.2500,5796.0000,1.0000,1.0000,-85.7500,-85.7500,5796.0000,12806.5000,12806.5000
2017-04-04,"MA_Crossover(36,44)",5762.2500,5820.0000,-1.0000,1.0000,24.0000,24.0000,5820.0000,12830.5000,12830.5000
2017-04-05,"MA_Crossover(36,44)",5875.2500,5933.0000,-1.0000,-1.0000,113.0000,-113.0000,-5933.0000,12717.5000,12717.5000
2017-04-06,"MA_Crossover(36,44)",5834.0000,5891.7500,-1.0000,-1.0000,-41.2500,41.2500,-5891.7500,12758.7500,12758.7500
2017-04-07,"MA_Crossover(36,44)",5805.2500,5863.0000,-1.0000,-1.0000,-28.7500,28.7500,-5863.0000,12787.5000,12787.5000
2017-04-10,"MA_Crossover(36,44)",5715.2500,5773.0000,-1.0000,-1.0000,-90.0000,90.0000,-5773.0000,12877.5000,12877.5000
2017-04-11,"MA_Crossover(36,44)",5739.7500,5797.5000,-1.0000,-1.0000,24.5000,-24.5000,-5797.5000,12853.0000,12853.0000
2017-04-12,"MA_Crossover(36,44)",5600.2500,5658.0000,-1.0000,-1.0000,-139.5000,139.5000,-5658.0000,12992.5000,12992.5000
2017-04-13,"MA_Crossover(36,44)",5660.0000,5717.7500,-1.0000,-1.0000,59.7500,-59.7500,-5717.7500,12932.7500,12932.7500
2017-04-18,"MA_Crossover(36,44)",5553.0000,5607.7500,-1.0000,-1.0000,-110.0000,110.0000,-5607.7500,13042.7500,13042.7500
2017-04-19,"MA_Crossover(36,44)",5537.0000,5591.7500,-1.0000,-1.0000,-16.0000,16.0000,-5591.7500,13058.7500,13058.7500
2017-04-20,"MA_Crossover(36,44)",5606.5000,5660.5000,-1.0000,-1.0000,68.7500,-68.7500,-5660.5000,12990.0000,12990.0000
2017-04-21,"MA_Crossover(36,44)",5604.5000,5647.2500,-1.0000,-1.0000,-13.2500,13.2500,-5647.2500,13003.2500,13003.2500
2017-04-24,"MA_Crossover(36,44)",5634.2500,5677.0000,-1.0000,-1.0000,29.7500,-29.7500,-5677.0000,12973.5000,12973.5000
2017-04-25,"MA_Crossover(36,44)",5686.0000,5728.7500,-1.0000,-1.0000,51.7500,-51.7500,-5728.7500,12921.7500,12921.7500
2017-04-26,"MA_Crossover(36,44)",5696.7500,5739.5000,-1.0000,-1.0000,10.7500,-10.7500,-5739.5000,12911.0000,12911.0000
2017-04-27,"MA_Crossover(36,44)",5674.7500,5717.5000,-1.0000,-1.0000,-22.0000,22.0000,-5717.5000,12933.0000,12933.0000
2017-04-28,"MA_Crossover(36,44)",5715.5000,5758.2500,-1.0000,-1.0000,40.7500,-40.7500,-5758.2500,12892.2500,12892.2500
2017-05-02,"MA_Crossover(36,44)",5775.5000,5818.2500,-1.0000,-1.0000,60.0000,-60.0000,-5818.2500,12832.2500,12832.2500
2017-05-03,"MA_Crossover(36,44)",5574.0000,5616.7500,-1.0000,-1.0000,-201.5000,201.5000,-5616.7500,13033.7500,13033.7500
2017-05-04,"MA_Crossover(36,44)",5521.0000,5563.7500,-1.0000,-1.0000,-53.0000,53.0000,-5563.7500,13086.7500,13086.7500
2017-05-05,"MA_Crossover(36,44)",5565.5000,5608.2500,-1.0000,-1.0000,44.5000,-44.5000,-5608.2500,13042.2500,13042.2500
2017-05-08,"MA_Crossover(36,44)",5465.2500,5508.0000,-1.0000,-1.0000,-100.2500,100.2500,-5508.0000,13142.5000,13142.5000
2017-05-09,"MA_Crossover(36,44)",5489.7500,5532.5000,-1.0000,-1.0000,24.5000,-24.5000,-5532.5000,13118.0000,13118.0000
2017-05-10,"MA_Crossover(36,44)",5478.2500,5521.0000,-1.0000,-1.0000,-11.5000,11.5000,-5521.0000,13129.5000,13129.5000
2017-05-11,"MA_Crossover(36,44)",5521.7500,5564.5000,-1.0000,-1.0000,43.5000,-43.5000,-5564.5000,13086.0000,13086.0000
2017-05-12,"MA_Crossover(36,44)",5539.0000,5581.7500,-1.0000,-1.0000,17.2500,-17.2500,-5581.7500,13068.7500,13068.7500
2017-05-15,"MA_Crossover(36,44)",5593.2500,5636.0000,-1.0000,-1.0000,54.2500,-54.2500,-5636.0000,13014.5000,13014.5000
2017-05-16,"MA_Crossover(36,44)",5598.2500,5641.0000,-1.0000,-1.0000,5.0000,-5.0000,-5641.0000,13009.5000,13009.5000
2017-05-17,"MA_Crossover(36,44)",5600.5000,5643.0000,-1.0000,-1.0000,2.0000,-2.0000,-5643.0000,13007.5000,13007.5000
2017-05-18,"MA_Crossover(36,44)",5572.0000,5613.5000,-1.0000,-1.0000,-29.5000,29.5000,-5613.5000,13037.0000,13037.0000
2017-05-19,"MA_Crossover(36,44)",5676.0000,5712.7500,-1.0000,-1.0000,99.2500,-99.2500,-5712.7500,12937.7500,12937.7500
2017-05-22,"MA_Crossover(36,44)",5698.0000,5734.7500,-1.0000,-1.0000,22.0000,-22.0000,-5734.7500,12915.7500,12915.7500
2017-05-23,"MA_Crossover(36,44)",5705.5000,5742.2500,-1.0000,-1.0000,7.5000,-7.5000,-5742.2500,12908.2500,12908.2500
2017-05-24,"MA_Crossover(36,44)",5673.0000,5709.7500,-1.0000,-1.0000,-32.5000,32.5000,-5709.7500,12940.7500,12940.7500
2017-05-25,"MA_Crossover(36,44)",5715.0000,5751.7500,-1.0000,-1.0000,42.0000,-42.0000,-5751.7500,12898.7500,12898.7500
2017-05-26,"MA_Crossover(36,44)",5646.0000,5682.7500,-1.0000,-1.0000,-69.0000,69.0000,-5682.7500,12967.7500,12967.7500
2017-05-30,"MA_Crossover(36,44)",5640.2500,5677.0000,-1.0000,-1.0000,-5.7500,5.7500,-5677.0000,12973.5000,12973.5000
2017-05-31,"MA_Crossover(36,44)",5665.7500,5702.5000,-1.0000,-1.0000,25.5000,-25.5000,-5702.5000,12948.0000,12948.0000
2017-06-01,"MA_Crossover(36,44)",5683.0000,5719.7500,-1.0000,-1.0000,17.2500,-17.2500,-5719.7500,12930.7500,12930.7500
2017-06-02,"MA_Crossover(36,44)",5648.0000,5684.7500,-1.0000,-1.0000,-35.0000,35.0000,-5684.7500,12965.7500,12965.7500
2017-06-05,"MA_Crossover(36,44)",5606.7500,5643.5000,-1.0000,-1.0000,-41.2500,41.2500,-5643.5000,13007.0000,13007.0000
2017-06-06,"MA_Crossover(36,44)",5594.2500,5631.0000,-1.0000,-1.0000,-12.5000,12.5000,-5631.0000,13019.5000,13019.5000
2017-06-07,"MA_Crossover(36,44)",5599.2500,5636.0000,-1.0000,-1.0000,5.0000,-5.0000,-5636.0000,13014.5000,13014.5000
2017-06-08,"MA_Crossover(36,44)",5709.2500,5746.0000,-1.0000,-1.0000,110.0000,-110.0000,-5746.0000,12904.5000,12904.5000
2017-06-09,"MA_Crossover(36,44)",5784.0000,5820.7500,-1.0000,-1.0000,74.7500,-74.7500,-5820.7500,12829.7500,12829.7500
2017-06-12,"MA_Crossover(36,44)",5748.2500,5785.0000,-1.0000,-1.0000,-35.7500,35.7500,-5785.0000,12865.5000,12865.5000
2017-06-13,"MA_Crossover(36,44)",5690.0000,5726.7500,-1.0000,-1.0000,-58.2500,58.2500,-5726.7500,12923.7500,12923.7500
2017-06-14,"MA_Crossover(36,44)",5672.2500,5709.0000,1.0000,-1.0000,-17.7500,17.7500,-5709.0000,12941.5000,12941.5000
2017-06-15,"MA_Crossover(36,44)",5637.7500,5674.5000,1.0000,1.0000,-34.5000,-34.5000,5674.5000,12907.0000,12907.0000
2017-06-16,"MA_Crossover(36,44)",5639.7500,5676.5000,1.0000,1.0000,2.0000,2.0000,5676.5000,12909.0000,12909.0000
2017-06-19,"MA_Crossover(36,44)",5702.7500,5739.5000,1.0000,1.0000,63.0000,63.0000,5739.5000,12972.0000,12972.0000
2017-06-20,"MA_Crossover(36,44)",5637.5000,5680.5000,1.0000,1.0000,-59.0000,-59.0000,5680.5000,12913.0000,12913.0000
2017-06-21,"MA_Crossover(36,44)",5724.5000,5767.7500,-1.0000,1.0000,87.2500,87.2500,5767.7500,13000.2500,13000.2500
2017-06-22,"MA_Crossover(36,44)",5727.5000,5769.7500,-1.0000,-1.0000,2.0000,-2.0000,-5769.7500,12998.2500,12998.2500
2017-06-23,"MA_Crossover(36,44)",5785.5000,5819.2500,-1.0000,-1.0000,49.5000,-49.5000,-5819.2500,12948.7500,12948.7500
2017-06-26,"MA_Crossover(36,44)",5777.7500,5811.5000,-1.0000,-1.0000,-7.7500,7.7500,-5811.5000,12956.5000,12956.5000
2017-06-27,"MA_Crossover(36,44)",5842.2500,5876.0000,1.0000,-1.0000,64.5000,-64.5000,-5876.0000,12892.0000,12892.0000
2017-06-28,"MA_Crossover(36,44)",5865.5000,5899.2500,1.0000,1.0000,23.2500,23.2500,5899.2500,12915.2500,12915.2500
2017-06-29,"MA_Crossover(36,44)",5925.2500,5959.0000,1.0000,1.0000,59.7500,59.7500,5959.0000,12975.0000,12975.0000
2017-06-30,"MA_Crossover(36,44)",5923.0000,5956.7500,1.0000,1.0000,-2.2500,-2.2500,5956.7500,12972.7500,12972.7500
2017-07-03,"MA_Crossover(36,44)",5908.7500,5942.5000,1.0000,1.0000,-14.2500,-14.2500,5942.5000,12958.5000,12958.5000
2017-07-04,"MA_Crossover(36,44)",5871.2500,5905.0000,1.0000,1.0000,-37.5000,-37.5000,5905.0000,12921.0000,12921.0000
2017-07-05,"MA_Crossover(36,44)",5818.0000,5851.7500,1.0000,1.0000,-53.2500,-53.2500,5851.7500,12867.7500,12867.7500
2017-07-06,"MA_Crossover(36,44)",5828.0000,5861.7500,1.0000,1.0000,10.0000,10.0000,5861.7500,12877.7500,12877.7500
2017-07-07,"MA_Crossover(36,44)",5806.5000,5840.2500,1.0000,1.0000,-21.5000,-21.5000,5840.2500,12856.2500,12856.2500
2017-07-10,"MA_Crossover(36,44)",5799.0000,5832.7500,1.0000,1.0000,-7.5000,-7.5000,5832.7500,12848.7500,12848.7500
2017-07-11,"MA_Crossover(36,44)",5849.5000,5883.2500,1.0000,1.0000,50.5000,50.5000,5883.2500,12899.2500,12899.2500
2017-07-12,"MA_Crossover(36,44)",5881.0000,5914.7500,1.0000,1.0000,31.5000,31.5000,5914.7500,12930.7500,12930.7500
2017-07-13,"MA_Crossover(36,44)",5854.0000,5887.7500,1.0000,1.0000,-27.0000,-27.0000,5887.7500,12903.7500,12903.7500
2017-07-14,"MA_Crossover(36,44)",5905.2500,5939.0000,1.0000,1.0000,51.2500,51.2500,5939.0000,12955.0000,12955.0000
2017-07-17,"MA_Crossover(36,44)",5971.0000,6004.7500,1.0000,1.0000,65.7500,65.7500,6004.7500,13020.7500,13020.7500
2017-07-18,"MA_Crossover(36,44)",5985.5000,6025.5000,1.0000,1.0000,20.7500,20.7500,6025.5000,13041.5000,13041.5000
2017-07-19,"MA_Crossover(36,44)",5944.0000,5985.2500,1.0000,1.0000,-40.2500,-40.2500,5985.2500,13001.2500,13001.2500
2017-07-20,"MA_Crossover(36,44)",5937.7500,5978.0000,1.0000,1.0000,-7.2500,-7.2500,5978.0000,12994.0000,12994.0000
2017-07-21,"MA_Crossover(36,44)",5983.0000,6010.7500,1.0000,1.0000,32.7500,32.7500,6010.7500,13026.7500,13026.7500
2017-07-24,"MA_Crossover(36,44)",6006.7500,6034.5000,1.0000,1.0000,23.7500,23.7500,6034.5000,13050.5000,13050.5000
2017-07-25,"MA_Crossover(36,44)",6208.0000,6235.7500,1.0000,1.0000,201.2500,201.2500,6235.7500,13251.7500,13251.7500
2017-07-26,"MA_Crossover(36,44)",6307.7500,6335.5000,1.0000,1.0000,99.7500,99.7500,6335.5000,13351.5000,13351.5000
2017-07-27,"MA_Crossover(36,44)",6307.2500,6335.0000,1.0000,1.0000,-0.5000,-0.5000,6335.0000,13351.0000,13351.0000
2017-07-28,"MA_Crossover(36,44)",6302.5000,6330.2500,1.0000,1.0000,-4.7500,-4.7500,6330.2500,13346.2500,13346.2500
2017-07-31,"MA_Crossover(36,44)",6343.2500,6371.0000,1.0000,1.0000,40.7500,40.7500,6371.0000,13387.0000,13387.0000
2017-08-01,"MA_Crossover(36,44)",6320.7500,6348.5000,1.0000,1.0000,-22.5000,-22.5000,6348.5000,13364.5000,13364.5000
2017-08-02,"MA_Crossover(36,44)",6330.2500,6358.0000,1.0000,1.0000,9.5000,9.5000,6358.0000,13374.0000,13374.0000
2017-08-03,"MA_Crossover(36,44)",6331.2500,6359.0000,1.0000,1.0000,1.0000,1.0000,6359.0000,13375.0000,13375.0000
2017-08-04,"MA_Crossover(36,44)",6352.2500,6380.0000,1.0000,1.0000,21.0000,21.0000,6380.0000,13396.0000,13396.0000
2017-08-07,"MA_Crossover(36,44)",6388.2500,6416.0000,1.0000,1.0000,36.0000,36.0000,6416.0000,13432.0000,13432.0000
2017-08-08,"MA_Crossover(36,44)",6455.2500,6483.0000,1.0000,1.0000,67.0000,67.0000,6483.0000,13499.0000,13499.0000
2017-08-09,"MA_Crossover(36,44)",6430.5000,6458.2500,1.0000,1.0000,-24.7500,-24.7500,6458.2500,13474.2500,13474.2500
2017-08-10,"MA_Crossover(36,44)",6395.2500,6423.0000,1.0000,1.0000,-35.2500,-35.2500,6423.0000,13439.0000,13439.0000
2017-08-11,"MA_Crossover(36,44)",6383.5000,6411.2500,1.0000,1.0000,-11.7500,-11.7500,6411.2500,13427.2500,13427.2500
2017-08-14,"MA_Crossover(36,44)",6367.5000,6395.2500,1.0000,1.0000,-16.0000,-16.0000,6395.2500,13411.2500,13411.2500
2017-08-15,"MA_Crossover(36,44)",6359.0000,6385.2500,1.0000,1.0000,-10.0000,-10.0000,6385.2500,13401.2500,13401.2500
2017-08-16,"MA_Crossover(36,44)",6512.5000,6538.2500,1.0000,1.0000,153.0000,153.0000,6538.2500,13554.2500,13554.2500
2017-08-17,"MA_Crossover(36,44)",6470.7500,6496.5000,1.0000,1.0000,-41.7500,-41.7500,6496.5000,13512.5000,13512.5000
2017-08-18,"MA_Crossover(36,44)",6466.7500,6482.0000,1.0000,1.0000,-14.5000,-14.5000,6482.0000,13498.0000,13498.0000
2017-08-21,"MA_Crossover(36,44)",6564.7500,6580.0000,1.0000,1.0000,98.0000,98.0000,6580.0000,13596.0000,13596.0000
2017-08-22,"MA_Crossover(36,44)",6559.2500,6574.5000,1.0000,1.0000,-5.5000,-5.5000,6574.5000,13590.5000,13590.5000
2017-08-23,"MA_Crossover(36,44)",6544.7500,6560.0000,1.0000,1.0000,-14.5000,-14.5000,6560.0000,13576.0000,13576.0000
2017-08-24,"MA_Crossover(36,44)",6667.7500,6683.0000,1.0000,1.0000,123.0000,123.0000,6683.0000,13699.0000,13699.0000
2017-08-25,"MA_Crossover(36,44)",6647.5000,6662.7500,1.0000,1.0000,-20.2500,-20.2500,6662.7500,13678.7500,13678.7500
2017-08-29,"MA_Crossover(36,44)",6772.0000,6787.2500,1.0000,1.0000,124.5000,124.5000,6787.2500,13803.2500,13803.2500
2017-08-30,"MA_Crossover(36,44)",6746.0000,6761.2500,1.0000,1.0000,-26.0000,-26.0000,6761.2500,13777.2500,13777.2500
2017-08-31,"MA_Crossover(36,44)",6763.5000,6778.7500,1.0000,1.0000,17.5000,17.5000,6778.7500,13794.7500,13794.7500
2017-09-01,"MA_Crossover(36,44)",6810.0000,6825.2500,1.0000,1.0000,46.5000,46.5000,6825.2500,13841.2500,13841.2500
2017-09-04,"MA_Crossover(36,44)",6891.2500,6906.5000,1.0000,1.0000,81.2500,81.2500,6906.5000,13922.5000,13922.5000
2017-09-05,"MA_Crossover(36,44)",6873.0000,6888.2500,1.0000,1.0000,-18.2500,-18.2500,6888.2500,13904.2500,13904.2500
2017-09-06,"MA_Crossover(36,44)",6875.5000,6890.7500,1.0000,1.0000,2.5000,2.5000,6890.7500,13906.7500,13906.7500
2017-09-07,"MA_Crossover(36,44)",6870.7500,6886.0000,1.0000,1.0000,-4.7500,-4.7500,6886.0000,13902.0000,13902.0000
2017-09-08,"MA_Crossover(36,44)",6660.2500,6675.5000,1.0000,1.0000,-210.5000,-210.5000,6675.5000,13691.5000,13691.5000
2017-09-11,"MA_Crossover(36,44)",6712.2500,6727.5000,1.0000,1.0000,52.0000,52.0000,6727.5000,13743.5000,13743.5000
2017-09-12,"MA_Crossover(36,44)",6627.2500,6642.5000,1.0000,1.0000,-85.0000,-85.0000,6642.5000,13658.5000,13658.5000
2017-09-13,"MA_Crossover(36,44)",6513.7500,6529.0000,1.0000,1.0000,-113.5000,-113.5000,6529.0000,13545.0000,13545.0000
2017-09-14,"MA_Crossover(36,44)",6457.2500,6472.5000,1.0000,1.0000,-56.5000,-56.5000,6472.5000,13488.5000,13488.5000
2017-09-15,"MA_Crossover(36,44)",6462.5000,6477.7500,1.0000,1.0000,5.2500,5.2500,6477.7500,13493.7500,13493.7500
2017-09-18,"MA_Crossover(36,44)",6474.7500,6490.0000,1.0000,1.0000,12.2500,12.2500,6490.0000,13506.0000,13506.0000
2017-09-19,"MA_Crossover(36,44)",6508.7500,6518.5000,1.0000,1.0000,28.5000,28.5000,6518.5000,13534.5000,13534.5000
2017-09-20,"MA_Crossover(36,44)",6500.0000,6507.2500,1.0000,1.0000,-11.2500,-11.2500,6507.2500,13523.2500,13523.2500
2017-09-21,"MA_Crossover(36,44)",6455.0000,6462.2500,1.0000,1.0000,-45.0000,-45.0000,6462.2500,13478.2500,13478.2500
2017-09-22,"MA_Crossover(36,44)",6430.2500,6424.0000,1.0000,1.0000,-38.2500,-38.2500,6424.0000,13440.0000,13440.0000
2017-09-25,"MA_Crossover(36,44)",6418.2500,6412.0000,1.0000,1.0000,-12.0000,-12.0000,6412.0000,13428.0000,13428.0000
2017-09-26,"MA_Crossover(36,44)",6370.5000,6364.2500,1.0000,1.0000,-47.7500,-47.7500,6364.2500,13380.2500,13380.2500
2017-09-27,"MA_Crossover(36,44)",6405.0000,6398.7500,1.0000,1.0000,34.5000,34.5000,6398.7500,13414.7500,13414.7500
2017-09-28,"MA_Crossover(36,44)",6487.5000,6481.2500,1.0000,1.0000,82.5000,82.5000,6481.2500,13497.2500,13497.2500
2017-09-29,"MA_Crossover(36,44)",6447.2500,6441.0000,1.0000,1.0000,-40.2500,-40.2500,6441.0000,13457.0000,13457.0000
2017-10-02,"MA_Crossover(36,44)",6460.7500,6454.5000,1.0000,1.0000,13.5000,13.5000,6454.5000,13470.5000,13470.5000
2017-10-03,"MA_Crossover(36,44)",6485.2500,6479.0000,1.0000,1.0000,24.5000,24.5000,6479.0000,13495.0000,13495.0000
2017-10-04,"MA_Crossover(36,44)",6486.2500,6480.0000,1.0000,1.0000,1.0000,1.0000,6480.0000,13496.0000,13496.0000
2017-10-05,"MA_Crossover(36,44)",6667.7500,6661.5000,1.0000,1.0000,181.5000,181.5000,6661.5000,13677.5000,13677.5000
2017-10-06,"MA_Crossover(36,44)",6626.0000,6619.7500,1.0000,1.0000,-41.7500,-41.7500,6619.7500,13635.7500,13635.7500
2017-10-09,"MA_Crossover(36,44)",6623.0000,6616.7500,1.0000,1.0000,-3.0000,-3.0000,6616.7500,13632.7500,13632.7500
2017-10-10,"MA_Crossover(36,44)",6712.2500,6706.0000,1.0000,1.0000,89.2500,89.2500,6706.0000,13722.0000,13722.0000
2017-10-11,"MA_Crossover(36,44)",6760.0000,6753.7500,1.0000,1.0000,47.7500,47.7500,6753.7500,13769.7500,13769.7500
2017-10-12,"MA_Crossover(36,44)",6862.5000,6856.2500,1.0000,1.0000,102.5000,102.5000,6856.2500,13872.2500,13872.2500
2017-10-13,"MA_Crossover(36,44)",6859.5000,6853.2500,1.0000,1.0000,-3.0000,-3.0000,6853.2500,13869.2500,13869.2500
2017-10-16,"MA_Crossover(36,44)",7122.0000,7115.7500,1.0000,1.0000,262.5000,262.5000,7115.7500,14131.7500,14131.7500
2017-10-17,"MA_Crossover(36,44)",7001.0000,7014.2500,1.0000,1.0000,-101.5000,-101.5000,7014.2500,14030.2500,14030.2500
2017-10-18,"MA_Crossover(36,44)",6964.5000,6978.7500,1.0000,1.0000,-35.5000,-35.5000,6978.7500,13994.7500,13994.7500
2017-10-19,"MA_Crossover(36,44)",6946.0000,6959.2500,1.0000,1.0000,-19.5000,-19.5000,6959.2500,13975.2500,13975.2500
2017-10-20,"MA_Crossover(36,44)",6929.5000,6928.2500,1.0000,1.0000,-31.0000,-31.0000,6928.2500,13944.2500,13944.2500
2017-10-23,"MA_Crossover(36,44)",6983.7500,6982.5000,-1.0000,1.0000,54.2500,54.2500,6982.5000,13998.5000,13998.5000
2017-10-24,"MA_Crossover(36,44)",7015.7500,7014.5000,-1.0000,-1.0000,32.0000,-32.0000,-7014.5000,13966.5000,13966.5000
2017-10-25,"MA_Crossover(36,44)",6991.2500,6990.0000,-1.0000,-1.0000,-24.5000,24.5000,-6990.0000,13991.0000,13991.0000
2017-10-26,"MA_Crossover(36,44)",6967.0000,6965.7500,-1.0000,-1.0000,-24.2500,24.2500,-6965.7500,14015.2500,14015.2500
2017-10-27,"MA_Crossover(36,44)",6808.5000,6807.2500,-1.0000,-1.0000,-158.5000,158.5000,-6807.2500,14173.7500,14173.7500
2017-10-30,"MA_Crossover(36,44)",6846.5000,6845.2500,-1.0000,-1.0000,38.0000,-38.0000,-6845.2500,14135.7500,14135.7500
2017-10-31,"MA_Crossover(36,44)",6822.7500,6821.5000,-1.0000,-1.0000,-23.7500,23.7500,-6821.5000,14159.5000,14159.5000
2017-11-01,"MA_Crossover(36,44)",6905.7500,6904.5000,-1.0000,-1.0000,83.0000,-83.0000,-6904.5000,14076.5000,14076.5000
2017-11-02,"MA_Crossover(36,44)",6904.0000,6902.7500,-1.0000,-1.0000,-1.7500,1.7500,-6902.7500,14078.2500,14078.2500
2017-11-03,"MA_Crossover(36,44)",6870.0000,6868.7500,1.0000,-1.0000,-34.0000,34.0000,-6868.7500,14112.2500,14112.2500
2017-11-06,"MA_Crossover(36,44)",6942.5000,6941.2500,1.0000,1.0000,72.5000,72.5000,6941.2500,14184.7500,14184.7500
2017-11-07,"MA_Crossover(36,44)",6797.2500,6796.0000,1.0000,1.0000,-145.2500,-145.2500,6796.0000,14039.5000,14039.5000
2017-11-08,"MA_Crossover(36,44)",6829.0000,6827.7500,1.0000,1.0000,31.7500,31.7500,6827.7500,14071.2500,14071.2500
2017-11-09,"MA_Crossover(36,44)",6779.0000,6777.7500,1.0000,1.0000,-50.0000,-50.0000,6777.7500,14021.2500,14021.2500
2017-11-10,"MA_Crossover(36,44)",6754.0000,6752.7500,1.0000,1.0000,-25.0000,-25.0000,6752.7500,13996.2500,13996.2500
2017-11-13,"MA_Crossover(36,44)",6860.7500,6859.5000,1.0000,1.0000,106.7500,106.7500,6859.5000,14103.0000,14103.0000
2017-11-14,"MA_Crossover(36,44)",6736.5000,6732.0000,1.0000,1.0000,-127.5000,-127.5000,6732.0000,13975.5000,13975.5000
2017-11-15,"MA_Crossover(36,44)",6752.0000,6746.5000,1.0000,1.0000,14.5000,14.5000,6746.5000,13990.0000,13990.0000
2017-11-16,"MA_Crossover(36,44)",6716.0000,6710.5000,1.0000,1.0000,-36.0000,-36.0000,6710.5000,13954.0000,13954.0000
2017-11-17,"MA_Crossover(36,44)",6756.5000,6741.0000,1.0000,1.0000,30.5000,30.5000,6741.0000,13984.5000,13984.5000
2017-11-20,"MA_Crossover(36,44)",6808.5000,6793.0000,1.0000,1.0000,52.0000,52.0000,6793.0000,14036.5000,14036.5000
2017-11-21,"MA_Crossover(36,44)",6888.5000,6873.0000,1.0000,1.0000,80.0000,80.0000,6873.0000,14116.5000,14116.5000
2017-11-22,"MA_Crossover(36,44)",6933.5000,6918.0000,1.0000,1.0000,45.0000,45.0000,6918.0000,14161.5000,14161.5000
2017-11-23,"MA_Crossover(36,44)",6945.5000,6930.0000,1.0000,1.0000,12.0000,12.0000,6930.0000,14173.5000,14173.5000
2017-11-24,"MA_Crossover(36,44)",6986.0000,6970.5000,1.0000,1.0000,40.5000,40.5000,6970.5000,14214.0000,14214.0000
2017-11-27,"MA_Crossover(36,44)",6921.5000,6906.0000,1.0000,1.0000,-64.5000,-64.5000,6906.0000,14149.5000,14149.5000
2017-11-28,"MA_Crossover(36,44)",6782.7500,6767.2500,1.0000,1.0000,-138.7500,-138.7500,6767.2500,14010.7500,14010.7500
2017-11-29,"MA_Crossover(36,44)",6737.5000,6722.0000,1.0000,1.0000,-45.2500,-45.2500,6722.0000,13965.5000,13965.5000
2017-11-30,"MA_Crossover(36,44)",6739.5000,6724.0000,1.0000,1.0000,2.0000,2.0000,6724.0000,13967.5000,13967.5000
2017-12-01,"MA_Crossover(36,44)",6811.7500,6796.2500,1.0000,1.0000,72.2500,72.2500,6796.2500,14039.7500,14039.7500
2017-12-04,"MA_Crossover(36,44)",6803.7500,6788.2500,1.0000,1.0000,-8.0000,-8.0000,6788.2500,14031.7500,14031.7500
2017-12-05,"MA_Crossover(36,44)",6519.0000,6503.5000,1.0000,1.0000,-284.7500,-284.7500,6503.5000,13747.0000,13747.0000
2017-12-06,"MA_Crossover(36,44)",6525.5000,6510.0000,1.0000,1.0000,6.5000,6.5000,6510.0000,13753.5000,13753.5000
2017-12-07,"MA_Crossover(36,44)",6536.5000,6521.0000,-1.0000,1.0000,11.0000,11.0000,6521.0000,13764.5000,13764.5000
2017-12-08,"MA_Crossover(36,44)",6542.7500,6527.2500,-1.0000,-1.0000,6.2500,-6.2500,-6527.2500,13758.2500,13758.2500
2017-12-11,"MA_Crossover(36,44)",6640.2500,6624.7500,-1.0000,-1.0000,97.5000,-97.5000,-6624.7500,13660.7500,13660.7500
2017-12-12,"MA_Crossover(36,44)",6632.0000,6616.5000,-1.0000,-1.0000,-8.2500,8.2500,-6616.5000,13669.0000,13669.0000
2017-12-13,"MA_Crossover(36,44)",6696.2500,6680.7500,-1.0000,-1.0000,64.2500,-64.2500,-6680.7500,13604.7500,13604.7500
2017-12-14,"MA_Crossover(36,44)",6762.0000,6746.5000,-1.0000,-1.0000,65.7500,-65.7500,-6746.5000,13539.0000,13539.0000
2017-12-15,"MA_Crossover(36,44)",6855.2500,6839.7500,-1.0000,-1.0000,93.2500,-93.2500,-6839.7500,13445.7500,13445.7500
2017-12-18,"MA_Crossover(36,44)",6874.2500,6858.7500,-1.0000,-1.0000,19.0000,-19.0000,-6858.7500,13426.7500,13426.7500
2017-12-19,"MA_Crossover(36,44)",6919.7500,6908.0000,-1.0000,-1.0000,49.2500,-49.2500,-6908.0000,13377.5000,13377.5000
2017-12-20,"MA_Crossover(36,44)",7016.7500,7007.0000,-1.0000,-1.0000,99.0000,-99.0000,-7007.0000,13278.5000,13278.5000
2017-12-21,"MA_Crossover(36,44)",7058.5000,7049.0000,-1.0000,-1.0000,42.0000,-42.0000,-7049.0000,13236.5000,13236.5000
2017-12-22,"MA_Crossover(36,44)",7100.5000,7076.0000,-1.0000,-1.0000,27.0000,-27.0000,-7076.0000,13209.5000,13209.5000
2017-12-27,"MA_Crossover(36,44)",7217.7500,7193.2500,-1.0000,-1.0000,117.2500,-117.2500,-7193.2500,13092.2500,13092.2500
2017-12-28,"MA_Crossover(36,44)",7264.7500,7240.2500,-1.0000,-1.0000,47.0000,-47.0000,-7240.2500,13045.2500,13045.2500
2017-12-29,"MA_Crossover(36,44)",7219.0000,7194.5000,-1.0000,-1.0000,-45.7500,45.7500,-7194.5000,13091.0000,13091.0000
2018-01-02,"MA_Crossover(36,44)",7173.2500,7148.7500,-1.0000,-1.0000,-45.7500,45.7500,-7148.7500,13136.7500,13136.7500
2018-01-03,"MA_Crossover(36,44)",7112.5000,7088.0000,-1.0000,-1.0000,-60.7500,60.7500,-7088.0000,13197.5000,13197.5000
2018-01-04,"MA_Crossover(36,44)",7154.2500,7129.7500,1.0000,-1.0000,41.7500,-41.7500,-7129.7500,13155.7500,13155.7500
2018-01-05,"MA_Crossover(36,44)",7087.0000,7062.5000,1.0000,1.0000,-67.2500,-67.2500,7062.5000,13088.5000,13088.5000
2018-01-08,"MA_Crossover(36,44)",7087.0000,7062.5000,1.0000,1.0000,0.0000,0.0000,7062.5000,13088.5000,13088.5000
2018-01-09,"MA_Crossover(36,44)",7065.0000,7040.5000,1.0000,1.0000,-22.0000,-22.0000,7040.5000,13066.5000,13066.5000
2018-01-10,"MA_Crossover(36,44)",7116.7500,7092.2500,1.0000,1.0000,51.7500,51.7500,7092.2500,13118.2500,13118.2500
2018-01-11,"MA_Crossover(36,44)",7103.5000,7079.0000,1.0000,1.0000,-13.2500,-13.2500,7079.0000,13105.0000,13105.0000
2018-01-12,"MA_Crossover(36,44)",7074.7500,7050.2500,1.0000,1.0000,-28.7500,-28.7500,7050.2500,13076.2500,13076.2500
2018-01-15,"MA_Crossover(36,44)",7181.2500,7156.7500,1.0000,1.0000,106.5000,106.5000,7156.7500,13182.7500,13182.7500
2018-01-16,"MA_Crossover(36,44)",7052.7500,7035.2500,1.0000,1.0000,-121.5000,-121.5000,7035.2500,13061.2500,13061.2500
2018-01-17,"MA_Crossover(36,44)",7008.2500,6990.7500,1.0000,1.0000,-44.5000,-44.5000,6990.7500,13016.7500,13016.7500
2018-01-18,"MA_Crossover(36,44)",7049.5000,7033.0000,1.0000,1.0000,42.2500,42.2500,7033.0000,13059.0000,13059.0000
2018-01-19,"MA_Crossover(36,44)",7016.7500,6987.2500,1.0000,1.0000,-45.7500,-45.7500,6987.2500,13013.2500,13013.2500
2018-01-22,"MA_Crossover(36,44)",7042.5000,7013.0000,1.0000,1.0000,25.7500,25.7500,7013.0000,13039.0000,13039.0000
2018-01-23,"MA_Crossover(36,44)",6900.5000,6871.0000,1.0000,1.0000,-142.0000,-142.0000,6871.0000,12897.0000,12897.0000
2018-01-24,"MA_Crossover(36,44)",7128.0000,7098.5000,1.0000,1.0000,227.5000,227.5000,7098.5000,13124.5000,13124.5000
2018-01-25,"MA_Crossover(36,44)",7115.7500,7086.2500,1.0000,1.0000,-12.2500,-12.2500,7086.2500,13112.2500,13112.2500
2018-01-26,"MA_Crossover(36,44)",7059.5000,7030.0000,1.0000,1.0000,-56.2500,-56.2500,7030.0000,13056.0000,13056.0000
2018-01-29,"MA_Crossover(36,44)",7056.0000,7026.5000,1.0000,1.0000,-3.5000,-3.5000,7026.5000,13052.5000,13052.5000
2018-01-30,"MA_Crossover(36,44)",7023.5000,6994.0000,1.0000,1.0000,-32.5000,-32.5000,6994.0000,13020.0000,13020.0000
2018-01-31,"MA_Crossover(36,44)",7091.2500,7061.7500,1.0000,1.0000,67.7500,67.7500,7061.7500,13087.7500,13087.7500
2018-02-01,"MA_Crossover(36,44)",7089.0000,7059.5000,1.0000,1.0000,-2.2500,-2.2500,7059.5000,13085.5000,13085.5000
2018-02-02,"MA_Crossover(36,44)",7015.5000,6986.0000,1.0000,1.0000,-73.5000,-73.5000,6986.0000,13012.0000,13012.0000
2018-02-05,"MA_Crossover(36,44)",7139.2500,7109.7500,1.0000,1.0000,123.7500,123.7500,7109.7500,13135.7500,13135.7500
2018-02-06,"MA_Crossover(36,44)",7041.7500,7012.2500,1.0000,1.0000,-97.5000,-97.5000,7012.2500,13038.2500,13038.2500
2018-02-07,"MA_Crossover(36,44)",6845.0000,6815.5000,1.0000,1.0000,-196.7500,-196.7500,6815.5000,12841.5000,12841.5000
2018-02-08,"MA_Crossover(36,44)",6811.2500,6781.7500,1.0000,1.0000,-33.7500,-33.7500,6781.7500,12807.7500,12807.7500
2018-02-09,"MA_Crossover(36,44)",6719.7500,6690.2500,1.0000,1.0000,-91.5000,-91.5000,6690.2500,12716.2500,12716.2500
2018-02-12,"MA_Crossover(36,44)",6795.0000,6765.5000,1.0000,1.0000,75.2500,75.2500,6765.5000,12791.5000,12791.5000
2018-02-13,"MA_Crossover(36,44)",6951.2500,6921.7500,1.0000,1.0000,156.2500,156.2500,6921.7500,12947.7500,12947.7500
2018-02-14,"MA_Crossover(36,44)",7125.7500,7096.2500,1.0000,1.0000,174.5000,174.5000,7096.2500,13122.2500,13122.2500
2018-02-15,"MA_Crossover(36,44)",7143.7500,7114.2500,1.0000,1.0000,18.0000,18.0000,7114.2500,13140.2500,13140.2500
2018-02-16,"MA_Crossover(36,44)",7192.0000,7162.5000,1.0000,1.0000,48.2500,48.2500,7162.5000,13188.5000,13188.5000
2018-02-19,"MA_Crossover(36,44)",7076.5000,7047.0000,1.0000,1.0000,-115.5000,-115.5000,7047.0000,13073.0000,13073.0000
2018-02-20,"MA_Crossover(36,44)",7063.2500,7032.0000,-1.0000,1.0000,-15.0000,-15.0000,7032.0000,13058.0000,13058.0000
2018-02-21,"MA_Crossover(36,44)",7092.5000,7061.0000,-1.0000,-1.0000,29.0000,-29.0000,-7061.0000,13029.0000,13029.0000
2018-02-22,"MA_Crossover(36,44)",7137.0000,7104.5000,-1.0000,-1.0000,43.5000,-43.5000,-7104.5000,12985.5000,12985.5000
2018-02-23,"MA_Crossover(36,44)",7069.2500,7023.7500,-1.0000,-1.0000,-80.7500,80.7500,-7023.7500,13066.2500,13066.2500
2018-02-26,"MA_Crossover(36,44)",7083.7500,7038.2500,-1.0000,-1.0000,14.5000,-14.5000,-7038.2500,13051.7500,13051.7500
2018-02-27,"MA_Crossover(36,44)",6993.2500,6947.7500,-1.0000,-1.0000,-90.5000,90.5000,-6947.7500,13142.2500,13142.2500
2018-02-28,"MA_Crossover(36,44)",6903.5000,6858.0000,-1.0000,-1.0000,-89.7500,89.7500,-6858.0000,13232.0000,13232.0000
2018-03-01,"MA_Crossover(36,44)",6894.5000,6849.0000,-1.0000,-1.0000,-9.0000,9.0000,-6849.0000,13241.0000,13241.0000
2018-03-02,"MA_Crossover(36,44)",6871.0000,6825.5000,-1.0000,-1.0000,-23.5000,23.5000,-6825.5000,13264.5000,13264.5000
2018-03-05,"MA_Crossover(36,44)",6880.7500,6835.2500,-1.0000,-1.0000,9.7500,-9.7500,-6835.2500,13254.7500,13254.7500
2018-03-06,"MA_Crossover(36,44)",6972.2500,6926.7500,-1.0000,-1.0000,91.5000,-91.5000,-6926.7500,13163.2500,13163.2500
2018-03-07,"MA_Crossover(36,44)",6916.7500,6871.2500,-1.0000,-1.0000,-55.5000,55.5000,-6871.2500,13218.7500,13218.7500
2018-03-08,"MA_Crossover(36,44)",6801.7500,6756.2500,-1.0000,-1.0000,-115.0000,115.0000,-6756.2500,13333.7500,13333.7500
2018-03-09,"MA_Crossover(36,44)",6934.0000,6888.5000,-1.0000,-1.0000,132.2500,-132.2500,-6888.5000,13201.5000,13201.5000
2018-03-12,"MA_Crossover(36,44)",6878.0000,6832.5000,-1.0000,-1.0000,-56.0000,56.0000,-6832.5000,13257.5000,13257.5000
2018-03-13,"MA_Crossover(36,44)",6913.2500,6867.7500,-1.0000,-1.0000,35.2500,-35.2500,-6867.7500,13222.2500,13222.2500
2018-03-14,"MA_Crossover(36,44)",6953.7500,6908.2500,-1.0000,-1.0000,40.5000,-40.5000,-6908.2500,13181.7500,13181.7500
2018-03-15,"MA_Crossover(36,44)",6884.0000,6838.5000,-1.0000,-1.0000,-69.7500,69.7500,-6838.5000,13251.5000,13251.5000
2018-03-16,"MA_Crossover(36,44)",6858.2500,6812.7500,-1.0000,-1.0000,-25.7500,25.7500,-6812.7500,13277.2500,13277.2500
2018-03-19,"MA_Crossover(36,44)",6819.5000,6774.0000,-1.0000,-1.0000,-38.7500,38.7500,-6774.0000,13316.0000,13316.0000
2018-03-20,"MA_Crossover(36,44)",6733.0000,6688.0000,-1.0000,-1.0000,-86.0000,86.0000,-6688.0000,13402.0000,13402.0000
2018-03-21,"MA_Crossover(36,44)",6772.5000,6728.5000,-1.0000,-1.0000,40.5000,-40.5000,-6728.5000,13361.5000,13361.5000
2018-03-22,"MA_Crossover(36,44)",6671.5000,6629.0000,-1.0000,-1.0000,-99.5000,99.5000,-6629.0000,13461.0000,13461.0000
2018-03-23,"MA_Crossover(36,44)",6637.7500,6582.7500,-1.0000,-1.0000,-46.2500,46.2500,-6582.7500,13507.2500,13507.2500
2018-03-26,"MA_Crossover(36,44)",6576.5000,6521.5000,-1.0000,-1.0000,-61.2500,61.2500,-6521.5000,13568.5000,13568.5000
2018-03-27,"MA_Crossover(36,44)",6623.5000,6568.5000,-1.0000,-1.0000,47.0000,-47.0000,-6568.5000,13521.5000,13521.5000
2018-03-28,"MA_Crossover(36,44)",6641.5000,6586.5000,-1.0000,-1.0000,18.0000,-18.0000,-6586.5000,13503.5000,13503.5000
2018-03-29,"MA_Crossover(36,44)",6690.2500,6635.2500,-1.0000,-1.0000,48.7500,-48.7500,-6635.2500,13454.7500,13454.7500
2018-04-03,"MA_Crossover(36,44)",6772.2500,6717.2500,-1.0000,-1.0000,82.0000,-82.0000,-6717.2500,13372.7500,13372.7500
2018-04-04,"MA_Crossover(36,44)",6699.7500,6644.7500,-1.0000,-1.0000,-72.5000,72.5000,-6644.7500,13445.2500,13445.2500
2018-04-05,"MA_Crossover(36,44)",6789.2500,6734.2500,-1.0000,-1.0000,89.5000,-89.5000,-6734.2500,13355.7500,13355.7500
2018-04-06,"MA_Crossover(36,44)",6738.0000,6683.0000,-1.0000,-1.0000,-51.2500,51.2500,-6683.0000,13407.0000,13407.0000
2018-04-09,"MA_Crossover(36,44)",6797.7500,6742.7500,-1.0000,-1.0000,59.7500,-59.7500,-6742.7500,13347.2500,13347.2500
2018-04-10,"MA_Crossover(36,44)",6914.7500,6859.7500,-1.0000,-1.0000,117.0000,-117.0000,-6859.7500,13230.2500,13230.2500
2018-04-11,"MA_Crossover(36,44)",6918.2500,6863.2500,-1.0000,-1.0000,3.5000,-3.5000,-6863.2500,13226.7500,13226.7500
2018-04-12,"MA_Crossover(36,44)",6789.2500,6734.2500,-1.0000,-1.0000,-129.0000,129.0000,-6734.2500,13355.7500,13355.7500
2018-04-13,"MA_Crossover(36,44)",6797.2500,6742.2500,-1.0000,-1.0000,8.0000,-8.0000,-6742.2500,13347.7500,13347.7500
2018-04-16,"MA_Crossover(36,44)",6876.2500,6821.2500,-1.0000,-1.0000,79.0000,-79.0000,-6821.2500,13268.7500,13268.7500
2018-04-17,"MA_Crossover(36,44)",6850.0000,6799.5000,-1.0000,-1.0000,-21.7500,21.7500,-6799.5000,13290.5000,13290.5000
2018-04-18,"MA_Crossover(36,44)",6998.2500,6946.5000,-1.0000,-1.0000,147.0000,-147.0000,-6946.5000,13143.5000,13143.5000
2018-04-19,"MA_Crossover(36,44)",6960.5000,6910.5000,-1.0000,-1.0000,-36.0000,36.0000,-6910.5000,13179.5000,13179.5000
2018-04-20,"MA_Crossover(36,44)",6968.5000,6903.5000,-1.0000,-1.0000,-7.0000,7.0000,-6903.5000,13186.5000,13186.5000
2018-04-23,"MA_Crossover(36,44)",6916.5000,6851.5000,-1.0000,-1.0000,-52.0000,52.0000,-6851.5000,13238.5000,13238.5000
2018-04-24,"MA_Crossover(36,44)",6986.5000,6921.5000,-1.0000,-1.0000,70.0000,-70.0000,-6921.5000,13168.5000,13168.5000
2018-04-25,"MA_Crossover(36,44)",6984.7500,6919.7500,-1.0000,-1.0000,-1.7500,1.7500,-6919.7500,13170.2500,13170.2500
2018-04-26,"MA_Crossover(36,44)",6940.5000,6875.5000,-1.0000,-1.0000,-44.2500,44.2500,-6875.5000,13214.5000,13214.5000
2018-04-27,"MA_Crossover(36,44)",6769.2500,6704.2500,-1.0000,-1.0000,-171.2500,171.2500,-6704.2500,13385.7500,13385.7500
2018-04-30,"MA_Crossover(36,44)",6779.0000,6714.0000,-1.0000,-1.0000,9.7500,-9.7500,-6714.0000,13376.0000,13376.0000
2018-05-01,"MA_Crossover(36,44)",6716.2500,6651.2500,-1.0000,-1.0000,-62.7500,62.7500,-6651.2500,13438.7500,13438.7500
2018-05-02,"MA_Crossover(36,44)",6792.5000,6727.5000,-1.0000,-1.0000,76.2500,-76.2500,-6727.5000,13362.5000,13362.5000
2018-05-03,"MA_Crossover(36,44)",6796.2500,6731.2500,-1.0000,-1.0000,3.7500,-3.7500,-6731.2500,13358.7500,13358.7500
2018-05-04,"MA_Crossover(36,44)",6794.5000,6729.5000,-1.0000,-1.0000,-1.7500,1.7500,-6729.5000,13360.5000,13360.5000
2018-05-08,"MA_Crossover(36,44)",6712.2500,6647.2500,-1.0000,-1.0000,-82.2500,82.2500,-6647.2500,13442.7500,13442.7500
2018-05-09,"MA_Crossover(36,44)",6778.0000,6713.0000,-1.0000,-1.0000,65.7500,-65.7500,-6713.0000,13377.0000,13377.0000
2018-05-10,"MA_Crossover(36,44)",6885.5000,6820.5000,-1.0000,-1.0000,107.5000,-107.5000,-6820.5000,13269.5000,13269.5000
2018-05-11,"MA_Crossover(36,44)",6909.2500,6844.2500,-1.0000,-1.0000,23.7500,-23.7500,-6844.2500,13245.7500,13245.7500
2018-05-14,"MA_Crossover(36,44)",6856.2500,6791.2500,-1.0000,-1.0000,-53.0000,53.0000,-6791.2500,13298.7500,13298.7500
2018-05-15,"MA_Crossover(36,44)",6786.0000,6725.5000,-1.0000,-1.0000,-65.7500,65.7500,-6725.5000,13364.5000,13364.5000
2018-05-16,"MA_Crossover(36,44)",6808.0000,6747.0000,-1.0000,-1.0000,21.5000,-21.5000,-6747.0000,13343.0000,13343.0000
2018-05-17,"MA_Crossover(36,44)",6864.0000,6802.0000,1.0000,-1.0000,55.0000,-55.0000,-6802.0000,13288.0000,13288.0000
2018-05-18,"MA_Crossover(36,44)",6837.2500,6765.2500,1.0000,1.0000,-36.7500,-36.7500,6765.2500,13251.2500,13251.2500
2018-05-21,"MA_Crossover(36,44)",6858.2500,6786.2500,1.0000,1.0000,21.0000,21.0000,6786.2500,13272.2500,13272.2500
2018-05-22,"MA_Crossover(36,44)",6963.5000,6891.5000,1.0000,1.0000,105.2500,105.2500,6891.5000,13377.5000,13377.5000
2018-05-23,"MA_Crossover(36,44)",6853.0000,6781.0000,1.0000,1.0000,-110.5000,-110.5000,6781.0000,13267.0000,13267.0000
2018-05-24,"MA_Crossover(36,44)",6866.0000,6794.0000,1.0000,1.0000,13.0000,13.0000,6794.0000,13280.0000,13280.0000
2018-05-25,"MA_Crossover(36,44)",6872.2500,6800.2500,1.0000,1.0000,6.2500,6.2500,6800.2500,13286.2500,13286.2500
2018-05-29,"MA_Crossover(36,44)",6852.0000,6780.0000,1.0000,1.0000,-20.2500,-20.2500,6780.0000,13266.0000,13266.0000
2018-05-30,"MA_Crossover(36,44)",6836.5000,6764.5000,1.0000,1.0000,-15.5000,-15.5000,6764.5000,13250.5000,13250.5000
2018-05-31,"MA_Crossover(36,44)",6847.5000,6775.5000,1.0000,1.0000,11.0000,11.0000,6775.5000,13261.5000,13261.5000
2018-06-01,"MA_Crossover(36,44)",6888.7500,6816.7500,1.0000,1.0000,41.2500,41.2500,6816.7500,13302.7500,13302.7500
2018-06-04,"MA_Crossover(36,44)",6978.7500,6906.7500,1.0000,1.0000,90.0000,90.0000,6906.7500,13392.7500,13392.7500
2018-06-05,"MA_Crossover(36,44)",7100.7500,7028.7500,1.0000,1.0000,122.0000,122.0000,7028.7500,13514.7500,13514.7500
2018-06-06,"MA_Crossover(36,44)",7216.2500,7144.2500,1.0000,1.0000,115.5000,115.5000,7144.2500,13630.2500,13630.2500
2018-06-07,"MA_Crossover(36,44)",7334.0000,7262.0000,1.0000,1.0000,117.7500,117.7500,7262.0000,13748.0000,13748.0000
2018-06-08,"MA_Crossover(36,44)",7326.5000,7254.5000,1.0000,1.0000,-7.5000,-7.5000,7254.5000,13740.5000,13740.5000
2018-06-11,"MA_Crossover(36,44)",7259.0000,7187.0000,1.0000,1.0000,-67.5000,-67.5000,7187.0000,13673.0000,13673.0000
2018-06-12,"MA_Crossover(36,44)",7213.5000,7141.5000,1.0000,1.0000,-45.5000,-45.5000,7141.5000,13627.5000,13627.5000
2018-06-13,"MA_Crossover(36,44)",7255.2500,7183.2500,1.0000,1.0000,41.7500,41.7500,7183.2500,13669.2500,13669.2500
2018-06-14,"MA_Crossover(36,44)",7174.5000,7102.5000,1.0000,1.0000,-80.7500,-80.7500,7102.5000,13588.5000,13588.5000
2018-06-15,"MA_Crossover(36,44)",7019.5000,6947.5000,1.0000,1.0000,-155.0000,-155.0000,6947.5000,13433.5000,13433.5000
2018-06-18,"MA_Crossover(36,44)",6971.0000,6899.0000,-1.0000,1.0000,-48.5000,-48.5000,6899.0000,13385.0000,13385.0000
2018-06-19,"MA_Crossover(36,44)",6838.5000,6773.0000,-1.0000,-1.0000,-126.0000,126.0000,-6773.0000,13511.0000,13511.0000
2018-06-20,"MA_Crossover(36,44)",6774.7500,6708.7500,-1.0000,-1.0000,-64.2500,64.2500,-6708.7500,13575.2500,13575.2500
2018-06-21,"MA_Crossover(36,44)",6797.5000,6727.5000,1.0000,-1.0000,18.7500,-18.7500,-6727.5000,13556.5000,13556.5000
2018-06-22,"MA_Crossover(36,44)",6798.5000,6737.0000,1.0000,1.0000,9.5000,9.5000,6737.0000,13566.0000,13566.0000
2018-06-25,"MA_Crossover(36,44)",6760.0000,6698.5000,1.0000,1.0000,-38.5000,-38.5000,6698.5000,13527.5000,13527.5000
2018-06-26,"MA_Crossover(36,44)",6727.5000,6666.0000,1.0000,1.0000,-32.5000,-32.5000,6666.0000,13495.0000,13495.0000
2018-06-27,"MA_Crossover(36,44)",6706.5000,6645.0000,1.0000,1.0000,-21.0000,-21.0000,6645.0000,13474.0000,13474.0000
2018-06-28,"MA_Crossover(36,44)",6640.5000,6579.0000,1.0000,1.0000,-66.0000,-66.0000,6579.0000,13408.0000,13408.0000
2018-06-29,"MA_Crossover(36,44)",6638.0000,6576.5000,1.0000,1.0000,-2.5000,-2.5000,6576.5000,13405.5000,13405.5000
2018-07-02,"MA_Crossover(36,44)",6536.0000,6474.5000,1.0000,1.0000,-102.0000,-102.0000,6474.5000,13303.5000,13303.5000
2018-07-03,"MA_Crossover(36,44)",6498.2500,6436.7500,1.0000,1.0000,-37.7500,-37.7500,6436.7500,13265.7500,13265.7500
2018-07-04,"MA_Crossover(36,44)",6396.7500,6335.2500,1.0000,1.0000,-101.5000,-101.5000,6335.2500,13164.2500,13164.2500
2018-07-05,"MA_Crossover(36,44)",6349.5000,6288.0000,1.0000,1.0000,-47.2500,-47.2500,6288.0000,13117.0000,13117.0000
2018-07-06,"MA_Crossover(36,44)",6284.0000,6222.5000,1.0000,1.0000,-65.5000,-65.5000,6222.5000,13051.5000,13051.5000
2018-07-09,"MA_Crossover(36,44)",6388.5000,6327.0000,1.0000,1.0000,104.5000,104.5000,6327.0000,13156.0000,13156.0000
2018-07-10,"MA_Crossover(36,44)",6326.5000,6265.0000,-1.0000,1.0000,-62.0000,-62.0000,6265.0000,13094.0000,13094.0000
2018-07-11,"MA_Crossover(36,44)",6135.0000,6073.5000,-1.0000,-1.0000,-191.5000,191.5000,-6073.5000,13285.5000,13285.5000
2018-07-12,"MA_Crossover(36,44)",6211.7500,6150.2500,-1.0000,-1.0000,76.7500,-76.7500,-6150.2500,13208.7500,13208.7500
2018-07-13,"MA_Crossover(36,44)",6217.5000,6156.0000,-1.0000,-1.0000,5.7500,-5.7500,-6156.0000,13203.0000,13203.0000
2018-07-16,"MA_Crossover(36,44)",6165.0000,6103.5000,-1.0000,-1.0000,-52.5000,52.5000,-6103.5000,13255.5000,13255.5000
2018-07-17,"MA_Crossover(36,44)",6134.0000,6072.5000,-1.0000,-1.0000,-31.0000,31.0000,-6072.5000,13286.5000,13286.5000
2018-07-18,"MA_Crossover(36,44)",6140.5000,6076.0000,-1.0000,-1.0000,3.5000,-3.5000,-6076.0000,13283.0000,13283.0000
2018-07-19,"MA_Crossover(36,44)",6053.5000,5990.5000,-1.0000,-1.0000,-85.5000,85.5000,-5990.5000,13368.5000,13368.5000
2018-07-20,"MA_Crossover(36,44)",6137.5000,6067.0000,-1.0000,-1.0000,76.5000,-76.5000,-6067.0000,13292.0000,13292.0000
2018-07-23,"MA_Crossover(36,44)",6114.7500,6044.2500,-1.0000,-1.0000,-22.7500,22.7500,-6044.2500,13314.7500,13314.7500
2018-07-24,"MA_Crossover(36,44)",6280.7500,6210.2500,-1.0000,-1.0000,166.0000,-166.0000,-6210.2500,13148.7500,13148.7500
2018-07-25,"MA_Crossover(36,44)",6275.0000,6204.5000,-1.0000,-1.0000,-5.7500,5.7500,-6204.5000,13154.5000,13154.5000
2018-07-26,"MA_Crossover(36,44)",6276.5000,6206.0000,-1.0000,-1.0000,1.5000,-1.5000,-6206.0000,13153.0000,13153.0000
2018-07-27,"MA_Crossover(36,44)",6285.2500,6214.7500,-1.0000,-1.0000,8.7500,-8.7500,-6214.7500,13144.2500,13144.2500
2018-07-30,"MA_Crossover(36,44)",6234.0000,6163.5000,-1.0000,-1.0000,-51.2500,51.2500,-6163.5000,13195.5000,13195.5000
2018-07-31,"MA_Crossover(36,44)",6287.7500,6217.2500,-1.0000,-1.0000,53.7500,-53.7500,-6217.2500,13141.7500,13141.7500
2018-08-01,"MA_Crossover(36,44)",6155.0000,6084.5000,-1.0000,-1.0000,-132.7500,132.7500,-6084.5000,13274.5000,13274.5000
2018-08-02,"MA_Crossover(36,44)",6118.5000,6048.0000,-1.0000,-1.0000,-36.5000,36.5000,-6048.0000,13311.0000,13311.0000
2018-08-03,"MA_Crossover(36,44)",6185.2500,6114.7500,-1.0000,-1.0000,66.7500,-66.7500,-6114.7500,13244.2500,13244.2500
2018-08-06,"MA_Crossover(36,44)",6110.0000,6039.5000,-1.0000,-1.0000,-75.2500,75.2500,-6039.5000,13319.5000,13319.5000
2018-08-07,"MA_Crossover(36,44)",6149.2500,6078.7500,-1.0000,-1.0000,39.2500,-39.2500,-6078.7500,13280.2500,13280.2500
2018-08-08,"MA_Crossover(36,44)",6148.5000,6078.0000,-1.0000,-1.0000,-0.7500,0.7500,-6078.0000,13281.0000,13281.0000
2018-08-09,"MA_Crossover(36,44)",6200.2500,6129.7500,-1.0000,-1.0000,51.7500,-51.7500,-6129.7500,13229.2500,13229.2500
2018-08-10,"MA_Crossover(36,44)",6161.2500,6090.7500,-1.0000,-1.0000,-39.0000,39.0000,-6090.7500,13268.2500,13268.2500
2018-08-13,"MA_Crossover(36,44)",6123.2500,6052.7500,-1.0000,-1.0000,-38.0000,38.0000,-6052.7500,13306.2500,13306.2500
2018-08-14,"MA_Crossover(36,44)",6028.5000,5948.5000,-1.0000,-1.0000,-104.2500,104.2500,-5948.5000,13410.5000,13410.5000
2018-08-15,"MA_Crossover(36,44)",5785.0000,5705.0000,-1.0000,-1.0000,-243.5000,243.5000,-5705.0000,13654.0000,13654.0000
2018-08-16,"MA_Crossover(36,44)",5924.0000,5843.0000,-1.0000,-1.0000,138.0000,-138.0000,-5843.0000,13516.0000,13516.0000
2018-08-17,"MA_Crossover(36,44)",5911.5000,5823.5000,-1.0000,-1.0000,-19.5000,19.5000,-5823.5000,13535.5000,13535.5000
2018-08-20,"MA_Crossover(36,44)",5981.5000,5893.5000,-1.0000,-1.0000,70.0000,-70.0000,-5893.5000,13465.5000,13465.5000
2018-08-21,"MA_Crossover(36,44)",6035.0000,5947.0000,-1.0000,-1.0000,53.5000,-53.5000,-5947.0000,13412.0000,13412.0000
2018-08-22,"MA_Crossover(36,44)",5997.0000,5909.0000,-1.0000,-1.0000,-38.0000,38.0000,-5909.0000,13450.0000,13450.0000
2018-08-23,"MA_Crossover(36,44)",5979.0000,5891.0000,-1.0000,-1.0000,-18.0000,18.0000,-5891.0000,13468.0000,13468.0000
2018-08-24,"MA_Crossover(36,44)",6102.0000,6014.0000,-1.0000,-1.0000,123.0000,-123.0000,-6014.0000,13345.0000,13345.0000
2018-08-28,"MA_Crossover(36,44)",6143.5000,6055.5000,-1.0000,-1.0000,41.5000,-41.5000,-6055.5000,13303.5000,13303.5000
2018-08-29,"MA_Crossover(36,44)",6081.0000,5993.0000,-1.0000,-1.0000,-62.5000,62.5000,-5993.0000,13366.0000,13366.0000
2018-08-30,"MA_Crossover(36,44)",6066.5000,5978.5000,-1.0000,-1.0000,-14.5000,14.5000,-5978.5000,13380.5000,13380.5000
2018-08-31,"MA_Crossover(36,44)",5974.0000,5886.0000,-1.0000,-1.0000,-92.5000,92.5000,-5886.0000,13473.0000,13473.0000
2018-09-03,"MA_Crossover(36,44)",5957.0000,5869.0000,-1.0000,-1.0000,-17.0000,17.0000,-5869.0000,13490.0000,13490.0000
2018-09-04,"MA_Crossover(36,44)",5806.0000,5718.0000,-1.0000,-1.0000,-151.0000,151.0000,-5718.0000,13641.0000,13641.0000
2018-09-05,"MA_Crossover(36,44)",5862.7500,5774.7500,-1.0000,-1.0000,56.7500,-56.7500,-5774.7500,13584.2500,13584.2500
2018-09-06,"MA_Crossover(36,44)",5911.0000,5823.0000,-1.0000,-1.0000,48.2500,-48.2500,-5823.0000,13536.0000,13536.0000
2018-09-07,"MA_Crossover(36,44)",5919.5000,5831.5000,-1.0000,-1.0000,8.5000,-8.5000,-5831.5000,13527.5000,13527.5000
2018-09-10,"MA_Crossover(36,44)",5896.5000,5808.5000,-1.0000,-1.0000,-23.0000,23.0000,-5808.5000,13550.5000,13550.5000
2018-09-11,"MA_Crossover(36,44)",5847.2500,5759.2500,-1.0000,-1.0000,-49.2500,49.2500,-5759.2500,13599.7500,13599.7500
2018-09-12,"MA_Crossover(36,44)",5984.0000,5896.0000,-1.0000,-1.0000,136.7500,-136.7500,-5896.0000,13463.0000,13463.0000
2018-09-13,"MA_Crossover(36,44)",6014.5000,5926.5000,-1.0000,-1.0000,30.5000,-30.5000,-5926.5000,13432.5000,13432.5000
2018-09-14,"MA_Crossover(36,44)",5951.0000,5863.0000,-1.0000,-1.0000,-63.5000,63.5000,-5863.0000,13496.0000,13496.0000
2018-09-17,"MA_Crossover(36,44)",5920.0000,5832.0000,-1.0000,-1.0000,-31.0000,31.0000,-5832.0000,13527.0000,13527.0000
2018-09-18,"MA_Crossover(36,44)",6077.5000,5982.7500,-1.0000,-1.0000,150.7500,-150.7500,-5982.7500,13376.2500,13376.2500
2018-09-19,"MA_Crossover(36,44)",6110.0000,6016.7500,-1.0000,-1.0000,34.0000,-34.0000,-6016.7500,13342.2500,13342.2500
2018-09-20,"MA_Crossover(36,44)",6078.0000,5982.7500,-1.0000,-1.0000,-34.0000,34.0000,-5982.7500,13376.2500,13376.2500
2018-09-21,"MA_Crossover(36,44)",6373.5000,6273.2500,-1.0000,-1.0000,290.5000,-290.5000,-6273.2500,13085.7500,13085.7500
2018-09-24,"MA_Crossover(36,44)",6355.5000,6255.2500,-1.0000,-1.0000,-18.0000,18.0000,-6255.2500,13103.7500,13103.7500
2018-09-25,"MA_Crossover(36,44)",6319.7500,6219.5000,-1.0000,-1.0000,-35.7500,35.7500,-6219.5000,13139.5000,13139.5000
2018-09-26,"MA_Crossover(36,44)",6278.0000,6177.7500,-1.0000,-1.0000,-41.7500,41.7500,-6177.7500,13181.2500,13181.2500
2018-09-27,"MA_Crossover(36,44)",6185.0000,6084.7500,-1.0000,-1.0000,-93.0000,93.0000,-6084.7500,13274.2500,13274.2500
2018-09-28,"MA_Crossover(36,44)",6260.5000,6160.2500,-1.0000,-1.0000,75.5000,-75.5000,-6160.2500,13198.7500,13198.7500
2018-10-01,"MA_Crossover(36,44)",6255.5000,6155.2500,-1.0000,-1.0000,-5.0000,5.0000,-6155.2500,13203.7500,13203.7500
2018-10-02,"MA_Crossover(36,44)",6291.0000,6190.7500,-1.0000,-1.0000,35.5000,-35.5000,-6190.7500,13168.2500,13168.2500
2018-10-03,"MA_Crossover(36,44)",6266.5000,6166.2500,-1.0000,-1.0000,-24.5000,24.5000,-6166.2500,13192.7500,13192.7500
2018-10-04,"MA_Crossover(36,44)",6291.0000,6190.7500,-1.0000,-1.0000,24.5000,-24.5000,-6190.7500,13168.2500,13168.2500
2018-10-05,"MA_Crossover(36,44)",6171.0000,6070.7500,-1.0000,-1.0000,-120.0000,120.0000,-6070.7500,13288.2500,13288.2500
2018-10-08,"MA_Crossover(36,44)",6178.2500,6078.0000,1.0000,-1.0000,7.2500,-7.2500,-6078.0000,13281.0000,13281.0000
2018-10-09,"MA_Crossover(36,44)",6303.5000,6203.2500,1.0000,1.0000,125.2500,125.2500,6203.2500,13406.2500,13406.2500
2018-10-10,"MA_Crossover(36,44)",6254.5000,6154.2500,1.0000,1.0000,-49.0000,-49.0000,6154.2500,13357.2500,13357.2500
2018-10-11,"MA_Crossover(36,44)",6259.2500,6159.0000,1.0000,1.0000,4.7500,4.7500,6159.0000,13362.0000,13362.0000
2018-10-12,"MA_Crossover(36,44)",6318.5000,6218.2500,1.0000,1.0000,59.2500,59.2500,6218.2500,13421.2500,13421.2500
2018-10-15,"MA_Crossover(36,44)",6303.0000,6202.7500,1.0000,1.0000,-15.5000,-15.5000,6202.7500,13405.7500,13405.7500
2018-10-16,"MA_Crossover(36,44)",6212.2500,6113.5000,1.0000,1.0000,-89.2500,-89.2500,6113.5000,13316.5000,13316.5000
2018-10-17,"MA_Crossover(36,44)",6222.0000,6121.2500,1.0000,1.0000,7.7500,7.7500,6121.2500,13324.2500,13324.2500
2018-10-18,"MA_Crossover(36,44)",6160.5000,6060.2500,1.0000,1.0000,-61.0000,-61.0000,6060.2500,13263.2500,13263.2500
2018-10-19,"MA_Crossover(36,44)",6229.0000,6126.7500,1.0000,1.0000,66.5000,66.5000,6126.7500,13329.7500,13329.7500
2018-10-22,"MA_Crossover(36,44)",6247.7500,6145.5000,1.0000,1.0000,18.7500,18.7500,6145.5000,13348.5000,13348.5000
2018-10-23,"MA_Crossover(36,44)",6198.5000,6096.2500,1.0000,1.0000,-49.2500,-49.2500,6096.2500,13299.2500,13299.2500
2018-10-24,"MA_Crossover(36,44)",6186.0000,6083.7500,1.0000,1.0000,-12.5000,-12.5000,6083.7500,13286.7500,13286.7500
2018-10-25,"MA_Crossover(36,44)",6238.0000,6135.7500,1.0000,1.0000,52.0000,52.0000,6135.7500,13338.7500,13338.7500
2018-10-26,"MA_Crossover(36,44)",6179.0000,6076.7500,1.0000,1.0000,-59.0000,-59.0000,6076.7500,13279.7500,13279.7500
2018-10-29,"MA_Crossover(36,44)",6172.5000,6070.2500,1.0000,1.0000,-6.5000,-6.5000,6070.2500,13273.2500,13273.2500
2018-10-30,"MA_Crossover(36,44)",6051.5000,5949.2500,1.0000,1.0000,-121.0000,-121.0000,5949.2500,13152.2500,13152.2500
2018-10-31,"MA_Crossover(36,44)",6006.5000,5904.2500,1.0000,1.0000,-45.0000,-45.0000,5904.2500,13107.2500,13107.2500
2018-11-01,"MA_Crossover(36,44)",6102.0000,5999.7500,1.0000,1.0000,95.5000,95.5000,5999.7500,13202.7500,13202.7500
2018-11-02,"MA_Crossover(36,44)",6299.0000,6196.7500,1.0000,1.0000,197.0000,197.0000,6196.7500,13399.7500,13399.7500
2018-11-05,"MA_Crossover(36,44)",6202.5000,6100.2500,1.0000,1.0000,-96.5000,-96.5000,6100.2500,13303.2500,13303.2500
2018-11-06,"MA_Crossover(36,44)",6177.0000,6074.7500,1.0000,1.0000,-25.5000,-25.5000,6074.7500,13277.7500,13277.7500
2018-11-07,"MA_Crossover(36,44)",6166.0000,6063.7500,1.0000,1.0000,-11.0000,-11.0000,6063.7500,13266.7500,13266.7500
2018-11-08,"MA_Crossover(36,44)",6170.5000,6068.2500,1.0000,1.0000,4.5000,4.5000,6068.2500,13271.2500,13271.2500
2018-11-09,"MA_Crossover(36,44)",6075.5000,5973.2500,1.0000,1.0000,-95.0000,-95.0000,5973.2500,13176.2500,13176.2500
2018-11-12,"MA_Crossover(36,44)",6071.2500,5969.0000,1.0000,1.0000,-4.2500,-4.2500,5969.0000,13172.0000,13172.0000
2018-11-13,"MA_Crossover(36,44)",6091.5000,5989.2500,1.0000,1.0000,20.2500,20.2500,5989.2500,13192.2500,13192.2500
2018-11-14,"MA_Crossover(36,44)",6110.0000,6007.7500,1.0000,1.0000,18.5000,18.5000,6007.7500,13210.7500,13210.7500
2018-11-15,"MA_Crossover(36,44)",6199.0000,6096.7500,1.0000,1.0000,89.0000,89.0000,6096.7500,13299.7500,13299.7500
2018-11-16,"MA_Crossover(36,44)",6224.0000,6121.7500,-1.0000,1.0000,25.0000,25.0000,6121.7500,13324.7500,13324.7500
2018-11-19,"MA_Crossover(36,44)",6292.5000,6190.2500,-1.0000,-1.0000,68.5000,-68.5000,-6190.2500,13256.2500,13256.2500
2018-11-20,"MA_Crossover(36,44)",6198.0000,6105.7500,-1.0000,-1.0000,-84.5000,84.5000,-6105.7500,13340.7500,13340.7500
2018-11-21,"MA_Crossover(36,44)",6256.0000,6161.7500,-1.0000,-1.0000,56.0000,-56.0000,-6161.7500,13284.7500,13284.7500
2018-11-22,"MA_Crossover(36,44)",6275.2500,6182.0000,-1.0000,-1.0000,20.2500,-20.2500,-6182.0000,13264.5000,13264.5000
2018-11-23,"MA_Crossover(36,44)",6227.2500,6143.0000,-1.0000,-1.0000,-39.0000,39.0000,-6143.0000,13303.5000,13303.5000
2018-11-26,"MA_Crossover(36,44)",6212.0000,6127.7500,-1.0000,-1.0000,-15.2500,15.2500,-6127.7500,13318.7500,13318.7500
2018-11-27,"MA_Crossover(36,44)",6146.2500,6062.0000,-1.0000,-1.0000,-65.7500,65.7500,-6062.0000,13384.5000,13384.5000
2018-11-28,"MA_Crossover(36,44)",6229.0000,6144.7500,-1.0000,-1.0000,82.7500,-82.7500,-6144.7500,13301.7500,13301.7500
2018-11-29,"MA_Crossover(36,44)",6241.5000,6157.2500,-1.0000,-1.0000,12.5000,-12.5000,-6157.2500,13289.2500,13289.2500
2018-11-30,"MA_Crossover(36,44)",6227.0000,6142.7500,-1.0000,-1.0000,-14.5000,14.5000,-6142.7500,13303.7500,13303.7500
2018-12-03,"MA_Crossover(36,44)",6320.5000,6236.2500,-1.0000,-1.0000,93.5000,-93.5000,-6236.2500,13210.2500,13210.2500
2018-12-04,"MA_Crossover(36,44)",6220.5000,6136.2500,-1.0000,-1.0000,-100.0000,100.0000,-6136.2500,13310.2500,13310.2500
2018-12-05,"MA_Crossover(36,44)",6184.5000,6100.2500,-1.0000,-1.0000,-36.0000,36.0000,-6100.2500,13346.2500,13346.2500
2018-12-06,"MA_Crossover(36,44)",6086.5000,6002.2500,-1.0000,-1.0000,-98.0000,98.0000,-6002.2500,13444.2500,13444.2500
2018-12-07,"MA_Crossover(36,44)",6157.0000,6072.7500,-1.0000,-1.0000,70.5000,-70.5000,-6072.7500,13373.7500,13373.7500
2018-12-10,"MA_Crossover(36,44)",6095.0000,6010.7500,-1.0000,-1.0000,-62.0000,62.0000,-6010.7500,13435.7500,13435.7500
2018-12-11,"MA_Crossover(36,44)",6175.5000,6091.2500,-1.0000,-1.0000,80.5000,-80.5000,-6091.2500,13355.2500,13355.2500
2018-12-12,"MA_Crossover(36,44)",6148.2500,6064.0000,-1.0000,-1.0000,-27.2500,27.2500,-6064.0000,13382.5000,13382.5000
2018-12-13,"MA_Crossover(36,44)",6159.5000,6075.2500,-1.0000,-1.0000,11.2500,-11.2500,-6075.2500,13371.2500,13371.2500
2018-12-14,"MA_Crossover(36,44)",6128.7500,6044.5000,-1.0000,-1.0000,-30.7500,30.7500,-6044.5000,13402.0000,13402.0000
2018-12-17,"MA_Crossover(36,44)",6095.5000,6011.2500,-1.0000,-1.0000,-33.2500,33.2500,-6011.2500,13435.2500,13435.2500
2018-12-18,"MA_Crossover(36,44)",5958.7500,5866.0000,-1.0000,-1.0000,-145.2500,145.2500,-5866.0000,13580.5000,13580.5000
2018-12-19,"MA_Crossover(36,44)",6007.5000,5914.2500,-1.0000,-1.0000,48.2500,-48.2500,-5914.2500,13532.2500,13532.2500
2018-12-20,"MA_Crossover(36,44)",5992.5000,5900.7500,1.0000,-1.0000,-13.5000,13.5000,-5900.7500,13545.7500,13545.7500
2018-12-21,"MA_Crossover(36,44)",5982.5000,5883.2500,1.0000,1.0000,-17.5000,-17.5000,5883.2500,13528.2500,13528.2500
2018-12-24,"MA_Crossover(36,44)",5946.2500,5847.0000,-1.0000,1.0000,-36.2500,-36.2500,5847.0000,13492.0000,13492.0000
2018-12-27,"MA_Crossover(36,44)",5980.0000,5880.7500,-1.0000,-1.0000,33.7500,-33.7500,-5880.7500,13458.2500,13458.2500
2018-12-28,"MA_Crossover(36,44)",5995.5000,5896.2500,-1.0000,-1.0000,15.5000,-15.5000,-5896.2500,13442.7500,13442.7500
2018-12-31,"MA_Crossover(36,44)",5960.5000,5861.2500,-1.0000,-1.0000,-35.0000,35.0000,-5861.2500,13477.7500,13477.7500
2019-01-02,"MA_Crossover(36,44)",5830.5000,5731.2500,-1.0000,-1.0000,-130.0000,130.0000,-5731.2500,13607.7500,13607.7500
2019-01-03,"MA_Crossover(36,44)",5723.2500,5624.0000,-1.0000,-1.0000,-107.2500,107.2500,-5624.0000,13715.0000,13715.0000
2019-01-04,"MA_Crossover(36,44)",5905.7500,5806.5000,-1.0000,-1.0000,182.5000,-182.5000,-5806.5000,13532.5000,13532.5000
2019-01-07,"MA_Crossover(36,44)",5912.0000,5812.7500,-1.0000,-1.0000,6.2500,-6.2500,-5812.7500,13526.2500,13526.2500
2019-01-08,"MA_Crossover(36,44)",5892.0000,5792.7500,-1.0000,-1.0000,-20.0000,20.0000,-5792.7500,13546.2500,13546.2500
2019-01-09,"MA_Crossover(36,44)",5940.7500,5841.5000,-1.0000,-1.0000,48.7500,-48.7500,-5841.5000,13497.5000,13497.5000
2019-01-10,"MA_Crossover(36,44)",5908.2500,5809.0000,-1.0000,-1.0000,-32.5000,32.5000,-5809.0000,13530.0000,13530.0000
2019-01-11,"MA_Crossover(36,44)",5920.7500,5821.5000,-1.0000,-1.0000,12.5000,-12.5000,-5821.5000,13517.5000,13517.5000
2019-01-14,"MA_Crossover(36,44)",5867.0000,5767.7500,-1.0000,-1.0000,-53.7500,53.7500,-5767.7500,13571.2500,13571.2500
2019-01-15,"MA_Crossover(36,44)",5907.0000,5796.2500,-1.0000,-1.0000,28.5000,-28.5000,-5796.2500,13542.7500,13542.7500
2019-01-16,"MA_Crossover(36,44)",5959.2500,5847.2500,-1.0000,-1.0000,51.0000,-51.0000,-5847.2500,13491.7500,13491.7500
2019-01-17,"MA_Crossover(36,44)",5981.7500,5870.7500,-1.0000,-1.0000,23.5000,-23.5000,-5870.7500,13468.2500,13468.2500
2019-01-18,"MA_Crossover(36,44)",6046.0000,5930.2500,-1.0000,-1.0000,59.5000,-59.5000,-5930.2500,13408.7500,13408.7500
2019-01-21,"MA_Crossover(36,44)",5969.0000,5853.2500,-1.0000,-1.0000,-77.0000,77.0000,-5853.2500,13485.7500,13485.7500
2019-01-22,"MA_Crossover(36,44)",5921.5000,5805.7500,-1.0000,-1.0000,-47.5000,47.5000,-5805.7500,13533.2500,13533.2500
2019-01-23,"MA_Crossover(36,44)",5935.7500,5820.0000,-1.0000,-1.0000,14.2500,-14.2500,-5820.0000,13519.0000,13519.0000
2019-01-24,"MA_Crossover(36,44)",5905.0000,5789.2500,-1.0000,-1.0000,-30.7500,30.7500,-5789.2500,13549.7500,13549.7500
2019-01-25,"MA_Crossover(36,44)",6045.5000,5929.7500,-1.0000,-1.0000,140.5000,-140.5000,-5929.7500,13409.2500,13409.2500
2019-01-28,"MA_Crossover(36,44)",5988.5000,5872.7500,-1.0000,-1.0000,-57.0000,57.0000,-5872.7500,13466.2500,13466.2500
2019-01-29,"MA_Crossover(36,44)",6040.5000,5924.7500,-1.0000,-1.0000,52.0000,-52.0000,-5924.7500,13414.2500,13414.2500
2019-01-30,"MA_Crossover(36,44)",6127.2500,6011.5000,-1.0000,-1.0000,86.7500,-86.7500,-6011.5000,13327.5000,13327.5000
2019-01-31,"MA_Crossover(36,44)",6159.2500,6043.5000,-1.0000,-1.0000,32.0000,-32.0000,-6043.5000,13295.5000,13295.5000
2019-02-01,"MA_Crossover(36,44)",6125.7500,6010.0000,-1.0000,-1.0000,-33.5000,33.5000,-6010.0000,13329.0000,13329.0000
2019-02-04,"MA_Crossover(36,44)",6157.5000,6041.7500,-1.0000,-1.0000,31.7500,-31.7500,-6041.7500,13297.2500,13297.2500
2019-02-05,"MA_Crossover(36,44)",6223.5000,6107.7500,-1.0000,-1.0000,66.0000,-66.0000,-6107.7500,13231.2500,13231.2500
2019-02-06,"MA_Crossover(36,44)",6269.0000,6153.2500,-1.0000,-1.0000,45.5000,-45.5000,-6153.2500,13185.7500,13185.7500
2019-02-07,"MA_Crossover(36,44)",6234.0000,6118.2500,-1.0000,-1.0000,-35.0000,35.0000,-6118.2500,13220.7500,13220.7500
2019-02-08,"MA_Crossover(36,44)",6196.2500,6080.5000,-1.0000,-1.0000,-37.7500,37.7500,-6080.5000,13258.5000,13258.5000
2019-02-11,"MA_Crossover(36,44)",6139.2500,6023.5000,-1.0000,-1.0000,-57.0000,57.0000,-6023.5000,13315.5000,13315.5000
2019-02-12,"MA_Crossover(36,44)",6094.7500,5979.0000,-1.0000,-1.0000,-44.5000,44.5000,-5979.0000,13360.0000,13360.0000
2019-02-13,"MA_Crossover(36,44)",6123.5000,6007.7500,-1.0000,-1.0000,28.7500,-28.7500,-6007.7500,13331.2500,13331.2500
2019-02-14,"MA_Crossover(36,44)",6137.2500,6021.5000,-1.0000,-1.0000,13.7500,-13.7500,-6021.5000,13317.5000,13317.5000
2019-02-15,"MA_Crossover(36,44)",6193.0000,6077.2500,-1.0000,-1.0000,55.7500,-55.7500,-6077.2500,13261.7500,13261.7500
2019-02-18,"MA_Crossover(36,44)",6333.0000,6217.2500,1.0000,-1.0000,140.0000,-140.0000,-6217.2500,13121.7500,13121.7500
2019-02-19,"MA_Crossover(36,44)",6331.0000,6248.2500,1.0000,1.0000,31.0000,31.0000,6248.2500,13152.7500,13152.7500
2019-02-20,"MA_Crossover(36,44)",6423.0000,6336.2500,1.0000,1.0000,88.0000,88.0000,6336.2500,13240.7500,13240.7500
2019-02-21,"MA_Crossover(36,44)",6396.5000,6310.2500,1.0000,1.0000,-26.0000,-26.0000,6310.2500,13214.7500,13214.7500
2019-02-22,"MA_Crossover(36,44)",6504.0000,6428.2500,1.0000,1.0000,118.0000,118.0000,6428.2500,13332.7500,13332.7500
2019-02-25,"MA_Crossover(36,44)",6502.5000,6426.7500,1.0000,1.0000,-1.5000,-1.5000,6426.7500,13331.2500,13331.2500
2019-02-26,"MA_Crossover(36,44)",6511.5000,6435.7500,1.0000,1.0000,9.0000,9.0000,6435.7500,13340.2500,13340.2500
2019-02-27,"MA_Crossover(36,44)",6531.0000,6455.2500,1.0000,1.0000,19.5000,19.5000,6455.2500,13359.7500,13359.7500
2019-02-28,"MA_Crossover(36,44)",6530.5000,6454.7500,1.0000,1.0000,-0.5000,-0.5000,6454.7500,13359.2500,13359.2500
2019-03-01,"MA_Crossover(36,44)",6502.0000,6426.2500,1.0000,1.0000,-28.5000,-28.5000,6426.2500,13330.7500,13330.7500
2019-03-04,"MA_Crossover(36,44)",6432.0000,6356.2500,1.0000,1.0000,-70.0000,-70.0000,6356.2500,13260.7500,13260.7500
2019-03-05,"MA_Crossover(36,44)",6506.0000,6430.2500,1.0000,1.0000,74.0000,74.0000,6430.2500,13334.7500,13334.7500
2019-03-06,"MA_Crossover(36,44)",6481.5000,6405.7500,1.0000,1.0000,-24.5000,-24.5000,6405.7500,13310.2500,13310.2500
2019-03-07,"MA_Crossover(36,44)",6442.0000,6366.2500,1.0000,1.0000,-39.5000,-39.5000,6366.2500,13270.7500,13270.7500
2019-03-08,"MA_Crossover(36,44)",6412.0000,6336.2500,1.0000,1.0000,-30.0000,-30.0000,6336.2500,13240.7500,13240.7500
2019-03-11,"MA_Crossover(36,44)",6427.0000,6351.2500,1.0000,1.0000,15.0000,15.0000,6351.2500,13255.7500,13255.7500
2019-03-12,"MA_Crossover(36,44)",6493.0000,6417.2500,1.0000,1.0000,66.0000,66.0000,6417.2500,13321.7500,13321.7500
2019-03-13,"MA_Crossover(36,44)",6497.5000,6421.7500,1.0000,1.0000,4.5000,4.5000,6421.7500,13326.2500,13326.2500
2019-03-14,"MA_Crossover(36,44)",6417.5000,6341.7500,1.0000,1.0000,-80.0000,-80.0000,6341.7500,13246.2500,13246.2500
2019-03-15,"MA_Crossover(36,44)",6446.5000,6370.7500,1.0000,1.0000,29.0000,29.0000,6370.7500,13275.2500,13275.2500
2019-03-18,"MA_Crossover(36,44)",6458.0000,6382.2500,1.0000,1.0000,11.5000,11.5000,6382.2500,13286.7500,13286.7500
2019-03-19,"MA_Crossover(36,44)",6458.0000,6414.2500,1.0000,1.0000,32.0000,32.0000,6414.2500,13318.7500,13318.7500
2019-03-20,"MA_Crossover(36,44)",6463.5000,6416.2500,1.0000,1.0000,2.0000,2.0000,6416.2500,13320.7500,13320.7500
2019-03-21,"MA_Crossover(36,44)",6423.0000,6378.7500,1.0000,1.0000,-37.5000,-37.5000,6378.7500,13283.2500,13283.2500
2019-03-22,"MA_Crossover(36,44)",6310.5000,6266.7500,1.0000,1.0000,-112.0000,-112.0000,6266.7500,13171.2500,13171.2500
2019-03-25,"MA_Crossover(36,44)",6336.0000,6292.2500,1.0000,1.0000,25.5000,25.5000,6292.2500,13196.7500,13196.7500
2019-03-26,"MA_Crossover(36,44)",6335.5000,6291.7500,1.0000,1.0000,-0.5000,-0.5000,6291.7500,13196.2500,13196.2500
2019-03-27,"MA_Crossover(36,44)",6337.0000,6293.2500,1.0000,1.0000,1.5000,1.5000,6293.2500,13197.7500,13197.7500
2019-03-28,"MA_Crossover(36,44)",6365.0000,6321.2500,1.0000,1.0000,28.0000,28.0000,6321.2500,13225.7500,13225.7500
2019-03-29,"MA_Crossover(36,44)",6488.5000,6444.7500,1.0000,1.0000,123.5000,123.5000,6444.7500,13349.2500,13349.2500
2019-04-01,"MA_Crossover(36,44)",6468.0000,6424.2500,1.0000,1.0000,-20.5000,-20.5000,6424.2500,13328.7500,13328.7500
2019-04-02,"MA_Crossover(36,44)",6419.5000,6375.7500,1.0000,1.0000,-48.5000,-48.5000,6375.7500,13280.2500,13280.2500
2019-04-03,"MA_Crossover(36,44)",6489.5000,6445.7500,1.0000,1.0000,70.0000,70.0000,6445.7500,13350.2500,13350.2500
2019-04-04,"MA_Crossover(36,44)",6443.7500,6400.0000,1.0000,1.0000,-45.7500,-45.7500,6400.0000,13304.5000,13304.5000
2019-04-05,"MA_Crossover(36,44)",6392.2500,6348.5000,1.0000,1.0000,-51.5000,-51.5000,6348.5000,13253.0000,13253.0000
2019-04-08,"MA_Crossover(36,44)",6465.7500,6422.0000,1.0000,1.0000,73.5000,73.5000,6422.0000,13326.5000,13326.5000
2019-04-09,"MA_Crossover(36,44)",6481.2500,6437.5000,1.0000,1.0000,15.5000,15.5000,6437.5000,13342.0000,13342.0000
2019-04-10,"MA_Crossover(36,44)",6452.5000,6408.7500,1.0000,1.0000,-28.7500,-28.7500,6408.7500,13313.2500,13313.2500
2019-04-11,"MA_Crossover(36,44)",6391.5000,6347.7500,1.0000,1.0000,-61.0000,-61.0000,6347.7500,13252.2500,13252.2500
2019-04-12,"MA_Crossover(36,44)",6464.5000,6420.7500,1.0000,1.0000,73.0000,73.0000,6420.7500,13325.2500,13325.2500
2019-04-15,"MA_Crossover(36,44)",6452.0000,6408.2500,1.0000,1.0000,-12.5000,-12.5000,6408.2500,13312.7500,13312.7500
2019-04-16,"MA_Crossover(36,44)",6483.5000,6430.7500,1.0000,1.0000,22.5000,22.5000,6430.7500,13335.2500,13335.2500
2019-04-17,"MA_Crossover(36,44)",6545.7500,6493.2500,1.0000,1.0000,62.5000,62.5000,6493.2500,13397.7500,13397.7500
2019-04-18,"MA_Crossover(36,44)",6467.7500,6415.0000,1.0000,1.0000,-78.2500,-78.2500,6415.0000,13319.5000,13319.5000
2019-04-23,"MA_Crossover(36,44)",6399.2500,6340.5000,-1.0000,1.0000,-74.5000,-74.5000,6340.5000,13245.0000,13245.0000
2019-04-24,"MA_Crossover(36,44)",6446.7500,6388.0000,-1.0000,-1.0000,47.5000,-47.5000,-6388.0000,13197.5000,13197.5000
2019-04-25,"MA_Crossover(36,44)",6359.5000,6300.7500,-1.0000,-1.0000,-87.2500,87.2500,-6300.7500,13284.7500,13284.7500
2019-04-26,"MA_Crossover(36,44)",6396.7500,6338.0000,-1.0000,-1.0000,37.2500,-37.2500,-6338.0000,13247.5000,13247.5000
2019-04-29,"MA_Crossover(36,44)",6391.5000,6332.7500,-1.0000,-1.0000,-5.2500,5.2500,-6332.7500,13252.7500,13252.7500
2019-04-30,"MA_Crossover(36,44)",6412.7500,6354.0000,-1.0000,-1.0000,21.2500,-21.2500,-6354.0000,13231.5000,13231.5000
2019-05-01,"MA_Crossover(36,44)",6223.2500,6164.5000,-1.0000,-1.0000,-189.5000,189.5000,-6164.5000,13421.0000,13421.0000
2019-05-02,"MA_Crossover(36,44)",6156.0000,6097.2500,-1.0000,-1.0000,-67.2500,67.2500,-6097.2500,13488.2500,13488.2500
2019-05-03,"MA_Crossover(36,44)",6227.2500,6168.5000,-1.0000,-1.0000,71.2500,-71.2500,-6168.5000,13417.0000,13417.0000
2019-05-07,"MA_Crossover(36,44)",6166.7500,6108.0000,-1.0000,-1.0000,-60.5000,60.5000,-6108.0000,13477.5000,13477.5000
2019-05-08,"MA_Crossover(36,44)",6131.7500,6073.0000,-1.0000,-1.0000,-35.0000,35.0000,-6073.0000,13512.5000,13512.5000
2019-05-09,"MA_Crossover(36,44)",6090.0000,6031.2500,-1.0000,-1.0000,-41.7500,41.7500,-6031.2500,13554.2500,13554.2500
2019-05-10,"MA_Crossover(36,44)",6109.0000,6050.2500,-1.0000,-1.0000,19.0000,-19.0000,-6050.2500,13535.2500,13535.2500
2019-05-13,"MA_Crossover(36,44)",5986.5000,5927.7500,-1.0000,-1.0000,-122.5000,122.5000,-5927.7500,13657.7500,13657.7500
2019-05-14,"MA_Crossover(36,44)",6014.5000,5946.2500,-1.0000,-1.0000,18.5000,-18.5000,-5946.2500,13639.2500,13639.2500
2019-05-15,"MA_Crossover(36,44)",6074.2500,6006.2500,-1.0000,-1.0000,60.0000,-60.0000,-6006.2500,13579.2500,13579.2500
2019-05-16,"MA_Crossover(36,44)",6089.0000,6022.2500,-1.0000,-1.0000,16.0000,-16.0000,-6022.2500,13563.2500,13563.2500
2019-05-17,"MA_Crossover(36,44)",6046.0000,5972.7500,-1.0000,-1.0000,-49.5000,49.5000,-5972.7500,13612.7500,13612.7500
2019-05-20,"MA_Crossover(36,44)",6017.2500,5944.0000,-1.0000,-1.0000,-28.7500,28.7500,-5944.0000,13641.5000,13641.5000
2019-05-21,"MA_Crossover(36,44)",5983.0000,5909.7500,-1.0000,-1.0000,-34.2500,34.2500,-5909.7500,13675.7500,13675.7500
2019-05-22,"MA_Crossover(36,44)",5915.0000,5841.7500,-1.0000,-1.0000,-68.0000,68.0000,-5841.7500,13743.7500,13743.7500
2019-05-23,"MA_Crossover(36,44)",5913.5000,5840.2500,-1.0000,-1.0000,-1.5000,1.5000,-5840.2500,13745.2500,13745.2500
2019-05-24,"MA_Crossover(36,44)",5944.0000,5870.7500,-1.0000,-1.0000,30.5000,-30.5000,-5870.7500,13714.7500,13714.7500
2019-05-28,"MA_Crossover(36,44)",5952.0000,5878.7500,-1.0000,-1.0000,8.0000,-8.0000,-5878.7500,13706.7500,13706.7500
2019-05-29,"MA_Crossover(36,44)",5870.5000,5797.2500,-1.0000,-1.0000,-81.5000,81.5000,-5797.2500,13788.2500,13788.2500
2019-05-30,"MA_Crossover(36,44)",5836.0000,5762.7500,-1.0000,-1.0000,-34.5000,34.5000,-5762.7500,13822.7500,13822.7500
2019-05-31,"MA_Crossover(36,44)",5820.0000,5746.7500,-1.0000,-1.0000,-16.0000,16.0000,-5746.7500,13838.7500,13838.7500
2019-06-03,"MA_Crossover(36,44)",5828.0000,5754.7500,-1.0000,-1.0000,8.0000,-8.0000,-5754.7500,13830.7500,13830.7500
2019-06-04,"MA_Crossover(36,44)",5865.2500,5792.0000,-1.0000,-1.0000,37.2500,-37.2500,-5792.0000,13793.5000,13793.5000
2019-06-05,"MA_Crossover(36,44)",5794.0000,5720.7500,-1.0000,-1.0000,-71.2500,71.2500,-5720.7500,13864.7500,13864.7500
2019-06-06,"MA_Crossover(36,44)",5797.7500,5724.5000,-1.0000,-1.0000,3.7500,-3.7500,-5724.5000,13861.0000,13861.0000
2019-06-07,"MA_Crossover(36,44)",5784.2500,5711.0000,-1.0000,-1.0000,-13.5000,13.5000,-5711.0000,13874.5000,13874.5000
2019-06-10,"MA_Crossover(36,44)",5864.2500,5791.0000,-1.0000,-1.0000,80.0000,-80.0000,-5791.0000,13794.5000,13794.5000
2019-06-11,"MA_Crossover(36,44)",5860.5000,5787.2500,-1.0000,-1.0000,-3.7500,3.7500,-5787.2500,13798.2500,13798.2500
2019-06-12,"MA_Crossover(36,44)",5828.0000,5754.7500,-1.0000,-1.0000,-32.5000,32.5000,-5754.7500,13830.7500,13830.7500
2019-06-13,"MA_Crossover(36,44)",5832.5000,5759.2500,-1.0000,-1.0000,4.5000,-4.5000,-5759.2500,13826.2500,13826.2500
2019-06-14,"MA_Crossover(36,44)",5798.5000,5725.2500,-1.0000,-1.0000,-34.0000,34.0000,-5725.2500,13860.2500,13860.2500
2019-06-17,"MA_Crossover(36,44)",5818.0000,5744.7500,-1.0000,-1.0000,19.5000,-19.5000,-5744.7500,13840.7500,13840.7500
2019-06-18,"MA_Crossover(36,44)",5943.0000,5854.0000,-1.0000,-1.0000,109.2500,-109.2500,-5854.0000,13731.5000,13731.5000
2019-06-19,"MA_Crossover(36,44)",5914.0000,5826.0000,-1.0000,-1.0000,-28.0000,28.0000,-5826.0000,13759.5000,13759.5000
2019-06-20,"MA_Crossover(36,44)",5971.5000,5882.7500,-1.0000,-1.0000,56.7500,-56.7500,-5882.7500,13702.7500,13702.7500
2019-06-21,"MA_Crossover(36,44)",5967.5000,5876.0000,-1.0000,-1.0000,-6.7500,6.7500,-5876.0000,13709.5000,13709.5000
2019-06-24,"MA_Crossover(36,44)",5953.7500,5862.2500,-1.0000,-1.0000,-13.7500,13.7500,-5862.2500,13723.2500,13723.2500
2019-06-25,"MA_Crossover(36,44)",6039.5000,5948.0000,-1.0000,-1.0000,85.7500,-85.7500,-5948.0000,13637.5000,13637.5000
2019-06-26,"MA_Crossover(36,44)",5985.0000,5893.5000,-1.0000,-1.0000,-54.5000,54.5000,-5893.5000,13692.0000,13692.0000
2019-06-27,"MA_Crossover(36,44)",5985.5000,5894.0000,-1.0000,-1.0000,0.5000,-0.5000,-5894.0000,13691.5000,13691.5000
2019-06-28,"MA_Crossover(36,44)",5992.0000,5900.5000,-1.0000,-1.0000,6.5000,-6.5000,-5900.5000,13685.0000,13685.0000
2019-07-01,"MA_Crossover(36,44)",5947.7500,5856.2500,-1.0000,-1.0000,-44.2500,44.2500,-5856.2500,13729.2500,13729.2500
2019-07-02,"MA_Crossover(36,44)",5878.0000,5786.5000,-1.0000,-1.0000,-69.7500,69.7500,-5786.5000,13799.0000,13799.0000
2019-07-03,"MA_Crossover(36,44)",5917.2500,5825.7500,-1.0000,-1.0000,39.2500,-39.2500,-5825.7500,13759.7500,13759.7500
2019-07-04,"MA_Crossover(36,44)",5915.5000,5824.0000,-1.0000,-1.0000,-1.7500,1.7500,-5824.0000,13761.5000,13761.5000
2019-07-05,"MA_Crossover(36,44)",5896.2500,5804.7500,-1.0000,-1.0000,-19.2500,19.2500,-5804.7500,13780.7500,13780.7500
2019-07-08,"MA_Crossover(36,44)",5879.2500,5787.7500,-1.0000,-1.0000,-17.0000,17.0000,-5787.7500,13797.7500,13797.7500
2019-07-09,"MA_Crossover(36,44)",5814.0000,5722.5000,-1.0000,-1.0000,-65.2500,65.2500,-5722.5000,13863.0000,13863.0000
2019-07-10,"MA_Crossover(36,44)",5933.0000,5841.5000,-1.0000,-1.0000,119.0000,-119.0000,-5841.5000,13744.0000,13744.0000
2019-07-11,"MA_Crossover(36,44)",5949.7500,5858.2500,-1.0000,-1.0000,16.7500,-16.7500,-5858.2500,13727.2500,13727.2500
2019-07-12,"MA_Crossover(36,44)",5929.5000,5838.0000,-1.0000,-1.0000,-20.2500,20.2500,-5838.0000,13747.5000,13747.5000
2019-07-15,"MA_Crossover(36,44)",5976.0000,5884.5000,-1.0000,-1.0000,46.5000,-46.5000,-5884.5000,13701.0000,13701.0000
2019-07-16,"MA_Crossover(36,44)",6003.0000,5918.5000,-1.0000,-1.0000,34.0000,-34.0000,-5918.5000,13667.0000,13667.0000
2019-07-17,"MA_Crossover(36,44)",5973.0000,5888.7500,-1.0000,-1.0000,-29.7500,29.7500,-5888.7500,13696.7500,13696.7500
2019-07-18,"MA_Crossover(36,44)",5977.0000,5893.0000,-1.0000,-1.0000,4.2500,-4.2500,-5893.0000,13692.5000,13692.5000
2019-07-19,"MA_Crossover(36,44)",6060.2500,5970.7500,-1.0000,-1.0000,77.7500,-77.7500,-5970.7500,13614.7500,13614.7500
2019-07-22,"MA_Crossover(36,44)",6009.0000,5919.5000,1.0000,-1.0000,-51.2500,51.2500,-5919.5000,13666.0000,13666.0000
2019-07-23,"MA_Crossover(36,44)",5960.5000,5871.0000,1.0000,1.0000,-48.5000,-48.5000,5871.0000,13617.5000,13617.5000
2019-07-24,"MA_Crossover(36,44)",5992.7500,5903.2500,1.0000,1.0000,32.2500,32.2500,5903.2500,13649.7500,13649.7500
2019-07-25,"MA_Crossover(36,44)",5999.0000,5909.5000,1.0000,1.0000,6.2500,6.2500,5909.5000,13656.0000,13656.0000
2019-07-26,"MA_Crossover(36,44)",5954.0000,5864.5000,1.0000,1.0000,-45.0000,-45.0000,5864.5000,13611.0000,13611.0000
2019-07-29,"MA_Crossover(36,44)",6011.0000,5921.5000,1.0000,1.0000,57.0000,57.0000,5921.5000,13668.0000,13668.0000
2019-07-30,"MA_Crossover(36,44)",5939.0000,5849.5000,1.0000,1.0000,-72.0000,-72.0000,5849.5000,13596.0000,13596.0000
2019-07-31,"MA_Crossover(36,44)",5916.2500,5826.7500,1.0000,1.0000,-22.7500,-22.7500,5826.7500,13573.2500,13573.2500
2019-08-01,"MA_Crossover(36,44)",5887.0000,5797.5000,1.0000,1.0000,-29.2500,-29.2500,5797.5000,13544.0000,13544.0000
2019-08-02,"MA_Crossover(36,44)",5715.2500,5625.7500,1.0000,1.0000,-171.7500,-171.7500,5625.7500,13372.2500,13372.2500
2019-08-05,"MA_Crossover(36,44)",5669.7500,5580.2500,1.0000,1.0000,-45.5000,-45.5000,5580.2500,13326.7500,13326.7500
2019-08-06,"MA_Crossover(36,44)",5667.2500,5577.7500,1.0000,1.0000,-2.5000,-2.5000,5577.7500,13324.2500,13324.2500
2019-08-07,"MA_Crossover(36,44)",5690.0000,5600.5000,1.0000,1.0000,22.7500,22.7500,5600.5000,13347.0000,13347.0000
2019-08-08,"MA_Crossover(36,44)",5783.2500,5693.7500,1.0000,1.0000,93.2500,93.2500,5693.7500,13440.2500,13440.2500
2019-08-09,"MA_Crossover(36,44)",5739.5000,5650.0000,1.0000,1.0000,-43.7500,-43.7500,5650.0000,13396.5000,13396.5000
2019-08-12,"MA_Crossover(36,44)",5722.2500,5632.7500,1.0000,1.0000,-17.2500,-17.2500,5632.7500,13379.2500,13379.2500
2019-08-13,"MA_Crossover(36,44)",5809.0000,5719.5000,1.0000,1.0000,86.7500,86.7500,5719.5000,13466.0000,13466.0000
2019-08-14,"MA_Crossover(36,44)",5743.2500,5653.7500,-1.0000,1.0000,-65.7500,-65.7500,5653.7500,13400.2500,13400.2500
2019-08-15,"MA_Crossover(36,44)",5728.7500,5639.2500,-1.0000,-1.0000,-14.5000,14.5000,-5639.2500,13414.7500,13414.7500
2019-08-16,"MA_Crossover(36,44)",5720.2500,5630.7500,-1.0000,-1.0000,-8.5000,8.5000,-5630.7500,13423.2500,13423.2500
2019-08-19,"MA_Crossover(36,44)",5745.5000,5656.0000,-1.0000,-1.0000,25.2500,-25.2500,-5656.0000,13398.0000,13398.0000
2019-08-20,"MA_Crossover(36,44)",5699.7500,5598.5000,-1.0000,-1.0000,-57.5000,57.5000,-5598.5000,13455.5000,13455.5000
2019-08-21,"MA_Crossover(36,44)",5724.2500,5622.0000,-1.0000,-1.0000,23.5000,-23.5000,-5622.0000,13432.0000,13432.0000
2019-08-22,"MA_Crossover(36,44)",5675.0000,5573.2500,-1.0000,-1.0000,-48.7500,48.7500,-5573.2500,13480.7500,13480.7500
2019-08-23,"MA_Crossover(36,44)",5626.0000,5518.5000,-1.0000,-1.0000,-54.7500,54.7500,-5518.5000,13535.5000,13535.5000
2019-08-27,"MA_Crossover(36,44)",5674.7500,5567.2500,-1.0000,-1.0000,48.7500,-48.7500,-5567.2500,13486.7500,13486.7500
2019-08-28,"MA_Crossover(36,44)",5686.0000,5578.5000,-1.0000,-1.0000,11.2500,-11.2500,-5578.5000,13475.5000,13475.5000
2019-08-29,"MA_Crossover(36,44)",5722.7500,5615.2500,-1.0000,-1.0000,36.7500,-36.7500,-5615.2500,13438.7500,13438.7500
2019-08-30,"MA_Crossover(36,44)",5668.2500,5560.7500,-1.0000,-1.0000,-54.5000,54.5000,-5560.7500,13493.2500,13493.2500
2019-09-02,"MA_Crossover(36,44)",5605.0000,5497.5000,-1.0000,-1.0000,-63.2500,63.2500,-5497.5000,13556.5000,13556.5000
2019-09-03,"MA_Crossover(36,44)",5595.5000,5488.0000,-1.0000,-1.0000,-9.5000,9.5000,-5488.0000,13566.0000,13566.0000
2019-09-04,"MA_Crossover(36,44)",5735.2500,5627.7500,-1.0000,-1.0000,139.7500,-139.7500,-5627.7500,13426.2500,13426.2500
2019-09-05,"MA_Crossover(36,44)",5833.0000,5725.5000,-1.0000,-1.0000,97.7500,-97.7500,-5725.5000,13328.5000,13328.5000
2019-09-06,"MA_Crossover(36,44)",5817.2500,5709.7500,-1.0000,-1.0000,-15.7500,15.7500,-5709.7500,13344.2500,13344.2500
2019-09-09,"MA_Crossover(36,44)",5797.0000,5689.5000,-1.0000,-1.0000,-20.2500,20.2500,-5689.5000,13364.5000,13364.5000
2019-09-10,"MA_Crossover(36,44)",5802.5000,5695.0000,-1.0000,-1.0000,5.5000,-5.5000,-5695.0000,13359.0000,13359.0000
2019-09-11,"MA_Crossover(36,44)",5744.7500,5637.2500,-1.0000,-1.0000,-57.7500,57.7500,-5637.2500,13416.7500,13416.7500
2019-09-12,"MA_Crossover(36,44)",5805.2500,5697.7500,-1.0000,-1.0000,60.5000,-60.5000,-5697.7500,13356.2500,13356.2500
2019-09-13,"MA_Crossover(36,44)",5950.2500,5842.7500,-1.0000,-1.0000,145.0000,-145.0000,-5842.7500,13211.2500,13211.2500
2019-09-16,"MA_Crossover(36,44)",5844.0000,5736.5000,-1.0000,-1.0000,-106.2500,106.2500,-5736.5000,13317.5000,13317.5000
2019-09-17,"MA_Crossover(36,44)",5806.5000,5694.0000,-1.0000,-1.0000,-42.5000,42.5000,-5694.0000,13360.0000,13360.0000
2019-09-18,"MA_Crossover(36,44)",5799.5000,5687.5000,-1.0000,-1.0000,-6.5000,6.5000,-5687.5000,13366.5000,13366.5000
2019-09-19,"MA_Crossover(36,44)",5776.5000,5663.5000,-1.0000,-1.0000,-24.0000,24.0000,-5663.5000,13390.5000,13390.5000
2019-09-20,"MA_Crossover(36,44)",5786.0000,5664.5000,-1.0000,-1.0000,1.0000,-1.0000,-5664.5000,13389.5000,13389.5000
2019-09-23,"MA_Crossover(36,44)",5764.7500,5643.2500,-1.0000,-1.0000,-21.2500,21.2500,-5643.2500,13410.7500,13410.7500
2019-09-24,"MA_Crossover(36,44)",5767.7500,5646.2500,-1.0000,-1.0000,3.0000,-3.0000,-5646.2500,13407.7500,13407.7500
2019-09-25,"MA_Crossover(36,44)",5771.0000,5649.5000,-1.0000,-1.0000,3.2500,-3.2500,-5649.5000,13404.5000,13404.5000
2019-09-26,"MA_Crossover(36,44)",5705.0000,5583.5000,-1.0000,-1.0000,-66.0000,66.0000,-5583.5000,13470.5000,13470.5000
2019-09-27,"MA_Crossover(36,44)",5748.7500,5627.2500,-1.0000,-1.0000,43.7500,-43.7500,-5627.2500,13426.7500,13426.7500
2019-09-30,"MA_Crossover(36,44)",5706.2500,5584.7500,-1.0000,-1.0000,-42.5000,42.5000,-5584.7500,13469.2500,13469.2500
2019-10-01,"MA_Crossover(36,44)",5665.2500,5543.7500,-1.0000,-1.0000,-41.0000,41.0000,-5543.7500,13510.2500,13510.2500
2019-10-02,"MA_Crossover(36,44)",5653.7500,5532.2500,1.0000,-1.0000,-11.5000,11.5000,-5532.2500,13521.7500,13521.7500
2019-10-03,"MA_Crossover(36,44)",5636.2500,5514.7500,1.0000,1.0000,-17.5000,-17.5000,5514.7500,13504.2500,13504.2500
2019-10-04,"MA_Crossover(36,44)",5615.0000,5493.5000,1.0000,1.0000,-21.2500,-21.2500,5493.5000,13483.0000,13483.0000
2019-10-07,"MA_Crossover(36,44)",5691.5000,5570.0000,-1.0000,1.0000,76.5000,76.5000,5570.0000,13559.5000,13559.5000
2019-10-08,"MA_Crossover(36,44)",5646.7500,5525.2500,-1.0000,-1.0000,-44.7500,44.7500,-5525.2500,13604.2500,13604.2500
2019-10-09,"MA_Crossover(36,44)",5656.0000,5534.5000,-1.0000,-1.0000,9.2500,-9.2500,-5534.5000,13595.0000,13595.0000
2019-10-10,"MA_Crossover(36,44)",5750.2500,5628.7500,-1.0000,-1.0000,94.2500,-94.2500,-5628.7500,13500.7500,13500.7500
2019-10-11,"MA_Crossover(36,44)",5764.5000,5643.0000,-1.0000,-1.0000,14.2500,-14.2500,-5643.0000,13486.5000,13486.5000
2019-10-14,"MA_Crossover(36,44)",5786.2500,5664.7500,1.0000,-1.0000,21.7500,-21.7500,-5664.7500,13464.7500,13464.7500
2019-10-15,"MA_Crossover(36,44)",5758.2500,5628.2500,1.0000,1.0000,-36.5000,-36.5000,5628.2500,13428.2500,13428.2500
2019-10-16,"MA_Crossover(36,44)",5716.7500,5586.7500,1.0000,1.0000,-41.5000,-41.5000,5586.7500,13386.7500,13386.7500
2019-10-17,"MA_Crossover(36,44)",5726.5000,5596.5000,1.0000,1.0000,9.7500,9.7500,5596.5000,13396.5000,13396.5000
2019-10-18,"MA_Crossover(36,44)",5794.7500,5655.2500,1.0000,1.0000,58.7500,58.7500,5655.2500,13455.2500,13455.2500
2019-10-21,"MA_Crossover(36,44)",5815.2500,5675.7500,1.0000,1.0000,20.5000,20.5000,5675.7500,13475.7500,13475.7500
2019-10-22,"MA_Crossover(36,44)",5803.0000,5663.5000,1.0000,1.0000,-12.2500,-12.2500,5663.5000,13463.5000,13463.5000
2019-10-23,"MA_Crossover(36,44)",5870.0000,5730.5000,1.0000,1.0000,67.0000,67.0000,5730.5000,13530.5000,13530.5000
2019-10-24,"MA_Crossover(36,44)",5870.0000,5730.5000,1.0000,1.0000,0.0000,0.0000,5730.5000,13530.5000,13530.5000
2019-10-25,"MA_Crossover(36,44)",5913.5000,5774.0000,1.0000,1.0000,43.5000,43.5000,5774.0000,13574.0000,13574.0000
2019-10-28,"MA_Crossover(36,44)",5894.2500,5754.7500,1.0000,1.0000,-19.2500,-19.2500,5754.7500,13554.7500,13554.7500
2019-10-29,"MA_Crossover(36,44)",5914.2500,5774.7500,1.0000,1.0000,20.0000,20.0000,5774.7500,13574.7500,13574.7500
2019-10-30,"MA_Crossover(36,44)",5891.7500,5752.2500,1.0000,1.0000,-22.5000,-22.5000,5752.2500,13552.2500,13552.2500
2019-10-31,"MA_Crossover(36,44)",5778.0000,5638.5000,1.0000,1.0000,-113.7500,-113.7500,5638.5000,13438.5000,13438.5000
2019-11-01,"MA_Crossover(36,44)",5834.2500,5694.7500,1.0000,1.0000,56.2500,56.2500,5694.7500,13494.7500,13494.7500
2019-11-04,"MA_Crossover(36,44)",5861.2500,5721.7500,-1.0000,1.0000,27.0000,27.0000,5721.7500,13521.7500,13521.7500
2019-11-05,"MA_Crossover(36,44)",5923.0000,5783.5000,-1.0000,-1.0000,61.7500,-61.7500,-5783.5000,13460.0000,13460.0000
2019-11-06,"MA_Crossover(36,44)",5897.5000,5758.0000,-1.0000,-1.0000,-25.5000,25.5000,-5758.0000,13485.5000,13485.5000
2019-11-07,"MA_Crossover(36,44)",5972.0000,5832.5000,-1.0000,-1.0000,74.5000,-74.5000,-5832.5000,13411.0000,13411.0000
2019-11-08,"MA_Crossover(36,44)",5917.2500,5777.7500,-1.0000,-1.0000,-54.7500,54.7500,-5777.7500,13465.7500,13465.7500
2019-11-11,"MA_Crossover(36,44)",5865.2500,5725.7500,-1.0000,-1.0000,-52.0000,52.0000,-5725.7500,13517.7500,13517.7500
2019-11-12,"MA_Crossover(36,44)",5849.0000,5709.5000,-1.0000,-1.0000,-16.2500,16.2500,-5709.5000,13534.0000,13534.0000
2019-11-13,"MA_Crossover(36,44)",5814.5000,5675.0000,-1.0000,-1.0000,-34.5000,34.5000,-5675.0000,13568.5000,13568.5000
2019-11-14,"MA_Crossover(36,44)",5789.2500,5649.7500,1.0000,-1.0000,-25.2500,25.2500,-5649.7500,13593.7500,13593.7500
2019-11-15,"MA_Crossover(36,44)",5826.2500,5686.7500,1.0000,1.0000,37.0000,37.0000,5686.7500,13630.7500,13630.7500
2019-11-18,"MA_Crossover(36,44)",5815.0000,5675.5000,1.0000,1.0000,-11.2500,-11.2500,5675.5000,13619.5000,13619.5000
2019-11-19,"MA_Crossover(36,44)",5865.2500,5727.2500,1.0000,1.0000,51.7500,51.7500,5727.2500,13671.2500,13671.2500
2019-11-20,"MA_Crossover(36,44)",5870.0000,5730.5000,1.0000,1.0000,3.2500,3.2500,5730.5000,13674.5000,13674.5000
2019-11-21,"MA_Crossover(36,44)",5823.2500,5684.5000,1.0000,1.0000,-46.0000,-46.0000,5684.5000,13628.5000,13628.5000
2019-11-22,"MA_Crossover(36,44)",5850.5000,5707.0000,1.0000,1.0000,22.5000,22.5000,5707.0000,13651.0000,13651.0000
2019-11-25,"MA_Crossover(36,44)",5863.2500,5719.7500,1.0000,1.0000,12.7500,12.7500,5719.7500,13663.7500,13663.7500
2019-11-26,"MA_Crossover(36,44)",5917.7500,5774.2500,1.0000,1.0000,54.5000,54.5000,5774.2500,13718.2500,13718.2500
2019-11-27,"MA_Crossover(36,44)",5937.5000,5794.0000,1.0000,1.0000,19.7500,19.7500,5794.0000,13738.0000,13738.0000
2019-11-28,"MA_Crossover(36,44)",5881.2500,5737.7500,1.0000,1.0000,-56.2500,-56.2500,5737.7500,13681.7500,13681.7500
2019-11-29,"MA_Crossover(36,44)",5853.2500,5709.7500,1.0000,1.0000,-28.0000,-28.0000,5709.7500,13653.7500,13653.7500
2019-12-02,"MA_Crossover(36,44)",5871.0000,5727.5000,1.0000,1.0000,17.7500,17.7500,5727.5000,13671.5000,13671.5000
2019-12-03,"MA_Crossover(36,44)",5798.2500,5654.7500,1.0000,1.0000,-72.7500,-72.7500,5654.7500,13598.7500,13598.7500
2019-12-04,"MA_Crossover(36,44)",5866.0000,5722.5000,1.0000,1.0000,67.7500,67.7500,5722.5000,13666.5000,13666.5000
2019-12-05,"MA_Crossover(36,44)",5866.0000,5722.5000,1.0000,1.0000,0.0000,0.0000,5722.5000,13666.5000,13666.5000
2019-12-06,"MA_Crossover(36,44)",5968.0000,5824.5000,1.0000,1.0000,102.0000,102.0000,5824.5000,13768.5000,13768.5000
2019-12-09,"MA_Crossover(36,44)",6052.2500,5908.7500,1.0000,1.0000,84.2500,84.2500,5908.7500,13852.7500,13852.7500
2019-12-10,"MA_Crossover(36,44)",6075.0000,5931.5000,1.0000,1.0000,22.7500,22.7500,5931.5000,13875.5000,13875.5000
2019-12-11,"MA_Crossover(36,44)",6131.0000,5987.5000,1.0000,1.0000,56.0000,56.0000,5987.5000,13931.5000,13931.5000
2019-12-12,"MA_Crossover(36,44)",6131.7500,5988.2500,1.0000,1.0000,0.7500,0.7500,5988.2500,13932.2500,13932.2500
2019-12-13,"MA_Crossover(36,44)",6106.7500,5963.2500,1.0000,1.0000,-25.0000,-25.0000,5963.2500,13907.2500,13907.2500
2019-12-16,"MA_Crossover(36,44)",6193.0000,6049.5000,1.0000,1.0000,86.2500,86.2500,6049.5000,13993.5000,13993.5000
2019-12-17,"MA_Crossover(36,44)",6184.5000,6058.2500,1.0000,1.0000,8.7500,8.7500,6058.2500,14002.2500,14002.2500
2019-12-18,"MA_Crossover(36,44)",6159.7500,6032.5000,1.0000,1.0000,-25.7500,-25.7500,6032.5000,13976.5000,13976.5000
2019-12-19,"MA_Crossover(36,44)",6204.5000,6076.5000,1.0000,1.0000,44.0000,44.0000,6076.5000,14020.5000,14020.5000
2019-12-20,"MA_Crossover(36,44)",6164.0000,6028.0000,1.0000,1.0000,-48.5000,-48.5000,6028.0000,13972.0000,13972.0000
2019-12-23,"MA_Crossover(36,44)",6177.0000,6041.0000,1.0000,1.0000,13.0000,13.0000,6041.0000,13985.0000,13985.0000
2019-12-24,"MA_Crossover(36,44)",6202.2500,6066.2500,1.0000,1.0000,25.2500,25.2500,6066.2500,14010.2500,14010.2500
2019-12-27,"MA_Crossover(36,44)",6200.5000,6064.5000,1.0000,1.0000,-1.7500,-1.7500,6064.5000,14008.5000,14008.5000
2019-12-30,"MA_Crossover(36,44)",6206.0000,6070.0000,1.0000,1.0000,5.5000,5.5000,6070.0000,14014.0000,14014.0000
2019-12-31,"MA_Crossover(36,44)",6158.5000,6022.5000,1.0000,1.0000,-47.5000,-47.5000,6022.5000,13966.5000,13966.5000
2020-01-02,"MA_Crossover(36,44)",6170.2500,6034.2500,1.0000,1.0000,11.7500,11.7500,6034.2500,13978.2500,13978.2500
2020-01-03,"MA_Crossover(36,44)",6109.7500,5973.7500,1.0000,1.0000,-60.5000,-60.5000,5973.7500,13917.7500,13917.7500
2020-01-06,"MA_Crossover(36,44)",6120.5000,5984.5000,1.0000,1.0000,10.7500,10.7500,5984.5000,13928.5000,13928.5000
2020-01-07,"MA_Crossover(36,44)",6132.5000,5996.5000,1.0000,1.0000,12.0000,12.0000,5996.5000,13940.5000,13940.5000
2020-01-08,"MA_Crossover(36,44)",6157.0000,6021.0000,1.0000,1.0000,24.5000,24.5000,6021.0000,13965.0000,13965.0000
2020-01-09,"MA_Crossover(36,44)",6154.0000,6018.0000,1.0000,1.0000,-3.0000,-3.0000,6018.0000,13962.0000,13962.0000
2020-01-10,"MA_Crossover(36,44)",6173.0000,6037.0000,1.0000,1.0000,19.0000,19.0000,6037.0000,13981.0000,13981.0000
2020-01-13,"MA_Crossover(36,44)",6265.2500,6129.2500,1.0000,1.0000,92.2500,92.2500,6129.2500,14073.2500,14073.2500
2020-01-14,"MA_Crossover(36,44)",6288.0000,6148.5000,1.0000,1.0000,19.2500,19.2500,6148.5000,14092.5000,14092.5000
2020-01-15,"MA_Crossover(36,44)",6272.5000,6133.2500,1.0000,1.0000,-15.2500,-15.2500,6133.2500,14077.2500,14077.2500
2020-01-16,"MA_Crossover(36,44)",6267.5000,6126.7500,1.0000,1.0000,-6.5000,-6.5000,6126.7500,14070.7500,14070.7500
2020-01-17,"MA_Crossover(36,44)",6263.2500,6115.7500,1.0000,1.0000,-11.0000,-11.0000,6115.7500,14059.7500,14059.7500
2020-01-20,"MA_Crossover(36,44)",6248.2500,6100.7500,1.0000,1.0000,-15.0000,-15.0000,6100.7500,14044.7500,14044.7500
2020-01-21,"MA_Crossover(36,44)",6146.0000,5998.5000,1.0000,1.0000,-102.2500,-102.2500,5998.5000,13942.5000,13942.5000
2020-01-22,"MA_Crossover(36,44)",6091.7500,5944.2500,1.0000,1.0000,-54.2500,-54.2500,5944.2500,13888.2500,13888.2500
2020-01-23,"MA_Crossover(36,44)",5971.0000,5823.5000,1.0000,1.0000,-120.7500,-120.7500,5823.5000,13767.5000,13767.5000
2020-01-24,"MA_Crossover(36,44)",5914.2500,5766.7500,1.0000,1.0000,-56.7500,-56.7500,5766.7500,13710.7500,13710.7500
2020-01-27,"MA_Crossover(36,44)",5730.0000,5582.5000,1.0000,1.0000,-184.2500,-184.2500,5582.5000,13526.5000,13526.5000
2020-01-28,"MA_Crossover(36,44)",5689.5000,5542.0000,1.0000,1.0000,-40.5000,-40.5000,5542.0000,13486.0000,13486.0000
2020-01-29,"MA_Crossover(36,44)",5626.2500,5478.7500,1.0000,1.0000,-63.2500,-63.2500,5478.7500,13422.7500,13422.7500
2020-01-30,"MA_Crossover(36,44)",5576.7500,5429.2500,1.0000,1.0000,-49.5000,-49.5000,5429.2500,13373.2500,13373.2500
2020-01-31,"MA_Crossover(36,44)",5556.7500,5409.2500,1.0000,1.0000,-20.0000,-20.0000,5409.2500,13353.2500,13353.2500
2020-02-03,"MA_Crossover(36,44)",5508.0000,5360.5000,1.0000,1.0000,-48.7500,-48.7500,5360.5000,13304.5000,13304.5000
2020-02-04,"MA_Crossover(36,44)",5600.5000,5453.0000,1.0000,1.0000,92.5000,92.5000,5453.0000,13397.0000,13397.0000
2020-02-05,"MA_Crossover(36,44)",5708.5000,5561.0000,1.0000,1.0000,108.0000,108.0000,5561.0000,13505.0000,13505.0000
2020-02-06,"MA_Crossover(36,44)",5724.2500,5576.7500,1.0000,1.0000,15.7500,15.7500,5576.7500,13520.7500,13520.7500
2020-02-07,"MA_Crossover(36,44)",5649.7500,5502.2500,-1.0000,1.0000,-74.5000,-74.5000,5502.2500,13446.2500,13446.2500
2020-02-10,"MA_Crossover(36,44)",5655.5000,5508.0000,-1.0000,-1.0000,5.7500,-5.7500,-5508.0000,13440.5000,13440.5000
2020-02-11,"MA_Crossover(36,44)",5733.2500,5585.7500,-1.0000,-1.0000,77.7500,-77.7500,-5585.7500,13362.7500,13362.7500
2020-02-12,"MA_Crossover(36,44)",5750.0000,5602.5000,-1.0000,-1.0000,16.7500,-16.7500,-5602.5000,13346.0000,13346.0000
2020-02-13,"MA_Crossover(36,44)",5772.7500,5625.2500,-1.0000,-1.0000,22.7500,-22.7500,-5625.2500,13323.2500,13323.2500
2020-02-14,"MA_Crossover(36,44)",5751.2500,5603.7500,-1.0000,-1.0000,-21.5000,21.5000,-5603.7500,13344.7500,13344.7500
2020-02-17,"MA_Crossover(36,44)",5796.7500,5649.2500,-1.0000,-1.0000,45.5000,-45.5000,-5649.2500,13299.2500,13299.2500
2020-02-18,"MA_Crossover(36,44)",5761.2500,5610.7500,-1.0000,-1.0000,-38.5000,38.5000,-5610.7500,13337.7500,13337.7500
2020-02-19,"MA_Crossover(36,44)",5760.2500,5608.7500,-1.0000,-1.0000,-2.0000,2.0000,-5608.7500,13339.7500,13339.7500
2020-02-20,"MA_Crossover(36,44)",5719.5000,5567.5000,-1.0000,-1.0000,-41.2500,41.2500,-5567.5000,13381.0000,13381.0000
2020-02-21,"MA_Crossover(36,44)",5757.7500,5603.2500,-1.0000,-1.0000,35.7500,-35.7500,-5603.2500,13345.2500,13345.2500
2020-02-24,"MA_Crossover(36,44)",5677.7500,5523.2500,-1.0000,-1.0000,-80.0000,80.0000,-5523.2500,13425.2500,13425.2500
2020-02-25,"MA_Crossover(36,44)",5674.7500,5520.2500,-1.0000,-1.0000,-3.0000,3.0000,-5520.2500,13428.2500,13428.2500
2020-02-26,"MA_Crossover(36,44)",5659.2500,5504.7500,-1.0000,-1.0000,-15.5000,15.5000,-5504.7500,13443.7500,13443.7500
2020-02-27,"MA_Crossover(36,44)",5609.7500,5455.2500,-1.0000,-1.0000,-49.5000,49.5000,-5455.2500,13493.2500,13493.2500
2020-02-28,"MA_Crossover(36,44)",5629.0000,5474.5000,-1.0000,-1.0000,19.2500,-19.2500,-5474.5000,13474.0000,13474.0000
2020-03-02,"MA_Crossover(36,44)",5692.0000,5537.5000,-1.0000,-1.0000,63.0000,-63.0000,-5537.5000,13411.0000,13411.0000
2020-03-03,"MA_Crossover(36,44)",5656.2500,5501.7500,-1.0000,-1.0000,-35.7500,35.7500,-5501.7500,13446.7500,13446.7500
2020-03-04,"MA_Crossover(36,44)",5672.0000,5517.5000,-1.0000,-1.0000,15.7500,-15.7500,-5517.5000,13431.0000,13431.0000
2020-03-05,"MA_Crossover(36,44)",5660.7500,5506.2500,-1.0000,-1.0000,-11.2500,11.2500,-5506.2500,13442.2500,13442.2500
2020-03-06,"MA_Crossover(36,44)",5594.0000,5439.5000,-1.0000,-1.0000,-66.7500,66.7500,-5439.5000,13509.0000,13509.0000
2020-03-09,"MA_Crossover(36,44)",5526.0000,5371.5000,-1.0000,-1.0000,-68.0000,68.0000,-5371.5000,13577.0000,13577.0000
2020-03-10,"MA_Crossover(36,44)",5559.2500,5404.7500,-1.0000,-1.0000,33.2500,-33.2500,-5404.7500,13543.7500,13543.7500
2020-03-11,"MA_Crossover(36,44)",5522.7500,5368.2500,-1.0000,-1.0000,-36.5000,36.5000,-5368.2500,13580.2500,13580.2500
2020-03-12,"MA_Crossover(36,44)",5425.2500,5270.7500,-1.0000,-1.0000,-97.5000,97.5000,-5270.7500,13677.7500,13677.7500
2020-03-13,"MA_Crossover(36,44)",5448.2500,5293.7500,-1.0000,-1.0000,23.0000,-23.0000,-5293.7500,13654.7500,13654.7500
2020-03-16,"MA_Crossover(36,44)",5276.0000,5121.5000,-1.0000,-1.0000,-172.2500,172.2500,-5121.5000,13827.0000,13827.0000
2020-03-17,"MA_Crossover(36,44)",5132.5000,4982.0000,-1.0000,-1.0000,-139.5000,139.5000,-4982.0000,13966.5000,13966.5000
2020-03-18,"MA_Crossover(36,44)",4731.5000,4582.2500,-1.0000,-1.0000,-399.7500,399.7500,-4582.2500,14366.2500,14366.2500
2020-03-19,"MA_Crossover(36,44)",4814.2500,4664.2500,-1.0000,-1.0000,82.0000,-82.0000,-4664.2500,14284.2500,14284.2500
2020-03-20,"MA_Crossover(36,44)",4802.2500,4645.2500,-1.0000,-1.0000,-19.0000,19.0000,-4645.2500,14303.2500,14303.2500
2020-03-23,"MA_Crossover(36,44)",4621.7500,4464.7500,-1.0000,-1.0000,-180.5000,180.5000,-4464.7500,14483.7500,14483.7500
2020-03-24,"MA_Crossover(36,44)",4808.5000,4651.5000,-1.0000,-1.0000,186.7500,-186.7500,-4651.5000,14297.0000,14297.0000
2020-03-25,"MA_Crossover(36,44)",4848.1500,4691.1500,-1.0000,-1.0000,39.6500,-39.6500,-4691.1500,14257.3500,14257.3500
2020-03-26,"MA_Crossover(36,44)",4794.7500,4637.7500,-1.0000,-1.0000,-53.4000,53.4000,-4637.7500,14310.7500,14310.7500
2020-03-27,"MA_Crossover(36,44)",4784.5000,4627.5000,-1.0000,-1.0000,-10.2500,10.2500,-4627.5000,14321.0000,14321.0000
2020-03-30,"MA_Crossover(36,44)",4762.5000,4605.5000,-1.0000,-1.0000,-22.0000,22.0000,-4605.5000,14343.0000,14343.0000
2020-03-31,"MA_Crossover(36,44)",4943.2500,4786.2500,-1.0000,-1.0000,180.7500,-180.7500,-4786.2500,14162.2500,14162.2500
2020-04-01,"MA_Crossover(36,44)",4791.2500,4634.2500,-1.0000,-1.0000,-152.0000,152.0000,-4634.2500,14314.2500,14314.2500
2020-04-02,"MA_Crossover(36,44)",4884.5000,4727.5000,-1.0000,-1.0000,93.2500,-93.2500,-4727.5000,14221.0000,14221.0000
2020-04-03,"MA_Crossover(36,44)",4827.7500,4670.7500,-1.0000,-1.0000,-56.7500,56.7500,-4670.7500,14277.7500,14277.7500
2020-04-06,"MA_Crossover(36,44)",4872.5000,4715.5000,-1.0000,-1.0000,44.7500,-44.7500,-4715.5000,14233.0000,14233.0000
2020-04-07,"MA_Crossover(36,44)",5022.2500,4865.2500,-1.0000,-1.0000,149.7500,-149.7500,-4865.2500,14083.2500,14083.2500
2020-04-08,"MA_Crossover(36,44)",4979.0000,4822.0000,-1.0000,-1.0000,-43.2500,43.2500,-4822.0000,14126.5000,14126.5000
2020-04-09,"MA_Crossover(36,44)",4993.0000,4836.0000,-1.0000,-1.0000,14.0000,-14.0000,-4836.0000,14112.5000,14112.5000
2020-04-14,"MA_Crossover(36,44)",5150.0000,4985.5000,-1.0000,-1.0000,149.5000,-149.5000,-4985.5000,13963.0000,13963.0000
2020-04-15,"MA_Crossover(36,44)",5098.2500,4933.7500,-1.0000,-1.0000,-51.7500,51.7500,-4933.7500,14014.7500,14014.7500
2020-04-16,"MA_Crossover(36,44)",5129.2500,4964.0000,-1.0000,-1.0000,30.2500,-30.2500,-4964.0000,13984.5000,13984.5000
2020-04-17,"MA_Crossover(36,44)",5200.5000,5028.5000,-1.0000,-1.0000,64.5000,-64.5000,-5028.5000,13920.0000,13920.0000
2020-04-20,"MA_Crossover(36,44)",5167.7500,4995.7500,-1.0000,-1.0000,-32.7500,32.7500,-4995.7500,13952.7500,13952.7500
2020-04-21,"MA_Crossover(36,44)",5009.5000,4837.5000,-1.0000,-1.0000,-158.2500,158.2500,-4837.5000,14111.0000,14111.0000
2020-04-22,"MA_Crossover(36,44)",5117.0000,4945.0000,-1.0000,-1.0000,107.5000,-107.5000,-4945.0000,14003.5000,14003.5000
2020-04-23,"MA_Crossover(36,44)",5143.5000,4971.5000,-1.0000,-1.0000,26.5000,-26.5000,-4971.5000,13977.0000,13977.0000
2020-04-24,"MA_Crossover(36,44)",5125.9900,4953.9900,-1.0000,-1.0000,-17.5100,17.5100,-4953.9900,13994.5100,13994.5100
2020-04-27,"MA_Crossover(36,44)",5181.2500,5009.2500,-1.0000,-1.0000,55.2600,-55.2600,-5009.2500,13939.2500,13939.2500
2020-04-28,"MA_Crossover(36,44)",5206.0000,5034.0000,-1.0000,-1.0000,24.7500,-24.7500,-5034.0000,13914.5000,13914.5000
2020-04-29,"MA_Crossover(36,44)",5243.2500,5071.2500,-1.0000,-1.0000,37.2500,-37.2500,-5071.2500,13877.2500,13877.2500
2020-04-30,"MA_Crossover(36,44)",5170.2500,4998.2500,-1.0000,-1.0000,-73.0000,73.0000,-4998.2500,13950.2500,13950.2500
2020-05-01,"MA_Crossover(36,44)",5090.5000,4918.5000,-1.0000,-1.0000,-79.7500,79.7500,-4918.5000,14030.0000,14030.0000
2020-05-04,"MA_Crossover(36,44)",5103.2500,4931.2500,-1.0000,-1.0000,12.7500,-12.7500,-4931.2500,14017.2500,14017.2500
2020-05-05,"MA_Crossover(36,44)",5136.5000,4964.5000,-1.0000,-1.0000,33.2500,-33.2500,-4964.5000,13984.0000,13984.0000
2020-05-06,"MA_Crossover(36,44)",5173.7500,5001.7500,-1.0000,-1.0000,37.2500,-37.2500,-5001.7500,13946.7500,13946.7500
2020-05-07,"MA_Crossover(36,44)",5248.5000,5076.5000,-1.0000,-1.0000,74.7500,-74.7500,-5076.5000,13872.0000,13872.0000
2020-05-11,"MA_Crossover(36,44)",5228.7500,5056.7500,-1.0000,-1.0000,-19.7500,19.7500,-5056.7500,13891.7500,13891.7500
2020-05-12,"MA_Crossover(36,44)",5231.0000,5059.0000,-1.0000,-1.0000,2.2500,-2.2500,-5059.0000,13889.5000,13889.5000
2020-05-13,"MA_Crossover(36,44)",5194.2500,5022.2500,-1.0000,-1.0000,-36.7500,36.7500,-5022.2500,13926.2500,13926.2500
2020-05-14,"MA_Crossover(36,44)",5174.0000,5002.0000,-1.0000,-1.0000,-20.2500,20.2500,-5002.0000,13946.5000,13946.5000
2020-05-15,"MA_Crossover(36,44)",5156.2500,4984.2500,1.0000,-1.0000,-17.7500,17.7500,-4984.2500,13964.2500,13964.2500
2020-05-18,"MA_Crossover(36,44)",5292.0000,5120.0000,1.0000,1.0000,135.7500,135.7500,5120.0000,14100.0000,14100.0000
2020-05-19,"MA_Crossover(36,44)",5340.0000,5165.0000,1.0000,1.0000,45.0000,45.0000,5165.0000,14145.0000,14145.0000
2020-05-20,"MA_Crossover(36,44)",5430.7500,5255.2500,1.0000,1.0000,90.2500,90.2500,5255.2500,14235.2500,14235.2500
2020-05-21,"MA_Crossover(36,44)",5376.2500,5202.2500,1.0000,1.0000,-53.0000,-53.0000,5202.2500,14182.2500,14182.2500
2020-05-22,"MA_Crossover(36,44)",5272.8000,5090.8000,1.0000,1.0000,-111.4500,-111.4500,5090.8000,14070.8000,14070.8000
2020-05-26,"MA_Crossover(36,44)",5341.0000,5159.0000,1.0000,1.0000,68.2000,68.2000,5159.0000,14139.0000,14139.0000
2020-05-27,"MA_Crossover(36,44)",5238.5000,5056.5000,1.0000,1.0000,-102.5000,-102.5000,5056.5000,14036.5000,14036.5000
2020-05-28,"MA_Crossover(36,44)",5313.7500,5131.7500,1.0000,1.0000,75.2500,75.2500,5131.7500,14111.7500,14111.7500
2020-05-29,"MA_Crossover(36,44)",5358.7500,5176.7500,1.0000,1.0000,45.0000,45.0000,5176.7500,14156.7500,14156.7500
2020-06-01,"MA_Crossover(36,44)",5463.5000,5281.5000,1.0000,1.0000,104.7500,104.7500,5281.5000,14261.5000,14261.5000
2020-06-02,"MA_Crossover(36,44)",5508.7500,5326.7500,1.0000,1.0000,45.2500,45.2500,5326.7500,14306.7500,14306.7500
2020-06-03,"MA_Crossover(36,44)",5503.2500,5321.2500,1.0000,1.0000,-5.5000,-5.5000,5321.2500,14301.2500,14301.2500
2020-06-04,"MA_Crossover(36,44)",5514.2500,5332.2500,1.0000,1.0000,11.0000,11.0000,5332.2500,14312.2500,14312.2500
2020-06-05,"MA_Crossover(36,44)",5671.8500,5489.8500,1.0000,1.0000,157.6000,157.6000,5489.8500,14469.8500,14469.8500
2020-06-08,"MA_Crossover(36,44)",5681.0000,5499.0000,1.0000,1.0000,9.1500,9.1500,5499.0000,14479.0000,14479.0000
2020-06-09,"MA_Crossover(36,44)",5755.2500,5573.2500,1.0000,1.0000,74.2500,74.2500,5573.2500,14553.2500,14553.2500
2020-06-10,"MA_Crossover(36,44)",5887.2500,5705.2500,1.0000,1.0000,132.0000,132.0000,5705.2500,14685.2500,14685.2500
2020-06-11,"MA_Crossover(36,44)",5742.5000,5560.5000,1.0000,1.0000,-144.7500,-144.7500,5560.5000,14540.5000,14540.5000
2020-06-12,"MA_Crossover(36,44)",5761.7500,5579.7500,1.0000,1.0000,19.2500,19.2500,5579.7500,14559.7500,14559.7500
2020-06-15,"MA_Crossover(36,44)",5678.7500,5496.7500,1.0000,1.0000,-83.0000,-83.0000,5496.7500,14476.7500,14476.7500
2020-06-16,"MA_Crossover(36,44)",5712.5000,5527.0000,1.0000,1.0000,30.2500,30.2500,5527.0000,14507.0000,14507.0000
2020-06-17,"MA_Crossover(36,44)",5755.2500,5569.7500,1.0000,1.0000,42.7500,42.7500,5569.7500,14549.7500,14549.7500
2020-06-18,"MA_Crossover(36,44)",5794.5000,5607.7500,1.0000,1.0000,38.0000,38.0000,5607.7500,14587.7500,14587.7500
2020-06-19,"MA_Crossover(36,44)",5839.2500,5644.7500,1.0000,1.0000,37.0000,37.0000,5644.7500,14624.7500,14624.7500
2020-06-22,"MA_Crossover(36,44)",5869.5000,5675.0000,1.0000,1.0000,30.2500,30.2500,5675.0000,14655.0000,14655.0000
2020-06-23,"MA_Crossover(36,44)",5897.0000,5702.5000,1.0000,1.0000,27.5000,27.5000,5702.5000,14682.5000,14682.5000
2020-06-24,"MA_Crossover(36,44)",5861.0000,5666.5000,1.0000,1.0000,-36.0000,-36.0000,5666.5000,14646.5000,14646.5000
2020-06-25,"MA_Crossover(36,44)",5886.5000,5692.0000,1.0000,1.0000,25.5000,25.5000,5692.0000,14672.0000,14672.0000
2020-06-26,"MA_Crossover(36,44)",5955.5000,5761.0000,1.0000,1.0000,69.0000,69.0000,5761.0000,14741.0000,14741.0000
2020-06-29,"MA_Crossover(36,44)",5955.0000,5760.5000,1.0000,1.0000,-0.5000,-0.5000,5760.5000,14740.5000,14740.5000
2020-06-30,"MA_Crossover(36,44)",6008.2500,5813.7500,1.0000,1.0000,53.2500,53.2500,5813.7500,14793.7500,14793.7500
2020-07-01,"MA_Crossover(36,44)",6053.7500,5859.2500,1.0000,1.0000,45.5000,45.5000,5859.2500,14839.2500,14839.2500
2020-07-02,"MA_Crossover(36,44)",6072.0000,5877.5000,1.0000,1.0000,18.2500,18.2500,5877.5000,14857.5000,14857.5000
2020-07-03,"MA_Crossover(36,44)",6021.7500,5827.2500,1.0000,1.0000,-50.2500,-50.2500,5827.2500,14807.2500,14807.2500
2020-07-06,"MA_Crossover(36,44)",6135.2500,5940.7500,1.0000,1.0000,113.5000,113.5000,5940.7500,14920.7500,14920.7500
2020-07-07,"MA_Crossover(36,44)",6188.2500,5993.7500,1.0000,1.0000,53.0000,53.0000,5993.7500,14973.7500,14973.7500
2020-07-08,"MA_Crossover(36,44)",6233.0000,6038.5000,1.0000,1.0000,44.7500,44.7500,6038.5000,15018.5000,15018.5000
2020-07-09,"MA_Crossover(36,44)",6300.8500,6106.3500,1.0000,1.0000,67.8500,67.8500,6106.3500,15086.3500,15086.3500
2020-07-10,"MA_Crossover(36,44)",6418.0500,6223.5500,1.0000,1.0000,117.2000,117.2000,6223.5500,15203.5500,15203.5500
2020-07-13,"MA_Crossover(36,44)",6580.0000,6385.5000,1.0000,1.0000,161.9500,161.9500,6385.5000,15365.5000,15365.5000
2020-07-14,"MA_Crossover(36,44)",6497.5000,6306.5000,1.0000,1.0000,-79.0000,-79.0000,6306.5000,15286.5000,15286.5000
2020-07-15,"MA_Crossover(36,44)",6385.0000,6193.5000,1.0000,1.0000,-113.0000,-113.0000,6193.5000,15173.5000,15173.5000
2020-07-16,"MA_Crossover(36,44)",6440.7500,6247.0000,1.0000,1.0000,53.5000,53.5000,6247.0000,15227.0000,15227.0000
2020-07-17,"MA_Crossover(36,44)",6455.0000,6264.5000,1.0000,1.0000,17.5000,17.5000,6264.5000,15244.5000,15244.5000
2020-07-20,"MA_Crossover(36,44)",6493.2500,6302.7500,1.0000,1.0000,38.2500,38.2500,6302.7500,15282.7500,15282.7500
2020-07-21,"MA_Crossover(36,44)",6540.7000,6350.2000,1.0000,1.0000,47.4500,47.4500,6350.2000,15330.2000,15330.2000
2020-07-22,"MA_Crossover(36,44)",6496.0000,6305.5000,1.0000,1.0000,-44.7000,-44.7000,6305.5000,15285.5000,15285.5000
2020-07-23,"MA_Crossover(36,44)",6558.0000,6367.5000,1.0000,1.0000,62.0000,62.0000,6367.5000,15347.5000,15347.5000
2020-07-24,"MA_Crossover(36,44)",6425.0000,6234.5000,1.0000,1.0000,-133.0000,-133.0000,6234.5000,15214.5000,15214.5000
2020-07-27,"MA_Crossover(36,44)",6423.7500,6233.2500,1.0000,1.0000,-1.2500,-1.2500,6233.2500,15213.2500,15213.2500
2020-07-28,"MA_Crossover(36,44)",6484.0000,6293.5000,1.0000,1.0000,60.2500,60.2500,6293.5000,15273.5000,15273.5000
2020-07-29,"MA_Crossover(36,44)",6480.0000,6289.5000,1.0000,1.0000,-4.0000,-4.0000,6289.5000,15269.5000,15269.5000
2020-07-30,"MA_Crossover(36,44)",6439.7500,6249.2500,1.0000,1.0000,-40.2500,-40.2500,6249.2500,15229.2500,15229.2500
2020-07-31,"MA_Crossover(36,44)",6422.5000,6232.0000,1.0000,1.0000,-17.2500,-17.2500,6232.0000,15212.0000,15212.0000
2020-08-03,"MA_Crossover(36,44)",6500.5000,6310.0000,1.0000,1.0000,78.0000,78.0000,6310.0000,15290.0000,15290.0000
2020-08-04,"MA_Crossover(36,44)",6459.0000,6268.5000,1.0000,1.0000,-41.5000,-41.5000,6268.5000,15248.5000,15248.5000
2020-08-05,"MA_Crossover(36,44)",6503.2500,6312.7500,1.0000,1.0000,44.2500,44.2500,6312.7500,15292.7500,15292.7500
2020-08-06,"MA_Crossover(36,44)",6483.5000,6293.0000,1.0000,1.0000,-19.7500,-19.7500,6293.0000,15273.0000,15273.0000
2020-08-07,"MA_Crossover(36,44)",6310.5000,6120.0000,1.0000,1.0000,-173.0000,-173.0000,6120.0000,15100.0000,15100.0000
2020-08-10,"MA_Crossover(36,44)",6397.2500,6206.7500,1.0000,1.0000,86.7500,86.7500,6206.7500,15186.7500,15186.7500
2020-08-11,"MA_Crossover(36,44)",6384.5000,6194.0000,1.0000,1.0000,-12.7500,-12.7500,6194.0000,15174.0000,15174.0000
2020-08-12,"MA_Crossover(36,44)",6435.0000,6244.5000,1.0000,1.0000,50.5000,50.5000,6244.5000,15224.5000,15224.5000
2020-08-13,"MA_Crossover(36,44)",6261.5000,6071.0000,1.0000,1.0000,-173.5000,-173.5000,6071.0000,15051.0000,15051.0000
2020-08-14,"MA_Crossover(36,44)",6376.2500,6185.7500,1.0000,1.0000,114.7500,114.7500,6185.7500,15165.7500,15165.7500
2020-08-17,"MA_Crossover(36,44)",6450.7500,6260.2500,1.0000,1.0000,74.5000,74.5000,6260.2500,15240.2500,15240.2500
2020-08-18,"MA_Crossover(36,44)",6571.0000,6383.5000,1.0000,1.0000,123.2500,123.2500,6383.5000,15363.5000,15363.5000
2020-08-19,"MA_Crossover(36,44)",6691.7500,6504.0000,1.0000,1.0000,120.5000,120.5000,6504.0000,15484.0000,15484.0000
2020-08-20,"MA_Crossover(36,44)",6609.7500,6421.7500,1.0000,1.0000,-82.2500,-82.2500,6421.7500,15401.7500,15401.7500
2020-08-21,"MA_Crossover(36,44)",6498.7500,6314.2500,1.0000,1.0000,-107.5000,-107.5000,6314.2500,15294.2500,15294.2500
2020-08-24,"MA_Crossover(36,44)",6521.7500,6337.2500,1.0000,1.0000,23.0000,23.0000,6337.2500,15317.2500,15317.2500
2020-08-25,"MA_Crossover(36,44)",6535.2500,6350.7500,1.0000,1.0000,13.5000,13.5000,6350.7500,15330.7500,15330.7500
2020-08-26,"MA_Crossover(36,44)",6604.7500,6420.2500,1.0000,1.0000,69.5000,69.5000,6420.2500,15400.2500,15400.2500
2020-08-27,"MA_Crossover(36,44)",6632.5000,6448.0000,1.0000,1.0000,27.7500,27.7500,6448.0000,15428.0000,15428.0000
2020-08-28,"MA_Crossover(36,44)",6681.5000,6497.0000,1.0000,1.0000,49.0000,49.0000,6497.0000,15477.0000,15477.0000
2020-09-01,"MA_Crossover(36,44)",6700.5000,6516.0000,1.0000,1.0000,19.0000,19.0000,6516.0000,15496.0000,15496.0000
2020-09-02,"MA_Crossover(36,44)",6706.7500,6522.2500,1.0000,1.0000,6.2500,6.2500,6522.2500,15502.2500,15502.2500
2020-09-03,"MA_Crossover(36,44)",6573.7500,6389.2500,1.0000,1.0000,-133.0000,-133.0000,6389.2500,15369.2500,15369.2500
2020-09-04,"MA_Crossover(36,44)",6724.5000,6540.0000,1.0000,1.0000,150.7500,150.7500,6540.0000,15520.0000,15520.0000
2020-09-07,"MA_Crossover(36,44)",6805.7500,6621.2500,1.0000,1.0000,81.2500,81.2500,6621.2500,15601.2500,15601.2500
2020-09-08,"MA_Crossover(36,44)",6685.2500,6500.7500,1.0000,1.0000,-120.5000,-120.5000,6500.7500,15480.7500,15480.7500
2020-09-09,"MA_Crossover(36,44)",6751.5000,6567.0000,1.0000,1.0000,66.2500,66.2500,6567.0000,15547.0000,15547.0000
2020-09-10,"MA_Crossover(36,44)",6686.0000,6501.5000,1.0000,1.0000,-65.5000,-65.5000,6501.5000,15481.5000,15481.5000
2020-09-11,"MA_Crossover(36,44)",6769.2500,6584.7500,1.0000,1.0000,83.2500,83.2500,6584.7500,15564.7500,15564.7500
2020-09-14,"MA_Crossover(36,44)",6814.5000,6630.0000,1.0000,1.0000,45.2500,45.2500,6630.0000,15610.0000,15610.0000
2020-09-15,"MA_Crossover(36,44)",6769.7500,6591.0000,1.0000,1.0000,-39.0000,-39.0000,6591.0000,15571.0000,15571.0000
2020-09-16,"MA_Crossover(36,44)",6788.4000,6608.2500,1.0000,1.0000,17.2500,17.2500,6608.2500,15588.2500,15588.2500
2020-09-17,"MA_Crossover(36,44)",6797.2500,6615.7500,1.0000,1.0000,7.5000,7.5000,6615.7500,15595.7500,15595.7500
2020-09-18,"MA_Crossover(36,44)",6833.2500,6659.7500,1.0000,1.0000,44.0000,44.0000,6659.7500,15639.7500,15639.7500
2020-09-21,"MA_Crossover(36,44)",6710.5000,6537.0000,1.0000,1.0000,-122.7500,-122.7500,6537.0000,15517.0000,15517.0000
2020-09-22,"MA_Crossover(36,44)",6800.5000,6627.0000,1.0000,1.0000,90.0000,90.0000,6627.0000,15607.0000,15607.0000
2020-09-23,"MA_Crossover(36,44)",6616.1000,6442.6000,1.0000,1.0000,-184.4000,-184.4000,6442.6000,15422.6000,15422.6000
2020-09-24,"MA_Crossover(36,44)",6529.2500,6355.7500,1.0000,1.0000,-86.8500,-86.8500,6355.7500,15335.7500,15335.7500
2020-09-25,"MA_Crossover(36,44)",6546.5500,6373.0500,1.0000,1.0000,17.3000,17.3000,6373.0500,15353.0500,15353.0500
2020-09-28,"MA_Crossover(36,44)",6567.5000,6394.0000,1.0000,1.0000,20.9500,20.9500,6394.0000,15374.0000,15374.0000
2020-09-29,"MA_Crossover(36,44)",6581.0000,6407.5000,1.0000,1.0000,13.5000,13.5000,6407.5000,15387.5000,15387.5000
2020-09-30,"MA_Crossover(36,44)",6676.0000,6502.5000,1.0000,1.0000,95.0000,95.0000,6502.5000,15482.5000,15482.5000
2020-10-01,"MA_Crossover(36,44)",6382.5000,6209.0000,1.0000,1.0000,-293.5000,-293.5000,6209.0000,15189.0000,15189.0000
2020-10-02,"MA_Crossover(36,44)",6554.2500,6380.7500,1.0000,1.0000,171.7500,171.7500,6380.7500,15360.7500,15360.7500
2020-10-05,"MA_Crossover(36,44)",6521.7500,6348.2500,1.0000,1.0000,-32.5000,-32.5000,6348.2500,15328.2500,15328.2500
2020-10-06,"MA_Crossover(36,44)",6519.2500,6345.7500,1.0000,1.0000,-2.5000,-2.5000,6345.7500,15325.7500,15325.7500
2020-10-07,"MA_Crossover(36,44)",6669.7500,6496.2500,1.0000,1.0000,150.5000,150.5000,6496.2500,15476.2500,15476.2500
2020-10-08,"MA_Crossover(36,44)",6679.5000,6506.0000,1.0000,1.0000,9.7500,9.7500,6506.0000,15486.0000,15486.0000
2020-10-09,"MA_Crossover(36,44)",6768.5000,6595.0000,1.0000,1.0000,89.0000,89.0000,6595.0000,15575.0000,15575.0000
2020-10-12,"MA_Crossover(36,44)",6731.5000,6558.0000,1.0000,1.0000,-37.0000,-37.0000,6558.0000,15538.0000,15538.0000
2020-10-13,"MA_Crossover(36,44)",6685.2500,6511.7500,1.0000,1.0000,-46.2500,-46.2500,6511.7500,15491.7500,15491.7500
2020-10-14,"MA_Crossover(36,44)",6705.2500,6531.7500,1.0000,1.0000,20.0000,20.0000,6531.7500,15511.7500,15511.7500
2020-10-15,"MA_Crossover(36,44)",6739.2500,6565.7500,1.0000,1.0000,34.0000,34.0000,6565.7500,15545.7500,15545.7500
2020-10-16,"MA_Crossover(36,44)",6724.5000,6551.0000,1.0000,1.0000,-14.7500,-14.7500,6551.0000,15531.0000,15531.0000
2020-10-19,"MA_Crossover(36,44)",6758.7500,6585.2500,1.0000,1.0000,34.2500,34.2500,6585.2500,15565.2500,15565.2500
2020-10-20,"MA_Crossover(36,44)",6892.0000,6709.7500,1.0000,1.0000,124.5000,124.5000,6709.7500,15689.7500,15689.7500
2020-10-21,"MA_Crossover(36,44)",6989.2500,6805.7500,1.0000,1.0000,96.0000,96.0000,6805.7500,15785.7500,15785.7500
2020-10-22,"MA_Crossover(36,44)",6917.5000,6734.5000,1.0000,1.0000,-71.2500,-71.2500,6734.5000,15714.5000,15714.5000
2020-10-23,"MA_Crossover(36,44)",6861.7500,6675.2500,1.0000,1.0000,-59.2500,-59.2500,6675.2500,15655.2500,15655.2500
2020-10-26,"MA_Crossover(36,44)",6772.7500,6586.2500,1.0000,1.0000,-89.0000,-89.0000,6586.2500,15566.2500,15566.2500
2020-10-27,"MA_Crossover(36,44)",6790.0000,6603.5000,1.0000,1.0000,17.2500,17.2500,6603.5000,15583.5000,15583.5000
2020-10-28,"MA_Crossover(36,44)",6740.5000,6554.0000,1.0000,1.0000,-49.5000,-49.5000,6554.0000,15534.0000,15534.0000
2020-10-29,"MA_Crossover(36,44)",6724.0000,6537.5000,1.0000,1.0000,-16.5000,-16.5000,6537.5000,15517.5000,15517.5000
2020-10-30,"MA_Crossover(36,44)",6713.7500,6527.2500,1.0000,1.0000,-10.2500,-10.2500,6527.2500,15507.2500,15507.2500
2020-11-02,"MA_Crossover(36,44)",6757.0000,6570.5000,-1.0000,1.0000,43.2500,43.2500,6570.5000,15550.5000,15550.5000
2020-11-03,"MA_Crossover(36,44)",6810.2500,6623.7500,-1.0000,-1.0000,53.2500,-53.2500,-6623.7500,15497.2500,15497.2500
2020-11-04,"MA_Crossover(36,44)",6831.0000,6644.5000,-1.0000,-1.0000,20.7500,-20.7500,-6644.5000,15476.5000,15476.5000
2020-11-05,"MA_Crossover(36,44)",6844.2500,6657.7500,-1.0000,-1.0000,13.2500,-13.2500,-6657.7500,15463.2500,15463.2500
2020-11-06,"MA_Crossover(36,44)",6936.2500,6749.7500,-1.0000,-1.0000,92.0000,-92.0000,-6749.7500,15371.2500,15371.2500
2020-11-09,"MA_Crossover(36,44)",6904.5000,6718.0000,-1.0000,-1.0000,-31.7500,31.7500,-6718.0000,15403.0000,15403.0000
2020-11-10,"MA_Crossover(36,44)",6915.2500,6728.7500,-1.0000,-1.0000,10.7500,-10.7500,-6728.7500,15392.2500,15392.2500
2020-11-11,"MA_Crossover(36,44)",6868.7500,6682.2500,-1.0000,-1.0000,-46.5000,46.5000,-6682.2500,15438.7500,15438.7500
2020-11-12,"MA_Crossover(36,44)",6916.7500,6730.2500,-1.0000,-1.0000,48.0000,-48.0000,-6730.2500,15390.7500,15390.7500
2020-11-13,"MA_Crossover(36,44)",6966.7500,6780.2500,1.0000,-1.0000,50.0000,-50.0000,-6780.2500,15340.7500,15340.7500
2020-11-16,"MA_Crossover(36,44)",7092.7500,6906.2500,1.0000,1.0000,126.0000,126.0000,6906.2500,15466.7500,15466.7500
2020-11-17,"MA_Crossover(36,44)",7059.5000,6868.2500,1.0000,1.0000,-38.0000,-38.0000,6868.2500,15428.7500,15428.7500
2020-11-18,"MA_Crossover(36,44)",7082.0000,6891.0000,1.0000,1.0000,22.7500,22.7500,6891.0000,15451.5000,15451.5000
2020-11-19,"MA_Crossover(36,44)",7086.7500,6895.7500,1.0000,1.0000,4.7500,4.7500,6895.7500,15456.2500,15456.2500
2020-11-20,"MA_Crossover(36,44)",7271.5000,7076.0000,1.0000,1.0000,180.2500,180.2500,7076.0000,15636.5000,15636.5000
2020-11-23,"MA_Crossover(36,44)",7170.5000,6975.0000,1.0000,1.0000,-101.0000,-101.0000,6975.0000,15535.5000,15535.5000
2020-11-24,"MA_Crossover(36,44)",7286.2500,7090.7500,1.0000,1.0000,115.7500,115.7500,7090.7500,15651.2500,15651.2500
2020-11-25,"MA_Crossover(36,44)",7291.0000,7095.5000,1.0000,1.0000,4.7500,4.7500,7095.5000,15656.0000,15656.0000
2020-11-26,"MA_Crossover(36,44)",7393.7500,7198.2500,1.0000,1.0000,102.7500,102.7500,7198.2500,15758.7500,15758.7500
2020-11-27,"MA_Crossover(36,44)",7493.2500,7297.7500,1.0000,1.0000,99.5000,99.5000,7297.7500,15858.2500,15858.2500
2020-11-30,"MA_Crossover(36,44)",7573.7500,7378.2500,1.0000,1.0000,80.5000,80.5000,7378.2500,15938.7500,15938.7500
2020-12-01,"MA_Crossover(36,44)",7688.0000,7492.5000,1.0000,1.0000,114.2500,114.2500,7492.5000,16053.0000,16053.0000
2020-12-02,"MA_Crossover(36,44)",7668.0000,7472.5000,1.0000,1.0000,-20.0000,-20.0000,7472.5000,16033.0000,16033.0000
2020-12-03,"MA_Crossover(36,44)",7671.2500,7475.7500,1.0000,1.0000,3.2500,3.2500,7475.7500,16036.2500,16036.2500
2020-12-04,"MA_Crossover(36,44)",7753.7500,7558.2500,1.0000,1.0000,82.5000,82.5000,7558.2500,16118.7500,16118.7500
2020-12-07,"MA_Crossover(36,44)",7697.7500,7502.2500,1.0000,1.0000,-56.0000,-56.0000,7502.2500,16062.7500,16062.7500
2020-12-08,"MA_Crossover(36,44)",7681.5000,7486.0000,1.0000,1.0000,-16.2500,-16.2500,7486.0000,16046.5000,16046.5000
2020-12-09,"MA_Crossover(36,44)",7707.5000,7512.0000,1.0000,1.0000,26.0000,26.0000,7512.0000,16072.5000,16072.5000
2020-12-10,"MA_Crossover(36,44)",7861.7500,7666.2500,1.0000,1.0000,154.2500,154.2500,7666.2500,16226.7500,16226.7500
2020-12-11,"MA_Crossover(36,44)",7755.5000,7560.0000,1.0000,1.0000,-106.2500,-106.2500,7560.0000,16120.5000,16120.5000
2020-12-14,"MA_Crossover(36,44)",7729.0000,7533.5000,1.0000,1.0000,-26.5000,-26.5000,7533.5000,16094.0000,16094.0000
2020-12-15,"MA_Crossover(36,44)",7775.0000,7570.5000,1.0000,1.0000,37.0000,37.0000,7570.5000,16131.0000,16131.0000
2020-12-16,"MA_Crossover(36,44)",7827.7500,7623.5000,1.0000,1.0000,53.0000,53.0000,7623.5000,16184.0000,16184.0000
2020-12-17,"MA_Crossover(36,44)",7912.2500,7707.7500,1.0000,1.0000,84.2500,84.2500,7707.7500,16268.2500,16268.2500
2020-12-18,"MA_Crossover(36,44)",7980.2500,7772.2500,1.0000,1.0000,64.5000,64.5000,7772.2500,16332.7500,16332.7500
2020-12-21,"MA_Crossover(36,44)",7840.0500,7632.0500,1.0000,1.0000,-140.2000,-140.2000,7632.0500,16192.5500,16192.5500
2020-12-22,"MA_Crossover(36,44)",7738.5500,7530.5500,1.0000,1.0000,-101.5000,-101.5000,7530.5500,16091.0500,16091.0500
2020-12-23,"MA_Crossover(36,44)",7838.5000,7630.5000,1.0000,1.0000,99.9500,99.9500,7630.5000,16191.0000,16191.0000
2020-12-24,"MA_Crossover(36,44)",7782.2500,7574.2500,1.0000,1.0000,-56.2500,-56.2500,7574.2500,16134.7500,16134.7500
2020-12-29,"MA_Crossover(36,44)",7856.7000,7648.7000,1.0000,1.0000,74.4500,74.4500,7648.7000,16209.2000,16209.2000
2020-12-30,"MA_Crossover(36,44)",7842.0000,7634.0000,1.0000,1.0000,-14.7000,-14.7000,7634.0000,16194.5000,16194.5000
2020-12-31,"MA_Crossover(36,44)",7757.7500,7549.7500,1.0000,1.0000,-84.2500,-84.2500,7549.7500,16110.2500,16110.2500
2021-01-04,"MA_Crossover(36,44)",7850.7500,7642.7500,1.0000,1.0000,93.0000,93.0000,7642.7500,16203.2500,16203.2500
2021-01-05,"MA_Crossover(36,44)",7997.0000,7789.0000,1.0000,1.0000,146.2500,146.2500,7789.0000,16349.5000,16349.5000
2021-01-06,"MA_Crossover(36,44)",8032.5000,7824.5000,1.0000,1.0000,35.5000,35.5000,7824.5000,16385.0000,16385.0000
2021-01-07,"MA_Crossover(36,44)",8169.0000,7961.0000,1.0000,1.0000,136.5000,136.5000,7961.0000,16521.5000,16521.5000
2021-01-08,"MA_Crossover(36,44)",8120.0000,7912.0000,1.0000,1.0000,-49.0000,-49.0000,7912.0000,16472.5000,16472.5000
2021-01-11,"MA_Crossover(36,44)",7851.2500,7643.2500,1.0000,1.0000,-268.7500,-268.7500,7643.2500,16203.7500,16203.7500
2021-01-12,"MA_Crossover(36,44)",7965.5000,7757.5000,1.0000,1.0000,114.2500,114.2500,7757.5000,16318.0000,16318.0000
2021-01-13,"MA_Crossover(36,44)",7996.5000,7788.5000,1.0000,1.0000,31.0000,31.0000,7788.5000,16349.0000,16349.0000
2021-01-14,"MA_Crossover(36,44)",8039.5000,7831.5000,1.0000,1.0000,43.0000,43.0000,7831.5000,16392.0000,16392.0000
2021-01-15,"MA_Crossover(36,44)",7937.7500,7729.7500,1.0000,1.0000,-101.7500,-101.7500,7729.7500,16290.2500,16290.2500
2021-01-18,"MA_Crossover(36,44)",7968.0000,7760.0000,1.0000,1.0000,30.2500,30.2500,7760.0000,16320.5000,16320.5000
2021-01-19,"MA_Crossover(36,44)",7955.2500,7743.0000,1.0000,1.0000,-17.0000,-17.0000,7743.0000,16303.5000,16303.5000
2021-01-20,"MA_Crossover(36,44)",8046.5000,7833.5000,1.0000,1.0000,90.5000,90.5000,7833.5000,16394.0000,16394.0000
2021-01-21,"MA_Crossover(36,44)",8022.2500,7810.7500,1.0000,1.0000,-22.7500,-22.7500,7810.7500,16371.2500,16371.2500
2021-01-22,"MA_Crossover(36,44)",8001.7500,7790.7500,1.0000,1.0000,-20.0000,-20.0000,7790.7500,16351.2500,16351.2500
2021-01-25,"MA_Crossover(36,44)",7972.0000,7761.0000,1.0000,1.0000,-29.7500,-29.7500,7761.0000,16321.5000,16321.5000
2021-01-26,"MA_Crossover(36,44)",8011.7500,7800.7500,1.0000,1.0000,39.7500,39.7500,7800.7500,16361.2500,16361.2500
2021-01-27,"MA_Crossover(36,44)",7826.7500,7615.7500,1.0000,1.0000,-185.0000,-185.0000,7615.7500,16176.2500,16176.2500
2021-01-28,"MA_Crossover(36,44)",7882.1500,7671.1500,1.0000,1.0000,55.4000,55.4000,7671.1500,16231.6500,16231.6500
2021-01-29,"MA_Crossover(36,44)",7862.5000,7651.5000,1.0000,1.0000,-19.6500,-19.6500,7651.5000,16212.0000,16212.0000
2021-02-01,"MA_Crossover(36,44)",7802.5500,7591.5500,1.0000,1.0000,-59.9500,-59.9500,7591.5500,16152.0500,16152.0500
2021-02-02,"MA_Crossover(36,44)",7784.5000,7573.5000,1.0000,1.0000,-18.0500,-18.0500,7573.5000,16134.0000,16134.0000
2021-02-03,"MA_Crossover(36,44)",7851.5000,7640.5000,1.0000,1.0000,67.0000,67.0000,7640.5000,16201.0000,16201.0000
2021-02-04,"MA_Crossover(36,44)",7826.5000,7615.5000,1.0000,1.0000,-25.0000,-25.0000,7615.5000,16176.0000,16176.0000
2021-02-05,"MA_Crossover(36,44)",7922.0000,7711.0000,1.0000,1.0000,95.5000,95.5000,7711.0000,16271.5000,16271.5000
2021-02-08,"MA_Crossover(36,44)",8046.7500,7835.7500,1.0000,1.0000,124.7500,124.7500,7835.7500,16396.2500,16396.2500
2021-02-09,"MA_Crossover(36,44)",8156.7500,7945.7500,1.0000,1.0000,110.0000,110.0000,7945.7500,16506.2500,16506.2500
2021-02-10,"MA_Crossover(36,44)",8304.0000,8093.0000,1.0000,1.0000,147.2500,147.2500,8093.0000,16653.5000,16653.5000
2021-02-11,"MA_Crossover(36,44)",8288.7500,8077.7500,1.0000,1.0000,-15.2500,-15.2500,8077.7500,16638.2500,16638.2500
2021-02-12,"MA_Crossover(36,44)",8351.5000,8140.5000,1.0000,1.0000,62.7500,62.7500,8140.5000,16701.0000,16701.0000
2021-02-15,"MA_Crossover(36,44)",8422.5000,8211.5000,1.0000,1.0000,71.0000,71.0000,8211.5000,16772.0000,16772.0000
2021-02-16,"MA_Crossover(36,44)",8416.0000,8213.5000,1.0000,1.0000,2.0000,2.0000,8213.5000,16774.0000,16774.0000
2021-02-17,"MA_Crossover(36,44)",8398.2500,8196.7500,1.0000,1.0000,-16.7500,-16.7500,8196.7500,16757.2500,16757.2500
2021-02-18,"MA_Crossover(36,44)",8562.2500,8360.7500,1.0000,1.0000,164.0000,164.0000,8360.7500,16921.2500,16921.2500
2021-02-19,"MA_Crossover(36,44)",8923.7500,8727.7500,1.0000,1.0000,367.0000,367.0000,8727.7500,17288.2500,17288.2500
2021-02-22,"MA_Crossover(36,44)",9111.0000,8915.0000,1.0000,1.0000,187.2500,187.2500,8915.0000,17475.5000,17475.5000
2021-02-23,"MA_Crossover(36,44)",9219.5000,9023.5000,1.0000,1.0000,108.5000,108.5000,9023.5000,17584.0000,17584.0000
2021-02-24,"MA_Crossover(36,44)",9326.0000,9130.0000,1.0000,1.0000,106.5000,106.5000,9130.0000,17690.5000,17690.5000
2021-02-25,"MA_Crossover(36,44)",9428.2500,9232.2500,1.0000,1.0000,102.2500,102.2500,9232.2500,17792.7500,17792.7500
2021-02-26,"MA_Crossover(36,44)",9093.2500,8897.2500,1.0000,1.0000,-335.0000,-335.0000,8897.2500,17457.7500,17457.7500
2021-03-01,"MA_Crossover(36,44)",9062.0000,8866.0000,1.0000,1.0000,-31.2500,-31.2500,8866.0000,17426.5000,17426.5000
2021-03-02,"MA_Crossover(36,44)",9195.2500,8999.2500,1.0000,1.0000,133.2500,133.2500,8999.2500,17559.7500,17559.7500
2021-03-03,"MA_Crossover(36,44)",9120.7500,8924.7500,1.0000,1.0000,-74.5000,-74.5000,8924.7500,17485.2500,17485.2500
2021-03-04,"MA_Crossover(36,44)",8924.7500,8728.7500,1.0000,1.0000,-196.0000,-196.0000,8728.7500,17289.2500,17289.2500
2021-03-05,"MA_Crossover(36,44)",8911.2000,8715.2000,1.0000,1.0000,-13.5500,-13.5500,8715.2000,17275.7000,17275.7000
2021-03-08,"MA_Crossover(36,44)",9018.0000,8822.0000,1.0000,1.0000,106.8000,106.8000,8822.0000,17382.5000,17382.5000
2021-03-09,"MA_Crossover(36,44)",8797.5000,8601.5000,1.0000,1.0000,-220.5000,-220.5000,8601.5000,17162.0000,17162.0000
2021-03-10,"MA_Crossover(36,44)",8877.7500,8681.7500,1.0000,1.0000,80.2500,80.2500,8681.7500,17242.2500,17242.2500
2021-03-11,"MA_Crossover(36,44)",9069.0000,8873.0000,1.0000,1.0000,191.2500,191.2500,8873.0000,17433.5000,17433.5000
2021-03-12,"MA_Crossover(36,44)",9104.0000,8908.0000,1.0000,1.0000,35.0000,35.0000,8908.0000,17468.5000,17468.5000
2021-03-15,"MA_Crossover(36,44)",9164.2500,8968.2500,1.0000,1.0000,60.2500,60.2500,8968.2500,17528.7500,17528.7500
2021-03-16,"MA_Crossover(36,44)",8968.5000,8775.5000,1.0000,1.0000,-192.7500,-192.7500,8775.5000,17336.0000,17336.0000
2021-03-17,"MA_Crossover(36,44)",9079.5000,8885.2500,1.0000,1.0000,109.7500,109.7500,8885.2500,17445.7500,17445.7500
2021-03-18,"MA_Crossover(36,44)",9072.5000,8877.0000,1.0000,1.0000,-8.2500,-8.2500,8877.0000,17437.5000,17437.5000
2021-03-19,"MA_Crossover(36,44)",9076.2500,8887.2500,1.0000,1.0000,10.2500,10.2500,8887.2500,17447.7500,17447.7500
2021-03-22,"MA_Crossover(36,44)",9123.7500,8934.7500,1.0000,1.0000,47.5000,47.5000,8934.7500,17495.2500,17495.2500
2021-03-23,"MA_Crossover(36,44)",8991.0000,8802.0000,1.0000,1.0000,-132.7500,-132.7500,8802.0000,17362.5000,17362.5000
2021-03-24,"MA_Crossover(36,44)",8985.2500,8796.2500,1.0000,1.0000,-5.7500,-5.7500,8796.2500,17356.7500,17356.7500
2021-03-25,"MA_Crossover(36,44)",8791.0000,8602.0000,1.0000,1.0000,-194.2500,-194.2500,8602.0000,17162.5000,17162.5000
2021-03-26,"MA_Crossover(36,44)",8973.5000,8784.5000,1.0000,1.0000,182.5000,182.5000,8784.5000,17345.0000,17345.0000
2021-03-29,"MA_Crossover(36,44)",8874.5000,8685.5000,1.0000,1.0000,-99.0000,-99.0000,8685.5000,17246.0000,17246.0000
2021-03-30,"MA_Crossover(36,44)",8780.0000,8591.0000,1.0000,1.0000,-94.5000,-94.5000,8591.0000,17151.5000,17151.5000
2021-03-31,"MA_Crossover(36,44)",8793.0000,8604.0000,1.0000,1.0000,13.0000,13.0000,8604.0000,17164.5000,17164.5000
2021-04-01,"MA_Crossover(36,44)",8799.5000,8610.5000,1.0000,1.0000,6.5000,6.5000,8610.5000,17171.0000,17171.0000
2021-04-06,"MA_Crossover(36,44)",9059.5000,8870.5000,1.0000,1.0000,260.0000,260.0000,8870.5000,17431.0000,17431.0000
2021-04-07,"MA_Crossover(36,44)",8924.5000,8735.5000,1.0000,1.0000,-135.0000,-135.0000,8735.5000,17296.0000,17296.0000
2021-04-08,"MA_Crossover(36,44)",9018.2500,8829.2500,1.0000,1.0000,93.7500,93.7500,8829.2500,17389.7500,17389.7500
2021-04-09,"MA_Crossover(36,44)",8934.7500,8745.7500,1.0000,1.0000,-83.5000,-83.5000,8745.7500,17306.2500,17306.2500
2021-04-12,"MA_Crossover(36,44)",8865.2500,8676.2500,1.0000,1.0000,-69.5000,-69.5000,8676.2500,17236.7500,17236.7500
2021-04-13,"MA_Crossover(36,44)",8903.2500,8714.2500,1.0000,1.0000,38.0000,38.0000,8714.2500,17274.7500,17274.7500
2021-04-14,"MA_Crossover(36,44)",9082.0000,8893.0000,1.0000,1.0000,178.7500,178.7500,8893.0000,17453.5000,17453.5000
2021-04-15,"MA_Crossover(36,44)",9295.2500,9106.2500,1.0000,1.0000,213.2500,213.2500,9106.2500,17666.7500,17666.7500
2021-04-16,"MA_Crossover(36,44)",9225.5000,9036.5000,1.0000,1.0000,-69.7500,-69.7500,9036.5000,17597.0000,17597.0000
2021-04-19,"MA_Crossover(36,44)",9384.2500,9195.2500,1.0000,1.0000,158.7500,158.7500,9195.2500,17755.7500,17755.7500
2021-04-20,"MA_Crossover(36,44)",9326.2500,9138.2500,1.0000,1.0000,-57.0000,-57.0000,9138.2500,17698.7500,17698.7500
2021-04-21,"MA_Crossover(36,44)",9453.0000,9263.5000,1.0000,1.0000,125.2500,125.2500,9263.5000,17824.0000,17824.0000
2021-04-22,"MA_Crossover(36,44)",9411.2500,9221.5000,-1.0000,1.0000,-42.0000,-42.0000,9221.5000,17782.0000,17782.0000
2021-04-23,"MA_Crossover(36,44)",9563.5000,9378.0000,-1.0000,-1.0000,156.5000,-156.5000,-9378.0000,17625.5000,17625.5000
2021-04-26,"MA_Crossover(36,44)",9761.0000,9575.5000,-1.0000,-1.0000,197.5000,-197.5000,-9575.5000,17428.0000,17428.0000
2021-04-27,"MA_Crossover(36,44)",9860.5000,9675.0000,-1.0000,-1.0000,99.5000,-99.5000,-9675.0000,17328.5000,17328.5000
2021-04-28,"MA_Crossover(36,44)",9883.2500,9697.7500,-1.0000,-1.0000,22.7500,-22.7500,-9697.7500,17305.7500,17305.7500
2021-04-29,"MA_Crossover(36,44)",9893.5000,9708.0000,1.0000,-1.0000,10.2500,-10.2500,-9708.0000,17295.5000,17295.5000
2021-04-30,"MA_Crossover(36,44)",9833.0000,9647.5000,1.0000,1.0000,-60.5000,-60.5000,9647.5000,17235.0000,17235.0000
2021-05-04,"MA_Crossover(36,44)",9973.0000,9787.5000,1.0000,1.0000,140.0000,140.0000,9787.5000,17375.0000,17375.0000
2021-05-05,"MA_Crossover(36,44)",9955.0000,9769.5000,1.0000,1.0000,-18.0000,-18.0000,9769.5000,17357.0000,17357.0000
2021-05-06,"MA_Crossover(36,44)",10099.7500,9914.2500,1.0000,1.0000,144.7500,144.7500,9914.2500,17501.7500,17501.7500
2021-05-07,"MA_Crossover(36,44)",10423.5000,10238.0000,1.0000,1.0000,323.7500,323.7500,10238.0000,17825.5000,17825.5000
2021-05-10,"MA_Crossover(36,44)",10382.7500,10197.2500,1.0000,1.0000,-40.7500,-40.7500,10197.2500,17784.7500,17784.7500
2021-05-11,"MA_Crossover(36,44)",10452.5000,10267.0000,1.0000,1.0000,69.7500,69.7500,10267.0000,17854.5000,17854.5000
2021-05-12,"MA_Crossover(36,44)",10436.2500,10250.7500,1.0000,1.0000,-16.2500,-16.2500,10250.7500,17838.2500,17838.2500
2021-05-13,"MA_Crossover(36,44)",10328.7500,10143.2500,1.0000,1.0000,-107.5000,-107.5000,10143.2500,17730.7500,17730.7500
2021-05-14,"MA_Crossover(36,44)",10215.0000,10029.5000,1.0000,1.0000,-113.7500,-113.7500,10029.5000,17617.0000,17617.0000
2021-05-17,"MA_Crossover(36,44)",10344.7500,10159.2500,1.0000,1.0000,129.7500,129.7500,10159.2500,17746.7500,17746.7500
2021-05-18,"MA_Crossover(36,44)",10391.2500,10199.2500,1.0000,1.0000,40.0000,40.0000,10199.2500,17786.7500,17786.7500
2021-05-19,"MA_Crossover(36,44)",9992.5000,9800.0000,1.0000,1.0000,-399.2500,-399.2500,9800.0000,17387.5000,17387.5000
2021-05-20,"MA_Crossover(36,44)",10041.5000,9849.0000,1.0000,1.0000,49.0000,49.0000,9849.0000,17436.5000,17436.5000
2021-05-21,"MA_Crossover(36,44)",9877.0000,9677.5000,1.0000,1.0000,-171.5000,-171.5000,9677.5000,17265.0000,17265.0000
2021-05-24,"MA_Crossover(36,44)",9939.7500,9740.2500,1.0000,1.0000,62.7500,62.7500,9740.2500,17327.7500,17327.7500
2021-05-25,"MA_Crossover(36,44)",9910.7500,9711.2500,1.0000,1.0000,-29.0000,-29.0000,9711.2500,17298.7500,17298.7500
2021-05-26,"MA_Crossover(36,44)",9971.2500,9771.7500,1.0000,1.0000,60.5000,60.5000,9771.7500,17359.2500,17359.2500
2021-05-27,"MA_Crossover(36,44)",10212.1500,10012.6500,1.0000,1.0000,240.9000,240.9000,10012.6500,17600.1500,17600.1500
2021-05-28,"MA_Crossover(36,44)",10250.7500,10051.2500,1.0000,1.0000,38.6000,38.6000,10051.2500,17638.7500,17638.7500
2021-06-01,"MA_Crossover(36,44)",10236.5000,10037.0000,1.0000,1.0000,-14.2500,-14.2500,10037.0000,17624.5000,17624.5000
2021-06-02,"MA_Crossover(36,44)",10134.1500,9934.6500,1.0000,1.0000,-102.3500,-102.3500,9934.6500,17522.1500,17522.1500
2021-06-03,"MA_Crossover(36,44)",9772.2500,9572.7500,1.0000,1.0000,-361.9000,-361.9000,9572.7500,17160.2500,17160.2500
2021-06-04,"MA_Crossover(36,44)",9941.2500,9741.7500,1.0000,1.0000,169.0000,169.0000,9741.7500,17329.2500,17329.2500
2021-06-07,"MA_Crossover(36,44)",9883.7500,9684.2500,1.0000,1.0000,-57.5000,-57.5000,9684.2500,17271.7500,17271.7500
2021-06-08,"MA_Crossover(36,44)",9941.0000,9741.5000,1.0000,1.0000,57.2500,57.2500,9741.5000,17329.0000,17329.0000
2021-06-09,"MA_Crossover(36,44)",9956.2500,9756.7500,1.0000,1.0000,15.2500,15.2500,9756.7500,17344.2500,17344.2500
2021-06-10,"MA_Crossover(36,44)",9864.2500,9664.7500,1.0000,1.0000,-92.0000,-92.0000,9664.7500,17252.2500,17252.2500
2021-06-11,"MA_Crossover(36,44)",9975.7500,9776.2500,1.0000,1.0000,111.5000,111.5000,9776.2500,17363.7500,17363.7500
2021-06-14,"MA_Crossover(36,44)",9938.2500,9738.7500,1.0000,1.0000,-37.5000,-37.5000,9738.7500,17326.2500,17326.2500
2021-06-15,"MA_Crossover(36,44)",9551.7500,9346.7500,1.0000,1.0000,-392.0000,-392.0000,9346.7500,16934.2500,16934.2500
2021-06-16,"MA_Crossover(36,44)",9652.2500,9446.7500,1.0000,1.0000,100.0000,100.0000,9446.7500,17034.2500,17034.2500
2021-06-17,"MA_Crossover(36,44)",9302.2500,9096.2500,1.0000,1.0000,-350.5000,-350.5000,9096.2500,16683.7500,16683.7500
2021-06-18,"MA_Crossover(36,44)",9133.2500,8918.2500,1.0000,1.0000,-178.0000,-178.0000,8918.2500,16505.7500,16505.7500
2021-06-21,"MA_Crossover(36,44)",9168.0000,8953.0000,1.0000,1.0000,34.7500,34.7500,8953.0000,16540.5000,16540.5000
2021-06-22,"MA_Crossover(36,44)",9288.5000,9073.5000,1.0000,1.0000,120.5000,120.5000,9073.5000,16661.0000,16661.0000
2021-06-23,"MA_Crossover(36,44)",9466.7500,9251.7500,1.0000,1.0000,178.2500,178.2500,9251.7500,16839.2500,16839.2500
2021-06-24,"MA_Crossover(36,44)",9403.7500,9188.7500,1.0000,1.0000,-63.0000,-63.0000,9188.7500,16776.2500,16776.2500
2021-06-25,"MA_Crossover(36,44)",9399.4000,9184.4000,1.0000,1.0000,-4.3500,-4.3500,9184.4000,16771.9000,16771.9000
2021-06-28,"MA_Crossover(36,44)",9372.2500,9157.2500,-1.0000,1.0000,-27.1500,-27.1500,9157.2500,16744.7500,16744.7500
2021-06-29,"MA_Crossover(36,44)",9323.0000,9108.0000,-1.0000,-1.0000,-49.2500,49.2500,-9108.0000,16794.0000,16794.0000
2021-06-30,"MA_Crossover(36,44)",9363.5000,9148.5000,-1.0000,-1.0000,40.5000,-40.5000,-9148.5000,16753.5000,16753.5000
2021-07-01,"MA_Crossover(36,44)",9303.7500,9088.7500,-1.0000,-1.0000,-59.7500,59.7500,-9088.7500,16813.2500,16813.2500
2021-07-02,"MA_Crossover(36,44)",9358.0200,9143.0200,-1.0000,-1.0000,54.2700,-54.2700,-9143.0200,16758.9800,16758.9800
2021-07-05,"MA_Crossover(36,44)",9490.1000,9275.1000,-1.0000,-1.0000,132.0800,-132.0800,-9275.1000,16626.9000,16626.9000
2021-07-06,"MA_Crossover(36,44)",9290.0400,9075.0400,-1.0000,-1.0000,-200.0600,200.0600,-9075.0400,16826.9600,16826.9600
2021-07-07,"MA_Crossover(36,44)",9430.8100,9215.8100,-1.0000,-1.0000,140.7700,-140.7700,-9215.8100,16686.1900,16686.1900
2021-07-08,"MA_Crossover(36,44)",9294.5000,9079.5000,-1.0000,-1.0000,-136.3100,136.3100,-9079.5000,16822.5000,16822.5000
2021-07-09,"MA_Crossover(36,44)",9488.7500,9273.7500,-1.0000,-1.0000,194.2500,-194.2500,-9273.7500,16628.2500,16628.2500
2021-07-12,"MA_Crossover(36,44)",9379.5000,9164.5000,-1.0000,-1.0000,-109.2500,109.2500,-9164.5000,16737.5000,16737.5000
2021-07-13,"MA_Crossover(36,44)",9379.2500,9164.2500,-1.0000,-1.0000,-0.2500,0.2500,-9164.2500,16737.7500,16737.7500
2021-07-14,"MA_Crossover(36,44)",9306.5500,9091.5500,-1.0000,-1.0000,-72.7000,72.7000,-9091.5500,16810.4500,16810.4500
2021-07-15,"MA_Crossover(36,44)",9452.7500,9237.7500,-1.0000,-1.0000,146.2000,-146.2000,-9237.7500,16664.2500,16664.2500
2021-07-16,"MA_Crossover(36,44)",9391.5000,9176.5000,-1.0000,-1.0000,-61.2500,61.2500,-9176.5000,16725.5000,16725.5000
2021-07-19,"MA_Crossover(36,44)",9188.5000,8973.5000,-1.0000,-1.0000,-203.0000,203.0000,-8973.5000,16928.5000,16928.5000
2021-07-20,"MA_Crossover(36,44)",9318.5000,9097.5000,-1.0000,-1.0000,124.0000,-124.0000,-9097.5000,16804.5000,16804.5000
2021-07-21,"MA_Crossover(36,44)",9331.5000,9111.0000,-1.0000,-1.0000,13.5000,-13.5000,-9111.0000,16791.0000,16791.0000
2021-07-22,"MA_Crossover(36,44)",9428.2800,9207.0000,-1.0000,-1.0000,96.0000,-96.0000,-9207.0000,16695.0000,16695.0000
2021-07-23,"MA_Crossover(36,44)",9503.5000,9273.5000,-1.0000,-1.0000,66.5000,-66.5000,-9273.5000,16628.5000,16628.5000
2021-07-26,"MA_Crossover(36,44)",9799.2500,9569.2500,-1.0000,-1.0000,295.7500,-295.7500,-9569.2500,16332.7500,16332.7500
2021-07-27,"MA_Crossover(36,44)",9746.5000,9516.5000,-1.0000,-1.0000,-52.7500,52.7500,-9516.5000,16385.5000,16385.5000
2021-07-28,"MA_Crossover(36,44)",9671.0000,9441.0000,-1.0000,-1.0000,-75.5000,75.5000,-9441.0000,16461.0000,16461.0000
2021-07-29,"MA_Crossover(36,44)",9806.5000,9576.5000,-1.0000,-1.0000,135.5000,-135.5000,-9576.5000,16325.5000,16325.5000
2021-07-30,"MA_Crossover(36,44)",9708.7500,9478.7500,-1.0000,-1.0000,-97.7500,97.7500,-9478.7500,16423.2500,16423.2500
2021-08-02,"MA_Crossover(36,44)",9680.2000,9450.2000,-1.0000,-1.0000,-28.5500,28.5500,-9450.2000,16451.8000,16451.8000
2021-08-03,"MA_Crossover(36,44)",9520.0000,9290.0000,-1.0000,-1.0000,-160.2000,160.2000,-9290.0000,16612.0000,16612.0000
2021-08-04,"MA_Crossover(36,44)",9443.7500,9213.7500,-1.0000,-1.0000,-76.2500,76.2500,-9213.7500,16688.2500,16688.2500
2021-08-05,"MA_Crossover(36,44)",9469.7600,9239.7600,-1.0000,-1.0000,26.0100,-26.0100,-9239.7600,16662.2400,16662.2400
2021-08-06,"MA_Crossover(36,44)",9444.0000,9214.0000,-1.0000,-1.0000,-25.7600,25.7600,-9214.0000,16688.0000,16688.0000
2021-08-09,"MA_Crossover(36,44)",9342.2500,9112.2500,-1.0000,-1.0000,-101.7500,101.7500,-9112.2500,16789.7500,16789.7500
2021-08-10,"MA_Crossover(36,44)",9495.7500,9265.7500,-1.0000,-1.0000,153.5000,-153.5000,-9265.7500,16636.2500,16636.2500
2021-08-11,"MA_Crossover(36,44)",9484.2500,9254.2500,-1.0000,-1.0000,-11.5000,11.5000,-9254.2500,16647.7500,16647.7500
2021-08-12,"MA_Crossover(36,44)",9437.0000,9207.0000,1.0000,-1.0000,-47.2500,47.2500,-9207.0000,16695.0000,16695.0000
2021-08-13,"MA_Crossover(36,44)",9542.7500,9312.7500,1.0000,1.0000,105.7500,105.7500,9312.7500,16800.7500,16800.7500
2021-08-16,"MA_Crossover(36,44)",9419.5000,9189.5000,1.0000,1.0000,-123.2500,-123.2500,9189.5000,16677.5000,16677.5000
2021-08-17,"MA_Crossover(36,44)",9233.5000,9005.2500,1.0000,1.0000,-184.2500,-184.2500,9005.2500,16493.2500,16493.2500
2021-08-18,"MA_Crossover(36,44)",9032.0000,8803.0000,1.0000,1.0000,-202.2500,-202.2500,8803.0000,16291.0000,16291.0000
2021-08-19,"MA_Crossover(36,44)",8892.0000,8658.7500,1.0000,1.0000,-144.2500,-144.2500,8658.7500,16146.7500,16146.7500
2021-08-20,"MA_Crossover(36,44)",9041.0000,8806.0000,1.0000,1.0000,147.2500,147.2500,8806.0000,16294.0000,16294.0000
2021-08-23,"MA_Crossover(36,44)",9290.9500,9055.9500,1.0000,1.0000,249.9500,249.9500,9055.9500,16543.9500,16543.9500
2021-08-24,"MA_Crossover(36,44)",9374.5000,9139.5000,1.0000,1.0000,83.5500,83.5500,9139.5000,16627.5000,16627.5000
2021-08-25,"MA_Crossover(36,44)",9356.5000,9121.5000,1.0000,1.0000,-18.0000,-18.0000,9121.5000,16609.5000,16609.5000
2021-08-26,"MA_Crossover(36,44)",9305.0000,9070.0000,1.0000,1.0000,-51.5000,-51.5000,9070.0000,16558.0000,16558.0000
2021-08-27,"MA_Crossover(36,44)",9413.7500,9178.7500,1.0000,1.0000,108.7500,108.7500,9178.7500,16666.7500,16666.7500
2021-08-31,"MA_Crossover(36,44)",9525.2500,9290.2500,1.0000,1.0000,111.5000,111.5000,9290.2500,16778.2500,16778.2500
2021-09-01,"MA_Crossover(36,44)",9333.2500,9098.2500,1.0000,1.0000,-192.0000,-192.0000,9098.2500,16586.2500,16586.2500
2021-09-02,"MA_Crossover(36,44)",9366.7500,9131.7500,1.0000,1.0000,33.5000,33.5000,9131.7500,16619.7500,16619.7500
2021-09-03,"MA_Crossover(36,44)",9422.7500,9187.7500,1.0000,1.0000,56.0000,56.0000,9187.7500,16675.7500,16675.7500
2021-09-06,"MA_Crossover(36,44)",9443.7500,9208.7500,1.0000,1.0000,21.0000,21.0000,9208.7500,16696.7500,16696.7500
2021-09-07,"MA_Crossover(36,44)",9333.6500,9098.6500,1.0000,1.0000,-110.1000,-110.1000,9098.6500,16586.6500,16586.6500
2021-09-08,"MA_Crossover(36,44)",9228.5000,8993.5000,1.0000,1.0000,-105.1500,-105.1500,8993.5000,16481.5000,16481.5000
2021-09-09,"MA_Crossover(36,44)",9369.5000,9134.5000,1.0000,1.0000,141.0000,141.0000,9134.5000,16622.5000,16622.5000
2021-09-10,"MA_Crossover(36,44)",9684.5000,9449.5000,1.0000,1.0000,315.0000,315.0000,9449.5000,16937.5000,16937.5000
2021-09-13,"MA_Crossover(36,44)",9550.5000,9315.5000,1.0000,1.0000,-134.0000,-134.0000,9315.5000,16803.5000,16803.5000
2021-09-14,"MA_Crossover(36,44)",9434.0000,9197.7500,1.0000,1.0000,-117.7500,-117.7500,9197.7500,16685.7500,16685.7500
2021-09-15,"MA_Crossover(36,44)",9617.7500,9383.0000,1.0000,1.0000,185.2500,185.2500,9383.0000,16871.0000,16871.0000
2021-09-16,"MA_Crossover(36,44)",9357.0000,9122.7500,-1.0000,1.0000,-260.2500,-260.2500,9122.7500,16610.7500,16610.7500
2021-09-17,"MA_Crossover(36,44)",9307.2500,9068.0000,-1.0000,-1.0000,-54.7500,54.7500,-9068.0000,16665.5000,16665.5000
2021-09-20,"MA_Crossover(36,44)",9034.1500,8794.9000,-1.0000,-1.0000,-273.1000,273.1000,-8794.9000,16938.6000,16938.6000
2021-09-21,"MA_Crossover(36,44)",8976.5000,8737.2500,-1.0000,-1.0000,-57.6500,57.6500,-8737.2500,16996.2500,16996.2500
2021-09-22,"MA_Crossover(36,44)",9295.7500,9056.5000,-1.0000,-1.0000,319.2500,-319.2500,-9056.5000,16677.0000,16677.0000
2021-09-23,"MA_Crossover(36,44)",9282.4500,9043.2000,-1.0000,-1.0000,-13.3000,13.3000,-9043.2000,16690.3000,16690.3000
2021-09-24,"MA_Crossover(36,44)",9341.7500,9102.5000,-1.0000,-1.0000,59.3000,-59.3000,-9102.5000,16631.0000,16631.0000
2021-09-27,"MA_Crossover(36,44)",9369.5000,9130.2500,-1.0000,-1.0000,27.7500,-27.7500,-9130.2500,16603.2500,16603.2500
2021-09-28,"MA_Crossover(36,44)",9273.1000,9033.8500,-1.0000,-1.0000,-96.4000,96.4000,-9033.8500,16699.6500,16699.6500
2021-09-29,"MA_Crossover(36,44)",9165.0000,8925.7500,-1.0000,-1.0000,-108.1000,108.1000,-8925.7500,16807.7500,16807.7500
2021-09-30,"MA_Crossover(36,44)",8940.5000,8701.2500,-1.0000,-1.0000,-224.5000,224.5000,-8701.2500,17032.2500,17032.2500
2021-10-01,"MA_Crossover(36,44)",9131.5000,8892.2500,-1.0000,-1.0000,191.0000,-191.0000,-8892.2500,16841.2500,16841.2500
2021-10-04,"MA_Crossover(36,44)",9254.0000,9014.7500,-1.0000,-1.0000,122.5000,-122.5000,-9014.7500,16718.7500,16718.7500
2021-10-05,"MA_Crossover(36,44)",9175.0000,8935.7500,-1.0000,-1.0000,-79.0000,79.0000,-8935.7500,16797.7500,16797.7500
2021-10-06,"MA_Crossover(36,44)",9048.3500,8809.1000,-1.0000,-1.0000,-126.6500,126.6500,-8809.1000,16924.4000,16924.4000
2021-10-07,"MA_Crossover(36,44)",9282.2500,9043.0000,-1.0000,-1.0000,233.9000,-233.9000,-9043.0000,16690.5000,16690.5000
2021-10-08,"MA_Crossover(36,44)",9367.7500,9128.5000,-1.0000,-1.0000,85.5000,-85.5000,-9128.5000,16605.0000,16605.0000
2021-10-11,"MA_Crossover(36,44)",9564.7500,9325.5000,-1.0000,-1.0000,197.0000,-197.0000,-9325.5000,16408.0000,16408.0000
2021-10-12,"MA_Crossover(36,44)",9490.0000,9250.7500,1.0000,-1.0000,-74.7500,74.7500,-9250.7500,16482.7500,16482.7500
2021-10-13,"MA_Crossover(36,44)",9701.5000,9462.2500,1.0000,1.0000,211.5000,211.5000,9462.2500,16694.2500,16694.2500
2021-10-14,"MA_Crossover(36,44)",10076.0000,9836.7500,1.0000,1.0000,374.5000,374.5000,9836.7500,17068.7500,17068.7500
2021-10-15,"MA_Crossover(36,44)",10493.0000,10253.7500,1.0000,1.0000,417.0000,417.0000,10253.7500,17485.7500,17485.7500
2021-10-18,"MA_Crossover(36,44)",11299.5000,11060.2500,1.0000,1.0000,806.5000,806.5000,11060.2500,18292.2500,18292.2500
2021-10-19,"MA_Crossover(36,44)",10207.5000,10995.2500,1.0000,1.0000,-65.0000,-65.0000,10995.2500,18227.2500,18227.2500
2021-10-20,"MA_Crossover(36,44)",10271.2500,11043.0000,1.0000,1.0000,47.7500,47.7500,11043.0000,18275.0000,18275.0000
2021-10-21,"MA_Crossover(36,44)",9948.5000,10699.2500,1.0000,1.0000,-343.7500,-343.7500,10699.2500,17931.2500,17931.2500
2021-10-22,"MA_Crossover(36,44)",9792.0000,10612.7500,1.0000,1.0000,-86.5000,-86.5000,10612.7500,17844.7500,17844.7500
2021-10-25,"MA_Crossover(36,44)",9960.7500,10781.5000,1.0000,1.0000,168.7500,168.7500,10781.5000,18013.5000,18013.5000
2021-10-26,"MA_Crossover(36,44)",9885.5000,10706.2500,1.0000,1.0000,-75.2500,-75.2500,10706.2500,17938.2500,17938.2500
2021-10-27,"MA_Crossover(36,44)",9625.0000,10445.7500,1.0000,1.0000,-260.5000,-260.5000,10445.7500,17677.7500,17677.7500
2021-10-28,"MA_Crossover(36,44)",9815.5000,10636.2500,1.0000,1.0000,190.5000,190.5000,10636.2500,17868.2500,17868.2500
2021-10-29,"MA_Crossover(36,44)",9728.5000,10549.2500,1.0000,1.0000,-87.0000,-87.0000,10549.2500,17781.2500,17781.2500
2021-11-01,"MA_Crossover(36,44)",9958.0000,10778.7500,1.0000,1.0000,229.5000,229.5000,10778.7500,18010.7500,18010.7500
2021-11-02,"MA_Crossover(36,44)",9745.5000,10566.2500,1.0000,1.0000,-212.5000,-212.5000,10566.2500,17798.2500,17798.2500
2021-11-03,"MA_Crossover(36,44)",9646.5000,10467.2500,1.0000,1.0000,-99.0000,-99.0000,10467.2500,17699.2500,17699.2500
2021-11-04,"MA_Crossover(36,44)",9699.0000,10519.7500,1.0000,1.0000,52.5000,52.5000,10519.7500,17751.7500,17751.7500
2021-11-05,"MA_Crossover(36,44)",9752.0000,10572.7500,1.0000,1.0000,53.0000,53.0000,10572.7500,17804.7500,17804.7500
2021-11-08,"MA_Crossover(36,44)",9897.5000,10718.2500,1.0000,1.0000,145.5000,145.5000,10718.2500,17950.2500,17950.2500
2021-11-09,"MA_Crossover(36,44)",9764.5000,10585.2500,1.0000,1.0000,-133.0000,-133.0000,10585.2500,17817.2500,17817.2500
2021-11-10,"MA_Crossover(36,44)",9705.5000,10526.2500,1.0000,1.0000,-59.0000,-59.0000,10526.2500,17758.2500,17758.2500
2021-11-11,"MA_Crossover(36,44)",9808.5000,10629.2500,1.0000,1.0000,103.0000,103.0000,10629.2500,17861.2500,17861.2500
2021-11-12,"MA_Crossover(36,44)",9841.0000,10661.7500,1.0000,1.0000,32.5000,32.5000,10661.7500,17893.7500,17893.7500
2021-11-15,"MA_Crossover(36,44)",9705.5000,10526.2500,1.0000,1.0000,-135.5000,-135.5000,10526.2500,17758.2500,17758.2500
2021-11-16,"MA_Crossover(36,44)",9576.5000,10383.2500,1.0000,1.0000,-143.0000,-143.0000,10383.2500,17615.2500,17615.2500
2021-11-17,"MA_Crossover(36,44)",9427.4000,10234.1500,1.0000,1.0000,-149.1000,-149.1000,10234.1500,17466.1500,17466.1500
2021-11-18,"MA_Crossover(36,44)",9503.5000,10297.2500,1.0000,1.0000,63.1000,63.1000,10297.2500,17529.2500,17529.2500
2021-11-19,"MA_Crossover(36,44)",9744.0000,10559.7500,1.0000,1.0000,262.5000,262.5000,10559.7500,17791.7500,17791.7500
2021-11-22,"MA_Crossover(36,44)",9831.5000,10647.2500,1.0000,1.0000,87.5000,87.5000,10647.2500,17879.2500,17879.2500
2021-11-23,"MA_Crossover(36,44)",9809.0000,10624.7500,1.0000,1.0000,-22.5000,-22.5000,10624.7500,17856.7500,17856.7500
2021-11-24,"MA_Crossover(36,44)",9904.0000,10719.7500,1.0000,1.0000,95.0000,95.0000,10719.7500,17951.7500,17951.7500
2021-11-25,"MA_Crossover(36,44)",9898.0000,10713.7500,1.0000,1.0000,-6.0000,-6.0000,10713.7500,17945.7500,17945.7500
2021-11-26,"MA_Crossover(36,44)",9578.0000,10393.7500,1.0000,1.0000,-320.0000,-320.0000,10393.7500,17625.7500,17625.7500
2021-11-29,"MA_Crossover(36,44)",9670.5000,10486.2500,1.0000,1.0000,92.5000,92.5000,10486.2500,17718.2500,17718.2500
2021-11-30,"MA_Crossover(36,44)",9522.5000,10338.2500,1.0000,1.0000,-148.0000,-148.0000,10338.2500,17570.2500,17570.2500
2021-12-01,"MA_Crossover(36,44)",9498.2500,10314.0000,1.0000,1.0000,-24.2500,-24.2500,10314.0000,17546.0000,17546.0000
2021-12-02,"MA_Crossover(36,44)",9593.0000,10408.7500,1.0000,1.0000,94.7500,94.7500,10408.7500,17640.7500,17640.7500
2021-12-03,"MA_Crossover(36,44)",9489.0000,10304.7500,1.0000,1.0000,-104.0000,-104.0000,10304.7500,17536.7500,17536.7500
2021-12-06,"MA_Crossover(36,44)",9562.0000,10377.7500,1.0000,1.0000,73.0000,73.0000,10377.7500,17609.7500,17609.7500
2021-12-07,"MA_Crossover(36,44)",9616.5000,10432.2500,-1.0000,1.0000,54.5000,54.5000,10432.2500,17664.2500,17664.2500
2021-12-08,"MA_Crossover(36,44)",9658.5000,10474.2500,-1.0000,-1.0000,42.0000,-42.0000,-10474.2500,17622.2500,17622.2500
2021-12-09,"MA_Crossover(36,44)",9542.5000,10358.2500,-1.0000,-1.0000,-116.0000,116.0000,-10358.2500,17738.2500,17738.2500
2021-12-10,"MA_Crossover(36,44)",9507.5000,10323.2500,-1.0000,-1.0000,-35.0000,35.0000,-10323.2500,17773.2500,17773.2500
2021-12-13,"MA_Crossover(36,44)",9435.0000,10250.7500,-1.0000,-1.0000,-72.5000,72.5000,-10250.7500,17845.7500,17845.7500
2021-12-14,"MA_Crossover(36,44)",9421.5000,10218.2500,-1.0000,-1.0000,-32.5000,32.5000,-10218.2500,17878.2500,17878.2500
2021-12-15,"MA_Crossover(36,44)",9227.5000,10009.2500,-1.0000,-1.0000,-209.0000,209.0000,-10009.2500,18087.2500,18087.2500
2021-12-16,"MA_Crossover(36,44)",9537.5000,10324.2500,-1.0000,-1.0000,315.0000,-315.0000,-10324.2500,17772.2500,17772.2500
2021-12-17,"MA_Crossover(36,44)",9479.5000,10281.2500,-1.0000,-1.0000,-43.0000,43.0000,-10281.2500,17815.2500,17815.2500
2021-12-20,"MA_Crossover(36,44)",9474.0000,10275.7500,-1.0000,-1.0000,-5.5000,5.5000,-10275.7500,17820.7500,17820.7500
2021-12-21,"MA_Crossover(36,44)",9573.0000,10374.7500,-1.0000,-1.0000,99.0000,-99.0000,-10374.7500,17721.7500,17721.7500
2021-12-22,"MA_Crossover(36,44)",9652.0000,10453.7500,-1.0000,-1.0000,79.0000,-79.0000,-10453.7500,17642.7500,17642.7500
2021-12-23,"MA_Crossover(36,44)",9646.0000,10447.7500,-1.0000,-1.0000,-6.0000,6.0000,-10447.7500,17648.7500,17648.7500
2021-12-24,"MA_Crossover(36,44)",9606.5000,10408.2500,-1.0000,-1.0000,-39.5000,39.5000,-10408.2500,17688.2500,17688.2500
2021-12-29,"MA_Crossover(36,44)",9736.5000,10538.2500,-1.0000,-1.0000,130.0000,-130.0000,-10538.2500,17558.2500,17558.2500
2021-12-30,"MA_Crossover(36,44)",9732.0000,10533.7500,-1.0000,-1.0000,-4.5000,4.5000,-10533.7500,17562.7500,17562.7500
2021-12-31,"MA_Crossover(36,44)",9747.5000,10549.2500,-1.0000,-1.0000,15.5000,-15.5000,-10549.2500,17547.2500,17547.2500
2022-01-04,"MA_Crossover(36,44)",9795.0000,10596.7500,-1.0000,-1.0000,47.5000,-47.5000,-10596.7500,17499.7500,17499.7500
2022-01-05,"MA_Crossover(36,44)",9713.7500,10515.5000,-1.0000,-1.0000,-81.2500,81.2500,-10515.5000,17581.0000,17581.0000
2022-01-06,"MA_Crossover(36,44)",9544.0000,10345.7500,-1.0000,-1.0000,-169.7500,169.7500,-10345.7500,17750.7500,17750.7500
2022-01-07,"MA_Crossover(36,44)",9675.0000,10476.7500,-1.0000,-1.0000,131.0000,-131.0000,-10476.7500,17619.7500,17619.7500
2022-01-10,"MA_Crossover(36,44)",9571.0000,10372.7500,-1.0000,-1.0000,-104.0000,104.0000,-10372.7500,17723.7500,17723.7500
2022-01-11,"MA_Crossover(36,44)",9735.5000,10537.2500,-1.0000,-1.0000,164.5000,-164.5000,-10537.2500,17559.2500,17559.2500
2022-01-12,"MA_Crossover(36,44)",10084.5000,10886.2500,-1.0000,-1.0000,349.0000,-349.0000,-10886.2500,17210.2500,17210.2500
2022-01-13,"MA_Crossover(36,44)",9972.5000,10774.2500,-1.0000,-1.0000,-112.0000,112.0000,-10774.2500,17322.2500,17322.2500
2022-01-14,"MA_Crossover(36,44)",9730.7500,10532.5000,-1.0000,-1.0000,-241.7500,241.7500,-10532.5000,17564.0000,17564.0000
2022-01-17,"MA_Crossover(36,44)",9749.0000,10550.7500,-1.0000,-1.0000,18.2500,-18.2500,-10550.7500,17545.7500,17545.7500
2022-01-18,"MA_Crossover(36,44)",9691.5000,10484.2500,-1.0000,-1.0000,-66.5000,66.5000,-10484.2500,17612.2500,17612.2500
2022-01-19,"MA_Crossover(36,44)",9861.2500,10652.0000,-1.0000,-1.0000,167.7500,-167.7500,-10652.0000,17444.5000,17444.5000
2022-01-20,"MA_Crossover(36,44)",10014.0000,10803.7500,-1.0000,-1.0000,151.7500,-151.7500,-10803.7500,17292.7500,17292.7500
2022-01-21,"MA_Crossover(36,44)",9977.0000,10775.7500,-1.0000,-1.0000,-28.0000,28.0000,-10775.7500,17320.7500,17320.7500
2022-01-24,"MA_Crossover(36,44)",9763.0000,10561.7500,-1.0000,-1.0000,-214.0000,214.0000,-10561.7500,17534.7500,17534.7500
2022-01-25,"MA_Crossover(36,44)",9832.7500,10631.5000,-1.0000,-1.0000,69.7500,-69.7500,-10631.5000,17465.0000,17465.0000
2022-01-26,"MA_Crossover(36,44)",9955.5000,10754.2500,-1.0000,-1.0000,122.7500,-122.7500,-10754.2500,17342.2500,17342.2500
2022-01-27,"MA_Crossover(36,44)",9830.7500,10629.5000,1.0000,-1.0000,-124.7500,124.7500,-10629.5000,17467.0000,17467.0000
2022-01-28,"MA_Crossover(36,44)",9555.5000,10354.2500,1.0000,1.0000,-275.2500,-275.2500,10354.2500,17191.7500,17191.7500
2022-01-31,"MA_Crossover(36,44)",9554.0000,10352.7500,1.0000,1.0000,-1.5000,-1.5000,10352.7500,17190.2500,17190.2500
2022-02-01,"MA_Crossover(36,44)",9730.5000,10529.2500,1.0000,1.0000,176.5000,176.5000,10529.2500,17366.7500,17366.7500
2022-02-02,"MA_Crossover(36,44)",9877.7500,10676.5000,1.0000,1.0000,147.2500,147.2500,10676.5000,17514.0000,17514.0000
2022-02-03,"MA_Crossover(36,44)",9867.5000,10666.2500,1.0000,1.0000,-10.2500,-10.2500,10666.2500,17503.7500,17503.7500
2022-02-04,"MA_Crossover(36,44)",9871.5000,10670.2500,1.0000,1.0000,4.0000,4.0000,10670.2500,17507.7500,17507.7500
2022-02-07,"MA_Crossover(36,44)",9809.2500,10608.0000,1.0000,1.0000,-62.2500,-62.2500,10608.0000,17445.5000,17445.5000
2022-02-08,"MA_Crossover(36,44)",9811.2500,10610.0000,1.0000,1.0000,2.0000,2.0000,10610.0000,17447.5000,17447.5000
2022-02-09,"MA_Crossover(36,44)",10100.5000,10899.2500,1.0000,1.0000,289.2500,289.2500,10899.2500,17736.7500,17736.7500
2022-02-10,"MA_Crossover(36,44)",10305.0000,11103.7500,1.0000,1.0000,204.5000,204.5000,11103.7500,17941.2500,17941.2500
2022-02-11,"MA_Crossover(36,44)",9894.5000,10693.2500,1.0000,1.0000,-410.5000,-410.5000,10693.2500,17530.7500,17530.7500
2022-02-14,"MA_Crossover(36,44)",9984.5000,10783.2500,1.0000,1.0000,90.0000,90.0000,10783.2500,17620.7500,17620.7500
2022-02-15,"MA_Crossover(36,44)",10003.5000,10804.7500,1.0000,1.0000,21.5000,21.5000,10804.7500,17642.2500,17642.2500
2022-02-16,"MA_Crossover(36,44)",10029.7500,10828.5000,1.0000,1.0000,23.7500,23.7500,10828.5000,17666.0000,17666.0000
2022-02-17,"MA_Crossover(36,44)",9967.0000,10762.7500,1.0000,1.0000,-65.7500,-65.7500,10762.7500,17600.2500,17600.2500
2022-02-18,"MA_Crossover(36,44)",9996.5000,10816.2500,1.0000,1.0000,53.5000,53.5000,10816.2500,17653.7500,17653.7500
2022-02-21,"MA_Crossover(36,44)",9946.0000,10765.7500,1.0000,1.0000,-50.5000,-50.5000,10765.7500,17603.2500,17603.2500
2022-02-22,"MA_Crossover(36,44)",9961.2500,10781.0000,1.0000,1.0000,15.2500,15.2500,10781.0000,17618.5000,17618.5000
2022-02-23,"MA_Crossover(36,44)",9910.5000,10730.2500,1.0000,1.0000,-50.7500,-50.7500,10730.2500,17567.7500,17567.7500
2022-02-24,"MA_Crossover(36,44)",9911.5000,10731.2500,1.0000,1.0000,1.0000,1.0000,10731.2500,17568.7500,17568.7500
2022-02-25,"MA_Crossover(36,44)",9917.0000,10736.7500,1.0000,1.0000,5.5000,5.5000,10736.7500,17574.2500,17574.2500
2022-02-28,"MA_Crossover(36,44)",9919.0000,10738.7500,1.0000,1.0000,2.0000,2.0000,10738.7500,17576.2500,17576.2500
2022-03-01,"MA_Crossover(36,44)",10095.5000,10915.2500,1.0000,1.0000,176.5000,176.5000,10915.2500,17752.7500,17752.7500
2022-03-02,"MA_Crossover(36,44)",10198.2500,11018.0000,1.0000,1.0000,102.7500,102.7500,11018.0000,17855.5000,17855.5000
2022-03-03,"MA_Crossover(36,44)",10385.5000,11205.2500,1.0000,1.0000,187.2500,187.2500,11205.2500,18042.7500,18042.7500
2022-03-04,"MA_Crossover(36,44)",10701.0000,11520.7500,1.0000,1.0000,315.5000,315.5000,11520.7500,18358.2500,18358.2500
2022-03-07,"MA_Crossover(36,44)",10265.5000,11085.2500,1.0000,1.0000,-435.5000,-435.5000,11085.2500,17922.7500,17922.7500
2022-03-08,"MA_Crossover(36,44)",10178.7500,10998.5000,1.0000,1.0000,-86.7500,-86.7500,10998.5000,17836.0000,17836.0000
2022-03-09,"MA_Crossover(36,44)",9979.0000,10798.7500,1.0000,1.0000,-199.7500,-199.7500,10798.7500,17636.2500,17636.2500
2022-03-10,"MA_Crossover(36,44)",10096.0000,10915.7500,1.0000,1.0000,117.0000,117.0000,10915.7500,17753.2500,17753.2500
2022-03-11,"MA_Crossover(36,44)",10152.5000,10972.2500,1.0000,1.0000,56.5000,56.5000,10972.2500,17809.7500,17809.7500
2022-03-14,"MA_Crossover(36,44)",9894.5000,10714.2500,1.0000,1.0000,-258.0000,-258.0000,10714.2500,17551.7500,17551.7500
2022-03-15,"MA_Crossover(36,44)",9895.0000,10693.7500,1.0000,1.0000,-20.5000,-20.5000,10693.7500,17531.2500,17531.2500
2022-03-16,"MA_Crossover(36,44)",10069.0000,10854.7500,1.0000,1.0000,161.0000,161.0000,10854.7500,17692.2500,17692.2500
2022-03-17,"MA_Crossover(36,44)",10251.5000,11041.7500,1.0000,1.0000,187.0000,187.0000,11041.7500,17879.2500,17879.2500
2022-03-18,"MA_Crossover(36,44)",10342.0000,11131.7500,1.0000,1.0000,90.0000,90.0000,11131.7500,17969.2500,17969.2500
2022-03-21,"MA_Crossover(36,44)",10301.5500,11091.3000,1.0000,1.0000,-40.4500,-40.4500,11091.3000,17928.8000,17928.8000
2022-03-22,"MA_Crossover(36,44)",10266.5000,11056.2500,1.0000,1.0000,-35.0500,-35.0500,11056.2500,17893.7500,17893.7500
2022-03-23,"MA_Crossover(36,44)",10446.0000,11235.7500,1.0000,1.0000,179.5000,179.5000,11235.7500,18073.2500,18073.2500
2022-03-24,"MA_Crossover(36,44)",10332.5000,11122.2500,1.0000,1.0000,-113.5000,-113.5000,11122.2500,17959.7500,17959.7500
2022-03-25,"MA_Crossover(36,44)",10255.0000,11044.7500,1.0000,1.0000,-77.5000,-77.5000,11044.7500,17882.2500,17882.2500
2022-03-28,"MA_Crossover(36,44)",10342.0000,11131.7500,1.0000,1.0000,87.0000,87.0000,11131.7500,17969.2500,17969.2500
2022-03-29,"MA_Crossover(36,44)",10319.5000,11109.2500,1.0000,1.0000,-22.5000,-22.5000,11109.2500,17946.7500,17946.7500
2022-03-30,"MA_Crossover(36,44)",10367.5000,11157.2500,1.0000,1.0000,48.0000,48.0000,11157.2500,17994.7500,17994.7500
2022-03-31,"MA_Crossover(36,44)",10372.5000,11162.2500,1.0000,1.0000,5.0000,5.0000,11162.2500,17999.7500,17999.7500
2022-04-01,"MA_Crossover(36,44)",10347.0000,11136.7500,1.0000,1.0000,-25.5000,-25.5000,11136.7500,17974.2500,17974.2500
2022-04-04,"MA_Crossover(36,44)",10455.2500,11245.0000,1.0000,1.0000,108.2500,108.2500,11245.0000,18082.5000,18082.5000
2022-04-05,"MA_Crossover(36,44)",10437.0000,11226.7500,1.0000,1.0000,-18.2500,-18.2500,11226.7500,18064.2500,18064.2500
2022-04-06,"MA_Crossover(36,44)",10286.7500,11076.5000,1.0000,1.0000,-150.2500,-150.2500,11076.5000,17914.0000,17914.0000
2022-04-07,"MA_Crossover(36,44)",10294.5000,11084.2500,1.0000,1.0000,7.7500,7.7500,11084.2500,17921.7500,17921.7500
2022-04-08,"MA_Crossover(36,44)",10304.7500,11094.5000,1.0000,1.0000,10.2500,10.2500,11094.5000,17932.0000,17932.0000
2022-04-11,"MA_Crossover(36,44)",10181.2500,10971.0000,1.0000,1.0000,-123.5000,-123.5000,10971.0000,17808.5000,17808.5000
2022-04-12,"MA_Crossover(36,44)",10330.0000,11119.7500,1.0000,1.0000,148.7500,148.7500,11119.7500,17957.2500,17957.2500
2022-04-13,"MA_Crossover(36,44)",10284.0000,11073.7500,1.0000,1.0000,-46.0000,-46.0000,11073.7500,17911.2500,17911.2500
2022-04-14,"MA_Crossover(36,44)",10297.5000,11087.2500,1.0000,1.0000,13.5000,13.5000,11087.2500,17924.7500,17924.7500
2022-04-19,"MA_Crossover(36,44)",10288.5000,11080.7500,1.0000,1.0000,-6.5000,-6.5000,11080.7500,17918.2500,17918.2500
2022-04-20,"MA_Crossover(36,44)",10205.5000,10998.5000,1.0000,1.0000,-82.2500,-82.2500,10998.5000,17836.0000,17836.0000
2022-04-21,"MA_Crossover(36,44)",10275.7500,11066.2500,1.0000,1.0000,67.7500,67.7500,11066.2500,17903.7500,17903.7500
2022-04-22,"MA_Crossover(36,44)",10103.2500,10887.0000,1.0000,1.0000,-179.2500,-179.2500,10887.0000,17724.5000,17724.5000
2022-04-25,"MA_Crossover(36,44)",9773.8000,10557.5500,1.0000,1.0000,-329.4500,-329.4500,10557.5500,17395.0500,17395.0500
2022-04-26,"MA_Crossover(36,44)",9860.5000,10644.2500,1.0000,1.0000,86.7000,86.7000,10644.2500,17481.7500,17481.7500
2022-04-27,"MA_Crossover(36,44)",9865.5000,10649.2500,1.0000,1.0000,5.0000,5.0000,10649.2500,17486.7500,17486.7500
2022-04-28,"MA_Crossover(36,44)",9700.0000,10483.7500,1.0000,1.0000,-165.5000,-165.5000,10483.7500,17321.2500,17321.2500
2022-04-29,"MA_Crossover(36,44)",9772.5000,10556.2500,-1.0000,1.0000,72.5000,72.5000,10556.2500,17393.7500,17393.7500
2022-05-03,"MA_Crossover(36,44)",9407.7500,10191.5000,-1.0000,-1.0000,-364.7500,364.7500,-10191.5000,17758.5000,17758.5000
2022-05-04,"MA_Crossover(36,44)",9468.0000,10251.7500,-1.0000,-1.0000,60.2500,-60.2500,-10251.7500,17698.2500,17698.2500
2022-05-05,"MA_Crossover(36,44)",9508.5000,10292.2500,-1.0000,-1.0000,40.5000,-40.5000,-10292.2500,17657.7500,17657.7500
2022-05-06,"MA_Crossover(36,44)",9414.0000,10197.7500,-1.0000,-1.0000,-94.5000,94.5000,-10197.7500,17752.2500,17752.2500
2022-05-09,"MA_Crossover(36,44)",9244.2500,10028.0000,-1.0000,-1.0000,-169.7500,169.7500,-10028.0000,17922.0000,17922.0000
2022-05-10,"MA_Crossover(36,44)",9239.0000,10022.7500,1.0000,-1.0000,-5.2500,5.2500,-10022.7500,17927.2500,17927.2500
2022-05-11,"MA_Crossover(36,44)",9361.0000,10144.7500,-1.0000,1.0000,122.0000,122.0000,10144.7500,18049.2500,18049.2500
2022-05-12,"MA_Crossover(36,44)",9105.0000,9888.7500,-1.0000,-1.0000,-256.0000,256.0000,-9888.7500,18305.2500,18305.2500
2022-05-13,"MA_Crossover(36,44)",9185.0000,9968.7500,-1.0000,-1.0000,80.0000,-80.0000,-9968.7500,18225.2500,18225.2500
2022-05-16,"MA_Crossover(36,44)",9255.5000,10039.2500,-1.0000,-1.0000,70.5000,-70.5000,-10039.2500,18154.7500,18154.7500
2022-05-17,"MA_Crossover(36,44)",9379.5000,10159.7500,-1.0000,-1.0000,120.5000,-120.5000,-10159.7500,18034.2500,18034.2500
2022-05-18,"MA_Crossover(36,44)",9246.1000,10029.8500,-1.0000,-1.0000,-129.9000,129.9000,-10029.8500,18164.1500,18164.1500
2022-05-19,"MA_Crossover(36,44)",9435.5000,10216.2500,-1.0000,-1.0000,186.4000,-186.4000,-10216.2500,17977.7500,17977.7500
2022-05-20,"MA_Crossover(36,44)",9441.0000,10229.7500,-1.0000,-1.0000,13.5000,-13.5000,-10229.7500,17964.2500,17964.2500
2022-05-23,"MA_Crossover(36,44)",9568.5000,10357.2500,-1.0000,-1.0000,127.5000,-127.5000,-10357.2500,17836.7500,17836.7500
2022-05-24,"MA_Crossover(36,44)",9459.0000,10247.7500,-1.0000,-1.0000,-109.5000,109.5000,-10247.7500,17946.2500,17946.2500
2022-05-25,"MA_Crossover(36,44)",9375.0000,10163.7500,-1.0000,-1.0000,-84.0000,84.0000,-10163.7500,18030.2500,18030.2500
2022-05-26,"MA_Crossover(36,44)",9350.5000,10139.2500,-1.0000,-1.0000,-24.5000,24.5000,-10139.2500,18054.7500,18054.7500
2022-05-27,"MA_Crossover(36,44)",9459.5000,10248.2500,-1.0000,-1.0000,109.0000,-109.0000,-10248.2500,17945.7500,17945.7500
2022-05-30,"MA_Crossover(36,44)",9543.0000,10331.7500,-1.0000,-1.0000,83.5000,-83.5000,-10331.7500,17862.2500,17862.2500
2022-05-31,"MA_Crossover(36,44)",9451.5000,10240.2500,-1.0000,-1.0000,-91.5000,91.5000,-10240.2500,17953.7500,17953.7500
2022-06-01,"MA_Crossover(36,44)",9504.5000,10293.2500,-1.0000,-1.0000,53.0000,-53.0000,-10293.2500,17900.7500,17900.7500
2022-06-06,"MA_Crossover(36,44)",9748.5000,10537.2500,-1.0000,-1.0000,244.0000,-244.0000,-10537.2500,17656.7500,17656.7500
2022-06-07,"MA_Crossover(36,44)",9704.2500,10493.0000,-1.0000,-1.0000,-44.2500,44.2500,-10493.0000,17701.0000,17701.0000
2022-06-08,"MA_Crossover(36,44)",9741.3000,10530.0500,-1.0000,-1.0000,37.0500,-37.0500,-10530.0500,17663.9500,17663.9500
2022-06-09,"MA_Crossover(36,44)",9622.1000,10410.8500,-1.0000,-1.0000,-119.2000,119.2000,-10410.8500,17783.1500,17783.1500
2022-06-10,"MA_Crossover(36,44)",9448.0000,10236.7500,-1.0000,-1.0000,-174.1000,174.1000,-10236.7500,17957.2500,17957.2500
2022-06-13,"MA_Crossover(36,44)",9285.5000,10074.2500,-1.0000,-1.0000,-162.5000,162.5000,-10074.2500,18119.7500,18119.7500
2022-06-14,"MA_Crossover(36,44)",9226.7500,10010.0000,-1.0000,-1.0000,-64.2500,64.2500,-10010.0000,18184.0000,18184.0000
2022-06-15,"MA_Crossover(36,44)",9232.0000,10010.7500,-1.0000,-1.0000,0.7500,-0.7500,-10010.7500,18183.2500,18183.2500
2022-06-16,"MA_Crossover(36,44)",9081.2500,9856.2500,-1.0000,-1.0000,-154.5000,154.5000,-9856.2500,18337.7500,18337.7500
2022-06-17,"MA_Crossover(36,44)",8969.0000,9750.7500,-1.0000,-1.0000,-105.5000,105.5000,-9750.7500,18443.2500,18443.2500
2022-06-20,"MA_Crossover(36,44)",8992.2500,9774.0000,-1.0000,-1.0000,23.2500,-23.2500,-9774.0000,18420.0000,18420.0000
2022-06-21,"MA_Crossover(36,44)",9004.4900,9786.2400,-1.0000,-1.0000,12.2400,-12.2400,-9786.2400,18407.7600,18407.7600
2022-06-22,"MA_Crossover(36,44)",8785.5000,9567.2500,-1.0000,-1.0000,-218.9900,218.9900,-9567.2500,18626.7500,18626.7500
2022-06-23,"MA_Crossover(36,44)",8415.0000,9196.7500,-1.0000,-1.0000,-370.5000,370.5000,-9196.7500,18997.2500,18997.2500
2022-06-24,"MA_Crossover(36,44)",8392.0000,9173.7500,-1.0000,-1.0000,-23.0000,23.0000,-9173.7500,19020.2500,19020.2500
2022-06-27,"MA_Crossover(36,44)",8430.2500,9212.0000,-1.0000,-1.0000,38.2500,-38.2500,-9212.0000,18982.0000,18982.0000
2022-06-28,"MA_Crossover(36,44)",8374.0000,9155.7500,-1.0000,-1.0000,-56.2500,56.2500,-9155.7500,19038.2500,19038.2500
2022-06-29,"MA_Crossover(36,44)",8411.0000,9192.7500,-1.0000,-1.0000,37.0000,-37.0000,-9192.7500,19001.2500,19001.2500
2022-06-30,"MA_Crossover(36,44)",8264.0000,9045.7500,-1.0000,-1.0000,-147.0000,147.0000,-9045.7500,19148.2500,19148.2500
2022-07-01,"MA_Crossover(36,44)",8050.2500,8832.0000,-1.0000,-1.0000,-213.7500,213.7500,-8832.0000,19362.0000,19362.0000
2022-07-04,"MA_Crossover(36,44)",8007.5000,8789.2500,-1.0000,-1.0000,-42.7500,42.7500,-8789.2500,19404.7500,19404.7500
2022-07-05,"MA_Crossover(36,44)",7666.7500,8448.5000,-1.0000,-1.0000,-340.7500,340.7500,-8448.5000,19745.5000,19745.5000
2022-07-06,"MA_Crossover(36,44)",7517.2500,8299.0000,-1.0000,-1.0000,-149.5000,149.5000,-8299.0000,19895.0000,19895.0000
2022-07-07,"MA_Crossover(36,44)",7826.0000,8607.7500,-1.0000,-1.0000,308.7500,-308.7500,-8607.7500,19586.2500,19586.2500
2022-07-08,"MA_Crossover(36,44)",7799.5000,8581.2500,-1.0000,-1.0000,-26.5000,26.5000,-8581.2500,19612.7500,19612.7500
2022-07-11,"MA_Crossover(36,44)",7578.7500,8360.5000,-1.0000,-1.0000,-220.7500,220.7500,-8360.5000,19833.5000,19833.5000
2022-07-12,"MA_Crossover(36,44)",7341.0000,8122.7500,-1.0000,-1.0000,-237.7500,237.7500,-8122.7500,20071.2500,20071.2500
2022-07-13,"MA_Crossover(36,44)",7315.5000,8097.2500,-1.0000,-1.0000,-25.5000,25.5000,-8097.2500,20096.7500,20096.7500
2022-07-14,"MA_Crossover(36,44)",7162.0000,7943.7500,-1.0000,-1.0000,-153.5000,153.5000,-7943.7500,20250.2500,20250.2500
2022-07-15,"MA_Crossover(36,44)",7179.2500,7961.0000,-1.0000,-1.0000,17.2500,-17.2500,-7961.0000,20233.0000,20233.0000
2022-07-18,"MA_Crossover(36,44)",7411.0000,8192.7500,-1.0000,-1.0000,231.7500,-231.7500,-8192.7500,20001.2500,20001.2500
2022-07-19,"MA_Crossover(36,44)",7271.5000,8045.7500,-1.0000,-1.0000,-147.0000,147.0000,-8045.7500,20148.2500,20148.2500
2022-07-20,"MA_Crossover(36,44)",7377.0000,8150.7500,-1.0000,-1.0000,105.0000,-105.0000,-8150.7500,20043.2500,20043.2500
2022-07-21,"MA_Crossover(36,44)",7320.0000,8093.2500,-1.0000,-1.0000,-57.5000,57.5000,-8093.2500,20100.7500,20100.7500
2022-07-22,"MA_Crossover(36,44)",7449.0000,8217.2500,-1.0000,-1.0000,124.0000,-124.0000,-8217.2500,19976.7500,19976.7500
2022-07-25,"MA_Crossover(36,44)",7479.2500,8247.5000,-1.0000,-1.0000,30.2500,-30.2500,-8247.5000,19946.5000,19946.5000
2022-07-26,"MA_Crossover(36,44)",7536.2500,8304.5000,-1.0000,-1.0000,57.0000,-57.0000,-8304.5000,19889.5000,19889.5000
2022-07-27,"MA_Crossover(36,44)",7639.2500,8407.5000,-1.0000,-1.0000,103.0000,-103.0000,-8407.5000,19786.5000,19786.5000
2022-07-28,"MA_Crossover(36,44)",7770.7500,8539.0000,-1.0000,-1.0000,131.5000,-131.5000,-8539.0000,19655.0000,19655.0000
2022-07-29,"MA_Crossover(36,44)",7931.2500,8699.5000,-1.0000,-1.0000,160.5000,-160.5000,-8699.5000,19494.5000,19494.5000
2022-08-01,"MA_Crossover(36,44)",7826.7500,8595.0000,-1.0000,-1.0000,-104.5000,104.5000,-8595.0000,19599.0000,19599.0000
2022-08-02,"MA_Crossover(36,44)",7814.7500,8583.0000,-1.0000,-1.0000,-12.0000,12.0000,-8583.0000,19611.0000,19611.0000
2022-08-03,"MA_Crossover(36,44)",7680.7500,8449.0000,-1.0000,-1.0000,-134.0000,134.0000,-8449.0000,19745.0000,19745.0000
2022-08-04,"MA_Crossover(36,44)",7726.2500,8494.5000,-1.0000,-1.0000,45.5000,-45.5000,-8494.5000,19699.5000,19699.5000
2022-08-05,"MA_Crossover(36,44)",7870.0000,8638.2500,-1.0000,-1.0000,143.7500,-143.7500,-8638.2500,19555.7500,19555.7500
2022-08-08,"MA_Crossover(36,44)",7989.7500,8758.0000,-1.0000,-1.0000,119.7500,-119.7500,-8758.0000,19436.0000,19436.0000
2022-08-09,"MA_Crossover(36,44)",7984.5000,8752.7500,-1.0000,-1.0000,-5.2500,5.2500,-8752.7500,19441.2500,19441.2500
2022-08-10,"MA_Crossover(36,44)",8084.9800,8853.2300,-1.0000,-1.0000,100.4800,-100.4800,-8853.2300,19340.7700,19340.7700
2022-08-11,"MA_Crossover(36,44)",8167.0000,8935.2500,-1.0000,-1.0000,82.0200,-82.0200,-8935.2500,19258.7500,19258.7500
2022-08-12,"MA_Crossover(36,44)",8086.0000,8854.2500,-1.0000,-1.0000,-81.0000,81.0000,-8854.2500,19339.7500,19339.7500
2022-08-15,"MA_Crossover(36,44)",7972.0000,8740.2500,-1.0000,-1.0000,-114.0000,114.0000,-8740.2500,19453.7500,19453.7500
2022-08-16,"MA_Crossover(36,44)",7983.0000,8741.2500,-1.0000,-1.0000,1.0000,-1.0000,-8741.2500,19452.7500,19452.7500
2022-08-17,"MA_Crossover(36,44)",7933.2500,8689.7500,-1.0000,-1.0000,-51.5000,51.5000,-8689.7500,19504.2500,19504.2500
2022-08-18,"MA_Crossover(36,44)",8048.2500,8802.2500,-1.0000,-1.0000,112.5000,-112.5000,-8802.2500,19391.7500,19391.7500
2022-08-19,"MA_Crossover(36,44)",8099.7500,8858.2500,-1.0000,-1.0000,56.0000,-56.0000,-8858.2500,19335.7500,19335.7500
2022-08-22,"MA_Crossover(36,44)",8071.0000,8829.5000,-1.0000,-1.0000,-28.7500,28.7500,-8829.5000,19364.5000,19364.5000
2022-08-23,"MA_Crossover(36,44)",8166.2500,8924.7500,-1.0000,-1.0000,95.2500,-95.2500,-8924.7500,19269.2500,19269.2500
2022-08-24,"MA_Crossover(36,44)",8061.5000,8820.0000,-1.0000,-1.0000,-104.7500,104.7500,-8820.0000,19374.0000,19374.0000
2022-08-25,"MA_Crossover(36,44)",8166.0000,8924.5000,-1.0000,-1.0000,104.5000,-104.5000,-8924.5000,19269.5000,19269.5000
2022-08-26,"MA_Crossover(36,44)",8193.2500,8951.7500,-1.0000,-1.0000,27.2500,-27.2500,-8951.7500,19242.2500,19242.2500
2022-08-30,"MA_Crossover(36,44)",7893.0000,8651.5000,-1.0000,-1.0000,-300.2500,300.2500,-8651.5000,19542.5000,19542.5000
2022-08-31,"MA_Crossover(36,44)",7847.5000,8606.0000,-1.0000,-1.0000,-45.5000,45.5000,-8606.0000,19588.0000,19588.0000
2022-09-01,"MA_Crossover(36,44)",7652.0000,8410.5000,1.0000,-1.0000,-195.5000,195.5000,-8410.5000,19783.5000,19783.5000
2022-09-02,"MA_Crossover(36,44)",7694.0000,8452.5000,1.0000,1.0000,42.0000,42.0000,8452.5000,19825.5000,19825.5000
2022-09-05,"MA_Crossover(36,44)",7731.0000,8489.5000,1.0000,1.0000,37.0000,37.0000,8489.5000,19862.5000,19862.5000
2022-09-06,"MA_Crossover(36,44)",7751.0000,8509.5000,1.0000,1.0000,20.0000,20.0000,8509.5000,19882.5000,19882.5000
2022-09-07,"MA_Crossover(36,44)",7700.0000,8458.5000,1.0000,1.0000,-51.0000,-51.0000,8458.5000,19831.5000,19831.5000
2022-09-08,"MA_Crossover(36,44)",7921.5000,8680.0000,1.0000,1.0000,221.5000,221.5000,8680.0000,20053.0000,20053.0000
2022-09-09,"MA_Crossover(36,44)",7930.5000,8689.0000,1.0000,1.0000,9.0000,9.0000,8689.0000,20062.0000,20062.0000
2022-09-12,"MA_Crossover(36,44)",8084.5000,8843.0000,1.0000,1.0000,154.0000,154.0000,8843.0000,20216.0000,20216.0000
2022-09-13,"MA_Crossover(36,44)",8000.5000,8759.0000,1.0000,1.0000,-84.0000,-84.0000,8759.0000,20132.0000,20132.0000
2022-09-14,"MA_Crossover(36,44)",7899.5000,8658.0000,1.0000,1.0000,-101.0000,-101.0000,8658.0000,20031.0000,20031.0000
2022-09-15,"MA_Crossover(36,44)",7851.5000,8610.0000,1.0000,1.0000,-48.0000,-48.0000,8610.0000,19983.0000,19983.0000
2022-09-16,"MA_Crossover(36,44)",7870.0000,8628.5000,1.0000,1.0000,18.5000,18.5000,8628.5000,20001.5000,20001.5000
2022-09-19,"MA_Crossover(36,44)",7826.5000,8585.0000,1.0000,1.0000,-43.5000,-43.5000,8585.0000,19958.0000,19958.0000
2022-09-20,"MA_Crossover(36,44)",7824.0000,8557.5000,1.0000,1.0000,-27.5000,-27.5000,8557.5000,19930.5000,19930.5000
2022-09-21,"MA_Crossover(36,44)",7757.0000,8492.5000,1.0000,1.0000,-65.0000,-65.0000,8492.5000,19865.5000,19865.5000
2022-09-22,"MA_Crossover(36,44)",7749.0000,8485.5000,1.0000,1.0000,-7.0000,-7.0000,8485.5000,19858.5000,19858.5000
2022-09-23,"MA_Crossover(36,44)",7532.0000,8300.5000,1.0000,1.0000,-185.0000,-185.0000,8300.5000,19673.5000,19673.5000
2022-09-26,"MA_Crossover(36,44)",7441.5000,8210.0000,1.0000,1.0000,-90.5000,-90.5000,8210.0000,19583.0000,19583.0000
2022-09-27,"MA_Crossover(36,44)",7433.0000,8201.5000,1.0000,1.0000,-8.5000,-8.5000,8201.5000,19574.5000,19574.5000
2022-09-28,"MA_Crossover(36,44)",7529.5000,8298.0000,1.0000,1.0000,96.5000,96.5000,8298.0000,19671.0000,19671.0000
2022-09-29,"MA_Crossover(36,44)",7654.0000,8422.5000,1.0000,1.0000,124.5000,124.5000,8422.5000,19795.5000,19795.5000
2022-09-30,"MA_Crossover(36,44)",7688.0000,8456.5000,-1.0000,1.0000,34.0000,34.0000,8456.5000,19829.5000,19829.5000
2022-10-03,"MA_Crossover(36,44)",7615.5000,8384.0000,-1.0000,-1.0000,-72.5000,72.5000,-8384.0000,19902.0000,19902.0000
2022-10-04,"MA_Crossover(36,44)",7814.5000,8583.0000,-1.0000,-1.0000,199.0000,-199.0000,-8583.0000,19703.0000,19703.0000
2022-10-05,"MA_Crossover(36,44)",7740.5000,8509.0000,-1.0000,-1.0000,-74.0000,74.0000,-8509.0000,19777.0000,19777.0000
2022-10-06,"MA_Crossover(36,44)",7659.5000,8428.0000,-1.0000,-1.0000,-81.0000,81.0000,-8428.0000,19858.0000,19858.0000
2022-10-07,"MA_Crossover(36,44)",7517.5000,8286.0000,-1.0000,-1.0000,-142.0000,142.0000,-8286.0000,20000.0000,20000.0000
2022-10-10,"MA_Crossover(36,44)",7645.7500,8414.2500,-1.0000,-1.0000,128.2500,-128.2500,-8414.2500,19871.7500,19871.7500
2022-10-11,"MA_Crossover(36,44)",7666.5000,8435.0000,-1.0000,-1.0000,20.7500,-20.7500,-8435.0000,19851.0000,19851.0000
2022-10-12,"MA_Crossover(36,44)",7638.0000,8406.5000,-1.0000,-1.0000,-28.5000,28.5000,-8406.5000,19879.5000,19879.5000
2022-10-13,"MA_Crossover(36,44)",7666.5000,8435.0000,-1.0000,-1.0000,28.5000,-28.5000,-8435.0000,19851.0000,19851.0000
2022-10-14,"MA_Crossover(36,44)",7652.0000,8420.5000,-1.0000,-1.0000,-14.5000,14.5000,-8420.5000,19865.5000,19865.5000
2022-10-17,"MA_Crossover(36,44)",7642.5000,8411.0000,-1.0000,-1.0000,-9.5000,9.5000,-8411.0000,19875.0000,19875.0000
2022-10-18,"MA_Crossover(36,44)",7490.0000,8224.5000,-1.0000,-1.0000,-186.5000,186.5000,-8224.5000,20061.5000,20061.5000
2022-10-19,"MA_Crossover(36,44)",7461.7500,8194.2500,-1.0000,-1.0000,-30.2500,30.2500,-8194.2500,20091.7500,20091.7500
2022-10-20,"MA_Crossover(36,44)",7650.5000,8382.0000,-1.0000,-1.0000,187.7500,-187.7500,-8382.0000,19904.0000,19904.0000
2022-10-21,"MA_Crossover(36,44)",7719.2500,8488.7500,-1.0000,-1.0000,106.7500,-106.7500,-8488.7500,19797.2500,19797.2500
2022-10-24,"MA_Crossover(36,44)",7669.0000,8438.5000,-1.0000,-1.0000,-50.2500,50.2500,-8438.5000,19847.5000,19847.5000
2022-10-25,"MA_Crossover(36,44)",7621.0000,8390.5000,-1.0000,-1.0000,-48.0000,48.0000,-8390.5000,19895.5000,19895.5000
2022-10-26,"MA_Crossover(36,44)",7884.0000,8653.5000,-1.0000,-1.0000,263.0000,-263.0000,-8653.5000,19632.5000,19632.5000
2022-10-27,"MA_Crossover(36,44)",7843.2500,8612.7500,-1.0000,-1.0000,-40.7500,40.7500,-8612.7500,19673.2500,19673.2500
2022-10-28,"MA_Crossover(36,44)",7629.0000,8398.5000,-1.0000,-1.0000,-214.2500,214.2500,-8398.5000,19887.5000,19887.5000
2022-10-31,"MA_Crossover(36,44)",7531.0000,8300.5000,-1.0000,-1.0000,-98.0000,98.0000,-8300.5000,19985.5000,19985.5000
2022-11-01,"MA_Crossover(36,44)",7726.5000,8496.0000,-1.0000,-1.0000,195.5000,-195.5000,-8496.0000,19790.0000,19790.0000
2022-11-02,"MA_Crossover(36,44)",7672.7500,8442.2500,-1.0000,-1.0000,-53.7500,53.7500,-8442.2500,19843.7500,19843.7500
2022-11-03,"MA_Crossover(36,44)",7607.0000,8376.5000,-1.0000,-1.0000,-65.7500,65.7500,-8376.5000,19909.5000,19909.5000
2022-11-04,"MA_Crossover(36,44)",8144.0000,8913.5000,-1.0000,-1.0000,537.0000,-537.0000,-8913.5000,19372.5000,19372.5000
2022-11-07,"MA_Crossover(36,44)",7932.7500,8702.2500,-1.0000,-1.0000,-211.2500,211.2500,-8702.2500,19583.7500,19583.7500
2022-11-08,"MA_Crossover(36,44)",8135.0000,8904.5000,-1.0000,-1.0000,202.2500,-202.2500,-8904.5000,19381.5000,19381.5000
2022-11-09,"MA_Crossover(36,44)",8116.2500,8885.7500,-1.0000,-1.0000,-18.7500,18.7500,-8885.7500,19400.2500,19400.2500
2022-11-10,"MA_Crossover(36,44)",8284.0000,9053.5000,-1.0000,-1.0000,167.7500,-167.7500,-9053.5000,19232.5000,19232.5000
2022-11-11,"MA_Crossover(36,44)",8502.9000,9272.4000,-1.0000,-1.0000,218.9000,-218.9000,-9272.4000,19013.6000,19013.6000
2022-11-14,"MA_Crossover(36,44)",8356.0000,9125.5000,-1.0000,-1.0000,-146.9000,146.9000,-9125.5000,19160.5000,19160.5000
2022-11-15,"MA_Crossover(36,44)",8370.2500,9127.7500,1.0000,-1.0000,2.2500,-2.2500,-9127.7500,19158.2500,19158.2500
2022-11-16,"MA_Crossover(36,44)",8284.2500,9044.7500,1.0000,1.0000,-83.0000,-83.0000,9044.7500,19075.2500,19075.2500
2022-11-17,"MA_Crossover(36,44)",8095.0000,8859.0000,1.0000,1.0000,-185.7500,-185.7500,8859.0000,18889.5000,18889.5000
2022-11-18,"MA_Crossover(36,44)",8065.5000,8817.0000,1.0000,1.0000,-42.0000,-42.0000,8817.0000,18847.5000,18847.5000
2022-11-21,"MA_Crossover(36,44)",7864.0000,8615.5000,1.0000,1.0000,-201.5000,-201.5000,8615.5000,18646.0000,18646.0000
2022-11-22,"MA_Crossover(36,44)",7996.2500,8747.7500,1.0000,1.0000,132.2500,132.2500,8747.7500,18778.2500,18778.2500
2022-11-23,"MA_Crossover(36,44)",7986.0000,8737.5000,1.0000,1.0000,-10.2500,-10.2500,8737.5000,18768.0000,18768.0000
2022-11-24,"MA_Crossover(36,44)",8023.0000,8774.5000,1.0000,1.0000,37.0000,37.0000,8774.5000,18805.0000,18805.0000
2022-11-25,"MA_Crossover(36,44)",7992.0000,8743.5000,1.0000,1.0000,-31.0000,-31.0000,8743.5000,18774.0000,18774.0000
2022-11-28,"MA_Crossover(36,44)",7948.7500,8700.2500,1.0000,1.0000,-43.2500,-43.2500,8700.2500,18730.7500,18730.7500
2022-11-29,"MA_Crossover(36,44)",8045.5000,8797.0000,1.0000,1.0000,96.7500,96.7500,8797.0000,18827.5000,18827.5000
2022-11-30,"MA_Crossover(36,44)",8239.7500,8991.2500,1.0000,1.0000,194.2500,194.2500,8991.2500,19021.7500,19021.7500
2022-12-01,"MA_Crossover(36,44)",8322.5000,9074.0000,1.0000,1.0000,82.7500,82.7500,9074.0000,19104.5000,19104.5000
2022-12-02,"MA_Crossover(36,44)",8442.0000,9193.5000,1.0000,1.0000,119.5000,119.5000,9193.5000,19224.0000,19224.0000
2022-12-05,"MA_Crossover(36,44)",8364.5000,9116.0000,1.0000,1.0000,-77.5000,-77.5000,9116.0000,19146.5000,19146.5000
2022-12-06,"MA_Crossover(36,44)",8395.0000,9146.5000,1.0000,1.0000,30.5000,30.5000,9146.5000,19177.0000,19177.0000
2022-12-07,"MA_Crossover(36,44)",8439.0000,9190.5000,1.0000,1.0000,44.0000,44.0000,9190.5000,19221.0000,19221.0000
2022-12-08,"MA_Crossover(36,44)",8532.7500,9284.2500,1.0000,1.0000,93.7500,93.7500,9284.2500,19314.7500,19314.7500
2022-12-09,"MA_Crossover(36,44)",8518.0000,9269.5000,1.0000,1.0000,-14.7500,-14.7500,9269.5000,19300.0000,19300.0000
2022-12-12,"MA_Crossover(36,44)",8339.2500,9090.7500,1.0000,1.0000,-178.7500,-178.7500,9090.7500,19121.2500,19121.2500
2022-12-13,"MA_Crossover(36,44)",8459.2500,9210.7500,1.0000,1.0000,120.0000,120.0000,9210.7500,19241.2500,19241.2500
2022-12-14,"MA_Crossover(36,44)",8486.0000,9237.5000,1.0000,1.0000,26.7500,26.7500,9237.5000,19268.0000,19268.0000
2022-12-15,"MA_Crossover(36,44)",8255.5000,9007.0000,1.0000,1.0000,-230.5000,-230.5000,9007.0000,19037.5000,19037.5000
2022-12-16,"MA_Crossover(36,44)",8235.2500,8986.7500,1.0000,1.0000,-20.2500,-20.2500,8986.7500,19017.2500,19017.2500
2022-12-19,"MA_Crossover(36,44)",8303.2500,9054.7500,1.0000,1.0000,68.0000,68.0000,9054.7500,19085.2500,19085.2500
2022-12-20,"MA_Crossover(36,44)",8349.7500,9093.2500,1.0000,1.0000,38.5000,38.5000,9093.2500,19123.7500,19123.7500
2022-12-21,"MA_Crossover(36,44)",8390.5000,9133.0000,1.0000,1.0000,39.7500,39.7500,9133.0000,19163.5000,19163.5000
2022-12-22,"MA_Crossover(36,44)",8305.0000,9048.5000,1.0000,1.0000,-84.5000,-84.5000,9048.5000,19079.0000,19079.0000
2022-12-23,"MA_Crossover(36,44)",8344.0000,9083.5000,1.0000,1.0000,35.0000,35.0000,9083.5000,19114.0000,19114.0000
2022-12-28,"MA_Crossover(36,44)",8445.0000,9184.5000,1.0000,1.0000,101.0000,101.0000,9184.5000,19215.0000,19215.0000
2022-12-29,"MA_Crossover(36,44)",8419.5000,9159.0000,1.0000,1.0000,-25.5000,-25.5000,9159.0000,19189.5000,19189.5000
2022-12-30,"MA_Crossover(36,44)",8373.0100,9112.5100,1.0000,1.0000,-46.4900,-46.4900,9112.5100,19143.0100,19143.0100
2023-01-03,"MA_Crossover(36,44)",8318.0000,9057.5000,1.0000,1.0000,-55.0100,-55.0100,9057.5000,19088.0000,19088.0000
2023-01-04,"MA_Crossover(36,44)",8247.0000,8986.5000,1.0000,1.0000,-71.0000,-71.0000,8986.5000,19017.0000,19017.0000
2023-01-05,"MA_Crossover(36,44)",8371.2500,9110.7500,1.0000,1.0000,124.2500,124.2500,9110.7500,19141.2500,19141.2500
2023-01-06,"MA_Crossover(36,44)",8578.6500,9318.1500,1.0000,1.0000,207.4000,207.4000,9318.1500,19348.6500,19348.6500
2023-01-09,"MA_Crossover(36,44)",8843.0000,9582.5000,1.0000,1.0000,264.3500,264.3500,9582.5000,19613.0000,19613.0000
2023-01-10,"MA_Crossover(36,44)",8898.5000,9638.0000,1.0000,1.0000,55.5000,55.5000,9638.0000,19668.5000,19668.5000
2023-01-11,"MA_Crossover(36,44)",9115.0000,9854.5000,1.0000,1.0000,216.5000,216.5000,9854.5000,19885.0000,19885.0000
2023-01-12,"MA_Crossover(36,44)",9170.5000,9910.0000,1.0000,1.0000,55.5000,55.5000,9910.0000,19940.5000,19940.5000
2023-01-13,"MA_Crossover(36,44)",9170.0000,9909.5000,1.0000,1.0000,-0.5000,-0.5000,9909.5000,19940.0000,19940.0000
2023-01-16,"MA_Crossover(36,44)",9088.1900,9827.6900,1.0000,1.0000,-81.8100,-81.8100,9827.6900,19858.1900,19858.1900
2023-01-17,"MA_Crossover(36,44)",9286.0000,10017.5000,1.0000,1.0000,189.8100,189.8100,10017.5000,20048.0000,20048.0000
2023-01-18,"MA_Crossover(36,44)",9329.0000,10057.0000,1.0000,1.0000,39.5000,39.5000,10057.0000,20087.5000,20087.5000
2023-01-19,"MA_Crossover(36,44)",9307.5000,10038.5000,1.0000,1.0000,-18.5000,-18.5000,10038.5000,20069.0000,20069.0000
2023-01-20,"MA_Crossover(36,44)",9319.7600,10049.7600,1.0000,1.0000,11.2600,11.2600,10049.7600,20080.2600,20080.2600
2023-01-23,"MA_Crossover(36,44)",9347.7700,10077.7700,1.0000,1.0000,28.0100,28.0100,10077.7700,20108.2700,20108.2700
2023-01-24,"MA_Crossover(36,44)",9306.0000,10036.0000,1.0000,1.0000,-41.7700,-41.7700,10036.0000,20066.5000,20066.5000
2023-01-25,"MA_Crossover(36,44)",9304.5000,10034.5000,1.0000,1.0000,-1.5000,-1.5000,10034.5000,20065.0000,20065.0000
2023-01-26,"MA_Crossover(36,44)",9320.5000,10050.5000,1.0000,1.0000,16.0000,16.0000,10050.5000,20081.0000,20081.0000
2023-01-27,"MA_Crossover(36,44)",9255.7400,9985.7400,1.0000,1.0000,-64.7600,-64.7600,9985.7400,20016.2400,20016.2400
2023-01-30,"MA_Crossover(36,44)",9200.3500,9930.3500,1.0000,1.0000,-55.3900,-55.3900,9930.3500,19960.8500,19960.8500
2023-01-31,"MA_Crossover(36,44)",9210.8000,9940.8000,1.0000,1.0000,10.4500,10.4500,9940.8000,19971.3000,19971.3000
2023-02-01,"MA_Crossover(36,44)",9072.7500,9802.7500,1.0000,1.0000,-138.0500,-138.0500,9802.7500,19833.2500,19833.2500
2023-02-02,"MA_Crossover(36,44)",9039.2500,9769.2500,1.0000,1.0000,-33.5000,-33.5000,9769.2500,19799.7500,19799.7500
2023-02-03,"MA_Crossover(36,44)",8962.2500,9692.2500,1.0000,1.0000,-77.0000,-77.0000,9692.2500,19722.7500,19722.7500
2023-02-06,"MA_Crossover(36,44)",8848.2500,9578.2500,1.0000,1.0000,-114.0000,-114.0000,9578.2500,19608.7500,19608.7500
2023-02-07,"MA_Crossover(36,44)",8902.5000,9632.5000,1.0000,1.0000,54.2500,54.2500,9632.5000,19663.0000,19663.0000
2023-02-08,"MA_Crossover(36,44)",8871.7600,9601.7600,1.0000,1.0000,-30.7400,-30.7400,9601.7600,19632.2600,19632.2600
2023-02-09,"MA_Crossover(36,44)",8955.5000,9685.5000,1.0000,1.0000,83.7400,83.7400,9685.5000,19716.0000,19716.0000
2023-02-10,"MA_Crossover(36,44)",8830.2600,9560.2600,1.0000,1.0000,-125.2400,-125.2400,9560.2600,19590.7600,19590.7600
2023-02-13,"MA_Crossover(36,44)",8916.5000,9646.5000,1.0000,1.0000,86.2400,86.2400,9646.5000,19677.0000,19677.0000
2023-02-14,"MA_Crossover(36,44)",8935.5000,9661.5000,1.0000,1.0000,15.0000,15.0000,9661.5000,19692.0000,19692.0000
2023-02-15,"MA_Crossover(36,44)",8845.5000,9571.5000,1.0000,1.0000,-90.0000,-90.0000,9571.5000,19602.0000,19602.0000
2023-02-16,"MA_Crossover(36,44)",9010.5000,9737.7500,1.0000,1.0000,166.2500,166.2500,9737.7500,19768.2500,19768.2500
2023-02-17,"MA_Crossover(36,44)",8974.2500,9694.7500,1.0000,1.0000,-43.0000,-43.0000,9694.7500,19725.2500,19725.2500
2023-02-20,"MA_Crossover(36,44)",9133.7500,9854.2500,1.0000,1.0000,159.5000,159.5000,9854.2500,19884.7500,19884.7500
2023-02-21,"MA_Crossover(36,44)",9198.5000,9919.0000,1.0000,1.0000,64.7500,64.7500,9919.0000,19949.5000,19949.5000
2023-02-22,"MA_Crossover(36,44)",9116.0000,9836.5000,1.0000,1.0000,-82.5000,-82.5000,9836.5000,19867.0000,19867.0000
2023-02-23,"MA_Crossover(36,44)",8898.9900,9619.4900,1.0000,1.0000,-217.0100,-217.0100,9619.4900,19649.9900,19649.9900
2023-02-24,"MA_Crossover(36,44)",8705.5000,9426.0000,1.0000,1.0000,-193.4900,-193.4900,9426.0000,19456.5000,19456.5000
2023-02-27,"MA_Crossover(36,44)",8795.5000,9516.0000,1.0000,1.0000,90.0000,90.0000,9516.0000,19546.5000,19546.5000
2023-02-28,"MA_Crossover(36,44)",8959.0000,9679.5000,1.0000,1.0000,163.5000,163.5000,9679.5000,19710.0000,19710.0000
2023-03-01,"MA_Crossover(36,44)",9096.5000,9817.0000,1.0000,1.0000,137.5000,137.5000,9817.0000,19847.5000,19847.5000
2023-03-02,"MA_Crossover(36,44)",8942.6000,9663.1000,1.0000,1.0000,-153.9000,-153.9000,9663.1000,19693.6000,19693.6000
2023-03-03,"MA_Crossover(36,44)",8965.5000,9686.0000,1.0000,1.0000,22.9000,22.9000,9686.0000,19716.5000,19716.5000
2023-03-06,"MA_Crossover(36,44)",8902.7500,9623.2500,1.0000,1.0000,-62.7500,-62.7500,9623.2500,19653.7500,19653.7500
2023-03-07,"MA_Crossover(36,44)",8743.5000,9464.0000,1.0000,1.0000,-159.2500,-159.2500,9464.0000,19494.5000,19494.5000
2023-03-08,"MA_Crossover(36,44)",8892.0000,9612.5000,1.0000,1.0000,148.5000,148.5000,9612.5000,19643.0000,19643.0000
2023-03-09,"MA_Crossover(36,44)",8834.0500,9554.5500,-1.0000,1.0000,-57.9500,-57.9500,9554.5500,19585.0500,19585.0500
2023-03-10,"MA_Crossover(36,44)",8848.0000,9568.5000,-1.0000,-1.0000,13.9500,-13.9500,-9568.5000,19571.1000,19571.1000
2023-03-13,"MA_Crossover(36,44)",8918.2500,9638.7500,-1.0000,-1.0000,70.2500,-70.2500,-9638.7500,19500.8500,19500.8500
2023-03-14,"MA_Crossover(36,44)",8827.0000,9539.0000,-1.0000,-1.0000,-99.7500,99.7500,-9539.0000,19600.6000,19600.6000
2023-03-15,"MA_Crossover(36,44)",8498.7500,9208.2500,-1.0000,-1.0000,-330.7500,330.7500,-9208.2500,19931.3500,19931.3500
2023-03-16,"MA_Crossover(36,44)",8516.7500,9222.7500,-1.0000,-1.0000,14.5000,-14.5000,-9222.7500,19916.8500,19916.8500
2023-03-17,"MA_Crossover(36,44)",8580.2500,9288.7500,-1.0000,-1.0000,66.0000,-66.0000,-9288.7500,19850.8500,19850.8500
2023-03-20,"MA_Crossover(36,44)",8701.2500,9409.7500,-1.0000,-1.0000,121.0000,-121.0000,-9409.7500,19729.8500,19729.8500
2023-03-21,"MA_Crossover(36,44)",8762.2500,9470.7500,-1.0000,-1.0000,61.0000,-61.0000,-9470.7500,19668.8500,19668.8500
2023-03-22,"MA_Crossover(36,44)",8899.5000,9608.0000,-1.0000,-1.0000,137.2500,-137.2500,-9608.0000,19531.6000,19531.6000
2023-03-23,"MA_Crossover(36,44)",9038.0000,9746.5000,-1.0000,-1.0000,138.5000,-138.5000,-9746.5000,19393.1000,19393.1000
2023-03-24,"MA_Crossover(36,44)",8921.7500,9630.2500,-1.0000,-1.0000,-116.2500,116.2500,-9630.2500,19509.3500,19509.3500
2023-03-27,"MA_Crossover(36,44)",8963.2500,9671.7500,-1.0000,-1.0000,41.5000,-41.5000,-9671.7500,19467.8500,19467.8500
2023-03-28,"MA_Crossover(36,44)",8976.2500,9684.7500,-1.0000,-1.0000,13.0000,-13.0000,-9684.7500,19454.8500,19454.8500
2023-03-29,"MA_Crossover(36,44)",9005.7500,9714.2500,-1.0000,-1.0000,29.5000,-29.5000,-9714.2500,19425.3500,19425.3500
2023-03-30,"MA_Crossover(36,44)",9000.2500,9708.7500,-1.0000,-1.0000,-5.5000,5.5000,-9708.7500,19430.8500,19430.8500
2023-03-31,"MA_Crossover(36,44)",8994.5000,9703.0000,-1.0000,-1.0000,-5.7500,5.7500,-9703.0000,19436.6000,19436.6000
2023-04-03,"MA_Crossover(36,44)",8915.0000,9623.5000,-1.0000,-1.0000,-79.5000,79.5000,-9623.5000,19516.1000,19516.1000
2023-04-04,"MA_Crossover(36,44)",8743.7500,9452.2500,-1.0000,-1.0000,-171.2500,171.2500,-9452.2500,19687.3500,19687.3500
2023-04-05,"MA_Crossover(36,44)",8781.7500,9490.2500,-1.0000,-1.0000,38.0000,-38.0000,-9490.2500,19649.3500,19649.3500
2023-04-06,"MA_Crossover(36,44)",8803.7500,9512.2500,-1.0000,-1.0000,22.0000,-22.0000,-9512.2500,19627.3500,19627.3500
2023-04-11,"MA_Crossover(36,44)",8854.5000,9563.0000,-1.0000,-1.0000,50.7500,-50.7500,-9563.0000,19576.6000,19576.6000
2023-04-12,"MA_Crossover(36,44)",8920.0500,9628.5500,-1.0000,-1.0000,65.5500,-65.5500,-9628.5500,19511.0500,19511.0500
2023-04-13,"MA_Crossover(36,44)",9066.7500,9775.2500,-1.0000,-1.0000,146.7000,-146.7000,-9775.2500,19364.3500,19364.3500
2023-04-14,"MA_Crossover(36,44)",9031.2500,9739.7500,-1.0000,-1.0000,-35.5000,35.5000,-9739.7500,19399.8500,19399.8500
2023-04-17,"MA_Crossover(36,44)",8962.9500,9671.4500,-1.0000,-1.0000,-68.3000,68.3000,-9671.4500,19468.1500,19468.1500
2023-04-18,"MA_Crossover(36,44)",9014.4000,9717.4000,-1.0000,-1.0000,45.9500,-45.9500,-9717.4000,19422.2000,19422.2000
2023-04-19,"MA_Crossover(36,44)",8963.7500,9670.5000,-1.0000,-1.0000,-46.9000,46.9000,-9670.5000,19469.1000,19469.1000
2023-04-20,"MA_Crossover(36,44)",8880.2500,9587.2500,-1.0000,-1.0000,-83.2500,83.2500,-9587.2500,19552.3500,19552.3500
2023-04-21,"MA_Crossover(36,44)",8794.5000,9499.0000,-1.0000,-1.0000,-88.2500,88.2500,-9499.0000,19640.6000,19640.6000
2023-04-24,"MA_Crossover(36,44)",8727.0000,9431.5000,-1.0000,-1.0000,-67.5000,67.5000,-9431.5000,19708.1000,19708.1000
2023-04-25,"MA_Crossover(36,44)",8524.0000,9228.5000,-1.0000,-1.0000,-203.0000,203.0000,-9228.5000,19911.1000,19911.1000
2023-04-26,"MA_Crossover(36,44)",8551.7500,9256.2500,-1.0000,-1.0000,27.7500,-27.7500,-9256.2500,19883.3500,19883.3500
2023-04-27,"MA_Crossover(36,44)",8583.5000,9288.0000,-1.0000,-1.0000,31.7500,-31.7500,-9288.0000,19851.6000,19851.6000
2023-04-28,"MA_Crossover(36,44)",8590.0000,9294.5000,-1.0000,-1.0000,6.5000,-6.5000,-9294.5000,19845.1000,19845.1000
2023-05-02,"MA_Crossover(36,44)",8504.2000,9208.7000,-1.0000,-1.0000,-85.8000,85.8000,-9208.7000,19930.9000,19930.9000
2023-05-03,"MA_Crossover(36,44)",8456.2500,9160.7500,-1.0000,-1.0000,-47.9500,47.9500,-9160.7500,19978.8500,19978.8500
2023-05-04,"MA_Crossover(36,44)",8481.4000,9185.9000,-1.0000,-1.0000,25.1500,-25.1500,-9185.9000,19953.7000,19953.7000
2023-05-05,"MA_Crossover(36,44)",8566.7500,9271.2500,-1.0000,-1.0000,85.3500,-85.3500,-9271.2500,19868.3500,19868.3500
2023-05-09,"MA_Crossover(36,44)",8571.2500,9275.7500,-1.0000,-1.0000,4.5000,-4.5000,-9275.7500,19863.8500,19863.8500
2023-05-10,"MA_Crossover(36,44)",8445.2500,9149.7500,-1.0000,-1.0000,-126.0000,126.0000,-9149.7500,19989.8500,19989.8500
2023-05-11,"MA_Crossover(36,44)",8137.4500,8841.9500,1.0000,-1.0000,-307.8000,307.8000,-8841.9500,20297.6500,20297.6500
2023-05-12,"MA_Crossover(36,44)",8224.2500,8928.7500,1.0000,1.0000,86.8000,86.8000,8928.7500,20384.4500,20384.4500
2023-05-15,"MA_Crossover(36,44)",8218.2500,8922.7500,1.0000,1.0000,-6.0000,-6.0000,8922.7500,20378.4500,20378.4500
2023-05-16,"MA_Crossover(36,44)",8107.4900,8780.5000,1.0000,1.0000,-142.2500,-142.2500,8780.5000,20236.2000,20236.2000
2023-05-17,"MA_Crossover(36,44)",8292.0000,8963.2500,-1.0000,1.0000,182.7500,182.7500,8963.2500,20418.9500,20418.9500
2023-05-18,"MA_Crossover(36,44)",8156.5000,8830.7500,-1.0000,-1.0000,-132.5000,132.5000,-8830.7500,20551.4500,20551.4500
2023-05-19,"MA_Crossover(36,44)",8234.0000,8899.5000,-1.0000,-1.0000,68.7500,-68.7500,-8899.5000,20482.7000,20482.7000
2023-05-22,"MA_Crossover(36,44)",8095.5300,8761.0300,-1.0000,-1.0000,-138.4700,138.4700,-8761.0300,20621.1700,20621.1700
2023-05-23,"MA_Crossover(36,44)",8068.7500,8734.2500,-1.0000,-1.0000,-26.7800,26.7800,-8734.2500,20647.9500,20647.9500
2023-05-24,"MA_Crossover(36,44)",7875.7500,8541.2500,-1.0000,-1.0000,-193.0000,193.0000,-8541.2500,20840.9500,20840.9500
2023-05-25,"MA_Crossover(36,44)",7943.7500,8609.2500,-1.0000,-1.0000,68.0000,-68.0000,-8609.2500,20772.9500,20772.9500
2023-05-26,"MA_Crossover(36,44)",8124.5000,8790.0000,-1.0000,-1.0000,180.7500,-180.7500,-8790.0000,20592.2000,20592.2000
2023-05-30,"MA_Crossover(36,44)",8111.9500,8777.4500,-1.0000,-1.0000,-12.5500,12.5500,-8777.4500,20604.7500,20604.7500
2023-05-31,"MA_Crossover(36,44)",8080.0000,8745.5000,-1.0000,-1.0000,-31.9500,31.9500,-8745.5000,20636.7000,20636.7000
2023-06-01,"MA_Crossover(36,44)",8245.0000,8910.5000,-1.0000,-1.0000,165.0000,-165.0000,-8910.5000,20471.7000,20471.7000
2023-06-02,"MA_Crossover(36,44)",8233.5000,8899.0000,-1.0000,-1.0000,-11.5000,11.5000,-8899.0000,20483.2000,20483.2000
2023-06-05,"MA_Crossover(36,44)",8335.0100,9000.5100,-1.0000,-1.0000,101.5100,-101.5100,-9000.5100,20381.6900,20381.6900
2023-06-06,"MA_Crossover(36,44)",8337.0000,9002.5000,-1.0000,-1.0000,1.9900,-1.9900,-9002.5000,20379.7000,20379.7000
2023-06-07,"MA_Crossover(36,44)",8293.1000,8958.6000,-1.0000,-1.0000,-43.9000,43.9000,-8958.6000,20423.6000,20423.6000
2023-06-08,"MA_Crossover(36,44)",8341.0000,9006.5000,-1.0000,-1.0000,47.9000,-47.9000,-9006.5000,20375.7000,20375.7000
2023-06-09,"MA_Crossover(36,44)",8357.7500,9023.2500,-1.0000,-1.0000,16.7500,-16.7500,-9023.2500,20358.9500,20358.9500
2023-06-12,"MA_Crossover(36,44)",8292.0000,8957.5000,-1.0000,-1.0000,-65.7500,65.7500,-8957.5000,20424.7000,20424.7000
2023-06-13,"MA_Crossover(36,44)",8458.5000,9124.0000,-1.0000,-1.0000,166.5000,-166.5000,-9124.0000,20258.2000,20258.2000
2023-06-14,"MA_Crossover(36,44)",8515.2500,9180.7500,-1.0000,-1.0000,56.7500,-56.7500,-9180.7500,20201.4500,20201.4500
2023-06-15,"MA_Crossover(36,44)",8557.0000,9222.5000,-1.0000,-1.0000,41.7500,-41.7500,-9222.5000,20159.7000,20159.7000
2023-06-16,"MA_Crossover(36,44)",8555.7500,9221.2500,-1.0000,-1.0000,-1.2500,1.2500,-9221.2500,20160.9500,20160.9500
2023-06-19,"MA_Crossover(36,44)",8546.0000,9211.5000,-1.0000,-1.0000,-9.7500,9.7500,-9211.5000,20170.7000,20170.7000
2023-06-20,"MA_Crossover(36,44)",8551.2500,9213.7500,-1.0000,-1.0000,2.2500,-2.2500,-9213.7500,20168.4500,20168.4500
2023-06-21,"MA_Crossover(36,44)",8615.2500,9273.7500,-1.0000,-1.0000,60.0000,-60.0000,-9273.7500,20108.4500,20108.4500
2023-06-22,"MA_Crossover(36,44)",8585.2500,9246.7500,-1.0000,-1.0000,-27.0000,27.0000,-9246.7500,20135.4500,20135.4500
2023-06-23,"MA_Crossover(36,44)",8401.2400,9066.7400,-1.0000,-1.0000,-180.0100,180.0100,-9066.7400,20315.4600,20315.4600
2023-06-26,"MA_Crossover(36,44)",8407.0000,9072.5000,-1.0000,-1.0000,5.7600,-5.7600,-9072.5000,20309.7000,20309.7000
2023-06-27,"MA_Crossover(36,44)",8372.0000,9037.5000,-1.0000,-1.0000,-35.0000,35.0000,-9037.5000,20344.7000,20344.7000
2023-06-28,"MA_Crossover(36,44)",8260.5000,8926.0000,-1.0000,-1.0000,-111.5000,111.5000,-8926.0000,20456.2000,20456.2000
2023-06-29,"MA_Crossover(36,44)",8182.0000,8847.5000,-1.0000,-1.0000,-78.5000,78.5000,-8847.5000,20534.7000,20534.7000
2023-06-30,"MA_Crossover(36,44)",8323.7500,8989.2500,-1.0000,-1.0000,141.7500,-141.7500,-8989.2500,20392.9500,20392.9500
2023-07-03,"MA_Crossover(36,44)",8406.0000,9071.5000,-1.0000,-1.0000,82.2500,-82.2500,-9071.5000,20310.7000,20310.7000
2023-07-04,"MA_Crossover(36,44)",8358.5000,9024.0000,-1.0000,-1.0000,-47.5000,47.5000,-9024.0000,20358.2000,20358.2000
2023-07-05,"MA_Crossover(36,44)",8317.7500,8983.2500,-1.0000,-1.0000,-40.7500,40.7500,-8983.2500,20398.9500,20398.9500
2023-07-06,"MA_Crossover(36,44)",8258.0000,8923.5000,-1.0000,-1.0000,-59.7500,59.7500,-8923.5000,20458.7000,20458.7000
2023-07-07,"MA_Crossover(36,44)",8369.2500,9034.7500,-1.0000,-1.0000,111.2500,-111.2500,-9034.7500,20347.4500,20347.4500
2023-07-10,"MA_Crossover(36,44)",8364.5000,9030.0000,1.0000,-1.0000,-4.7500,4.7500,-9030.0000,20352.2000,20352.2000
2023-07-11,"MA_Crossover(36,44)",8312.5000,8978.0000,1.0000,1.0000,-52.0000,-52.0000,8978.0000,20300.2000,20300.2000
2023-07-12,"MA_Crossover(36,44)",8494.7500,9160.2500,1.0000,1.0000,182.2500,182.2500,9160.2500,20482.4500,20482.4500
2023-07-13,"MA_Crossover(36,44)",8690.0000,9355.5000,1.0000,1.0000,195.2500,195.2500,9355.5000,20677.7000,20677.7000
2023-07-14,"MA_Crossover(36,44)",8663.2500,9328.7500,1.0000,1.0000,-26.7500,-26.7500,9328.7500,20650.9500,20650.9500
2023-07-17,"MA_Crossover(36,44)",8468.0000,9133.5000,1.0000,1.0000,-195.2500,-195.2500,9133.5000,20455.7000,20455.7000
2023-07-18,"MA_Crossover(36,44)",8466.0000,9117.5000,1.0000,1.0000,-16.0000,-16.0000,9117.5000,20439.7000,20439.7000
2023-07-19,"MA_Crossover(36,44)",8424.2900,9075.2900,1.0000,1.0000,-42.2100,-42.2100,9075.2900,20397.4900,20397.4900
2023-07-20,"MA_Crossover(36,44)",8481.2500,9132.5000,1.0000,1.0000,57.2100,57.2100,9132.5000,20454.7000,20454.7000
2023-07-21,"MA_Crossover(36,44)",8444.0000,9090.0000,1.0000,1.0000,-42.5000,-42.5000,9090.0000,20412.2000,20412.2000
2023-07-24,"MA_Crossover(36,44)",8509.0000,9155.0000,1.0000,1.0000,65.0000,65.0000,9155.0000,20477.2000,20477.2000
2023-07-25,"MA_Crossover(36,44)",8664.5000,9310.5000,1.0000,1.0000,155.5000,155.5000,9310.5000,20632.7000,20632.7000
2023-07-26,"MA_Crossover(36,44)",8603.2500,9249.2500,1.0000,1.0000,-61.2500,-61.2500,9249.2500,20571.4500,20571.4500
2023-07-27,"MA_Crossover(36,44)",8552.0000,9198.0000,1.0000,1.0000,-51.2500,-51.2500,9198.0000,20520.2000,20520.2000
2023-07-28,"MA_Crossover(36,44)",8648.2400,9294.2400,1.0000,1.0000,96.2400,96.2400,9294.2400,20616.4400,20616.4400
2023-07-31,"MA_Crossover(36,44)",8819.5000,9465.5000,1.0000,1.0000,171.2600,171.2600,9465.5000,20787.7000,20787.7000
2023-08-01,"MA_Crossover(36,44)",8612.7500,9258.7500,1.0000,1.0000,-206.7500,-206.7500,9258.7500,20580.9500,20580.9500
2023-08-02,"MA_Crossover(36,44)",8488.2400,9134.2400,1.0000,1.0000,-124.5100,-124.5100,9134.2400,20456.4400,20456.4400
2023-08-03,"MA_Crossover(36,44)",8586.0000,9232.0000,1.0000,1.0000,97.7600,97.7600,9232.0000,20554.2000,20554.2000
2023-08-04,"MA_Crossover(36,44)",8537.0000,9183.0000,1.0000,1.0000,-49.0000,-49.0000,9183.0000,20505.2000,20505.2000
2023-08-07,"MA_Crossover(36,44)",8449.0900,9095.0900,1.0000,1.0000,-87.9100,-87.9100,9095.0900,20417.2900,20417.2900
2023-08-08,"MA_Crossover(36,44)",8313.7500,8959.7500,1.0000,1.0000,-135.3400,-135.3400,8959.7500,20281.9500,20281.9500
2023-08-09,"MA_Crossover(36,44)",8371.5100,9017.5100,-1.0000,1.0000,57.7600,57.7600,9017.5100,20339.7100,20339.7100
2023-08-10,"MA_Crossover(36,44)",8352.2400,8998.2400,-1.0000,-1.0000,-19.2700,19.2700,-8998.2400,20358.9800,20358.9800
2023-08-11,"MA_Crossover(36,44)",8257.2500,8903.2500,-1.0000,-1.0000,-94.9900,94.9900,-8903.2500,20453.9700,20453.9700
2023-08-14,"MA_Crossover(36,44)",8242.7500,8888.7500,-1.0000,-1.0000,-14.5000,14.5000,-8888.7500,20468.4700,20468.4700
2023-08-15,"MA_Crossover(36,44)",8183.5000,8802.5000,-1.0000,-1.0000,-86.2500,86.2500,-8802.5000,20554.7200,20554.7200
2023-08-16,"MA_Crossover(36,44)",8153.2500,8771.2500,-1.0000,-1.0000,-31.2500,31.2500,-8771.2500,20585.9700,20585.9700
2023-08-17,"MA_Crossover(36,44)",8229.8500,8843.8500,-1.0000,-1.0000,72.6000,-72.6000,-8843.8500,20513.3700,20513.3700
2023-08-18,"MA_Crossover(36,44)",8243.7500,8854.7500,1.0000,-1.0000,10.9000,-10.9000,-8854.7500,20502.4700,20502.4700
2023-08-21,"MA_Crossover(36,44)",8270.5000,8881.5000,1.0000,1.0000,26.7500,26.7500,8881.5000,20529.2200,20529.2200
2023-08-22,"MA_Crossover(36,44)",8363.7000,8974.7000,1.0000,1.0000,93.2000,93.2000,8974.7000,20622.4200,20622.4200
2023-08-23,"MA_Crossover(36,44)",8457.2500,9068.2500,1.0000,1.0000,93.5500,93.5500,9068.2500,20715.9700,20715.9700
2023-08-24,"MA_Crossover(36,44)",8359.5000,8970.5000,1.0000,1.0000,-97.7500,-97.7500,8970.5000,20618.2200,20618.2200
2023-08-25,"MA_Crossover(36,44)",8349.2500,8960.2500,1.0000,1.0000,-10.2500,-10.2500,8960.2500,20607.9700,20607.9700
2023-08-29,"MA_Crossover(36,44)",8438.5000,9049.5000,1.0000,1.0000,89.2500,89.2500,9049.5000,20697.2200,20697.2200
2023-08-30,"MA_Crossover(36,44)",8468.5500,9079.5500,1.0000,1.0000,30.0500,30.0500,9079.5500,20727.2700,20727.2700
2023-08-31,"MA_Crossover(36,44)",8420.0000,9031.0000,1.0000,1.0000,-48.5500,-48.5500,9031.0000,20678.7200,20678.7200
2023-09-01,"MA_Crossover(36,44)",8497.2500,9108.2500,1.0000,1.0000,77.2500,77.2500,9108.2500,20755.9700,20755.9700
2023-09-04,"MA_Crossover(36,44)",8453.2500,9064.2500,1.0000,1.0000,-44.0000,-44.0000,9064.2500,20711.9700,20711.9700
2023-09-05,"MA_Crossover(36,44)",8497.5000,9108.5000,1.0000,1.0000,44.2500,44.2500,9108.5000,20756.2200,20756.2200
2023-09-06,"MA_Crossover(36,44)",8374.2500,8985.2500,-1.0000,1.0000,-123.2500,-123.2500,8985.2500,20632.9700,20632.9700
2023-09-07,"MA_Crossover(36,44)",8321.2500,8932.2500,-1.0000,-1.0000,-53.0000,53.0000,-8932.2500,20685.9700,20685.9700
2023-09-08,"MA_Crossover(36,44)",8241.5000,8852.5000,-1.0000,-1.0000,-79.7500,79.7500,-8852.5000,20765.7200,20765.7200
2023-09-11,"MA_Crossover(36,44)",8389.0000,9000.0000,-1.0000,-1.0000,147.5000,-147.5000,-9000.0000,20618.2200,20618.2200
2023-09-12,"MA_Crossover(36,44)",8378.7500,8989.7500,-1.0000,-1.0000,-10.2500,10.2500,-8989.7500,20628.4700,20628.4700
2023-09-13,"MA_Crossover(36,44)",8406.5000,9017.5000,-1.0000,-1.0000,27.7500,-27.7500,-9017.5000,20600.7200,20600.7200
2023-09-14,"MA_Crossover(36,44)",8375.7500,8986.7500,-1.0000,-1.0000,-30.7500,30.7500,-8986.7500,20631.4700,20631.4700
2023-09-15,"MA_Crossover(36,44)",8352.0000,8963.0000,-1.0000,-1.0000,-23.7500,23.7500,-8963.0000,20655.2200,20655.2200
2023-09-18,"MA_Crossover(36,44)",8299.8000,8910.8000,-1.0000,-1.0000,-52.2000,52.2000,-8910.8000,20707.4200,20707.4200
2023-09-19,"MA_Crossover(36,44)",8271.2500,8857.0000,-1.0000,-1.0000,-53.8000,53.8000,-8857.0000,20761.2200,20761.2200
2023-09-20,"MA_Crossover(36,44)",8320.5000,8909.0000,-1.0000,-1.0000,52.0000,-52.0000,-8909.0000,20709.2200,20709.2200
2023-09-21,"MA_Crossover(36,44)",8169.7500,8759.2500,-1.0000,-1.0000,-149.7500,149.7500,-8759.2500,20858.9700,20858.9700
2023-09-22,"MA_Crossover(36,44)",8198.7500,8772.7500,-1.0000,-1.0000,13.5000,-13.5000,-8772.7500,20845.4700,20845.4700
2023-09-25,"MA_Crossover(36,44)",8110.5000,8684.5000,-1.0000,-1.0000,-88.2500,88.2500,-8684.5000,20933.7200,20933.7200
2023-09-26,"MA_Crossover(36,44)",8066.2500,8640.2500,-1.0000,-1.0000,-44.2500,44.2500,-8640.2500,20977.9700,20977.9700
2023-09-27,"MA_Crossover(36,44)",8088.0000,8662.0000,-1.0000,-1.0000,21.7500,-21.7500,-8662.0000,20956.2200,20956.2200
2023-09-28,"MA_Crossover(36,44)",8193.0000,8767.0000,-1.0000,-1.0000,105.0000,-105.0000,-8767.0000,20851.2200,20851.2200
2023-09-29,"MA_Crossover(36,44)",8239.0000,8813.0000,-1.0000,-1.0000,46.0000,-46.0000,-8813.0000,20805.2200,20805.2200
2023-10-02,"MA_Crossover(36,44)",8003.0000,8577.0000,-1.0000,-1.0000,-236.0000,236.0000,-8577.0000,21041.2200,21041.2200
2023-10-03,"MA_Crossover(36,44)",7952.5000,8526.5000,-1.0000,-1.0000,-50.5000,50.5000,-8526.5000,21091.7200,21091.7200
2023-10-04,"MA_Crossover(36,44)",7895.5000,8469.5000,-1.0000,-1.0000,-57.0000,57.0000,-8469.5000,21148.7200,21148.7200
2023-10-05,"MA_Crossover(36,44)",7837.5000,8411.5000,-1.0000,-1.0000,-58.0000,58.0000,-8411.5000,21206.7200,21206.7200
2023-10-06,"MA_Crossover(36,44)",7985.2500,8559.2500,-1.0000,-1.0000,147.7500,-147.7500,-8559.2500,21058.9700,21058.9700
2023-10-09,"MA_Crossover(36,44)",8050.7500,8624.7500,-1.0000,-1.0000,65.5000,-65.5000,-8624.7500,20993.4700,20993.4700
2023-10-10,"MA_Crossover(36,44)",7955.0000,8529.0000,-1.0000,-1.0000,-95.7500,95.7500,-8529.0000,21089.2200,21089.2200
2023-10-11,"MA_Crossover(36,44)",7954.0000,8528.0000,1.0000,-1.0000,-1.0000,1.0000,-8528.0000,21090.2200,21090.2200
2023-10-12,"MA_Crossover(36,44)",7919.2500,8493.2500,-1.0000,1.0000,-34.7500,-34.7500,8493.2500,21055.4700,21055.4700
2023-10-13,"MA_Crossover(36,44)",7877.5000,8451.5000,-1.0000,-1.0000,-41.7500,41.7500,-8451.5000,21097.2200,21097.2200
2023-10-16,"MA_Crossover(36,44)",7915.5000,8489.5000,-1.0000,-1.0000,38.0000,-38.0000,-8489.5000,21059.2200,21059.2200
2023-10-17,"MA_Crossover(36,44)",7937.5000,8498.5000,-1.0000,-1.0000,9.0000,-9.0000,-8498.5000,21050.2200,21050.2200
2023-10-18,"MA_Crossover(36,44)",7940.0000,8502.0000,-1.0000,-1.0000,3.5000,-3.5000,-8502.0000,21046.7200,21046.7200
2023-10-19,"MA_Crossover(36,44)",7963.0000,8524.5000,-1.0000,-1.0000,22.5000,-22.5000,-8524.5000,21024.2200,21024.2200
2023-10-20,"MA_Crossover(36,44)",7916.7600,8460.7600,-1.0000,-1.0000,-63.7400,63.7400,-8460.7600,21087.9600,21087.9600
2023-10-23,"MA_Crossover(36,44)",7935.7500,8479.7500,-1.0000,-1.0000,18.9900,-18.9900,-8479.7500,21068.9700,21068.9700
2023-10-24,"MA_Crossover(36,44)",8018.5000,8562.5000,-1.0000,-1.0000,82.7500,-82.7500,-8562.5000,20986.2200,20986.2200
2023-10-25,"MA_Crossover(36,44)",7991.0000,8535.0000,-1.0000,-1.0000,-27.5000,27.5000,-8535.0000,21013.7200,21013.7200
2023-10-26,"MA_Crossover(36,44)",7939.7500,8483.7500,-1.0000,-1.0000,-51.2500,51.2500,-8483.7500,21064.9700,21064.9700
2023-10-27,"MA_Crossover(36,44)",8056.5000,8600.5000,-1.0000,-1.0000,116.7500,-116.7500,-8600.5000,20948.2200,20948.2200
2023-10-30,"MA_Crossover(36,44)",8094.0000,8638.0000,-1.0000,-1.0000,37.5000,-37.5000,-8638.0000,20910.7200,20910.7200
2023-10-31,"MA_Crossover(36,44)",8051.5000,8595.5000,-1.0000,-1.0000,-42.5000,42.5000,-8595.5000,20953.2200,20953.2200
2023-11-01,"MA_Crossover(36,44)",8050.2500,8594.2500,-1.0000,-1.0000,-1.2500,1.2500,-8594.2500,20954.4700,20954.4700
2023-11-02,"MA_Crossover(36,44)",8079.5000,8623.5000,-1.0000,-1.0000,29.2500,-29.2500,-8623.5000,20925.2200,20925.2200
2023-11-03,"MA_Crossover(36,44)",8109.7000,8653.7000,-1.0000,-1.0000,30.2000,-30.2000,-8653.7000,20895.0200,20895.0200
2023-11-06,"MA_Crossover(36,44)",8169.2500,8713.2500,-1.0000,-1.0000,59.5500,-59.5500,-8713.2500,20835.4700,20835.4700
2023-11-07,"MA_Crossover(36,44)",8112.0000,8656.0000,-1.0000,-1.0000,-57.2500,57.2500,-8656.0000,20892.7200,20892.7200
2023-11-08,"MA_Crossover(36,44)",8068.0000,8612.0000,-1.0000,-1.0000,-44.0000,44.0000,-8612.0000,20936.7200,20936.7200
2023-11-09,"MA_Crossover(36,44)",8072.0100,8616.0100,-1.0000,-1.0000,4.0100,-4.0100,-8616.0100,20932.7100,20932.7100
2023-11-10,"MA_Crossover(36,44)",7956.4900,8500.4900,-1.0000,-1.0000,-115.5200,115.5200,-8500.4900,21048.2300,21048.2300
2023-11-13,"MA_Crossover(36,44)",8081.2500,8625.2500,-1.0000,-1.0000,124.7600,-124.7600,-8625.2500,20923.4700,20923.4700
2023-11-14,"MA_Crossover(36,44)",8191.0000,8714.5000,-1.0000,-1.0000,89.2500,-89.2500,-8714.5000,20834.2200,20834.2200
2023-11-15,"MA_Crossover(36,44)",8218.0000,8744.0000,-1.0000,-1.0000,29.5000,-29.5000,-8744.0000,20804.7200,20804.7200
2023-11-16,"MA_Crossover(36,44)",8166.5000,8695.5000,-1.0000,-1.0000,-48.5000,48.5000,-8695.5000,20853.2200,20853.2200
2023-11-17,"MA_Crossover(36,44)",8212.2500,8711.2500,-1.0000,-1.0000,15.7500,-15.7500,-8711.2500,20837.4700,20837.4700
2023-11-20,"MA_Crossover(36,44)",8381.5000,8880.5000,-1.0000,-1.0000,169.2500,-169.2500,-8880.5000,20668.2200,20668.2200
2023-11-21,"MA_Crossover(36,44)",8394.0000,8893.0000,-1.0000,-1.0000,12.5000,-12.5000,-8893.0000,20655.7200,20655.7200
2023-11-22,"MA_Crossover(36,44)",8294.5000,8793.5000,-1.0000,-1.0000,-99.5000,99.5000,-8793.5000,20755.2200,20755.2200
2023-11-23,"MA_Crossover(36,44)",8345.5000,8844.5000,-1.0000,-1.0000,51.0000,-51.0000,-8844.5000,20704.2200,20704.2200
2023-11-24,"MA_Crossover(36,44)",8364.7500,8863.7500,1.0000,-1.0000,19.2500,-19.2500,-8863.7500,20684.9700,20684.9700
2023-11-27,"MA_Crossover(36,44)",8292.5000,8791.5000,1.0000,1.0000,-72.2500,-72.2500,8791.5000,20612.7200,20612.7200
2023-11-28,"MA_Crossover(36,44)",8415.5000,8914.5000,1.0000,1.0000,123.0000,123.0000,8914.5000,20735.7200,20735.7200
2023-11-29,"MA_Crossover(36,44)",8365.5000,8864.5000,1.0000,1.0000,-50.0000,-50.0000,8864.5000,20685.7200,20685.7200
2023-11-30,"MA_Crossover(36,44)",8409.5000,8908.5000,1.0000,1.0000,44.0000,44.0000,8908.5000,20729.7200,20729.7200
2023-12-01,"MA_Crossover(36,44)",8558.0200,9057.0200,1.0000,1.0000,148.5200,148.5200,9057.0200,20878.2400,20878.2400
2023-12-04,"MA_Crossover(36,44)",8381.7500,8880.7500,1.0000,1.0000,-176.2700,-176.2700,8880.7500,20701.9700,20701.9700
2023-12-05,"MA_Crossover(36,44)",8269.7500,8768.7500,1.0000,1.0000,-112.0000,-112.0000,8768.7500,20589.9700,20589.9700
2023-12-06,"MA_Crossover(36,44)",8219.7500,8718.7500,1.0000,1.0000,-50.0000,-50.0000,8718.7500,20539.9700,20539.9700
2023-12-07,"MA_Crossover(36,44)",8273.0000,8772.0000,1.0000,1.0000,53.2500,53.2500,8772.0000,20593.2200,20593.2200
2023-12-08,"MA_Crossover(36,44)",8380.0000,8879.0000,1.0000,1.0000,107.0000,107.0000,8879.0000,20700.2200,20700.2200
2023-12-11,"MA_Crossover(36,44)",8261.5500,8760.5500,1.0000,1.0000,-118.4500,-118.4500,8760.5500,20581.7700,20581.7700
2023-12-12,"MA_Crossover(36,44)",8270.5000,8769.5000,1.0000,1.0000,8.9500,8.9500,8769.5000,20590.7200,20590.7200
2023-12-13,"MA_Crossover(36,44)",8245.9000,8744.9000,1.0000,1.0000,-24.6000,-24.6000,8744.9000,20566.1200,20566.1200
2023-12-14,"MA_Crossover(36,44)",8463.5100,8962.5100,1.0000,1.0000,217.6100,217.6100,8962.5100,20783.7300,20783.7300
2023-12-15,"MA_Crossover(36,44)",8456.2500,8955.2500,1.0000,1.0000,-7.2600,-7.2600,8955.2500,20776.4700,20776.4700
2023-12-18,"MA_Crossover(36,44)",8393.8100,8892.8100,1.0000,1.0000,-62.4400,-62.4400,8892.8100,20714.0300,20714.0300
2023-12-19,"MA_Crossover(36,44)",8539.5000,9036.0000,1.0000,1.0000,143.1900,143.1900,9036.0000,20857.2200,20857.2200
2023-12-20,"MA_Crossover(36,44)",8524.0000,9024.0000,1.0000,1.0000,-12.0000,-12.0000,9024.0000,20845.2200,20845.2200
2023-12-21,"MA_Crossover(36,44)",8538.0000,9038.5000,1.0000,1.0000,14.5000,14.5000,9038.5000,20859.7200,20859.7200
2023-12-22,"MA_Crossover(36,44)",8514.5000,8981.5000,1.0000,1.0000,-57.0000,-57.0000,8981.5000,20802.7200,20802.7200
2023-12-27,"MA_Crossover(36,44)",8620.0000,9087.0000,1.0000,1.0000,105.5000,105.5000,9087.0000,20908.2200,20908.2200
2023-12-28,"MA_Crossover(36,44)",8556.7500,9023.7500,1.0000,1.0000,-63.2500,-63.2500,9023.7500,20844.9700,20844.9700
2023-12-29,"MA_Crossover(36,44)",8488.5000,8955.5000,1.0000,1.0000,-68.2500,-68.2500,8955.5000,20776.7200,20776.7200
2024-01-02,"MA_Crossover(36,44)",8463.7500,8930.7500,1.0000,1.0000,-24.7500,-24.7500,8930.7500,20751.9700,20751.9700
2024-01-03,"MA_Crossover(36,44)",8438.7500,8905.7500,1.0000,1.0000,-25.0000,-25.0000,8905.7500,20726.9700,20726.9700
2024-01-04,"MA_Crossover(36,44)",8383.2500,8850.2500,1.0000,1.0000,-55.5000,-55.5000,8850.2500,20671.4700,20671.4700
2024-01-05,"MA_Crossover(36,44)",8374.7500,8841.7500,1.0000,1.0000,-8.5000,-8.5000,8841.7500,20662.9700,20662.9700
2024-01-08,"MA_Crossover(36,44)",8351.7400,8818.7400,1.0000,1.0000,-23.0100,-23.0100,8818.7400,20639.9600,20639.9600
2024-01-09,"MA_Crossover(36,44)",8273.7500,8740.7500,1.0000,1.0000,-77.9900,-77.9900,8740.7500,20561.9700,20561.9700
2024-01-10,"MA_Crossover(36,44)",8277.2500,8744.2500,1.0000,1.0000,3.5000,3.5000,8744.2500,20565.4700,20565.4700
2024-01-11,"MA_Crossover(36,44)",8264.0000,8731.0000,1.0000,1.0000,-13.2500,-13.2500,8731.0000,20552.2200,20552.2200
2024-01-12,"MA_Crossover(36,44)",8242.7500,8709.7500,1.0000,1.0000,-21.2500,-21.2500,8709.7500,20530.9700,20530.9700
2024-01-15,"MA_Crossover(36,44)",8284.0000,8751.0000,1.0000,1.0000,41.2500,41.2500,8751.0000,20572.2200,20572.2200
2024-01-16,"MA_Crossover(36,44)",8306.0000,8756.0000,1.0000,1.0000,5.0000,5.0000,8756.0000,20577.2200,20577.2200
2024-01-17,"MA_Crossover(36,44)",8216.2500,8668.7500,1.0000,1.0000,-87.2500,-87.2500,8668.7500,20489.9700,20489.9700
2024-01-18,"MA_Crossover(36,44)",8261.7500,8713.2500,1.0000,1.0000,44.5000,44.5000,8713.2500,20534.4700,20534.4700
2024-01-19,"MA_Crossover(36,44)",8306.7600,8727.7600,1.0000,1.0000,14.5100,14.5100,8727.7600,20548.9800,20548.9800
2024-01-22,"MA_Crossover(36,44)",8289.5000,8710.5000,1.0000,1.0000,-17.2600,-17.2600,8710.5000,20531.7200,20531.7200
2024-01-23,"MA_Crossover(36,44)",8348.0000,8769.0000,1.0000,1.0000,58.5000,58.5000,8769.0000,20590.2200,20590.2200
2024-01-24,"MA_Crossover(36,44)",8506.9900,8927.9900,1.0000,1.0000,158.9900,158.9900,8927.9900,20749.2100,20749.2100
2024-01-25,"MA_Crossover(36,44)",8508.0000,8929.0000,-1.0000,1.0000,1.0100,1.0100,8929.0000,20750.2200,20750.2200
2024-01-26,"MA_Crossover(36,44)",8479.0500,8900.0500,-1.0000,-1.0000,-28.9500,28.9500,-8900.0500,20779.1700,20779.1700
2024-01-29,"MA_Crossover(36,44)",8486.5000,8907.5000,1.0000,-1.0000,7.4500,-7.4500,-8907.5000,20771.7200,20771.7200
2024-01-30,"MA_Crossover(36,44)",8543.7500,8964.7500,1.0000,1.0000,57.2500,57.2500,8964.7500,20828.9700,20828.9700
2024-01-31,"MA_Crossover(36,44)",8530.5000,8951.5000,1.0000,1.0000,-13.2500,-13.2500,8951.5000,20815.7200,20815.7200
2024-02-01,"MA_Crossover(36,44)",8451.0000,8872.0000,1.0000,1.0000,-79.5000,-79.5000,8872.0000,20736.2200,20736.2200
2024-02-02,"MA_Crossover(36,44)",8397.8400,8818.8400,1.0000,1.0000,-53.1600,-53.1600,8818.8400,20683.0600,20683.0600
2024-02-05,"MA_Crossover(36,44)",8267.2500,8688.2500,1.0000,1.0000,-130.5900,-130.5900,8688.2500,20552.4700,20552.4700
2024-02-06,"MA_Crossover(36,44)",8312.2500,8733.2500,1.0000,1.0000,45.0000,45.0000,8733.2500,20597.4700,20597.4700
2024-02-07,"MA_Crossover(36,44)",8217.0000,8638.0000,1.0000,1.0000,-95.2500,-95.2500,8638.0000,20502.2200,20502.2200
2024-02-08,"MA_Crossover(36,44)",8098.2700,8519.2700,1.0000,1.0000,-118.7300,-118.7300,8519.2700,20383.4900,20383.4900
2024-02-09,"MA_Crossover(36,44)",8077.2900,8498.2900,1.0000,1.0000,-20.9800,-20.9800,8498.2900,20362.5100,20362.5100
2024-02-12,"MA_Crossover(36,44)",8138.2400,8559.2400,-1.0000,1.0000,60.9500,60.9500,8559.2400,20423.4600,20423.4600
2024-02-13,"MA_Crossover(36,44)",8163.7500,8584.7500,-1.0000,-1.0000,25.5100,-25.5100,-8584.7500,20397.9500,20397.9500
2024-02-14,"MA_Crossover(36,44)",8104.0000,8525.0000,-1.0000,-1.0000,-59.7500,59.7500,-8525.0000,20457.7000,20457.7000
2024-02-15,"MA_Crossover(36,44)",8224.2500,8645.2500,-1.0000,-1.0000,120.2500,-120.2500,-8645.2500,20337.4500,20337.4500
2024-02-16,"MA_Crossover(36,44)",8410.2500,8831.2500,-1.0000,-1.0000,186.0000,-186.0000,-8831.2500,20151.4500,20151.4500
2024-02-19,"MA_Crossover(36,44)",8353.5000,8774.5000,-1.0000,-1.0000,-56.7500,56.7500,-8774.5000,20208.2000,20208.2000
2024-02-20,"MA_Crossover(36,44)",8458.9900,8872.8000,-1.0000,-1.0000,98.3000,-98.3000,-8872.8000,20109.9000,20109.9000
2024-02-21,"MA_Crossover(36,44)",8495.2500,8912.4500,-1.0000,-1.0000,39.6500,-39.6500,-8912.4500,20070.2500,20070.2500
2024-02-22,"MA_Crossover(36,44)",8534.5000,8953.7000,-1.0000,-1.0000,41.2500,-41.2500,-8953.7000,20029.0000,20029.0000
2024-02-23,"MA_Crossover(36,44)",8510.0000,8898.2000,-1.0000,-1.0000,-55.5000,55.5000,-8898.2000,20084.5000,20084.5000
2024-02-26,"MA_Crossover(36,44)",8398.0000,8786.2000,-1.0000,-1.0000,-112.0000,112.0000,-8786.2000,20196.5000,20196.5000
2024-02-27,"MA_Crossover(36,44)",8409.0000,8797.2000,-1.0000,-1.0000,11.0000,-11.0000,-8797.2000,20185.5000,20185.5000
2024-02-28,"MA_Crossover(36,44)",8385.7500,8773.9500,-1.0000,-1.0000,-23.2500,23.2500,-8773.9500,20208.7500,20208.7500
2024-02-29,"MA_Crossover(36,44)",8427.0000,8815.2000,-1.0000,-1.0000,41.2500,-41.2500,-8815.2000,20167.5000,20167.5000
2024-03-01,"MA_Crossover(36,44)",8438.5000,8826.7000,-1.0000,-1.0000,11.5000,-11.5000,-8826.7000,20156.0000,20156.0000
2024-03-04,"MA_Crossover(36,44)",8476.5100,8864.7100,1.0000,-1.0000,38.0100,-38.0100,-8864.7100,20117.9900,20117.9900
2024-03-05,"MA_Crossover(36,44)",8421.7500,8809.9500,1.0000,1.0000,-54.7600,-54.7600,8809.9500,20063.2300,20063.2300
2024-03-06,"MA_Crossover(36,44)",8503.0000,8891.2000,1.0000,1.0000,81.2500,81.2500,8891.2000,20144.4800,20144.4800
2024-03-07,"MA_Crossover(36,44)",8561.2400,8949.4400,1.0000,1.0000,58.2400,58.2400,8949.4400,20202.7200,20202.7200
2024-03-08,"MA_Crossover(36,44)",8500.2800,8888.4800,1.0000,1.0000,-60.9600,-60.9600,8888.4800,20141.7600,20141.7600
2024-03-11,"MA_Crossover(36,44)",8571.0000,8959.2000,1.0000,1.0000,70.7200,70.7200,8959.2000,20212.4800,20212.4800
2024-03-12,"MA_Crossover(36,44)",8570.2000,8958.4000,1.0000,1.0000,-0.8000,-0.8000,8958.4000,20211.6800,20211.6800
2024-03-13,"MA_Crossover(36,44)",8840.0100,9228.2100,1.0000,1.0000,269.8100,269.8100,9228.2100,20481.4900,20481.4900
2024-03-14,"MA_Crossover(36,44)",8786.0000,9174.2000,1.0000,1.0000,-54.0100,-54.0100,9174.2000,20427.4800,20427.4800
2024-03-15,"MA_Crossover(36,44)",8970.2500,9358.4500,1.0000,1.0000,184.2500,184.2500,9358.4500,20611.7300,20611.7300
2024-03-18,"MA_Crossover(36,44)",8986.1100,9374.3100,1.0000,1.0000,15.8600,15.8600,9374.3100,20627.5900,20627.5900
2024-03-19,"MA_Crossover(36,44)",8910.0700,9293.9100,1.0000,1.0000,-80.4000,-80.4000,9293.9100,20547.1900,20547.1900
2024-03-20,"MA_Crossover(36,44)",8858.8400,9244.1400,1.0000,1.0000,-49.7700,-49.7700,9244.1400,20497.4200,20497.4200
2024-03-21,"MA_Crossover(36,44)",8875.4800,9263.2900,1.0000,1.0000,19.1500,19.1500,9263.2900,20516.5700,20516.5700
2024-03-22,"MA_Crossover(36,44)",8791.0200,9139.8800,1.0000,1.0000,-123.4100,-123.4100,9139.8800,20393.1600,20393.1600
2024-03-25,"MA_Crossover(36,44)",8792.5800,9141.4400,1.0000,1.0000,1.5600,1.5600,9141.4400,20394.7200,20394.7200
2024-03-26,"MA_Crossover(36,44)",8781.4700,9130.3300,1.0000,1.0000,-11.1100,-11.1100,9130.3300,20383.6100,20383.6100
2024-03-27,"MA_Crossover(36,44)",8768.0000,9116.8600,1.0000,1.0000,-13.4700,-13.4700,9116.8600,20370.1400,20370.1400
2024-03-28,"MA_Crossover(36,44)",8787.8400,9136.7000,1.0000,1.0000,19.8400,19.8400,9136.7000,20389.9800,20389.9800
2024-04-02,"MA_Crossover(36,44)",8907.2500,9256.1100,1.0000,1.0000,119.4100,119.4100,9256.1100,20509.3900,20509.3900
2024-04-03,"MA_Crossover(36,44)",9171.5300,9520.3900,1.0000,1.0000,264.2800,264.2800,9520.3900,20773.6700,20773.6700
2024-04-04,"MA_Crossover(36,44)",9257.5600,9606.4200,1.0000,1.0000,86.0300,86.0300,9606.4200,20859.7000,20859.7000
2024-04-05,"MA_Crossover(36,44)",9223.5000,9572.3600,1.0000,1.0000,-34.0600,-34.0600,9572.3600,20825.6400,20825.6400
2024-04-08,"MA_Crossover(36,44)",9295.0100,9643.8700,1.0000,1.0000,71.5100,71.5100,9643.8700,20897.1500,20897.1500
2024-04-09,"MA_Crossover(36,44)",9294.2800,9643.1400,1.0000,1.0000,-0.7300,-0.7300,9643.1400,20896.4200,20896.4200
2024-04-10,"MA_Crossover(36,44)",9249.2400,9598.1000,1.0000,1.0000,-45.0400,-45.0400,9598.1000,20851.3800,20851.3800
2024-04-11,"MA_Crossover(36,44)",9213.4000,9562.2600,1.0000,1.0000,-35.8400,-35.8400,9562.2600,20815.5400,20815.5400
2024-04-12,"MA_Crossover(36,44)",9334.9600,9683.8200,1.0000,1.0000,121.5600,121.5600,9683.8200,20937.1000,20937.1000
2024-04-15,"MA_Crossover(36,44)",9499.4700,9848.3300,1.0000,1.0000,164.5100,164.5100,9848.3300,21101.6100,21101.6100
2024-04-16,"MA_Crossover(36,44)",9390.4500,9766.5500,1.0000,1.0000,-81.7800,-81.7800,9766.5500,21019.8300,21019.8300
2024-04-17,"MA_Crossover(36,44)",9515.1200,9885.2500,1.0000,1.0000,118.7000,118.7000,9885.2500,21138.5300,21138.5300
2024-04-18,"MA_Crossover(36,44)",9676.0000,10043.0200,1.0000,1.0000,157.7700,157.7700,10043.0200,21296.3000,21296.3000
2024-04-19,"MA_Crossover(36,44)",9819.7400,10154.0400,1.0000,1.0000,111.0200,111.0200,10154.0400,21407.3200,21407.3200
2024-04-22,"MA_Crossover(36,44)",9764.1600,10098.4600,1.0000,1.0000,-55.5800,-55.5800,10098.4600,21351.7400,21351.7400
2024-04-23,"MA_Crossover(36,44)",9631.5900,9965.8900,1.0000,1.0000,-132.5700,-132.5700,9965.8900,21219.1700,21219.1700
2024-04-24,"MA_Crossover(36,44)",9684.8300,10019.1300,1.0000,1.0000,53.2400,53.2400,10019.1300,21272.4100,21272.4100
2024-04-25,"MA_Crossover(36,44)",9768.6500,10102.9500,1.0000,1.0000,83.8200,83.8200,10102.9500,21356.2300,21356.2300
2024-04-26,"MA_Crossover(36,44)",9876.9700,10211.2700,1.0000,1.0000,108.3200,108.3200,10211.2700,21464.5500,21464.5500
2024-04-29,"MA_Crossover(36,44)",10057.4700,10391.7700,1.0000,1.0000,180.5000,180.5000,10391.7700,21645.0500,21645.0500
2024-04-30,"MA_Crossover(36,44)",9903.7300,10238.0300,1.0000,1.0000,-153.7400,-153.7400,10238.0300,21491.3100,21491.3100
2024-05-01,"MA_Crossover(36,44)",9794.9300,10129.2300,1.0000,1.0000,-108.8000,-108.8000,10129.2300,21382.5100,21382.5100
2024-05-02,"MA_Crossover(36,44)",9652.4600,9986.7600,1.0000,1.0000,-142.4700,-142.4700,9986.7600,21240.0400,21240.0400
2024-05-03,"MA_Crossover(36,44)",9799.0300,10133.3300,1.0000,1.0000,146.5700,146.5700,10133.3300,21386.6100,21386.6100
2024-05-07,"MA_Crossover(36,44)",9903.7900,10238.0900,1.0000,1.0000,104.7600,104.7600,10238.0900,21491.3700,21491.3700
2024-05-08,"MA_Crossover(36,44)",9776.1000,10110.4000,1.0000,1.0000,-127.6900,-127.6900,10110.4000,21363.6800,21363.6800
2024-05-09,"MA_Crossover(36,44)",9783.4100,10117.7100,1.0000,1.0000,7.3100,7.3100,10117.7100,21370.9900,21370.9900
2024-05-10,"MA_Crossover(36,44)",9896.6600,10230.9600,1.0000,1.0000,113.2500,113.2500,10230.9600,21484.2400,21484.2400
2024-05-13,"MA_Crossover(36,44)",10082.4000,10416.7000,1.0000,1.0000,185.7400,185.7400,10416.7000,21669.9800,21669.9800
2024-05-14,"MA_Crossover(36,44)",10043.0800,10378.6300,1.0000,1.0000,-38.0700,-38.0700,10378.6300,21631.9100,21631.9100
2024-05-15,"MA_Crossover(36,44)",10149.7900,10482.3100,1.0000,1.0000,103.6800,103.6800,10482.3100,21735.5900,21735.5900
2024-05-16,"MA_Crossover(36,44)",10361.7600,10689.8700,1.0000,1.0000,207.5600,207.5600,10689.8700,21943.1500,21943.1500
2024-05-17,"MA_Crossover(36,44)",10615.4800,10913.1700,1.0000,1.0000,223.3000,223.3000,10913.1700,22166.4500,22166.4500
2024-05-20,"MA_Crossover(36,44)",10830.6300,11128.3200,1.0000,1.0000,215.1500,215.1500,11128.3200,22381.6000,22381.6000
2024-05-21,"MA_Crossover(36,44)",10783.6500,11081.3400,1.0000,1.0000,-46.9800,-46.9800,11081.3400,22334.6200,22334.6200
2024-05-22,"MA_Crossover(36,44)",10334.2100,10631.9000,1.0000,1.0000,-449.4400,-449.4400,10631.9000,21885.1800,21885.1800
2024-05-23,"MA_Crossover(36,44)",10347.4100,10645.1000,1.0000,1.0000,13.2000,13.2000,10645.1000,21898.3800,21898.3800
2024-05-24,"MA_Crossover(36,44)",10246.5100,10544.2000,1.0000,1.0000,-100.9000,-100.9000,10544.2000,21797.4800,21797.4800
2024-05-28,"MA_Crossover(36,44)",10418.9900,10716.6800,1.0000,1.0000,172.4800,172.4800,10716.6800,21969.9600,21969.9600
2024-05-29,"MA_Crossover(36,44)",10365.7200,10663.4100,1.0000,1.0000,-53.2700,-53.2700,10663.4100,21916.6900,21916.6900
2024-05-30,"MA_Crossover(36,44)",10041.1400,10338.8300,1.0000,1.0000,-324.5800,-324.5800,10338.8300,21592.1100,21592.1100
2024-05-31,"MA_Crossover(36,44)",9945.3800,10243.0700,1.0000,1.0000,-95.7600,-95.7600,10243.0700,21496.3500,21496.3500
2024-06-03,"MA_Crossover(36,44)",10045.0800,10342.7700,1.0000,1.0000,99.7000,99.7000,10342.7700,21596.0500,21596.0500
2024-06-04,"MA_Crossover(36,44)",9844.6500,10142.3400,1.0000,1.0000,-200.4300,-200.4300,10142.3400,21395.6200,21395.6200
2024-06-05,"MA_Crossover(36,44)",9824.7400,10122.4300,1.0000,1.0000,-19.9100,-19.9100,10122.4300,21375.7100,21375.7100
2024-06-06,"MA_Crossover(36,44)",10051.0200,10348.7100,1.0000,1.0000,226.2800,226.2800,10348.7100,21601.9900,21601.9900
2024-06-07,"MA_Crossover(36,44)",9652.4300,9950.1200,1.0000,1.0000,-398.5900,-398.5900,9950.1200,21203.4000,21203.4000
2024-06-10,"MA_Crossover(36,44)",9777.6100,10075.3000,1.0000,1.0000,125.1800,125.1800,10075.3000,21328.5800,21328.5800
2024-06-11,"MA_Crossover(36,44)",9638.7300,9936.4200,1.0000,1.0000,-138.8800,-138.8800,9936.4200,21189.7000,21189.7000
2024-06-12,"MA_Crossover(36,44)",9827.5200,10125.2100,1.0000,1.0000,188.7900,188.7900,10125.2100,21378.4900,21378.4900
2024-06-13,"MA_Crossover(36,44)",9667.6500,9965.3400,1.0000,1.0000,-159.8700,-159.8700,9965.3400,21218.6200,21218.6200
2024-06-14,"MA_Crossover(36,44)",9617.2900,9914.9800,1.0000,1.0000,-50.3600,-50.3600,9914.9800,21168.2600,21168.2600
2024-06-17,"MA_Crossover(36,44)",9536.8000,9834.4900,1.0000,1.0000,-80.4900,-80.4900,9834.4900,21087.7700,21087.7700
2024-06-18,"MA_Crossover(36,44)",9583.2700,9885.6100,1.0000,1.0000,51.1200,51.1200,9885.6100,21138.8900,21138.8900
2024-06-19,"MA_Crossover(36,44)",9698.9900,10002.7400,1.0000,1.0000,117.1300,117.1300,10002.7400,21256.0200,21256.0200
2024-06-20,"MA_Crossover(36,44)",9769.8900,10075.0000,1.0000,1.0000,72.2600,72.2600,10075.0000,21328.2800,21328.2800
2024-06-21,"MA_Crossover(36,44)",9591.4800,9843.4900,1.0000,1.0000,-231.5100,-231.5100,9843.4900,21096.7700,21096.7700
2024-06-24,"MA_Crossover(36,44)",9558.2500,9810.2600,1.0000,1.0000,-33.2300,-33.2300,9810.2600,21063.5400,21063.5400
2024-06-25,"MA_Crossover(36,44)",9467.0900,9719.1000,1.0000,1.0000,-91.1600,-91.1600,9719.1000,20972.3800,20972.3800
2024-06-26,"MA_Crossover(36,44)",9441.3100,9693.3200,1.0000,1.0000,-25.7800,-25.7800,9693.3200,20946.6000,20946.6000
2024-06-27,"MA_Crossover(36,44)",9407.8100,9659.8200,1.0000,1.0000,-33.5000,-33.5000,9659.8200,20913.1000,20913.1000
2024-06-28,"MA_Crossover(36,44)",9489.4600,9741.4700,1.0000,1.0000,81.6500,81.6500,9741.4700,20994.7500,20994.7500
2024-07-01,"MA_Crossover(36,44)",9511.2900,9763.3000,1.0000,1.0000,21.8300,21.8300,9763.3000,21016.5800,21016.5800
2024-07-02,"MA_Crossover(36,44)",9551.4100,9803.4200,1.0000,1.0000,40.1200,40.1200,9803.4200,21056.7000,21056.7000
2024-07-03,"MA_Crossover(36,44)",9745.7700,9997.7800,1.0000,1.0000,194.3600,194.3600,9997.7800,21251.0600,21251.0600
2024-07-04,"MA_Crossover(36,44)",9752.6500,10004.6600,1.0000,1.0000,6.8800,6.8800,10004.6600,21257.9400,21257.9400
2024-07-05,"MA_Crossover(36,44)",9811.2400,10063.2500,-1.0000,1.0000,58.5900,58.5900,10063.2500,21316.5300,21316.5300
2024-07-08,"MA_Crossover(36,44)",9773.6100,10025.6200,-1.0000,-1.0000,-37.6300,37.6300,-10025.6200,21354.1600,21354.1600
2024-07-09,"MA_Crossover(36,44)",9723.2500,9975.2600,-1.0000,-1.0000,-50.3600,50.3600,-9975.2600,21404.5200,21404.5200
2024-07-10,"MA_Crossover(36,44)",9754.4000,10006.4100,-1.0000,-1.0000,31.1500,-31.1500,-10006.4100,21373.3700,21373.3700
2024-07-11,"MA_Crossover(36,44)",9631.8900,9883.9000,-1.0000,-1.0000,-122.5100,122.5100,-9883.9000,21495.8800,21495.8800
2024-07-12,"MA_Crossover(36,44)",9728.3800,9980.3900,-1.0000,-1.0000,96.4900,-96.4900,-9980.3900,21399.3900,21399.3900
2024-07-15,"MA_Crossover(36,44)",9652.5500,9904.5600,-1.0000,-1.0000,-75.8300,75.8300,-9904.5600,21475.2200,21475.2200
2024-07-16,"MA_Crossover(36,44)",9570.3400,9811.0900,-1.0000,-1.0000,-93.4700,93.4700,-9811.0900,21568.6900,21568.6900
2024-07-17,"MA_Crossover(36,44)",9551.6000,9788.4500,-1.0000,-1.0000,-22.6400,22.6400,-9788.4500,21591.3300,21591.3300
2024-07-18,"MA_Crossover(36,44)",9305.9000,9541.3900,-1.0000,-1.0000,-247.0600,247.0600,-9541.3900,21838.3900,21838.3900
2024-07-19,"MA_Crossover(36,44)",9231.7600,9419.0800,-1.0000,-1.0000,-122.3100,122.3100,-9419.0800,21960.7000,21960.7000
2024-07-22,"MA_Crossover(36,44)",9139.6800,9327.0000,-1.0000,-1.0000,-92.0800,92.0800,-9327.0000,22052.7800,22052.7800
2024-07-23,"MA_Crossover(36,44)",9090.9200,9278.2400,-1.0000,-1.0000,-48.7600,48.7600,-9278.2400,22101.5400,22101.5400
2024-07-24,"MA_Crossover(36,44)",9021.9300,9209.2500,-1.0000,-1.0000,-68.9900,68.9900,-9209.2500,22170.5300,22170.5300
2024-07-25,"MA_Crossover(36,44)",9040.3700,9227.6900,-1.0000,-1.0000,18.4400,-18.4400,-9227.6900,22152.0900,22152.0900
2024-07-26,"MA_Crossover(36,44)",9031.7100,9219.0300,-1.0000,-1.0000,-8.6600,8.6600,-9219.0300,22160.7500,22160.7500
2024-07-29,"MA_Crossover(36,44)",8933.6700,9120.9900,-1.0000,-1.0000,-98.0400,98.0400,-9120.9900,22258.7900,22258.7900
2024-07-30,"MA_Crossover(36,44)",8880.0700,9067.3900,-1.0000,-1.0000,-53.6000,53.6000,-9067.3900,22312.3900,22312.3900
2024-07-31,"MA_Crossover(36,44)",9138.2000,9325.5200,-1.0000,-1.0000,258.1300,-258.1300,-9325.5200,22054.2600,22054.2600
2024-08-01,"MA_Crossover(36,44)",8954.0600,9141.3800,-1.0000,-1.0000,-184.1400,184.1400,-9141.3800,22238.4000,22238.4000
2024-08-02,"MA_Crossover(36,44)",8963.7400,9151.0600,-1.0000,-1.0000,9.6800,-9.6800,-9151.0600,22228.7200,22228.7200
2024-08-05,"MA_Crossover(36,44)",8792.9300,8980.2500,-1.0000,-1.0000,-170.8100,170.8100,-8980.2500,22399.5300,22399.5300
2024-08-06,"MA_Crossover(36,44)",8830.2000,9017.5200,-1.0000,-1.0000,37.2700,-37.2700,-9017.5200,22362.2600,22362.2600
2024-08-07,"MA_Crossover(36,44)",8663.5100,8850.8300,-1.0000,-1.0000,-166.6900,166.6900,-8850.8300,22528.9500,22528.9500
2024-08-08,"MA_Crossover(36,44)",8688.0900,8875.4100,-1.0000,-1.0000,24.5800,-24.5800,-8875.4100,22504.3700,22504.3700
2024-08-09,"MA_Crossover(36,44)",8762.2800,8949.6000,-1.0000,-1.0000,74.1900,-74.1900,-8949.6000,22430.1800,22430.1800
2024-08-12,"MA_Crossover(36,44)",8921.3400,9108.6600,-1.0000,-1.0000,159.0600,-159.0600,-9108.6600,22271.1200,22271.1200
2024-08-13,"MA_Crossover(36,44)",8859.1600,9046.4800,-1.0000,-1.0000,-62.1800,62.1800,-9046.4800,22333.3000,22333.3000
2024-08-14,"MA_Crossover(36,44)",8873.1600,9060.4800,-1.0000,-1.0000,14.0000,-14.0000,-9060.4800,22319.3000,22319.3000
2024-08-15,"MA_Crossover(36,44)",9053.5300,9240.8500,-1.0000,-1.0000,180.3700,-180.3700,-9240.8500,22138.9300,22138.9300
2024-08-16,"MA_Crossover(36,44)",9007.6500,9194.9700,-1.0000,-1.0000,-45.8800,45.8800,-9194.9700,22184.8100,22184.8100
2024-08-19,"MA_Crossover(36,44)",9142.6400,9329.9600,-1.0000,-1.0000,134.9900,-134.9900,-9329.9600,22049.8200,22049.8200
2024-08-20,"MA_Crossover(36,44)",9131.6100,9313.5100,-1.0000,-1.0000,-16.4500,16.4500,-9313.5100,22066.2700,22066.2700
2024-08-21,"MA_Crossover(36,44)",9182.0900,9366.2900,-1.0000,-1.0000,52.7800,-52.7800,-9366.2900,22013.4900,22013.4900
2024-08-22,"MA_Crossover(36,44)",9049.9900,9236.5000,-1.0000,-1.0000,-129.7900,129.7900,-9236.5000,22143.2800,22143.2800
2024-08-23,"MA_Crossover(36,44)",9210.7800,9354.4800,-1.0000,-1.0000,117.9800,-117.9800,-9354.4800,22025.3000,22025.3000
2024-08-27,"MA_Crossover(36,44)",9363.5200,9507.2200,-1.0000,-1.0000,152.7400,-152.7400,-9507.2200,21872.5600,21872.5600
2024-08-28,"MA_Crossover(36,44)",9165.9700,9309.6700,-1.0000,-1.0000,-197.5500,197.5500,-9309.6700,22070.1100,22070.1100
2024-08-29,"MA_Crossover(36,44)",9152.6400,9296.3400,-1.0000,-1.0000,-13.3300,13.3300,-9296.3400,22083.4400,22083.4400
2024-08-30,"MA_Crossover(36,44)",9142.7700,9286.4700,-1.0000,-1.0000,-9.8700,9.8700,-9286.4700,22093.3100,22093.3100
2024-09-02,"MA_Crossover(36,44)",9082.1400,9225.8400,-1.0000,-1.0000,-60.6300,60.6300,-9225.8400,22153.9400,22153.9400
2024-09-03,"MA_Crossover(36,44)",8853.9800,8997.6800,-1.0000,-1.0000,-228.1600,228.1600,-8997.6800,22382.1000,22382.1000
2024-09-04,"MA_Crossover(36,44)",8858.9800,9002.6800,-1.0000,-1.0000,5.0000,-5.0000,-9002.6800,22377.1000,22377.1000
2024-09-05,"MA_Crossover(36,44)",8994.7300,9138.4300,-1.0000,-1.0000,135.7500,-135.7500,-9138.4300,22241.3500,22241.3500
2024-09-06,"MA_Crossover(36,44)",8890.7700,9034.4700,-1.0000,-1.0000,-103.9600,103.9600,-9034.4700,22345.3100,22345.3100
2024-09-09,"MA_Crossover(36,44)",8985.1600,9128.8600,-1.0000,-1.0000,94.3900,-94.3900,-9128.8600,22250.9200,22250.9200
2024-09-10,"MA_Crossover(36,44)",8909.9400,9053.6400,-1.0000,-1.0000,-75.2200,75.2200,-9053.6400,22326.1400,22326.1400
2024-09-11,"MA_Crossover(36,44)",8974.2800,9117.9800,-1.0000,-1.0000,64.3400,-64.3400,-9117.9800,22261.8000,22261.8000
2024-09-12,"MA_Crossover(36,44)",9099.4900,9243.1900,-1.0000,-1.0000,125.2100,-125.2100,-9243.1900,22136.5900,22136.5900
2024-09-13,"MA_Crossover(36,44)",9190.6700,9334.3700,-1.0000,-1.0000,91.1800,-91.1800,-9334.3700,22045.4100,22045.4100
2024-09-16,"MA_Crossover(36,44)",9264.8200,9408.5200,-1.0000,-1.0000,74.1500,-74.1500,-9408.5200,21971.2600,21971.2600
2024-09-17,"MA_Crossover(36,44)",9285.6300,9430.9700,-1.0000,-1.0000,22.4500,-22.4500,-9430.9700,21948.8100,21948.8100
2024-09-18,"MA_Crossover(36,44)",9312.4600,9458.8400,-1.0000,-1.0000,27.8700,-27.8700,-9458.8400,21920.9400,21920.9400
2024-09-19,"MA_Crossover(36,44)",9429.2200,9575.9500,-1.0000,-1.0000,117.1100,-117.1100,-9575.9500,21803.8300,21803.8300
2024-09-20,"MA_Crossover(36,44)",9386.4500,9483.8200,1.0000,-1.0000,-92.1300,92.1300,-9483.8200,21895.9600,21895.9600
2024-09-23,"MA_Crossover(36,44)",9453.7000,9551.0700,1.0000,1.0000,67.2500,67.2500,9551.0700,21963.2100,21963.2100
2024-09-24,"MA_Crossover(36,44)",9704.4500,9801.8200,1.0000,1.0000,250.7500,250.7500,9801.8200,22213.9600,22213.9600
2024-09-25,"MA_Crossover(36,44)",9713.1400,9810.5100,1.0000,1.0000,8.6900,8.6900,9810.5100,22222.6500,22222.6500
2024-09-26,"MA_Crossover(36,44)",9975.1000,10072.4700,1.0000,1.0000,261.9600,261.9600,10072.4700,22484.6100,22484.6100
2024-09-27,"MA_Crossover(36,44)",9875.0300,9972.4000,1.0000,1.0000,-100.0700,-100.0700,9972.4000,22384.5400,22384.5400
2024-09-30,"MA_Crossover(36,44)",9716.0700,9813.4400,1.0000,1.0000,-158.9600,-158.9600,9813.4400,22225.5800,22225.5800
2024-10-01,"MA_Crossover(36,44)",9862.2500,9959.6200,1.0000,1.0000,146.1800,146.1800,9959.6200,22371.7600,22371.7600
2024-10-02,"MA_Crossover(36,44)",9964.5700,10061.9400,1.0000,1.0000,102.3200,102.3200,10061.9400,22474.0800,22474.0800
2024-10-03,"MA_Crossover(36,44)",9735.9200,9833.2900,1.0000,1.0000,-228.6500,-228.6500,9833.2900,22245.4300,22245.4300
2024-10-04,"MA_Crossover(36,44)",9812.4500,9909.8200,1.0000,1.0000,76.5300,76.5300,9909.8200,22321.9600,22321.9600
2024-10-07,"MA_Crossover(36,44)",9790.2900,9887.6600,1.0000,1.0000,-22.1600,-22.1600,9887.6600,22299.8000,22299.8000
2024-10-08,"MA_Crossover(36,44)",9604.3900,9701.7600,1.0000,1.0000,-185.9000,-185.9000,9701.7600,22113.9000,22113.9000
2024-10-09,"MA_Crossover(36,44)",9537.9300,9635.3000,1.0000,1.0000,-66.4600,-66.4600,9635.3000,22047.4400,22047.4400
2024-10-10,"MA_Crossover(36,44)",9584.6100,9681.9800,1.0000,1.0000,46.6800,46.6800,9681.9800,22094.1200,22094.1200
2024-10-11,"MA_Crossover(36,44)",9652.4200,9749.7900,1.0000,1.0000,67.8100,67.8100,9749.7900,22161.9300,22161.9300
2024-10-14,"MA_Crossover(36,44)",9526.4800,9623.8500,1.0000,1.0000,-125.9400,-125.9400,9623.8500,22035.9900,22035.9900
2024-10-15,"MA_Crossover(36,44)",9445.6900,9536.4100,1.0000,1.0000,-87.4400,-87.4400,9536.4100,21948.5500,21948.5500
2024-10-16,"MA_Crossover(36,44)",9475.7700,9566.1500,1.0000,1.0000,29.7400,29.7400,9566.1500,21978.2900,21978.2900
2024-10-17,"MA_Crossover(36,44)",9435.6500,9524.3400,1.0000,1.0000,-41.8100,-41.8100,9524.3400,21936.4800,21936.4800
2024-10-18,"MA_Crossover(36,44)",9553.0300,9597.0000,1.0000,1.0000,72.6600,72.6600,9597.0000,22009.1400,22009.1400
2024-10-21,"MA_Crossover(36,44)",9474.2600,9518.2300,1.0000,1.0000,-78.7700,-78.7700,9518.2300,21930.3700,21930.3700
2024-10-22,"MA_Crossover(36,44)",9489.6500,9533.6200,1.0000,1.0000,15.3900,15.3900,9533.6200,21945.7600,21945.7600
2024-10-23,"MA_Crossover(36,44)",9427.2400,9471.2100,1.0000,1.0000,-62.4100,-62.4100,9471.2100,21883.3500,21883.3500
2024-10-24,"MA_Crossover(36,44)",9412.5100,9456.4800,1.0000,1.0000,-14.7300,-14.7300,9456.4800,21868.6200,21868.6200
2024-10-25,"MA_Crossover(36,44)",9509.7400,9553.7100,1.0000,1.0000,97.2300,97.2300,9553.7100,21965.8500,21965.8500
2024-10-28,"MA_Crossover(36,44)",9437.9800,9481.9500,1.0000,1.0000,-71.7600,-71.7600,9481.9500,21894.0900,21894.0900
2024-10-29,"MA_Crossover(36,44)",9426.0400,9470.0100,1.0000,1.0000,-11.9400,-11.9400,9470.0100,21882.1500,21882.1500
2024-10-30,"MA_Crossover(36,44)",9435.0600,9479.0300,1.0000,1.0000,9.0200,9.0200,9479.0300,21891.1700,21891.1700
2024-10-31,"MA_Crossover(36,44)",9402.8200,9446.7900,1.0000,1.0000,-32.2400,-32.2400,9446.7900,21858.9300,21858.9300
2024-11-01,"MA_Crossover(36,44)",9470.4600,9514.4300,1.0000,1.0000,67.6400,67.6400,9514.4300,21926.5700,21926.5700
2024-11-04,"MA_Crossover(36,44)",9593.8900,9637.8600,1.0000,1.0000,123.4300,123.4300,9637.8600,22050.0000,22050.0000
2024-11-05,"MA_Crossover(36,44)",9623.0200,9666.9900,1.0000,1.0000,29.1300,29.1300,9666.9900,22079.1300,22079.1300
2024-11-06,"MA_Crossover(36,44)",9222.5000,9266.4700,1.0000,1.0000,-400.5200,-400.5200,9266.4700,21678.6100,21678.6100
2024-11-07,"MA_Crossover(36,44)",9541.9800,9585.9500,1.0000,1.0000,319.4800,319.4800,9585.9500,21998.0900,21998.0900
2024-11-08,"MA_Crossover(36,44)",9318.2300,9362.2000,1.0000,1.0000,-223.7500,-223.7500,9362.2000,21774.3400,21774.3400
2024-11-11,"MA_Crossover(36,44)",9201.2100,9245.1800,1.0000,1.0000,-117.0200,-117.0200,9245.1800,21657.3200,21657.3200
2024-11-12,"MA_Crossover(36,44)",9013.5200,9057.4900,1.0000,1.0000,-187.6900,-187.6900,9057.4900,21469.6300,21469.6300
2024-11-13,"MA_Crossover(36,44)",8917.9200,8961.8900,1.0000,1.0000,-95.6000,-95.6000,8961.8900,21374.0300,21374.0300
2024-11-14,"MA_Crossover(36,44)",8865.2400,8909.2100,1.0000,1.0000,-52.6800,-52.6800,8909.2100,21321.3500,21321.3500
2024-11-15,"MA_Crossover(36,44)",8882.8500,8926.8200,-1.0000,1.0000,17.6100,17.6100,8926.8200,21338.9600,21338.9600
2024-11-18,"MA_Crossover(36,44)",8954.6400,8998.6100,-1.0000,-1.0000,71.7900,-71.7900,-8998.6100,21267.1700,21267.1700
2024-11-19,"MA_Crossover(36,44)",9007.5900,9051.9200,-1.0000,-1.0000,53.3100,-53.3100,-9051.9200,21213.8600,21213.8600
2024-11-20,"MA_Crossover(36,44)",9010.3800,9054.0400,-1.0000,-1.0000,2.1200,-2.1200,-9054.0400,21211.7400,21211.7400
2024-11-21,"MA_Crossover(36,44)",8924.6100,8970.3400,-1.0000,-1.0000,-83.7000,83.7000,-8970.3400,21295.4400,21295.4400
2024-11-22,"MA_Crossover(36,44)",8885.2600,8889.3700,-1.0000,-1.0000,-80.9700,80.9700,-8889.3700,21376.4100,21376.4100
2024-11-25,"MA_Crossover(36,44)",8958.9300,8963.0400,-1.0000,-1.0000,73.6700,-73.6700,-8963.0400,21302.7400,21302.7400
2024-11-26,"MA_Crossover(36,44)",8915.4300,8919.5400,-1.0000,-1.0000,-43.5000,43.5000,-8919.5400,21346.2400,21346.2400
2024-11-27,"MA_Crossover(36,44)",8932.6900,8936.8000,-1.0000,-1.0000,17.2600,-17.2600,-8936.8000,21328.9800,21328.9800
2024-11-28,"MA_Crossover(36,44)",8910.8500,8914.9600,-1.0000,-1.0000,-21.8400,21.8400,-8914.9600,21350.8200,21350.8200
2024-11-29,"MA_Crossover(36,44)",8915.5300,8919.6400,-1.0000,-1.0000,4.6800,-4.6800,-8919.6400,21346.1400,21346.1400
2024-12-02,"MA_Crossover(36,44)",8892.9900,8897.1000,-1.0000,-1.0000,-22.5400,22.5400,-8897.1000,21368.6800,21368.6800
2024-12-03,"MA_Crossover(36,44)",9021.8800,9025.9900,-1.0000,-1.0000,128.8900,-128.8900,-9025.9900,21239.7900,21239.7900
2024-12-04,"MA_Crossover(36,44)",8987.1200,8991.2300,-1.0000,-1.0000,-34.7600,34.7600,-8991.2300,21274.5500,21274.5500
2024-12-05,"MA_Crossover(36,44)",8974.7700,8978.8800,-1.0000,-1.0000,-12.3500,12.3500,-8978.8800,21286.9000,21286.9000
2024-12-06,"MA_Crossover(36,44)",9022.9100,9027.0200,-1.0000,-1.0000,48.1400,-48.1400,-9027.0200,21238.7600,21238.7600
2024-12-09,"MA_Crossover(36,44)",9128.0600,9132.1700,-1.0000,-1.0000,105.1500,-105.1500,-9132.1700,21133.6100,21133.6100
2024-12-10,"MA_Crossover(36,44)",9108.5400,9112.6500,-1.0000,-1.0000,-19.5200,19.5200,-9112.6500,21153.1300,21153.1300
2024-12-11,"MA_Crossover(36,44)",9081.0700,9085.1800,-1.0000,-1.0000,-27.4700,27.4700,-9085.1800,21180.6000,21180.6000
2024-12-12,"MA_Crossover(36,44)",8975.1200,8979.2300,-1.0000,-1.0000,-105.9500,105.9500,-8979.2300,21286.5500,21286.5500
2024-12-13,"MA_Crossover(36,44)",8942.0300,8946.1400,-1.0000,-1.0000,-33.0900,33.0900,-8946.1400,21319.6400,21319.6400
2024-12-16,"MA_Crossover(36,44)",8942.4700,8946.5800,-1.0000,-1.0000,0.4400,-0.4400,-8946.5800,21319.2000,21319.2000
2024-12-17,"MA_Crossover(36,44)",8913.7400,8918.2300,-1.0000,-1.0000,-28.3500,28.3500,-8918.2300,21347.5500,21347.5500
2024-12-18,"MA_Crossover(36,44)",8953.8300,8957.8600,-1.0000,-1.0000,39.6300,-39.6300,-8957.8600,21307.9200,21307.9200
2024-12-19,"MA_Crossover(36,44)",8809.0100,8812.5800,-1.0000,-1.0000,-145.2800,145.2800,-8812.5800,21453.2000,21453.2000
2024-12-20,"MA_Crossover(36,44)",8871.1000,8831.9700,-1.0000,-1.0000,19.3900,-19.3900,-8831.9700,21433.8100,21433.8100
2024-12-23,"MA_Crossover(36,44)",8835.3900,8796.2600,-1.0000,-1.0000,-35.7100,35.7100,-8796.2600,21469.5200,21469.5200
2024-12-24,"MA_Crossover(36,44)",8874.8200,8835.6900,-1.0000,-1.0000,39.4300,-39.4300,-8835.6900,21430.0900,21430.0900
2024-12-27,"MA_Crossover(36,44)",8899.1400,8860.0100,-1.0000,-1.0000,24.3200,-24.3200,-8860.0100,21405.7700,21405.7700
2024-12-30,"MA_Crossover(36,44)",8817.9600,8778.8300,-1.0000,-1.0000,-81.1800,81.1800,-8778.8300,21486.9500,21486.9500
2024-12-31,"MA_Crossover(36,44)",8673.2300,8634.1000,-1.0000,-1.0000,-144.7300,144.7300,-8634.1000,21631.6800,21631.6800
2025-01-02,"MA_Crossover(36,44)",8707.6500,8668.5200,-1.0000,-1.0000,34.4200,-34.4200,-8668.5200,21597.2600,21597.2600
2025-01-03,"MA_Crossover(36,44)",8781.2100,8742.0800,-1.0000,-1.0000,73.5600,-73.5600,-8742.0800,21523.7000,21523.7000
2025-01-06,"MA_Crossover(36,44)",8899.9000,8860.7700,-1.0000,-1.0000,118.6900,-118.6900,-8860.7700,21405.0100,21405.0100
2025-01-07,"MA_Crossover(36,44)",8897.6000,8858.4700,-1.0000,-1.0000,-2.3000,2.3000,-8858.4700,21407.3100,21407.3100
2025-01-08,"MA_Crossover(36,44)",8925.4300,8886.3000,-1.0000,-1.0000,27.8300,-27.8300,-8886.3000,21379.4800,21379.4800
2025-01-09,"MA_Crossover(36,44)",8974.1900,8935.0600,-1.0000,-1.0000,48.7600,-48.7600,-8935.0600,21330.7200,21330.7200
2025-01-10,"MA_Crossover(36,44)",8993.3000,8954.1700,-1.0000,-1.0000,19.1100,-19.1100,-8954.1700,21311.6100,21311.6100
2025-01-13,"MA_Crossover(36,44)",8978.8400,8939.7100,-1.0000,-1.0000,-14.4600,14.4600,-8939.7100,21326.0700,21326.0700
2025-01-14,"MA_Crossover(36,44)",9087.4500,9032.2900,-1.0000,-1.0000,92.5800,-92.5800,-9032.2900,21233.4900,21233.4900
2025-01-15,"MA_Crossover(36,44)",9103.8800,9045.8400,-1.0000,-1.0000,13.5500,-13.5500,-9045.8400,21219.9400,21219.9400
2025-01-16,"MA_Crossover(36,44)",9167.6300,9109.7200,1.0000,-1.0000,63.8800,-63.8800,-9109.7200,21156.0600,21156.0600
2025-01-17,"MA_Crossover(36,44)",9127.4600,9034.4200,1.0000,1.0000,-75.3000,-75.3000,9034.4200,21080.7600,21080.7600
2025-01-20,"MA_Crossover(36,44)",9206.3300,9113.2900,1.0000,1.0000,78.8700,78.8700,9113.2900,21159.6300,21159.6300
2025-01-21,"MA_Crossover(36,44)",9212.3000,9119.2600,1.0000,1.0000,5.9700,5.9700,9119.2600,21165.6000,21165.6000
2025-01-22,"MA_Crossover(36,44)",9148.4100,9055.3700,1.0000,1.0000,-63.8900,-63.8900,9055.3700,21101.7100,21101.7100
2025-01-23,"MA_Crossover(36,44)",9154.3400,9061.3000,1.0000,1.0000,5.9300,5.9300,9061.3000,21107.6400,21107.6400
2025-01-24,"MA_Crossover(36,44)",9192.5200,9099.4800,1.0000,1.0000,38.1800,38.1800,9099.4800,21145.8200,21145.8200
2025-01-27,"MA_Crossover(36,44)",9006.5600,8913.5200,1.0000,1.0000,-185.9600,-185.9600,8913.5200,20959.8600,20959.8600
2025-01-28,"MA_Crossover(36,44)",8894.6900,8801.6500,1.0000,1.0000,-111.8700,-111.8700,8801.6500,20847.9900,20847.9900
2025-01-29,"MA_Crossover(36,44)",8975.7400,8882.7000,1.0000,1.0000,81.0500,81.0500,8882.7000,20929.0400,20929.0400
2025-01-30,"MA_Crossover(36,44)",9035.6800,8942.6400,1.0000,1.0000,59.9400,59.9400,8942.6400,20988.9800,20988.9800
2025-01-31,"MA_Crossover(36,44)",8953.7300,8860.6900,-1.0000,1.0000,-81.9500,-81.9500,8860.6900,20907.0300,20907.0300
2025-02-03,"MA_Crossover(36,44)",9002.6600,8909.6200,-1.0000,-1.0000,48.9300,-48.9300,-8909.6200,20858.1000,20858.1000
2025-02-04,"MA_Crossover(36,44)",9048.0800,8955.0400,-1.0000,-1.0000,45.4200,-45.4200,-8955.0400,20812.6800,20812.6800
2025-02-05,"MA_Crossover(36,44)",9136.1100,9043.0700,-1.0000,-1.0000,88.0300,-88.0300,-9043.0700,20724.6500,20724.6500
2025-02-06,"MA_Crossover(36,44)",9171.3600,9078.3200,-1.0000,-1.0000,35.2500,-35.2500,-9078.3200,20689.4000,20689.4000
2025-02-07,"MA_Crossover(36,44)",9300.8500,9207.8100,-1.0000,-1.0000,129.4900,-129.4900,-9207.8100,20559.9100,20559.9100
2025-02-10,"MA_Crossover(36,44)",9341.0100,9247.9700,-1.0000,-1.0000,40.1600,-40.1600,-9247.9700,20519.7500,20519.7500
2025-02-11,"MA_Crossover(36,44)",9248.5100,9155.4700,1.0000,-1.0000,-92.5000,92.5000,-9155.4700,20612.2500,20612.2500
2025-02-12,"MA_Crossover(36,44)",9352.5200,9259.4800,1.0000,1.0000,104.0100,104.0100,9259.4800,20716.2600,20716.2600
2025-02-13,"MA_Crossover(36,44)",9434.4500,9341.4100,1.0000,1.0000,81.9300,81.9300,9341.4100,20798.1900,20798.1900
2025-02-14,"MA_Crossover(36,44)",9490.4300,9397.3900,1.0000,1.0000,55.9800,55.9800,9397.3900,20854.1700,20854.1700
2025-02-17,"MA_Crossover(36,44)",9321.0000,9227.9600,1.0000,1.0000,-169.4300,-169.4300,9227.9600,20684.7400,20684.7400
2025-02-18,"MA_Crossover(36,44)",9426.6100,9328.5500,1.0000,1.0000,100.5900,100.5900,9328.5500,20785.3300,20785.3300
2025-02-19,"MA_Crossover(36,44)",9460.0700,9340.2000,1.0000,1.0000,11.6500,11.6500,9340.2000,20796.9800,20796.9800
2025-02-20,"MA_Crossover(36,44)",9565.1000,9440.9100,1.0000,1.0000,100.7100,100.7100,9440.9100,20897.6900,20897.6900
2025-02-21,"MA_Crossover(36,44)",9551.8900,9432.1500,1.0000,1.0000,-8.7600,-8.7600,9432.1500,20888.9300,20888.9300
2025-02-24,"MA_Crossover(36,44)",9516.4900,9396.7500,1.0000,1.0000,-35.4000,-35.4000,9396.7500,20853.5300,20853.5300
2025-02-25,"MA_Crossover(36,44)",9393.6700,9273.9300,1.0000,1.0000,-122.8200,-122.8200,9273.9300,20730.7100,20730.7100
2025-02-26,"MA_Crossover(36,44)",9476.0200,9356.2800,1.0000,1.0000,82.3500,82.3500,9356.2800,20813.0600,20813.0600
2025-02-27,"MA_Crossover(36,44)",9402.3700,9282.6300,1.0000,1.0000,-73.6500,-73.6500,9282.6300,20739.4100,20739.4100
2025-02-28,"MA_Crossover(36,44)",9359.0600,9239.3200,1.0000,1.0000,-43.3100,-43.3100,9239.3200,20696.1000,20696.1000
2025-03-03,"MA_Crossover(36,44)",9415.0200,9295.2800,1.0000,1.0000,55.9600,55.9600,9295.2800,20752.0600,20752.0600
2025-03-04,"MA_Crossover(36,44)",9345.6200,9225.8800,1.0000,1.0000,-69.4000,-69.4000,9225.8800,20682.6600,20682.6600
2025-03-05,"MA_Crossover(36,44)",9603.3300,9483.5900,1.0000,1.0000,257.7100,257.7100,9483.5900,20940.3700,20940.3700
2025-03-06,"MA_Crossover(36,44)",9759.7700,9640.0300,1.0000,1.0000,156.4400,156.4400,9640.0300,21096.8100,21096.8100
2025-03-07,"MA_Crossover(36,44)",9619.4000,9499.6600,1.0000,1.0000,-140.3700,-140.3700,9499.6600,20956.4400,20956.4400
2025-03-10,"MA_Crossover(36,44)",9520.7900,9401.0500,1.0000,1.0000,-98.6100,-98.6100,9401.0500,20857.8300,20857.8300
2025-03-11,"MA_Crossover(36,44)",9648.1300,9528.3900,1.0000,1.0000,127.3400,127.3400,9528.3900,20985.1700,20985.1700
2025-03-12,"MA_Crossover(36,44)",9759.3500,9639.6100,1.0000,1.0000,111.2200,111.2200,9639.6100,21096.3900,21096.3900
2025-03-13,"MA_Crossover(36,44)",9753.1900,9633.4500,1.0000,1.0000,-6.1600,-6.1600,9633.4500,21090.2300,21090.2300
2025-03-14,"MA_Crossover(36,44)",9732.9600,9613.2200,1.0000,1.0000,-20.2300,-20.2300,9613.2200,21070.0000,21070.0000
2025-03-17,"MA_Crossover(36,44)",9799.2800,9679.5400,1.0000,1.0000,66.3200,66.3200,9679.5400,21136.3200,21136.3200
2025-03-18,"MA_Crossover(36,44)",9885.8400,9740.5700,1.0000,1.0000,61.0300,61.0300,9740.5700,21197.3500,21197.3500
2025-03-19,"MA_Crossover(36,44)",9980.6300,9830.6100,1.0000,1.0000,90.0400,90.0400,9830.6100,21287.3900,21287.3900
2025-03-20,"MA_Crossover(36,44)",9917.8600,9774.7300,1.0000,1.0000,-55.8800,-55.8800,9774.7300,21231.5100,21231.5100
2025-03-21,"MA_Crossover(36,44)",9842.1500,9684.0700,1.0000,1.0000,-90.6600,-90.6600,9684.0700,21140.8500,21140.8500
2025-03-24,"MA_Crossover(36,44)",9946.4500,9788.3700,1.0000,1.0000,104.3000,104.3000,9788.3700,21245.1500,21245.1500
2025-03-25,"MA_Crossover(36,44)",10118.4200,9960.3400,1.0000,1.0000,171.9700,171.9700,9960.3400,21417.1200,21417.1200
2025-03-26,"MA_Crossover(36,44)",9909.9200,9751.8400,1.0000,1.0000,-208.5000,-208.5000,9751.8400,21208.6200,21208.6200
2025-03-27,"MA_Crossover(36,44)",9822.8100,9664.7300,1.0000,1.0000,-87.1100,-87.1100,9664.7300,21121.5100,21121.5100
2025-03-28,"MA_Crossover(36,44)",9771.6900,9613.6100,1.0000,1.0000,-51.1200,-51.1200,9613.6100,21070.3900,21070.3900
2025-03-31,"MA_Crossover(36,44)",9679.2300,9521.1500,1.0000,1.0000,-92.4600,-92.4600,9521.1500,20977.9300,20977.9300
2025-04-01,"MA_Crossover(36,44)",9668.1300,9510.0500,1.0000,1.0000,-11.1000,-11.1000,9510.0500,20966.8300,20966.8300
2025-04-02,"MA_Crossover(36,44)",9671.3700,9513.2900,1.0000,1.0000,3.2400,3.2400,9513.2900,20970.0700,20970.0700
2025-04-03,"MA_Crossover(36,44)",9331.2700,9173.1900,1.0000,1.0000,-340.1000,-340.1000,9173.1900,20629.9700,20629.9700
2025-04-04,"MA_Crossover(36,44)",8725.9100,8567.8300,1.0000,1.0000,-605.3600,-605.3600,8567.8300,20024.6100,20024.6100
2025-04-07,"MA_Crossover(36,44)",8698.4200,8540.3400,1.0000,1.0000,-27.4900,-27.4900,8540.3400,19997.1200,19997.1200
2025-04-08,"MA_Crossover(36,44)",8627.3500,8469.2700,1.0000,1.0000,-71.0700,-71.0700,8469.2700,19926.0500,19926.0500
2025-04-09,"MA_Crossover(36,44)",8577.3700,8419.2900,1.0000,1.0000,-49.9800,-49.9800,8419.2900,19876.0700,19876.0700
2025-04-10,"MA_Crossover(36,44)",9004.9500,8846.8700,1.0000,1.0000,427.5800,427.5800,8846.8700,20303.6500,20303.6500
2025-04-11,"MA_Crossover(36,44)",9193.3800,9035.3000,1.0000,1.0000,188.4300,188.4300,9035.3000,20492.0800,20492.0800
2025-04-14,"MA_Crossover(36,44)",9156.9900,8998.9100,1.0000,1.0000,-36.3900,-36.3900,8998.9100,20455.6900,20455.6900
2025-04-15,"MA_Crossover(36,44)",9156.5600,8979.7400,1.0000,1.0000,-19.1700,-19.1700,8979.7400,20436.5200,20436.5200
2025-04-16,"MA_Crossover(36,44)",9199.5900,9020.5000,1.0000,1.0000,40.7600,40.7600,9020.5000,20477.2800,20477.2800
2025-04-17,"MA_Crossover(36,44)",9192.4500,9011.9600,1.0000,1.0000,-8.5400,-8.5400,9011.9600,20468.7400,20468.7400
2025-04-22,"MA_Crossover(36,44)",9386.7000,9202.4000,1.0000,1.0000,190.4400,190.4400,9202.4000,20659.1800,20659.1800
2025-04-23,"MA_Crossover(36,44)",9396.2100,9211.9100,1.0000,1.0000,9.5100,9.5100,9211.9100,20668.6900,20668.6900
2025-04-24,"MA_Crossover(36,44)",9417.2300,9232.9300,1.0000,1.0000,21.0200,21.0200,9232.9300,20689.7100,20689.7100
2025-04-25,"MA_Crossover(36,44)",9398.4100,9214.1100,1.0000,1.0000,-18.8200,-18.8200,9214.1100,20670.8900,20670.8900
2025-04-28,"MA_Crossover(36,44)",9430.1000,9245.8000,1.0000,1.0000,31.6900,31.6900,9245.8000,20702.5800,20702.5800
2025-04-29,"MA_Crossover(36,44)",9453.9700,9269.6700,1.0000,1.0000,23.8700,23.8700,9269.6700,20726.4500,20726.4500
2025-04-30,"MA_Crossover(36,44)",9141.9500,8957.6500,-1.0000,1.0000,-312.0200,-312.0200,8957.6500,20414.4300,20414.4300
2025-05-01,"MA_Crossover(36,44)",9251.1100,9066.8100,-1.0000,-1.0000,109.1600,-109.1600,-9066.8100,20305.2700,20305.2700
2025-05-02,"MA_Crossover(36,44)",9400.6900,9216.3900,-1.0000,-1.0000,149.5800,-149.5800,-9216.3900,20155.6900,20155.6900
2025-05-06,"MA_Crossover(36,44)",9575.9500,9391.6500,-1.0000,-1.0000,175.2600,-175.2600,-9391.6500,19980.4300,19980.4300
2025-05-07,"MA_Crossover(36,44)",9454.3800,9270.0800,-1.0000,-1.0000,-121.5700,121.5700,-9270.0800,20102.0000,20102.0000
2025-05-08,"MA_Crossover(36,44)",9482.7600,9298.4600,-1.0000,-1.0000,28.3800,-28.3800,-9298.4600,20073.6200,20073.6200
2025-05-09,"MA_Crossover(36,44)",9495.8400,9311.5400,-1.0000,-1.0000,13.0800,-13.0800,-9311.5400,20060.5400,20060.5400
2025-05-12,"MA_Crossover(36,44)",9550.0000,9365.7000,-1.0000,-1.0000,54.1600,-54.1600,-9365.7000,20006.3800,20006.3800
2025-05-13,"MA_Crossover(36,44)",9624.5400,9440.2400,-1.0000,-1.0000,74.5400,-74.5400,-9440.2400,19931.8400,19931.8400
2025-05-14,"MA_Crossover(36,44)",9626.3500,9442.0500,-1.0000,-1.0000,1.8100,-1.8100,-9442.0500,19930.0300,19930.0300
2025-05-15,"MA_Crossover(36,44)",9618.3400,9434.0400,-1.0000,-1.0000,-8.0100,8.0100,-9434.0400,19938.0400,19938.0400
2025-05-16,"MA_Crossover(36,44)",9479.4300,9295.1300,-1.0000,-1.0000,-138.9100,138.9100,-9295.1300,20076.9500,20076.9500
2025-05-19,"MA_Crossover(36,44)",9539.0200,9354.7200,-1.0000,-1.0000,59.5900,-59.5900,-9354.7200,20017.3600,20017.3600
2025-05-20,"MA_Crossover(36,44)",9550.1300,9333.1800,-1.0000,-1.0000,-21.5400,21.5400,-9333.1800,20038.9000,20038.9000
2025-05-21,"MA_Crossover(36,44)",9572.8200,9355.8100,-1.0000,-1.0000,22.6300,-22.6300,-9355.8100,20016.2700,20016.2700
2025-05-22,"MA_Crossover(36,44)",9535.6500,9322.1700,-1.0000,-1.0000,-33.6400,33.6400,-9322.1700,20049.9100,20049.9100
2025-05-23,"MA_Crossover(36,44)",9661.5000,9455.1200,-1.0000,-1.0000,132.9500,-132.9500,-9455.1200,19916.9600,19916.9600
2025-05-27,"MA_Crossover(36,44)",9654.9800,9448.6000,-1.0000,-1.0000,-6.5200,6.5200,-9448.6000,19923.4800,19923.4800
2025-05-28,"MA_Crossover(36,44)",9620.2300,9413.8500,-1.0000,-1.0000,-34.7500,34.7500,-9413.8500,19958.2300,19958.2300
2025-05-29,"MA_Crossover(36,44)",9620.5900,9414.2100,-1.0000,-1.0000,0.3600,-0.3600,-9414.2100,19957.8700,19957.8700
2025-05-30,"MA_Crossover(36,44)",9553.8300,9347.4500,-1.0000,-1.0000,-66.7600,66.7600,-9347.4500,20024.6300,20024.6300
2025-06-02,"MA_Crossover(36,44)",9675.5700,9469.1900,-1.0000,-1.0000,121.7400,-121.7400,-9469.1900,19902.8900,19902.8900
2025-06-03,"MA_Crossover(36,44)",9693.2500,9486.8700,1.0000,-1.0000,17.6800,-17.6800,-9486.8700,19885.2100,19885.2100
2025-06-04,"MA_Crossover(36,44)",9674.5000,9468.1200,1.0000,1.0000,-18.7500,-18.7500,9468.1200,19866.4600,19866.4600
2025-06-05,"MA_Crossover(36,44)",9820.4100,9614.0300,1.0000,1.0000,145.9100,145.9100,9614.0300,20012.3700,20012.3700
2025-06-06,"MA_Crossover(36,44)",9760.2200,9553.8400,1.0000,1.0000,-60.1900,-60.1900,9553.8400,19952.1800,19952.1800
2025-06-09,"MA_Crossover(36,44)",9885.5100,9679.1300,1.0000,1.0000,125.2900,125.2900,9679.1300,20077.4700,20077.4700
2025-06-10,"MA_Crossover(36,44)",9841.4900,9635.1100,1.0000,1.0000,-44.0200,-44.0200,9635.1100,20033.4500,20033.4500
2025-06-11,"MA_Crossover(36,44)",9707.0000,9500.6200,1.0000,1.0000,-134.4900,-134.4900,9500.6200,19898.9600,19898.9600
2025-06-12,"MA_Crossover(36,44)",9785.5100,9579.1300,1.0000,1.0000,78.5100,78.5100,9579.1300,19977.4700,19977.4700
2025-06-13,"MA_Crossover(36,44)",9719.2500,9512.8700,1.0000,1.0000,-66.2600,-66.2600,9512.8700,19911.2100,19911.2100
2025-06-16,"MA_Crossover(36,44)",9798.5900,9592.2100,1.0000,1.0000,79.3400,79.3400,9592.2100,19990.5500,19990.5500
2025-06-17,"MA_Crossover(36,44)",9719.1900,9539.0700,1.0000,1.0000,-53.1400,-53.1400,9539.0700,19937.4100,19937.4100
2025-06-18,"MA_Crossover(36,44)",9687.9700,9519.9000,1.0000,1.0000,-19.1700,-19.1700,9519.9000,19918.2400,19918.2400
2025-06-19,"MA_Crossover(36,44)",9665.2800,9489.9100,1.0000,1.0000,-29.9900,-29.9900,9489.9100,19888.2500,19888.2500
2025-06-20,"MA_Crossover(36,44)",9698.6200,9543.5500,1.0000,1.0000,53.6400,53.6400,9543.5500,19941.8900,19941.8900
2025-06-23,"MA_Crossover(36,44)",9744.1500,9589.0800,1.0000,1.0000,45.5300,45.5300,9589.0800,19987.4200,19987.4200
2025-06-24,"MA_Crossover(36,44)",9730.1000,9575.0300,1.0000,1.0000,-14.0500,-14.0500,9575.0300,19973.3700,19973.3700
2025-06-25,"MA_Crossover(36,44)",9776.1900,9621.1200,1.0000,1.0000,46.0900,46.0900,9621.1200,20019.4600,20019.4600
2025-06-26,"MA_Crossover(36,44)",9988.4700,9833.4000,1.0000,1.0000,212.2800,212.2800,9833.4000,20231.7400,20231.7400
2025-06-27,"MA_Crossover(36,44)",9957.7200,9802.6500,1.0000,1.0000,-30.7500,-30.7500,9802.6500,20200.9900,20200.9900
2025-06-30,"MA_Crossover(36,44)",9945.2300,9790.1600,1.0000,1.0000,-12.4900,-12.4900,9790.1600,20188.5000,20188.5000
2025-07-01,"MA_Crossover(36,44)",9997.2900,9842.2200,1.0000,1.0000,52.0600,52.0600,9842.2200,20240.5600,20240.5600
2025-07-02,"MA_Crossover(36,44)",10070.1000,9915.0300,1.0000,1.0000,72.8100,72.8100,9915.0300,20313.3700,20313.3700
2025-07-03,"MA_Crossover(36,44)",10010.6700,9855.6000,1.0000,1.0000,-59.4300,-59.4300,9855.6000,20253.9400,20253.9400
2025-07-04,"MA_Crossover(36,44)",9923.2900,9768.2200,1.0000,1.0000,-87.3800,-87.3800,9768.2200,20166.5600,20166.5600
2025-07-07,"MA_Crossover(36,44)",9890.0000,9734.9300,1.0000,1.0000,-33.2900,-33.2900,9734.9300,20133.2700,20133.2700
2025-07-08,"MA_Crossover(36,44)",9831.5000,9676.4300,1.0000,1.0000,-58.5000,-58.5000,9676.4300,20074.7700,20074.7700
2025-07-09,"MA_Crossover(36,44)",9652.9400,9497.8700,1.0000,1.0000,-178.5600,-178.5600,9497.8700,19896.2100,19896.2100
2025-07-10,"MA_Crossover(36,44)",9699.6600,9544.5900,1.0000,1.0000,46.7200,46.7200,9544.5900,19942.9300,19942.9300
2025-07-11,"MA_Crossover(36,44)",9639.8000,9484.7300,1.0000,1.0000,-59.8600,-59.8600,9484.7300,19883.0700,19883.0700
2025-07-14,"MA_Crossover(36,44)",9556.9300,9401.8600,1.0000,1.0000,-82.8700,-82.8700,9401.8600,19800.2000,19800.2000
2025-07-15,"MA_Crossover(36,44)",9625.6600,9455.6600,1.0000,1.0000,53.8000,53.8000,9455.6600,19854.0000,19854.0000
2025-07-16,"MA_Crossover(36,44)",9603.3600,9441.7800,1.0000,1.0000,-13.8800,-13.8800,9441.7800,19840.1200,19840.1200
2025-07-17,"MA_Crossover(36,44)",9643.0900,9479.9800,1.0000,1.0000,38.2000,38.2000,9479.9800,19878.3200,19878.3200
2025-07-18,"MA_Crossover(36,44)",9763.7400,9580.7900,1.0000,1.0000,100.8100,100.8100,9580.7900,19979.1300,19979.1300
2025-07-21,"MA_Crossover(36,44)",9837.1400,9654.1900,1.0000,1.0000,73.4000,73.4000,9654.1900,20052.5300,20052.5300
2025-07-22,"MA_Crossover(36,44)",9894.2600,9711.3100,1.0000,1.0000,57.1200,57.1200,9711.3100,20109.6500,20109.6500
2025-07-23,"MA_Crossover(36,44)",9915.6200,9732.6700,1.0000,1.0000,21.3600,21.3600,9732.6700,20131.0100,20131.0100
2025-07-24,"MA_Crossover(36,44)",9856.7500,9673.8000,1.0000,1.0000,-58.8700,-58.8700,9673.8000,20072.1400,20072.1400
2025-07-25,"MA_Crossover(36,44)",9744.4400,9561.4900,1.0000,1.0000,-112.3100,-112.3100,9561.4900,19959.8300,19959.8300
2025-07-28,"MA_Crossover(36,44)",9765.7800,9582.8300,1.0000,1.0000,21.3400,21.3400,9582.8300,19981.1700,19981.1700
2025-07-29,"MA_Crossover(36,44)",9770.3300,9587.3800,1.0000,1.0000,4.5500,4.5500,9587.3800,19985.7200,19985.7200
2025-07-30,"MA_Crossover(36,44)",9673.6700,9490.7200,1.0000,1.0000,-96.6600,-96.6600,9490.7200,19889.0600,19889.0600
2025-07-31,"MA_Crossover(36,44)",9574.1400,9391.1900,1.0000,1.0000,-99.5300,-99.5300,9391.1900,19789.5300,19789.5300
2025-08-01,"MA_Crossover(36,44)",9594.7500,9411.8000,1.0000,1.0000,20.6100,20.6100,9411.8000,19810.1400,19810.1400
2025-08-04,"MA_Crossover(36,44)",9650.6400,9467.6900,1.0000,1.0000,55.8900,55.8900,9467.6900,19866.0300,19866.0300
2025-08-05,"MA_Crossover(36,44)",9591.1300,9408.1800,-1.0000,1.0000,-59.5100,-59.5100,9408.1800,19806.5200,19806.5200
2025-08-06,"MA_Crossover(36,44)",9631.3900,9448.4400,-1.0000,-1.0000,40.2600,-40.2600,-9448.4400,19766.2600,19766.2600
2025-08-07,"MA_Crossover(36,44)",9633.6600,9450.7100,-1.0000,-1.0000,2.2700,-2.2700,-9450.7100,19763.9900,19763.9900
2025-08-08,"MA_Crossover(36,44)",9705.9400,9522.9900,1.0000,-1.0000,72.2800,-72.2800,-9522.9900,19691.7100,19691.7100
2025-08-11,"MA_Crossover(36,44)",9659.9700,9477.0200,1.0000,1.0000,-45.9700,-45.9700,9477.0200,19645.7400,19645.7400
2025-08-12,"MA_Crossover(36,44)",9763.1300,9580.1800,1.0000,1.0000,103.1600,103.1600,9580.1800,19748.9000,19748.9000
2025-08-13,"MA_Crossover(36,44)",9731.8200,9548.8700,1.0000,1.0000,-31.3100,-31.3100,9548.8700,19717.5900,19717.5900
2025-08-14,"MA_Crossover(36,44)",9680.0500,9497.1000,1.0000,1.0000,-51.7700,-51.7700,9497.1000,19665.8200,19665.8200
2025-08-15,"MA_Crossover(36,44)",9681.2500,9498.3000,1.0000,1.0000,1.2000,1.2000,9498.3000,19667.0200,19667.0200
2025-08-18,"MA_Crossover(36,44)",9636.2500,9453.3000,-1.0000,1.0000,-45.0000,-45.0000,9453.3000,19622.0200,19622.0200
2025-08-19,"MA_Crossover(36,44)",9632.8100,9443.7700,-1.0000,-1.0000,-9.5300,9.5300,-9443.7700,19631.5500,19631.5500
2025-08-20,"MA_Crossover(36,44)",9665.1400,9473.8600,-1.0000,-1.0000,30.0900,-30.0900,-9473.8600,19601.4600,19601.4600
2025-08-21,"MA_Crossover(36,44)",9671.1400,9478.6400,-1.0000,-1.0000,4.7800,-4.7800,-9478.6400,19596.6800,19596.6800
2025-08-22,"MA_Crossover(36,44)",9744.3300,9523.7900,-1.0000,-1.0000,45.1500,-45.1500,-9523.7900,19551.5300,19551.5300
2025-08-26,"MA_Crossover(36,44)",9779.0500,9558.5100,-1.0000,-1.0000,34.7200,-34.7200,-9558.5100,19516.8100,19516.8100
2025-08-27,"MA_Crossover(36,44)",9693.5700,9473.0300,-1.0000,-1.0000,-85.4800,85.4800,-9473.0300,19602.2900,19602.2900
2025-08-28,"MA_Crossover(36,44)",9756.9600,9536.4200,-1.0000,-1.0000,63.3900,-63.3900,-9536.4200,19538.9000,19538.9000
2025-08-29,"MA_Crossover(36,44)",9845.1600,9624.6200,-1.0000,-1.0000,88.2000,-88.2000,-9624.6200,19450.7000,19450.7000
2025-09-01,"MA_Crossover(36,44)",9818.7800,9598.2400,-1.0000,-1.0000,-26.3800,26.3800,-9598.2400,19477.0800,19477.0800
2025-09-02,"MA_Crossover(36,44)",9926.5400,9706.0000,-1.0000,-1.0000,107.7600,-107.7600,-9706.0000,19369.3200,19369.3200
2025-09-03,"MA_Crossover(36,44)",9923.9500,9703.4100,-1.0000,-1.0000,-2.5900,2.5900,-9703.4100,19371.9100,19371.9100
2025-09-04,"MA_Crossover(36,44)",9842.6300,9622.0900,1.0000,-1.0000,-81.3200,81.3200,-9622.0900,19453.2300,19453.2300
2025-09-05,"MA_Crossover(36,44)",9838.6100,9618.0700,1.0000,1.0000,-4.0200,-4.0200,9618.0700,19449.2100,19449.2100
2025-09-08,"MA_Crossover(36,44)",9844.4300,9623.8900,1.0000,1.0000,5.8200,5.8200,9623.8900,19455.0300,19455.0300
2025-09-09,"MA_Crossover(36,44)",9845.5200,9624.9800,1.0000,1.0000,1.0900,1.0900,9624.9800,19456.1200,19456.1200
2025-09-10,"MA_Crossover(36,44)",9965.3100,9744.7700,1.0000,1.0000,119.7900,119.7900,9744.7700,19575.9100,19575.9100
2025-09-11,"MA_Crossover(36,44)",9993.4600,9772.9200,1.0000,1.0000,28.1500,28.1500,9772.9200,19604.0600,19604.0600
2025-09-12,"MA_Crossover(36,44)",9995.6400,9775.1000,1.0000,1.0000,2.1800,2.1800,9775.1000,19606.2400,19606.2400
2025-09-15,"MA_Crossover(36,44)",10124.5700,9904.0300,-1.0000,1.0000,128.9300,128.9300,9904.0300,19735.1700,19735.1700
2025-09-16,"MA_Crossover(36,44)",10087.2700,9866.4600,-1.0000,-1.0000,-37.5700,37.5700,-9866.4600,19772.7400,19772.7400
2025-09-17,"MA_Crossover(36,44)",9951.7900,9734.4500,-1.0000,-1.0000,-132.0100,132.0100,-9734.4500,19904.7500,19904.7500
2025-09-18,"MA_Crossover(36,44)",9897.2900,9680.6800,-1.0000,-1.0000,-53.7700,53.7700,-9680.6800,19958.5200,19958.5200
2025-09-19,"MA_Crossover(36,44)",9952.0100,9709.8100,-1.0000,-1.0000,29.1300,-29.1300,-9709.8100,19929.3900,19929.3900
2025-09-22,"MA_Crossover(36,44)",9927.8000,9685.6000,1.0000,-1.0000,-24.2100,24.2100,-9685.6000,19953.6000,19953.6000
2025-09-23,"MA_Crossover(36,44)",9927.7400,9685.5400,1.0000,1.0000,-0.0600,-0.0600,9685.5400,19953.5400,19953.5400
2025-09-24,"MA_Crossover(36,44)",10325.5400,10083.3400,1.0000,1.0000,397.8000,397.8000,10083.3400,20351.3400,20351.3400
2025-09-25,"MA_Crossover(36,44)",10245.9500,10003.7500,1.0000,1.0000,-79.5900,-79.5900,10003.7500,20271.7500,20271.7500
2025-09-26,"MA_Crossover(36,44)",10162.2000,9920.0000,1.0000,1.0000,-83.7500,-83.7500,9920.0000,20188.0000,20188.0000
2025-09-29,"MA_Crossover(36,44)",10402.7600,10160.5600,1.0000,1.0000,240.5600,240.5600,10160.5600,20428.5600,20428.5600
2025-09-30,"MA_Crossover(36,44)",10242.4500,10000.2500,1.0000,1.0000,-160.3100,-160.3100,10000.2500,20268.2500,20268.2500
2025-10-01,"MA_Crossover(36,44)",10355.6500,10113.4500,1.0000,1.0000,113.2000,113.2000,10113.4500,20381.4500,20381.4500
2025-10-02,"MA_Crossover(36,44)",10469.6600,10227.4600,1.0000,1.0000,114.0100,114.0100,10227.4600,20495.4600,20495.4600
2025-10-03,"MA_Crossover(36,44)",10700.4800,10458.2800,1.0000,1.0000,230.8200,230.8200,10458.2800,20726.2800,20726.2800
2025-10-06,"MA_Crossover(36,44)",10620.4700,10378.2700,1.0000,1.0000,-80.0100,-80.0100,10378.2700,20646.2700,20646.2700
2025-10-07,"MA_Crossover(36,44)",10732.0300,10489.8300,1.0000,1.0000,111.5600,111.5600,10489.8300,20757.8300,20757.8300
2025-10-08,"MA_Crossover(36,44)",10643.9700,10401.7700,1.0000,1.0000,-88.0600,-88.0600,10401.7700,20669.7700,20669.7700
2025-10-09,"MA_Crossover(36,44)",10843.3400,10601.1400,1.0000,1.0000,199.3700,199.3700,10601.1400,20869.1400,20869.1400
2025-10-10,"MA_Crossover(36,44)",10488.6300,10246.4300,1.0000,1.0000,-354.7100,-354.7100,10246.4300,20514.4300,20514.4300
2025-10-13,"MA_Crossover(36,44)",11047.2800,10805.0800,1.0000,1.0000,558.6500,558.6500,10805.0800,21073.0800,21073.0800
2025-10-14,"MA_Crossover(36,44)",10592.8700,10538.3100,1.0000,1.0000,-266.7700,-266.7700,10538.3100,20806.3100,20806.3100
2025-10-15,"MA_Crossover(36,44)",10652.6300,10598.5000,1.0000,1.0000,60.1900,60.1900,10598.5000,20866.5000,20866.5000
2025-10-16,"MA_Crossover(36,44)",10643.4000,10600.7000,1.0000,1.0000,2.2000,2.2000,10600.7000,20868.7000,20868.7000
2025-10-17,"MA_Crossover(36,44)",10601.9200,10556.2300,1.0000,1.0000,-44.4700,-44.4700,10556.2300,20824.2300,20824.2300
2025-10-20,"MA_Crossover(36,44)",10687.7100,10642.0200,1.0000,1.0000,85.7900,85.7900,10642.0200,20910.0200,20910.0200
2025-10-21,"MA_Crossover(36,44)",10614.1400,10568.4500,1.0000,1.0000,-73.5700,-73.5700,10568.4500,20836.4500,20836.4500
2025-10-22,"MA_Crossover(36,44)",10665.2100,10619.5200,1.0000,1.0000,51.0700,51.0700,10619.5200,20887.5200,20887.5200
2025-10-23,"MA_Crossover(36,44)",10860.7400,10815.0500,1.0000,1.0000,195.5300,195.5300,10815.0500,21083.0500,21083.0500
2025-10-24,"MA_Crossover(36,44)",10962.9400,10917.2500,1.0000,1.0000,102.2000,102.2000,10917.2500,21185.2500,21185.2500
2025-10-27,"MA_Crossover(36,44)",11028.6900,10983.0000,1.0000,1.0000,65.7500,65.7500,10983.0000,21251.0000,21251.0000
2025-10-28,"MA_Crossover(36,44)",11038.9400,10993.2500,1.0000,1.0000,10.2500,10.2500,10993.2500,21261.2500,21261.2500
2025-10-29,"MA_Crossover(36,44)",11182.2400,11136.5500,1.0000,1.0000,143.3000,143.3000,11136.5500,21404.5500,21404.5500
2025-10-30,"MA_Crossover(36,44)",10916.6700,10870.9800,1.0000,1.0000,-265.5700,-265.5700,10870.9800,21138.9800,21138.9800
2025-10-31,"MA_Crossover(36,44)",10892.0600,10846.3700,1.0000,1.0000,-24.6100,-24.6100,10846.3700,21114.3700,21114.3700
2025-11-03,"MA_Crossover(36,44)",10848.0100,10802.3200,1.0000,1.0000,-44.0500,-44.0500,10802.3200,21070.3200,21070.3200
2025-11-04,"MA_Crossover(36,44)",10650.4300,10604.7400,1.0000,1.0000,-197.5800,-197.5800,10604.7400,20872.7400,20872.7400
2025-11-05,"MA_Crossover(36,44)",10676.1300,10630.4400,1.0000,1.0000,25.7000,25.7000,10630.4400,20898.4400,20898.4400
2025-11-06,"MA_Crossover(36,44)",10665.0600,10619.3700,1.0000,1.0000,-11.0700,-11.0700,10619.3700,20887.3700,20887.3700
2025-11-07,"MA_Crossover(36,44)",10709.2800,10663.5900,1.0000,1.0000,44.2200,44.2200,10663.5900,20931.5900,20931.5900
2025-11-10,"MA_Crossover(36,44)",10791.6700,10745.9800,1.0000,1.0000,82.3900,82.3900,10745.9800,21013.9800,21013.9800
2025-11-11,"MA_Crossover(36,44)",10815.4700,10769.7800,1.0000,1.0000,23.8000,23.8000,10769.7800,21037.7800,21037.7800
2025-11-12,"MA_Crossover(36,44)",10938.0500,10892.3600,1.0000,1.0000,122.5800,122.5800,10892.3600,21160.3600,21160.3600
2025-11-13,"MA_Crossover(36,44)",10951.5300,10905.8400,1.0000,1.0000,13.4800,13.4800,10905.8400,21173.8400,21173.8400
2025-11-14,"MA_Crossover(36,44)",10854.8800,10809.1900,1.0000,1.0000,-96.6500,-96.6500,10809.1900,21077.1900,21077.1900
2025-11-17,"MA_Crossover(36,44)",10745.8800,10700.1900,1.0000,1.0000,-109.0000,-109.0000,10700.1900,20968.1900,20968.1900
2025-11-18,"MA_Crossover(36,44)",10709.7000,10645.1200,1.0000,1.0000,-55.0700,-55.0700,10645.1200,20913.1200,20913.1200
2025-11-19,"MA_Crossover(36,44)",10748.8300,10683.4900,1.0000,1.0000,38.3700,38.3700,10683.4900,20951.4900,20951.4900
2025-11-20,"MA_Crossover(36,44)",10742.8200,10674.8000,1.0000,1.0000,-8.6900,-8.6900,10674.8000,20942.8000,20942.8000
2025-11-21,"MA_Crossover(36,44)",10788.3400,10718.3600,1.0000,1.0000,43.5600,43.5600,10718.3600,20986.3600,20986.3600
2025-11-24,"MA_Crossover(36,44)",10793.4100,10723.4300,1.0000,1.0000,5.0700,5.0700,10723.4300,20991.4300,20991.4300
2025-11-25,"MA_Crossover(36,44)",10827.7400,10757.7600,1.0000,1.0000,34.3300,34.3300,10757.7600,21025.7600,21025.7600
2025-11-26,"MA_Crossover(36,44)",10990.5700,10920.5900,1.0000,1.0000,162.8300,162.8300,10920.5900,21188.5900,21188.5900
2025-11-27,"MA_Crossover(36,44)",10952.2200,10882.2400,1.0000,1.0000,-38.3500,-38.3500,10882.2400,21150.2400,21150.2400
2025-11-28,"MA_Crossover(36,44)",11222.4200,11152.4400,1.0000,1.0000,270.2000,270.2000,11152.4400,21420.4400,21420.4400
2025-12-01,"MA_Crossover(36,44)",11308.8600,11238.8800,1.0000,1.0000,86.4400,86.4400,11238.8800,21506.8800,21506.8800
2025-12-02,"MA_Crossover(36,44)",11204.7000,11134.7200,1.0000,1.0000,-104.1600,-104.1600,11134.7200,21402.7200,21402.7200
2025-12-03,"MA_Crossover(36,44)",11572.3600,11502.3800,1.0000,1.0000,367.6600,367.6600,11502.3800,21770.3800,21770.3800
2025-12-04,"MA_Crossover(36,44)",11504.1800,11434.2000,1.0000,1.0000,-68.1800,-68.1800,11434.2000,21702.2000,21702.2000
2025-12-05,"MA_Crossover(36,44)",11653.0700,11583.0900,1.0000,1.0000,148.8900,148.8900,11583.0900,21851.0900,21851.0900
2025-12-08,"MA_Crossover(36,44)",11648.7900,11578.8100,1.0000,1.0000,-4.2800,-4.2800,11578.8100,21846.8100,21846.8100
2025-12-09,"MA_Crossover(36,44)",11489.9800,11420.0000,1.0000,1.0000,-158.8100,-158.8100,11420.0000,21688.0000,21688.0000
2025-12-10,"MA_Crossover(36,44)",11569.4200,11499.4400,1.0000,1.0000,79.4400,79.4400,11499.4400,21767.4400,21767.4400
2025-12-11,"MA_Crossover(36,44)",11897.2200,11827.2400,1.0000,1.0000,327.8000,327.8000,11827.2400,22095.2400,22095.2400
2025-12-12,"MA_Crossover(36,44)",11535.6900,11465.7100,1.0000,1.0000,-361.5300,-361.5300,11465.7100,21733.7100,21733.7100
2025-12-15,"MA_Crossover(36,44)",11651.1100,11581.1300,1.0000,1.0000,115.4200,115.4200,11581.1300,21849.1300,21849.1300
2025-12-16,"MA_Crossover(36,44)",11604.5600,11513.6200,1.0000,1.0000,-67.5100,-67.5100,11513.6200,21781.6200,21781.6200
2025-12-17,"MA_Crossover(36,44)",11753.0600,11659.8400,1.0000,1.0000,146.2200,146.2200,11659.8400,21927.8400,21927.8400
2025-12-18,"MA_Crossover(36,44)",11790.6100,11700.1800,1.0000,1.0000,40.3400,40.3400,11700.1800,21968.1800,21968.1800
2025-12-19,"MA_Crossover(36,44)",11910.3600,11823.2500,1.0000,1.0000,123.0700,123.0700,11823.2500,22091.2500,22091.2500
2025-12-22,"MA_Crossover(36,44)",11956.5800,11869.4700,1.0000,1.0000,46.2200,46.2200,11869.4700,22137.4700,22137.4700
2025-12-23,"MA_Crossover(36,44)",12096.6400,12009.5300,1.0000,1.0000,140.0600,140.0600,12009.5300,22277.5300,22277.5300
2025-12-24,"MA_Crossover(36,44)",12204.3700,12117.2600,1.0000,1.0000,107.7300,107.7300,12117.2600,22385.2600,22385.2600
2025-12-29,"MA_Crossover(36,44)",12266.3500,12179.2400,1.0000,1.0000,61.9800,61.9800,12179.2400,22447.2400,22447.2400
2025-12-30,"MA_Crossover(36,44)",12607.0200,12519.9100,1.0000,1.0000,340.6700,340.6700,12519.9100,22787.9100,22787.9100
2025-12-31,"MA_Crossover(36,44)",12465.9900,12378.8800,1.0000,1.0000,-141.0300,-141.0300,12378.8800,22646.8800,22646.8800
