date,USD_Index_DXY
2005-01-03 00:00:00,81.3
2005-01-04 00:00:00,82.52
2005-01-05 00:00:00,82.54
2005-01-06 00:00:00,83.15
2005-01-07 00:00:00,83.6
2005-01-10 00:00:00,83.35
2005-01-11 00:00:00,83.07
2005-01-12 00:00:00,82.17
2005-01-13 00:00:00,82.51
2005-01-14 00:00:00,82.97
2005-01-17 00:00:00,83.24
2005-01-18 00:00:00,83.36
2005-01-19 00:00:00,83.6
2005-01-20 00:00:00,83.84
2005-01-21 00:00:00,83.26
2005-01-24 00:00:00,83.24
2005-01-25 00:00:00,83.99
2005-01-26 00:00:00,83.3
2005-01-27 00:00:00,83.43
2005-01-28 00:00:00,83.48
2005-01-31 00:00:00,83.57
2005-02-01 00:00:00,83.45
2005-02-02 00:00:00,83.54
2005-02-03 00:00:00,83.93
2005-02-04 00:00:00,84.39
2005-02-07 00:00:00,85.12
2005-02-08 00:00:00,85.1
2005-02-09 00:00:00,84.91
2005-02-10 00:00:00,84.54
2005-02-11 00:00:00,84.57
2005-02-14 00:00:00,83.96
2005-02-15 00:00:00,83.59
2005-02-16 00:00:00,83.67
2005-02-17 00:00:00,83.48
2005-02-18 00:00:00,83.49
2005-02-21 00:00:00,83.52
2005-02-22 00:00:00,82.41
2005-02-23 00:00:00,82.68
2005-02-24 00:00:00,82.9
2005-02-25 00:00:00,82.66
2005-02-28 00:00:00,82.51
2005-03-01 00:00:00,82.78
2005-03-02 00:00:00,83.08
2005-03-03 00:00:00,83.31
2005-03-04 00:00:00,82.52
2005-03-07 00:00:00,82.79
2005-03-08 00:00:00,81.98
2005-03-09 00:00:00,81.63
2005-03-10 00:00:00,81.59
2005-03-11 00:00:00,81.42
2005-03-14 00:00:00,81.97
2005-03-15 00:00:00,82.12
2005-03-16 00:00:00,81.59
2005-03-17 00:00:00,81.84
2005-03-18 00:00:00,82.05
2005-03-21 00:00:00,82.97
2005-03-22 00:00:00,83.36
2005-03-23 00:00:00,83.94
2005-03-24 00:00:00,84.13
2005-03-25 00:00:00,84.15
2005-03-28 00:00:00,84.51
2005-03-29 00:00:00,84.32
2005-03-30 00:00:00,84.29
2005-03-31 00:00:00,84.06
2005-04-01 00:00:00,84.43
2005-04-04 00:00:00,84.78
2005-04-05 00:00:00,84.66
2005-04-06 00:00:00,84.68
2005-04-07 00:00:00,84.87
2005-04-08 00:00:00,84.4
2005-04-11 00:00:00,84.22
2005-04-12 00:00:00,84.44
2005-04-13 00:00:00,84.4
2005-04-14 00:00:00,85.0
2005-04-15 00:00:00,84.56
2005-04-18 00:00:00,84.0
2005-04-19 00:00:00,83.76
2005-04-20 00:00:00,83.52
2005-04-21 00:00:00,83.7
2005-04-22 00:00:00,83.5
2005-04-25 00:00:00,83.82
2005-04-26 00:00:00,83.96
2005-04-27 00:00:00,84.12
2005-04-28 00:00:00,84.35
2005-04-29 00:00:00,84.43
2005-05-02 00:00:00,84.49
2005-05-03 00:00:00,84.51
2005-05-04 00:00:00,84.0
2005-05-05 00:00:00,83.94
2005-05-06 00:00:00,84.62
2005-05-09 00:00:00,84.64
2005-05-10 00:00:00,84.45
2005-05-11 00:00:00,84.89
2005-05-12 00:00:00,85.49
2005-05-13 00:00:00,86.1
2005-05-16 00:00:00,86.12
2005-05-17 00:00:00,86.21
2005-05-18 00:00:00,85.77
2005-05-19 00:00:00,86.09
2005-05-20 00:00:00,86.63
2005-05-23 00:00:00,86.4
2005-05-24 00:00:00,86.37
2005-05-25 00:00:00,86.35
2005-05-26 00:00:00,86.85
2005-05-27 00:00:00,86.42
2005-05-30 00:00:00,86.94
2005-05-31 00:00:00,87.76
2005-06-01 00:00:00,88.11
2005-06-02 00:00:00,87.75
2005-06-03 00:00:00,88.04
2005-06-06 00:00:00,87.6
2005-06-07 00:00:00,87.49
2005-06-08 00:00:00,87.88
2005-06-09 00:00:00,88.07
2005-06-10 00:00:00,88.69
2005-06-13 00:00:00,88.95
2005-06-14 00:00:00,89.3
2005-06-15 00:00:00,88.62
2005-06-16 00:00:00,88.64
2005-06-17 00:00:00,87.65
2005-06-20 00:00:00,88.49
2005-06-21 00:00:00,88.12
2005-06-22 00:00:00,88.56
2005-06-23 00:00:00,89.12
2005-06-24 00:00:00,88.78
2005-06-27 00:00:00,88.45
2005-06-28 00:00:00,88.99
2005-06-29 00:00:00,89.11
2005-06-30 00:00:00,89.09
2005-07-01 00:00:00,90.13
2005-07-04 00:00:00,90.46
2005-07-05 00:00:00,90.44
2005-07-06 00:00:00,90.38
2005-07-07 00:00:00,90.28
2005-07-08 00:00:00,90.25
2005-07-11 00:00:00,89.46
2005-07-12 00:00:00,88.35
2005-07-13 00:00:00,89.25
2005-07-14 00:00:00,89.48
2005-07-15 00:00:00,89.72
2005-07-18 00:00:00,89.64
2005-07-19 00:00:00,89.85
2005-07-20 00:00:00,89.34
2005-07-21 00:00:00,88.93
2005-07-22 00:00:00,89.64
2005-07-25 00:00:00,89.57
2005-07-26 00:00:00,90.0
2005-07-27 00:00:00,89.73
2005-07-28 00:00:00,89.34
2005-07-29 00:00:00,89.35
2005-08-01 00:00:00,88.89
2005-08-02 00:00:00,88.76
2005-08-03 00:00:00,87.99
2005-08-04 00:00:00,87.8
2005-08-05 00:00:00,88.06
2005-08-08 00:00:00,87.92
2005-08-09 00:00:00,87.89
2005-08-10 00:00:00,87.61
2005-08-11 00:00:00,87.1
2005-08-12 00:00:00,86.98
2005-08-15 00:00:00,87.32
2005-08-16 00:00:00,87.39
2005-08-17 00:00:00,88.0
2005-08-18 00:00:00,88.55
2005-08-19 00:00:00,88.6
2005-08-22 00:00:00,88.14
2005-08-23 00:00:00,88.08
2005-08-24 00:00:00,87.91
2005-08-25 00:00:00,87.64
2005-08-26 00:00:00,87.86
2005-08-29 00:00:00,88.25
2005-08-30 00:00:00,88.35
2005-08-31 00:00:00,87.58
2005-09-01 00:00:00,86.55
2005-09-02 00:00:00,86.3
2005-09-05 00:00:00,86.26
2005-09-06 00:00:00,86.57
2005-09-07 00:00:00,86.97
2005-09-08 00:00:00,87.04
2005-09-09 00:00:00,86.89
2005-09-12 00:00:00,87.68
2005-09-13 00:00:00,87.75
2005-09-14 00:00:00,87.67
2005-09-15 00:00:00,88.13
2005-09-16 00:00:00,88.06
2005-09-19 00:00:00,88.44
2005-09-20 00:00:00,88.6
2005-09-21 00:00:00,88.14
2005-09-22 00:00:00,88.56
2005-09-23 00:00:00,89.29
2005-09-26 00:00:00,89.11
2005-09-27 00:00:00,89.6
2005-09-28 00:00:00,89.47
2005-09-29 00:00:00,89.4
2005-09-30 00:00:00,89.52
2005-10-03 00:00:00,90.13
2005-10-04 00:00:00,90.1
2005-10-05 00:00:00,89.98
2005-10-06 00:00:00,88.66
2005-10-07 00:00:00,89.17
2005-10-10 00:00:00,89.46
2005-10-11 00:00:00,89.97
2005-10-12 00:00:00,89.63
2005-10-13 00:00:00,89.81
2005-10-14 00:00:00,89.46
2005-10-17 00:00:00,89.8
2005-10-18 00:00:00,90.29
2005-10-19 00:00:00,89.99
2005-10-20 00:00:00,89.78
2005-10-21 00:00:00,90.31
2005-10-24 00:00:00,90.11
2005-10-25 00:00:00,89.24
2005-10-26 00:00:00,89.49
2005-10-27 00:00:00,89.1
2005-10-28 00:00:00,89.59
2005-10-31 00:00:00,90.07
2005-11-01 00:00:00,90.08
2005-11-02 00:00:00,89.72
2005-11-03 00:00:00,90.44
2005-11-04 00:00:00,91.26
2005-11-07 00:00:00,91.29
2005-11-08 00:00:00,91.37
2005-11-09 00:00:00,91.5
2005-11-10 00:00:00,92.08
2005-11-11 00:00:00,91.98
2005-11-14 00:00:00,92.13
2005-11-15 00:00:00,92.09
2005-11-16 00:00:00,92.33
2005-11-17 00:00:00,91.88
2005-11-18 00:00:00,91.93
2005-11-21 00:00:00,92.03
2005-11-22 00:00:00,91.5
2005-11-23 00:00:00,91.37
2005-11-24 00:00:00,91.6
2005-11-25 00:00:00,92.04
2005-11-28 00:00:00,90.98
2005-11-29 00:00:00,91.62
2005-11-30 00:00:00,91.57
2005-12-01 00:00:00,91.82
2005-12-02 00:00:00,91.93
2005-12-05 00:00:00,91.48
2005-12-06 00:00:00,91.44
2005-12-07 00:00:00,91.89
2005-12-08 00:00:00,91.26
2005-12-09 00:00:00,91.25
2005-12-12 00:00:00,90.32
2005-12-13 00:00:00,90.38
2005-12-14 00:00:00,89.83
2005-12-15 00:00:00,90.02
2005-12-16 00:00:00,89.71
2005-12-19 00:00:00,89.87
2005-12-20 00:00:00,90.78
2005-12-21 00:00:00,90.94
2005-12-22 00:00:00,90.72
2005-12-23 00:00:00,90.78
2005-12-26 00:00:00,90.78
2005-12-27 00:00:00,91.19
2005-12-28 00:00:00,91.21
2005-12-29 00:00:00,91.1
2005-12-30 00:00:00,91.17
2006-01-02 00:00:00,91.17
2006-01-03 00:00:00,89.84
2006-01-04 00:00:00,89.14
2006-01-05 00:00:00,89.33
2006-01-06 00:00:00,88.91
2006-01-09 00:00:00,89.25
2006-01-10 00:00:00,89.33
2006-01-11 00:00:00,88.99
2006-01-12 00:00:00,89.44
2006-01-13 00:00:00,88.89
2006-01-16 00:00:00,89.12
2006-01-17 00:00:00,89.3
2006-01-18 00:00:00,89.25
2006-01-19 00:00:00,89.39
2006-01-20 00:00:00,88.97
2006-01-23 00:00:00,87.95
2006-01-24 00:00:00,88.06
2006-01-25 00:00:00,88.33
2006-01-26 00:00:00,88.62
2006-01-27 00:00:00,89.32
2006-01-30 00:00:00,89.42
2006-01-31 00:00:00,88.96
2006-02-01 00:00:00,89.51
2006-02-02 00:00:00,89.41
2006-02-03 00:00:00,89.89
2006-02-06 00:00:00,90.29
2006-02-07 00:00:00,90.24
2006-02-08 00:00:00,90.43
2006-02-09 00:00:00,90.29
2006-02-10 00:00:00,90.55
2006-02-13 00:00:00,90.54
2006-02-14 00:00:00,90.54
2006-02-15 00:00:00,90.72
2006-02-16 00:00:00,90.73
2006-02-17 00:00:00,90.64
2006-02-20 00:00:00,90.42
2006-02-21 00:00:00,90.55
2006-02-22 00:00:00,90.67
2006-02-23 00:00:00,90.39
2006-02-24 00:00:00,90.61
2006-02-27 00:00:00,90.63
2006-02-28 00:00:00,90.11
2006-03-01 00:00:00,90.22
2006-03-02 00:00:00,89.56
2006-03-03 00:00:00,89.66
2006-03-06 00:00:00,89.89
2006-03-07 00:00:00,90.77
2006-03-08 00:00:00,90.62
2006-03-09 00:00:00,90.75
2006-03-10 00:00:00,90.85
2006-03-13 00:00:00,90.54
2006-03-14 00:00:00,90.0
2006-03-15 00:00:00,89.7
2006-03-16 00:00:00,89.07
2006-03-17 00:00:00,88.92
2006-03-20 00:00:00,89.13
2006-03-21 00:00:00,89.62
2006-03-22 00:00:00,89.72
2006-03-23 00:00:00,90.46
2006-03-24 00:00:00,90.07
2006-03-27 00:00:00,90.07
2006-03-28 00:00:00,90.25
2006-03-29 00:00:00,90.21
2006-03-30 00:00:00,89.39
2006-03-31 00:00:00,89.73
2006-04-03 00:00:00,89.63
2006-04-04 00:00:00,88.83
2006-04-05 00:00:00,88.63
2006-04-06 00:00:00,88.96
2006-04-07 00:00:00,89.69
2006-04-10 00:00:00,89.65
2006-04-11 00:00:00,89.44
2006-04-12 00:00:00,89.62
2006-04-13 00:00:00,89.59
2006-04-14 00:00:00,89.59
2006-04-17 00:00:00,88.64
2006-04-18 00:00:00,88.24
2006-04-19 00:00:00,87.79
2006-04-20 00:00:00,88.25
2006-04-21 00:00:00,88.05
2006-04-24 00:00:00,87.45
2006-04-25 00:00:00,87.32
2006-04-26 00:00:00,87.22
2006-04-27 00:00:00,86.63
2006-04-28 00:00:00,86.11
2006-05-01 00:00:00,85.97
2006-05-02 00:00:00,85.79
2006-05-03 00:00:00,85.84
2006-05-04 00:00:00,85.36
2006-05-05 00:00:00,85.14
2006-05-08 00:00:00,85.23
2006-05-09 00:00:00,84.83
2006-05-10 00:00:00,84.5
2006-05-11 00:00:00,84.27
2006-05-12 00:00:00,83.91
2006-05-15 00:00:00,84.54
2006-05-16 00:00:00,84.17
2006-05-17 00:00:00,84.85
2006-05-18 00:00:00,84.51
2006-05-19 00:00:00,84.88
2006-05-22 00:00:00,84.35
2006-05-23 00:00:00,84.35
2006-05-24 00:00:00,84.95
2006-05-25 00:00:00,84.71
2006-05-26 00:00:00,85.16
2006-05-29 00:00:00,85.05
2006-05-30 00:00:00,84.28
2006-05-31 00:00:00,84.72
2006-06-01 00:00:00,84.79
2006-06-02 00:00:00,84.04
2006-06-05 00:00:00,84.14
2006-06-06 00:00:00,84.73
2006-06-07 00:00:00,84.99
2006-06-08 00:00:00,85.84
2006-06-09 00:00:00,85.72
2006-06-12 00:00:00,85.85
2006-06-13 00:00:00,86.48
2006-06-14 00:00:00,86.14
2006-06-15 00:00:00,86.02
2006-06-16 00:00:00,85.94
2006-06-19 00:00:00,86.32
2006-06-20 00:00:00,86.18
2006-06-21 00:00:00,85.78
2006-06-22 00:00:00,86.39
2006-06-23 00:00:00,86.88
2006-06-26 00:00:00,86.49
2006-06-27 00:00:00,86.47
2006-06-28 00:00:00,86.63
2006-06-29 00:00:00,85.92
2006-06-30 00:00:00,85.16
2006-07-03 00:00:00,85.19
2006-07-04 00:00:00,85.15
2006-07-05 00:00:00,85.6
2006-07-06 00:00:00,85.35
2006-07-07 00:00:00,85.01
2006-07-10 00:00:00,85.5
2006-07-11 00:00:00,85.36
2006-07-12 00:00:00,85.91
2006-07-13 00:00:00,85.84
2006-07-14 00:00:00,86.1
2006-07-17 00:00:00,87.02
2006-07-18 00:00:00,87.01
2006-07-19 00:00:00,86.52
2006-07-20 00:00:00,86.22
2006-07-21 00:00:00,85.93
2006-07-24 00:00:00,86.34
2006-07-25 00:00:00,86.64
2006-07-26 00:00:00,85.86
2006-07-27 00:00:00,85.84
2006-07-28 00:00:00,85.38
2006-07-31 00:00:00,85.3
2006-08-01 00:00:00,85.01
2006-08-02 00:00:00,85.18
2006-08-03 00:00:00,85.04
2006-08-04 00:00:00,84.58
2006-08-07 00:00:00,84.74
2006-08-08 00:00:00,84.83
2006-08-09 00:00:00,84.71
2006-08-10 00:00:00,85.12
2006-08-11 00:00:00,85.49
2006-08-14 00:00:00,85.67
2006-08-15 00:00:00,85.22
2006-08-16 00:00:00,84.88
2006-08-17 00:00:00,85.04
2006-08-18 00:00:00,85.09
2006-08-21 00:00:00,84.63
2006-08-22 00:00:00,85.17
2006-08-23 00:00:00,85.13
2006-08-24 00:00:00,85.28
2006-08-25 00:00:00,85.38
2006-08-28 00:00:00,85.26
2006-08-29 00:00:00,84.96
2006-08-30 00:00:00,84.97
2006-08-31 00:00:00,85.05
2006-09-01 00:00:00,84.92
2006-09-04 00:00:00,84.68
2006-09-05 00:00:00,85.0
2006-09-06 00:00:00,85.1
2006-09-07 00:00:00,85.53
2006-09-08 00:00:00,85.95
2006-09-11 00:00:00,85.92
2006-09-12 00:00:00,85.92
2006-09-13 00:00:00,85.86
2006-09-14 00:00:00,85.66
2006-09-15 00:00:00,85.98
2006-09-18 00:00:00,85.81
2006-09-19 00:00:00,85.94
2006-09-20 00:00:00,85.81
2006-09-21 00:00:00,85.2
2006-09-22 00:00:00,85.16
2006-09-25 00:00:00,85.38
2006-09-26 00:00:00,85.63
2006-09-27 00:00:00,85.69
2006-09-28 00:00:00,85.77
2006-09-29 00:00:00,86.03
2006-10-02 00:00:00,85.6
2006-10-03 00:00:00,85.71
2006-10-04 00:00:00,85.84
2006-10-05 00:00:00,85.92
2006-10-06 00:00:00,86.5
2006-10-09 00:00:00,86.55
2006-10-10 00:00:00,87.02
2006-10-11 00:00:00,87.12
2006-10-12 00:00:00,86.92
2006-10-13 00:00:00,87.12
2006-10-16 00:00:00,87.0
2006-10-17 00:00:00,86.87
2006-10-18 00:00:00,86.88
2006-10-19 00:00:00,86.24
2006-10-20 00:00:00,86.27
2006-10-23 00:00:00,86.71
2006-10-24 00:00:00,86.7
2006-10-25 00:00:00,86.38
2006-10-26 00:00:00,85.89
2006-10-27 00:00:00,85.56
2006-10-30 00:00:00,85.59
2006-10-31 00:00:00,85.32
2006-11-01 00:00:00,85.42
2006-11-02 00:00:00,85.34
2006-11-03 00:00:00,85.71
2006-11-06 00:00:00,85.75
2006-11-07 00:00:00,85.43
2006-11-08 00:00:00,85.41
2006-11-09 00:00:00,85.18
2006-11-10 00:00:00,85.07
2006-11-13 00:00:00,85.37
2006-11-14 00:00:00,85.3
2006-11-15 00:00:00,85.33
2006-11-16 00:00:00,85.49
2006-11-17 00:00:00,85.31
2006-11-20 00:00:00,85.42
2006-11-21 00:00:00,85.24
2006-11-22 00:00:00,84.53
2006-11-23 00:00:00,84.46
2006-11-24 00:00:00,83.66
2006-11-27 00:00:00,83.5
2006-11-28 00:00:00,83.13
2006-11-29 00:00:00,83.49
2006-11-30 00:00:00,82.95
2006-12-01 00:00:00,82.48
2006-12-04 00:00:00,82.43
2006-12-05 00:00:00,82.51
2006-12-06 00:00:00,82.74
2006-12-07 00:00:00,82.76
2006-12-08 00:00:00,83.29
2006-12-11 00:00:00,83.18
2006-12-12 00:00:00,82.94
2006-12-13 00:00:00,83.32
2006-12-14 00:00:00,83.7
2006-12-15 00:00:00,84.04
2006-12-18 00:00:00,84.0
2006-12-19 00:00:00,83.45
2006-12-20 00:00:00,83.55
2006-12-21 00:00:00,83.59
2006-12-22 00:00:00,83.81
2006-12-25 00:00:00,83.81
2006-12-26 00:00:00,84.06
2006-12-27 00:00:00,83.97
2006-12-28 00:00:00,83.82
2006-12-29 00:00:00,83.65
2007-01-01 00:00:00,83.65
2007-01-02 00:00:00,83.27
2007-01-03 00:00:00,83.92
2007-01-04 00:00:00,84.34
2007-01-05 00:00:00,84.64
2007-01-08 00:00:00,84.57
2007-01-09 00:00:00,84.75
2007-01-10 00:00:00,85.07
2007-01-11 00:00:00,85.28
2007-01-12 00:00:00,85.02
2007-01-15 00:00:00,84.94
2007-01-16 00:00:00,85.06
2007-01-17 00:00:00,84.94
2007-01-18 00:00:00,84.91
2007-01-19 00:00:00,84.86
2007-01-22 00:00:00,85.04
2007-01-23 00:00:00,84.67
2007-01-24 00:00:00,84.93
2007-01-25 00:00:00,85.11
2007-01-26 00:00:00,85.23
2007-01-29 00:00:00,85.09
2007-01-30 00:00:00,84.99
2007-01-31 00:00:00,84.6
2007-02-01 00:00:00,84.64
2007-02-02 00:00:00,84.96
2007-02-05 00:00:00,85.08
2007-02-06 00:00:00,84.77
2007-02-07 00:00:00,84.71
2007-02-08 00:00:00,84.69
2007-02-09 00:00:00,84.88
2007-02-12 00:00:00,85.12
2007-02-13 00:00:00,84.69
2007-02-14 00:00:00,84.18
2007-02-15 00:00:00,84.05
2007-02-16 00:00:00,84.06
2007-02-19 00:00:00,84.02
2007-02-20 00:00:00,84.18
2007-02-21 00:00:00,84.22
2007-02-22 00:00:00,84.34
2007-02-23 00:00:00,84.05
2007-02-26 00:00:00,83.93
2007-02-27 00:00:00,83.46
2007-02-28 00:00:00,83.57
2007-03-01 00:00:00,83.77
2007-03-02 00:00:00,83.74
2007-03-05 00:00:00,84.17
2007-03-06 00:00:00,84.04
2007-03-07 00:00:00,83.78
2007-03-08 00:00:00,84.13
2007-03-09 00:00:00,84.25
2007-03-12 00:00:00,83.88
2007-03-13 00:00:00,83.71
2007-03-14 00:00:00,83.64
2007-03-15 00:00:00,83.65
2007-03-16 00:00:00,83.19
2007-03-19 00:00:00,83.35
2007-03-20 00:00:00,83.07
2007-03-21 00:00:00,82.77
2007-03-22 00:00:00,83.09
2007-03-23 00:00:00,83.28
2007-03-26 00:00:00,83.08
2007-03-27 00:00:00,83.01
2007-03-28 00:00:00,83.03
2007-03-29 00:00:00,83.09
2007-03-30 00:00:00,82.93
2007-04-02 00:00:00,82.87
2007-04-03 00:00:00,83.15
2007-04-04 00:00:00,82.96
2007-04-05 00:00:00,82.677
2007-04-06 00:00:00,82.992
2007-04-09 00:00:00,83.098
2007-04-10 00:00:00,82.704
2007-04-11 00:00:00,82.671
2007-04-12 00:00:00,82.369
2007-04-13 00:00:00,82.129
2007-04-16 00:00:00,82.073
2007-04-17 00:00:00,81.831
2007-04-18 00:00:00,81.743
2007-04-19 00:00:00,81.644
2007-04-20 00:00:00,81.643
2007-04-23 00:00:00,81.738
2007-04-24 00:00:00,81.546
2007-04-25 00:00:00,81.428
2007-04-26 00:00:00,81.75
2007-04-27 00:00:00,81.529
2007-04-30 00:00:00,81.447
2007-05-01 00:00:00,81.595
2007-05-02 00:00:00,81.767
2007-05-03 00:00:00,81.949
2007-05-04 00:00:00,81.741
2007-05-07 00:00:00,81.676
2007-05-08 00:00:00,81.939
2007-05-09 00:00:00,82.016
2007-05-10 00:00:00,82.292
2007-05-11 00:00:00,82.116
2007-05-14 00:00:00,82.066
2007-05-15 00:00:00,81.755
2007-05-16 00:00:00,82.163
2007-05-17 00:00:00,82.318
2007-05-18 00:00:00,82.197
2007-05-21 00:00:00,82.364
2007-05-22 00:00:00,82.386
2007-05-23 00:00:00,82.31
2007-05-24 00:00:00,82.406
2007-05-25 00:00:00,82.331
2007-05-28 00:00:00,82.332
2007-05-29 00:00:00,82.31
2007-05-30 00:00:00,82.433
2007-05-31 00:00:00,82.301
2007-06-01 00:00:00,82.322
2007-06-04 00:00:00,82.058
2007-06-05 00:00:00,81.89
2007-06-06 00:00:00,81.897
2007-06-07 00:00:00,82.294
2007-06-08 00:00:00,82.691
2007-06-11 00:00:00,82.712
2007-06-12 00:00:00,82.891
2007-06-13 00:00:00,83.035
2007-06-14 00:00:00,83.128
2007-06-15 00:00:00,82.851
2007-06-18 00:00:00,82.715
2007-06-19 00:00:00,82.544
2007-06-20 00:00:00,82.518
2007-06-21 00:00:00,82.731
2007-06-22 00:00:00,82.336
2007-06-25 00:00:00,82.325
2007-06-26 00:00:00,82.295
2007-06-27 00:00:00,82.316
2007-06-28 00:00:00,82.333
2007-06-29 00:00:00,81.92
2007-07-02 00:00:00,81.395
2007-07-03 00:00:00,81.486
2007-07-04 00:00:00,81.433
2007-07-05 00:00:00,81.538
2007-07-06 00:00:00,81.465
2007-07-09 00:00:00,81.433
2007-07-10 00:00:00,80.86
2007-07-11 00:00:00,80.73
2007-07-12 00:00:00,80.635
2007-07-13 00:00:00,80.576
2007-07-16 00:00:00,80.522
2007-07-17 00:00:00,80.54
2007-07-18 00:00:00,80.424
2007-07-19 00:00:00,80.419
2007-07-20 00:00:00,80.288
2007-07-23 00:00:00,80.354
2007-07-24 00:00:00,80.077
2007-07-25 00:00:00,80.652
2007-07-26 00:00:00,80.453
2007-07-27 00:00:00,80.946
2007-07-30 00:00:00,80.849
2007-07-31 00:00:00,80.77
2007-08-01 00:00:00,80.872
2007-08-02 00:00:00,80.713
2007-08-03 00:00:00,80.177
2007-08-06 00:00:00,80.255
2007-08-07 00:00:00,80.479
2007-08-08 00:00:00,80.343
2007-08-09 00:00:00,80.744
2007-08-10 00:00:00,80.679
2007-08-13 00:00:00,81.048
2007-08-14 00:00:00,81.489
2007-08-15 00:00:00,81.822
2007-08-16 00:00:00,81.729
2007-08-17 00:00:00,81.426
2007-08-20 00:00:00,81.4
2007-08-21 00:00:00,81.492
2007-08-22 00:00:00,81.249
2007-08-23 00:00:00,81.145
2007-08-24 00:00:00,80.667
2007-08-27 00:00:00,80.739
2007-08-28 00:00:00,80.756
2007-08-29 00:00:00,80.7
2007-08-30 00:00:00,80.794
2007-08-31 00:00:00,80.791
2007-09-03 00:00:00,80.814
2007-09-04 00:00:00,80.88
2007-09-05 00:00:00,80.622
2007-09-06 00:00:00,80.472
2007-09-07 00:00:00,79.959
2007-09-10 00:00:00,79.816
2007-09-11 00:00:00,79.704
2007-09-12 00:00:00,79.365
2007-09-13 00:00:00,79.513
2007-09-14 00:00:00,79.617
2007-09-17 00:00:00,79.72
2007-09-18 00:00:00,79.209
2007-09-19 00:00:00,79.3
2007-09-20 00:00:00,78.582
2007-09-21 00:00:00,78.597
2007-09-24 00:00:00,78.527
2007-09-25 00:00:00,78.313
2007-09-26 00:00:00,78.493
2007-09-27 00:00:00,78.338
2007-09-28 00:00:00,77.719
2007-10-01 00:00:00,77.904
2007-10-02 00:00:00,78.303
2007-10-03 00:00:00,78.573
2007-10-04 00:00:00,78.481
2007-10-05 00:00:00,78.308
2007-10-08 00:00:00,78.672
2007-10-09 00:00:00,78.526
2007-10-10 00:00:00,78.375
2007-10-11 00:00:00,78.078
2007-10-12 00:00:00,78.224
2007-10-15 00:00:00,78.088
2007-10-16 00:00:00,78.251
2007-10-17 00:00:00,78.12
2007-10-18 00:00:00,77.59
2007-10-19 00:00:00,77.407
2007-10-22 00:00:00,78.06
2007-10-23 00:00:00,77.589
2007-10-24 00:00:00,77.546
2007-10-25 00:00:00,77.278
2007-10-26 00:00:00,77.027
2007-10-29 00:00:00,76.837
2007-10-30 00:00:00,76.773
2007-10-31 00:00:00,76.479
2007-11-01 00:00:00,76.594
2007-11-02 00:00:00,76.337
2007-11-05 00:00:00,76.425
2007-11-06 00:00:00,76.04
2007-11-07 00:00:00,75.412
2007-11-08 00:00:00,75.456
2007-11-09 00:00:00,75.4
2007-11-12 00:00:00,75.902
2007-11-13 00:00:00,75.881
2007-11-14 00:00:00,75.814
2007-11-15 00:00:00,76.069
2007-11-16 00:00:00,75.827
2007-11-19 00:00:00,75.78
2007-11-20 00:00:00,75.205
2007-11-21 00:00:00,75.073
2007-11-22 00:00:00,75.051
2007-11-23 00:00:00,75.053
2007-11-26 00:00:00,74.859
2007-11-27 00:00:00,75.096
2007-11-28 00:00:00,75.076
2007-11-29 00:00:00,75.588
2007-11-30 00:00:00,76.147
2007-12-03 00:00:00,75.935
2007-12-04 00:00:00,75.694
2007-12-05 00:00:00,76.413
2007-12-06 00:00:00,76.383
2007-12-07 00:00:00,76.288
2007-12-10 00:00:00,76.062
2007-12-11 00:00:00,76.222
2007-12-12 00:00:00,76.144
2007-12-13 00:00:00,76.562
2007-12-14 00:00:00,77.436
2007-12-17 00:00:00,77.401
2007-12-18 00:00:00,77.412
2007-12-19 00:00:00,77.587
2007-12-20 00:00:00,77.794
2007-12-21 00:00:00,77.721
2007-12-24 00:00:00,77.572
2007-12-25 00:00:00,77.597
2007-12-26 00:00:00,77.15
2007-12-27 00:00:00,76.607
2007-12-28 00:00:00,76.218
2007-12-31 00:00:00,76.695
2008-01-01 00:00:00,76.648
2008-01-02 00:00:00,75.972
2008-01-03 00:00:00,75.889
2008-01-04 00:00:00,75.793
2008-01-07 00:00:00,76.174
2008-01-08 00:00:00,76.111
2008-01-09 00:00:00,76.419
2008-01-10 00:00:00,75.934
2008-01-11 00:00:00,75.978
2008-01-14 00:00:00,75.613
2008-01-15 00:00:00,75.574
2008-01-16 00:00:00,76.258
2008-01-17 00:00:00,76.174
2008-01-18 00:00:00,76.383
2008-01-21 00:00:00,76.866
2008-01-22 00:00:00,76.346
2008-01-23 00:00:00,76.401
2008-01-24 00:00:00,75.692
2008-01-25 00:00:00,75.973
2008-01-28 00:00:00,75.579
2008-01-29 00:00:00,75.545
2008-01-30 00:00:00,75.032
2008-01-31 00:00:00,75.178
2008-02-01 00:00:00,75.445
2008-02-04 00:00:00,75.37
2008-02-05 00:00:00,76.116
2008-02-06 00:00:00,76.141
2008-02-07 00:00:00,76.938
2008-02-08 00:00:00,76.67
2008-02-11 00:00:00,76.584
2008-02-12 00:00:00,76.315
2008-02-13 00:00:00,76.399
2008-02-14 00:00:00,76.155
2008-02-15 00:00:00,76.101
2008-02-18 00:00:00,76.257
2008-02-19 00:00:00,75.998
2008-02-20 00:00:00,76.116
2008-02-21 00:00:00,75.601
2008-02-22 00:00:00,75.52
2008-02-25 00:00:00,75.529
2008-02-26 00:00:00,74.763
2008-02-27 00:00:00,74.213
2008-02-28 00:00:00,73.721
2008-02-29 00:00:00,73.714
2008-03-03 00:00:00,73.704
2008-03-04 00:00:00,73.664
2008-03-05 00:00:00,73.479
2008-03-06 00:00:00,73.001
2008-03-07 00:00:00,73.027
2008-03-10 00:00:00,72.993
2008-03-11 00:00:00,73.277
2008-03-12 00:00:00,72.404
2008-03-13 00:00:00,72.072
2008-03-14 00:00:00,71.657
2008-03-17 00:00:00,71.459
2008-03-18 00:00:00,71.571
2008-03-19 00:00:00,72.144
2008-03-20 00:00:00,72.747
2008-03-21 00:00:00,72.709
2008-03-24 00:00:00,72.949
2008-03-25 00:00:00,72.276
2008-03-26 00:00:00,71.506
2008-03-27 00:00:00,71.66
2008-03-28 00:00:00,71.678
2008-03-31 00:00:00,71.802
2008-04-01 00:00:00,72.563
2008-04-02 00:00:00,72.259
2008-04-03 00:00:00,72.217
2008-04-04 00:00:00,72.021
2008-04-07 00:00:00,72.202
2008-04-08 00:00:00,72.232
2008-04-09 00:00:00,71.833
2008-04-10 00:00:00,72.117
2008-04-11 00:00:00,71.808
2008-04-14 00:00:00,71.875
2008-04-15 00:00:00,72.023
2008-04-16 00:00:00,71.408
2008-04-17 00:00:00,71.68
2008-04-18 00:00:00,72.012
2008-04-21 00:00:00,71.647
2008-04-22 00:00:00,71.329
2008-04-23 00:00:00,71.819
2008-04-24 00:00:00,72.535
2008-04-25 00:00:00,72.79
2008-04-28 00:00:00,72.504
2008-04-29 00:00:00,72.895
2008-04-30 00:00:00,72.509
2008-05-01 00:00:00,73.275
2008-05-02 00:00:00,73.5
2008-05-05 00:00:00,73.19
2008-05-06 00:00:00,72.999
2008-05-07 00:00:00,73.514
2008-05-08 00:00:00,73.477
2008-05-09 00:00:00,73.05
2008-05-12 00:00:00,72.947
2008-05-13 00:00:00,73.273
2008-05-14 00:00:00,73.399
2008-05-15 00:00:00,73.35
2008-05-16 00:00:00,72.844
2008-05-19 00:00:00,73.045
2008-05-20 00:00:00,72.405
2008-05-21 00:00:00,71.938
2008-05-22 00:00:00,71.899
2008-05-23 00:00:00,71.888
2008-05-26 00:00:00,71.99
2008-05-27 00:00:00,72.338
2008-05-28 00:00:00,72.547
2008-05-29 00:00:00,73.023
2008-05-30 00:00:00,72.879
2008-06-02 00:00:00,72.929
2008-06-03 00:00:00,73.24
2008-06-04 00:00:00,73.424
2008-06-05 00:00:00,73.038
2008-06-06 00:00:00,72.39
2008-06-09 00:00:00,72.854
2008-06-10 00:00:00,73.696
2008-06-11 00:00:00,73.209
2008-06-12 00:00:00,73.859
2008-06-13 00:00:00,74.146
2008-06-16 00:00:00,73.61
2008-06-17 00:00:00,73.514
2008-06-18 00:00:00,73.44
2008-06-19 00:00:00,73.483
2008-06-20 00:00:00,73.03
2008-06-23 00:00:00,73.434
2008-06-24 00:00:00,73.241
2008-06-25 00:00:00,72.933
2008-06-26 00:00:00,72.487
2008-06-27 00:00:00,72.36
2008-06-30 00:00:00,72.463
2008-07-01 00:00:00,72.369
2008-07-02 00:00:00,72.029
2008-07-03 00:00:00,72.742
2008-07-04 00:00:00,72.731
2008-07-07 00:00:00,72.67
2008-07-08 00:00:00,73.012
2008-07-09 00:00:00,72.58
2008-07-10 00:00:00,72.493
2008-07-11 00:00:00,72.096
2008-07-14 00:00:00,71.915
2008-07-15 00:00:00,71.872
2008-07-16 00:00:00,72.064
2008-07-17 00:00:00,72.242
2008-07-18 00:00:00,72.189
2008-07-21 00:00:00,71.99
2008-07-22 00:00:00,72.446
2008-07-23 00:00:00,72.811
2008-07-24 00:00:00,72.933
2008-07-25 00:00:00,72.86
2008-07-28 00:00:00,72.649
2008-07-29 00:00:00,73.309
2008-07-30 00:00:00,73.322
2008-07-31 00:00:00,73.227
2008-08-01 00:00:00,73.424
2008-08-04 00:00:00,73.462
2008-08-05 00:00:00,73.881
2008-08-06 00:00:00,74.244
2008-08-07 00:00:00,74.547
2008-08-08 00:00:00,75.845
2008-08-11 00:00:00,76.125
2008-08-12 00:00:00,76.152
2008-08-13 00:00:00,76.208
2008-08-14 00:00:00,76.669
2008-08-15 00:00:00,77.18
2008-08-18 00:00:00,77.117
2008-08-19 00:00:00,76.839
2008-08-20 00:00:00,76.958
2008-08-21 00:00:00,76.196
2008-08-22 00:00:00,76.805
2008-08-25 00:00:00,76.793
2008-08-26 00:00:00,77.251
2008-08-27 00:00:00,77.051
2008-08-28 00:00:00,77.151
2008-08-29 00:00:00,77.381
2008-09-01 00:00:00,77.644
2008-09-02 00:00:00,78.061
2008-09-03 00:00:00,78.087
2008-09-04 00:00:00,78.61
2008-09-05 00:00:00,78.932
2008-09-08 00:00:00,79.589
2008-09-09 00:00:00,79.247
2008-09-10 00:00:00,79.845
2008-09-11 00:00:00,80.146
2008-09-12 00:00:00,78.966
2008-09-15 00:00:00,78.909
2008-09-16 00:00:00,79.068
2008-09-17 00:00:00,78.095
2008-09-18 00:00:00,78.019
2008-09-19 00:00:00,77.68
2008-09-22 00:00:00,76.151
2008-09-23 00:00:00,76.468
2008-09-24 00:00:00,76.788
2008-09-25 00:00:00,76.994
2008-09-26 00:00:00,76.953
2008-09-29 00:00:00,77.471
2008-09-30 00:00:00,79.448
2008-10-01 00:00:00,79.463
2008-10-02 00:00:00,80.439
2008-10-03 00:00:00,80.313
2008-10-06 00:00:00,81.675
2008-10-07 00:00:00,80.973
2008-10-08 00:00:00,80.913
2008-10-09 00:00:00,81.163
2008-10-10 00:00:00,82.997
2008-10-13 00:00:00,81.876
2008-10-14 00:00:00,81.363
2008-10-15 00:00:00,82.05
2008-10-16 00:00:00,82.455
2008-10-17 00:00:00,82.413
2008-10-20 00:00:00,83.1
2008-10-21 00:00:00,83.99
2008-10-22 00:00:00,85.37
2008-10-23 00:00:00,85.36
2008-10-24 00:00:00,86.44
2008-10-27 00:00:00,86.934
2008-10-28 00:00:00,87.028
2008-10-29 00:00:00,85.071
2008-10-30 00:00:00,84.556
2008-10-31 00:00:00,85.633
2008-11-03 00:00:00,86.354
2008-11-04 00:00:00,84.784
2008-11-05 00:00:00,84.606
2008-11-06 00:00:00,85.893
2008-11-07 00:00:00,85.907
2008-11-10 00:00:00,85.912
2008-11-11 00:00:00,87.075
2008-11-12 00:00:00,87.47
2008-11-13 00:00:00,86.938
2008-11-14 00:00:00,86.365
2008-11-17 00:00:00,86.807
2008-11-18 00:00:00,87.372
2008-11-19 00:00:00,87.312
2008-11-20 00:00:00,87.969
2008-11-21 00:00:00,88.191
2008-11-24 00:00:00,86.081
2008-11-25 00:00:00,85.0
2008-11-26 00:00:00,85.667
2008-11-27 00:00:00,85.567
2008-11-28 00:00:00,86.517
2008-12-01 00:00:00,86.724
2008-12-02 00:00:00,86.702
2008-12-03 00:00:00,87.03
2008-12-04 00:00:00,86.444
2008-12-05 00:00:00,87.121
2008-12-08 00:00:00,85.56
2008-12-09 00:00:00,85.837
2008-12-10 00:00:00,85.484
2008-12-11 00:00:00,83.834
2008-12-12 00:00:00,83.644
2008-12-15 00:00:00,82.27
2008-12-16 00:00:00,80.683
2008-12-17 00:00:00,78.908
2008-12-18 00:00:00,79.467
2008-12-19 00:00:00,81.298
2008-12-22 00:00:00,81.093
2008-12-23 00:00:00,81.241
2008-12-24 00:00:00,81.214
2008-12-25 00:00:00,81.214
2008-12-26 00:00:00,80.892
2008-12-29 00:00:00,80.685
2008-12-30 00:00:00,80.899
2008-12-31 00:00:00,81.308
2009-01-01 00:00:00,81.308
2009-01-02 00:00:00,81.839
2009-01-05 00:00:00,82.637
2009-01-06 00:00:00,82.85
2009-01-07 00:00:00,82.275
2009-01-08 00:00:00,81.536
2009-01-09 00:00:00,82.663
2009-01-12 00:00:00,83.019
2009-01-13 00:00:00,84.265
2009-01-14 00:00:00,84.419
2009-01-15 00:00:00,84.44
2009-01-16 00:00:00,84.212
2009-01-19 00:00:00,84.722
2009-01-20 00:00:00,86.216
2009-01-21 00:00:00,85.817
2009-01-22 00:00:00,85.52
2009-01-23 00:00:00,85.608
2009-01-26 00:00:00,84.727
2009-01-27 00:00:00,84.426
2009-01-28 00:00:00,84.672
2009-01-29 00:00:00,85.277
2009-01-30 00:00:00,85.999
2009-02-02 00:00:00,86.073
2009-02-03 00:00:00,85.05
2009-02-04 00:00:00,85.702
2009-02-05 00:00:00,86.057
2009-02-06 00:00:00,85.346
2009-02-09 00:00:00,84.792
2009-02-10 00:00:00,85.807
2009-02-11 00:00:00,85.776
2009-02-12 00:00:00,86.547
2009-02-13 00:00:00,86.041
2009-02-16 00:00:00,86.66
2009-02-17 00:00:00,87.581
2009-02-18 00:00:00,88.007
2009-02-19 00:00:00,87.439
2009-02-20 00:00:00,86.488
2009-02-23 00:00:00,87.24
2009-02-24 00:00:00,86.895
2009-02-25 00:00:00,87.906
2009-02-26 00:00:00,87.727
2009-02-27 00:00:00,88.008
2009-03-02 00:00:00,88.94
2009-03-03 00:00:00,88.91
2009-03-04 00:00:00,88.577
2009-03-05 00:00:00,89.105
2009-03-06 00:00:00,88.512
2009-03-09 00:00:00,89.009
2009-03-10 00:00:00,88.927
2009-03-11 00:00:00,87.868
2009-03-12 00:00:00,87.66
2009-03-13 00:00:00,87.428
2009-03-16 00:00:00,86.946
2009-03-17 00:00:00,86.933
2009-03-18 00:00:00,84.595
2009-03-19 00:00:00,83.129
2009-03-20 00:00:00,83.841
2009-03-23 00:00:00,83.426
2009-03-24 00:00:00,83.858
2009-03-25 00:00:00,83.808
2009-03-26 00:00:00,84.165
2009-03-27 00:00:00,85.111
2009-03-30 00:00:00,85.869
2009-03-31 00:00:00,85.43
2009-04-01 00:00:00,85.503
2009-04-02 00:00:00,84.446
2009-04-03 00:00:00,84.165
2009-04-06 00:00:00,84.571
2009-04-07 00:00:00,85.288
2009-04-08 00:00:00,85.361
2009-04-09 00:00:00,85.786
2009-04-10 00:00:00,85.786
2009-04-13 00:00:00,84.635
2009-04-14 00:00:00,84.642
2009-04-15 00:00:00,85.081
2009-04-16 00:00:00,85.227
2009-04-17 00:00:00,85.981
2009-04-20 00:00:00,86.637
2009-04-21 00:00:00,86.579
2009-04-22 00:00:00,86.191
2009-04-23 00:00:00,85.517
2009-04-24 00:00:00,84.714
2009-04-27 00:00:00,85.696
2009-04-28 00:00:00,85.158
2009-04-29 00:00:00,84.474
2009-04-30 00:00:00,84.614
2009-05-01 00:00:00,84.546
2009-05-04 00:00:00,83.97
2009-05-05 00:00:00,84.157
2009-05-06 00:00:00,83.803
2009-05-07 00:00:00,83.941
2009-05-08 00:00:00,82.529
2009-05-11 00:00:00,82.678
2009-05-12 00:00:00,82.306
2009-05-13 00:00:00,82.499
2009-05-14 00:00:00,82.279
2009-05-15 00:00:00,83.024
2009-05-18 00:00:00,82.667
2009-05-19 00:00:00,81.978
2009-05-20 00:00:00,80.985
2009-05-21 00:00:00,80.558
2009-05-22 00:00:00,79.958
2009-05-25 00:00:00,80.024
2009-05-26 00:00:00,80.131
2009-05-27 00:00:00,80.332
2009-05-28 00:00:00,80.433
2009-05-29 00:00:00,79.348
2009-06-01 00:00:00,79.171
2009-06-02 00:00:00,78.404
2009-06-03 00:00:00,79.5
2009-06-04 00:00:00,79.414
2009-06-05 00:00:00,80.67
2009-06-08 00:00:00,80.909
2009-06-09 00:00:00,79.787
2009-06-10 00:00:00,80.329
2009-06-11 00:00:00,79.41
2009-06-12 00:00:00,80.142
2009-06-15 00:00:00,81.14
2009-06-16 00:00:00,80.709
2009-06-17 00:00:00,80.169
2009-06-18 00:00:00,80.609
2009-06-19 00:00:00,80.264
2009-06-22 00:00:00,80.783
2009-06-23 00:00:00,79.841
2009-06-24 00:00:00,80.556
2009-06-25 00:00:00,80.403
2009-06-26 00:00:00,79.878
2009-06-29 00:00:00,79.835
2009-06-30 00:00:00,80.133
2009-07-01 00:00:00,79.634
2009-07-02 00:00:00,80.151
2009-07-03 00:00:00,80.382
2009-07-06 00:00:00,80.454
2009-07-07 00:00:00,80.621
2009-07-08 00:00:00,80.766
2009-07-09 00:00:00,79.864
2009-07-10 00:00:00,80.233
2009-07-13 00:00:00,80.126
2009-07-14 00:00:00,80.184
2009-07-15 00:00:00,79.316
2009-07-16 00:00:00,79.216
2009-07-17 00:00:00,79.347
2009-07-20 00:00:00,78.907
2009-07-21 00:00:00,78.927
2009-07-22 00:00:00,78.706
2009-07-23 00:00:00,78.803
2009-07-24 00:00:00,78.749
2009-07-27 00:00:00,78.626
2009-07-28 00:00:00,78.85
2009-07-29 00:00:00,79.63
2009-07-30 00:00:00,79.285
2009-07-31 00:00:00,78.347
2009-08-03 00:00:00,77.639
2009-08-04 00:00:00,77.765
2009-08-05 00:00:00,77.517
2009-08-06 00:00:00,78.065
2009-08-07 00:00:00,78.975
2009-08-10 00:00:00,79.256
2009-08-11 00:00:00,79.176
2009-08-12 00:00:00,78.79
2009-08-13 00:00:00,78.489
2009-08-14 00:00:00,78.885
2009-08-17 00:00:00,79.292
2009-08-18 00:00:00,78.937
2009-08-19 00:00:00,78.469
2009-08-20 00:00:00,78.384
2009-08-21 00:00:00,78.044
2009-08-24 00:00:00,78.271
2009-08-25 00:00:00,78.243
2009-08-26 00:00:00,78.661
2009-08-27 00:00:00,78.009
2009-08-28 00:00:00,78.366
2009-08-31 00:00:00,78.172
2009-09-01 00:00:00,78.76
2009-09-02 00:00:00,78.376
2009-09-03 00:00:00,78.465
2009-09-04 00:00:00,78.136
2009-09-07 00:00:00,78.012
2009-09-08 00:00:00,77.323
2009-09-09 00:00:00,77.09
2009-09-10 00:00:00,76.817
2009-09-11 00:00:00,76.608
2009-09-14 00:00:00,76.695
2009-09-15 00:00:00,76.544
2009-09-16 00:00:00,76.236
2009-09-17 00:00:00,76.188
2009-09-18 00:00:00,76.425
2009-09-21 00:00:00,76.776
2009-09-22 00:00:00,76.118
2009-09-23 00:00:00,76.047
2009-09-24 00:00:00,76.9
2009-09-25 00:00:00,76.812
2009-09-28 00:00:00,77.051
2009-09-29 00:00:00,77.124
2009-09-30 00:00:00,76.653
2009-10-01 00:00:00,77.188
2009-10-02 00:00:00,77.003
2009-10-05 00:00:00,76.642
2009-10-06 00:00:00,76.335
2009-10-07 00:00:00,76.494
2009-10-08 00:00:00,75.966
2009-10-09 00:00:00,76.431
2009-10-12 00:00:00,76.126
2009-10-13 00:00:00,75.976
2009-10-14 00:00:00,75.551
2009-10-15 00:00:00,75.481
2009-10-16 00:00:00,75.597
2009-10-19 00:00:00,75.51
2009-10-20 00:00:00,75.565
2009-10-21 00:00:00,74.972
2009-10-22 00:00:00,75.094
2009-10-23 00:00:00,75.468
2009-10-26 00:00:00,76.061
2009-10-27 00:00:00,76.135
2009-10-28 00:00:00,76.425
2009-10-29 00:00:00,75.917
2009-10-30 00:00:00,76.3
2009-11-02 00:00:00,76.29
2009-11-03 00:00:00,76.386
2009-11-04 00:00:00,75.643
2009-11-05 00:00:00,75.741
2009-11-06 00:00:00,75.819
2009-11-09 00:00:00,75.026
2009-11-10 00:00:00,75.021
2009-11-11 00:00:00,75.162
2009-11-12 00:00:00,75.596
2009-11-13 00:00:00,75.334
2009-11-16 00:00:00,74.894
2009-11-17 00:00:00,75.369
2009-11-18 00:00:00,75.185
2009-11-19 00:00:00,75.293
2009-11-20 00:00:00,75.656
2009-11-23 00:00:00,75.085
2009-11-24 00:00:00,75.068
2009-11-25 00:00:00,74.269
2009-11-26 00:00:00,74.826
2009-11-27 00:00:00,74.996
2009-11-30 00:00:00,74.879
2009-12-01 00:00:00,74.365
2009-12-02 00:00:00,74.669
2009-12-03 00:00:00,74.631
2009-12-04 00:00:00,75.911
2009-12-07 00:00:00,75.767
2009-12-08 00:00:00,76.31
2009-12-09 00:00:00,76.038
2009-12-10 00:00:00,76.045
2009-12-11 00:00:00,76.573
2009-12-14 00:00:00,76.352
2009-12-15 00:00:00,76.961
2009-12-16 00:00:00,76.995
2009-12-17 00:00:00,77.694
2009-12-18 00:00:00,77.821
2009-12-21 00:00:00,78.037
2009-12-22 00:00:00,78.25
2009-12-23 00:00:00,77.897
2009-12-24 00:00:00,77.734
2009-12-25 00:00:00,77.734
2009-12-28 00:00:00,77.633
2009-12-29 00:00:00,77.831
2009-12-30 00:00:00,77.914
2009-12-31 00:00:00,77.86
2010-01-01 00:00:00,77.86
2010-01-04 00:00:00,77.525
2010-01-05 00:00:00,77.619
2010-01-06 00:00:00,77.493
2010-01-07 00:00:00,77.913
2010-01-08 00:00:00,77.471
2010-01-11 00:00:00,77.005
2010-01-12 00:00:00,76.954
2010-01-13 00:00:00,76.846
2010-01-14 00:00:00,76.732
2010-01-15 00:00:00,77.323
2010-01-18 00:00:00,77.064
2010-01-19 00:00:00,77.5
2010-01-20 00:00:00,78.338
2010-01-21 00:00:00,78.32
2010-01-22 00:00:00,78.277
2010-01-25 00:00:00,78.19
2010-01-26 00:00:00,78.432
2010-01-27 00:00:00,78.675
2010-01-28 00:00:00,78.904
2010-01-29 00:00:00,79.462
2010-02-01 00:00:00,79.242
2010-02-02 00:00:00,79.014
2010-02-03 00:00:00,79.372
2010-02-04 00:00:00,79.916
2010-02-05 00:00:00,80.441
2010-02-08 00:00:00,80.302
2010-02-09 00:00:00,79.863
2010-02-10 00:00:00,80.028
2010-02-11 00:00:00,79.994
2010-02-12 00:00:00,80.218
2010-02-15 00:00:00,80.332
2010-02-16 00:00:00,79.7
2010-02-17 00:00:00,80.376
2010-02-18 00:00:00,80.398
2010-02-19 00:00:00,80.643
2010-02-22 00:00:00,80.507
2010-02-23 00:00:00,80.85
2010-02-24 00:00:00,80.849
2010-02-25 00:00:00,80.787
2010-02-26 00:00:00,80.362
2010-03-01 00:00:00,80.658
2010-03-02 00:00:00,80.521
2010-03-03 00:00:00,79.977
2010-03-04 00:00:00,80.561
2010-03-05 00:00:00,80.432
2010-03-08 00:00:00,80.432
2010-03-09 00:00:00,80.592
2010-03-10 00:00:00,80.445
2010-03-11 00:00:00,80.323
2010-03-12 00:00:00,79.833
2010-03-15 00:00:00,80.251
2010-03-16 00:00:00,79.753
2010-03-17 00:00:00,79.638
2010-03-18 00:00:00,80.225
2010-03-19 00:00:00,80.724
2010-03-22 00:00:00,80.651
2010-03-23 00:00:00,80.896
2010-03-24 00:00:00,81.838
2010-03-25 00:00:00,82.12
2010-03-26 00:00:00,81.676
2010-03-29 00:00:00,81.358
2010-03-30 00:00:00,81.47
2010-03-31 00:00:00,81.073
2010-04-01 00:00:00,80.776
2010-04-02 00:00:00,81.173
2010-04-05 00:00:00,81.094
2010-04-06 00:00:00,81.387
2010-04-07 00:00:00,81.443
2010-04-08 00:00:00,81.534
2010-04-09 00:00:00,81.093
2010-04-12 00:00:00,80.562
2010-04-13 00:00:00,80.507
2010-04-14 00:00:00,80.19
2010-04-15 00:00:00,80.482
2010-04-16 00:00:00,80.824
2010-04-19 00:00:00,81.0
2010-04-20 00:00:00,81.049
2010-04-21 00:00:00,81.161
2010-04-22 00:00:00,81.567
2010-04-23 00:00:00,81.352
2010-04-26 00:00:00,81.481
2010-04-27 00:00:00,82.146
2010-04-28 00:00:00,82.381
2010-04-29 00:00:00,82.003
2010-04-30 00:00:00,81.866
2010-05-03 00:00:00,82.272
2010-05-04 00:00:00,83.299
2010-05-05 00:00:00,84.079
2010-05-06 00:00:00,84.894
2010-05-07 00:00:00,84.45
2010-05-10 00:00:00,84.156
2010-05-11 00:00:00,84.467
2010-05-12 00:00:00,84.828
2010-05-13 00:00:00,85.207
2010-05-14 00:00:00,86.095
2010-05-17 00:00:00,86.205
2010-05-18 00:00:00,87.162
2010-05-19 00:00:00,86.392
2010-05-20 00:00:00,85.565
2010-05-21 00:00:00,85.371
2010-05-24 00:00:00,86.206
2010-05-25 00:00:00,86.779
2010-05-26 00:00:00,87.121
2010-05-27 00:00:00,86.185
2010-05-28 00:00:00,86.48
2010-05-31 00:00:00,86.588
2010-06-01 00:00:00,86.643
2010-06-02 00:00:00,86.793
2010-06-03 00:00:00,87.136
2010-06-04 00:00:00,88.233
2010-06-07 00:00:00,88.405
2010-06-08 00:00:00,88.394
2010-06-09 00:00:00,87.897
2010-06-10 00:00:00,87.169
2010-06-11 00:00:00,87.507
2010-06-14 00:00:00,86.511
2010-06-15 00:00:00,85.981
2010-06-16 00:00:00,86.083
2010-06-17 00:00:00,85.688
2010-06-18 00:00:00,85.699
2010-06-21 00:00:00,85.932
2010-06-22 00:00:00,86.106
2010-06-23 00:00:00,85.741
2010-06-24 00:00:00,85.733
2010-06-25 00:00:00,85.313
2010-06-28 00:00:00,85.652
2010-06-29 00:00:00,86.025
2010-06-30 00:00:00,86.019
2010-07-01 00:00:00,84.716
2010-07-02 00:00:00,84.427
2010-07-05 00:00:00,84.608
2010-07-06 00:00:00,84.083
2010-07-07 00:00:00,83.822
2010-07-08 00:00:00,83.824
2010-07-09 00:00:00,83.947
2010-07-12 00:00:00,84.203
2010-07-13 00:00:00,83.643
2010-07-14 00:00:00,83.426
2010-07-15 00:00:00,82.558
2010-07-16 00:00:00,82.486
2010-07-19 00:00:00,82.513
2010-07-20 00:00:00,82.747
2010-07-21 00:00:00,83.393
2010-07-22 00:00:00,82.595
2010-07-23 00:00:00,82.464
2010-07-26 00:00:00,82.087
2010-07-27 00:00:00,82.185
2010-07-28 00:00:00,82.179
2010-07-29 00:00:00,81.636
2010-07-30 00:00:00,81.539
2010-08-02 00:00:00,80.938
2010-08-03 00:00:00,80.596
2010-08-04 00:00:00,80.892
2010-08-05 00:00:00,80.825
2010-08-06 00:00:00,80.407
2010-08-09 00:00:00,80.711
2010-08-10 00:00:00,80.799
2010-08-11 00:00:00,82.29
2010-08-12 00:00:00,82.635
2010-08-13 00:00:00,82.948
2010-08-16 00:00:00,82.533
2010-08-17 00:00:00,82.226
2010-08-18 00:00:00,82.223
2010-08-19 00:00:00,82.447
2010-08-20 00:00:00,83.057
2010-08-23 00:00:00,83.123
2010-08-24 00:00:00,83.146
2010-08-25 00:00:00,83.261
2010-08-26 00:00:00,82.934
2010-08-27 00:00:00,82.918
2010-08-30 00:00:00,83.164
2010-08-31 00:00:00,83.202
2010-09-01 00:00:00,82.522
2010-09-02 00:00:00,82.463
2010-09-03 00:00:00,82.102
2010-09-06 00:00:00,82.042
2010-09-07 00:00:00,82.82
2010-09-08 00:00:00,82.585
2010-09-09 00:00:00,82.674
2010-09-10 00:00:00,82.698
2010-09-13 00:00:00,81.912
2010-09-14 00:00:00,81.08
2010-09-15 00:00:00,81.491
2010-09-16 00:00:00,81.241
2010-09-17 00:00:00,81.398
2010-09-20 00:00:00,81.335
2010-09-21 00:00:00,80.439
2010-09-22 00:00:00,79.83
2010-09-23 00:00:00,80.01
2010-09-24 00:00:00,79.395
2010-09-27 00:00:00,79.338
2010-09-28 00:00:00,79.014
2010-09-29 00:00:00,78.691
2010-09-30 00:00:00,78.72
2010-10-01 00:00:00,78.088
2010-10-04 00:00:00,78.447
2010-10-05 00:00:00,77.749
2010-10-06 00:00:00,77.386
2010-10-07 00:00:00,77.387
2010-10-08 00:00:00,77.325
2010-10-11 00:00:00,77.442
2010-10-12 00:00:00,77.363
2010-10-13 00:00:00,77.071
2010-10-14 00:00:00,76.647
2010-10-15 00:00:00,77.041
2010-10-18 00:00:00,76.934
2010-10-19 00:00:00,78.184
2010-10-20 00:00:00,77.171
2010-10-21 00:00:00,77.418
2010-10-22 00:00:00,77.472
2010-10-25 00:00:00,77.103
2010-10-26 00:00:00,77.708
2010-10-27 00:00:00,78.149
2010-10-28 00:00:00,77.308
2010-10-29 00:00:00,77.266
2010-11-01 00:00:00,77.296
2010-11-02 00:00:00,76.722
2010-11-03 00:00:00,76.481
2010-11-04 00:00:00,75.882
2010-11-05 00:00:00,76.548
2010-11-08 00:00:00,77.027
2010-11-09 00:00:00,77.443
2010-11-10 00:00:00,77.634
2010-11-11 00:00:00,78.217
2010-11-12 00:00:00,78.082
2010-11-15 00:00:00,78.518
2010-11-16 00:00:00,79.21
2010-11-17 00:00:00,79.084
2010-11-18 00:00:00,78.617
2010-11-19 00:00:00,78.504
2010-11-22 00:00:00,78.682
2010-11-23 00:00:00,79.681
2010-11-24 00:00:00,79.867
2010-11-25 00:00:00,79.73
2010-11-26 00:00:00,80.357
2010-11-29 00:00:00,80.835
2010-11-30 00:00:00,81.195
2010-12-01 00:00:00,80.713
2010-12-02 00:00:00,80.303
2010-12-03 00:00:00,79.377
2010-12-06 00:00:00,79.571
2010-12-07 00:00:00,79.857
2010-12-08 00:00:00,79.997
2010-12-09 00:00:00,80.069
2010-12-10 00:00:00,80.07
2010-12-13 00:00:00,79.284
2010-12-14 00:00:00,79.367
2010-12-15 00:00:00,80.261
2010-12-16 00:00:00,80.181
2010-12-17 00:00:00,80.373
2010-12-20 00:00:00,80.628
2010-12-21 00:00:00,80.718
2010-12-22 00:00:00,80.727
2010-12-23 00:00:00,80.522
2010-12-24 00:00:00,80.474
2010-12-27 00:00:00,80.366
2010-12-28 00:00:00,80.365
2010-12-29 00:00:00,79.796
2010-12-30 00:00:00,79.521
2010-12-31 00:00:00,79.028
2011-01-03 00:00:00,79.127
2011-01-04 00:00:00,79.444
2011-01-05 00:00:00,80.258
2011-01-06 00:00:00,80.791
2011-01-07 00:00:00,81.012
2011-01-10 00:00:00,80.881
2011-01-11 00:00:00,80.846
2011-01-12 00:00:00,80.031
2011-01-13 00:00:00,79.191
2011-01-14 00:00:00,79.162
2011-01-17 00:00:00,79.337
2011-01-18 00:00:00,78.962
2011-01-19 00:00:00,78.64
2011-01-20 00:00:00,78.823
2011-01-21 00:00:00,78.213
2011-01-24 00:00:00,78.05
2011-01-25 00:00:00,78.002
2011-01-26 00:00:00,77.898
2011-01-27 00:00:00,77.727
2011-01-28 00:00:00,78.133
2011-01-31 00:00:00,77.735
2011-02-01 00:00:00,77.067
2011-02-02 00:00:00,77.158
2011-02-03 00:00:00,77.748
2011-02-04 00:00:00,78.044
2011-02-07 00:00:00,78.029
2011-02-08 00:00:00,77.999
2011-02-09 00:00:00,77.641
2011-02-10 00:00:00,78.25
2011-02-11 00:00:00,78.46
2011-02-14 00:00:00,78.614
2011-02-15 00:00:00,78.573
2011-02-16 00:00:00,78.223
2011-02-17 00:00:00,77.995
2011-02-18 00:00:00,77.664
2011-02-21 00:00:00,77.689
2011-02-22 00:00:00,77.768
2011-02-23 00:00:00,77.409
2011-02-24 00:00:00,77.057
2011-02-25 00:00:00,77.275
2011-02-28 00:00:00,76.889
2011-03-01 00:00:00,77.049
2011-03-02 00:00:00,76.671
2011-03-03 00:00:00,76.483
2011-03-04 00:00:00,76.4
2011-03-07 00:00:00,76.496
2011-03-08 00:00:00,76.798
2011-03-09 00:00:00,76.721
2011-03-10 00:00:00,77.276
2011-03-11 00:00:00,76.776
2011-03-14 00:00:00,76.349
2011-03-15 00:00:00,76.328
2011-03-16 00:00:00,76.681
2011-03-17 00:00:00,76.041
2011-03-18 00:00:00,75.718
2011-03-21 00:00:00,75.401
2011-03-22 00:00:00,75.434
2011-03-23 00:00:00,75.794
2011-03-24 00:00:00,75.656
2011-03-25 00:00:00,76.217
2011-03-28 00:00:00,76.128
2011-03-29 00:00:00,76.249
2011-03-30 00:00:00,76.118
2011-03-31 00:00:00,75.857
2011-04-01 00:00:00,75.833
2011-04-04 00:00:00,75.912
2011-04-05 00:00:00,75.882
2011-04-06 00:00:00,75.514
2011-04-07 00:00:00,75.585
2011-04-08 00:00:00,75.066
2011-04-11 00:00:00,75.056
2011-04-12 00:00:00,74.853
2011-04-13 00:00:00,74.98
2011-04-14 00:00:00,74.685
2011-04-15 00:00:00,74.832
2011-04-18 00:00:00,75.504
2011-04-19 00:00:00,75.029
2011-04-20 00:00:00,74.368
2011-04-21 00:00:00,74.109
2011-04-22 00:00:00,74.108
2011-04-25 00:00:00,73.986
2011-04-26 00:00:00,73.837
2011-04-27 00:00:00,73.519
2011-04-28 00:00:00,73.121
2011-04-29 00:00:00,72.933
2011-05-02 00:00:00,72.951
2011-05-03 00:00:00,73.14
2011-05-04 00:00:00,73.031
2011-05-05 00:00:00,74.194
2011-05-06 00:00:00,74.841
2011-05-09 00:00:00,74.737
2011-05-10 00:00:00,74.611
2011-05-11 00:00:00,75.327
2011-05-12 00:00:00,75.24
2011-05-13 00:00:00,75.757
2011-05-16 00:00:00,75.47
2011-05-17 00:00:00,75.399
2011-05-18 00:00:00,75.475
2011-05-19 00:00:00,75.123
2011-05-20 00:00:00,75.435
2011-05-23 00:00:00,76.104
2011-05-24 00:00:00,75.882
2011-05-25 00:00:00,75.932
2011-05-26 00:00:00,75.549
2011-05-27 00:00:00,74.954
2011-05-30 00:00:00,74.958
2011-05-31 00:00:00,74.638
2011-06-01 00:00:00,74.677
2011-06-02 00:00:00,74.333
2011-06-03 00:00:00,73.783
2011-06-06 00:00:00,73.952
2011-06-07 00:00:00,73.521
2011-06-08 00:00:00,73.93
2011-06-09 00:00:00,74.192
2011-06-10 00:00:00,74.795
2011-06-13 00:00:00,74.512
2011-06-14 00:00:00,74.332
2011-06-15 00:00:00,75.601
2011-06-16 00:00:00,75.752
2011-06-17 00:00:00,74.988
2011-06-20 00:00:00,75.029
2011-06-21 00:00:00,74.541
2011-06-22 00:00:00,74.783
2011-06-23 00:00:00,75.447
2011-06-24 00:00:00,75.665
2011-06-27 00:00:00,75.392
2011-06-28 00:00:00,75.063
2011-06-29 00:00:00,74.691
2011-06-30 00:00:00,74.303
2011-07-01 00:00:00,74.349
2011-07-04 00:00:00,74.275
2011-07-05 00:00:00,74.691
2011-07-06 00:00:00,75.122
2011-07-07 00:00:00,74.957
2011-07-08 00:00:00,75.179
2011-07-11 00:00:00,75.989
2011-07-12 00:00:00,75.809
2011-07-13 00:00:00,75.208
2011-07-14 00:00:00,75.253
2011-07-15 00:00:00,75.126
2011-07-18 00:00:00,75.483
2011-07-19 00:00:00,75.221
2011-07-20 00:00:00,74.792
2011-07-21 00:00:00,74.015
2011-07-22 00:00:00,74.201
2011-07-25 00:00:00,74.064
2011-07-26 00:00:00,73.474
2011-07-27 00:00:00,74.087
2011-07-28 00:00:00,74.222
2011-07-29 00:00:00,73.897
2011-08-01 00:00:00,74.262
2011-08-02 00:00:00,74.513
2011-08-03 00:00:00,74.044
2011-08-04 00:00:00,75.124
2011-08-05 00:00:00,74.598
2011-08-08 00:00:00,74.791
2011-08-09 00:00:00,74.605
2011-08-10 00:00:00,74.636
2011-08-11 00:00:00,74.677
2011-08-12 00:00:00,74.607
2011-08-15 00:00:00,73.836
2011-08-16 00:00:00,74.01
2011-08-17 00:00:00,73.674
2011-08-18 00:00:00,74.244
2011-08-19 00:00:00,74.009
2011-08-22 00:00:00,74.074
2011-08-23 00:00:00,73.894
2011-08-24 00:00:00,74.012
2011-08-25 00:00:00,74.279
2011-08-26 00:00:00,73.814
2011-08-29 00:00:00,73.721
2011-08-30 00:00:00,73.946
2011-08-31 00:00:00,74.117
2011-09-01 00:00:00,74.479
2011-09-02 00:00:00,74.756
2011-09-05 00:00:00,75.112
2011-09-06 00:00:00,75.952
2011-09-07 00:00:00,75.467
2011-09-08 00:00:00,76.246
2011-09-09 00:00:00,77.192
2011-09-12 00:00:00,77.578
2011-09-13 00:00:00,76.919
2011-09-14 00:00:00,76.833
2011-09-15 00:00:00,76.241
2011-09-16 00:00:00,76.599
2011-09-19 00:00:00,77.146
2011-09-20 00:00:00,77.03
2011-09-21 00:00:00,77.342
2011-09-22 00:00:00,78.455
2011-09-23 00:00:00,78.501
2011-09-26 00:00:00,78.363
2011-09-27 00:00:00,77.506
2011-09-28 00:00:00,77.852
2011-09-29 00:00:00,78.028
2011-09-30 00:00:00,78.553
2011-10-03 00:00:00,79.431
2011-10-04 00:00:00,79.597
2011-10-05 00:00:00,78.919
2011-10-06 00:00:00,78.634
2011-10-07 00:00:00,78.726
2011-10-10 00:00:00,77.494
2011-10-11 00:00:00,77.585
2011-10-12 00:00:00,76.994
2011-10-13 00:00:00,76.996
2011-10-14 00:00:00,76.623
2011-10-17 00:00:00,77.146
2011-10-18 00:00:00,77.138
2011-10-19 00:00:00,77.114
2011-10-20 00:00:00,76.974
2011-10-21 00:00:00,76.395
2011-10-24 00:00:00,76.028
2011-10-25 00:00:00,76.122
2011-10-26 00:00:00,76.246
2011-10-27 00:00:00,74.879
2011-10-28 00:00:00,75.067
2011-10-31 00:00:00,76.166
2011-11-01 00:00:00,77.261
2011-11-02 00:00:00,77.017
2011-11-03 00:00:00,76.672
2011-11-04 00:00:00,76.962
2011-11-07 00:00:00,76.962
2011-11-08 00:00:00,76.586
2011-11-09 00:00:00,77.926
2011-11-10 00:00:00,77.743
2011-11-11 00:00:00,76.945
2011-11-14 00:00:00,77.569
2011-11-15 00:00:00,77.872
2011-11-16 00:00:00,78.016
2011-11-17 00:00:00,78.282
2011-11-18 00:00:00,78.064
2011-11-21 00:00:00,78.3
2011-11-22 00:00:00,78.266
2011-11-23 00:00:00,79.141
2011-11-24 00:00:00,79.141
2011-11-25 00:00:00,79.686
2011-11-28 00:00:00,79.263
2011-11-29 00:00:00,79.007
2011-11-30 00:00:00,78.384
2011-12-01 00:00:00,78.328
2011-12-02 00:00:00,78.625
2011-12-05 00:00:00,78.57
2011-12-06 00:00:00,78.499
2011-12-07 00:00:00,78.485
2011-12-08 00:00:00,78.832
2011-12-09 00:00:00,78.632
2011-12-12 00:00:00,79.534
2011-12-13 00:00:00,80.242
2011-12-14 00:00:00,80.589
2011-12-15 00:00:00,80.321
2011-12-16 00:00:00,80.256
2011-12-19 00:00:00,80.25
2011-12-20 00:00:00,79.882
2011-12-21 00:00:00,80.022
2011-12-22 00:00:00,79.964
2011-12-23 00:00:00,79.93
2011-12-26 00:00:00,79.921
2011-12-27 00:00:00,79.797
2011-12-28 00:00:00,80.497
2011-12-29 00:00:00,80.486
2011-12-30 00:00:00,80.178
2012-01-02 00:00:00,80.28
2012-01-03 00:00:00,79.611
2012-01-04 00:00:00,80.129
2012-01-05 00:00:00,80.936
2012-01-06 00:00:00,81.254
2012-01-09 00:00:00,81.051
2012-01-10 00:00:00,80.805
2012-01-11 00:00:00,81.351
2012-01-12 00:00:00,80.77
2012-01-13 00:00:00,81.515
2012-01-16 00:00:00,81.515
2012-01-17 00:00:00,81.182
2012-01-18 00:00:00,80.609
2012-01-19 00:00:00,80.216
2012-01-20 00:00:00,80.223
2012-01-23 00:00:00,79.783
2012-01-24 00:00:00,79.868
2012-01-25 00:00:00,79.579
2012-01-26 00:00:00,79.395
2012-01-27 00:00:00,78.902
2012-01-30 00:00:00,79.167
2012-01-31 00:00:00,79.288
2012-02-01 00:00:00,78.922
2012-02-02 00:00:00,78.991
2012-02-03 00:00:00,78.924
2012-02-06 00:00:00,79.069
2012-02-07 00:00:00,78.576
2012-02-08 00:00:00,78.641
2012-02-09 00:00:00,78.566
2012-02-10 00:00:00,79.114
2012-02-13 00:00:00,78.946
2012-02-14 00:00:00,79.58
2012-02-15 00:00:00,79.67
2012-02-16 00:00:00,79.348
2012-02-17 00:00:00,79.331
2012-02-20 00:00:00,79.331
2012-02-21 00:00:00,79.044
2012-02-22 00:00:00,79.211
2012-02-23 00:00:00,78.819
2012-02-24 00:00:00,78.352
2012-02-27 00:00:00,78.568
2012-02-28 00:00:00,78.273
2012-02-29 00:00:00,78.737
2012-03-01 00:00:00,78.789
2012-03-02 00:00:00,79.403
2012-03-05 00:00:00,79.3
2012-03-06 00:00:00,79.866
2012-03-07 00:00:00,79.712
2012-03-08 00:00:00,79.139
2012-03-09 00:00:00,80.041
2012-03-12 00:00:00,79.89
2012-03-13 00:00:00,80.193
2012-03-14 00:00:00,80.565
2012-03-15 00:00:00,80.15
2012-03-16 00:00:00,79.786
2012-03-19 00:00:00,79.452
2012-03-20 00:00:00,79.593
2012-03-21 00:00:00,79.657
2012-03-22 00:00:00,79.736
2012-03-23 00:00:00,79.345
2012-03-26 00:00:00,78.982
2012-03-27 00:00:00,79.047
2012-03-28 00:00:00,79.126
2012-03-29 00:00:00,79.186
2012-03-30 00:00:00,79.004
2012-04-02 00:00:00,78.82
2012-04-03 00:00:00,79.483
2012-04-04 00:00:00,79.778
2012-04-05 00:00:00,80.076
2012-04-06 00:00:00,79.886
2012-04-09 00:00:00,79.733
2012-04-10 00:00:00,79.891
2012-04-11 00:00:00,79.795
2012-04-12 00:00:00,79.285
2012-04-13 00:00:00,79.888
2012-04-16 00:00:00,79.555
2012-04-17 00:00:00,79.476
2012-04-18 00:00:00,79.538
2012-04-19 00:00:00,79.561
2012-04-20 00:00:00,79.194
2012-04-23 00:00:00,79.42
2012-04-24 00:00:00,79.225
2012-04-25 00:00:00,79.012
2012-04-26 00:00:00,78.919
2012-04-27 00:00:00,78.709
2012-04-30 00:00:00,78.776
2012-05-01 00:00:00,78.864
2012-05-02 00:00:00,79.132
2012-05-03 00:00:00,79.221
2012-05-04 00:00:00,79.498
2012-05-07 00:00:00,79.603
2012-05-08 00:00:00,79.738
2012-05-09 00:00:00,80.08
2012-05-10 00:00:00,80.112
2012-05-11 00:00:00,80.264
2012-05-14 00:00:00,80.606
2012-05-15 00:00:00,81.221
2012-05-16 00:00:00,81.372
2012-05-17 00:00:00,81.383
2012-05-18 00:00:00,81.292
2012-05-21 00:00:00,81.084
2012-05-22 00:00:00,81.493
2012-05-23 00:00:00,82.094
2012-05-24 00:00:00,82.347
2012-05-25 00:00:00,82.402
2012-05-28 00:00:00,82.402
2012-05-29 00:00:00,82.48
2012-05-30 00:00:00,83.018
2012-05-31 00:00:00,83.043
2012-06-01 00:00:00,82.89
2012-06-04 00:00:00,82.557
2012-06-05 00:00:00,82.825
2012-06-06 00:00:00,82.321
2012-06-07 00:00:00,82.051
2012-06-08 00:00:00,82.511
2012-06-11 00:00:00,82.515
2012-06-12 00:00:00,82.423
2012-06-13 00:00:00,82.058
2012-06-14 00:00:00,81.99
2012-06-15 00:00:00,81.628
2012-06-18 00:00:00,81.946
2012-06-19 00:00:00,81.378
2012-06-20 00:00:00,81.583
2012-06-21 00:00:00,82.29
2012-06-22 00:00:00,82.256
2012-06-25 00:00:00,82.497
2012-06-26 00:00:00,82.372
2012-06-27 00:00:00,82.618
2012-06-28 00:00:00,82.807
2012-06-29 00:00:00,81.627
2012-07-02 00:00:00,81.87
2012-07-03 00:00:00,81.782
2012-07-04 00:00:00,81.782
2012-07-05 00:00:00,82.813
2012-07-06 00:00:00,83.377
2012-07-09 00:00:00,83.161
2012-07-10 00:00:00,83.4
2012-07-11 00:00:00,83.568
2012-07-12 00:00:00,83.659
2012-07-13 00:00:00,83.349
2012-07-16 00:00:00,83.098
2012-07-17 00:00:00,83.032
2012-07-18 00:00:00,83.068
2012-07-19 00:00:00,82.883
2012-07-20 00:00:00,83.478
2012-07-23 00:00:00,83.706
2012-07-24 00:00:00,84.005
2012-07-25 00:00:00,83.524
2012-07-26 00:00:00,82.808
2012-07-27 00:00:00,82.709
2012-07-30 00:00:00,82.794
2012-07-31 00:00:00,82.635
2012-08-01 00:00:00,83.058
2012-08-02 00:00:00,83.361
2012-08-03 00:00:00,82.375
2012-08-06 00:00:00,82.266
2012-08-07 00:00:00,82.21
2012-08-08 00:00:00,82.394
2012-08-09 00:00:00,82.638
2012-08-10 00:00:00,82.553
2012-08-13 00:00:00,82.435
2012-08-14 00:00:00,82.483
2012-08-15 00:00:00,82.645
2012-08-16 00:00:00,82.357
2012-08-17 00:00:00,82.596
2012-08-20 00:00:00,82.456
2012-08-21 00:00:00,81.907
2012-08-22 00:00:00,81.486
2012-08-23 00:00:00,81.359
2012-08-24 00:00:00,81.593
2012-08-27 00:00:00,81.658
2012-08-28 00:00:00,81.37
2012-08-29 00:00:00,81.549
2012-08-30 00:00:00,81.691
2012-08-31 00:00:00,81.208
2012-09-03 00:00:00,81.208
2012-09-04 00:00:00,81.312
2012-09-05 00:00:00,81.235
2012-09-06 00:00:00,81.04
2012-09-07 00:00:00,80.252
2012-09-10 00:00:00,80.357
2012-09-11 00:00:00,79.857
2012-09-12 00:00:00,79.737
2012-09-13 00:00:00,79.262
2012-09-14 00:00:00,78.847
2012-09-17 00:00:00,79.01
2012-09-18 00:00:00,79.249
2012-09-19 00:00:00,79.055
2012-09-20 00:00:00,79.411
2012-09-21 00:00:00,79.328
2012-09-24 00:00:00,79.518
2012-09-25 00:00:00,79.552
2012-09-26 00:00:00,79.885
2012-09-27 00:00:00,79.548
2012-09-28 00:00:00,79.935
2012-10-01 00:00:00,79.824
2012-10-02 00:00:00,79.744
2012-10-03 00:00:00,79.965
2012-10-04 00:00:00,79.353
2012-10-05 00:00:00,79.337
2012-10-08 00:00:00,79.54
2012-10-09 00:00:00,79.951
2012-10-10 00:00:00,79.917
2012-10-11 00:00:00,79.775
2012-10-12 00:00:00,79.667
2012-10-15 00:00:00,79.742
2012-10-16 00:00:00,79.405
2012-10-17 00:00:00,79.016
2012-10-18 00:00:00,79.367
2012-10-19 00:00:00,79.621
2012-10-22 00:00:00,79.652
2012-10-23 00:00:00,79.976
2012-10-24 00:00:00,79.914
2012-10-25 00:00:00,80.044
2012-10-26 00:00:00,80.068
2012-10-29 00:00:00,80.232
2012-10-30 00:00:00,79.931
2012-10-31 00:00:00,79.919
2012-11-01 00:00:00,80.047
2012-11-02 00:00:00,80.593
2012-11-05 00:00:00,80.749
2012-11-06 00:00:00,80.613
2012-11-07 00:00:00,80.759
2012-11-08 00:00:00,80.793
2012-11-09 00:00:00,81.026
2012-11-12 00:00:00,81.035
2012-11-13 00:00:00,81.084
2012-11-14 00:00:00,81.056
2012-11-15 00:00:00,81.078
2012-11-16 00:00:00,81.257
2012-11-19 00:00:00,80.874
2012-11-20 00:00:00,80.957
2012-11-21 00:00:00,80.932
2012-11-22 00:00:00,80.699
2012-11-23 00:00:00,80.192
2012-11-26 00:00:00,80.251
2012-11-27 00:00:00,80.402
2012-11-28 00:00:00,80.336
2012-11-29 00:00:00,80.204
2012-11-30 00:00:00,80.153
2012-12-03 00:00:00,79.882
2012-12-04 00:00:00,79.644
2012-12-05 00:00:00,79.774
2012-12-06 00:00:00,80.258
2012-12-07 00:00:00,80.408
2012-12-10 00:00:00,80.328
2012-12-11 00:00:00,80.061
2012-12-12 00:00:00,79.815
2012-12-13 00:00:00,79.928
2012-12-14 00:00:00,79.58
2012-12-17 00:00:00,79.568
2012-12-18 00:00:00,79.359
2012-12-19 00:00:00,79.269
2012-12-20 00:00:00,79.261
2012-12-21 00:00:00,79.617
2012-12-24 00:00:00,79.642
2012-12-25 00:00:00,79.67
2012-12-26 00:00:00,79.621
2012-12-27 00:00:00,79.62
2012-12-28 00:00:00,79.678
2012-12-31 00:00:00,79.769
2013-01-01 00:00:00,79.736
2013-01-02 00:00:00,79.845
2013-01-03 00:00:00,80.382
2013-01-04 00:00:00,80.499
2013-01-07 00:00:00,80.256
2013-01-08 00:00:00,80.345
2013-01-09 00:00:00,80.557
2013-01-10 00:00:00,79.738
2013-01-11 00:00:00,79.563
2013-01-14 00:00:00,79.488
2013-01-15 00:00:00,79.779
2013-01-16 00:00:00,79.804
2013-01-17 00:00:00,79.649
2013-01-18 00:00:00,80.036
2013-01-21 00:00:00,80.036
2013-01-22 00:00:00,79.874
2013-01-23 00:00:00,79.92
2013-01-24 00:00:00,79.949
2013-01-25 00:00:00,79.748
2013-01-28 00:00:00,79.78
2013-01-29 00:00:00,79.564
2013-01-30 00:00:00,79.281
2013-01-31 00:00:00,79.207
2013-02-01 00:00:00,79.125
2013-02-04 00:00:00,79.554
2013-02-05 00:00:00,79.488
2013-02-06 00:00:00,79.721
2013-02-07 00:00:00,80.192
2013-02-08 00:00:00,80.246
2013-02-11 00:00:00,80.31
2013-02-12 00:00:00,80.106
2013-02-13 00:00:00,80.091
2013-02-14 00:00:00,80.458
2013-02-15 00:00:00,80.58
2013-02-18 00:00:00,80.627
2013-02-19 00:00:00,80.468
2013-02-20 00:00:00,81.069
2013-02-21 00:00:00,81.461
2013-02-22 00:00:00,81.482
2013-02-25 00:00:00,81.67
2013-02-26 00:00:00,81.87
2013-02-27 00:00:00,81.602
2013-02-28 00:00:00,81.949
2013-03-01 00:00:00,82.313
2013-03-04 00:00:00,82.195
2013-03-05 00:00:00,82.087
2013-03-06 00:00:00,82.459
2013-03-07 00:00:00,82.081
2013-03-08 00:00:00,82.696
2013-03-11 00:00:00,82.573
2013-03-12 00:00:00,82.584
2013-03-13 00:00:00,82.889
2013-03-14 00:00:00,82.606
2013-03-15 00:00:00,82.261
2013-03-18 00:00:00,82.694
2013-03-19 00:00:00,82.989
2013-03-20 00:00:00,82.779
2013-03-21 00:00:00,82.74
2013-03-22 00:00:00,82.376
2013-03-25 00:00:00,82.828
2013-03-26 00:00:00,82.881
2013-03-27 00:00:00,83.221
2013-03-28 00:00:00,82.996
2013-03-29 00:00:00,82.976
2013-04-01 00:00:00,82.733
2013-04-02 00:00:00,82.924
2013-04-03 00:00:00,82.718
2013-04-04 00:00:00,82.677
2013-04-05 00:00:00,82.496
2013-04-08 00:00:00,82.752
2013-04-09 00:00:00,82.309
2013-04-10 00:00:00,82.532
2013-04-11 00:00:00,82.247
2013-04-12 00:00:00,82.311
2013-04-15 00:00:00,82.417
2013-04-16 00:00:00,81.749
2013-04-17 00:00:00,82.684
2013-04-18 00:00:00,82.559
2013-04-19 00:00:00,82.714
2013-04-22 00:00:00,82.676
2013-04-23 00:00:00,83.048
2013-04-24 00:00:00,83.048
2013-04-25 00:00:00,82.744
2013-04-26 00:00:00,82.502
2013-04-29 00:00:00,82.147
2013-04-30 00:00:00,81.746
2013-05-01 00:00:00,81.484
2013-05-02 00:00:00,82.224
2013-05-03 00:00:00,82.125
2013-05-06 00:00:00,82.315
2013-05-07 00:00:00,82.253
2013-05-08 00:00:00,81.896
2013-05-09 00:00:00,82.793
2013-05-10 00:00:00,83.143
2013-05-13 00:00:00,83.277
2013-05-14 00:00:00,83.595
2013-05-15 00:00:00,83.83
2013-05-16 00:00:00,83.588
2013-05-17 00:00:00,84.252
2013-05-20 00:00:00,83.736
2013-05-21 00:00:00,83.864
2013-05-22 00:00:00,84.352
2013-05-23 00:00:00,83.8
2013-05-24 00:00:00,83.7
2013-05-27 00:00:00,83.7
2013-05-28 00:00:00,84.1
2013-05-29 00:00:00,83.66
2013-05-30 00:00:00,83.042
2013-05-31 00:00:00,83.375
2013-06-03 00:00:00,82.656
2013-06-04 00:00:00,82.769
2013-06-05 00:00:00,82.594
2013-06-06 00:00:00,81.537
2013-06-07 00:00:00,81.669
2013-06-10 00:00:00,81.646
2013-06-11 00:00:00,81.113
2013-06-12 00:00:00,80.947
2013-06-13 00:00:00,80.752
2013-06-14 00:00:00,80.67
2013-06-17 00:00:00,80.787
2013-06-18 00:00:00,80.612
2013-06-19 00:00:00,81.428
2013-06-20 00:00:00,81.915
2013-06-21 00:00:00,82.318
2013-06-24 00:00:00,82.425
2013-06-25 00:00:00,82.581
2013-06-26 00:00:00,82.977
2013-06-27 00:00:00,82.902
2013-06-28 00:00:00,83.136
2013-07-01 00:00:00,83.054
2013-07-02 00:00:00,83.544
2013-07-03 00:00:00,83.231
2013-07-04 00:00:00,83.231
2013-07-05 00:00:00,84.449
2013-07-08 00:00:00,84.193
2013-07-09 00:00:00,84.58
2013-07-10 00:00:00,84.041
2013-07-11 00:00:00,82.746
2013-07-12 00:00:00,82.988
2013-07-15 00:00:00,83.043
2013-07-16 00:00:00,82.498
2013-07-17 00:00:00,82.708
2013-07-18 00:00:00,82.823
2013-07-19 00:00:00,82.607
2013-07-22 00:00:00,82.219
2013-07-23 00:00:00,81.945
2013-07-24 00:00:00,82.291
2013-07-25 00:00:00,81.97
2013-07-26 00:00:00,81.657
2013-07-29 00:00:00,81.663
2013-07-30 00:00:00,81.829
2013-07-31 00:00:00,81.452
2013-08-01 00:00:00,82.336
2013-08-02 00:00:00,81.908
2013-08-05 00:00:00,81.875
2013-08-06 00:00:00,81.603
2013-08-07 00:00:00,81.287
2013-08-08 00:00:00,80.977
2013-08-09 00:00:00,81.126
2013-08-12 00:00:00,81.333
2013-08-13 00:00:00,81.768
2013-08-14 00:00:00,81.711
2013-08-15 00:00:00,81.181
2013-08-16 00:00:00,81.257
2013-08-19 00:00:00,81.226
2013-08-20 00:00:00,80.906
2013-08-21 00:00:00,81.213
2013-08-22 00:00:00,81.488
2013-08-23 00:00:00,81.361
2013-08-26 00:00:00,81.407
2013-08-27 00:00:00,81.166
2013-08-28 00:00:00,81.431
2013-08-29 00:00:00,81.948
2013-08-30 00:00:00,82.087
2013-09-02 00:00:00,82.087
2013-09-03 00:00:00,82.361
2013-09-04 00:00:00,82.169
2013-09-05 00:00:00,82.633
2013-09-06 00:00:00,82.146
2013-09-09 00:00:00,81.793
2013-09-10 00:00:00,81.821
2013-09-11 00:00:00,81.518
2013-09-12 00:00:00,81.489
2013-09-13 00:00:00,81.452
2013-09-16 00:00:00,81.295
2013-09-17 00:00:00,81.143
2013-09-18 00:00:00,80.237
2013-09-19 00:00:00,80.372
2013-09-20 00:00:00,80.431
2013-09-23 00:00:00,80.449
2013-09-24 00:00:00,80.563
2013-09-25 00:00:00,80.334
2013-09-26 00:00:00,80.523
2013-09-27 00:00:00,80.287
2013-09-30 00:00:00,80.221
2013-10-01 00:00:00,80.141
2013-10-02 00:00:00,79.9
2013-10-03 00:00:00,79.749
2013-10-04 00:00:00,80.122
2013-10-07 00:00:00,79.941
2013-10-08 00:00:00,80.06
2013-10-09 00:00:00,80.376
2013-10-10 00:00:00,80.417
2013-10-11 00:00:00,80.362
2013-10-14 00:00:00,80.263
2013-10-15 00:00:00,80.482
2013-10-16 00:00:00,80.47
2013-10-17 00:00:00,79.649
2013-10-18 00:00:00,79.654
2013-10-21 00:00:00,79.695
2013-10-22 00:00:00,79.23
2013-10-23 00:00:00,79.264
2013-10-24 00:00:00,79.185
2013-10-25 00:00:00,79.194
2013-10-28 00:00:00,79.246
2013-10-29 00:00:00,79.607
2013-10-30 00:00:00,79.777
2013-10-31 00:00:00,80.195
2013-11-01 00:00:00,80.716
2013-11-04 00:00:00,80.553
2013-11-05 00:00:00,80.706
2013-11-06 00:00:00,80.483
2013-11-07 00:00:00,80.845
2013-11-08 00:00:00,81.303
2013-11-11 00:00:00,81.091
2013-11-12 00:00:00,81.192
2013-11-13 00:00:00,80.926
2013-11-14 00:00:00,81.023
2013-11-15 00:00:00,80.849
2013-11-18 00:00:00,80.825
2013-11-19 00:00:00,80.704
2013-11-20 00:00:00,81.112
2013-11-21 00:00:00,81.073
2013-11-22 00:00:00,80.708
2013-11-25 00:00:00,80.92
2013-11-26 00:00:00,80.611
2013-11-27 00:00:00,80.722
2013-11-28 00:00:00,80.582
2013-11-29 00:00:00,80.68
2013-12-02 00:00:00,80.925
2013-12-03 00:00:00,80.591
2013-12-04 00:00:00,80.619
2013-12-05 00:00:00,80.235
2013-12-06 00:00:00,80.315
2013-12-09 00:00:00,80.134
2013-12-10 00:00:00,79.966
2013-12-11 00:00:00,79.894
2013-12-12 00:00:00,80.206
2013-12-13 00:00:00,80.214
2013-12-16 00:00:00,80.074
2013-12-17 00:00:00,80.061
2013-12-18 00:00:00,80.105
2013-12-19 00:00:00,80.63
2013-12-20 00:00:00,80.575
2013-12-23 00:00:00,80.447
2013-12-24 00:00:00,80.536
2013-12-25 00:00:00,80.558
2013-12-26 00:00:00,80.484
2013-12-27 00:00:00,80.392
2013-12-30 00:00:00,80.0
2013-12-31 00:00:00,80.035
2014-01-01 00:00:00,80.108
2014-01-02 00:00:00,80.63
2014-01-03 00:00:00,80.791
2014-01-06 00:00:00,80.652
2014-01-07 00:00:00,80.833
2014-01-08 00:00:00,81.022
2014-01-09 00:00:00,81.005
2014-01-10 00:00:00,80.658
2014-01-13 00:00:00,80.513
2014-01-14 00:00:00,80.662
2014-01-15 00:00:00,81.027
2014-01-16 00:00:00,80.91
2014-01-17 00:00:00,81.225
2014-01-20 00:00:00,81.225
2014-01-21 00:00:00,81.098
2014-01-22 00:00:00,81.167
2014-01-23 00:00:00,80.438
2014-01-24 00:00:00,80.458
2014-01-27 00:00:00,80.524
2014-01-28 00:00:00,80.568
2014-01-29 00:00:00,80.505
2014-01-30 00:00:00,81.085
2014-01-31 00:00:00,81.311
2014-02-03 00:00:00,81.009
2014-02-04 00:00:00,81.121
2014-02-05 00:00:00,81.036
2014-02-06 00:00:00,80.906
2014-02-07 00:00:00,80.691
2014-02-10 00:00:00,80.642
2014-02-11 00:00:00,80.638
2014-02-12 00:00:00,80.679
2014-02-13 00:00:00,80.323
2014-02-14 00:00:00,80.136
2014-02-17 00:00:00,80.136
2014-02-18 00:00:00,80.008
2014-02-19 00:00:00,80.144
2014-02-20 00:00:00,80.286
2014-02-21 00:00:00,80.237
2014-02-24 00:00:00,80.199
2014-02-25 00:00:00,80.137
2014-02-26 00:00:00,80.429
2014-02-27 00:00:00,80.285
2014-02-28 00:00:00,79.691
2014-03-03 00:00:00,80.077
2014-03-04 00:00:00,80.168
2014-03-05 00:00:00,80.109
2014-03-06 00:00:00,79.663
2014-03-07 00:00:00,79.719
2014-03-10 00:00:00,79.768
2014-03-11 00:00:00,79.736
2014-03-12 00:00:00,79.608
2014-03-13 00:00:00,79.62
2014-03-14 00:00:00,79.446
2014-03-17 00:00:00,79.385
2014-03-18 00:00:00,79.414
2014-03-19 00:00:00,79.995
2014-03-20 00:00:00,80.192
2014-03-21 00:00:00,80.105
2014-03-24 00:00:00,79.934
2014-03-25 00:00:00,79.944
2014-03-26 00:00:00,80.032
2014-03-27 00:00:00,80.111
2014-03-28 00:00:00,80.176
2014-03-31 00:00:00,80.1
2014-04-01 00:00:00,80.094
2014-04-02 00:00:00,80.215
2014-04-03 00:00:00,80.475
2014-04-04 00:00:00,80.423
2014-04-07 00:00:00,80.232
2014-04-08 00:00:00,79.752
2014-04-09 00:00:00,79.484
2014-04-10 00:00:00,79.383
2014-04-11 00:00:00,79.452
2014-04-14 00:00:00,79.729
2014-04-15 00:00:00,79.803
2014-04-16 00:00:00,79.803
2014-04-17 00:00:00,79.828
2014-04-18 00:00:00,79.847
2014-04-21 00:00:00,79.945
2014-04-22 00:00:00,79.905
2014-04-23 00:00:00,79.855
2014-04-24 00:00:00,79.799
2014-04-25 00:00:00,79.749
2014-04-28 00:00:00,79.683
2014-04-29 00:00:00,79.808
2014-04-30 00:00:00,79.474
2014-05-01 00:00:00,79.527
2014-05-02 00:00:00,79.516
2014-05-05 00:00:00,79.486
2014-05-06 00:00:00,79.093
2014-05-07 00:00:00,79.202
2014-05-08 00:00:00,79.361
2014-05-09 00:00:00,79.903
2014-05-12 00:00:00,79.901
2014-05-13 00:00:00,80.143
2014-05-14 00:00:00,80.073
2014-05-15 00:00:00,80.003
2014-05-16 00:00:00,80.043
2014-05-19 00:00:00,79.993
2014-05-20 00:00:00,80.041
2014-05-21 00:00:00,80.095
2014-05-22 00:00:00,80.254
2014-05-23 00:00:00,80.393
2014-05-26 00:00:00,80.393
2014-05-27 00:00:00,80.352
2014-05-28 00:00:00,80.571
2014-05-29 00:00:00,80.494
2014-05-30 00:00:00,80.369
2014-06-02 00:00:00,80.644
2014-06-03 00:00:00,80.554
2014-06-04 00:00:00,80.663
2014-06-05 00:00:00,80.371
2014-06-06 00:00:00,80.409
2014-06-09 00:00:00,80.653
2014-06-10 00:00:00,80.82
2014-06-11 00:00:00,80.788
2014-06-12 00:00:00,80.576
2014-06-13 00:00:00,80.576
2014-06-16 00:00:00,80.471
2014-06-17 00:00:00,80.629
2014-06-18 00:00:00,80.584
2014-06-19 00:00:00,80.317
2014-06-20 00:00:00,80.372
2014-06-23 00:00:00,80.272
2014-06-24 00:00:00,80.327
2014-06-25 00:00:00,80.225
2014-06-26 00:00:00,80.22
2014-06-27 00:00:00,80.039
2014-06-30 00:00:00,79.775
2014-07-01 00:00:00,79.815
2014-07-02 00:00:00,79.956
2014-07-03 00:00:00,80.212
2014-07-04 00:00:00,80.269
2014-07-07 00:00:00,80.218
2014-07-08 00:00:00,80.179
2014-07-09 00:00:00,79.993
2014-07-10 00:00:00,80.127
2014-07-11 00:00:00,80.187
2014-07-14 00:00:00,80.188
2014-07-15 00:00:00,80.39
2014-07-16 00:00:00,80.559
2014-07-17 00:00:00,80.505
2014-07-18 00:00:00,80.524
2014-07-21 00:00:00,80.56
2014-07-22 00:00:00,80.781
2014-07-23 00:00:00,80.823
2014-07-24 00:00:00,80.872
2014-07-25 00:00:00,81.029
2014-07-28 00:00:00,81.025
2014-07-29 00:00:00,81.214
2014-07-30 00:00:00,81.432
2014-07-31 00:00:00,81.456
2014-08-01 00:00:00,81.302
2014-08-04 00:00:00,81.328
2014-08-05 00:00:00,81.328
2014-08-06 00:00:00,81.444
2014-08-07 00:00:00,81.524
2014-08-08 00:00:00,81.389
2014-08-11 00:00:00,81.466
2014-08-12 00:00:00,81.5
2014-08-13 00:00:00,81.596
2014-08-14 00:00:00,81.588
2014-08-15 00:00:00,81.424
2014-08-18 00:00:00,81.576
2014-08-19 00:00:00,81.883
2014-08-20 00:00:00,82.226
2014-08-21 00:00:00,82.154
2014-08-22 00:00:00,82.336
2014-08-25 00:00:00,82.549
2014-08-26 00:00:00,82.65
2014-08-27 00:00:00,82.428
2014-08-28 00:00:00,82.477
2014-08-29 00:00:00,82.748
2014-09-01 00:00:00,82.748
2014-09-02 00:00:00,82.992
2014-09-03 00:00:00,82.865
2014-09-04 00:00:00,83.82
2014-09-05 00:00:00,83.739
2014-09-08 00:00:00,84.232
2014-09-09 00:00:00,84.278
2014-09-10 00:00:00,84.283
2014-09-11 00:00:00,84.298
2014-09-12 00:00:00,84.24
2014-09-15 00:00:00,84.264
2014-09-16 00:00:00,84.074
2014-09-17 00:00:00,84.345
2014-09-18 00:00:00,84.323
2014-09-19 00:00:00,84.735
2014-09-22 00:00:00,84.752
2014-09-23 00:00:00,84.658
2014-09-24 00:00:00,85.037
2014-09-25 00:00:00,85.195
2014-09-26 00:00:00,85.64
2014-09-29 00:00:00,85.591
2014-09-30 00:00:00,85.936
2014-10-01 00:00:00,85.972
2014-10-02 00:00:00,85.601
2014-10-03 00:00:00,86.694
2014-10-06 00:00:00,85.928
2014-10-07 00:00:00,85.672
2014-10-08 00:00:00,85.297
2014-10-09 00:00:00,85.522
2014-10-10 00:00:00,85.912
2014-10-13 00:00:00,85.532
2014-10-14 00:00:00,85.822
2014-10-15 00:00:00,85.147
2014-10-16 00:00:00,84.955
2014-10-17 00:00:00,85.11
2014-10-20 00:00:00,84.953
2014-10-21 00:00:00,85.303
2014-10-22 00:00:00,85.741
2014-10-23 00:00:00,85.843
2014-10-24 00:00:00,85.732
2014-10-27 00:00:00,85.495
2014-10-28 00:00:00,85.408
2014-10-29 00:00:00,85.952
2014-10-30 00:00:00,86.147
2014-10-31 00:00:00,86.917
2014-11-03 00:00:00,87.309
2014-11-04 00:00:00,86.984
2014-11-05 00:00:00,87.444
2014-11-06 00:00:00,88.012
2014-11-07 00:00:00,87.642
2014-11-10 00:00:00,87.81
2014-11-11 00:00:00,87.531
2014-11-12 00:00:00,87.822
2014-11-13 00:00:00,87.674
2014-11-14 00:00:00,87.525
2014-11-17 00:00:00,87.926
2014-11-18 00:00:00,87.575
2014-11-19 00:00:00,87.647
2014-11-20 00:00:00,87.591
2014-11-21 00:00:00,88.31
2014-11-24 00:00:00,88.151
2014-11-25 00:00:00,87.92
2014-11-26 00:00:00,87.607
2014-11-27 00:00:00,87.607
2014-11-28 00:00:00,88.356
2014-12-01 00:00:00,87.946
2014-12-02 00:00:00,88.647
2014-12-03 00:00:00,88.956
2014-12-04 00:00:00,88.704
2014-12-05 00:00:00,89.334
2014-12-08 00:00:00,89.041
2014-12-09 00:00:00,88.69
2014-12-10 00:00:00,88.271
2014-12-11 00:00:00,88.663
2014-12-12 00:00:00,88.363
2014-12-15 00:00:00,88.46
2014-12-16 00:00:00,88.125
2014-12-17 00:00:00,89.133
2014-12-18 00:00:00,89.235
2014-12-19 00:00:00,89.598
2014-12-22 00:00:00,89.77
2014-12-23 00:00:00,90.064
2014-12-24 00:00:00,89.967
2014-12-25 00:00:00,89.835
2014-12-26 00:00:00,90.03
2014-12-29 00:00:00,90.19
2014-12-30 00:00:00,89.991
2014-12-31 00:00:00,90.269
2015-01-01 00:00:00,90.276
2015-01-02 00:00:00,91.08
2015-01-05 00:00:00,91.378
2015-01-06 00:00:00,91.499
2015-01-07 00:00:00,91.89
2015-01-08 00:00:00,92.368
2015-01-09 00:00:00,91.935
2015-01-12 00:00:00,91.983
2015-01-13 00:00:00,92.31
2015-01-14 00:00:00,92.161
2015-01-15 00:00:00,92.352
2015-01-16 00:00:00,92.52
2015-01-19 00:00:00,92.52
2015-01-20 00:00:00,93.046
2015-01-21 00:00:00,92.904
2015-01-22 00:00:00,94.077
2015-01-23 00:00:00,94.762
2015-01-26 00:00:00,94.802
2015-01-27 00:00:00,94.022
2015-01-28 00:00:00,94.467
2015-01-29 00:00:00,94.782
2015-01-30 00:00:00,94.804
2015-02-02 00:00:00,94.504
2015-02-03 00:00:00,93.6
2015-02-04 00:00:00,93.986
2015-02-05 00:00:00,93.569
2015-02-06 00:00:00,94.698
2015-02-09 00:00:00,94.449
2015-02-10 00:00:00,94.758
2015-02-11 00:00:00,94.985
2015-02-12 00:00:00,94.094
2015-02-13 00:00:00,94.201
2015-02-16 00:00:00,94.201
2015-02-17 00:00:00,94.061
2015-02-18 00:00:00,94.198
2015-02-19 00:00:00,94.404
2015-02-20 00:00:00,94.253
2015-02-23 00:00:00,94.569
2015-02-24 00:00:00,94.493
2015-02-25 00:00:00,94.213
2015-02-26 00:00:00,95.292
2015-02-27 00:00:00,95.293
2015-03-02 00:00:00,95.462
2015-03-03 00:00:00,95.383
2015-03-04 00:00:00,95.965
2015-03-05 00:00:00,96.378
2015-03-06 00:00:00,97.615
2015-03-09 00:00:00,97.588
2015-03-10 00:00:00,98.618
2015-03-11 00:00:00,99.795
2015-03-12 00:00:00,99.435
2015-03-13 00:00:00,100.33
2015-03-16 00:00:00,99.604
2015-03-17 00:00:00,99.585
2015-03-18 00:00:00,98.55
2015-03-19 00:00:00,99.26
2015-03-20 00:00:00,97.909
2015-03-23 00:00:00,97.033
2015-03-24 00:00:00,97.193
2015-03-25 00:00:00,96.979
2015-03-26 00:00:00,97.436
2015-03-27 00:00:00,97.291
2015-03-30 00:00:00,97.975
2015-03-31 00:00:00,98.357
2015-04-01 00:00:00,98.185
2015-04-02 00:00:00,97.436
2015-04-03 00:00:00,96.545
2015-04-06 00:00:00,96.777
2015-04-07 00:00:00,97.83
2015-04-08 00:00:00,97.94
2015-04-09 00:00:00,99.155
2015-04-10 00:00:00,99.338
2015-04-13 00:00:00,99.49
2015-04-14 00:00:00,98.733
2015-04-15 00:00:00,98.319
2015-04-16 00:00:00,97.415
2015-04-17 00:00:00,97.52
2015-04-20 00:00:00,97.941
2015-04-21 00:00:00,98.004
2015-04-22 00:00:00,97.932
2015-04-23 00:00:00,97.278
2015-04-24 00:00:00,96.922
2015-04-27 00:00:00,96.765
2015-04-28 00:00:00,96.092
2015-04-29 00:00:00,95.209
2015-04-30 00:00:00,94.6
2015-05-01 00:00:00,95.297
2015-05-04 00:00:00,95.48
2015-05-05 00:00:00,95.076
2015-05-06 00:00:00,94.087
2015-05-07 00:00:00,94.635
2015-05-08 00:00:00,94.794
2015-05-11 00:00:00,95.011
2015-05-12 00:00:00,94.534
2015-05-13 00:00:00,93.617
2015-05-14 00:00:00,93.457
2015-05-15 00:00:00,93.135
2015-05-18 00:00:00,94.221
2015-05-19 00:00:00,95.267
2015-05-20 00:00:00,95.448
2015-05-21 00:00:00,95.255
2015-05-22 00:00:00,96.014
2015-05-25 00:00:00,96.014
2015-05-26 00:00:00,97.299
2015-05-27 00:00:00,97.371
2015-05-28 00:00:00,96.965
2015-05-29 00:00:00,96.907
2015-06-01 00:00:00,97.392
2015-06-02 00:00:00,95.835
2015-06-03 00:00:00,95.465
2015-06-04 00:00:00,95.461
2015-06-05 00:00:00,96.306
2015-06-08 00:00:00,95.299
2015-06-09 00:00:00,95.166
2015-06-10 00:00:00,94.646
2015-06-11 00:00:00,94.976
2015-06-12 00:00:00,94.972
2015-06-15 00:00:00,94.81
2015-06-16 00:00:00,94.999
2015-06-17 00:00:00,94.296
2015-06-18 00:00:00,94.042
2015-06-19 00:00:00,94.085
2015-06-22 00:00:00,94.329
2015-06-23 00:00:00,95.432
2015-06-24 00:00:00,95.264
2015-06-25 00:00:00,95.187
2015-06-26 00:00:00,95.472
2015-06-29 00:00:00,94.79
2015-06-30 00:00:00,95.485
2015-07-01 00:00:00,96.31
2015-07-02 00:00:00,96.113
2015-07-03 00:00:00,96.113
2015-07-06 00:00:00,96.298
2015-07-07 00:00:00,96.865
2015-07-08 00:00:00,96.294
2015-07-09 00:00:00,96.606
2015-07-10 00:00:00,96.025
2015-07-13 00:00:00,96.858
2015-07-14 00:00:00,96.643
2015-07-15 00:00:00,97.166
2015-07-16 00:00:00,97.668
2015-07-17 00:00:00,97.862
2015-07-20 00:00:00,98.029
2015-07-21 00:00:00,97.328
2015-07-22 00:00:00,97.598
2015-07-23 00:00:00,97.115
2015-07-24 00:00:00,97.244
2015-07-27 00:00:00,96.502
2015-07-28 00:00:00,96.772
2015-07-29 00:00:00,96.976
2015-07-30 00:00:00,97.56
2015-07-31 00:00:00,97.336
2015-08-03 00:00:00,97.494
2015-08-04 00:00:00,97.931
2015-08-05 00:00:00,97.958
2015-08-06 00:00:00,97.833
2015-08-07 00:00:00,97.563
2015-08-10 00:00:00,97.159
2015-08-11 00:00:00,97.29
2015-08-12 00:00:00,96.262
2015-08-13 00:00:00,96.445
2015-08-14 00:00:00,96.52
2015-08-17 00:00:00,96.806
2015-08-18 00:00:00,97.04
2015-08-19 00:00:00,96.359
2015-08-20 00:00:00,95.98
2015-08-21 00:00:00,95.008
2015-08-24 00:00:00,93.332
2015-08-25 00:00:00,94.53
2015-08-26 00:00:00,95.1
2015-08-27 00:00:00,95.61
2015-08-28 00:00:00,96.106
2015-08-31 00:00:00,95.824
2015-09-01 00:00:00,95.45
2015-09-02 00:00:00,95.828
2015-09-03 00:00:00,96.405
2015-09-04 00:00:00,96.229
2015-09-07 00:00:00,96.229
2015-09-08 00:00:00,95.985
2015-09-09 00:00:00,96.012
2015-09-10 00:00:00,95.456
2015-09-11 00:00:00,95.194
2015-09-14 00:00:00,95.246
2015-09-15 00:00:00,95.611
2015-09-16 00:00:00,95.42
2015-09-17 00:00:00,94.55
2015-09-18 00:00:00,94.863
2015-09-21 00:00:00,95.894
2015-09-22 00:00:00,96.283
2015-09-23 00:00:00,96.068
2015-09-24 00:00:00,95.994
2015-09-25 00:00:00,96.269
2015-09-28 00:00:00,96.034
2015-09-29 00:00:00,95.855
2015-09-30 00:00:00,96.35
2015-10-01 00:00:00,96.185
2015-10-02 00:00:00,95.83
2015-10-05 00:00:00,96.106
2015-10-06 00:00:00,95.455
2015-10-07 00:00:00,95.497
2015-10-08 00:00:00,95.318
2015-10-09 00:00:00,94.813
2015-10-12 00:00:00,94.841
2015-10-13 00:00:00,94.759
2015-10-14 00:00:00,93.931
2015-10-15 00:00:00,94.371
2015-10-16 00:00:00,94.54
2015-10-19 00:00:00,94.928
2015-10-20 00:00:00,94.913
2015-10-21 00:00:00,95.035
2015-10-22 00:00:00,96.378
2015-10-23 00:00:00,97.127
2015-10-26 00:00:00,96.861
2015-10-27 00:00:00,96.906
2015-10-28 00:00:00,97.782
2015-10-29 00:00:00,97.282
2015-10-30 00:00:00,96.946
2015-11-02 00:00:00,96.928
2015-11-03 00:00:00,97.158
2015-11-04 00:00:00,97.95
2015-11-05 00:00:00,97.936
2015-11-06 00:00:00,99.168
2015-11-09 00:00:00,98.979
2015-11-10 00:00:00,99.293
2015-11-11 00:00:00,99.013
2015-11-12 00:00:00,98.649
2015-11-13 00:00:00,98.998
2015-11-16 00:00:00,99.442
2015-11-17 00:00:00,99.631
2015-11-18 00:00:00,99.652
2015-11-19 00:00:00,98.989
2015-11-20 00:00:00,99.565
2015-11-23 00:00:00,99.803
2015-11-24 00:00:00,99.527
2015-11-25 00:00:00,99.795
2015-11-26 00:00:00,99.795
2015-11-27 00:00:00,100.02
2015-11-30 00:00:00,100.17
2015-12-01 00:00:00,99.795
2015-12-02 00:00:00,99.993
2015-12-03 00:00:00,97.621
2015-12-04 00:00:00,98.354
2015-12-07 00:00:00,98.655
2015-12-08 00:00:00,98.474
2015-12-09 00:00:00,97.345
2015-12-10 00:00:00,97.939
2015-12-11 00:00:00,97.565
2015-12-14 00:00:00,97.604
2015-12-15 00:00:00,98.217
2015-12-16 00:00:00,97.871
2015-12-17 00:00:00,99.27
2015-12-18 00:00:00,98.703
2015-12-21 00:00:00,98.363
2015-12-22 00:00:00,98.235
2015-12-23 00:00:00,98.341
2015-12-24 00:00:00,97.984
2015-12-25 00:00:00,97.847
2015-12-28 00:00:00,97.919
2015-12-29 00:00:00,98.101
2015-12-30 00:00:00,98.266
2015-12-31 00:00:00,98.631
2016-01-01 00:00:00,98.683
2016-01-04 00:00:00,98.869
2016-01-05 00:00:00,99.404
2016-01-06 00:00:00,99.181
2016-01-07 00:00:00,98.219
2016-01-08 00:00:00,98.54
2016-01-11 00:00:00,98.725
2016-01-12 00:00:00,98.974
2016-01-13 00:00:00,98.933
2016-01-14 00:00:00,99.089
2016-01-15 00:00:00,98.956
2016-01-18 00:00:00,98.956
2016-01-19 00:00:00,98.991
2016-01-20 00:00:00,99.091
2016-01-21 00:00:00,99.056
2016-01-22 00:00:00,99.574
2016-01-25 00:00:00,99.36
2016-01-26 00:00:00,99.087
2016-01-27 00:00:00,98.902
2016-01-28 00:00:00,98.51
2016-01-29 00:00:00,99.606
2016-02-01 00:00:00,99.009
2016-02-02 00:00:00,98.872
2016-02-03 00:00:00,97.288
2016-02-04 00:00:00,96.474
2016-02-05 00:00:00,97.031
2016-02-08 00:00:00,96.57
2016-02-09 00:00:00,96.071
2016-02-10 00:00:00,95.888
2016-02-11 00:00:00,95.562
2016-02-12 00:00:00,95.94
2016-02-15 00:00:00,95.94
2016-02-16 00:00:00,96.868
2016-02-17 00:00:00,96.786
2016-02-18 00:00:00,96.951
2016-02-19 00:00:00,96.6
2016-02-22 00:00:00,97.379
2016-02-23 00:00:00,97.481
2016-02-24 00:00:00,97.458
2016-02-25 00:00:00,97.287
2016-02-26 00:00:00,98.148
2016-02-29 00:00:00,98.211
2016-03-01 00:00:00,98.352
2016-03-02 00:00:00,98.214
2016-03-03 00:00:00,97.592
2016-03-04 00:00:00,97.34
2016-03-07 00:00:00,97.071
2016-03-08 00:00:00,97.209
2016-03-09 00:00:00,97.173
2016-03-10 00:00:00,96.066
2016-03-11 00:00:00,96.172
2016-03-14 00:00:00,96.624
2016-03-15 00:00:00,96.633
2016-03-16 00:00:00,95.89
2016-03-17 00:00:00,94.76
2016-03-18 00:00:00,95.086
2016-03-21 00:00:00,95.288
2016-03-22 00:00:00,95.648
2016-03-23 00:00:00,96.046
2016-03-24 00:00:00,96.142
2016-03-25 00:00:00,96.273
2016-03-28 00:00:00,95.943
2016-03-29 00:00:00,95.16
2016-03-30 00:00:00,94.841
2016-03-31 00:00:00,94.586
2016-04-01 00:00:00,94.619
2016-04-04 00:00:00,94.51
2016-04-05 00:00:00,94.631
2016-04-06 00:00:00,94.43
2016-04-07 00:00:00,94.482
2016-04-08 00:00:00,94.235
2016-04-11 00:00:00,93.95
2016-04-12 00:00:00,93.959
2016-04-13 00:00:00,94.744
2016-04-14 00:00:00,94.902
2016-04-15 00:00:00,94.696
2016-04-18 00:00:00,94.49
2016-04-19 00:00:00,93.976
2016-04-20 00:00:00,94.492
2016-04-21 00:00:00,94.599
2016-04-22 00:00:00,95.116
2016-04-25 00:00:00,94.842
2016-04-26 00:00:00,94.573
2016-04-27 00:00:00,94.387
2016-04-28 00:00:00,93.761
2016-04-29 00:00:00,93.082
2016-05-02 00:00:00,92.626
2016-05-03 00:00:00,92.944
2016-05-04 00:00:00,93.179
2016-05-05 00:00:00,93.78
2016-05-06 00:00:00,93.888
2016-05-09 00:00:00,94.128
2016-05-10 00:00:00,94.29
2016-05-11 00:00:00,93.823
2016-05-12 00:00:00,94.15
2016-05-13 00:00:00,94.608
2016-05-16 00:00:00,94.572
2016-05-17 00:00:00,94.548
2016-05-18 00:00:00,95.08
2016-05-19 00:00:00,95.287
2016-05-20 00:00:00,95.334
2016-05-23 00:00:00,95.231
2016-05-24 00:00:00,95.571
2016-05-25 00:00:00,95.354
2016-05-26 00:00:00,95.168
2016-05-27 00:00:00,95.521
2016-05-30 00:00:00,95.521
2016-05-31 00:00:00,95.891
2016-06-01 00:00:00,95.455
2016-06-02 00:00:00,95.564
2016-06-03 00:00:00,94.029
2016-06-06 00:00:00,93.902
2016-06-07 00:00:00,93.828
2016-06-08 00:00:00,93.59
2016-06-09 00:00:00,93.953
2016-06-10 00:00:00,94.571
2016-06-13 00:00:00,94.362
2016-06-14 00:00:00,94.928
2016-06-15 00:00:00,94.61
2016-06-16 00:00:00,94.569
2016-06-17 00:00:00,94.206
2016-06-20 00:00:00,93.611
2016-06-21 00:00:00,94.017
2016-06-22 00:00:00,93.716
2016-06-23 00:00:00,93.529
2016-06-24 00:00:00,95.448
2016-06-27 00:00:00,96.544
2016-06-28 00:00:00,96.245
2016-06-29 00:00:00,95.769
2016-06-30 00:00:00,96.143
2016-07-01 00:00:00,95.649
2016-07-04 00:00:00,95.649
2016-07-05 00:00:00,96.166
2016-07-06 00:00:00,96.053
2016-07-07 00:00:00,96.328
2016-07-08 00:00:00,96.302
2016-07-11 00:00:00,96.571
2016-07-12 00:00:00,96.441
2016-07-13 00:00:00,96.216
2016-07-14 00:00:00,96.077
2016-07-15 00:00:00,96.58
2016-07-18 00:00:00,96.562
2016-07-19 00:00:00,97.063
2016-07-20 00:00:00,97.201
2016-07-21 00:00:00,97.0
2016-07-22 00:00:00,97.467
2016-07-25 00:00:00,97.286
2016-07-26 00:00:00,97.156
2016-07-27 00:00:00,97.053
2016-07-28 00:00:00,96.739
2016-07-29 00:00:00,95.53
2016-08-01 00:00:00,95.713
2016-08-02 00:00:00,95.064
2016-08-03 00:00:00,95.563
2016-08-04 00:00:00,95.758
2016-08-05 00:00:00,96.194
2016-08-08 00:00:00,96.401
2016-08-09 00:00:00,96.183
2016-08-10 00:00:00,95.65
2016-08-11 00:00:00,95.857
2016-08-12 00:00:00,95.722
2016-08-15 00:00:00,95.629
2016-08-16 00:00:00,94.791
2016-08-17 00:00:00,94.718
2016-08-18 00:00:00,94.157
2016-08-19 00:00:00,94.511
2016-08-22 00:00:00,94.519
2016-08-23 00:00:00,94.539
2016-08-24 00:00:00,94.786
2016-08-25 00:00:00,94.772
2016-08-26 00:00:00,95.566
2016-08-29 00:00:00,95.58
2016-08-30 00:00:00,96.054
2016-08-31 00:00:00,96.022
2016-09-01 00:00:00,95.653
2016-09-02 00:00:00,95.844
2016-09-05 00:00:00,95.844
2016-09-06 00:00:00,94.823
2016-09-07 00:00:00,94.956
2016-09-08 00:00:00,95.027
2016-09-09 00:00:00,95.336
2016-09-12 00:00:00,95.095
2016-09-13 00:00:00,95.633
2016-09-14 00:00:00,95.327
2016-09-15 00:00:00,95.288
2016-09-16 00:00:00,96.108
2016-09-19 00:00:00,95.841
2016-09-20 00:00:00,96.019
2016-09-21 00:00:00,95.66
2016-09-22 00:00:00,95.448
2016-09-23 00:00:00,95.477
2016-09-26 00:00:00,95.297
2016-09-27 00:00:00,95.435
2016-09-28 00:00:00,95.431
2016-09-29 00:00:00,95.535
2016-09-30 00:00:00,95.463
2016-10-03 00:00:00,95.695
2016-10-04 00:00:00,96.169
2016-10-05 00:00:00,96.125
2016-10-06 00:00:00,96.765
2016-10-07 00:00:00,96.632
2016-10-10 00:00:00,96.929
2016-10-11 00:00:00,97.69
2016-10-12 00:00:00,97.966
2016-10-13 00:00:00,97.516
2016-10-14 00:00:00,98.019
2016-10-17 00:00:00,97.888
2016-10-18 00:00:00,97.895
2016-10-19 00:00:00,97.92
2016-10-20 00:00:00,98.315
2016-10-21 00:00:00,98.695
2016-10-24 00:00:00,98.756
2016-10-25 00:00:00,98.719
2016-10-26 00:00:00,98.629
2016-10-27 00:00:00,98.888
2016-10-28 00:00:00,98.348
2016-10-31 00:00:00,98.445
2016-11-01 00:00:00,97.699
2016-11-02 00:00:00,97.398
2016-11-03 00:00:00,97.157
2016-11-04 00:00:00,97.065
2016-11-07 00:00:00,97.781
2016-11-08 00:00:00,97.861
2016-11-09 00:00:00,98.504
2016-11-10 00:00:00,98.785
2016-11-11 00:00:00,99.06
2016-11-14 00:00:00,100.11
2016-11-15 00:00:00,100.23
2016-11-16 00:00:00,100.41
2016-11-17 00:00:00,100.89
2016-11-18 00:00:00,101.21
2016-11-21 00:00:00,101.05
2016-11-22 00:00:00,101.04
2016-11-23 00:00:00,101.7
2016-11-24 00:00:00,101.7
2016-11-25 00:00:00,101.49
2016-11-28 00:00:00,101.33
2016-11-29 00:00:00,100.93
2016-11-30 00:00:00,101.5
2016-12-01 00:00:00,101.04
2016-12-02 00:00:00,100.77
2016-12-05 00:00:00,100.09
2016-12-06 00:00:00,100.49
2016-12-07 00:00:00,100.23
2016-12-08 00:00:00,101.1
2016-12-09 00:00:00,101.59
2016-12-12 00:00:00,101.03
2016-12-13 00:00:00,101.07
2016-12-14 00:00:00,101.76
2016-12-15 00:00:00,103.02
2016-12-16 00:00:00,102.95
2016-12-19 00:00:00,103.14
2016-12-20 00:00:00,103.29
2016-12-21 00:00:00,103.02
2016-12-22 00:00:00,103.09
2016-12-23 00:00:00,103.01
2016-12-26 00:00:00,102.97
2016-12-27 00:00:00,103.02
2016-12-28 00:00:00,103.3
2016-12-29 00:00:00,102.68
2016-12-30 00:00:00,102.21
2017-01-02 00:00:00,102.78
2017-01-03 00:00:00,103.21
2017-01-04 00:00:00,102.7
2017-01-05 00:00:00,101.52
2017-01-06 00:00:00,102.22
2017-01-09 00:00:00,101.93
2017-01-10 00:00:00,102.01
2017-01-11 00:00:00,101.78
2017-01-12 00:00:00,101.35
2017-01-13 00:00:00,101.18
2017-01-16 00:00:00,101.18
2017-01-17 00:00:00,100.33
2017-01-18 00:00:00,100.93
2017-01-19 00:00:00,101.15
2017-01-20 00:00:00,100.74
2017-01-23 00:00:00,100.16
2017-01-24 00:00:00,100.35
2017-01-25 00:00:00,100.03
2017-01-26 00:00:00,100.38
2017-01-27 00:00:00,100.53
2017-01-30 00:00:00,100.43
2017-01-31 00:00:00,99.512
2017-02-01 00:00:00,99.641
2017-02-02 00:00:00,99.79
2017-02-03 00:00:00,99.868
2017-02-06 00:00:00,99.907
2017-02-07 00:00:00,100.26
2017-02-08 00:00:00,100.28
2017-02-09 00:00:00,100.65
2017-02-10 00:00:00,100.8
2017-02-13 00:00:00,100.96
2017-02-14 00:00:00,101.25
2017-02-15 00:00:00,101.18
2017-02-16 00:00:00,100.44
2017-02-17 00:00:00,100.95
2017-02-20 00:00:00,100.95
2017-02-21 00:00:00,101.37
2017-02-22 00:00:00,101.22
2017-02-23 00:00:00,101.05
2017-02-24 00:00:00,101.09
2017-02-27 00:00:00,101.13
2017-02-28 00:00:00,101.12
2017-03-01 00:00:00,101.78
2017-03-02 00:00:00,102.2
2017-03-03 00:00:00,101.54
2017-03-06 00:00:00,101.64
2017-03-07 00:00:00,101.81
2017-03-08 00:00:00,102.07
2017-03-09 00:00:00,101.85
2017-03-10 00:00:00,101.25
2017-03-13 00:00:00,101.31
2017-03-14 00:00:00,101.7
2017-03-15 00:00:00,100.74
2017-03-16 00:00:00,100.36
2017-03-17 00:00:00,100.3
2017-03-20 00:00:00,100.41
2017-03-21 00:00:00,99.813
2017-03-22 00:00:00,99.677
2017-03-23 00:00:00,99.76
2017-03-24 00:00:00,99.627
2017-03-27 00:00:00,99.166
2017-03-28 00:00:00,99.712
2017-03-29 00:00:00,99.998
2017-03-30 00:00:00,100.41
2017-03-31 00:00:00,100.35
2017-04-03 00:00:00,100.54
2017-04-04 00:00:00,100.54
2017-04-05 00:00:00,100.56
2017-04-06 00:00:00,100.67
2017-04-07 00:00:00,101.18
2017-04-10 00:00:00,101.02
2017-04-11 00:00:00,100.71
2017-04-12 00:00:00,100.78
2017-04-13 00:00:00,100.49
2017-04-14 00:00:00,100.51
2017-04-17 00:00:00,100.29
2017-04-18 00:00:00,99.499
2017-04-19 00:00:00,99.738
2017-04-20 00:00:00,99.778
2017-04-21 00:00:00,99.977
2017-04-24 00:00:00,99.092
2017-04-25 00:00:00,98.785
2017-04-26 00:00:00,99.045
2017-04-27 00:00:00,99.076
2017-04-28 00:00:00,99.05
2017-05-01 00:00:00,99.077
2017-05-02 00:00:00,98.976
2017-05-03 00:00:00,99.209
2017-05-04 00:00:00,98.797
2017-05-05 00:00:00,98.648
2017-05-08 00:00:00,99.06
2017-05-09 00:00:00,99.658
2017-05-10 00:00:00,99.669
2017-05-11 00:00:00,99.623
2017-05-12 00:00:00,99.252
2017-05-15 00:00:00,98.911
2017-05-16 00:00:00,98.105
2017-05-17 00:00:00,97.575
2017-05-18 00:00:00,97.879
2017-05-19 00:00:00,97.142
2017-05-22 00:00:00,96.984
2017-05-23 00:00:00,97.351
2017-05-24 00:00:00,97.238
2017-05-25 00:00:00,97.248
2017-05-26 00:00:00,97.442
2017-05-29 00:00:00,97.442
2017-05-30 00:00:00,97.28
2017-05-31 00:00:00,96.922
2017-06-01 00:00:00,97.198
2017-06-02 00:00:00,96.715
2017-06-05 00:00:00,96.799
2017-06-06 00:00:00,96.636
2017-06-07 00:00:00,96.748
2017-06-08 00:00:00,96.918
2017-06-09 00:00:00,97.274
2017-06-12 00:00:00,97.138
2017-06-13 00:00:00,96.975
2017-06-14 00:00:00,96.939
2017-06-15 00:00:00,97.433
2017-06-16 00:00:00,97.164
2017-06-19 00:00:00,97.548
2017-06-20 00:00:00,97.76
2017-06-21 00:00:00,97.559
2017-06-22 00:00:00,97.593
2017-06-23 00:00:00,97.264
2017-06-26 00:00:00,97.426
2017-06-27 00:00:00,96.394
2017-06-28 00:00:00,96.01
2017-06-29 00:00:00,95.628
2017-06-30 00:00:00,95.628
2017-07-03 00:00:00,96.218
2017-07-04 00:00:00,96.218
2017-07-05 00:00:00,96.29
2017-07-06 00:00:00,95.802
2017-07-07 00:00:00,96.008
2017-07-10 00:00:00,96.022
2017-07-11 00:00:00,95.669
2017-07-12 00:00:00,95.761
2017-07-13 00:00:00,95.728
2017-07-14 00:00:00,95.153
2017-07-17 00:00:00,95.128
2017-07-18 00:00:00,94.604
2017-07-19 00:00:00,94.779
2017-07-20 00:00:00,94.306
2017-07-21 00:00:00,93.858
2017-07-24 00:00:00,93.977
2017-07-25 00:00:00,94.054
2017-07-26 00:00:00,93.672
2017-07-27 00:00:00,93.864
2017-07-28 00:00:00,93.259
2017-07-31 00:00:00,92.863
2017-08-01 00:00:00,93.043
2017-08-02 00:00:00,92.836
2017-08-03 00:00:00,92.839
2017-08-04 00:00:00,93.542
2017-08-07 00:00:00,93.432
2017-08-08 00:00:00,93.647
2017-08-09 00:00:00,93.548
2017-08-10 00:00:00,93.401
2017-08-11 00:00:00,93.069
2017-08-14 00:00:00,93.411
2017-08-15 00:00:00,93.853
2017-08-16 00:00:00,93.541
2017-08-17 00:00:00,93.622
2017-08-18 00:00:00,93.434
2017-08-21 00:00:00,93.095
2017-08-22 00:00:00,93.545
2017-08-23 00:00:00,93.147
2017-08-24 00:00:00,93.277
2017-08-25 00:00:00,92.74
2017-08-28 00:00:00,92.207
2017-08-29 00:00:00,92.249
2017-08-30 00:00:00,92.884
2017-08-31 00:00:00,92.668
2017-09-01 00:00:00,92.814
2017-09-04 00:00:00,92.635
2017-09-05 00:00:00,92.252
2017-09-06 00:00:00,92.29
2017-09-07 00:00:00,91.663
2017-09-08 00:00:00,91.352
2017-09-11 00:00:00,91.875
2017-09-12 00:00:00,91.882
2017-09-13 00:00:00,92.52
2017-09-14 00:00:00,92.124
2017-09-15 00:00:00,91.872
2017-09-18 00:00:00,92.047
2017-09-19 00:00:00,91.793
2017-09-20 00:00:00,92.508
2017-09-21 00:00:00,92.259
2017-09-22 00:00:00,92.171
2017-09-25 00:00:00,92.648
2017-09-26 00:00:00,92.966
2017-09-27 00:00:00,93.361
2017-09-28 00:00:00,93.085
2017-09-29 00:00:00,93.076
2017-10-02 00:00:00,93.559
2017-10-03 00:00:00,93.569
2017-10-04 00:00:00,93.458
2017-10-05 00:00:00,93.961
2017-10-06 00:00:00,93.8
2017-10-09 00:00:00,93.675
2017-10-10 00:00:00,93.29
2017-10-11 00:00:00,93.015
2017-10-12 00:00:00,93.057
2017-10-13 00:00:00,93.091
2017-10-16 00:00:00,93.312
2017-10-17 00:00:00,93.486
2017-10-18 00:00:00,93.363
2017-10-19 00:00:00,93.266
2017-10-20 00:00:00,93.701
2017-10-23 00:00:00,93.936
2017-10-24 00:00:00,93.772
2017-10-25 00:00:00,93.711
2017-10-26 00:00:00,94.612
2017-10-27 00:00:00,94.916
2017-10-30 00:00:00,94.56
2017-10-31 00:00:00,94.552
2017-11-01 00:00:00,94.815
2017-11-02 00:00:00,94.685
2017-11-03 00:00:00,94.941
2017-11-06 00:00:00,94.757
2017-11-07 00:00:00,94.913
2017-11-08 00:00:00,94.866
2017-11-09 00:00:00,94.444
2017-11-10 00:00:00,94.391
2017-11-13 00:00:00,94.49
2017-11-14 00:00:00,93.827
2017-11-15 00:00:00,93.813
2017-11-16 00:00:00,93.932
2017-11-17 00:00:00,93.662
2017-11-20 00:00:00,94.08
2017-11-21 00:00:00,93.952
2017-11-22 00:00:00,93.22
2017-11-23 00:00:00,93.22
2017-11-24 00:00:00,92.782
2017-11-27 00:00:00,92.904
2017-11-28 00:00:00,93.27
2017-11-29 00:00:00,93.164
2017-11-30 00:00:00,93.047
2017-12-01 00:00:00,92.885
2017-12-04 00:00:00,93.188
2017-12-05 00:00:00,93.379
2017-12-06 00:00:00,93.61
2017-12-07 00:00:00,93.795
2017-12-08 00:00:00,93.901
2017-12-11 00:00:00,93.866
2017-12-12 00:00:00,94.101
2017-12-13 00:00:00,93.429
2017-12-14 00:00:00,93.489
2017-12-15 00:00:00,93.932
2017-12-18 00:00:00,93.695
2017-12-19 00:00:00,93.441
2017-12-20 00:00:00,93.313
2017-12-21 00:00:00,93.278
2017-12-22 00:00:00,93.347
2017-12-25 00:00:00,93.267
2017-12-26 00:00:00,93.257
2017-12-27 00:00:00,93.025
2017-12-28 00:00:00,92.602
2017-12-29 00:00:00,92.124
2018-01-01 00:00:00,92.24
2018-01-02 00:00:00,91.872
2018-01-03 00:00:00,92.162
2018-01-04 00:00:00,91.853
2018-01-05 00:00:00,91.949
2018-01-08 00:00:00,92.358
2018-01-09 00:00:00,92.528
2018-01-10 00:00:00,92.332
2018-01-11 00:00:00,91.852
2018-01-12 00:00:00,90.974
2018-01-15 00:00:00,90.974
2018-01-16 00:00:00,90.393
2018-01-17 00:00:00,90.541
2018-01-18 00:00:00,90.498
2018-01-19 00:00:00,90.572
2018-01-22 00:00:00,90.401
2018-01-23 00:00:00,90.124
2018-01-24 00:00:00,89.206
2018-01-25 00:00:00,89.391
2018-01-26 00:00:00,89.067
2018-01-29 00:00:00,89.308
2018-01-30 00:00:00,89.16
2018-01-31 00:00:00,89.133
2018-02-01 00:00:00,88.671
2018-02-02 00:00:00,89.195
2018-02-05 00:00:00,89.554
2018-02-06 00:00:00,89.585
2018-02-07 00:00:00,90.255
2018-02-08 00:00:00,90.229
2018-02-09 00:00:00,90.442
2018-02-12 00:00:00,90.208
2018-02-13 00:00:00,89.703
2018-02-14 00:00:00,89.121
2018-02-15 00:00:00,88.593
2018-02-16 00:00:00,89.1
2018-02-19 00:00:00,89.1
2018-02-20 00:00:00,89.716
2018-02-21 00:00:00,90.0
2018-02-22 00:00:00,89.736
2018-02-23 00:00:00,89.883
2018-02-26 00:00:00,89.853
2018-02-27 00:00:00,90.355
2018-02-28 00:00:00,90.613
2018-03-01 00:00:00,90.324
2018-03-02 00:00:00,89.935
2018-03-05 00:00:00,90.08
2018-03-06 00:00:00,89.618
2018-03-07 00:00:00,89.637
2018-03-08 00:00:00,90.179
2018-03-09 00:00:00,90.093
2018-03-12 00:00:00,89.895
2018-03-13 00:00:00,89.664
2018-03-14 00:00:00,89.704
2018-03-15 00:00:00,90.139
2018-03-16 00:00:00,90.233
2018-03-19 00:00:00,89.765
2018-03-20 00:00:00,90.371
2018-03-21 00:00:00,89.783
2018-03-22 00:00:00,89.857
2018-03-23 00:00:00,89.436
2018-03-26 00:00:00,89.027
2018-03-27 00:00:00,89.372
2018-03-28 00:00:00,90.058
2018-03-29 00:00:00,90.151
2018-03-30 00:00:00,89.974
2018-04-02 00:00:00,90.052
2018-04-03 00:00:00,90.2
2018-04-04 00:00:00,90.142
2018-04-05 00:00:00,90.46
2018-04-06 00:00:00,90.108
2018-04-09 00:00:00,89.838
2018-04-10 00:00:00,89.587
2018-04-11 00:00:00,89.568
2018-04-12 00:00:00,89.751
2018-04-13 00:00:00,89.8
2018-04-16 00:00:00,89.425
2018-04-17 00:00:00,89.516
2018-04-18 00:00:00,89.623
2018-04-19 00:00:00,89.94
2018-04-20 00:00:00,90.316
2018-04-23 00:00:00,90.946
2018-04-24 00:00:00,90.766
2018-04-25 00:00:00,91.172
2018-04-26 00:00:00,91.561
2018-04-27 00:00:00,91.542
2018-04-30 00:00:00,91.841
2018-05-01 00:00:00,92.449
2018-05-02 00:00:00,92.512
2018-05-03 00:00:00,92.414
2018-05-04 00:00:00,92.566
2018-05-07 00:00:00,92.749
2018-05-08 00:00:00,93.12
2018-05-09 00:00:00,93.04
2018-05-10 00:00:00,92.65
2018-05-11 00:00:00,92.537
2018-05-14 00:00:00,92.587
2018-05-15 00:00:00,93.219
2018-05-16 00:00:00,93.392
2018-05-17 00:00:00,93.469
2018-05-18 00:00:00,93.637
2018-05-21 00:00:00,93.677
2018-05-22 00:00:00,93.609
2018-05-23 00:00:00,94.003
2018-05-24 00:00:00,93.775
2018-05-25 00:00:00,94.253
2018-05-28 00:00:00,94.418
2018-05-29 00:00:00,94.82
2018-05-30 00:00:00,94.069
2018-05-31 00:00:00,93.979
2018-06-01 00:00:00,94.156
2018-06-04 00:00:00,94.038
2018-06-05 00:00:00,93.876
2018-06-06 00:00:00,93.614
2018-06-07 00:00:00,93.435
2018-06-08 00:00:00,93.535
2018-06-11 00:00:00,93.608
2018-06-12 00:00:00,93.818
2018-06-13 00:00:00,93.544
2018-06-14 00:00:00,94.879
2018-06-15 00:00:00,94.788
2018-06-18 00:00:00,94.756
2018-06-19 00:00:00,95.013
2018-06-20 00:00:00,95.124
2018-06-21 00:00:00,94.862
2018-06-22 00:00:00,94.52
2018-06-25 00:00:00,94.289
2018-06-26 00:00:00,94.676
2018-06-27 00:00:00,95.29
2018-06-28 00:00:00,95.312
2018-06-29 00:00:00,94.47
2018-07-02 00:00:00,94.871
2018-07-03 00:00:00,94.591
2018-07-04 00:00:00,94.531
2018-07-05 00:00:00,94.395
2018-07-06 00:00:00,93.963
2018-07-09 00:00:00,94.077
2018-07-10 00:00:00,94.158
2018-07-11 00:00:00,94.719
2018-07-12 00:00:00,94.827
2018-07-13 00:00:00,94.677
2018-07-16 00:00:00,94.511
2018-07-17 00:00:00,94.985
2018-07-18 00:00:00,95.085
2018-07-19 00:00:00,95.164
2018-07-20 00:00:00,94.476
2018-07-23 00:00:00,94.632
2018-07-24 00:00:00,94.613
2018-07-25 00:00:00,94.233
2018-07-26 00:00:00,94.785
2018-07-27 00:00:00,94.669
2018-07-30 00:00:00,94.348
2018-07-31 00:00:00,94.554
2018-08-01 00:00:00,94.661
2018-08-02 00:00:00,95.17
2018-08-03 00:00:00,95.161
2018-08-06 00:00:00,95.358
2018-08-07 00:00:00,95.186
2018-08-08 00:00:00,95.092
2018-08-09 00:00:00,95.504
2018-08-10 00:00:00,96.357
2018-08-13 00:00:00,96.391
2018-08-14 00:00:00,96.731
2018-08-15 00:00:00,96.696
2018-08-16 00:00:00,96.645
2018-08-17 00:00:00,96.101
2018-08-20 00:00:00,95.9
2018-08-21 00:00:00,95.256
2018-08-22 00:00:00,95.146
2018-08-23 00:00:00,95.666
2018-08-24 00:00:00,95.146
2018-08-27 00:00:00,94.779
2018-08-28 00:00:00,94.72
2018-08-29 00:00:00,94.6
2018-08-30 00:00:00,94.723
2018-08-31 00:00:00,95.14
2018-09-03 00:00:00,95.14
2018-09-04 00:00:00,95.439
2018-09-05 00:00:00,95.184
2018-09-06 00:00:00,95.021
2018-09-07 00:00:00,95.365
2018-09-10 00:00:00,95.15
2018-09-11 00:00:00,95.249
2018-09-12 00:00:00,94.799
2018-09-13 00:00:00,94.518
2018-09-14 00:00:00,94.927
2018-09-17 00:00:00,94.496
2018-09-18 00:00:00,94.64
2018-09-19 00:00:00,94.537
2018-09-20 00:00:00,93.912
2018-09-21 00:00:00,94.22
2018-09-24 00:00:00,94.185
2018-09-25 00:00:00,94.133
2018-09-26 00:00:00,94.193
2018-09-27 00:00:00,94.894
2018-09-28 00:00:00,95.132
2018-10-01 00:00:00,95.298
2018-10-02 00:00:00,95.507
2018-10-03 00:00:00,95.762
2018-10-04 00:00:00,95.751
2018-10-05 00:00:00,95.624
2018-10-08 00:00:00,95.761
2018-10-09 00:00:00,95.668
2018-10-10 00:00:00,95.508
2018-10-11 00:00:00,95.017
2018-10-12 00:00:00,95.221
2018-10-15 00:00:00,95.059
2018-10-16 00:00:00,95.048
2018-10-17 00:00:00,95.575
2018-10-18 00:00:00,95.9
2018-10-19 00:00:00,95.713
2018-10-22 00:00:00,96.013
2018-10-23 00:00:00,95.961
2018-10-24 00:00:00,96.434
2018-10-25 00:00:00,96.679
2018-10-26 00:00:00,96.359
2018-10-29 00:00:00,96.579
2018-10-30 00:00:00,97.011
2018-10-31 00:00:00,97.127
2018-11-01 00:00:00,96.277
2018-11-02 00:00:00,96.542
2018-11-05 00:00:00,96.279
2018-11-06 00:00:00,96.317
2018-11-07 00:00:00,95.997
2018-11-08 00:00:00,96.724
2018-11-09 00:00:00,96.905
2018-11-12 00:00:00,97.542
2018-11-13 00:00:00,97.303
2018-11-14 00:00:00,96.803
2018-11-15 00:00:00,96.927
2018-11-16 00:00:00,96.465
2018-11-19 00:00:00,96.193
2018-11-20 00:00:00,96.836
2018-11-21 00:00:00,96.712
2018-11-22 00:00:00,96.712
2018-11-23 00:00:00,96.916
2018-11-26 00:00:00,97.074
2018-11-27 00:00:00,97.369
2018-11-28 00:00:00,96.786
2018-11-29 00:00:00,96.778
2018-11-30 00:00:00,97.272
2018-12-03 00:00:00,97.04
2018-12-04 00:00:00,96.965
2018-12-05 00:00:00,97.07
2018-12-06 00:00:00,96.81
2018-12-07 00:00:00,96.514
2018-12-10 00:00:00,97.219
2018-12-11 00:00:00,97.388
2018-12-12 00:00:00,97.044
2018-12-13 00:00:00,97.064
2018-12-14 00:00:00,97.443
2018-12-17 00:00:00,97.1
2018-12-18 00:00:00,97.104
2018-12-19 00:00:00,97.035
2018-12-20 00:00:00,96.276
2018-12-21 00:00:00,96.956
2018-12-24 00:00:00,96.553
2018-12-25 00:00:00,96.581
2018-12-26 00:00:00,97.05
2018-12-27 00:00:00,96.481
2018-12-28 00:00:00,96.402
2018-12-31 00:00:00,96.173
2019-01-01 00:00:00,96.085
2019-01-02 00:00:00,96.819
2019-01-03 00:00:00,96.305
2019-01-04 00:00:00,96.179
2019-01-07 00:00:00,95.666
2019-01-08 00:00:00,95.903
2019-01-09 00:00:00,95.219
2019-01-10 00:00:00,95.539
2019-01-11 00:00:00,95.67
2019-01-14 00:00:00,95.61
2019-01-15 00:00:00,96.039
2019-01-16 00:00:00,96.059
2019-01-17 00:00:00,96.065
2019-01-18 00:00:00,96.336
2019-01-21 00:00:00,96.336
2019-01-22 00:00:00,96.303
2019-01-23 00:00:00,96.123
2019-01-24 00:00:00,96.601
2019-01-25 00:00:00,95.794
2019-01-28 00:00:00,95.746
2019-01-29 00:00:00,95.821
2019-01-30 00:00:00,95.34
2019-01-31 00:00:00,95.578
2019-02-01 00:00:00,95.579
2019-02-04 00:00:00,95.852
2019-02-05 00:00:00,96.067
2019-02-06 00:00:00,96.39
2019-02-07 00:00:00,96.507
2019-02-08 00:00:00,96.637
2019-02-11 00:00:00,97.057
2019-02-12 00:00:00,96.709
2019-02-13 00:00:00,97.129
2019-02-14 00:00:00,96.978
2019-02-15 00:00:00,96.904
2019-02-18 00:00:00,96.904
2019-02-19 00:00:00,96.52
2019-02-20 00:00:00,96.454
2019-02-21 00:00:00,96.605
2019-02-22 00:00:00,96.507
2019-02-25 00:00:00,96.413
2019-02-26 00:00:00,96.003
2019-02-27 00:00:00,96.154
2019-02-28 00:00:00,96.157
2019-03-01 00:00:00,96.527
2019-03-04 00:00:00,96.682
2019-03-05 00:00:00,96.866
2019-03-06 00:00:00,96.873
2019-03-07 00:00:00,97.667
2019-03-08 00:00:00,97.306
2019-03-11 00:00:00,97.215
2019-03-12 00:00:00,96.935
2019-03-13 00:00:00,96.55
2019-03-14 00:00:00,96.785
2019-03-15 00:00:00,96.595
2019-03-18 00:00:00,96.524
2019-03-19 00:00:00,96.383
2019-03-20 00:00:00,95.761
2019-03-21 00:00:00,96.495
2019-03-22 00:00:00,96.651
2019-03-25 00:00:00,96.566
2019-03-26 00:00:00,96.736
2019-03-27 00:00:00,96.774
2019-03-28 00:00:00,97.202
2019-03-29 00:00:00,97.284
2019-04-01 00:00:00,97.232
2019-04-02 00:00:00,97.361
2019-04-03 00:00:00,97.091
2019-04-04 00:00:00,97.308
2019-04-05 00:00:00,97.395
2019-04-08 00:00:00,97.05
2019-04-09 00:00:00,97.006
2019-04-10 00:00:00,96.946
2019-04-11 00:00:00,97.177
2019-04-12 00:00:00,96.972
2019-04-15 00:00:00,96.942
2019-04-16 00:00:00,97.043
2019-04-17 00:00:00,97.009
2019-04-18 00:00:00,97.474
2019-04-19 00:00:00,97.378
2019-04-22 00:00:00,97.287
2019-04-23 00:00:00,97.636
2019-04-24 00:00:00,98.173
2019-04-25 00:00:00,98.203
2019-04-26 00:00:00,98.006
2019-04-29 00:00:00,97.857
2019-04-30 00:00:00,97.479
2019-05-01 00:00:00,97.686
2019-05-02 00:00:00,97.832
2019-05-03 00:00:00,97.52
2019-05-06 00:00:00,97.515
2019-05-07 00:00:00,97.628
2019-05-08 00:00:00,97.623
2019-05-09 00:00:00,97.373
2019-05-10 00:00:00,97.33
2019-05-13 00:00:00,97.319
2019-05-14 00:00:00,97.526
2019-05-15 00:00:00,97.569
2019-05-16 00:00:00,97.855
2019-05-17 00:00:00,97.995
2019-05-20 00:00:00,97.933
2019-05-21 00:00:00,98.062
2019-05-22 00:00:00,98.041
2019-05-23 00:00:00,97.856
2019-05-24 00:00:00,97.613
2019-05-27 00:00:00,97.613
2019-05-28 00:00:00,97.952
2019-05-29 00:00:00,98.144
2019-05-30 00:00:00,98.142
2019-05-31 00:00:00,97.75
2019-06-03 00:00:00,97.142
2019-06-04 00:00:00,97.072
2019-06-05 00:00:00,97.32
2019-06-06 00:00:00,97.044
2019-06-07 00:00:00,96.544
2019-06-10 00:00:00,96.761
2019-06-11 00:00:00,96.686
2019-06-12 00:00:00,97.0
2019-06-13 00:00:00,97.013
2019-06-14 00:00:00,97.572
2019-06-17 00:00:00,97.558
2019-06-18 00:00:00,97.644
2019-06-19 00:00:00,97.117
2019-06-20 00:00:00,96.629
2019-06-21 00:00:00,96.22
2019-06-24 00:00:00,95.98
2019-06-25 00:00:00,96.14
2019-06-26 00:00:00,96.214
2019-06-27 00:00:00,96.194
2019-06-28 00:00:00,96.13
2019-07-01 00:00:00,96.844
2019-07-02 00:00:00,96.726
2019-07-03 00:00:00,96.768
2019-07-04 00:00:00,96.768
2019-07-05 00:00:00,97.286
2019-07-08 00:00:00,97.384
2019-07-09 00:00:00,97.489
2019-07-10 00:00:00,97.104
2019-07-11 00:00:00,97.05
2019-07-12 00:00:00,96.81
2019-07-15 00:00:00,96.933
2019-07-16 00:00:00,97.395
2019-07-17 00:00:00,97.223
2019-07-18 00:00:00,96.794
2019-07-19 00:00:00,97.151
2019-07-22 00:00:00,97.257
2019-07-23 00:00:00,97.705
2019-07-24 00:00:00,97.729
2019-07-25 00:00:00,97.818
2019-07-26 00:00:00,98.01
2019-07-29 00:00:00,98.044
2019-07-30 00:00:00,98.05
2019-07-31 00:00:00,98.516
2019-08-01 00:00:00,98.369
2019-08-02 00:00:00,98.074
2019-08-05 00:00:00,97.522
2019-08-06 00:00:00,97.63
2019-08-07 00:00:00,97.544
2019-08-08 00:00:00,97.618
2019-08-09 00:00:00,97.491
2019-08-12 00:00:00,97.38
2019-08-13 00:00:00,97.812
2019-08-14 00:00:00,97.987
2019-08-15 00:00:00,98.144
2019-08-16 00:00:00,98.142
2019-08-19 00:00:00,98.347
2019-08-20 00:00:00,98.19
2019-08-21 00:00:00,98.295
2019-08-22 00:00:00,98.17
2019-08-23 00:00:00,97.64
2019-08-26 00:00:00,98.081
2019-08-27 00:00:00,97.999
2019-08-28 00:00:00,98.21
2019-08-29 00:00:00,98.507
2019-08-30 00:00:00,98.916
2019-09-02 00:00:00,98.916
2019-09-03 00:00:00,99.0
2019-09-04 00:00:00,98.451
2019-09-05 00:00:00,98.414
2019-09-06 00:00:00,98.394
2019-09-09 00:00:00,98.281
2019-09-10 00:00:00,98.326
2019-09-11 00:00:00,98.645
2019-09-12 00:00:00,98.309
2019-09-13 00:00:00,98.257
2019-09-16 00:00:00,98.61
2019-09-17 00:00:00,98.261
2019-09-18 00:00:00,98.561
2019-09-19 00:00:00,98.272
2019-09-20 00:00:00,98.513
2019-09-23 00:00:00,98.599
2019-09-24 00:00:00,98.337
2019-09-25 00:00:00,99.037
2019-09-26 00:00:00,99.132
2019-09-27 00:00:00,99.109
2019-09-30 00:00:00,99.377
2019-10-01 00:00:00,99.128
2019-10-02 00:00:00,99.019
2019-10-03 00:00:00,98.864
2019-10-04 00:00:00,98.808
2019-10-07 00:00:00,98.967
2019-10-08 00:00:00,99.133
2019-10-09 00:00:00,99.118
2019-10-10 00:00:00,98.701
2019-10-11 00:00:00,98.301
2019-10-14 00:00:00,98.454
2019-10-15 00:00:00,98.288
2019-10-16 00:00:00,98.002
2019-10-17 00:00:00,97.607
2019-10-18 00:00:00,97.282
2019-10-21 00:00:00,97.328
2019-10-22 00:00:00,97.526
2019-10-23 00:00:00,97.491
2019-10-24 00:00:00,97.631
2019-10-25 00:00:00,97.831
2019-10-28 00:00:00,97.764
2019-10-29 00:00:00,97.69
2019-10-30 00:00:00,97.646
2019-10-31 00:00:00,97.352
2019-11-01 00:00:00,97.239
2019-11-04 00:00:00,97.505
2019-11-05 00:00:00,97.983
2019-11-06 00:00:00,97.952
2019-11-07 00:00:00,98.143
2019-11-08 00:00:00,98.353
2019-11-11 00:00:00,98.2
2019-11-12 00:00:00,98.309
2019-11-13 00:00:00,98.373
2019-11-14 00:00:00,98.163
2019-11-15 00:00:00,97.999
2019-11-18 00:00:00,97.794
2019-11-19 00:00:00,97.856
2019-11-20 00:00:00,97.934
2019-11-21 00:00:00,97.993
2019-11-22 00:00:00,98.27
2019-11-25 00:00:00,98.323
2019-11-26 00:00:00,98.252
2019-11-27 00:00:00,98.37
2019-11-28 00:00:00,98.37
2019-11-29 00:00:00,98.273
2019-12-02 00:00:00,97.856
2019-12-03 00:00:00,97.737
2019-12-04 00:00:00,97.648
2019-12-05 00:00:00,97.41
2019-12-06 00:00:00,97.7
2019-12-09 00:00:00,97.644
2019-12-10 00:00:00,97.413
2019-12-11 00:00:00,97.078
2019-12-12 00:00:00,97.397
2019-12-13 00:00:00,97.172
2019-12-16 00:00:00,97.019
2019-12-17 00:00:00,97.222
2019-12-18 00:00:00,97.4
2019-12-19 00:00:00,97.379
2019-12-20 00:00:00,97.69
2019-12-23 00:00:00,97.658
2019-12-24 00:00:00,97.654
2019-12-25 00:00:00,97.632
2019-12-26 00:00:00,97.534
2019-12-27 00:00:00,96.919
2019-12-30 00:00:00,96.74
2019-12-31 00:00:00,96.389
2020-01-01 00:00:00,96.445
2020-01-02 00:00:00,96.846
2020-01-03 00:00:00,96.838
2020-01-06 00:00:00,96.671
2020-01-07 00:00:00,97.005
2020-01-08 00:00:00,97.299
2020-01-09 00:00:00,97.45
2020-01-10 00:00:00,97.356
2020-01-13 00:00:00,97.345
2020-01-14 00:00:00,97.372
2020-01-15 00:00:00,97.229
2020-01-16 00:00:00,97.32
2020-01-17 00:00:00,97.606
2020-01-20 00:00:00,97.606
2020-01-21 00:00:00,97.531
2020-01-22 00:00:00,97.527
2020-01-23 00:00:00,97.693
2020-01-24 00:00:00,97.853
2020-01-27 00:00:00,97.956
2020-01-28 00:00:00,98.018
2020-01-29 00:00:00,97.991
2020-01-30 00:00:00,97.867
2020-01-31 00:00:00,97.39
2020-02-03 00:00:00,97.8
2020-02-04 00:00:00,97.961
2020-02-05 00:00:00,98.301
2020-02-06 00:00:00,98.496
2020-02-07 00:00:00,98.684
2020-02-10 00:00:00,98.832
2020-02-11 00:00:00,98.721
2020-02-12 00:00:00,99.049
2020-02-13 00:00:00,99.067
2020-02-14 00:00:00,99.124
2020-02-17 00:00:00,99.003
2020-02-18 00:00:00,99.44
2020-02-19 00:00:00,99.705
2020-02-20 00:00:00,99.865
2020-02-21 00:00:00,99.262
2020-02-24 00:00:00,99.359
2020-02-25 00:00:00,98.968
2020-02-26 00:00:00,98.996
2020-02-27 00:00:00,98.508
2020-02-28 00:00:00,98.132
2020-03-02 00:00:00,97.36
2020-03-03 00:00:00,97.153
2020-03-04 00:00:00,97.336
2020-03-05 00:00:00,96.82
2020-03-06 00:00:00,95.951
2020-03-09 00:00:00,94.895
2020-03-10 00:00:00,96.414
2020-03-11 00:00:00,96.507
2020-03-12 00:00:00,97.468
2020-03-13 00:00:00,98.749
2020-03-16 00:00:00,98.069
2020-03-17 00:00:00,99.575
2020-03-18 00:00:00,101.16
2020-03-19 00:00:00,102.755
2020-03-20 00:00:00,102.817
2020-03-23 00:00:00,102.487
2020-03-24 00:00:00,102.039
2020-03-25 00:00:00,101.05
2020-03-26 00:00:00,99.352
2020-03-27 00:00:00,98.365
2020-03-30 00:00:00,99.181
2020-03-31 00:00:00,99.048
2020-04-01 00:00:00,99.673
2020-04-02 00:00:00,100.18
2020-04-03 00:00:00,100.576
2020-04-06 00:00:00,100.685
2020-04-07 00:00:00,99.9
2020-04-08 00:00:00,100.119
2020-04-09 00:00:00,99.517
2020-04-10 00:00:00,99.482
2020-04-13 00:00:00,99.348
2020-04-14 00:00:00,98.887
2020-04-15 00:00:00,99.461
2020-04-16 00:00:00,100.025
2020-04-17 00:00:00,99.782
2020-04-20 00:00:00,99.955
2020-04-21 00:00:00,100.258
2020-04-22 00:00:00,100.388
2020-04-23 00:00:00,100.433
2020-04-24 00:00:00,100.38
2020-04-27 00:00:00,100.041
2020-04-28 00:00:00,99.865
2020-04-29 00:00:00,99.565
2020-04-30 00:00:00,99.016
2020-05-01 00:00:00,99.079
2020-05-04 00:00:00,99.484
2020-05-05 00:00:00,99.709
2020-05-06 00:00:00,100.091
2020-05-07 00:00:00,99.889
2020-05-08 00:00:00,99.734
2020-05-11 00:00:00,100.236
2020-05-12 00:00:00,99.933
2020-05-13 00:00:00,100.242
2020-05-14 00:00:00,100.466
2020-05-15 00:00:00,100.402
2020-05-18 00:00:00,99.665
2020-05-19 00:00:00,99.371
2020-05-20 00:00:00,99.124
2020-05-21 00:00:00,99.37
2020-05-22 00:00:00,99.863
2020-05-25 00:00:00,99.863
2020-05-26 00:00:00,98.908
2020-05-27 00:00:00,99.062
2020-05-28 00:00:00,98.383
2020-05-29 00:00:00,98.344
2020-06-01 00:00:00,97.83
2020-06-02 00:00:00,97.673
2020-06-03 00:00:00,97.276
2020-06-04 00:00:00,96.677
2020-06-05 00:00:00,96.937
2020-06-08 00:00:00,96.618
2020-06-09 00:00:00,96.324
2020-06-10 00:00:00,95.959
2020-06-11 00:00:00,96.733
2020-06-12 00:00:00,97.319
2020-06-15 00:00:00,96.706
2020-06-16 00:00:00,96.958
2020-06-17 00:00:00,97.158
2020-06-18 00:00:00,97.421
2020-06-19 00:00:00,97.623
2020-06-22 00:00:00,97.039
2020-06-23 00:00:00,96.646
2020-06-24 00:00:00,97.148
2020-06-25 00:00:00,97.429
2020-06-26 00:00:00,97.433
2020-06-29 00:00:00,97.536
2020-06-30 00:00:00,97.391
2020-07-01 00:00:00,97.196
2020-07-02 00:00:00,97.317
2020-07-03 00:00:00,97.172
2020-07-06 00:00:00,96.725
2020-07-07 00:00:00,96.881
2020-07-08 00:00:00,96.428
2020-07-09 00:00:00,96.7
2020-07-10 00:00:00,96.652
2020-07-13 00:00:00,96.464
2020-07-14 00:00:00,96.259
2020-07-15 00:00:00,96.081
2020-07-16 00:00:00,96.346
2020-07-17 00:00:00,95.942
2020-07-20 00:00:00,95.832
2020-07-21 00:00:00,95.117
2020-07-22 00:00:00,94.988
2020-07-23 00:00:00,94.692
2020-07-24 00:00:00,94.435
2020-07-27 00:00:00,93.668
2020-07-28 00:00:00,93.696
2020-07-29 00:00:00,93.453
2020-07-30 00:00:00,93.021
2020-07-31 00:00:00,93.349
2020-08-03 00:00:00,93.542
2020-08-04 00:00:00,93.382
2020-08-05 00:00:00,92.868
2020-08-06 00:00:00,92.788
2020-08-07 00:00:00,93.435
2020-08-10 00:00:00,93.582
2020-08-11 00:00:00,93.628
2020-08-12 00:00:00,93.443
2020-08-13 00:00:00,93.335
2020-08-14 00:00:00,93.096
2020-08-17 00:00:00,92.851
2020-08-18 00:00:00,92.271
2020-08-19 00:00:00,92.887
2020-08-20 00:00:00,92.793
2020-08-21 00:00:00,93.247
2020-08-24 00:00:00,93.298
2020-08-25 00:00:00,93.019
2020-08-26 00:00:00,93.006
2020-08-27 00:00:00,93.001
2020-08-28 00:00:00,92.371
2020-08-31 00:00:00,92.144
2020-09-01 00:00:00,92.338
2020-09-02 00:00:00,92.847
2020-09-03 00:00:00,92.739
2020-09-04 00:00:00,92.719
2020-09-07 00:00:00,92.719
2020-09-08 00:00:00,93.445
2020-09-09 00:00:00,93.255
2020-09-10 00:00:00,93.336
2020-09-11 00:00:00,93.333
2020-09-14 00:00:00,93.052
2020-09-15 00:00:00,93.05
2020-09-16 00:00:00,93.214
2020-09-17 00:00:00,92.97
2020-09-18 00:00:00,92.926
2020-09-21 00:00:00,93.656
2020-09-22 00:00:00,93.988
2020-09-23 00:00:00,94.389
2020-09-24 00:00:00,94.354
2020-09-25 00:00:00,94.642
2020-09-28 00:00:00,94.278
2020-09-29 00:00:00,93.891
2020-09-30 00:00:00,93.886
2020-10-01 00:00:00,93.711
2020-10-02 00:00:00,93.844
2020-10-05 00:00:00,93.513
2020-10-06 00:00:00,93.686
2020-10-07 00:00:00,93.63
2020-10-08 00:00:00,93.605
2020-10-09 00:00:00,93.057
2020-10-12 00:00:00,93.065
2020-10-13 00:00:00,93.531
2020-10-14 00:00:00,93.382
2020-10-15 00:00:00,93.856
2020-10-16 00:00:00,93.682
2020-10-19 00:00:00,93.427
2020-10-20 00:00:00,93.067
2020-10-21 00:00:00,92.611
2020-10-22 00:00:00,92.951
2020-10-23 00:00:00,92.768
2020-10-26 00:00:00,93.045
2020-10-27 00:00:00,92.94
2020-10-28 00:00:00,93.405
2020-10-29 00:00:00,93.955
2020-10-30 00:00:00,94.038
2020-11-02 00:00:00,94.129
2020-11-03 00:00:00,93.553
2020-11-04 00:00:00,93.407
2020-11-05 00:00:00,92.525
2020-11-06 00:00:00,92.229
2020-11-09 00:00:00,92.725
2020-11-10 00:00:00,92.749
2020-11-11 00:00:00,93.043
2020-11-12 00:00:00,92.963
2020-11-13 00:00:00,92.755
2020-11-16 00:00:00,92.642
2020-11-17 00:00:00,92.416
2020-11-18 00:00:00,92.316
2020-11-19 00:00:00,92.294
2020-11-20 00:00:00,92.392
2020-11-23 00:00:00,92.505
2020-11-24 00:00:00,92.226
2020-11-25 00:00:00,91.994
2020-11-26 00:00:00,91.994
2020-11-27 00:00:00,91.79
2020-11-30 00:00:00,91.869
2020-12-01 00:00:00,91.313
2020-12-02 00:00:00,91.118
2020-12-03 00:00:00,90.714
2020-12-04 00:00:00,90.701
2020-12-07 00:00:00,90.792
2020-12-08 00:00:00,90.965
2020-12-09 00:00:00,91.087
2020-12-10 00:00:00,90.824
2020-12-11 00:00:00,90.976
2020-12-14 00:00:00,90.711
2020-12-15 00:00:00,90.473
2020-12-16 00:00:00,90.45
2020-12-17 00:00:00,89.822
2020-12-18 00:00:00,90.016
2020-12-21 00:00:00,90.043
2020-12-22 00:00:00,90.654
2020-12-23 00:00:00,90.413
2020-12-24 00:00:00,90.323
2020-12-25 00:00:00,90.223
2020-12-28 00:00:00,90.337
2020-12-29 00:00:00,89.994
2020-12-30 00:00:00,89.68
2020-12-31 00:00:00,89.937
2021-01-01 00:00:00,89.937
2021-01-04 00:00:00,89.869
2021-01-05 00:00:00,89.436
2021-01-06 00:00:00,89.53
2021-01-07 00:00:00,89.826
2021-01-08 00:00:00,90.098
2021-01-11 00:00:00,90.465
2021-01-12 00:00:00,90.093
2021-01-13 00:00:00,90.355
2021-01-14 00:00:00,90.239
2021-01-15 00:00:00,90.772
2021-01-18 00:00:00,90.765
2021-01-19 00:00:00,90.498
2021-01-20 00:00:00,90.475
2021-01-21 00:00:00,90.131
2021-01-22 00:00:00,90.238
2021-01-25 00:00:00,90.391
2021-01-26 00:00:00,90.17
2021-01-27 00:00:00,90.647
2021-01-28 00:00:00,90.455
2021-01-29 00:00:00,90.584
2021-02-01 00:00:00,90.98
2021-02-02 00:00:00,91.197
2021-02-03 00:00:00,91.171
2021-02-04 00:00:00,91.529
2021-02-05 00:00:00,91.042
2021-02-08 00:00:00,90.934
2021-02-09 00:00:00,90.439
2021-02-10 00:00:00,90.371
2021-02-11 00:00:00,90.417
2021-02-12 00:00:00,90.48
2021-02-15 00:00:00,90.48
2021-02-16 00:00:00,90.509
2021-02-17 00:00:00,90.951
2021-02-18 00:00:00,90.592
2021-02-19 00:00:00,90.364
2021-02-22 00:00:00,90.01
2021-02-23 00:00:00,90.169
2021-02-24 00:00:00,90.176
2021-02-25 00:00:00,90.134
2021-02-26 00:00:00,90.879
2021-03-01 00:00:00,91.039
2021-03-02 00:00:00,90.785
2021-03-03 00:00:00,90.947
2021-03-04 00:00:00,91.631
2021-03-05 00:00:00,91.977
2021-03-08 00:00:00,92.313
2021-03-09 00:00:00,91.958
2021-03-10 00:00:00,91.823
2021-03-11 00:00:00,91.42
2021-03-12 00:00:00,91.679
2021-03-15 00:00:00,91.833
2021-03-16 00:00:00,91.865
2021-03-17 00:00:00,91.442
2021-03-18 00:00:00,91.862
2021-03-19 00:00:00,91.919
2021-03-22 00:00:00,91.742
2021-03-23 00:00:00,92.336
2021-03-24 00:00:00,92.528
2021-03-25 00:00:00,92.848
2021-03-26 00:00:00,92.766
2021-03-29 00:00:00,92.944
2021-03-30 00:00:00,93.297
2021-03-31 00:00:00,93.232
2021-04-01 00:00:00,92.929
2021-04-02 00:00:00,93.022
2021-04-05 00:00:00,92.595
2021-04-06 00:00:00,92.335
2021-04-07 00:00:00,92.455
2021-04-08 00:00:00,92.059
2021-04-09 00:00:00,92.163
2021-04-12 00:00:00,92.138
2021-04-13 00:00:00,91.852
2021-04-14 00:00:00,91.69
2021-04-15 00:00:00,91.671
2021-04-16 00:00:00,91.556
2021-04-19 00:00:00,91.069
2021-04-20 00:00:00,91.241
2021-04-21 00:00:00,91.155
2021-04-22 00:00:00,91.333
2021-04-23 00:00:00,90.859
2021-04-26 00:00:00,90.807
2021-04-27 00:00:00,90.909
2021-04-28 00:00:00,90.609
2021-04-29 00:00:00,90.614
2021-04-30 00:00:00,91.28
2021-05-03 00:00:00,90.945
2021-05-04 00:00:00,91.288
2021-05-05 00:00:00,91.308
2021-05-06 00:00:00,90.951
2021-05-07 00:00:00,90.233
2021-05-10 00:00:00,90.212
2021-05-11 00:00:00,90.141
2021-05-12 00:00:00,90.713
2021-05-13 00:00:00,90.752
2021-05-14 00:00:00,90.321
2021-05-17 00:00:00,90.164
2021-05-18 00:00:00,89.75
2021-05-19 00:00:00,90.191
2021-05-20 00:00:00,89.808
2021-05-21 00:00:00,90.017
2021-05-24 00:00:00,89.844
2021-05-25 00:00:00,89.639
2021-05-26 00:00:00,90.042
2021-05-27 00:00:00,89.971
2021-05-28 00:00:00,90.031
2021-05-31 00:00:00,89.829
2021-06-01 00:00:00,89.831
2021-06-02 00:00:00,89.909
2021-06-03 00:00:00,90.512
2021-06-04 00:00:00,90.136
2021-06-07 00:00:00,89.95
2021-06-08 00:00:00,90.076
2021-06-09 00:00:00,90.12
2021-06-10 00:00:00,90.075
2021-06-11 00:00:00,90.555
2021-06-14 00:00:00,90.522
2021-06-15 00:00:00,90.536
2021-06-16 00:00:00,91.129
2021-06-17 00:00:00,91.889
2021-06-18 00:00:00,92.225
2021-06-21 00:00:00,91.899
2021-06-22 00:00:00,91.756
2021-06-23 00:00:00,91.802
2021-06-24 00:00:00,91.814
2021-06-25 00:00:00,91.851
2021-06-28 00:00:00,91.887
2021-06-29 00:00:00,92.049
2021-06-30 00:00:00,92.436
2021-07-01 00:00:00,92.597
2021-07-02 00:00:00,92.226
2021-07-05 00:00:00,92.212
2021-07-06 00:00:00,92.546
2021-07-07 00:00:00,92.644
2021-07-08 00:00:00,92.417
2021-07-09 00:00:00,92.13
2021-07-12 00:00:00,92.261
2021-07-13 00:00:00,92.752
2021-07-14 00:00:00,92.41
2021-07-15 00:00:00,92.624
2021-07-16 00:00:00,92.687
2021-07-19 00:00:00,92.891
2021-07-20 00:00:00,92.973
2021-07-21 00:00:00,92.754
2021-07-22 00:00:00,92.822
2021-07-23 00:00:00,92.912
2021-07-26 00:00:00,92.649
2021-07-27 00:00:00,92.432
2021-07-28 00:00:00,92.322
2021-07-29 00:00:00,91.864
2021-07-30 00:00:00,92.174
2021-08-02 00:00:00,92.048
2021-08-03 00:00:00,92.081
2021-08-04 00:00:00,92.27
2021-08-05 00:00:00,92.244
2021-08-06 00:00:00,92.8
2021-08-09 00:00:00,92.945
2021-08-10 00:00:00,93.055
2021-08-11 00:00:00,92.922
2021-08-12 00:00:00,93.035
2021-08-13 00:00:00,92.518
2021-08-16 00:00:00,92.628
2021-08-17 00:00:00,93.13
2021-08-18 00:00:00,93.136
2021-08-19 00:00:00,93.568
2021-08-20 00:00:00,93.496
2021-08-23 00:00:00,92.958
2021-08-24 00:00:00,92.893
2021-08-25 00:00:00,92.825
2021-08-26 00:00:00,93.062
2021-08-27 00:00:00,92.686
2021-08-30 00:00:00,92.653
2021-08-31 00:00:00,92.626
2021-09-01 00:00:00,92.449
2021-09-02 00:00:00,92.225
2021-09-03 00:00:00,92.035
2021-09-06 00:00:00,92.035
2021-09-07 00:00:00,92.512
2021-09-08 00:00:00,92.653
2021-09-09 00:00:00,92.479
2021-09-10 00:00:00,92.582
2021-09-13 00:00:00,92.675
2021-09-14 00:00:00,92.623
2021-09-15 00:00:00,92.548
2021-09-16 00:00:00,92.932
2021-09-17 00:00:00,93.195
2021-09-20 00:00:00,93.276
2021-09-21 00:00:00,93.204
2021-09-22 00:00:00,93.462
2021-09-23 00:00:00,93.085
2021-09-24 00:00:00,93.327
2021-09-27 00:00:00,93.383
2021-09-28 00:00:00,93.766
2021-09-29 00:00:00,94.338
2021-09-30 00:00:00,94.23
2021-10-01 00:00:00,94.035
2021-10-04 00:00:00,93.776
2021-10-05 00:00:00,93.975
2021-10-06 00:00:00,94.266
2021-10-07 00:00:00,94.217
2021-10-08 00:00:00,94.067
2021-10-11 00:00:00,94.316
2021-10-12 00:00:00,94.516
2021-10-13 00:00:00,94.08
2021-10-14 00:00:00,93.956
2021-10-15 00:00:00,93.937
2021-10-18 00:00:00,93.953
2021-10-19 00:00:00,93.734
2021-10-20 00:00:00,93.558
2021-10-21 00:00:00,93.77
2021-10-22 00:00:00,93.642
2021-10-25 00:00:00,93.813
2021-10-26 00:00:00,93.949
2021-10-27 00:00:00,93.802
2021-10-28 00:00:00,93.345
2021-10-29 00:00:00,94.123
2021-11-01 00:00:00,93.879
2021-11-02 00:00:00,94.09
2021-11-03 00:00:00,93.864
2021-11-04 00:00:00,94.347
2021-11-05 00:00:00,94.32
2021-11-08 00:00:00,94.049
2021-11-09 00:00:00,93.955
2021-11-10 00:00:00,94.85
2021-11-11 00:00:00,95.178
2021-11-12 00:00:00,95.128
2021-11-15 00:00:00,95.407
2021-11-16 00:00:00,95.915
2021-11-17 00:00:00,95.828
2021-11-18 00:00:00,95.544
2021-11-19 00:00:00,96.031
2021-11-22 00:00:00,96.548
2021-11-23 00:00:00,96.491
2021-11-24 00:00:00,96.875
2021-11-25 00:00:00,96.774
2021-11-26 00:00:00,96.089
2021-11-29 00:00:00,96.341
2021-11-30 00:00:00,95.994
2021-12-01 00:00:00,96.028
2021-12-02 00:00:00,96.156
2021-12-03 00:00:00,96.117
2021-12-06 00:00:00,96.328
2021-12-07 00:00:00,96.369
2021-12-08 00:00:00,95.894
2021-12-09 00:00:00,96.271
2021-12-10 00:00:00,96.097
2021-12-13 00:00:00,96.317
2021-12-14 00:00:00,96.571
2021-12-15 00:00:00,96.511
2021-12-16 00:00:00,96.042
2021-12-17 00:00:00,96.565
2021-12-20 00:00:00,96.551
2021-12-21 00:00:00,96.491
2021-12-22 00:00:00,96.076
2021-12-23 00:00:00,96.019
2021-12-24 00:00:00,96.019
2021-12-27 00:00:00,96.093
2021-12-28 00:00:00,96.202
2021-12-29 00:00:00,95.929
2021-12-30 00:00:00,95.968
2021-12-31 00:00:00,95.67
2022-01-03 00:00:00,96.213
2022-01-04 00:00:00,96.262
2022-01-05 00:00:00,96.171
2022-01-06 00:00:00,96.32
2022-01-07 00:00:00,95.719
2022-01-10 00:00:00,95.991
2022-01-11 00:00:00,95.624
2022-01-12 00:00:00,94.915
2022-01-13 00:00:00,94.79
2022-01-14 00:00:00,95.165
2022-01-17 00:00:00,95.258
2022-01-18 00:00:00,95.732
2022-01-19 00:00:00,95.51
2022-01-20 00:00:00,95.735
2022-01-21 00:00:00,95.642
2022-01-24 00:00:00,95.918
2022-01-25 00:00:00,95.948
2022-01-26 00:00:00,96.478
2022-01-27 00:00:00,97.255
2022-01-28 00:00:00,97.27
2022-01-31 00:00:00,96.54
2022-02-01 00:00:00,96.385
2022-02-02 00:00:00,95.936
2022-02-03 00:00:00,95.379
2022-02-04 00:00:00,95.485
2022-02-07 00:00:00,95.399
2022-02-08 00:00:00,95.643
2022-02-09 00:00:00,95.494
2022-02-10 00:00:00,95.553
2022-02-11 00:00:00,96.082
2022-02-14 00:00:00,96.374
2022-02-15 00:00:00,95.989
2022-02-16 00:00:00,95.701
2022-02-17 00:00:00,95.8
2022-02-18 00:00:00,96.043
2022-02-21 00:00:00,96.078
2022-02-22 00:00:00,96.025
2022-02-23 00:00:00,96.19
2022-02-24 00:00:00,97.137
2022-02-25 00:00:00,96.615
2022-02-28 00:00:00,96.707
2022-03-01 00:00:00,97.409
2022-03-02 00:00:00,97.385
2022-03-03 00:00:00,97.785
2022-03-04 00:00:00,98.648
2022-03-07 00:00:00,99.293
2022-03-08 00:00:00,99.062
2022-03-09 00:00:00,97.968
2022-03-10 00:00:00,98.507
2022-03-11 00:00:00,99.124
2022-03-14 00:00:00,98.999
2022-03-15 00:00:00,99.097
2022-03-16 00:00:00,98.618
2022-03-17 00:00:00,97.974
2022-03-18 00:00:00,98.233
2022-03-21 00:00:00,98.498
2022-03-22 00:00:00,98.493
2022-03-23 00:00:00,98.622
2022-03-24 00:00:00,98.789
2022-03-25 00:00:00,98.789
2022-03-28 00:00:00,99.091
2022-03-29 00:00:00,98.404
2022-03-30 00:00:00,97.792
2022-03-31 00:00:00,98.312
2022-04-01 00:00:00,98.632
2022-04-04 00:00:00,99.0
2022-04-05 00:00:00,99.472
2022-04-06 00:00:00,99.599
2022-04-07 00:00:00,99.751
2022-04-08 00:00:00,99.796
2022-04-11 00:00:00,99.932
2022-04-12 00:00:00,100.292
2022-04-13 00:00:00,99.875
2022-04-14 00:00:00,100.321
2022-04-15 00:00:00,100.5
2022-04-18 00:00:00,100.781
2022-04-19 00:00:00,100.961
2022-04-20 00:00:00,100.39
2022-04-21 00:00:00,100.578
2022-04-22 00:00:00,101.22
2022-04-25 00:00:00,101.752
2022-04-26 00:00:00,102.303
2022-04-27 00:00:00,102.954
2022-04-28 00:00:00,103.623
2022-04-29 00:00:00,102.959
2022-05-02 00:00:00,103.744
2022-05-03 00:00:00,103.465
2022-05-04 00:00:00,102.587
2022-05-05 00:00:00,103.752
2022-05-06 00:00:00,103.66
2022-05-09 00:00:00,103.651
2022-05-10 00:00:00,103.92
2022-05-11 00:00:00,103.846
2022-05-12 00:00:00,104.851
2022-05-13 00:00:00,104.563
2022-05-16 00:00:00,104.187
2022-05-17 00:00:00,103.36
2022-05-18 00:00:00,103.81
2022-05-19 00:00:00,102.724
2022-05-20 00:00:00,103.15
2022-05-23 00:00:00,102.076
2022-05-24 00:00:00,101.857
2022-05-25 00:00:00,102.056
2022-05-26 00:00:00,101.829
2022-05-27 00:00:00,101.668
2022-05-30 00:00:00,101.668
2022-05-31 00:00:00,101.752
2022-06-01 00:00:00,102.498
2022-06-02 00:00:00,101.824
2022-06-03 00:00:00,102.14
2022-06-06 00:00:00,102.437
2022-06-07 00:00:00,102.318
2022-06-08 00:00:00,102.542
2022-06-09 00:00:00,103.223
2022-06-10 00:00:00,104.148
2022-06-13 00:00:00,105.078
2022-06-14 00:00:00,105.518
2022-06-15 00:00:00,105.158
2022-06-16 00:00:00,103.631
2022-06-17 00:00:00,104.7
2022-06-20 00:00:00,104.7
2022-06-21 00:00:00,104.435
2022-06-22 00:00:00,104.197
2022-06-23 00:00:00,104.431
2022-06-24 00:00:00,104.185
2022-06-27 00:00:00,103.939
2022-06-28 00:00:00,104.506
2022-06-29 00:00:00,105.106
2022-06-30 00:00:00,104.685
2022-07-01 00:00:00,105.138
2022-07-04 00:00:00,105.138
2022-07-05 00:00:00,106.535
2022-07-06 00:00:00,107.096
2022-07-07 00:00:00,107.13
2022-07-08 00:00:00,107.007
2022-07-11 00:00:00,108.021
2022-07-12 00:00:00,108.072
2022-07-13 00:00:00,107.957
2022-07-14 00:00:00,108.544
2022-07-15 00:00:00,108.063
2022-07-18 00:00:00,107.366
2022-07-19 00:00:00,106.682
2022-07-20 00:00:00,107.076
2022-07-21 00:00:00,106.91
2022-07-22 00:00:00,106.73
2022-07-25 00:00:00,106.483
2022-07-26 00:00:00,107.189
2022-07-27 00:00:00,106.452
2022-07-28 00:00:00,106.351
2022-07-29 00:00:00,105.903
2022-08-01 00:00:00,105.45
2022-08-02 00:00:00,106.241
2022-08-03 00:00:00,106.506
2022-08-04 00:00:00,105.693
2022-08-05 00:00:00,106.621
2022-08-08 00:00:00,106.435
2022-08-09 00:00:00,106.374
2022-08-10 00:00:00,105.196
2022-08-11 00:00:00,105.09
2022-08-12 00:00:00,105.631
2022-08-15 00:00:00,106.546
2022-08-16 00:00:00,106.5
2022-08-17 00:00:00,106.574
2022-08-18 00:00:00,107.484
2022-08-19 00:00:00,108.169
2022-08-22 00:00:00,109.046
2022-08-23 00:00:00,108.624
2022-08-24 00:00:00,108.677
2022-08-25 00:00:00,108.47
2022-08-26 00:00:00,108.803
2022-08-29 00:00:00,108.835
2022-08-30 00:00:00,108.773
2022-08-31 00:00:00,108.7
2022-09-01 00:00:00,109.691
2022-09-02 00:00:00,109.534
2022-09-05 00:00:00,109.534
2022-09-06 00:00:00,110.214
2022-09-07 00:00:00,109.84
2022-09-08 00:00:00,109.707
2022-09-09 00:00:00,109.003
2022-09-12 00:00:00,108.33
2022-09-13 00:00:00,109.815
2022-09-14 00:00:00,109.658
2022-09-15 00:00:00,109.739
2022-09-16 00:00:00,109.764
2022-09-19 00:00:00,109.737
2022-09-20 00:00:00,110.215
2022-09-21 00:00:00,110.642
2022-09-22 00:00:00,111.353
2022-09-23 00:00:00,113.192
2022-09-26 00:00:00,114.103
2022-09-27 00:00:00,114.106
2022-09-28 00:00:00,112.604
2022-09-29 00:00:00,112.254
2022-09-30 00:00:00,112.117
2022-10-03 00:00:00,111.745
2022-10-04 00:00:00,110.065
2022-10-05 00:00:00,111.208
2022-10-06 00:00:00,112.258
2022-10-07 00:00:00,112.795
2022-10-10 00:00:00,113.144
2022-10-11 00:00:00,113.221
2022-10-12 00:00:00,113.32
2022-10-13 00:00:00,112.363
2022-10-14 00:00:00,113.311
2022-10-17 00:00:00,112.039
2022-10-18 00:00:00,112.13
2022-10-19 00:00:00,112.984
2022-10-20 00:00:00,112.881
2022-10-21 00:00:00,112.012
2022-10-24 00:00:00,111.989
2022-10-25 00:00:00,110.95
2022-10-26 00:00:00,109.7
2022-10-27 00:00:00,110.587
2022-10-28 00:00:00,110.752
2022-10-31 00:00:00,111.527
2022-11-01 00:00:00,111.481
2022-11-02 00:00:00,111.345
2022-11-03 00:00:00,112.93
2022-11-04 00:00:00,110.877
2022-11-07 00:00:00,110.12
2022-11-08 00:00:00,109.636
2022-11-09 00:00:00,110.549
2022-11-10 00:00:00,108.206
2022-11-11 00:00:00,106.292
2022-11-14 00:00:00,106.66
2022-11-15 00:00:00,106.404
2022-11-16 00:00:00,106.281
2022-11-17 00:00:00,106.694
2022-11-18 00:00:00,106.93
2022-11-21 00:00:00,107.835
2022-11-22 00:00:00,107.222
2022-11-23 00:00:00,106.076
2022-11-24 00:00:00,106.076
2022-11-25 00:00:00,105.959
2022-11-28 00:00:00,106.681
2022-11-29 00:00:00,106.822
2022-11-30 00:00:00,105.95
2022-12-01 00:00:00,104.728
2022-12-02 00:00:00,104.545
2022-12-05 00:00:00,105.289
2022-12-06 00:00:00,105.578
2022-12-07 00:00:00,105.1
2022-12-08 00:00:00,104.774
2022-12-09 00:00:00,104.81
2022-12-12 00:00:00,105.131
2022-12-13 00:00:00,103.98
2022-12-14 00:00:00,103.77
2022-12-15 00:00:00,104.558
2022-12-16 00:00:00,104.701
2022-12-19 00:00:00,104.721
2022-12-20 00:00:00,103.965
2022-12-21 00:00:00,104.162
2022-12-22 00:00:00,104.433
2022-12-23 00:00:00,104.314
2022-12-26 00:00:00,104.314
2022-12-27 00:00:00,104.179
2022-12-28 00:00:00,104.463
2022-12-29 00:00:00,103.836
2022-12-30 00:00:00,103.522
2023-01-02 00:00:00,103.522
2023-01-03 00:00:00,104.518
2023-01-04 00:00:00,104.248
2023-01-05 00:00:00,105.042
2023-01-06 00:00:00,103.879
2023-01-09 00:00:00,103.001
2023-01-10 00:00:00,103.236
2023-01-11 00:00:00,103.188
2023-01-12 00:00:00,102.246
2023-01-13 00:00:00,102.204
2023-01-16 00:00:00,102.204
2023-01-17 00:00:00,102.39
2023-01-18 00:00:00,102.363
2023-01-19 00:00:00,102.058
2023-01-20 00:00:00,102.012
2023-01-23 00:00:00,102.138
2023-01-24 00:00:00,101.918
2023-01-25 00:00:00,101.641
2023-01-26 00:00:00,101.839
2023-01-27 00:00:00,101.927
2023-01-30 00:00:00,102.276
2023-01-31 00:00:00,102.097
2023-02-01 00:00:00,101.217
2023-02-02 00:00:00,101.75
2023-02-03 00:00:00,102.915
2023-02-06 00:00:00,103.621
2023-02-07 00:00:00,103.427
2023-02-08 00:00:00,103.409
2023-02-09 00:00:00,103.221
2023-02-10 00:00:00,103.63
2023-02-13 00:00:00,103.345
2023-02-14 00:00:00,103.233
2023-02-15 00:00:00,103.923
2023-02-16 00:00:00,103.856
2023-02-17 00:00:00,103.862
2023-02-20 00:00:00,103.862
2023-02-21 00:00:00,104.176
2023-02-22 00:00:00,104.585
2023-02-23 00:00:00,104.598
2023-02-24 00:00:00,105.214
2023-02-27 00:00:00,104.673
2023-02-28 00:00:00,104.869
2023-03-01 00:00:00,104.483
2023-03-02 00:00:00,105.027
2023-03-03 00:00:00,104.521
2023-03-06 00:00:00,104.35
2023-03-07 00:00:00,105.615
2023-03-08 00:00:00,105.658
2023-03-09 00:00:00,105.309
2023-03-10 00:00:00,104.576
2023-03-13 00:00:00,103.595
2023-03-14 00:00:00,103.597
2023-03-15 00:00:00,104.646
2023-03-16 00:00:00,104.418
2023-03-17 00:00:00,103.708
2023-03-20 00:00:00,103.281
2023-03-21 00:00:00,103.256
2023-03-22 00:00:00,102.346
2023-03-23 00:00:00,102.532
2023-03-24 00:00:00,103.116
2023-03-27 00:00:00,102.857
2023-03-28 00:00:00,102.43
2023-03-29 00:00:00,102.64
2023-03-30 00:00:00,102.144
2023-03-31 00:00:00,102.506
2023-04-03 00:00:00,102.093
2023-04-04 00:00:00,101.586
2023-04-05 00:00:00,101.852
2023-04-06 00:00:00,101.822
2023-04-07 00:00:00,102.092
2023-04-10 00:00:00,102.578
2023-04-11 00:00:00,102.204
2023-04-12 00:00:00,101.5
2023-04-13 00:00:00,101.011
2023-04-14 00:00:00,101.552
2023-04-17 00:00:00,102.103
2023-04-18 00:00:00,101.745
2023-04-19 00:00:00,101.968
2023-04-20 00:00:00,101.84
2023-04-21 00:00:00,101.822
2023-04-24 00:00:00,101.348
2023-04-25 00:00:00,101.863
2023-04-26 00:00:00,101.467
2023-04-27 00:00:00,101.503
2023-04-28 00:00:00,101.659
2023-05-01 00:00:00,102.151
2023-05-02 00:00:00,101.958
2023-05-03 00:00:00,101.343
2023-05-04 00:00:00,101.399
2023-05-05 00:00:00,101.214
2023-05-08 00:00:00,101.377
2023-05-09 00:00:00,101.605
2023-05-10 00:00:00,101.477
2023-05-11 00:00:00,102.058
2023-05-12 00:00:00,102.681
2023-05-15 00:00:00,102.434
2023-05-16 00:00:00,102.564
2023-05-17 00:00:00,102.882
2023-05-18 00:00:00,103.584
2023-05-19 00:00:00,103.198
2023-05-22 00:00:00,103.198
2023-05-23 00:00:00,103.488
2023-05-24 00:00:00,103.887
2023-05-25 00:00:00,104.251
2023-05-26 00:00:00,104.206
2023-05-29 00:00:00,104.206
2023-05-30 00:00:00,104.165
2023-05-31 00:00:00,104.326
2023-06-01 00:00:00,103.56
2023-06-02 00:00:00,104.015
2023-06-05 00:00:00,104.002
2023-06-06 00:00:00,104.125
2023-06-07 00:00:00,104.099
2023-06-08 00:00:00,103.343
2023-06-09 00:00:00,103.557
2023-06-12 00:00:00,103.654
2023-06-13 00:00:00,103.338
2023-06-14 00:00:00,102.948
2023-06-15 00:00:00,102.115
2023-06-16 00:00:00,102.243
2023-06-19 00:00:00,102.522
2023-06-20 00:00:00,102.54
2023-06-21 00:00:00,102.071
2023-06-22 00:00:00,102.386
2023-06-23 00:00:00,102.903
2023-06-26 00:00:00,102.692
2023-06-27 00:00:00,102.492
2023-06-28 00:00:00,102.905
2023-06-29 00:00:00,103.342
2023-06-30 00:00:00,102.912
2023-07-03 00:00:00,102.988
2023-07-04 00:00:00,103.039
2023-07-05 00:00:00,103.373
2023-07-06 00:00:00,103.166
2023-07-07 00:00:00,102.272
2023-07-10 00:00:00,101.972
2023-07-11 00:00:00,101.732
2023-07-12 00:00:00,100.521
2023-07-13 00:00:00,99.77
2023-07-14 00:00:00,99.914
2023-07-17 00:00:00,99.842
2023-07-18 00:00:00,99.941
2023-07-19 00:00:00,100.281
2023-07-20 00:00:00,100.88
2023-07-21 00:00:00,101.071
2023-07-24 00:00:00,101.346
2023-07-25 00:00:00,101.349
2023-07-26 00:00:00,100.887
2023-07-27 00:00:00,101.773
2023-07-28 00:00:00,101.622
2023-07-31 00:00:00,101.855
2023-08-01 00:00:00,102.303
2023-08-02 00:00:00,102.59
2023-08-03 00:00:00,102.542
2023-08-04 00:00:00,102.017
2023-08-07 00:00:00,102.047
2023-08-08 00:00:00,102.528
2023-08-09 00:00:00,102.49
2023-08-10 00:00:00,102.524
2023-08-11 00:00:00,102.842
2023-08-14 00:00:00,103.19
2023-08-15 00:00:00,103.209
2023-08-16 00:00:00,103.431
2023-08-17 00:00:00,103.572
2023-08-18 00:00:00,103.375
2023-08-21 00:00:00,103.3
2023-08-22 00:00:00,103.563
2023-08-23 00:00:00,103.419
2023-08-24 00:00:00,103.982
2023-08-25 00:00:00,104.077
2023-08-28 00:00:00,104.058
2023-08-29 00:00:00,103.531
2023-08-30 00:00:00,103.157
2023-08-31 00:00:00,103.619
2023-09-01 00:00:00,104.236
2023-09-04 00:00:00,104.236
2023-09-05 00:00:00,104.807
2023-09-06 00:00:00,104.861
2023-09-07 00:00:00,105.059
2023-09-08 00:00:00,105.09
2023-09-11 00:00:00,104.569
2023-09-12 00:00:00,104.711
2023-09-13 00:00:00,104.766
2023-09-14 00:00:00,105.405
2023-09-15 00:00:00,105.322
2023-09-18 00:00:00,105.202
2023-09-19 00:00:00,105.133
2023-09-20 00:00:00,105.328
2023-09-21 00:00:00,105.363
2023-09-22 00:00:00,105.583
2023-09-25 00:00:00,105.998
2023-09-26 00:00:00,106.231
2023-09-27 00:00:00,106.666
2023-09-28 00:00:00,106.224
2023-09-29 00:00:00,106.174
2023-10-02 00:00:00,106.904
2023-10-03 00:00:00,107.0
2023-10-04 00:00:00,106.799
2023-10-05 00:00:00,106.332
2023-10-06 00:00:00,106.044
2023-10-09 00:00:00,106.083
2023-10-10 00:00:00,105.825
2023-10-11 00:00:00,105.82
2023-10-12 00:00:00,106.599
2023-10-13 00:00:00,106.648
2023-10-16 00:00:00,106.243
2023-10-17 00:00:00,106.25
2023-10-18 00:00:00,106.565
2023-10-19 00:00:00,106.253
2023-10-20 00:00:00,106.163
2023-10-23 00:00:00,105.536
2023-10-24 00:00:00,106.27
2023-10-25 00:00:00,106.528
2023-10-26 00:00:00,106.602
2023-10-27 00:00:00,106.559
2023-10-30 00:00:00,106.12
2023-10-31 00:00:00,106.663
2023-11-01 00:00:00,106.884
2023-11-02 00:00:00,106.124
2023-11-03 00:00:00,105.021
2023-11-06 00:00:00,105.215
2023-11-07 00:00:00,105.542
2023-11-08 00:00:00,105.593
2023-11-09 00:00:00,105.91
2023-11-10 00:00:00,105.861
2023-11-13 00:00:00,105.631
2023-11-14 00:00:00,104.053
2023-11-15 00:00:00,104.394
2023-11-16 00:00:00,104.349
2023-11-17 00:00:00,103.917
2023-11-20 00:00:00,103.438
2023-11-21 00:00:00,103.565
2023-11-22 00:00:00,103.92
2023-11-23 00:00:00,103.92
2023-11-24 00:00:00,103.403
2023-11-27 00:00:00,103.199
2023-11-28 00:00:00,102.746
2023-11-29 00:00:00,102.765
2023-11-30 00:00:00,103.497
2023-12-01 00:00:00,103.268
2023-12-04 00:00:00,103.712
2023-12-05 00:00:00,104.05
2023-12-06 00:00:00,104.153
2023-12-07 00:00:00,103.541
2023-12-08 00:00:00,104.01
2023-12-11 00:00:00,104.095
2023-12-12 00:00:00,103.865
2023-12-13 00:00:00,102.869
2023-12-14 00:00:00,101.956
2023-12-15 00:00:00,102.55
2023-12-18 00:00:00,102.561
2023-12-19 00:00:00,102.167
2023-12-20 00:00:00,102.408
2023-12-21 00:00:00,101.843
2023-12-22 00:00:00,101.698
2023-12-25 00:00:00,101.698
2023-12-26 00:00:00,101.466
2023-12-27 00:00:00,100.986
2023-12-28 00:00:00,101.229
2023-12-29 00:00:00,101.333
2024-01-01 00:00:00,101.333
2024-01-02 00:00:00,102.2
2024-01-03 00:00:00,102.494
2024-01-04 00:00:00,102.422
2024-01-05 00:00:00,102.412
2024-01-08 00:00:00,102.209
2024-01-09 00:00:00,102.57
2024-01-10 00:00:00,102.362
2024-01-11 00:00:00,102.291
2024-01-12 00:00:00,102.404
2024-01-15 00:00:00,102.404
2024-01-16 00:00:00,103.357
2024-01-17 00:00:00,103.45
2024-01-18 00:00:00,103.536
2024-01-19 00:00:00,103.288
2024-01-22 00:00:00,103.331
2024-01-23 00:00:00,103.617
2024-01-24 00:00:00,103.236
2024-01-25 00:00:00,103.574
2024-01-26 00:00:00,103.433
2024-01-29 00:00:00,103.609
2024-01-30 00:00:00,103.397
2024-01-31 00:00:00,103.274
2024-02-01 00:00:00,103.048
2024-02-02 00:00:00,103.922
2024-02-05 00:00:00,104.452
2024-02-06 00:00:00,104.213
2024-02-07 00:00:00,104.057
2024-02-08 00:00:00,104.165
2024-02-09 00:00:00,104.111
2024-02-12 00:00:00,104.17
2024-02-13 00:00:00,104.96
2024-02-14 00:00:00,104.723
2024-02-15 00:00:00,104.296
2024-02-16 00:00:00,104.275
2024-02-19 00:00:00,104.291
2024-02-20 00:00:00,104.079
2024-02-21 00:00:00,104.006
2024-02-22 00:00:00,103.957
2024-02-23 00:00:00,103.936
2024-02-26 00:00:00,103.827
2024-02-27 00:00:00,103.829
2024-02-28 00:00:00,103.975
2024-02-29 00:00:00,104.156
2024-03-01 00:00:00,103.861
2024-03-04 00:00:00,103.832
2024-03-05 00:00:00,103.798
2024-03-06 00:00:00,103.369
2024-03-07 00:00:00,102.823
2024-03-08 00:00:00,102.712
2024-03-11 00:00:00,102.869
2024-03-12 00:00:00,102.957
2024-03-13 00:00:00,102.789
2024-03-14 00:00:00,103.36
2024-03-15 00:00:00,103.432
2024-03-18 00:00:00,103.579
2024-03-19 00:00:00,103.818
2024-03-20 00:00:00,103.389
2024-03-21 00:00:00,104.007
2024-03-22 00:00:00,104.43
2024-03-25 00:00:00,104.224
2024-03-26 00:00:00,104.298
2024-03-27 00:00:00,104.348
2024-03-28 00:00:00,104.546
2024-03-29 00:00:00,104.487
2024-04-01 00:00:00,105.019
2024-04-02 00:00:00,104.816
2024-04-03 00:00:00,104.249
2024-04-04 00:00:00,104.121
2024-04-05 00:00:00,104.298
2024-04-08 00:00:00,104.14
2024-04-09 00:00:00,104.148
2024-04-10 00:00:00,105.245
2024-04-11 00:00:00,105.282
2024-04-12 00:00:00,106.038
2024-04-15 00:00:00,106.208
2024-04-16 00:00:00,106.257
2024-04-17 00:00:00,105.951
2024-04-18 00:00:00,106.151
2024-04-19 00:00:00,106.154
2024-04-22 00:00:00,106.077
2024-04-23 00:00:00,105.675
2024-04-24 00:00:00,105.857
2024-04-25 00:00:00,105.598
2024-04-26 00:00:00,105.938
2024-04-29 00:00:00,105.579
2024-04-30 00:00:00,106.221
2024-05-01 00:00:00,105.755
2024-05-02 00:00:00,105.299
2024-05-03 00:00:00,105.03
2024-05-06 00:00:00,105.051
2024-05-07 00:00:00,105.412
2024-05-08 00:00:00,105.546
2024-05-09 00:00:00,105.227
2024-05-10 00:00:00,105.301
2024-05-13 00:00:00,105.218
2024-05-14 00:00:00,105.013
2024-05-15 00:00:00,104.345
2024-05-16 00:00:00,104.462
2024-05-17 00:00:00,104.445
2024-05-20 00:00:00,104.565
2024-05-21 00:00:00,104.661
2024-05-22 00:00:00,104.933
2024-05-23 00:00:00,105.108
2024-05-24 00:00:00,104.724
2024-05-27 00:00:00,104.595
2024-05-28 00:00:00,104.614
2024-05-29 00:00:00,105.122
2024-05-30 00:00:00,104.716
2024-05-31 00:00:00,104.671
2024-06-03 00:00:00,104.14
2024-06-04 00:00:00,104.11
2024-06-05 00:00:00,104.268
2024-06-06 00:00:00,104.102
2024-06-07 00:00:00,104.885
2024-06-10 00:00:00,105.15
2024-06-11 00:00:00,105.23
2024-06-12 00:00:00,104.645
2024-06-13 00:00:00,105.196
2024-06-14 00:00:00,105.55
2024-06-17 00:00:00,105.32
2024-06-18 00:00:00,105.256
2024-06-19 00:00:00,105.254
2024-06-20 00:00:00,105.588
2024-06-21 00:00:00,105.796
2024-06-24 00:00:00,105.473
2024-06-25 00:00:00,105.607
2024-06-26 00:00:00,106.052
2024-06-27 00:00:00,105.906
2024-06-28 00:00:00,105.866
2024-07-01 00:00:00,105.901
2024-07-02 00:00:00,105.722
2024-07-03 00:00:00,105.403
2024-07-04 00:00:00,105.13
2024-07-05 00:00:00,104.875
2024-07-08 00:00:00,105.0
2024-07-09 00:00:00,105.129
2024-07-10 00:00:00,105.048
2024-07-11 00:00:00,104.44
2024-07-12 00:00:00,104.093
2024-07-15 00:00:00,104.189
2024-07-16 00:00:00,104.27
2024-07-17 00:00:00,103.748
2024-07-18 00:00:00,104.173
2024-07-19 00:00:00,104.396
2024-07-22 00:00:00,104.314
2024-07-23 00:00:00,104.45
2024-07-24 00:00:00,104.391
2024-07-25 00:00:00,104.355
2024-07-26 00:00:00,104.316
2024-07-29 00:00:00,104.564
2024-07-30 00:00:00,104.554
2024-07-31 00:00:00,104.096
2024-08-01 00:00:00,104.421
2024-08-02 00:00:00,103.208
2024-08-05 00:00:00,102.689
2024-08-06 00:00:00,102.969
2024-08-07 00:00:00,103.197
2024-08-08 00:00:00,103.209
2024-08-09 00:00:00,103.135
2024-08-12 00:00:00,103.139
2024-08-13 00:00:00,102.559
2024-08-14 00:00:00,102.568
2024-08-15 00:00:00,102.977
2024-08-16 00:00:00,102.463
2024-08-19 00:00:00,101.886
2024-08-20 00:00:00,101.441
2024-08-21 00:00:00,101.039
2024-08-22 00:00:00,101.508
2024-08-23 00:00:00,100.718
2024-08-26 00:00:00,100.851
2024-08-27 00:00:00,100.552
2024-08-28 00:00:00,101.094
2024-08-29 00:00:00,101.343
2024-08-30 00:00:00,101.698
2024-09-02 00:00:00,101.653
2024-09-03 00:00:00,101.825
2024-09-04 00:00:00,101.358
2024-09-05 00:00:00,101.107
2024-09-06 00:00:00,101.177
2024-09-09 00:00:00,101.552
2024-09-10 00:00:00,101.63
2024-09-11 00:00:00,101.684
2024-09-12 00:00:00,101.366
2024-09-13 00:00:00,101.114
2024-09-16 00:00:00,100.763
2024-09-17 00:00:00,100.894
2024-09-18 00:00:00,100.596
2024-09-19 00:00:00,100.614
2024-09-20 00:00:00,100.723
2024-09-23 00:00:00,100.851
2024-09-24 00:00:00,100.466
2024-09-25 00:00:00,100.912
2024-09-26 00:00:00,100.562
2024-09-27 00:00:00,100.381
2024-09-30 00:00:00,100.779
2024-10-01 00:00:00,101.194
2024-10-02 00:00:00,101.677
2024-10-03 00:00:00,101.989
2024-10-04 00:00:00,102.52
2024-10-07 00:00:00,102.537
2024-10-08 00:00:00,102.549
2024-10-09 00:00:00,102.928
2024-10-10 00:00:00,102.988
2024-10-11 00:00:00,102.89
2024-10-14 00:00:00,103.298
2024-10-15 00:00:00,103.261
2024-10-16 00:00:00,103.59
2024-10-17 00:00:00,103.825
2024-10-18 00:00:00,103.493
2024-10-21 00:00:00,104.012
2024-10-22 00:00:00,104.075
2024-10-23 00:00:00,104.431
2024-10-24 00:00:00,104.058
2024-10-25 00:00:00,104.257
2024-10-28 00:00:00,104.316
2024-10-29 00:00:00,104.316
2024-10-30 00:00:00,103.994
2024-10-31 00:00:00,103.976
2024-11-01 00:00:00,104.282
2024-11-04 00:00:00,103.885
2024-11-05 00:00:00,103.423
2024-11-06 00:00:00,105.088
2024-11-07 00:00:00,104.508
2024-11-08 00:00:00,104.997
2024-11-11 00:00:00,105.543
2024-11-12 00:00:00,106.024
2024-11-13 00:00:00,106.481
2024-11-14 00:00:00,106.673
2024-11-15 00:00:00,106.687
2024-11-18 00:00:00,106.275
2024-11-19 00:00:00,106.206
2024-11-20 00:00:00,106.68
2024-11-21 00:00:00,106.972
2024-11-22 00:00:00,107.554
2024-11-25 00:00:00,106.817
2024-11-26 00:00:00,107.013
2024-11-27 00:00:00,106.084
2024-11-28 00:00:00,106.048
2024-11-29 00:00:00,105.737
2024-12-02 00:00:00,106.446
2024-12-03 00:00:00,106.365
2024-12-04 00:00:00,106.321
2024-12-05 00:00:00,105.714
2024-12-06 00:00:00,106.055
2024-12-09 00:00:00,106.145
2024-12-10 00:00:00,106.399
2024-12-11 00:00:00,106.71
2024-12-12 00:00:00,106.956
2024-12-13 00:00:00,107.003
2024-12-16 00:00:00,106.858
2024-12-17 00:00:00,106.956
2024-12-18 00:00:00,108.027
2024-12-19 00:00:00,108.408
2024-12-20 00:00:00,107.621
2024-12-23 00:00:00,108.037
2024-12-24 00:00:00,108.257
2024-12-25 00:00:00,108.257
2024-12-26 00:00:00,108.129
2024-12-27 00:00:00,107.998
2024-12-30 00:00:00,108.13
2024-12-31 00:00:00,108.487
2025-01-01 00:00:00,108.487
2025-01-02 00:00:00,109.394
2025-01-03 00:00:00,108.952
2025-01-06 00:00:00,108.257
2025-01-07 00:00:00,108.542
2025-01-08 00:00:00,109.09
2025-01-09 00:00:00,109.179
2025-01-10 00:00:00,109.65
2025-01-13 00:00:00,109.956
2025-01-14 00:00:00,109.273
2025-01-15 00:00:00,109.09
2025-01-16 00:00:00,108.957
2025-01-17 00:00:00,109.347
2025-01-20 00:00:00,109.347
2025-01-21 00:00:00,108.062
2025-01-22 00:00:00,108.167
2025-01-23 00:00:00,108.047
2025-01-24 00:00:00,107.443
2025-01-27 00:00:00,107.341
2025-01-28 00:00:00,107.866
2025-01-29 00:00:00,108.0
2025-01-30 00:00:00,107.797
2025-01-31 00:00:00,108.37
2025-02-03 00:00:00,108.99
2025-02-04 00:00:00,107.96
2025-02-05 00:00:00,107.579
2025-02-06 00:00:00,107.689
2025-02-07 00:00:00,108.04
2025-02-10 00:00:00,108.319
2025-02-11 00:00:00,107.963
2025-02-12 00:00:00,107.938
2025-02-13 00:00:00,107.313
2025-02-14 00:00:00,106.71
2025-02-17 00:00:00,106.575
2025-02-18 00:00:00,107.054
2025-02-19 00:00:00,107.173
2025-02-20 00:00:00,106.372
2025-02-21 00:00:00,106.612
2025-02-24 00:00:00,106.596
2025-02-25 00:00:00,106.308
2025-02-26 00:00:00,106.416
2025-02-27 00:00:00,107.244
2025-02-28 00:00:00,107.614
2025-03-03 00:00:00,106.747
2025-03-04 00:00:00,105.743
2025-03-05 00:00:00,104.276
2025-03-06 00:00:00,104.062
2025-03-07 00:00:00,103.838
2025-03-10 00:00:00,103.9
2025-03-11 00:00:00,103.419
2025-03-12 00:00:00,103.612
2025-03-13 00:00:00,103.828
2025-03-14 00:00:00,103.718
2025-03-17 00:00:00,103.37
2025-03-18 00:00:00,103.244
2025-03-19 00:00:00,103.428
2025-03-20 00:00:00,103.851
2025-03-21 00:00:00,104.088
2025-03-24 00:00:00,104.262
2025-03-25 00:00:00,104.184
2025-03-26 00:00:00,104.547
2025-03-27 00:00:00,104.335
2025-03-28 00:00:00,104.044
2025-03-31 00:00:00,104.21
2025-04-01 00:00:00,104.26
2025-04-02 00:00:00,103.807
2025-04-03 00:00:00,102.072
2025-04-04 00:00:00,103.023
2025-04-07 00:00:00,103.256
2025-04-08 00:00:00,102.955
2025-04-09 00:00:00,102.9
2025-04-10 00:00:00,100.867
2025-04-11 00:00:00,100.102
2025-04-14 00:00:00,99.64
2025-04-15 00:00:00,100.215
2025-04-16 00:00:00,99.38
2025-04-17 00:00:00,99.376
2025-04-18 00:00:00,99.23
2025-04-21 00:00:00,98.278
2025-04-22 00:00:00,98.918
2025-04-23 00:00:00,99.844
2025-04-24 00:00:00,99.377
2025-04-25 00:00:00,99.471
2025-04-28 00:00:00,99.01
2025-04-29 00:00:00,99.237
2025-04-30 00:00:00,99.468
2025-05-01 00:00:00,100.248
2025-05-02 00:00:00,100.03
2025-05-05 00:00:00,99.831
2025-05-06 00:00:00,99.238
2025-05-07 00:00:00,99.614
2025-05-08 00:00:00,100.64
2025-05-09 00:00:00,100.339
2025-05-12 00:00:00,101.788
2025-05-13 00:00:00,101.003
2025-05-14 00:00:00,101.039
2025-05-15 00:00:00,100.879
2025-05-16 00:00:00,101.092
2025-05-19 00:00:00,100.426
2025-05-20 00:00:00,100.118
2025-05-21 00:00:00,99.559
2025-05-22 00:00:00,99.96
2025-05-23 00:00:00,99.112
2025-05-26 00:00:00,98.934
2025-05-27 00:00:00,99.521
2025-05-28 00:00:00,99.875
2025-05-29 00:00:00,99.278
2025-05-30 00:00:00,99.329
2025-06-02 00:00:00,98.706
2025-06-03 00:00:00,99.227
2025-06-04 00:00:00,98.787
2025-06-05 00:00:00,98.741
2025-06-06 00:00:00,99.19
2025-06-09 00:00:00,98.939
2025-06-10 00:00:00,99.098
2025-06-11 00:00:00,98.631
2025-06-12 00:00:00,97.921
2025-06-13 00:00:00,98.184
2025-06-16 00:00:00,97.998
2025-06-17 00:00:00,98.82
2025-06-18 00:00:00,98.905
2025-06-19 00:00:00,98.905
2025-06-20 00:00:00,98.707
2025-06-23 00:00:00,98.416
2025-06-24 00:00:00,97.858
2025-06-25 00:00:00,97.679
2025-06-26 00:00:00,97.147
2025-06-27 00:00:00,97.401
2025-06-30 00:00:00,96.875
2025-07-01 00:00:00,96.819
2025-07-02 00:00:00,96.776
2025-07-03 00:00:00,97.18
2025-07-04 00:00:00,97.18
2025-07-07 00:00:00,97.48
2025-07-08 00:00:00,97.516
2025-07-09 00:00:00,97.555
2025-07-10 00:00:00,97.652
2025-07-11 00:00:00,97.853
2025-07-14 00:00:00,98.081
2025-07-15 00:00:00,98.616
2025-07-16 00:00:00,98.392
2025-07-17 00:00:00,98.734
2025-07-18 00:00:00,98.482
2025-07-21 00:00:00,97.853
2025-07-22 00:00:00,97.392
2025-07-23 00:00:00,97.214
2025-07-24 00:00:00,97.377
2025-07-25 00:00:00,97.645
2025-07-28 00:00:00,98.634
2025-07-29 00:00:00,98.886
2025-07-30 00:00:00,99.815
2025-07-31 00:00:00,99.968
2025-08-01 00:00:00,99.141
2025-08-04 00:00:00,98.784
2025-08-05 00:00:00,98.782
2025-08-06 00:00:00,98.177
2025-08-07 00:00:00,98.4
2025-08-08 00:00:00,98.18
2025-08-11 00:00:00,98.52
2025-08-12 00:00:00,98.097
2025-08-13 00:00:00,97.84
2025-08-14 00:00:00,98.254
2025-08-15 00:00:00,97.852
2025-08-18 00:00:00,98.167
2025-08-19 00:00:00,98.265
2025-08-20 00:00:00,98.218
2025-08-21 00:00:00,98.619
2025-08-22 00:00:00,97.716
2025-08-25 00:00:00,98.43
2025-08-26 00:00:00,98.225
2025-08-27 00:00:00,98.232
2025-08-28 00:00:00,97.813
2025-08-29 00:00:00,97.771
2025-09-01 00:00:00,97.771
2025-09-02 00:00:00,98.397
2025-09-03 00:00:00,98.142
2025-09-04 00:00:00,98.347
2025-09-05 00:00:00,97.768
2025-09-08 00:00:00,97.454
2025-09-09 00:00:00,97.788
2025-09-10 00:00:00,97.78
2025-09-11 00:00:00,97.531
2025-09-12 00:00:00,97.55
2025-09-15 00:00:00,97.302
2025-09-16 00:00:00,96.633
2025-09-17 00:00:00,96.873
2025-09-18 00:00:00,97.348
2025-09-19 00:00:00,97.644
2025-09-22 00:00:00,97.341
2025-09-23 00:00:00,97.264
2025-09-24 00:00:00,97.873
2025-09-25 00:00:00,98.553
2025-09-26 00:00:00,98.152
2025-09-29 00:00:00,97.906
2025-09-30 00:00:00,97.775
2025-10-01 00:00:00,97.706
2025-10-02 00:00:00,97.846
2025-10-03 00:00:00,97.723
2025-10-06 00:00:00,98.108
2025-10-07 00:00:00,98.578
2025-10-08 00:00:00,98.915
2025-10-09 00:00:00,99.538
2025-10-10 00:00:00,98.978
2025-10-13 00:00:00,99.269
2025-10-14 00:00:00,99.047
2025-10-15 00:00:00,98.793
2025-10-16 00:00:00,98.336
2025-10-17 00:00:00,98.433
2025-10-20 00:00:00,98.586
2025-10-21 00:00:00,98.934
2025-10-22 00:00:00,98.897
2025-10-23 00:00:00,98.936
2025-10-24 00:00:00,98.952
2025-10-27 00:00:00,98.783
2025-10-28 00:00:00,98.667
2025-10-29 00:00:00,99.22
2025-10-30 00:00:00,99.526
2025-10-31 00:00:00,99.804
2025-11-03 00:00:00,99.873
2025-11-04 00:00:00,100.224
2025-11-05 00:00:00,100.204
2025-11-06 00:00:00,99.733
2025-11-07 00:00:00,99.603
2025-11-10 00:00:00,99.589
2025-11-11 00:00:00,99.443
2025-11-12 00:00:00,99.495
2025-11-13 00:00:00,99.156
2025-11-14 00:00:00,99.299
2025-11-17 00:00:00,99.588
2025-11-18 00:00:00,99.55
2025-11-19 00:00:00,100.228
2025-11-20 00:00:00,100.158
2025-11-21 00:00:00,100.18
2025-11-24 00:00:00,100.142
2025-11-25 00:00:00,99.664
2025-11-26 00:00:00,99.595
2025-11-27 00:00:00,99.536
2025-11-28 00:00:00,99.459
2025-12-01 00:00:00,99.414
2025-12-02 00:00:00,99.357
2025-12-03 00:00:00,98.854
2025-12-04 00:00:00,98.989
2025-12-05 00:00:00,98.992
2025-12-08 00:00:00,99.087
2025-12-09 00:00:00,99.22
2025-12-10 00:00:00,98.786
2025-12-11 00:00:00,98.346
2025-12-12 00:00:00,98.399
2025-12-15 00:00:00,98.309
2025-12-16 00:00:00,98.146
2025-12-17 00:00:00,98.368
2025-12-18 00:00:00,98.427
2025-12-19 00:00:00,98.599
2025-12-22 00:00:00,98.286
2025-12-23 00:00:00,97.942
2025-12-24 00:00:00,97.976
2025-12-25 00:00:00,97.976
2025-12-26 00:00:00,98.022
2025-12-29 00:00:00,98.037
2025-12-30 00:00:00,98.238
2025-12-31 00:00:00,98.322
2026-01-01 00:00:00,98.322
2026-01-02 00:00:00,98.424
2026-01-05 00:00:00,98.27
2026-01-06 00:00:00,98.58
2026-01-07 00:00:00,98.684
2026-01-08 00:00:00,98.934
2026-01-09 00:00:00,99.133
2026-01-12 00:00:00,98.862
2026-01-13 00:00:00,99.134
2026-01-14 00:00:00,99.055
2026-01-15 00:00:00,99.321
2026-01-16 00:00:00,99.393
2026-01-19 00:00:00,99.393
2026-01-20 00:00:00,98.641
2026-01-21 00:00:00,98.761
2026-01-22 00:00:00,98.359
2026-01-23 00:00:00,97.599
2026-01-26 00:00:00,97.04
2026-01-27 00:00:00,96.217
2026-01-28 00:00:00,96.446
2026-01-29 00:00:00,96.283
2026-01-30 00:00:00,96.991
2026-02-02 00:00:00,97.632
2026-02-03 00:00:00,97.437
2026-02-04 00:00:00,97.616
2026-02-05 00:00:00,97.824
2026-02-06 00:00:00,97.633
2026-02-09 00:00:00,96.816
2026-02-10 00:00:00,96.799
2026-02-11 00:00:00,96.834
2026-02-12 00:00:00,96.925
2026-02-13 00:00:00,96.915
2026-02-16 00:00:00,96.915
2026-02-17 00:00:00,97.155
2026-02-18 00:00:00,97.703
2026-02-19 00:00:00,97.925
2026-02-20 00:00:00,97.796
2026-02-23 00:00:00,97.706
2026-02-24 00:00:00,97.843
2026-02-25 00:00:00,97.7
2026-02-26 00:00:00,97.791
2026-02-27 00:00:00,97.608
2026-03-02 00:00:00,98.381
2026-03-03 00:00:00,99.052
2026-03-04 00:00:00,98.769
2026-03-05 00:00:00,99.317
2026-03-06 00:00:00,98.986
2026-03-09 00:00:00,99.175
2026-03-10 00:00:00,98.826
2026-03-11 00:00:00,99.231
2026-03-12 00:00:00,99.739
2026-03-13 00:00:00,100.362
2026-03-16 00:00:00,99.712
2026-03-17 00:00:00,99.575
2026-03-18 00:00:00,100.086
2026-03-19 00:00:00,99.232
2026-03-20 00:00:00,99.647
2026-03-23 00:00:00,98.95
2026-03-24 00:00:00,99.434
2026-03-25 00:00:00,99.599
2026-03-26 00:00:00,99.9
2026-03-27 00:00:00,100.151
2026-03-30 00:00:00,100.509
2026-03-31 00:00:00,99.961
2026-04-01 00:00:00,99.651
2026-04-02 00:00:00,100.028
2026-04-03 00:00:00,100.028
2026-04-06 00:00:00,99.981
2026-04-07 00:00:00,99.858
2026-04-08 00:00:00,99.133
2026-04-09 00:00:00,98.819
2026-04-10 00:00:00,98.65
2026-04-13 00:00:00,98.366
2026-04-14 00:00:00,98.124
2026-04-15 00:00:00,98.055
2026-04-16 00:00:00,98.215
2026-04-17 00:00:00,98.098
2026-04-20 00:00:00,98.097
2026-04-21 00:00:00,98.394
2026-04-22 00:00:00,98.59
2026-04-23 00:00:00,98.77
2026-04-24 00:00:00,98.533
2026-04-27 00:00:00,98.496
2026-04-28 00:00:00,98.64
2026-04-29 00:00:00,98.961
2026-04-30 00:00:00,98.056
2026-05-01 00:00:00,98.156
2026-05-04 00:00:00,98.374
2026-05-05 00:00:00,98.444
2026-05-06 00:00:00,98.023
2026-05-07 00:00:00,98.067
2026-05-08 00:00:00,97.9
2026-05-11 00:00:00,97.955
2026-05-12 00:00:00,98.298
2026-05-13 00:00:00,98.524
2026-05-14 00:00:00,98.819
2026-05-15 00:00:00,99.284
2026-05-18 00:00:00,99.193
2026-05-19 00:00:00,99.327
2026-05-20 00:00:00,99.092
2026-05-21 00:00:00,99.257
2026-05-22 00:00:00,99.239
2026-05-25 00:00:00,99.239
2026-05-26 00:00:00,99.169
2026-05-27 00:00:00,99.206
2026-05-28 00:00:00,99.02
2026-05-29 00:00:00,98.942
2026-06-01 00:00:00,99.201
2026-06-02 00:00:00,99.219
2026-06-03 00:00:00,99.529
2026-06-04 00:00:00,99.413
2026-06-05 00:00:00,100.069
2026-06-08 00:00:00,100.045
2026-06-09 00:00:00,99.909
2026-06-10 00:00:00,99.947
2026-06-11 00:00:00,99.858
2026-06-12 00:00:00,99.747
2026-06-15 00:00:00,99.631
2026-06-16 00:00:00,99.54
2026-06-17 00:00:00,100.089
2026-06-18 00:00:00,100.849
2026-06-19 00:00:00,100.849
2026-06-22 00:00:00,101.067
