date,MSCI_EM_Equity_Index
2005-01-03 00:00:00,542.22
2005-01-04 00:00:00,532.89
2005-01-05 00:00:00,525.2
2005-01-06 00:00:00,518.25
2005-01-07 00:00:00,518.96
2005-01-10 00:00:00,519.86
2005-01-11 00:00:00,521.77
2005-01-12 00:00:00,522.25
2005-01-13 00:00:00,525.0
2005-01-14 00:00:00,528.16
2005-01-17 00:00:00,531.68
2005-01-18 00:00:00,528.23
2005-01-19 00:00:00,529.18
2005-01-20 00:00:00,524.32
2005-01-21 00:00:00,525.49
2005-01-24 00:00:00,527.31
2005-01-25 00:00:00,527.85
2005-01-26 00:00:00,532.79
2005-01-27 00:00:00,533.86
2005-01-28 00:00:00,535.71
2005-01-31 00:00:00,542.28
2005-02-01 00:00:00,541.82
2005-02-02 00:00:00,543.43
2005-02-03 00:00:00,546.2
2005-02-04 00:00:00,549.46
2005-02-07 00:00:00,551.27
2005-02-08 00:00:00,549.41
2005-02-09 00:00:00,551.93
2005-02-10 00:00:00,551.48
2005-02-11 00:00:00,553.84
2005-02-14 00:00:00,561.08
2005-02-15 00:00:00,562.76
2005-02-16 00:00:00,562.49
2005-02-17 00:00:00,563.98
2005-02-18 00:00:00,566.62
2005-02-21 00:00:00,567.84
2005-02-22 00:00:00,571.84
2005-02-23 00:00:00,571.27
2005-02-24 00:00:00,577.45
2005-02-25 00:00:00,581.73
2005-02-28 00:00:00,588.68
2005-03-01 00:00:00,586.9
2005-03-02 00:00:00,580.37
2005-03-03 00:00:00,582.03
2005-03-04 00:00:00,585.26
2005-03-07 00:00:00,587.48
2005-03-08 00:00:00,586.91
2005-03-09 00:00:00,587.37
2005-03-10 00:00:00,581.79
2005-03-11 00:00:00,585.03
2005-03-14 00:00:00,577.29
2005-03-15 00:00:00,567.43
2005-03-16 00:00:00,565.97
2005-03-17 00:00:00,564.08
2005-03-18 00:00:00,564.03
2005-03-21 00:00:00,559.81
2005-03-22 00:00:00,557.28
2005-03-23 00:00:00,547.41
2005-03-24 00:00:00,546.14
2005-03-25 00:00:00,548.44
2005-03-28 00:00:00,545.38
2005-03-29 00:00:00,538.63
2005-03-30 00:00:00,540.13
2005-03-31 00:00:00,548.69
2005-04-01 00:00:00,555.86
2005-04-04 00:00:00,550.39
2005-04-05 00:00:00,551.0
2005-04-06 00:00:00,553.59
2005-04-07 00:00:00,555.66
2005-04-08 00:00:00,555.44
2005-04-11 00:00:00,554.1
2005-04-12 00:00:00,552.83
2005-04-13 00:00:00,554.58
2005-04-14 00:00:00,543.55
2005-04-15 00:00:00,535.99
2005-04-18 00:00:00,526.39
2005-04-19 00:00:00,533.07
2005-04-20 00:00:00,534.11
2005-04-21 00:00:00,535.58
2005-04-22 00:00:00,537.62
2005-04-25 00:00:00,540.31
2005-04-26 00:00:00,542.18
2005-04-27 00:00:00,537.57
2005-04-28 00:00:00,531.23
2005-04-29 00:00:00,531.99
2005-05-02 00:00:00,533.61
2005-05-03 00:00:00,533.93
2005-05-04 00:00:00,542.89
2005-05-05 00:00:00,548.02
2005-05-06 00:00:00,550.78
2005-05-09 00:00:00,550.21
2005-05-10 00:00:00,547.23
2005-05-11 00:00:00,543.33
2005-05-12 00:00:00,540.04
2005-05-13 00:00:00,537.3
2005-05-16 00:00:00,536.59
2005-05-17 00:00:00,535.79
2005-05-18 00:00:00,540.53
2005-05-19 00:00:00,545.81
2005-05-20 00:00:00,544.38
2005-05-23 00:00:00,542.91
2005-05-24 00:00:00,544.94
2005-05-25 00:00:00,543.31
2005-05-26 00:00:00,544.15
2005-05-27 00:00:00,550.5
2005-05-30 00:00:00,552.74
2005-05-31 00:00:00,548.15
2005-06-01 00:00:00,546.59
2005-06-02 00:00:00,551.4
2005-06-03 00:00:00,555.79
2005-06-06 00:00:00,555.16
2005-06-07 00:00:00,553.76
2005-06-08 00:00:00,555.57
2005-06-09 00:00:00,552.48
2005-06-10 00:00:00,556.16
2005-06-13 00:00:00,556.73
2005-06-14 00:00:00,558.15
2005-06-15 00:00:00,562.58
2005-06-16 00:00:00,565.07
2005-06-17 00:00:00,569.96
2005-06-20 00:00:00,569.29
2005-06-21 00:00:00,567.36
2005-06-22 00:00:00,572.22
2005-06-23 00:00:00,570.31
2005-06-24 00:00:00,567.25
2005-06-27 00:00:00,565.97
2005-06-28 00:00:00,566.91
2005-06-29 00:00:00,565.45
2005-06-30 00:00:00,565.17
2005-07-01 00:00:00,568.16
2005-07-04 00:00:00,565.94
2005-07-05 00:00:00,563.17
2005-07-06 00:00:00,565.5
2005-07-07 00:00:00,562.6
2005-07-08 00:00:00,564.09
2005-07-11 00:00:00,574.18
2005-07-12 00:00:00,582.21
2005-07-13 00:00:00,583.42
2005-07-14 00:00:00,587.53
2005-07-15 00:00:00,582.83
2005-07-18 00:00:00,583.93
2005-07-19 00:00:00,586.41
2005-07-20 00:00:00,589.18
2005-07-21 00:00:00,593.23
2005-07-22 00:00:00,596.12
2005-07-25 00:00:00,595.77
2005-07-26 00:00:00,591.28
2005-07-27 00:00:00,594.09
2005-07-28 00:00:00,600.39
2005-07-29 00:00:00,602.56
2005-08-01 00:00:00,607.06
2005-08-02 00:00:00,614.64
2005-08-03 00:00:00,618.27
2005-08-04 00:00:00,618.68
2005-08-05 00:00:00,615.71
2005-08-08 00:00:00,615.76
2005-08-09 00:00:00,616.95
2005-08-10 00:00:00,622.6
2005-08-11 00:00:00,623.49
2005-08-12 00:00:00,621.3
2005-08-15 00:00:00,620.93
2005-08-16 00:00:00,617.84
2005-08-17 00:00:00,615.83
2005-08-18 00:00:00,608.15
2005-08-19 00:00:00,604.18
2005-08-22 00:00:00,612.43
2005-08-23 00:00:00,609.62
2005-08-24 00:00:00,604.27
2005-08-25 00:00:00,605.42
2005-08-26 00:00:00,604.76
2005-08-29 00:00:00,599.37
2005-08-30 00:00:00,600.45
2005-08-31 00:00:00,606.23
2005-09-01 00:00:00,616.83
2005-09-02 00:00:00,624.0
2005-09-05 00:00:00,624.86
2005-09-06 00:00:00,626.47
2005-09-07 00:00:00,628.17
2005-09-08 00:00:00,629.6
2005-09-09 00:00:00,633.59
2005-09-12 00:00:00,635.83
2005-09-13 00:00:00,633.52
2005-09-14 00:00:00,635.55
2005-09-15 00:00:00,637.86
2005-09-16 00:00:00,640.21
2005-09-19 00:00:00,642.73
2005-09-20 00:00:00,647.17
2005-09-21 00:00:00,650.73
2005-09-22 00:00:00,645.64
2005-09-23 00:00:00,640.73
2005-09-26 00:00:00,645.35
2005-09-27 00:00:00,647.89
2005-09-28 00:00:00,650.42
2005-09-29 00:00:00,655.74
2005-09-30 00:00:00,661.32
2005-10-03 00:00:00,661.51
2005-10-04 00:00:00,663.75
2005-10-05 00:00:00,652.81
2005-10-06 00:00:00,637.24
2005-10-07 00:00:00,637.9
2005-10-10 00:00:00,642.57
2005-10-11 00:00:00,646.35
2005-10-12 00:00:00,636.78
2005-10-13 00:00:00,622.37
2005-10-14 00:00:00,618.36
2005-10-17 00:00:00,621.44
2005-10-18 00:00:00,616.36
2005-10-19 00:00:00,603.73
2005-10-20 00:00:00,605.67
2005-10-21 00:00:00,607.83
2005-10-24 00:00:00,612.86
2005-10-25 00:00:00,612.86
2005-10-26 00:00:00,615.59
2005-10-27 00:00:00,608.02
2005-10-28 00:00:00,605.69
2005-10-31 00:00:00,617.41
2005-11-01 00:00:00,626.6
2005-11-02 00:00:00,634.65
2005-11-03 00:00:00,639.35
2005-11-04 00:00:00,637.38
2005-11-07 00:00:00,636.94
2005-11-08 00:00:00,635.83
2005-11-09 00:00:00,640.54
2005-11-10 00:00:00,641.59
2005-11-11 00:00:00,646.64
2005-11-14 00:00:00,647.82
2005-11-15 00:00:00,645.46
2005-11-16 00:00:00,648.71
2005-11-17 00:00:00,654.86
2005-11-18 00:00:00,657.74
2005-11-21 00:00:00,658.81
2005-11-22 00:00:00,653.12
2005-11-23 00:00:00,663.99
2005-11-24 00:00:00,666.58
2005-11-25 00:00:00,667.16
2005-11-28 00:00:00,668.24
2005-11-29 00:00:00,665.58
2005-11-30 00:00:00,667.99
2005-12-01 00:00:00,672.36
2005-12-02 00:00:00,679.1
2005-12-05 00:00:00,682.63
2005-12-06 00:00:00,687.52
2005-12-07 00:00:00,689.09
2005-12-08 00:00:00,684.81
2005-12-09 00:00:00,683.73
2005-12-12 00:00:00,688.56
2005-12-13 00:00:00,691.38
2005-12-14 00:00:00,692.13
2005-12-15 00:00:00,690.19
2005-12-16 00:00:00,689.64
2005-12-19 00:00:00,693.92
2005-12-20 00:00:00,693.5
2005-12-21 00:00:00,699.04
2005-12-22 00:00:00,700.08
2005-12-23 00:00:00,703.32
2005-12-26 00:00:00,703.16
2005-12-27 00:00:00,705.77
2005-12-28 00:00:00,701.81
2005-12-29 00:00:00,707.68
2005-12-30 00:00:00,706.48
2006-01-02 00:00:00,707.01
2006-01-03 00:00:00,721.13
2006-01-04 00:00:00,734.94
2006-01-05 00:00:00,737.87
2006-01-06 00:00:00,744.63
2006-01-09 00:00:00,751.99
2006-01-10 00:00:00,748.98
2006-01-11 00:00:00,753.24
2006-01-12 00:00:00,757.38
2006-01-13 00:00:00,756.75
2006-01-16 00:00:00,761.85
2006-01-17 00:00:00,751.47
2006-01-18 00:00:00,738.7
2006-01-19 00:00:00,753.54
2006-01-20 00:00:00,754.22
2006-01-23 00:00:00,752.09
2006-01-24 00:00:00,762.14
2006-01-25 00:00:00,769.91
2006-01-26 00:00:00,772.46
2006-01-27 00:00:00,779.37
2006-01-30 00:00:00,778.35
2006-01-31 00:00:00,783.77
2006-02-01 00:00:00,786.12
2006-02-02 00:00:00,778.76
2006-02-03 00:00:00,767.59
2006-02-06 00:00:00,779.61
2006-02-07 00:00:00,773.41
2006-02-08 00:00:00,761.18
2006-02-09 00:00:00,768.86
2006-02-10 00:00:00,771.21
2006-02-13 00:00:00,760.64
2006-02-14 00:00:00,761.94
2006-02-15 00:00:00,762.25
2006-02-16 00:00:00,768.46
2006-02-17 00:00:00,778.56
2006-02-20 00:00:00,785.28
2006-02-21 00:00:00,782.51
2006-02-22 00:00:00,779.07
2006-02-23 00:00:00,784.88
2006-02-24 00:00:00,786.06
2006-02-27 00:00:00,790.32
2006-02-28 00:00:00,782.11
2006-03-01 00:00:00,787.23
2006-03-02 00:00:00,791.85
2006-03-03 00:00:00,784.85
2006-03-06 00:00:00,781.97
2006-03-07 00:00:00,758.38
2006-03-08 00:00:00,749.47
2006-03-09 00:00:00,749.97
2006-03-10 00:00:00,752.45
2006-03-13 00:00:00,762.19
2006-03-14 00:00:00,763.59
2006-03-15 00:00:00,773.78
2006-03-16 00:00:00,778.65
2006-03-17 00:00:00,782.39
2006-03-20 00:00:00,784.61
2006-03-21 00:00:00,776.37
2006-03-22 00:00:00,770.53
2006-03-23 00:00:00,772.57
2006-03-24 00:00:00,774.14
2006-03-27 00:00:00,777.99
2006-03-28 00:00:00,771.46
2006-03-29 00:00:00,772.32
2006-03-30 00:00:00,783.83
2006-03-31 00:00:00,787.8
2006-04-03 00:00:00,801.69
2006-04-04 00:00:00,808.46
2006-04-05 00:00:00,812.06
2006-04-06 00:00:00,817.21
2006-04-07 00:00:00,814.06
2006-04-10 00:00:00,810.84
2006-04-11 00:00:00,807.73
2006-04-12 00:00:00,803.92
2006-04-13 00:00:00,803.62
2006-04-14 00:00:00,809.06
2006-04-17 00:00:00,816.37
2006-04-18 00:00:00,827.79
2006-04-19 00:00:00,838.24
2006-04-20 00:00:00,839.73
2006-04-21 00:00:00,843.6
2006-04-24 00:00:00,840.73
2006-04-25 00:00:00,836.4
2006-04-26 00:00:00,844.86
2006-04-27 00:00:00,839.48
2006-04-28 00:00:00,841.58
2006-05-01 00:00:00,845.02
2006-05-02 00:00:00,856.8
2006-05-03 00:00:00,860.24
2006-05-04 00:00:00,864.63
2006-05-05 00:00:00,870.38
2006-05-08 00:00:00,881.51
2006-05-09 00:00:00,881.24
2006-05-10 00:00:00,879.34
2006-05-11 00:00:00,873.29
2006-05-12 00:00:00,856.95
2006-05-15 00:00:00,820.11
2006-05-16 00:00:00,817.37
2006-05-17 00:00:00,816.15
2006-05-18 00:00:00,791.7
2006-05-19 00:00:00,786.47
2006-05-22 00:00:00,750.01
2006-05-23 00:00:00,763.24
2006-05-24 00:00:00,748.69
2006-05-25 00:00:00,751.03
2006-05-26 00:00:00,769.7
2006-05-29 00:00:00,773.74
2006-05-30 00:00:00,757.5
2006-05-31 00:00:00,751.0
2006-06-01 00:00:00,751.87
2006-06-02 00:00:00,767.11
2006-06-05 00:00:00,759.54
2006-06-06 00:00:00,743.98
2006-06-07 00:00:00,726.3
2006-06-08 00:00:00,697.33
2006-06-09 00:00:00,706.1
2006-06-12 00:00:00,695.1
2006-06-13 00:00:00,665.27
2006-06-14 00:00:00,673.3
2006-06-15 00:00:00,688.87
2006-06-16 00:00:00,706.75
2006-06-19 00:00:00,701.94
2006-06-20 00:00:00,692.96
2006-06-21 00:00:00,698.41
2006-06-22 00:00:00,702.82
2006-06-23 00:00:00,699.76
2006-06-26 00:00:00,699.85
2006-06-27 00:00:00,706.51
2006-06-28 00:00:00,708.37
2006-06-29 00:00:00,723.52
2006-06-30 00:00:00,747.54
2006-07-03 00:00:00,759.05
2006-07-04 00:00:00,762.89
2006-07-05 00:00:00,745.81
2006-07-06 00:00:00,749.57
2006-07-07 00:00:00,751.51
2006-07-10 00:00:00,755.98
2006-07-11 00:00:00,752.8
2006-07-12 00:00:00,752.7
2006-07-13 00:00:00,734.56
2006-07-14 00:00:00,722.67
2006-07-17 00:00:00,710.33
2006-07-18 00:00:00,711.65
2006-07-19 00:00:00,722.12
2006-07-20 00:00:00,734.99
2006-07-21 00:00:00,729.88
2006-07-24 00:00:00,731.34
2006-07-25 00:00:00,739.41
2006-07-26 00:00:00,740.47
2006-07-27 00:00:00,755.89
2006-07-28 00:00:00,755.4
2006-07-31 00:00:00,755.84
2006-08-01 00:00:00,748.66
2006-08-02 00:00:00,756.12
2006-08-03 00:00:00,756.69
2006-08-04 00:00:00,763.4
2006-08-07 00:00:00,760.83
2006-08-08 00:00:00,764.79
2006-08-09 00:00:00,772.14
2006-08-10 00:00:00,767.98
2006-08-11 00:00:00,768.47
2006-08-14 00:00:00,766.58
2006-08-15 00:00:00,769.3
2006-08-16 00:00:00,780.41
2006-08-17 00:00:00,783.47
2006-08-18 00:00:00,777.22
2006-08-21 00:00:00,772.0
2006-08-22 00:00:00,776.54
2006-08-23 00:00:00,769.95
2006-08-24 00:00:00,764.88
2006-08-25 00:00:00,766.0
2006-08-28 00:00:00,765.63
2006-08-29 00:00:00,771.03
2006-08-30 00:00:00,776.86
2006-08-31 00:00:00,773.12
2006-09-01 00:00:00,778.57
2006-09-04 00:00:00,789.96
2006-09-05 00:00:00,789.34
2006-09-06 00:00:00,780.72
2006-09-07 00:00:00,770.73
2006-09-08 00:00:00,770.11
2006-09-11 00:00:00,754.72
2006-09-12 00:00:00,759.73
2006-09-13 00:00:00,767.25
2006-09-14 00:00:00,769.13
2006-09-15 00:00:00,771.51
2006-09-18 00:00:00,782.27
2006-09-19 00:00:00,781.7
2006-09-20 00:00:00,777.83
2006-09-21 00:00:00,774.48
2006-09-22 00:00:00,764.86
2006-09-25 00:00:00,762.84
2006-09-26 00:00:00,768.1
2006-09-27 00:00:00,776.01
2006-09-28 00:00:00,780.55
2006-09-29 00:00:00,778.16
2006-10-02 00:00:00,781.09
2006-10-03 00:00:00,775.75
2006-10-04 00:00:00,774.38
2006-10-05 00:00:00,784.87
2006-10-06 00:00:00,783.79
2006-10-09 00:00:00,782.43
2006-10-10 00:00:00,786.23
2006-10-11 00:00:00,785.83
2006-10-12 00:00:00,790.49
2006-10-13 00:00:00,803.67
2006-10-16 00:00:00,808.57
2006-10-17 00:00:00,803.1
2006-10-18 00:00:00,806.01
2006-10-19 00:00:00,807.48
2006-10-20 00:00:00,807.13
2006-10-23 00:00:00,804.16
2006-10-24 00:00:00,807.24
2006-10-25 00:00:00,811.65
2006-10-26 00:00:00,816.6
2006-10-27 00:00:00,814.83
2006-10-30 00:00:00,806.16
2006-10-31 00:00:00,814.44
2006-11-01 00:00:00,822.12
2006-11-02 00:00:00,821.25
2006-11-03 00:00:00,826.91
2006-11-06 00:00:00,831.61
2006-11-07 00:00:00,838.02
2006-11-08 00:00:00,835.99
2006-11-09 00:00:00,842.1
2006-11-10 00:00:00,842.7
2006-11-13 00:00:00,840.78
2006-11-14 00:00:00,847.9
2006-11-15 00:00:00,848.24
2006-11-16 00:00:00,851.17
2006-11-17 00:00:00,843.76
2006-11-20 00:00:00,844.1
2006-11-21 00:00:00,850.76
2006-11-22 00:00:00,859.93
2006-11-23 00:00:00,861.55
2006-11-24 00:00:00,862.97
2006-11-27 00:00:00,863.13
2006-11-28 00:00:00,853.03
2006-11-29 00:00:00,866.53
2006-11-30 00:00:00,874.08
2006-12-01 00:00:00,875.71
2006-12-04 00:00:00,879.31
2006-12-05 00:00:00,888.38
2006-12-06 00:00:00,891.28
2006-12-07 00:00:00,891.42
2006-12-08 00:00:00,885.44
2006-12-11 00:00:00,881.67
2006-12-12 00:00:00,875.41
2006-12-13 00:00:00,876.02
2006-12-14 00:00:00,886.75
2006-12-15 00:00:00,891.64
2006-12-18 00:00:00,895.31
2006-12-19 00:00:00,881.43
2006-12-20 00:00:00,892.43
2006-12-21 00:00:00,892.77
2006-12-22 00:00:00,892.95
2006-12-25 00:00:00,891.75
2006-12-26 00:00:00,893.42
2006-12-27 00:00:00,905.33
2006-12-28 00:00:00,910.19
2006-12-29 00:00:00,912.65
2007-01-01 00:00:00,912.77
2007-01-02 00:00:00,926.18
2007-01-03 00:00:00,920.77
2007-01-04 00:00:00,906.71
2007-01-05 00:00:00,893.96
2007-01-08 00:00:00,888.97
2007-01-09 00:00:00,877.59
2007-01-10 00:00:00,867.13
2007-01-11 00:00:00,873.86
2007-01-12 00:00:00,884.53
2007-01-15 00:00:00,896.71
2007-01-16 00:00:00,895.05
2007-01-17 00:00:00,893.71
2007-01-18 00:00:00,896.85
2007-01-19 00:00:00,896.78
2007-01-22 00:00:00,903.7
2007-01-23 00:00:00,905.81
2007-01-24 00:00:00,915.88
2007-01-25 00:00:00,912.78
2007-01-26 00:00:00,901.99
2007-01-29 00:00:00,894.71
2007-01-30 00:00:00,899.42
2007-01-31 00:00:00,901.48
2007-02-01 00:00:00,912.68
2007-02-02 00:00:00,919.62
2007-02-05 00:00:00,922.04
2007-02-06 00:00:00,928.65
2007-02-07 00:00:00,928.6
2007-02-08 00:00:00,924.93
2007-02-09 00:00:00,924.16
2007-02-12 00:00:00,911.84
2007-02-13 00:00:00,915.24
2007-02-14 00:00:00,928.43
2007-02-15 00:00:00,935.21
2007-02-16 00:00:00,937.11
2007-02-19 00:00:00,939.21
2007-02-20 00:00:00,936.43
2007-02-21 00:00:00,937.59
2007-02-22 00:00:00,943.88
2007-02-23 00:00:00,940.24
2007-02-26 00:00:00,940.41
2007-02-27 00:00:00,911.53
2007-02-28 00:00:00,895.54
2007-03-01 00:00:00,882.15
2007-03-02 00:00:00,877.6
2007-03-05 00:00:00,844.18
2007-03-06 00:00:00,864.71
2007-03-07 00:00:00,866.25
2007-03-08 00:00:00,882.69
2007-03-09 00:00:00,889.33
2007-03-12 00:00:00,895.37
2007-03-13 00:00:00,888.88
2007-03-14 00:00:00,872.26
2007-03-15 00:00:00,883.82
2007-03-16 00:00:00,882.88
2007-03-19 00:00:00,893.74
2007-03-20 00:00:00,898.41
2007-03-21 00:00:00,909.22
2007-03-22 00:00:00,921.66
2007-03-23 00:00:00,923.44
2007-03-26 00:00:00,925.35
2007-03-27 00:00:00,922.04
2007-03-28 00:00:00,913.77
2007-03-29 00:00:00,924.67
2007-03-30 00:00:00,929.03
2007-04-02 00:00:00,928.13
2007-04-03 00:00:00,937.11
2007-04-04 00:00:00,947.44
2007-04-05 00:00:00,950.29
2007-04-06 00:00:00,950.45
2007-04-09 00:00:00,956.9
2007-04-10 00:00:00,960.33
2007-04-11 00:00:00,963.62
2007-04-12 00:00:00,963.34
2007-04-13 00:00:00,968.99
2007-04-16 00:00:00,980.67
2007-04-17 00:00:00,978.44
2007-04-18 00:00:00,975.68
2007-04-19 00:00:00,964.33
2007-04-20 00:00:00,979.57
2007-04-23 00:00:00,980.86
2007-04-24 00:00:00,980.16
2007-04-25 00:00:00,982.72
2007-04-26 00:00:00,983.51
2007-04-27 00:00:00,975.81
2007-04-30 00:00:00,969.93
2007-05-01 00:00:00,969.15
2007-05-02 00:00:00,975.12
2007-05-03 00:00:00,986.5
2007-05-04 00:00:00,995.29
2007-05-07 00:00:00,999.54
2007-05-08 00:00:00,993.15
2007-05-09 00:00:00,998.77
2007-05-10 00:00:00,993.9
2007-05-11 00:00:00,990.84
2007-05-14 00:00:00,998.01
2007-05-15 00:00:00,992.52
2007-05-16 00:00:00,1003.9
2007-05-17 00:00:00,1003.16
2007-05-18 00:00:00,1005.71
2007-05-21 00:00:00,1014.06
2007-05-22 00:00:00,1017.43
2007-05-23 00:00:00,1015.96
2007-05-24 00:00:00,1003.4
2007-05-25 00:00:00,1004.87
2007-05-28 00:00:00,1008.01
2007-05-29 00:00:00,1006.1
2007-05-30 00:00:00,999.32
2007-05-31 00:00:00,1014.79
2007-06-01 00:00:00,1031.52
2007-06-04 00:00:00,1034.45
2007-06-05 00:00:00,1035.55
2007-06-06 00:00:00,1024.03
2007-06-07 00:00:00,1019.64
2007-06-08 00:00:00,1006.86
2007-06-11 00:00:00,1014.24
2007-06-12 00:00:00,1014.13
2007-06-13 00:00:00,1015.26
2007-06-14 00:00:00,1036.43
2007-06-15 00:00:00,1049.36
2007-06-18 00:00:00,1061.79
2007-06-19 00:00:00,1061.79
2007-06-20 00:00:00,1064.28
2007-06-21 00:00:00,1066.99
2007-06-22 00:00:00,1064.22
2007-06-25 00:00:00,1057.32
2007-06-26 00:00:00,1051.1
2007-06-27 00:00:00,1045.0
2007-06-28 00:00:00,1056.39
2007-06-29 00:00:00,1059.69
2007-07-02 00:00:00,1072.89
2007-07-03 00:00:00,1088.94
2007-07-04 00:00:00,1095.53
2007-07-05 00:00:00,1097.32
2007-07-06 00:00:00,1105.99
2007-07-09 00:00:00,1119.3
2007-07-10 00:00:00,1116.29
2007-07-11 00:00:00,1113.77
2007-07-12 00:00:00,1130.17
2007-07-13 00:00:00,1146.12
2007-07-16 00:00:00,1140.3
2007-07-17 00:00:00,1140.11
2007-07-18 00:00:00,1132.2
2007-07-19 00:00:00,1144.11
2007-07-20 00:00:00,1151.04
2007-07-23 00:00:00,1163.13
2007-07-24 00:00:00,1156.68
2007-07-25 00:00:00,1147.59
2007-07-26 00:00:00,1121.38
2007-07-27 00:00:00,1085.33
2007-07-30 00:00:00,1094.58
2007-07-31 00:00:00,1112.77
2007-08-01 00:00:00,1074.65
2007-08-02 00:00:00,1080.9
2007-08-03 00:00:00,1080.33
2007-08-06 00:00:00,1058.72
2007-08-07 00:00:00,1063.42
2007-08-08 00:00:00,1093.45
2007-08-09 00:00:00,1079.36
2007-08-10 00:00:00,1043.57
2007-08-13 00:00:00,1054.14
2007-08-14 00:00:00,1038.97
2007-08-15 00:00:00,1014.01
2007-08-16 00:00:00,956.86
2007-08-17 00:00:00,957.96
2007-08-20 00:00:00,993.69
2007-08-21 00:00:00,991.87
2007-08-22 00:00:00,1017.42
2007-08-23 00:00:00,1035.28
2007-08-24 00:00:00,1039.79
2007-08-27 00:00:00,1059.35
2007-08-28 00:00:00,1050.4
2007-08-29 00:00:00,1047.95
2007-08-30 00:00:00,1061.67
2007-08-31 00:00:00,1086.98
2007-09-03 00:00:00,1091.95
2007-09-04 00:00:00,1090.91
2007-09-05 00:00:00,1085.15
2007-09-06 00:00:00,1093.9
2007-09-07 00:00:00,1088.49
2007-09-10 00:00:00,1075.4
2007-09-11 00:00:00,1087.93
2007-09-12 00:00:00,1089.75
2007-09-13 00:00:00,1101.36
2007-09-14 00:00:00,1107.74
2007-09-17 00:00:00,1098.63
2007-09-18 00:00:00,1108.01
2007-09-19 00:00:00,1145.65
2007-09-20 00:00:00,1153.68
2007-09-21 00:00:00,1161.14
2007-09-24 00:00:00,1174.71
2007-09-25 00:00:00,1170.09
2007-09-26 00:00:00,1181.42
2007-09-27 00:00:00,1202.89
2007-09-28 00:00:00,1204.9
2007-10-01 00:00:00,1218.05
2007-10-02 00:00:00,1244.23
2007-10-03 00:00:00,1233.37
2007-10-04 00:00:00,1226.06
2007-10-05 00:00:00,1246.04
2007-10-08 00:00:00,1250.18
2007-10-09 00:00:00,1260.52
2007-10-10 00:00:00,1271.44
2007-10-11 00:00:00,1289.46
2007-10-12 00:00:00,1276.5
2007-10-15 00:00:00,1290.46
2007-10-16 00:00:00,1274.63
2007-10-17 00:00:00,1279.87
2007-10-18 00:00:00,1279.07
2007-10-19 00:00:00,1263.26
2007-10-22 00:00:00,1234.29
2007-10-23 00:00:00,1268.7
2007-10-24 00:00:00,1265.33
2007-10-25 00:00:00,1284.0
2007-10-26 00:00:00,1311.52
2007-10-29 00:00:00,1338.49
2007-10-30 00:00:00,1331.97
2007-10-31 00:00:00,1337.45
2007-11-01 00:00:00,1327.89
2007-11-02 00:00:00,1310.15
2007-11-05 00:00:00,1286.14
2007-11-06 00:00:00,1304.68
2007-11-07 00:00:00,1303.26
2007-11-08 00:00:00,1282.06
2007-11-09 00:00:00,1278.03
2007-11-12 00:00:00,1232.0
2007-11-13 00:00:00,1240.25
2007-11-14 00:00:00,1279.91
2007-11-15 00:00:00,1264.67
2007-11-16 00:00:00,1245.8
2007-11-19 00:00:00,1227.05
2007-11-20 00:00:00,1228.45
2007-11-21 00:00:00,1188.45
2007-11-22 00:00:00,1185.38
2007-11-23 00:00:00,1186.06
2007-11-26 00:00:00,1200.94
2007-11-27 00:00:00,1187.93
2007-11-28 00:00:00,1203.67
2007-11-29 00:00:00,1226.75
2007-11-30 00:00:00,1242.06
2007-12-03 00:00:00,1243.17
2007-12-04 00:00:00,1246.81
2007-12-05 00:00:00,1269.44
2007-12-06 00:00:00,1280.52
2007-12-07 00:00:00,1282.74
2007-12-10 00:00:00,1276.9
2007-12-11 00:00:00,1279.18
2007-12-12 00:00:00,1272.12
2007-12-13 00:00:00,1242.3
2007-12-14 00:00:00,1224.65
2007-12-17 00:00:00,1183.93
2007-12-18 00:00:00,1189.49
2007-12-19 00:00:00,1197.03
2007-12-20 00:00:00,1196.0
2007-12-21 00:00:00,1215.99
2007-12-24 00:00:00,1237.68
2007-12-25 00:00:00,1237.9
2007-12-26 00:00:00,1243.66
2007-12-27 00:00:00,1248.52
2007-12-28 00:00:00,1247.07
2007-12-31 00:00:00,1245.59
2008-01-01 00:00:00,1245.95
2008-01-02 00:00:00,1235.23
2008-01-03 00:00:00,1227.51
2008-01-04 00:00:00,1225.03
2008-01-07 00:00:00,1207.47
2008-01-08 00:00:00,1220.31
2008-01-09 00:00:00,1227.0
2008-01-10 00:00:00,1221.29
2008-01-11 00:00:00,1213.7
2008-01-14 00:00:00,1218.0
2008-01-15 00:00:00,1196.16
2008-01-16 00:00:00,1147.47
2008-01-17 00:00:00,1140.76
2008-01-18 00:00:00,1136.25
2008-01-21 00:00:00,1069.83
2008-01-22 00:00:00,1041.06
2008-01-23 00:00:00,1055.18
2008-01-24 00:00:00,1083.34
2008-01-25 00:00:00,1111.14
2008-01-28 00:00:00,1087.71
2008-01-29 00:00:00,1102.82
2008-01-30 00:00:00,1091.35
2008-01-31 00:00:00,1088.72
2008-02-01 00:00:00,1120.0
2008-02-04 00:00:00,1142.47
2008-02-05 00:00:00,1127.76
2008-02-06 00:00:00,1104.86
2008-02-07 00:00:00,1095.5
2008-02-08 00:00:00,1095.37
2008-02-11 00:00:00,1084.16
2008-02-12 00:00:00,1101.26
2008-02-13 00:00:00,1111.51
2008-02-14 00:00:00,1135.79
2008-02-15 00:00:00,1133.82
2008-02-18 00:00:00,1141.7
2008-02-19 00:00:00,1153.72
2008-02-20 00:00:00,1139.53
2008-02-21 00:00:00,1154.56
2008-02-22 00:00:00,1150.3
2008-02-25 00:00:00,1161.46
2008-02-26 00:00:00,1172.3
2008-02-27 00:00:00,1190.89
2008-02-28 00:00:00,1192.04
2008-02-29 00:00:00,1167.66
2008-03-03 00:00:00,1144.87
2008-03-04 00:00:00,1136.2
2008-03-05 00:00:00,1142.17
2008-03-06 00:00:00,1144.28
2008-03-07 00:00:00,1117.5
2008-03-10 00:00:00,1093.94
2008-03-11 00:00:00,1118.4
2008-03-12 00:00:00,1131.16
2008-03-13 00:00:00,1099.82
2008-03-14 00:00:00,1092.54
2008-03-17 00:00:00,1044.63
2008-03-18 00:00:00,1065.17
2008-03-19 00:00:00,1065.94
2008-03-20 00:00:00,1045.94
2008-03-21 00:00:00,1052.01
2008-03-24 00:00:00,1072.74
2008-03-25 00:00:00,1104.35
2008-03-26 00:00:00,1107.6
2008-03-27 00:00:00,1106.66
2008-03-28 00:00:00,1112.76
2008-03-31 00:00:00,1104.58
2008-04-01 00:00:00,1113.77
2008-04-02 00:00:00,1137.69
2008-04-03 00:00:00,1142.9
2008-04-04 00:00:00,1145.21
2008-04-07 00:00:00,1160.63
2008-04-08 00:00:00,1153.56
2008-04-09 00:00:00,1150.37
2008-04-10 00:00:00,1158.78
2008-04-11 00:00:00,1160.36
2008-04-14 00:00:00,1145.26
2008-04-15 00:00:00,1150.83
2008-04-16 00:00:00,1164.99
2008-04-17 00:00:00,1174.26
2008-04-18 00:00:00,1175.85
2008-04-21 00:00:00,1187.0
2008-04-22 00:00:00,1189.74
2008-04-23 00:00:00,1192.1
2008-04-24 00:00:00,1187.15
2008-04-25 00:00:00,1189.01
2008-04-28 00:00:00,1194.38
2008-04-29 00:00:00,1180.17
2008-04-30 00:00:00,1191.53
2008-05-01 00:00:00,1192.83
2008-05-02 00:00:00,1207.46
2008-05-05 00:00:00,1209.8
2008-05-06 00:00:00,1215.43
2008-05-07 00:00:00,1206.03
2008-05-08 00:00:00,1196.44
2008-05-09 00:00:00,1188.61
2008-05-12 00:00:00,1194.11
2008-05-13 00:00:00,1205.59
2008-05-14 00:00:00,1207.58
2008-05-15 00:00:00,1221.4
2008-05-16 00:00:00,1240.31
2008-05-19 00:00:00,1249.73
2008-05-20 00:00:00,1233.67
2008-05-21 00:00:00,1233.11
2008-05-22 00:00:00,1221.95
2008-05-23 00:00:00,1207.96
2008-05-26 00:00:00,1193.38
2008-05-27 00:00:00,1191.98
2008-05-28 00:00:00,1195.46
2008-05-29 00:00:00,1201.86
2008-05-30 00:00:00,1210.04
2008-06-02 00:00:00,1207.75
2008-06-03 00:00:00,1190.64
2008-06-04 00:00:00,1173.46
2008-06-05 00:00:00,1184.5
2008-06-06 00:00:00,1182.84
2008-06-09 00:00:00,1167.55
2008-06-10 00:00:00,1138.08
2008-06-11 00:00:00,1131.43
2008-06-12 00:00:00,1123.12
2008-06-13 00:00:00,1120.03
2008-06-16 00:00:00,1132.98
2008-06-17 00:00:00,1143.87
2008-06-18 00:00:00,1138.79
2008-06-19 00:00:00,1126.75
2008-06-20 00:00:00,1110.48
2008-06-23 00:00:00,1099.7
2008-06-24 00:00:00,1091.56
2008-06-25 00:00:00,1106.21
2008-06-26 00:00:00,1099.71
2008-06-27 00:00:00,1084.79
2008-06-30 00:00:00,1087.12
2008-07-01 00:00:00,1068.75
2008-07-02 00:00:00,1057.15
2008-07-03 00:00:00,1033.48
2008-07-04 00:00:00,1030.32
2008-07-07 00:00:00,1038.29
2008-07-08 00:00:00,1022.61
2008-07-09 00:00:00,1036.97
2008-07-10 00:00:00,1036.53
2008-07-11 00:00:00,1043.0
2008-07-14 00:00:00,1043.04
2008-07-15 00:00:00,1016.17
2008-07-16 00:00:00,1015.9
2008-07-17 00:00:00,1031.4
2008-07-18 00:00:00,1022.16
2008-07-21 00:00:00,1041.5
2008-07-22 00:00:00,1035.64
2008-07-23 00:00:00,1049.92
2008-07-24 00:00:00,1042.77
2008-07-25 00:00:00,1024.52
2008-07-28 00:00:00,1024.4
2008-07-29 00:00:00,1015.79
2008-07-30 00:00:00,1038.96
2008-07-31 00:00:00,1041.86
2008-08-01 00:00:00,1029.81
2008-08-04 00:00:00,1008.34
2008-08-05 00:00:00,999.5
2008-08-06 00:00:00,1012.18
2008-08-07 00:00:00,1008.14
2008-08-08 00:00:00,990.02
2008-08-11 00:00:00,990.59
2008-08-12 00:00:00,982.52
2008-08-13 00:00:00,973.88
2008-08-14 00:00:00,983.94
2008-08-15 00:00:00,971.89
2008-08-18 00:00:00,960.07
2008-08-19 00:00:00,942.88
2008-08-20 00:00:00,961.47
2008-08-21 00:00:00,957.14
2008-08-22 00:00:00,956.22
2008-08-25 00:00:00,950.25
2008-08-26 00:00:00,938.5
2008-08-27 00:00:00,953.74
2008-08-28 00:00:00,956.96
2008-08-29 00:00:00,956.25
2008-09-01 00:00:00,934.63
2008-09-02 00:00:00,928.6
2008-09-03 00:00:00,911.96
2008-09-04 00:00:00,893.27
2008-09-05 00:00:00,873.68
2008-09-08 00:00:00,902.5
2008-09-09 00:00:00,868.58
2008-09-10 00:00:00,858.94
2008-09-11 00:00:00,839.81
2008-09-12 00:00:00,855.47
2008-09-15 00:00:00,825.35
2008-09-16 00:00:00,784.61
2008-09-17 00:00:00,768.92
2008-09-18 00:00:00,767.84
2008-09-19 00:00:00,845.56
2008-09-22 00:00:00,854.48
2008-09-23 00:00:00,830.32
2008-09-24 00:00:00,831.3
2008-09-25 00:00:00,838.29
2008-09-26 00:00:00,823.69
2008-09-29 00:00:00,775.06
2008-09-30 00:00:00,786.92
2008-10-01 00:00:00,786.17
2008-10-02 00:00:00,759.5
2008-10-03 00:00:00,741.73
2008-10-06 00:00:00,671.18
2008-10-07 00:00:00,659.09
2008-10-08 00:00:00,605.84
2008-10-09 00:00:00,618.9
2008-10-10 00:00:00,591.9
2008-10-13 00:00:00,635.66
2008-10-14 00:00:00,673.75
2008-10-15 00:00:00,623.3
2008-10-16 00:00:00,576.5
2008-10-17 00:00:00,567.92
2008-10-20 00:00:00,590.59
2008-10-21 00:00:00,580.2
2008-10-22 00:00:00,534.69
2008-10-23 00:00:00,514.29
2008-10-24 00:00:00,473.98
2008-10-27 00:00:00,454.34
2008-10-28 00:00:00,484.93
2008-10-29 00:00:00,507.55
2008-10-30 00:00:00,561.34
2008-10-31 00:00:00,570.52
2008-11-03 00:00:00,584.36
2008-11-04 00:00:00,603.14
2008-11-05 00:00:00,600.18
2008-11-06 00:00:00,557.66
2008-11-07 00:00:00,564.76
2008-11-10 00:00:00,583.02
2008-11-11 00:00:00,555.62
2008-11-12 00:00:00,533.49
2008-11-13 00:00:00,524.12
2008-11-14 00:00:00,530.28
2008-11-17 00:00:00,520.1
2008-11-18 00:00:00,500.48
2008-11-19 00:00:00,489.59
2008-11-20 00:00:00,464.31
2008-11-21 00:00:00,467.63
2008-11-24 00:00:00,485.52
2008-11-25 00:00:00,500.37
2008-11-26 00:00:00,513.26
2008-11-27 00:00:00,525.95
2008-11-28 00:00:00,526.97
2008-12-01 00:00:00,513.39
2008-12-02 00:00:00,501.23
2008-12-03 00:00:00,503.38
2008-12-04 00:00:00,501.77
2008-12-05 00:00:00,497.51
2008-12-08 00:00:00,537.09
2008-12-09 00:00:00,537.55
2008-12-10 00:00:00,562.44
2008-12-11 00:00:00,568.89
2008-12-12 00:00:00,551.71
2008-12-15 00:00:00,562.67
2008-12-16 00:00:00,571.85
2008-12-17 00:00:00,586.15
2008-12-18 00:00:00,590.3
2008-12-19 00:00:00,582.06
2008-12-22 00:00:00,567.34
2008-12-23 00:00:00,555.82
2008-12-24 00:00:00,553.68
2008-12-25 00:00:00,552.45
2008-12-26 00:00:00,551.58
2008-12-29 00:00:00,557.47
2008-12-30 00:00:00,565.78
2008-12-31 00:00:00,567.04
2009-01-01 00:00:00,568.21
2009-01-02 00:00:00,580.96
2009-01-05 00:00:00,598.94
2009-01-06 00:00:00,607.4
2009-01-07 00:00:00,595.21
2009-01-08 00:00:00,578.4
2009-01-09 00:00:00,571.25
2009-01-12 00:00:00,553.22
2009-01-13 00:00:00,550.89
2009-01-14 00:00:00,542.85
2009-01-15 00:00:00,526.64
2009-01-16 00:00:00,537.84
2009-01-19 00:00:00,533.84
2009-01-20 00:00:00,517.54
2009-01-21 00:00:00,515.16
2009-01-22 00:00:00,514.36
2009-01-23 00:00:00,507.29
2009-01-26 00:00:00,515.88
2009-01-27 00:00:00,518.93
2009-01-28 00:00:00,533.11
2009-01-29 00:00:00,532.18
2009-01-30 00:00:00,529.53
2009-02-02 00:00:00,517.14
2009-02-03 00:00:00,525.35
2009-02-04 00:00:00,535.97
2009-02-05 00:00:00,536.57
2009-02-06 00:00:00,557.53
2009-02-09 00:00:00,564.81
2009-02-10 00:00:00,561.38
2009-02-11 00:00:00,553.54
2009-02-12 00:00:00,542.69
2009-02-13 00:00:00,554.31
2009-02-16 00:00:00,547.55
2009-02-17 00:00:00,520.87
2009-02-18 00:00:00,516.33
2009-02-19 00:00:00,521.4
2009-02-20 00:00:00,502.51
2009-02-23 00:00:00,510.14
2009-02-24 00:00:00,502.74
2009-02-25 00:00:00,505.42
2009-02-26 00:00:00,505.84
2009-02-27 00:00:00,499.3
2009-03-02 00:00:00,475.08
2009-03-03 00:00:00,476.16
2009-03-04 00:00:00,493.47
2009-03-05 00:00:00,488.15
2009-03-06 00:00:00,488.31
2009-03-09 00:00:00,485.29
2009-03-10 00:00:00,502.7
2009-03-11 00:00:00,512.5
2009-03-12 00:00:00,515.97
2009-03-13 00:00:00,527.98
2009-03-16 00:00:00,539.66
2009-03-17 00:00:00,541.92
2009-03-18 00:00:00,543.88
2009-03-19 00:00:00,557.46
2009-03-20 00:00:00,552.99
2009-03-23 00:00:00,579.31
2009-03-24 00:00:00,581.51
2009-03-25 00:00:00,587.45
2009-03-26 00:00:00,599.73
2009-03-27 00:00:00,591.32
2009-03-30 00:00:00,561.46
2009-03-31 00:00:00,569.97
2009-04-01 00:00:00,580.76
2009-04-02 00:00:00,613.07
2009-04-03 00:00:00,617.11
2009-04-06 00:00:00,623.03
2009-04-07 00:00:00,615.89
2009-04-08 00:00:00,610.22
2009-04-09 00:00:00,632.63
2009-04-10 00:00:00,636.04
2009-04-13 00:00:00,640.6
2009-04-14 00:00:00,645.56
2009-04-15 00:00:00,643.86
2009-04-16 00:00:00,648.39
2009-04-17 00:00:00,643.4
2009-04-20 00:00:00,633.48
2009-04-21 00:00:00,627.24
2009-04-22 00:00:00,629.23
2009-04-23 00:00:00,639.75
2009-04-24 00:00:00,647.84
2009-04-27 00:00:00,633.52
2009-04-28 00:00:00,623.72
2009-04-29 00:00:00,645.56
2009-04-30 00:00:00,662.73
2009-05-01 00:00:00,662.83
2009-05-04 00:00:00,700.99
2009-05-05 00:00:00,704.29
2009-05-06 00:00:00,712.05
2009-05-07 00:00:00,714.91
2009-05-08 00:00:00,725.13
2009-05-11 00:00:00,723.58
2009-05-12 00:00:00,721.13
2009-05-13 00:00:00,709.87
2009-05-14 00:00:00,699.39
2009-05-15 00:00:00,707.93
2009-05-18 00:00:00,728.49
2009-05-19 00:00:00,745.82
2009-05-20 00:00:00,756.07
2009-05-21 00:00:00,740.96
2009-05-22 00:00:00,746.42
2009-05-25 00:00:00,747.09
2009-05-26 00:00:00,739.62
2009-05-27 00:00:00,754.18
2009-05-28 00:00:00,761.74
2009-05-29 00:00:00,773.12
2009-06-01 00:00:00,802.21
2009-06-02 00:00:00,795.59
2009-06-03 00:00:00,784.22
2009-06-04 00:00:00,781.76
2009-06-05 00:00:00,786.96
2009-06-08 00:00:00,772.25
2009-06-09 00:00:00,771.18
2009-06-10 00:00:00,789.13
2009-06-11 00:00:00,791.03
2009-06-12 00:00:00,790.19
2009-06-15 00:00:00,769.94
2009-06-16 00:00:00,764.63
2009-06-17 00:00:00,749.02
2009-06-18 00:00:00,743.72
2009-06-19 00:00:00,750.47
2009-06-22 00:00:00,736.48
2009-06-23 00:00:00,723.72
2009-06-24 00:00:00,741.8
2009-06-25 00:00:00,750.22
2009-06-26 00:00:00,761.92
2009-06-29 00:00:00,764.68
2009-06-30 00:00:00,761.3
2009-07-01 00:00:00,773.07
2009-07-02 00:00:00,766.14
2009-07-03 00:00:00,766.32
2009-07-06 00:00:00,751.34
2009-07-07 00:00:00,750.72
2009-07-08 00:00:00,739.45
2009-07-09 00:00:00,741.75
2009-07-10 00:00:00,736.02
2009-07-13 00:00:00,723.05
2009-07-14 00:00:00,739.58
2009-07-15 00:00:00,766.05
2009-07-16 00:00:00,773.41
2009-07-17 00:00:00,782.68
2009-07-20 00:00:00,807.02
2009-07-21 00:00:00,810.46
2009-07-22 00:00:00,806.55
2009-07-23 00:00:00,822.11
2009-07-24 00:00:00,823.71
2009-07-27 00:00:00,833.66
2009-07-28 00:00:00,836.59
2009-07-29 00:00:00,822.44
2009-07-30 00:00:00,833.54
2009-07-31 00:00:00,844.02
2009-08-03 00:00:00,864.73
2009-08-04 00:00:00,860.62
2009-08-05 00:00:00,854.54
2009-08-06 00:00:00,855.52
2009-08-07 00:00:00,852.93
2009-08-10 00:00:00,854.78
2009-08-11 00:00:00,844.9
2009-08-12 00:00:00,840.24
2009-08-13 00:00:00,855.64
2009-08-14 00:00:00,852.74
2009-08-17 00:00:00,819.83
2009-08-18 00:00:00,825.19
2009-08-19 00:00:00,822.86
2009-08-20 00:00:00,837.12
2009-08-21 00:00:00,845.51
2009-08-24 00:00:00,861.37
2009-08-25 00:00:00,858.26
2009-08-26 00:00:00,851.88
2009-08-27 00:00:00,843.99
2009-08-28 00:00:00,851.46
2009-08-31 00:00:00,839.46
2009-09-01 00:00:00,842.11
2009-09-02 00:00:00,831.04
2009-09-03 00:00:00,840.99
2009-09-04 00:00:00,853.32
2009-09-07 00:00:00,864.98
2009-09-08 00:00:00,880.79
2009-09-09 00:00:00,879.94
2009-09-10 00:00:00,887.05
2009-09-11 00:00:00,894.3
2009-09-14 00:00:00,884.59
2009-09-15 00:00:00,894.0
2009-09-16 00:00:00,913.51
2009-09-17 00:00:00,919.89
2009-09-18 00:00:00,918.9
2009-09-21 00:00:00,910.71
2009-09-22 00:00:00,922.31
2009-09-23 00:00:00,918.56
2009-09-24 00:00:00,908.13
2009-09-25 00:00:00,908.07
2009-09-28 00:00:00,904.54
2009-09-29 00:00:00,913.19
2009-09-30 00:00:00,914.05
2009-10-01 00:00:00,911.26
2009-10-02 00:00:00,901.39
2009-10-05 00:00:00,907.02
2009-10-06 00:00:00,925.95
2009-10-07 00:00:00,928.89
2009-10-08 00:00:00,939.91
2009-10-09 00:00:00,946.29
2009-10-12 00:00:00,950.34
2009-10-13 00:00:00,950.99
2009-10-14 00:00:00,972.1
2009-10-15 00:00:00,975.79
2009-10-16 00:00:00,966.04
2009-10-19 00:00:00,976.97
2009-10-20 00:00:00,972.19
2009-10-21 00:00:00,968.28
2009-10-22 00:00:00,961.45
2009-10-23 00:00:00,967.95
2009-10-26 00:00:00,966.42
2009-10-27 00:00:00,946.95
2009-10-28 00:00:00,916.64
2009-10-29 00:00:00,921.34
2009-10-30 00:00:00,914.26
2009-11-02 00:00:00,911.16
2009-11-03 00:00:00,903.46
2009-11-04 00:00:00,926.14
2009-11-05 00:00:00,930.09
2009-11-06 00:00:00,936.36
2009-11-09 00:00:00,959.66
2009-11-10 00:00:00,963.09
2009-11-11 00:00:00,972.09
2009-11-12 00:00:00,958.88
2009-11-13 00:00:00,962.51
2009-11-16 00:00:00,982.43
2009-11-17 00:00:00,980.41
2009-11-18 00:00:00,981.79
2009-11-19 00:00:00,968.46
2009-11-20 00:00:00,965.08
2009-11-23 00:00:00,977.2
2009-11-24 00:00:00,972.18
2009-11-25 00:00:00,978.65
2009-11-26 00:00:00,957.98
2009-11-27 00:00:00,941.01
2009-11-30 00:00:00,953.13
2009-12-01 00:00:00,973.31
2009-12-02 00:00:00,981.57
2009-12-03 00:00:00,986.07
2009-12-04 00:00:00,983.32
2009-12-07 00:00:00,980.34
2009-12-08 00:00:00,969.19
2009-12-09 00:00:00,962.6
2009-12-10 00:00:00,965.26
2009-12-11 00:00:00,972.79
2009-12-14 00:00:00,979.21
2009-12-15 00:00:00,975.01
2009-12-16 00:00:00,973.42
2009-12-17 00:00:00,954.93
2009-12-18 00:00:00,950.21
2009-12-21 00:00:00,946.42
2009-12-22 00:00:00,953.92
2009-12-23 00:00:00,964.41
2009-12-24 00:00:00,973.86
2009-12-25 00:00:00,974.19
2009-12-28 00:00:00,981.14
2009-12-29 00:00:00,980.58
2009-12-30 00:00:00,980.61
2009-12-31 00:00:00,989.47
2010-01-01 00:00:00,989.47
2010-01-04 00:00:00,1004.51
2010-01-05 00:00:00,1015.26
2010-01-06 00:00:00,1021.75
2010-01-07 00:00:00,1014.42
2010-01-08 00:00:00,1016.41
2010-01-11 00:00:00,1028.07
2010-01-12 00:00:00,1021.18
2010-01-13 00:00:00,1012.09
2010-01-14 00:00:00,1013.29
2010-01-15 00:00:00,1010.77
2010-01-18 00:00:00,1012.55
2010-01-19 00:00:00,1013.41
2010-01-20 00:00:00,997.49
2010-01-21 00:00:00,981.17
2010-01-22 00:00:00,963.85
2010-01-25 00:00:00,959.06
2010-01-26 00:00:00,938.06
2010-01-27 00:00:00,928.71
2010-01-28 00:00:00,940.07
2010-01-29 00:00:00,933.59
2010-02-01 00:00:00,934.22
2010-02-02 00:00:00,940.43
2010-02-03 00:00:00,952.26
2010-02-04 00:00:00,926.41
2010-02-05 00:00:00,897.7
2010-02-08 00:00:00,894.07
2010-02-09 00:00:00,908.67
2010-02-10 00:00:00,912.49
2010-02-11 00:00:00,922.91
2010-02-12 00:00:00,921.75
2010-02-15 00:00:00,924.73
2010-02-16 00:00:00,932.55
2010-02-17 00:00:00,945.09
2010-02-18 00:00:00,943.11
2010-02-19 00:00:00,933.35
2010-02-22 00:00:00,943.3
2010-02-23 00:00:00,940.21
2010-02-24 00:00:00,933.23
2010-02-25 00:00:00,922.93
2010-02-26 00:00:00,935.93
2010-03-01 00:00:00,947.9
2010-03-02 00:00:00,959.66
2010-03-03 00:00:00,966.43
2010-03-04 00:00:00,961.34
2010-03-05 00:00:00,974.92
2010-03-08 00:00:00,986.08
2010-03-09 00:00:00,986.15
2010-03-10 00:00:00,993.44
2010-03-11 00:00:00,989.83
2010-03-12 00:00:00,992.68
2010-03-15 00:00:00,983.04
2010-03-16 00:00:00,991.48
2010-03-17 00:00:00,1005.77
2010-03-18 00:00:00,1001.51
2010-03-19 00:00:00,997.94
2010-03-22 00:00:00,989.93
2010-03-23 00:00:00,994.12
2010-03-24 00:00:00,992.0
2010-03-25 00:00:00,989.95
2010-03-26 00:00:00,993.08
2010-03-29 00:00:00,1003.67
2010-03-30 00:00:00,1009.33
2010-03-31 00:00:00,1010.33
2010-04-01 00:00:00,1027.27
2010-04-02 00:00:00,1028.54
2010-04-05 00:00:00,1036.62
2010-04-06 00:00:00,1039.27
2010-04-07 00:00:00,1042.99
2010-04-08 00:00:00,1036.31
2010-04-09 00:00:00,1044.0
2010-04-12 00:00:00,1041.38
2010-04-13 00:00:00,1033.81
2010-04-14 00:00:00,1046.44
2010-04-15 00:00:00,1047.51
2010-04-16 00:00:00,1032.08
2010-04-19 00:00:00,1011.29
2010-04-20 00:00:00,1022.86
2010-04-21 00:00:00,1026.89
2010-04-22 00:00:00,1020.67
2010-04-23 00:00:00,1024.07
2010-04-26 00:00:00,1035.22
2010-04-27 00:00:00,1020.24
2010-04-28 00:00:00,1005.27
2010-04-29 00:00:00,1014.08
2010-04-30 00:00:00,1020.03
2010-05-03 00:00:00,1008.31
2010-05-04 00:00:00,990.64
2010-05-05 00:00:00,970.24
2010-05-06 00:00:00,948.54
2010-05-07 00:00:00,927.04
2010-05-10 00:00:00,967.23
2010-05-11 00:00:00,958.83
2010-05-12 00:00:00,968.0
2010-05-13 00:00:00,975.56
2010-05-14 00:00:00,959.81
2010-05-17 00:00:00,939.74
2010-05-18 00:00:00,939.78
2010-05-19 00:00:00,910.55
2010-05-20 00:00:00,882.42
2010-05-21 00:00:00,886.66
2010-05-24 00:00:00,891.5
2010-05-25 00:00:00,855.52
2010-05-26 00:00:00,883.18
2010-05-27 00:00:00,904.18
2010-05-28 00:00:00,917.05
2010-05-31 00:00:00,926.4
2010-06-01 00:00:00,907.13
2010-06-02 00:00:00,908.55
2010-06-03 00:00:00,924.67
2010-06-04 00:00:00,913.49
2010-06-07 00:00:00,889.66
2010-06-08 00:00:00,891.12
2010-06-09 00:00:00,895.21
2010-06-10 00:00:00,906.98
2010-06-11 00:00:00,917.18
2010-06-14 00:00:00,930.3
2010-06-15 00:00:00,937.68
2010-06-16 00:00:00,943.36
2010-06-17 00:00:00,947.2
2010-06-18 00:00:00,953.48
2010-06-21 00:00:00,978.59
2010-06-22 00:00:00,967.61
2010-06-23 00:00:00,960.21
2010-06-24 00:00:00,952.13
2010-06-25 00:00:00,947.56
2010-06-28 00:00:00,951.81
2010-06-29 00:00:00,924.81
2010-06-30 00:00:00,917.99
2010-07-01 00:00:00,909.3
2010-07-02 00:00:00,913.55
2010-07-05 00:00:00,913.11
2010-07-06 00:00:00,930.46
2010-07-07 00:00:00,930.2
2010-07-08 00:00:00,940.75
2010-07-09 00:00:00,951.85
2010-07-12 00:00:00,952.49
2010-07-13 00:00:00,957.22
2010-07-14 00:00:00,961.51
2010-07-15 00:00:00,957.14
2010-07-16 00:00:00,948.92
2010-07-19 00:00:00,945.06
2010-07-20 00:00:00,953.68
2010-07-21 00:00:00,964.65
2010-07-22 00:00:00,973.39
2010-07-23 00:00:00,981.42
2010-07-26 00:00:00,985.48
2010-07-27 00:00:00,991.04
2010-07-28 00:00:00,991.29
2010-07-29 00:00:00,993.84
2010-07-30 00:00:00,991.41
2010-08-02 00:00:00,1012.94
2010-08-03 00:00:00,1009.67
2010-08-04 00:00:00,1011.48
2010-08-05 00:00:00,1011.72
2010-08-06 00:00:00,1010.95
2010-08-09 00:00:00,1015.99
2010-08-10 00:00:00,1001.7
2010-08-11 00:00:00,982.23
2010-08-12 00:00:00,976.18
2010-08-13 00:00:00,980.47
2010-08-16 00:00:00,985.24
2010-08-17 00:00:00,993.79
2010-08-18 00:00:00,994.1
2010-08-19 00:00:00,994.25
2010-08-20 00:00:00,988.16
2010-08-23 00:00:00,986.3
2010-08-24 00:00:00,973.58
2010-08-25 00:00:00,962.64
2010-08-26 00:00:00,966.05
2010-08-27 00:00:00,970.04
2010-08-30 00:00:00,972.29
2010-08-31 00:00:00,970.05
2010-09-01 00:00:00,989.76
2010-09-02 00:00:00,995.28
2010-09-03 00:00:00,1003.75
2010-09-06 00:00:00,1011.73
2010-09-07 00:00:00,1006.14
2010-09-08 00:00:00,1004.55
2010-09-09 00:00:00,1009.09
2010-09-10 00:00:00,1012.98
2010-09-13 00:00:00,1033.64
2010-09-14 00:00:00,1035.51
2010-09-15 00:00:00,1038.11
2010-09-16 00:00:00,1031.06
2010-09-17 00:00:00,1035.94
2010-09-20 00:00:00,1044.18
2010-09-21 00:00:00,1043.95
2010-09-22 00:00:00,1047.95
2010-09-23 00:00:00,1047.16
2010-09-24 00:00:00,1053.27
2010-09-27 00:00:00,1061.57
2010-09-28 00:00:00,1061.32
2010-09-29 00:00:00,1070.38
2010-09-30 00:00:00,1075.53
2010-10-01 00:00:00,1086.09
2010-10-04 00:00:00,1090.76
2010-10-05 00:00:00,1096.86
2010-10-06 00:00:00,1106.75
2010-10-07 00:00:00,1102.82
2010-10-08 00:00:00,1101.27
2010-10-11 00:00:00,1107.67
2010-10-12 00:00:00,1098.95
2010-10-13 00:00:00,1117.69
2010-10-14 00:00:00,1127.19
2010-10-15 00:00:00,1121.43
2010-10-18 00:00:00,1112.42
2010-10-19 00:00:00,1097.66
2010-10-20 00:00:00,1101.28
2010-10-21 00:00:00,1106.23
2010-10-22 00:00:00,1105.19
2010-10-25 00:00:00,1115.3
2010-10-26 00:00:00,1116.61
2010-10-27 00:00:00,1098.93
2010-10-28 00:00:00,1102.82
2010-10-29 00:00:00,1105.75
2010-11-01 00:00:00,1120.85
2010-11-02 00:00:00,1124.19
2010-11-03 00:00:00,1132.44
2010-11-04 00:00:00,1151.08
2010-11-05 00:00:00,1155.94
2010-11-08 00:00:00,1154.18
2010-11-09 00:00:00,1154.62
2010-11-10 00:00:00,1147.95
2010-11-11 00:00:00,1138.84
2010-11-12 00:00:00,1121.17
2010-11-15 00:00:00,1115.05
2010-11-16 00:00:00,1100.57
2010-11-17 00:00:00,1093.82
2010-11-18 00:00:00,1110.98
2010-11-19 00:00:00,1112.02
2010-11-22 00:00:00,1113.65
2010-11-23 00:00:00,1090.01
2010-11-24 00:00:00,1096.72
2010-11-25 00:00:00,1099.06
2010-11-26 00:00:00,1081.06
2010-11-29 00:00:00,1080.69
2010-11-30 00:00:00,1075.85
2010-12-01 00:00:00,1097.5
2010-12-02 00:00:00,1114.03
2010-12-03 00:00:00,1121.78
2010-12-06 00:00:00,1126.43
2010-12-07 00:00:00,1130.48
2010-12-08 00:00:00,1115.25
2010-12-09 00:00:00,1116.56
2010-12-10 00:00:00,1114.79
2010-12-13 00:00:00,1122.85
2010-12-14 00:00:00,1128.89
2010-12-15 00:00:00,1120.29
2010-12-16 00:00:00,1111.85
2010-12-17 00:00:00,1115.42
2010-12-20 00:00:00,1111.01
2010-12-21 00:00:00,1124.34
2010-12-22 00:00:00,1126.49
2010-12-23 00:00:00,1127.78
2010-12-24 00:00:00,1126.83
2010-12-27 00:00:00,1124.96
2010-12-28 00:00:00,1125.9
2010-12-29 00:00:00,1136.89
2010-12-30 00:00:00,1145.79
2010-12-31 00:00:00,1151.38
2011-01-03 00:00:00,1163.5
2011-01-04 00:00:00,1165.05
2011-01-05 00:00:00,1160.98
2011-01-06 00:00:00,1154.99
2011-01-07 00:00:00,1147.14
2011-01-10 00:00:00,1136.2
2011-01-11 00:00:00,1143.14
2011-01-12 00:00:00,1163.07
2011-01-13 00:00:00,1163.03
2011-01-14 00:00:00,1160.03
2011-01-17 00:00:00,1154.55
2011-01-18 00:00:00,1159.0
2011-01-19 00:00:00,1161.19
2011-01-20 00:00:00,1143.16
2011-01-21 00:00:00,1136.65
2011-01-24 00:00:00,1136.69
2011-01-25 00:00:00,1135.92
2011-01-26 00:00:00,1142.49
2011-01-27 00:00:00,1141.82
2011-01-28 00:00:00,1126.29
2011-01-31 00:00:00,1119.08
2011-02-01 00:00:00,1130.74
2011-02-02 00:00:00,1135.32
2011-02-03 00:00:00,1133.12
2011-02-04 00:00:00,1129.69
2011-02-07 00:00:00,1128.27
2011-02-08 00:00:00,1126.94
2011-02-09 00:00:00,1110.32
2011-02-10 00:00:00,1089.28
2011-02-11 00:00:00,1091.16
2011-02-14 00:00:00,1105.58
2011-02-15 00:00:00,1104.1
2011-02-16 00:00:00,1108.58
2011-02-17 00:00:00,1111.92
2011-02-18 00:00:00,1122.01
2011-02-21 00:00:00,1120.48
2011-02-22 00:00:00,1101.66
2011-02-23 00:00:00,1096.0
2011-02-24 00:00:00,1087.1
2011-02-25 00:00:00,1099.46
2011-02-28 00:00:00,1107.77
2011-03-01 00:00:00,1112.15
2011-03-02 00:00:00,1113.31
2011-03-03 00:00:00,1127.45
2011-03-04 00:00:00,1138.47
2011-03-07 00:00:00,1132.02
2011-03-08 00:00:00,1135.77
2011-03-09 00:00:00,1135.67
2011-03-10 00:00:00,1115.69
2011-03-11 00:00:00,1108.52
2011-03-14 00:00:00,1116.91
2011-03-15 00:00:00,1092.65
2011-03-16 00:00:00,1096.33
2011-03-17 00:00:00,1091.45
2011-03-18 00:00:00,1098.6
2011-03-21 00:00:00,1110.15
2011-03-22 00:00:00,1120.09
2011-03-23 00:00:00,1123.62
2011-03-24 00:00:00,1134.71
2011-03-25 00:00:00,1143.94
2011-03-28 00:00:00,1138.36
2011-03-29 00:00:00,1142.56
2011-03-30 00:00:00,1159.52
2011-03-31 00:00:00,1170.87
2011-04-01 00:00:00,1185.12
2011-04-04 00:00:00,1193.13
2011-04-05 00:00:00,1194.83
2011-04-06 00:00:00,1203.47
2011-04-07 00:00:00,1202.24
2011-04-08 00:00:00,1206.03
2011-04-11 00:00:00,1200.24
2011-04-12 00:00:00,1177.31
2011-04-13 00:00:00,1185.32
2011-04-14 00:00:00,1182.21
2011-04-15 00:00:00,1181.57
2011-04-18 00:00:00,1162.08
2011-04-19 00:00:00,1166.41
2011-04-20 00:00:00,1194.99
2011-04-21 00:00:00,1205.9
2011-04-22 00:00:00,1205.96
2011-04-25 00:00:00,1203.75
2011-04-26 00:00:00,1203.33
2011-04-27 00:00:00,1202.43
2011-04-28 00:00:00,1200.71
2011-04-29 00:00:00,1204.03
2011-05-02 00:00:00,1206.49
2011-05-03 00:00:00,1185.76
2011-05-04 00:00:00,1170.93
2011-05-05 00:00:00,1161.68
2011-05-06 00:00:00,1163.34
2011-05-09 00:00:00,1161.94
2011-05-10 00:00:00,1166.64
2011-05-11 00:00:00,1165.91
2011-05-12 00:00:00,1147.58
2011-05-13 00:00:00,1144.69
2011-05-16 00:00:00,1136.66
2011-05-17 00:00:00,1133.39
2011-05-18 00:00:00,1142.47
2011-05-19 00:00:00,1140.42
2011-05-20 00:00:00,1140.55
2011-05-23 00:00:00,1113.8
2011-05-24 00:00:00,1124.62
2011-05-25 00:00:00,1118.02
2011-05-26 00:00:00,1133.37
2011-05-27 00:00:00,1147.82
2011-05-30 00:00:00,1148.15
2011-05-31 00:00:00,1167.97
2011-06-01 00:00:00,1166.72
2011-06-02 00:00:00,1158.96
2011-06-03 00:00:00,1155.51
2011-06-06 00:00:00,1149.0
2011-06-07 00:00:00,1152.56
2011-06-08 00:00:00,1145.47
2011-06-09 00:00:00,1142.24
2011-06-10 00:00:00,1128.85
2011-06-13 00:00:00,1124.67
2011-06-14 00:00:00,1134.4
2011-06-15 00:00:00,1127.8
2011-06-16 00:00:00,1107.43
2011-06-17 00:00:00,1103.74
2011-06-20 00:00:00,1098.33
2011-06-21 00:00:00,1113.03
2011-06-22 00:00:00,1116.25
2011-06-23 00:00:00,1105.31
2011-06-24 00:00:00,1115.67
2011-06-27 00:00:00,1112.54
2011-06-28 00:00:00,1121.14
2011-06-29 00:00:00,1132.79
2011-06-30 00:00:00,1146.22
2011-07-01 00:00:00,1156.74
2011-07-04 00:00:00,1169.49
2011-07-05 00:00:00,1166.2
2011-07-06 00:00:00,1161.17
2011-07-07 00:00:00,1167.61
2011-07-08 00:00:00,1163.93
2011-07-11 00:00:00,1142.82
2011-07-12 00:00:00,1121.27
2011-07-13 00:00:00,1137.88
2011-07-14 00:00:00,1135.42
2011-07-15 00:00:00,1135.6
2011-07-18 00:00:00,1122.39
2011-07-19 00:00:00,1129.0
2011-07-20 00:00:00,1136.79
2011-07-21 00:00:00,1143.29
2011-07-22 00:00:00,1153.18
2011-07-25 00:00:00,1148.18
2011-07-26 00:00:00,1156.56
2011-07-27 00:00:00,1148.99
2011-07-28 00:00:00,1145.4
2011-07-29 00:00:00,1137.73
2011-08-01 00:00:00,1147.6
2011-08-02 00:00:00,1126.97
2011-08-03 00:00:00,1102.59
2011-08-04 00:00:00,1073.02
2011-08-05 00:00:00,1041.07
2011-08-08 00:00:00,990.18
2011-08-09 00:00:00,968.51
2011-08-10 00:00:00,980.74
2011-08-11 00:00:00,989.95
2011-08-12 00:00:00,989.74
2011-08-15 00:00:00,1013.41
2011-08-16 00:00:00,1018.64
2011-08-17 00:00:00,1024.45
2011-08-18 00:00:00,995.44
2011-08-19 00:00:00,970.16
2011-08-22 00:00:00,966.06
2011-08-23 00:00:00,985.8
2011-08-24 00:00:00,978.21
2011-08-25 00:00:00,973.05
2011-08-26 00:00:00,975.92
2011-08-29 00:00:00,1004.57
2011-08-30 00:00:00,1013.68
2011-08-31 00:00:00,1033.15
2011-09-01 00:00:00,1038.0
2011-09-02 00:00:00,1021.88
2011-09-05 00:00:00,989.59
2011-09-06 00:00:00,988.05
2011-09-07 00:00:00,1009.75
2011-09-08 00:00:00,1013.53
2011-09-09 00:00:00,992.31
2011-09-12 00:00:00,969.97
2011-09-13 00:00:00,964.43
2011-09-14 00:00:00,952.55
2011-09-15 00:00:00,963.72
2011-09-16 00:00:00,976.84
2011-09-19 00:00:00,949.39
2011-09-20 00:00:00,951.15
2011-09-21 00:00:00,940.02
2011-09-22 00:00:00,880.64
2011-09-23 00:00:00,861.53
2011-09-26 00:00:00,851.51
2011-09-27 00:00:00,893.47
2011-09-28 00:00:00,891.05
2011-09-29 00:00:00,894.48
2011-09-30 00:00:00,880.43
2011-10-03 00:00:00,852.24
2011-10-04 00:00:00,831.22
2011-10-05 00:00:00,836.54
2011-10-06 00:00:00,864.08
2011-10-07 00:00:00,883.9
2011-10-10 00:00:00,898.27
2011-10-11 00:00:00,909.43
2011-10-12 00:00:00,923.15
2011-10-13 00:00:00,930.47
2011-10-14 00:00:00,935.5
2011-10-17 00:00:00,941.02
2011-10-18 00:00:00,925.13
2011-10-19 00:00:00,932.95
2011-10-20 00:00:00,907.71
2011-10-21 00:00:00,920.07
2011-10-24 00:00:00,949.39
2011-10-25 00:00:00,955.28
2011-10-26 00:00:00,960.38
2011-10-27 00:00:00,993.81
2011-10-28 00:00:00,1010.12
2011-10-31 00:00:00,995.0
2011-11-01 00:00:00,968.69
2011-11-02 00:00:00,977.11
2011-11-03 00:00:00,973.99
2011-11-04 00:00:00,989.63
2011-11-07 00:00:00,990.29
2011-11-08 00:00:00,990.56
2011-11-09 00:00:00,980.01
2011-11-10 00:00:00,953.95
2011-11-11 00:00:00,971.15
2011-11-14 00:00:00,976.86
2011-11-15 00:00:00,969.2
2011-11-16 00:00:00,960.05
2011-11-17 00:00:00,951.97
2011-11-18 00:00:00,934.08
2011-11-21 00:00:00,909.84
2011-11-22 00:00:00,909.34
2011-11-23 00:00:00,885.26
2011-11-24 00:00:00,888.24
2011-11-25 00:00:00,877.4
2011-11-28 00:00:00,902.28
2011-11-29 00:00:00,909.48
2011-11-30 00:00:00,928.32
2011-12-01 00:00:00,959.12
2011-12-02 00:00:00,960.83
2011-12-05 00:00:00,966.19
2011-12-06 00:00:00,953.5
2011-12-07 00:00:00,959.33
2011-12-08 00:00:00,947.59
2011-12-09 00:00:00,934.18
2011-12-12 00:00:00,924.91
2011-12-13 00:00:00,916.86
2011-12-14 00:00:00,903.95
2011-12-15 00:00:00,896.68
2011-12-16 00:00:00,904.09
2011-12-19 00:00:00,888.77
2011-12-20 00:00:00,900.79
2011-12-21 00:00:00,916.2
2011-12-22 00:00:00,919.55
2011-12-23 00:00:00,927.7
2011-12-26 00:00:00,927.63
2011-12-27 00:00:00,924.28
2011-12-28 00:00:00,913.11
2011-12-29 00:00:00,914.21
2011-12-30 00:00:00,916.39
2012-01-02 00:00:00,917.08
2012-01-03 00:00:00,939.91
2012-01-04 00:00:00,937.54
2012-01-05 00:00:00,932.44
2012-01-06 00:00:00,927.06
2012-01-09 00:00:00,930.87
2012-01-10 00:00:00,948.82
2012-01-11 00:00:00,948.65
2012-01-12 00:00:00,953.48
2012-01-13 00:00:00,952.92
2012-01-16 00:00:00,951.83
2012-01-17 00:00:00,972.35
2012-01-18 00:00:00,980.93
2012-01-19 00:00:00,991.38
2012-01-20 00:00:00,995.08
2012-01-23 00:00:00,999.64
2012-01-24 00:00:00,997.6
2012-01-25 00:00:00,999.6
2012-01-26 00:00:00,1014.98
2012-01-27 00:00:00,1016.61
2012-01-30 00:00:00,1006.17
2012-01-31 00:00:00,1019.39
2012-02-01 00:00:00,1029.85
2012-02-02 00:00:00,1043.96
2012-02-03 00:00:00,1048.36
2012-02-06 00:00:00,1047.22
2012-02-07 00:00:00,1048.56
2012-02-08 00:00:00,1060.7
2012-02-09 00:00:00,1061.68
2012-02-10 00:00:00,1042.15
2012-02-13 00:00:00,1053.0
2012-02-14 00:00:00,1046.96
2012-02-15 00:00:00,1058.47
2012-02-16 00:00:00,1049.24
2012-02-17 00:00:00,1062.46
2012-02-20 00:00:00,1066.51
2012-02-21 00:00:00,1064.41
2012-02-22 00:00:00,1064.56
2012-02-23 00:00:00,1059.26
2012-02-24 00:00:00,1067.56
2012-02-27 00:00:00,1056.51
2012-02-28 00:00:00,1068.82
2012-02-29 00:00:00,1079.44
2012-03-01 00:00:00,1076.42
2012-03-02 00:00:00,1079.94
2012-03-05 00:00:00,1065.3
2012-03-06 00:00:00,1041.2
2012-03-07 00:00:00,1037.71
2012-03-08 00:00:00,1052.69
2012-03-09 00:00:00,1060.01
2012-03-12 00:00:00,1050.5
2012-03-13 00:00:00,1066.54
2012-03-14 00:00:00,1066.83
2012-03-15 00:00:00,1065.45
2012-03-16 00:00:00,1063.34
2012-03-19 00:00:00,1061.31
2012-03-20 00:00:00,1049.79
2012-03-21 00:00:00,1047.62
2012-03-22 00:00:00,1040.58
2012-03-23 00:00:00,1041.96
2012-03-26 00:00:00,1044.31
2012-03-27 00:00:00,1055.42
2012-03-28 00:00:00,1043.9
2012-03-29 00:00:00,1032.6
2012-03-30 00:00:00,1041.45
2012-04-02 00:00:00,1047.72
2012-04-03 00:00:00,1055.63
2012-04-04 00:00:00,1037.33
2012-04-05 00:00:00,1037.26
2012-04-06 00:00:00,1036.71
2012-04-09 00:00:00,1026.29
2012-04-10 00:00:00,1016.17
2012-04-11 00:00:00,1016.21
2012-04-12 00:00:00,1024.9
2012-04-13 00:00:00,1027.31
2012-04-16 00:00:00,1020.0
2012-04-17 00:00:00,1020.08
2012-04-18 00:00:00,1023.75
2012-04-19 00:00:00,1023.49
2012-04-20 00:00:00,1021.51
2012-04-23 00:00:00,1007.96
2012-04-24 00:00:00,1011.13
2012-04-25 00:00:00,1011.54
2012-04-26 00:00:00,1015.94
2012-04-27 00:00:00,1019.5
2012-04-30 00:00:00,1026.02
2012-05-01 00:00:00,1025.56
2012-05-02 00:00:00,1029.83
2012-05-03 00:00:00,1024.27
2012-05-04 00:00:00,1012.96
2012-05-07 00:00:00,1001.85
2012-05-08 00:00:00,992.55
2012-05-09 00:00:00,977.9
2012-05-10 00:00:00,980.69
2012-05-11 00:00:00,971.01
2012-05-14 00:00:00,952.0
2012-05-15 00:00:00,946.1
2012-05-16 00:00:00,924.26
2012-05-17 00:00:00,920.78
2012-05-18 00:00:00,906.61
2012-05-21 00:00:00,913.39
2012-05-22 00:00:00,919.28
2012-05-23 00:00:00,896.96
2012-05-24 00:00:00,902.09
2012-05-25 00:00:00,902.13
2012-05-28 00:00:00,909.42
2012-05-29 00:00:00,921.71
2012-05-30 00:00:00,907.88
2012-05-31 00:00:00,906.3
2012-06-01 00:00:00,893.86
2012-06-04 00:00:00,882.46
2012-06-05 00:00:00,886.41
2012-06-06 00:00:00,902.57
2012-06-07 00:00:00,913.18
2012-06-08 00:00:00,905.17
2012-06-11 00:00:00,914.87
2012-06-12 00:00:00,913.0
2012-06-13 00:00:00,919.47
2012-06-14 00:00:00,913.54
2012-06-15 00:00:00,925.22
2012-06-18 00:00:00,934.06
2012-06-19 00:00:00,943.44
2012-06-20 00:00:00,948.27
2012-06-21 00:00:00,932.36
2012-06-22 00:00:00,917.18
2012-06-25 00:00:00,904.15
2012-06-26 00:00:00,906.85
2012-06-27 00:00:00,913.17
2012-06-28 00:00:00,906.71
2012-06-29 00:00:00,937.35
2012-07-02 00:00:00,941.4
2012-07-03 00:00:00,956.77
2012-07-04 00:00:00,956.26
2012-07-05 00:00:00,955.18
2012-07-06 00:00:00,946.01
2012-07-09 00:00:00,935.66
2012-07-10 00:00:00,934.25
2012-07-11 00:00:00,932.38
2012-07-12 00:00:00,914.07
2012-07-13 00:00:00,926.13
2012-07-16 00:00:00,926.73
2012-07-17 00:00:00,933.14
2012-07-18 00:00:00,930.9
2012-07-19 00:00:00,941.13
2012-07-20 00:00:00,936.87
2012-07-23 00:00:00,912.47
2012-07-24 00:00:00,909.43
2012-07-25 00:00:00,905.65
2012-07-26 00:00:00,916.44
2012-07-27 00:00:00,941.76
2012-07-30 00:00:00,948.97
2012-07-31 00:00:00,952.49
2012-08-01 00:00:00,954.22
2012-08-02 00:00:00,944.94
2012-08-03 00:00:00,952.79
2012-08-06 00:00:00,967.44
2012-08-07 00:00:00,967.85
2012-08-08 00:00:00,970.6
2012-08-09 00:00:00,979.28
2012-08-10 00:00:00,979.25
2012-08-13 00:00:00,972.59
2012-08-14 00:00:00,977.25
2012-08-15 00:00:00,974.23
2012-08-16 00:00:00,975.82
2012-08-17 00:00:00,971.05
2012-08-20 00:00:00,969.21
2012-08-21 00:00:00,975.46
2012-08-22 00:00:00,969.43
2012-08-23 00:00:00,974.09
2012-08-24 00:00:00,965.47
2012-08-27 00:00:00,960.86
2012-08-28 00:00:00,956.76
2012-08-29 00:00:00,952.91
2012-08-30 00:00:00,944.39
2012-08-31 00:00:00,947.33
2012-09-03 00:00:00,952.83
2012-09-04 00:00:00,947.37
2012-09-05 00:00:00,939.51
2012-09-06 00:00:00,950.45
2012-09-07 00:00:00,968.82
2012-09-10 00:00:00,969.97
2012-09-11 00:00:00,973.09
2012-09-12 00:00:00,978.48
2012-09-13 00:00:00,982.0
2012-09-14 00:00:00,1014.07
2012-09-17 00:00:00,1012.63
2012-09-18 00:00:00,1006.84
2012-09-19 00:00:00,1009.44
2012-09-20 00:00:00,998.27
2012-09-21 00:00:00,1006.6
2012-09-24 00:00:00,1004.37
2012-09-25 00:00:00,1001.85
2012-09-26 00:00:00,990.37
2012-09-27 00:00:00,998.36
2012-09-28 00:00:00,1002.66
2012-10-01 00:00:00,1005.08
2012-10-02 00:00:00,1006.23
2012-10-03 00:00:00,1002.5
2012-10-04 00:00:00,1005.52
2012-10-05 00:00:00,1009.16
2012-10-08 00:00:00,997.93
2012-10-09 00:00:00,996.59
2012-10-10 00:00:00,992.09
2012-10-11 00:00:00,995.95
2012-10-12 00:00:00,996.7
2012-10-15 00:00:00,995.22
2012-10-16 00:00:00,1003.35
2012-10-17 00:00:00,1010.85
2012-10-18 00:00:00,1013.36
2012-10-19 00:00:00,1006.07
2012-10-22 00:00:00,1007.31
2012-10-23 00:00:00,996.82
2012-10-24 00:00:00,994.55
2012-10-25 00:00:00,999.12
2012-10-26 00:00:00,990.7
2012-10-29 00:00:00,990.24
2012-10-30 00:00:00,993.15
2012-10-31 00:00:00,995.33
2012-11-01 00:00:00,999.63
2012-11-02 00:00:00,1004.68
2012-11-05 00:00:00,1000.8
2012-11-06 00:00:00,1006.27
2012-11-07 00:00:00,1007.45
2012-11-08 00:00:00,995.31
2012-11-09 00:00:00,990.98
2012-11-12 00:00:00,989.27
2012-11-13 00:00:00,982.17
2012-11-14 00:00:00,980.62
2012-11-15 00:00:00,974.33
2012-11-16 00:00:00,969.82
2012-11-19 00:00:00,977.98
2012-11-20 00:00:00,979.49
2012-11-21 00:00:00,980.84
2012-11-22 00:00:00,985.72
2012-11-23 00:00:00,995.94
2012-11-26 00:00:00,995.1
2012-11-27 00:00:00,996.44
2012-11-28 00:00:00,991.27
2012-11-29 00:00:00,1003.79
2012-11-30 00:00:00,1007.02
2012-12-03 00:00:00,1007.68
2012-12-04 00:00:00,1007.27
2012-12-05 00:00:00,1017.37
2012-12-06 00:00:00,1021.26
2012-12-07 00:00:00,1024.06
2012-12-10 00:00:00,1029.06
2012-12-11 00:00:00,1034.55
2012-12-12 00:00:00,1041.37
2012-12-13 00:00:00,1042.56
2012-12-14 00:00:00,1042.82
2012-12-17 00:00:00,1040.02
2012-12-18 00:00:00,1046.24
2012-12-19 00:00:00,1053.17
2012-12-20 00:00:00,1052.68
2012-12-21 00:00:00,1043.03
2012-12-24 00:00:00,1043.73
2012-12-25 00:00:00,1045.41
2012-12-26 00:00:00,1046.65
2012-12-27 00:00:00,1049.45
2012-12-28 00:00:00,1055.18
2012-12-31 00:00:00,1055.2
2013-01-01 00:00:00,1055.76
2013-01-02 00:00:00,1078.16
2013-01-03 00:00:00,1082.68
2013-01-04 00:00:00,1077.9
2013-01-07 00:00:00,1075.76
2013-01-08 00:00:00,1069.86
2013-01-09 00:00:00,1073.03
2013-01-10 00:00:00,1076.99
2013-01-11 00:00:00,1073.04
2013-01-14 00:00:00,1080.71
2013-01-15 00:00:00,1073.48
2013-01-16 00:00:00,1071.21
2013-01-17 00:00:00,1073.15
2013-01-18 00:00:00,1080.74
2013-01-21 00:00:00,1078.05
2013-01-22 00:00:00,1079.07
2013-01-23 00:00:00,1076.53
2013-01-24 00:00:00,1072.26
2013-01-25 00:00:00,1069.12
2013-01-28 00:00:00,1062.06
2013-01-29 00:00:00,1069.88
2013-01-30 00:00:00,1068.2
2013-01-31 00:00:00,1069.01
2013-02-01 00:00:00,1072.82
2013-02-04 00:00:00,1072.73
2013-02-05 00:00:00,1067.61
2013-02-06 00:00:00,1063.75
2013-02-07 00:00:00,1059.56
2013-02-08 00:00:00,1060.87
2013-02-11 00:00:00,1058.75
2013-02-12 00:00:00,1059.03
2013-02-13 00:00:00,1064.88
2013-02-14 00:00:00,1065.84
2013-02-15 00:00:00,1066.52
2013-02-18 00:00:00,1064.34
2013-02-19 00:00:00,1063.99
2013-02-20 00:00:00,1068.46
2013-02-21 00:00:00,1053.14
2013-02-22 00:00:00,1053.39
2013-02-25 00:00:00,1054.41
2013-02-26 00:00:00,1042.71
2013-02-27 00:00:00,1046.56
2013-02-28 00:00:00,1054.62
2013-03-01 00:00:00,1053.13
2013-03-04 00:00:00,1041.28
2013-03-05 00:00:00,1049.94
2013-03-06 00:00:00,1059.84
2013-03-07 00:00:00,1057.92
2013-03-08 00:00:00,1065.94
2013-03-11 00:00:00,1063.56
2013-03-12 00:00:00,1057.65
2013-03-13 00:00:00,1049.08
2013-03-14 00:00:00,1047.7
2013-03-15 00:00:00,1042.24
2013-03-18 00:00:00,1030.11
2013-03-19 00:00:00,1024.96
2013-03-20 00:00:00,1026.35
2013-03-21 00:00:00,1022.43
2013-03-22 00:00:00,1015.47
2013-03-25 00:00:00,1022.27
2013-03-26 00:00:00,1028.65
2013-03-27 00:00:00,1032.05
2013-03-28 00:00:00,1032.62
2013-03-29 00:00:00,1034.9
2013-04-01 00:00:00,1031.15
2013-04-02 00:00:00,1029.1
2013-04-03 00:00:00,1024.99
2013-04-04 00:00:00,1017.06
2013-04-05 00:00:00,1008.13
2013-04-08 00:00:00,1007.14
2013-04-09 00:00:00,1015.93
2013-04-10 00:00:00,1024.49
2013-04-11 00:00:00,1029.22
2013-04-12 00:00:00,1019.61
2013-04-15 00:00:00,1003.29
2013-04-16 00:00:00,1008.92
2013-04-17 00:00:00,1001.1
2013-04-18 00:00:00,997.33
2013-04-19 00:00:00,1011.17
2013-04-22 00:00:00,1011.96
2013-04-23 00:00:00,1009.81
2013-04-24 00:00:00,1017.71
2013-04-25 00:00:00,1027.3
2013-04-26 00:00:00,1022.36
2013-04-29 00:00:00,1027.42
2013-04-30 00:00:00,1039.45
2013-05-01 00:00:00,1038.12
2013-05-02 00:00:00,1037.33
2013-05-03 00:00:00,1042.26
2013-05-06 00:00:00,1046.02
2013-05-07 00:00:00,1052.48
2013-05-08 00:00:00,1061.09
2013-05-09 00:00:00,1060.58
2013-05-10 00:00:00,1050.74
2013-05-13 00:00:00,1041.9
2013-05-14 00:00:00,1046.18
2013-05-15 00:00:00,1046.1
2013-05-16 00:00:00,1046.33
2013-05-17 00:00:00,1045.76
2013-05-20 00:00:00,1048.15
2013-05-21 00:00:00,1048.13
2013-05-22 00:00:00,1048.09
2013-05-23 00:00:00,1025.92
2013-05-24 00:00:00,1026.68
2013-05-27 00:00:00,1028.53
2013-05-28 00:00:00,1030.82
2013-05-29 00:00:00,1020.42
2013-05-30 00:00:00,1016.02
2013-05-31 00:00:00,1008.88
2013-06-03 00:00:00,998.55
2013-06-04 00:00:00,1004.03
2013-06-05 00:00:00,991.38
2013-06-06 00:00:00,985.05
2013-06-07 00:00:00,980.64
2013-06-10 00:00:00,972.89
2013-06-11 00:00:00,954.38
2013-06-12 00:00:00,954.38
2013-06-13 00:00:00,943.59
2013-06-14 00:00:00,953.68
2013-06-17 00:00:00,957.12
2013-06-18 00:00:00,953.54
2013-06-19 00:00:00,946.77
2013-06-20 00:00:00,908.49
2013-06-21 00:00:00,900.54
2013-06-24 00:00:00,883.34
2013-06-25 00:00:00,885.85
2013-06-26 00:00:00,901.98
2013-06-27 00:00:00,919.46
2013-06-28 00:00:00,940.33
2013-07-01 00:00:00,941.93
2013-07-02 00:00:00,932.12
2013-07-03 00:00:00,912.18
2013-07-04 00:00:00,922.1
2013-07-05 00:00:00,917.58
2013-07-08 00:00:00,905.96
2013-07-09 00:00:00,912.71
2013-07-10 00:00:00,915.63
2013-07-11 00:00:00,942.88
2013-07-12 00:00:00,945.36
2013-07-15 00:00:00,952.23
2013-07-16 00:00:00,953.02
2013-07-17 00:00:00,959.37
2013-07-18 00:00:00,957.44
2013-07-19 00:00:00,950.47
2013-07-22 00:00:00,954.0
2013-07-23 00:00:00,969.04
2013-07-24 00:00:00,966.5
2013-07-25 00:00:00,962.36
2013-07-26 00:00:00,961.53
2013-07-29 00:00:00,953.86
2013-07-30 00:00:00,953.65
2013-07-31 00:00:00,947.55
2013-08-01 00:00:00,954.15
2013-08-02 00:00:00,955.35
2013-08-05 00:00:00,956.4
2013-08-06 00:00:00,946.3
2013-08-07 00:00:00,937.86
2013-08-08 00:00:00,946.39
2013-08-09 00:00:00,951.37
2013-08-12 00:00:00,957.82
2013-08-13 00:00:00,965.94
2013-08-14 00:00:00,967.92
2013-08-15 00:00:00,960.48
2013-08-16 00:00:00,958.11
2013-08-19 00:00:00,944.88
2013-08-20 00:00:00,932.15
2013-08-21 00:00:00,924.19
2013-08-22 00:00:00,922.28
2013-08-23 00:00:00,932.76
2013-08-26 00:00:00,932.78
2013-08-27 00:00:00,915.44
2013-08-28 00:00:00,909.81
2013-08-29 00:00:00,920.84
2013-08-30 00:00:00,929.54
2013-09-02 00:00:00,938.29
2013-09-03 00:00:00,933.94
2013-09-04 00:00:00,937.79
2013-09-05 00:00:00,947.67
2013-09-06 00:00:00,955.73
2013-09-09 00:00:00,973.79
2013-09-10 00:00:00,991.36
2013-09-11 00:00:00,991.94
2013-09-12 00:00:00,990.41
2013-09-13 00:00:00,986.84
2013-09-16 00:00:00,1001.76
2013-09-17 00:00:00,1002.44
2013-09-18 00:00:00,1000.99
2013-09-19 00:00:00,1022.54
2013-09-20 00:00:00,1013.17
2013-09-23 00:00:00,1016.3
2013-09-24 00:00:00,1010.56
2013-09-25 00:00:00,1007.55
2013-09-26 00:00:00,1003.0
2013-09-27 00:00:00,999.88
2013-09-30 00:00:00,987.46
2013-10-01 00:00:00,996.34
2013-10-02 00:00:00,997.85
2013-10-03 00:00:00,1005.25
2013-10-04 00:00:00,1007.92
2013-10-07 00:00:00,1004.66
2013-10-08 00:00:00,1008.89
2013-10-09 00:00:00,1005.69
2013-10-10 00:00:00,1014.05
2013-10-11 00:00:00,1023.21
2013-10-14 00:00:00,1022.65
2013-10-15 00:00:00,1029.85
2013-10-16 00:00:00,1031.27
2013-10-17 00:00:00,1033.97
2013-10-18 00:00:00,1042.06
2013-10-21 00:00:00,1042.66
2013-10-22 00:00:00,1044.66
2013-10-23 00:00:00,1033.47
2013-10-24 00:00:00,1030.82
2013-10-25 00:00:00,1027.27
2013-10-28 00:00:00,1034.38
2013-10-29 00:00:00,1036.76
2013-10-30 00:00:00,1042.75
2013-10-31 00:00:00,1034.42
2013-11-01 00:00:00,1027.87
2013-11-04 00:00:00,1027.06
2013-11-05 00:00:00,1016.3
2013-11-06 00:00:00,1016.19
2013-11-07 00:00:00,1010.19
2013-11-08 00:00:00,995.3
2013-11-11 00:00:00,992.99
2013-11-12 00:00:00,991.45
2013-11-13 00:00:00,979.88
2013-11-14 00:00:00,991.77
2013-11-15 00:00:00,1005.17
2013-11-18 00:00:00,1025.3
2013-11-19 00:00:00,1024.53
2013-11-20 00:00:00,1019.57
2013-11-21 00:00:00,1004.24
2013-11-22 00:00:00,1009.17
2013-11-25 00:00:00,1010.63
2013-11-26 00:00:00,1005.4
2013-11-27 00:00:00,1008.81
2013-11-28 00:00:00,1012.02
2013-11-29 00:00:00,1018.28
2013-12-02 00:00:00,1013.44
2013-12-03 00:00:00,1002.71
2013-12-04 00:00:00,995.75
2013-12-05 00:00:00,998.45
2013-12-06 00:00:00,1002.2
2013-12-09 00:00:00,1012.76
2013-12-10 00:00:00,1012.32
2013-12-11 00:00:00,1002.55
2013-12-12 00:00:00,991.52
2013-12-13 00:00:00,990.48
2013-12-16 00:00:00,990.4
2013-12-17 00:00:00,990.49
2013-12-18 00:00:00,992.7
2013-12-19 00:00:00,990.65
2013-12-20 00:00:00,988.26
2013-12-23 00:00:00,992.69
2013-12-24 00:00:00,995.35
2013-12-25 00:00:00,994.87
2013-12-26 00:00:00,993.18
2013-12-27 00:00:00,997.56
2013-12-30 00:00:00,1001.9
2013-12-31 00:00:00,1002.69
2014-01-01 00:00:00,1002.66
2014-01-02 00:00:00,990.79
2014-01-03 00:00:00,979.49
2014-01-06 00:00:00,972.42
2014-01-07 00:00:00,971.48
2014-01-08 00:00:00,973.17
2014-01-09 00:00:00,963.11
2014-01-10 00:00:00,970.15
2014-01-13 00:00:00,977.42
2014-01-14 00:00:00,975.28
2014-01-15 00:00:00,977.87
2014-01-16 00:00:00,974.65
2014-01-17 00:00:00,972.27
2014-01-20 00:00:00,970.82
2014-01-21 00:00:00,970.75
2014-01-22 00:00:00,976.47
2014-01-23 00:00:00,963.98
2014-01-24 00:00:00,949.9
2014-01-27 00:00:00,931.64
2014-01-28 00:00:00,934.09
2014-01-29 00:00:00,936.67
2014-01-30 00:00:00,936.37
2014-01-31 00:00:00,936.53
2014-02-03 00:00:00,926.74
2014-02-04 00:00:00,917.74
2014-02-05 00:00:00,916.56
2014-02-06 00:00:00,929.8
2014-02-07 00:00:00,937.3
2014-02-10 00:00:00,935.5
2014-02-11 00:00:00,944.75
2014-02-12 00:00:00,953.3
2014-02-13 00:00:00,945.83
2014-02-14 00:00:00,957.31
2014-02-17 00:00:00,964.29
2014-02-18 00:00:00,958.87
2014-02-19 00:00:00,959.09
2014-02-20 00:00:00,950.62
2014-02-21 00:00:00,959.26
2014-02-24 00:00:00,958.42
2014-02-25 00:00:00,955.54
2014-02-26 00:00:00,956.26
2014-02-27 00:00:00,963.23
2014-02-28 00:00:00,966.42
2014-03-03 00:00:00,950.68
2014-03-04 00:00:00,956.19
2014-03-05 00:00:00,959.18
2014-03-06 00:00:00,970.27
2014-03-07 00:00:00,966.72
2014-03-10 00:00:00,955.02
2014-03-11 00:00:00,955.89
2014-03-12 00:00:00,944.63
2014-03-13 00:00:00,943.19
2014-03-14 00:00:00,937.69
2014-03-17 00:00:00,943.22
2014-03-18 00:00:00,952.48
2014-03-19 00:00:00,950.59
2014-03-20 00:00:00,940.7
2014-03-21 00:00:00,944.96
2014-03-24 00:00:00,953.9
2014-03-25 00:00:00,958.49
2014-03-26 00:00:00,968.23
2014-03-27 00:00:00,975.29
2014-03-28 00:00:00,984.91
2014-03-31 00:00:00,994.65
2014-04-01 00:00:00,1000.79
2014-04-02 00:00:00,1004.97
2014-04-03 00:00:00,1000.17
2014-04-04 00:00:00,1002.04
2014-04-07 00:00:00,1004.15
2014-04-08 00:00:00,1011.49
2014-04-09 00:00:00,1014.83
2014-04-10 00:00:00,1021.74
2014-04-11 00:00:00,1015.44
2014-04-14 00:00:00,1011.73
2014-04-15 00:00:00,999.9
2014-04-16 00:00:00,1002.5
2014-04-17 00:00:00,1009.22
2014-04-18 00:00:00,1011.87
2014-04-21 00:00:00,1010.76
2014-04-22 00:00:00,1008.72
2014-04-23 00:00:00,1003.79
2014-04-24 00:00:00,1004.46
2014-04-25 00:00:00,993.35
2014-04-28 00:00:00,993.12
2014-04-29 00:00:00,999.93
2014-04-30 00:00:00,995.28
2014-05-01 00:00:00,996.01
2014-05-02 00:00:00,1003.39
2014-05-05 00:00:00,1001.01
2014-05-06 00:00:00,1003.93
2014-05-07 00:00:00,1004.5
2014-05-08 00:00:00,1008.85
2014-05-09 00:00:00,1006.95
2014-05-12 00:00:00,1015.81
2014-05-13 00:00:00,1022.44
2014-05-14 00:00:00,1032.24
2014-05-15 00:00:00,1029.1
2014-05-16 00:00:00,1031.95
2014-05-19 00:00:00,1035.43
2014-05-20 00:00:00,1029.91
2014-05-21 00:00:00,1031.66
2014-05-22 00:00:00,1041.19
2014-05-23 00:00:00,1042.92
2014-05-26 00:00:00,1041.84
2014-05-27 00:00:00,1032.88
2014-05-28 00:00:00,1038.23
2014-05-29 00:00:00,1038.64
2014-05-30 00:00:00,1027.69
2014-06-02 00:00:00,1029.5
2014-06-03 00:00:00,1035.95
2014-06-04 00:00:00,1031.19
2014-06-05 00:00:00,1034.98
2014-06-06 00:00:00,1044.93
2014-06-09 00:00:00,1048.96
2014-06-10 00:00:00,1057.59
2014-06-11 00:00:00,1056.04
2014-06-12 00:00:00,1054.74
2014-06-13 00:00:00,1049.14
2014-06-16 00:00:00,1046.28
2014-06-17 00:00:00,1043.53
2014-06-18 00:00:00,1044.57
2014-06-19 00:00:00,1049.94
2014-06-20 00:00:00,1043.86
2014-06-23 00:00:00,1042.33
2014-06-24 00:00:00,1048.14
2014-06-25 00:00:00,1041.78
2014-06-26 00:00:00,1046.81
2014-06-27 00:00:00,1046.18
2014-06-30 00:00:00,1050.78
2014-07-01 00:00:00,1051.39
2014-07-02 00:00:00,1060.57
2014-07-03 00:00:00,1062.18
2014-07-04 00:00:00,1062.4
2014-07-07 00:00:00,1064.33
2014-07-08 00:00:00,1064.73
2014-07-09 00:00:00,1060.93
2014-07-10 00:00:00,1062.37
2014-07-11 00:00:00,1058.67
2014-07-14 00:00:00,1063.66
2014-07-15 00:00:00,1066.35
2014-07-16 00:00:00,1066.83
2014-07-17 00:00:00,1062.59
2014-07-18 00:00:00,1063.26
2014-07-21 00:00:00,1063.26
2014-07-22 00:00:00,1074.48
2014-07-23 00:00:00,1077.7
2014-07-24 00:00:00,1080.85
2014-07-25 00:00:00,1078.69
2014-07-28 00:00:00,1079.24
2014-07-29 00:00:00,1080.54
2014-07-30 00:00:00,1078.75
2014-07-31 00:00:00,1065.77
2014-08-01 00:00:00,1060.13
2014-08-04 00:00:00,1069.3
2014-08-05 00:00:00,1063.11
2014-08-06 00:00:00,1056.77
2014-08-07 00:00:00,1051.22
2014-08-08 00:00:00,1045.51
2014-08-11 00:00:00,1061.41
2014-08-12 00:00:00,1064.42
2014-08-13 00:00:00,1070.87
2014-08-14 00:00:00,1072.37
2014-08-15 00:00:00,1074.51
2014-08-18 00:00:00,1077.07
2014-08-19 00:00:00,1084.45
2014-08-20 00:00:00,1085.08
2014-08-21 00:00:00,1081.93
2014-08-22 00:00:00,1083.07
2014-08-25 00:00:00,1085.29
2014-08-26 00:00:00,1087.77
2014-08-27 00:00:00,1093.74
2014-08-28 00:00:00,1086.98
2014-08-29 00:00:00,1087.88
2014-09-01 00:00:00,1090.57
2014-09-02 00:00:00,1086.73
2014-09-03 00:00:00,1100.98
2014-09-04 00:00:00,1100.23
2014-09-05 00:00:00,1096.83
2014-09-08 00:00:00,1094.99
2014-09-09 00:00:00,1087.54
2014-09-10 00:00:00,1075.22
2014-09-11 00:00:00,1069.43
2014-09-12 00:00:00,1061.53
2014-09-15 00:00:00,1055.78
2014-09-16 00:00:00,1054.07
2014-09-17 00:00:00,1062.39
2014-09-18 00:00:00,1056.37
2014-09-19 00:00:00,1053.92
2014-09-22 00:00:00,1040.29
2014-09-23 00:00:00,1032.79
2014-09-24 00:00:00,1035.31
2014-09-25 00:00:00,1025.63
2014-09-26 00:00:00,1023.91
2014-09-29 00:00:00,1009.43
2014-09-30 00:00:00,1005.33
2014-10-01 00:00:00,996.86
2014-10-02 00:00:00,992.53
2014-10-03 00:00:00,997.27
2014-10-06 00:00:00,1010.32
2014-10-07 00:00:00,1010.86
2014-10-08 00:00:00,998.76
2014-10-09 00:00:00,1008.33
2014-10-10 00:00:00,989.87
2014-10-13 00:00:00,991.49
2014-10-14 00:00:00,992.08
2014-10-15 00:00:00,982.6
2014-10-16 00:00:00,970.65
2014-10-17 00:00:00,976.76
2014-10-20 00:00:00,981.5
2014-10-21 00:00:00,981.78
2014-10-22 00:00:00,987.09
2014-10-23 00:00:00,981.75
2014-10-24 00:00:00,984.38
2014-10-27 00:00:00,977.8
2014-10-28 00:00:00,992.54
2014-10-29 00:00:00,1004.88
2014-10-30 00:00:00,1007.54
2014-10-31 00:00:00,1016.07
2014-11-03 00:00:00,1010.37
2014-11-04 00:00:00,1007.11
2014-11-05 00:00:00,998.44
2014-11-06 00:00:00,991.32
2014-11-07 00:00:00,987.65
2014-11-10 00:00:00,997.66
2014-11-11 00:00:00,993.69
2014-11-12 00:00:00,996.06
2014-11-13 00:00:00,992.72
2014-11-14 00:00:00,990.81
2014-11-17 00:00:00,985.88
2014-11-18 00:00:00,988.66
2014-11-19 00:00:00,989.91
2014-11-20 00:00:00,990.1
2014-11-21 00:00:00,1004.35
2014-11-24 00:00:00,1011.23
2014-11-25 00:00:00,1009.1
2014-11-26 00:00:00,1011.97
2014-11-27 00:00:00,1012.62
2014-11-28 00:00:00,1004.72
2014-12-01 00:00:00,985.08
2014-12-02 00:00:00,984.49
2014-12-03 00:00:00,985.89
2014-12-04 00:00:00,986.91
2014-12-05 00:00:00,985.68
2014-12-08 00:00:00,976.84
2014-12-09 00:00:00,965.41
2014-12-10 00:00:00,958.67
2014-12-11 00:00:00,946.04
2014-12-12 00:00:00,938.41
2014-12-15 00:00:00,924.06
2014-12-16 00:00:00,909.98
2014-12-17 00:00:00,918.15
2014-12-18 00:00:00,935.12
2014-12-19 00:00:00,944.6
2014-12-22 00:00:00,957.57
2014-12-23 00:00:00,951.95
2014-12-24 00:00:00,951.19
2014-12-25 00:00:00,950.61
2014-12-26 00:00:00,952.53
2014-12-29 00:00:00,958.7
2014-12-30 00:00:00,954.58
2014-12-31 00:00:00,956.31
2015-01-01 00:00:00,956.28
2015-01-02 00:00:00,953.72
2015-01-05 00:00:00,940.69
2015-01-06 00:00:00,934.73
2015-01-07 00:00:00,941.18
2015-01-08 00:00:00,958.83
2015-01-09 00:00:00,961.37
2015-01-12 00:00:00,955.53
2015-01-13 00:00:00,959.89
2015-01-14 00:00:00,955.73
2015-01-15 00:00:00,959.97
2015-01-16 00:00:00,957.46
2015-01-19 00:00:00,952.51
2015-01-20 00:00:00,957.28
2015-01-21 00:00:00,976.07
2015-01-22 00:00:00,983.53
2015-01-23 00:00:00,990.89
2015-01-26 00:00:00,988.71
2015-01-27 00:00:00,989.83
2015-01-28 00:00:00,984.65
2015-01-29 00:00:00,973.19
2015-01-30 00:00:00,961.61
2015-02-02 00:00:00,963.8
2015-02-03 00:00:00,976.5
2015-02-04 00:00:00,980.82
2015-02-05 00:00:00,982.21
2015-02-06 00:00:00,978.57
2015-02-09 00:00:00,972.83
2015-02-10 00:00:00,966.83
2015-02-11 00:00:00,961.21
2015-02-12 00:00:00,971.19
2015-02-13 00:00:00,986.65
2015-02-16 00:00:00,984.09
2015-02-17 00:00:00,983.12
2015-02-18 00:00:00,985.01
2015-02-19 00:00:00,985.07
2015-02-20 00:00:00,984.42
2015-02-23 00:00:00,983.47
2015-02-24 00:00:00,987.89
2015-02-25 00:00:00,992.8
2015-02-26 00:00:00,993.82
2015-02-27 00:00:00,990.28
2015-03-02 00:00:00,988.26
2015-03-03 00:00:00,986.2
2015-03-04 00:00:00,976.27
2015-03-05 00:00:00,974.57
2015-03-06 00:00:00,971.23
2015-03-09 00:00:00,959.22
2015-03-10 00:00:00,943.73
2015-03-11 00:00:00,943.03
2015-03-12 00:00:00,948.52
2015-03-13 00:00:00,939.56
2015-03-16 00:00:00,940.57
2015-03-17 00:00:00,949.06
2015-03-18 00:00:00,956.73
2015-03-19 00:00:00,964.97
2015-03-20 00:00:00,969.53
2015-03-23 00:00:00,975.38
2015-03-24 00:00:00,978.25
2015-03-25 00:00:00,976.15
2015-03-26 00:00:00,962.46
2015-03-27 00:00:00,958.11
2015-03-30 00:00:00,968.91
2015-03-31 00:00:00,974.57
2015-04-01 00:00:00,982.93
2015-04-02 00:00:00,992.86
2015-04-03 00:00:00,994.32
2015-04-06 00:00:00,1005.86
2015-04-07 00:00:00,1006.26
2015-04-08 00:00:00,1021.05
2015-04-09 00:00:00,1028.63
2015-04-10 00:00:00,1034.59
2015-04-13 00:00:00,1041.46
2015-04-14 00:00:00,1036.77
2015-04-15 00:00:00,1036.87
2015-04-16 00:00:00,1052.25
2015-04-17 00:00:00,1042.68
2015-04-20 00:00:00,1033.77
2015-04-21 00:00:00,1042.21
2015-04-22 00:00:00,1047.61
2015-04-23 00:00:00,1053.91
2015-04-24 00:00:00,1060.5
2015-04-27 00:00:00,1065.62
2015-04-28 00:00:00,1067.01
2015-04-29 00:00:00,1059.51
2015-04-30 00:00:00,1047.78
2015-05-01 00:00:00,1045.99
2015-05-04 00:00:00,1048.2
2015-05-05 00:00:00,1047.93
2015-05-06 00:00:00,1040.44
2015-05-07 00:00:00,1024.91
2015-05-08 00:00:00,1034.94
2015-05-11 00:00:00,1036.02
2015-05-12 00:00:00,1029.03
2015-05-13 00:00:00,1033.88
2015-05-14 00:00:00,1035.8
2015-05-15 00:00:00,1043.4
2015-05-18 00:00:00,1040.95
2015-05-19 00:00:00,1040.89
2015-05-20 00:00:00,1036.1
2015-05-21 00:00:00,1032.7
2015-05-22 00:00:00,1037.62
2015-05-25 00:00:00,1035.33
2015-05-26 00:00:00,1026.45
2015-05-27 00:00:00,1019.09
2015-05-28 00:00:00,1009.52
2015-05-29 00:00:00,1004.22
2015-06-01 00:00:00,1002.93
2015-06-02 00:00:00,999.87
2015-06-03 00:00:00,995.83
2015-06-04 00:00:00,988.05
2015-06-05 00:00:00,982.14
2015-06-08 00:00:00,977.09
2015-06-09 00:00:00,971.09
2015-06-10 00:00:00,977.85
2015-06-11 00:00:00,976.78
2015-06-12 00:00:00,979.46
2015-06-15 00:00:00,970.51
2015-06-16 00:00:00,965.34
2015-06-17 00:00:00,969.4
2015-06-18 00:00:00,977.61
2015-06-19 00:00:00,974.56
2015-06-22 00:00:00,987.3
2015-06-23 00:00:00,990.67
2015-06-24 00:00:00,993.31
2015-06-25 00:00:00,988.18
2015-06-26 00:00:00,980.63
2015-06-29 00:00:00,959.42
2015-06-30 00:00:00,972.25
2015-07-01 00:00:00,971.91
2015-07-02 00:00:00,971.47
2015-07-03 00:00:00,964.31
2015-07-06 00:00:00,943.44
2015-07-07 00:00:00,930.25
2015-07-08 00:00:00,904.57
2015-07-09 00:00:00,919.78
2015-07-10 00:00:00,932.85
2015-07-13 00:00:00,943.01
2015-07-14 00:00:00,940.83
2015-07-15 00:00:00,937.98
2015-07-16 00:00:00,941.69
2015-07-17 00:00:00,941.68
2015-07-20 00:00:00,935.45
2015-07-21 00:00:00,939.81
2015-07-22 00:00:00,931.14
2015-07-23 00:00:00,923.56
2015-07-24 00:00:00,910.4
2015-07-27 00:00:00,892.6
2015-07-28 00:00:00,891.24
2015-07-29 00:00:00,900.12
2015-07-30 00:00:00,894.07
2015-07-31 00:00:00,901.68
2015-08-03 00:00:00,890.85
2015-08-04 00:00:00,893.11
2015-08-05 00:00:00,891.95
2015-08-06 00:00:00,884.93
2015-08-07 00:00:00,885.07
2015-08-10 00:00:00,887.7
2015-08-11 00:00:00,878.27
2015-08-12 00:00:00,861.71
2015-08-13 00:00:00,864.8
2015-08-14 00:00:00,863.83
2015-08-17 00:00:00,854.71
2015-08-18 00:00:00,848.12
2015-08-19 00:00:00,840.51
2015-08-20 00:00:00,830.28
2015-08-21 00:00:00,812.38
2015-08-24 00:00:00,771.77
2015-08-25 00:00:00,788.54
2015-08-26 00:00:00,787.3
2015-08-27 00:00:00,813.08
2015-08-28 00:00:00,820.25
2015-08-31 00:00:00,818.73
2015-09-01 00:00:00,801.11
2015-09-02 00:00:00,796.68
2015-09-03 00:00:00,801.48
2015-09-04 00:00:00,788.59
2015-09-07 00:00:00,778.18
2015-09-08 00:00:00,790.57
2015-09-09 00:00:00,809.51
2015-09-10 00:00:00,804.16
2015-09-11 00:00:00,802.49
2015-09-14 00:00:00,807.66
2015-09-15 00:00:00,806.78
2015-09-16 00:00:00,822.71
2015-09-17 00:00:00,827.5
2015-09-18 00:00:00,829.86
2015-09-21 00:00:00,815.63
2015-09-22 00:00:00,808.23
2015-09-23 00:00:00,791.79
2015-09-24 00:00:00,785.68
2015-09-25 00:00:00,789.15
2015-09-28 00:00:00,781.57
2015-09-29 00:00:00,776.35
2015-09-30 00:00:00,792.05
2015-10-01 00:00:00,797.61
2015-10-02 00:00:00,804.1
2015-10-05 00:00:00,821.26
2015-10-06 00:00:00,828.68
2015-10-07 00:00:00,850.78
2015-10-08 00:00:00,848.37
2015-10-09 00:00:00,859.32
2015-10-12 00:00:00,865.23
2015-10-13 00:00:00,854.29
2015-10-14 00:00:00,849.4
2015-10-15 00:00:00,864.73
2015-10-16 00:00:00,865.28
2015-10-19 00:00:00,867.25
2015-10-20 00:00:00,864.47
2015-10-21 00:00:00,859.1
2015-10-22 00:00:00,858.17
2015-10-23 00:00:00,868.56
2015-10-26 00:00:00,867.65
2015-10-27 00:00:00,862.71
2015-10-28 00:00:00,860.3
2015-10-29 00:00:00,846.14
2015-10-30 00:00:00,847.84
2015-11-02 00:00:00,850.23
2015-11-03 00:00:00,860.77
2015-11-04 00:00:00,868.16
2015-11-05 00:00:00,864.14
2015-11-06 00:00:00,852.47
2015-11-09 00:00:00,843.57
2015-11-10 00:00:00,833.39
2015-11-11 00:00:00,833.38
2015-11-12 00:00:00,833.74
2015-11-13 00:00:00,821.12
2015-11-16 00:00:00,813.38
2015-11-17 00:00:00,824.09
2015-11-18 00:00:00,822.84
2015-11-19 00:00:00,837.14
2015-11-20 00:00:00,843.48
2015-11-23 00:00:00,841.11
2015-11-24 00:00:00,839.3
2015-11-25 00:00:00,836.15
2015-11-26 00:00:00,838.09
2015-11-27 00:00:00,826.36
2015-11-30 00:00:00,814.3
2015-12-01 00:00:00,825.48
2015-12-02 00:00:00,821.78
2015-12-03 00:00:00,819.25
2015-12-04 00:00:00,812.27
2015-12-07 00:00:00,807.79
2015-12-08 00:00:00,795.46
2015-12-09 00:00:00,795.23
2015-12-10 00:00:00,789.02
2015-12-11 00:00:00,773.56
2015-12-14 00:00:00,771.22
2015-12-15 00:00:00,779.41
2015-12-16 00:00:00,790.34
2015-12-17 00:00:00,798.59
2015-12-18 00:00:00,789.71
2015-12-21 00:00:00,791.43
2015-12-22 00:00:00,794.61
2015-12-23 00:00:00,803.13
2015-12-24 00:00:00,804.06
2015-12-25 00:00:00,804.29
2015-12-28 00:00:00,800.32
2015-12-29 00:00:00,799.69
2015-12-30 00:00:00,791.47
2015-12-31 00:00:00,794.14
2016-01-01 00:00:00,794.21
2016-01-04 00:00:00,767.77
2016-01-05 00:00:00,768.46
2016-01-06 00:00:00,759.81
2016-01-07 00:00:00,738.86
2016-01-08 00:00:00,740.07
2016-01-11 00:00:00,723.36
2016-01-12 00:00:00,723.21
2016-01-13 00:00:00,729.56
2016-01-14 00:00:00,723.15
2016-01-15 00:00:00,709.19
2016-01-18 00:00:00,703.41
2016-01-19 00:00:00,714.37
2016-01-20 00:00:00,692.76
2016-01-21 00:00:00,688.52
2016-01-22 00:00:00,710.66
2016-01-25 00:00:00,716.08
2016-01-26 00:00:00,708.33
2016-01-27 00:00:00,715.98
2016-01-28 00:00:00,722.23
2016-01-29 00:00:00,742.37
2016-02-01 00:00:00,742.74
2016-02-02 00:00:00,728.71
2016-02-03 00:00:00,721.65
2016-02-04 00:00:00,739.55
2016-02-05 00:00:00,739.61
2016-02-08 00:00:00,734.13
2016-02-09 00:00:00,729.88
2016-02-10 00:00:00,730.58
2016-02-11 00:00:00,713.04
2016-02-12 00:00:00,711.24
2016-02-15 00:00:00,726.86
2016-02-16 00:00:00,731.4
2016-02-17 00:00:00,735.78
2016-02-18 00:00:00,746.24
2016-02-19 00:00:00,740.98
2016-02-22 00:00:00,749.42
2016-02-23 00:00:00,744.76
2016-02-24 00:00:00,736.53
2016-02-25 00:00:00,735.35
2016-02-26 00:00:00,740.02
2016-02-29 00:00:00,740.33
2016-03-01 00:00:00,752.92
2016-03-02 00:00:00,769.1
2016-03-03 00:00:00,780.19
2016-03-04 00:00:00,790.97
2016-03-07 00:00:00,795.18
2016-03-08 00:00:00,788.09
2016-03-09 00:00:00,787.69
2016-03-10 00:00:00,790.74
2016-03-11 00:00:00,800.91
2016-03-14 00:00:00,803.45
2016-03-15 00:00:00,790.68
2016-03-16 00:00:00,791.18
2016-03-17 00:00:00,816.9
2016-03-18 00:00:00,826.75
2016-03-21 00:00:00,829.06
2016-03-22 00:00:00,830.51
2016-03-23 00:00:00,821.71
2016-03-24 00:00:00,813.61
2016-03-25 00:00:00,812.32
2016-03-28 00:00:00,813.04
2016-03-29 00:00:00,814.83
2016-03-30 00:00:00,833.98
2016-03-31 00:00:00,836.8
2016-04-01 00:00:00,826.19
2016-04-04 00:00:00,826.78
2016-04-05 00:00:00,812.97
2016-04-06 00:00:00,809.03
2016-04-07 00:00:00,809.29
2016-04-08 00:00:00,816.82
2016-04-11 00:00:00,824.01
2016-04-12 00:00:00,830.88
2016-04-13 00:00:00,844.15
2016-04-14 00:00:00,845.45
2016-04-15 00:00:00,846.7
2016-04-18 00:00:00,843.68
2016-04-19 00:00:00,852.73
2016-04-20 00:00:00,849.45
2016-04-21 00:00:00,853.69
2016-04-22 00:00:00,845.21
2016-04-25 00:00:00,839.2
2016-04-26 00:00:00,842.63
2016-04-27 00:00:00,843.17
2016-04-28 00:00:00,844.06
2016-04-29 00:00:00,840.19
2016-05-02 00:00:00,835.57
2016-05-03 00:00:00,821.09
2016-05-04 00:00:00,813.52
2016-05-05 00:00:00,809.46
2016-05-06 00:00:00,805.34
2016-05-09 00:00:00,800.91
2016-05-10 00:00:00,806.91
2016-05-11 00:00:00,807.97
2016-05-12 00:00:00,806.68
2016-05-13 00:00:00,796.07
2016-05-16 00:00:00,797.43
2016-05-17 00:00:00,801.64
2016-05-18 00:00:00,794.22
2016-05-19 00:00:00,781.84
2016-05-20 00:00:00,785.26
2016-05-23 00:00:00,788.9
2016-05-24 00:00:00,787.99
2016-05-25 00:00:00,799.68
2016-05-26 00:00:00,802.93
2016-05-27 00:00:00,808.29
2016-05-30 00:00:00,807.66
2016-05-31 00:00:00,807.45
2016-06-01 00:00:00,807.22
2016-06-02 00:00:00,809.34
2016-06-03 00:00:00,816.18
2016-06-06 00:00:00,823.26
2016-06-07 00:00:00,835.9
2016-06-08 00:00:00,842.38
2016-06-09 00:00:00,837.03
2016-06-10 00:00:00,823.82
2016-06-13 00:00:00,809.46
2016-06-14 00:00:00,803.06
2016-06-15 00:00:00,808.19
2016-06-16 00:00:00,799.78
2016-06-17 00:00:00,806.22
2016-06-20 00:00:00,821.17
2016-06-21 00:00:00,825.35
2016-06-22 00:00:00,829.33
2016-06-23 00:00:00,835.43
2016-06-24 00:00:00,805.87
2016-06-27 00:00:00,794.56
2016-06-28 00:00:00,805.24
2016-06-29 00:00:00,821.82
2016-06-30 00:00:00,834.1
2016-07-01 00:00:00,839.25
2016-07-04 00:00:00,843.42
2016-07-05 00:00:00,831.68
2016-07-06 00:00:00,819.19
2016-07-07 00:00:00,826.99
2016-07-08 00:00:00,828.84
2016-07-11 00:00:00,846.73
2016-07-12 00:00:00,854.08
2016-07-13 00:00:00,856.36
2016-07-14 00:00:00,865.93
2016-07-15 00:00:00,867.84
2016-07-18 00:00:00,870.13
2016-07-19 00:00:00,868.12
2016-07-20 00:00:00,870.76
2016-07-21 00:00:00,871.17
2016-07-22 00:00:00,869.3
2016-07-25 00:00:00,869.1
2016-07-26 00:00:00,870.72
2016-07-27 00:00:00,874.05
2016-07-28 00:00:00,875.52
2016-07-29 00:00:00,873.47
2016-08-01 00:00:00,882.55
2016-08-02 00:00:00,876.77
2016-08-03 00:00:00,868.18
2016-08-04 00:00:00,876.04
2016-08-05 00:00:00,885.52
2016-08-08 00:00:00,895.53
2016-08-09 00:00:00,899.79
2016-08-10 00:00:00,902.99
2016-08-11 00:00:00,907.6
2016-08-12 00:00:00,910.08
2016-08-15 00:00:00,915.86
2016-08-16 00:00:00,915.6
2016-08-17 00:00:00,909.67
2016-08-18 00:00:00,916.4
2016-08-19 00:00:00,910.34
2016-08-22 00:00:00,904.22
2016-08-23 00:00:00,906.5
2016-08-24 00:00:00,896.75
2016-08-25 00:00:00,898.1
2016-08-26 00:00:00,901.39
2016-08-29 00:00:00,895.97
2016-08-30 00:00:00,898.92
2016-08-31 00:00:00,893.68
2016-09-01 00:00:00,891.08
2016-09-02 00:00:00,899.61
2016-09-05 00:00:00,909.6
2016-09-06 00:00:00,923.45
2016-09-07 00:00:00,926.04
2016-09-08 00:00:00,927.29
2016-09-09 00:00:00,909.32
2016-09-12 00:00:00,889.41
2016-09-13 00:00:00,886.01
2016-09-14 00:00:00,885.14
2016-09-15 00:00:00,888.98
2016-09-16 00:00:00,885.45
2016-09-19 00:00:00,897.68
2016-09-20 00:00:00,898.82
2016-09-21 00:00:00,905.65
2016-09-22 00:00:00,920.92
2016-09-23 00:00:00,917.5
2016-09-26 00:00:00,905.49
2016-09-27 00:00:00,911.13
2016-09-28 00:00:00,912.19
2016-09-29 00:00:00,913.39
2016-09-30 00:00:00,903.46
2016-10-03 00:00:00,911.61
2016-10-04 00:00:00,915.61
2016-10-05 00:00:00,915.26
2016-10-06 00:00:00,917.04
2016-10-07 00:00:00,914.81
2016-10-10 00:00:00,918.68
2016-10-11 00:00:00,905.57
2016-10-12 00:00:00,902.74
2016-10-13 00:00:00,890.65
2016-10-14 00:00:00,897.03
2016-10-17 00:00:00,894.71
2016-10-18 00:00:00,908.55
2016-10-19 00:00:00,913.35
2016-10-20 00:00:00,913.38
2016-10-21 00:00:00,911.24
2016-10-24 00:00:00,918.4
2016-10-25 00:00:00,918.25
2016-10-26 00:00:00,910.58
2016-10-27 00:00:00,905.31
2016-10-28 00:00:00,903.5
2016-10-31 00:00:00,905.09
2016-11-01 00:00:00,902.58
2016-11-02 00:00:00,890.21
2016-11-03 00:00:00,884.93
2016-11-04 00:00:00,880.12
2016-11-07 00:00:00,894.77
2016-11-08 00:00:00,902.45
2016-11-09 00:00:00,880.15
2016-11-10 00:00:00,875.63
2016-11-11 00:00:00,849.1
2016-11-14 00:00:00,838.96
2016-11-15 00:00:00,841.49
2016-11-16 00:00:00,847.15
2016-11-17 00:00:00,847.19
2016-11-18 00:00:00,844.53
2016-11-21 00:00:00,847.4
2016-11-22 00:00:00,857.45
2016-11-23 00:00:00,855.92
2016-11-24 00:00:00,852.02
2016-11-25 00:00:00,855.78
2016-11-28 00:00:00,863.17
2016-11-29 00:00:00,858.47
2016-11-30 00:00:00,862.83
2016-12-01 00:00:00,858.41
2016-12-02 00:00:00,853.07
2016-12-05 00:00:00,853.97
2016-12-06 00:00:00,861.49
2016-12-07 00:00:00,867.61
2016-12-08 00:00:00,879.32
2016-12-09 00:00:00,877.85
2016-12-12 00:00:00,872.24
2016-12-13 00:00:00,877.2
2016-12-14 00:00:00,872.76
2016-12-15 00:00:00,858.65
2016-12-16 00:00:00,856.4
2016-12-19 00:00:00,851.13
2016-12-20 00:00:00,851.31
2016-12-21 00:00:00,851.17
2016-12-22 00:00:00,842.51
2016-12-23 00:00:00,841.6
2016-12-26 00:00:00,842.45
2016-12-27 00:00:00,844.66
2016-12-28 00:00:00,851.18
2016-12-29 00:00:00,858.44
2016-12-30 00:00:00,862.27
2017-01-02 00:00:00,861.88
2017-01-03 00:00:00,868.44
2017-01-04 00:00:00,871.45
2017-01-05 00:00:00,881.72
2017-01-06 00:00:00,881.11
2017-01-09 00:00:00,878.44
2017-01-10 00:00:00,885.7
2017-01-11 00:00:00,886.73
2017-01-12 00:00:00,896.64
2017-01-13 00:00:00,895.98
2017-01-16 00:00:00,889.11
2017-01-17 00:00:00,894.87
2017-01-18 00:00:00,897.89
2017-01-19 00:00:00,894.52
2017-01-20 00:00:00,893.28
2017-01-23 00:00:00,902.14
2017-01-24 00:00:00,908.63
2017-01-25 00:00:00,912.16
2017-01-26 00:00:00,916.73
2017-01-27 00:00:00,915.92
2017-01-30 00:00:00,913.09
2017-01-31 00:00:00,909.23
2017-02-01 00:00:00,913.0
2017-02-02 00:00:00,915.21
2017-02-03 00:00:00,918.87
2017-02-06 00:00:00,922.99
2017-02-07 00:00:00,919.8
2017-02-08 00:00:00,921.68
2017-02-09 00:00:00,925.57
2017-02-10 00:00:00,930.16
2017-02-13 00:00:00,935.45
2017-02-14 00:00:00,934.08
2017-02-15 00:00:00,941.78
2017-02-16 00:00:00,945.62
2017-02-17 00:00:00,939.03
2017-02-20 00:00:00,943.58
2017-02-21 00:00:00,945.64
2017-02-22 00:00:00,950.95
2017-02-23 00:00:00,952.12
2017-02-24 00:00:00,943.52
2017-02-27 00:00:00,940.32
2017-02-28 00:00:00,936.37
2017-03-01 00:00:00,938.47
2017-03-02 00:00:00,936.37
2017-03-03 00:00:00,931.07
2017-03-06 00:00:00,934.42
2017-03-07 00:00:00,936.5
2017-03-08 00:00:00,934.9
2017-03-09 00:00:00,922.94
2017-03-10 00:00:00,926.14
2017-03-13 00:00:00,938.5
2017-03-14 00:00:00,939.97
2017-03-15 00:00:00,943.52
2017-03-16 00:00:00,963.2
2017-03-17 00:00:00,965.57
2017-03-20 00:00:00,972.35
2017-03-21 00:00:00,973.08
2017-03-22 00:00:00,966.97
2017-03-23 00:00:00,967.92
2017-03-24 00:00:00,969.13
2017-03-27 00:00:00,965.71
2017-03-28 00:00:00,970.32
2017-03-29 00:00:00,971.86
2017-03-30 00:00:00,969.47
2017-03-31 00:00:00,958.37
2017-04-03 00:00:00,965.15
2017-04-04 00:00:00,965.17
2017-04-05 00:00:00,969.22
2017-04-06 00:00:00,963.29
2017-04-07 00:00:00,961.61
2017-04-10 00:00:00,958.0
2017-04-11 00:00:00,954.44
2017-04-12 00:00:00,958.2
2017-04-13 00:00:00,962.85
2017-04-14 00:00:00,960.43
2017-04-17 00:00:00,962.71
2017-04-18 00:00:00,957.7
2017-04-19 00:00:00,952.92
2017-04-20 00:00:00,958.45
2017-04-21 00:00:00,961.78
2017-04-24 00:00:00,971.36
2017-04-25 00:00:00,982.65
2017-04-26 00:00:00,982.53
2017-04-27 00:00:00,979.66
2017-04-28 00:00:00,977.96
2017-05-01 00:00:00,979.76
2017-05-02 00:00:00,988.19
2017-05-03 00:00:00,985.74
2017-05-04 00:00:00,980.07
2017-05-05 00:00:00,978.27
2017-05-08 00:00:00,985.11
2017-05-09 00:00:00,990.6
2017-05-10 00:00:00,995.09
2017-05-11 00:00:00,1000.35
2017-05-12 00:00:00,1002.37
2017-05-15 00:00:00,1010.23
2017-05-16 00:00:00,1015.05
2017-05-17 00:00:00,1008.63
2017-05-18 00:00:00,988.38
2017-05-19 00:00:00,995.67
2017-05-22 00:00:00,1003.66
2017-05-23 00:00:00,1004.47
2017-05-24 00:00:00,1005.03
2017-05-25 00:00:00,1014.55
2017-05-26 00:00:00,1017.0
2017-05-29 00:00:00,1015.19
2017-05-30 00:00:00,1011.77
2017-05-31 00:00:00,1005.33
2017-06-01 00:00:00,1008.47
2017-06-02 00:00:00,1015.08
2017-06-05 00:00:00,1017.6
2017-06-06 00:00:00,1015.89
2017-06-07 00:00:00,1015.75
2017-06-08 00:00:00,1019.07
2017-06-09 00:00:00,1018.19
2017-06-12 00:00:00,1008.92
2017-06-13 00:00:00,1009.78
2017-06-14 00:00:00,1013.69
2017-06-15 00:00:00,1003.64
2017-06-16 00:00:00,1003.12
2017-06-19 00:00:00,1012.95
2017-06-20 00:00:00,1008.67
2017-06-21 00:00:00,1006.47
2017-06-22 00:00:00,1008.81
2017-06-23 00:00:00,1011.67
2017-06-26 00:00:00,1019.11
2017-06-27 00:00:00,1016.68
2017-06-28 00:00:00,1012.1
2017-06-29 00:00:00,1014.02
2017-06-30 00:00:00,1010.8
2017-07-03 00:00:00,1014.24
2017-07-04 00:00:00,1006.73
2017-07-05 00:00:00,1009.85
2017-07-06 00:00:00,1006.16
2017-07-07 00:00:00,1002.48
2017-07-10 00:00:00,1009.29
2017-07-11 00:00:00,1018.2
2017-07-12 00:00:00,1029.9
2017-07-13 00:00:00,1040.72
2017-07-14 00:00:00,1047.05
2017-07-17 00:00:00,1051.55
2017-07-18 00:00:00,1053.23
2017-07-19 00:00:00,1060.12
2017-07-20 00:00:00,1059.4
2017-07-21 00:00:00,1060.18
2017-07-24 00:00:00,1064.27
2017-07-25 00:00:00,1061.69
2017-07-26 00:00:00,1062.29
2017-07-27 00:00:00,1068.95
2017-07-28 00:00:00,1062.97
2017-07-31 00:00:00,1066.23
2017-08-01 00:00:00,1069.0
2017-08-02 00:00:00,1069.97
2017-08-03 00:00:00,1064.07
2017-08-04 00:00:00,1067.26
2017-08-07 00:00:00,1075.36
2017-08-08 00:00:00,1078.53
2017-08-09 00:00:00,1068.92
2017-08-10 00:00:00,1056.21
2017-08-11 00:00:00,1042.8
2017-08-14 00:00:00,1053.65
2017-08-15 00:00:00,1052.51
2017-08-16 00:00:00,1060.27
2017-08-17 00:00:00,1063.33
2017-08-18 00:00:00,1059.54
2017-08-21 00:00:00,1063.66
2017-08-22 00:00:00,1072.52
2017-08-23 00:00:00,1075.6
2017-08-24 00:00:00,1082.45
2017-08-25 00:00:00,1085.37
2017-08-28 00:00:00,1085.08
2017-08-29 00:00:00,1081.23
2017-08-30 00:00:00,1088.0
2017-08-31 00:00:00,1087.7
2017-09-01 00:00:00,1091.36
2017-09-04 00:00:00,1083.34
2017-09-05 00:00:00,1084.93
2017-09-06 00:00:00,1083.18
2017-09-07 00:00:00,1090.1
2017-09-08 00:00:00,1091.17
2017-09-11 00:00:00,1099.18
2017-09-12 00:00:00,1102.26
2017-09-13 00:00:00,1099.46
2017-09-14 00:00:00,1099.89
2017-09-15 00:00:00,1102.16
2017-09-18 00:00:00,1112.92
2017-09-19 00:00:00,1109.63
2017-09-20 00:00:00,1112.07
2017-09-21 00:00:00,1108.19
2017-09-22 00:00:00,1102.25
2017-09-25 00:00:00,1088.26
2017-09-26 00:00:00,1080.11
2017-09-27 00:00:00,1078.57
2017-09-28 00:00:00,1072.38
2017-09-29 00:00:00,1081.72
2017-10-02 00:00:00,1082.97
2017-10-03 00:00:00,1097.03
2017-10-04 00:00:00,1101.84
2017-10-05 00:00:00,1102.76
2017-10-06 00:00:00,1103.12
2017-10-09 00:00:00,1100.42
2017-10-10 00:00:00,1112.53
2017-10-11 00:00:00,1117.33
2017-10-12 00:00:00,1121.62
2017-10-13 00:00:00,1125.91
2017-10-16 00:00:00,1131.82
2017-10-17 00:00:00,1125.66
2017-10-18 00:00:00,1126.9
2017-10-19 00:00:00,1116.91
2017-10-20 00:00:00,1119.69
2017-10-23 00:00:00,1115.9
2017-10-24 00:00:00,1113.32
2017-10-25 00:00:00,1114.09
2017-10-26 00:00:00,1108.17
2017-10-27 00:00:00,1110.22
2017-10-30 00:00:00,1115.53
2017-10-31 00:00:00,1119.08
2017-11-01 00:00:00,1128.94
2017-11-02 00:00:00,1127.31
2017-11-03 00:00:00,1126.18
2017-11-06 00:00:00,1131.03
2017-11-07 00:00:00,1134.55
2017-11-08 00:00:00,1134.68
2017-11-09 00:00:00,1133.78
2017-11-10 00:00:00,1128.49
2017-11-13 00:00:00,1123.26
2017-11-14 00:00:00,1118.32
2017-11-15 00:00:00,1111.12
2017-11-16 00:00:00,1125.36
2017-11-17 00:00:00,1136.45
2017-11-20 00:00:00,1136.1
2017-11-21 00:00:00,1150.98
2017-11-22 00:00:00,1156.67
2017-11-23 00:00:00,1152.4
2017-11-24 00:00:00,1154.26
2017-11-27 00:00:00,1144.33
2017-11-28 00:00:00,1146.5
2017-11-29 00:00:00,1141.38
2017-11-30 00:00:00,1120.79
2017-12-01 00:00:00,1115.94
2017-12-04 00:00:00,1121.95
2017-12-05 00:00:00,1117.69
2017-12-06 00:00:00,1101.2
2017-12-07 00:00:00,1100.54
2017-12-08 00:00:00,1110.78
2017-12-11 00:00:00,1119.97
2017-12-12 00:00:00,1112.37
2017-12-13 00:00:00,1118.81
2017-12-14 00:00:00,1121.22
2017-12-15 00:00:00,1118.5
2017-12-18 00:00:00,1130.39
2017-12-19 00:00:00,1132.2
2017-12-20 00:00:00,1132.85
2017-12-21 00:00:00,1134.38
2017-12-22 00:00:00,1141.09
2017-12-25 00:00:00,1141.11
2017-12-26 00:00:00,1138.63
2017-12-27 00:00:00,1144.39
2017-12-28 00:00:00,1153.58
2017-12-29 00:00:00,1158.45
2018-01-01 00:00:00,1157.55
2018-01-02 00:00:00,1177.98
2018-01-03 00:00:00,1184.21
2018-01-04 00:00:00,1192.56
2018-01-05 00:00:00,1201.01
2018-01-08 00:00:00,1206.86
2018-01-09 00:00:00,1205.14
2018-01-10 00:00:00,1197.53
2018-01-11 00:00:00,1197.01
2018-01-12 00:00:00,1208.17
2018-01-15 00:00:00,1210.64
2018-01-16 00:00:00,1217.87
2018-01-17 00:00:00,1222.62
2018-01-18 00:00:00,1227.52
2018-01-19 00:00:00,1232.6
2018-01-22 00:00:00,1238.5
2018-01-23 00:00:00,1252.39
2018-01-24 00:00:00,1258.75
2018-01-25 00:00:00,1263.45
2018-01-26 00:00:00,1273.07
2018-01-29 00:00:00,1267.98
2018-01-30 00:00:00,1247.63
2018-01-31 00:00:00,1254.59
2018-02-01 00:00:00,1248.65
2018-02-02 00:00:00,1230.84
2018-02-05 00:00:00,1209.34
2018-02-06 00:00:00,1176.18
2018-02-07 00:00:00,1173.38
2018-02-08 00:00:00,1163.09
2018-02-09 00:00:00,1142.85
2018-02-12 00:00:00,1153.37
2018-02-13 00:00:00,1164.49
2018-02-14 00:00:00,1185.33
2018-02-15 00:00:00,1202.62
2018-02-16 00:00:00,1199.73
2018-02-19 00:00:00,1201.04
2018-02-20 00:00:00,1194.53
2018-02-21 00:00:00,1209.67
2018-02-22 00:00:00,1200.9
2018-02-23 00:00:00,1216.43
2018-02-26 00:00:00,1221.08
2018-02-27 00:00:00,1212.33
2018-02-28 00:00:00,1195.19
2018-03-01 00:00:00,1192.25
2018-03-02 00:00:00,1182.06
2018-03-05 00:00:00,1176.12
2018-03-06 00:00:00,1193.93
2018-03-07 00:00:00,1189.2
2018-03-08 00:00:00,1195.24
2018-03-09 00:00:00,1207.23
2018-03-12 00:00:00,1222.2
2018-03-13 00:00:00,1223.83
2018-03-14 00:00:00,1218.7
2018-03-15 00:00:00,1216.24
2018-03-16 00:00:00,1213.14
2018-03-19 00:00:00,1203.59
2018-03-20 00:00:00,1209.89
2018-03-21 00:00:00,1209.62
2018-03-22 00:00:00,1196.73
2018-03-23 00:00:00,1172.1
2018-03-26 00:00:00,1182.28
2018-03-27 00:00:00,1185.18
2018-03-28 00:00:00,1162.67
2018-03-29 00:00:00,1169.27
2018-03-30 00:00:00,1170.88
2018-04-02 00:00:00,1169.43
2018-04-03 00:00:00,1170.15
2018-04-04 00:00:00,1155.64
2018-04-05 00:00:00,1166.48
2018-04-06 00:00:00,1161.97
2018-04-09 00:00:00,1163.07
2018-04-10 00:00:00,1175.32
2018-04-11 00:00:00,1175.53
2018-04-12 00:00:00,1176.88
2018-04-13 00:00:00,1170.09
2018-04-16 00:00:00,1163.25
2018-04-17 00:00:00,1164.36
2018-04-18 00:00:00,1176.14
2018-04-19 00:00:00,1184.13
2018-04-20 00:00:00,1168.24
2018-04-23 00:00:00,1158.26
2018-04-24 00:00:00,1154.21
2018-04-25 00:00:00,1140.27
2018-04-26 00:00:00,1144.34
2018-04-27 00:00:00,1156.3
2018-04-30 00:00:00,1164.43
2018-05-01 00:00:00,1162.48
2018-05-02 00:00:00,1151.44
2018-05-03 00:00:00,1137.85
2018-05-04 00:00:00,1136.17
2018-05-07 00:00:00,1139.55
2018-05-08 00:00:00,1142.66
2018-05-09 00:00:00,1143.76
2018-05-10 00:00:00,1156.55
2018-05-11 00:00:00,1164.49
2018-05-14 00:00:00,1168.9
2018-05-15 00:00:00,1150.27
2018-05-16 00:00:00,1155.1
2018-05-17 00:00:00,1144.07
2018-05-18 00:00:00,1137.75
2018-05-21 00:00:00,1136.49
2018-05-22 00:00:00,1142.05
2018-05-23 00:00:00,1133.1
2018-05-24 00:00:00,1135.06
2018-05-25 00:00:00,1136.62
2018-05-28 00:00:00,1137.0
2018-05-29 00:00:00,1126.25
2018-05-30 00:00:00,1112.75
2018-05-31 00:00:00,1120.71
2018-06-01 00:00:00,1130.22
2018-06-04 00:00:00,1146.74
2018-06-05 00:00:00,1144.44
2018-06-06 00:00:00,1150.17
2018-06-07 00:00:00,1149.68
2018-06-08 00:00:00,1135.39
2018-06-11 00:00:00,1139.46
2018-06-12 00:00:00,1140.64
2018-06-13 00:00:00,1135.68
2018-06-14 00:00:00,1125.71
2018-06-15 00:00:00,1113.76
2018-06-18 00:00:00,1105.98
2018-06-19 00:00:00,1085.03
2018-06-20 00:00:00,1093.26
2018-06-21 00:00:00,1080.19
2018-06-22 00:00:00,1088.0
2018-06-25 00:00:00,1071.06
2018-06-26 00:00:00,1067.75
2018-06-27 00:00:00,1052.12
2018-06-28 00:00:00,1046.71
2018-06-29 00:00:00,1069.52
2018-07-02 00:00:00,1059.32
2018-07-03 00:00:00,1057.7
2018-07-04 00:00:00,1056.07
2018-07-05 00:00:00,1054.35
2018-07-06 00:00:00,1059.97
2018-07-09 00:00:00,1075.74
2018-07-10 00:00:00,1076.19
2018-07-11 00:00:00,1064.72
2018-07-12 00:00:00,1070.24
2018-07-13 00:00:00,1075.64
2018-07-16 00:00:00,1070.24
2018-07-17 00:00:00,1070.91
2018-07-18 00:00:00,1068.75
2018-07-19 00:00:00,1060.65
2018-07-20 00:00:00,1070.07
2018-07-23 00:00:00,1069.52
2018-07-24 00:00:00,1080.38
2018-07-25 00:00:00,1088.82
2018-07-26 00:00:00,1089.17
2018-07-27 00:00:00,1092.36
2018-07-30 00:00:00,1090.14
2018-07-31 00:00:00,1087.46
2018-08-01 00:00:00,1086.87
2018-08-02 00:00:00,1067.42
2018-08-03 00:00:00,1073.33
2018-08-06 00:00:00,1071.0
2018-08-07 00:00:00,1079.79
2018-08-08 00:00:00,1079.73
2018-08-09 00:00:00,1078.67
2018-08-10 00:00:00,1062.37
2018-08-13 00:00:00,1043.3
2018-08-14 00:00:00,1042.56
2018-08-15 00:00:00,1023.43
2018-08-16 00:00:00,1021.57
2018-08-17 00:00:00,1022.94
2018-08-20 00:00:00,1033.65
2018-08-21 00:00:00,1044.31
2018-08-22 00:00:00,1050.61
2018-08-23 00:00:00,1048.2
2018-08-24 00:00:00,1050.19
2018-08-27 00:00:00,1069.14
2018-08-28 00:00:00,1070.62
2018-08-29 00:00:00,1070.53
2018-08-30 00:00:00,1057.84
2018-08-31 00:00:00,1055.96
2018-09-03 00:00:00,1047.13
2018-09-04 00:00:00,1040.17
2018-09-05 00:00:00,1021.72
2018-09-06 00:00:00,1018.29
2018-09-07 00:00:00,1022.98
2018-09-10 00:00:00,1011.25
2018-09-11 00:00:00,1003.33
2018-09-12 00:00:00,1004.56
2018-09-13 00:00:00,1017.64
2018-09-14 00:00:00,1028.53
2018-09-17 00:00:00,1016.43
2018-09-18 00:00:00,1019.74
2018-09-19 00:00:00,1031.07
2018-09-20 00:00:00,1036.93
2018-09-21 00:00:00,1051.44
2018-09-24 00:00:00,1042.35
2018-09-25 00:00:00,1041.78
2018-09-26 00:00:00,1046.02
2018-09-27 00:00:00,1051.3
2018-09-28 00:00:00,1047.91
2018-10-01 00:00:00,1046.4
2018-10-02 00:00:00,1033.3
2018-10-03 00:00:00,1035.03
2018-10-04 00:00:00,1010.38
2018-10-05 00:00:00,1000.76
2018-10-08 00:00:00,995.5
2018-10-09 00:00:00,993.99
2018-10-10 00:00:00,985.67
2018-10-11 00:00:00,954.66
2018-10-12 00:00:00,980.09
2018-10-15 00:00:00,971.67
2018-10-16 00:00:00,984.66
2018-10-17 00:00:00,983.71
2018-10-18 00:00:00,970.9
2018-10-19 00:00:00,971.47
2018-10-22 00:00:00,982.86
2018-10-23 00:00:00,960.54
2018-10-24 00:00:00,953.05
2018-10-25 00:00:00,948.96
2018-10-26 00:00:00,939.55
2018-10-29 00:00:00,934.8
2018-10-30 00:00:00,936.3
2018-10-31 00:00:00,955.92
2018-11-01 00:00:00,971.44
2018-11-02 00:00:00,996.72
2018-11-05 00:00:00,992.38
2018-11-06 00:00:00,992.27
2018-11-07 00:00:00,997.92
2018-11-08 00:00:00,993.53
2018-11-09 00:00:00,976.17
2018-11-12 00:00:00,966.41
2018-11-13 00:00:00,966.02
2018-11-14 00:00:00,968.14
2018-11-15 00:00:00,980.85
2018-11-16 00:00:00,986.3
2018-11-19 00:00:00,988.31
2018-11-20 00:00:00,972.58
2018-11-21 00:00:00,975.04
2018-11-22 00:00:00,975.99
2018-11-23 00:00:00,969.17
2018-11-26 00:00:00,976.57
2018-11-27 00:00:00,980.16
2018-11-28 00:00:00,991.67
2018-11-29 00:00:00,998.05
2018-11-30 00:00:00,994.72
2018-12-03 00:00:00,1016.87
2018-12-04 00:00:00,1014.25
2018-12-05 00:00:00,1001.91
2018-12-06 00:00:00,978.93
2018-12-07 00:00:00,981.37
2018-12-10 00:00:00,962.79
2018-12-11 00:00:00,964.8
2018-12-12 00:00:00,978.9
2018-12-13 00:00:00,985.52
2018-12-14 00:00:00,971.9
2018-12-17 00:00:00,967.82
2018-12-18 00:00:00,962.98
2018-12-19 00:00:00,967.65
2018-12-20 00:00:00,959.79
2018-12-21 00:00:00,957.33
2018-12-24 00:00:00,952.84
2018-12-25 00:00:00,950.27
2018-12-26 00:00:00,950.15
2018-12-27 00:00:00,952.33
2018-12-28 00:00:00,962.63
2018-12-31 00:00:00,965.78
2019-01-01 00:00:00,966.04
2019-01-02 00:00:00,955.78
2019-01-03 00:00:00,949.57
2019-01-04 00:00:00,964.97
2019-01-07 00:00:00,977.96
2019-01-08 00:00:00,975.51
2019-01-09 00:00:00,994.41
2019-01-10 00:00:00,998.67
2019-01-11 00:00:00,1001.11
2019-01-14 00:00:00,992.71
2019-01-15 00:00:00,1005.11
2019-01-16 00:00:00,1009.39
2019-01-17 00:00:00,1008.99
2019-01-18 00:00:00,1018.0
2019-01-21 00:00:00,1018.45
2019-01-22 00:00:00,1010.63
2019-01-23 00:00:00,1011.56
2019-01-24 00:00:00,1019.44
2019-01-25 00:00:00,1032.34
2019-01-28 00:00:00,1028.06
2019-01-29 00:00:00,1029.75
2019-01-30 00:00:00,1036.63
2019-01-31 00:00:00,1049.93
2019-02-01 00:00:00,1050.2
2019-02-04 00:00:00,1048.05
2019-02-05 00:00:00,1051.9
2019-02-06 00:00:00,1048.46
2019-02-07 00:00:00,1041.97
2019-02-08 00:00:00,1036.03
2019-02-11 00:00:00,1035.41
2019-02-12 00:00:00,1042.13
2019-02-13 00:00:00,1041.84
2019-02-14 00:00:00,1039.19
2019-02-15 00:00:00,1030.64
2019-02-18 00:00:00,1036.73
2019-02-19 00:00:00,1036.97
2019-02-20 00:00:00,1049.32
2019-02-21 00:00:00,1050.99
2019-02-22 00:00:00,1058.65
2019-02-25 00:00:00,1067.64
2019-02-26 00:00:00,1064.94
2019-02-27 00:00:00,1061.26
2019-02-28 00:00:00,1050.95
2019-03-01 00:00:00,1051.54
2019-03-04 00:00:00,1053.62
2019-03-05 00:00:00,1055.12
2019-03-06 00:00:00,1055.68
2019-03-07 00:00:00,1043.56
2019-03-08 00:00:00,1030.13
2019-03-11 00:00:00,1041.15
2019-03-12 00:00:00,1051.52
2019-03-13 00:00:00,1050.46
2019-03-14 00:00:00,1048.2
2019-03-15 00:00:00,1057.3
2019-03-18 00:00:00,1069.26
2019-03-19 00:00:00,1070.95
2019-03-20 00:00:00,1068.47
2019-03-21 00:00:00,1069.68
2019-03-22 00:00:00,1059.63
2019-03-25 00:00:00,1047.71
2019-03-26 00:00:00,1050.45
2019-03-27 00:00:00,1044.1
2019-03-28 00:00:00,1045.21
2019-03-29 00:00:00,1058.13
2019-04-01 00:00:00,1070.09
2019-04-02 00:00:00,1071.14
2019-04-03 00:00:00,1079.8
2019-04-04 00:00:00,1080.73
2019-04-05 00:00:00,1085.14
2019-04-08 00:00:00,1088.5
2019-04-09 00:00:00,1093.44
2019-04-10 00:00:00,1096.05
2019-04-11 00:00:00,1087.49
2019-04-12 00:00:00,1089.09
2019-04-15 00:00:00,1086.22
2019-04-16 00:00:00,1093.55
2019-04-17 00:00:00,1096.39
2019-04-18 00:00:00,1092.52
2019-04-19 00:00:00,1092.52
2019-04-22 00:00:00,1089.03
2019-04-23 00:00:00,1089.76
2019-04-24 00:00:00,1084.52
2019-04-25 00:00:00,1076.71
2019-04-26 00:00:00,1078.06
2019-04-29 00:00:00,1082.91
2019-04-30 00:00:00,1079.24
2019-05-01 00:00:00,1080.48
2019-05-02 00:00:00,1078.95
2019-05-03 00:00:00,1082.77
2019-05-06 00:00:00,1062.64
2019-05-07 00:00:00,1057.05
2019-05-08 00:00:00,1050.94
2019-05-09 00:00:00,1028.4
2019-05-10 00:00:00,1033.44
2019-05-13 00:00:00,1016.49
2019-05-14 00:00:00,1014.48
2019-05-15 00:00:00,1015.97
2019-05-16 00:00:00,1011.15
2019-05-17 00:00:00,996.39
2019-05-20 00:00:00,994.08
2019-05-21 00:00:00,998.97
2019-05-22 00:00:00,998.0
2019-05-23 00:00:00,984.81
2019-05-24 00:00:00,986.65
2019-05-27 00:00:00,989.15
2019-05-28 00:00:00,988.16
2019-05-29 00:00:00,985.44
2019-05-30 00:00:00,994.93
2019-05-31 00:00:00,998.0
2019-06-03 00:00:00,1008.34
2019-06-04 00:00:00,1005.43
2019-06-05 00:00:00,1004.68
2019-06-06 00:00:00,1002.75
2019-06-07 00:00:00,1007.39
2019-06-10 00:00:00,1022.03
2019-06-11 00:00:00,1031.85
2019-06-12 00:00:00,1026.24
2019-06-13 00:00:00,1022.08
2019-06-14 00:00:00,1015.08
2019-06-17 00:00:00,1010.97
2019-06-18 00:00:00,1023.91
2019-06-19 00:00:00,1038.27
2019-06-20 00:00:00,1053.78
2019-06-21 00:00:00,1053.22
2019-06-24 00:00:00,1053.06
2019-06-25 00:00:00,1045.3
2019-06-26 00:00:00,1047.91
2019-06-27 00:00:00,1054.86
2019-06-28 00:00:00,1054.86
2019-07-01 00:00:00,1064.09
2019-07-02 00:00:00,1063.64
2019-07-03 00:00:00,1059.63
2019-07-04 00:00:00,1064.63
2019-07-05 00:00:00,1059.93
2019-07-08 00:00:00,1046.25
2019-07-09 00:00:00,1042.47
2019-07-10 00:00:00,1048.95
2019-07-11 00:00:00,1055.15
2019-07-12 00:00:00,1050.91
2019-07-15 00:00:00,1057.75
2019-07-16 00:00:00,1060.38
2019-07-17 00:00:00,1054.9
2019-07-18 00:00:00,1051.72
2019-07-19 00:00:00,1057.49
2019-07-22 00:00:00,1053.81
2019-07-23 00:00:00,1055.49
2019-07-24 00:00:00,1055.34
2019-07-25 00:00:00,1054.29
2019-07-26 00:00:00,1048.66
2019-07-29 00:00:00,1045.73
2019-07-30 00:00:00,1043.15
2019-07-31 00:00:00,1037.01
2019-08-01 00:00:00,1024.56
2019-08-02 00:00:00,1003.76
2019-08-05 00:00:00,973.0
2019-08-06 00:00:00,972.67
2019-08-07 00:00:00,972.65
2019-08-08 00:00:00,984.3
2019-08-09 00:00:00,981.19
2019-08-12 00:00:00,974.48
2019-08-13 00:00:00,968.87
2019-08-14 00:00:00,964.43
2019-08-15 00:00:00,963.52
2019-08-16 00:00:00,970.27
2019-08-19 00:00:00,977.73
2019-08-20 00:00:00,980.11
2019-08-21 00:00:00,983.14
2019-08-22 00:00:00,975.66
2019-08-23 00:00:00,973.66
2019-08-26 00:00:00,960.81
2019-08-27 00:00:00,964.59
2019-08-28 00:00:00,965.35
2019-08-29 00:00:00,970.08
2019-08-30 00:00:00,984.33
2019-09-02 00:00:00,983.76
2019-09-03 00:00:00,973.27
2019-09-04 00:00:00,990.61
2019-09-05 00:00:00,1003.01
2019-09-06 00:00:00,1007.96
2019-09-09 00:00:00,1010.58
2019-09-10 00:00:00,1008.13
2019-09-11 00:00:00,1017.04
2019-09-12 00:00:00,1022.33
2019-09-13 00:00:00,1026.61
2019-09-16 00:00:00,1027.08
2019-09-17 00:00:00,1018.93
2019-09-18 00:00:00,1021.36
2019-09-19 00:00:00,1016.57
2019-09-20 00:00:00,1021.27
2019-09-23 00:00:00,1015.23
2019-09-24 00:00:00,1011.35
2019-09-25 00:00:00,1005.56
2019-09-26 00:00:00,1009.3
2019-09-27 00:00:00,1001.5
2019-09-30 00:00:00,1001.0
2019-10-01 00:00:00,998.48
2019-10-02 00:00:00,989.2
2019-10-03 00:00:00,992.28
2019-10-04 00:00:00,996.58
2019-10-07 00:00:00,994.16
2019-10-08 00:00:00,993.95
2019-10-09 00:00:00,993.01
2019-10-10 00:00:00,996.5
2019-10-11 00:00:00,1011.54
2019-10-14 00:00:00,1017.45
2019-10-15 00:00:00,1019.25
2019-10-16 00:00:00,1024.08
2019-10-17 00:00:00,1028.39
2019-10-18 00:00:00,1024.02
2019-10-21 00:00:00,1028.51
2019-10-22 00:00:00,1034.08
2019-10-23 00:00:00,1030.95
2019-10-24 00:00:00,1037.41
2019-10-25 00:00:00,1035.84
2019-10-28 00:00:00,1042.97
2019-10-29 00:00:00,1043.73
2019-10-30 00:00:00,1041.5
2019-10-31 00:00:00,1041.98
2019-11-01 00:00:00,1049.19
2019-11-04 00:00:00,1064.55
2019-11-05 00:00:00,1071.22
2019-11-06 00:00:00,1068.87
2019-11-07 00:00:00,1073.57
2019-11-08 00:00:00,1064.85
2019-11-11 00:00:00,1052.88
2019-11-12 00:00:00,1055.83
2019-11-13 00:00:00,1043.83
2019-11-14 00:00:00,1042.25
2019-11-15 00:00:00,1048.79
2019-11-18 00:00:00,1052.12
2019-11-19 00:00:00,1057.16
2019-11-20 00:00:00,1052.0
2019-11-21 00:00:00,1044.58
2019-11-22 00:00:00,1048.55
2019-11-25 00:00:00,1053.47
2019-11-26 00:00:00,1047.84
2019-11-27 00:00:00,1052.93
2019-11-28 00:00:00,1050.39
2019-11-29 00:00:00,1040.05
2019-12-02 00:00:00,1040.22
2019-12-03 00:00:00,1037.38
2019-12-04 00:00:00,1036.57
2019-12-05 00:00:00,1042.85
2019-12-06 00:00:00,1048.96
2019-12-09 00:00:00,1051.11
2019-12-10 00:00:00,1049.5
2019-12-11 00:00:00,1058.23
2019-12-12 00:00:00,1070.71
2019-12-13 00:00:00,1086.91
2019-12-16 00:00:00,1087.96
2019-12-17 00:00:00,1102.61
2019-12-18 00:00:00,1109.18
2019-12-19 00:00:00,1106.63
2019-12-20 00:00:00,1107.64
2019-12-23 00:00:00,1111.64
2019-12-24 00:00:00,1109.07
2019-12-25 00:00:00,1109.14
2019-12-26 00:00:00,1112.08
2019-12-27 00:00:00,1118.61
2019-12-30 00:00:00,1118.42
2019-12-31 00:00:00,1114.66
2020-01-01 00:00:00,1114.64
2020-01-02 00:00:00,1128.01
2020-01-03 00:00:00,1123.87
2020-01-06 00:00:00,1112.53
2020-01-07 00:00:00,1115.84
2020-01-08 00:00:00,1111.4
2020-01-09 00:00:00,1129.37
2020-01-10 00:00:00,1133.63
2020-01-13 00:00:00,1144.0
2020-01-14 00:00:00,1143.86
2020-01-15 00:00:00,1137.98
2020-01-16 00:00:00,1140.62
2020-01-17 00:00:00,1146.83
2020-01-20 00:00:00,1145.68
2020-01-21 00:00:00,1126.85
2020-01-22 00:00:00,1133.4
2020-01-23 00:00:00,1122.19
2020-01-24 00:00:00,1119.39
2020-01-27 00:00:00,1102.98
2020-01-28 00:00:00,1101.72
2020-01-29 00:00:00,1097.51
2020-01-30 00:00:00,1072.79
2020-01-31 00:00:00,1062.34
2020-02-03 00:00:00,1060.32
2020-02-04 00:00:00,1085.39
2020-02-05 00:00:00,1089.4
2020-02-06 00:00:00,1102.39
2020-02-07 00:00:00,1091.65
2020-02-10 00:00:00,1086.93
2020-02-11 00:00:00,1099.41
2020-02-12 00:00:00,1109.7
2020-02-13 00:00:00,1106.07
2020-02-14 00:00:00,1106.3
2020-02-17 00:00:00,1107.99
2020-02-18 00:00:00,1095.66
2020-02-19 00:00:00,1103.69
2020-02-20 00:00:00,1095.32
2020-02-21 00:00:00,1084.22
2020-02-24 00:00:00,1055.32
2020-02-25 00:00:00,1056.54
2020-02-26 00:00:00,1043.31
2020-02-27 00:00:00,1030.67
2020-02-28 00:00:00,1005.52
2020-03-02 00:00:00,1017.03
2020-03-03 00:00:00,1027.82
2020-03-04 00:00:00,1037.81
2020-03-05 00:00:00,1039.34
2020-03-06 00:00:00,1012.08
2020-03-09 00:00:00,947.92
2020-03-10 00:00:00,964.55
2020-03-11 00:00:00,946.62
2020-03-12 00:00:00,883.13
2020-03-13 00:00:00,891.19
2020-03-16 00:00:00,833.18
2020-03-17 00:00:00,826.68
2020-03-18 00:00:00,787.81
2020-03-19 00:00:00,766.41
2020-03-20 00:00:00,803.23
2020-03-23 00:00:00,758.2
2020-03-24 00:00:00,801.66
2020-03-25 00:00:00,836.54
2020-03-26 00:00:00,851.28
2020-03-27 00:00:00,842.54
2020-03-30 00:00:00,832.02
2020-03-31 00:00:00,848.58
2020-04-01 00:00:00,827.26
2020-04-02 00:00:00,838.53
2020-04-03 00:00:00,831.72
2020-04-06 00:00:00,853.83
2020-04-07 00:00:00,878.15
2020-04-08 00:00:00,873.85
2020-04-09 00:00:00,887.58
2020-04-10 00:00:00,888.16
2020-04-13 00:00:00,883.14
2020-04-14 00:00:00,896.29
2020-04-15 00:00:00,888.14
2020-04-16 00:00:00,884.86
2020-04-17 00:00:00,901.31
2020-04-20 00:00:00,899.33
2020-04-21 00:00:00,878.24
2020-04-22 00:00:00,888.64
2020-04-23 00:00:00,891.81
2020-04-24 00:00:00,879.41
2020-04-27 00:00:00,895.33
2020-04-28 00:00:00,902.7
2020-04-29 00:00:00,919.66
2020-04-30 00:00:00,924.94
2020-05-01 00:00:00,916.77
2020-05-04 00:00:00,887.98
2020-05-05 00:00:00,895.74
2020-05-06 00:00:00,898.7
2020-05-07 00:00:00,896.89
2020-05-08 00:00:00,911.65
2020-05-11 00:00:00,915.9
2020-05-12 00:00:00,909.31
2020-05-13 00:00:00,909.2
2020-05-14 00:00:00,900.87
2020-05-15 00:00:00,901.16
2020-05-18 00:00:00,912.57
2020-05-19 00:00:00,925.22
2020-05-20 00:00:00,931.5
2020-05-21 00:00:00,930.01
2020-05-22 00:00:00,905.25
2020-05-25 00:00:00,911.41
2020-05-26 00:00:00,926.65
2020-05-27 00:00:00,927.36
2020-05-28 00:00:00,925.34
2020-05-29 00:00:00,930.35
2020-06-01 00:00:00,951.48
2020-06-02 00:00:00,967.48
2020-06-03 00:00:00,988.02
2020-06-04 00:00:00,988.8
2020-06-05 00:00:00,1002.65
2020-06-08 00:00:00,1007.46
2020-06-09 00:00:00,1009.61
2020-06-10 00:00:00,1012.51
2020-06-11 00:00:00,993.59
2020-06-12 00:00:00,987.01
2020-06-15 00:00:00,966.32
2020-06-16 00:00:00,989.87
2020-06-17 00:00:00,994.62
2020-06-18 00:00:00,995.18
2020-06-19 00:00:00,1001.36
2020-06-22 00:00:00,1000.19
2020-06-23 00:00:00,1014.62
2020-06-24 00:00:00,1010.79
2020-06-25 00:00:00,1004.44
2020-06-26 00:00:00,998.9
2020-06-29 00:00:00,993.96
2020-06-30 00:00:00,995.1
2020-07-01 00:00:00,1001.08
2020-07-02 00:00:00,1023.48
2020-07-03 00:00:00,1033.09
2020-07-06 00:00:00,1060.5
2020-07-07 00:00:00,1052.54
2020-07-08 00:00:00,1070.14
2020-07-09 00:00:00,1079.69
2020-07-10 00:00:00,1069.27
2020-07-13 00:00:00,1071.36
2020-07-14 00:00:00,1059.52
2020-07-15 00:00:00,1066.29
2020-07-16 00:00:00,1045.93
2020-07-17 00:00:00,1055.06
2020-07-20 00:00:00,1064.5
2020-07-21 00:00:00,1085.86
2020-07-22 00:00:00,1077.78
2020-07-23 00:00:00,1077.6
2020-07-24 00:00:00,1060.47
2020-07-27 00:00:00,1073.14
2020-07-28 00:00:00,1082.02
2020-07-29 00:00:00,1086.62
2020-07-30 00:00:00,1082.06
2020-07-31 00:00:00,1078.92
2020-08-03 00:00:00,1077.87
2020-08-04 00:00:00,1089.58
2020-08-05 00:00:00,1103.03
2020-08-06 00:00:00,1106.58
2020-08-07 00:00:00,1089.32
2020-08-10 00:00:00,1086.45
2020-08-11 00:00:00,1091.23
2020-08-12 00:00:00,1093.98
2020-08-13 00:00:00,1096.18
2020-08-14 00:00:00,1093.16
2020-08-17 00:00:00,1099.96
2020-08-18 00:00:00,1104.96
2020-08-19 00:00:00,1099.41
2020-08-20 00:00:00,1080.54
2020-08-21 00:00:00,1091.85
2020-08-24 00:00:00,1108.23
2020-08-25 00:00:00,1114.72
2020-08-26 00:00:00,1119.34
2020-08-27 00:00:00,1117.22
2020-08-28 00:00:00,1121.6
2020-08-31 00:00:00,1101.5
2020-09-01 00:00:00,1120.02
2020-09-02 00:00:00,1118.9
2020-09-03 00:00:00,1108.85
2020-09-04 00:00:00,1099.5
2020-09-07 00:00:00,1094.56
2020-09-08 00:00:00,1087.51
2020-09-09 00:00:00,1085.75
2020-09-10 00:00:00,1085.31
2020-09-11 00:00:00,1091.79
2020-09-14 00:00:00,1104.27
2020-09-15 00:00:00,1112.62
2020-09-16 00:00:00,1116.99
2020-09-17 00:00:00,1106.82
2020-09-18 00:00:00,1108.53
2020-09-21 00:00:00,1090.35
2020-09-22 00:00:00,1082.87
2020-09-23 00:00:00,1077.7
2020-09-24 00:00:00,1057.74
2020-09-25 00:00:00,1059.1
2020-09-28 00:00:00,1069.88
2020-09-29 00:00:00,1068.79
2020-09-30 00:00:00,1082.0
2020-10-01 00:00:00,1084.83
2020-10-02 00:00:00,1081.71
2020-10-05 00:00:00,1091.38
2020-10-06 00:00:00,1102.47
2020-10-07 00:00:00,1107.9
2020-10-08 00:00:00,1117.44
2020-10-09 00:00:00,1122.51
2020-10-12 00:00:00,1137.17
2020-10-13 00:00:00,1136.42
2020-10-14 00:00:00,1135.56
2020-10-15 00:00:00,1120.54
2020-10-16 00:00:00,1124.08
2020-10-19 00:00:00,1127.28
2020-10-20 00:00:00,1133.94
2020-10-21 00:00:00,1137.91
2020-10-22 00:00:00,1136.54
2020-10-23 00:00:00,1136.45
2020-10-26 00:00:00,1130.65
2020-10-27 00:00:00,1133.99
2020-10-28 00:00:00,1120.75
2020-10-29 00:00:00,1120.1
2020-10-30 00:00:00,1103.46
2020-11-02 00:00:00,1114.76
2020-11-03 00:00:00,1120.88
2020-11-04 00:00:00,1135.26
2020-11-05 00:00:00,1166.23
2020-11-06 00:00:00,1176.36
2020-11-09 00:00:00,1192.37
2020-11-10 00:00:00,1179.92
2020-11-11 00:00:00,1178.86
2020-11-12 00:00:00,1182.1
2020-11-13 00:00:00,1188.35
2020-11-16 00:00:00,1203.04
2020-11-17 00:00:00,1201.43
2020-11-18 00:00:00,1207.55
2020-11-19 00:00:00,1200.44
2020-11-20 00:00:00,1209.26
2020-11-23 00:00:00,1220.52
2020-11-24 00:00:00,1225.99
2020-11-25 00:00:00,1218.29
2020-11-26 00:00:00,1229.58
2020-11-27 00:00:00,1230.72
2020-11-30 00:00:00,1205.07
2020-12-01 00:00:00,1224.0
2020-12-02 00:00:00,1228.71
2020-12-03 00:00:00,1239.46
2020-12-04 00:00:00,1251.04
2020-12-07 00:00:00,1253.39
2020-12-08 00:00:00,1254.23
2020-12-09 00:00:00,1255.85
2020-12-10 00:00:00,1255.03
2020-12-11 00:00:00,1257.66
2020-12-14 00:00:00,1250.45
2020-12-15 00:00:00,1250.21
2020-12-16 00:00:00,1263.82
2020-12-17 00:00:00,1272.96
2020-12-18 00:00:00,1268.36
2020-12-21 00:00:00,1257.01
2020-12-22 00:00:00,1248.7
2020-12-23 00:00:00,1258.1
2020-12-24 00:00:00,1253.53
2020-12-25 00:00:00,1255.2
2020-12-28 00:00:00,1252.33
2020-12-29 00:00:00,1266.77
2020-12-30 00:00:00,1289.03
2020-12-31 00:00:00,1291.26
2021-01-01 00:00:00,1291.75
2021-01-04 00:00:00,1304.43
2021-01-05 00:00:00,1319.97
2021-01-06 00:00:00,1315.33
2021-01-07 00:00:00,1322.3
2021-01-08 00:00:00,1353.53
2021-01-11 00:00:00,1349.6
2021-01-12 00:00:00,1353.57
2021-01-13 00:00:00,1364.07
2021-01-14 00:00:00,1370.76
2021-01-15 00:00:00,1358.03
2021-01-18 00:00:00,1358.98
2021-01-19 00:00:00,1381.31
2021-01-20 00:00:00,1400.97
2021-01-21 00:00:00,1406.07
2021-01-22 00:00:00,1392.85
2021-01-25 00:00:00,1410.2
2021-01-26 00:00:00,1388.76
2021-01-27 00:00:00,1371.42
2021-01-28 00:00:00,1350.59
2021-01-29 00:00:00,1329.57
2021-02-01 00:00:00,1361.09
2021-02-02 00:00:00,1381.19
2021-02-03 00:00:00,1392.64
2021-02-04 00:00:00,1387.61
2021-02-05 00:00:00,1395.35
2021-02-08 00:00:00,1399.81
2021-02-09 00:00:00,1409.14
2021-02-10 00:00:00,1422.94
2021-02-11 00:00:00,1427.89
2021-02-12 00:00:00,1428.87
2021-02-15 00:00:00,1437.72
2021-02-16 00:00:00,1442.17
2021-02-17 00:00:00,1444.93
2021-02-18 00:00:00,1425.13
2021-02-19 00:00:00,1430.03
2021-02-22 00:00:00,1397.67
2021-02-23 00:00:00,1398.2
2021-02-24 00:00:00,1376.76
2021-02-25 00:00:00,1383.81
2021-02-26 00:00:00,1339.26
2021-03-01 00:00:00,1362.47
2021-03-02 00:00:00,1359.65
2021-03-03 00:00:00,1378.02
2021-03-04 00:00:00,1346.34
2021-03-05 00:00:00,1339.31
2021-03-08 00:00:00,1308.14
2021-03-09 00:00:00,1317.85
2021-03-10 00:00:00,1324.9
2021-03-11 00:00:00,1357.6
2021-03-12 00:00:00,1348.2
2021-03-15 00:00:00,1340.25
2021-03-16 00:00:00,1349.07
2021-03-17 00:00:00,1342.8
2021-03-18 00:00:00,1347.33
2021-03-19 00:00:00,1336.84
2021-03-22 00:00:00,1336.27
2021-03-23 00:00:00,1323.77
2021-03-24 00:00:00,1298.44
2021-03-25 00:00:00,1288.42
2021-03-26 00:00:00,1307.48
2021-03-29 00:00:00,1310.11
2021-03-30 00:00:00,1319.5
2021-03-31 00:00:00,1316.43
2021-04-01 00:00:00,1335.24
2021-04-02 00:00:00,1338.23
2021-04-05 00:00:00,1338.79
2021-04-06 00:00:00,1346.91
2021-04-07 00:00:00,1338.76
2021-04-08 00:00:00,1343.36
2021-04-09 00:00:00,1330.36
2021-04-12 00:00:00,1322.31
2021-04-13 00:00:00,1323.95
2021-04-14 00:00:00,1336.59
2021-04-15 00:00:00,1341.09
2021-04-16 00:00:00,1348.69
2021-04-19 00:00:00,1348.55
2021-04-20 00:00:00,1347.61
2021-04-21 00:00:00,1336.86
2021-04-22 00:00:00,1341.43
2021-04-23 00:00:00,1353.02
2021-04-26 00:00:00,1360.64
2021-04-27 00:00:00,1361.96
2021-04-28 00:00:00,1364.96
2021-04-29 00:00:00,1364.54
2021-04-30 00:00:00,1347.61
2021-05-03 00:00:00,1338.89
2021-05-04 00:00:00,1334.99
2021-05-05 00:00:00,1333.05
2021-05-06 00:00:00,1340.8
2021-05-07 00:00:00,1348.57
2021-05-10 00:00:00,1346.35
2021-05-11 00:00:00,1329.08
2021-05-12 00:00:00,1315.25
2021-05-13 00:00:00,1292.78
2021-05-14 00:00:00,1307.53
2021-05-17 00:00:00,1311.45
2021-05-18 00:00:00,1333.18
2021-05-19 00:00:00,1327.54
2021-05-20 00:00:00,1329.31
2021-05-21 00:00:00,1330.04
2021-05-24 00:00:00,1326.68
2021-05-25 00:00:00,1345.49
2021-05-26 00:00:00,1351.95
2021-05-27 00:00:00,1354.31
2021-05-28 00:00:00,1360.78
2021-05-31 00:00:00,1376.21
2021-06-01 00:00:00,1390.85
2021-06-02 00:00:00,1388.47
2021-06-03 00:00:00,1383.57
2021-06-04 00:00:00,1381.56
2021-06-07 00:00:00,1380.59
2021-06-08 00:00:00,1377.43
2021-06-09 00:00:00,1372.8
2021-06-10 00:00:00,1378.85
2021-06-11 00:00:00,1381.99
2021-06-14 00:00:00,1383.19
2021-06-15 00:00:00,1378.27
2021-06-16 00:00:00,1370.0
2021-06-17 00:00:00,1362.88
2021-06-18 00:00:00,1361.25
2021-06-21 00:00:00,1350.52
2021-06-22 00:00:00,1346.84
2021-06-23 00:00:00,1360.5
2021-06-24 00:00:00,1367.39
2021-06-25 00:00:00,1379.59
2021-06-28 00:00:00,1380.9
2021-06-29 00:00:00,1377.15
2021-06-30 00:00:00,1374.64
2021-07-01 00:00:00,1368.22
2021-07-02 00:00:00,1355.38
2021-07-05 00:00:00,1354.47
2021-07-06 00:00:00,1346.58
2021-07-07 00:00:00,1340.68
2021-07-08 00:00:00,1316.25
2021-07-09 00:00:00,1318.17
2021-07-12 00:00:00,1326.83
2021-07-13 00:00:00,1339.51
2021-07-14 00:00:00,1338.13
2021-07-15 00:00:00,1348.48
2021-07-16 00:00:00,1340.08
2021-07-19 00:00:00,1317.22
2021-07-20 00:00:00,1311.07
2021-07-21 00:00:00,1312.15
2021-07-22 00:00:00,1326.38
2021-07-23 00:00:00,1311.3
2021-07-26 00:00:00,1279.99
2021-07-27 00:00:00,1252.43
2021-07-28 00:00:00,1268.21
2021-07-29 00:00:00,1295.41
2021-07-30 00:00:00,1277.8
2021-08-02 00:00:00,1293.11
2021-08-03 00:00:00,1294.18
2021-08-04 00:00:00,1303.99
2021-08-05 00:00:00,1300.09
2021-08-06 00:00:00,1292.53
2021-08-09 00:00:00,1294.2
2021-08-10 00:00:00,1300.33
2021-08-11 00:00:00,1297.58
2021-08-12 00:00:00,1290.91
2021-08-13 00:00:00,1280.86
2021-08-16 00:00:00,1272.19
2021-08-17 00:00:00,1255.78
2021-08-18 00:00:00,1261.6
2021-08-19 00:00:00,1232.41
2021-08-20 00:00:00,1220.78
2021-08-23 00:00:00,1237.53
2021-08-24 00:00:00,1270.01
2021-08-25 00:00:00,1275.31
2021-08-26 00:00:00,1266.13
2021-08-27 00:00:00,1272.67
2021-08-30 00:00:00,1285.39
2021-08-31 00:00:00,1308.67
2021-09-01 00:00:00,1312.44
2021-09-02 00:00:00,1311.91
2021-09-03 00:00:00,1315.91
2021-09-06 00:00:00,1324.37
2021-09-07 00:00:00,1325.65
2021-09-08 00:00:00,1313.6
2021-09-09 00:00:00,1299.97
2021-09-10 00:00:00,1308.94
2021-09-13 00:00:00,1301.54
2021-09-14 00:00:00,1296.15
2021-09-15 00:00:00,1288.68
2021-09-16 00:00:00,1276.78
2021-09-17 00:00:00,1279.35
2021-09-20 00:00:00,1258.23
2021-09-21 00:00:00,1261.4
2021-09-22 00:00:00,1262.79
2021-09-23 00:00:00,1272.52
2021-09-24 00:00:00,1265.1
2021-09-27 00:00:00,1267.36
2021-09-28 00:00:00,1260.89
2021-09-29 00:00:00,1251.28
2021-09-30 00:00:00,1253.1
2021-10-01 00:00:00,1246.6
2021-10-04 00:00:00,1236.41
2021-10-05 00:00:00,1236.51
2021-10-06 00:00:00,1227.13
2021-10-07 00:00:00,1253.28
2021-10-08 00:00:00,1257.04
2021-10-11 00:00:00,1265.65
2021-10-12 00:00:00,1253.63
2021-10-13 00:00:00,1260.23
2021-10-14 00:00:00,1266.67
2021-10-15 00:00:00,1283.67
2021-10-18 00:00:00,1283.02
2021-10-19 00:00:00,1294.57
2021-10-20 00:00:00,1301.13
2021-10-21 00:00:00,1293.0
2021-10-22 00:00:00,1293.14
2021-10-25 00:00:00,1297.26
2021-10-26 00:00:00,1296.06
2021-10-27 00:00:00,1282.89
2021-10-28 00:00:00,1276.07
2021-10-29 00:00:00,1264.75
2021-11-01 00:00:00,1264.54
2021-11-02 00:00:00,1263.96
2021-11-03 00:00:00,1262.46
2021-11-04 00:00:00,1268.45
2021-11-05 00:00:00,1264.07
2021-11-08 00:00:00,1268.82
2021-11-09 00:00:00,1272.95
2021-11-10 00:00:00,1274.39
2021-11-11 00:00:00,1281.4
2021-11-12 00:00:00,1285.48
2021-11-15 00:00:00,1286.82
2021-11-16 00:00:00,1290.55
2021-11-17 00:00:00,1286.87
2021-11-18 00:00:00,1273.87
2021-11-19 00:00:00,1269.22
2021-11-22 00:00:00,1261.56
2021-11-23 00:00:00,1255.39
2021-11-24 00:00:00,1253.15
2021-11-25 00:00:00,1254.69
2021-11-26 00:00:00,1223.13
2021-11-29 00:00:00,1218.99
2021-11-30 00:00:00,1212.42
2021-12-01 00:00:00,1226.81
2021-12-02 00:00:00,1236.19
2021-12-03 00:00:00,1224.64
2021-12-06 00:00:00,1213.96
2021-12-07 00:00:00,1235.56
2021-12-08 00:00:00,1241.01
2021-12-09 00:00:00,1247.71
2021-12-10 00:00:00,1238.54
2021-12-13 00:00:00,1230.61
2021-12-14 00:00:00,1222.1
2021-12-15 00:00:00,1214.5
2021-12-16 00:00:00,1223.89
2021-12-17 00:00:00,1216.3
2021-12-20 00:00:00,1190.08
2021-12-21 00:00:00,1203.66
2021-12-22 00:00:00,1209.88
2021-12-23 00:00:00,1219.59
2021-12-24 00:00:00,1220.55
2021-12-27 00:00:00,1221.76
2021-12-28 00:00:00,1227.12
2021-12-29 00:00:00,1217.93
2021-12-30 00:00:00,1222.75
2021-12-31 00:00:00,1232.01
2022-01-03 00:00:00,1233.5
2022-01-04 00:00:00,1234.95
2022-01-05 00:00:00,1222.74
2022-01-06 00:00:00,1217.07
2022-01-07 00:00:00,1226.1
2022-01-10 00:00:00,1232.27
2022-01-11 00:00:00,1243.04
2022-01-12 00:00:00,1267.34
2022-01-13 00:00:00,1263.3
2022-01-14 00:00:00,1257.46
2022-01-17 00:00:00,1254.4
2022-01-18 00:00:00,1241.58
2022-01-19 00:00:00,1239.83
2022-01-20 00:00:00,1255.74
2022-01-21 00:00:00,1244.31
2022-01-24 00:00:00,1222.16
2022-01-25 00:00:00,1210.45
2022-01-26 00:00:00,1211.45
2022-01-27 00:00:00,1192.06
2022-01-28 00:00:00,1191.14
2022-01-31 00:00:00,1208.23
2022-02-01 00:00:00,1214.01
2022-02-02 00:00:00,1213.23
2022-02-03 00:00:00,1210.27
2022-02-04 00:00:00,1221.1
2022-02-07 00:00:00,1219.33
2022-02-08 00:00:00,1219.81
2022-02-09 00:00:00,1239.79
2022-02-10 00:00:00,1251.09
2022-02-11 00:00:00,1240.51
2022-02-14 00:00:00,1220.42
2022-02-15 00:00:00,1229.05
2022-02-16 00:00:00,1244.19
2022-02-17 00:00:00,1242.92
2022-02-18 00:00:00,1231.77
2022-02-21 00:00:00,1219.46
2022-02-22 00:00:00,1206.63
2022-02-23 00:00:00,1206.86
2022-02-24 00:00:00,1154.86
2022-02-25 00:00:00,1171.99
2022-02-28 00:00:00,1171.31
2022-03-01 00:00:00,1176.43
2022-03-02 00:00:00,1168.41
2022-03-03 00:00:00,1172.56
2022-03-04 00:00:00,1144.91
2022-03-07 00:00:00,1107.3
2022-03-08 00:00:00,1096.05
2022-03-09 00:00:00,1090.67
2022-03-10 00:00:00,1102.74
2022-03-11 00:00:00,1085.66
2022-03-14 00:00:00,1055.01
2022-03-15 00:00:00,1026.77
2022-03-16 00:00:00,1081.0
2022-03-17 00:00:00,1120.93
2022-03-18 00:00:00,1122.98
2022-03-21 00:00:00,1115.26
2022-03-22 00:00:00,1131.41
2022-03-23 00:00:00,1140.72
2022-03-24 00:00:00,1136.95
2022-03-25 00:00:00,1125.01
2022-03-28 00:00:00,1124.82
2022-03-29 00:00:00,1136.45
2022-03-30 00:00:00,1149.3
2022-03-31 00:00:00,1141.79
2022-04-01 00:00:00,1145.85
2022-04-04 00:00:00,1161.65
2022-04-05 00:00:00,1156.75
2022-04-06 00:00:00,1142.5
2022-04-07 00:00:00,1126.06
2022-04-08 00:00:00,1127.93
2022-04-11 00:00:00,1111.76
2022-04-12 00:00:00,1110.4
2022-04-13 00:00:00,1119.32
2022-04-14 00:00:00,1117.36
2022-04-15 00:00:00,1112.9
2022-04-18 00:00:00,1106.68
2022-04-19 00:00:00,1096.0
2022-04-20 00:00:00,1095.63
2022-04-21 00:00:00,1086.93
2022-04-22 00:00:00,1075.6
2022-04-25 00:00:00,1046.04
2022-04-26 00:00:00,1049.39
2022-04-27 00:00:00,1043.74
2022-04-28 00:00:00,1053.82
2022-04-29 00:00:00,1076.19
2022-05-02 00:00:00,1072.56
2022-05-03 00:00:00,1069.24
2022-05-04 00:00:00,1063.84
2022-05-05 00:00:00,1058.72
2022-05-06 00:00:00,1031.5
2022-05-09 00:00:00,1014.68
2022-05-10 00:00:00,1007.22
2022-05-11 00:00:00,1011.22
2022-05-12 00:00:00,987.82
2022-05-13 00:00:00,1004.52
2022-05-16 00:00:00,1007.5
2022-05-17 00:00:00,1030.83
2022-05-18 00:00:00,1033.19
2022-05-19 00:00:00,1014.89
2022-05-20 00:00:00,1035.31
2022-05-23 00:00:00,1034.51
2022-05-24 00:00:00,1016.99
2022-05-25 00:00:00,1019.59
2022-05-26 00:00:00,1022.96
2022-05-27 00:00:00,1043.17
2022-05-30 00:00:00,1065.09
2022-05-31 00:00:00,1077.67
2022-06-01 00:00:00,1067.86
2022-06-02 00:00:00,1061.44
2022-06-03 00:00:00,1060.74
2022-06-06 00:00:00,1071.33
2022-06-07 00:00:00,1061.02
2022-06-08 00:00:00,1073.74
2022-06-09 00:00:00,1067.15
2022-06-10 00:00:00,1054.64
2022-06-13 00:00:00,1016.46
2022-06-14 00:00:00,1017.87
2022-06-15 00:00:00,1020.1
2022-06-16 00:00:00,1008.11
2022-06-17 00:00:00,1004.63
2022-06-20 00:00:00,1000.42
2022-06-21 00:00:00,1016.98
2022-06-22 00:00:00,993.59
2022-06-23 00:00:00,995.34
2022-06-24 00:00:00,1011.18
2022-06-27 00:00:00,1027.55
2022-06-28 00:00:00,1030.07
2022-06-29 00:00:00,1013.2
2022-06-30 00:00:00,1000.67
2022-07-01 00:00:00,992.84
2022-07-04 00:00:00,992.8
2022-07-05 00:00:00,991.47
2022-07-06 00:00:00,981.01
2022-07-07 00:00:00,994.34
2022-07-08 00:00:00,999.57
2022-07-11 00:00:00,981.15
2022-07-12 00:00:00,967.31
2022-07-13 00:00:00,970.46
2022-07-14 00:00:00,965.45
2022-07-15 00:00:00,961.85
2022-07-18 00:00:00,980.48
2022-07-19 00:00:00,979.94
2022-07-20 00:00:00,986.56
2022-07-21 00:00:00,990.69
2022-07-22 00:00:00,990.37
2022-07-25 00:00:00,987.08
2022-07-26 00:00:00,989.92
2022-07-27 00:00:00,989.89
2022-07-28 00:00:00,997.61
2022-07-29 00:00:00,993.78
2022-08-01 00:00:00,995.04
2022-08-02 00:00:00,984.32
2022-08-03 00:00:00,985.81
2022-08-04 00:00:00,994.59
2022-08-05 00:00:00,1002.87
2022-08-08 00:00:00,1001.79
2022-08-09 00:00:00,1001.69
2022-08-10 00:00:00,997.2
2022-08-11 00:00:00,1014.29
2022-08-12 00:00:00,1016.83
2022-08-15 00:00:00,1015.0
2022-08-16 00:00:00,1014.22
2022-08-17 00:00:00,1015.59
2022-08-18 00:00:00,1009.58
2022-08-19 00:00:00,1001.46
2022-08-22 00:00:00,991.9
2022-08-23 00:00:00,989.54
2022-08-24 00:00:00,985.13
2022-08-25 00:00:00,1003.44
2022-08-26 00:00:00,1006.5
2022-08-29 00:00:00,991.65
2022-08-30 00:00:00,992.76
2022-08-31 00:00:00,994.11
2022-09-01 00:00:00,976.14
2022-09-02 00:00:00,972.02
2022-09-05 00:00:00,967.8
2022-09-06 00:00:00,965.24
2022-09-07 00:00:00,956.51
2022-09-08 00:00:00,957.22
2022-09-09 00:00:00,970.29
2022-09-12 00:00:00,979.05
2022-09-13 00:00:00,979.91
2022-09-14 00:00:00,962.55
2022-09-15 00:00:00,958.58
2022-09-16 00:00:00,944.12
2022-09-19 00:00:00,938.53
2022-09-20 00:00:00,946.17
2022-09-21 00:00:00,932.08
2022-09-22 00:00:00,922.61
2022-09-23 00:00:00,905.84
2022-09-26 00:00:00,888.58
2022-09-27 00:00:00,891.89
2022-09-28 00:00:00,875.85
2022-09-29 00:00:00,873.29
2022-09-30 00:00:00,875.79
2022-10-03 00:00:00,876.15
2022-10-04 00:00:00,893.65
2022-10-05 00:00:00,909.52
2022-10-06 00:00:00,910.57
2022-10-07 00:00:00,897.74
2022-10-10 00:00:00,884.81
2022-10-11 00:00:00,864.66
2022-10-12 00:00:00,865.34
2022-10-13 00:00:00,854.53
2022-10-14 00:00:00,863.33
2022-10-17 00:00:00,865.77
2022-10-18 00:00:00,879.07
2022-10-19 00:00:00,865.91
2022-10-20 00:00:00,864.76
2022-10-21 00:00:00,865.04
2022-10-24 00:00:00,842.76
2022-10-25 00:00:00,844.51
2022-10-26 00:00:00,851.81
2022-10-27 00:00:00,859.46
2022-10-28 00:00:00,845.58
2022-10-31 00:00:00,848.16
2022-11-01 00:00:00,867.58
2022-11-02 00:00:00,873.02
2022-11-03 00:00:00,860.9
2022-11-04 00:00:00,884.98
2022-11-07 00:00:00,897.36
2022-11-08 00:00:00,900.02
2022-11-09 00:00:00,900.32
2022-11-10 00:00:00,889.6
2022-11-11 00:00:00,935.73
2022-11-14 00:00:00,939.78
2022-11-15 00:00:00,960.64
2022-11-16 00:00:00,954.31
2022-11-17 00:00:00,942.36
2022-11-18 00:00:00,943.01
2022-11-21 00:00:00,931.05
2022-11-22 00:00:00,927.41
2022-11-23 00:00:00,932.3
2022-11-24 00:00:00,945.57
2022-11-25 00:00:00,941.01
2022-11-28 00:00:00,930.77
2022-11-29 00:00:00,952.94
2022-11-30 00:00:00,972.29
2022-12-01 00:00:00,978.3
2022-12-02 00:00:00,973.85
2022-12-05 00:00:00,984.26
2022-12-06 00:00:00,972.93
2022-12-07 00:00:00,958.77
2022-12-08 00:00:00,969.21
2022-12-09 00:00:00,978.28
2022-12-12 00:00:00,963.58
2022-12-13 00:00:00,965.25
2022-12-14 00:00:00,973.71
2022-12-15 00:00:00,960.22
2022-12-16 00:00:00,957.3
2022-12-19 00:00:00,957.64
2022-12-20 00:00:00,951.08
2022-12-21 00:00:00,952.98
2022-12-22 00:00:00,964.06
2022-12-23 00:00:00,954.78
2022-12-26 00:00:00,956.48
2022-12-27 00:00:00,959.39
2022-12-28 00:00:00,960.18
2022-12-29 00:00:00,957.45
2022-12-30 00:00:00,956.38
2023-01-02 00:00:00,956.12
2023-01-03 00:00:00,962.57
2023-01-04 00:00:00,974.22
2023-01-05 00:00:00,984.0
2023-01-06 00:00:00,988.68
2023-01-09 00:00:00,1013.5
2023-01-10 00:00:00,1014.02
2023-01-11 00:00:00,1016.85
2023-01-12 00:00:00,1018.31
2023-01-13 00:00:00,1029.84
2023-01-16 00:00:00,1030.91
2023-01-17 00:00:00,1027.38
2023-01-18 00:00:00,1030.06
2023-01-19 00:00:00,1027.91
2023-01-20 00:00:00,1036.24
2023-01-23 00:00:00,1038.68
2023-01-24 00:00:00,1039.2
2023-01-25 00:00:00,1041.26
2023-01-26 00:00:00,1052.46
2023-01-27 00:00:00,1051.19
2023-01-30 00:00:00,1044.0
2023-01-31 00:00:00,1031.5
2023-02-01 00:00:00,1042.79
2023-02-02 00:00:00,1045.56
2023-02-03 00:00:00,1038.71
2023-02-06 00:00:00,1014.49
2023-02-07 00:00:00,1015.51
2023-02-08 00:00:00,1020.58
2023-02-09 00:00:00,1024.51
2023-02-10 00:00:00,1013.67
2023-02-13 00:00:00,1013.53
2023-02-14 00:00:00,1014.49
2023-02-15 00:00:00,1004.87
2023-02-16 00:00:00,1011.14
2023-02-17 00:00:00,999.42
2023-02-20 00:00:00,1005.21
2023-02-21 00:00:00,995.19
2023-02-22 00:00:00,982.06
2023-02-23 00:00:00,987.74
2023-02-24 00:00:00,971.87
2023-02-27 00:00:00,967.25
2023-02-28 00:00:00,964.01
2023-03-01 00:00:00,984.19
2023-03-02 00:00:00,980.05
2023-03-03 00:00:00,988.03
2023-03-06 00:00:00,993.74
2023-03-07 00:00:00,988.38
2023-03-08 00:00:00,978.07
2023-03-09 00:00:00,968.39
2023-03-10 00:00:00,955.28
2023-03-13 00:00:00,961.5
2023-03-14 00:00:00,945.12
2023-03-15 00:00:00,946.87
2023-03-16 00:00:00,941.35
2023-03-17 00:00:00,951.56
2023-03-20 00:00:00,942.98
2023-03-21 00:00:00,952.45
2023-03-22 00:00:00,961.48
2023-03-23 00:00:00,977.78
2023-03-24 00:00:00,972.17
2023-03-27 00:00:00,964.01
2023-03-28 00:00:00,970.69
2023-03-29 00:00:00,980.14
2023-03-30 00:00:00,985.77
2023-03-31 00:00:00,990.28
2023-04-03 00:00:00,989.18
2023-04-04 00:00:00,987.62
2023-04-05 00:00:00,987.85
2023-04-06 00:00:00,984.43
2023-04-07 00:00:00,987.07
2023-04-10 00:00:00,988.68
2023-04-11 00:00:00,996.25
2023-04-12 00:00:00,993.58
2023-04-13 00:00:00,997.03
2023-04-14 00:00:00,1000.49
2023-04-17 00:00:00,1003.78
2023-04-18 00:00:00,1000.54
2023-04-19 00:00:00,990.37
2023-04-20 00:00:00,989.79
2023-04-21 00:00:00,980.74
2023-04-24 00:00:00,977.38
2023-04-25 00:00:00,965.6
2023-04-26 00:00:00,967.85
2023-04-27 00:00:00,972.18
2023-04-28 00:00:00,977.05
2023-05-01 00:00:00,976.74
2023-05-02 00:00:00,973.94
2023-05-03 00:00:00,969.62
2023-05-04 00:00:00,976.36
2023-05-05 00:00:00,981.66
2023-05-08 00:00:00,989.44
2023-05-09 00:00:00,982.24
2023-05-10 00:00:00,979.64
2023-05-11 00:00:00,977.82
2023-05-12 00:00:00,973.0
2023-05-15 00:00:00,977.48
2023-05-16 00:00:00,979.24
2023-05-17 00:00:00,975.83
2023-05-18 00:00:00,978.16
2023-05-19 00:00:00,977.24
2023-05-22 00:00:00,983.27
2023-05-23 00:00:00,978.6
2023-05-24 00:00:00,970.9
2023-05-25 00:00:00,964.01
2023-05-26 00:00:00,972.86
2023-05-29 00:00:00,971.75
2023-05-30 00:00:00,970.32
2023-05-31 00:00:00,958.53
2023-06-01 00:00:00,961.8
2023-06-02 00:00:00,984.36
2023-06-05 00:00:00,986.69
2023-06-06 00:00:00,988.49
2023-06-07 00:00:00,995.41
2023-06-08 00:00:00,994.08
2023-06-09 00:00:00,1002.33
2023-06-12 00:00:00,1003.14
2023-06-13 00:00:00,1013.25
2023-06-14 00:00:00,1014.91
2023-06-15 00:00:00,1023.59
2023-06-16 00:00:00,1030.03
2023-06-19 00:00:00,1023.42
2023-06-20 00:00:00,1013.24
2023-06-21 00:00:00,1004.27
2023-06-22 00:00:00,1001.14
2023-06-23 00:00:00,991.91
2023-06-26 00:00:00,989.27
2023-06-27 00:00:00,995.02
2023-06-28 00:00:00,992.06
2023-06-29 00:00:00,987.07
2023-06-30 00:00:00,989.48
2023-07-03 00:00:00,1005.11
2023-07-04 00:00:00,1008.05
2023-07-05 00:00:00,1001.12
2023-07-06 00:00:00,984.69
2023-07-07 00:00:00,980.66
2023-07-10 00:00:00,981.88
2023-07-11 00:00:00,994.89
2023-07-12 00:00:00,1005.55
2023-07-13 00:00:00,1020.53
2023-07-14 00:00:00,1028.49
2023-07-17 00:00:00,1027.76
2023-07-18 00:00:00,1022.12
2023-07-19 00:00:00,1019.59
2023-07-20 00:00:00,1018.06
2023-07-21 00:00:00,1014.58
2023-07-24 00:00:00,1013.45
2023-07-25 00:00:00,1032.26
2023-07-26 00:00:00,1031.88
2023-07-27 00:00:00,1035.15
2023-07-28 00:00:00,1043.2
2023-07-31 00:00:00,1046.91
2023-08-01 00:00:00,1043.09
2023-08-02 00:00:00,1019.99
2023-08-03 00:00:00,1015.81
2023-08-04 00:00:00,1018.02
2023-08-07 00:00:00,1016.31
2023-08-08 00:00:00,1003.71
2023-08-09 00:00:00,1008.42
2023-08-10 00:00:00,1008.34
2023-08-11 00:00:00,997.72
2023-08-14 00:00:00,986.28
2023-08-15 00:00:00,981.8
2023-08-16 00:00:00,975.77
2023-08-17 00:00:00,973.86
2023-08-18 00:00:00,964.44
2023-08-21 00:00:00,959.79
2023-08-22 00:00:00,966.69
2023-08-23 00:00:00,970.2
2023-08-24 00:00:00,982.31
2023-08-25 00:00:00,971.04
2023-08-28 00:00:00,978.09
2023-08-29 00:00:00,987.58
2023-08-30 00:00:00,988.3
2023-08-31 00:00:00,980.33
2023-09-01 00:00:00,985.68
2023-09-04 00:00:00,995.5
2023-09-05 00:00:00,985.84
2023-09-06 00:00:00,981.42
2023-09-07 00:00:00,973.59
2023-09-08 00:00:00,973.86
2023-09-11 00:00:00,977.5
2023-09-12 00:00:00,975.72
2023-09-13 00:00:00,974.56
2023-09-14 00:00:00,982.11
2023-09-15 00:00:00,984.99
2023-09-18 00:00:00,976.17
2023-09-19 00:00:00,974.5
2023-09-20 00:00:00,970.87
2023-09-21 00:00:00,956.25
2023-09-22 00:00:00,964.24
2023-09-25 00:00:00,957.41
2023-09-26 00:00:00,947.18
2023-09-27 00:00:00,948.25
2023-09-28 00:00:00,944.08
2023-09-29 00:00:00,952.78
2023-10-02 00:00:00,951.49
2023-10-03 00:00:00,939.16
2023-10-04 00:00:00,927.86
2023-10-05 00:00:00,930.23
2023-10-06 00:00:00,937.34
2023-10-09 00:00:00,935.42
2023-10-10 00:00:00,944.55
2023-10-11 00:00:00,956.84
2023-10-12 00:00:00,962.69
2023-10-13 00:00:00,951.31
2023-10-16 00:00:00,946.21
2023-10-17 00:00:00,951.21
2023-10-18 00:00:00,943.12
2023-10-19 00:00:00,930.8
2023-10-20 00:00:00,925.58
2023-10-23 00:00:00,917.69
2023-10-24 00:00:00,920.57
2023-10-25 00:00:00,920.78
2023-10-26 00:00:00,910.91
2023-10-27 00:00:00,919.78
2023-10-30 00:00:00,921.9
2023-10-31 00:00:00,915.2
2023-11-01 00:00:00,915.97
2023-11-02 00:00:00,930.62
2023-11-03 00:00:00,948.26
2023-11-06 00:00:00,968.91
2023-11-07 00:00:00,960.66
2023-11-08 00:00:00,957.91
2023-11-09 00:00:00,956.25
2023-11-10 00:00:00,948.32
2023-11-13 00:00:00,952.27
2023-11-14 00:00:00,959.12
2023-11-15 00:00:00,983.51
2023-11-16 00:00:00,982.25
2023-11-17 00:00:00,976.52
2023-11-20 00:00:00,985.41
2023-11-21 00:00:00,988.47
2023-11-22 00:00:00,983.6
2023-11-23 00:00:00,988.08
2023-11-24 00:00:00,980.33
2023-11-27 00:00:00,977.54
2023-11-28 00:00:00,985.47
2023-11-29 00:00:00,983.04
2023-11-30 00:00:00,987.1
2023-12-01 00:00:00,982.14
2023-12-04 00:00:00,980.24
2023-12-05 00:00:00,972.03
2023-12-06 00:00:00,974.98
2023-12-07 00:00:00,970.12
2023-12-08 00:00:00,975.01
2023-12-11 00:00:00,973.23
2023-12-12 00:00:00,976.58
2023-12-13 00:00:00,973.47
2023-12-14 00:00:00,992.51
2023-12-15 00:00:00,1000.89
2023-12-18 00:00:00,997.91
2023-12-19 00:00:00,998.6
2023-12-20 00:00:00,997.46
2023-12-21 00:00:00,998.32
2023-12-22 00:00:00,992.28
2023-12-25 00:00:00,993.25
2023-12-26 00:00:00,998.53
2023-12-27 00:00:00,1009.84
2023-12-28 00:00:00,1022.89
2023-12-29 00:00:00,1023.74
2024-01-01 00:00:00,1024.67
2024-01-02 00:00:00,1016.38
2024-01-03 00:00:00,1003.13
2024-01-04 00:00:00,1004.26
2024-01-05 00:00:00,1002.08
2024-01-08 00:00:00,996.76
2024-01-09 00:00:00,993.0
2024-01-10 00:00:00,988.97
2024-01-11 00:00:00,994.75
2024-01-12 00:00:00,996.3
2024-01-15 00:00:00,995.16
2024-01-16 00:00:00,979.72
2024-01-17 00:00:00,958.39
2024-01-18 00:00:00,961.34
2024-01-19 00:00:00,970.91
2024-01-22 00:00:00,964.15
2024-01-23 00:00:00,969.97
2024-01-24 00:00:00,982.34
2024-01-25 00:00:00,988.3
2024-01-26 00:00:00,985.1
2024-01-29 00:00:00,990.18
2024-01-30 00:00:00,980.59
2024-01-31 00:00:00,975.8
2024-02-01 00:00:00,982.12
2024-02-02 00:00:00,988.21
2024-02-05 00:00:00,983.32
2024-02-06 00:00:00,999.86
2024-02-07 00:00:00,1002.55
2024-02-08 00:00:00,997.54
2024-02-09 00:00:00,995.53
2024-02-12 00:00:00,996.06
2024-02-13 00:00:00,996.78
2024-02-14 00:00:00,998.86
2024-02-15 00:00:00,1007.7
2024-02-16 00:00:00,1016.23
2024-02-19 00:00:00,1016.38
2024-02-20 00:00:00,1018.99
2024-02-21 00:00:00,1020.62
2024-02-22 00:00:00,1029.44
2024-02-23 00:00:00,1028.31
2024-02-26 00:00:00,1024.11
2024-02-27 00:00:00,1027.75
2024-02-28 00:00:00,1018.72
2024-02-29 00:00:00,1020.94
2024-03-01 00:00:00,1024.68
2024-03-04 00:00:00,1030.39
2024-03-05 00:00:00,1021.74
2024-03-06 00:00:00,1027.95
2024-03-07 00:00:00,1030.27
2024-03-08 00:00:00,1037.09
2024-03-11 00:00:00,1039.07
2024-03-12 00:00:00,1049.07
2024-03-13 00:00:00,1046.51
2024-03-14 00:00:00,1048.68
2024-03-15 00:00:00,1034.74
2024-03-18 00:00:00,1038.07
2024-03-19 00:00:00,1027.78
2024-03-20 00:00:00,1032.12
2024-03-21 00:00:00,1048.34
2024-03-22 00:00:00,1039.32
2024-03-25 00:00:00,1036.13
2024-03-26 00:00:00,1040.07
2024-03-27 00:00:00,1036.73
2024-03-28 00:00:00,1040.39
2024-03-29 00:00:00,1043.2
2024-04-01 00:00:00,1042.07
2024-04-02 00:00:00,1049.93
2024-04-03 00:00:00,1043.23
2024-04-04 00:00:00,1048.76
2024-04-05 00:00:00,1045.71
2024-04-08 00:00:00,1049.16
2024-04-09 00:00:00,1055.37
2024-04-10 00:00:00,1057.89
2024-04-11 00:00:00,1055.09
2024-04-12 00:00:00,1041.7
2024-04-15 00:00:00,1030.74
2024-04-16 00:00:00,1009.84
2024-04-17 00:00:00,1012.46
2024-04-18 00:00:00,1018.59
2024-04-19 00:00:00,1004.17
2024-04-22 00:00:00,1011.84
2024-04-23 00:00:00,1019.34
2024-04-24 00:00:00,1034.69
2024-04-25 00:00:00,1028.61
2024-04-26 00:00:00,1041.52
2024-04-29 00:00:00,1051.33
2024-04-30 00:00:00,1045.95
2024-05-01 00:00:00,1045.52
2024-05-02 00:00:00,1052.86
2024-05-03 00:00:00,1061.45
2024-05-06 00:00:00,1066.73
2024-05-07 00:00:00,1068.26
2024-05-08 00:00:00,1066.62
2024-05-09 00:00:00,1063.52
2024-05-10 00:00:00,1071.64
2024-05-13 00:00:00,1078.72
2024-05-14 00:00:00,1080.96
2024-05-15 00:00:00,1084.65
2024-05-16 00:00:00,1098.56
2024-05-17 00:00:00,1099.79
2024-05-20 00:00:00,1101.91
2024-05-21 00:00:00,1093.38
2024-05-22 00:00:00,1095.29
2024-05-23 00:00:00,1091.37
2024-05-24 00:00:00,1082.98
2024-05-27 00:00:00,1090.32
2024-05-28 00:00:00,1088.01
2024-05-29 00:00:00,1072.11
2024-05-30 00:00:00,1058.08
2024-05-31 00:00:00,1048.96
2024-06-03 00:00:00,1069.31
2024-06-04 00:00:00,1051.96
2024-06-05 00:00:00,1062.79
2024-06-06 00:00:00,1073.26
2024-06-07 00:00:00,1073.14
2024-06-10 00:00:00,1070.33
2024-06-11 00:00:00,1065.7
2024-06-12 00:00:00,1068.55
2024-06-13 00:00:00,1075.54
2024-06-14 00:00:00,1076.89
2024-06-17 00:00:00,1074.2
2024-06-18 00:00:00,1081.81
2024-06-19 00:00:00,1095.27
2024-06-20 00:00:00,1095.76
2024-06-21 00:00:00,1086.93
2024-06-24 00:00:00,1084.32
2024-06-25 00:00:00,1085.32
2024-06-26 00:00:00,1086.2
2024-06-27 00:00:00,1081.87
2024-06-28 00:00:00,1086.25
2024-07-01 00:00:00,1087.38
2024-07-02 00:00:00,1079.78
2024-07-03 00:00:00,1092.38
2024-07-04 00:00:00,1104.18
2024-07-05 00:00:00,1104.88
2024-07-08 00:00:00,1107.3
2024-07-09 00:00:00,1111.7
2024-07-10 00:00:00,1111.22
2024-07-11 00:00:00,1124.86
2024-07-12 00:00:00,1123.56
2024-07-15 00:00:00,1120.27
2024-07-16 00:00:00,1117.38
2024-07-17 00:00:00,1111.46
2024-07-18 00:00:00,1105.95
2024-07-19 00:00:00,1089.61
2024-07-22 00:00:00,1085.48
2024-07-23 00:00:00,1086.96
2024-07-24 00:00:00,1082.44
2024-07-25 00:00:00,1073.98
2024-07-26 00:00:00,1072.28
2024-07-29 00:00:00,1077.27
2024-07-30 00:00:00,1071.6
2024-07-31 00:00:00,1084.77
2024-08-01 00:00:00,1087.8
2024-08-02 00:00:00,1061.23
2024-08-05 00:00:00,1016.48
2024-08-06 00:00:00,1030.86
2024-08-07 00:00:00,1050.3
2024-08-08 00:00:00,1046.31
2024-08-09 00:00:00,1063.43
2024-08-12 00:00:00,1069.11
2024-08-13 00:00:00,1071.01
2024-08-14 00:00:00,1076.57
2024-08-15 00:00:00,1076.0
2024-08-16 00:00:00,1093.65
2024-08-19 00:00:00,1103.53
2024-08-20 00:00:00,1104.45
2024-08-21 00:00:00,1100.89
2024-08-22 00:00:00,1100.98
2024-08-23 00:00:00,1100.68
2024-08-26 00:00:00,1104.28
2024-08-27 00:00:00,1099.77
2024-08-28 00:00:00,1097.22
2024-08-29 00:00:00,1094.96
2024-08-30 00:00:00,1099.92
2024-09-02 00:00:00,1096.34
2024-09-03 00:00:00,1090.17
2024-09-04 00:00:00,1073.59
2024-09-05 00:00:00,1076.09
2024-09-06 00:00:00,1074.89
2024-09-09 00:00:00,1063.44
2024-09-10 00:00:00,1062.88
2024-09-11 00:00:00,1058.69
2024-09-12 00:00:00,1075.62
2024-09-13 00:00:00,1082.3
2024-09-16 00:00:00,1086.02
2024-09-17 00:00:00,1090.51
2024-09-18 00:00:00,1087.75
2024-09-19 00:00:00,1100.15
2024-09-20 00:00:00,1106.44
2024-09-23 00:00:00,1110.66
2024-09-24 00:00:00,1132.04
2024-09-25 00:00:00,1136.8
2024-09-26 00:00:00,1163.38
2024-09-27 00:00:00,1174.52
2024-09-30 00:00:00,1170.85
2024-10-01 00:00:00,1172.59
2024-10-02 00:00:00,1187.97
2024-10-03 00:00:00,1173.02
2024-10-04 00:00:00,1179.34
2024-10-07 00:00:00,1183.78
2024-10-08 00:00:00,1156.23
2024-10-09 00:00:00,1148.27
2024-10-10 00:00:00,1156.96
2024-10-11 00:00:00,1159.56
2024-10-14 00:00:00,1160.06
2024-10-15 00:00:00,1149.73
2024-10-16 00:00:00,1144.04
2024-10-17 00:00:00,1135.13
2024-10-18 00:00:00,1155.12
2024-10-21 00:00:00,1148.42
2024-10-22 00:00:00,1142.19
2024-10-23 00:00:00,1141.81
2024-10-24 00:00:00,1134.52
2024-10-25 00:00:00,1134.88
2024-10-28 00:00:00,1137.94
2024-10-29 00:00:00,1136.47
2024-10-30 00:00:00,1126.51
2024-10-31 00:00:00,1119.52
2024-11-01 00:00:00,1122.28
2024-11-04 00:00:00,1129.82
2024-11-05 00:00:00,1139.11
2024-11-06 00:00:00,1131.87
2024-11-07 00:00:00,1140.54
2024-11-08 00:00:00,1135.65
2024-11-11 00:00:00,1125.89
2024-11-12 00:00:00,1103.19
2024-11-13 00:00:00,1093.7
2024-11-14 00:00:00,1084.41
2024-11-15 00:00:00,1085.0
2024-11-18 00:00:00,1089.72
2024-11-19 00:00:00,1094.94
2024-11-20 00:00:00,1093.85
2024-11-21 00:00:00,1085.49
2024-11-22 00:00:00,1087.27
2024-11-25 00:00:00,1092.2
2024-11-26 00:00:00,1086.93
2024-11-27 00:00:00,1087.58
2024-11-28 00:00:00,1079.65
2024-11-29 00:00:00,1078.57
2024-12-02 00:00:00,1086.39
2024-12-03 00:00:00,1097.52
2024-12-04 00:00:00,1100.49
2024-12-05 00:00:00,1102.29
2024-12-06 00:00:00,1105.08
2024-12-09 00:00:00,1114.04
2024-12-10 00:00:00,1111.71
2024-12-11 00:00:00,1108.43
2024-12-12 00:00:00,1112.94
2024-12-13 00:00:00,1107.01
2024-12-16 00:00:00,1103.21
2024-12-17 00:00:00,1093.2
2024-12-18 00:00:00,1095.31
2024-12-19 00:00:00,1081.76
2024-12-20 00:00:00,1072.25
2024-12-23 00:00:00,1081.95
2024-12-24 00:00:00,1084.99
2024-12-25 00:00:00,1085.86
2024-12-26 00:00:00,1084.69
2024-12-27 00:00:00,1082.87
2024-12-30 00:00:00,1078.4
2024-12-31 00:00:00,1075.48
2025-01-01 00:00:00,1076.52
2025-01-02 00:00:00,1071.0
2025-01-03 00:00:00,1073.21
2025-01-06 00:00:00,1078.89
2025-01-07 00:00:00,1080.07
2025-01-08 00:00:00,1070.79
2025-01-09 00:00:00,1066.47
2025-01-10 00:00:00,1057.1
2025-01-13 00:00:00,1039.11
2025-01-14 00:00:00,1053.05
2025-01-15 00:00:00,1055.8
2025-01-16 00:00:00,1066.67
2025-01-17 00:00:00,1070.12
2025-01-20 00:00:00,1080.5
2025-01-21 00:00:00,1081.11
2025-01-22 00:00:00,1082.34
2025-01-23 00:00:00,1081.34
2025-01-24 00:00:00,1090.02
2025-01-27 00:00:00,1087.54
2025-01-28 00:00:00,1089.13
2025-01-29 00:00:00,1092.31
2025-01-30 00:00:00,1095.75
2025-01-31 00:00:00,1093.37
2025-02-03 00:00:00,1073.72
2025-02-04 00:00:00,1092.93
2025-02-05 00:00:00,1095.79
2025-02-06 00:00:00,1102.25
2025-02-07 00:00:00,1108.48
2025-02-10 00:00:00,1108.46
2025-02-11 00:00:00,1104.63
2025-02-12 00:00:00,1111.01
2025-02-13 00:00:00,1113.25
2025-02-14 00:00:00,1125.23
2025-02-17 00:00:00,1130.61
2025-02-18 00:00:00,1138.92
2025-02-19 00:00:00,1136.87
2025-02-20 00:00:00,1132.45
2025-02-21 00:00:00,1147.3
2025-02-24 00:00:00,1135.74
2025-02-25 00:00:00,1122.38
2025-02-26 00:00:00,1135.41
2025-02-27 00:00:00,1124.03
2025-02-28 00:00:00,1097.25
2025-03-03 00:00:00,1097.37
2025-03-04 00:00:00,1093.0
2025-03-05 00:00:00,1115.55
2025-03-06 00:00:00,1131.26
2025-03-07 00:00:00,1128.55
2025-03-10 00:00:00,1113.06
2025-03-11 00:00:00,1109.16
2025-03-12 00:00:00,1111.13
2025-03-13 00:00:00,1106.07
2025-03-14 00:00:00,1119.61
2025-03-17 00:00:00,1131.44
2025-03-18 00:00:00,1145.17
2025-03-19 00:00:00,1143.29
2025-03-20 00:00:00,1140.69
2025-03-21 00:00:00,1131.38
2025-03-24 00:00:00,1136.01
2025-03-25 00:00:00,1129.41
2025-03-26 00:00:00,1131.54
2025-03-27 00:00:00,1130.54
2025-03-28 00:00:00,1120.72
2025-03-31 00:00:00,1101.4
2025-04-01 00:00:00,1110.66
2025-04-02 00:00:00,1111.68
2025-04-03 00:00:00,1102.78
2025-04-04 00:00:00,1087.59
2025-04-07 00:00:00,1001.49
2025-04-08 00:00:00,1002.6
2025-04-09 00:00:00,993.45
2025-04-10 00:00:00,1028.86
2025-04-11 00:00:00,1045.2
2025-04-14 00:00:00,1060.22
2025-04-15 00:00:00,1070.26
2025-04-16 00:00:00,1059.1
2025-04-17 00:00:00,1067.07
2025-04-18 00:00:00,1068.59
2025-04-21 00:00:00,1071.95
2025-04-22 00:00:00,1073.79
2025-04-23 00:00:00,1096.05
2025-04-24 00:00:00,1092.98
2025-04-25 00:00:00,1097.1
2025-04-28 00:00:00,1102.57
2025-04-29 00:00:00,1105.99
2025-04-30 00:00:00,1112.84
2025-05-01 00:00:00,1111.97
2025-05-02 00:00:00,1133.27
2025-05-05 00:00:00,1139.59
2025-05-06 00:00:00,1137.42
2025-05-07 00:00:00,1137.41
2025-05-08 00:00:00,1133.58
2025-05-09 00:00:00,1138.4
2025-05-12 00:00:00,1161.85
2025-05-13 00:00:00,1156.82
2025-05-14 00:00:00,1173.65
2025-05-15 00:00:00,1173.53
2025-05-16 00:00:00,1172.38
2025-05-19 00:00:00,1166.64
2025-05-20 00:00:00,1167.46
2025-05-21 00:00:00,1174.56
2025-05-22 00:00:00,1165.38
2025-05-23 00:00:00,1170.98
2025-05-26 00:00:00,1170.13
2025-05-27 00:00:00,1164.1
2025-05-28 00:00:00,1163.84
2025-05-29 00:00:00,1170.16
2025-05-30 00:00:00,1157.34
2025-06-02 00:00:00,1153.77
2025-06-03 00:00:00,1158.13
2025-06-04 00:00:00,1172.45
2025-06-05 00:00:00,1182.68
2025-06-06 00:00:00,1182.93
2025-06-09 00:00:00,1193.78
2025-06-10 00:00:00,1201.13
2025-06-11 00:00:00,1208.98
2025-06-12 00:00:00,1202.74
2025-06-13 00:00:00,1190.03
2025-06-16 00:00:00,1198.18
2025-06-17 00:00:00,1196.96
2025-06-18 00:00:00,1193.45
2025-06-19 00:00:00,1177.31
2025-06-20 00:00:00,1189.85
2025-06-23 00:00:00,1182.25
2025-06-24 00:00:00,1211.84
2025-06-25 00:00:00,1220.72
2025-06-26 00:00:00,1226.95
2025-06-27 00:00:00,1228.53
2025-06-30 00:00:00,1222.78
2025-07-01 00:00:00,1229.25
2025-07-02 00:00:00,1230.24
2025-07-03 00:00:00,1236.97
2025-07-04 00:00:00,1231.63
2025-07-07 00:00:00,1226.19
2025-07-08 00:00:00,1231.54
2025-07-09 00:00:00,1227.87
2025-07-10 00:00:00,1231.26
2025-07-11 00:00:00,1229.13
2025-07-14 00:00:00,1228.59
2025-07-15 00:00:00,1240.45
2025-07-16 00:00:00,1239.53
2025-07-17 00:00:00,1241.25
2025-07-18 00:00:00,1249.38
2025-07-21 00:00:00,1253.46
2025-07-22 00:00:00,1248.05
2025-07-23 00:00:00,1265.16
2025-07-24 00:00:00,1267.29
2025-07-25 00:00:00,1257.78
2025-07-28 00:00:00,1255.44
2025-07-29 00:00:00,1252.31
2025-07-30 00:00:00,1252.47
2025-07-31 00:00:00,1243.23
2025-08-01 00:00:00,1226.18
2025-08-04 00:00:00,1237.05
2025-08-05 00:00:00,1246.1
2025-08-06 00:00:00,1244.43
2025-08-07 00:00:00,1260.46
2025-08-08 00:00:00,1253.79
2025-08-11 00:00:00,1255.65
2025-08-12 00:00:00,1257.27
2025-08-13 00:00:00,1276.97
2025-08-14 00:00:00,1271.97
2025-08-15 00:00:00,1272.43
2025-08-18 00:00:00,1273.09
2025-08-19 00:00:00,1270.73
2025-08-20 00:00:00,1259.88
2025-08-21 00:00:00,1261.74
2025-08-22 00:00:00,1266.55
2025-08-25 00:00:00,1285.46
2025-08-26 00:00:00,1274.21
2025-08-27 00:00:00,1269.11
2025-08-28 00:00:00,1261.26
2025-08-29 00:00:00,1258.44
2025-09-01 00:00:00,1266.58
2025-09-02 00:00:00,1265.44
2025-09-03 00:00:00,1267.0
2025-09-04 00:00:00,1261.56
2025-09-05 00:00:00,1276.05
2025-09-08 00:00:00,1282.2
2025-09-09 00:00:00,1295.38
2025-09-10 00:00:00,1307.49
2025-09-11 00:00:00,1310.08
2025-09-12 00:00:00,1325.73
2025-09-15 00:00:00,1328.79
2025-09-16 00:00:00,1339.91
2025-09-17 00:00:00,1347.85
2025-09-18 00:00:00,1345.83
2025-09-19 00:00:00,1340.91
2025-09-22 00:00:00,1343.73
2025-09-23 00:00:00,1346.55
2025-09-24 00:00:00,1351.91
2025-09-25 00:00:00,1343.82
2025-09-26 00:00:00,1325.58
2025-09-29 00:00:00,1339.71
2025-09-30 00:00:00,1346.05
2025-10-01 00:00:00,1352.73
2025-10-02 00:00:00,1367.71
2025-10-03 00:00:00,1373.89
2025-10-06 00:00:00,1372.25
2025-10-07 00:00:00,1375.23
2025-10-08 00:00:00,1372.04
2025-10-09 00:00:00,1375.9
2025-10-10 00:00:00,1365.67
2025-10-13 00:00:00,1353.31
2025-10-14 00:00:00,1338.98
2025-10-15 00:00:00,1365.69
2025-10-16 00:00:00,1378.96
2025-10-17 00:00:00,1361.6
2025-10-20 00:00:00,1383.26
2025-10-21 00:00:00,1383.64
2025-10-22 00:00:00,1380.07
2025-10-23 00:00:00,1381.37
2025-10-24 00:00:00,1389.39
2025-10-27 00:00:00,1407.94
2025-10-28 00:00:00,1402.66
2025-10-29 00:00:00,1416.39
2025-10-30 00:00:00,1411.65
2025-10-31 00:00:00,1401.55
2025-11-03 00:00:00,1410.43
2025-11-04 00:00:00,1393.38
2025-11-05 00:00:00,1382.96
2025-11-06 00:00:00,1393.77
2025-11-07 00:00:00,1381.63
2025-11-10 00:00:00,1400.21
2025-11-11 00:00:00,1402.67
2025-11-12 00:00:00,1407.73
2025-11-13 00:00:00,1409.8
2025-11-14 00:00:00,1385.61
2025-11-17 00:00:00,1387.85
2025-11-18 00:00:00,1361.75
2025-11-19 00:00:00,1360.31
2025-11-20 00:00:00,1371.54
2025-11-21 00:00:00,1333.96
2025-11-24 00:00:00,1342.1
2025-11-25 00:00:00,1353.84
2025-11-26 00:00:00,1371.46
2025-11-27 00:00:00,1370.39
2025-11-28 00:00:00,1366.92
2025-12-01 00:00:00,1368.27
2025-12-02 00:00:00,1373.87
2025-12-03 00:00:00,1372.95
2025-12-04 00:00:00,1376.79
2025-12-05 00:00:00,1385.48
2025-12-08 00:00:00,1386.62
2025-12-09 00:00:00,1378.93
2025-12-10 00:00:00,1382.51
2025-12-11 00:00:00,1376.73
2025-12-12 00:00:00,1389.99
2025-12-15 00:00:00,1373.88
2025-12-16 00:00:00,1352.66
2025-12-17 00:00:00,1358.97
2025-12-18 00:00:00,1358.18
2025-12-19 00:00:00,1368.48
2025-12-22 00:00:00,1383.83
2025-12-23 00:00:00,1387.13
2025-12-24 00:00:00,1392.07
2025-12-25 00:00:00,1391.79
2025-12-26 00:00:00,1397.4
2025-12-29 00:00:00,1401.66
2025-12-30 00:00:00,1402.53
2025-12-31 00:00:00,1404.37
2026-01-01 00:00:00,1405.32
2026-01-02 00:00:00,1429.48
2026-01-05 00:00:00,1451.11
2026-01-06 00:00:00,1467.16
2026-01-07 00:00:00,1462.97
2026-01-08 00:00:00,1452.7
2026-01-09 00:00:00,1452.35
2026-01-12 00:00:00,1466.2
2026-01-13 00:00:00,1472.29
2026-01-14 00:00:00,1479.39
2026-01-15 00:00:00,1478.25
2026-01-16 00:00:00,1484.97
2026-01-19 00:00:00,1486.61
2026-01-20 00:00:00,1480.63
2026-01-21 00:00:00,1480.35
2026-01-22 00:00:00,1495.16
2026-01-23 00:00:00,1501.11
2026-01-26 00:00:00,1509.35
2026-01-27 00:00:00,1528.89
2026-01-28 00:00:00,1556.8
2026-01-29 00:00:00,1554.78
2026-01-30 00:00:00,1528.09
2026-02-02 00:00:00,1493.91
2026-02-03 00:00:00,1536.0
2026-02-04 00:00:00,1532.67
2026-02-05 00:00:00,1507.53
2026-02-06 00:00:00,1506.38
2026-02-09 00:00:00,1539.54
2026-02-10 00:00:00,1549.73
2026-02-11 00:00:00,1564.48
2026-02-12 00:00:00,1570.44
2026-02-13 00:00:00,1555.12
2026-02-16 00:00:00,1557.86
2026-02-17 00:00:00,1555.7
2026-02-18 00:00:00,1560.88
2026-02-19 00:00:00,1563.34
2026-02-20 00:00:00,1567.23
2026-02-23 00:00:00,1582.7
2026-02-24 00:00:00,1591.64
2026-02-25 00:00:00,1614.58
2026-02-26 00:00:00,1619.28
2026-02-27 00:00:00,1610.7
2026-03-02 00:00:00,1585.78
2026-03-03 00:00:00,1527.62
2026-03-04 00:00:00,1472.03
2026-03-05 00:00:00,1503.53
2026-03-06 00:00:00,1499.72
2026-03-09 00:00:00,1454.57
2026-03-10 00:00:00,1504.33
2026-03-11 00:00:00,1516.47
2026-03-12 00:00:00,1492.11
2026-03-13 00:00:00,1469.47
2026-03-16 00:00:00,1479.35
2026-03-17 00:00:00,1495.43
2026-03-18 00:00:00,1517.45
2026-03-19 00:00:00,1476.21
2026-03-20 00:00:00,1463.33
2026-03-23 00:00:00,1419.95
2026-03-24 00:00:00,1443.9
2026-03-25 00:00:00,1472.58
2026-03-26 00:00:00,1448.41
2026-03-27 00:00:00,1437.25
2026-03-30 00:00:00,1412.19
2026-03-31 00:00:00,1397.2
2026-04-01 00:00:00,1457.59
2026-04-02 00:00:00,1434.48
2026-04-03 00:00:00,1440.95
2026-04-06 00:00:00,1449.99
2026-04-07 00:00:00,1459.53
2026-04-08 00:00:00,1539.59
2026-04-09 00:00:00,1528.6
2026-04-10 00:00:00,1547.49
2026-04-13 00:00:00,1536.01
2026-04-14 00:00:00,1565.04
2026-04-15 00:00:00,1583.38
2026-04-16 00:00:00,1603.26
2026-04-17 00:00:00,1597.13
2026-04-20 00:00:00,1600.38
2026-04-21 00:00:00,1615.48
2026-04-22 00:00:00,1607.07
2026-04-23 00:00:00,1599.31
2026-04-24 00:00:00,1610.0
2026-04-27 00:00:00,1629.94
2026-04-28 00:00:00,1616.88
2026-04-29 00:00:00,1618.42
2026-04-30 00:00:00,1600.21
2026-05-01 00:00:00,1601.42
2026-05-04 00:00:00,1648.61
2026-05-05 00:00:00,1648.36
2026-05-06 00:00:00,1699.48
2026-05-07 00:00:00,1723.92
2026-05-08 00:00:00,1711.25
2026-05-11 00:00:00,1723.83
2026-05-12 00:00:00,1698.92
2026-05-13 00:00:00,1705.24
2026-05-14 00:00:00,1716.75
2026-05-15 00:00:00,1668.17
2026-05-18 00:00:00,1662.94
2026-05-19 00:00:00,1638.75
2026-05-20 00:00:00,1637.34
2026-05-21 00:00:00,1675.52
2026-05-22 00:00:00,1686.05
2026-05-25 00:00:00,1711.41
2026-05-26 00:00:00,1720.41
2026-05-27 00:00:00,1739.13
2026-05-28 00:00:00,1724.69
2026-05-29 00:00:00,1752.15
2026-06-01 00:00:00,1773.23
2026-06-02 00:00:00,1789.14
2026-06-03 00:00:00,1787.88
2026-06-04 00:00:00,1759.07
2026-06-05 00:00:00,1717.34
2026-06-08 00:00:00,1655.26
2026-06-09 00:00:00,1711.81
2026-06-10 00:00:00,1666.97
2026-06-11 00:00:00,1664.51
2026-06-12 00:00:00,1715.97
2026-06-15 00:00:00,1763.95
2026-06-16 00:00:00,1775.32
2026-06-17 00:00:00,1782.66
2026-06-18 00:00:00,1790.05
2026-06-19 00:00:00,1786.22
2026-06-22 00:00:00,1786.22
