date,US_10Y_Treasury_Yield
2005-01-03 00:00:00,4.2104
2005-01-04 00:00:00,4.2886
2005-01-05 00:00:00,4.2808
2005-01-06 00:00:00,4.2612
2005-01-07 00:00:00,4.269
2005-01-10 00:00:00,4.269
2005-01-11 00:00:00,4.2357
2005-01-12 00:00:00,4.2337
2005-01-13 00:00:00,4.1635
2005-01-14 00:00:00,4.208
2005-01-17 00:00:00,4.2082
2005-01-18 00:00:00,4.1848
2005-01-19 00:00:00,4.1711
2005-01-20 00:00:00,4.1614
2005-01-21 00:00:00,4.1399
2005-01-24 00:00:00,4.1204
2005-01-25 00:00:00,4.1925
2005-01-26 00:00:00,4.1964
2005-01-27 00:00:00,4.2179
2005-01-28 00:00:00,4.1397
2005-01-31 00:00:00,4.128
2005-02-01 00:00:00,4.1377
2005-02-02 00:00:00,4.1396
2005-02-03 00:00:00,4.163
2005-02-04 00:00:00,4.0753
2005-02-07 00:00:00,4.0501
2005-02-08 00:00:00,4.0153
2005-02-09 00:00:00,3.979
2005-02-10 00:00:00,4.0888
2005-02-11 00:00:00,4.0844
2005-02-14 00:00:00,4.069
2005-02-15 00:00:00,4.096
2005-02-16 00:00:00,4.1521
2005-02-17 00:00:00,4.1794
2005-02-18 00:00:00,4.2655
2005-02-21 00:00:00,4.2616
2005-02-22 00:00:00,4.2853
2005-02-23 00:00:00,4.2617
2005-02-24 00:00:00,4.2833
2005-02-25 00:00:00,4.2638
2005-02-28 00:00:00,4.3766
2005-03-01 00:00:00,4.3647
2005-03-02 00:00:00,4.3767
2005-03-03 00:00:00,4.3768
2005-03-04 00:00:00,4.3076
2005-03-07 00:00:00,4.3076
2005-03-08 00:00:00,4.3911
2005-03-09 00:00:00,4.5196
2005-03-10 00:00:00,4.4633
2005-03-11 00:00:00,4.5423
2005-03-14 00:00:00,4.508
2005-03-15 00:00:00,4.5445
2005-03-16 00:00:00,4.5062
2005-03-17 00:00:00,4.464
2005-03-18 00:00:00,4.5066
2005-03-21 00:00:00,4.5229
2005-03-22 00:00:00,4.6411
2005-03-23 00:00:00,4.5841
2005-03-24 00:00:00,4.5968
2005-03-25 00:00:00,4.5929
2005-03-28 00:00:00,4.64
2005-03-29 00:00:00,4.5726
2005-03-30 00:00:00,4.5462
2005-03-31 00:00:00,4.4815
2005-04-01 00:00:00,4.4475
2005-04-04 00:00:00,4.4556
2005-04-05 00:00:00,4.4678
2005-04-06 00:00:00,4.4215
2005-04-07 00:00:00,4.4802
2005-04-08 00:00:00,4.4683
2005-04-11 00:00:00,4.428
2005-04-12 00:00:00,4.3518
2005-04-13 00:00:00,4.3599
2005-04-14 00:00:00,4.308
2005-04-15 00:00:00,4.2406
2005-04-18 00:00:00,4.2704
2005-04-19 00:00:00,4.2109
2005-04-20 00:00:00,4.1853
2005-04-21 00:00:00,4.2945
2005-04-22 00:00:00,4.2449
2005-04-25 00:00:00,4.2469
2005-04-26 00:00:00,4.2649
2005-04-27 00:00:00,4.2232
2005-04-28 00:00:00,4.1442
2005-04-29 00:00:00,4.1976
2005-05-02 00:00:00,4.1858
2005-05-03 00:00:00,4.1641
2005-05-04 00:00:00,4.1859
2005-05-05 00:00:00,4.1543
2005-05-06 00:00:00,4.2576
2005-05-09 00:00:00,4.2816
2005-05-10 00:00:00,4.2
2005-05-11 00:00:00,4.202
2005-05-12 00:00:00,4.1703
2005-05-13 00:00:00,4.1173
2005-05-16 00:00:00,4.1269
2005-05-17 00:00:00,4.1134
2005-05-18 00:00:00,4.0884
2005-05-19 00:00:00,4.1115
2005-05-20 00:00:00,4.121
2005-05-23 00:00:00,4.0538
2005-05-24 00:00:00,4.0271
2005-05-25 00:00:00,4.0864
2005-05-26 00:00:00,4.0787
2005-05-27 00:00:00,4.0709
2005-05-30 00:00:00,4.069
2005-05-31 00:00:00,3.981
2005-06-01 00:00:00,3.8844
2005-06-02 00:00:00,3.9032
2005-06-03 00:00:00,3.9732
2005-06-06 00:00:00,3.9522
2005-06-07 00:00:00,3.901
2005-06-08 00:00:00,3.9331
2005-06-09 00:00:00,3.9483
2005-06-10 00:00:00,4.0514
2005-06-13 00:00:00,4.0918
2005-06-14 00:00:00,4.1072
2005-06-15 00:00:00,4.0995
2005-06-16 00:00:00,4.0667
2005-06-17 00:00:00,4.0705
2005-06-20 00:00:00,4.1091
2005-06-21 00:00:00,4.0396
2005-06-22 00:00:00,3.94
2005-06-23 00:00:00,3.9514
2005-06-24 00:00:00,3.917
2005-06-27 00:00:00,3.9017
2005-06-28 00:00:00,3.9703
2005-06-29 00:00:00,3.9779
2005-06-30 00:00:00,3.913
2005-07-01 00:00:00,4.0489
2005-07-04 00:00:00,4.0373
2005-07-05 00:00:00,4.105
2005-07-06 00:00:00,4.0682
2005-07-07 00:00:00,4.0605
2005-07-08 00:00:00,4.0914
2005-07-11 00:00:00,4.0933
2005-07-12 00:00:00,4.142
2005-07-13 00:00:00,4.1556
2005-07-14 00:00:00,4.1732
2005-07-15 00:00:00,4.1635
2005-07-18 00:00:00,4.2204
2005-07-19 00:00:00,4.1792
2005-07-20 00:00:00,4.1576
2005-07-21 00:00:00,4.2757
2005-07-22 00:00:00,4.2185
2005-07-25 00:00:00,4.2442
2005-07-26 00:00:00,4.2245
2005-07-27 00:00:00,4.2541
2005-07-28 00:00:00,4.1891
2005-07-29 00:00:00,4.276
2005-08-01 00:00:00,4.3099
2005-08-02 00:00:00,4.3338
2005-08-03 00:00:00,4.292
2005-08-04 00:00:00,4.312
2005-08-05 00:00:00,4.3861
2005-08-08 00:00:00,4.4184
2005-08-09 00:00:00,4.3883
2005-08-10 00:00:00,4.3903
2005-08-11 00:00:00,4.3203
2005-08-12 00:00:00,4.2423
2005-08-15 00:00:00,4.281
2005-08-16 00:00:00,4.2056
2005-08-17 00:00:00,4.2674
2005-08-18 00:00:00,4.1978
2005-08-19 00:00:00,4.2054
2005-08-22 00:00:00,4.2073
2005-08-23 00:00:00,4.1784
2005-08-24 00:00:00,4.1649
2005-08-25 00:00:00,4.1553
2005-08-26 00:00:00,4.186
2005-08-29 00:00:00,4.1667
2005-08-30 00:00:00,4.0899
2005-08-31 00:00:00,4.0137
2005-09-01 00:00:00,4.0307
2005-09-02 00:00:00,4.0362
2005-09-05 00:00:00,4.0285
2005-09-06 00:00:00,4.0953
2005-09-07 00:00:00,4.1375
2005-09-08 00:00:00,4.1452
2005-09-09 00:00:00,4.1181
2005-09-12 00:00:00,4.1701
2005-09-13 00:00:00,4.1258
2005-09-14 00:00:00,4.1643
2005-09-15 00:00:00,4.2107
2005-09-16 00:00:00,4.271
2005-09-19 00:00:00,4.2457
2005-09-20 00:00:00,4.2418
2005-09-21 00:00:00,4.166
2005-09-22 00:00:00,4.1795
2005-09-23 00:00:00,4.2456
2005-09-26 00:00:00,4.2906
2005-09-27 00:00:00,4.2808
2005-09-28 00:00:00,4.2534
2005-09-29 00:00:00,4.2945
2005-09-30 00:00:00,4.324
2005-10-03 00:00:00,4.3833
2005-10-04 00:00:00,4.3674
2005-10-05 00:00:00,4.3398
2005-10-06 00:00:00,4.3873
2005-10-07 00:00:00,4.354
2005-10-10 00:00:00,4.3557
2005-10-11 00:00:00,4.3914
2005-10-12 00:00:00,4.4392
2005-10-13 00:00:00,4.4612
2005-10-14 00:00:00,4.4793
2005-10-17 00:00:00,4.4934
2005-10-18 00:00:00,4.4694
2005-10-19 00:00:00,4.4594
2005-10-20 00:00:00,4.4295
2005-10-21 00:00:00,4.3837
2005-10-24 00:00:00,4.4436
2005-10-25 00:00:00,4.5341
2005-10-26 00:00:00,4.5827
2005-10-27 00:00:00,4.5463
2005-10-28 00:00:00,4.5648
2005-10-31 00:00:00,4.5506
2005-11-01 00:00:00,4.5629
2005-11-02 00:00:00,4.6036
2005-11-03 00:00:00,4.6465
2005-11-04 00:00:00,4.659
2005-11-07 00:00:00,4.6223
2005-11-08 00:00:00,4.5512
2005-11-09 00:00:00,4.6388
2005-11-10 00:00:00,4.5535
2005-11-11 00:00:00,4.5333
2005-11-14 00:00:00,4.6043
2005-11-15 00:00:00,4.5569
2005-11-16 00:00:00,4.4706
2005-11-17 00:00:00,4.4569
2005-11-18 00:00:00,4.4881
2005-11-21 00:00:00,4.4588
2005-11-22 00:00:00,4.4256
2005-11-23 00:00:00,4.47
2005-11-24 00:00:00,4.47
2005-11-25 00:00:00,4.4274
2005-11-28 00:00:00,4.404
2005-11-29 00:00:00,4.4743
2005-11-30 00:00:00,4.484
2005-12-01 00:00:00,4.5135
2005-12-02 00:00:00,4.5115
2005-12-05 00:00:00,4.5687
2005-12-06 00:00:00,4.482
2005-12-07 00:00:00,4.5095
2005-12-08 00:00:00,4.4623
2005-12-09 00:00:00,4.5233
2005-12-12 00:00:00,4.547
2005-12-13 00:00:00,4.5193
2005-12-14 00:00:00,4.4563
2005-12-15 00:00:00,4.4602
2005-12-16 00:00:00,4.4327
2005-12-19 00:00:00,4.4385
2005-12-20 00:00:00,4.4601
2005-12-21 00:00:00,4.4877
2005-12-22 00:00:00,4.4267
2005-12-23 00:00:00,4.372
2005-12-26 00:00:00,4.372
2005-12-27 00:00:00,4.3366
2005-12-28 00:00:00,4.3737
2005-12-29 00:00:00,4.3541
2005-12-30 00:00:00,4.3911
2006-01-02 00:00:00,4.3911
2006-01-03 00:00:00,4.3637
2006-01-04 00:00:00,4.3422
2006-01-05 00:00:00,4.3519
2006-01-06 00:00:00,4.3733
2006-01-09 00:00:00,4.3654
2006-01-10 00:00:00,4.4243
2006-01-11 00:00:00,4.4518
2006-01-12 00:00:00,4.4026
2006-01-13 00:00:00,4.3534
2006-01-16 00:00:00,4.3534
2006-01-17 00:00:00,4.324
2006-01-18 00:00:00,4.3318
2006-01-19 00:00:00,4.3729
2006-01-20 00:00:00,4.3493
2006-01-23 00:00:00,4.3551
2006-01-24 00:00:00,4.3904
2006-01-25 00:00:00,4.4754
2006-01-26 00:00:00,4.5172
2006-01-27 00:00:00,4.5092
2006-01-30 00:00:00,4.5251
2006-01-31 00:00:00,4.5152
2006-02-01 00:00:00,4.5551
2006-02-02 00:00:00,4.5571
2006-02-03 00:00:00,4.5232
2006-02-06 00:00:00,4.5432
2006-02-07 00:00:00,4.5652
2006-02-08 00:00:00,4.5873
2006-02-09 00:00:00,4.5432
2006-02-10 00:00:00,4.5845
2006-02-13 00:00:00,4.5766
2006-02-14 00:00:00,4.6102
2006-02-15 00:00:00,4.5964
2006-02-16 00:00:00,4.5825
2006-02-17 00:00:00,4.5372
2006-02-20 00:00:00,4.5372
2006-02-21 00:00:00,4.5648
2006-02-22 00:00:00,4.5215
2006-02-23 00:00:00,4.5549
2006-02-24 00:00:00,4.5727
2006-02-27 00:00:00,4.5905
2006-02-28 00:00:00,4.551
2006-03-01 00:00:00,4.5845
2006-03-02 00:00:00,4.6282
2006-03-03 00:00:00,4.6801
2006-03-06 00:00:00,4.7504
2006-03-07 00:00:00,4.7223
2006-03-08 00:00:00,4.7263
2006-03-09 00:00:00,4.7243
2006-03-10 00:00:00,4.7567
2006-03-13 00:00:00,4.7668
2006-03-14 00:00:00,4.6924
2006-03-15 00:00:00,4.7266
2006-03-16 00:00:00,4.6404
2006-03-17 00:00:00,4.6705
2006-03-20 00:00:00,4.6565
2006-03-21 00:00:00,4.7167
2006-03-22 00:00:00,4.6986
2006-03-23 00:00:00,4.7329
2006-03-24 00:00:00,4.6686
2006-03-27 00:00:00,4.7028
2006-03-28 00:00:00,4.7797
2006-03-29 00:00:00,4.8041
2006-03-30 00:00:00,4.8551
2006-03-31 00:00:00,4.8472
2006-04-03 00:00:00,4.8615
2006-04-04 00:00:00,4.8637
2006-04-05 00:00:00,4.8433
2006-04-06 00:00:00,4.8987
2006-04-07 00:00:00,4.9774
2006-04-10 00:00:00,4.9526
2006-04-11 00:00:00,4.9197
2006-04-12 00:00:00,4.9777
2006-04-13 00:00:00,5.0447
2006-04-14 00:00:00,5.0448
2006-04-17 00:00:00,5.0032
2006-04-18 00:00:00,4.9824
2006-04-19 00:00:00,5.0221
2006-04-20 00:00:00,5.0389
2006-04-21 00:00:00,5.0079
2006-04-24 00:00:00,4.9768
2006-04-25 00:00:00,5.0667
2006-04-26 00:00:00,5.1046
2006-04-27 00:00:00,5.0669
2006-04-28 00:00:00,5.0505
2006-05-01 00:00:00,5.1369
2006-05-02 00:00:00,5.1075
2006-05-03 00:00:00,5.1414
2006-05-04 00:00:00,5.1521
2006-05-05 00:00:00,5.0997
2006-05-08 00:00:00,5.1104
2006-05-09 00:00:00,5.1211
2006-05-10 00:00:00,5.1234
2006-05-11 00:00:00,5.151
2006-05-12 00:00:00,5.1938
2006-05-15 00:00:00,5.1533
2006-05-16 00:00:00,5.0947
2006-05-17 00:00:00,5.1431
2006-05-18 00:00:00,5.0605
2006-05-19 00:00:00,5.0584
2006-05-22 00:00:00,5.0383
2006-05-23 00:00:00,5.0123
2006-05-24 00:00:00,5.0363
2006-05-25 00:00:00,5.0683
2006-05-26 00:00:00,5.0481
2006-05-29 00:00:00,5.0481
2006-05-30 00:00:00,5.0762
2006-05-31 00:00:00,5.1186
2006-06-01 00:00:00,5.0984
2006-06-02 00:00:00,4.9898
2006-06-05 00:00:00,5.0177
2006-06-06 00:00:00,4.9997
2006-06-07 00:00:00,5.0177
2006-06-08 00:00:00,4.9936
2006-06-09 00:00:00,4.9714
2006-06-12 00:00:00,4.9774
2006-06-13 00:00:00,4.9613
2006-06-14 00:00:00,5.0617
2006-06-15 00:00:00,5.094
2006-06-16 00:00:00,5.1264
2006-06-19 00:00:00,5.1345
2006-06-20 00:00:00,5.1487
2006-06-21 00:00:00,5.1528
2006-06-22 00:00:00,5.208
2006-06-23 00:00:00,5.2223
2006-06-26 00:00:00,5.2326
2006-06-27 00:00:00,5.1998
2006-06-28 00:00:00,5.2429
2006-06-29 00:00:00,5.1936
2006-06-30 00:00:00,5.1364
2006-07-03 00:00:00,5.1486
2006-07-04 00:00:00,5.1486
2006-07-05 00:00:00,5.2204
2006-07-06 00:00:00,5.1793
2006-07-07 00:00:00,5.1261
2006-07-10 00:00:00,5.1241
2006-07-11 00:00:00,5.0996
2006-07-12 00:00:00,5.0976
2006-07-13 00:00:00,5.063
2006-07-14 00:00:00,5.0629
2006-07-17 00:00:00,5.0629
2006-07-18 00:00:00,5.1302
2006-07-19 00:00:00,5.0487
2006-07-20 00:00:00,5.0263
2006-07-21 00:00:00,5.0404
2006-07-24 00:00:00,5.0424
2006-07-25 00:00:00,5.0628
2006-07-26 00:00:00,5.0302
2006-07-27 00:00:00,5.0343
2006-07-28 00:00:00,4.9896
2006-07-31 00:00:00,4.9794
2006-08-01 00:00:00,4.9753
2006-08-02 00:00:00,4.9632
2006-08-03 00:00:00,4.9591
2006-08-04 00:00:00,4.8925
2006-08-07 00:00:00,4.9186
2006-08-08 00:00:00,4.9165
2006-08-09 00:00:00,4.9367
2006-08-10 00:00:00,4.9309
2006-08-11 00:00:00,4.9691
2006-08-14 00:00:00,4.9952
2006-08-15 00:00:00,4.9289
2006-08-16 00:00:00,4.859
2006-08-17 00:00:00,4.863
2006-08-18 00:00:00,4.841
2006-08-21 00:00:00,4.8112
2006-08-22 00:00:00,4.8092
2006-08-23 00:00:00,4.8072
2006-08-24 00:00:00,4.7992
2006-08-25 00:00:00,4.7793
2006-08-28 00:00:00,4.7911
2006-08-29 00:00:00,4.7772
2006-08-30 00:00:00,4.7515
2006-08-31 00:00:00,4.7258
2006-09-01 00:00:00,4.7236
2006-09-04 00:00:00,4.7235
2006-09-05 00:00:00,4.7789
2006-09-06 00:00:00,4.7948
2006-09-07 00:00:00,4.7848
2006-09-08 00:00:00,4.7708
2006-09-11 00:00:00,4.8006
2006-09-12 00:00:00,4.7688
2006-09-13 00:00:00,4.7588
2006-09-14 00:00:00,4.7886
2006-09-15 00:00:00,4.7885
2006-09-18 00:00:00,4.8044
2006-09-19 00:00:00,4.7328
2006-09-20 00:00:00,4.7288
2006-09-21 00:00:00,4.636
2006-09-22 00:00:00,4.5888
2006-09-25 00:00:00,4.5418
2006-09-26 00:00:00,4.5828
2006-09-27 00:00:00,4.5984
2006-09-28 00:00:00,4.612
2006-09-29 00:00:00,4.6276
2006-10-02 00:00:00,4.6
2006-10-03 00:00:00,4.6137
2006-10-04 00:00:00,4.5587
2006-10-05 00:00:00,4.6037
2006-10-06 00:00:00,4.6943
2006-10-09 00:00:00,4.6942
2006-10-10 00:00:00,4.7518
2006-10-11 00:00:00,4.7778
2006-10-12 00:00:00,4.7698
2006-10-13 00:00:00,4.7977
2006-10-16 00:00:00,4.7757
2006-10-17 00:00:00,4.7656
2006-10-18 00:00:00,4.7536
2006-10-19 00:00:00,4.7816
2006-10-20 00:00:00,4.7855
2006-10-23 00:00:00,4.8277
2006-10-24 00:00:00,4.8196
2006-10-25 00:00:00,4.7614
2006-10-26 00:00:00,4.7174
2006-10-27 00:00:00,4.6715
2006-10-30 00:00:00,4.6694
2006-10-31 00:00:00,4.5981
2006-11-01 00:00:00,4.5645
2006-11-02 00:00:00,4.594
2006-11-03 00:00:00,4.715
2006-11-06 00:00:00,4.693
2006-11-07 00:00:00,4.6571
2006-11-08 00:00:00,4.6352
2006-11-09 00:00:00,4.6253
2006-11-10 00:00:00,4.5877
2006-11-13 00:00:00,4.6093
2006-11-14 00:00:00,4.5622
2006-11-15 00:00:00,4.6171
2006-11-16 00:00:00,4.6644
2006-11-17 00:00:00,4.5993
2006-11-20 00:00:00,4.5973
2006-11-21 00:00:00,4.5698
2006-11-22 00:00:00,4.558
2006-11-23 00:00:00,4.5579
2006-11-24 00:00:00,4.548
2006-11-27 00:00:00,4.5285
2006-11-28 00:00:00,4.5011
2006-11-29 00:00:00,4.5206
2006-11-30 00:00:00,4.4581
2006-12-01 00:00:00,4.4327
2006-12-04 00:00:00,4.4229
2006-12-05 00:00:00,4.4403
2006-12-06 00:00:00,4.4851
2006-12-07 00:00:00,4.4811
2006-12-08 00:00:00,4.5437
2006-12-11 00:00:00,4.5182
2006-12-12 00:00:00,4.4848
2006-12-13 00:00:00,4.5791
2006-12-14 00:00:00,4.5968
2006-12-15 00:00:00,4.5928
2006-12-18 00:00:00,4.5809
2006-12-19 00:00:00,4.5888
2006-12-20 00:00:00,4.5947
2006-12-21 00:00:00,4.5454
2006-12-22 00:00:00,4.6185
2006-12-25 00:00:00,4.6184
2006-12-26 00:00:00,4.5986
2006-12-27 00:00:00,4.6503
2006-12-28 00:00:00,4.6802
2006-12-29 00:00:00,4.7022
2007-01-01 00:00:00,4.7022
2007-01-02 00:00:00,4.6802
2007-01-03 00:00:00,4.6582
2007-01-04 00:00:00,4.6024
2007-01-05 00:00:00,4.6442
2007-01-08 00:00:00,4.6522
2007-01-09 00:00:00,4.6542
2007-01-10 00:00:00,4.6843
2007-01-11 00:00:00,4.7305
2007-01-12 00:00:00,4.775
2007-01-15 00:00:00,4.775
2007-01-16 00:00:00,4.7467
2007-01-17 00:00:00,4.7791
2007-01-18 00:00:00,4.7427
2007-01-19 00:00:00,4.7752
2007-01-22 00:00:00,4.759
2007-01-23 00:00:00,4.8077
2007-01-24 00:00:00,4.8077
2007-01-25 00:00:00,4.8731
2007-01-26 00:00:00,4.8733
2007-01-29 00:00:00,4.8897
2007-01-30 00:00:00,4.8693
2007-01-31 00:00:00,4.808
2007-02-01 00:00:00,4.8346
2007-02-02 00:00:00,4.8204
2007-02-05 00:00:00,4.8021
2007-02-06 00:00:00,4.7655
2007-02-07 00:00:00,4.7432
2007-02-08 00:00:00,4.7319
2007-02-09 00:00:00,4.7797
2007-02-12 00:00:00,4.8037
2007-02-13 00:00:00,4.8078
2007-02-14 00:00:00,4.7359
2007-02-15 00:00:00,4.7061
2007-02-16 00:00:00,4.6882
2007-02-19 00:00:00,4.6882
2007-02-20 00:00:00,4.6743
2007-02-21 00:00:00,4.6902
2007-02-22 00:00:00,4.7279
2007-02-23 00:00:00,4.6703
2007-02-26 00:00:00,4.6248
2007-02-27 00:00:00,4.5109
2007-02-28 00:00:00,4.5657
2007-03-01 00:00:00,4.5499
2007-03-02 00:00:00,4.497
2007-03-05 00:00:00,4.495
2007-03-06 00:00:00,4.5282
2007-03-07 00:00:00,4.4871
2007-03-08 00:00:00,4.5125
2007-03-09 00:00:00,4.5871
2007-03-12 00:00:00,4.5516
2007-03-13 00:00:00,4.4907
2007-03-14 00:00:00,4.5338
2007-03-15 00:00:00,4.5358
2007-03-16 00:00:00,4.5435
2007-03-19 00:00:00,4.5632
2007-03-20 00:00:00,4.5494
2007-03-21 00:00:00,4.5356
2007-03-22 00:00:00,4.5829
2007-03-23 00:00:00,4.6105
2007-03-26 00:00:00,4.6006
2007-03-27 00:00:00,4.5966
2007-03-28 00:00:00,4.6204
2007-03-29 00:00:00,4.6423
2007-03-30 00:00:00,4.6443
2007-04-02 00:00:00,4.6403
2007-04-03 00:00:00,4.6642
2007-04-04 00:00:00,4.6482
2007-04-05 00:00:00,4.6782
2007-04-06 00:00:00,4.7485
2007-04-09 00:00:00,4.7425
2007-04-10 00:00:00,4.7184
2007-04-11 00:00:00,4.7304
2007-04-12 00:00:00,4.7345
2007-04-13 00:00:00,4.7608
2007-04-16 00:00:00,4.7346
2007-04-17 00:00:00,4.6803
2007-04-18 00:00:00,4.6502
2007-04-19 00:00:00,4.6642
2007-04-20 00:00:00,4.6703
2007-04-23 00:00:00,4.6402
2007-04-24 00:00:00,4.6202
2007-04-25 00:00:00,4.6502
2007-04-26 00:00:00,4.6964
2007-04-27 00:00:00,4.6924
2007-04-30 00:00:00,4.6222
2007-05-01 00:00:00,4.6362
2007-05-02 00:00:00,4.6422
2007-05-03 00:00:00,4.6723
2007-05-04 00:00:00,4.6382
2007-05-07 00:00:00,4.6262
2007-05-08 00:00:00,4.6342
2007-05-09 00:00:00,4.6618
2007-05-10 00:00:00,4.6379
2007-05-11 00:00:00,4.6717
2007-05-14 00:00:00,4.6936
2007-05-15 00:00:00,4.7016
2007-05-16 00:00:00,4.7096
2007-05-17 00:00:00,4.7517
2007-05-18 00:00:00,4.8001
2007-05-21 00:00:00,4.782
2007-05-22 00:00:00,4.8245
2007-05-23 00:00:00,4.8468
2007-05-24 00:00:00,4.8387
2007-05-25 00:00:00,4.8572
2007-05-28 00:00:00,4.8573
2007-05-29 00:00:00,4.8818
2007-05-30 00:00:00,4.8675
2007-05-31 00:00:00,4.8879
2007-06-01 00:00:00,4.9516
2007-06-04 00:00:00,4.9271
2007-06-05 00:00:00,4.9908
2007-06-06 00:00:00,4.9641
2007-06-07 00:00:00,5.13
2007-06-08 00:00:00,5.0991
2007-06-11 00:00:00,5.1514
2007-06-12 00:00:00,5.2928
2007-06-13 00:00:00,5.1979
2007-06-14 00:00:00,5.2212
2007-06-15 00:00:00,5.1627
2007-06-18 00:00:00,5.1335
2007-06-19 00:00:00,5.0814
2007-06-20 00:00:00,5.1316
2007-06-21 00:00:00,5.1863
2007-06-22 00:00:00,5.13
2007-06-25 00:00:00,5.08
2007-06-26 00:00:00,5.078
2007-06-27 00:00:00,5.0802
2007-06-28 00:00:00,5.1033
2007-06-29 00:00:00,5.0244
2007-07-02 00:00:00,4.9892
2007-07-03 00:00:00,5.0372
2007-07-04 00:00:00,5.0373
2007-07-05 00:00:00,5.1402
2007-07-06 00:00:00,5.1824
2007-07-09 00:00:00,5.1382
2007-07-10 00:00:00,5.0212
2007-07-11 00:00:00,5.086
2007-07-12 00:00:00,5.1239
2007-07-13 00:00:00,5.0928
2007-07-16 00:00:00,5.0385
2007-07-17 00:00:00,5.0491
2007-07-18 00:00:00,5.0283
2007-07-19 00:00:00,5.0159
2007-07-20 00:00:00,4.9497
2007-07-23 00:00:00,4.9477
2007-07-24 00:00:00,4.9085
2007-07-25 00:00:00,4.8983
2007-07-26 00:00:00,4.7854
2007-07-27 00:00:00,4.757
2007-07-30 00:00:00,4.802
2007-07-31 00:00:00,4.7388
2007-08-01 00:00:00,4.7919
2007-08-02 00:00:00,4.7654
2007-08-03 00:00:00,4.6842
2007-08-06 00:00:00,4.7371
2007-08-07 00:00:00,4.7677
2007-08-08 00:00:00,4.8767
2007-08-09 00:00:00,4.7678
2007-08-10 00:00:00,4.8076
2007-08-13 00:00:00,4.7599
2007-08-14 00:00:00,4.7243
2007-08-15 00:00:00,4.7243
2007-08-16 00:00:00,4.6572
2007-08-17 00:00:00,4.6847
2007-08-20 00:00:00,4.6257
2007-08-21 00:00:00,4.5904
2007-08-22 00:00:00,4.6452
2007-08-23 00:00:00,4.6452
2007-08-24 00:00:00,4.6156
2007-08-27 00:00:00,4.5627
2007-08-28 00:00:00,4.5062
2007-08-29 00:00:00,4.5587
2007-08-30 00:00:00,4.5061
2007-08-31 00:00:00,4.5292
2007-09-03 00:00:00,4.5291
2007-09-04 00:00:00,4.5466
2007-09-05 00:00:00,4.4669
2007-09-06 00:00:00,4.5076
2007-09-07 00:00:00,4.3816
2007-09-10 00:00:00,4.322
2007-09-11 00:00:00,4.3679
2007-09-12 00:00:00,4.4102
2007-09-13 00:00:00,4.4643
2007-09-14 00:00:00,4.4544
2007-09-17 00:00:00,4.466
2007-09-18 00:00:00,4.4717
2007-09-19 00:00:00,4.5458
2007-09-20 00:00:00,4.6957
2007-09-21 00:00:00,4.6203
2007-09-24 00:00:00,4.6282
2007-09-25 00:00:00,4.6242
2007-09-26 00:00:00,4.6202
2007-09-27 00:00:00,4.563
2007-09-28 00:00:00,4.5865
2007-10-01 00:00:00,4.5452
2007-10-02 00:00:00,4.5216
2007-10-03 00:00:00,4.5588
2007-10-04 00:00:00,4.5097
2007-10-05 00:00:00,4.6356
2007-10-08 00:00:00,4.6356
2007-10-09 00:00:00,4.6475
2007-10-10 00:00:00,4.6495
2007-10-11 00:00:00,4.6355
2007-10-12 00:00:00,4.6812
2007-10-15 00:00:00,4.6772
2007-10-16 00:00:00,4.6473
2007-10-17 00:00:00,4.5522
2007-10-18 00:00:00,4.4893
2007-10-19 00:00:00,4.3915
2007-10-22 00:00:00,4.4108
2007-10-23 00:00:00,4.403
2007-10-24 00:00:00,4.3388
2007-10-25 00:00:00,4.3775
2007-10-26 00:00:00,4.4006
2007-10-29 00:00:00,4.3811
2007-10-30 00:00:00,4.379
2007-10-31 00:00:00,4.4708
2007-11-01 00:00:00,4.3458
2007-11-02 00:00:00,4.3165
2007-11-05 00:00:00,4.3338
2007-11-06 00:00:00,4.3726
2007-11-07 00:00:00,4.3084
2007-11-08 00:00:00,4.2829
2007-11-09 00:00:00,4.2133
2007-11-12 00:00:00,4.2133
2007-11-13 00:00:00,4.2635
2007-11-14 00:00:00,4.25
2007-11-15 00:00:00,4.1403
2007-11-16 00:00:00,4.167
2007-11-19 00:00:00,4.0714
2007-11-20 00:00:00,4.0961
2007-11-21 00:00:00,4.0067
2007-11-22 00:00:00,4.0065
2007-11-23 00:00:00,3.9989
2007-11-26 00:00:00,3.8391
2007-11-27 00:00:00,3.9477
2007-11-28 00:00:00,4.0347
2007-11-29 00:00:00,3.9344
2007-11-30 00:00:00,3.9379
2007-12-03 00:00:00,3.8459
2007-12-04 00:00:00,3.8926
2007-12-05 00:00:00,3.9547
2007-12-06 00:00:00,4.0076
2007-12-07 00:00:00,4.1048
2007-12-10 00:00:00,4.1567
2007-12-11 00:00:00,3.9694
2007-12-12 00:00:00,4.0893
2007-12-13 00:00:00,4.2011
2007-12-14 00:00:00,4.234
2007-12-17 00:00:00,4.1449
2007-12-18 00:00:00,4.1179
2007-12-19 00:00:00,4.0278
2007-12-20 00:00:00,4.0507
2007-12-21 00:00:00,4.1679
2007-12-24 00:00:00,4.2125
2007-12-25 00:00:00,4.2125
2007-12-26 00:00:00,4.2749
2007-12-27 00:00:00,4.1969
2007-12-28 00:00:00,4.0732
2007-12-31 00:00:00,4.0232
2008-01-01 00:00:00,4.0231
2008-01-02 00:00:00,3.9033
2008-01-03 00:00:00,3.8918
2008-01-04 00:00:00,3.8651
2008-01-07 00:00:00,3.8311
2008-01-08 00:00:00,3.7822
2008-01-09 00:00:00,3.8215
2008-01-10 00:00:00,3.8837
2008-01-11 00:00:00,3.7835
2008-01-14 00:00:00,3.7647
2008-01-15 00:00:00,3.6751
2008-01-16 00:00:00,3.7345
2008-01-17 00:00:00,3.6211
2008-01-18 00:00:00,3.6297
2008-01-21 00:00:00,3.6296
2008-01-22 00:00:00,3.4332
2008-01-23 00:00:00,3.598
2008-01-24 00:00:00,3.7018
2008-01-25 00:00:00,3.5494
2008-01-28 00:00:00,3.5806
2008-01-29 00:00:00,3.6769
2008-01-30 00:00:00,3.6656
2008-01-31 00:00:00,3.5931
2008-02-01 00:00:00,3.5926
2008-02-04 00:00:00,3.6444
2008-02-05 00:00:00,3.5701
2008-02-06 00:00:00,3.5885
2008-02-07 00:00:00,3.7569
2008-02-08 00:00:00,3.6428
2008-02-11 00:00:00,3.6144
2008-02-12 00:00:00,3.6579
2008-02-13 00:00:00,3.7282
2008-02-14 00:00:00,3.8163
2008-02-15 00:00:00,3.7686
2008-02-18 00:00:00,3.7686
2008-02-19 00:00:00,3.8959
2008-02-20 00:00:00,3.8902
2008-02-21 00:00:00,3.7706
2008-02-22 00:00:00,3.8016
2008-02-25 00:00:00,3.8964
2008-02-26 00:00:00,3.8596
2008-02-27 00:00:00,3.8481
2008-02-28 00:00:00,3.6697
2008-02-29 00:00:00,3.5092
2008-03-03 00:00:00,3.5468
2008-03-04 00:00:00,3.6242
2008-03-05 00:00:00,3.668
2008-03-06 00:00:00,3.5826
2008-03-07 00:00:00,3.5317
2008-03-10 00:00:00,3.4549
2008-03-11 00:00:00,3.5921
2008-03-12 00:00:00,3.4604
2008-03-13 00:00:00,3.5261
2008-03-14 00:00:00,3.4679
2008-03-17 00:00:00,3.3061
2008-03-18 00:00:00,3.4828
2008-03-19 00:00:00,3.3282
2008-03-20 00:00:00,3.3336
2008-03-21 00:00:00,3.3335
2008-03-24 00:00:00,3.5563
2008-03-25 00:00:00,3.5053
2008-03-26 00:00:00,3.4602
2008-03-27 00:00:00,3.528
2008-03-28 00:00:00,3.4414
2008-03-31 00:00:00,3.4096
2008-04-01 00:00:00,3.5583
2008-04-02 00:00:00,3.5963
2008-04-03 00:00:00,3.5773
2008-04-04 00:00:00,3.4657
2008-04-07 00:00:00,3.5356
2008-04-08 00:00:00,3.5564
2008-04-09 00:00:00,3.4807
2008-04-10 00:00:00,3.5394
2008-04-11 00:00:00,3.4694
2008-04-14 00:00:00,3.5109
2008-04-15 00:00:00,3.6003
2008-04-16 00:00:00,3.6886
2008-04-17 00:00:00,3.7273
2008-04-18 00:00:00,3.7061
2008-04-21 00:00:00,3.7255
2008-04-22 00:00:00,3.6908
2008-04-23 00:00:00,3.7314
2008-04-24 00:00:00,3.8249
2008-04-25 00:00:00,3.8703
2008-04-28 00:00:00,3.8252
2008-04-29 00:00:00,3.8194
2008-04-30 00:00:00,3.7279
2008-05-01 00:00:00,3.763
2008-05-02 00:00:00,3.8551
2008-05-05 00:00:00,3.867
2008-05-06 00:00:00,3.9164
2008-05-07 00:00:00,3.8475
2008-05-08 00:00:00,3.7748
2008-05-09 00:00:00,3.7692
2008-05-12 00:00:00,3.7974
2008-05-13 00:00:00,3.9131
2008-05-14 00:00:00,3.9112
2008-05-15 00:00:00,3.8144
2008-05-16 00:00:00,3.8446
2008-05-19 00:00:00,3.8294
2008-05-20 00:00:00,3.7746
2008-05-21 00:00:00,3.8067
2008-05-22 00:00:00,3.9111
2008-05-23 00:00:00,3.8425
2008-05-26 00:00:00,3.8425
2008-05-27 00:00:00,3.9188
2008-05-28 00:00:00,4.0033
2008-05-29 00:00:00,4.075
2008-05-30 00:00:00,4.0595
2008-06-02 00:00:00,3.9571
2008-06-03 00:00:00,3.8939
2008-06-04 00:00:00,3.9764
2008-06-05 00:00:00,4.0383
2008-06-06 00:00:00,3.9092
2008-06-09 00:00:00,3.9977
2008-06-10 00:00:00,4.1027
2008-06-11 00:00:00,4.0735
2008-06-12 00:00:00,4.2108
2008-06-13 00:00:00,4.2565
2008-06-16 00:00:00,4.2666
2008-06-17 00:00:00,4.1973
2008-06-18 00:00:00,4.1363
2008-06-19 00:00:00,4.2073
2008-06-20 00:00:00,4.1641
2008-06-23 00:00:00,4.1641
2008-06-24 00:00:00,4.0818
2008-06-25 00:00:00,4.0994
2008-06-26 00:00:00,4.033
2008-06-27 00:00:00,3.9652
2008-06-30 00:00:00,3.969
2008-07-01 00:00:00,4.0021
2008-07-02 00:00:00,3.9575
2008-07-03 00:00:00,3.975
2008-07-04 00:00:00,3.975
2008-07-07 00:00:00,3.8995
2008-07-08 00:00:00,3.8822
2008-07-09 00:00:00,3.8112
2008-07-10 00:00:00,3.7959
2008-07-11 00:00:00,3.9576
2008-07-14 00:00:00,3.8553
2008-07-15 00:00:00,3.8188
2008-07-16 00:00:00,3.9344
2008-07-17 00:00:00,3.9907
2008-07-18 00:00:00,4.0828
2008-07-21 00:00:00,4.0417
2008-07-22 00:00:00,4.0987
2008-07-23 00:00:00,4.1165
2008-07-24 00:00:00,3.9968
2008-07-25 00:00:00,4.0969
2008-07-28 00:00:00,4.0008
2008-07-29 00:00:00,4.038
2008-07-30 00:00:00,4.0439
2008-07-31 00:00:00,3.9462
2008-08-01 00:00:00,3.9307
2008-08-04 00:00:00,3.9619
2008-08-05 00:00:00,4.0167
2008-08-06 00:00:00,4.0501
2008-08-07 00:00:00,3.92
2008-08-08 00:00:00,3.9276
2008-08-11 00:00:00,3.9904
2008-08-12 00:00:00,3.8954
2008-08-13 00:00:00,3.9314
2008-08-14 00:00:00,3.886
2008-08-15 00:00:00,3.8349
2008-08-18 00:00:00,3.8104
2008-08-19 00:00:00,3.8292
2008-08-20 00:00:00,3.8009
2008-08-21 00:00:00,3.8291
2008-08-22 00:00:00,3.8704
2008-08-25 00:00:00,3.7837
2008-08-26 00:00:00,3.7743
2008-08-27 00:00:00,3.763
2008-08-28 00:00:00,3.7779
2008-08-29 00:00:00,3.8116
2008-09-01 00:00:00,3.8115
2008-09-02 00:00:00,3.7326
2008-09-03 00:00:00,3.699
2008-09-04 00:00:00,3.6227
2008-09-05 00:00:00,3.6986
2008-09-08 00:00:00,3.6743
2008-09-09 00:00:00,3.5668
2008-09-10 00:00:00,3.6295
2008-09-11 00:00:00,3.6425
2008-09-12 00:00:00,3.7187
2008-09-15 00:00:00,3.3868
2008-09-16 00:00:00,3.4357
2008-09-17 00:00:00,3.4137
2008-09-18 00:00:00,3.5437
2008-09-19 00:00:00,3.8105
2008-09-22 00:00:00,3.8351
2008-09-23 00:00:00,3.7991
2008-09-24 00:00:00,3.8104
2008-09-25 00:00:00,3.854
2008-09-26 00:00:00,3.852
2008-09-29 00:00:00,3.5776
2008-09-30 00:00:00,3.8234
2008-10-01 00:00:00,3.7382
2008-10-02 00:00:00,3.6276
2008-10-03 00:00:00,3.6031
2008-10-06 00:00:00,3.4532
2008-10-07 00:00:00,3.5028
2008-10-08 00:00:00,3.6401
2008-10-09 00:00:00,3.785
2008-10-10 00:00:00,3.8705
2008-10-13 00:00:00,3.978
2008-10-14 00:00:00,4.0772
2008-10-15 00:00:00,3.9453
2008-10-16 00:00:00,3.9569
2008-10-17 00:00:00,3.9299
2008-10-20 00:00:00,3.8416
2008-10-21 00:00:00,3.7388
2008-10-22 00:00:00,3.594
2008-10-23 00:00:00,3.6745
2008-10-24 00:00:00,3.6856
2008-10-27 00:00:00,3.6874
2008-10-28 00:00:00,3.8336
2008-10-29 00:00:00,3.8546
2008-10-30 00:00:00,3.9645
2008-10-31 00:00:00,3.953
2008-11-03 00:00:00,3.9141
2008-11-04 00:00:00,3.7247
2008-11-05 00:00:00,3.7019
2008-11-06 00:00:00,3.6886
2008-11-07 00:00:00,3.7929
2008-11-10 00:00:00,3.7432
2008-11-11 00:00:00,3.7432
2008-11-12 00:00:00,3.6466
2008-11-13 00:00:00,3.8525
2008-11-14 00:00:00,3.7349
2008-11-17 00:00:00,3.6484
2008-11-18 00:00:00,3.5293
2008-11-19 00:00:00,3.3205
2008-11-20 00:00:00,3.0131
2008-11-21 00:00:00,3.1974
2008-11-24 00:00:00,3.3236
2008-11-25 00:00:00,3.1078
2008-11-26 00:00:00,2.9784
2008-11-27 00:00:00,2.9778
2008-11-28 00:00:00,2.92
2008-12-01 00:00:00,2.7309
2008-12-02 00:00:00,2.6724
2008-12-03 00:00:00,2.6585
2008-12-04 00:00:00,2.5513
2008-12-05 00:00:00,2.7037
2008-12-08 00:00:00,2.7378
2008-12-09 00:00:00,2.6399
2008-12-10 00:00:00,2.6824
2008-12-11 00:00:00,2.6019
2008-12-12 00:00:00,2.5705
2008-12-15 00:00:00,2.5127
2008-12-16 00:00:00,2.2558
2008-12-17 00:00:00,2.1915
2008-12-18 00:00:00,2.0788
2008-12-19 00:00:00,2.1231
2008-12-22 00:00:00,2.17
2008-12-23 00:00:00,2.1729
2008-12-24 00:00:00,2.182
2008-12-25 00:00:00,2.1809
2008-12-26 00:00:00,2.1318
2008-12-29 00:00:00,2.0989
2008-12-30 00:00:00,2.053
2008-12-31 00:00:00,2.2123
2009-01-01 00:00:00,2.2123
2009-01-02 00:00:00,2.3688
2009-01-05 00:00:00,2.4812
2009-01-06 00:00:00,2.4454
2009-01-07 00:00:00,2.4942
2009-01-08 00:00:00,2.4398
2009-01-09 00:00:00,2.39
2009-01-12 00:00:00,2.3044
2009-01-13 00:00:00,2.2924
2009-01-14 00:00:00,2.1993
2009-01-15 00:00:00,2.2055
2009-01-16 00:00:00,2.3188
2009-01-19 00:00:00,2.3184
2009-01-20 00:00:00,2.3771
2009-01-21 00:00:00,2.536
2009-01-22 00:00:00,2.5922
2009-01-23 00:00:00,2.6172
2009-01-26 00:00:00,2.6411
2009-01-27 00:00:00,2.5274
2009-01-28 00:00:00,2.6665
2009-01-29 00:00:00,2.8586
2009-01-30 00:00:00,2.8403
2009-02-02 00:00:00,2.7226
2009-02-03 00:00:00,2.884
2009-02-04 00:00:00,2.9353
2009-02-05 00:00:00,2.912
2009-02-06 00:00:00,2.9917
2009-02-09 00:00:00,2.9844
2009-02-10 00:00:00,2.8136
2009-02-11 00:00:00,2.7537
2009-02-12 00:00:00,2.7824
2009-02-13 00:00:00,2.8894
2009-02-16 00:00:00,2.8895
2009-02-17 00:00:00,2.6479
2009-02-18 00:00:00,2.7554
2009-02-19 00:00:00,2.8531
2009-02-20 00:00:00,2.7879
2009-02-23 00:00:00,2.7536
2009-02-24 00:00:00,2.7951
2009-02-25 00:00:00,2.9263
2009-02-26 00:00:00,2.9908
2009-02-27 00:00:00,3.0131
2009-03-02 00:00:00,2.8624
2009-03-03 00:00:00,2.8771
2009-03-04 00:00:00,2.9745
2009-03-05 00:00:00,2.8115
2009-03-06 00:00:00,2.8717
2009-03-09 00:00:00,2.8589
2009-03-10 00:00:00,3.0044
2009-03-11 00:00:00,2.9048
2009-03-12 00:00:00,2.8535
2009-03-13 00:00:00,2.8902
2009-03-16 00:00:00,2.9529
2009-03-17 00:00:00,3.0066
2009-03-18 00:00:00,2.533
2009-03-19 00:00:00,2.6023
2009-03-20 00:00:00,2.6344
2009-03-23 00:00:00,2.6523
2009-03-24 00:00:00,2.701
2009-03-25 00:00:00,2.7844
2009-03-26 00:00:00,2.7389
2009-03-27 00:00:00,2.7571
2009-03-30 00:00:00,2.7117
2009-03-31 00:00:00,2.6629
2009-04-01 00:00:00,2.6539
2009-04-02 00:00:00,2.7662
2009-04-03 00:00:00,2.8853
2009-04-06 00:00:00,2.9223
2009-04-07 00:00:00,2.8965
2009-04-08 00:00:00,2.8559
2009-04-09 00:00:00,2.9207
2009-04-10 00:00:00,2.9226
2009-04-13 00:00:00,2.8579
2009-04-14 00:00:00,2.7845
2009-04-15 00:00:00,2.7644
2009-04-16 00:00:00,2.8303
2009-04-17 00:00:00,2.9451
2009-04-20 00:00:00,2.8359
2009-04-21 00:00:00,2.8969
2009-04-22 00:00:00,2.9397
2009-04-23 00:00:00,2.9193
2009-04-24 00:00:00,2.9903
2009-04-27 00:00:00,2.9083
2009-04-28 00:00:00,3.0073
2009-04-29 00:00:00,3.1073
2009-04-30 00:00:00,3.1187
2009-05-01 00:00:00,3.1533
2009-05-04 00:00:00,3.1514
2009-05-05 00:00:00,3.1592
2009-05-06 00:00:00,3.1612
2009-05-07 00:00:00,3.3341
2009-05-08 00:00:00,3.2856
2009-05-11 00:00:00,3.1654
2009-05-12 00:00:00,3.1727
2009-05-13 00:00:00,3.1195
2009-05-14 00:00:00,3.0884
2009-05-15 00:00:00,3.1341
2009-05-18 00:00:00,3.23
2009-05-19 00:00:00,3.243
2009-05-20 00:00:00,3.1912
2009-05-21 00:00:00,3.3644
2009-05-22 00:00:00,3.4495
2009-05-25 00:00:00,3.4496
2009-05-26 00:00:00,3.5467
2009-05-27 00:00:00,3.7381
2009-05-28 00:00:00,3.6122
2009-05-29 00:00:00,3.4594
2009-06-01 00:00:00,3.6726
2009-06-02 00:00:00,3.6127
2009-06-03 00:00:00,3.5398
2009-06-04 00:00:00,3.7099
2009-06-05 00:00:00,3.8279
2009-06-08 00:00:00,3.8736
2009-06-09 00:00:00,3.8559
2009-06-10 00:00:00,3.9455
2009-06-11 00:00:00,3.8543
2009-06-12 00:00:00,3.7916
2009-06-15 00:00:00,3.7113
2009-06-16 00:00:00,3.6588
2009-06-17 00:00:00,3.6882
2009-06-18 00:00:00,3.8277
2009-06-19 00:00:00,3.7808
2009-06-22 00:00:00,3.681
2009-06-23 00:00:00,3.6208
2009-06-24 00:00:00,3.6851
2009-06-25 00:00:00,3.5398
2009-06-26 00:00:00,3.5363
2009-06-29 00:00:00,3.4768
2009-06-30 00:00:00,3.5326
2009-07-01 00:00:00,3.5365
2009-07-02 00:00:00,3.4946
2009-07-03 00:00:00,3.4985
2009-07-06 00:00:00,3.5063
2009-07-07 00:00:00,3.4544
2009-07-08 00:00:00,3.3081
2009-07-09 00:00:00,3.403
2009-07-10 00:00:00,3.3026
2009-07-13 00:00:00,3.35
2009-07-14 00:00:00,3.4703
2009-07-15 00:00:00,3.6038
2009-07-16 00:00:00,3.5689
2009-07-17 00:00:00,3.6433
2009-07-20 00:00:00,3.6063
2009-07-21 00:00:00,3.4824
2009-07-22 00:00:00,3.5443
2009-07-23 00:00:00,3.6555
2009-07-24 00:00:00,3.6578
2009-07-27 00:00:00,3.7189
2009-07-28 00:00:00,3.6856
2009-07-29 00:00:00,3.6582
2009-07-30 00:00:00,3.6074
2009-07-31 00:00:00,3.4796
2009-08-03 00:00:00,3.6333
2009-08-04 00:00:00,3.6845
2009-08-05 00:00:00,3.7459
2009-08-06 00:00:00,3.7501
2009-08-07 00:00:00,3.8502
2009-08-10 00:00:00,3.7765
2009-08-11 00:00:00,3.6677
2009-08-12 00:00:00,3.7172
2009-08-13 00:00:00,3.595
2009-08-14 00:00:00,3.5688
2009-08-17 00:00:00,3.4684
2009-08-18 00:00:00,3.5092
2009-08-19 00:00:00,3.4517
2009-08-20 00:00:00,3.4313
2009-08-21 00:00:00,3.5649
2009-08-24 00:00:00,3.4755
2009-08-25 00:00:00,3.4348
2009-08-26 00:00:00,3.4329
2009-08-27 00:00:00,3.4531
2009-08-28 00:00:00,3.4456
2009-08-31 00:00:00,3.3975
2009-09-01 00:00:00,3.3625
2009-09-02 00:00:00,3.3056
2009-09-03 00:00:00,3.344
2009-09-04 00:00:00,3.4378
2009-09-07 00:00:00,3.4415
2009-09-08 00:00:00,3.4823
2009-09-09 00:00:00,3.4711
2009-09-10 00:00:00,3.3472
2009-09-11 00:00:00,3.347
2009-09-14 00:00:00,3.4208
2009-09-15 00:00:00,3.4541
2009-09-16 00:00:00,3.469
2009-09-17 00:00:00,3.3836
2009-09-18 00:00:00,3.4632
2009-09-21 00:00:00,3.4799
2009-09-22 00:00:00,3.4445
2009-09-23 00:00:00,3.4184
2009-09-24 00:00:00,3.3813
2009-09-25 00:00:00,3.3184
2009-09-28 00:00:00,3.2797
2009-09-29 00:00:00,3.2906
2009-09-30 00:00:00,3.3053
2009-10-01 00:00:00,3.179
2009-10-02 00:00:00,3.2188
2009-10-05 00:00:00,3.2205
2009-10-06 00:00:00,3.2552
2009-10-07 00:00:00,3.182
2009-10-08 00:00:00,3.2477
2009-10-09 00:00:00,3.3802
2009-10-12 00:00:00,3.3783
2009-10-13 00:00:00,3.3468
2009-10-14 00:00:00,3.4136
2009-10-15 00:00:00,3.4565
2009-10-16 00:00:00,3.4115
2009-10-19 00:00:00,3.3891
2009-10-20 00:00:00,3.3407
2009-10-21 00:00:00,3.3853
2009-10-22 00:00:00,3.4132
2009-10-23 00:00:00,3.49
2009-10-26 00:00:00,3.5542
2009-10-27 00:00:00,3.4448
2009-10-28 00:00:00,3.4148
2009-10-29 00:00:00,3.4974
2009-10-30 00:00:00,3.3828
2009-11-02 00:00:00,3.4145
2009-11-03 00:00:00,3.4652
2009-11-04 00:00:00,3.5237
2009-11-05 00:00:00,3.5236
2009-11-06 00:00:00,3.4971
2009-11-09 00:00:00,3.4857
2009-11-10 00:00:00,3.4724
2009-11-11 00:00:00,3.4831
2009-11-12 00:00:00,3.4438
2009-11-13 00:00:00,3.4177
2009-11-16 00:00:00,3.3343
2009-11-17 00:00:00,3.3232
2009-11-18 00:00:00,3.3638
2009-11-19 00:00:00,3.3361
2009-11-20 00:00:00,3.3656
2009-11-23 00:00:00,3.3489
2009-11-24 00:00:00,3.3027
2009-11-25 00:00:00,3.2695
2009-11-26 00:00:00,3.2694
2009-11-27 00:00:00,3.2051
2009-11-30 00:00:00,3.1978
2009-12-01 00:00:00,3.2822
2009-12-02 00:00:00,3.3099
2009-12-03 00:00:00,3.3842
2009-12-04 00:00:00,3.4722
2009-12-07 00:00:00,3.429
2009-12-08 00:00:00,3.3804
2009-12-09 00:00:00,3.4328
2009-12-10 00:00:00,3.4967
2009-12-11 00:00:00,3.5498
2009-12-14 00:00:00,3.548
2009-12-15 00:00:00,3.5861
2009-12-16 00:00:00,3.5975
2009-12-17 00:00:00,3.478
2009-12-18 00:00:00,3.5368
2009-12-21 00:00:00,3.6745
2009-12-22 00:00:00,3.7538
2009-12-23 00:00:00,3.7481
2009-12-24 00:00:00,3.8029
2009-12-25 00:00:00,3.803
2009-12-28 00:00:00,3.8402
2009-12-29 00:00:00,3.7972
2009-12-30 00:00:00,3.7856
2009-12-31 00:00:00,3.8368
2010-01-01 00:00:00,3.835
2010-01-04 00:00:00,3.8155
2010-01-05 00:00:00,3.7608
2010-01-06 00:00:00,3.8215
2010-01-07 00:00:00,3.8235
2010-01-08 00:00:00,3.8297
2010-01-11 00:00:00,3.818
2010-01-12 00:00:00,3.7108
2010-01-13 00:00:00,3.7908
2010-01-14 00:00:00,3.7382
2010-01-15 00:00:00,3.6744
2010-01-18 00:00:00,3.6745
2010-01-19 00:00:00,3.6919
2010-01-20 00:00:00,3.6474
2010-01-21 00:00:00,3.5858
2010-01-22 00:00:00,3.6071
2010-01-25 00:00:00,3.6265
2010-01-26 00:00:00,3.6188
2010-01-27 00:00:00,3.6479
2010-01-28 00:00:00,3.6344
2010-01-29 00:00:00,3.5844
2010-02-01 00:00:00,3.6501
2010-02-02 00:00:00,3.6405
2010-02-03 00:00:00,3.7047
2010-02-04 00:00:00,3.6058
2010-02-05 00:00:00,3.5654
2010-02-08 00:00:00,3.5597
2010-02-09 00:00:00,3.6448
2010-02-10 00:00:00,3.6897
2010-02-11 00:00:00,3.7155
2010-02-12 00:00:00,3.6928
2010-02-15 00:00:00,3.6909
2010-02-16 00:00:00,3.6569
2010-02-17 00:00:00,3.7307
2010-02-18 00:00:00,3.8012
2010-02-19 00:00:00,3.7726
2010-02-22 00:00:00,3.7955
2010-02-23 00:00:00,3.6834
2010-02-24 00:00:00,3.6909
2010-02-25 00:00:00,3.6324
2010-02-26 00:00:00,3.6117
2010-03-01 00:00:00,3.6079
2010-03-02 00:00:00,3.6041
2010-03-03 00:00:00,3.6173
2010-03-04 00:00:00,3.6022
2010-03-05 00:00:00,3.6796
2010-03-08 00:00:00,3.7157
2010-03-09 00:00:00,3.7005
2010-03-10 00:00:00,3.7215
2010-03-11 00:00:00,3.7272
2010-03-12 00:00:00,3.7006
2010-03-15 00:00:00,3.6949
2010-03-16 00:00:00,3.6493
2010-03-17 00:00:00,3.6361
2010-03-18 00:00:00,3.6759
2010-03-19 00:00:00,3.6892
2010-03-22 00:00:00,3.6588
2010-03-23 00:00:00,3.6854
2010-03-24 00:00:00,3.8524
2010-03-25 00:00:00,3.8777
2010-03-26 00:00:00,3.8468
2010-03-29 00:00:00,3.8643
2010-03-30 00:00:00,3.8566
2010-03-31 00:00:00,3.8257
2010-04-01 00:00:00,3.8685
2010-04-02 00:00:00,3.9446
2010-04-05 00:00:00,3.9859
2010-04-06 00:00:00,3.9505
2010-04-07 00:00:00,3.8531
2010-04-08 00:00:00,3.8901
2010-04-09 00:00:00,3.8825
2010-04-12 00:00:00,3.8417
2010-04-13 00:00:00,3.8204
2010-04-14 00:00:00,3.8593
2010-04-15 00:00:00,3.8321
2010-04-16 00:00:00,3.7626
2010-04-19 00:00:00,3.7974
2010-04-20 00:00:00,3.7993
2010-04-21 00:00:00,3.7356
2010-04-22 00:00:00,3.7723
2010-04-23 00:00:00,3.8092
2010-04-26 00:00:00,3.8054
2010-04-27 00:00:00,3.6877
2010-04-28 00:00:00,3.7628
2010-04-29 00:00:00,3.7243
2010-04-30 00:00:00,3.6532
2010-05-03 00:00:00,3.682
2010-05-04 00:00:00,3.5902
2010-05-05 00:00:00,3.5388
2010-05-06 00:00:00,3.3938
2010-05-07 00:00:00,3.4255
2010-05-10 00:00:00,3.5406
2010-05-11 00:00:00,3.5235
2010-05-12 00:00:00,3.571
2010-05-13 00:00:00,3.5261
2010-05-14 00:00:00,3.4534
2010-05-17 00:00:00,3.4869
2010-05-18 00:00:00,3.3462
2010-05-19 00:00:00,3.3682
2010-05-20 00:00:00,3.2126
2010-05-21 00:00:00,3.2379
2010-05-24 00:00:00,3.1942
2010-05-25 00:00:00,3.1578
2010-05-26 00:00:00,3.1886
2010-05-27 00:00:00,3.3605
2010-05-28 00:00:00,3.2922
2010-05-31 00:00:00,3.2848
2010-06-01 00:00:00,3.2591
2010-06-02 00:00:00,3.34
2010-06-03 00:00:00,3.3639
2010-06-04 00:00:00,3.2023
2010-06-07 00:00:00,3.1422
2010-06-08 00:00:00,3.1857
2010-06-09 00:00:00,3.1729
2010-06-10 00:00:00,3.3193
2010-06-11 00:00:00,3.2346
2010-06-14 00:00:00,3.2529
2010-06-15 00:00:00,3.3025
2010-06-16 00:00:00,3.2601
2010-06-17 00:00:00,3.1887
2010-06-18 00:00:00,3.2195
2010-06-21 00:00:00,3.2414
2010-06-22 00:00:00,3.1664
2010-06-23 00:00:00,3.119
2010-06-24 00:00:00,3.1371
2010-06-25 00:00:00,3.1078
2010-06-28 00:00:00,3.021
2010-06-29 00:00:00,2.9491
2010-06-30 00:00:00,2.9311
2010-07-01 00:00:00,2.947
2010-07-02 00:00:00,2.977
2010-07-05 00:00:00,2.9733
2010-07-06 00:00:00,2.9302
2010-07-07 00:00:00,2.9803
2010-07-08 00:00:00,3.0306
2010-07-09 00:00:00,3.052
2010-07-12 00:00:00,3.0628
2010-07-13 00:00:00,3.1208
2010-07-14 00:00:00,3.0426
2010-07-15 00:00:00,2.9937
2010-07-16 00:00:00,2.9215
2010-07-19 00:00:00,2.9537
2010-07-20 00:00:00,2.9481
2010-07-21 00:00:00,2.8782
2010-07-22 00:00:00,2.9353
2010-07-23 00:00:00,2.9943
2010-07-26 00:00:00,2.9924
2010-07-27 00:00:00,3.0485
2010-07-28 00:00:00,2.985
2010-07-29 00:00:00,2.9794
2010-07-30 00:00:00,2.9052
2010-08-02 00:00:00,2.9609
2010-08-03 00:00:00,2.9085
2010-08-04 00:00:00,2.9498
2010-08-05 00:00:00,2.9011
2010-08-06 00:00:00,2.8166
2010-08-09 00:00:00,2.8289
2010-08-10 00:00:00,2.7593
2010-08-11 00:00:00,2.6814
2010-08-12 00:00:00,2.7455
2010-08-13 00:00:00,2.6716
2010-08-16 00:00:00,2.5626
2010-08-17 00:00:00,2.6321
2010-08-18 00:00:00,2.6321
2010-08-19 00:00:00,2.575
2010-08-20 00:00:00,2.6106
2010-08-23 00:00:00,2.5981
2010-08-24 00:00:00,2.488
2010-08-25 00:00:00,2.534
2010-08-26 00:00:00,2.4755
2010-08-27 00:00:00,2.6447
2010-08-30 00:00:00,2.5285
2010-08-31 00:00:00,2.4683
2010-09-01 00:00:00,2.573
2010-09-02 00:00:00,2.6231
2010-09-03 00:00:00,2.697
2010-09-06 00:00:00,2.7025
2010-09-07 00:00:00,2.5944
2010-09-08 00:00:00,2.6555
2010-09-09 00:00:00,2.7588
2010-09-10 00:00:00,2.7917
2010-09-13 00:00:00,2.748
2010-09-14 00:00:00,2.679
2010-09-15 00:00:00,2.7207
2010-09-16 00:00:00,2.7608
2010-09-17 00:00:00,2.7372
2010-09-20 00:00:00,2.7026
2010-09-21 00:00:00,2.5727
2010-09-22 00:00:00,2.5583
2010-09-23 00:00:00,2.5511
2010-09-24 00:00:00,2.605
2010-09-27 00:00:00,2.5242
2010-09-28 00:00:00,2.4653
2010-09-29 00:00:00,2.5027
2010-09-30 00:00:00,2.5098
2010-10-01 00:00:00,2.5097
2010-10-04 00:00:00,2.4758
2010-10-05 00:00:00,2.4722
2010-10-06 00:00:00,2.3976
2010-10-07 00:00:00,2.3834
2010-10-08 00:00:00,2.392
2010-10-11 00:00:00,2.3919
2010-10-12 00:00:00,2.4309
2010-10-13 00:00:00,2.422
2010-10-14 00:00:00,2.5076
2010-10-15 00:00:00,2.5597
2010-10-18 00:00:00,2.5075
2010-10-19 00:00:00,2.4752
2010-10-20 00:00:00,2.4788
2010-10-21 00:00:00,2.5452
2010-10-22 00:00:00,2.5541
2010-10-25 00:00:00,2.5613
2010-10-26 00:00:00,2.6393
2010-10-27 00:00:00,2.7198
2010-10-28 00:00:00,2.6576
2010-10-29 00:00:00,2.5993
2010-11-01 00:00:00,2.6229
2010-11-02 00:00:00,2.5866
2010-11-03 00:00:00,2.5702
2010-11-04 00:00:00,2.489
2010-11-05 00:00:00,2.5304
2010-11-08 00:00:00,2.5502
2010-11-09 00:00:00,2.6558
2010-11-10 00:00:00,2.6286
2010-11-11 00:00:00,2.6447
2010-11-12 00:00:00,2.7871
2010-11-15 00:00:00,2.9593
2010-11-16 00:00:00,2.84
2010-11-17 00:00:00,2.8766
2010-11-18 00:00:00,2.895
2010-11-19 00:00:00,2.8713
2010-11-22 00:00:00,2.8019
2010-11-23 00:00:00,2.7729
2010-11-24 00:00:00,2.912
2010-11-25 00:00:00,2.9085
2010-11-26 00:00:00,2.8663
2010-11-29 00:00:00,2.8205
2010-11-30 00:00:00,2.7968
2010-12-01 00:00:00,2.9642
2010-12-02 00:00:00,2.9885
2010-12-03 00:00:00,3.0055
2010-12-06 00:00:00,2.9201
2010-12-07 00:00:00,3.1257
2010-12-08 00:00:00,3.2723
2010-12-09 00:00:00,3.2037
2010-12-10 00:00:00,3.319
2010-12-13 00:00:00,3.275
2010-12-14 00:00:00,3.4727
2010-12-15 00:00:00,3.5318
2010-12-16 00:00:00,3.4224
2010-12-17 00:00:00,3.3279
2010-12-20 00:00:00,3.3358
2010-12-21 00:00:00,3.3031
2010-12-22 00:00:00,3.3458
2010-12-23 00:00:00,3.3892
2010-12-24 00:00:00,3.3933
2010-12-27 00:00:00,3.3294
2010-12-28 00:00:00,3.4795
2010-12-29 00:00:00,3.3489
2010-12-30 00:00:00,3.3646
2010-12-31 00:00:00,3.2935
2011-01-03 00:00:00,3.3324
2011-01-04 00:00:00,3.3287
2011-01-05 00:00:00,3.4654
2011-01-06 00:00:00,3.3932
2011-01-07 00:00:00,3.3237
2011-01-10 00:00:00,3.2832
2011-01-11 00:00:00,3.3396
2011-01-12 00:00:00,3.365
2011-01-13 00:00:00,3.2972
2011-01-14 00:00:00,3.3231
2011-01-17 00:00:00,3.3291
2011-01-18 00:00:00,3.3663
2011-01-19 00:00:00,3.339
2011-01-20 00:00:00,3.4488
2011-01-21 00:00:00,3.4042
2011-01-24 00:00:00,3.4044
2011-01-25 00:00:00,3.3284
2011-01-26 00:00:00,3.4146
2011-01-27 00:00:00,3.3873
2011-01-28 00:00:00,3.3214
2011-01-31 00:00:00,3.3704
2011-02-01 00:00:00,3.4394
2011-02-02 00:00:00,3.4771
2011-02-03 00:00:00,3.5488
2011-02-04 00:00:00,3.6356
2011-02-07 00:00:00,3.6299
2011-02-08 00:00:00,3.7373
2011-02-09 00:00:00,3.6465
2011-02-10 00:00:00,3.6928
2011-02-11 00:00:00,3.6288
2011-02-14 00:00:00,3.6194
2011-02-15 00:00:00,3.6044
2011-02-16 00:00:00,3.6193
2011-02-17 00:00:00,3.5725
2011-02-18 00:00:00,3.5799
2011-02-21 00:00:00,3.5874
2011-02-22 00:00:00,3.4533
2011-02-23 00:00:00,3.4848
2011-02-24 00:00:00,3.4477
2011-02-25 00:00:00,3.4125
2011-02-28 00:00:00,3.4272
2011-03-01 00:00:00,3.3921
2011-03-02 00:00:00,3.4697
2011-03-03 00:00:00,3.5554
2011-03-04 00:00:00,3.49
2011-03-07 00:00:00,3.5123
2011-03-08 00:00:00,3.5477
2011-03-09 00:00:00,3.4675
2011-03-10 00:00:00,3.3584
2011-03-11 00:00:00,3.4025
2011-03-14 00:00:00,3.3563
2011-03-15 00:00:00,3.303
2011-03-16 00:00:00,3.17
2011-03-17 00:00:00,3.255
2011-03-18 00:00:00,3.2678
2011-03-21 00:00:00,3.3282
2011-03-22 00:00:00,3.3263
2011-03-23 00:00:00,3.3501
2011-03-24 00:00:00,3.4037
2011-03-25 00:00:00,3.4388
2011-03-28 00:00:00,3.4313
2011-03-29 00:00:00,3.4872
2011-03-30 00:00:00,3.4349
2011-03-31 00:00:00,3.4703
2011-04-01 00:00:00,3.4422
2011-04-04 00:00:00,3.4179
2011-04-05 00:00:00,3.4795
2011-04-06 00:00:00,3.5452
2011-04-07 00:00:00,3.5451
2011-04-08 00:00:00,3.5772
2011-04-11 00:00:00,3.5847
2011-04-12 00:00:00,3.4904
2011-04-13 00:00:00,3.4585
2011-04-14 00:00:00,3.4979
2011-04-15 00:00:00,3.4079
2011-04-18 00:00:00,3.3743
2011-04-19 00:00:00,3.3631
2011-04-20 00:00:00,3.4077
2011-04-21 00:00:00,3.3963
2011-04-22 00:00:00,3.3907
2011-04-25 00:00:00,3.3627
2011-04-26 00:00:00,3.307
2011-04-27 00:00:00,3.3552
2011-04-28 00:00:00,3.3106
2011-04-29 00:00:00,3.2863
2011-05-02 00:00:00,3.2788
2011-05-03 00:00:00,3.2473
2011-05-04 00:00:00,3.2159
2011-05-05 00:00:00,3.1499
2011-05-06 00:00:00,3.1459
2011-05-09 00:00:00,3.1604
2011-05-10 00:00:00,3.2135
2011-05-11 00:00:00,3.1593
2011-05-12 00:00:00,3.2225
2011-05-13 00:00:00,3.1709
2011-05-16 00:00:00,3.147
2011-05-17 00:00:00,3.1158
2011-05-18 00:00:00,3.1801
2011-05-19 00:00:00,3.1709
2011-05-20 00:00:00,3.1451
2011-05-23 00:00:00,3.1286
2011-05-24 00:00:00,3.1139
2011-05-25 00:00:00,3.1304
2011-05-26 00:00:00,3.0572
2011-05-27 00:00:00,3.0735
2011-05-30 00:00:00,3.0735
2011-05-31 00:00:00,3.0607
2011-06-01 00:00:00,2.9408
2011-06-02 00:00:00,3.0297
2011-06-03 00:00:00,2.9859
2011-06-06 00:00:00,2.995
2011-06-07 00:00:00,2.9949
2011-06-08 00:00:00,2.9387
2011-06-09 00:00:00,2.9967
2011-06-10 00:00:00,2.9693
2011-06-13 00:00:00,2.9838
2011-06-14 00:00:00,3.0972
2011-06-15 00:00:00,2.9692
2011-06-16 00:00:00,2.9274
2011-06-17 00:00:00,2.9445
2011-06-20 00:00:00,2.958
2011-06-21 00:00:00,2.9835
2011-06-22 00:00:00,2.9825
2011-06-23 00:00:00,2.9116
2011-06-24 00:00:00,2.8636
2011-06-27 00:00:00,2.9305
2011-06-28 00:00:00,3.0308
2011-06-29 00:00:00,3.1118
2011-06-30 00:00:00,3.16
2011-07-01 00:00:00,3.1823
2011-07-04 00:00:00,3.1823
2011-07-05 00:00:00,3.121
2011-07-06 00:00:00,3.108
2011-07-07 00:00:00,3.1377
2011-07-08 00:00:00,3.0268
2011-07-11 00:00:00,2.9189
2011-07-12 00:00:00,2.877
2011-07-13 00:00:00,2.8824
2011-07-14 00:00:00,2.9534
2011-07-15 00:00:00,2.9058
2011-07-18 00:00:00,2.9276
2011-07-19 00:00:00,2.8802
2011-07-20 00:00:00,2.9275
2011-07-21 00:00:00,3.0136
2011-07-22 00:00:00,2.9621
2011-07-25 00:00:00,3.0006
2011-07-26 00:00:00,2.9529
2011-07-27 00:00:00,2.9803
2011-07-28 00:00:00,2.9454
2011-07-29 00:00:00,2.7961
2011-08-01 00:00:00,2.7437
2011-08-02 00:00:00,2.6114
2011-08-03 00:00:00,2.6202
2011-08-04 00:00:00,2.4028
2011-08-05 00:00:00,2.5585
2011-08-08 00:00:00,2.3179
2011-08-09 00:00:00,2.2488
2011-08-10 00:00:00,2.1061
2011-08-11 00:00:00,2.3399
2011-08-12 00:00:00,2.2548
2011-08-15 00:00:00,2.3053
2011-08-16 00:00:00,2.2196
2011-08-17 00:00:00,2.1652
2011-08-18 00:00:00,2.0624
2011-08-19 00:00:00,2.0623
2011-08-22 00:00:00,2.1058
2011-08-23 00:00:00,2.153
2011-08-24 00:00:00,2.2994
2011-08-25 00:00:00,2.2286
2011-08-26 00:00:00,2.1899
2011-08-29 00:00:00,2.2561
2011-08-30 00:00:00,2.1767
2011-08-31 00:00:00,2.2234
2011-09-01 00:00:00,2.1302
2011-09-02 00:00:00,1.9857
2011-09-05 00:00:00,1.9857
2011-09-06 00:00:00,1.984
2011-09-07 00:00:00,2.0429
2011-09-08 00:00:00,1.9787
2011-09-09 00:00:00,1.9183
2011-09-12 00:00:00,1.9475
2011-09-13 00:00:00,1.9906
2011-09-14 00:00:00,1.9837
2011-09-15 00:00:00,2.082
2011-09-16 00:00:00,2.0479
2011-09-19 00:00:00,1.9506
2011-09-20 00:00:00,1.9385
2011-09-21 00:00:00,1.8576
2011-09-22 00:00:00,1.718
2011-09-23 00:00:00,1.8334
2011-09-26 00:00:00,1.9002
2011-09-27 00:00:00,1.9711
2011-09-28 00:00:00,1.9797
2011-09-29 00:00:00,1.9962
2011-09-30 00:00:00,1.9154
2011-10-03 00:00:00,1.756
2011-10-04 00:00:00,1.8207
2011-10-05 00:00:00,1.8877
2011-10-06 00:00:00,1.9872
2011-10-07 00:00:00,2.0764
2011-10-10 00:00:00,2.0764
2011-10-11 00:00:00,2.1496
2011-10-12 00:00:00,2.2101
2011-10-13 00:00:00,2.1834
2011-10-14 00:00:00,2.2477
2011-10-17 00:00:00,2.155
2011-10-18 00:00:00,2.1763
2011-10-19 00:00:00,2.1603
2011-10-20 00:00:00,2.1888
2011-10-21 00:00:00,2.2192
2011-10-24 00:00:00,2.2336
2011-10-25 00:00:00,2.1089
2011-10-26 00:00:00,2.2041
2011-10-27 00:00:00,2.3964
2011-10-28 00:00:00,2.3167
2011-10-31 00:00:00,2.1133
2011-11-01 00:00:00,1.9889
2011-11-02 00:00:00,1.9854
2011-11-03 00:00:00,2.0734
2011-11-04 00:00:00,2.0327
2011-11-07 00:00:00,2.0371
2011-11-08 00:00:00,2.0769
2011-11-09 00:00:00,1.9615
2011-11-10 00:00:00,2.0564
2011-11-11 00:00:00,2.0564
2011-11-14 00:00:00,2.0556
2011-11-15 00:00:00,2.0451
2011-11-16 00:00:00,2.0
2011-11-17 00:00:00,1.9602
2011-11-18 00:00:00,2.0104
2011-11-21 00:00:00,1.955
2011-11-22 00:00:00,1.917
2011-11-23 00:00:00,1.8835
2011-11-24 00:00:00,1.8835
2011-11-25 00:00:00,1.9635
2011-11-28 00:00:00,1.9739
2011-11-29 00:00:00,1.9913
2011-11-30 00:00:00,2.068
2011-12-01 00:00:00,2.0873
2011-12-02 00:00:00,2.0331
2011-12-05 00:00:00,2.0436
2011-12-06 00:00:00,2.0891
2011-12-07 00:00:00,2.0296
2011-12-08 00:00:00,1.9704
2011-12-09 00:00:00,2.0611
2011-12-12 00:00:00,2.0121
2011-12-13 00:00:00,1.9651
2011-12-14 00:00:00,1.9027
2011-12-15 00:00:00,1.9079
2011-12-16 00:00:00,1.8474
2011-12-19 00:00:00,1.8096
2011-12-20 00:00:00,1.9233
2011-12-21 00:00:00,1.9668
2011-12-22 00:00:00,1.9476
2011-12-23 00:00:00,2.0244
2011-12-26 00:00:00,2.0244
2011-12-27 00:00:00,2.0052
2011-12-28 00:00:00,1.9162
2011-12-29 00:00:00,1.8988
2011-12-30 00:00:00,1.8762
2012-01-02 00:00:00,1.8762
2012-01-03 00:00:00,1.9474
2012-01-04 00:00:00,1.9771
2012-01-05 00:00:00,1.9946
2012-01-06 00:00:00,1.9578
2012-01-09 00:00:00,1.9578
2012-01-10 00:00:00,1.9683
2012-01-11 00:00:00,1.9037
2012-01-12 00:00:00,1.9228
2012-01-13 00:00:00,1.8636
2012-01-16 00:00:00,1.8636
2012-01-17 00:00:00,1.8566
2012-01-18 00:00:00,1.8983
2012-01-19 00:00:00,1.977
2012-01-20 00:00:00,2.0246
2012-01-23 00:00:00,2.0511
2012-01-24 00:00:00,2.06
2012-01-25 00:00:00,1.9946
2012-01-26 00:00:00,1.9313
2012-01-27 00:00:00,1.891
2012-01-30 00:00:00,1.8439
2012-01-31 00:00:00,1.7971
2012-02-01 00:00:00,1.8265
2012-02-02 00:00:00,1.8212
2012-02-03 00:00:00,1.9224
2012-02-06 00:00:00,1.9066
2012-02-07 00:00:00,1.9734
2012-02-08 00:00:00,1.9822
2012-02-09 00:00:00,2.0364
2012-02-10 00:00:00,1.9862
2012-02-13 00:00:00,1.9741
2012-02-14 00:00:00,1.9361
2012-02-15 00:00:00,1.9275
2012-02-16 00:00:00,1.9827
2012-02-17 00:00:00,2.0017
2012-02-20 00:00:00,2.0017
2012-02-21 00:00:00,2.0591
2012-02-22 00:00:00,2.0034
2012-02-23 00:00:00,1.9965
2012-02-24 00:00:00,1.9757
2012-02-27 00:00:00,1.9255
2012-02-28 00:00:00,1.9428
2012-02-29 00:00:00,1.9705
2012-03-01 00:00:00,2.0261
2012-03-02 00:00:00,1.9739
2012-03-05 00:00:00,2.0104
2012-03-06 00:00:00,1.9427
2012-03-07 00:00:00,1.9756
2012-03-08 00:00:00,2.0121
2012-03-09 00:00:00,2.0279
2012-03-12 00:00:00,2.0331
2012-03-13 00:00:00,2.1263
2012-03-14 00:00:00,2.2686
2012-03-15 00:00:00,2.2794
2012-03-16 00:00:00,2.294
2012-03-19 00:00:00,2.3772
2012-03-20 00:00:00,2.3591
2012-03-21 00:00:00,2.296
2012-03-22 00:00:00,2.2781
2012-03-23 00:00:00,2.2317
2012-03-26 00:00:00,2.2479
2012-03-27 00:00:00,2.1836
2012-03-28 00:00:00,2.1997
2012-03-29 00:00:00,2.1587
2012-03-30 00:00:00,2.2088
2012-04-02 00:00:00,2.182
2012-04-03 00:00:00,2.2988
2012-04-04 00:00:00,2.2233
2012-04-05 00:00:00,2.1805
2012-04-06 00:00:00,2.0545
2012-04-09 00:00:00,2.0474
2012-04-10 00:00:00,1.9823
2012-04-11 00:00:00,2.0351
2012-04-12 00:00:00,2.051
2012-04-13 00:00:00,1.9823
2012-04-16 00:00:00,1.9805
2012-04-17 00:00:00,1.9981
2012-04-18 00:00:00,1.9753
2012-04-19 00:00:00,1.9665
2012-04-20 00:00:00,1.9629
2012-04-23 00:00:00,1.9349
2012-04-24 00:00:00,1.9735
2012-04-25 00:00:00,1.984
2012-04-26 00:00:00,1.9383
2012-04-27 00:00:00,1.9348
2012-04-30 00:00:00,1.9137
2012-05-01 00:00:00,1.9435
2012-05-02 00:00:00,1.9277
2012-05-03 00:00:00,1.9312
2012-05-04 00:00:00,1.8786
2012-05-07 00:00:00,1.8716
2012-05-08 00:00:00,1.8402
2012-05-09 00:00:00,1.8227
2012-05-10 00:00:00,1.867
2012-05-11 00:00:00,1.8376
2012-05-14 00:00:00,1.7637
2012-05-15 00:00:00,1.7671
2012-05-16 00:00:00,1.7603
2012-05-17 00:00:00,1.6971
2012-05-18 00:00:00,1.7226
2012-05-21 00:00:00,1.7414
2012-05-22 00:00:00,1.7688
2012-05-23 00:00:00,1.7346
2012-05-24 00:00:00,1.7774
2012-05-25 00:00:00,1.738
2012-05-28 00:00:00,1.738
2012-05-29 00:00:00,1.7448
2012-05-30 00:00:00,1.622
2012-05-31 00:00:00,1.5578
2012-06-01 00:00:00,1.452
2012-06-04 00:00:00,1.5239
2012-06-05 00:00:00,1.5744
2012-06-06 00:00:00,1.6592
2012-06-07 00:00:00,1.6388
2012-06-08 00:00:00,1.6353
2012-06-11 00:00:00,1.586
2012-06-12 00:00:00,1.6642
2012-06-13 00:00:00,1.5927
2012-06-14 00:00:00,1.642
2012-06-15 00:00:00,1.5773
2012-06-18 00:00:00,1.5738
2012-06-19 00:00:00,1.6197
2012-06-20 00:00:00,1.6572
2012-06-21 00:00:00,1.6162
2012-06-22 00:00:00,1.6742
2012-06-25 00:00:00,1.6024
2012-06-26 00:00:00,1.6262
2012-06-27 00:00:00,1.6177
2012-06-28 00:00:00,1.5768
2012-06-29 00:00:00,1.6449
2012-07-02 00:00:00,1.5885
2012-07-03 00:00:00,1.6294
2012-07-04 00:00:00,1.6294
2012-07-05 00:00:00,1.5969
2012-07-06 00:00:00,1.5491
2012-07-09 00:00:00,1.5117
2012-07-10 00:00:00,1.5015
2012-07-11 00:00:00,1.5167
2012-07-12 00:00:00,1.4743
2012-07-13 00:00:00,1.4876
2012-07-16 00:00:00,1.4724
2012-07-17 00:00:00,1.5078
2012-07-18 00:00:00,1.4942
2012-07-19 00:00:00,1.5077
2012-07-20 00:00:00,1.4567
2012-07-23 00:00:00,1.4263
2012-07-24 00:00:00,1.3875
2012-07-25 00:00:00,1.3975
2012-07-26 00:00:00,1.4378
2012-07-27 00:00:00,1.5463
2012-07-30 00:00:00,1.5019
2012-07-31 00:00:00,1.4679
2012-08-01 00:00:00,1.524
2012-08-02 00:00:00,1.4779
2012-08-03 00:00:00,1.5631
2012-08-06 00:00:00,1.5664
2012-08-07 00:00:00,1.6283
2012-08-08 00:00:00,1.6491
2012-08-09 00:00:00,1.6881
2012-08-10 00:00:00,1.6573
2012-08-13 00:00:00,1.6642
2012-08-14 00:00:00,1.7378
2012-08-15 00:00:00,1.8155
2012-08-16 00:00:00,1.8346
2012-08-17 00:00:00,1.8105
2012-08-20 00:00:00,1.8053
2012-08-21 00:00:00,1.7984
2012-08-22 00:00:00,1.6916
2012-08-23 00:00:00,1.6779
2012-08-24 00:00:00,1.6865
2012-08-27 00:00:00,1.6506
2012-08-28 00:00:00,1.6335
2012-08-29 00:00:00,1.6506
2012-08-30 00:00:00,1.6233
2012-08-31 00:00:00,1.5484
2012-09-03 00:00:00,1.5484
2012-09-04 00:00:00,1.5722
2012-09-05 00:00:00,1.596
2012-09-06 00:00:00,1.6781
2012-09-07 00:00:00,1.6678
2012-09-10 00:00:00,1.6541
2012-09-11 00:00:00,1.7005
2012-09-12 00:00:00,1.7576
2012-09-13 00:00:00,1.723
2012-09-14 00:00:00,1.866
2012-09-17 00:00:00,1.8415
2012-09-18 00:00:00,1.8083
2012-09-19 00:00:00,1.7718
2012-09-20 00:00:00,1.764
2012-09-21 00:00:00,1.7528
2012-09-24 00:00:00,1.7094
2012-09-25 00:00:00,1.6662
2012-09-26 00:00:00,1.6095
2012-09-27 00:00:00,1.6542
2012-09-28 00:00:00,1.6335
2012-10-01 00:00:00,1.6249
2012-10-02 00:00:00,1.6198
2012-10-03 00:00:00,1.6146
2012-10-04 00:00:00,1.6732
2012-10-05 00:00:00,1.7428
2012-10-08 00:00:00,1.7428
2012-10-09 00:00:00,1.7132
2012-10-10 00:00:00,1.6742
2012-10-11 00:00:00,1.6699
2012-10-12 00:00:00,1.656
2012-10-15 00:00:00,1.663
2012-10-16 00:00:00,1.7186
2012-10-17 00:00:00,1.8185
2012-10-18 00:00:00,1.8344
2012-10-19 00:00:00,1.7633
2012-10-22 00:00:00,1.8134
2012-10-23 00:00:00,1.7572
2012-10-24 00:00:00,1.7889
2012-10-25 00:00:00,1.8233
2012-10-26 00:00:00,1.7451
2012-10-29 00:00:00,1.7189
2012-10-30 00:00:00,1.7189
2012-10-31 00:00:00,1.6901
2012-11-01 00:00:00,1.7242
2012-11-02 00:00:00,1.7147
2012-11-05 00:00:00,1.6841
2012-11-06 00:00:00,1.7507
2012-11-07 00:00:00,1.6466
2012-11-08 00:00:00,1.6148
2012-11-09 00:00:00,1.6063
2012-11-12 00:00:00,1.6063
2012-11-13 00:00:00,1.5945
2012-11-14 00:00:00,1.5911
2012-11-15 00:00:00,1.5928
2012-11-16 00:00:00,1.58
2012-11-19 00:00:00,1.6131
2012-11-20 00:00:00,1.6659
2012-11-21 00:00:00,1.6796
2012-11-22 00:00:00,1.6796
2012-11-23 00:00:00,1.6899
2012-11-26 00:00:00,1.6625
2012-11-27 00:00:00,1.6369
2012-11-28 00:00:00,1.6284
2012-11-29 00:00:00,1.6147
2012-11-30 00:00:00,1.6156
2012-12-03 00:00:00,1.6207
2012-12-04 00:00:00,1.6028
2012-12-05 00:00:00,1.5875
2012-12-06 00:00:00,1.5857
2012-12-07 00:00:00,1.6215
2012-12-10 00:00:00,1.6164
2012-12-11 00:00:00,1.6541
2012-12-12 00:00:00,1.698
2012-12-13 00:00:00,1.7299
2012-12-14 00:00:00,1.7015
2012-12-17 00:00:00,1.7717
2012-12-18 00:00:00,1.817
2012-12-19 00:00:00,1.8014
2012-12-20 00:00:00,1.7962
2012-12-21 00:00:00,1.7623
2012-12-24 00:00:00,1.7737
2012-12-25 00:00:00,1.7737
2012-12-26 00:00:00,1.7511
2012-12-27 00:00:00,1.7364
2012-12-28 00:00:00,1.7009
2012-12-31 00:00:00,1.7574
2013-01-01 00:00:00,1.7574
2013-01-02 00:00:00,1.8371
2013-01-03 00:00:00,1.9121
2013-01-04 00:00:00,1.8991
2013-01-07 00:00:00,1.8974
2013-01-08 00:00:00,1.8683
2013-01-09 00:00:00,1.8568
2013-01-10 00:00:00,1.8958
2013-01-11 00:00:00,1.8677
2013-01-14 00:00:00,1.8448
2013-01-15 00:00:00,1.836
2013-01-16 00:00:00,1.8185
2013-01-17 00:00:00,1.8794
2013-01-18 00:00:00,1.8416
2013-01-21 00:00:00,1.8416
2013-01-22 00:00:00,1.8417
2013-01-23 00:00:00,1.8241
2013-01-24 00:00:00,1.8498
2013-01-25 00:00:00,1.9487
2013-01-28 00:00:00,1.9613
2013-01-29 00:00:00,1.9991
2013-01-30 00:00:00,1.992
2013-01-31 00:00:00,1.9849
2013-02-01 00:00:00,2.0149
2013-02-04 00:00:00,1.9548
2013-02-05 00:00:00,1.998
2013-02-06 00:00:00,1.9603
2013-02-07 00:00:00,1.9568
2013-02-08 00:00:00,1.9499
2013-02-11 00:00:00,1.9635
2013-02-12 00:00:00,1.977
2013-02-13 00:00:00,2.0277
2013-02-14 00:00:00,1.9974
2013-02-15 00:00:00,2.0017
2013-02-18 00:00:00,2.0017
2013-02-19 00:00:00,2.0278
2013-02-20 00:00:00,2.0087
2013-02-21 00:00:00,1.9766
2013-02-22 00:00:00,1.9619
2013-02-25 00:00:00,1.8637
2013-02-26 00:00:00,1.8808
2013-02-27 00:00:00,1.9014
2013-02-28 00:00:00,1.8756
2013-03-01 00:00:00,1.8412
2013-03-04 00:00:00,1.8755
2013-03-05 00:00:00,1.8978
2013-03-06 00:00:00,1.9375
2013-03-07 00:00:00,1.9965
2013-03-08 00:00:00,2.0427
2013-03-11 00:00:00,2.0576
2013-03-12 00:00:00,2.0156
2013-03-13 00:00:00,2.0209
2013-03-14 00:00:00,2.0296
2013-03-15 00:00:00,1.9895
2013-03-18 00:00:00,1.9546
2013-03-19 00:00:00,1.9017
2013-03-20 00:00:00,1.9581
2013-03-21 00:00:00,1.9112
2013-03-22 00:00:00,1.925
2013-03-25 00:00:00,1.9198
2013-03-26 00:00:00,1.9094
2013-03-27 00:00:00,1.8454
2013-03-28 00:00:00,1.8487
2013-03-29 00:00:00,1.8486
2013-04-01 00:00:00,1.8314
2013-04-02 00:00:00,1.859
2013-04-03 00:00:00,1.8106
2013-04-04 00:00:00,1.7625
2013-04-05 00:00:00,1.7128
2013-04-08 00:00:00,1.746
2013-04-09 00:00:00,1.7502
2013-04-10 00:00:00,1.8034
2013-04-11 00:00:00,1.7887
2013-04-12 00:00:00,1.7208
2013-04-15 00:00:00,1.6798
2013-04-16 00:00:00,1.7224
2013-04-17 00:00:00,1.695
2013-04-18 00:00:00,1.6847
2013-04-19 00:00:00,1.7049
2013-04-22 00:00:00,1.6929
2013-04-23 00:00:00,1.7065
2013-04-24 00:00:00,1.7047
2013-04-25 00:00:00,1.708
2013-04-26 00:00:00,1.6633
2013-04-29 00:00:00,1.6701
2013-04-30 00:00:00,1.6717
2013-05-01 00:00:00,1.629
2013-05-02 00:00:00,1.6255
2013-05-03 00:00:00,1.7382
2013-05-06 00:00:00,1.7588
2013-05-07 00:00:00,1.7778
2013-05-08 00:00:00,1.7665
2013-05-09 00:00:00,1.8109
2013-05-10 00:00:00,1.8973
2013-05-13 00:00:00,1.9199
2013-05-14 00:00:00,1.974
2013-05-15 00:00:00,1.9347
2013-05-16 00:00:00,1.8809
2013-05-17 00:00:00,1.9506
2013-05-20 00:00:00,1.9647
2013-05-21 00:00:00,1.9263
2013-05-22 00:00:00,2.0395
2013-05-23 00:00:00,2.0157
2013-05-24 00:00:00,2.0081
2013-05-27 00:00:00,2.0081
2013-05-28 00:00:00,2.1652
2013-05-29 00:00:00,2.1153
2013-05-30 00:00:00,2.111
2013-05-31 00:00:00,2.1282
2013-06-03 00:00:00,2.1193
2013-06-04 00:00:00,2.1462
2013-06-05 00:00:00,2.0892
2013-06-06 00:00:00,2.0769
2013-06-07 00:00:00,2.1718
2013-06-10 00:00:00,2.2097
2013-06-11 00:00:00,2.1846
2013-06-12 00:00:00,2.228
2013-06-13 00:00:00,2.1489
2013-06-14 00:00:00,2.1295
2013-06-17 00:00:00,2.1817
2013-06-18 00:00:00,2.1854
2013-06-19 00:00:00,2.3527
2013-06-20 00:00:00,2.4144
2013-06-21 00:00:00,2.531
2013-06-24 00:00:00,2.5368
2013-06-25 00:00:00,2.6082
2013-06-26 00:00:00,2.5353
2013-06-27 00:00:00,2.4721
2013-06-28 00:00:00,2.4857
2013-07-01 00:00:00,2.4765
2013-07-02 00:00:00,2.4693
2013-07-03 00:00:00,2.5032
2013-07-04 00:00:00,2.5032
2013-07-05 00:00:00,2.7391
2013-07-08 00:00:00,2.6356
2013-07-09 00:00:00,2.634
2013-07-10 00:00:00,2.6238
2013-07-11 00:00:00,2.5721
2013-07-12 00:00:00,2.5821
2013-07-15 00:00:00,2.5372
2013-07-16 00:00:00,2.5317
2013-07-17 00:00:00,2.4888
2013-07-18 00:00:00,2.5284
2013-07-19 00:00:00,2.4839
2013-07-22 00:00:00,2.4804
2013-07-23 00:00:00,2.5049
2013-07-24 00:00:00,2.588
2013-07-25 00:00:00,2.5712
2013-07-26 00:00:00,2.5624
2013-07-29 00:00:00,2.6023
2013-07-30 00:00:00,2.6101
2013-07-31 00:00:00,2.5762
2013-08-01 00:00:00,2.706
2013-08-02 00:00:00,2.596
2013-08-05 00:00:00,2.6333
2013-08-06 00:00:00,2.6421
2013-08-07 00:00:00,2.5986
2013-08-08 00:00:00,2.5892
2013-08-09 00:00:00,2.5784
2013-08-12 00:00:00,2.6206
2013-08-13 00:00:00,2.719
2013-08-14 00:00:00,2.7136
2013-08-15 00:00:00,2.7664
2013-08-16 00:00:00,2.8251
2013-08-19 00:00:00,2.8804
2013-08-20 00:00:00,2.8142
2013-08-21 00:00:00,2.8935
2013-08-22 00:00:00,2.8844
2013-08-23 00:00:00,2.8146
2013-08-26 00:00:00,2.7853
2013-08-27 00:00:00,2.7087
2013-08-28 00:00:00,2.7653
2013-08-29 00:00:00,2.7617
2013-08-30 00:00:00,2.7839
2013-09-02 00:00:00,2.7839
2013-09-03 00:00:00,2.8576
2013-09-04 00:00:00,2.8966
2013-09-05 00:00:00,2.9937
2013-09-06 00:00:00,2.9342
2013-09-09 00:00:00,2.912
2013-09-10 00:00:00,2.9643
2013-09-11 00:00:00,2.9122
2013-09-12 00:00:00,2.9095
2013-09-13 00:00:00,2.8846
2013-09-16 00:00:00,2.8643
2013-09-17 00:00:00,2.8468
2013-09-18 00:00:00,2.6878
2013-09-19 00:00:00,2.7519
2013-09-20 00:00:00,2.7337
2013-09-23 00:00:00,2.6999
2013-09-24 00:00:00,2.6552
2013-09-25 00:00:00,2.628
2013-09-26 00:00:00,2.6498
2013-09-27 00:00:00,2.6245
2013-09-30 00:00:00,2.61
2013-10-01 00:00:00,2.65
2013-10-02 00:00:00,2.6173
2013-10-03 00:00:00,2.6046
2013-10-04 00:00:00,2.6447
2013-10-07 00:00:00,2.6265
2013-10-08 00:00:00,2.632
2013-10-09 00:00:00,2.6631
2013-10-10 00:00:00,2.6814
2013-10-11 00:00:00,2.6871
2013-10-14 00:00:00,2.6871
2013-10-15 00:00:00,2.7276
2013-10-16 00:00:00,2.6633
2013-10-17 00:00:00,2.5894
2013-10-18 00:00:00,2.5777
2013-10-21 00:00:00,2.6014
2013-10-22 00:00:00,2.5124
2013-10-23 00:00:00,2.5016
2013-10-24 00:00:00,2.5197
2013-10-25 00:00:00,2.5088
2013-10-28 00:00:00,2.5233
2013-10-29 00:00:00,2.5034
2013-10-30 00:00:00,2.5378
2013-10-31 00:00:00,2.5542
2013-11-01 00:00:00,2.6218
2013-11-04 00:00:00,2.6035
2013-11-05 00:00:00,2.6696
2013-11-06 00:00:00,2.6421
2013-11-07 00:00:00,2.5999
2013-11-08 00:00:00,2.7477
2013-11-11 00:00:00,2.7477
2013-11-12 00:00:00,2.7728
2013-11-13 00:00:00,2.6996
2013-11-14 00:00:00,2.69
2013-11-15 00:00:00,2.7033
2013-11-18 00:00:00,2.6658
2013-11-19 00:00:00,2.7069
2013-11-20 00:00:00,2.7987
2013-11-21 00:00:00,2.7842
2013-11-22 00:00:00,2.7427
2013-11-25 00:00:00,2.7283
2013-11-26 00:00:00,2.7077
2013-11-27 00:00:00,2.7373
2013-11-28 00:00:00,2.7373
2013-11-29 00:00:00,2.7445
2013-12-02 00:00:00,2.7951
2013-12-03 00:00:00,2.7825
2013-12-04 00:00:00,2.8342
2013-12-05 00:00:00,2.8717
2013-12-06 00:00:00,2.8553
2013-12-09 00:00:00,2.8389
2013-12-10 00:00:00,2.8006
2013-12-11 00:00:00,2.8535
2013-12-12 00:00:00,2.8773
2013-12-13 00:00:00,2.8646
2013-12-16 00:00:00,2.8784
2013-12-17 00:00:00,2.8354
2013-12-18 00:00:00,2.8931
2013-12-19 00:00:00,2.9291
2013-12-20 00:00:00,2.8886
2013-12-23 00:00:00,2.9274
2013-12-24 00:00:00,2.9775
2013-12-25 00:00:00,2.9775
2013-12-26 00:00:00,2.9905
2013-12-27 00:00:00,3.0
2013-12-30 00:00:00,2.9703
2013-12-31 00:00:00,3.0282
2014-01-01 00:00:00,3.0282
2014-01-02 00:00:00,2.989
2014-01-03 00:00:00,2.9948
2014-01-06 00:00:00,2.9576
2014-01-07 00:00:00,2.9391
2014-01-08 00:00:00,2.9894
2014-01-09 00:00:00,2.9652
2014-01-10 00:00:00,2.8579
2014-01-13 00:00:00,2.8257
2014-01-14 00:00:00,2.8709
2014-01-15 00:00:00,2.8912
2014-01-16 00:00:00,2.8414
2014-01-17 00:00:00,2.8194
2014-01-20 00:00:00,2.8194
2014-01-21 00:00:00,2.8286
2014-01-22 00:00:00,2.8656
2014-01-23 00:00:00,2.7772
2014-01-24 00:00:00,2.715
2014-01-27 00:00:00,2.7479
2014-01-28 00:00:00,2.7488
2014-01-29 00:00:00,2.6767
2014-01-30 00:00:00,2.6949
2014-01-31 00:00:00,2.644
2014-02-03 00:00:00,2.5761
2014-02-04 00:00:00,2.6294
2014-02-05 00:00:00,2.6675
2014-02-06 00:00:00,2.7003
2014-02-07 00:00:00,2.6829
2014-02-10 00:00:00,2.6674
2014-02-11 00:00:00,2.725
2014-02-12 00:00:00,2.7608
2014-02-13 00:00:00,2.732
2014-02-14 00:00:00,2.7428
2014-02-17 00:00:00,2.7428
2014-02-18 00:00:00,2.7069
2014-02-19 00:00:00,2.7392
2014-02-20 00:00:00,2.7509
2014-02-21 00:00:00,2.731
2014-02-24 00:00:00,2.7382
2014-02-25 00:00:00,2.7023
2014-02-26 00:00:00,2.6655
2014-02-27 00:00:00,2.6387
2014-02-28 00:00:00,2.6476
2014-03-03 00:00:00,2.6012
2014-03-04 00:00:00,2.6977
2014-03-05 00:00:00,2.7048
2014-03-06 00:00:00,2.7373
2014-03-07 00:00:00,2.7879
2014-03-10 00:00:00,2.777
2014-03-11 00:00:00,2.768
2014-03-12 00:00:00,2.73
2014-03-13 00:00:00,2.6446
2014-03-14 00:00:00,2.6543
2014-03-17 00:00:00,2.6921
2014-03-18 00:00:00,2.6722
2014-03-19 00:00:00,2.7725
2014-03-20 00:00:00,2.7716
2014-03-21 00:00:00,2.7426
2014-03-24 00:00:00,2.7281
2014-03-25 00:00:00,2.748
2014-03-26 00:00:00,2.6919
2014-03-27 00:00:00,2.681
2014-03-28 00:00:00,2.7208
2014-03-31 00:00:00,2.718
2014-04-01 00:00:00,2.7525
2014-04-02 00:00:00,2.8045
2014-04-03 00:00:00,2.7972
2014-04-04 00:00:00,2.7207
2014-04-07 00:00:00,2.6998
2014-04-08 00:00:00,2.6808
2014-04-09 00:00:00,2.6898
2014-04-10 00:00:00,2.6474
2014-04-11 00:00:00,2.6247
2014-04-14 00:00:00,2.6472
2014-04-15 00:00:00,2.6283
2014-04-16 00:00:00,2.6282
2014-04-17 00:00:00,2.7215
2014-04-18 00:00:00,2.7215
2014-04-21 00:00:00,2.7151
2014-04-22 00:00:00,2.7105
2014-04-23 00:00:00,2.6987
2014-04-24 00:00:00,2.6805
2014-04-25 00:00:00,2.6623
2014-04-28 00:00:00,2.7005
2014-04-29 00:00:00,2.6913
2014-04-30 00:00:00,2.6459
2014-05-01 00:00:00,2.6133
2014-05-02 00:00:00,2.5843
2014-05-05 00:00:00,2.6068
2014-05-06 00:00:00,2.5914
2014-05-07 00:00:00,2.5878
2014-05-08 00:00:00,2.6161
2014-05-09 00:00:00,2.6233
2014-05-12 00:00:00,2.6611
2014-05-13 00:00:00,2.6089
2014-05-14 00:00:00,2.5427
2014-05-15 00:00:00,2.4893
2014-05-16 00:00:00,2.5231
2014-05-19 00:00:00,2.5445
2014-05-20 00:00:00,2.5106
2014-05-21 00:00:00,2.532
2014-05-22 00:00:00,2.5499
2014-05-23 00:00:00,2.5321
2014-05-26 00:00:00,2.5321
2014-05-27 00:00:00,2.5142
2014-05-28 00:00:00,2.4431
2014-05-29 00:00:00,2.4644
2014-05-30 00:00:00,2.4759
2014-06-02 00:00:00,2.5267
2014-06-03 00:00:00,2.5985
2014-06-04 00:00:00,2.6021
2014-06-05 00:00:00,2.5824
2014-06-06 00:00:00,2.5869
2014-06-09 00:00:00,2.6032
2014-06-10 00:00:00,2.6439
2014-06-11 00:00:00,2.6394
2014-06-12 00:00:00,2.5951
2014-06-13 00:00:00,2.6033
2014-06-16 00:00:00,2.597
2014-06-17 00:00:00,2.6523
2014-06-18 00:00:00,2.5844
2014-06-19 00:00:00,2.6206
2014-06-20 00:00:00,2.6052
2014-06-23 00:00:00,2.6261
2014-06-24 00:00:00,2.5781
2014-06-25 00:00:00,2.5592
2014-06-26 00:00:00,2.5286
2014-06-27 00:00:00,2.534
2014-06-30 00:00:00,2.5304
2014-07-01 00:00:00,2.5647
2014-07-02 00:00:00,2.6264
2014-07-03 00:00:00,2.6383
2014-07-04 00:00:00,2.6383
2014-07-07 00:00:00,2.611
2014-07-08 00:00:00,2.5557
2014-07-09 00:00:00,2.5503
2014-07-10 00:00:00,2.5359
2014-07-11 00:00:00,2.516
2014-07-14 00:00:00,2.5468
2014-07-15 00:00:00,2.5468
2014-07-16 00:00:00,2.526
2014-07-17 00:00:00,2.4458
2014-07-18 00:00:00,2.4809
2014-07-21 00:00:00,2.4674
2014-07-22 00:00:00,2.4601
2014-07-23 00:00:00,2.4655
2014-07-24 00:00:00,2.5025
2014-07-25 00:00:00,2.4655
2014-07-28 00:00:00,2.4853
2014-07-29 00:00:00,2.4601
2014-07-30 00:00:00,2.5569
2014-07-31 00:00:00,2.5578
2014-08-01 00:00:00,2.4925
2014-08-04 00:00:00,2.4817
2014-08-05 00:00:00,2.4844
2014-08-06 00:00:00,2.4708
2014-08-07 00:00:00,2.4114
2014-08-08 00:00:00,2.4203
2014-08-11 00:00:00,2.4275
2014-08-12 00:00:00,2.4491
2014-08-13 00:00:00,2.4166
2014-08-14 00:00:00,2.4015
2014-08-15 00:00:00,2.3397
2014-08-18 00:00:00,2.3927
2014-08-19 00:00:00,2.3997
2014-08-20 00:00:00,2.4264
2014-08-21 00:00:00,2.4068
2014-08-22 00:00:00,2.4024
2014-08-25 00:00:00,2.382
2014-08-26 00:00:00,2.3962
2014-08-27 00:00:00,2.3573
2014-08-28 00:00:00,2.3361
2014-08-29 00:00:00,2.3431
2014-09-01 00:00:00,2.3431
2014-09-02 00:00:00,2.4211
2014-09-03 00:00:00,2.3962
2014-09-04 00:00:00,2.4497
2014-09-05 00:00:00,2.4587
2014-09-08 00:00:00,2.4712
2014-09-09 00:00:00,2.5036
2014-09-10 00:00:00,2.5414
2014-09-11 00:00:00,2.5496
2014-09-12 00:00:00,2.6105
2014-09-15 00:00:00,2.5887
2014-09-16 00:00:00,2.5924
2014-09-17 00:00:00,2.6198
2014-09-18 00:00:00,2.6144
2014-09-19 00:00:00,2.5745
2014-09-22 00:00:00,2.5636
2014-09-23 00:00:00,2.5275
2014-09-24 00:00:00,2.5637
2014-09-25 00:00:00,2.5022
2014-09-26 00:00:00,2.5276
2014-09-29 00:00:00,2.4771
2014-09-30 00:00:00,2.4888
2014-10-01 00:00:00,2.3856
2014-10-02 00:00:00,2.425
2014-10-03 00:00:00,2.434
2014-10-06 00:00:00,2.4196
2014-10-07 00:00:00,2.3391
2014-10-08 00:00:00,2.3213
2014-10-09 00:00:00,2.3133
2014-10-10 00:00:00,2.2804
2014-10-13 00:00:00,2.2804
2014-10-14 00:00:00,2.1973
2014-10-15 00:00:00,2.1358
2014-10-16 00:00:00,2.1559
2014-10-17 00:00:00,2.1936
2014-10-20 00:00:00,2.1909
2014-10-21 00:00:00,2.2217
2014-10-22 00:00:00,2.2164
2014-10-23 00:00:00,2.2712
2014-10-24 00:00:00,2.2685
2014-10-27 00:00:00,2.2605
2014-10-28 00:00:00,2.296
2014-10-29 00:00:00,2.3174
2014-10-30 00:00:00,2.3058
2014-10-31 00:00:00,2.3353
2014-11-03 00:00:00,2.3425
2014-11-04 00:00:00,2.3335
2014-11-05 00:00:00,2.3424
2014-11-06 00:00:00,2.3856
2014-11-07 00:00:00,2.2976
2014-11-10 00:00:00,2.3604
2014-11-11 00:00:00,2.3604
2014-11-12 00:00:00,2.3712
2014-11-13 00:00:00,2.3399
2014-11-14 00:00:00,2.3204
2014-11-17 00:00:00,2.3399
2014-11-18 00:00:00,2.3151
2014-11-19 00:00:00,2.3594
2014-11-20 00:00:00,2.3373
2014-11-21 00:00:00,2.3099
2014-11-24 00:00:00,2.3064
2014-11-25 00:00:00,2.257
2014-11-26 00:00:00,2.2447
2014-11-27 00:00:00,2.2447
2014-11-28 00:00:00,2.164
2014-12-01 00:00:00,2.235
2014-12-02 00:00:00,2.2923
2014-12-03 00:00:00,2.2799
2014-12-04 00:00:00,2.2341
2014-12-05 00:00:00,2.3065
2014-12-08 00:00:00,2.257
2014-12-09 00:00:00,2.2129
2014-12-10 00:00:00,2.1638
2014-12-11 00:00:00,2.162
2014-12-12 00:00:00,2.0817
2014-12-15 00:00:00,2.1182
2014-12-16 00:00:00,2.0591
2014-12-17 00:00:00,2.1356
2014-12-18 00:00:00,2.2075
2014-12-19 00:00:00,2.1618
2014-12-22 00:00:00,2.1583
2014-12-23 00:00:00,2.2614
2014-12-24 00:00:00,2.2632
2014-12-25 00:00:00,2.2632
2014-12-26 00:00:00,2.2499
2014-12-29 00:00:00,2.2021
2014-12-30 00:00:00,2.1871
2014-12-31 00:00:00,2.1712
2015-01-01 00:00:00,2.1712
2015-01-02 00:00:00,2.1105
2015-01-05 00:00:00,2.032
2015-01-06 00:00:00,1.9402
2015-01-07 00:00:00,1.9677
2015-01-08 00:00:00,2.0179
2015-01-09 00:00:00,1.9449
2015-01-12 00:00:00,1.907
2015-01-13 00:00:00,1.9
2015-01-14 00:00:00,1.8553
2015-01-15 00:00:00,1.7149
2015-01-16 00:00:00,1.8368
2015-01-19 00:00:00,1.8368
2015-01-20 00:00:00,1.788
2015-01-21 00:00:00,1.8717
2015-01-22 00:00:00,1.8631
2015-01-23 00:00:00,1.7968
2015-01-26 00:00:00,1.8241
2015-01-27 00:00:00,1.8231
2015-01-28 00:00:00,1.7207
2015-01-29 00:00:00,1.7512
2015-01-30 00:00:00,1.6407
2015-02-02 00:00:00,1.6642
2015-02-03 00:00:00,1.7915
2015-02-04 00:00:00,1.7513
2015-02-05 00:00:00,1.8204
2015-02-06 00:00:00,1.9567
2015-02-09 00:00:00,1.9775
2015-02-10 00:00:00,1.9967
2015-02-11 00:00:00,2.0176
2015-02-12 00:00:00,1.9844
2015-02-13 00:00:00,2.0504
2015-02-16 00:00:00,2.0504
2015-02-17 00:00:00,2.1379
2015-02-18 00:00:00,2.08
2015-02-19 00:00:00,2.1142
2015-02-20 00:00:00,2.1117
2015-02-23 00:00:00,2.0574
2015-02-24 00:00:00,1.98
2015-02-25 00:00:00,1.9688
2015-02-26 00:00:00,2.0295
2015-02-27 00:00:00,1.993
2015-03-02 00:00:00,2.082
2015-03-03 00:00:00,2.1189
2015-03-04 00:00:00,2.1172
2015-03-05 00:00:00,2.1154
2015-03-06 00:00:00,2.2414
2015-03-09 00:00:00,2.1907
2015-03-10 00:00:00,2.1297
2015-03-11 00:00:00,2.1086
2015-03-12 00:00:00,2.1156
2015-03-13 00:00:00,2.114
2015-03-16 00:00:00,2.0717
2015-03-17 00:00:00,2.0507
2015-03-18 00:00:00,1.9199
2015-03-19 00:00:00,1.9685
2015-03-20 00:00:00,1.9303
2015-03-23 00:00:00,1.912
2015-03-24 00:00:00,1.8731
2015-03-25 00:00:00,1.925
2015-03-26 00:00:00,1.9894
2015-03-27 00:00:00,1.9615
2015-03-30 00:00:00,1.9475
2015-03-31 00:00:00,1.9231
2015-04-01 00:00:00,1.8573
2015-04-02 00:00:00,1.9117
2015-04-03 00:00:00,1.8389
2015-04-06 00:00:00,1.8952
2015-04-07 00:00:00,1.8848
2015-04-08 00:00:00,1.9047
2015-04-09 00:00:00,1.9596
2015-04-10 00:00:00,1.9473
2015-04-13 00:00:00,1.9272
2015-04-14 00:00:00,1.8985
2015-04-15 00:00:00,1.888
2015-04-16 00:00:00,1.8897
2015-04-17 00:00:00,1.8653
2015-04-20 00:00:00,1.8896
2015-04-21 00:00:00,1.9087
2015-04-22 00:00:00,1.9788
2015-04-23 00:00:00,1.9577
2015-04-24 00:00:00,1.9086
2015-04-27 00:00:00,1.9208
2015-04-28 00:00:00,2.0034
2015-04-29 00:00:00,2.0388
2015-04-30 00:00:00,2.0317
2015-05-01 00:00:00,2.1135
2015-05-04 00:00:00,2.144
2015-05-05 00:00:00,2.1853
2015-05-06 00:00:00,2.2431
2015-05-07 00:00:00,2.18
2015-05-08 00:00:00,2.1478
2015-05-11 00:00:00,2.2797
2015-05-12 00:00:00,2.2489
2015-05-13 00:00:00,2.2926
2015-05-14 00:00:00,2.2301
2015-05-15 00:00:00,2.1424
2015-05-18 00:00:00,2.2337
2015-05-19 00:00:00,2.2886
2015-05-20 00:00:00,2.2479
2015-05-21 00:00:00,2.1898
2015-05-22 00:00:00,2.2092
2015-05-25 00:00:00,2.2092
2015-05-26 00:00:00,2.139
2015-05-27 00:00:00,2.1285
2015-05-28 00:00:00,2.1355
2015-05-29 00:00:00,2.1214
2015-06-01 00:00:00,2.1794
2015-06-02 00:00:00,2.2624
2015-06-03 00:00:00,2.3642
2015-06-04 00:00:00,2.307
2015-06-05 00:00:00,2.4076
2015-06-08 00:00:00,2.3824
2015-06-09 00:00:00,2.4384
2015-06-10 00:00:00,2.4838
2015-06-11 00:00:00,2.3772
2015-06-12 00:00:00,2.3918
2015-06-15 00:00:00,2.3559
2015-06-16 00:00:00,2.3093
2015-06-17 00:00:00,2.3165
2015-06-18 00:00:00,2.3345
2015-06-19 00:00:00,2.2577
2015-06-22 00:00:00,2.3725
2015-06-23 00:00:00,2.4087
2015-06-24 00:00:00,2.3672
2015-06-25 00:00:00,2.4088
2015-06-26 00:00:00,2.4726
2015-06-29 00:00:00,2.3242
2015-06-30 00:00:00,2.3531
2015-07-01 00:00:00,2.4219
2015-07-02 00:00:00,2.3823
2015-07-03 00:00:00,2.3823
2015-07-06 00:00:00,2.285
2015-07-07 00:00:00,2.2582
2015-07-08 00:00:00,2.1922
2015-07-09 00:00:00,2.3211
2015-07-10 00:00:00,2.3972
2015-07-13 00:00:00,2.4538
2015-07-14 00:00:00,2.401
2015-07-15 00:00:00,2.3521
2015-07-16 00:00:00,2.3503
2015-07-17 00:00:00,2.3469
2015-07-20 00:00:00,2.3723
2015-07-21 00:00:00,2.3253
2015-07-22 00:00:00,2.3235
2015-07-23 00:00:00,2.2677
2015-07-24 00:00:00,2.2624
2015-07-27 00:00:00,2.2175
2015-07-28 00:00:00,2.2499
2015-07-29 00:00:00,2.2859
2015-07-30 00:00:00,2.2589
2015-07-31 00:00:00,2.1801
2015-08-03 00:00:00,2.148
2015-08-04 00:00:00,2.2213
2015-08-05 00:00:00,2.2699
2015-08-06 00:00:00,2.2214
2015-08-07 00:00:00,2.1623
2015-08-10 00:00:00,2.2269
2015-08-11 00:00:00,2.1409
2015-08-12 00:00:00,2.148
2015-08-13 00:00:00,2.1854
2015-08-14 00:00:00,2.1977
2015-08-17 00:00:00,2.1678
2015-08-18 00:00:00,2.1925
2015-08-19 00:00:00,2.1256
2015-08-20 00:00:00,2.0679
2015-08-21 00:00:00,2.0365
2015-08-24 00:00:00,2.0034
2015-08-25 00:00:00,2.0714
2015-08-26 00:00:00,2.1752
2015-08-27 00:00:00,2.1841
2015-08-28 00:00:00,2.1807
2015-08-31 00:00:00,2.2179
2015-09-01 00:00:00,2.1524
2015-09-02 00:00:00,2.1843
2015-09-03 00:00:00,2.1596
2015-09-04 00:00:00,2.1244
2015-09-07 00:00:00,2.1244
2015-09-08 00:00:00,2.1828
2015-09-09 00:00:00,2.2006
2015-09-10 00:00:00,2.222
2015-09-11 00:00:00,2.1883
2015-09-14 00:00:00,2.1831
2015-09-15 00:00:00,2.2867
2015-09-16 00:00:00,2.294
2015-09-17 00:00:00,2.1903
2015-09-18 00:00:00,2.1336
2015-09-21 00:00:00,2.2012
2015-09-22 00:00:00,2.1337
2015-09-23 00:00:00,2.1497
2015-09-24 00:00:00,2.1266
2015-09-25 00:00:00,2.1623
2015-09-28 00:00:00,2.0949
2015-09-29 00:00:00,2.0508
2015-09-30 00:00:00,2.0368
2015-10-01 00:00:00,2.0368
2015-10-02 00:00:00,1.9929
2015-10-05 00:00:00,2.0562
2015-10-06 00:00:00,2.0315
2015-10-07 00:00:00,2.0668
2015-10-08 00:00:00,2.104
2015-10-09 00:00:00,2.0881
2015-10-12 00:00:00,2.0881
2015-10-13 00:00:00,2.0439
2015-10-14 00:00:00,1.9718
2015-10-15 00:00:00,2.0175
2015-10-16 00:00:00,2.0334
2015-10-19 00:00:00,2.0228
2015-10-20 00:00:00,2.067
2015-10-21 00:00:00,2.0228
2015-10-22 00:00:00,2.0263
2015-10-23 00:00:00,2.0866
2015-10-26 00:00:00,2.0564
2015-10-27 00:00:00,2.037
2015-10-28 00:00:00,2.1009
2015-10-29 00:00:00,2.1725
2015-10-30 00:00:00,2.1421
2015-11-02 00:00:00,2.1709
2015-11-03 00:00:00,2.2105
2015-11-04 00:00:00,2.225
2015-11-05 00:00:00,2.2323
2015-11-06 00:00:00,2.3252
2015-11-09 00:00:00,2.3436
2015-11-10 00:00:00,2.3419
2015-11-11 00:00:00,2.3301
2015-11-12 00:00:00,2.3116
2015-11-13 00:00:00,2.2658
2015-11-16 00:00:00,2.2676
2015-11-17 00:00:00,2.2658
2015-11-18 00:00:00,2.2728
2015-11-19 00:00:00,2.2482
2015-11-20 00:00:00,2.2623
2015-11-23 00:00:00,2.2377
2015-11-24 00:00:00,2.2377
2015-11-25 00:00:00,2.2341
2015-11-26 00:00:00,2.2341
2015-11-27 00:00:00,2.2201
2015-11-30 00:00:00,2.206
2015-12-01 00:00:00,2.1431
2015-12-02 00:00:00,2.1797
2015-12-03 00:00:00,2.3136
2015-12-04 00:00:00,2.2693
2015-12-07 00:00:00,2.2288
2015-12-08 00:00:00,2.2182
2015-12-09 00:00:00,2.2164
2015-12-10 00:00:00,2.2305
2015-12-11 00:00:00,2.127
2015-12-14 00:00:00,2.2217
2015-12-15 00:00:00,2.2658
2015-12-16 00:00:00,2.296
2015-12-17 00:00:00,2.2234
2015-12-18 00:00:00,2.204
2015-12-21 00:00:00,2.1917
2015-12-22 00:00:00,2.2357
2015-12-23 00:00:00,2.2534
2015-12-24 00:00:00,2.241
2015-12-25 00:00:00,2.241
2015-12-28 00:00:00,2.2304
2015-12-29 00:00:00,2.305
2015-12-30 00:00:00,2.2943
2015-12-31 00:00:00,2.2694
2016-01-01 00:00:00,2.2694
2016-01-04 00:00:00,2.2428
2016-01-05 00:00:00,2.2357
2016-01-06 00:00:00,2.1702
2016-01-07 00:00:00,2.1455
2016-01-08 00:00:00,2.1156
2016-01-11 00:00:00,2.1754
2016-01-12 00:00:00,2.1032
2016-01-13 00:00:00,2.0927
2016-01-14 00:00:00,2.0874
2016-01-15 00:00:00,2.0347
2016-01-18 00:00:00,2.0347
2016-01-19 00:00:00,2.0556
2016-01-20 00:00:00,1.9824
2016-01-21 00:00:00,2.0311
2016-01-22 00:00:00,2.0519
2016-01-25 00:00:00,2.0012
2016-01-26 00:00:00,1.9942
2016-01-27 00:00:00,1.9993
2016-01-28 00:00:00,1.9784
2016-01-29 00:00:00,1.9209
2016-02-01 00:00:00,1.9486
2016-02-02 00:00:00,1.8448
2016-02-03 00:00:00,1.8861
2016-02-04 00:00:00,1.8395
2016-02-05 00:00:00,1.8357
2016-02-08 00:00:00,1.7483
2016-02-09 00:00:00,1.726
2016-02-10 00:00:00,1.6681
2016-02-11 00:00:00,1.6591
2016-02-12 00:00:00,1.7481
2016-02-15 00:00:00,1.7481
2016-02-16 00:00:00,1.7723
2016-02-17 00:00:00,1.819
2016-02-18 00:00:00,1.7396
2016-02-19 00:00:00,1.7449
2016-02-22 00:00:00,1.7518
2016-02-23 00:00:00,1.7225
2016-02-24 00:00:00,1.7484
2016-02-25 00:00:00,1.7157
2016-02-26 00:00:00,1.7623
2016-02-29 00:00:00,1.7347
2016-03-01 00:00:00,1.8249
2016-03-02 00:00:00,1.8406
2016-03-03 00:00:00,1.8337
2016-03-04 00:00:00,1.8741
2016-03-07 00:00:00,1.9057
2016-03-08 00:00:00,1.8287
2016-03-09 00:00:00,1.876
2016-03-10 00:00:00,1.9323
2016-03-11 00:00:00,1.9839
2016-03-14 00:00:00,1.9592
2016-03-15 00:00:00,1.9699
2016-03-16 00:00:00,1.9081
2016-03-17 00:00:00,1.8958
2016-03-18 00:00:00,1.8732
2016-03-21 00:00:00,1.9155
2016-03-22 00:00:00,1.9403
2016-03-23 00:00:00,1.8786
2016-03-24 00:00:00,1.9
2016-03-25 00:00:00,1.9
2016-03-28 00:00:00,1.886
2016-03-29 00:00:00,1.8035
2016-03-30 00:00:00,1.8228
2016-03-31 00:00:00,1.7687
2016-04-01 00:00:00,1.7705
2016-04-04 00:00:00,1.7618
2016-04-05 00:00:00,1.7201
2016-04-06 00:00:00,1.7549
2016-04-07 00:00:00,1.6889
2016-04-08 00:00:00,1.7167
2016-04-11 00:00:00,1.7254
2016-04-12 00:00:00,1.7761
2016-04-13 00:00:00,1.7639
2016-04-14 00:00:00,1.7919
2016-04-15 00:00:00,1.7518
2016-04-18 00:00:00,1.7711
2016-04-19 00:00:00,1.7851
2016-04-20 00:00:00,1.845
2016-04-21 00:00:00,1.861
2016-04-22 00:00:00,1.8878
2016-04-25 00:00:00,1.9128
2016-04-26 00:00:00,1.9271
2016-04-27 00:00:00,1.8508
2016-04-28 00:00:00,1.8243
2016-04-29 00:00:00,1.8333
2016-05-02 00:00:00,1.8723
2016-05-03 00:00:00,1.7963
2016-05-04 00:00:00,1.7752
2016-05-05 00:00:00,1.7453
2016-05-06 00:00:00,1.7789
2016-05-09 00:00:00,1.7507
2016-05-10 00:00:00,1.7613
2016-05-11 00:00:00,1.7367
2016-05-12 00:00:00,1.7516
2016-05-13 00:00:00,1.7001
2016-05-16 00:00:00,1.7533
2016-05-17 00:00:00,1.7723
2016-05-18 00:00:00,1.8538
2016-05-19 00:00:00,1.8487
2016-05-20 00:00:00,1.8384
2016-05-23 00:00:00,1.835
2016-05-24 00:00:00,1.8629
2016-05-25 00:00:00,1.8664
2016-05-26 00:00:00,1.8282
2016-05-27 00:00:00,1.851
2016-05-30 00:00:00,1.851
2016-05-31 00:00:00,1.8458
2016-06-01 00:00:00,1.8354
2016-06-02 00:00:00,1.7989
2016-06-03 00:00:00,1.7004
2016-06-06 00:00:00,1.7367
2016-06-07 00:00:00,1.7177
2016-06-08 00:00:00,1.7022
2016-06-09 00:00:00,1.6867
2016-06-10 00:00:00,1.6404
2016-06-13 00:00:00,1.6096
2016-06-14 00:00:00,1.613
2016-06-15 00:00:00,1.572
2016-06-16 00:00:00,1.5788
2016-06-17 00:00:00,1.6078
2016-06-20 00:00:00,1.6886
2016-06-21 00:00:00,1.7059
2016-06-22 00:00:00,1.6852
2016-06-23 00:00:00,1.7458
2016-06-24 00:00:00,1.5599
2016-06-27 00:00:00,1.4377
2016-06-28 00:00:00,1.4664
2016-06-29 00:00:00,1.5155
2016-06-30 00:00:00,1.4697
2016-07-01 00:00:00,1.4441
2016-07-04 00:00:00,1.4441
2016-07-05 00:00:00,1.375
2016-07-06 00:00:00,1.3682
2016-07-07 00:00:00,1.385
2016-07-08 00:00:00,1.3579
2016-07-11 00:00:00,1.4303
2016-07-12 00:00:00,1.51
2016-07-13 00:00:00,1.4743
2016-07-14 00:00:00,1.5356
2016-07-15 00:00:00,1.5509
2016-07-18 00:00:00,1.5818
2016-07-19 00:00:00,1.5526
2016-07-20 00:00:00,1.5801
2016-07-21 00:00:00,1.556
2016-07-22 00:00:00,1.5663
2016-07-25 00:00:00,1.5731
2016-07-26 00:00:00,1.5611
2016-07-27 00:00:00,1.4976
2016-07-28 00:00:00,1.5044
2016-07-29 00:00:00,1.4531
2016-08-01 00:00:00,1.5214
2016-08-02 00:00:00,1.5558
2016-08-03 00:00:00,1.542
2016-08-04 00:00:00,1.5008
2016-08-05 00:00:00,1.5885
2016-08-08 00:00:00,1.592
2016-08-09 00:00:00,1.547
2016-08-10 00:00:00,1.5074
2016-08-11 00:00:00,1.5593
2016-08-12 00:00:00,1.5135
2016-08-15 00:00:00,1.5576
2016-08-16 00:00:00,1.5746
2016-08-17 00:00:00,1.5491
2016-08-18 00:00:00,1.5356
2016-08-19 00:00:00,1.5781
2016-08-22 00:00:00,1.5424
2016-08-23 00:00:00,1.5458
2016-08-24 00:00:00,1.5611
2016-08-25 00:00:00,1.5731
2016-08-26 00:00:00,1.6296
2016-08-29 00:00:00,1.5595
2016-08-30 00:00:00,1.5663
2016-08-31 00:00:00,1.58
2016-09-01 00:00:00,1.5681
2016-09-02 00:00:00,1.6024
2016-09-05 00:00:00,1.6024
2016-09-06 00:00:00,1.534
2016-09-07 00:00:00,1.5391
2016-09-08 00:00:00,1.599
2016-09-09 00:00:00,1.6749
2016-09-12 00:00:00,1.6629
2016-09-13 00:00:00,1.7271
2016-09-14 00:00:00,1.6976
2016-09-15 00:00:00,1.6907
2016-09-16 00:00:00,1.6926
2016-09-19 00:00:00,1.7118
2016-09-20 00:00:00,1.6892
2016-09-21 00:00:00,1.6511
2016-09-22 00:00:00,1.6183
2016-09-23 00:00:00,1.6184
2016-09-26 00:00:00,1.5839
2016-09-27 00:00:00,1.5564
2016-09-28 00:00:00,1.5719
2016-09-29 00:00:00,1.5599
2016-09-30 00:00:00,1.5944
2016-10-03 00:00:00,1.6221
2016-10-04 00:00:00,1.6864
2016-10-05 00:00:00,1.7021
2016-10-06 00:00:00,1.7372
2016-10-07 00:00:00,1.7181
2016-10-10 00:00:00,1.7181
2016-10-11 00:00:00,1.7638
2016-10-12 00:00:00,1.7692
2016-10-13 00:00:00,1.7411
2016-10-14 00:00:00,1.7977
2016-10-17 00:00:00,1.766
2016-10-18 00:00:00,1.7379
2016-10-19 00:00:00,1.7432
2016-10-20 00:00:00,1.7556
2016-10-21 00:00:00,1.7347
2016-10-24 00:00:00,1.7647
2016-10-25 00:00:00,1.756
2016-10-26 00:00:00,1.7931
2016-10-27 00:00:00,1.8536
2016-10-28 00:00:00,1.8468
2016-10-31 00:00:00,1.8255
2016-11-01 00:00:00,1.8274
2016-11-02 00:00:00,1.8025
2016-11-03 00:00:00,1.8115
2016-11-04 00:00:00,1.7762
2016-11-07 00:00:00,1.8261
2016-11-08 00:00:00,1.8547
2016-11-09 00:00:00,2.0571
2016-11-10 00:00:00,2.1501
2016-11-11 00:00:00,2.1501
2016-11-14 00:00:00,2.2614
2016-11-15 00:00:00,2.2189
2016-11-16 00:00:00,2.2225
2016-11-17 00:00:00,2.3026
2016-11-18 00:00:00,2.3548
2016-11-21 00:00:00,2.3154
2016-11-22 00:00:00,2.3119
2016-11-23 00:00:00,2.3498
2016-11-24 00:00:00,2.3498
2016-11-25 00:00:00,2.3572
2016-11-28 00:00:00,2.3124
2016-11-29 00:00:00,2.291
2016-11-30 00:00:00,2.3809
2016-12-01 00:00:00,2.4481
2016-12-02 00:00:00,2.3831
2016-12-05 00:00:00,2.3941
2016-12-06 00:00:00,2.3887
2016-12-07 00:00:00,2.3401
2016-12-08 00:00:00,2.4071
2016-12-09 00:00:00,2.4675
2016-12-12 00:00:00,2.4712
2016-12-13 00:00:00,2.4713
2016-12-14 00:00:00,2.5707
2016-12-15 00:00:00,2.5967
2016-12-16 00:00:00,2.5916
2016-12-19 00:00:00,2.5382
2016-12-20 00:00:00,2.5586
2016-12-21 00:00:00,2.5348
2016-12-22 00:00:00,2.5515
2016-12-23 00:00:00,2.5373
2016-12-26 00:00:00,2.5373
2016-12-27 00:00:00,2.5596
2016-12-28 00:00:00,2.508
2016-12-29 00:00:00,2.475
2016-12-30 00:00:00,2.4443
2017-01-02 00:00:00,2.4443
2017-01-03 00:00:00,2.4444
2017-01-04 00:00:00,2.439
2017-01-05 00:00:00,2.3443
2017-01-06 00:00:00,2.4193
2017-01-09 00:00:00,2.3647
2017-01-10 00:00:00,2.3757
2017-01-11 00:00:00,2.3721
2017-01-12 00:00:00,2.3631
2017-01-13 00:00:00,2.3964
2017-01-16 00:00:00,2.3964
2017-01-17 00:00:00,2.3253
2017-01-18 00:00:00,2.4296
2017-01-19 00:00:00,2.4739
2017-01-20 00:00:00,2.4668
2017-01-23 00:00:00,2.3971
2017-01-24 00:00:00,2.4652
2017-01-25 00:00:00,2.5116
2017-01-26 00:00:00,2.5043
2017-01-27 00:00:00,2.4843
2017-01-30 00:00:00,2.4881
2017-01-31 00:00:00,2.4531
2017-02-01 00:00:00,2.4699
2017-02-02 00:00:00,2.4737
2017-02-03 00:00:00,2.4648
2017-02-06 00:00:00,2.4077
2017-02-07 00:00:00,2.3931
2017-02-08 00:00:00,2.3363
2017-02-09 00:00:00,2.3948
2017-02-10 00:00:00,2.4073
2017-02-13 00:00:00,2.4358
2017-02-14 00:00:00,2.4698
2017-02-15 00:00:00,2.4932
2017-02-16 00:00:00,2.4467
2017-02-17 00:00:00,2.4147
2017-02-20 00:00:00,2.4147
2017-02-21 00:00:00,2.429
2017-02-22 00:00:00,2.4129
2017-02-23 00:00:00,2.372
2017-02-24 00:00:00,2.3117
2017-02-27 00:00:00,2.365
2017-02-28 00:00:00,2.3899
2017-03-01 00:00:00,2.4526
2017-03-02 00:00:00,2.4779
2017-03-03 00:00:00,2.478
2017-03-06 00:00:00,2.4997
2017-03-07 00:00:00,2.5179
2017-03-08 00:00:00,2.5597
2017-03-09 00:00:00,2.6053
2017-03-10 00:00:00,2.5745
2017-03-13 00:00:00,2.6258
2017-03-14 00:00:00,2.6002
2017-03-15 00:00:00,2.493
2017-03-16 00:00:00,2.5402
2017-03-17 00:00:00,2.5005
2017-03-20 00:00:00,2.4607
2017-03-21 00:00:00,2.4175
2017-03-22 00:00:00,2.405
2017-03-23 00:00:00,2.4194
2017-03-24 00:00:00,2.4123
2017-03-27 00:00:00,2.3782
2017-03-28 00:00:00,2.4178
2017-03-29 00:00:00,2.3765
2017-03-30 00:00:00,2.4197
2017-03-31 00:00:00,2.3874
2017-04-03 00:00:00,2.3193
2017-04-04 00:00:00,2.3605
2017-04-05 00:00:00,2.3354
2017-04-06 00:00:00,2.3408
2017-04-07 00:00:00,2.3822
2017-04-10 00:00:00,2.3661
2017-04-11 00:00:00,2.2962
2017-04-12 00:00:00,2.2392
2017-04-13 00:00:00,2.2374
2017-04-14 00:00:00,2.2374
2017-04-17 00:00:00,2.2498
2017-04-18 00:00:00,2.1682
2017-04-19 00:00:00,2.2143
2017-04-20 00:00:00,2.232
2017-04-21 00:00:00,2.248
2017-04-24 00:00:00,2.273
2017-04-25 00:00:00,2.3322
2017-04-26 00:00:00,2.3035
2017-04-27 00:00:00,2.2946
2017-04-28 00:00:00,2.2802
2017-05-01 00:00:00,2.318
2017-05-02 00:00:00,2.2803
2017-05-03 00:00:00,2.318
2017-05-04 00:00:00,2.3541
2017-05-05 00:00:00,2.3487
2017-05-08 00:00:00,2.3868
2017-05-09 00:00:00,2.3977
2017-05-10 00:00:00,2.4141
2017-05-11 00:00:00,2.3874
2017-05-12 00:00:00,2.3257
2017-05-15 00:00:00,2.3433
2017-05-16 00:00:00,2.3257
2017-05-17 00:00:00,2.2243
2017-05-18 00:00:00,2.2294
2017-05-19 00:00:00,2.2346
2017-05-22 00:00:00,2.2537
2017-05-23 00:00:00,2.2799
2017-05-24 00:00:00,2.2502
2017-05-25 00:00:00,2.2554
2017-05-26 00:00:00,2.2465
2017-05-29 00:00:00,2.2465
2017-05-30 00:00:00,2.2098
2017-05-31 00:00:00,2.2028
2017-06-01 00:00:00,2.2114
2017-06-02 00:00:00,2.1591
2017-06-05 00:00:00,2.1817
2017-06-06 00:00:00,2.1451
2017-06-07 00:00:00,2.1729
2017-06-08 00:00:00,2.1885
2017-06-09 00:00:00,2.2005
2017-06-12 00:00:00,2.2145
2017-06-13 00:00:00,2.2109
2017-06-14 00:00:00,2.1256
2017-06-15 00:00:00,2.1637
2017-06-16 00:00:00,2.1514
2017-06-19 00:00:00,2.1879
2017-06-20 00:00:00,2.1565
2017-06-21 00:00:00,2.1634
2017-06-22 00:00:00,2.1477
2017-06-23 00:00:00,2.1423
2017-06-26 00:00:00,2.137
2017-06-27 00:00:00,2.2051
2017-06-28 00:00:00,2.2279
2017-06-29 00:00:00,2.2666
2017-06-30 00:00:00,2.3037
2017-07-03 00:00:00,2.3499
2017-07-04 00:00:00,2.3499
2017-07-05 00:00:00,2.3232
2017-07-06 00:00:00,2.3659
2017-07-07 00:00:00,2.3856
2017-07-10 00:00:00,2.373
2017-07-11 00:00:00,2.3605
2017-07-12 00:00:00,2.3177
2017-07-13 00:00:00,2.3444
2017-07-14 00:00:00,2.3319
2017-07-17 00:00:00,2.3141
2017-07-18 00:00:00,2.259
2017-07-19 00:00:00,2.2696
2017-07-20 00:00:00,2.2589
2017-07-21 00:00:00,2.2375
2017-07-24 00:00:00,2.2552
2017-07-25 00:00:00,2.3354
2017-07-26 00:00:00,2.2872
2017-07-27 00:00:00,2.3103
2017-07-28 00:00:00,2.2889
2017-07-31 00:00:00,2.2942
2017-08-01 00:00:00,2.2532
2017-08-02 00:00:00,2.271
2017-08-03 00:00:00,2.2212
2017-08-04 00:00:00,2.262
2017-08-07 00:00:00,2.253
2017-08-08 00:00:00,2.2619
2017-08-09 00:00:00,2.2476
2017-08-10 00:00:00,2.1975
2017-08-11 00:00:00,2.1888
2017-08-14 00:00:00,2.2185
2017-08-15 00:00:00,2.2728
2017-08-16 00:00:00,2.222
2017-08-17 00:00:00,2.1853
2017-08-18 00:00:00,2.1939
2017-08-21 00:00:00,2.1817
2017-08-22 00:00:00,2.2131
2017-08-23 00:00:00,2.166
2017-08-24 00:00:00,2.1939
2017-08-25 00:00:00,2.1659
2017-08-28 00:00:00,2.1571
2017-08-29 00:00:00,2.1292
2017-08-30 00:00:00,2.1309
2017-08-31 00:00:00,2.117
2017-09-01 00:00:00,2.1657
2017-09-04 00:00:00,2.1657
2017-09-05 00:00:00,2.0596
2017-09-06 00:00:00,2.1046
2017-09-07 00:00:00,2.0387
2017-09-08 00:00:00,2.0507
2017-09-11 00:00:00,2.1306
2017-09-12 00:00:00,2.1672
2017-09-13 00:00:00,2.1883
2017-09-14 00:00:00,2.1847
2017-09-15 00:00:00,2.2023
2017-09-18 00:00:00,2.2287
2017-09-19 00:00:00,2.2446
2017-09-20 00:00:00,2.2676
2017-09-21 00:00:00,2.2765
2017-09-22 00:00:00,2.2499
2017-09-25 00:00:00,2.2198
2017-09-26 00:00:00,2.2357
2017-09-27 00:00:00,2.3103
2017-09-28 00:00:00,2.3085
2017-09-29 00:00:00,2.3336
2017-10-02 00:00:00,2.3408
2017-10-03 00:00:00,2.3229
2017-10-04 00:00:00,2.3229
2017-10-05 00:00:00,2.348
2017-10-06 00:00:00,2.3589
2017-10-09 00:00:00,2.3589
2017-10-10 00:00:00,2.3607
2017-10-11 00:00:00,2.3481
2017-10-12 00:00:00,2.3177
2017-10-13 00:00:00,2.273
2017-10-16 00:00:00,2.3034
2017-10-17 00:00:00,2.2998
2017-10-18 00:00:00,2.3465
2017-10-19 00:00:00,2.3178
2017-10-20 00:00:00,2.3845
2017-10-23 00:00:00,2.3664
2017-10-24 00:00:00,2.4189
2017-10-25 00:00:00,2.4317
2017-10-26 00:00:00,2.4609
2017-10-27 00:00:00,2.4064
2017-10-30 00:00:00,2.3684
2017-10-31 00:00:00,2.3793
2017-11-01 00:00:00,2.3721
2017-11-02 00:00:00,2.345
2017-11-03 00:00:00,2.3325
2017-11-06 00:00:00,2.3163
2017-11-07 00:00:00,2.3145
2017-11-08 00:00:00,2.3343
2017-11-09 00:00:00,2.3416
2017-11-10 00:00:00,2.3984
2017-11-13 00:00:00,2.4055
2017-11-14 00:00:00,2.3717
2017-11-15 00:00:00,2.3222
2017-11-16 00:00:00,2.3753
2017-11-17 00:00:00,2.3435
2017-11-20 00:00:00,2.3666
2017-11-21 00:00:00,2.3559
2017-11-22 00:00:00,2.3187
2017-11-23 00:00:00,2.3187
2017-11-24 00:00:00,2.3418
2017-11-27 00:00:00,2.3277
2017-11-28 00:00:00,2.3277
2017-11-29 00:00:00,2.3882
2017-11-30 00:00:00,2.4097
2017-12-01 00:00:00,2.3615
2017-12-04 00:00:00,2.3723
2017-12-05 00:00:00,2.3509
2017-12-06 00:00:00,2.3385
2017-12-07 00:00:00,2.3634
2017-12-08 00:00:00,2.376
2017-12-11 00:00:00,2.3886
2017-12-12 00:00:00,2.4011
2017-12-13 00:00:00,2.3422
2017-12-14 00:00:00,2.3493
2017-12-15 00:00:00,2.353
2017-12-18 00:00:00,2.3942
2017-12-19 00:00:00,2.4644
2017-12-20 00:00:00,2.497
2017-12-21 00:00:00,2.4826
2017-12-22 00:00:00,2.481
2017-12-25 00:00:00,2.481
2017-12-26 00:00:00,2.4756
2017-12-27 00:00:00,2.4107
2017-12-28 00:00:00,2.4305
2017-12-29 00:00:00,2.4054
2018-01-01 00:00:00,2.4054
2018-01-02 00:00:00,2.4633
2018-01-03 00:00:00,2.4471
2018-01-04 00:00:00,2.4525
2018-01-05 00:00:00,2.4763
2018-01-08 00:00:00,2.48
2018-01-09 00:00:00,2.553
2018-01-10 00:00:00,2.5568
2018-01-11 00:00:00,2.5367
2018-01-12 00:00:00,2.5462
2018-01-15 00:00:00,2.5462
2018-01-16 00:00:00,2.5371
2018-01-17 00:00:00,2.5904
2018-01-18 00:00:00,2.6256
2018-01-19 00:00:00,2.6592
2018-01-22 00:00:00,2.65
2018-01-23 00:00:00,2.6131
2018-01-24 00:00:00,2.6465
2018-01-25 00:00:00,2.617
2018-01-26 00:00:00,2.6599
2018-01-29 00:00:00,2.6936
2018-01-30 00:00:00,2.7199
2018-01-31 00:00:00,2.705
2018-02-01 00:00:00,2.7896
2018-02-02 00:00:00,2.8411
2018-02-05 00:00:00,2.7056
2018-02-06 00:00:00,2.8016
2018-02-07 00:00:00,2.8359
2018-02-08 00:00:00,2.824
2018-02-09 00:00:00,2.8512
2018-02-12 00:00:00,2.8585
2018-02-13 00:00:00,2.8294
2018-02-14 00:00:00,2.9022
2018-02-15 00:00:00,2.9095
2018-02-16 00:00:00,2.8749
2018-02-19 00:00:00,2.8749
2018-02-20 00:00:00,2.8896
2018-02-21 00:00:00,2.95
2018-02-22 00:00:00,2.9207
2018-02-23 00:00:00,2.866
2018-02-26 00:00:00,2.8623
2018-02-27 00:00:00,2.8934
2018-02-28 00:00:00,2.8606
2018-03-01 00:00:00,2.8078
2018-03-02 00:00:00,2.8643
2018-03-05 00:00:00,2.8808
2018-03-06 00:00:00,2.8863
2018-03-07 00:00:00,2.8827
2018-03-08 00:00:00,2.8571
2018-03-09 00:00:00,2.8938
2018-03-12 00:00:00,2.8681
2018-03-13 00:00:00,2.8426
2018-03-14 00:00:00,2.817
2018-03-15 00:00:00,2.828
2018-03-16 00:00:00,2.8445
2018-03-19 00:00:00,2.8555
2018-03-20 00:00:00,2.8959
2018-03-21 00:00:00,2.883
2018-03-22 00:00:00,2.8244
2018-03-23 00:00:00,2.8135
2018-03-26 00:00:00,2.852
2018-03-27 00:00:00,2.7753
2018-03-28 00:00:00,2.7807
2018-03-29 00:00:00,2.7389
2018-03-30 00:00:00,2.7389
2018-04-02 00:00:00,2.7298
2018-04-03 00:00:00,2.7753
2018-04-04 00:00:00,2.8027
2018-04-05 00:00:00,2.832
2018-04-06 00:00:00,2.7735
2018-04-09 00:00:00,2.779
2018-04-10 00:00:00,2.8009
2018-04-11 00:00:00,2.7808
2018-04-12 00:00:00,2.8358
2018-04-13 00:00:00,2.8267
2018-04-16 00:00:00,2.8267
2018-04-17 00:00:00,2.8285
2018-04-18 00:00:00,2.8728
2018-04-19 00:00:00,2.9098
2018-04-20 00:00:00,2.9602
2018-04-23 00:00:00,2.9752
2018-04-24 00:00:00,2.9995
2018-04-25 00:00:00,3.0259
2018-04-26 00:00:00,2.9809
2018-04-27 00:00:00,2.9568
2018-04-30 00:00:00,2.9531
2018-05-01 00:00:00,2.9644
2018-05-02 00:00:00,2.9663
2018-05-03 00:00:00,2.9458
2018-05-04 00:00:00,2.9497
2018-05-07 00:00:00,2.9497
2018-05-08 00:00:00,2.976
2018-05-09 00:00:00,3.0042
2018-05-10 00:00:00,2.9622
2018-05-11 00:00:00,2.9695
2018-05-14 00:00:00,3.0024
2018-05-15 00:00:00,3.0723
2018-05-16 00:00:00,3.0964
2018-05-17 00:00:00,3.1112
2018-05-18 00:00:00,3.0559
2018-05-21 00:00:00,3.0596
2018-05-22 00:00:00,3.0597
2018-05-23 00:00:00,2.9935
2018-05-24 00:00:00,2.977
2018-05-25 00:00:00,2.9313
2018-05-28 00:00:00,2.9313
2018-05-29 00:00:00,2.781
2018-05-30 00:00:00,2.855
2018-05-31 00:00:00,2.8586
2018-06-01 00:00:00,2.9022
2018-06-04 00:00:00,2.9424
2018-06-05 00:00:00,2.9277
2018-06-06 00:00:00,2.9717
2018-06-07 00:00:00,2.9204
2018-06-08 00:00:00,2.9461
2018-06-11 00:00:00,2.9516
2018-06-12 00:00:00,2.9608
2018-06-13 00:00:00,2.9663
2018-06-14 00:00:00,2.9351
2018-06-15 00:00:00,2.9205
2018-06-18 00:00:00,2.9169
2018-06-19 00:00:00,2.8967
2018-06-20 00:00:00,2.9389
2018-06-21 00:00:00,2.8967
2018-06-22 00:00:00,2.8949
2018-06-25 00:00:00,2.8803
2018-06-26 00:00:00,2.8766
2018-06-27 00:00:00,2.8256
2018-06-28 00:00:00,2.8365
2018-06-29 00:00:00,2.8601
2018-07-02 00:00:00,2.8711
2018-07-03 00:00:00,2.8309
2018-07-04 00:00:00,2.8309
2018-07-05 00:00:00,2.8291
2018-07-06 00:00:00,2.8217
2018-07-09 00:00:00,2.8564
2018-07-10 00:00:00,2.8491
2018-07-11 00:00:00,2.8491
2018-07-12 00:00:00,2.8454
2018-07-13 00:00:00,2.8271
2018-07-16 00:00:00,2.8582
2018-07-17 00:00:00,2.86
2018-07-18 00:00:00,2.8692
2018-07-19 00:00:00,2.838
2018-07-20 00:00:00,2.8931
2018-07-23 00:00:00,2.9541
2018-07-24 00:00:00,2.9486
2018-07-25 00:00:00,2.9746
2018-07-26 00:00:00,2.9764
2018-07-27 00:00:00,2.9542
2018-07-30 00:00:00,2.9728
2018-07-31 00:00:00,2.9598
2018-08-01 00:00:00,3.0064
2018-08-02 00:00:00,2.9859
2018-08-03 00:00:00,2.9488
2018-08-06 00:00:00,2.9395
2018-08-07 00:00:00,2.973
2018-08-08 00:00:00,2.96
2018-08-09 00:00:00,2.9258
2018-08-10 00:00:00,2.8732
2018-08-13 00:00:00,2.8786
2018-08-14 00:00:00,2.8985
2018-08-15 00:00:00,2.8623
2018-08-16 00:00:00,2.8659
2018-08-17 00:00:00,2.8605
2018-08-20 00:00:00,2.819
2018-08-21 00:00:00,2.8298
2018-08-22 00:00:00,2.8189
2018-08-23 00:00:00,2.8261
2018-08-24 00:00:00,2.8098
2018-08-27 00:00:00,2.8459
2018-08-28 00:00:00,2.8804
2018-08-29 00:00:00,2.884
2018-08-30 00:00:00,2.855
2018-08-31 00:00:00,2.8604
2018-09-03 00:00:00,2.8604
2018-09-04 00:00:00,2.8985
2018-09-05 00:00:00,2.9022
2018-09-06 00:00:00,2.8731
2018-09-07 00:00:00,2.9388
2018-09-10 00:00:00,2.9314
2018-09-11 00:00:00,2.9755
2018-09-12 00:00:00,2.9626
2018-09-13 00:00:00,2.97
2018-09-14 00:00:00,2.9959
2018-09-17 00:00:00,2.9867
2018-09-18 00:00:00,3.0551
2018-09-19 00:00:00,3.0626
2018-09-20 00:00:00,3.0626
2018-09-21 00:00:00,3.0628
2018-09-24 00:00:00,3.0889
2018-09-25 00:00:00,3.0964
2018-09-26 00:00:00,3.048
2018-09-27 00:00:00,3.0518
2018-09-28 00:00:00,3.0612
2018-10-01 00:00:00,3.0836
2018-10-02 00:00:00,3.0631
2018-10-03 00:00:00,3.1813
2018-10-04 00:00:00,3.187
2018-10-05 00:00:00,3.2328
2018-10-08 00:00:00,3.2328
2018-10-09 00:00:00,3.2063
2018-10-10 00:00:00,3.1629
2018-10-11 00:00:00,3.1498
2018-10-12 00:00:00,3.1613
2018-10-15 00:00:00,3.1557
2018-10-16 00:00:00,3.1633
2018-10-17 00:00:00,3.205
2018-10-18 00:00:00,3.1786
2018-10-19 00:00:00,3.1921
2018-10-22 00:00:00,3.1978
2018-10-23 00:00:00,3.1676
2018-10-24 00:00:00,3.1035
2018-10-25 00:00:00,3.1167
2018-10-26 00:00:00,3.0755
2018-10-29 00:00:00,3.0849
2018-10-30 00:00:00,3.1227
2018-10-31 00:00:00,3.1435
2018-11-01 00:00:00,3.1303
2018-11-02 00:00:00,3.2121
2018-11-05 00:00:00,3.2008
2018-11-06 00:00:00,3.2276
2018-11-07 00:00:00,3.2355
2018-11-08 00:00:00,3.2373
2018-11-09 00:00:00,3.1819
2018-11-12 00:00:00,3.1819
2018-11-13 00:00:00,3.1397
2018-11-14 00:00:00,3.125
2018-11-15 00:00:00,3.1103
2018-11-16 00:00:00,3.0628
2018-11-19 00:00:00,3.0628
2018-11-20 00:00:00,3.0628
2018-11-21 00:00:00,3.0627
2018-11-22 00:00:00,3.0627
2018-11-23 00:00:00,3.039
2018-11-26 00:00:00,3.0535
2018-11-27 00:00:00,3.0572
2018-11-28 00:00:00,3.059
2018-11-29 00:00:00,3.0298
2018-11-30 00:00:00,2.9879
2018-12-03 00:00:00,2.9697
2018-12-04 00:00:00,2.9136
2018-12-05 00:00:00,2.9136
2018-12-06 00:00:00,2.8955
2018-12-07 00:00:00,2.845
2018-12-10 00:00:00,2.8575
2018-12-11 00:00:00,2.879
2018-12-12 00:00:00,2.9096
2018-12-13 00:00:00,2.9131
2018-12-14 00:00:00,2.8895
2018-12-17 00:00:00,2.857
2018-12-18 00:00:00,2.8175
2018-12-19 00:00:00,2.7548
2018-12-20 00:00:00,2.8065
2018-12-21 00:00:00,2.7902
2018-12-24 00:00:00,2.7383
2018-12-25 00:00:00,2.7383
2018-12-26 00:00:00,2.8079
2018-12-27 00:00:00,2.7666
2018-12-28 00:00:00,2.7182
2018-12-31 00:00:00,2.6842
2019-01-01 00:00:00,2.6842
2019-01-02 00:00:00,2.6204
2019-01-03 00:00:00,2.5535
2019-01-04 00:00:00,2.6677
2019-01-07 00:00:00,2.696
2019-01-08 00:00:00,2.728
2019-01-09 00:00:00,2.71
2019-01-10 00:00:00,2.7421
2019-01-11 00:00:00,2.7007
2019-01-14 00:00:00,2.7024
2019-01-15 00:00:00,2.7112
2019-01-16 00:00:00,2.7218
2019-01-17 00:00:00,2.7504
2019-01-18 00:00:00,2.7842
2019-01-21 00:00:00,2.7842
2019-01-22 00:00:00,2.7392
2019-01-23 00:00:00,2.7409
2019-01-24 00:00:00,2.7157
2019-01-25 00:00:00,2.7585
2019-01-28 00:00:00,2.744
2019-01-29 00:00:00,2.7098
2019-01-30 00:00:00,2.6775
2019-01-31 00:00:00,2.6293
2019-02-01 00:00:00,2.6842
2019-02-04 00:00:00,2.7235
2019-02-05 00:00:00,2.6983
2019-02-06 00:00:00,2.6946
2019-02-07 00:00:00,2.6572
2019-02-08 00:00:00,2.6339
2019-02-11 00:00:00,2.6536
2019-02-12 00:00:00,2.6877
2019-02-13 00:00:00,2.7021
2019-02-14 00:00:00,2.6536
2019-02-15 00:00:00,2.6626
2019-02-18 00:00:00,2.6626
2019-02-19 00:00:00,2.6339
2019-02-20 00:00:00,2.6447
2019-02-21 00:00:00,2.6914
2019-02-22 00:00:00,2.6518
2019-02-25 00:00:00,2.6626
2019-02-26 00:00:00,2.6357
2019-02-27 00:00:00,2.6825
2019-02-28 00:00:00,2.715
2019-03-01 00:00:00,2.7531
2019-03-04 00:00:00,2.7223
2019-03-05 00:00:00,2.7169
2019-03-06 00:00:00,2.6934
2019-03-07 00:00:00,2.6393
2019-03-08 00:00:00,2.6285
2019-03-11 00:00:00,2.6393
2019-03-12 00:00:00,2.6015
2019-03-13 00:00:00,2.6213
2019-03-14 00:00:00,2.6303
2019-03-15 00:00:00,2.5871
2019-03-18 00:00:00,2.6033
2019-03-19 00:00:00,2.6123
2019-03-20 00:00:00,2.5263
2019-03-21 00:00:00,2.5369
2019-03-22 00:00:00,2.439
2019-03-25 00:00:00,2.3983
2019-03-26 00:00:00,2.423
2019-03-27 00:00:00,2.3665
2019-03-28 00:00:00,2.3946
2019-03-29 00:00:00,2.405
2019-04-01 00:00:00,2.5009
2019-04-02 00:00:00,2.4741
2019-04-03 00:00:00,2.5241
2019-04-04 00:00:00,2.5151
2019-04-05 00:00:00,2.4954
2019-04-08 00:00:00,2.5222
2019-04-09 00:00:00,2.5006
2019-04-10 00:00:00,2.4649
2019-04-11 00:00:00,2.497
2019-04-12 00:00:00,2.5651
2019-04-15 00:00:00,2.5543
2019-04-16 00:00:00,2.5904
2019-04-17 00:00:00,2.594
2019-04-18 00:00:00,2.5596
2019-04-19 00:00:00,2.5596
2019-04-22 00:00:00,2.5885
2019-04-23 00:00:00,2.565
2019-04-24 00:00:00,2.5181
2019-04-25 00:00:00,2.5325
2019-04-26 00:00:00,2.4982
2019-04-29 00:00:00,2.5252
2019-04-30 00:00:00,2.5018
2019-05-01 00:00:00,2.4999
2019-05-02 00:00:00,2.5414
2019-05-03 00:00:00,2.525
2019-05-06 00:00:00,2.4692
2019-05-07 00:00:00,2.4566
2019-05-08 00:00:00,2.4835
2019-05-09 00:00:00,2.4423
2019-05-10 00:00:00,2.4672
2019-05-13 00:00:00,2.4015
2019-05-14 00:00:00,2.4104
2019-05-15 00:00:00,2.3732
2019-05-16 00:00:00,2.3944
2019-05-17 00:00:00,2.3909
2019-05-20 00:00:00,2.4157
2019-05-21 00:00:00,2.4264
2019-05-22 00:00:00,2.382
2019-05-23 00:00:00,2.3185
2019-05-24 00:00:00,2.3202
2019-05-27 00:00:00,2.3202
2019-05-28 00:00:00,2.2658
2019-05-29 00:00:00,2.2605
2019-05-30 00:00:00,2.2133
2019-05-31 00:00:00,2.1246
2019-06-03 00:00:00,2.071
2019-06-04 00:00:00,2.1296
2019-06-05 00:00:00,2.1348
2019-06-06 00:00:00,2.1174
2019-06-07 00:00:00,2.0809
2019-06-10 00:00:00,2.1484
2019-06-11 00:00:00,2.1431
2019-06-12 00:00:00,2.1205
2019-06-13 00:00:00,2.0945
2019-06-14 00:00:00,2.0804
2019-06-17 00:00:00,2.0942
2019-06-18 00:00:00,2.0595
2019-06-19 00:00:00,2.0233
2019-06-20 00:00:00,2.0284
2019-06-21 00:00:00,2.054
2019-06-24 00:00:00,2.0143
2019-06-25 00:00:00,1.985
2019-06-26 00:00:00,2.0468
2019-06-27 00:00:00,2.014
2019-06-28 00:00:00,2.0051
2019-07-01 00:00:00,2.024
2019-07-02 00:00:00,1.974
2019-07-03 00:00:00,1.9498
2019-07-04 00:00:00,1.9498
2019-07-05 00:00:00,2.0338
2019-07-08 00:00:00,2.0476
2019-07-09 00:00:00,2.0648
2019-07-10 00:00:00,2.0613
2019-07-11 00:00:00,2.1378
2019-07-12 00:00:00,2.1219
2019-07-15 00:00:00,2.0887
2019-07-16 00:00:00,2.1026
2019-07-17 00:00:00,2.0451
2019-07-18 00:00:00,2.0242
2019-07-19 00:00:00,2.0552
2019-07-22 00:00:00,2.0464
2019-07-23 00:00:00,2.0812
2019-07-24 00:00:00,2.0428
2019-07-25 00:00:00,2.081
2019-07-26 00:00:00,2.0703
2019-07-29 00:00:00,2.065
2019-07-30 00:00:00,2.058
2019-07-31 00:00:00,2.0144
2019-08-01 00:00:00,1.8935
2019-08-02 00:00:00,1.8452
2019-08-05 00:00:00,1.7075
2019-08-06 00:00:00,1.7023
2019-08-07 00:00:00,1.7342
2019-08-08 00:00:00,1.7172
2019-08-09 00:00:00,1.7447
2019-08-12 00:00:00,1.6454
2019-08-13 00:00:00,1.7035
2019-08-14 00:00:00,1.5792
2019-08-15 00:00:00,1.5269
2019-08-16 00:00:00,1.5538
2019-08-19 00:00:00,1.6063
2019-08-20 00:00:00,1.5555
2019-08-21 00:00:00,1.5893
2019-08-22 00:00:00,1.6131
2019-08-23 00:00:00,1.5351
2019-08-26 00:00:00,1.5351
2019-08-27 00:00:00,1.4711
2019-08-28 00:00:00,1.4794
2019-08-29 00:00:00,1.4945
2019-08-30 00:00:00,1.4961
2019-09-02 00:00:00,1.4961
2019-09-03 00:00:00,1.4573
2019-09-04 00:00:00,1.4657
2019-09-05 00:00:00,1.5586
2019-09-06 00:00:00,1.5602
2019-09-09 00:00:00,1.6438
2019-09-10 00:00:00,1.7316
2019-09-11 00:00:00,1.7385
2019-09-12 00:00:00,1.7715
2019-09-13 00:00:00,1.8958
2019-09-16 00:00:00,1.8467
2019-09-17 00:00:00,1.8013
2019-09-18 00:00:00,1.7961
2019-09-19 00:00:00,1.784
2019-09-20 00:00:00,1.7215
2019-09-23 00:00:00,1.7267
2019-09-24 00:00:00,1.6456
2019-09-25 00:00:00,1.7372
2019-09-26 00:00:00,1.6921
2019-09-27 00:00:00,1.6801
2019-09-30 00:00:00,1.6646
2019-10-01 00:00:00,1.6353
2019-10-02 00:00:00,1.5992
2019-10-03 00:00:00,1.5341
2019-10-04 00:00:00,1.529
2019-10-07 00:00:00,1.558
2019-10-08 00:00:00,1.5289
2019-10-09 00:00:00,1.5836
2019-10-10 00:00:00,1.6681
2019-10-11 00:00:00,1.729
2019-10-14 00:00:00,1.729
2019-10-15 00:00:00,1.771
2019-10-16 00:00:00,1.7395
2019-10-17 00:00:00,1.7518
2019-10-18 00:00:00,1.7536
2019-10-21 00:00:00,1.7993
2019-10-22 00:00:00,1.7607
2019-10-23 00:00:00,1.7642
2019-10-24 00:00:00,1.766
2019-10-25 00:00:00,1.7943
2019-10-28 00:00:00,1.842
2019-10-29 00:00:00,1.8385
2019-10-30 00:00:00,1.7715
2019-10-31 00:00:00,1.691
2019-11-01 00:00:00,1.7103
2019-11-04 00:00:00,1.777
2019-11-05 00:00:00,1.8584
2019-11-06 00:00:00,1.8283
2019-11-07 00:00:00,1.9173
2019-11-08 00:00:00,1.9417
2019-11-11 00:00:00,1.9417
2019-11-12 00:00:00,1.9347
2019-11-13 00:00:00,1.886
2019-11-14 00:00:00,1.8186
2019-11-15 00:00:00,1.8308
2019-11-18 00:00:00,1.8153
2019-11-19 00:00:00,1.7826
2019-11-20 00:00:00,1.7449
2019-11-21 00:00:00,1.7723
2019-11-22 00:00:00,1.7706
2019-11-25 00:00:00,1.7551
2019-11-26 00:00:00,1.7414
2019-11-27 00:00:00,1.7654
2019-11-28 00:00:00,1.7654
2019-11-29 00:00:00,1.7758
2019-12-02 00:00:00,1.8189
2019-12-03 00:00:00,1.7157
2019-12-04 00:00:00,1.774
2019-12-05 00:00:00,1.8103
2019-12-06 00:00:00,1.8363
2019-12-09 00:00:00,1.819
2019-12-10 00:00:00,1.8416
2019-12-11 00:00:00,1.7914
2019-12-12 00:00:00,1.8922
2019-12-13 00:00:00,1.8226
2019-12-16 00:00:00,1.8713
2019-12-17 00:00:00,1.8801
2019-12-18 00:00:00,1.9169
2019-12-19 00:00:00,1.9204
2019-12-20 00:00:00,1.9171
2019-12-23 00:00:00,1.9294
2019-12-24 00:00:00,1.8996
2019-12-25 00:00:00,1.8996
2019-12-26 00:00:00,1.8944
2019-12-27 00:00:00,1.8752
2019-12-30 00:00:00,1.8788
2019-12-31 00:00:00,1.9175
2020-01-01 00:00:00,1.9175
2020-01-02 00:00:00,1.8771
2020-01-03 00:00:00,1.7881
2020-01-06 00:00:00,1.809
2020-01-07 00:00:00,1.8177
2020-01-08 00:00:00,1.8738
2020-01-09 00:00:00,1.8545
2020-01-10 00:00:00,1.8196
2020-01-13 00:00:00,1.8459
2020-01-14 00:00:00,1.8109
2020-01-15 00:00:00,1.783
2020-01-16 00:00:00,1.8074
2020-01-17 00:00:00,1.8215
2020-01-20 00:00:00,1.8215
2020-01-21 00:00:00,1.7743
2020-01-22 00:00:00,1.7691
2020-01-23 00:00:00,1.7325
2020-01-24 00:00:00,1.6839
2020-01-27 00:00:00,1.608
2020-01-28 00:00:00,1.6562
2020-01-29 00:00:00,1.5839
2020-01-30 00:00:00,1.5856
2020-01-31 00:00:00,1.5068
2020-02-03 00:00:00,1.5272
2020-02-04 00:00:00,1.5991
2020-02-05 00:00:00,1.6508
2020-02-06 00:00:00,1.6422
2020-02-07 00:00:00,1.5834
2020-02-10 00:00:00,1.5696
2020-02-11 00:00:00,1.6006
2020-02-12 00:00:00,1.6333
2020-02-13 00:00:00,1.6173
2020-02-14 00:00:00,1.5848
2020-02-17 00:00:00,1.5848
2020-02-18 00:00:00,1.561
2020-02-19 00:00:00,1.5661
2020-02-20 00:00:00,1.5152
2020-02-21 00:00:00,1.4713
2020-02-24 00:00:00,1.3705
2020-02-25 00:00:00,1.3521
2020-02-26 00:00:00,1.3371
2020-02-27 00:00:00,1.2607
2020-02-28 00:00:00,1.1486
2020-03-02 00:00:00,1.1632
2020-03-03 00:00:00,0.999
2020-03-04 00:00:00,1.0522
2020-03-05 00:00:00,0.912
2020-03-06 00:00:00,0.7623
2020-03-09 00:00:00,0.5407
2020-03-10 00:00:00,0.803
2020-03-11 00:00:00,0.8695
2020-03-12 00:00:00,0.8042
2020-03-13 00:00:00,0.9603
2020-03-16 00:00:00,0.7182
2020-03-17 00:00:00,1.0784
2020-03-18 00:00:00,1.1915
2020-03-19 00:00:00,1.1404
2020-03-20 00:00:00,0.8454
2020-03-23 00:00:00,0.7863
2020-03-24 00:00:00,0.8466
2020-03-25 00:00:00,0.8673
2020-03-26 00:00:00,0.8447
2020-03-27 00:00:00,0.6746
2020-03-30 00:00:00,0.7264
2020-03-31 00:00:00,0.6695
2020-04-01 00:00:00,0.5832
2020-04-02 00:00:00,0.597
2020-04-03 00:00:00,0.5948
2020-04-06 00:00:00,0.6698
2020-04-07 00:00:00,0.7122
2020-04-08 00:00:00,0.7722
2020-04-09 00:00:00,0.7191
2020-04-10 00:00:00,0.7191
2020-04-13 00:00:00,0.7713
2020-04-14 00:00:00,0.752
2020-04-15 00:00:00,0.6316
2020-04-16 00:00:00,0.6267
2020-04-17 00:00:00,0.6417
2020-04-20 00:00:00,0.6053
2020-04-21 00:00:00,0.5691
2020-04-22 00:00:00,0.619
2020-04-23 00:00:00,0.6015
2020-04-24 00:00:00,0.6008
2020-04-27 00:00:00,0.6605
2020-04-28 00:00:00,0.6129
2020-04-29 00:00:00,0.6269
2020-04-30 00:00:00,0.6393
2020-05-01 00:00:00,0.6118
2020-05-04 00:00:00,0.6336
2020-05-05 00:00:00,0.6619
2020-05-06 00:00:00,0.703
2020-05-07 00:00:00,0.6409
2020-05-08 00:00:00,0.6831
2020-05-11 00:00:00,0.7099
2020-05-12 00:00:00,0.6651
2020-05-13 00:00:00,0.6525
2020-05-14 00:00:00,0.6218
2020-05-15 00:00:00,0.6428
2020-05-18 00:00:00,0.7257
2020-05-19 00:00:00,0.6882
2020-05-20 00:00:00,0.6801
2020-05-21 00:00:00,0.672
2020-05-22 00:00:00,0.6591
2020-05-25 00:00:00,0.6591
2020-05-26 00:00:00,0.6965
2020-05-27 00:00:00,0.6819
2020-05-28 00:00:00,0.69
2020-05-29 00:00:00,0.6526
2020-06-01 00:00:00,0.6591
2020-06-02 00:00:00,0.6852
2020-06-03 00:00:00,0.7458
2020-06-04 00:00:00,0.8234
2020-06-05 00:00:00,0.8951
2020-06-08 00:00:00,0.8752
2020-06-09 00:00:00,0.8253
2020-06-10 00:00:00,0.7263
2020-06-11 00:00:00,0.669
2020-06-12 00:00:00,0.7034
2020-06-15 00:00:00,0.7215
2020-06-16 00:00:00,0.7528
2020-06-17 00:00:00,0.738
2020-06-18 00:00:00,0.7084
2020-06-19 00:00:00,0.6937
2020-06-22 00:00:00,0.7085
2020-06-23 00:00:00,0.7118
2020-06-24 00:00:00,0.679
2020-06-25 00:00:00,0.6856
2020-06-26 00:00:00,0.6413
2020-06-29 00:00:00,0.6234
2020-06-30 00:00:00,0.6561
2020-07-01 00:00:00,0.6758
2020-07-02 00:00:00,0.6693
2020-07-03 00:00:00,0.6693
2020-07-06 00:00:00,0.6759
2020-07-07 00:00:00,0.6397
2020-07-08 00:00:00,0.6644
2020-07-09 00:00:00,0.6135
2020-07-10 00:00:00,0.6447
2020-07-13 00:00:00,0.6184
2020-07-14 00:00:00,0.6233
2020-07-15 00:00:00,0.6299
2020-07-16 00:00:00,0.6168
2020-07-17 00:00:00,0.6266
2020-07-20 00:00:00,0.6102
2020-07-21 00:00:00,0.6004
2020-07-22 00:00:00,0.5971
2020-07-23 00:00:00,0.5774
2020-07-24 00:00:00,0.5888
2020-07-27 00:00:00,0.6151
2020-07-28 00:00:00,0.579
2020-07-29 00:00:00,0.5741
2020-07-30 00:00:00,0.5462
2020-07-31 00:00:00,0.5282
2020-08-03 00:00:00,0.5543
2020-08-04 00:00:00,0.5069
2020-08-05 00:00:00,0.5477
2020-08-06 00:00:00,0.5362
2020-08-07 00:00:00,0.564
2020-08-10 00:00:00,0.5755
2020-08-11 00:00:00,0.6415
2020-08-12 00:00:00,0.6747
2020-08-13 00:00:00,0.7208
2020-08-14 00:00:00,0.7094
2020-08-17 00:00:00,0.6882
2020-08-18 00:00:00,0.6687
2020-08-19 00:00:00,0.6801
2020-08-20 00:00:00,0.6509
2020-08-21 00:00:00,0.6282
2020-08-24 00:00:00,0.6542
2020-08-25 00:00:00,0.6835
2020-08-26 00:00:00,0.6884
2020-08-27 00:00:00,0.7522
2020-08-28 00:00:00,0.7211
2020-08-31 00:00:00,0.7048
2020-09-01 00:00:00,0.6689
2020-09-02 00:00:00,0.6477
2020-09-03 00:00:00,0.6347
2020-09-04 00:00:00,0.718
2020-09-07 00:00:00,0.718
2020-09-08 00:00:00,0.6788
2020-09-09 00:00:00,0.7001
2020-09-10 00:00:00,0.6772
2020-09-11 00:00:00,0.6658
2020-09-14 00:00:00,0.6723
2020-09-15 00:00:00,0.6789
2020-09-16 00:00:00,0.6969
2020-09-17 00:00:00,0.6887
2020-09-18 00:00:00,0.6937
2020-09-21 00:00:00,0.6658
2020-09-22 00:00:00,0.6708
2020-09-23 00:00:00,0.6724
2020-09-24 00:00:00,0.6659
2020-09-25 00:00:00,0.6544
2020-09-28 00:00:00,0.6528
2020-09-29 00:00:00,0.6495
2020-09-30 00:00:00,0.684
2020-10-01 00:00:00,0.6774
2020-10-02 00:00:00,0.7005
2020-10-05 00:00:00,0.7817
2020-10-06 00:00:00,0.7353
2020-10-07 00:00:00,0.7868
2020-10-08 00:00:00,0.7852
2020-10-09 00:00:00,0.7737
2020-10-12 00:00:00,0.7737
2020-10-13 00:00:00,0.7272
2020-10-14 00:00:00,0.7256
2020-10-15 00:00:00,0.7322
2020-10-16 00:00:00,0.7456
2020-10-19 00:00:00,0.769
2020-10-20 00:00:00,0.7857
2020-10-21 00:00:00,0.8226
2020-10-22 00:00:00,0.8562
2020-10-23 00:00:00,0.8429
2020-10-26 00:00:00,0.801
2020-10-27 00:00:00,0.7676
2020-10-28 00:00:00,0.771
2020-10-29 00:00:00,0.823
2020-10-30 00:00:00,0.8737
2020-11-02 00:00:00,0.8434
2020-11-03 00:00:00,0.8993
2020-11-04 00:00:00,0.7629
2020-11-05 00:00:00,0.7629
2020-11-06 00:00:00,0.8185
2020-11-09 00:00:00,0.9235
2020-11-10 00:00:00,0.9595
2020-11-11 00:00:00,0.9753
2020-11-12 00:00:00,0.8815
2020-11-13 00:00:00,0.8963
2020-11-16 00:00:00,0.9061
2020-11-17 00:00:00,0.857
2020-11-18 00:00:00,0.8701
2020-11-19 00:00:00,0.8293
2020-11-20 00:00:00,0.8243
2020-11-23 00:00:00,0.8537
2020-11-24 00:00:00,0.8799
2020-11-25 00:00:00,0.8816
2020-11-26 00:00:00,0.8816
2020-11-27 00:00:00,0.8373
2020-11-30 00:00:00,0.8389
2020-12-01 00:00:00,0.926
2020-12-02 00:00:00,0.936
2020-12-03 00:00:00,0.9063
2020-12-04 00:00:00,0.9659
2020-12-07 00:00:00,0.9228
2020-12-08 00:00:00,0.9179
2020-12-09 00:00:00,0.9361
2020-12-10 00:00:00,0.9063
2020-12-11 00:00:00,0.8964
2020-12-14 00:00:00,0.8931
2020-12-15 00:00:00,0.908
2020-12-16 00:00:00,0.9163
2020-12-17 00:00:00,0.9329
2020-12-18 00:00:00,0.9462
2020-12-21 00:00:00,0.9346
2020-12-22 00:00:00,0.9164
2020-12-23 00:00:00,0.943
2020-12-24 00:00:00,0.9231
2020-12-25 00:00:00,0.9231
2020-12-28 00:00:00,0.9231
2020-12-29 00:00:00,0.9364
2020-12-30 00:00:00,0.9231
2020-12-31 00:00:00,0.9132
2021-01-01 00:00:00,0.9132
2021-01-04 00:00:00,0.9132
2021-01-05 00:00:00,0.9549
2021-01-06 00:00:00,1.0355
2021-01-07 00:00:00,1.0795
2021-01-08 00:00:00,1.1153
2021-01-11 00:00:00,1.146
2021-01-12 00:00:00,1.1291
2021-01-13 00:00:00,1.0832
2021-01-14 00:00:00,1.1292
2021-01-15 00:00:00,1.0835
2021-01-18 00:00:00,1.0835
2021-01-19 00:00:00,1.0886
2021-01-20 00:00:00,1.0802
2021-01-21 00:00:00,1.1058
2021-01-22 00:00:00,1.0855
2021-01-25 00:00:00,1.0295
2021-01-26 00:00:00,1.0347
2021-01-27 00:00:00,1.0161
2021-01-28 00:00:00,1.0449
2021-01-29 00:00:00,1.0655
2021-02-01 00:00:00,1.0792
2021-02-02 00:00:00,1.0963
2021-02-03 00:00:00,1.1374
2021-02-04 00:00:00,1.1392
2021-02-05 00:00:00,1.1635
2021-02-08 00:00:00,1.1705
2021-02-09 00:00:00,1.1568
2021-02-10 00:00:00,1.1225
2021-02-11 00:00:00,1.1632
2021-02-12 00:00:00,1.2082
2021-02-15 00:00:00,1.2082
2021-02-16 00:00:00,1.3141
2021-02-17 00:00:00,1.2703
2021-02-18 00:00:00,1.2956
2021-02-19 00:00:00,1.3364
2021-02-22 00:00:00,1.3653
2021-02-23 00:00:00,1.3416
2021-02-24 00:00:00,1.3756
2021-02-25 00:00:00,1.5199
2021-02-26 00:00:00,1.4049
2021-03-01 00:00:00,1.417
2021-03-02 00:00:00,1.3914
2021-03-03 00:00:00,1.4808
2021-03-04 00:00:00,1.564
2021-03-05 00:00:00,1.5661
2021-03-08 00:00:00,1.5907
2021-03-09 00:00:00,1.5263
2021-03-10 00:00:00,1.5178
2021-03-11 00:00:00,1.537
2021-03-12 00:00:00,1.6247
2021-03-15 00:00:00,1.6055
2021-03-16 00:00:00,1.6179
2021-03-17 00:00:00,1.6427
2021-03-18 00:00:00,1.7082
2021-03-19 00:00:00,1.721
2021-03-22 00:00:00,1.6946
2021-03-23 00:00:00,1.6206
2021-03-24 00:00:00,1.6084
2021-03-25 00:00:00,1.6332
2021-03-26 00:00:00,1.676
2021-03-29 00:00:00,1.7081
2021-03-30 00:00:00,1.7029
2021-03-31 00:00:00,1.7404
2021-04-01 00:00:00,1.6699
2021-04-02 00:00:00,1.7216
2021-04-05 00:00:00,1.7003
2021-04-06 00:00:00,1.656
2021-04-07 00:00:00,1.6739
2021-04-08 00:00:00,1.6192
2021-04-09 00:00:00,1.6585
2021-04-12 00:00:00,1.6657
2021-04-13 00:00:00,1.6145
2021-04-14 00:00:00,1.6323
2021-04-15 00:00:00,1.5759
2021-04-16 00:00:00,1.5798
2021-04-19 00:00:00,1.6047
2021-04-20 00:00:00,1.5589
2021-04-21 00:00:00,1.5555
2021-04-22 00:00:00,1.538
2021-04-23 00:00:00,1.5577
2021-04-26 00:00:00,1.5667
2021-04-27 00:00:00,1.6216
2021-04-28 00:00:00,1.6094
2021-04-29 00:00:00,1.6343
2021-04-30 00:00:00,1.6259
2021-05-03 00:00:00,1.5976
2021-05-04 00:00:00,1.5924
2021-05-05 00:00:00,1.566
2021-05-06 00:00:00,1.5696
2021-05-07 00:00:00,1.5771
2021-05-10 00:00:00,1.602
2021-05-11 00:00:00,1.6217
2021-05-12 00:00:00,1.6916
2021-05-13 00:00:00,1.6574
2021-05-14 00:00:00,1.6284
2021-05-17 00:00:00,1.6488
2021-05-18 00:00:00,1.6369
2021-05-19 00:00:00,1.671
2021-05-20 00:00:00,1.625
2021-05-21 00:00:00,1.6216
2021-05-24 00:00:00,1.6012
2021-05-25 00:00:00,1.5588
2021-05-26 00:00:00,1.5757
2021-05-27 00:00:00,1.6062
2021-05-28 00:00:00,1.5943
2021-05-31 00:00:00,1.5943
2021-06-01 00:00:00,1.6062
2021-06-02 00:00:00,1.5875
2021-06-03 00:00:00,1.625
2021-06-04 00:00:00,1.5534
2021-06-07 00:00:00,1.5687
2021-06-08 00:00:00,1.5331
2021-06-09 00:00:00,1.4908
2021-06-10 00:00:00,1.4318
2021-06-11 00:00:00,1.4518
2021-06-14 00:00:00,1.494
2021-06-15 00:00:00,1.4922
2021-06-16 00:00:00,1.5754
2021-06-17 00:00:00,1.504
2021-06-18 00:00:00,1.4381
2021-06-21 00:00:00,1.4886
2021-06-22 00:00:00,1.4632
2021-06-23 00:00:00,1.4852
2021-06-24 00:00:00,1.4919
2021-06-25 00:00:00,1.5241
2021-06-28 00:00:00,1.4765
2021-06-29 00:00:00,1.4697
2021-06-30 00:00:00,1.468
2021-07-01 00:00:00,1.4578
2021-07-02 00:00:00,1.4238
2021-07-05 00:00:00,1.4238
2021-07-06 00:00:00,1.3481
2021-07-07 00:00:00,1.3163
2021-07-08 00:00:00,1.2928
2021-07-09 00:00:00,1.3595
2021-07-12 00:00:00,1.3645
2021-07-13 00:00:00,1.4166
2021-07-14 00:00:00,1.3459
2021-07-15 00:00:00,1.2989
2021-07-16 00:00:00,1.2903
2021-07-19 00:00:00,1.1888
2021-07-20 00:00:00,1.2218
2021-07-21 00:00:00,1.2884
2021-07-22 00:00:00,1.2783
2021-07-23 00:00:00,1.2763
2021-07-26 00:00:00,1.2896
2021-07-27 00:00:00,1.2411
2021-07-28 00:00:00,1.2327
2021-07-29 00:00:00,1.2693
2021-07-30 00:00:00,1.2223
2021-08-02 00:00:00,1.1773
2021-08-03 00:00:00,1.1722
2021-08-04 00:00:00,1.182
2021-08-05 00:00:00,1.2235
2021-08-06 00:00:00,1.2969
2021-08-09 00:00:00,1.3237
2021-08-10 00:00:00,1.349
2021-08-11 00:00:00,1.3303
2021-08-12 00:00:00,1.359
2021-08-13 00:00:00,1.2767
2021-08-16 00:00:00,1.265
2021-08-17 00:00:00,1.2617
2021-08-18 00:00:00,1.2583
2021-08-19 00:00:00,1.2433
2021-08-20 00:00:00,1.255
2021-08-23 00:00:00,1.2517
2021-08-24 00:00:00,1.2935
2021-08-25 00:00:00,1.339
2021-08-26 00:00:00,1.3491
2021-08-27 00:00:00,1.307
2021-08-30 00:00:00,1.2785
2021-08-31 00:00:00,1.3088
2021-09-01 00:00:00,1.2936
2021-09-02 00:00:00,1.2835
2021-09-03 00:00:00,1.3223
2021-09-06 00:00:00,1.3223
2021-09-07 00:00:00,1.3732
2021-09-08 00:00:00,1.3376
2021-09-09 00:00:00,1.2971
2021-09-10 00:00:00,1.3411
2021-09-13 00:00:00,1.3259
2021-09-14 00:00:00,1.2836
2021-09-15 00:00:00,1.2988
2021-09-16 00:00:00,1.3378
2021-09-17 00:00:00,1.3616
2021-09-20 00:00:00,1.3107
2021-09-21 00:00:00,1.3226
2021-09-22 00:00:00,1.3006
2021-09-23 00:00:00,1.4301
2021-09-24 00:00:00,1.4509
2021-09-27 00:00:00,1.4871
2021-09-28 00:00:00,1.5374
2021-09-29 00:00:00,1.5167
2021-09-30 00:00:00,1.4873
2021-10-01 00:00:00,1.4616
2021-10-04 00:00:00,1.4789
2021-10-05 00:00:00,1.5258
2021-10-06 00:00:00,1.5206
2021-10-07 00:00:00,1.5729
2021-10-08 00:00:00,1.6118
2021-10-11 00:00:00,1.6118
2021-10-12 00:00:00,1.5769
2021-10-13 00:00:00,1.5368
2021-10-14 00:00:00,1.5107
2021-10-15 00:00:00,1.5703
2021-10-18 00:00:00,1.6002
2021-10-19 00:00:00,1.6372
2021-10-20 00:00:00,1.6567
2021-10-21 00:00:00,1.7011
2021-10-22 00:00:00,1.6324
2021-10-25 00:00:00,1.6307
2021-10-26 00:00:00,1.6079
2021-10-27 00:00:00,1.5413
2021-10-28 00:00:00,1.58
2021-10-29 00:00:00,1.5521
2021-11-01 00:00:00,1.5557
2021-11-02 00:00:00,1.5488
2021-11-03 00:00:00,1.6034
2021-11-04 00:00:00,1.5262
2021-11-05 00:00:00,1.4513
2021-11-08 00:00:00,1.4897
2021-11-09 00:00:00,1.4358
2021-11-10 00:00:00,1.5493
2021-11-11 00:00:00,1.5493
2021-11-12 00:00:00,1.5613
2021-11-15 00:00:00,1.6145
2021-11-16 00:00:00,1.6335
2021-11-17 00:00:00,1.5889
2021-11-18 00:00:00,1.5855
2021-11-19 00:00:00,1.5462
2021-11-22 00:00:00,1.6236
2021-11-23 00:00:00,1.6651
2021-11-24 00:00:00,1.6341
2021-11-25 00:00:00,1.6341
2021-11-26 00:00:00,1.4731
2021-11-29 00:00:00,1.4987
2021-11-30 00:00:00,1.4443
2021-12-01 00:00:00,1.4037
2021-12-02 00:00:00,1.4443
2021-12-03 00:00:00,1.343
2021-12-06 00:00:00,1.4342
2021-12-07 00:00:00,1.4733
2021-12-08 00:00:00,1.5212
2021-12-09 00:00:00,1.499
2021-12-10 00:00:00,1.4837
2021-12-13 00:00:00,1.4156
2021-12-14 00:00:00,1.4411
2021-12-15 00:00:00,1.4565
2021-12-16 00:00:00,1.4106
2021-12-17 00:00:00,1.4021
2021-12-20 00:00:00,1.4225
2021-12-21 00:00:00,1.4617
2021-12-22 00:00:00,1.4515
2021-12-23 00:00:00,1.4927
2021-12-24 00:00:00,1.4927
2021-12-27 00:00:00,1.4756
2021-12-28 00:00:00,1.4807
2021-12-29 00:00:00,1.5496
2021-12-30 00:00:00,1.5083
2021-12-31 00:00:00,1.5101
2022-01-03 00:00:00,1.628
2022-01-04 00:00:00,1.6473
2022-01-05 00:00:00,1.7052
2022-01-06 00:00:00,1.7211
2022-01-07 00:00:00,1.762
2022-01-10 00:00:00,1.7603
2022-01-11 00:00:00,1.7357
2022-01-12 00:00:00,1.7428
2022-01-13 00:00:00,1.7041
2022-01-14 00:00:00,1.7841
2022-01-17 00:00:00,1.7841
2022-01-18 00:00:00,1.8735
2022-01-19 00:00:00,1.8646
2022-01-20 00:00:00,1.804
2022-01-21 00:00:00,1.7581
2022-01-24 00:00:00,1.7706
2022-01-25 00:00:00,1.7689
2022-01-26 00:00:00,1.8637
2022-01-27 00:00:00,1.7994
2022-01-28 00:00:00,1.7694
2022-01-31 00:00:00,1.7767
2022-02-01 00:00:00,1.7875
2022-02-02 00:00:00,1.7751
2022-02-03 00:00:00,1.8306
2022-02-04 00:00:00,1.9085
2022-02-07 00:00:00,1.9159
2022-02-08 00:00:00,1.9632
2022-02-09 00:00:00,1.9415
2022-02-10 00:00:00,2.0294
2022-02-11 00:00:00,1.9371
2022-02-14 00:00:00,1.9875
2022-02-15 00:00:00,2.0434
2022-02-16 00:00:00,2.0382
2022-02-17 00:00:00,1.9615
2022-02-18 00:00:00,1.9286
2022-02-21 00:00:00,1.9286
2022-02-22 00:00:00,1.939
2022-02-23 00:00:00,1.9912
2022-02-24 00:00:00,1.9633
2022-02-25 00:00:00,1.9617
2022-02-28 00:00:00,1.825
2022-03-01 00:00:00,1.7275
2022-03-02 00:00:00,1.8767
2022-03-03 00:00:00,1.8405
2022-03-04 00:00:00,1.7307
2022-03-07 00:00:00,1.7734
2022-03-08 00:00:00,1.8456
2022-03-09 00:00:00,1.9531
2022-03-10 00:00:00,1.9864
2022-03-11 00:00:00,1.9917
2022-03-14 00:00:00,2.133
2022-03-15 00:00:00,2.1437
2022-03-16 00:00:00,2.1849
2022-03-17 00:00:00,2.1706
2022-03-18 00:00:00,2.1494
2022-03-21 00:00:00,2.2896
2022-03-22 00:00:00,2.3825
2022-03-23 00:00:00,2.2917
2022-03-24 00:00:00,2.3718
2022-03-25 00:00:00,2.4731
2022-03-28 00:00:00,2.4585
2022-03-29 00:00:00,2.3944
2022-03-30 00:00:00,2.3488
2022-03-31 00:00:00,2.338
2022-04-01 00:00:00,2.3822
2022-04-04 00:00:00,2.3951
2022-04-05 00:00:00,2.5469
2022-04-06 00:00:00,2.5975
2022-04-07 00:00:00,2.6578
2022-04-08 00:00:00,2.7
2022-04-11 00:00:00,2.7801
2022-04-12 00:00:00,2.7213
2022-04-13 00:00:00,2.6987
2022-04-14 00:00:00,2.8275
2022-04-15 00:00:00,2.8275
2022-04-18 00:00:00,2.8527
2022-04-19 00:00:00,2.9361
2022-04-20 00:00:00,2.832
2022-04-21 00:00:00,2.9095
2022-04-22 00:00:00,2.8987
2022-04-25 00:00:00,2.8198
2022-04-26 00:00:00,2.7205
2022-04-27 00:00:00,2.8318
2022-04-28 00:00:00,2.8224
2022-04-29 00:00:00,2.9336
2022-05-02 00:00:00,2.9807
2022-05-03 00:00:00,2.9712
2022-05-04 00:00:00,2.9344
2022-05-05 00:00:00,3.0365
2022-05-06 00:00:00,3.1265
2022-05-09 00:00:00,3.0338
2022-05-10 00:00:00,2.9908
2022-05-11 00:00:00,2.9207
2022-05-12 00:00:00,2.8479
2022-05-13 00:00:00,2.9185
2022-05-16 00:00:00,2.8822
2022-05-17 00:00:00,2.986
2022-05-18 00:00:00,2.884
2022-05-19 00:00:00,2.837
2022-05-20 00:00:00,2.7811
2022-05-23 00:00:00,2.8514
2022-05-24 00:00:00,2.7506
2022-05-25 00:00:00,2.7452
2022-05-26 00:00:00,2.7469
2022-05-27 00:00:00,2.7378
2022-05-30 00:00:00,2.7378
2022-05-31 00:00:00,2.8441
2022-06-01 00:00:00,2.9058
2022-06-02 00:00:00,2.9076
2022-06-03 00:00:00,2.9332
2022-06-06 00:00:00,3.0399
2022-06-07 00:00:00,2.9736
2022-06-08 00:00:00,3.0215
2022-06-09 00:00:00,3.0418
2022-06-10 00:00:00,3.1555
2022-06-13 00:00:00,3.3598
2022-06-14 00:00:00,3.4733
2022-06-15 00:00:00,3.2839
2022-06-16 00:00:00,3.1952
2022-06-17 00:00:00,3.2256
2022-06-20 00:00:00,3.2256
2022-06-21 00:00:00,3.2749
2022-06-22 00:00:00,3.1561
2022-06-23 00:00:00,3.087
2022-06-24 00:00:00,3.1301
2022-06-27 00:00:00,3.1997
2022-06-28 00:00:00,3.1715
2022-06-29 00:00:00,3.0891
2022-06-30 00:00:00,3.0129
2022-07-01 00:00:00,2.8803
2022-07-04 00:00:00,2.8803
2022-07-05 00:00:00,2.8054
2022-07-06 00:00:00,2.928
2022-07-07 00:00:00,2.9945
2022-07-08 00:00:00,3.0803
2022-07-11 00:00:00,2.9928
2022-07-12 00:00:00,2.9687
2022-07-13 00:00:00,2.9336
2022-07-14 00:00:00,2.9595
2022-07-15 00:00:00,2.9152
2022-07-18 00:00:00,2.9855
2022-07-19 00:00:00,3.0209
2022-07-20 00:00:00,3.0265
2022-07-21 00:00:00,2.8747
2022-07-22 00:00:00,2.7504
2022-07-25 00:00:00,2.7959
2022-07-26 00:00:00,2.8068
2022-07-27 00:00:00,2.7849
2022-07-28 00:00:00,2.6759
2022-07-29 00:00:00,2.6487
2022-08-01 00:00:00,2.5732
2022-08-02 00:00:00,2.7483
2022-08-03 00:00:00,2.7046
2022-08-04 00:00:00,2.6883
2022-08-05 00:00:00,2.8268
2022-08-08 00:00:00,2.7572
2022-08-09 00:00:00,2.7773
2022-08-10 00:00:00,2.7809
2022-08-11 00:00:00,2.8876
2022-08-12 00:00:00,2.8312
2022-08-15 00:00:00,2.7878
2022-08-16 00:00:00,2.8041
2022-08-17 00:00:00,2.8968
2022-08-18 00:00:00,2.8822
2022-08-19 00:00:00,2.9721
2022-08-22 00:00:00,3.0146
2022-08-23 00:00:00,3.0461
2022-08-24 00:00:00,3.1039
2022-08-25 00:00:00,3.0258
2022-08-26 00:00:00,3.0409
2022-08-29 00:00:00,3.1024
2022-08-30 00:00:00,3.1025
2022-08-31 00:00:00,3.1926
2022-09-01 00:00:00,3.2533
2022-09-02 00:00:00,3.1894
2022-09-05 00:00:00,3.1894
2022-09-06 00:00:00,3.3492
2022-09-07 00:00:00,3.2635
2022-09-08 00:00:00,3.317
2022-09-09 00:00:00,3.3097
2022-09-12 00:00:00,3.3578
2022-09-13 00:00:00,3.408
2022-09-14 00:00:00,3.4043
2022-09-15 00:00:00,3.4489
2022-09-16 00:00:00,3.4494
2022-09-19 00:00:00,3.4905
2022-09-20 00:00:00,3.563
2022-09-21 00:00:00,3.5299
2022-09-22 00:00:00,3.7138
2022-09-23 00:00:00,3.6846
2022-09-26 00:00:00,3.9244
2022-09-27 00:00:00,3.9451
2022-09-28 00:00:00,3.7312
2022-09-29 00:00:00,3.7856
2022-09-30 00:00:00,3.8286
2022-10-03 00:00:00,3.6387
2022-10-04 00:00:00,3.6329
2022-10-05 00:00:00,3.7528
2022-10-06 00:00:00,3.8236
2022-10-07 00:00:00,3.8814
2022-10-10 00:00:00,3.8814
2022-10-11 00:00:00,3.947
2022-10-12 00:00:00,3.8962
2022-10-13 00:00:00,3.9435
2022-10-14 00:00:00,4.0184
2022-10-17 00:00:00,4.0104
2022-10-18 00:00:00,4.0066
2022-10-19 00:00:00,4.1335
2022-10-20 00:00:00,4.2283
2022-10-21 00:00:00,4.2167
2022-10-24 00:00:00,4.2424
2022-10-25 00:00:00,4.1021
2022-10-26 00:00:00,4.0028
2022-10-27 00:00:00,3.9187
2022-10-28 00:00:00,4.0123
2022-10-31 00:00:00,4.0478
2022-11-01 00:00:00,4.0419
2022-11-02 00:00:00,4.1005
2022-11-03 00:00:00,4.1469
2022-11-04 00:00:00,4.1584
2022-11-07 00:00:00,4.2135
2022-11-08 00:00:00,4.1234
2022-11-09 00:00:00,4.0923
2022-11-10 00:00:00,3.8125
2022-11-11 00:00:00,3.8125
2022-11-14 00:00:00,3.8536
2022-11-15 00:00:00,3.7696
2022-11-16 00:00:00,3.6899
2022-11-17 00:00:00,3.7657
2022-11-18 00:00:00,3.8288
2022-11-21 00:00:00,3.8269
2022-11-22 00:00:00,3.7559
2022-11-23 00:00:00,3.6927
2022-11-24 00:00:00,3.6927
2022-11-25 00:00:00,3.6776
2022-11-28 00:00:00,3.6812
2022-11-29 00:00:00,3.7441
2022-11-30 00:00:00,3.6054
2022-12-01 00:00:00,3.5048
2022-12-02 00:00:00,3.4862
2022-12-05 00:00:00,3.5736
2022-12-06 00:00:00,3.5314
2022-12-07 00:00:00,3.4169
2022-12-08 00:00:00,3.4819
2022-12-09 00:00:00,3.5783
2022-12-12 00:00:00,3.6113
2022-12-13 00:00:00,3.5012
2022-12-14 00:00:00,3.4774
2022-12-15 00:00:00,3.4463
2022-12-16 00:00:00,3.4822
2022-12-19 00:00:00,3.5846
2022-12-20 00:00:00,3.6825
2022-12-21 00:00:00,3.662
2022-12-22 00:00:00,3.6786
2022-12-23 00:00:00,3.7472
2022-12-26 00:00:00,3.7472
2022-12-27 00:00:00,3.8411
2022-12-28 00:00:00,3.8827
2022-12-29 00:00:00,3.8145
2022-12-30 00:00:00,3.8748
2023-01-02 00:00:00,3.8748
2023-01-03 00:00:00,3.7389
2023-01-04 00:00:00,3.6827
2023-01-05 00:00:00,3.7181
2023-01-06 00:00:00,3.558
2023-01-09 00:00:00,3.5321
2023-01-10 00:00:00,3.6188
2023-01-11 00:00:00,3.5392
2023-01-12 00:00:00,3.44
2023-01-13 00:00:00,3.5035
2023-01-16 00:00:00,3.5035
2023-01-17 00:00:00,3.5476
2023-01-18 00:00:00,3.3698
2023-01-19 00:00:00,3.3915
2023-01-20 00:00:00,3.4787
2023-01-23 00:00:00,3.5098
2023-01-24 00:00:00,3.4527
2023-01-25 00:00:00,3.4416
2023-01-26 00:00:00,3.4947
2023-01-27 00:00:00,3.5035
2023-01-30 00:00:00,3.5366
2023-01-31 00:00:00,3.5069
2023-02-01 00:00:00,3.4166
2023-02-02 00:00:00,3.3927
2023-02-03 00:00:00,3.5246
2023-02-06 00:00:00,3.6399
2023-02-07 00:00:00,3.6735
2023-02-08 00:00:00,3.6098
2023-02-09 00:00:00,3.6579
2023-02-10 00:00:00,3.732
2023-02-13 00:00:00,3.7016
2023-02-14 00:00:00,3.7435
2023-02-15 00:00:00,3.8049
2023-02-16 00:00:00,3.8608
2023-02-17 00:00:00,3.8148
2023-02-20 00:00:00,3.8148
2023-02-21 00:00:00,3.9525
2023-02-22 00:00:00,3.9156
2023-02-23 00:00:00,3.8768
2023-02-24 00:00:00,3.9432
2023-02-27 00:00:00,3.9141
2023-02-28 00:00:00,3.92
2023-03-01 00:00:00,3.9925
2023-03-02 00:00:00,4.0556
2023-03-03 00:00:00,3.9517
2023-03-06 00:00:00,3.9577
2023-03-07 00:00:00,3.9637
2023-03-08 00:00:00,3.9913
2023-03-09 00:00:00,3.9032
2023-03-10 00:00:00,3.6987
2023-03-13 00:00:00,3.5732
2023-03-14 00:00:00,3.6892
2023-03-15 00:00:00,3.4548
2023-03-16 00:00:00,3.577
2023-03-17 00:00:00,3.4286
2023-03-20 00:00:00,3.4847
2023-03-21 00:00:00,3.6094
2023-03-22 00:00:00,3.4341
2023-03-23 00:00:00,3.4266
2023-03-24 00:00:00,3.3762
2023-03-27 00:00:00,3.5299
2023-03-28 00:00:00,3.5696
2023-03-29 00:00:00,3.5639
2023-03-30 00:00:00,3.5488
2023-03-31 00:00:00,3.4676
2023-04-03 00:00:00,3.4114
2023-04-04 00:00:00,3.3387
2023-04-05 00:00:00,3.3108
2023-04-06 00:00:00,3.305
2023-04-07 00:00:00,3.3906
2023-04-10 00:00:00,3.4168
2023-04-11 00:00:00,3.4262
2023-04-12 00:00:00,3.3906
2023-04-13 00:00:00,3.4449
2023-04-14 00:00:00,3.5128
2023-04-17 00:00:00,3.6004
2023-04-18 00:00:00,3.5756
2023-04-19 00:00:00,3.5908
2023-04-20 00:00:00,3.5318
2023-04-21 00:00:00,3.5718
2023-04-24 00:00:00,3.4901
2023-04-25 00:00:00,3.3996
2023-04-26 00:00:00,3.4485
2023-04-27 00:00:00,3.5204
2023-04-28 00:00:00,3.422
2023-05-01 00:00:00,3.5681
2023-05-02 00:00:00,3.4239
2023-05-03 00:00:00,3.3356
2023-05-04 00:00:00,3.3787
2023-05-05 00:00:00,3.437
2023-05-08 00:00:00,3.5072
2023-05-09 00:00:00,3.5186
2023-05-10 00:00:00,3.4426
2023-05-11 00:00:00,3.3843
2023-05-12 00:00:00,3.4625
2023-05-15 00:00:00,3.5019
2023-05-16 00:00:00,3.5339
2023-05-17 00:00:00,3.5641
2023-05-18 00:00:00,3.6457
2023-05-19 00:00:00,3.6726
2023-05-22 00:00:00,3.7148
2023-05-23 00:00:00,3.6919
2023-05-24 00:00:00,3.7419
2023-05-25 00:00:00,3.8174
2023-05-26 00:00:00,3.7983
2023-05-29 00:00:00,3.7983
2023-05-30 00:00:00,3.6866
2023-05-31 00:00:00,3.6426
2023-06-01 00:00:00,3.595
2023-06-02 00:00:00,3.6907
2023-06-05 00:00:00,3.6831
2023-06-06 00:00:00,3.6602
2023-06-07 00:00:00,3.7952
2023-06-08 00:00:00,3.7179
2023-06-09 00:00:00,3.7394
2023-06-12 00:00:00,3.7356
2023-06-13 00:00:00,3.8133
2023-06-14 00:00:00,3.7862
2023-06-15 00:00:00,3.7165
2023-06-16 00:00:00,3.7613
2023-06-19 00:00:00,3.7613
2023-06-20 00:00:00,3.7207
2023-06-21 00:00:00,3.7189
2023-06-22 00:00:00,3.7946
2023-06-23 00:00:00,3.7347
2023-06-26 00:00:00,3.7212
2023-06-27 00:00:00,3.7639
2023-06-28 00:00:00,3.7078
2023-06-29 00:00:00,3.8383
2023-06-30 00:00:00,3.8367
2023-07-03 00:00:00,3.8545
2023-07-04 00:00:00,3.8545
2023-07-05 00:00:00,3.9315
2023-07-06 00:00:00,4.0291
2023-07-07 00:00:00,4.0616
2023-07-10 00:00:00,3.9938
2023-07-11 00:00:00,3.97
2023-07-12 00:00:00,3.8573
2023-07-13 00:00:00,3.7634
2023-07-14 00:00:00,3.8322
2023-07-17 00:00:00,3.8068
2023-07-18 00:00:00,3.7853
2023-07-19 00:00:00,3.7483
2023-07-20 00:00:00,3.8503
2023-07-21 00:00:00,3.8349
2023-07-24 00:00:00,3.8725
2023-07-25 00:00:00,3.8845
2023-07-26 00:00:00,3.8668
2023-07-27 00:00:00,3.9982
2023-07-28 00:00:00,3.9507
2023-07-31 00:00:00,3.9588
2023-08-01 00:00:00,4.023
2023-08-02 00:00:00,4.0775
2023-08-03 00:00:00,4.1751
2023-08-04 00:00:00,4.0338
2023-08-07 00:00:00,4.0885
2023-08-08 00:00:00,4.022
2023-08-09 00:00:00,4.0081
2023-08-10 00:00:00,4.1055
2023-08-11 00:00:00,4.1522
2023-08-14 00:00:00,4.1913
2023-08-15 00:00:00,4.211
2023-08-16 00:00:00,4.2504
2023-08-17 00:00:00,4.2741
2023-08-18 00:00:00,4.2546
2023-08-21 00:00:00,4.3379
2023-08-22 00:00:00,4.3241
2023-08-23 00:00:00,4.1918
2023-08-24 00:00:00,4.2372
2023-08-25 00:00:00,4.2354
2023-08-28 00:00:00,4.202
2023-08-29 00:00:00,4.1197
2023-08-30 00:00:00,4.1139
2023-08-31 00:00:00,4.1081
2023-09-01 00:00:00,4.1788
2023-09-04 00:00:00,4.1788
2023-09-05 00:00:00,4.2598
2023-09-06 00:00:00,4.2797
2023-09-07 00:00:00,4.2441
2023-09-08 00:00:00,4.2641
2023-09-11 00:00:00,4.288
2023-09-12 00:00:00,4.2801
2023-09-13 00:00:00,4.2485
2023-09-14 00:00:00,4.2863
2023-09-15 00:00:00,4.3324
2023-09-18 00:00:00,4.3026
2023-09-19 00:00:00,4.3586
2023-09-20 00:00:00,4.407
2023-09-21 00:00:00,4.4942
2023-09-22 00:00:00,4.4337
2023-09-25 00:00:00,4.5334
2023-09-26 00:00:00,4.5356
2023-09-27 00:00:00,4.6075
2023-09-28 00:00:00,4.5748
2023-09-29 00:00:00,4.5711
2023-10-02 00:00:00,4.6785
2023-10-03 00:00:00,4.7955
2023-10-04 00:00:00,4.7329
2023-10-05 00:00:00,4.7185
2023-10-06 00:00:00,4.8009
2023-10-09 00:00:00,4.8009
2023-10-10 00:00:00,4.653
2023-10-11 00:00:00,4.5582
2023-10-12 00:00:00,4.6969
2023-10-13 00:00:00,4.6124
2023-10-16 00:00:00,4.706
2023-10-17 00:00:00,4.8341
2023-10-18 00:00:00,4.9149
2023-10-19 00:00:00,4.9898
2023-10-20 00:00:00,4.9137
2023-10-23 00:00:00,4.8502
2023-10-24 00:00:00,4.8229
2023-10-25 00:00:00,4.9549
2023-10-26 00:00:00,4.8445
2023-10-27 00:00:00,4.8346
2023-10-30 00:00:00,4.8942
2023-10-31 00:00:00,4.9307
2023-11-01 00:00:00,4.7341
2023-11-02 00:00:00,4.659
2023-11-03 00:00:00,4.5724
2023-11-06 00:00:00,4.6431
2023-11-07 00:00:00,4.5665
2023-11-08 00:00:00,4.4925
2023-11-09 00:00:00,4.6241
2023-11-10 00:00:00,4.6518
2023-11-13 00:00:00,4.6399
2023-11-14 00:00:00,4.4473
2023-11-15 00:00:00,4.5314
2023-11-16 00:00:00,4.4355
2023-11-17 00:00:00,4.4354
2023-11-20 00:00:00,4.4198
2023-11-21 00:00:00,4.3926
2023-11-22 00:00:00,4.4042
2023-11-23 00:00:00,4.4042
2023-11-24 00:00:00,4.4665
2023-11-27 00:00:00,4.3866
2023-11-28 00:00:00,4.3207
2023-11-29 00:00:00,4.2552
2023-11-30 00:00:00,4.3264
2023-12-01 00:00:00,4.1956
2023-12-04 00:00:00,4.2529
2023-12-05 00:00:00,4.1649
2023-12-06 00:00:00,4.104
2023-12-07 00:00:00,4.1495
2023-12-08 00:00:00,4.2256
2023-12-11 00:00:00,4.2333
2023-12-12 00:00:00,4.2006
2023-12-13 00:00:00,4.0164
2023-12-14 00:00:00,3.9208
2023-12-15 00:00:00,3.911
2023-12-18 00:00:00,3.9314
2023-12-19 00:00:00,3.9313
2023-12-20 00:00:00,3.8474
2023-12-21 00:00:00,3.8881
2023-12-22 00:00:00,3.895
2023-12-25 00:00:00,3.895
2023-12-26 00:00:00,3.8967
2023-12-27 00:00:00,3.7944
2023-12-28 00:00:00,3.8443
2023-12-29 00:00:00,3.8791
2024-01-01 00:00:00,3.8791
2024-01-02 00:00:00,3.9294
2024-01-03 00:00:00,3.9162
2024-01-04 00:00:00,3.9988
2024-01-05 00:00:00,4.0457
2024-01-08 00:00:00,4.0305
2024-01-09 00:00:00,4.0133
2024-01-10 00:00:00,4.0283
2024-01-11 00:00:00,3.9658
2024-01-12 00:00:00,3.939
2024-01-15 00:00:00,3.939
2024-01-16 00:00:00,4.0581
2024-01-17 00:00:00,4.1019
2024-01-18 00:00:00,4.142
2024-01-19 00:00:00,4.1226
2024-01-22 00:00:00,4.1052
2024-01-23 00:00:00,4.1282
2024-01-24 00:00:00,4.1762
2024-01-25 00:00:00,4.1184
2024-01-26 00:00:00,4.1373
2024-01-29 00:00:00,4.074
2024-01-30 00:00:00,4.0319
2024-01-31 00:00:00,3.9124
2024-02-01 00:00:00,3.8802
2024-02-02 00:00:00,4.0199
2024-02-05 00:00:00,4.1579
2024-02-06 00:00:00,4.1
2024-02-07 00:00:00,4.1211
2024-02-08 00:00:00,4.154
2024-02-09 00:00:00,4.1754
2024-02-12 00:00:00,4.1793
2024-02-13 00:00:00,4.3143
2024-02-14 00:00:00,4.2554
2024-02-15 00:00:00,4.23
2024-02-16 00:00:00,4.2792
2024-02-19 00:00:00,4.2792
2024-02-20 00:00:00,4.2753
2024-02-21 00:00:00,4.3187
2024-02-22 00:00:00,4.3207
2024-02-23 00:00:00,4.248
2024-02-26 00:00:00,4.2795
2024-02-27 00:00:00,4.3032
2024-02-28 00:00:00,4.2639
2024-02-29 00:00:00,4.2502
2024-03-01 00:00:00,4.1798
2024-03-04 00:00:00,4.2131
2024-03-05 00:00:00,4.1525
2024-03-06 00:00:00,4.102
2024-03-07 00:00:00,4.0827
2024-03-08 00:00:00,4.0749
2024-03-11 00:00:00,4.0982
2024-03-12 00:00:00,4.1507
2024-03-13 00:00:00,4.1899
2024-03-14 00:00:00,4.2903
2024-03-15 00:00:00,4.3063
2024-03-18 00:00:00,4.3242
2024-03-19 00:00:00,4.2925
2024-03-20 00:00:00,4.2728
2024-03-21 00:00:00,4.2669
2024-03-22 00:00:00,4.1981
2024-03-25 00:00:00,4.2454
2024-03-26 00:00:00,4.2316
2024-03-27 00:00:00,4.1903
2024-03-28 00:00:00,4.2003
2024-03-29 00:00:00,4.2003
2024-04-01 00:00:00,4.3092
2024-04-02 00:00:00,4.3491
2024-04-03 00:00:00,4.3472
2024-04-04 00:00:00,4.3094
2024-04-05 00:00:00,4.4016
2024-04-08 00:00:00,4.4198
2024-04-09 00:00:00,4.3616
2024-04-10 00:00:00,4.5435
2024-04-11 00:00:00,4.5865
2024-04-12 00:00:00,4.5216
2024-04-15 00:00:00,4.6014
2024-04-16 00:00:00,4.6674
2024-04-17 00:00:00,4.5873
2024-04-18 00:00:00,4.6326
2024-04-19 00:00:00,4.6207
2024-04-22 00:00:00,4.6085
2024-04-23 00:00:00,4.6004
2024-04-24 00:00:00,4.6417
2024-04-25 00:00:00,4.7039
2024-04-26 00:00:00,4.663
2024-04-29 00:00:00,4.6136
2024-04-30 00:00:00,4.6798
2024-05-01 00:00:00,4.6283
2024-05-02 00:00:00,4.5811
2024-05-03 00:00:00,4.5077
2024-05-06 00:00:00,4.4874
2024-05-07 00:00:00,4.457
2024-05-08 00:00:00,4.4937
2024-05-09 00:00:00,4.4531
2024-05-10 00:00:00,4.4963
2024-05-13 00:00:00,4.4865
2024-05-14 00:00:00,4.4394
2024-05-15 00:00:00,4.34
2024-05-16 00:00:00,4.375
2024-05-17 00:00:00,4.4198
2024-05-20 00:00:00,4.4433
2024-05-21 00:00:00,4.412
2024-05-22 00:00:00,4.4218
2024-05-23 00:00:00,4.4767
2024-05-24 00:00:00,4.465
2024-05-27 00:00:00,4.465
2024-05-28 00:00:00,4.55
2024-05-29 00:00:00,4.6117
2024-05-30 00:00:00,4.546
2024-05-31 00:00:00,4.4985
2024-06-03 00:00:00,4.3884
2024-06-04 00:00:00,4.3259
2024-06-05 00:00:00,4.2755
2024-06-06 00:00:00,4.287
2024-06-07 00:00:00,4.4335
2024-06-10 00:00:00,4.467
2024-06-11 00:00:00,4.404
2024-06-12 00:00:00,4.316
2024-06-13 00:00:00,4.2442
2024-06-14 00:00:00,4.2209
2024-06-17 00:00:00,4.2809
2024-06-18 00:00:00,4.2227
2024-06-19 00:00:00,4.2227
2024-06-20 00:00:00,4.2594
2024-06-21 00:00:00,4.2554
2024-06-24 00:00:00,4.2321
2024-06-25 00:00:00,4.2476
2024-06-26 00:00:00,4.3294
2024-06-27 00:00:00,4.2864
2024-06-28 00:00:00,4.3961
2024-07-01 00:00:00,4.4613
2024-07-02 00:00:00,4.4316
2024-07-03 00:00:00,4.3587
2024-07-04 00:00:00,4.3587
2024-07-05 00:00:00,4.2784
2024-07-08 00:00:00,4.2783
2024-07-09 00:00:00,4.2959
2024-07-10 00:00:00,4.2841
2024-07-11 00:00:00,4.2101
2024-07-12 00:00:00,4.1829
2024-07-15 00:00:00,4.2294
2024-07-16 00:00:00,4.1576
2024-07-17 00:00:00,4.1576
2024-07-18 00:00:00,4.2021
2024-07-19 00:00:00,4.2389
2024-07-22 00:00:00,4.2525
2024-07-23 00:00:00,4.2506
2024-07-24 00:00:00,4.2838
2024-07-25 00:00:00,4.2407
2024-07-26 00:00:00,4.1939
2024-07-29 00:00:00,4.1744
2024-07-30 00:00:00,4.1394
2024-07-31 00:00:00,4.0296
2024-08-01 00:00:00,3.976
2024-08-02 00:00:00,3.7904
2024-08-05 00:00:00,3.7884
2024-08-06 00:00:00,3.8919
2024-08-07 00:00:00,3.9431
2024-08-08 00:00:00,3.9877
2024-08-09 00:00:00,3.9398
2024-08-12 00:00:00,3.9035
2024-08-13 00:00:00,3.8428
2024-08-14 00:00:00,3.8352
2024-08-15 00:00:00,3.9131
2024-08-16 00:00:00,3.8826
2024-08-19 00:00:00,3.8711
2024-08-20 00:00:00,3.8067
2024-08-21 00:00:00,3.801
2024-08-22 00:00:00,3.8521
2024-08-23 00:00:00,3.799
2024-08-26 00:00:00,3.816
2024-08-27 00:00:00,3.8216
2024-08-28 00:00:00,3.8349
2024-08-29 00:00:00,3.8615
2024-08-30 00:00:00,3.9034
2024-09-02 00:00:00,3.9034
2024-09-03 00:00:00,3.831
2024-09-04 00:00:00,3.7552
2024-09-05 00:00:00,3.7269
2024-09-06 00:00:00,3.708
2024-09-09 00:00:00,3.7004
2024-09-10 00:00:00,3.6423
2024-09-11 00:00:00,3.6534
2024-09-12 00:00:00,3.674
2024-09-13 00:00:00,3.6513
2024-09-16 00:00:00,3.6176
2024-09-17 00:00:00,3.6456
2024-09-18 00:00:00,3.7038
2024-09-19 00:00:00,3.7131
2024-09-20 00:00:00,3.7413
2024-09-23 00:00:00,3.7489
2024-09-24 00:00:00,3.728
2024-09-25 00:00:00,3.7849
2024-09-26 00:00:00,3.7963
2024-09-27 00:00:00,3.7506
2024-09-30 00:00:00,3.7809
2024-10-01 00:00:00,3.7315
2024-10-02 00:00:00,3.7809
2024-10-03 00:00:00,3.8458
2024-10-04 00:00:00,3.9672
2024-10-07 00:00:00,4.0256
2024-10-08 00:00:00,4.0119
2024-10-09 00:00:00,4.0726
2024-10-10 00:00:00,4.0608
2024-10-11 00:00:00,4.1003
2024-10-14 00:00:00,4.1003
2024-10-15 00:00:00,4.0317
2024-10-16 00:00:00,4.0122
2024-10-17 00:00:00,4.0906
2024-10-18 00:00:00,4.0828
2024-10-21 00:00:00,4.1956
2024-10-22 00:00:00,4.2076
2024-10-23 00:00:00,4.2456
2024-10-24 00:00:00,4.2118
2024-10-25 00:00:00,4.2399
2024-10-28 00:00:00,4.2821
2024-10-29 00:00:00,4.2541
2024-10-30 00:00:00,4.3004
2024-10-31 00:00:00,4.2844
2024-11-01 00:00:00,4.3836
2024-11-04 00:00:00,4.2847
2024-11-05 00:00:00,4.2708
2024-11-06 00:00:00,4.4315
2024-11-07 00:00:00,4.3257
2024-11-08 00:00:00,4.3043
2024-11-11 00:00:00,4.3043
2024-11-12 00:00:00,4.4275
2024-11-13 00:00:00,4.4512
2024-11-14 00:00:00,4.4354
2024-11-15 00:00:00,4.4394
2024-11-18 00:00:00,4.4138
2024-11-19 00:00:00,4.3962
2024-11-20 00:00:00,4.41
2024-11-21 00:00:00,4.4218
2024-11-22 00:00:00,4.4002
2024-11-25 00:00:00,4.2731
2024-11-26 00:00:00,4.3062
2024-11-27 00:00:00,4.2634
2024-11-28 00:00:00,4.2634
2024-11-29 00:00:00,4.1685
2024-12-02 00:00:00,4.1897
2024-12-03 00:00:00,4.2245
2024-12-04 00:00:00,4.18
2024-12-05 00:00:00,4.1761
2024-12-06 00:00:00,4.1529
2024-12-09 00:00:00,4.2012
2024-12-10 00:00:00,4.2263
2024-12-11 00:00:00,4.2711
2024-12-12 00:00:00,4.3278
2024-12-13 00:00:00,4.3967
2024-12-16 00:00:00,4.3967
2024-12-17 00:00:00,4.3987
2024-12-18 00:00:00,4.514
2024-12-19 00:00:00,4.5621
2024-12-20 00:00:00,4.5222
2024-12-23 00:00:00,4.5865
2024-12-24 00:00:00,4.5887
2024-12-25 00:00:00,4.5887
2024-12-26 00:00:00,4.5827
2024-12-27 00:00:00,4.6253
2024-12-30 00:00:00,4.5327
2024-12-31 00:00:00,4.569
2025-01-01 00:00:00,4.569
2025-01-02 00:00:00,4.559
2025-01-03 00:00:00,4.5975
2025-01-06 00:00:00,4.63
2025-01-07 00:00:00,4.685
2025-01-08 00:00:00,4.6892
2025-01-09 00:00:00,4.6893
2025-01-10 00:00:00,4.7592
2025-01-13 00:00:00,4.7779
2025-01-14 00:00:00,4.7924
2025-01-15 00:00:00,4.6531
2025-01-16 00:00:00,4.6125
2025-01-17 00:00:00,4.627
2025-01-20 00:00:00,4.627
2025-01-21 00:00:00,4.5764
2025-01-22 00:00:00,4.6109
2025-01-23 00:00:00,4.6436
2025-01-24 00:00:00,4.6214
2025-01-27 00:00:00,4.5343
2025-01-28 00:00:00,4.5323
2025-01-29 00:00:00,4.5284
2025-01-30 00:00:00,4.5163
2025-01-31 00:00:00,4.5387
2025-02-03 00:00:00,4.555
2025-02-04 00:00:00,4.5105
2025-02-05 00:00:00,4.4181
2025-02-06 00:00:00,4.4342
2025-02-07 00:00:00,4.4947
2025-02-10 00:00:00,4.4968
2025-02-11 00:00:00,4.5352
2025-02-12 00:00:00,4.6208
2025-02-13 00:00:00,4.5288
2025-02-14 00:00:00,4.4762
2025-02-17 00:00:00,4.4762
2025-02-18 00:00:00,4.5503
2025-02-19 00:00:00,4.5327
2025-02-20 00:00:00,4.5053
2025-02-21 00:00:00,4.4313
2025-02-24 00:00:00,4.4003
2025-02-25 00:00:00,4.2945
2025-02-26 00:00:00,4.2562
2025-02-27 00:00:00,4.2599
2025-02-28 00:00:00,4.2082
2025-03-03 00:00:00,4.1551
2025-03-04 00:00:00,4.2442
2025-03-05 00:00:00,4.2785
2025-03-06 00:00:00,4.2784
2025-03-07 00:00:00,4.3011
2025-03-10 00:00:00,4.2131
2025-03-11 00:00:00,4.2799
2025-03-12 00:00:00,4.3124
2025-03-13 00:00:00,4.2682
2025-03-14 00:00:00,4.3121
2025-03-17 00:00:00,4.2985
2025-03-18 00:00:00,4.2831
2025-03-19 00:00:00,4.2428
2025-03-20 00:00:00,4.2369
2025-03-21 00:00:00,4.2462
2025-03-24 00:00:00,4.3346
2025-03-25 00:00:00,4.3133
2025-03-26 00:00:00,4.3519
2025-03-27 00:00:00,4.3595
2025-03-28 00:00:00,4.2494
2025-03-31 00:00:00,4.2053
2025-04-01 00:00:00,4.1689
2025-04-02 00:00:00,4.1307
2025-04-03 00:00:00,4.0286
2025-04-04 00:00:00,3.9943
2025-04-07 00:00:00,4.1835
2025-04-08 00:00:00,4.2929
2025-04-09 00:00:00,4.3315
2025-04-10 00:00:00,4.4249
2025-04-11 00:00:00,4.4895
2025-04-14 00:00:00,4.3739
2025-04-15 00:00:00,4.333
2025-04-16 00:00:00,4.2768
2025-04-17 00:00:00,4.3249
2025-04-18 00:00:00,4.3249
2025-04-21 00:00:00,4.4106
2025-04-22 00:00:00,4.4008
2025-04-23 00:00:00,4.3812
2025-04-24 00:00:00,4.3149
2025-04-25 00:00:00,4.2353
2025-04-28 00:00:00,4.2082
2025-04-29 00:00:00,4.1716
2025-04-30 00:00:00,4.1619
2025-05-01 00:00:00,4.2176
2025-05-02 00:00:00,4.3083
2025-05-05 00:00:00,4.3433
2025-05-06 00:00:00,4.2946
2025-05-07 00:00:00,4.2694
2025-05-08 00:00:00,4.3785
2025-05-09 00:00:00,4.3785
2025-05-12 00:00:00,4.4709
2025-05-13 00:00:00,4.465
2025-05-14 00:00:00,4.5363
2025-05-15 00:00:00,4.4315
2025-05-16 00:00:00,4.477
2025-05-19 00:00:00,4.4474
2025-05-20 00:00:00,4.4869
2025-05-21 00:00:00,4.5985
2025-05-22 00:00:00,4.5287
2025-05-23 00:00:00,4.511
2025-05-26 00:00:00,4.511
2025-05-27 00:00:00,4.4436
2025-05-28 00:00:00,4.4773
2025-05-29 00:00:00,4.418
2025-05-30 00:00:00,4.4004
2025-06-02 00:00:00,4.4399
2025-06-03 00:00:00,4.4537
2025-06-04 00:00:00,4.3552
2025-06-05 00:00:00,4.3906
2025-06-06 00:00:00,4.5056
2025-06-09 00:00:00,4.4738
2025-06-10 00:00:00,4.4698
2025-06-11 00:00:00,4.4203
2025-06-12 00:00:00,4.3592
2025-06-13 00:00:00,4.3987
2025-06-16 00:00:00,4.4462
2025-06-17 00:00:00,4.3888
2025-06-18 00:00:00,4.3909
2025-06-19 00:00:00,4.3909
2025-06-20 00:00:00,4.3751
2025-06-23 00:00:00,4.3475
2025-06-24 00:00:00,4.2945
2025-06-25 00:00:00,4.2906
2025-06-26 00:00:00,4.2417
2025-06-27 00:00:00,4.2769
2025-06-30 00:00:00,4.228
2025-07-01 00:00:00,4.2416
2025-07-02 00:00:00,4.2769
2025-07-03 00:00:00,4.3457
2025-07-04 00:00:00,4.3457
2025-07-07 00:00:00,4.3794
2025-07-08 00:00:00,4.3992
2025-07-09 00:00:00,4.332
2025-07-10 00:00:00,4.3498
2025-07-11 00:00:00,4.4093
2025-07-14 00:00:00,4.4333
2025-07-15 00:00:00,4.4813
2025-07-16 00:00:00,4.4553
2025-07-17 00:00:00,4.4513
2025-07-18 00:00:00,4.4155
2025-07-21 00:00:00,4.3777
2025-07-22 00:00:00,4.344
2025-07-23 00:00:00,4.3798
2025-07-24 00:00:00,4.3957
2025-07-25 00:00:00,4.3878
2025-07-28 00:00:00,4.4098
2025-07-29 00:00:00,4.3204
2025-07-30 00:00:00,4.37
2025-07-31 00:00:00,4.374
2025-08-01 00:00:00,4.2159
2025-08-04 00:00:00,4.1923
2025-08-05 00:00:00,4.21
2025-08-06 00:00:00,4.2257
2025-08-07 00:00:00,4.25
2025-08-08 00:00:00,4.2829
2025-08-11 00:00:00,4.2849
2025-08-12 00:00:00,4.2888
2025-08-13 00:00:00,4.2326
2025-08-14 00:00:00,4.2849
2025-08-15 00:00:00,4.316
2025-08-18 00:00:00,4.3335
2025-08-19 00:00:00,4.3062
2025-08-20 00:00:00,4.2907
2025-08-21 00:00:00,4.3277
2025-08-22 00:00:00,4.2537
2025-08-25 00:00:00,4.2751
2025-08-26 00:00:00,4.2615
2025-08-27 00:00:00,4.2343
2025-08-28 00:00:00,4.2033
2025-08-29 00:00:00,4.2284
2025-09-01 00:00:00,4.2284
2025-09-02 00:00:00,4.2614
2025-09-03 00:00:00,4.2168
2025-09-04 00:00:00,4.1607
2025-09-05 00:00:00,4.0742
2025-09-08 00:00:00,4.0398
2025-09-09 00:00:00,4.0875
2025-09-10 00:00:00,4.0454
2025-09-11 00:00:00,4.0206
2025-09-12 00:00:00,4.0643
2025-09-15 00:00:00,4.0375
2025-09-16 00:00:00,4.0279
2025-09-17 00:00:00,4.0872
2025-09-18 00:00:00,4.1044
2025-09-19 00:00:00,4.1274
2025-09-22 00:00:00,4.1467
2025-09-23 00:00:00,4.1061
2025-09-24 00:00:00,4.1466
2025-09-25 00:00:00,4.1698
2025-09-26 00:00:00,4.1755
2025-09-29 00:00:00,4.1387
2025-09-30 00:00:00,4.1503
2025-10-01 00:00:00,4.0981
2025-10-02 00:00:00,4.0827
2025-10-03 00:00:00,4.1192
2025-10-06 00:00:00,4.152
2025-10-07 00:00:00,4.123
2025-10-08 00:00:00,4.1171
2025-10-09 00:00:00,4.1384
2025-10-10 00:00:00,4.0322
2025-10-13 00:00:00,4.0322
2025-10-14 00:00:00,4.0321
2025-10-15 00:00:00,4.0282
2025-10-16 00:00:00,3.9745
2025-10-17 00:00:00,4.0088
2025-10-20 00:00:00,3.98
2025-10-21 00:00:00,3.9627
2025-10-22 00:00:00,3.9493
2025-10-23 00:00:00,4.0009
2025-10-24 00:00:00,4.0007
2025-10-27 00:00:00,3.9795
2025-10-28 00:00:00,3.9756
2025-10-29 00:00:00,4.0757
2025-10-30 00:00:00,4.097
2025-10-31 00:00:00,4.0775
2025-11-03 00:00:00,4.1104
2025-11-04 00:00:00,4.0852
2025-11-05 00:00:00,4.1591
2025-11-06 00:00:00,4.0831
2025-11-07 00:00:00,4.0966
2025-11-10 00:00:00,4.116
2025-11-11 00:00:00,4.116
2025-11-12 00:00:00,4.0693
2025-11-13 00:00:00,4.1192
2025-11-14 00:00:00,4.1483
2025-11-17 00:00:00,4.1386
2025-11-18 00:00:00,4.1134
2025-11-19 00:00:00,4.1367
2025-11-20 00:00:00,4.0845
2025-11-21 00:00:00,4.0633
2025-11-24 00:00:00,4.0248
2025-11-25 00:00:00,3.996
2025-11-26 00:00:00,3.9941
2025-11-27 00:00:00,3.9941
2025-11-28 00:00:00,4.0132
2025-12-01 00:00:00,4.0865
2025-12-02 00:00:00,4.0865
2025-12-03 00:00:00,4.0633
2025-12-04 00:00:00,4.0981
2025-12-05 00:00:00,4.1351
2025-12-08 00:00:00,4.1643
2025-12-09 00:00:00,4.1878
2025-12-10 00:00:00,4.1468
2025-12-11 00:00:00,4.1566
2025-12-12 00:00:00,4.1841
2025-12-15 00:00:00,4.1723
2025-12-16 00:00:00,4.145
2025-12-17 00:00:00,4.1528
2025-12-18 00:00:00,4.1217
2025-12-19 00:00:00,4.1471
2025-12-22 00:00:00,4.1628
2025-12-23 00:00:00,4.1628
2025-12-24 00:00:00,4.1335
2025-12-25 00:00:00,4.1335
2025-12-26 00:00:00,4.1277
2025-12-29 00:00:00,4.1102
2025-12-30 00:00:00,4.1219
2025-12-31 00:00:00,4.167
2026-01-01 00:00:00,4.167
2026-01-02 00:00:00,4.1907
2026-01-05 00:00:00,4.1612
2026-01-06 00:00:00,4.173
2026-01-07 00:00:00,4.1475
2026-01-08 00:00:00,4.1672
2026-01-09 00:00:00,4.1653
2026-01-12 00:00:00,4.1752
2026-01-13 00:00:00,4.1792
2026-01-14 00:00:00,4.132
2026-01-15 00:00:00,4.1694
2026-01-16 00:00:00,4.2229
2026-01-19 00:00:00,4.2229
2026-01-20 00:00:00,4.2925
2026-01-21 00:00:00,4.2428
2026-01-22 00:00:00,4.2449
2026-01-23 00:00:00,4.2252
2026-01-26 00:00:00,4.2113
2026-01-27 00:00:00,4.2432
2026-01-28 00:00:00,4.2432
2026-01-29 00:00:00,4.2313
2026-01-30 00:00:00,4.2355
2026-02-02 00:00:00,4.2774
2026-02-03 00:00:00,4.2655
2026-02-04 00:00:00,4.2735
2026-02-05 00:00:00,4.1801
2026-02-06 00:00:00,4.206
2026-02-09 00:00:00,4.2021
2026-02-10 00:00:00,4.1427
2026-02-11 00:00:00,4.1724
2026-02-12 00:00:00,4.0981
2026-02-13 00:00:00,4.0483
2026-02-16 00:00:00,4.0483
2026-02-17 00:00:00,4.0578
2026-02-18 00:00:00,4.0827
2026-02-19 00:00:00,4.0673
2026-02-20 00:00:00,4.0826
2026-02-23 00:00:00,4.0309
2026-02-24 00:00:00,4.029
2026-02-25 00:00:00,4.0519
2026-02-26 00:00:00,4.0041
2026-02-27 00:00:00,3.9375
2026-03-02 00:00:00,4.0345
2026-03-03 00:00:00,4.0594
2026-03-04 00:00:00,4.0959
2026-03-05 00:00:00,4.1363
2026-03-06 00:00:00,4.1383
2026-03-09 00:00:00,4.0958
2026-03-10 00:00:00,4.1557
2026-03-11 00:00:00,4.2296
2026-03-12 00:00:00,4.2609
2026-03-13 00:00:00,4.2767
2026-03-16 00:00:00,4.216
2026-03-17 00:00:00,4.1985
2026-03-18 00:00:00,4.265
2026-03-19 00:00:00,4.2493
2026-03-20 00:00:00,4.3796
2026-03-23 00:00:00,4.342
2026-03-24 00:00:00,4.3599
2026-03-25 00:00:00,4.3322
2026-03-26 00:00:00,4.4117
2026-03-27 00:00:00,4.4278
2026-03-30 00:00:00,4.3482
2026-03-31 00:00:00,4.3166
2026-04-01 00:00:00,4.3186
2026-04-02 00:00:00,4.3049
2026-04-03 00:00:00,4.3406
2026-04-06 00:00:00,4.3307
2026-04-07 00:00:00,4.2931
2026-04-08 00:00:00,4.2911
2026-04-09 00:00:00,4.2754
2026-04-10 00:00:00,4.317
2026-04-13 00:00:00,4.2933
2026-04-14 00:00:00,4.2479
2026-04-15 00:00:00,4.2834
2026-04-16 00:00:00,4.3112
2026-04-17 00:00:00,4.248
2026-04-20 00:00:00,4.251
2026-04-21 00:00:00,4.2916
2026-04-22 00:00:00,4.3025
2026-04-23 00:00:00,4.3244
2026-04-24 00:00:00,4.3007
2026-04-27 00:00:00,4.3395
2026-04-28 00:00:00,4.3455
2026-04-29 00:00:00,4.4298
2026-04-30 00:00:00,4.3706
2026-05-01 00:00:00,4.3698
2026-05-04 00:00:00,4.4382
2026-05-05 00:00:00,4.4241
2026-05-06 00:00:00,4.3489
2026-05-07 00:00:00,4.3861
2026-05-08 00:00:00,4.3541
2026-05-11 00:00:00,4.4134
2026-05-12 00:00:00,4.463
2026-05-13 00:00:00,4.4688
2026-05-14 00:00:00,4.4816
2026-05-15 00:00:00,4.5934
2026-05-18 00:00:00,4.5874
2026-05-19 00:00:00,4.6663
2026-05-20 00:00:00,4.5855
2026-05-21 00:00:00,4.5696
2026-05-22 00:00:00,4.5578
2026-05-25 00:00:00,4.5578
2026-05-26 00:00:00,4.4846
2026-05-27 00:00:00,4.4827
2026-05-28 00:00:00,4.4473
2026-05-29 00:00:00,4.4355
2026-06-01 00:00:00,4.4532
2026-06-02 00:00:00,4.4433
2026-06-03 00:00:00,4.4946
2026-06-04 00:00:00,4.4729
2026-06-05 00:00:00,4.5303
2026-06-08 00:00:00,4.5622
2026-06-09 00:00:00,4.5165
2026-06-10 00:00:00,4.5523
2026-06-11 00:00:00,4.4611
2026-06-12 00:00:00,4.4789
2026-06-15 00:00:00,4.473
2026-06-16 00:00:00,4.4394
2026-06-17 00:00:00,4.4869
2026-06-18 00:00:00,4.4533
2026-06-19 00:00:00,4.4533
2026-06-22 00:00:00,4.5048
