date,Kazakhstan_USDKZT
2005-01-03 00:00:00,129.96
2005-01-04 00:00:00,129.96
2005-01-05 00:00:00,129.98
2005-01-06 00:00:00,129.98
2005-01-07 00:00:00,129.97
2005-01-10 00:00:00,130.02
2005-01-11 00:00:00,129.99
2005-01-12 00:00:00,130.01
2005-01-13 00:00:00,130.0
2005-01-14 00:00:00,129.96
2005-01-17 00:00:00,130.03
2005-01-18 00:00:00,130.03
2005-01-19 00:00:00,130.03
2005-01-20 00:00:00,130.04
2005-01-21 00:00:00,130.08
2005-01-24 00:00:00,130.22
2005-01-25 00:00:00,130.36
2005-01-26 00:00:00,130.58
2005-01-27 00:00:00,130.52
2005-01-28 00:00:00,130.26
2005-01-31 00:00:00,130.04
2005-02-01 00:00:00,130.06
2005-02-02 00:00:00,130.12
2005-02-03 00:00:00,130.02
2005-02-04 00:00:00,129.94
2005-02-07 00:00:00,129.98
2005-02-08 00:00:00,130.18
2005-02-09 00:00:00,130.07
2005-02-10 00:00:00,130.02
2005-02-11 00:00:00,130.1
2005-02-14 00:00:00,130.48
2005-02-15 00:00:00,130.7
2005-02-16 00:00:00,130.67
2005-02-17 00:00:00,130.18
2005-02-18 00:00:00,130.1
2005-02-21 00:00:00,130.07
2005-02-22 00:00:00,130.13
2005-02-23 00:00:00,130.13
2005-02-24 00:00:00,130.1
2005-02-25 00:00:00,130.19
2005-02-28 00:00:00,130.12
2005-03-01 00:00:00,130.29
2005-03-02 00:00:00,130.53
2005-03-03 00:00:00,130.4
2005-03-04 00:00:00,130.12
2005-03-07 00:00:00,130.12
2005-03-08 00:00:00,130.12
2005-03-09 00:00:00,130.03
2005-03-10 00:00:00,129.92
2005-03-11 00:00:00,129.95
2005-03-14 00:00:00,129.96
2005-03-15 00:00:00,130.1
2005-03-16 00:00:00,130.26
2005-03-17 00:00:00,130.41
2005-03-18 00:00:00,130.51
2005-03-21 00:00:00,130.51
2005-03-22 00:00:00,130.51
2005-03-23 00:00:00,130.57
2005-03-24 00:00:00,131.0
2005-03-25 00:00:00,131.0
2005-03-28 00:00:00,132.13
2005-03-29 00:00:00,132.61
2005-03-30 00:00:00,132.37
2005-03-31 00:00:00,132.58
2005-04-01 00:00:00,132.1
2005-04-04 00:00:00,131.83
2005-04-05 00:00:00,131.39
2005-04-06 00:00:00,131.41
2005-04-07 00:00:00,131.2
2005-04-08 00:00:00,131.07
2005-04-11 00:00:00,130.83
2005-04-12 00:00:00,130.74
2005-04-13 00:00:00,130.6
2005-04-14 00:00:00,130.59
2005-04-15 00:00:00,130.43
2005-04-18 00:00:00,130.91
2005-04-19 00:00:00,131.22
2005-04-20 00:00:00,131.16
2005-04-21 00:00:00,131.28
2005-04-22 00:00:00,131.7
2005-04-25 00:00:00,132.21
2005-04-26 00:00:00,131.8
2005-04-27 00:00:00,131.69
2005-04-28 00:00:00,131.61
2005-04-29 00:00:00,131.52
2005-05-02 00:00:00,131.52
2005-05-03 00:00:00,131.45
2005-05-04 00:00:00,131.14
2005-05-05 00:00:00,130.89
2005-05-06 00:00:00,130.49
2005-05-09 00:00:00,130.49
2005-05-10 00:00:00,130.56
2005-05-11 00:00:00,130.96
2005-05-12 00:00:00,131.39
2005-05-13 00:00:00,131.62
2005-05-16 00:00:00,131.64
2005-05-17 00:00:00,130.78
2005-05-18 00:00:00,130.66
2005-05-19 00:00:00,130.72
2005-05-20 00:00:00,131.05
2005-05-23 00:00:00,131.92
2005-05-24 00:00:00,131.81
2005-05-25 00:00:00,132.04
2005-05-26 00:00:00,132.29
2005-05-27 00:00:00,132.29
2005-05-30 00:00:00,132.57
2005-05-31 00:00:00,131.89
2005-06-01 00:00:00,131.77
2005-06-02 00:00:00,132.39
2005-06-03 00:00:00,132.02
2005-06-06 00:00:00,131.98
2005-06-07 00:00:00,132.27
2005-06-08 00:00:00,132.58
2005-06-09 00:00:00,132.79
2005-06-10 00:00:00,134.02
2005-06-13 00:00:00,134.02
2005-06-14 00:00:00,133.96
2005-06-15 00:00:00,133.36
2005-06-16 00:00:00,133.72
2005-06-17 00:00:00,134.21
2005-06-20 00:00:00,134.71
2005-06-21 00:00:00,135.19
2005-06-22 00:00:00,135.95
2005-06-23 00:00:00,135.86
2005-06-24 00:00:00,135.57
2005-06-27 00:00:00,135.46
2005-06-28 00:00:00,135.24
2005-06-29 00:00:00,135.29
2005-06-30 00:00:00,135.04
2005-07-01 00:00:00,135.24
2005-07-04 00:00:00,135.68
2005-07-05 00:00:00,135.72
2005-07-06 00:00:00,135.83
2005-07-07 00:00:00,135.47
2005-07-08 00:00:00,135.23
2005-07-11 00:00:00,135.66
2005-07-12 00:00:00,135.8
2005-07-13 00:00:00,135.81
2005-07-14 00:00:00,135.47
2005-07-15 00:00:00,135.64
2005-07-18 00:00:00,136.01
2005-07-19 00:00:00,136.23
2005-07-20 00:00:00,135.86
2005-07-21 00:00:00,135.8
2005-07-22 00:00:00,135.77
2005-07-25 00:00:00,135.85
2005-07-26 00:00:00,135.63
2005-07-27 00:00:00,135.94
2005-07-28 00:00:00,135.76
2005-07-29 00:00:00,135.94
2005-08-01 00:00:00,135.84
2005-08-02 00:00:00,135.9
2005-08-03 00:00:00,135.69
2005-08-04 00:00:00,135.39
2005-08-05 00:00:00,135.61
2005-08-08 00:00:00,135.83
2005-08-09 00:00:00,135.51
2005-08-10 00:00:00,135.5
2005-08-11 00:00:00,135.29
2005-08-12 00:00:00,135.21
2005-08-15 00:00:00,135.19
2005-08-16 00:00:00,135.36
2005-08-17 00:00:00,135.47
2005-08-18 00:00:00,135.64
2005-08-19 00:00:00,135.27
2005-08-22 00:00:00,135.44
2005-08-23 00:00:00,135.45
2005-08-24 00:00:00,135.5
2005-08-25 00:00:00,135.19
2005-08-26 00:00:00,135.27
2005-08-29 00:00:00,135.27
2005-08-30 00:00:00,135.27
2005-08-31 00:00:00,135.29
2005-09-01 00:00:00,135.31
2005-09-02 00:00:00,135.13
2005-09-05 00:00:00,134.77
2005-09-06 00:00:00,134.24
2005-09-07 00:00:00,134.27
2005-09-08 00:00:00,134.31
2005-09-09 00:00:00,134.06
2005-09-12 00:00:00,133.98
2005-09-13 00:00:00,134.11
2005-09-14 00:00:00,134.11
2005-09-15 00:00:00,133.99
2005-09-16 00:00:00,134.05
2005-09-19 00:00:00,134.28
2005-09-20 00:00:00,133.99
2005-09-21 00:00:00,134.02
2005-09-22 00:00:00,133.95
2005-09-23 00:00:00,134.18
2005-09-26 00:00:00,134.18
2005-09-27 00:00:00,133.97
2005-09-28 00:00:00,133.9
2005-09-29 00:00:00,133.84
2005-09-30 00:00:00,133.69
2005-10-03 00:00:00,133.67
2005-10-04 00:00:00,133.65
2005-10-05 00:00:00,133.6
2005-10-06 00:00:00,133.6
2005-10-07 00:00:00,133.59
2005-10-10 00:00:00,133.64
2005-10-11 00:00:00,133.77
2005-10-12 00:00:00,133.75
2005-10-13 00:00:00,134.07
2005-10-14 00:00:00,133.89
2005-10-17 00:00:00,134.09
2005-10-18 00:00:00,134.25
2005-10-19 00:00:00,134.06
2005-10-20 00:00:00,133.8
2005-10-21 00:00:00,133.73
2005-10-24 00:00:00,133.71
2005-10-25 00:00:00,133.71
2005-10-26 00:00:00,133.86
2005-10-27 00:00:00,133.99
2005-10-28 00:00:00,134.01
2005-10-31 00:00:00,133.99
2005-11-01 00:00:00,133.72
2005-11-02 00:00:00,133.86
2005-11-03 00:00:00,133.87
2005-11-04 00:00:00,133.92
2005-11-07 00:00:00,134.1
2005-11-08 00:00:00,134.44
2005-11-09 00:00:00,134.4
2005-11-10 00:00:00,134.25
2005-11-11 00:00:00,134.21
2005-11-14 00:00:00,134.32
2005-11-15 00:00:00,134.28
2005-11-16 00:00:00,134.22
2005-11-17 00:00:00,134.27
2005-11-18 00:00:00,133.95
2005-11-21 00:00:00,133.85
2005-11-22 00:00:00,133.87
2005-11-23 00:00:00,133.92
2005-11-24 00:00:00,133.94
2005-11-25 00:00:00,134.15
2005-11-28 00:00:00,134.17
2005-11-29 00:00:00,134.14
2005-11-30 00:00:00,134.09
2005-12-01 00:00:00,134.0
2005-12-02 00:00:00,133.87
2005-12-05 00:00:00,134.05
2005-12-06 00:00:00,134.06
2005-12-07 00:00:00,134.08
2005-12-08 00:00:00,134.11
2005-12-09 00:00:00,133.97
2005-12-12 00:00:00,134.01
2005-12-13 00:00:00,133.9
2005-12-14 00:00:00,133.72
2005-12-15 00:00:00,133.68
2005-12-16 00:00:00,133.68
2005-12-19 00:00:00,133.87
2005-12-20 00:00:00,133.62
2005-12-21 00:00:00,133.43
2005-12-22 00:00:00,133.46
2005-12-23 00:00:00,133.56
2005-12-26 00:00:00,133.56
2005-12-27 00:00:00,133.71
2005-12-28 00:00:00,133.88
2005-12-29 00:00:00,133.91
2005-12-30 00:00:00,133.68
2006-01-02 00:00:00,133.68
2006-01-03 00:00:00,133.68
2006-01-04 00:00:00,133.8
2006-01-05 00:00:00,133.81
2006-01-06 00:00:00,133.76
2006-01-09 00:00:00,133.79
2006-01-10 00:00:00,133.8
2006-01-11 00:00:00,133.8
2006-01-12 00:00:00,133.47
2006-01-13 00:00:00,133.63
2006-01-16 00:00:00,133.39
2006-01-17 00:00:00,133.23
2006-01-18 00:00:00,133.1
2006-01-19 00:00:00,133.03
2006-01-20 00:00:00,132.85
2006-01-23 00:00:00,132.63
2006-01-24 00:00:00,132.24
2006-01-25 00:00:00,132.18
2006-01-26 00:00:00,131.94
2006-01-27 00:00:00,132.05
2006-01-30 00:00:00,132.09
2006-01-31 00:00:00,131.9
2006-02-01 00:00:00,131.72
2006-02-02 00:00:00,131.66
2006-02-03 00:00:00,131.63
2006-02-06 00:00:00,131.72
2006-02-07 00:00:00,132.05
2006-02-08 00:00:00,132.2
2006-02-09 00:00:00,131.7
2006-02-10 00:00:00,131.46
2006-02-13 00:00:00,131.48
2006-02-14 00:00:00,131.23
2006-02-15 00:00:00,131.1
2006-02-16 00:00:00,131.05
2006-02-17 00:00:00,130.93
2006-02-20 00:00:00,130.8
2006-02-21 00:00:00,130.99
2006-02-22 00:00:00,130.79
2006-02-23 00:00:00,130.75
2006-02-24 00:00:00,130.25
2006-02-27 00:00:00,130.3
2006-02-28 00:00:00,130.31
2006-03-01 00:00:00,130.21
2006-03-02 00:00:00,129.87
2006-03-03 00:00:00,129.7
2006-03-06 00:00:00,129.52
2006-03-07 00:00:00,129.45
2006-03-08 00:00:00,129.45
2006-03-09 00:00:00,129.3
2006-03-10 00:00:00,129.14
2006-03-13 00:00:00,129.19
2006-03-14 00:00:00,128.61
2006-03-15 00:00:00,128.34
2006-03-16 00:00:00,128.19
2006-03-17 00:00:00,127.85
2006-03-20 00:00:00,127.38
2006-03-21 00:00:00,127.46
2006-03-22 00:00:00,127.52
2006-03-23 00:00:00,127.38
2006-03-24 00:00:00,127.82
2006-03-27 00:00:00,128.06
2006-03-28 00:00:00,127.83
2006-03-29 00:00:00,128.23
2006-03-30 00:00:00,128.58
2006-03-31 00:00:00,128.35
2006-04-03 00:00:00,128.57
2006-04-04 00:00:00,128.8
2006-04-05 00:00:00,128.71
2006-04-06 00:00:00,128.78
2006-04-07 00:00:00,128.9
2006-04-10 00:00:00,128.88
2006-04-11 00:00:00,128.68
2006-04-12 00:00:00,128.58
2006-04-13 00:00:00,128.31
2006-04-14 00:00:00,128.01
2006-04-17 00:00:00,127.3
2006-04-18 00:00:00,126.48
2006-04-19 00:00:00,124.97
2006-04-20 00:00:00,123.52
2006-04-21 00:00:00,123.29
2006-04-24 00:00:00,123.45
2006-04-25 00:00:00,124.15
2006-04-26 00:00:00,124.01
2006-04-27 00:00:00,124.11
2006-04-28 00:00:00,124.28
2006-05-01 00:00:00,124.28
2006-05-02 00:00:00,124.31
2006-05-03 00:00:00,124.34
2006-05-04 00:00:00,123.58
2006-05-05 00:00:00,123.31
2006-05-08 00:00:00,123.31
2006-05-09 00:00:00,123.31
2006-05-10 00:00:00,122.63
2006-05-11 00:00:00,121.92
2006-05-12 00:00:00,121.6
2006-05-15 00:00:00,121.17
2006-05-16 00:00:00,122.16
2006-05-17 00:00:00,122.06
2006-05-18 00:00:00,121.49
2006-05-19 00:00:00,121.48
2006-05-22 00:00:00,122.03
2006-05-23 00:00:00,122.92
2006-05-24 00:00:00,122.5
2006-05-25 00:00:00,122.22
2006-05-26 00:00:00,122.29
2006-05-29 00:00:00,121.77
2006-05-30 00:00:00,121.28
2006-05-31 00:00:00,121.19
2006-06-01 00:00:00,121.26
2006-06-02 00:00:00,120.45
2006-06-05 00:00:00,119.77
2006-06-06 00:00:00,119.87
2006-06-07 00:00:00,119.72
2006-06-08 00:00:00,119.85
2006-06-09 00:00:00,120.27
2006-06-12 00:00:00,119.74
2006-06-13 00:00:00,119.36
2006-06-14 00:00:00,119.66
2006-06-15 00:00:00,120.86
2006-06-16 00:00:00,119.83
2006-06-19 00:00:00,119.09
2006-06-20 00:00:00,118.51
2006-06-21 00:00:00,118.58
2006-06-22 00:00:00,119.03
2006-06-23 00:00:00,119.56
2006-06-26 00:00:00,119.85
2006-06-27 00:00:00,119.58
2006-06-28 00:00:00,118.77
2006-06-29 00:00:00,118.84
2006-06-30 00:00:00,118.42
2006-07-03 00:00:00,118.37
2006-07-04 00:00:00,118.15
2006-07-05 00:00:00,118.35
2006-07-06 00:00:00,118.55
2006-07-07 00:00:00,118.5
2006-07-10 00:00:00,118.25
2006-07-11 00:00:00,118.18
2006-07-12 00:00:00,118.33
2006-07-13 00:00:00,118.45
2006-07-14 00:00:00,118.36
2006-07-17 00:00:00,117.8
2006-07-18 00:00:00,117.89
2006-07-19 00:00:00,117.2
2006-07-20 00:00:00,116.85
2006-07-21 00:00:00,117.62
2006-07-24 00:00:00,117.69
2006-07-25 00:00:00,118.15
2006-07-26 00:00:00,118.16
2006-07-27 00:00:00,118.29
2006-07-28 00:00:00,118.4
2006-07-31 00:00:00,118.34
2006-08-01 00:00:00,119.04
2006-08-02 00:00:00,118.97
2006-08-03 00:00:00,119.89
2006-08-04 00:00:00,120.77
2006-08-07 00:00:00,121.37
2006-08-08 00:00:00,122.42
2006-08-09 00:00:00,122.39
2006-08-10 00:00:00,122.4
2006-08-11 00:00:00,122.36
2006-08-14 00:00:00,122.57
2006-08-15 00:00:00,122.78
2006-08-16 00:00:00,123.31
2006-08-17 00:00:00,123.75
2006-08-18 00:00:00,123.99
2006-08-21 00:00:00,124.36
2006-08-22 00:00:00,124.75
2006-08-23 00:00:00,124.69
2006-08-24 00:00:00,125.02
2006-08-25 00:00:00,125.16
2006-08-28 00:00:00,125.18
2006-08-29 00:00:00,125.22
2006-08-30 00:00:00,125.22
2006-08-31 00:00:00,125.41
2006-09-01 00:00:00,125.42
2006-09-04 00:00:00,125.62
2006-09-05 00:00:00,125.71
2006-09-06 00:00:00,125.83
2006-09-07 00:00:00,125.73
2006-09-08 00:00:00,125.8
2006-09-11 00:00:00,125.99
2006-09-12 00:00:00,126.12
2006-09-13 00:00:00,126.09
2006-09-14 00:00:00,126.13
2006-09-15 00:00:00,126.21
2006-09-18 00:00:00,126.36
2006-09-19 00:00:00,126.41
2006-09-20 00:00:00,126.5
2006-09-21 00:00:00,126.59
2006-09-22 00:00:00,126.83
2006-09-25 00:00:00,126.93
2006-09-26 00:00:00,127.0
2006-09-27 00:00:00,127.01
2006-09-28 00:00:00,127.22
2006-09-29 00:00:00,127.12
2006-10-02 00:00:00,127.24
2006-10-03 00:00:00,127.36
2006-10-04 00:00:00,127.44
2006-10-05 00:00:00,127.52
2006-10-06 00:00:00,127.54
2006-10-09 00:00:00,127.67
2006-10-10 00:00:00,127.67
2006-10-11 00:00:00,127.75
2006-10-12 00:00:00,127.75
2006-10-13 00:00:00,127.75
2006-10-16 00:00:00,127.76
2006-10-17 00:00:00,127.77
2006-10-18 00:00:00,127.83
2006-10-19 00:00:00,127.82
2006-10-20 00:00:00,127.84
2006-10-23 00:00:00,127.87
2006-10-24 00:00:00,127.79
2006-10-25 00:00:00,127.79
2006-10-26 00:00:00,127.84
2006-10-27 00:00:00,127.84
2006-10-30 00:00:00,127.78
2006-10-31 00:00:00,127.82
2006-11-01 00:00:00,127.83
2006-11-02 00:00:00,128.0
2006-11-03 00:00:00,127.96
2006-11-06 00:00:00,127.93
2006-11-07 00:00:00,127.79
2006-11-08 00:00:00,127.86
2006-11-09 00:00:00,127.87
2006-11-10 00:00:00,127.79
2006-11-13 00:00:00,127.86
2006-11-14 00:00:00,127.87
2006-11-15 00:00:00,127.96
2006-11-16 00:00:00,127.97
2006-11-17 00:00:00,127.94
2006-11-20 00:00:00,127.99
2006-11-21 00:00:00,127.9
2006-11-22 00:00:00,127.87
2006-11-23 00:00:00,127.9
2006-11-24 00:00:00,127.94
2006-11-27 00:00:00,127.95
2006-11-28 00:00:00,127.94
2006-11-29 00:00:00,127.94
2006-11-30 00:00:00,127.95
2006-12-01 00:00:00,127.95
2006-12-04 00:00:00,127.9
2006-12-05 00:00:00,127.95
2006-12-06 00:00:00,127.97
2006-12-07 00:00:00,127.98
2006-12-08 00:00:00,128.0
2006-12-11 00:00:00,127.99
2006-12-12 00:00:00,128.01
2006-12-13 00:00:00,127.97
2006-12-14 00:00:00,127.92
2006-12-15 00:00:00,127.84
2006-12-18 00:00:00,127.84
2006-12-19 00:00:00,127.84
2006-12-20 00:00:00,127.81
2006-12-21 00:00:00,128.0
2006-12-22 00:00:00,128.0
2006-12-25 00:00:00,127.75
2006-12-26 00:00:00,127.83
2006-12-27 00:00:00,127.58
2006-12-28 00:00:00,127.22
2006-12-29 00:00:00,126.8
2007-01-01 00:00:00,126.8
2007-01-02 00:00:00,126.82
2007-01-03 00:00:00,126.44
2007-01-04 00:00:00,125.92
2007-01-05 00:00:00,126.03
2007-01-08 00:00:00,125.29
2007-01-09 00:00:00,125.29
2007-01-10 00:00:00,125.39
2007-01-11 00:00:00,125.58
2007-01-12 00:00:00,125.33
2007-01-15 00:00:00,125.2
2007-01-16 00:00:00,125.27
2007-01-17 00:00:00,124.98
2007-01-18 00:00:00,124.83
2007-01-19 00:00:00,124.92
2007-01-22 00:00:00,125.75
2007-01-23 00:00:00,125.73
2007-01-24 00:00:00,125.69
2007-01-25 00:00:00,126.15
2007-01-26 00:00:00,126.14
2007-01-29 00:00:00,126.13
2007-01-30 00:00:00,126.29
2007-01-31 00:00:00,126.08
2007-02-01 00:00:00,126.08
2007-02-02 00:00:00,125.5
2007-02-05 00:00:00,125.39
2007-02-06 00:00:00,125.49
2007-02-07 00:00:00,125.65
2007-02-08 00:00:00,125.12
2007-02-09 00:00:00,124.62
2007-02-12 00:00:00,124.42
2007-02-13 00:00:00,124.03
2007-02-14 00:00:00,124.05
2007-02-15 00:00:00,123.98
2007-02-16 00:00:00,124.49
2007-02-19 00:00:00,124.5
2007-02-20 00:00:00,124.65
2007-02-21 00:00:00,124.61
2007-02-22 00:00:00,124.6
2007-02-23 00:00:00,123.51
2007-02-26 00:00:00,123.65
2007-02-27 00:00:00,123.75
2007-02-28 00:00:00,124.66
2007-03-01 00:00:00,124.79
2007-03-02 00:00:00,125.22
2007-03-05 00:00:00,125.41
2007-03-06 00:00:00,124.42
2007-03-07 00:00:00,123.79
2007-03-08 00:00:00,123.81
2007-03-09 00:00:00,123.81
2007-03-12 00:00:00,123.66
2007-03-13 00:00:00,123.44
2007-03-14 00:00:00,123.9
2007-03-15 00:00:00,123.98
2007-03-16 00:00:00,124.01
2007-03-19 00:00:00,123.59
2007-03-20 00:00:00,123.95
2007-03-21 00:00:00,123.87
2007-03-22 00:00:00,123.87
2007-03-23 00:00:00,123.87
2007-03-26 00:00:00,123.37
2007-03-27 00:00:00,123.64
2007-03-28 00:00:00,123.89
2007-03-29 00:00:00,123.73
2007-03-30 00:00:00,123.81
2007-04-02 00:00:00,123.41
2007-04-03 00:00:00,123.58
2007-04-04 00:00:00,123.48
2007-04-05 00:00:00,123.47
2007-04-06 00:00:00,123.47
2007-04-09 00:00:00,122.88
2007-04-10 00:00:00,122.95
2007-04-11 00:00:00,122.36
2007-04-12 00:00:00,122.15
2007-04-13 00:00:00,122.05
2007-04-16 00:00:00,121.77
2007-04-17 00:00:00,122.11
2007-04-18 00:00:00,122.2
2007-04-19 00:00:00,121.57
2007-04-20 00:00:00,120.96
2007-04-23 00:00:00,121.11
2007-04-24 00:00:00,121.06
2007-04-25 00:00:00,120.94
2007-04-26 00:00:00,120.43
2007-04-27 00:00:00,120.08
2007-04-30 00:00:00,120.16
2007-05-01 00:00:00,120.16
2007-05-02 00:00:00,120.13
2007-05-03 00:00:00,119.64
2007-05-04 00:00:00,119.1
2007-05-07 00:00:00,118.75
2007-05-08 00:00:00,119.95
2007-05-09 00:00:00,120.01
2007-05-10 00:00:00,120.05
2007-05-11 00:00:00,120.49
2007-05-14 00:00:00,119.97
2007-05-15 00:00:00,119.4
2007-05-16 00:00:00,119.71
2007-05-17 00:00:00,120.61
2007-05-18 00:00:00,120.06
2007-05-21 00:00:00,120.13
2007-05-22 00:00:00,120.02
2007-05-23 00:00:00,120.01
2007-05-24 00:00:00,120.36
2007-05-25 00:00:00,121.55
2007-05-28 00:00:00,121.98
2007-05-29 00:00:00,121.89
2007-05-30 00:00:00,122.11
2007-05-31 00:00:00,122.47
2007-06-01 00:00:00,122.02
2007-06-04 00:00:00,121.76
2007-06-05 00:00:00,121.18
2007-06-06 00:00:00,120.8
2007-06-07 00:00:00,121.03
2007-06-08 00:00:00,121.64
2007-06-11 00:00:00,121.74
2007-06-12 00:00:00,121.92
2007-06-13 00:00:00,121.9
2007-06-14 00:00:00,121.79
2007-06-15 00:00:00,122.61
2007-06-18 00:00:00,122.33
2007-06-19 00:00:00,122.53
2007-06-20 00:00:00,122.97
2007-06-21 00:00:00,122.83
2007-06-22 00:00:00,122.59
2007-06-25 00:00:00,121.96
2007-06-26 00:00:00,121.72
2007-06-27 00:00:00,121.45
2007-06-28 00:00:00,122.03
2007-06-29 00:00:00,122.09
2007-07-02 00:00:00,121.83
2007-07-03 00:00:00,121.69
2007-07-04 00:00:00,121.64
2007-07-05 00:00:00,121.87
2007-07-06 00:00:00,121.77
2007-07-09 00:00:00,121.99
2007-07-10 00:00:00,121.39
2007-07-11 00:00:00,121.4
2007-07-12 00:00:00,121.87
2007-07-13 00:00:00,121.78
2007-07-16 00:00:00,121.96
2007-07-17 00:00:00,121.66
2007-07-18 00:00:00,122.16
2007-07-19 00:00:00,121.93
2007-07-20 00:00:00,121.97
2007-07-23 00:00:00,122.05
2007-07-24 00:00:00,122.27
2007-07-25 00:00:00,122.63
2007-07-26 00:00:00,122.87
2007-07-27 00:00:00,123.84
2007-07-30 00:00:00,123.8
2007-07-31 00:00:00,123.57
2007-08-01 00:00:00,123.51
2007-08-02 00:00:00,123.71
2007-08-03 00:00:00,124.11
2007-08-06 00:00:00,124.56
2007-08-07 00:00:00,124.47
2007-08-08 00:00:00,124.6
2007-08-09 00:00:00,124.93
2007-08-10 00:00:00,125.0
2007-08-13 00:00:00,125.32
2007-08-14 00:00:00,125.3
2007-08-15 00:00:00,125.38
2007-08-16 00:00:00,125.11
2007-08-17 00:00:00,125.05
2007-08-20 00:00:00,125.13
2007-08-21 00:00:00,125.12
2007-08-22 00:00:00,125.44
2007-08-23 00:00:00,125.61
2007-08-24 00:00:00,126.05
2007-08-27 00:00:00,126.33
2007-08-28 00:00:00,126.19
2007-08-29 00:00:00,126.39
2007-08-30 00:00:00,126.39
2007-08-31 00:00:00,126.39
2007-09-03 00:00:00,124.7
2007-09-04 00:00:00,123.74
2007-09-05 00:00:00,123.18
2007-09-06 00:00:00,122.29
2007-09-07 00:00:00,122.53
2007-09-10 00:00:00,122.3
2007-09-11 00:00:00,122.23
2007-09-12 00:00:00,122.11
2007-09-13 00:00:00,121.79
2007-09-14 00:00:00,121.84
2007-09-17 00:00:00,121.61
2007-09-18 00:00:00,121.5
2007-09-19 00:00:00,121.29
2007-09-20 00:00:00,121.35
2007-09-21 00:00:00,121.78
2007-09-24 00:00:00,121.29
2007-09-25 00:00:00,121.33
2007-09-26 00:00:00,121.31
2007-09-27 00:00:00,121.13
2007-09-28 00:00:00,120.86
2007-10-01 00:00:00,121.01
2007-10-02 00:00:00,120.99
2007-10-03 00:00:00,121.01
2007-10-04 00:00:00,121.04
2007-10-05 00:00:00,120.94
2007-10-08 00:00:00,120.95
2007-10-09 00:00:00,121.02
2007-10-10 00:00:00,120.97
2007-10-11 00:00:00,120.92
2007-10-12 00:00:00,120.78
2007-10-15 00:00:00,120.65
2007-10-16 00:00:00,120.79
2007-10-17 00:00:00,120.81
2007-10-18 00:00:00,120.67
2007-10-19 00:00:00,120.64
2007-10-22 00:00:00,120.78
2007-10-23 00:00:00,120.82
2007-10-24 00:00:00,120.88
2007-10-25 00:00:00,120.84
2007-10-26 00:00:00,120.86
2007-10-29 00:00:00,120.78
2007-10-30 00:00:00,120.85
2007-10-31 00:00:00,120.99
2007-11-01 00:00:00,121.04
2007-11-02 00:00:00,121.05
2007-11-05 00:00:00,121.01
2007-11-06 00:00:00,120.87
2007-11-07 00:00:00,120.69
2007-11-08 00:00:00,120.7
2007-11-09 00:00:00,120.75
2007-11-12 00:00:00,120.64
2007-11-13 00:00:00,120.62
2007-11-14 00:00:00,120.58
2007-11-15 00:00:00,120.78
2007-11-16 00:00:00,120.59
2007-11-19 00:00:00,120.69
2007-11-20 00:00:00,120.65
2007-11-21 00:00:00,120.49
2007-11-22 00:00:00,120.43
2007-11-23 00:00:00,120.51
2007-11-26 00:00:00,120.48
2007-11-27 00:00:00,120.79
2007-11-28 00:00:00,120.84
2007-11-29 00:00:00,120.92
2007-11-30 00:00:00,120.85
2007-12-03 00:00:00,120.87
2007-12-04 00:00:00,120.88
2007-12-05 00:00:00,120.83
2007-12-06 00:00:00,120.73
2007-12-07 00:00:00,120.86
2007-12-10 00:00:00,120.79
2007-12-11 00:00:00,120.69
2007-12-12 00:00:00,120.73
2007-12-13 00:00:00,120.76
2007-12-14 00:00:00,120.75
2007-12-17 00:00:00,120.75
2007-12-18 00:00:00,120.75
2007-12-19 00:00:00,120.66
2007-12-20 00:00:00,120.62
2007-12-21 00:00:00,120.8
2007-12-24 00:00:00,120.8
2007-12-25 00:00:00,120.93
2007-12-26 00:00:00,121.0
2007-12-27 00:00:00,121.08
2007-12-28 00:00:00,120.54
2007-12-31 00:00:00,120.68
2008-01-01 00:00:00,120.68
2008-01-02 00:00:00,120.32
2008-01-03 00:00:00,120.57
2008-01-04 00:00:00,120.64
2008-01-07 00:00:00,120.67
2008-01-08 00:00:00,120.72
2008-01-09 00:00:00,120.72
2008-01-10 00:00:00,120.57
2008-01-11 00:00:00,120.56
2008-01-14 00:00:00,120.42
2008-01-15 00:00:00,120.31
2008-01-16 00:00:00,120.23
2008-01-17 00:00:00,120.18
2008-01-18 00:00:00,120.34
2008-01-21 00:00:00,120.53
2008-01-22 00:00:00,120.45
2008-01-23 00:00:00,120.24
2008-01-24 00:00:00,120.22
2008-01-25 00:00:00,120.16
2008-01-28 00:00:00,120.2
2008-01-29 00:00:00,120.19
2008-01-30 00:00:00,120.22
2008-01-31 00:00:00,120.23
2008-02-01 00:00:00,120.13
2008-02-04 00:00:00,120.33
2008-02-05 00:00:00,120.42
2008-02-06 00:00:00,120.33
2008-02-07 00:00:00,120.35
2008-02-08 00:00:00,120.36
2008-02-11 00:00:00,120.37
2008-02-12 00:00:00,120.44
2008-02-13 00:00:00,120.24
2008-02-14 00:00:00,120.2
2008-02-15 00:00:00,120.14
2008-02-18 00:00:00,120.15
2008-02-19 00:00:00,120.17
2008-02-20 00:00:00,120.12
2008-02-21 00:00:00,120.32
2008-02-22 00:00:00,120.43
2008-02-25 00:00:00,120.73
2008-02-26 00:00:00,120.8
2008-02-27 00:00:00,120.82
2008-02-28 00:00:00,120.73
2008-02-29 00:00:00,120.7
2008-03-03 00:00:00,120.71
2008-03-04 00:00:00,120.79
2008-03-05 00:00:00,120.74
2008-03-06 00:00:00,120.71
2008-03-07 00:00:00,120.64
2008-03-10 00:00:00,120.63
2008-03-11 00:00:00,120.67
2008-03-12 00:00:00,120.72
2008-03-13 00:00:00,120.48
2008-03-14 00:00:00,120.66
2008-03-17 00:00:00,120.66
2008-03-18 00:00:00,120.79
2008-03-19 00:00:00,120.6
2008-03-20 00:00:00,120.48
2008-03-21 00:00:00,120.53
2008-03-24 00:00:00,120.52
2008-03-25 00:00:00,120.67
2008-03-26 00:00:00,120.76
2008-03-27 00:00:00,120.66
2008-03-28 00:00:00,120.62
2008-03-31 00:00:00,120.68
2008-04-01 00:00:00,120.65
2008-04-02 00:00:00,120.62
2008-04-03 00:00:00,120.47
2008-04-04 00:00:00,120.59
2008-04-07 00:00:00,120.56
2008-04-08 00:00:00,120.54
2008-04-09 00:00:00,120.54
2008-04-10 00:00:00,120.54
2008-04-11 00:00:00,120.49
2008-04-14 00:00:00,120.43
2008-04-15 00:00:00,120.33
2008-04-16 00:00:00,120.4
2008-04-17 00:00:00,120.5
2008-04-18 00:00:00,120.61
2008-04-21 00:00:00,120.54
2008-04-22 00:00:00,120.48
2008-04-23 00:00:00,120.39
2008-04-24 00:00:00,120.45
2008-04-25 00:00:00,120.51
2008-04-28 00:00:00,120.48
2008-04-29 00:00:00,120.43
2008-04-30 00:00:00,120.42
2008-05-01 00:00:00,120.42
2008-05-02 00:00:00,120.42
2008-05-05 00:00:00,120.41
2008-05-06 00:00:00,120.5
2008-05-07 00:00:00,120.53
2008-05-08 00:00:00,120.59
2008-05-09 00:00:00,120.59
2008-05-12 00:00:00,120.58
2008-05-13 00:00:00,120.57
2008-05-14 00:00:00,120.59
2008-05-15 00:00:00,120.71
2008-05-16 00:00:00,120.7
2008-05-19 00:00:00,120.65
2008-05-20 00:00:00,120.61
2008-05-21 00:00:00,120.55
2008-05-22 00:00:00,120.58
2008-05-23 00:00:00,120.58
2008-05-26 00:00:00,120.55
2008-05-27 00:00:00,120.58
2008-05-28 00:00:00,120.54
2008-05-29 00:00:00,120.53
2008-05-30 00:00:00,120.59
2008-06-02 00:00:00,120.67
2008-06-03 00:00:00,120.76
2008-06-04 00:00:00,120.68
2008-06-05 00:00:00,120.66
2008-06-06 00:00:00,120.62
2008-06-09 00:00:00,120.7
2008-06-10 00:00:00,120.7
2008-06-11 00:00:00,120.76
2008-06-12 00:00:00,120.76
2008-06-13 00:00:00,120.68
2008-06-16 00:00:00,120.72
2008-06-17 00:00:00,120.68
2008-06-18 00:00:00,120.71
2008-06-19 00:00:00,120.73
2008-06-20 00:00:00,120.75
2008-06-23 00:00:00,120.71
2008-06-24 00:00:00,120.78
2008-06-25 00:00:00,120.82
2008-06-26 00:00:00,120.72
2008-06-27 00:00:00,120.74
2008-06-30 00:00:00,120.77
2008-07-01 00:00:00,120.62
2008-07-02 00:00:00,120.59
2008-07-03 00:00:00,120.57
2008-07-04 00:00:00,120.55
2008-07-07 00:00:00,120.55
2008-07-08 00:00:00,120.52
2008-07-09 00:00:00,120.4
2008-07-10 00:00:00,120.21
2008-07-11 00:00:00,120.24
2008-07-14 00:00:00,120.22
2008-07-15 00:00:00,120.11
2008-07-16 00:00:00,120.06
2008-07-17 00:00:00,120.16
2008-07-18 00:00:00,120.19
2008-07-21 00:00:00,120.19
2008-07-22 00:00:00,120.18
2008-07-23 00:00:00,120.19
2008-07-24 00:00:00,120.19
2008-07-25 00:00:00,120.2
2008-07-28 00:00:00,120.19
2008-07-29 00:00:00,120.19
2008-07-30 00:00:00,120.19
2008-07-31 00:00:00,120.19
2008-08-01 00:00:00,120.18
2008-08-04 00:00:00,120.16
2008-08-05 00:00:00,120.11
2008-08-06 00:00:00,120.09
2008-08-07 00:00:00,120.1
2008-08-08 00:00:00,120.08
2008-08-11 00:00:00,120.16
2008-08-12 00:00:00,120.18
2008-08-13 00:00:00,120.08
2008-08-14 00:00:00,120.13
2008-08-15 00:00:00,120.15
2008-08-18 00:00:00,120.11
2008-08-19 00:00:00,120.07
2008-08-20 00:00:00,120.03
2008-08-21 00:00:00,119.93
2008-08-22 00:00:00,119.72
2008-08-25 00:00:00,119.79
2008-08-26 00:00:00,119.86
2008-08-27 00:00:00,119.81
2008-08-28 00:00:00,119.59
2008-08-29 00:00:00,119.68
2008-09-01 00:00:00,119.66
2008-09-02 00:00:00,119.7
2008-09-03 00:00:00,119.78
2008-09-04 00:00:00,119.67
2008-09-05 00:00:00,119.6
2008-09-08 00:00:00,119.64
2008-09-09 00:00:00,119.7
2008-09-10 00:00:00,119.6
2008-09-11 00:00:00,119.59
2008-09-12 00:00:00,119.49
2008-09-15 00:00:00,119.48
2008-09-16 00:00:00,119.63
2008-09-17 00:00:00,119.84
2008-09-18 00:00:00,119.86
2008-09-19 00:00:00,119.76
2008-09-22 00:00:00,119.75
2008-09-23 00:00:00,119.74
2008-09-24 00:00:00,119.78
2008-09-25 00:00:00,119.78
2008-09-26 00:00:00,119.77
2008-09-29 00:00:00,119.85
2008-09-30 00:00:00,119.9
2008-10-01 00:00:00,120.05
2008-10-02 00:00:00,119.98
2008-10-03 00:00:00,119.99
2008-10-06 00:00:00,120.06
2008-10-07 00:00:00,120.06
2008-10-08 00:00:00,119.98
2008-10-09 00:00:00,119.9
2008-10-10 00:00:00,119.89
2008-10-13 00:00:00,119.87
2008-10-14 00:00:00,119.88
2008-10-15 00:00:00,119.81
2008-10-16 00:00:00,119.79
2008-10-17 00:00:00,119.76
2008-10-20 00:00:00,119.79
2008-10-21 00:00:00,119.83
2008-10-22 00:00:00,119.88
2008-10-23 00:00:00,119.78
2008-10-24 00:00:00,119.91
2008-10-27 00:00:00,119.91
2008-10-28 00:00:00,119.82
2008-10-29 00:00:00,119.8
2008-10-30 00:00:00,119.81
2008-10-31 00:00:00,119.96
2008-11-03 00:00:00,120.07
2008-11-04 00:00:00,119.92
2008-11-05 00:00:00,119.82
2008-11-06 00:00:00,119.84
2008-11-07 00:00:00,119.91
2008-11-10 00:00:00,120.0
2008-11-11 00:00:00,120.02
2008-11-12 00:00:00,120.16
2008-11-13 00:00:00,120.15
2008-11-14 00:00:00,120.13
2008-11-17 00:00:00,120.14
2008-11-18 00:00:00,120.11
2008-11-19 00:00:00,120.19
2008-11-20 00:00:00,120.23
2008-11-21 00:00:00,120.18
2008-11-24 00:00:00,120.17
2008-11-25 00:00:00,120.27
2008-11-26 00:00:00,120.29
2008-11-27 00:00:00,120.37
2008-11-28 00:00:00,120.39
2008-12-01 00:00:00,120.5
2008-12-02 00:00:00,120.51
2008-12-03 00:00:00,120.51
2008-12-04 00:00:00,120.4
2008-12-05 00:00:00,120.37
2008-12-08 00:00:00,120.36
2008-12-09 00:00:00,120.49
2008-12-10 00:00:00,120.46
2008-12-11 00:00:00,120.48
2008-12-12 00:00:00,120.52
2008-12-15 00:00:00,120.71
2008-12-16 00:00:00,120.71
2008-12-17 00:00:00,120.73
2008-12-18 00:00:00,120.73
2008-12-19 00:00:00,120.8
2008-12-22 00:00:00,120.82
2008-12-23 00:00:00,120.75
2008-12-24 00:00:00,120.78
2008-12-25 00:00:00,120.74
2008-12-26 00:00:00,120.78
2008-12-29 00:00:00,120.91
2008-12-30 00:00:00,120.83
2008-12-31 00:00:00,120.88
2009-01-01 00:00:00,120.88
2009-01-02 00:00:00,120.88
2009-01-05 00:00:00,120.99
2009-01-06 00:00:00,120.98
2009-01-07 00:00:00,121.0
2009-01-08 00:00:00,121.01
2009-01-09 00:00:00,121.04
2009-01-12 00:00:00,121.11
2009-01-13 00:00:00,121.16
2009-01-14 00:00:00,121.28
2009-01-15 00:00:00,121.45
2009-01-16 00:00:00,121.38
2009-01-19 00:00:00,121.3
2009-01-20 00:00:00,121.41
2009-01-21 00:00:00,121.48
2009-01-22 00:00:00,121.43
2009-01-23 00:00:00,121.51
2009-01-26 00:00:00,121.71
2009-01-27 00:00:00,121.72
2009-01-28 00:00:00,121.68
2009-01-29 00:00:00,121.31
2009-01-30 00:00:00,121.84
2009-02-02 00:00:00,122.08
2009-02-03 00:00:00,123.48
2009-02-04 00:00:00,149.65
2009-02-05 00:00:00,150.11
2009-02-06 00:00:00,148.83
2009-02-09 00:00:00,148.38
2009-02-10 00:00:00,148.15
2009-02-11 00:00:00,148.15
2009-02-12 00:00:00,148.54
2009-02-13 00:00:00,148.97
2009-02-16 00:00:00,149.44
2009-02-17 00:00:00,149.33
2009-02-18 00:00:00,149.37
2009-02-19 00:00:00,149.02
2009-02-20 00:00:00,149.83
2009-02-23 00:00:00,150.27
2009-02-24 00:00:00,149.97
2009-02-25 00:00:00,150.23
2009-02-26 00:00:00,150.38
2009-02-27 00:00:00,150.55
2009-03-02 00:00:00,150.61
2009-03-03 00:00:00,150.5
2009-03-04 00:00:00,150.44
2009-03-05 00:00:00,150.4
2009-03-06 00:00:00,150.51
2009-03-09 00:00:00,150.66
2009-03-10 00:00:00,150.53
2009-03-11 00:00:00,150.5
2009-03-12 00:00:00,150.45
2009-03-13 00:00:00,150.2
2009-03-16 00:00:00,150.35
2009-03-17 00:00:00,150.48
2009-03-18 00:00:00,150.39
2009-03-19 00:00:00,151.03
2009-03-20 00:00:00,151.28
2009-03-23 00:00:00,151.28
2009-03-24 00:00:00,151.48
2009-03-25 00:00:00,151.31
2009-03-26 00:00:00,151.41
2009-03-27 00:00:00,151.53
2009-03-30 00:00:00,151.39
2009-03-31 00:00:00,150.91
2009-04-01 00:00:00,151.09
2009-04-02 00:00:00,151.03
2009-04-03 00:00:00,151.0
2009-04-06 00:00:00,151.15
2009-04-07 00:00:00,151.06
2009-04-08 00:00:00,150.97
2009-04-09 00:00:00,150.89
2009-04-10 00:00:00,150.86
2009-04-13 00:00:00,150.77
2009-04-14 00:00:00,150.47
2009-04-15 00:00:00,150.21
2009-04-16 00:00:00,150.14
2009-04-17 00:00:00,150.3
2009-04-20 00:00:00,150.4
2009-04-21 00:00:00,150.7
2009-04-22 00:00:00,150.72
2009-04-23 00:00:00,150.5
2009-04-24 00:00:00,150.66
2009-04-27 00:00:00,150.64
2009-04-28 00:00:00,150.64
2009-04-29 00:00:00,150.66
2009-04-30 00:00:00,150.72
2009-05-01 00:00:00,150.72
2009-05-04 00:00:00,150.62
2009-05-05 00:00:00,150.61
2009-05-06 00:00:00,150.58
2009-05-07 00:00:00,150.49
2009-05-08 00:00:00,150.53
2009-05-11 00:00:00,150.48
2009-05-12 00:00:00,150.21
2009-05-13 00:00:00,150.01
2009-05-14 00:00:00,150.21
2009-05-15 00:00:00,150.26
2009-05-18 00:00:00,150.35
2009-05-19 00:00:00,150.43
2009-05-20 00:00:00,150.52
2009-05-21 00:00:00,150.37
2009-05-22 00:00:00,150.23
2009-05-25 00:00:00,149.97
2009-05-26 00:00:00,150.02
2009-05-27 00:00:00,150.33
2009-05-28 00:00:00,150.35
2009-05-29 00:00:00,150.52
2009-06-01 00:00:00,150.28
2009-06-02 00:00:00,150.45
2009-06-03 00:00:00,150.27
2009-06-04 00:00:00,150.25
2009-06-05 00:00:00,150.33
2009-06-08 00:00:00,150.36
2009-06-09 00:00:00,150.33
2009-06-10 00:00:00,150.38
2009-06-11 00:00:00,150.41
2009-06-12 00:00:00,150.27
2009-06-15 00:00:00,150.3
2009-06-16 00:00:00,150.27
2009-06-17 00:00:00,150.28
2009-06-18 00:00:00,150.29
2009-06-19 00:00:00,150.31
2009-06-22 00:00:00,150.49
2009-06-23 00:00:00,150.53
2009-06-24 00:00:00,150.48
2009-06-25 00:00:00,150.4
2009-06-26 00:00:00,150.45
2009-06-29 00:00:00,150.51
2009-06-30 00:00:00,150.43
2009-07-01 00:00:00,150.39
2009-07-02 00:00:00,150.33
2009-07-03 00:00:00,150.42
2009-07-06 00:00:00,150.42
2009-07-07 00:00:00,150.55
2009-07-08 00:00:00,150.55
2009-07-09 00:00:00,150.67
2009-07-10 00:00:00,150.56
2009-07-13 00:00:00,150.55
2009-07-14 00:00:00,150.77
2009-07-15 00:00:00,152.98
2009-07-16 00:00:00,150.8
2009-07-17 00:00:00,150.82
2009-07-20 00:00:00,150.93
2009-07-21 00:00:00,150.89
2009-07-22 00:00:00,150.74
2009-07-23 00:00:00,150.61
2009-07-24 00:00:00,150.75
2009-07-27 00:00:00,150.84
2009-07-28 00:00:00,150.75
2009-07-29 00:00:00,150.76
2009-07-30 00:00:00,150.78
2009-07-31 00:00:00,150.76
2009-08-03 00:00:00,150.81
2009-08-04 00:00:00,150.86
2009-08-05 00:00:00,150.77
2009-08-06 00:00:00,150.81
2009-08-07 00:00:00,150.77
2009-08-10 00:00:00,150.76
2009-08-11 00:00:00,150.77
2009-08-12 00:00:00,150.81
2009-08-13 00:00:00,150.77
2009-08-14 00:00:00,150.81
2009-08-17 00:00:00,150.84
2009-08-18 00:00:00,150.85
2009-08-19 00:00:00,150.89
2009-08-20 00:00:00,150.8
2009-08-21 00:00:00,150.79
2009-08-24 00:00:00,150.75
2009-08-25 00:00:00,150.71
2009-08-26 00:00:00,150.77
2009-08-27 00:00:00,150.78
2009-08-28 00:00:00,150.83
2009-08-31 00:00:00,150.83
2009-09-01 00:00:00,150.75
2009-09-02 00:00:00,150.75
2009-09-03 00:00:00,150.83
2009-09-04 00:00:00,150.82
2009-09-07 00:00:00,150.81
2009-09-08 00:00:00,150.87
2009-09-09 00:00:00,150.87
2009-09-10 00:00:00,150.87
2009-09-11 00:00:00,150.92
2009-09-14 00:00:00,150.87
2009-09-15 00:00:00,150.92
2009-09-16 00:00:00,150.89
2009-09-17 00:00:00,150.92
2009-09-18 00:00:00,150.86
2009-09-21 00:00:00,150.88
2009-09-22 00:00:00,150.89
2009-09-23 00:00:00,150.92
2009-09-24 00:00:00,150.97
2009-09-25 00:00:00,150.97
2009-09-28 00:00:00,150.96
2009-09-29 00:00:00,150.97
2009-09-30 00:00:00,150.96
2009-10-01 00:00:00,150.96
2009-10-02 00:00:00,151.01
2009-10-05 00:00:00,150.96
2009-10-06 00:00:00,150.93
2009-10-07 00:00:00,150.94
2009-10-08 00:00:00,150.87
2009-10-09 00:00:00,150.75
2009-10-12 00:00:00,150.71
2009-10-13 00:00:00,150.75
2009-10-14 00:00:00,150.79
2009-10-15 00:00:00,150.75
2009-10-16 00:00:00,150.75
2009-10-19 00:00:00,150.8
2009-10-20 00:00:00,150.76
2009-10-21 00:00:00,150.69
2009-10-22 00:00:00,150.67
2009-10-23 00:00:00,150.68
2009-10-26 00:00:00,150.69
2009-10-27 00:00:00,150.72
2009-10-28 00:00:00,150.75
2009-10-29 00:00:00,150.79
2009-10-30 00:00:00,150.73
2009-11-02 00:00:00,150.88
2009-11-03 00:00:00,150.83
2009-11-04 00:00:00,150.79
2009-11-05 00:00:00,150.82
2009-11-06 00:00:00,150.74
2009-11-09 00:00:00,150.86
2009-11-10 00:00:00,150.82
2009-11-11 00:00:00,150.52
2009-11-12 00:00:00,150.11
2009-11-13 00:00:00,149.83
2009-11-16 00:00:00,149.36
2009-11-17 00:00:00,149.18
2009-11-18 00:00:00,149.0
2009-11-19 00:00:00,149.25
2009-11-20 00:00:00,148.84
2009-11-23 00:00:00,148.77
2009-11-24 00:00:00,148.92
2009-11-25 00:00:00,148.88
2009-11-26 00:00:00,148.71
2009-11-27 00:00:00,148.71
2009-11-30 00:00:00,148.75
2009-12-01 00:00:00,148.68
2009-12-02 00:00:00,148.73
2009-12-03 00:00:00,148.84
2009-12-04 00:00:00,148.88
2009-12-07 00:00:00,148.98
2009-12-08 00:00:00,149.03
2009-12-09 00:00:00,148.97
2009-12-10 00:00:00,149.19
2009-12-11 00:00:00,148.99
2009-12-14 00:00:00,148.8
2009-12-15 00:00:00,148.68
2009-12-16 00:00:00,148.68
2009-12-17 00:00:00,148.68
2009-12-18 00:00:00,148.68
2009-12-21 00:00:00,148.55
2009-12-22 00:00:00,148.43
2009-12-23 00:00:00,148.48
2009-12-24 00:00:00,148.34
2009-12-25 00:00:00,148.34
2009-12-28 00:00:00,148.51
2009-12-29 00:00:00,148.31
2009-12-30 00:00:00,148.39
2009-12-31 00:00:00,148.39
2010-01-01 00:00:00,148.39
2010-01-04 00:00:00,148.39
2010-01-05 00:00:00,148.39
2010-01-06 00:00:00,148.21
2010-01-07 00:00:00,148.21
2010-01-08 00:00:00,148.21
2010-01-11 00:00:00,148.12
2010-01-12 00:00:00,148.1
2010-01-13 00:00:00,148.06
2010-01-14 00:00:00,148.08
2010-01-15 00:00:00,148.08
2010-01-18 00:00:00,148.04
2010-01-19 00:00:00,147.98
2010-01-20 00:00:00,147.97
2010-01-21 00:00:00,147.87
2010-01-22 00:00:00,147.87
2010-01-25 00:00:00,148.13
2010-01-26 00:00:00,148.04
2010-01-27 00:00:00,148.13
2010-01-28 00:00:00,148.2
2010-01-29 00:00:00,148.03
2010-02-01 00:00:00,148.02
2010-02-02 00:00:00,147.93
2010-02-03 00:00:00,147.88
2010-02-04 00:00:00,147.83
2010-02-05 00:00:00,147.92
2010-02-08 00:00:00,148.07
2010-02-09 00:00:00,148.17
2010-02-10 00:00:00,148.21
2010-02-11 00:00:00,147.89
2010-02-12 00:00:00,147.97
2010-02-15 00:00:00,148.1
2010-02-16 00:00:00,148.13
2010-02-17 00:00:00,147.83
2010-02-18 00:00:00,147.75
2010-02-19 00:00:00,147.78
2010-02-22 00:00:00,147.62
2010-02-23 00:00:00,147.62
2010-02-24 00:00:00,147.29
2010-02-25 00:00:00,147.41
2010-02-26 00:00:00,147.33
2010-03-01 00:00:00,147.25
2010-03-02 00:00:00,147.45
2010-03-03 00:00:00,147.38
2010-03-04 00:00:00,147.28
2010-03-05 00:00:00,147.28
2010-03-08 00:00:00,147.28
2010-03-09 00:00:00,147.28
2010-03-10 00:00:00,147.28
2010-03-11 00:00:00,147.11
2010-03-12 00:00:00,147.09
2010-03-15 00:00:00,147.08
2010-03-16 00:00:00,147.07
2010-03-17 00:00:00,147.0
2010-03-18 00:00:00,147.05
2010-03-19 00:00:00,146.98
2010-03-22 00:00:00,146.98
2010-03-23 00:00:00,146.98
2010-03-24 00:00:00,146.98
2010-03-25 00:00:00,146.95
2010-03-26 00:00:00,146.96
2010-03-29 00:00:00,147.01
2010-03-30 00:00:00,146.98
2010-03-31 00:00:00,147.03
2010-04-01 00:00:00,147.12
2010-04-02 00:00:00,146.97
2010-04-05 00:00:00,146.86
2010-04-06 00:00:00,146.98
2010-04-07 00:00:00,146.9
2010-04-08 00:00:00,146.81
2010-04-09 00:00:00,146.78
2010-04-12 00:00:00,146.73
2010-04-13 00:00:00,146.7
2010-04-14 00:00:00,146.65
2010-04-15 00:00:00,146.58
2010-04-16 00:00:00,146.5
2010-04-19 00:00:00,146.67
2010-04-20 00:00:00,146.56
2010-04-21 00:00:00,146.64
2010-04-22 00:00:00,146.6
2010-04-23 00:00:00,146.45
2010-04-26 00:00:00,146.44
2010-04-27 00:00:00,146.41
2010-04-28 00:00:00,146.74
2010-04-29 00:00:00,146.64
2010-04-30 00:00:00,146.42
2010-05-03 00:00:00,146.44
2010-05-04 00:00:00,146.56
2010-05-05 00:00:00,146.75
2010-05-06 00:00:00,146.96
2010-05-07 00:00:00,147.07
2010-05-10 00:00:00,147.07
2010-05-11 00:00:00,146.7
2010-05-12 00:00:00,146.49
2010-05-13 00:00:00,146.55
2010-05-14 00:00:00,146.42
2010-05-17 00:00:00,146.76
2010-05-18 00:00:00,146.51
2010-05-19 00:00:00,146.65
2010-05-20 00:00:00,146.55
2010-05-21 00:00:00,146.92
2010-05-24 00:00:00,146.57
2010-05-25 00:00:00,146.91
2010-05-26 00:00:00,146.86
2010-05-27 00:00:00,146.71
2010-05-28 00:00:00,146.56
2010-05-31 00:00:00,146.73
2010-06-01 00:00:00,146.96
2010-06-02 00:00:00,146.83
2010-06-03 00:00:00,146.71
2010-06-04 00:00:00,146.85
2010-06-07 00:00:00,147.16
2010-06-08 00:00:00,147.21
2010-06-09 00:00:00,147.16
2010-06-10 00:00:00,147.11
2010-06-11 00:00:00,147.1
2010-06-14 00:00:00,147.24
2010-06-15 00:00:00,147.25
2010-06-16 00:00:00,147.13
2010-06-17 00:00:00,147.13
2010-06-18 00:00:00,147.02
2010-06-21 00:00:00,146.88
2010-06-22 00:00:00,147.04
2010-06-23 00:00:00,147.22
2010-06-24 00:00:00,147.21
2010-06-25 00:00:00,147.43
2010-06-28 00:00:00,147.54
2010-06-29 00:00:00,147.52
2010-06-30 00:00:00,147.37
2010-07-01 00:00:00,147.52
2010-07-02 00:00:00,147.33
2010-07-05 00:00:00,147.33
2010-07-06 00:00:00,147.33
2010-07-07 00:00:00,147.5
2010-07-08 00:00:00,147.56
2010-07-09 00:00:00,147.57
2010-07-12 00:00:00,147.65
2010-07-13 00:00:00,147.71
2010-07-14 00:00:00,147.64
2010-07-15 00:00:00,147.6
2010-07-16 00:00:00,147.5
2010-07-19 00:00:00,147.48
2010-07-20 00:00:00,147.52
2010-07-21 00:00:00,147.55
2010-07-22 00:00:00,147.56
2010-07-23 00:00:00,147.42
2010-07-26 00:00:00,147.33
2010-07-27 00:00:00,147.53
2010-07-28 00:00:00,147.68
2010-07-29 00:00:00,147.68
2010-07-30 00:00:00,147.71
2010-08-02 00:00:00,147.79
2010-08-03 00:00:00,147.49
2010-08-04 00:00:00,147.49
2010-08-05 00:00:00,147.33
2010-08-06 00:00:00,147.29
2010-08-09 00:00:00,147.24
2010-08-10 00:00:00,147.32
2010-08-11 00:00:00,147.53
2010-08-12 00:00:00,147.65
2010-08-13 00:00:00,147.35
2010-08-16 00:00:00,147.34
2010-08-17 00:00:00,147.25
2010-08-18 00:00:00,147.23
2010-08-19 00:00:00,147.16
2010-08-20 00:00:00,147.15
2010-08-23 00:00:00,147.18
2010-08-24 00:00:00,147.19
2010-08-25 00:00:00,147.22
2010-08-26 00:00:00,147.22
2010-08-27 00:00:00,147.22
2010-08-30 00:00:00,147.22
2010-08-31 00:00:00,147.29
2010-09-01 00:00:00,147.2
2010-09-02 00:00:00,147.25
2010-09-03 00:00:00,147.29
2010-09-06 00:00:00,147.28
2010-09-07 00:00:00,147.36
2010-09-08 00:00:00,147.48
2010-09-09 00:00:00,147.45
2010-09-10 00:00:00,147.38
2010-09-13 00:00:00,147.25
2010-09-14 00:00:00,147.19
2010-09-15 00:00:00,147.26
2010-09-16 00:00:00,147.32
2010-09-17 00:00:00,147.43
2010-09-20 00:00:00,147.52
2010-09-21 00:00:00,147.38
2010-09-22 00:00:00,147.48
2010-09-23 00:00:00,147.5
2010-09-24 00:00:00,147.56
2010-09-27 00:00:00,147.55
2010-09-28 00:00:00,147.44
2010-09-29 00:00:00,147.47
2010-09-30 00:00:00,147.68
2010-10-01 00:00:00,147.6
2010-10-04 00:00:00,147.51
2010-10-05 00:00:00,147.51
2010-10-06 00:00:00,147.43
2010-10-07 00:00:00,147.52
2010-10-08 00:00:00,147.57
2010-10-11 00:00:00,147.62
2010-10-12 00:00:00,147.8
2010-10-13 00:00:00,147.68
2010-10-14 00:00:00,147.55
2010-10-15 00:00:00,147.5
2010-10-18 00:00:00,147.6
2010-10-19 00:00:00,147.54
2010-10-20 00:00:00,147.66
2010-10-21 00:00:00,147.64
2010-10-22 00:00:00,147.52
2010-10-25 00:00:00,147.55
2010-10-26 00:00:00,147.55
2010-10-27 00:00:00,147.57
2010-10-28 00:00:00,147.58
2010-10-29 00:00:00,147.57
2010-11-01 00:00:00,147.51
2010-11-02 00:00:00,147.56
2010-11-03 00:00:00,147.66
2010-11-04 00:00:00,147.52
2010-11-05 00:00:00,147.55
2010-11-08 00:00:00,147.7
2010-11-09 00:00:00,147.5
2010-11-10 00:00:00,147.53
2010-11-11 00:00:00,147.53
2010-11-12 00:00:00,147.59
2010-11-15 00:00:00,147.7
2010-11-16 00:00:00,147.7
2010-11-17 00:00:00,147.49
2010-11-18 00:00:00,147.53
2010-11-19 00:00:00,147.48
2010-11-22 00:00:00,147.39
2010-11-23 00:00:00,147.34
2010-11-24 00:00:00,147.37
2010-11-25 00:00:00,147.38
2010-11-26 00:00:00,147.52
2010-11-29 00:00:00,147.55
2010-11-30 00:00:00,147.55
2010-12-01 00:00:00,147.67
2010-12-02 00:00:00,147.63
2010-12-03 00:00:00,147.6
2010-12-06 00:00:00,147.54
2010-12-07 00:00:00,147.44
2010-12-08 00:00:00,147.44
2010-12-09 00:00:00,147.42
2010-12-10 00:00:00,147.4
2010-12-13 00:00:00,147.32
2010-12-14 00:00:00,147.37
2010-12-15 00:00:00,147.49
2010-12-16 00:00:00,147.49
2010-12-17 00:00:00,147.47
2010-12-20 00:00:00,147.34
2010-12-21 00:00:00,147.23
2010-12-22 00:00:00,147.26
2010-12-23 00:00:00,147.17
2010-12-24 00:00:00,147.3
2010-12-27 00:00:00,147.47
2010-12-28 00:00:00,147.3
2010-12-29 00:00:00,147.37
2010-12-30 00:00:00,147.43
2010-12-31 00:00:00,147.37
2011-01-03 00:00:00,147.37
2011-01-04 00:00:00,147.36
2011-01-05 00:00:00,147.1
2011-01-06 00:00:00,147.1
2011-01-07 00:00:00,147.1
2011-01-10 00:00:00,147.24
2011-01-11 00:00:00,147.22
2011-01-12 00:00:00,147.25
2011-01-13 00:00:00,147.03
2011-01-14 00:00:00,147.01
2011-01-17 00:00:00,147.0
2011-01-18 00:00:00,147.03
2011-01-19 00:00:00,146.92
2011-01-20 00:00:00,146.95
2011-01-21 00:00:00,146.93
2011-01-24 00:00:00,146.84
2011-01-25 00:00:00,146.82
2011-01-26 00:00:00,146.8
2011-01-27 00:00:00,146.78
2011-01-28 00:00:00,146.83
2011-01-31 00:00:00,146.95
2011-02-01 00:00:00,146.88
2011-02-02 00:00:00,146.86
2011-02-03 00:00:00,146.77
2011-02-04 00:00:00,146.78
2011-02-07 00:00:00,146.72
2011-02-08 00:00:00,146.51
2011-02-09 00:00:00,146.45
2011-02-10 00:00:00,146.5
2011-02-11 00:00:00,146.42
2011-02-14 00:00:00,146.4
2011-02-15 00:00:00,146.39
2011-02-16 00:00:00,146.33
2011-02-17 00:00:00,146.24
2011-02-18 00:00:00,146.19
2011-02-21 00:00:00,146.18
2011-02-22 00:00:00,146.22
2011-02-23 00:00:00,146.07
2011-02-24 00:00:00,146.01
2011-02-25 00:00:00,145.99
2011-02-28 00:00:00,145.95
2011-03-01 00:00:00,145.91
2011-03-02 00:00:00,145.81
2011-03-03 00:00:00,145.72
2011-03-04 00:00:00,145.6
2011-03-07 00:00:00,145.6
2011-03-08 00:00:00,145.6
2011-03-09 00:00:00,145.66
2011-03-10 00:00:00,145.6
2011-03-11 00:00:00,145.95
2011-03-14 00:00:00,146.0
2011-03-15 00:00:00,146.03
2011-03-16 00:00:00,145.78
2011-03-17 00:00:00,145.79
2011-03-18 00:00:00,145.7
2011-03-21 00:00:00,145.7
2011-03-22 00:00:00,145.83
2011-03-23 00:00:00,145.81
2011-03-24 00:00:00,145.84
2011-03-25 00:00:00,145.51
2011-03-28 00:00:00,145.59
2011-03-29 00:00:00,145.59
2011-03-30 00:00:00,145.7
2011-03-31 00:00:00,145.61
2011-04-01 00:00:00,145.7
2011-04-04 00:00:00,145.7
2011-04-05 00:00:00,145.49
2011-04-06 00:00:00,145.4
2011-04-07 00:00:00,145.44
2011-04-08 00:00:00,145.41
2011-04-11 00:00:00,145.4
2011-04-12 00:00:00,145.39
2011-04-13 00:00:00,145.33
2011-04-14 00:00:00,145.37
2011-04-15 00:00:00,145.45
2011-04-18 00:00:00,145.63
2011-04-19 00:00:00,145.48
2011-04-20 00:00:00,145.43
2011-04-21 00:00:00,145.24
2011-04-22 00:00:00,145.45
2011-04-25 00:00:00,145.49
2011-04-26 00:00:00,145.45
2011-04-27 00:00:00,145.5
2011-04-28 00:00:00,145.44
2011-04-29 00:00:00,145.84
2011-05-02 00:00:00,145.8
2011-05-03 00:00:00,145.9
2011-05-04 00:00:00,145.78
2011-05-05 00:00:00,145.64
2011-05-06 00:00:00,145.89
2011-05-09 00:00:00,145.89
2011-05-10 00:00:00,145.69
2011-05-11 00:00:00,145.69
2011-05-12 00:00:00,145.92
2011-05-13 00:00:00,145.83
2011-05-16 00:00:00,145.83
2011-05-17 00:00:00,145.69
2011-05-18 00:00:00,145.49
2011-05-19 00:00:00,145.36
2011-05-20 00:00:00,145.29
2011-05-23 00:00:00,145.38
2011-05-24 00:00:00,145.23
2011-05-25 00:00:00,145.24
2011-05-26 00:00:00,145.26
2011-05-27 00:00:00,145.37
2011-05-30 00:00:00,145.36
2011-05-31 00:00:00,145.4
2011-06-01 00:00:00,145.43
2011-06-02 00:00:00,145.54
2011-06-03 00:00:00,145.56
2011-06-06 00:00:00,145.53
2011-06-07 00:00:00,145.45
2011-06-08 00:00:00,145.51
2011-06-09 00:00:00,145.51
2011-06-10 00:00:00,145.5
2011-06-13 00:00:00,145.79
2011-06-14 00:00:00,145.76
2011-06-15 00:00:00,145.75
2011-06-16 00:00:00,145.88
2011-06-17 00:00:00,146.0
2011-06-20 00:00:00,146.08
2011-06-21 00:00:00,145.99
2011-06-22 00:00:00,145.94
2011-06-23 00:00:00,146.04
2011-06-24 00:00:00,146.23
2011-06-27 00:00:00,146.3
2011-06-28 00:00:00,146.3
2011-06-29 00:00:00,146.14
2011-06-30 00:00:00,145.9
2011-07-01 00:00:00,145.75
2011-07-04 00:00:00,145.78
2011-07-05 00:00:00,145.6
2011-07-06 00:00:00,145.6
2011-07-07 00:00:00,145.61
2011-07-08 00:00:00,145.52
2011-07-11 00:00:00,145.82
2011-07-12 00:00:00,146.33
2011-07-13 00:00:00,146.19
2011-07-14 00:00:00,146.1
2011-07-15 00:00:00,145.95
2011-07-18 00:00:00,146.1
2011-07-19 00:00:00,146.4
2011-07-20 00:00:00,146.31
2011-07-21 00:00:00,146.25
2011-07-22 00:00:00,146.03
2011-07-25 00:00:00,145.86
2011-07-26 00:00:00,145.57
2011-07-27 00:00:00,145.98
2011-07-28 00:00:00,146.3
2011-07-29 00:00:00,146.47
2011-08-01 00:00:00,146.06
2011-08-02 00:00:00,146.18
2011-08-03 00:00:00,146.48
2011-08-04 00:00:00,146.49
2011-08-05 00:00:00,146.56
2011-08-08 00:00:00,146.7
2011-08-09 00:00:00,147.04
2011-08-10 00:00:00,146.85
2011-08-11 00:00:00,147.17
2011-08-12 00:00:00,147.18
2011-08-15 00:00:00,147.24
2011-08-16 00:00:00,146.71
2011-08-17 00:00:00,146.33
2011-08-18 00:00:00,146.61
2011-08-19 00:00:00,146.63
2011-08-22 00:00:00,146.64
2011-08-23 00:00:00,146.49
2011-08-24 00:00:00,146.4
2011-08-25 00:00:00,146.36
2011-08-26 00:00:00,146.52
2011-08-29 00:00:00,146.38
2011-08-30 00:00:00,146.38
2011-08-31 00:00:00,146.71
2011-09-01 00:00:00,146.68
2011-09-02 00:00:00,146.8
2011-09-05 00:00:00,146.93
2011-09-06 00:00:00,146.98
2011-09-07 00:00:00,146.92
2011-09-08 00:00:00,147.08
2011-09-09 00:00:00,147.24
2011-09-12 00:00:00,147.36
2011-09-13 00:00:00,147.36
2011-09-14 00:00:00,147.01
2011-09-15 00:00:00,147.17
2011-09-16 00:00:00,147.11
2011-09-19 00:00:00,147.23
2011-09-20 00:00:00,147.36
2011-09-21 00:00:00,147.46
2011-09-22 00:00:00,147.6
2011-09-23 00:00:00,147.75
2011-09-26 00:00:00,147.8
2011-09-27 00:00:00,147.71
2011-09-28 00:00:00,147.86
2011-09-29 00:00:00,147.92
2011-09-30 00:00:00,148.15
2011-10-03 00:00:00,147.91
2011-10-04 00:00:00,148.21
2011-10-05 00:00:00,148.31
2011-10-06 00:00:00,148.4
2011-10-07 00:00:00,148.36
2011-10-10 00:00:00,148.18
2011-10-11 00:00:00,147.93
2011-10-12 00:00:00,147.96
2011-10-13 00:00:00,147.68
2011-10-14 00:00:00,147.84
2011-10-17 00:00:00,147.94
2011-10-18 00:00:00,147.95
2011-10-19 00:00:00,147.85
2011-10-20 00:00:00,147.96
2011-10-21 00:00:00,148.03
2011-10-24 00:00:00,148.05
2011-10-25 00:00:00,147.95
2011-10-26 00:00:00,147.94
2011-10-27 00:00:00,147.8
2011-10-28 00:00:00,147.58
2011-10-31 00:00:00,147.97
2011-11-01 00:00:00,148.02
2011-11-02 00:00:00,148.06
2011-11-03 00:00:00,147.9
2011-11-04 00:00:00,147.99
2011-11-07 00:00:00,148.04
2011-11-08 00:00:00,148.01
2011-11-09 00:00:00,148.02
2011-11-10 00:00:00,148.15
2011-11-11 00:00:00,148.15
2011-11-14 00:00:00,148.2
2011-11-15 00:00:00,148.24
2011-11-16 00:00:00,147.95
2011-11-17 00:00:00,148.1
2011-11-18 00:00:00,148.02
2011-11-21 00:00:00,147.87
2011-11-22 00:00:00,147.54
2011-11-23 00:00:00,147.29
2011-11-24 00:00:00,147.26
2011-11-25 00:00:00,147.3
2011-11-28 00:00:00,147.63
2011-11-29 00:00:00,147.73
2011-11-30 00:00:00,147.74
2011-12-01 00:00:00,147.6
2011-12-02 00:00:00,147.7
2011-12-05 00:00:00,147.7
2011-12-06 00:00:00,147.65
2011-12-07 00:00:00,147.62
2011-12-08 00:00:00,147.73
2011-12-09 00:00:00,147.82
2011-12-12 00:00:00,147.9
2011-12-13 00:00:00,147.96
2011-12-14 00:00:00,147.99
2011-12-15 00:00:00,148.23
2011-12-16 00:00:00,148.23
2011-12-19 00:00:00,148.23
2011-12-20 00:00:00,148.15
2011-12-21 00:00:00,147.92
2011-12-22 00:00:00,148.21
2011-12-23 00:00:00,148.15
2011-12-26 00:00:00,148.07
2011-12-27 00:00:00,148.35
2011-12-28 00:00:00,148.37
2011-12-29 00:00:00,148.15
2011-12-30 00:00:00,148.49
2012-01-02 00:00:00,148.49
2012-01-03 00:00:00,148.49
2012-01-04 00:00:00,148.16
2012-01-05 00:00:00,148.22
2012-01-06 00:00:00,148.33
2012-01-09 00:00:00,148.58
2012-01-10 00:00:00,148.57
2012-01-11 00:00:00,148.42
2012-01-12 00:00:00,148.26
2012-01-13 00:00:00,148.2
2012-01-16 00:00:00,148.38
2012-01-17 00:00:00,148.33
2012-01-18 00:00:00,148.2
2012-01-19 00:00:00,148.36
2012-01-20 00:00:00,148.33
2012-01-23 00:00:00,148.35
2012-01-24 00:00:00,148.6
2012-01-25 00:00:00,148.58
2012-01-26 00:00:00,148.38
2012-01-27 00:00:00,148.42
2012-01-30 00:00:00,148.42
2012-01-31 00:00:00,148.68
2012-02-01 00:00:00,148.65
2012-02-02 00:00:00,148.73
2012-02-03 00:00:00,148.72
2012-02-06 00:00:00,148.69
2012-02-07 00:00:00,148.7
2012-02-08 00:00:00,148.54
2012-02-09 00:00:00,148.45
2012-02-10 00:00:00,148.36
2012-02-13 00:00:00,148.33
2012-02-14 00:00:00,148.35
2012-02-15 00:00:00,148.18
2012-02-16 00:00:00,148.2
2012-02-17 00:00:00,148.08
2012-02-20 00:00:00,148.05
2012-02-21 00:00:00,148.01
2012-02-22 00:00:00,147.91
2012-02-23 00:00:00,147.79
2012-02-24 00:00:00,147.62
2012-02-27 00:00:00,147.64
2012-02-28 00:00:00,147.71
2012-02-29 00:00:00,147.71
2012-03-01 00:00:00,147.88
2012-03-02 00:00:00,147.89
2012-03-05 00:00:00,147.93
2012-03-06 00:00:00,147.96
2012-03-07 00:00:00,148.01
2012-03-08 00:00:00,148.01
2012-03-09 00:00:00,148.01
2012-03-12 00:00:00,147.93
2012-03-13 00:00:00,147.96
2012-03-14 00:00:00,147.67
2012-03-15 00:00:00,147.58
2012-03-16 00:00:00,147.69
2012-03-19 00:00:00,147.79
2012-03-20 00:00:00,147.77
2012-03-21 00:00:00,147.77
2012-03-22 00:00:00,147.77
2012-03-23 00:00:00,147.77
2012-03-26 00:00:00,147.71
2012-03-27 00:00:00,147.65
2012-03-28 00:00:00,147.71
2012-03-29 00:00:00,147.76
2012-03-30 00:00:00,147.95
2012-04-02 00:00:00,148.07
2012-04-03 00:00:00,148.03
2012-04-04 00:00:00,148.24
2012-04-05 00:00:00,148.25
2012-04-06 00:00:00,147.62
2012-04-09 00:00:00,147.68
2012-04-10 00:00:00,147.6
2012-04-11 00:00:00,147.74
2012-04-12 00:00:00,147.65
2012-04-13 00:00:00,147.63
2012-04-16 00:00:00,147.55
2012-04-17 00:00:00,147.66
2012-04-18 00:00:00,147.69
2012-04-19 00:00:00,147.85
2012-04-20 00:00:00,147.88
2012-04-23 00:00:00,147.76
2012-04-24 00:00:00,147.7
2012-04-25 00:00:00,147.79
2012-04-26 00:00:00,147.9
2012-04-27 00:00:00,147.76
2012-04-30 00:00:00,147.76
2012-05-01 00:00:00,147.76
2012-05-02 00:00:00,147.99
2012-05-03 00:00:00,147.95
2012-05-04 00:00:00,147.87
2012-05-07 00:00:00,147.88
2012-05-08 00:00:00,147.87
2012-05-09 00:00:00,147.87
2012-05-10 00:00:00,147.85
2012-05-11 00:00:00,147.95
2012-05-14 00:00:00,148.12
2012-05-15 00:00:00,147.98
2012-05-16 00:00:00,148.02
2012-05-17 00:00:00,147.93
2012-05-18 00:00:00,148.02
2012-05-21 00:00:00,148.03
2012-05-22 00:00:00,147.76
2012-05-23 00:00:00,147.75
2012-05-24 00:00:00,147.72
2012-05-25 00:00:00,147.9
2012-05-28 00:00:00,147.95
2012-05-29 00:00:00,147.9
2012-05-30 00:00:00,147.89
2012-05-31 00:00:00,147.98
2012-06-01 00:00:00,148.38
2012-06-04 00:00:00,148.79
2012-06-05 00:00:00,148.87
2012-06-06 00:00:00,148.85
2012-06-07 00:00:00,148.65
2012-06-08 00:00:00,148.73
2012-06-11 00:00:00,148.73
2012-06-12 00:00:00,148.91
2012-06-13 00:00:00,148.95
2012-06-14 00:00:00,149.01
2012-06-15 00:00:00,148.98
2012-06-18 00:00:00,148.93
2012-06-19 00:00:00,148.87
2012-06-20 00:00:00,148.88
2012-06-21 00:00:00,149.1
2012-06-22 00:00:00,149.25
2012-06-25 00:00:00,149.31
2012-06-26 00:00:00,149.35
2012-06-27 00:00:00,149.21
2012-06-28 00:00:00,149.41
2012-06-29 00:00:00,149.49
2012-07-02 00:00:00,149.51
2012-07-03 00:00:00,149.52
2012-07-04 00:00:00,149.54
2012-07-05 00:00:00,149.65
2012-07-06 00:00:00,149.65
2012-07-09 00:00:00,149.8
2012-07-10 00:00:00,149.87
2012-07-11 00:00:00,149.88
2012-07-12 00:00:00,149.92
2012-07-13 00:00:00,149.83
2012-07-16 00:00:00,149.92
2012-07-17 00:00:00,149.82
2012-07-18 00:00:00,149.69
2012-07-19 00:00:00,149.58
2012-07-20 00:00:00,149.62
2012-07-23 00:00:00,149.89
2012-07-24 00:00:00,150.0
2012-07-25 00:00:00,150.05
2012-07-26 00:00:00,149.97
2012-07-27 00:00:00,149.96
2012-07-30 00:00:00,150.0
2012-07-31 00:00:00,149.98
2012-08-01 00:00:00,150.13
2012-08-02 00:00:00,150.21
2012-08-03 00:00:00,150.25
2012-08-06 00:00:00,150.1
2012-08-07 00:00:00,150.09
2012-08-08 00:00:00,150.11
2012-08-09 00:00:00,149.9
2012-08-10 00:00:00,149.77
2012-08-13 00:00:00,149.6
2012-08-14 00:00:00,149.27
2012-08-15 00:00:00,149.38
2012-08-16 00:00:00,149.3
2012-08-17 00:00:00,149.2
2012-08-20 00:00:00,149.35
2012-08-21 00:00:00,149.25
2012-08-22 00:00:00,149.1
2012-08-23 00:00:00,148.87
2012-08-24 00:00:00,148.9
2012-08-27 00:00:00,148.9
2012-08-28 00:00:00,149.18
2012-08-29 00:00:00,149.55
2012-08-30 00:00:00,149.55
2012-08-31 00:00:00,149.61
2012-09-03 00:00:00,149.6
2012-09-04 00:00:00,149.45
2012-09-05 00:00:00,149.41
2012-09-06 00:00:00,149.45
2012-09-07 00:00:00,149.6
2012-09-10 00:00:00,149.58
2012-09-11 00:00:00,149.72
2012-09-12 00:00:00,149.8
2012-09-13 00:00:00,150.0
2012-09-14 00:00:00,149.96
2012-09-17 00:00:00,149.74
2012-09-18 00:00:00,149.88
2012-09-19 00:00:00,149.92
2012-09-20 00:00:00,150.02
2012-09-21 00:00:00,150.1
2012-09-24 00:00:00,150.04
2012-09-25 00:00:00,150.05
2012-09-26 00:00:00,150.11
2012-09-27 00:00:00,150.04
2012-09-28 00:00:00,149.89
2012-10-01 00:00:00,150.07
2012-10-02 00:00:00,150.17
2012-10-03 00:00:00,150.21
2012-10-04 00:00:00,150.3
2012-10-05 00:00:00,150.3
2012-10-08 00:00:00,150.38
2012-10-09 00:00:00,150.48
2012-10-10 00:00:00,150.55
2012-10-11 00:00:00,150.45
2012-10-12 00:00:00,150.6
2012-10-15 00:00:00,150.68
2012-10-16 00:00:00,150.61
2012-10-17 00:00:00,150.43
2012-10-18 00:00:00,150.08
2012-10-19 00:00:00,150.17
2012-10-22 00:00:00,150.68
2012-10-23 00:00:00,150.71
2012-10-24 00:00:00,150.61
2012-10-25 00:00:00,150.58
2012-10-26 00:00:00,150.58
2012-10-29 00:00:00,150.63
2012-10-30 00:00:00,150.68
2012-10-31 00:00:00,150.8
2012-11-01 00:00:00,150.82
2012-11-02 00:00:00,150.86
2012-11-05 00:00:00,150.86
2012-11-06 00:00:00,150.82
2012-11-07 00:00:00,150.85
2012-11-08 00:00:00,150.89
2012-11-09 00:00:00,150.81
2012-11-12 00:00:00,150.84
2012-11-13 00:00:00,150.81
2012-11-14 00:00:00,150.42
2012-11-15 00:00:00,150.38
2012-11-16 00:00:00,150.43
2012-11-19 00:00:00,150.42
2012-11-20 00:00:00,150.32
2012-11-21 00:00:00,150.2
2012-11-22 00:00:00,150.21
2012-11-23 00:00:00,150.17
2012-11-26 00:00:00,150.13
2012-11-27 00:00:00,150.36
2012-11-28 00:00:00,150.52
2012-11-29 00:00:00,150.46
2012-11-30 00:00:00,150.46
2012-12-03 00:00:00,150.46
2012-12-04 00:00:00,150.63
2012-12-05 00:00:00,150.43
2012-12-06 00:00:00,150.24
2012-12-07 00:00:00,150.31
2012-12-10 00:00:00,150.3
2012-12-11 00:00:00,150.39
2012-12-12 00:00:00,150.59
2012-12-13 00:00:00,150.6
2012-12-14 00:00:00,150.76
2012-12-17 00:00:00,150.76
2012-12-18 00:00:00,150.76
2012-12-19 00:00:00,150.64
2012-12-20 00:00:00,150.45
2012-12-21 00:00:00,150.35
2012-12-24 00:00:00,150.54
2012-12-25 00:00:00,150.48
2012-12-26 00:00:00,150.39
2012-12-27 00:00:00,150.45
2012-12-28 00:00:00,150.41
2012-12-31 00:00:00,150.44
2013-01-01 00:00:00,150.44
2013-01-02 00:00:00,150.45
2013-01-03 00:00:00,150.68
2013-01-04 00:00:00,150.81
2013-01-07 00:00:00,150.81
2013-01-08 00:00:00,150.64
2013-01-09 00:00:00,150.85
2013-01-10 00:00:00,151.0
2013-01-11 00:00:00,150.98
2013-01-14 00:00:00,150.99
2013-01-15 00:00:00,150.85
2013-01-16 00:00:00,150.89
2013-01-17 00:00:00,150.84
2013-01-18 00:00:00,150.74
2013-01-21 00:00:00,150.8
2013-01-22 00:00:00,150.83
2013-01-23 00:00:00,150.85
2013-01-24 00:00:00,150.74
2013-01-25 00:00:00,150.7
2013-01-28 00:00:00,150.65
2013-01-29 00:00:00,150.86
2013-01-30 00:00:00,150.88
2013-01-31 00:00:00,150.89
2013-02-01 00:00:00,150.91
2013-02-04 00:00:00,150.67
2013-02-05 00:00:00,150.6
2013-02-06 00:00:00,150.5
2013-02-07 00:00:00,150.51
2013-02-08 00:00:00,150.55
2013-02-11 00:00:00,150.62
2013-02-12 00:00:00,150.45
2013-02-13 00:00:00,150.49
2013-02-14 00:00:00,150.53
2013-02-15 00:00:00,150.5
2013-02-18 00:00:00,150.6
2013-02-19 00:00:00,150.53
2013-02-20 00:00:00,150.45
2013-02-21 00:00:00,150.28
2013-02-22 00:00:00,150.23
2013-02-25 00:00:00,150.35
2013-02-26 00:00:00,150.47
2013-02-27 00:00:00,150.48
2013-02-28 00:00:00,150.43
2013-03-01 00:00:00,150.67
2013-03-04 00:00:00,150.8
2013-03-05 00:00:00,150.76
2013-03-06 00:00:00,150.77
2013-03-07 00:00:00,150.86
2013-03-08 00:00:00,150.85
2013-03-11 00:00:00,150.8
2013-03-12 00:00:00,150.92
2013-03-13 00:00:00,150.93
2013-03-14 00:00:00,150.88
2013-03-15 00:00:00,150.7
2013-03-18 00:00:00,150.78
2013-03-19 00:00:00,150.9
2013-03-20 00:00:00,150.92
2013-03-21 00:00:00,150.96
2013-03-22 00:00:00,150.96
2013-03-25 00:00:00,150.96
2013-03-26 00:00:00,150.83
2013-03-27 00:00:00,150.91
2013-03-28 00:00:00,150.93
2013-03-29 00:00:00,150.92
2013-04-01 00:00:00,150.97
2013-04-02 00:00:00,150.85
2013-04-03 00:00:00,150.94
2013-04-04 00:00:00,150.95
2013-04-05 00:00:00,150.96
2013-04-08 00:00:00,151.01
2013-04-09 00:00:00,150.99
2013-04-10 00:00:00,150.99
2013-04-11 00:00:00,151.04
2013-04-12 00:00:00,150.96
2013-04-15 00:00:00,151.08
2013-04-16 00:00:00,151.14
2013-04-17 00:00:00,151.02
2013-04-18 00:00:00,150.95
2013-04-19 00:00:00,151.14
2013-04-22 00:00:00,151.23
2013-04-23 00:00:00,151.11
2013-04-24 00:00:00,151.1
2013-04-25 00:00:00,151.05
2013-04-26 00:00:00,151.17
2013-04-29 00:00:00,151.3
2013-04-30 00:00:00,151.28
2013-05-01 00:00:00,151.28
2013-05-02 00:00:00,151.21
2013-05-03 00:00:00,151.1
2013-05-06 00:00:00,150.99
2013-05-07 00:00:00,150.99
2013-05-08 00:00:00,151.08
2013-05-09 00:00:00,151.08
2013-05-10 00:00:00,151.08
2013-05-13 00:00:00,151.14
2013-05-14 00:00:00,151.22
2013-05-15 00:00:00,151.24
2013-05-16 00:00:00,151.13
2013-05-17 00:00:00,151.05
2013-05-20 00:00:00,150.95
2013-05-21 00:00:00,150.85
2013-05-22 00:00:00,150.78
2013-05-23 00:00:00,150.8
2013-05-24 00:00:00,150.88
2013-05-27 00:00:00,150.82
2013-05-28 00:00:00,150.93
2013-05-29 00:00:00,151.2
2013-05-30 00:00:00,151.26
2013-05-31 00:00:00,151.39
2013-06-03 00:00:00,151.34
2013-06-04 00:00:00,151.35
2013-06-05 00:00:00,151.35
2013-06-06 00:00:00,151.3
2013-06-07 00:00:00,151.39
2013-06-10 00:00:00,151.47
2013-06-11 00:00:00,151.55
2013-06-12 00:00:00,151.59
2013-06-13 00:00:00,151.53
2013-06-14 00:00:00,151.38
2013-06-17 00:00:00,151.48
2013-06-18 00:00:00,151.34
2013-06-19 00:00:00,151.27
2013-06-20 00:00:00,151.58
2013-06-21 00:00:00,151.5
2013-06-24 00:00:00,151.49
2013-06-25 00:00:00,151.64
2013-06-26 00:00:00,151.74
2013-06-27 00:00:00,151.74
2013-06-28 00:00:00,151.8
2013-07-01 00:00:00,151.85
2013-07-02 00:00:00,151.89
2013-07-03 00:00:00,152.01
2013-07-04 00:00:00,152.02
2013-07-05 00:00:00,152.14
2013-07-08 00:00:00,152.14
2013-07-09 00:00:00,152.32
2013-07-10 00:00:00,152.33
2013-07-11 00:00:00,152.39
2013-07-12 00:00:00,152.55
2013-07-15 00:00:00,152.66
2013-07-16 00:00:00,152.73
2013-07-17 00:00:00,152.8
2013-07-18 00:00:00,152.88
2013-07-19 00:00:00,152.97
2013-07-22 00:00:00,153.1
2013-07-23 00:00:00,153.26
2013-07-24 00:00:00,153.29
2013-07-25 00:00:00,153.32
2013-07-26 00:00:00,153.2
2013-07-29 00:00:00,153.36
2013-07-30 00:00:00,153.36
2013-07-31 00:00:00,153.56
2013-08-01 00:00:00,153.68
2013-08-02 00:00:00,153.79
2013-08-05 00:00:00,153.82
2013-08-06 00:00:00,153.52
2013-08-07 00:00:00,153.29
2013-08-08 00:00:00,153.05
2013-08-09 00:00:00,153.02
2013-08-12 00:00:00,153.36
2013-08-13 00:00:00,152.96
2013-08-14 00:00:00,153.02
2013-08-15 00:00:00,152.84
2013-08-16 00:00:00,152.73
2013-08-19 00:00:00,152.6
2013-08-20 00:00:00,152.48
2013-08-21 00:00:00,152.42
2013-08-22 00:00:00,152.54
2013-08-23 00:00:00,152.42
2013-08-26 00:00:00,152.39
2013-08-27 00:00:00,152.45
2013-08-28 00:00:00,152.45
2013-08-29 00:00:00,153.0
2013-08-30 00:00:00,153.0
2013-09-02 00:00:00,153.29
2013-09-03 00:00:00,153.32
2013-09-04 00:00:00,153.22
2013-09-05 00:00:00,153.04
2013-09-06 00:00:00,153.09
2013-09-09 00:00:00,153.35
2013-09-10 00:00:00,153.58
2013-09-11 00:00:00,153.6
2013-09-12 00:00:00,153.38
2013-09-13 00:00:00,153.43
2013-09-16 00:00:00,153.4
2013-09-17 00:00:00,153.46
2013-09-18 00:00:00,153.48
2013-09-19 00:00:00,153.02
2013-09-20 00:00:00,153.1
2013-09-23 00:00:00,153.02
2013-09-24 00:00:00,153.16
2013-09-25 00:00:00,153.74
2013-09-26 00:00:00,153.65
2013-09-27 00:00:00,153.77
2013-09-30 00:00:00,153.82
2013-10-01 00:00:00,153.96
2013-10-02 00:00:00,154.1
2013-10-03 00:00:00,154.15
2013-10-04 00:00:00,154.26
2013-10-07 00:00:00,154.3
2013-10-08 00:00:00,154.18
2013-10-09 00:00:00,154.42
2013-10-10 00:00:00,154.04
2013-10-11 00:00:00,153.74
2013-10-14 00:00:00,153.78
2013-10-15 00:00:00,153.78
2013-10-16 00:00:00,153.87
2013-10-17 00:00:00,153.91
2013-10-18 00:00:00,153.99
2013-10-21 00:00:00,153.83
2013-10-22 00:00:00,153.81
2013-10-23 00:00:00,153.88
2013-10-24 00:00:00,153.73
2013-10-25 00:00:00,153.94
2013-10-28 00:00:00,154.4
2013-10-29 00:00:00,154.26
2013-10-30 00:00:00,154.29
2013-10-31 00:00:00,154.22
2013-11-01 00:00:00,154.38
2013-11-04 00:00:00,154.32
2013-11-05 00:00:00,154.0
2013-11-06 00:00:00,153.84
2013-11-07 00:00:00,153.76
2013-11-08 00:00:00,153.42
2013-11-11 00:00:00,153.2
2013-11-12 00:00:00,153.42
2013-11-13 00:00:00,153.06
2013-11-14 00:00:00,153.28
2013-11-15 00:00:00,153.39
2013-11-18 00:00:00,153.32
2013-11-19 00:00:00,153.07
2013-11-20 00:00:00,152.89
2013-11-21 00:00:00,152.86
2013-11-22 00:00:00,152.92
2013-11-25 00:00:00,152.93
2013-11-26 00:00:00,153.13
2013-11-27 00:00:00,153.63
2013-11-28 00:00:00,153.67
2013-11-29 00:00:00,154.29
2013-12-02 00:00:00,154.26
2013-12-03 00:00:00,154.52
2013-12-04 00:00:00,154.52
2013-12-05 00:00:00,154.23
2013-12-06 00:00:00,154.24
2013-12-09 00:00:00,154.35
2013-12-10 00:00:00,154.48
2013-12-11 00:00:00,154.47
2013-12-12 00:00:00,154.21
2013-12-13 00:00:00,154.05
2013-12-16 00:00:00,154.04
2013-12-17 00:00:00,154.04
2013-12-18 00:00:00,154.13
2013-12-19 00:00:00,153.88
2013-12-20 00:00:00,153.71
2013-12-23 00:00:00,154.08
2013-12-24 00:00:00,153.93
2013-12-25 00:00:00,154.01
2013-12-26 00:00:00,153.92
2013-12-27 00:00:00,154.1
2013-12-30 00:00:00,153.68
2013-12-31 00:00:00,154.27
2014-01-01 00:00:00,154.35
2014-01-02 00:00:00,154.35
2014-01-03 00:00:00,154.35
2014-01-06 00:00:00,154.52
2014-01-07 00:00:00,154.52
2014-01-08 00:00:00,154.43
2014-01-09 00:00:00,154.52
2014-01-10 00:00:00,154.6
2014-01-13 00:00:00,154.74
2014-01-14 00:00:00,154.94
2014-01-15 00:00:00,155.13
2014-01-16 00:00:00,155.24
2014-01-17 00:00:00,155.17
2014-01-20 00:00:00,155.27
2014-01-21 00:00:00,155.27
2014-01-22 00:00:00,155.14
2014-01-23 00:00:00,155.07
2014-01-24 00:00:00,155.27
2014-01-27 00:00:00,155.27
2014-01-28 00:00:00,155.38
2014-01-29 00:00:00,155.48
2014-01-30 00:00:00,155.49
2014-01-31 00:00:00,155.51
2014-02-03 00:00:00,155.58
2014-02-04 00:00:00,155.62
2014-02-05 00:00:00,155.64
2014-02-06 00:00:00,155.58
2014-02-07 00:00:00,155.67
2014-02-10 00:00:00,155.63
2014-02-11 00:00:00,184.52
2014-02-12 00:00:00,184.54
2014-02-13 00:00:00,184.52
2014-02-14 00:00:00,184.54
2014-02-17 00:00:00,184.53
2014-02-18 00:00:00,184.52
2014-02-19 00:00:00,184.67
2014-02-20 00:00:00,186.08
2014-02-21 00:00:00,184.42
2014-02-24 00:00:00,184.48
2014-02-25 00:00:00,184.52
2014-02-26 00:00:00,184.9
2014-02-27 00:00:00,184.27
2014-02-28 00:00:00,184.42
2014-03-03 00:00:00,182.97
2014-03-04 00:00:00,181.9
2014-03-05 00:00:00,182.52
2014-03-06 00:00:00,182.52
2014-03-07 00:00:00,182.05
2014-03-10 00:00:00,182.05
2014-03-11 00:00:00,182.4
2014-03-12 00:00:00,182.49
2014-03-13 00:00:00,182.15
2014-03-14 00:00:00,182.73
2014-03-17 00:00:00,182.18
2014-03-18 00:00:00,182.37
2014-03-19 00:00:00,182.13
2014-03-20 00:00:00,182.48
2014-03-21 00:00:00,182.3
2014-03-24 00:00:00,182.3
2014-03-25 00:00:00,182.29
2014-03-26 00:00:00,182.07
2014-03-27 00:00:00,182.11
2014-03-28 00:00:00,182.08
2014-03-31 00:00:00,182.08
2014-04-01 00:00:00,182.12
2014-04-02 00:00:00,182.03
2014-04-03 00:00:00,182.06
2014-04-04 00:00:00,182.08
2014-04-07 00:00:00,182.03
2014-04-08 00:00:00,182.07
2014-04-09 00:00:00,182.04
2014-04-10 00:00:00,182.04
2014-04-11 00:00:00,181.99
2014-04-14 00:00:00,182.07
2014-04-15 00:00:00,182.05
2014-04-16 00:00:00,182.04
2014-04-17 00:00:00,182.05
2014-04-18 00:00:00,182.07
2014-04-21 00:00:00,182.05
2014-04-22 00:00:00,182.05
2014-04-23 00:00:00,182.05
2014-04-24 00:00:00,182.03
2014-04-25 00:00:00,182.05
2014-04-28 00:00:00,182.55
2014-04-29 00:00:00,182.07
2014-04-30 00:00:00,182.07
2014-05-01 00:00:00,182.07
2014-05-02 00:00:00,182.07
2014-05-05 00:00:00,182.05
2014-05-06 00:00:00,182.05
2014-05-07 00:00:00,182.05
2014-05-08 00:00:00,182.05
2014-05-09 00:00:00,182.07
2014-05-12 00:00:00,182.04
2014-05-13 00:00:00,182.06
2014-05-14 00:00:00,182.08
2014-05-15 00:00:00,182.07
2014-05-16 00:00:00,182.07
2014-05-19 00:00:00,182.14
2014-05-20 00:00:00,182.45
2014-05-21 00:00:00,182.37
2014-05-22 00:00:00,182.71
2014-05-23 00:00:00,182.92
2014-05-26 00:00:00,183.21
2014-05-27 00:00:00,184.67
2014-05-28 00:00:00,183.92
2014-05-29 00:00:00,183.51
2014-05-30 00:00:00,183.77
2014-06-02 00:00:00,183.51
2014-06-03 00:00:00,183.52
2014-06-04 00:00:00,183.59
2014-06-05 00:00:00,183.51
2014-06-06 00:00:00,183.56
2014-06-09 00:00:00,183.56
2014-06-10 00:00:00,183.55
2014-06-11 00:00:00,183.53
2014-06-12 00:00:00,183.53
2014-06-13 00:00:00,183.54
2014-06-16 00:00:00,183.52
2014-06-17 00:00:00,183.54
2014-06-18 00:00:00,183.45
2014-06-19 00:00:00,183.52
2014-06-20 00:00:00,183.51
2014-06-23 00:00:00,183.49
2014-06-24 00:00:00,183.61
2014-06-25 00:00:00,183.52
2014-06-26 00:00:00,183.51
2014-06-27 00:00:00,183.57
2014-06-30 00:00:00,183.51
2014-07-01 00:00:00,183.52
2014-07-02 00:00:00,183.58
2014-07-03 00:00:00,183.55
2014-07-04 00:00:00,183.53
2014-07-07 00:00:00,183.53
2014-07-08 00:00:00,183.55
2014-07-09 00:00:00,183.54
2014-07-10 00:00:00,183.52
2014-07-11 00:00:00,183.52
2014-07-14 00:00:00,183.63
2014-07-15 00:00:00,183.6
2014-07-16 00:00:00,183.52
2014-07-17 00:00:00,183.52
2014-07-18 00:00:00,183.68
2014-07-21 00:00:00,183.59
2014-07-22 00:00:00,183.56
2014-07-23 00:00:00,183.52
2014-07-24 00:00:00,183.54
2014-07-25 00:00:00,183.59
2014-07-28 00:00:00,183.56
2014-07-29 00:00:00,183.52
2014-07-30 00:00:00,183.55
2014-07-31 00:00:00,183.32
2014-08-01 00:00:00,182.55
2014-08-04 00:00:00,182.1
2014-08-05 00:00:00,182.02
2014-08-06 00:00:00,182.01
2014-08-07 00:00:00,182.05
2014-08-08 00:00:00,182.06
2014-08-11 00:00:00,182.03
2014-08-12 00:00:00,181.99
2014-08-13 00:00:00,182.04
2014-08-14 00:00:00,182.02
2014-08-15 00:00:00,182.04
2014-08-18 00:00:00,182.03
2014-08-19 00:00:00,182.02
2014-08-20 00:00:00,182.01
2014-08-21 00:00:00,182.01
2014-08-22 00:00:00,182.12
2014-08-25 00:00:00,182.01
2014-08-26 00:00:00,182.0
2014-08-27 00:00:00,182.0
2014-08-28 00:00:00,182.01
2014-08-29 00:00:00,182.07
2014-09-01 00:00:00,182.1
2014-09-02 00:00:00,182.06
2014-09-03 00:00:00,182.02
2014-09-04 00:00:00,182.01
2014-09-05 00:00:00,182.11
2014-09-08 00:00:00,182.01
2014-09-09 00:00:00,182.01
2014-09-10 00:00:00,181.99
2014-09-11 00:00:00,182.01
2014-09-12 00:00:00,181.89
2014-09-15 00:00:00,181.99
2014-09-16 00:00:00,182.02
2014-09-17 00:00:00,181.96
2014-09-18 00:00:00,181.95
2014-09-19 00:00:00,181.95
2014-09-22 00:00:00,181.98
2014-09-23 00:00:00,181.72
2014-09-24 00:00:00,181.9
2014-09-25 00:00:00,182.0
2014-09-26 00:00:00,181.89
2014-09-29 00:00:00,181.91
2014-09-30 00:00:00,181.93
2014-10-01 00:00:00,181.93
2014-10-02 00:00:00,181.96
2014-10-03 00:00:00,181.98
2014-10-06 00:00:00,181.82
2014-10-07 00:00:00,181.84
2014-10-08 00:00:00,181.83
2014-10-09 00:00:00,181.8
2014-10-10 00:00:00,181.8
2014-10-13 00:00:00,181.81
2014-10-14 00:00:00,181.81
2014-10-15 00:00:00,181.51
2014-10-16 00:00:00,181.57
2014-10-17 00:00:00,182.13
2014-10-20 00:00:00,181.77
2014-10-21 00:00:00,181.15
2014-10-22 00:00:00,180.87
2014-10-23 00:00:00,180.93
2014-10-24 00:00:00,180.96
2014-10-27 00:00:00,180.87
2014-10-28 00:00:00,180.93
2014-10-29 00:00:00,180.91
2014-10-30 00:00:00,180.8
2014-10-31 00:00:00,180.96
2014-11-03 00:00:00,180.9
2014-11-04 00:00:00,180.9
2014-11-05 00:00:00,180.93
2014-11-06 00:00:00,180.9
2014-11-07 00:00:00,180.94
2014-11-10 00:00:00,180.87
2014-11-11 00:00:00,180.87
2014-11-12 00:00:00,181.09
2014-11-13 00:00:00,180.98
2014-11-14 00:00:00,180.89
2014-11-17 00:00:00,180.93
2014-11-18 00:00:00,180.96
2014-11-19 00:00:00,180.95
2014-11-20 00:00:00,180.88
2014-11-21 00:00:00,180.92
2014-11-24 00:00:00,181.33
2014-11-25 00:00:00,180.88
2014-11-26 00:00:00,180.95
2014-11-27 00:00:00,180.9
2014-11-28 00:00:00,181.57
2014-12-01 00:00:00,181.57
2014-12-02 00:00:00,181.68
2014-12-03 00:00:00,181.51
2014-12-04 00:00:00,182.45
2014-12-05 00:00:00,181.57
2014-12-08 00:00:00,182.03
2014-12-09 00:00:00,181.87
2014-12-10 00:00:00,181.88
2014-12-11 00:00:00,181.98
2014-12-12 00:00:00,182.02
2014-12-15 00:00:00,183.57
2014-12-16 00:00:00,183.57
2014-12-17 00:00:00,183.57
2014-12-18 00:00:00,182.93
2014-12-19 00:00:00,183.13
2014-12-22 00:00:00,182.22
2014-12-23 00:00:00,182.32
2014-12-24 00:00:00,182.77
2014-12-25 00:00:00,182.35
2014-12-26 00:00:00,182.51
2014-12-29 00:00:00,182.37
2014-12-30 00:00:00,182.82
2014-12-31 00:00:00,182.35
2015-01-01 00:00:00,182.51
2015-01-02 00:00:00,182.51
2015-01-05 00:00:00,183.02
2015-01-06 00:00:00,183.04
2015-01-07 00:00:00,183.04
2015-01-08 00:00:00,183.24
2015-01-09 00:00:00,183.06
2015-01-12 00:00:00,183.57
2015-01-13 00:00:00,183.74
2015-01-14 00:00:00,183.75
2015-01-15 00:00:00,183.87
2015-01-16 00:00:00,184.12
2015-01-19 00:00:00,183.82
2015-01-20 00:00:00,183.84
2015-01-21 00:00:00,184.22
2015-01-22 00:00:00,184.21
2015-01-23 00:00:00,184.16
2015-01-26 00:00:00,184.42
2015-01-27 00:00:00,184.67
2015-01-28 00:00:00,184.47
2015-01-29 00:00:00,184.42
2015-01-30 00:00:00,184.79
2015-02-02 00:00:00,184.46
2015-02-03 00:00:00,184.6
2015-02-04 00:00:00,184.94
2015-02-05 00:00:00,184.75
2015-02-06 00:00:00,185.1
2015-02-09 00:00:00,185.18
2015-02-10 00:00:00,185.74
2015-02-11 00:00:00,185.18
2015-02-12 00:00:00,185.06
2015-02-13 00:00:00,185.06
2015-02-16 00:00:00,185.1
2015-02-17 00:00:00,185.21
2015-02-18 00:00:00,185.06
2015-02-19 00:00:00,184.93
2015-02-20 00:00:00,185.28
2015-02-23 00:00:00,185.05
2015-02-24 00:00:00,184.9
2015-02-25 00:00:00,185.07
2015-02-26 00:00:00,185.07
2015-02-27 00:00:00,185.07
2015-03-02 00:00:00,185.06
2015-03-03 00:00:00,185.05
2015-03-04 00:00:00,185.05
2015-03-05 00:00:00,185.38
2015-03-06 00:00:00,185.37
2015-03-09 00:00:00,185.62
2015-03-10 00:00:00,185.27
2015-03-11 00:00:00,185.46
2015-03-12 00:00:00,185.43
2015-03-13 00:00:00,185.35
2015-03-16 00:00:00,185.46
2015-03-17 00:00:00,185.39
2015-03-18 00:00:00,185.42
2015-03-19 00:00:00,185.65
2015-03-20 00:00:00,185.62
2015-03-23 00:00:00,186.01
2015-03-24 00:00:00,186.01
2015-03-25 00:00:00,186.01
2015-03-26 00:00:00,185.51
2015-03-27 00:00:00,185.84
2015-03-30 00:00:00,185.72
2015-03-31 00:00:00,185.81
2015-04-01 00:00:00,185.79
2015-04-02 00:00:00,185.68
2015-04-03 00:00:00,185.7
2015-04-06 00:00:00,185.69
2015-04-07 00:00:00,185.66
2015-04-08 00:00:00,185.68
2015-04-09 00:00:00,185.65
2015-04-10 00:00:00,185.81
2015-04-13 00:00:00,185.71
2015-04-14 00:00:00,185.87
2015-04-15 00:00:00,185.88
2015-04-16 00:00:00,185.91
2015-04-17 00:00:00,185.81
2015-04-20 00:00:00,185.96
2015-04-21 00:00:00,185.82
2015-04-22 00:00:00,185.92
2015-04-23 00:00:00,185.85
2015-04-24 00:00:00,186.07
2015-04-27 00:00:00,185.82
2015-04-28 00:00:00,185.82
2015-04-29 00:00:00,185.9
2015-04-30 00:00:00,185.87
2015-05-01 00:00:00,186.06
2015-05-04 00:00:00,185.78
2015-05-05 00:00:00,185.79
2015-05-06 00:00:00,185.8
2015-05-07 00:00:00,185.8
2015-05-08 00:00:00,185.95
2015-05-11 00:00:00,185.95
2015-05-12 00:00:00,185.87
2015-05-13 00:00:00,185.9
2015-05-14 00:00:00,186.11
2015-05-15 00:00:00,186.06
2015-05-18 00:00:00,185.82
2015-05-19 00:00:00,185.81
2015-05-20 00:00:00,185.87
2015-05-21 00:00:00,185.81
2015-05-22 00:00:00,186.09
2015-05-25 00:00:00,185.82
2015-05-26 00:00:00,185.81
2015-05-27 00:00:00,185.91
2015-05-28 00:00:00,185.97
2015-05-29 00:00:00,185.97
2015-06-01 00:00:00,185.97
2015-06-02 00:00:00,185.98
2015-06-03 00:00:00,185.96
2015-06-04 00:00:00,185.99
2015-06-05 00:00:00,185.97
2015-06-08 00:00:00,185.95
2015-06-09 00:00:00,186.05
2015-06-10 00:00:00,186.08
2015-06-11 00:00:00,186.07
2015-06-12 00:00:00,186.35
2015-06-15 00:00:00,186.12
2015-06-16 00:00:00,186.06
2015-06-17 00:00:00,186.06
2015-06-18 00:00:00,186.06
2015-06-19 00:00:00,186.06
2015-06-22 00:00:00,186.2
2015-06-23 00:00:00,186.08
2015-06-24 00:00:00,186.21
2015-06-25 00:00:00,186.21
2015-06-26 00:00:00,186.21
2015-06-29 00:00:00,186.21
2015-06-30 00:00:00,186.21
2015-07-01 00:00:00,186.26
2015-07-02 00:00:00,186.23
2015-07-03 00:00:00,186.21
2015-07-06 00:00:00,186.2
2015-07-07 00:00:00,186.2
2015-07-08 00:00:00,186.35
2015-07-09 00:00:00,186.38
2015-07-10 00:00:00,186.55
2015-07-13 00:00:00,186.83
2015-07-14 00:00:00,186.81
2015-07-15 00:00:00,187.05
2015-07-16 00:00:00,187.1
2015-07-17 00:00:00,187.2
2015-07-20 00:00:00,187.06
2015-07-21 00:00:00,187.12
2015-07-22 00:00:00,187.07
2015-07-23 00:00:00,187.09
2015-07-24 00:00:00,187.05
2015-07-27 00:00:00,187.44
2015-07-28 00:00:00,187.3
2015-07-29 00:00:00,187.48
2015-07-30 00:00:00,187.49
2015-07-31 00:00:00,187.8
2015-08-03 00:00:00,187.46
2015-08-04 00:00:00,187.67
2015-08-05 00:00:00,187.66
2015-08-06 00:00:00,187.65
2015-08-07 00:00:00,187.65
2015-08-10 00:00:00,187.88
2015-08-11 00:00:00,187.98
2015-08-12 00:00:00,187.9
2015-08-13 00:00:00,188.06
2015-08-14 00:00:00,188.31
2015-08-17 00:00:00,188.38
2015-08-18 00:00:00,188.38
2015-08-19 00:00:00,197.28
2015-08-20 00:00:00,252.4
2015-08-21 00:00:00,234.99
2015-08-24 00:00:00,227.35
2015-08-25 00:00:00,238.38
2015-08-26 00:00:00,243.5
2015-08-27 00:00:00,240.98
2015-08-28 00:00:00,240.52
2015-08-31 00:00:00,240.52
2015-09-01 00:00:00,239.48
2015-09-02 00:00:00,240.53
2015-09-03 00:00:00,239.85
2015-09-04 00:00:00,241.07
2015-09-07 00:00:00,243.16
2015-09-08 00:00:00,244.45
2015-09-09 00:00:00,250.05
2015-09-10 00:00:00,251.68
2015-09-11 00:00:00,263.07
2015-09-14 00:00:00,279.02
2015-09-15 00:00:00,281.54
2015-09-16 00:00:00,285.02
2015-09-17 00:00:00,271.9
2015-09-18 00:00:00,279.04
2015-09-21 00:00:00,270.2
2015-09-22 00:00:00,260.18
2015-09-23 00:00:00,269.69
2015-09-24 00:00:00,269.52
2015-09-25 00:00:00,270.05
2015-09-28 00:00:00,270.0
2015-09-29 00:00:00,271.97
2015-09-30 00:00:00,272.0
2015-10-01 00:00:00,271.28
2015-10-02 00:00:00,271.72
2015-10-05 00:00:00,271.65
2015-10-06 00:00:00,272.96
2015-10-07 00:00:00,274.35
2015-10-08 00:00:00,273.88
2015-10-09 00:00:00,274.45
2015-10-12 00:00:00,275.15
2015-10-13 00:00:00,275.65
2015-10-14 00:00:00,276.5
2015-10-15 00:00:00,276.34
2015-10-16 00:00:00,276.77
2015-10-19 00:00:00,276.95
2015-10-20 00:00:00,277.83
2015-10-21 00:00:00,277.88
2015-10-22 00:00:00,278.29
2015-10-23 00:00:00,277.7
2015-10-26 00:00:00,279.3
2015-10-27 00:00:00,279.55
2015-10-28 00:00:00,279.2
2015-10-29 00:00:00,278.73
2015-10-30 00:00:00,280.08
2015-11-02 00:00:00,281.26
2015-11-03 00:00:00,283.25
2015-11-04 00:00:00,287.6
2015-11-05 00:00:00,299.5
2015-11-06 00:00:00,307.5
2015-11-09 00:00:00,307.7
2015-11-10 00:00:00,306.6
2015-11-11 00:00:00,306.7
2015-11-12 00:00:00,307.02
2015-11-13 00:00:00,307.9
2015-11-16 00:00:00,308.0
2015-11-17 00:00:00,307.4
2015-11-18 00:00:00,307.4
2015-11-19 00:00:00,307.4
2015-11-20 00:00:00,307.37
2015-11-23 00:00:00,307.18
2015-11-24 00:00:00,307.5
2015-11-25 00:00:00,307.08
2015-11-26 00:00:00,307.18
2015-11-27 00:00:00,307.2
2015-11-30 00:00:00,307.66
2015-12-01 00:00:00,307.65
2015-12-02 00:00:00,307.8
2015-12-03 00:00:00,307.53
2015-12-04 00:00:00,307.8
2015-12-07 00:00:00,307.01
2015-12-08 00:00:00,308.03
2015-12-09 00:00:00,310.25
2015-12-10 00:00:00,310.63
2015-12-11 00:00:00,315.0
2015-12-14 00:00:00,332.96
2015-12-15 00:00:00,331.73
2015-12-16 00:00:00,331.85
2015-12-17 00:00:00,331.85
2015-12-18 00:00:00,344.03
2015-12-21 00:00:00,339.5
2015-12-22 00:00:00,336.5
2015-12-23 00:00:00,329.5
2015-12-24 00:00:00,326.17
2015-12-25 00:00:00,328.75
2015-12-28 00:00:00,333.01
2015-12-29 00:00:00,339.0
2015-12-30 00:00:00,338.95
2015-12-31 00:00:00,340.6
2016-01-01 00:00:00,340.6
2016-01-04 00:00:00,340.0
2016-01-05 00:00:00,343.47
2016-01-06 00:00:00,346.0
2016-01-07 00:00:00,345.22
2016-01-08 00:00:00,352.15
2016-01-11 00:00:00,358.0
2016-01-12 00:00:00,358.25
2016-01-13 00:00:00,364.22
2016-01-14 00:00:00,362.02
2016-01-15 00:00:00,361.13
2016-01-18 00:00:00,377.25
2016-01-19 00:00:00,378.24
2016-01-20 00:00:00,376.76
2016-01-21 00:00:00,385.25
2016-01-22 00:00:00,381.27
2016-01-25 00:00:00,376.0
2016-01-26 00:00:00,380.7
2016-01-27 00:00:00,376.73
2016-01-28 00:00:00,370.65
2016-01-29 00:00:00,365.05
2016-02-01 00:00:00,360.2
2016-02-02 00:00:00,375.5
2016-02-03 00:00:00,369.74
2016-02-04 00:00:00,364.99
2016-02-05 00:00:00,364.75
2016-02-08 00:00:00,359.34
2016-02-09 00:00:00,360.96
2016-02-10 00:00:00,360.1
2016-02-11 00:00:00,360.05
2016-02-12 00:00:00,369.34
2016-02-15 00:00:00,364.0
2016-02-16 00:00:00,359.8
2016-02-17 00:00:00,358.99
2016-02-18 00:00:00,350.25
2016-02-19 00:00:00,355.75
2016-02-22 00:00:00,352.0
2016-02-23 00:00:00,349.0
2016-02-24 00:00:00,350.56
2016-02-25 00:00:00,350.02
2016-02-26 00:00:00,349.3
2016-02-29 00:00:00,350.0
2016-03-01 00:00:00,348.3
2016-03-02 00:00:00,346.9
2016-03-03 00:00:00,345.6
2016-03-04 00:00:00,345.4
2016-03-07 00:00:00,344.95
2016-03-08 00:00:00,344.95
2016-03-09 00:00:00,344.7
2016-03-10 00:00:00,344.24
2016-03-11 00:00:00,343.87
2016-03-14 00:00:00,343.8
2016-03-15 00:00:00,344.66
2016-03-16 00:00:00,349.07
2016-03-17 00:00:00,346.25
2016-03-18 00:00:00,346.25
2016-03-21 00:00:00,345.5
2016-03-22 00:00:00,345.5
2016-03-23 00:00:00,345.5
2016-03-24 00:00:00,347.3
2016-03-25 00:00:00,343.06
2016-03-28 00:00:00,339.99
2016-03-29 00:00:00,343.25
2016-03-30 00:00:00,343.8
2016-03-31 00:00:00,344.59
2016-04-01 00:00:00,342.21
2016-04-04 00:00:00,344.48
2016-04-05 00:00:00,345.01
2016-04-06 00:00:00,344.6
2016-04-07 00:00:00,341.54
2016-04-08 00:00:00,340.3
2016-04-11 00:00:00,336.46
2016-04-12 00:00:00,335.6
2016-04-13 00:00:00,334.01
2016-04-14 00:00:00,335.98
2016-04-15 00:00:00,334.33
2016-04-18 00:00:00,341.04
2016-04-19 00:00:00,338.52
2016-04-20 00:00:00,338.02
2016-04-21 00:00:00,333.5
2016-04-22 00:00:00,334.75
2016-04-25 00:00:00,333.75
2016-04-26 00:00:00,333.3
2016-04-27 00:00:00,331.01
2016-04-28 00:00:00,331.1
2016-04-29 00:00:00,327.36
2016-05-02 00:00:00,327.35
2016-05-03 00:00:00,336.5
2016-05-04 00:00:00,333.0
2016-05-05 00:00:00,332.18
2016-05-06 00:00:00,334.69
2016-05-09 00:00:00,334.0
2016-05-10 00:00:00,334.0
2016-05-11 00:00:00,333.0
2016-05-12 00:00:00,330.0
2016-05-13 00:00:00,328.0
2016-05-16 00:00:00,328.22
2016-05-17 00:00:00,329.05
2016-05-18 00:00:00,329.83
2016-05-19 00:00:00,335.59
2016-05-20 00:00:00,335.0
2016-05-23 00:00:00,336.69
2016-05-24 00:00:00,336.74
2016-05-25 00:00:00,335.68
2016-05-26 00:00:00,333.32
2016-05-27 00:00:00,336.45
2016-05-30 00:00:00,336.09
2016-05-31 00:00:00,336.1
2016-06-01 00:00:00,337.3
2016-06-02 00:00:00,337.0
2016-06-03 00:00:00,336.22
2016-06-06 00:00:00,336.22
2016-06-07 00:00:00,334.25
2016-06-08 00:00:00,329.75
2016-06-09 00:00:00,331.59
2016-06-10 00:00:00,335.09
2016-06-13 00:00:00,333.9
2016-06-14 00:00:00,337.99
2016-06-15 00:00:00,337.94
2016-06-16 00:00:00,336.22
2016-06-17 00:00:00,338.84
2016-06-20 00:00:00,329.5
2016-06-21 00:00:00,335.25
2016-06-22 00:00:00,334.75
2016-06-23 00:00:00,334.59
2016-06-24 00:00:00,340.0
2016-06-27 00:00:00,340.0
2016-06-28 00:00:00,339.01
2016-06-29 00:00:00,339.25
2016-06-30 00:00:00,339.18
2016-07-01 00:00:00,337.62
2016-07-04 00:00:00,337.03
2016-07-05 00:00:00,336.83
2016-07-06 00:00:00,337.16
2016-07-07 00:00:00,338.0
2016-07-08 00:00:00,338.0
2016-07-11 00:00:00,338.11
2016-07-12 00:00:00,338.12
2016-07-13 00:00:00,338.48
2016-07-14 00:00:00,339.0
2016-07-15 00:00:00,339.19
2016-07-18 00:00:00,339.3
2016-07-19 00:00:00,339.0
2016-07-20 00:00:00,340.25
2016-07-21 00:00:00,342.0
2016-07-22 00:00:00,343.0
2016-07-25 00:00:00,336.82
2016-07-26 00:00:00,354.5
2016-07-27 00:00:00,352.4
2016-07-28 00:00:00,353.59
2016-07-29 00:00:00,352.0
2016-08-01 00:00:00,352.35
2016-08-02 00:00:00,354.02
2016-08-03 00:00:00,354.48
2016-08-04 00:00:00,352.35
2016-08-05 00:00:00,347.69
2016-08-08 00:00:00,346.75
2016-08-09 00:00:00,346.33
2016-08-10 00:00:00,346.75
2016-08-11 00:00:00,347.1
2016-08-12 00:00:00,345.01
2016-08-15 00:00:00,336.82
2016-08-16 00:00:00,343.75
2016-08-17 00:00:00,342.0
2016-08-18 00:00:00,339.0
2016-08-19 00:00:00,338.75
2016-08-22 00:00:00,339.62
2016-08-23 00:00:00,340.0
2016-08-24 00:00:00,339.5
2016-08-25 00:00:00,339.12
2016-08-26 00:00:00,339.5
2016-08-29 00:00:00,336.82
2016-08-30 00:00:00,338.5
2016-08-31 00:00:00,340.5
2016-09-01 00:00:00,341.08
2016-09-02 00:00:00,341.5
2016-09-05 00:00:00,340.78
2016-09-06 00:00:00,339.82
2016-09-07 00:00:00,338.0
2016-09-08 00:00:00,337.7
2016-09-09 00:00:00,337.84
2016-09-12 00:00:00,337.84
2016-09-13 00:00:00,338.0
2016-09-14 00:00:00,338.6
2016-09-15 00:00:00,339.15
2016-09-16 00:00:00,339.83
2016-09-19 00:00:00,339.45
2016-09-20 00:00:00,339.53
2016-09-21 00:00:00,338.94
2016-09-22 00:00:00,337.88
2016-09-23 00:00:00,337.89
2016-09-26 00:00:00,337.3
2016-09-27 00:00:00,336.9
2016-09-28 00:00:00,337.05
2016-09-29 00:00:00,335.3
2016-09-30 00:00:00,335.84
2016-10-03 00:00:00,332.35
2016-10-04 00:00:00,334.13
2016-10-05 00:00:00,332.53
2016-10-06 00:00:00,332.76
2016-10-07 00:00:00,331.02
2016-10-10 00:00:00,332.26
2016-10-11 00:00:00,330.68
2016-10-12 00:00:00,330.88
2016-10-13 00:00:00,331.41
2016-10-14 00:00:00,330.45
2016-10-17 00:00:00,332.13
2016-10-18 00:00:00,331.63
2016-10-19 00:00:00,331.72
2016-10-20 00:00:00,330.93
2016-10-21 00:00:00,331.05
2016-10-24 00:00:00,329.79
2016-10-25 00:00:00,330.06
2016-10-26 00:00:00,331.75
2016-10-27 00:00:00,333.2
2016-10-28 00:00:00,334.0
2016-10-31 00:00:00,335.48
2016-11-01 00:00:00,336.09
2016-11-02 00:00:00,337.97
2016-11-03 00:00:00,338.73
2016-11-04 00:00:00,338.46
2016-11-07 00:00:00,340.13
2016-11-08 00:00:00,339.98
2016-11-09 00:00:00,341.0
2016-11-10 00:00:00,338.27
2016-11-11 00:00:00,341.39
2016-11-14 00:00:00,344.66
2016-11-15 00:00:00,343.67
2016-11-16 00:00:00,340.21
2016-11-17 00:00:00,341.13
2016-11-18 00:00:00,340.55
2016-11-21 00:00:00,338.52
2016-11-22 00:00:00,335.14
2016-11-23 00:00:00,335.94
2016-11-24 00:00:00,335.73
2016-11-25 00:00:00,339.24
2016-11-28 00:00:00,340.27
2016-11-29 00:00:00,341.02
2016-11-30 00:00:00,339.59
2016-12-01 00:00:00,339.59
2016-12-02 00:00:00,337.77
2016-12-05 00:00:00,335.17
2016-12-06 00:00:00,335.48
2016-12-07 00:00:00,336.21
2016-12-08 00:00:00,334.94
2016-12-09 00:00:00,334.27
2016-12-12 00:00:00,330.19
2016-12-13 00:00:00,331.21
2016-12-14 00:00:00,331.86
2016-12-15 00:00:00,335.01
2016-12-16 00:00:00,335.01
2016-12-19 00:00:00,335.01
2016-12-20 00:00:00,335.14
2016-12-21 00:00:00,332.44
2016-12-22 00:00:00,333.55
2016-12-23 00:00:00,331.57
2016-12-26 00:00:00,332.23
2016-12-27 00:00:00,333.87
2016-12-28 00:00:00,331.73
2016-12-29 00:00:00,333.06
2016-12-30 00:00:00,333.69
2017-01-02 00:00:00,333.69
2017-01-03 00:00:00,333.69
2017-01-04 00:00:00,334.01
2017-01-05 00:00:00,332.77
2017-01-06 00:00:00,331.51
2017-01-09 00:00:00,331.84
2017-01-10 00:00:00,332.78
2017-01-11 00:00:00,333.96
2017-01-12 00:00:00,332.12
2017-01-13 00:00:00,332.33
2017-01-16 00:00:00,333.43
2017-01-17 00:00:00,331.78
2017-01-18 00:00:00,330.19
2017-01-19 00:00:00,331.84
2017-01-20 00:00:00,332.36
2017-01-23 00:00:00,330.86
2017-01-24 00:00:00,328.42
2017-01-25 00:00:00,328.28
2017-01-26 00:00:00,328.5
2017-01-27 00:00:00,327.93
2017-01-30 00:00:00,325.92
2017-01-31 00:00:00,323.28
2017-02-01 00:00:00,325.31
2017-02-02 00:00:00,325.49
2017-02-03 00:00:00,323.69
2017-02-06 00:00:00,322.02
2017-02-07 00:00:00,323.52
2017-02-08 00:00:00,324.86
2017-02-09 00:00:00,324.04
2017-02-10 00:00:00,322.55
2017-02-13 00:00:00,322.33
2017-02-14 00:00:00,321.76
2017-02-15 00:00:00,320.67
2017-02-16 00:00:00,319.21
2017-02-17 00:00:00,318.41
2017-02-20 00:00:00,319.09
2017-02-21 00:00:00,316.25
2017-02-22 00:00:00,314.81
2017-02-23 00:00:00,315.27
2017-02-24 00:00:00,311.59
2017-02-27 00:00:00,311.67
2017-02-28 00:00:00,316.17
2017-03-01 00:00:00,314.07
2017-03-02 00:00:00,314.53
2017-03-03 00:00:00,317.64
2017-03-06 00:00:00,315.12
2017-03-07 00:00:00,315.18
2017-03-08 00:00:00,315.75
2017-03-09 00:00:00,316.76
2017-03-10 00:00:00,317.15
2017-03-13 00:00:00,318.16
2017-03-14 00:00:00,318.16
2017-03-15 00:00:00,318.59
2017-03-16 00:00:00,317.08
2017-03-17 00:00:00,315.97
2017-03-20 00:00:00,315.07
2017-03-21 00:00:00,315.32
2017-03-22 00:00:00,315.32
2017-03-23 00:00:00,315.32
2017-03-24 00:00:00,316.06
2017-03-27 00:00:00,315.59
2017-03-28 00:00:00,315.33
2017-03-29 00:00:00,315.7
2017-03-30 00:00:00,314.71
2017-03-31 00:00:00,313.65
2017-04-03 00:00:00,313.47
2017-04-04 00:00:00,312.82
2017-04-05 00:00:00,312.39
2017-04-06 00:00:00,312.69
2017-04-07 00:00:00,313.14
2017-04-10 00:00:00,313.96
2017-04-11 00:00:00,311.26
2017-04-12 00:00:00,311.91
2017-04-13 00:00:00,311.54
2017-04-14 00:00:00,311.08
2017-04-17 00:00:00,310.94
2017-04-18 00:00:00,311.29
2017-04-19 00:00:00,311.42
2017-04-20 00:00:00,312.65
2017-04-21 00:00:00,313.44
2017-04-24 00:00:00,311.49
2017-04-25 00:00:00,311.71
2017-04-26 00:00:00,312.66
2017-04-27 00:00:00,313.82
2017-04-28 00:00:00,314.52
2017-05-01 00:00:00,314.52
2017-05-02 00:00:00,315.21
2017-05-03 00:00:00,315.47
2017-05-04 00:00:00,315.78
2017-05-05 00:00:00,318.32
2017-05-08 00:00:00,318.32
2017-05-09 00:00:00,318.32
2017-05-10 00:00:00,318.63
2017-05-11 00:00:00,315.81
2017-05-12 00:00:00,315.74
2017-05-15 00:00:00,312.79
2017-05-16 00:00:00,312.06
2017-05-17 00:00:00,313.18
2017-05-18 00:00:00,313.98
2017-05-19 00:00:00,312.26
2017-05-22 00:00:00,310.85
2017-05-23 00:00:00,311.82
2017-05-24 00:00:00,310.93
2017-05-25 00:00:00,310.62
2017-05-26 00:00:00,310.76
2017-05-29 00:00:00,310.72
2017-05-30 00:00:00,311.47
2017-05-31 00:00:00,312.39
2017-06-01 00:00:00,312.55
2017-06-02 00:00:00,314.08
2017-06-05 00:00:00,313.0
2017-06-06 00:00:00,312.58
2017-06-07 00:00:00,313.02
2017-06-08 00:00:00,314.09
2017-06-09 00:00:00,315.65
2017-06-12 00:00:00,316.54
2017-06-13 00:00:00,316.07
2017-06-14 00:00:00,316.38
2017-06-15 00:00:00,315.99
2017-06-16 00:00:00,320.14
2017-06-19 00:00:00,319.89
2017-06-20 00:00:00,320.01
2017-06-21 00:00:00,326.5
2017-06-22 00:00:00,327.7
2017-06-23 00:00:00,326.13
2017-06-26 00:00:00,325.01
2017-06-27 00:00:00,322.75
2017-06-28 00:00:00,323.89
2017-06-29 00:00:00,321.9
2017-06-30 00:00:00,322.18
2017-07-03 00:00:00,321.66
2017-07-04 00:00:00,322.72
2017-07-05 00:00:00,324.48
2017-07-06 00:00:00,324.48
2017-07-07 00:00:00,324.48
2017-07-10 00:00:00,326.68
2017-07-11 00:00:00,328.07
2017-07-12 00:00:00,328.4
2017-07-13 00:00:00,327.91
2017-07-14 00:00:00,327.58
2017-07-17 00:00:00,325.93
2017-07-18 00:00:00,325.86
2017-07-19 00:00:00,325.63
2017-07-20 00:00:00,325.7
2017-07-21 00:00:00,325.31
2017-07-24 00:00:00,327.5
2017-07-25 00:00:00,327.5
2017-07-26 00:00:00,327.01
2017-07-27 00:00:00,326.38
2017-07-28 00:00:00,327.15
2017-07-31 00:00:00,329.02
2017-08-01 00:00:00,331.4
2017-08-02 00:00:00,336.9
2017-08-03 00:00:00,335.3
2017-08-04 00:00:00,332.91
2017-08-07 00:00:00,332.1
2017-08-08 00:00:00,332.52
2017-08-09 00:00:00,332.36
2017-08-10 00:00:00,332.53
2017-08-11 00:00:00,332.63
2017-08-14 00:00:00,332.5
2017-08-15 00:00:00,333.17
2017-08-16 00:00:00,332.83
2017-08-17 00:00:00,332.62
2017-08-18 00:00:00,333.25
2017-08-21 00:00:00,333.34
2017-08-22 00:00:00,332.91
2017-08-23 00:00:00,333.75
2017-08-24 00:00:00,331.79
2017-08-25 00:00:00,333.54
2017-08-28 00:00:00,333.92
2017-08-29 00:00:00,335.37
2017-08-30 00:00:00,335.37
2017-08-31 00:00:00,337.93
2017-09-01 00:00:00,337.93
2017-09-04 00:00:00,338.02
2017-09-05 00:00:00,340.86
2017-09-06 00:00:00,341.43
2017-09-07 00:00:00,335.43
2017-09-08 00:00:00,335.32
2017-09-11 00:00:00,337.35
2017-09-12 00:00:00,339.72
2017-09-13 00:00:00,338.92
2017-09-14 00:00:00,338.76
2017-09-15 00:00:00,339.39
2017-09-18 00:00:00,340.29
2017-09-19 00:00:00,341.15
2017-09-20 00:00:00,341.16
2017-09-21 00:00:00,340.44
2017-09-22 00:00:00,341.08
2017-09-25 00:00:00,341.5
2017-09-26 00:00:00,340.13
2017-09-27 00:00:00,340.06
2017-09-28 00:00:00,340.57
2017-09-29 00:00:00,340.68
2017-10-02 00:00:00,341.21
2017-10-03 00:00:00,342.66
2017-10-04 00:00:00,343.97
2017-10-05 00:00:00,345.11
2017-10-06 00:00:00,343.43
2017-10-09 00:00:00,342.25
2017-10-10 00:00:00,337.41
2017-10-11 00:00:00,335.37
2017-10-12 00:00:00,334.33
2017-10-13 00:00:00,334.5
2017-10-16 00:00:00,333.22
2017-10-17 00:00:00,333.78
2017-10-18 00:00:00,333.6
2017-10-19 00:00:00,334.84
2017-10-20 00:00:00,335.55
2017-10-23 00:00:00,335.75
2017-10-24 00:00:00,334.2
2017-10-25 00:00:00,333.54
2017-10-26 00:00:00,333.85
2017-10-27 00:00:00,334.21
2017-10-30 00:00:00,333.54
2017-10-31 00:00:00,334.81
2017-11-01 00:00:00,335.0
2017-11-02 00:00:00,334.82
2017-11-03 00:00:00,334.18
2017-11-06 00:00:00,333.74
2017-11-07 00:00:00,333.39
2017-11-08 00:00:00,333.18
2017-11-09 00:00:00,332.87
2017-11-10 00:00:00,332.72
2017-11-13 00:00:00,332.85
2017-11-14 00:00:00,332.35
2017-11-15 00:00:00,332.83
2017-11-16 00:00:00,332.36
2017-11-17 00:00:00,331.96
2017-11-20 00:00:00,332.15
2017-11-21 00:00:00,330.47
2017-11-22 00:00:00,330.35
2017-11-23 00:00:00,330.0
2017-11-24 00:00:00,330.34
2017-11-27 00:00:00,330.98
2017-11-28 00:00:00,331.69
2017-11-29 00:00:00,330.78
2017-11-30 00:00:00,331.09
2017-12-01 00:00:00,331.09
2017-12-04 00:00:00,332.65
2017-12-05 00:00:00,333.15
2017-12-06 00:00:00,334.01
2017-12-07 00:00:00,334.45
2017-12-08 00:00:00,334.74
2017-12-11 00:00:00,335.49
2017-12-12 00:00:00,334.75
2017-12-13 00:00:00,335.51
2017-12-14 00:00:00,335.29
2017-12-15 00:00:00,335.7
2017-12-18 00:00:00,336.14
2017-12-19 00:00:00,336.14
2017-12-20 00:00:00,335.97
2017-12-21 00:00:00,334.2
2017-12-22 00:00:00,333.08
2017-12-25 00:00:00,332.73
2017-12-26 00:00:00,332.5
2017-12-27 00:00:00,331.8
2017-12-28 00:00:00,331.17
2017-12-29 00:00:00,332.85
2018-01-01 00:00:00,332.85
2018-01-02 00:00:00,331.56
2018-01-03 00:00:00,333.32
2018-01-04 00:00:00,332.07
2018-01-05 00:00:00,329.6
2018-01-08 00:00:00,330.18
2018-01-09 00:00:00,330.77
2018-01-10 00:00:00,330.28
2018-01-11 00:00:00,330.18
2018-01-12 00:00:00,329.56
2018-01-15 00:00:00,329.65
2018-01-16 00:00:00,327.68
2018-01-17 00:00:00,326.23
2018-01-18 00:00:00,324.61
2018-01-19 00:00:00,324.7
2018-01-22 00:00:00,324.09
2018-01-23 00:00:00,322.59
2018-01-24 00:00:00,320.85
2018-01-25 00:00:00,319.79
2018-01-26 00:00:00,321.21
2018-01-29 00:00:00,322.24
2018-01-30 00:00:00,322.46
2018-01-31 00:00:00,322.85
2018-02-01 00:00:00,322.45
2018-02-02 00:00:00,321.79
2018-02-05 00:00:00,322.39
2018-02-06 00:00:00,324.08
2018-02-07 00:00:00,323.57
2018-02-08 00:00:00,325.76
2018-02-09 00:00:00,327.56
2018-02-12 00:00:00,325.83
2018-02-13 00:00:00,324.77
2018-02-14 00:00:00,323.01
2018-02-15 00:00:00,320.24
2018-02-16 00:00:00,319.66
2018-02-19 00:00:00,319.66
2018-02-20 00:00:00,319.79
2018-02-21 00:00:00,319.4
2018-02-22 00:00:00,320.35
2018-02-23 00:00:00,319.58
2018-02-26 00:00:00,319.23
2018-02-27 00:00:00,318.86
2018-02-28 00:00:00,320.45
2018-03-01 00:00:00,321.78
2018-03-02 00:00:00,322.4
2018-03-05 00:00:00,321.1
2018-03-06 00:00:00,319.39
2018-03-07 00:00:00,320.8
2018-03-08 00:00:00,320.96
2018-03-09 00:00:00,320.78
2018-03-12 00:00:00,320.97
2018-03-13 00:00:00,321.05
2018-03-14 00:00:00,322.28
2018-03-15 00:00:00,321.81
2018-03-16 00:00:00,322.66
2018-03-19 00:00:00,320.31
2018-03-20 00:00:00,320.74
2018-03-21 00:00:00,320.87
2018-03-22 00:00:00,320.43
2018-03-23 00:00:00,320.43
2018-03-26 00:00:00,319.59
2018-03-27 00:00:00,318.75
2018-03-28 00:00:00,319.17
2018-03-29 00:00:00,319.19
2018-03-30 00:00:00,318.73
2018-04-02 00:00:00,319.58
2018-04-03 00:00:00,320.51
2018-04-04 00:00:00,320.09
2018-04-05 00:00:00,319.77
2018-04-06 00:00:00,319.55
2018-04-09 00:00:00,321.2
2018-04-10 00:00:00,327.54
2018-04-11 00:00:00,330.88
2018-04-12 00:00:00,328.54
2018-04-13 00:00:00,327.1
2018-04-16 00:00:00,329.9
2018-04-17 00:00:00,328.67
2018-04-18 00:00:00,328.01
2018-04-19 00:00:00,325.79
2018-04-20 00:00:00,326.35
2018-04-23 00:00:00,327.59
2018-04-24 00:00:00,326.02
2018-04-25 00:00:00,325.73
2018-04-26 00:00:00,328.47
2018-04-27 00:00:00,327.49
2018-04-30 00:00:00,327.49
2018-05-01 00:00:00,327.49
2018-05-02 00:00:00,330.23
2018-05-03 00:00:00,329.81
2018-05-04 00:00:00,330.07
2018-05-07 00:00:00,330.07
2018-05-08 00:00:00,330.07
2018-05-09 00:00:00,330.07
2018-05-10 00:00:00,329.32
2018-05-11 00:00:00,327.54
2018-05-14 00:00:00,328.05
2018-05-15 00:00:00,328.3
2018-05-16 00:00:00,329.42
2018-05-17 00:00:00,327.68
2018-05-18 00:00:00,328.56
2018-05-21 00:00:00,329.31
2018-05-22 00:00:00,327.94
2018-05-23 00:00:00,325.93
2018-05-24 00:00:00,326.08
2018-05-25 00:00:00,328.11
2018-05-28 00:00:00,328.11
2018-05-29 00:00:00,329.42
2018-05-30 00:00:00,329.91
2018-05-31 00:00:00,329.41
2018-06-01 00:00:00,330.91
2018-06-04 00:00:00,331.04
2018-06-05 00:00:00,330.67
2018-06-06 00:00:00,332.51
2018-06-07 00:00:00,333.69
2018-06-08 00:00:00,334.31
2018-06-11 00:00:00,333.92
2018-06-12 00:00:00,334.51
2018-06-13 00:00:00,336.11
2018-06-14 00:00:00,335.77
2018-06-15 00:00:00,336.71
2018-06-18 00:00:00,339.56
2018-06-19 00:00:00,340.86
2018-06-20 00:00:00,340.83
2018-06-21 00:00:00,341.46
2018-06-22 00:00:00,339.86
2018-06-25 00:00:00,339.41
2018-06-26 00:00:00,339.32
2018-06-27 00:00:00,340.86
2018-06-28 00:00:00,341.67
2018-06-29 00:00:00,341.28
2018-07-02 00:00:00,341.81
2018-07-03 00:00:00,342.99
2018-07-04 00:00:00,342.99
2018-07-05 00:00:00,343.49
2018-07-06 00:00:00,343.49
2018-07-09 00:00:00,343.46
2018-07-10 00:00:00,343.02
2018-07-11 00:00:00,344.15
2018-07-12 00:00:00,344.35
2018-07-13 00:00:00,342.1
2018-07-16 00:00:00,342.2
2018-07-17 00:00:00,343.35
2018-07-18 00:00:00,344.91
2018-07-19 00:00:00,345.84
2018-07-20 00:00:00,346.49
2018-07-23 00:00:00,345.65
2018-07-24 00:00:00,345.15
2018-07-25 00:00:00,346.29
2018-07-26 00:00:00,345.89
2018-07-27 00:00:00,346.5
2018-07-30 00:00:00,346.99
2018-07-31 00:00:00,347.36
2018-08-01 00:00:00,348.54
2018-08-02 00:00:00,349.91
2018-08-03 00:00:00,349.73
2018-08-06 00:00:00,348.71
2018-08-07 00:00:00,348.46
2018-08-08 00:00:00,349.33
2018-08-09 00:00:00,355.48
2018-08-10 00:00:00,356.75
2018-08-13 00:00:00,363.47
2018-08-14 00:00:00,362.8
2018-08-15 00:00:00,361.4
2018-08-16 00:00:00,360.83
2018-08-17 00:00:00,359.64
2018-08-20 00:00:00,360.9
2018-08-21 00:00:00,360.9
2018-08-22 00:00:00,361.65
2018-08-23 00:00:00,360.93
2018-08-24 00:00:00,360.76
2018-08-27 00:00:00,360.36
2018-08-28 00:00:00,361.69
2018-08-29 00:00:00,362.95
2018-08-30 00:00:00,362.95
2018-08-31 00:00:00,362.95
2018-09-03 00:00:00,362.95
2018-09-04 00:00:00,368.05
2018-09-05 00:00:00,370.24
2018-09-06 00:00:00,372.92
2018-09-07 00:00:00,374.61
2018-09-10 00:00:00,378.65
2018-09-11 00:00:00,378.85
2018-09-12 00:00:00,377.75
2018-09-13 00:00:00,374.83
2018-09-14 00:00:00,374.17
2018-09-17 00:00:00,371.27
2018-09-18 00:00:00,367.12
2018-09-19 00:00:00,360.97
2018-09-20 00:00:00,360.11
2018-09-21 00:00:00,355.96
2018-09-24 00:00:00,355.96
2018-09-25 00:00:00,357.17
2018-09-26 00:00:00,360.3
2018-09-27 00:00:00,363.84
2018-09-28 00:00:00,363.11
2018-10-01 00:00:00,363.6
2018-10-02 00:00:00,362.21
2018-10-03 00:00:00,364.44
2018-10-04 00:00:00,366.8
2018-10-05 00:00:00,373.48
2018-10-08 00:00:00,371.52
2018-10-09 00:00:00,372.0
2018-10-10 00:00:00,367.15
2018-10-11 00:00:00,368.21
2018-10-12 00:00:00,369.1
2018-10-15 00:00:00,367.2
2018-10-16 00:00:00,366.35
2018-10-17 00:00:00,362.89
2018-10-18 00:00:00,364.71
2018-10-19 00:00:00,366.75
2018-10-22 00:00:00,365.33
2018-10-23 00:00:00,362.18
2018-10-24 00:00:00,366.63
2018-10-25 00:00:00,367.1
2018-10-26 00:00:00,368.13
2018-10-29 00:00:00,366.84
2018-10-30 00:00:00,369.08
2018-10-31 00:00:00,369.07
2018-11-01 00:00:00,370.17
2018-11-02 00:00:00,370.79
2018-11-05 00:00:00,372.19
2018-11-06 00:00:00,370.68
2018-11-07 00:00:00,371.01
2018-11-08 00:00:00,371.22
2018-11-09 00:00:00,372.08
2018-11-12 00:00:00,373.8
2018-11-13 00:00:00,374.22
2018-11-14 00:00:00,375.26
2018-11-15 00:00:00,367.91
2018-11-16 00:00:00,368.33
2018-11-19 00:00:00,367.38
2018-11-20 00:00:00,366.58
2018-11-21 00:00:00,367.12
2018-11-22 00:00:00,367.3
2018-11-23 00:00:00,365.74
2018-11-26 00:00:00,371.85
2018-11-27 00:00:00,372.4
2018-11-28 00:00:00,373.19
2018-11-29 00:00:00,371.2
2018-11-30 00:00:00,373.13
2018-12-03 00:00:00,373.13
2018-12-04 00:00:00,371.07
2018-12-05 00:00:00,370.68
2018-12-06 00:00:00,371.1
2018-12-07 00:00:00,370.47
2018-12-10 00:00:00,369.48
2018-12-11 00:00:00,370.77
2018-12-12 00:00:00,370.58
2018-12-13 00:00:00,370.39
2018-12-14 00:00:00,370.85
2018-12-17 00:00:00,370.85
2018-12-18 00:00:00,370.85
2018-12-19 00:00:00,371.38
2018-12-20 00:00:00,370.46
2018-12-21 00:00:00,370.95
2018-12-24 00:00:00,371.13
2018-12-25 00:00:00,372.0
2018-12-26 00:00:00,375.77
2018-12-27 00:00:00,377.38
2018-12-28 00:00:00,380.88
2018-12-31 00:00:00,380.88
2019-01-01 00:00:00,380.88
2019-01-02 00:00:00,380.88
2019-01-03 00:00:00,380.96
2019-01-04 00:00:00,376.81
2019-01-07 00:00:00,376.81
2019-01-08 00:00:00,375.23
2019-01-09 00:00:00,375.94
2019-01-10 00:00:00,375.22
2019-01-11 00:00:00,376.5
2019-01-14 00:00:00,379.3
2019-01-15 00:00:00,378.45
2019-01-16 00:00:00,377.81
2019-01-17 00:00:00,378.1
2019-01-18 00:00:00,379.52
2019-01-21 00:00:00,378.76
2019-01-22 00:00:00,379.35
2019-01-23 00:00:00,378.85
2019-01-24 00:00:00,377.6
2019-01-25 00:00:00,378.9
2019-01-28 00:00:00,379.57
2019-01-29 00:00:00,379.85
2019-01-30 00:00:00,381.08
2019-01-31 00:00:00,380.72
2019-02-01 00:00:00,382.68
2019-02-04 00:00:00,381.81
2019-02-05 00:00:00,377.54
2019-02-06 00:00:00,376.8
2019-02-07 00:00:00,379.04
2019-02-08 00:00:00,377.82
2019-02-11 00:00:00,375.91
2019-02-12 00:00:00,374.69
2019-02-13 00:00:00,374.82
2019-02-14 00:00:00,377.46
2019-02-15 00:00:00,377.5
2019-02-18 00:00:00,376.59
2019-02-19 00:00:00,377.66
2019-02-20 00:00:00,376.66
2019-02-21 00:00:00,376.84
2019-02-22 00:00:00,375.76
2019-02-25 00:00:00,376.17
2019-02-26 00:00:00,377.79
2019-02-27 00:00:00,376.59
2019-02-28 00:00:00,374.28
2019-03-01 00:00:00,376.38
2019-03-04 00:00:00,376.31
2019-03-05 00:00:00,378.15
2019-03-06 00:00:00,378.94
2019-03-07 00:00:00,378.63
2019-03-08 00:00:00,379.63
2019-03-11 00:00:00,379.03
2019-03-12 00:00:00,378.1
2019-03-13 00:00:00,377.86
2019-03-14 00:00:00,377.85
2019-03-15 00:00:00,379.79
2019-03-18 00:00:00,376.01
2019-03-19 00:00:00,376.38
2019-03-20 00:00:00,378.32
2019-03-21 00:00:00,377.96
2019-03-22 00:00:00,378.77
2019-03-25 00:00:00,378.86
2019-03-26 00:00:00,378.14
2019-03-27 00:00:00,379.26
2019-03-28 00:00:00,381.07
2019-03-29 00:00:00,379.66
2019-04-01 00:00:00,379.93
2019-04-02 00:00:00,379.83
2019-04-03 00:00:00,379.36
2019-04-04 00:00:00,378.64
2019-04-05 00:00:00,380.05
2019-04-08 00:00:00,380.76
2019-04-09 00:00:00,380.85
2019-04-10 00:00:00,379.64
2019-04-11 00:00:00,378.67
2019-04-12 00:00:00,379.25
2019-04-15 00:00:00,379.4
2019-04-16 00:00:00,380.45
2019-04-17 00:00:00,380.05
2019-04-18 00:00:00,379.48
2019-04-19 00:00:00,378.54
2019-04-22 00:00:00,378.04
2019-04-23 00:00:00,378.86
2019-04-24 00:00:00,379.03
2019-04-25 00:00:00,380.05
2019-04-26 00:00:00,382.13
2019-04-29 00:00:00,381.72
2019-04-30 00:00:00,380.76
2019-05-01 00:00:00,381.15
2019-05-02 00:00:00,381.42
2019-05-03 00:00:00,381.65
2019-05-06 00:00:00,380.97
2019-05-07 00:00:00,380.89
2019-05-08 00:00:00,380.0
2019-05-09 00:00:00,380.63
2019-05-10 00:00:00,379.93
2019-05-13 00:00:00,379.39
2019-05-14 00:00:00,380.56
2019-05-15 00:00:00,379.44
2019-05-16 00:00:00,378.55
2019-05-17 00:00:00,379.71
2019-05-20 00:00:00,379.09
2019-05-21 00:00:00,379.56
2019-05-22 00:00:00,379.19
2019-05-23 00:00:00,379.38
2019-05-24 00:00:00,380.46
2019-05-27 00:00:00,379.85
2019-05-28 00:00:00,381.31
2019-05-29 00:00:00,381.65
2019-05-30 00:00:00,382.55
2019-05-31 00:00:00,383.25
2019-06-03 00:00:00,384.12
2019-06-04 00:00:00,384.56
2019-06-05 00:00:00,384.94
2019-06-06 00:00:00,384.93
2019-06-07 00:00:00,384.01
2019-06-10 00:00:00,383.26
2019-06-11 00:00:00,383.71
2019-06-12 00:00:00,384.14
2019-06-13 00:00:00,384.78
2019-06-14 00:00:00,383.85
2019-06-17 00:00:00,384.19
2019-06-18 00:00:00,383.91
2019-06-19 00:00:00,382.34
2019-06-20 00:00:00,380.41
2019-06-21 00:00:00,378.81
2019-06-24 00:00:00,378.83
2019-06-25 00:00:00,379.04
2019-06-26 00:00:00,379.82
2019-06-27 00:00:00,380.47
2019-06-28 00:00:00,380.62
2019-07-01 00:00:00,381.86
2019-07-02 00:00:00,382.35
2019-07-03 00:00:00,384.97
2019-07-04 00:00:00,383.4
2019-07-05 00:00:00,384.31
2019-07-08 00:00:00,384.31
2019-07-09 00:00:00,384.36
2019-07-10 00:00:00,385.11
2019-07-11 00:00:00,383.96
2019-07-12 00:00:00,383.7
2019-07-15 00:00:00,383.61
2019-07-16 00:00:00,383.46
2019-07-17 00:00:00,383.71
2019-07-18 00:00:00,384.49
2019-07-19 00:00:00,384.9
2019-07-22 00:00:00,384.01
2019-07-23 00:00:00,384.74
2019-07-24 00:00:00,384.43
2019-07-25 00:00:00,384.65
2019-07-26 00:00:00,384.91
2019-07-29 00:00:00,384.99
2019-07-30 00:00:00,384.57
2019-07-31 00:00:00,384.3
2019-08-01 00:00:00,385.04
2019-08-02 00:00:00,386.03
2019-08-05 00:00:00,386.39
2019-08-06 00:00:00,387.16
2019-08-07 00:00:00,387.62
2019-08-08 00:00:00,387.79
2019-08-09 00:00:00,387.73
2019-08-12 00:00:00,388.49
2019-08-13 00:00:00,387.47
2019-08-14 00:00:00,385.95
2019-08-15 00:00:00,387.38
2019-08-16 00:00:00,386.82
2019-08-19 00:00:00,387.02
2019-08-20 00:00:00,386.58
2019-08-21 00:00:00,385.92
2019-08-22 00:00:00,386.2
2019-08-23 00:00:00,386.12
2019-08-26 00:00:00,386.6
2019-08-27 00:00:00,388.18
2019-08-28 00:00:00,388.22
2019-08-29 00:00:00,387.15
2019-08-30 00:00:00,387.15
2019-09-02 00:00:00,388.15
2019-09-03 00:00:00,388.52
2019-09-04 00:00:00,388.57
2019-09-05 00:00:00,388.03
2019-09-06 00:00:00,387.73
2019-09-09 00:00:00,386.23
2019-09-10 00:00:00,385.98
2019-09-11 00:00:00,386.45
2019-09-12 00:00:00,386.94
2019-09-13 00:00:00,386.6
2019-09-16 00:00:00,385.91
2019-09-17 00:00:00,385.33
2019-09-18 00:00:00,387.11
2019-09-19 00:00:00,386.93
2019-09-20 00:00:00,386.47
2019-09-23 00:00:00,386.35
2019-09-24 00:00:00,386.82
2019-09-25 00:00:00,387.92
2019-09-26 00:00:00,387.29
2019-09-27 00:00:00,387.81
2019-09-30 00:00:00,388.24
2019-10-01 00:00:00,388.67
2019-10-02 00:00:00,388.42
2019-10-03 00:00:00,389.02
2019-10-04 00:00:00,389.02
2019-10-07 00:00:00,389.08
2019-10-08 00:00:00,389.83
2019-10-09 00:00:00,389.55
2019-10-10 00:00:00,390.18
2019-10-11 00:00:00,389.43
2019-10-14 00:00:00,389.58
2019-10-15 00:00:00,389.71
2019-10-16 00:00:00,389.97
2019-10-17 00:00:00,390.23
2019-10-18 00:00:00,390.19
2019-10-21 00:00:00,389.82
2019-10-22 00:00:00,389.96
2019-10-23 00:00:00,389.0
2019-10-24 00:00:00,388.86
2019-10-25 00:00:00,388.64
2019-10-28 00:00:00,388.16
2019-10-29 00:00:00,388.49
2019-10-30 00:00:00,388.43
2019-10-31 00:00:00,388.66
2019-11-01 00:00:00,389.67
2019-11-04 00:00:00,388.13
2019-11-05 00:00:00,388.47
2019-11-06 00:00:00,389.06
2019-11-07 00:00:00,388.61
2019-11-08 00:00:00,388.6
2019-11-11 00:00:00,389.0
2019-11-12 00:00:00,388.94
2019-11-13 00:00:00,389.42
2019-11-14 00:00:00,388.53
2019-11-15 00:00:00,388.03
2019-11-18 00:00:00,387.42
2019-11-19 00:00:00,387.2
2019-11-20 00:00:00,387.18
2019-11-21 00:00:00,385.87
2019-11-22 00:00:00,385.74
2019-11-25 00:00:00,386.36
2019-11-26 00:00:00,386.09
2019-11-27 00:00:00,386.39
2019-11-28 00:00:00,386.16
2019-11-29 00:00:00,386.43
2019-12-02 00:00:00,386.43
2019-12-03 00:00:00,387.51
2019-12-04 00:00:00,386.76
2019-12-05 00:00:00,384.91
2019-12-06 00:00:00,385.86
2019-12-09 00:00:00,385.84
2019-12-10 00:00:00,386.5
2019-12-11 00:00:00,385.92
2019-12-12 00:00:00,384.58
2019-12-13 00:00:00,384.45
2019-12-16 00:00:00,384.61
2019-12-17 00:00:00,384.55
2019-12-18 00:00:00,384.49
2019-12-19 00:00:00,383.55
2019-12-20 00:00:00,383.1
2019-12-23 00:00:00,382.64
2019-12-24 00:00:00,380.6
2019-12-25 00:00:00,378.9
2019-12-26 00:00:00,379.55
2019-12-27 00:00:00,380.82
2019-12-30 00:00:00,381.73
2019-12-31 00:00:00,382.64
2020-01-01 00:00:00,382.64
2020-01-02 00:00:00,382.64
2020-01-03 00:00:00,382.64
2020-01-06 00:00:00,380.6
2020-01-07 00:00:00,380.6
2020-01-08 00:00:00,377.98
2020-01-09 00:00:00,376.54
2020-01-10 00:00:00,377.84
2020-01-13 00:00:00,378.27
2020-01-14 00:00:00,379.49
2020-01-15 00:00:00,379.42
2020-01-16 00:00:00,377.41
2020-01-17 00:00:00,376.6
2020-01-20 00:00:00,376.35
2020-01-21 00:00:00,377.17
2020-01-22 00:00:00,377.35
2020-01-23 00:00:00,377.93
2020-01-24 00:00:00,378.53
2020-01-27 00:00:00,380.76
2020-01-28 00:00:00,380.49
2020-01-29 00:00:00,378.51
2020-01-30 00:00:00,379.16
2020-01-31 00:00:00,379.26
2020-02-03 00:00:00,380.99
2020-02-04 00:00:00,379.63
2020-02-05 00:00:00,378.28
2020-02-06 00:00:00,377.85
2020-02-07 00:00:00,378.74
2020-02-10 00:00:00,378.51
2020-02-11 00:00:00,377.7
2020-02-12 00:00:00,376.67
2020-02-13 00:00:00,376.84
2020-02-14 00:00:00,376.72
2020-02-17 00:00:00,376.87
2020-02-18 00:00:00,377.52
2020-02-19 00:00:00,376.68
2020-02-20 00:00:00,375.79
2020-02-21 00:00:00,376.7
2020-02-24 00:00:00,376.49
2020-02-25 00:00:00,377.71
2020-02-26 00:00:00,378.67
2020-02-27 00:00:00,379.78
2020-02-28 00:00:00,381.6
2020-03-02 00:00:00,381.48
2020-03-03 00:00:00,380.39
2020-03-04 00:00:00,379.67
2020-03-05 00:00:00,380.85
2020-03-06 00:00:00,382.88
2020-03-09 00:00:00,382.88
2020-03-10 00:00:00,395.81
2020-03-11 00:00:00,395.79
2020-03-12 00:00:00,400.78
2020-03-13 00:00:00,406.7
2020-03-16 00:00:00,435.25
2020-03-17 00:00:00,436.28
2020-03-18 00:00:00,443.24
2020-03-19 00:00:00,456.89
2020-03-20 00:00:00,447.73
2020-03-23 00:00:00,447.77
2020-03-24 00:00:00,446.52
2020-03-25 00:00:00,446.52
2020-03-26 00:00:00,445.51
2020-03-27 00:00:00,445.72
2020-03-30 00:00:00,448.3
2020-03-31 00:00:00,448.25
2020-04-01 00:00:00,449.32
2020-04-02 00:00:00,447.91
2020-04-03 00:00:00,444.3
2020-04-06 00:00:00,438.82
2020-04-07 00:00:00,436.69
2020-04-08 00:00:00,435.52
2020-04-09 00:00:00,431.05
2020-04-10 00:00:00,430.4
2020-04-13 00:00:00,427.84
2020-04-14 00:00:00,425.63
2020-04-15 00:00:00,426.18
2020-04-16 00:00:00,427.87
2020-04-17 00:00:00,426.56
2020-04-20 00:00:00,427.94
2020-04-21 00:00:00,435.4
2020-04-22 00:00:00,437.44
2020-04-23 00:00:00,434.28
2020-04-24 00:00:00,431.46
2020-04-27 00:00:00,431.24
2020-04-28 00:00:00,431.19
2020-04-29 00:00:00,429.35
2020-04-30 00:00:00,425.82
2020-05-01 00:00:00,425.82
2020-05-04 00:00:00,427.3
2020-05-05 00:00:00,423.87
2020-05-06 00:00:00,421.19
2020-05-07 00:00:00,421.24
2020-05-08 00:00:00,421.6
2020-05-11 00:00:00,420.58
2020-05-12 00:00:00,420.69
2020-05-13 00:00:00,421.79
2020-05-14 00:00:00,423.11
2020-05-15 00:00:00,421.13
2020-05-18 00:00:00,417.54
2020-05-19 00:00:00,415.64
2020-05-20 00:00:00,414.96
2020-05-21 00:00:00,412.83
2020-05-22 00:00:00,415.73
2020-05-25 00:00:00,414.46
2020-05-26 00:00:00,412.62
2020-05-27 00:00:00,412.57
2020-05-28 00:00:00,412.67
2020-05-29 00:00:00,411.84
2020-06-01 00:00:00,407.49
2020-06-02 00:00:00,401.65
2020-06-03 00:00:00,399.9
2020-06-04 00:00:00,401.12
2020-06-05 00:00:00,399.3
2020-06-08 00:00:00,397.09
2020-06-09 00:00:00,400.55
2020-06-10 00:00:00,400.7
2020-06-11 00:00:00,400.26
2020-06-12 00:00:00,404.0
2020-06-15 00:00:00,406.15
2020-06-16 00:00:00,404.03
2020-06-17 00:00:00,404.7
2020-06-18 00:00:00,404.74
2020-06-19 00:00:00,403.07
2020-06-22 00:00:00,402.62
2020-06-23 00:00:00,401.03
2020-06-24 00:00:00,401.71
2020-06-25 00:00:00,404.03
2020-06-26 00:00:00,402.18
2020-06-29 00:00:00,404.46
2020-06-30 00:00:00,405.75
2020-07-01 00:00:00,406.33
2020-07-02 00:00:00,406.58
2020-07-03 00:00:00,406.9
2020-07-06 00:00:00,406.79
2020-07-07 00:00:00,409.87
2020-07-08 00:00:00,410.23
2020-07-09 00:00:00,411.07
2020-07-10 00:00:00,413.29
2020-07-13 00:00:00,412.02
2020-07-14 00:00:00,412.75
2020-07-15 00:00:00,412.7
2020-07-16 00:00:00,413.07
2020-07-17 00:00:00,413.73
2020-07-20 00:00:00,414.87
2020-07-21 00:00:00,413.36
2020-07-22 00:00:00,413.34
2020-07-23 00:00:00,413.58
2020-07-24 00:00:00,414.16
2020-07-27 00:00:00,414.47
2020-07-28 00:00:00,414.76
2020-07-29 00:00:00,417.29
2020-07-30 00:00:00,421.58
2020-07-31 00:00:00,421.58
2020-08-03 00:00:00,422.5
2020-08-04 00:00:00,421.45
2020-08-05 00:00:00,418.66
2020-08-06 00:00:00,418.71
2020-08-07 00:00:00,419.5
2020-08-10 00:00:00,419.32
2020-08-11 00:00:00,418.08
2020-08-12 00:00:00,419.06
2020-08-13 00:00:00,419.07
2020-08-14 00:00:00,419.45
2020-08-17 00:00:00,418.72
2020-08-18 00:00:00,418.35
2020-08-19 00:00:00,418.46
2020-08-20 00:00:00,419.16
2020-08-21 00:00:00,419.49
2020-08-24 00:00:00,419.5
2020-08-25 00:00:00,418.97
2020-08-26 00:00:00,420.18
2020-08-27 00:00:00,419.47
2020-08-28 00:00:00,420.02
2020-08-31 00:00:00,420.02
2020-09-01 00:00:00,418.2
2020-09-02 00:00:00,418.81
2020-09-03 00:00:00,420.69
2020-09-04 00:00:00,420.69
2020-09-07 00:00:00,423.8
2020-09-08 00:00:00,424.55
2020-09-09 00:00:00,427.22
2020-09-10 00:00:00,426.28
2020-09-11 00:00:00,426.8
2020-09-14 00:00:00,426.92
2020-09-15 00:00:00,426.6
2020-09-16 00:00:00,424.28
2020-09-17 00:00:00,423.96
2020-09-18 00:00:00,421.64
2020-09-21 00:00:00,422.46
2020-09-22 00:00:00,423.57
2020-09-23 00:00:00,425.63
2020-09-24 00:00:00,426.49
2020-09-25 00:00:00,427.04
2020-09-28 00:00:00,430.28
2020-09-29 00:00:00,430.04
2020-09-30 00:00:00,432.5
2020-10-01 00:00:00,429.18
2020-10-02 00:00:00,432.95
2020-10-05 00:00:00,431.4
2020-10-06 00:00:00,429.29
2020-10-07 00:00:00,429.07
2020-10-08 00:00:00,427.87
2020-10-09 00:00:00,426.96
2020-10-12 00:00:00,427.78
2020-10-13 00:00:00,428.56
2020-10-14 00:00:00,428.87
2020-10-15 00:00:00,428.86
2020-10-16 00:00:00,429.13
2020-10-19 00:00:00,427.76
2020-10-20 00:00:00,428.35
2020-10-21 00:00:00,427.56
2020-10-22 00:00:00,428.08
2020-10-23 00:00:00,427.52
2020-10-26 00:00:00,429.36
2020-10-27 00:00:00,429.19
2020-10-28 00:00:00,431.27
2020-10-29 00:00:00,432.64
2020-10-30 00:00:00,432.68
2020-11-02 00:00:00,434.1
2020-11-03 00:00:00,433.47
2020-11-04 00:00:00,432.0
2020-11-05 00:00:00,431.71
2020-11-06 00:00:00,432.11
2020-11-09 00:00:00,430.85
2020-11-10 00:00:00,428.45
2020-11-11 00:00:00,426.86
2020-11-12 00:00:00,428.55
2020-11-13 00:00:00,429.67
2020-11-16 00:00:00,429.27
2020-11-17 00:00:00,428.61
2020-11-18 00:00:00,427.47
2020-11-19 00:00:00,428.36
2020-11-20 00:00:00,427.59
2020-11-23 00:00:00,425.33
2020-11-24 00:00:00,425.19
2020-11-25 00:00:00,423.19
2020-11-26 00:00:00,423.23
2020-11-27 00:00:00,424.16
2020-11-30 00:00:00,425.35
2020-12-01 00:00:00,425.31
2020-12-02 00:00:00,424.64
2020-12-03 00:00:00,423.26
2020-12-04 00:00:00,420.25
2020-12-07 00:00:00,421.26
2020-12-08 00:00:00,420.01
2020-12-09 00:00:00,419.96
2020-12-10 00:00:00,420.01
2020-12-11 00:00:00,418.92
2020-12-14 00:00:00,418.74
2020-12-15 00:00:00,419.68
2020-12-16 00:00:00,419.69
2020-12-17 00:00:00,419.35
2020-12-18 00:00:00,419.19
2020-12-21 00:00:00,420.97
2020-12-22 00:00:00,420.26
2020-12-23 00:00:00,421.13
2020-12-24 00:00:00,420.09
2020-12-25 00:00:00,419.55
2020-12-28 00:00:00,419.69
2020-12-29 00:00:00,420.55
2020-12-30 00:00:00,421.25
2020-12-31 00:00:00,421.15
2021-01-01 00:00:00,421.15
2021-01-04 00:00:00,421.17
2021-01-05 00:00:00,421.26
2021-01-06 00:00:00,419.21
2021-01-07 00:00:00,418.89
2021-01-08 00:00:00,419.01
2021-01-11 00:00:00,419.53
2021-01-12 00:00:00,419.73
2021-01-13 00:00:00,418.82
2021-01-14 00:00:00,419.57
2021-01-15 00:00:00,419.2
2021-01-18 00:00:00,420.57
2021-01-19 00:00:00,419.82
2021-01-20 00:00:00,418.71
2021-01-21 00:00:00,418.82
2021-01-22 00:00:00,420.38
2021-01-25 00:00:00,420.56
2021-01-26 00:00:00,422.05
2021-01-27 00:00:00,422.0
2021-01-28 00:00:00,423.85
2021-01-29 00:00:00,423.66
2021-02-01 00:00:00,424.23
2021-02-02 00:00:00,423.33
2021-02-03 00:00:00,423.52
2021-02-04 00:00:00,422.1
2021-02-05 00:00:00,420.36
2021-02-08 00:00:00,418.42
2021-02-09 00:00:00,418.49
2021-02-10 00:00:00,417.69
2021-02-11 00:00:00,417.49
2021-02-12 00:00:00,418.7
2021-02-15 00:00:00,416.69
2021-02-16 00:00:00,416.55
2021-02-17 00:00:00,416.65
2021-02-18 00:00:00,416.35
2021-02-19 00:00:00,417.11
2021-02-22 00:00:00,416.72
2021-02-23 00:00:00,414.95
2021-02-24 00:00:00,415.4
2021-02-25 00:00:00,415.18
2021-02-26 00:00:00,417.62
2021-03-01 00:00:00,418.14
2021-03-02 00:00:00,419.74
2021-03-03 00:00:00,419.68
2021-03-04 00:00:00,420.04
2021-03-05 00:00:00,419.8
2021-03-08 00:00:00,419.93
2021-03-09 00:00:00,419.64
2021-03-10 00:00:00,420.15
2021-03-11 00:00:00,419.2
2021-03-12 00:00:00,418.93
2021-03-15 00:00:00,418.66
2021-03-16 00:00:00,418.85
2021-03-17 00:00:00,419.01
2021-03-18 00:00:00,419.12
2021-03-19 00:00:00,420.76
2021-03-22 00:00:00,420.79
2021-03-23 00:00:00,420.83
2021-03-24 00:00:00,420.83
2021-03-25 00:00:00,424.1
2021-03-26 00:00:00,424.27
2021-03-29 00:00:00,424.15
2021-03-30 00:00:00,424.93
2021-03-31 00:00:00,425.61
2021-04-01 00:00:00,427.33
2021-04-02 00:00:00,427.04
2021-04-05 00:00:00,427.89
2021-04-06 00:00:00,429.59
2021-04-07 00:00:00,432.16
2021-04-08 00:00:00,433.49
2021-04-09 00:00:00,433.1
2021-04-12 00:00:00,433.11
2021-04-13 00:00:00,433.6
2021-04-14 00:00:00,430.86
2021-04-15 00:00:00,431.73
2021-04-16 00:00:00,430.12
2021-04-19 00:00:00,430.61
2021-04-20 00:00:00,430.48
2021-04-21 00:00:00,431.83
2021-04-22 00:00:00,431.78
2021-04-23 00:00:00,430.3
2021-04-26 00:00:00,430.23
2021-04-27 00:00:00,429.53
2021-04-28 00:00:00,428.88
2021-04-29 00:00:00,428.01
2021-04-30 00:00:00,429.79
2021-05-03 00:00:00,429.74
2021-05-04 00:00:00,428.05
2021-05-05 00:00:00,426.34
2021-05-06 00:00:00,426.56
2021-05-07 00:00:00,426.32
2021-05-10 00:00:00,426.31
2021-05-11 00:00:00,426.58
2021-05-12 00:00:00,426.6
2021-05-13 00:00:00,428.6
2021-05-14 00:00:00,428.18
2021-05-17 00:00:00,427.63
2021-05-18 00:00:00,426.52
2021-05-19 00:00:00,427.88
2021-05-20 00:00:00,428.73
2021-05-21 00:00:00,428.29
2021-05-24 00:00:00,427.43
2021-05-25 00:00:00,427.28
2021-05-26 00:00:00,427.65
2021-05-27 00:00:00,428.85
2021-05-28 00:00:00,428.36
2021-05-31 00:00:00,428.28
2021-06-01 00:00:00,427.76
2021-06-02 00:00:00,428.6
2021-06-03 00:00:00,427.76
2021-06-04 00:00:00,427.52
2021-06-07 00:00:00,427.17
2021-06-08 00:00:00,427.41
2021-06-09 00:00:00,427.14
2021-06-10 00:00:00,427.46
2021-06-11 00:00:00,426.67
2021-06-14 00:00:00,427.27
2021-06-15 00:00:00,426.95
2021-06-16 00:00:00,426.38
2021-06-17 00:00:00,427.76
2021-06-18 00:00:00,427.85
2021-06-21 00:00:00,427.77
2021-06-22 00:00:00,427.52
2021-06-23 00:00:00,427.61
2021-06-24 00:00:00,427.66
2021-06-25 00:00:00,426.85
2021-06-28 00:00:00,426.53
2021-06-29 00:00:00,428.84
2021-06-30 00:00:00,426.82
2021-07-01 00:00:00,426.56
2021-07-02 00:00:00,426.22
2021-07-05 00:00:00,426.29
2021-07-06 00:00:00,426.4
2021-07-07 00:00:00,428.09
2021-07-08 00:00:00,430.42
2021-07-09 00:00:00,428.79
2021-07-12 00:00:00,428.24
2021-07-13 00:00:00,427.24
2021-07-14 00:00:00,426.35
2021-07-15 00:00:00,426.17
2021-07-16 00:00:00,427.09
2021-07-19 00:00:00,427.71
2021-07-20 00:00:00,428.16
2021-07-21 00:00:00,427.89
2021-07-22 00:00:00,425.92
2021-07-23 00:00:00,425.76
2021-07-26 00:00:00,426.0
2021-07-27 00:00:00,425.1
2021-07-28 00:00:00,424.99
2021-07-29 00:00:00,425.26
2021-07-30 00:00:00,424.86
2021-08-02 00:00:00,424.81
2021-08-03 00:00:00,424.01
2021-08-04 00:00:00,424.09
2021-08-05 00:00:00,425.54
2021-08-06 00:00:00,424.67
2021-08-09 00:00:00,426.74
2021-08-10 00:00:00,425.95
2021-08-11 00:00:00,426.01
2021-08-12 00:00:00,424.73
2021-08-13 00:00:00,424.91
2021-08-16 00:00:00,425.27
2021-08-17 00:00:00,425.05
2021-08-18 00:00:00,425.8
2021-08-19 00:00:00,426.76
2021-08-20 00:00:00,427.33
2021-08-23 00:00:00,425.62
2021-08-24 00:00:00,424.56
2021-08-25 00:00:00,425.92
2021-08-26 00:00:00,426.57
2021-08-27 00:00:00,427.08
2021-08-30 00:00:00,427.06
2021-08-31 00:00:00,426.19
2021-09-01 00:00:00,426.14
2021-09-02 00:00:00,425.24
2021-09-03 00:00:00,425.43
2021-09-06 00:00:00,425.37
2021-09-07 00:00:00,426.02
2021-09-08 00:00:00,426.1
2021-09-09 00:00:00,426.1
2021-09-10 00:00:00,426.14
2021-09-13 00:00:00,426.18
2021-09-14 00:00:00,426.15
2021-09-15 00:00:00,425.93
2021-09-16 00:00:00,425.37
2021-09-17 00:00:00,425.29
2021-09-20 00:00:00,426.83
2021-09-21 00:00:00,426.38
2021-09-22 00:00:00,425.76
2021-09-23 00:00:00,425.37
2021-09-24 00:00:00,425.46
2021-09-27 00:00:00,424.54
2021-09-28 00:00:00,424.49
2021-09-29 00:00:00,425.52
2021-09-30 00:00:00,426.1
2021-10-01 00:00:00,426.54
2021-10-04 00:00:00,425.5
2021-10-05 00:00:00,425.26
2021-10-06 00:00:00,425.2
2021-10-07 00:00:00,425.8
2021-10-08 00:00:00,425.96
2021-10-11 00:00:00,424.87
2021-10-12 00:00:00,425.39
2021-10-13 00:00:00,425.97
2021-10-14 00:00:00,425.86
2021-10-15 00:00:00,425.95
2021-10-18 00:00:00,425.67
2021-10-19 00:00:00,425.74
2021-10-20 00:00:00,426.55
2021-10-21 00:00:00,426.1
2021-10-22 00:00:00,425.23
2021-10-25 00:00:00,425.4
2021-10-26 00:00:00,425.65
2021-10-27 00:00:00,426.82
2021-10-28 00:00:00,427.8
2021-10-29 00:00:00,427.52
2021-11-01 00:00:00,427.39
2021-11-02 00:00:00,428.13
2021-11-03 00:00:00,429.1
2021-11-04 00:00:00,429.36
2021-11-05 00:00:00,429.46
2021-11-08 00:00:00,429.32
2021-11-09 00:00:00,429.32
2021-11-10 00:00:00,428.96
2021-11-11 00:00:00,429.41
2021-11-12 00:00:00,431.01
2021-11-15 00:00:00,430.88
2021-11-16 00:00:00,431.84
2021-11-17 00:00:00,432.28
2021-11-18 00:00:00,433.12
2021-11-19 00:00:00,431.96
2021-11-22 00:00:00,433.67
2021-11-23 00:00:00,433.92
2021-11-24 00:00:00,432.96
2021-11-25 00:00:00,431.21
2021-11-26 00:00:00,436.11
2021-11-29 00:00:00,437.5
2021-11-30 00:00:00,437.39
2021-12-01 00:00:00,436.2
2021-12-02 00:00:00,438.05
2021-12-03 00:00:00,438.5
2021-12-06 00:00:00,438.39
2021-12-07 00:00:00,437.21
2021-12-08 00:00:00,436.89
2021-12-09 00:00:00,436.06
2021-12-10 00:00:00,436.02
2021-12-13 00:00:00,435.0
2021-12-14 00:00:00,436.15
2021-12-15 00:00:00,436.82
2021-12-16 00:00:00,437.61
2021-12-17 00:00:00,437.61
2021-12-20 00:00:00,437.73
2021-12-21 00:00:00,436.66
2021-12-22 00:00:00,437.09
2021-12-23 00:00:00,435.39
2021-12-24 00:00:00,432.78
2021-12-27 00:00:00,433.05
2021-12-28 00:00:00,434.4
2021-12-29 00:00:00,433.88
2021-12-30 00:00:00,434.43
2021-12-31 00:00:00,434.8
2022-01-03 00:00:00,434.95
2022-01-04 00:00:00,434.96
2022-01-05 00:00:00,436.43
2022-01-06 00:00:00,436.08
2022-01-07 00:00:00,435.98
2022-01-10 00:00:00,436.01
2022-01-11 00:00:00,435.38
2022-01-12 00:00:00,434.74
2022-01-13 00:00:00,434.85
2022-01-14 00:00:00,435.24
2022-01-17 00:00:00,435.55
2022-01-18 00:00:00,435.94
2022-01-19 00:00:00,436.54
2022-01-20 00:00:00,435.91
2022-01-21 00:00:00,436.09
2022-01-24 00:00:00,435.6
2022-01-25 00:00:00,435.15
2022-01-26 00:00:00,435.0
2022-01-27 00:00:00,434.03
2022-01-28 00:00:00,434.95
2022-01-31 00:00:00,434.52
2022-02-01 00:00:00,434.24
2022-02-02 00:00:00,433.55
2022-02-03 00:00:00,434.72
2022-02-04 00:00:00,431.96
2022-02-07 00:00:00,430.36
2022-02-08 00:00:00,427.9
2022-02-09 00:00:00,426.11
2022-02-10 00:00:00,427.23
2022-02-11 00:00:00,429.96
2022-02-14 00:00:00,431.44
2022-02-15 00:00:00,429.45
2022-02-16 00:00:00,427.92
2022-02-17 00:00:00,428.86
2022-02-18 00:00:00,428.33
2022-02-21 00:00:00,427.13
2022-02-22 00:00:00,437.08
2022-02-23 00:00:00,437.53
2022-02-24 00:00:00,468.55
2022-02-25 00:00:00,458.15
2022-02-28 00:00:00,492.4
2022-03-01 00:00:00,488.26
2022-03-02 00:00:00,493.02
2022-03-03 00:00:00,497.3
2022-03-04 00:00:00,510.19
2022-03-07 00:00:00,510.19
2022-03-08 00:00:00,510.24
2022-03-09 00:00:00,510.97
2022-03-10 00:00:00,516.29
2022-03-11 00:00:00,524.87
2022-03-14 00:00:00,515.29
2022-03-15 00:00:00,513.57
2022-03-16 00:00:00,509.66
2022-03-17 00:00:00,508.39
2022-03-18 00:00:00,507.35
2022-03-21 00:00:00,507.35
2022-03-22 00:00:00,507.35
2022-03-23 00:00:00,508.15
2022-03-24 00:00:00,493.95
2022-03-25 00:00:00,493.3
2022-03-28 00:00:00,481.24
2022-03-29 00:00:00,467.0
2022-03-30 00:00:00,463.38
2022-03-31 00:00:00,469.47
2022-04-01 00:00:00,475.51
2022-04-04 00:00:00,467.56
2022-04-05 00:00:00,467.08
2022-04-06 00:00:00,465.8
2022-04-07 00:00:00,454.65
2022-04-08 00:00:00,443.56
2022-04-11 00:00:00,449.58
2022-04-12 00:00:00,448.63
2022-04-13 00:00:00,449.38
2022-04-14 00:00:00,453.07
2022-04-15 00:00:00,455.15
2022-04-18 00:00:00,445.41
2022-04-19 00:00:00,446.35
2022-04-20 00:00:00,442.92
2022-04-21 00:00:00,443.24
2022-04-22 00:00:00,444.09
2022-04-25 00:00:00,449.77
2022-04-26 00:00:00,452.14
2022-04-27 00:00:00,447.01
2022-04-28 00:00:00,445.89
2022-04-29 00:00:00,442.48
2022-05-02 00:00:00,443.25
2022-05-03 00:00:00,439.86
2022-05-04 00:00:00,437.91
2022-05-05 00:00:00,427.72
2022-05-06 00:00:00,439.47
2022-05-09 00:00:00,439.32
2022-05-10 00:00:00,439.08
2022-05-11 00:00:00,441.13
2022-05-12 00:00:00,434.13
2022-05-13 00:00:00,431.65
2022-05-16 00:00:00,432.66
2022-05-17 00:00:00,434.08
2022-05-18 00:00:00,432.9
2022-05-19 00:00:00,429.15
2022-05-20 00:00:00,426.27
2022-05-23 00:00:00,420.79
2022-05-24 00:00:00,416.66
2022-05-25 00:00:00,415.95
2022-05-26 00:00:00,423.53
2022-05-27 00:00:00,434.97
2022-05-30 00:00:00,423.76
2022-05-31 00:00:00,425.29
2022-06-01 00:00:00,428.74
2022-06-02 00:00:00,435.08
2022-06-03 00:00:00,434.2
2022-06-06 00:00:00,432.14
2022-06-07 00:00:00,430.75
2022-06-08 00:00:00,434.2
2022-06-09 00:00:00,436.35
2022-06-10 00:00:00,436.2
2022-06-13 00:00:00,437.06
2022-06-14 00:00:00,437.05
2022-06-15 00:00:00,439.51
2022-06-16 00:00:00,444.65
2022-06-17 00:00:00,446.08
2022-06-20 00:00:00,446.55
2022-06-21 00:00:00,449.68
2022-06-22 00:00:00,455.79
2022-06-23 00:00:00,467.63
2022-06-24 00:00:00,467.26
2022-06-27 00:00:00,461.78
2022-06-28 00:00:00,460.08
2022-06-29 00:00:00,468.14
2022-06-30 00:00:00,470.25
2022-07-01 00:00:00,464.36
2022-07-04 00:00:00,467.53
2022-07-05 00:00:00,466.07
2022-07-06 00:00:00,465.82
2022-07-07 00:00:00,478.87
2022-07-08 00:00:00,473.25
2022-07-11 00:00:00,472.55
2022-07-12 00:00:00,474.26
2022-07-13 00:00:00,475.9
2022-07-14 00:00:00,479.78
2022-07-15 00:00:00,481.94
2022-07-18 00:00:00,486.66
2022-07-19 00:00:00,479.84
2022-07-20 00:00:00,481.38
2022-07-21 00:00:00,482.59
2022-07-22 00:00:00,482.37
2022-07-25 00:00:00,477.98
2022-07-26 00:00:00,479.35
2022-07-27 00:00:00,477.76
2022-07-28 00:00:00,479.38
2022-07-29 00:00:00,476.93
2022-08-01 00:00:00,480.4
2022-08-02 00:00:00,474.13
2022-08-03 00:00:00,474.75
2022-08-04 00:00:00,477.48
2022-08-05 00:00:00,476.68
2022-08-08 00:00:00,476.94
2022-08-09 00:00:00,479.39
2022-08-10 00:00:00,478.47
2022-08-11 00:00:00,476.46
2022-08-12 00:00:00,477.11
2022-08-15 00:00:00,476.42
2022-08-16 00:00:00,476.78
2022-08-17 00:00:00,476.49
2022-08-18 00:00:00,476.17
2022-08-19 00:00:00,476.49
2022-08-22 00:00:00,473.18
2022-08-23 00:00:00,466.67
2022-08-24 00:00:00,464.14
2022-08-25 00:00:00,465.46
2022-08-26 00:00:00,473.64
2022-08-29 00:00:00,473.75
2022-08-30 00:00:00,473.75
2022-08-31 00:00:00,473.1
2022-09-01 00:00:00,470.93
2022-09-02 00:00:00,470.92
2022-09-05 00:00:00,472.56
2022-09-06 00:00:00,472.95
2022-09-07 00:00:00,473.8
2022-09-08 00:00:00,475.38
2022-09-09 00:00:00,472.77
2022-09-12 00:00:00,473.14
2022-09-13 00:00:00,472.67
2022-09-14 00:00:00,473.45
2022-09-15 00:00:00,475.89
2022-09-16 00:00:00,475.55
2022-09-19 00:00:00,478.37
2022-09-20 00:00:00,476.79
2022-09-21 00:00:00,479.92
2022-09-22 00:00:00,479.16
2022-09-23 00:00:00,482.15
2022-09-26 00:00:00,478.38
2022-09-27 00:00:00,478.85
2022-09-28 00:00:00,477.95
2022-09-29 00:00:00,477.21
2022-09-30 00:00:00,476.41
2022-10-03 00:00:00,475.65
2022-10-04 00:00:00,472.36
2022-10-05 00:00:00,469.86
2022-10-06 00:00:00,471.15
2022-10-07 00:00:00,472.26
2022-10-10 00:00:00,474.42
2022-10-11 00:00:00,477.3
2022-10-12 00:00:00,479.03
2022-10-13 00:00:00,478.21
2022-10-14 00:00:00,476.01
2022-10-17 00:00:00,473.14
2022-10-18 00:00:00,471.45
2022-10-19 00:00:00,470.21
2022-10-20 00:00:00,469.82
2022-10-21 00:00:00,473.26
2022-10-24 00:00:00,472.16
2022-10-25 00:00:00,472.16
2022-10-26 00:00:00,468.42
2022-10-27 00:00:00,464.16
2022-10-28 00:00:00,468.53
2022-10-31 00:00:00,467.33
2022-11-01 00:00:00,462.73
2022-11-02 00:00:00,461.08
2022-11-03 00:00:00,466.67
2022-11-04 00:00:00,464.83
2022-11-07 00:00:00,464.13
2022-11-08 00:00:00,464.9
2022-11-09 00:00:00,466.98
2022-11-10 00:00:00,467.46
2022-11-11 00:00:00,460.72
2022-11-14 00:00:00,461.0
2022-11-15 00:00:00,460.15
2022-11-16 00:00:00,459.75
2022-11-17 00:00:00,457.87
2022-11-18 00:00:00,461.83
2022-11-21 00:00:00,463.52
2022-11-22 00:00:00,464.03
2022-11-23 00:00:00,464.78
2022-11-24 00:00:00,465.3
2022-11-25 00:00:00,465.44
2022-11-28 00:00:00,468.15
2022-11-29 00:00:00,468.15
2022-11-30 00:00:00,469.02
2022-12-01 00:00:00,467.71
2022-12-02 00:00:00,470.31
2022-12-05 00:00:00,470.27
2022-12-06 00:00:00,470.82
2022-12-07 00:00:00,473.23
2022-12-08 00:00:00,471.31
2022-12-09 00:00:00,469.96
2022-12-12 00:00:00,469.86
2022-12-13 00:00:00,469.45
2022-12-14 00:00:00,469.65
2022-12-15 00:00:00,468.36
2022-12-16 00:00:00,468.34
2022-12-19 00:00:00,467.72
2022-12-20 00:00:00,469.66
2022-12-21 00:00:00,469.01
2022-12-22 00:00:00,463.91
2022-12-23 00:00:00,461.63
2022-12-26 00:00:00,461.99
2022-12-27 00:00:00,460.45
2022-12-28 00:00:00,463.21
2022-12-29 00:00:00,461.48
2022-12-30 00:00:00,462.75
2023-01-02 00:00:00,462.25
2023-01-03 00:00:00,462.25
2023-01-04 00:00:00,465.67
2023-01-05 00:00:00,466.54
2023-01-06 00:00:00,464.29
2023-01-09 00:00:00,462.35
2023-01-10 00:00:00,462.31
2023-01-11 00:00:00,462.11
2023-01-12 00:00:00,462.05
2023-01-13 00:00:00,462.2
2023-01-16 00:00:00,463.46
2023-01-17 00:00:00,464.14
2023-01-18 00:00:00,463.96
2023-01-19 00:00:00,462.98
2023-01-20 00:00:00,462.86
2023-01-23 00:00:00,462.13
2023-01-24 00:00:00,461.67
2023-01-25 00:00:00,461.29
2023-01-26 00:00:00,460.86
2023-01-27 00:00:00,460.38
2023-01-30 00:00:00,459.83
2023-01-31 00:00:00,460.64
2023-02-01 00:00:00,460.56
2023-02-02 00:00:00,458.78
2023-02-03 00:00:00,457.91
2023-02-06 00:00:00,457.35
2023-02-07 00:00:00,456.26
2023-02-08 00:00:00,455.21
2023-02-09 00:00:00,451.76
2023-02-10 00:00:00,451.01
2023-02-13 00:00:00,451.85
2023-02-14 00:00:00,449.66
2023-02-15 00:00:00,447.04
2023-02-16 00:00:00,443.79
2023-02-17 00:00:00,447.8
2023-02-20 00:00:00,447.01
2023-02-21 00:00:00,446.41
2023-02-22 00:00:00,449.12
2023-02-23 00:00:00,448.62
2023-02-24 00:00:00,449.35
2023-02-27 00:00:00,447.81
2023-02-28 00:00:00,445.08
2023-03-01 00:00:00,440.52
2023-03-02 00:00:00,435.67
2023-03-03 00:00:00,431.01
2023-03-06 00:00:00,436.24
2023-03-07 00:00:00,438.9
2023-03-08 00:00:00,438.05
2023-03-09 00:00:00,441.26
2023-03-10 00:00:00,451.05
2023-03-13 00:00:00,456.25
2023-03-14 00:00:00,461.69
2023-03-15 00:00:00,464.3
2023-03-16 00:00:00,463.85
2023-03-17 00:00:00,458.33
2023-03-20 00:00:00,464.35
2023-03-21 00:00:00,464.35
2023-03-22 00:00:00,464.35
2023-03-23 00:00:00,464.35
2023-03-24 00:00:00,457.67
2023-03-27 00:00:00,457.79
2023-03-28 00:00:00,454.08
2023-03-29 00:00:00,447.39
2023-03-30 00:00:00,450.49
2023-03-31 00:00:00,455.62
2023-04-03 00:00:00,452.88
2023-04-04 00:00:00,447.52
2023-04-05 00:00:00,447.85
2023-04-06 00:00:00,446.18
2023-04-07 00:00:00,445.86
2023-04-10 00:00:00,444.61
2023-04-11 00:00:00,451.37
2023-04-12 00:00:00,452.45
2023-04-13 00:00:00,450.96
2023-04-14 00:00:00,451.38
2023-04-17 00:00:00,450.35
2023-04-18 00:00:00,452.1
2023-04-19 00:00:00,457.13
2023-04-20 00:00:00,456.27
2023-04-21 00:00:00,455.1
2023-04-24 00:00:00,457.2
2023-04-25 00:00:00,454.1
2023-04-26 00:00:00,454.76
2023-04-27 00:00:00,456.09
2023-04-28 00:00:00,452.02
2023-05-01 00:00:00,452.02
2023-05-02 00:00:00,447.25
2023-05-03 00:00:00,445.13
2023-05-04 00:00:00,445.52
2023-05-05 00:00:00,443.47
2023-05-08 00:00:00,443.47
2023-05-09 00:00:00,443.47
2023-05-10 00:00:00,443.89
2023-05-11 00:00:00,444.72
2023-05-12 00:00:00,448.17
2023-05-15 00:00:00,451.03
2023-05-16 00:00:00,450.19
2023-05-17 00:00:00,449.78
2023-05-18 00:00:00,448.57
2023-05-19 00:00:00,448.26
2023-05-22 00:00:00,443.92
2023-05-23 00:00:00,442.03
2023-05-24 00:00:00,445.6
2023-05-25 00:00:00,445.6
2023-05-26 00:00:00,444.82
2023-05-29 00:00:00,445.43
2023-05-30 00:00:00,447.46
2023-05-31 00:00:00,447.38
2023-06-01 00:00:00,449.1
2023-06-02 00:00:00,448.78
2023-06-05 00:00:00,448.3
2023-06-06 00:00:00,447.66
2023-06-07 00:00:00,445.47
2023-06-08 00:00:00,445.08
2023-06-09 00:00:00,446.08
2023-06-12 00:00:00,447.64
2023-06-13 00:00:00,448.56
2023-06-14 00:00:00,450.35
2023-06-15 00:00:00,452.98
2023-06-16 00:00:00,448.09
2023-06-19 00:00:00,448.35
2023-06-20 00:00:00,448.43
2023-06-21 00:00:00,448.62
2023-06-22 00:00:00,447.36
2023-06-23 00:00:00,448.2
2023-06-26 00:00:00,450.1
2023-06-27 00:00:00,450.85
2023-06-28 00:00:00,451.29
2023-06-29 00:00:00,454.08
2023-06-30 00:00:00,451.25
2023-07-03 00:00:00,448.3
2023-07-04 00:00:00,445.2
2023-07-05 00:00:00,445.64
2023-07-06 00:00:00,445.64
2023-07-07 00:00:00,445.64
2023-07-10 00:00:00,443.09
2023-07-11 00:00:00,441.6
2023-07-12 00:00:00,442.88
2023-07-13 00:00:00,444.64
2023-07-14 00:00:00,445.17
2023-07-17 00:00:00,445.03
2023-07-18 00:00:00,443.84
2023-07-19 00:00:00,443.73
2023-07-20 00:00:00,444.36
2023-07-21 00:00:00,445.53
2023-07-24 00:00:00,445.98
2023-07-25 00:00:00,444.85
2023-07-26 00:00:00,444.98
2023-07-27 00:00:00,444.61
2023-07-28 00:00:00,445.04
2023-07-31 00:00:00,444.6
2023-08-01 00:00:00,444.62
2023-08-02 00:00:00,444.35
2023-08-03 00:00:00,445.12
2023-08-04 00:00:00,445.5
2023-08-07 00:00:00,446.68
2023-08-08 00:00:00,446.62
2023-08-09 00:00:00,445.8
2023-08-10 00:00:00,445.11
2023-08-11 00:00:00,446.61
2023-08-14 00:00:00,450.14
2023-08-15 00:00:00,452.08
2023-08-16 00:00:00,459.58
2023-08-17 00:00:00,462.49
2023-08-18 00:00:00,454.31
2023-08-21 00:00:00,454.53
2023-08-22 00:00:00,453.5
2023-08-23 00:00:00,461.62
2023-08-24 00:00:00,459.56
2023-08-25 00:00:00,464.6
2023-08-28 00:00:00,463.83
2023-08-29 00:00:00,462.13
2023-08-30 00:00:00,462.51
2023-08-31 00:00:00,458.09
2023-09-01 00:00:00,457.61
2023-09-04 00:00:00,458.57
2023-09-05 00:00:00,460.69
2023-09-06 00:00:00,463.49
2023-09-07 00:00:00,465.61
2023-09-08 00:00:00,463.98
2023-09-11 00:00:00,462.85
2023-09-12 00:00:00,463.32
2023-09-13 00:00:00,466.01
2023-09-14 00:00:00,465.03
2023-09-15 00:00:00,467.66
2023-09-18 00:00:00,473.25
2023-09-19 00:00:00,471.11
2023-09-20 00:00:00,473.48
2023-09-21 00:00:00,471.97
2023-09-22 00:00:00,472.9
2023-09-25 00:00:00,472.95
2023-09-26 00:00:00,478.6
2023-09-27 00:00:00,478.57
2023-09-28 00:00:00,474.03
2023-09-29 00:00:00,477.83
2023-10-02 00:00:00,477.36
2023-10-03 00:00:00,476.76
2023-10-04 00:00:00,477.2
2023-10-05 00:00:00,477.35
2023-10-06 00:00:00,477.48
2023-10-09 00:00:00,478.45
2023-10-10 00:00:00,477.17
2023-10-11 00:00:00,477.31
2023-10-12 00:00:00,476.21
2023-10-13 00:00:00,476.78
2023-10-16 00:00:00,476.9
2023-10-17 00:00:00,477.5
2023-10-18 00:00:00,478.73
2023-10-19 00:00:00,479.55
2023-10-20 00:00:00,479.0
2023-10-23 00:00:00,477.76
2023-10-24 00:00:00,476.84
2023-10-25 00:00:00,476.88
2023-10-26 00:00:00,474.78
2023-10-27 00:00:00,471.76
2023-10-30 00:00:00,471.03
2023-10-31 00:00:00,469.4
2023-11-01 00:00:00,469.46
2023-11-02 00:00:00,466.48
2023-11-03 00:00:00,464.47
2023-11-06 00:00:00,463.15
2023-11-07 00:00:00,464.73
2023-11-08 00:00:00,468.19
2023-11-09 00:00:00,468.5
2023-11-10 00:00:00,467.84
2023-11-13 00:00:00,466.51
2023-11-14 00:00:00,463.96
2023-11-15 00:00:00,463.17
2023-11-16 00:00:00,461.97
2023-11-17 00:00:00,462.88
2023-11-20 00:00:00,462.53
2023-11-21 00:00:00,458.6
2023-11-22 00:00:00,457.41
2023-11-23 00:00:00,461.01
2023-11-24 00:00:00,461.25
2023-11-27 00:00:00,458.75
2023-11-28 00:00:00,459.29
2023-11-29 00:00:00,458.98
2023-11-30 00:00:00,458.73
2023-12-01 00:00:00,461.65
2023-12-04 00:00:00,461.77
2023-12-05 00:00:00,461.05
2023-12-06 00:00:00,459.84
2023-12-07 00:00:00,459.35
2023-12-08 00:00:00,458.69
2023-12-11 00:00:00,459.08
2023-12-12 00:00:00,457.04
2023-12-13 00:00:00,458.24
2023-12-14 00:00:00,456.02
2023-12-15 00:00:00,458.32
2023-12-18 00:00:00,458.32
2023-12-19 00:00:00,457.74
2023-12-20 00:00:00,455.81
2023-12-21 00:00:00,459.7
2023-12-22 00:00:00,458.99
2023-12-25 00:00:00,457.58
2023-12-26 00:00:00,457.03
2023-12-27 00:00:00,455.43
2023-12-28 00:00:00,453.95
2023-12-29 00:00:00,456.08
2024-01-01 00:00:00,456.08
2024-01-02 00:00:00,456.08
2024-01-03 00:00:00,457.07
2024-01-04 00:00:00,454.99
2024-01-05 00:00:00,453.74
2024-01-08 00:00:00,453.71
2024-01-09 00:00:00,453.96
2024-01-10 00:00:00,453.79
2024-01-11 00:00:00,452.54
2024-01-12 00:00:00,451.78
2024-01-15 00:00:00,451.44
2024-01-16 00:00:00,452.29
2024-01-17 00:00:00,452.56
2024-01-18 00:00:00,451.48
2024-01-19 00:00:00,449.88
2024-01-22 00:00:00,447.52
2024-01-23 00:00:00,445.44
2024-01-24 00:00:00,446.56
2024-01-25 00:00:00,448.35
2024-01-26 00:00:00,450.3
2024-01-29 00:00:00,449.71
2024-01-30 00:00:00,448.64
2024-01-31 00:00:00,449.47
2024-02-01 00:00:00,449.36
2024-02-02 00:00:00,451.72
2024-02-05 00:00:00,454.55
2024-02-06 00:00:00,453.25
2024-02-07 00:00:00,452.81
2024-02-08 00:00:00,450.05
2024-02-09 00:00:00,446.63
2024-02-12 00:00:00,447.63
2024-02-13 00:00:00,448.3
2024-02-14 00:00:00,447.26
2024-02-15 00:00:00,448.59
2024-02-16 00:00:00,449.63
2024-02-19 00:00:00,450.17
2024-02-20 00:00:00,452.92
2024-02-21 00:00:00,450.93
2024-02-22 00:00:00,451.6
2024-02-23 00:00:00,451.11
2024-02-26 00:00:00,448.49
2024-02-27 00:00:00,449.97
2024-02-28 00:00:00,450.16
2024-02-29 00:00:00,451.1
2024-03-01 00:00:00,452.25
2024-03-04 00:00:00,452.14
2024-03-05 00:00:00,448.03
2024-03-06 00:00:00,447.5
2024-03-07 00:00:00,446.58
2024-03-08 00:00:00,446.85
2024-03-11 00:00:00,449.91
2024-03-12 00:00:00,449.02
2024-03-13 00:00:00,450.17
2024-03-14 00:00:00,448.63
2024-03-15 00:00:00,449.86
2024-03-18 00:00:00,449.97
2024-03-19 00:00:00,451.61
2024-03-20 00:00:00,450.53
2024-03-21 00:00:00,450.53
2024-03-22 00:00:00,450.44
2024-03-25 00:00:00,450.44
2024-03-26 00:00:00,450.4
2024-03-27 00:00:00,449.9
2024-03-28 00:00:00,448.31
2024-03-29 00:00:00,447.22
2024-04-01 00:00:00,447.55
2024-04-02 00:00:00,447.37
2024-04-03 00:00:00,447.02
2024-04-04 00:00:00,446.14
2024-04-05 00:00:00,446.69
2024-04-08 00:00:00,446.06
2024-04-09 00:00:00,446.38
2024-04-10 00:00:00,447.84
2024-04-11 00:00:00,447.76
2024-04-12 00:00:00,448.42
2024-04-15 00:00:00,448.53
2024-04-16 00:00:00,448.38
2024-04-17 00:00:00,448.56
2024-04-18 00:00:00,446.65
2024-04-19 00:00:00,446.5
2024-04-22 00:00:00,445.84
2024-04-23 00:00:00,444.0
2024-04-24 00:00:00,443.94
2024-04-25 00:00:00,444.58
2024-04-26 00:00:00,442.74
2024-04-29 00:00:00,441.67
2024-04-30 00:00:00,442.24
2024-05-01 00:00:00,442.24
2024-05-02 00:00:00,443.46
2024-05-03 00:00:00,443.9
2024-05-06 00:00:00,439.9
2024-05-07 00:00:00,439.9
2024-05-08 00:00:00,439.9
2024-05-09 00:00:00,440.0
2024-05-10 00:00:00,439.97
2024-05-13 00:00:00,442.1
2024-05-14 00:00:00,441.02
2024-05-15 00:00:00,441.61
2024-05-16 00:00:00,442.9
2024-05-17 00:00:00,444.5
2024-05-20 00:00:00,443.23
2024-05-21 00:00:00,442.04
2024-05-22 00:00:00,442.53
2024-05-23 00:00:00,442.6
2024-05-24 00:00:00,443.32
2024-05-27 00:00:00,441.87
2024-05-28 00:00:00,442.17
2024-05-29 00:00:00,443.72
2024-05-30 00:00:00,445.8
2024-05-31 00:00:00,447.12
2024-06-03 00:00:00,447.34
2024-06-04 00:00:00,448.05
2024-06-05 00:00:00,447.7
2024-06-06 00:00:00,447.11
2024-06-07 00:00:00,447.51
2024-06-10 00:00:00,448.79
2024-06-11 00:00:00,451.2
2024-06-12 00:00:00,450.1
2024-06-13 00:00:00,450.73
2024-06-14 00:00:00,452.01
2024-06-17 00:00:00,453.89
2024-06-18 00:00:00,460.08
2024-06-19 00:00:00,459.75
2024-06-20 00:00:00,461.14
2024-06-21 00:00:00,465.86
2024-06-24 00:00:00,466.63
2024-06-25 00:00:00,466.36
2024-06-26 00:00:00,464.03
2024-06-27 00:00:00,466.52
2024-06-28 00:00:00,473.01
2024-07-01 00:00:00,474.38
2024-07-02 00:00:00,473.81
2024-07-03 00:00:00,474.11
2024-07-04 00:00:00,475.44
2024-07-05 00:00:00,479.36
2024-07-08 00:00:00,480.01
2024-07-09 00:00:00,480.02
2024-07-10 00:00:00,477.64
2024-07-11 00:00:00,474.45
2024-07-12 00:00:00,473.97
2024-07-15 00:00:00,473.26
2024-07-16 00:00:00,474.98
2024-07-17 00:00:00,475.66
2024-07-18 00:00:00,478.71
2024-07-19 00:00:00,476.22
2024-07-22 00:00:00,473.35
2024-07-23 00:00:00,473.93
2024-07-24 00:00:00,473.94
2024-07-25 00:00:00,474.66
2024-07-26 00:00:00,473.66
2024-07-29 00:00:00,474.91
2024-07-30 00:00:00,474.45
2024-07-31 00:00:00,474.89
2024-08-01 00:00:00,475.31
2024-08-02 00:00:00,475.16
2024-08-05 00:00:00,479.74
2024-08-06 00:00:00,477.24
2024-08-07 00:00:00,476.99
2024-08-08 00:00:00,476.99
2024-08-09 00:00:00,478.66
2024-08-12 00:00:00,479.59
2024-08-13 00:00:00,480.28
2024-08-14 00:00:00,479.64
2024-08-15 00:00:00,479.06
2024-08-16 00:00:00,478.85
2024-08-19 00:00:00,477.98
2024-08-20 00:00:00,475.86
2024-08-21 00:00:00,478.46
2024-08-22 00:00:00,479.84
2024-08-23 00:00:00,484.02
2024-08-26 00:00:00,482.53
2024-08-27 00:00:00,480.56
2024-08-28 00:00:00,481.08
2024-08-29 00:00:00,481.81
2024-08-30 00:00:00,481.81
2024-09-02 00:00:00,482.62
2024-09-03 00:00:00,482.92
2024-09-04 00:00:00,482.49
2024-09-05 00:00:00,482.48
2024-09-06 00:00:00,479.49
2024-09-09 00:00:00,479.1
2024-09-10 00:00:00,477.4
2024-09-11 00:00:00,477.78
2024-09-12 00:00:00,479.61
2024-09-13 00:00:00,480.11
2024-09-16 00:00:00,480.93
2024-09-17 00:00:00,480.32
2024-09-18 00:00:00,479.03
2024-09-19 00:00:00,479.0
2024-09-20 00:00:00,479.86
2024-09-23 00:00:00,480.34
2024-09-24 00:00:00,479.23
2024-09-25 00:00:00,477.98
2024-09-26 00:00:00,479.07
2024-09-27 00:00:00,480.86
2024-09-30 00:00:00,480.98
2024-10-01 00:00:00,481.49
2024-10-02 00:00:00,483.35
2024-10-03 00:00:00,482.61
2024-10-04 00:00:00,482.91
2024-10-07 00:00:00,484.81
2024-10-08 00:00:00,487.42
2024-10-09 00:00:00,490.91
2024-10-10 00:00:00,493.23
2024-10-11 00:00:00,484.27
2024-10-14 00:00:00,485.52
2024-10-15 00:00:00,487.98
2024-10-16 00:00:00,487.9
2024-10-17 00:00:00,486.63
2024-10-18 00:00:00,482.74
2024-10-21 00:00:00,482.38
2024-10-22 00:00:00,485.27
2024-10-23 00:00:00,484.22
2024-10-24 00:00:00,486.22
2024-10-25 00:00:00,486.38
2024-10-28 00:00:00,490.56
2024-10-29 00:00:00,490.35
2024-10-30 00:00:00,488.57
2024-10-31 00:00:00,488.05
2024-11-01 00:00:00,488.93
2024-11-04 00:00:00,488.53
2024-11-05 00:00:00,489.76
2024-11-06 00:00:00,492.59
2024-11-07 00:00:00,491.48
2024-11-08 00:00:00,492.17
2024-11-11 00:00:00,495.57
2024-11-12 00:00:00,496.08
2024-11-13 00:00:00,492.65
2024-11-14 00:00:00,495.51
2024-11-15 00:00:00,496.67
2024-11-18 00:00:00,498.76
2024-11-19 00:00:00,496.23
2024-11-20 00:00:00,496.12
2024-11-21 00:00:00,495.8
2024-11-22 00:00:00,499.25
2024-11-25 00:00:00,499.22
2024-11-26 00:00:00,498.71
2024-11-27 00:00:00,502.41
2024-11-28 00:00:00,512.2
2024-11-29 00:00:00,516.45
2024-12-02 00:00:00,526.0
2024-12-03 00:00:00,523.38
2024-12-04 00:00:00,524.98
2024-12-05 00:00:00,522.13
2024-12-06 00:00:00,508.23
2024-12-09 00:00:00,508.48
2024-12-10 00:00:00,511.23
2024-12-11 00:00:00,521.7
2024-12-12 00:00:00,522.8
2024-12-13 00:00:00,524.34
2024-12-16 00:00:00,524.66
2024-12-17 00:00:00,524.1
2024-12-18 00:00:00,522.84
2024-12-19 00:00:00,524.57
2024-12-20 00:00:00,524.89
2024-12-23 00:00:00,521.71
2024-12-24 00:00:00,517.62
2024-12-25 00:00:00,516.05
2024-12-26 00:00:00,518.3
2024-12-27 00:00:00,522.7
2024-12-30 00:00:00,524.33
2024-12-31 00:00:00,524.53
2025-01-01 00:00:00,524.53
2025-01-02 00:00:00,524.72
2025-01-03 00:00:00,525.36
2025-01-06 00:00:00,528.67
2025-01-07 00:00:00,528.67
2025-01-08 00:00:00,526.42
2025-01-09 00:00:00,525.84
2025-01-10 00:00:00,527.5
2025-01-13 00:00:00,530.89
2025-01-14 00:00:00,529.81
2025-01-15 00:00:00,529.6
2025-01-16 00:00:00,530.19
2025-01-17 00:00:00,530.56
2025-01-20 00:00:00,529.76
2025-01-21 00:00:00,523.73
2025-01-22 00:00:00,520.83
2025-01-23 00:00:00,521.55
2025-01-24 00:00:00,517.89
2025-01-27 00:00:00,516.51
2025-01-28 00:00:00,516.87
2025-01-29 00:00:00,517.39
2025-01-30 00:00:00,518.73
2025-01-31 00:00:00,518.31
2025-02-03 00:00:00,522.55
2025-02-04 00:00:00,519.84
2025-02-05 00:00:00,517.06
2025-02-06 00:00:00,513.76
2025-02-07 00:00:00,510.39
2025-02-10 00:00:00,508.22
2025-02-11 00:00:00,506.05
2025-02-12 00:00:00,504.54
2025-02-13 00:00:00,499.63
2025-02-14 00:00:00,497.42
2025-02-17 00:00:00,497.45
2025-02-18 00:00:00,499.89
2025-02-19 00:00:00,501.81
2025-02-20 00:00:00,502.52
2025-02-21 00:00:00,504.73
2025-02-24 00:00:00,500.13
2025-02-25 00:00:00,498.96
2025-02-26 00:00:00,500.86
2025-02-27 00:00:00,499.33
2025-02-28 00:00:00,498.58
2025-03-03 00:00:00,500.62
2025-03-04 00:00:00,499.4
2025-03-05 00:00:00,496.52
2025-03-06 00:00:00,496.52
2025-03-07 00:00:00,490.88
2025-03-10 00:00:00,490.73
2025-03-11 00:00:00,488.32
2025-03-12 00:00:00,491.96
2025-03-13 00:00:00,498.47
2025-03-14 00:00:00,501.02
2025-03-17 00:00:00,498.58
2025-03-18 00:00:00,498.16
2025-03-19 00:00:00,503.06
2025-03-20 00:00:00,502.91
2025-03-21 00:00:00,502.91
2025-03-24 00:00:00,502.91
2025-03-25 00:00:00,502.91
2025-03-26 00:00:00,500.58
2025-03-27 00:00:00,500.22
2025-03-28 00:00:00,503.9
2025-03-31 00:00:00,503.5
2025-04-01 00:00:00,503.4
2025-04-02 00:00:00,502.92
2025-04-03 00:00:00,501.89
2025-04-04 00:00:00,510.25
2025-04-07 00:00:00,521.14
2025-04-08 00:00:00,518.43
2025-04-09 00:00:00,520.53
2025-04-10 00:00:00,515.75
2025-04-11 00:00:00,518.05
2025-04-14 00:00:00,517.77
2025-04-15 00:00:00,518.23
2025-04-16 00:00:00,523.92
2025-04-17 00:00:00,523.16
2025-04-18 00:00:00,522.93
2025-04-21 00:00:00,519.99
2025-04-22 00:00:00,518.86
2025-04-23 00:00:00,518.6
2025-04-24 00:00:00,516.93
2025-04-25 00:00:00,514.81
2025-04-28 00:00:00,512.9
2025-04-29 00:00:00,511.65
2025-04-30 00:00:00,514.3
2025-05-01 00:00:00,514.53
2025-05-02 00:00:00,516.7
2025-05-05 00:00:00,516.62
2025-05-06 00:00:00,514.81
2025-05-07 00:00:00,514.81
2025-05-08 00:00:00,515.88
2025-05-09 00:00:00,515.88
2025-05-12 00:00:00,512.43
2025-05-13 00:00:00,508.57
2025-05-14 00:00:00,508.25
2025-05-15 00:00:00,510.59
2025-05-16 00:00:00,510.23
2025-05-19 00:00:00,510.98
2025-05-20 00:00:00,511.83
2025-05-21 00:00:00,508.83
2025-05-22 00:00:00,506.98
2025-05-23 00:00:00,511.6
2025-05-26 00:00:00,511.13
2025-05-27 00:00:00,512.02
2025-05-28 00:00:00,511.39
2025-05-29 00:00:00,508.53
2025-05-30 00:00:00,510.69
2025-06-02 00:00:00,511.47
2025-06-03 00:00:00,512.36
2025-06-04 00:00:00,510.03
2025-06-05 00:00:00,510.03
2025-06-06 00:00:00,510.1
2025-06-09 00:00:00,509.81
2025-06-10 00:00:00,508.35
2025-06-11 00:00:00,510.6
2025-06-12 00:00:00,511.78
2025-06-13 00:00:00,512.82
2025-06-16 00:00:00,514.21
2025-06-17 00:00:00,518.17
2025-06-18 00:00:00,519.63
2025-06-19 00:00:00,519.52
2025-06-20 00:00:00,521.41
2025-06-23 00:00:00,521.62
2025-06-24 00:00:00,518.23
2025-06-25 00:00:00,518.53
2025-06-26 00:00:00,518.37
2025-06-27 00:00:00,519.23
2025-06-30 00:00:00,519.59
2025-07-01 00:00:00,518.51
2025-07-02 00:00:00,518.39
2025-07-03 00:00:00,519.46
2025-07-04 00:00:00,519.49
2025-07-07 00:00:00,519.49
2025-07-08 00:00:00,519.53
2025-07-09 00:00:00,518.81
2025-07-10 00:00:00,519.25
2025-07-11 00:00:00,523.9
2025-07-14 00:00:00,524.52
2025-07-15 00:00:00,525.82
2025-07-16 00:00:00,528.71
2025-07-17 00:00:00,532.96
2025-07-18 00:00:00,532.36
2025-07-21 00:00:00,530.66
2025-07-22 00:00:00,534.77
2025-07-23 00:00:00,539.05
2025-07-24 00:00:00,543.58
2025-07-25 00:00:00,545.04
2025-07-28 00:00:00,542.63
2025-07-29 00:00:00,543.67
2025-07-30 00:00:00,543.18
2025-07-31 00:00:00,540.89
2025-08-01 00:00:00,543.0
2025-08-04 00:00:00,540.5
2025-08-05 00:00:00,537.22
2025-08-06 00:00:00,537.5
2025-08-07 00:00:00,539.17
2025-08-08 00:00:00,540.77
2025-08-11 00:00:00,543.93
2025-08-12 00:00:00,541.16
2025-08-13 00:00:00,538.33
2025-08-14 00:00:00,538.82
2025-08-15 00:00:00,540.84
2025-08-18 00:00:00,538.9
2025-08-19 00:00:00,538.62
2025-08-20 00:00:00,538.36
2025-08-21 00:00:00,537.67
2025-08-22 00:00:00,537.53
2025-08-25 00:00:00,535.19
2025-08-26 00:00:00,536.05
2025-08-27 00:00:00,538.55
2025-08-28 00:00:00,537.69
2025-08-29 00:00:00,538.53
2025-09-01 00:00:00,538.78
2025-09-02 00:00:00,539.58
2025-09-03 00:00:00,539.9
2025-09-04 00:00:00,539.9
2025-09-05 00:00:00,536.39
2025-09-08 00:00:00,534.64
2025-09-09 00:00:00,536.85
2025-09-10 00:00:00,538.25
2025-09-11 00:00:00,539.73
2025-09-12 00:00:00,540.86
2025-09-15 00:00:00,540.9
2025-09-16 00:00:00,540.48
2025-09-17 00:00:00,540.97
2025-09-18 00:00:00,541.03
2025-09-19 00:00:00,541.3
2025-09-22 00:00:00,543.26
2025-09-23 00:00:00,544.3
2025-09-24 00:00:00,542.56
2025-09-25 00:00:00,542.46
2025-09-26 00:00:00,544.56
2025-09-29 00:00:00,548.62
2025-09-30 00:00:00,548.97
2025-10-01 00:00:00,547.23
2025-10-02 00:00:00,547.02
2025-10-03 00:00:00,546.87
2025-10-06 00:00:00,543.71
2025-10-07 00:00:00,541.53
2025-10-08 00:00:00,540.27
2025-10-09 00:00:00,541.52
2025-10-10 00:00:00,537.77
2025-10-13 00:00:00,537.74
2025-10-14 00:00:00,539.18
2025-10-15 00:00:00,538.67
2025-10-16 00:00:00,536.05
2025-10-17 00:00:00,537.74
2025-10-20 00:00:00,538.31
2025-10-21 00:00:00,538.71
2025-10-22 00:00:00,538.58
2025-10-23 00:00:00,537.83
2025-10-24 00:00:00,537.74
2025-10-27 00:00:00,537.49
2025-10-28 00:00:00,533.5
2025-10-29 00:00:00,528.99
2025-10-30 00:00:00,530.35
2025-10-31 00:00:00,529.79
2025-11-03 00:00:00,525.25
2025-11-04 00:00:00,523.85
2025-11-05 00:00:00,524.98
2025-11-06 00:00:00,526.2
2025-11-07 00:00:00,524.96
2025-11-10 00:00:00,523.77
2025-11-11 00:00:00,525.11
2025-11-12 00:00:00,524.7
2025-11-13 00:00:00,524.48
2025-11-14 00:00:00,524.17
2025-11-17 00:00:00,522.18
2025-11-18 00:00:00,519.72
2025-11-19 00:00:00,518.66
2025-11-20 00:00:00,518.8
2025-11-21 00:00:00,520.64
2025-11-24 00:00:00,519.76
2025-11-25 00:00:00,517.6
2025-11-26 00:00:00,518.69
2025-11-27 00:00:00,516.2
2025-11-28 00:00:00,513.38
2025-12-01 00:00:00,511.07
2025-12-02 00:00:00,507.26
2025-12-03 00:00:00,502.85
2025-12-04 00:00:00,505.4
2025-12-05 00:00:00,505.96
2025-12-08 00:00:00,510.92
2025-12-09 00:00:00,515.76
2025-12-10 00:00:00,518.47
2025-12-11 00:00:00,520.27
2025-12-12 00:00:00,521.23
2025-12-15 00:00:00,515.73
2025-12-16 00:00:00,515.74
2025-12-17 00:00:00,514.31
2025-12-18 00:00:00,516.0
2025-12-19 00:00:00,517.66
2025-12-22 00:00:00,515.15
2025-12-23 00:00:00,509.53
2025-12-24 00:00:00,513.85
2025-12-25 00:00:00,510.49
2025-12-26 00:00:00,505.63
2025-12-29 00:00:00,502.21
2025-12-30 00:00:00,502.57
2025-12-31 00:00:00,507.08
2026-01-01 00:00:00,507.35
2026-01-02 00:00:00,507.2
2026-01-05 00:00:00,512.96
2026-01-06 00:00:00,509.6
2026-01-07 00:00:00,509.55
2026-01-08 00:00:00,509.76
2026-01-09 00:00:00,510.84
2026-01-12 00:00:00,510.73
2026-01-13 00:00:00,509.51
2026-01-14 00:00:00,510.47
2026-01-15 00:00:00,510.96
2026-01-16 00:00:00,511.15
2026-01-19 00:00:00,509.18
2026-01-20 00:00:00,508.02
2026-01-21 00:00:00,507.59
2026-01-22 00:00:00,506.45
2026-01-23 00:00:00,505.34
2026-01-26 00:00:00,502.99
2026-01-27 00:00:00,503.52
2026-01-28 00:00:00,505.53
2026-01-29 00:00:00,502.5
2026-01-30 00:00:00,503.45
2026-02-02 00:00:00,504.99
2026-02-03 00:00:00,501.16
2026-02-04 00:00:00,496.8
2026-02-05 00:00:00,493.06
2026-02-06 00:00:00,494.77
2026-02-09 00:00:00,493.77
2026-02-10 00:00:00,492.02
2026-02-11 00:00:00,493.32
2026-02-12 00:00:00,494.92
2026-02-13 00:00:00,495.02
2026-02-16 00:00:00,491.27
2026-02-17 00:00:00,490.45
2026-02-18 00:00:00,489.0
2026-02-19 00:00:00,492.65
2026-02-20 00:00:00,499.25
2026-02-23 00:00:00,497.83
2026-02-24 00:00:00,499.16
2026-02-25 00:00:00,501.83
2026-02-26 00:00:00,498.9
2026-02-27 00:00:00,498.21
2026-03-02 00:00:00,498.14
2026-03-03 00:00:00,500.3
2026-03-04 00:00:00,496.29
2026-03-05 00:00:00,492.36
2026-03-06 00:00:00,494.35
2026-03-09 00:00:00,498.38
2026-03-10 00:00:00,487.79
2026-03-11 00:00:00,491.24
2026-03-12 00:00:00,490.53
2026-03-13 00:00:00,489.27
2026-03-16 00:00:00,482.5
2026-03-17 00:00:00,481.39
2026-03-18 00:00:00,482.33
2026-03-19 00:00:00,480.7
2026-03-20 00:00:00,480.77
2026-03-23 00:00:00,481.49
2026-03-24 00:00:00,481.58
2026-03-25 00:00:00,482.3
2026-03-26 00:00:00,482.64
2026-03-27 00:00:00,483.6
2026-03-30 00:00:00,481.74
2026-03-31 00:00:00,476.82
2026-04-01 00:00:00,474.8
2026-04-02 00:00:00,472.63
2026-04-03 00:00:00,471.08
2026-04-06 00:00:00,464.04
2026-04-07 00:00:00,468.42
2026-04-08 00:00:00,477.69
2026-04-09 00:00:00,478.45
2026-04-10 00:00:00,473.62
2026-04-13 00:00:00,475.04
2026-04-14 00:00:00,476.05
2026-04-15 00:00:00,473.99
2026-04-16 00:00:00,471.88
2026-04-17 00:00:00,470.47
2026-04-20 00:00:00,468.32
2026-04-21 00:00:00,464.92
2026-04-22 00:00:00,463.44
2026-04-23 00:00:00,464.43
2026-04-24 00:00:00,464.54
2026-04-27 00:00:00,459.88
2026-04-28 00:00:00,458.59
2026-04-29 00:00:00,462.35
2026-04-30 00:00:00,463.46
2026-05-01 00:00:00,463.24
2026-05-04 00:00:00,464.46
2026-05-05 00:00:00,464.44
2026-05-06 00:00:00,463.08
2026-05-07 00:00:00,463.74
2026-05-08 00:00:00,463.02
2026-05-11 00:00:00,463.17
2026-05-12 00:00:00,465.49
2026-05-13 00:00:00,469.84
2026-05-14 00:00:00,472.32
2026-05-15 00:00:00,470.56
2026-05-18 00:00:00,468.22
2026-05-19 00:00:00,471.55
2026-05-20 00:00:00,472.08
2026-05-21 00:00:00,470.62
2026-05-22 00:00:00,472.05
2026-05-25 00:00:00,472.68
2026-05-26 00:00:00,480.08
2026-05-27 00:00:00,479.48
2026-05-28 00:00:00,484.05
2026-05-29 00:00:00,485.93
2026-06-01 00:00:00,490.19
2026-06-02 00:00:00,490.18
2026-06-03 00:00:00,487.63
2026-06-04 00:00:00,485.3
2026-06-05 00:00:00,486.28
2026-06-08 00:00:00,485.98
2026-06-09 00:00:00,487.88
2026-06-10 00:00:00,487.43
2026-06-11 00:00:00,487.67
2026-06-12 00:00:00,488.4
2026-06-15 00:00:00,489.26
2026-06-16 00:00:00,487.95
2026-06-17 00:00:00,488.34
2026-06-18 00:00:00,487.92
2026-06-19 00:00:00,487.78
2026-06-22 00:00:00,487.34
