date,GSCI_Commodity_Index
2005-01-03 00:00:00,304.1925
2005-01-04 00:00:00,308.8011
2005-01-05 00:00:00,306.2471
2005-01-06 00:00:00,317.1966
2005-01-07 00:00:00,316.8364
2005-01-10 00:00:00,317.8814
2005-01-11 00:00:00,319.0152
2005-01-12 00:00:00,320.3361
2005-01-13 00:00:00,330.3758
2005-01-14 00:00:00,330.4464
2005-01-17 00:00:00,330.4464
2005-01-18 00:00:00,329.2719
2005-01-19 00:00:00,328.2237
2005-01-20 00:00:00,326.1654
2005-01-21 00:00:00,331.9326
2005-01-24 00:00:00,334.3407
2005-01-25 00:00:00,338.1748
2005-01-26 00:00:00,336.1129
2005-01-27 00:00:00,334.7884
2005-01-28 00:00:00,326.9911
2005-01-31 00:00:00,331.4828
2005-02-01 00:00:00,326.8229
2005-02-02 00:00:00,323.8281
2005-02-03 00:00:00,320.9044
2005-02-04 00:00:00,320.3523
2005-02-07 00:00:00,315.6633
2005-02-08 00:00:00,318.1024
2005-02-09 00:00:00,319.9891
2005-02-10 00:00:00,328.8077
2005-02-11 00:00:00,329.3179
2005-02-14 00:00:00,330.3426
2005-02-15 00:00:00,330.5318
2005-02-16 00:00:00,334.1177
2005-02-17 00:00:00,331.4112
2005-02-18 00:00:00,334.6038
2005-02-21 00:00:00,334.6038
2005-02-22 00:00:00,348.6693
2005-02-23 00:00:00,350.0359
2005-02-24 00:00:00,350.6005
2005-02-25 00:00:00,352.9121
2005-02-28 00:00:00,355.8531
2005-03-01 00:00:00,355.0824
2005-03-02 00:00:00,362.0893
2005-03-03 00:00:00,364.7761
2005-03-04 00:00:00,365.0636
2005-03-07 00:00:00,365.337
2005-03-08 00:00:00,371.5763
2005-03-09 00:00:00,373.67
2005-03-10 00:00:00,368.8168
2005-03-11 00:00:00,373.9973
2005-03-14 00:00:00,376.0674
2005-03-15 00:00:00,378.5847
2005-03-16 00:00:00,384.9846
2005-03-17 00:00:00,384.8151
2005-03-18 00:00:00,385.2551
2005-03-21 00:00:00,385.1418
2005-03-22 00:00:00,380.4248
2005-03-23 00:00:00,371.6716
2005-03-24 00:00:00,374.8978
2005-03-25 00:00:00,374.8978
2005-03-28 00:00:00,372.29
2005-03-29 00:00:00,373.425
2005-03-30 00:00:00,374.2621
2005-03-31 00:00:00,383.6221
2005-04-01 00:00:00,391.5963
2005-04-04 00:00:00,389.4414
2005-04-05 00:00:00,384.873
2005-04-06 00:00:00,382.9102
2005-04-07 00:00:00,374.905
2005-04-08 00:00:00,370.1062
2005-04-11 00:00:00,372.9524
2005-04-12 00:00:00,367.656
2005-04-13 00:00:00,361.2
2005-04-14 00:00:00,364.4052
2005-04-15 00:00:00,360.85
2005-04-18 00:00:00,357.8416
2005-04-19 00:00:00,369.0183
2005-04-20 00:00:00,372.427
2005-04-21 00:00:00,373.5882
2005-04-22 00:00:00,378.8347
2005-04-25 00:00:00,376.294
2005-04-26 00:00:00,374.4883
2005-04-27 00:00:00,361.9153
2005-04-28 00:00:00,362.0278
2005-04-29 00:00:00,353.6854
2005-05-02 00:00:00,357.1423
2005-05-03 00:00:00,349.8885
2005-05-04 00:00:00,352.5962
2005-05-05 00:00:00,354.208
2005-05-06 00:00:00,354.7154
2005-05-09 00:00:00,358.4418
2005-05-10 00:00:00,361.462
2005-05-11 00:00:00,355.6986
2005-05-12 00:00:00,348.013
2005-05-13 00:00:00,346.4484
2005-05-16 00:00:00,344.4795
2005-05-17 00:00:00,347.3633
2005-05-18 00:00:00,342.4695
2005-05-19 00:00:00,341.5951
2005-05-20 00:00:00,341.0288
2005-05-23 00:00:00,343.8405
2005-05-24 00:00:00,345.7489
2005-05-25 00:00:00,351.7714
2005-05-26 00:00:00,352.0773
2005-05-27 00:00:00,354.8499
2005-05-30 00:00:00,354.8499
2005-05-31 00:00:00,354.8881
2005-06-01 00:00:00,368.9709
2005-06-02 00:00:00,366.1164
2005-06-03 00:00:00,373.6246
2005-06-06 00:00:00,373.8316
2005-06-07 00:00:00,371.6844
2005-06-08 00:00:00,366.5692
2005-06-09 00:00:00,375.8348
2005-06-10 00:00:00,372.4492
2005-06-13 00:00:00,382.9833
2005-06-14 00:00:00,379.8803
2005-06-15 00:00:00,383.0029
2005-06-16 00:00:00,387.4784
2005-06-17 00:00:00,395.5577
2005-06-20 00:00:00,399.0615
2005-06-21 00:00:00,393.8229
2005-06-22 00:00:00,389.8694
2005-06-23 00:00:00,395.7464
2005-06-24 00:00:00,396.6528
2005-06-27 00:00:00,398.2278
2005-06-28 00:00:00,387.125
2005-06-29 00:00:00,382.9037
2005-06-30 00:00:00,379.7879
2005-07-01 00:00:00,390.7274
2005-07-04 00:00:00,390.7274
2005-07-05 00:00:00,398.5795
2005-07-06 00:00:00,408.2864
2005-07-07 00:00:00,404.5506
2005-07-08 00:00:00,399.8552
2005-07-11 00:00:00,396.2149
2005-07-12 00:00:00,405.7446
2005-07-13 00:00:00,403.4703
2005-07-14 00:00:00,394.8434
2005-07-15 00:00:00,396.7495
2005-07-18 00:00:00,392.0871
2005-07-19 00:00:00,391.8712
2005-07-20 00:00:00,389.0317
2005-07-21 00:00:00,383.4584
2005-07-22 00:00:00,390.415
2005-07-25 00:00:00,391.0198
2005-07-26 00:00:00,392.8779
2005-07-27 00:00:00,394.3213
2005-07-28 00:00:00,398.7561
2005-07-29 00:00:00,401.999
2005-08-01 00:00:00,408.7134
2005-08-02 00:00:00,411.846
2005-08-03 00:00:00,406.9561
2005-08-04 00:00:00,409.8105
2005-08-05 00:00:00,414.7617
2005-08-08 00:00:00,422.4249
2005-08-09 00:00:00,418.8785
2005-08-10 00:00:00,430.5452
2005-08-11 00:00:00,437.7988
2005-08-12 00:00:00,441.011
2005-08-15 00:00:00,437.8916
2005-08-16 00:00:00,438.2619
2005-08-17 00:00:00,424.1978
2005-08-18 00:00:00,420.722
2005-08-19 00:00:00,429.9886
2005-08-22 00:00:00,432.3023
2005-08-23 00:00:00,432.8727
2005-08-24 00:00:00,441.0927
2005-08-25 00:00:00,441.264
2005-08-26 00:00:00,436.0066
2005-08-29 00:00:00,448.6483
2005-08-30 00:00:00,467.568
2005-08-31 00:00:00,465.1507
2005-09-01 00:00:00,475.2528
2005-09-02 00:00:00,462.1123
2005-09-05 00:00:00,462.1123
2005-09-06 00:00:00,454.5915
2005-09-07 00:00:00,443.8634
2005-09-08 00:00:00,444.4716
2005-09-09 00:00:00,442.6209
2005-09-12 00:00:00,435.7946
2005-09-13 00:00:00,435.7552
2005-09-14 00:00:00,447.6102
2005-09-15 00:00:00,445.6251
2005-09-16 00:00:00,435.3258
2005-09-19 00:00:00,464.742
2005-09-20 00:00:00,457.287
2005-09-21 00:00:00,461.4078
2005-09-22 00:00:00,463.3175
2005-09-23 00:00:00,450.6466
2005-09-26 00:00:00,462.1043
2005-09-27 00:00:00,460.5641
2005-09-28 00:00:00,473.2291
2005-09-29 00:00:00,473.6403
2005-09-30 00:00:00,469.5595
2005-10-03 00:00:00,466.9965
2005-10-04 00:00:00,460.7094
2005-10-05 00:00:00,454.9628
2005-10-06 00:00:00,442.7305
2005-10-07 00:00:00,444.3274
2005-10-10 00:00:00,443.5313
2005-10-11 00:00:00,453.8521
2005-10-12 00:00:00,456.3618
2005-10-13 00:00:00,450.1537
2005-10-14 00:00:00,445.6806
2005-10-17 00:00:00,455.8552
2005-10-18 00:00:00,446.4003
2005-10-19 00:00:00,442.1762
2005-10-20 00:00:00,432.5702
2005-10-21 00:00:00,433.6375
2005-10-24 00:00:00,430.7116
2005-10-25 00:00:00,448.0824
2005-10-26 00:00:00,438.7688
2005-10-27 00:00:00,437.5439
2005-10-28 00:00:00,434.9742
2005-10-31 00:00:00,422.8763
2005-11-01 00:00:00,421.0456
2005-11-02 00:00:00,418.4523
2005-11-03 00:00:00,427.8506
2005-11-04 00:00:00,421.8342
2005-11-07 00:00:00,421.2885
2005-11-08 00:00:00,423.744
2005-11-09 00:00:00,422.8481
2005-11-10 00:00:00,417.5402
2005-11-11 00:00:00,420.3751
2005-11-14 00:00:00,420.928
2005-11-15 00:00:00,416.4418
2005-11-16 00:00:00,423.7684
2005-11-17 00:00:00,417.2083
2005-11-18 00:00:00,413.8471
2005-11-21 00:00:00,414.8323
2005-11-22 00:00:00,420.0845
2005-11-23 00:00:00,417.5077
2005-11-24 00:00:00,417.5077
2005-11-25 00:00:00,416.6073
2005-11-28 00:00:00,410.1535
2005-11-29 00:00:00,407.7444
2005-11-30 00:00:00,415.9086
2005-12-01 00:00:00,425.4086
2005-12-02 00:00:00,434.2323
2005-12-05 00:00:00,436.1446
2005-12-06 00:00:00,433.5781
2005-12-07 00:00:00,432.781
2005-12-08 00:00:00,447.4841
2005-12-09 00:00:00,440.0692
2005-12-12 00:00:00,451.5245
2005-12-13 00:00:00,457.5468
2005-12-14 00:00:00,451.8871
2005-12-15 00:00:00,443.4035
2005-12-16 00:00:00,434.1878
2005-12-19 00:00:00,431.767
2005-12-20 00:00:00,432.1714
2005-12-21 00:00:00,435.4609
2005-12-22 00:00:00,428.6775
2005-12-23 00:00:00,425.4519
2005-12-26 00:00:00,425.4519
2005-12-27 00:00:00,417.0102
2005-12-28 00:00:00,426.7624
2005-12-29 00:00:00,427.137
2005-12-30 00:00:00,431.7214
2006-01-02 00:00:00,431.7214
2006-01-03 00:00:00,438.1793
2006-01-04 00:00:00,438.5544
2006-01-05 00:00:00,432.1028
2006-01-06 00:00:00,437.9121
2006-01-09 00:00:00,433.589
2006-01-10 00:00:00,432.5556
2006-01-11 00:00:00,432.8849
2006-01-12 00:00:00,433.032
2006-01-13 00:00:00,434.4162
2006-01-16 00:00:00,434.4162
2006-01-17 00:00:00,446.9045
2006-01-18 00:00:00,440.6998
2006-01-19 00:00:00,446.4057
2006-01-20 00:00:00,454.6498
2006-01-23 00:00:00,450.4604
2006-01-24 00:00:00,447.0618
2006-01-25 00:00:00,441.094
2006-01-26 00:00:00,442.1201
2006-01-27 00:00:00,449.0491
2006-01-30 00:00:00,456.6674
2006-01-31 00:00:00,453.9183
2006-02-01 00:00:00,445.3492
2006-02-02 00:00:00,436.2695
2006-02-03 00:00:00,440.7315
2006-02-06 00:00:00,435.9922
2006-02-07 00:00:00,426.5971
2006-02-08 00:00:00,425.3711
2006-02-09 00:00:00,426.3597
2006-02-10 00:00:00,420.8337
2006-02-13 00:00:00,418.4348
2006-02-14 00:00:00,412.2063
2006-02-15 00:00:00,405.4679
2006-02-16 00:00:00,409.4561
2006-02-17 00:00:00,416.1721
2006-02-20 00:00:00,416.1721
2006-02-21 00:00:00,425.1051
2006-02-22 00:00:00,415.7834
2006-02-23 00:00:00,415.2684
2006-02-24 00:00:00,423.9424
2006-02-27 00:00:00,411.9879
2006-02-28 00:00:00,415.8627
2006-03-01 00:00:00,418.3735
2006-03-02 00:00:00,427.0493
2006-03-03 00:00:00,429.6876
2006-03-06 00:00:00,420.1013
2006-03-07 00:00:00,415.7959
2006-03-08 00:00:00,410.963
2006-03-09 00:00:00,415.987
2006-03-10 00:00:00,415.1894
2006-03-13 00:00:00,425.4038
2006-03-14 00:00:00,434.0766
2006-03-15 00:00:00,429.2774
2006-03-16 00:00:00,433.8997
2006-03-17 00:00:00,430.4286
2006-03-20 00:00:00,420.0252
2006-03-21 00:00:00,422.8134
2006-03-22 00:00:00,419.3077
2006-03-23 00:00:00,430.2007
2006-03-24 00:00:00,432.0083
2006-03-27 00:00:00,431.2247
2006-03-28 00:00:00,439.8039
2006-03-29 00:00:00,442.6548
2006-03-30 00:00:00,447.3778
2006-03-31 00:00:00,442.519
2006-04-03 00:00:00,445.1778
2006-04-04 00:00:00,441.249
2006-04-05 00:00:00,446.652
2006-04-06 00:00:00,451.4843
2006-04-07 00:00:00,448.5625
2006-04-10 00:00:00,458.0595
2006-04-11 00:00:00,461.9484
2006-04-12 00:00:00,464.1029
2006-04-13 00:00:00,469.2074
2006-04-14 00:00:00,469.2074
2006-04-17 00:00:00,477.305
2006-04-18 00:00:00,487.8256
2006-04-19 00:00:00,492.8985
2006-04-20 00:00:00,488.0485
2006-04-21 00:00:00,496.1841
2006-04-24 00:00:00,485.9153
2006-04-25 00:00:00,485.101
2006-04-26 00:00:00,481.2292
2006-04-27 00:00:00,470.9127
2006-04-28 00:00:00,474.7863
2006-05-01 00:00:00,484.0205
2006-05-02 00:00:00,488.9251
2006-05-03 00:00:00,477.2435
2006-05-04 00:00:00,469.8685
2006-05-05 00:00:00,473.9135
2006-05-08 00:00:00,471.9615
2006-05-09 00:00:00,479.9046
2006-05-10 00:00:00,491.842
2006-05-11 00:00:00,500.5345
2006-05-12 00:00:00,492.0558
2006-05-15 00:00:00,475.0561
2006-05-16 00:00:00,475.8456
2006-05-17 00:00:00,470.4344
2006-05-18 00:00:00,472.0585
2006-05-19 00:00:00,464.9891
2006-05-22 00:00:00,469.9411
2006-05-23 00:00:00,482.0261
2006-05-24 00:00:00,467.5735
2006-05-25 00:00:00,475.1053
2006-05-26 00:00:00,477.6185
2006-05-29 00:00:00,477.6185
2006-05-30 00:00:00,478.9608
2006-05-31 00:00:00,474.5546
2006-06-01 00:00:00,471.2759
2006-06-02 00:00:00,482.144
2006-06-05 00:00:00,481.5269
2006-06-06 00:00:00,478.0078
2006-06-07 00:00:00,472.0397
2006-06-08 00:00:00,468.7498
2006-06-09 00:00:00,475.5609
2006-06-12 00:00:00,471.1024
2006-06-13 00:00:00,459.928
2006-06-14 00:00:00,462.5242
2006-06-15 00:00:00,468.9456
2006-06-16 00:00:00,469.6056
2006-06-19 00:00:00,462.7053
2006-06-20 00:00:00,461.1647
2006-06-21 00:00:00,467.2577
2006-06-22 00:00:00,469.5483
2006-06-23 00:00:00,468.0833
2006-06-26 00:00:00,472.7146
2006-06-27 00:00:00,473.4543
2006-06-28 00:00:00,473.4662
2006-06-29 00:00:00,481.9176
2006-06-30 00:00:00,484.6753
2006-07-03 00:00:00,485.43
2006-07-04 00:00:00,485.43
2006-07-05 00:00:00,489.0818
2006-07-06 00:00:00,490.9004
2006-07-07 00:00:00,484.7144
2006-07-10 00:00:00,482.0139
2006-07-11 00:00:00,488.6696
2006-07-12 00:00:00,494.3539
2006-07-13 00:00:00,504.9732
2006-07-14 00:00:00,509.6343
2006-07-17 00:00:00,496.6747
2006-07-18 00:00:00,488.4339
2006-07-19 00:00:00,486.4664
2006-07-20 00:00:00,484.1147
2006-07-21 00:00:00,484.0677
2006-07-24 00:00:00,489.186
2006-07-25 00:00:00,483.9409
2006-07-26 00:00:00,487.1928
2006-07-27 00:00:00,491.6549
2006-07-28 00:00:00,486.6151
2006-07-31 00:00:00,498.2476
2006-08-01 00:00:00,498.4193
2006-08-02 00:00:00,505.6299
2006-08-03 00:00:00,498.662
2006-08-04 00:00:00,496.9996
2006-08-07 00:00:00,504.9937
2006-08-08 00:00:00,503.3722
2006-08-09 00:00:00,506.7766
2006-08-10 00:00:00,495.2756
2006-08-11 00:00:00,495.5996
2006-08-14 00:00:00,487.2605
2006-08-15 00:00:00,485.8219
2006-08-16 00:00:00,482.2413
2006-08-17 00:00:00,471.6709
2006-08-18 00:00:00,475.1176
2006-08-21 00:00:00,480.5196
2006-08-22 00:00:00,482.3286
2006-08-23 00:00:00,475.5215
2006-08-24 00:00:00,479.1032
2006-08-25 00:00:00,481.0938
2006-08-28 00:00:00,468.4148
2006-08-29 00:00:00,464.8492
2006-08-30 00:00:00,464.2655
2006-08-31 00:00:00,465.868
2006-09-01 00:00:00,459.0111
2006-09-04 00:00:00,459.0111
2006-09-05 00:00:00,457.1419
2006-09-06 00:00:00,453.258
2006-09-07 00:00:00,450.2273
2006-09-08 00:00:00,446.4114
2006-09-11 00:00:00,441.6224
2006-09-12 00:00:00,437.2397
2006-09-13 00:00:00,438.3885
2006-09-14 00:00:00,433.7252
2006-09-15 00:00:00,431.5829
2006-09-18 00:00:00,434.9729
2006-09-19 00:00:00,426.5124
2006-09-20 00:00:00,418.3224
2006-09-21 00:00:00,423.5691
2006-09-22 00:00:00,418.0165
2006-09-25 00:00:00,418.9315
2006-09-26 00:00:00,419.1972
2006-09-27 00:00:00,426.0039
2006-09-28 00:00:00,426.6299
2006-09-29 00:00:00,428.0533
2006-10-02 00:00:00,420.1734
2006-10-03 00:00:00,409.6789
2006-10-04 00:00:00,413.8105
2006-10-05 00:00:00,420.1846
2006-10-06 00:00:00,422.7788
2006-10-09 00:00:00,430.2868
2006-10-10 00:00:00,426.4999
2006-10-11 00:00:00,426.8494
2006-10-12 00:00:00,429.8947
2006-10-13 00:00:00,434.761
2006-10-16 00:00:00,444.4366
2006-10-17 00:00:00,440.2057
2006-10-18 00:00:00,434.0706
2006-10-19 00:00:00,439.8393
2006-10-20 00:00:00,435.2704
2006-10-23 00:00:00,432.3502
2006-10-24 00:00:00,435.8881
2006-10-25 00:00:00,447.0071
2006-10-26 00:00:00,441.2802
2006-10-27 00:00:00,441.8558
2006-10-30 00:00:00,428.4274
2006-10-31 00:00:00,429.2243
2006-11-01 00:00:00,429.5622
2006-11-02 00:00:00,428.2354
2006-11-03 00:00:00,434.0435
2006-11-06 00:00:00,437.1021
2006-11-07 00:00:00,436.3274
2006-11-08 00:00:00,442.2845
2006-11-09 00:00:00,452.5191
2006-11-10 00:00:00,444.1614
2006-11-13 00:00:00,441.7837
2006-11-14 00:00:00,441.1145
2006-11-15 00:00:00,445.2829
2006-11-16 00:00:00,434.5643
2006-11-17 00:00:00,436.957
2006-11-20 00:00:00,437.0653
2006-11-21 00:00:00,444.9995
2006-11-22 00:00:00,438.527
2006-11-23 00:00:00,438.527
2006-11-24 00:00:00,441.905
2006-11-27 00:00:00,446.7942
2006-11-28 00:00:00,450.1268
2006-11-29 00:00:00,458.6239
2006-11-30 00:00:00,463.6554
2006-12-01 00:00:00,462.4187
2006-12-04 00:00:00,453.1254
2006-12-05 00:00:00,453.192
2006-12-06 00:00:00,449.2451
2006-12-07 00:00:00,449.4976
2006-12-08 00:00:00,448.1454
2006-12-11 00:00:00,445.4483
2006-12-12 00:00:00,444.4922
2006-12-13 00:00:00,446.8475
2006-12-14 00:00:00,452.5031
2006-12-15 00:00:00,453.0411
2006-12-18 00:00:00,445.0829
2006-12-19 00:00:00,447.942
2006-12-20 00:00:00,447.6214
2006-12-21 00:00:00,443.0892
2006-12-22 00:00:00,442.2945
2006-12-25 00:00:00,442.2945
2006-12-26 00:00:00,433.8892
2006-12-27 00:00:00,431.0525
2006-12-28 00:00:00,432.3528
2006-12-29 00:00:00,433.6465
2007-01-01 00:00:00,433.6465
2007-01-02 00:00:00,432.1335
2007-01-03 00:00:00,417.2263
2007-01-04 00:00:00,405.2581
2007-01-05 00:00:00,406.3545
2007-01-08 00:00:00,406.8246
2007-01-09 00:00:00,406.054
2007-01-10 00:00:00,403.3683
2007-01-11 00:00:00,395.4155
2007-01-12 00:00:00,402.4067
2007-01-15 00:00:00,402.4067
2007-01-16 00:00:00,394.7586
2007-01-17 00:00:00,397.9569
2007-01-18 00:00:00,392.6523
2007-01-19 00:00:00,402.5814
2007-01-22 00:00:00,402.5017
2007-01-23 00:00:00,414.7365
2007-01-24 00:00:00,414.4583
2007-01-25 00:00:00,408.761
2007-01-26 00:00:00,414.3108
2007-01-29 00:00:00,405.1973
2007-01-30 00:00:00,420.6654
2007-01-31 00:00:00,427.2178
2007-02-01 00:00:00,422.5294
2007-02-02 00:00:00,427.7104
2007-02-05 00:00:00,427.6214
2007-02-06 00:00:00,427.7516
2007-02-07 00:00:00,423.6474
2007-02-08 00:00:00,433.6404
2007-02-09 00:00:00,436.6234
2007-02-12 00:00:00,424.8486
2007-02-13 00:00:00,434.3634
2007-02-14 00:00:00,428.0056
2007-02-15 00:00:00,429.1741
2007-02-16 00:00:00,436.485
2007-02-19 00:00:00,436.485
2007-02-20 00:00:00,431.4866
2007-02-21 00:00:00,439.4147
2007-02-22 00:00:00,446.8416
2007-02-23 00:00:00,450.0319
2007-02-26 00:00:00,450.9571
2007-02-27 00:00:00,449.278
2007-02-28 00:00:00,448.4914
2007-03-01 00:00:00,448.5116
2007-03-02 00:00:00,445.6027
2007-03-05 00:00:00,437.388
2007-03-06 00:00:00,441.5488
2007-03-07 00:00:00,448.7022
2007-03-08 00:00:00,449.8553
2007-03-09 00:00:00,443.2159
2007-03-12 00:00:00,440.1383
2007-03-13 00:00:00,439.291
2007-03-14 00:00:00,440.3494
2007-03-15 00:00:00,438.8141
2007-03-16 00:00:00,438.0569
2007-03-19 00:00:00,437.819
2007-03-20 00:00:00,436.4039
2007-03-21 00:00:00,438.497
2007-03-22 00:00:00,448.7583
2007-03-23 00:00:00,449.4335
2007-03-26 00:00:00,453.3681
2007-03-27 00:00:00,454.0945
2007-03-28 00:00:00,459.8754
2007-03-29 00:00:00,468.1502
2007-03-30 00:00:00,468.115
2007-04-02 00:00:00,467.1642
2007-04-03 00:00:00,462.324
2007-04-04 00:00:00,465.941
2007-04-05 00:00:00,466.787
2007-04-06 00:00:00,466.787
2007-04-09 00:00:00,459.3198
2007-04-10 00:00:00,466.6671
2007-04-11 00:00:00,468.9528
2007-04-12 00:00:00,475.7155
2007-04-13 00:00:00,477.8383
2007-04-16 00:00:00,471.8795
2007-04-17 00:00:00,467.2639
2007-04-18 00:00:00,466.6672
2007-04-19 00:00:00,463.8083
2007-04-20 00:00:00,467.163
2007-04-23 00:00:00,475.3098
2007-04-24 00:00:00,469.2675
2007-04-25 00:00:00,476.4677
2007-04-26 00:00:00,471.1463
2007-04-27 00:00:00,477.6868
2007-04-30 00:00:00,474.4641
2007-05-01 00:00:00,470.9727
2007-05-02 00:00:00,467.167
2007-05-03 00:00:00,467.9629
2007-05-04 00:00:00,465.7148
2007-05-07 00:00:00,462.233
2007-05-08 00:00:00,464.369
2007-05-09 00:00:00,462.775
2007-05-10 00:00:00,464.842
2007-05-11 00:00:00,472.123
2007-05-14 00:00:00,469.691
2007-05-15 00:00:00,473.76
2007-05-16 00:00:00,471.054
2007-05-17 00:00:00,478.583
2007-05-18 00:00:00,477.369
2007-05-21 00:00:00,482.668
2007-05-22 00:00:00,474.641
2007-05-23 00:00:00,475.775
2007-05-24 00:00:00,471.397
2007-05-25 00:00:00,475.647
2007-05-28 00:00:00,475.647
2007-05-29 00:00:00,465.361
2007-05-30 00:00:00,467.595
2007-05-31 00:00:00,470.648
2007-06-01 00:00:00,475.756
2007-06-04 00:00:00,483.244
2007-06-05 00:00:00,480.406
2007-06-06 00:00:00,479.981
2007-06-07 00:00:00,482.483
2007-06-08 00:00:00,471.158
2007-06-11 00:00:00,479.244
2007-06-12 00:00:00,477.339
2007-06-13 00:00:00,483.638
2007-06-14 00:00:00,492.484
2007-06-15 00:00:00,495.599
2007-06-18 00:00:00,498.025
2007-06-19 00:00:00,493.359
2007-06-20 00:00:00,490.62
2007-06-21 00:00:00,489.18
2007-06-22 00:00:00,488.813
2007-06-25 00:00:00,487.924
2007-06-26 00:00:00,481.15
2007-06-27 00:00:00,485.278
2007-06-28 00:00:00,485.515
2007-06-29 00:00:00,489.152
2007-07-02 00:00:00,492.027
2007-07-03 00:00:00,493.051
2007-07-04 00:00:00,493.051
2007-07-05 00:00:00,496.971
2007-07-06 00:00:00,500.657
2007-07-09 00:00:00,499.912
2007-07-10 00:00:00,504.661
2007-07-11 00:00:00,503.764
2007-07-12 00:00:00,504.7109
2007-07-13 00:00:00,509.594
2007-07-16 00:00:00,504.152
2007-07-17 00:00:00,501.374
2007-07-18 00:00:00,509.858
2007-07-19 00:00:00,514.709
2007-07-20 00:00:00,513.126
2007-07-23 00:00:00,505.526
2007-07-24 00:00:00,499.692
2007-07-25 00:00:00,505.809
2007-07-26 00:00:00,502.496
2007-07-27 00:00:00,509.651
2007-07-30 00:00:00,509.988
2007-07-31 00:00:00,515.941
2007-08-01 00:00:00,508.944
2007-08-02 00:00:00,508.865
2007-08-03 00:00:00,503.224
2007-08-06 00:00:00,489.129
2007-08-07 00:00:00,491.33
2007-08-08 00:00:00,490.834
2007-08-09 00:00:00,489.493
2007-08-10 00:00:00,489.818
2007-08-13 00:00:00,491.466
2007-08-14 00:00:00,493.101
2007-08-15 00:00:00,496.961
2007-08-16 00:00:00,481.953
2007-08-17 00:00:00,489.071
2007-08-20 00:00:00,480.809
2007-08-21 00:00:00,475.287
2007-08-22 00:00:00,475.456
2007-08-23 00:00:00,479.972
2007-08-24 00:00:00,485.235
2007-08-27 00:00:00,486.476
2007-08-28 00:00:00,485.596
2007-08-29 00:00:00,492.353
2007-08-30 00:00:00,493.016
2007-08-31 00:00:00,495.304
2007-09-03 00:00:00,495.304
2007-09-04 00:00:00,501.27
2007-09-05 00:00:00,503.844
2007-09-06 00:00:00,506.197
2007-09-07 00:00:00,507.454
2007-09-10 00:00:00,513.169
2007-09-11 00:00:00,519.199
2007-09-12 00:00:00,527.756
2007-09-13 00:00:00,527.033
2007-09-14 00:00:00,526.266
2007-09-17 00:00:00,533.121
2007-09-18 00:00:00,536.265
2007-09-19 00:00:00,539.248
2007-09-20 00:00:00,543.608
2007-09-21 00:00:00,544.566
2007-09-24 00:00:00,544.037
2007-09-25 00:00:00,537.448
2007-09-26 00:00:00,539.639
2007-09-27 00:00:00,551.491
2007-09-28 00:00:00,546.133
2007-10-01 00:00:00,540.728
2007-10-02 00:00:00,537.935
2007-10-03 00:00:00,537.893
2007-10-04 00:00:00,543.508
2007-10-05 00:00:00,541.592
2007-10-08 00:00:00,528.607
2007-10-09 00:00:00,534.527
2007-10-10 00:00:00,541.321
2007-10-11 00:00:00,549.802
2007-10-12 00:00:00,550.7
2007-10-15 00:00:00,561.712
2007-10-16 00:00:00,566.122
2007-10-17 00:00:00,564.45
2007-10-18 00:00:00,572.326
2007-10-19 00:00:00,567.854
2007-10-22 00:00:00,562.578
2007-10-23 00:00:00,558.636
2007-10-24 00:00:00,564.314
2007-10-25 00:00:00,579.094
2007-10-26 00:00:00,585.666
2007-10-29 00:00:00,594.74
2007-10-30 00:00:00,581.759
2007-10-31 00:00:00,599.31
2007-11-01 00:00:00,594.456
2007-11-02 00:00:00,604.7
2007-11-05 00:00:00,595.782
2007-11-06 00:00:00,608.476
2007-11-07 00:00:00,606.211
2007-11-08 00:00:00,603.942
2007-11-09 00:00:00,607.235
2007-11-12 00:00:00,599.044
2007-11-13 00:00:00,585.242
2007-11-14 00:00:00,597.17
2007-11-15 00:00:00,591.924
2007-11-16 00:00:00,599.403
2007-11-19 00:00:00,599.401
2007-11-20 00:00:00,613.72
2007-11-21 00:00:00,611.238
2007-11-22 00:00:00,611.238
2007-11-23 00:00:00,617.74
2007-11-26 00:00:00,615.684
2007-11-27 00:00:00,601.853
2007-11-28 00:00:00,587.497
2007-11-29 00:00:00,589.092
2007-11-30 00:00:00,577.987
2007-12-03 00:00:00,578.825
2007-12-04 00:00:00,576.742
2007-12-05 00:00:00,573.444
2007-12-06 00:00:00,583.742
2007-12-07 00:00:00,578.385
2007-12-10 00:00:00,576.311
2007-12-11 00:00:00,584.371
2007-12-12 00:00:00,605.313
2007-12-13 00:00:00,596.788
2007-12-14 00:00:00,594.473
2007-12-17 00:00:00,591.427
2007-12-18 00:00:00,587.145
2007-12-19 00:00:00,593.941
2007-12-20 00:00:00,592.014
2007-12-21 00:00:00,601.171
2007-12-24 00:00:00,602.59
2007-12-25 00:00:00,602.59
2007-12-26 00:00:00,611.156
2007-12-27 00:00:00,614.132
2007-12-28 00:00:00,610.233
2007-12-31 00:00:00,610.169
2008-01-01 00:00:00,610.169
2008-01-02 00:00:00,629.981
2008-01-03 00:00:00,630.74
2008-01-04 00:00:00,624.942
2008-01-07 00:00:00,611.671
2008-01-08 00:00:00,620.906
2008-01-09 00:00:00,616.887
2008-01-10 00:00:00,607.434
2008-01-11 00:00:00,605.848
2008-01-14 00:00:00,615.283
2008-01-15 00:00:00,604.946
2008-01-16 00:00:00,596.73
2008-01-17 00:00:00,594.468
2008-01-18 00:00:00,597.158
2008-01-21 00:00:00,597.158
2008-01-22 00:00:00,589.53
2008-01-23 00:00:00,576.743
2008-01-24 00:00:00,590.066
2008-01-25 00:00:00,599.516
2008-01-28 00:00:00,603.295
2008-01-29 00:00:00,607.34
2008-01-30 00:00:00,609.13
2008-01-31 00:00:00,608.378
2008-02-01 00:00:00,595.559
2008-02-04 00:00:00,602.378
2008-02-05 00:00:00,595.355
2008-02-06 00:00:00,592.643
2008-02-07 00:00:00,599.84
2008-02-08 00:00:00,619.939
2008-02-11 00:00:00,628.524
2008-02-12 00:00:00,623.052
2008-02-13 00:00:00,625.025
2008-02-14 00:00:00,638.974
2008-02-15 00:00:00,638.004
2008-02-18 00:00:00,638.004
2008-02-19 00:00:00,660.613
2008-02-20 00:00:00,660.585
2008-02-21 00:00:00,656.578
2008-02-22 00:00:00,660.43
2008-02-25 00:00:00,665.364
2008-02-26 00:00:00,676.3
2008-02-27 00:00:00,672.869
2008-02-28 00:00:00,685.69
2008-02-29 00:00:00,679.778
2008-03-03 00:00:00,685.279
2008-03-04 00:00:00,669.193
2008-03-05 00:00:00,694.562
2008-03-06 00:00:00,696.519
2008-03-07 00:00:00,692.931
2008-03-10 00:00:00,703.039
2008-03-11 00:00:00,708.464
2008-03-12 00:00:00,715.298
2008-03-13 00:00:00,718.46
2008-03-14 00:00:00,712.694
2008-03-17 00:00:00,681.771
2008-03-18 00:00:00,703.589
2008-03-19 00:00:00,671.119
2008-03-20 00:00:00,661.584
2008-03-21 00:00:00,661.584
2008-03-24 00:00:00,662.632
2008-03-25 00:00:00,669.258
2008-03-26 00:00:00,688.133
2008-03-27 00:00:00,695.398
2008-03-28 00:00:00,686.353
2008-03-31 00:00:00,668.913
2008-04-01 00:00:00,662.527
2008-04-02 00:00:00,681.022
2008-04-03 00:00:00,676.964
2008-04-04 00:00:00,688.486
2008-04-07 00:00:00,701.4
2008-04-08 00:00:00,697.676
2008-04-09 00:00:00,712.928
2008-04-10 00:00:00,710.986
2008-04-11 00:00:00,708.723
2008-04-14 00:00:00,714.817
2008-04-15 00:00:00,725.699
2008-04-16 00:00:00,734.092
2008-04-17 00:00:00,732.574
2008-04-18 00:00:00,738.168
2008-04-21 00:00:00,737.331
2008-04-22 00:00:00,745.96
2008-04-23 00:00:00,746.148
2008-04-24 00:00:00,735.027
2008-04-25 00:00:00,744.924
2008-04-28 00:00:00,748.128
2008-04-29 00:00:00,730.121
2008-04-30 00:00:00,721.067
2008-05-01 00:00:00,711.344
2008-05-02 00:00:00,731.334
2008-05-05 00:00:00,747.587
2008-05-06 00:00:00,758.186
2008-05-07 00:00:00,765.89
2008-05-08 00:00:00,769.716
2008-05-09 00:00:00,782.696
2008-05-12 00:00:00,774.433
2008-05-13 00:00:00,782.738
2008-05-14 00:00:00,774.968
2008-05-15 00:00:00,773.972
2008-05-16 00:00:00,783.131
2008-05-19 00:00:00,782.801
2008-05-20 00:00:00,796.333
2008-05-21 00:00:00,816.751
2008-05-22 00:00:00,805.806
2008-05-23 00:00:00,812.194
2008-05-26 00:00:00,812.194
2008-05-27 00:00:00,797.524
2008-05-28 00:00:00,805.347
2008-05-29 00:00:00,781.739
2008-05-30 00:00:00,786.583
2008-06-02 00:00:00,792.18
2008-06-03 00:00:00,777.611
2008-06-04 00:00:00,767.157
2008-06-05 00:00:00,792.914
2008-06-06 00:00:00,842.244
2008-06-09 00:00:00,825.303
2008-06-10 00:00:00,815.4
2008-06-11 00:00:00,842.678
2008-06-12 00:00:00,845.819
2008-06-13 00:00:00,839.903
2008-06-16 00:00:00,842.413
2008-06-17 00:00:00,840.435
2008-06-18 00:00:00,852.191
2008-06-19 00:00:00,830.347
2008-06-20 00:00:00,843.128
2008-06-23 00:00:00,848.675
2008-06-24 00:00:00,847.822
2008-06-25 00:00:00,837.431
2008-06-26 00:00:00,865.091
2008-06-27 00:00:00,866.938
2008-06-30 00:00:00,862.809
2008-07-01 00:00:00,869.0131
2008-07-02 00:00:00,882.863
2008-07-03 00:00:00,890.294
2008-07-04 00:00:00,890.294
2008-07-07 00:00:00,864.987
2008-07-08 00:00:00,836.969
2008-07-09 00:00:00,838.153
2008-07-10 00:00:00,865.374
2008-07-11 00:00:00,879.642
2008-07-14 00:00:00,877.461
2008-07-15 00:00:00,846.381
2008-07-16 00:00:00,830.063
2008-07-17 00:00:00,803.424
2008-07-18 00:00:00,795.975
2008-07-21 00:00:00,803.685
2008-07-22 00:00:00,786.738
2008-07-23 00:00:00,766.808
2008-07-24 00:00:00,767.507
2008-07-25 00:00:00,759.081
2008-07-28 00:00:00,765.573
2008-07-29 00:00:00,753.412
2008-07-30 00:00:00,771.958
2008-07-31 00:00:00,760.199
2008-08-01 00:00:00,762.517
2008-08-04 00:00:00,738.465
2008-08-05 00:00:00,727.417
2008-08-06 00:00:00,723.009
2008-08-07 00:00:00,730.445
2008-08-08 00:00:00,704.183
2008-08-11 00:00:00,702.684
2008-08-12 00:00:00,696.177
2008-08-13 00:00:00,714.132
2008-08-14 00:00:00,708.976
2008-08-15 00:00:00,699.346
2008-08-18 00:00:00,698.132
2008-08-19 00:00:00,706.207
2008-08-20 00:00:00,712.754
2008-08-21 00:00:00,743.965
2008-08-22 00:00:00,711.4
2008-08-25 00:00:00,711.634
2008-08-26 00:00:00,717.939
2008-08-27 00:00:00,725.682
2008-08-28 00:00:00,710.359
2008-08-29 00:00:00,708.156
2008-09-01 00:00:00,708.156
2008-09-02 00:00:00,677.056
2008-09-03 00:00:00,675.256
2008-09-04 00:00:00,668.938
2008-09-05 00:00:00,657.646
2008-09-08 00:00:00,659.79
2008-09-09 00:00:00,644.935
2008-09-10 00:00:00,639.876
2008-09-11 00:00:00,634.639
2008-09-12 00:00:00,640.323
2008-09-15 00:00:00,615.374
2008-09-16 00:00:00,590.939
2008-09-17 00:00:00,619.137
2008-09-18 00:00:00,617.588
2008-09-19 00:00:00,640.448
2008-09-22 00:00:00,672.868
2008-09-23 00:00:00,660.85
2008-09-24 00:00:00,657.07
2008-09-25 00:00:00,665.422
2008-09-26 00:00:00,657.022
2008-09-29 00:00:00,606.661
2008-09-30 00:00:00,622.237
2008-10-01 00:00:00,613.209
2008-10-02 00:00:00,585.714
2008-10-03 00:00:00,583.44
2008-10-06 00:00:00,547.024
2008-10-07 00:00:00,554.068
2008-10-08 00:00:00,550.019
2008-10-09 00:00:00,544.12
2008-10-10 00:00:00,500.0524
2008-10-13 00:00:00,520.437
2008-10-14 00:00:00,509.386
2008-10-15 00:00:00,485.684
2008-10-16 00:00:00,464.11
2008-10-17 00:00:00,474.738
2008-10-20 00:00:00,483.667
2008-10-21 00:00:00,473.254
2008-10-22 00:00:00,445.216
2008-10-23 00:00:00,447.275
2008-10-24 00:00:00,427.961
2008-10-27 00:00:00,427.163
2008-10-28 00:00:00,425.42
2008-10-29 00:00:00,454.274
2008-10-30 00:00:00,440.802
2008-10-31 00:00:00,449.461
2008-11-03 00:00:00,434.734
2008-11-04 00:00:00,467.257
2008-11-05 00:00:00,442.513
2008-11-06 00:00:00,418.947
2008-11-07 00:00:00,420.387
2008-11-10 00:00:00,431.369
2008-11-11 00:00:00,414.862
2008-11-12 00:00:00,400.997
2008-11-13 00:00:00,410.279
2008-11-14 00:00:00,405.224
2008-11-17 00:00:00,395.989
2008-11-18 00:00:00,391.575
2008-11-19 00:00:00,388.781
2008-11-20 00:00:00,366.387
2008-11-21 00:00:00,368.388
2008-11-24 00:00:00,393.935
2008-11-25 00:00:00,376.615
2008-11-26 00:00:00,394.271
2008-11-27 00:00:00,394.271
2008-11-28 00:00:00,390.646
2008-12-01 00:00:00,365.791
2008-12-02 00:00:00,354.701
2008-12-03 00:00:00,351.541
2008-12-04 00:00:00,334.171
2008-12-05 00:00:00,317.996
2008-12-08 00:00:00,336.12
2008-12-09 00:00:00,330.778
2008-12-10 00:00:00,340.235
2008-12-11 00:00:00,363.32
2008-12-12 00:00:00,356.561
2008-12-15 00:00:00,352.132
2008-12-16 00:00:00,351.475
2008-12-17 00:00:00,345.383
2008-12-18 00:00:00,333.824
2008-12-19 00:00:00,333.708
2008-12-22 00:00:00,324.226
2008-12-23 00:00:00,322.262
2008-12-24 00:00:00,308.582
2008-12-25 00:00:00,308.582
2008-12-26 00:00:00,318.006
2008-12-29 00:00:00,327.163
2008-12-30 00:00:00,324.846
2008-12-31 00:00:00,349.038
2009-01-01 00:00:00,349.038
2009-01-02 00:00:00,359.021
2009-01-05 00:00:00,371.327
2009-01-06 00:00:00,377.046
2009-01-07 00:00:00,351.252
2009-01-08 00:00:00,347.323
2009-01-09 00:00:00,349.614
2009-01-12 00:00:00,337.129
2009-01-13 00:00:00,345.443
2009-01-14 00:00:00,345.669
2009-01-15 00:00:00,344.032
2009-01-16 00:00:00,343.1
2009-01-19 00:00:00,343.1
2009-01-20 00:00:00,330.791
2009-01-21 00:00:00,339.403
2009-01-22 00:00:00,337.545
2009-01-23 00:00:00,350.512
2009-01-26 00:00:00,350.515
2009-01-27 00:00:00,332.145
2009-01-28 00:00:00,337.076
2009-01-29 00:00:00,335.532
2009-01-30 00:00:00,336.205
2009-02-02 00:00:00,327.223
2009-02-03 00:00:00,328.255
2009-02-04 00:00:00,328.243
2009-02-05 00:00:00,335.114
2009-02-06 00:00:00,337.916
2009-02-09 00:00:00,341.445
2009-02-10 00:00:00,335.434
2009-02-11 00:00:00,334.428
2009-02-12 00:00:00,337.221
2009-02-13 00:00:00,333.867
2009-02-16 00:00:00,333.867
2009-02-17 00:00:00,313.22
2009-02-18 00:00:00,306.774
2009-02-19 00:00:00,317.914
2009-02-20 00:00:00,314.997
2009-02-23 00:00:00,310.305
2009-02-24 00:00:00,317.244
2009-02-25 00:00:00,327.16
2009-02-26 00:00:00,339.04
2009-02-27 00:00:00,336.24
2009-03-02 00:00:00,314.613
2009-03-03 00:00:00,321.088
2009-03-04 00:00:00,338.126
2009-03-05 00:00:00,327.266
2009-03-06 00:00:00,335.864
2009-03-09 00:00:00,339.077
2009-03-10 00:00:00,337.445
2009-03-11 00:00:00,325.066
2009-03-12 00:00:00,345.031
2009-03-13 00:00:00,342.834
2009-03-16 00:00:00,347.739
2009-03-17 00:00:00,356.595
2009-03-18 00:00:00,350.54
2009-03-19 00:00:00,370.861
2009-03-20 00:00:00,372.168
2009-03-23 00:00:00,381.755
2009-03-24 00:00:00,381.311
2009-03-25 00:00:00,374.233
2009-03-26 00:00:00,379.162
2009-03-27 00:00:00,368.582
2009-03-30 00:00:00,351.099
2009-03-31 00:00:00,358.526
2009-04-01 00:00:00,352.24
2009-04-02 00:00:00,373.3479
2009-04-03 00:00:00,375.551
2009-04-06 00:00:00,368.654
2009-04-07 00:00:00,363.389
2009-04-08 00:00:00,367.12
2009-04-09 00:00:00,379.204
2009-04-10 00:00:00,379.204
2009-04-13 00:00:00,374.349
2009-04-14 00:00:00,376.599
2009-04-15 00:00:00,374.161
2009-04-16 00:00:00,375.846
2009-04-17 00:00:00,377.566
2009-04-20 00:00:00,357.533
2009-04-21 00:00:00,358.195
2009-04-22 00:00:00,358.962
2009-04-23 00:00:00,360.733
2009-04-24 00:00:00,368.59
2009-04-27 00:00:00,359.372
2009-04-28 00:00:00,357.542
2009-04-29 00:00:00,364.63
2009-04-30 00:00:00,365.848
2009-05-01 00:00:00,379.009
2009-05-04 00:00:00,385.579
2009-05-05 00:00:00,383.16
2009-05-06 00:00:00,396.018
2009-05-07 00:00:00,401.062
2009-05-08 00:00:00,411.437
2009-05-11 00:00:00,410.53
2009-05-12 00:00:00,414.0486
2009-05-13 00:00:00,410.636
2009-05-14 00:00:00,412.532
2009-05-15 00:00:00,399.851
2009-05-18 00:00:00,411.734
2009-05-19 00:00:00,413.195
2009-05-20 00:00:00,421.743
2009-05-21 00:00:00,415.68
2009-05-22 00:00:00,420.082
2009-05-25 00:00:00,420.082
2009-05-26 00:00:00,423.094
2009-05-27 00:00:00,427.402
2009-05-28 00:00:00,436.465
2009-05-29 00:00:00,443.053
2009-06-01 00:00:00,458.462
2009-06-02 00:00:00,458.024
2009-06-03 00:00:00,442.407
2009-06-04 00:00:00,457.036
2009-06-05 00:00:00,455.401
2009-06-08 00:00:00,452.752
2009-06-09 00:00:00,463.264
2009-06-10 00:00:00,468.121
2009-06-11 00:00:00,478.152
2009-06-12 00:00:00,472.195
2009-06-15 00:00:00,463.649
2009-06-16 00:00:00,463.295
2009-06-17 00:00:00,466.066
2009-06-18 00:00:00,465.869
2009-06-19 00:00:00,457.204
2009-06-22 00:00:00,442.409
2009-06-23 00:00:00,450.345
2009-06-24 00:00:00,448.795
2009-06-25 00:00:00,456.078
2009-06-26 00:00:00,450.967
2009-06-29 00:00:00,460.152
2009-06-30 00:00:00,450.217
2009-07-01 00:00:00,448.935
2009-07-02 00:00:00,435.77
2009-07-03 00:00:00,435.77
2009-07-06 00:00:00,421.779
2009-07-07 00:00:00,414.962
2009-07-08 00:00:00,402.184
2009-07-09 00:00:00,406.632
2009-07-10 00:00:00,404.508
2009-07-13 00:00:00,405.139
2009-07-14 00:00:00,407.979
2009-07-15 00:00:00,418.153
2009-07-16 00:00:00,421.775
2009-07-17 00:00:00,430.181
2009-07-20 00:00:00,435.149
2009-07-21 00:00:00,435.549
2009-07-22 00:00:00,435.71
2009-07-23 00:00:00,445.1
2009-07-24 00:00:00,448.01
2009-07-27 00:00:00,450.113
2009-07-28 00:00:00,444.177
2009-07-29 00:00:00,426.884
2009-07-30 00:00:00,446.553
2009-07-31 00:00:00,457.407
2009-08-03 00:00:00,472.288
2009-08-04 00:00:00,472.541
2009-08-05 00:00:00,476.64
2009-08-06 00:00:00,471.238
2009-08-07 00:00:00,468.129
2009-08-10 00:00:00,469.049
2009-08-11 00:00:00,464.605
2009-08-12 00:00:00,469.731
2009-08-13 00:00:00,472.915
2009-08-14 00:00:00,458.361
2009-08-17 00:00:00,451.698
2009-08-18 00:00:00,460.601
2009-08-19 00:00:00,471.449
2009-08-20 00:00:00,466.12
2009-08-21 00:00:00,470.292
2009-08-24 00:00:00,474.712
2009-08-25 00:00:00,464.02
2009-08-26 00:00:00,460.899
2009-08-27 00:00:00,464.425
2009-08-28 00:00:00,466.704
2009-08-31 00:00:00,453.787
2009-09-01 00:00:00,443.205
2009-09-02 00:00:00,442.444
2009-09-03 00:00:00,440.362
2009-09-04 00:00:00,439.012
2009-09-07 00:00:00,439.012
2009-09-08 00:00:00,454.327
2009-09-09 00:00:00,457.16
2009-09-10 00:00:00,461.126
2009-09-11 00:00:00,451.424
2009-09-14 00:00:00,452.548
2009-09-15 00:00:00,462.717
2009-09-16 00:00:00,473.001
2009-09-17 00:00:00,472.462
2009-09-18 00:00:00,468.925
2009-09-21 00:00:00,455.614
2009-09-22 00:00:00,465.333
2009-09-23 00:00:00,454.932
2009-09-24 00:00:00,441.691
2009-09-25 00:00:00,440.92
2009-09-28 00:00:00,444.651
2009-09-29 00:00:00,444.482
2009-09-30 00:00:00,462.748
2009-10-01 00:00:00,459.657
2009-10-02 00:00:00,454.276
2009-10-05 00:00:00,457.382
2009-10-06 00:00:00,463.064
2009-10-07 00:00:00,459.038
2009-10-08 00:00:00,472.521
2009-10-09 00:00:00,472.225
2009-10-12 00:00:00,483.707
2009-10-13 00:00:00,488.256
2009-10-14 00:00:00,492.39
2009-10-15 00:00:00,503.191
2009-10-16 00:00:00,508.2
2009-10-19 00:00:00,515.028
2009-10-20 00:00:00,512.233
2009-10-21 00:00:00,525.055
2009-10-22 00:00:00,523.327
2009-10-23 00:00:00,519.284
2009-10-26 00:00:00,508.844
2009-10-27 00:00:00,510.953
2009-10-28 00:00:00,498.339
2009-10-29 00:00:00,511.371
2009-10-30 00:00:00,496.808
2009-11-02 00:00:00,503.632
2009-11-03 00:00:00,510.251
2009-11-04 00:00:00,513.363
2009-11-05 00:00:00,508.423
2009-11-06 00:00:00,497.022
2009-11-09 00:00:00,510.287
2009-11-10 00:00:00,509.338
2009-11-11 00:00:00,513.19
2009-11-12 00:00:00,503.734
2009-11-13 00:00:00,501.853
2009-11-16 00:00:00,517.871
2009-11-17 00:00:00,519.583
2009-11-18 00:00:00,520.19
2009-11-19 00:00:00,510.647
2009-11-20 00:00:00,508.656
2009-11-23 00:00:00,510.266
2009-11-24 00:00:00,501.857
2009-11-25 00:00:00,514.741
2009-11-26 00:00:00,514.741
2009-11-27 00:00:00,506.671
2009-11-30 00:00:00,512.574
2009-12-01 00:00:00,517.826
2009-12-02 00:00:00,509.308
2009-12-03 00:00:00,508.488
2009-12-04 00:00:00,503.327
2009-12-07 00:00:00,500.005
2009-12-08 00:00:00,495.944
2009-12-09 00:00:00,486.097
2009-12-10 00:00:00,487.854
2009-12-11 00:00:00,489.324
2009-12-14 00:00:00,491.932
2009-12-15 00:00:00,494.781
2009-12-16 00:00:00,503.547
2009-12-17 00:00:00,499.375
2009-12-18 00:00:00,501.396
2009-12-21 00:00:00,497.883
2009-12-22 00:00:00,499.731
2009-12-23 00:00:00,511.865
2009-12-24 00:00:00,515.843
2009-12-25 00:00:00,515.843
2009-12-28 00:00:00,523.516
2009-12-29 00:00:00,523.778
2009-12-30 00:00:00,525.044
2009-12-31 00:00:00,524.621
2010-01-01 00:00:00,524.621
2010-01-04 00:00:00,537.943
2010-01-05 00:00:00,538.477
2010-01-06 00:00:00,547.876
2010-01-07 00:00:00,542.586
2010-01-08 00:00:00,543.221
2010-01-11 00:00:00,541.568
2010-01-12 00:00:00,531.539
2010-01-13 00:00:00,528.592
2010-01-14 00:00:00,527.717
2010-01-15 00:00:00,520.37
2010-01-18 00:00:00,520.37
2010-01-19 00:00:00,522.962
2010-01-20 00:00:00,515.23
2010-01-21 00:00:00,508.4
2010-01-22 00:00:00,501.527
2010-01-25 00:00:00,504.545
2010-01-26 00:00:00,499.998
2010-01-27 00:00:00,492.253
2010-01-28 00:00:00,490.047
2010-01-29 00:00:00,486.145
2010-02-01 00:00:00,493.23
2010-02-02 00:00:00,507.279
2010-02-03 00:00:00,504.115
2010-02-04 00:00:00,485.858
2010-02-05 00:00:00,475.646
2010-02-08 00:00:00,480.7
2010-02-09 00:00:00,490.153
2010-02-10 00:00:00,494.059
2010-02-11 00:00:00,501.588
2010-02-12 00:00:00,495.592
2010-02-15 00:00:00,495.592
2010-02-16 00:00:00,511.703
2010-02-17 00:00:00,511.817
2010-02-18 00:00:00,518.554
2010-02-19 00:00:00,521.976
2010-02-22 00:00:00,522.396
2010-02-23 00:00:00,513.254
2010-02-24 00:00:00,518.764
2010-02-25 00:00:00,508.514
2010-02-26 00:00:00,517.484
2010-03-01 00:00:00,512.744
2010-03-02 00:00:00,518.57
2010-03-03 00:00:00,525.444
2010-03-04 00:00:00,519.727
2010-03-05 00:00:00,526.342
2010-03-08 00:00:00,527.739
2010-03-09 00:00:00,525.159
2010-03-10 00:00:00,527.655
2010-03-11 00:00:00,526.539
2010-03-12 00:00:00,523.803
2010-03-15 00:00:00,516.406
2010-03-16 00:00:00,525.568
2010-03-17 00:00:00,532.198
2010-03-18 00:00:00,529.381
2010-03-19 00:00:00,521.499
2010-03-22 00:00:00,522.776
2010-03-23 00:00:00,522.87
2010-03-24 00:00:00,516.92
2010-03-25 00:00:00,515.11
2010-03-26 00:00:00,512.986
2010-03-29 00:00:00,524.585
2010-03-30 00:00:00,526.462
2010-03-31 00:00:00,530.159
2010-04-01 00:00:00,537.71
2010-04-02 00:00:00,537.71
2010-04-05 00:00:00,546.555
2010-04-06 00:00:00,547.194
2010-04-07 00:00:00,544.103
2010-04-08 00:00:00,540.732
2010-04-09 00:00:00,542.137
2010-04-12 00:00:00,542.524
2010-04-13 00:00:00,543.921
2010-04-14 00:00:00,552.412
2010-04-15 00:00:00,553.306
2010-04-16 00:00:00,544.175
2010-04-19 00:00:00,534.89
2010-04-20 00:00:00,540.22
2010-04-21 00:00:00,541.387
2010-04-22 00:00:00,542.646
2010-04-23 00:00:00,548.856
2010-04-26 00:00:00,548.856
2010-04-27 00:00:00,536.915
2010-04-28 00:00:00,538.939
2010-04-29 00:00:00,544.422
2010-04-30 00:00:00,549.941
2010-05-03 00:00:00,553.034
2010-05-04 00:00:00,535.669
2010-05-05 00:00:00,521.811
2010-05-06 00:00:00,508.652
2010-05-07 00:00:00,503.471
2010-05-10 00:00:00,514.818
2010-05-11 00:00:00,516.819
2010-05-12 00:00:00,520.948
2010-05-13 00:00:00,519.576
2010-05-14 00:00:00,501.568
2010-05-17 00:00:00,487.395
2010-05-18 00:00:00,486.963
2010-05-19 00:00:00,481.968
2010-05-20 00:00:00,473.943
2010-05-21 00:00:00,473.744
2010-05-24 00:00:00,473.788
2010-05-25 00:00:00,465.456
2010-05-26 00:00:00,477.316
2010-05-27 00:00:00,492.231
2010-05-28 00:00:00,488.193
2010-05-31 00:00:00,488.193
2010-06-01 00:00:00,481.107
2010-06-02 00:00:00,482.984
2010-06-03 00:00:00,490.01
2010-06-04 00:00:00,474.796
2010-06-07 00:00:00,475.16
2010-06-08 00:00:00,478.265
2010-06-09 00:00:00,488.839
2010-06-10 00:00:00,495.111
2010-06-11 00:00:00,493.099
2010-06-14 00:00:00,500.102
2010-06-15 00:00:00,507.956
2010-06-16 00:00:00,511.523
2010-06-17 00:00:00,511.634
2010-06-18 00:00:00,510.564
2010-06-21 00:00:00,512.832
2010-06-22 00:00:00,508.705
2010-06-23 00:00:00,500.428
2010-06-24 00:00:00,501.804
2010-06-25 00:00:00,511.859
2010-06-28 00:00:00,508.367
2010-06-29 00:00:00,493.657
2010-06-30 00:00:00,495.177
2010-07-01 00:00:00,484.206
2010-07-02 00:00:00,480.314
2010-07-05 00:00:00,480.314
2010-07-06 00:00:00,480.775
2010-07-07 00:00:00,491.039
2010-07-08 00:00:00,497.5
2010-07-09 00:00:00,500.759
2010-07-12 00:00:00,494.67
2010-07-13 00:00:00,505.446
2010-07-14 00:00:00,505.855
2010-07-15 00:00:00,506.762
2010-07-16 00:00:00,502.579
2010-07-19 00:00:00,503.918
2010-07-20 00:00:00,506.346
2010-07-21 00:00:00,503.886
2010-07-22 00:00:00,517.624
2010-07-23 00:00:00,515.671
2010-07-26 00:00:00,515.651
2010-07-27 00:00:00,508.783
2010-07-28 00:00:00,509.989
2010-07-29 00:00:00,518.411
2010-07-30 00:00:00,524.809
2010-08-02 00:00:00,536.903
2010-08-03 00:00:00,540.949
2010-08-04 00:00:00,544.127
2010-08-05 00:00:00,542.571
2010-08-06 00:00:00,534.141
2010-08-09 00:00:00,536.706
2010-08-10 00:00:00,530.532
2010-08-11 00:00:00,520.986
2010-08-12 00:00:00,514.571
2010-08-13 00:00:00,512.355
2010-08-16 00:00:00,510.202
2010-08-17 00:00:00,515.259
2010-08-18 00:00:00,513.972
2010-08-19 00:00:00,509.694
2010-08-20 00:00:00,505.157
2010-08-23 00:00:00,502.356
2010-08-24 00:00:00,494.385
2010-08-25 00:00:00,495.803
2010-08-26 00:00:00,502.379
2010-08-27 00:00:00,510.493
2010-08-30 00:00:00,510.201
2010-08-31 00:00:00,499.162
2010-09-01 00:00:00,509.12
2010-09-02 00:00:00,514.091
2010-09-03 00:00:00,515.669
2010-09-06 00:00:00,515.669
2010-09-07 00:00:00,516.172
2010-09-08 00:00:00,519.211
2010-09-09 00:00:00,519.069
2010-09-10 00:00:00,526.268
2010-09-13 00:00:00,532.074
2010-09-14 00:00:00,534.635
2010-09-15 00:00:00,532.041
2010-09-16 00:00:00,527.755
2010-09-17 00:00:00,527.041
2010-09-20 00:00:00,531.254
2010-09-21 00:00:00,525.874
2010-09-22 00:00:00,525.3
2010-09-23 00:00:00,527.165
2010-09-24 00:00:00,533.217
2010-09-27 00:00:00,532.613
2010-09-28 00:00:00,531.82
2010-09-29 00:00:00,539.187
2010-09-30 00:00:00,546.064
2010-10-01 00:00:00,549.518
2010-10-04 00:00:00,547.853
2010-10-05 00:00:00,556.428
2010-10-06 00:00:00,558.799
2010-10-07 00:00:00,551.866
2010-10-08 00:00:00,564.093
2010-10-11 00:00:00,564.982
2010-10-12 00:00:00,565.771
2010-10-13 00:00:00,571.942
2010-10-14 00:00:00,570.217
2010-10-15 00:00:00,562.133
2010-10-18 00:00:00,569.407
2010-10-19 00:00:00,552.782
2010-10-20 00:00:00,565.619
2010-10-21 00:00:00,556.1
2010-10-22 00:00:00,560.631
2010-10-25 00:00:00,565.571
2010-10-26 00:00:00,567.176
2010-10-27 00:00:00,563.422
2010-10-28 00:00:00,566.336
2010-10-29 00:00:00,564.16
2010-11-01 00:00:00,569.373
2010-11-02 00:00:00,574.662
2010-11-03 00:00:00,577.602
2010-11-04 00:00:00,590.604
2010-11-05 00:00:00,594.385
2010-11-08 00:00:00,598.08
2010-11-09 00:00:00,601.861
2010-11-10 00:00:00,604.039
2010-11-11 00:00:00,602.42
2010-11-12 00:00:00,582.01
2010-11-15 00:00:00,584.13
2010-11-16 00:00:00,565.66
2010-11-17 00:00:00,560.06
2010-11-18 00:00:00,571.25
2010-11-19 00:00:00,565.94
2010-11-22 00:00:00,564.38
2010-11-23 00:00:00,562.41
2010-11-24 00:00:00,575.66
2010-11-25 00:00:00,575.66
2010-11-26 00:00:00,574.63
2010-11-29 00:00:00,582.09
2010-11-30 00:00:00,575.84
2010-12-01 00:00:00,593.07
2010-12-02 00:00:00,601.06
2010-12-03 00:00:00,608.75
2010-12-06 00:00:00,609.83
2010-12-07 00:00:00,607.14
2010-12-08 00:00:00,607.73
2010-12-09 00:00:00,607.96
2010-12-10 00:00:00,605.21
2010-12-13 00:00:00,612.85
2010-12-14 00:00:00,610.79
2010-12-15 00:00:00,611.61
2010-12-16 00:00:00,607.24
2010-12-17 00:00:00,610.99
2010-12-20 00:00:00,617.38
2010-12-21 00:00:00,620.87
2010-12-22 00:00:00,625.03
2010-12-23 00:00:00,628.32
2010-12-24 00:00:00,628.32
2010-12-27 00:00:00,626.2
2010-12-28 00:00:00,630.32
2010-12-29 00:00:00,629.36
2010-12-30 00:00:00,621.84
2010-12-31 00:00:00,631.83
2011-01-03 00:00:00,634.13
2011-01-04 00:00:00,623.36
2011-01-05 00:00:00,629.55
2011-01-06 00:00:00,620.61
2011-01-07 00:00:00,617.68
2011-01-10 00:00:00,625.86
2011-01-11 00:00:00,636.1
2011-01-12 00:00:00,642.91
2011-01-13 00:00:00,641.45
2011-01-14 00:00:00,643.06
2011-01-17 00:00:00,643.06
2011-01-18 00:00:00,643.78
2011-01-19 00:00:00,642.51
2011-01-20 00:00:00,634.74
2011-01-21 00:00:00,638.01
2011-01-24 00:00:00,633.61
2011-01-25 00:00:00,623.2
2011-01-26 00:00:00,634.83
2011-01-27 00:00:00,629.99
2011-01-28 00:00:00,642.11
2011-01-31 00:00:00,655.26
2011-02-01 00:00:00,655.33
2011-02-02 00:00:00,658.92
2011-02-03 00:00:00,654.91
2011-02-04 00:00:00,648.13
2011-02-07 00:00:00,645.86
2011-02-08 00:00:00,648.21
2011-02-09 00:00:00,654.55
2011-02-10 00:00:00,654.68
2011-02-11 00:00:00,652.93
2011-02-14 00:00:00,656.8
2011-02-15 00:00:00,649.77
2011-02-16 00:00:00,653.89
2011-02-17 00:00:00,657.4
2011-02-18 00:00:00,657.62
2011-02-21 00:00:00,657.62
2011-02-22 00:00:00,670.26
2011-02-23 00:00:00,684.91
2011-02-24 00:00:00,681.99
2011-02-25 00:00:00,690.56
2011-02-28 00:00:00,690.85
2011-03-01 00:00:00,702.28
2011-03-02 00:00:00,711.98
2011-03-03 00:00:00,711.68
2011-03-04 00:00:00,719.62
2011-03-07 00:00:00,719.22
2011-03-08 00:00:00,713.36
2011-03-09 00:00:00,715.96
2011-03-10 00:00:00,707.19
2011-03-11 00:00:00,701.06
2011-03-14 00:00:00,699.92
2011-03-15 00:00:00,673.31
2011-03-16 00:00:00,677.51
2011-03-17 00:00:00,700.43
2011-03-18 00:00:00,702.17
2011-03-21 00:00:00,707.69
2011-03-22 00:00:00,715.0
2011-03-23 00:00:00,716.53
2011-03-24 00:00:00,719.08
2011-03-25 00:00:00,718.73
2011-03-28 00:00:00,710.48
2011-03-29 00:00:00,712.96
2011-03-30 00:00:00,711.21
2011-03-31 00:00:00,725.62
2011-04-01 00:00:00,731.44
2011-04-04 00:00:00,738.02
2011-04-05 00:00:00,740.75
2011-04-06 00:00:00,742.09
2011-04-07 00:00:00,745.01
2011-04-08 00:00:00,760.33
2011-04-11 00:00:00,750.27
2011-04-12 00:00:00,730.63
2011-04-13 00:00:00,735.25
2011-04-14 00:00:00,736.23
2011-04-15 00:00:00,742.76
2011-04-18 00:00:00,733.69
2011-04-19 00:00:00,735.49
2011-04-20 00:00:00,748.41
2011-04-21 00:00:00,752.06
2011-04-22 00:00:00,752.06
2011-04-25 00:00:00,752.54
2011-04-26 00:00:00,751.9
2011-04-27 00:00:00,752.3
2011-04-28 00:00:00,751.2
2011-04-29 00:00:00,758.79
2011-05-02 00:00:00,754.34
2011-05-03 00:00:00,742.87
2011-05-04 00:00:00,731.54
2011-05-05 00:00:00,683.83
2011-05-06 00:00:00,674.16
2011-05-09 00:00:00,698.46
2011-05-10 00:00:00,708.51
2011-05-11 00:00:00,681.0
2011-05-12 00:00:00,681.14
2011-05-13 00:00:00,683.61
2011-05-16 00:00:00,675.74
2011-05-17 00:00:00,672.92
2011-05-18 00:00:00,691.04
2011-05-19 00:00:00,683.26
2011-05-20 00:00:00,688.52
2011-05-23 00:00:00,676.81
2011-05-24 00:00:00,684.77
2011-05-25 00:00:00,696.53
2011-05-26 00:00:00,694.56
2011-05-27 00:00:00,698.72
2011-05-30 00:00:00,698.72
2011-05-31 00:00:00,707.26
2011-06-01 00:00:00,696.57
2011-06-02 00:00:00,698.5
2011-06-03 00:00:00,699.77
2011-06-06 00:00:00,692.04
2011-06-07 00:00:00,696.61
2011-06-08 00:00:00,703.56
2011-06-09 00:00:00,710.27
2011-06-10 00:00:00,701.79
2011-06-13 00:00:00,695.14
2011-06-14 00:00:00,701.44
2011-06-15 00:00:00,677.71
2011-06-16 00:00:00,674.8
2011-06-17 00:00:00,669.11
2011-06-20 00:00:00,666.98
2011-06-21 00:00:00,668.47
2011-06-22 00:00:00,673.22
2011-06-23 00:00:00,648.75
2011-06-24 00:00:00,644.89
2011-06-27 00:00:00,642.82
2011-06-28 00:00:00,656.96
2011-06-29 00:00:00,670.47
2011-06-30 00:00:00,668.85
2011-07-01 00:00:00,664.31
2011-07-04 00:00:00,664.31
2011-07-05 00:00:00,675.35
2011-07-06 00:00:00,673.73
2011-07-07 00:00:00,690.88
2011-07-08 00:00:00,685.6
2011-07-11 00:00:00,680.28
2011-07-12 00:00:00,689.8
2011-07-13 00:00:00,698.04
2011-07-14 00:00:00,688.41
2011-07-15 00:00:00,693.94
2011-07-18 00:00:00,687.62
2011-07-19 00:00:00,694.61
2011-07-20 00:00:00,696.4
2011-07-21 00:00:00,695.41
2011-07-22 00:00:00,701.57
2011-07-25 00:00:00,697.5
2011-07-26 00:00:00,701.37
2011-07-27 00:00:00,694.82
2011-07-28 00:00:00,693.18
2011-07-29 00:00:00,686.08
2011-08-01 00:00:00,684.08
2011-08-02 00:00:00,683.81
2011-08-03 00:00:00,671.59
2011-08-04 00:00:00,644.95
2011-08-05 00:00:00,645.75
2011-08-08 00:00:00,620.6
2011-08-09 00:00:00,614.58
2011-08-10 00:00:00,630.08
2011-08-11 00:00:00,643.41
2011-08-12 00:00:00,643.08
2011-08-15 00:00:00,653.35
2011-08-16 00:00:00,650.41
2011-08-17 00:00:00,656.92
2011-08-18 00:00:00,635.3
2011-08-19 00:00:00,641.46
2011-08-22 00:00:00,646.06
2011-08-23 00:00:00,652.46
2011-08-24 00:00:00,650.59
2011-08-25 00:00:00,653.07
2011-08-26 00:00:00,657.84
2011-08-29 00:00:00,662.94
2011-08-30 00:00:00,672.52
2011-08-31 00:00:00,674.69
2011-09-01 00:00:00,670.38
2011-09-02 00:00:00,661.63
2011-09-05 00:00:00,661.63
2011-09-06 00:00:00,658.07
2011-09-07 00:00:00,671.99
2011-09-08 00:00:00,669.72
2011-09-09 00:00:00,657.0802
2011-09-12 00:00:00,656.32
2011-09-13 00:00:00,658.51
2011-09-14 00:00:00,654.75
2011-09-15 00:00:00,658.58
2011-09-16 00:00:00,653.1
2011-09-19 00:00:00,638.96
2011-09-20 00:00:00,643.65
2011-09-21 00:00:00,638.54
2011-09-22 00:00:00,607.49
2011-09-23 00:00:00,599.25
2011-09-26 00:00:00,600.37
2011-09-27 00:00:00,620.02
2011-09-28 00:00:00,603.55
2011-09-29 00:00:00,606.79
2011-09-30 00:00:00,591.0
2011-10-03 00:00:00,585.62
2011-10-04 00:00:00,576.01
2011-10-05 00:00:00,592.03
2011-10-06 00:00:00,606.52
2011-10-07 00:00:00,606.62
2011-10-10 00:00:00,619.06
2011-10-11 00:00:00,624.65
2011-10-12 00:00:00,625.46
2011-10-13 00:00:00,622.74
2011-10-14 00:00:00,637.9
2011-10-17 00:00:00,632.9
2011-10-18 00:00:00,637.22
2011-10-19 00:00:00,626.47
2011-10-20 00:00:00,624.66
2011-10-21 00:00:00,630.63
2011-10-24 00:00:00,645.45
2011-10-25 00:00:00,649.25
2011-10-26 00:00:00,637.76
2011-10-27 00:00:00,657.14
2011-10-28 00:00:00,652.55
2011-10-31 00:00:00,647.96
2011-11-01 00:00:00,641.69
2011-11-02 00:00:00,643.03
2011-11-03 00:00:00,651.01
2011-11-04 00:00:00,653.71
2011-11-07 00:00:00,660.25
2011-11-08 00:00:00,665.59
2011-11-09 00:00:00,657.29
2011-11-10 00:00:00,661.36
2011-11-11 00:00:00,665.92
2011-11-14 00:00:00,661.11
2011-11-15 00:00:00,666.68
2011-11-16 00:00:00,672.89
2011-11-17 00:00:00,653.62
2011-11-18 00:00:00,648.52
2011-11-21 00:00:00,641.94
2011-11-22 00:00:00,648.26
2011-11-23 00:00:00,638.31
2011-11-24 00:00:00,638.31
2011-11-25 00:00:00,636.12
2011-11-28 00:00:00,644.84
2011-11-29 00:00:00,653.49
2011-11-30 00:00:00,658.02
2011-12-01 00:00:00,654.44
2011-12-02 00:00:00,658.32
2011-12-05 00:00:00,657.52
2011-12-06 00:00:00,659.7
2011-12-07 00:00:00,653.57
2011-12-08 00:00:00,645.98
2011-12-09 00:00:00,647.12
2011-12-12 00:00:00,638.93
2011-12-13 00:00:00,648.24
2011-12-14 00:00:00,621.93
2011-12-15 00:00:00,618.23
2011-12-16 00:00:00,617.9
2011-12-19 00:00:00,619.5
2011-12-20 00:00:00,634.48
2011-12-21 00:00:00,640.91
2011-12-22 00:00:00,645.03
2011-12-23 00:00:00,645.88
2011-12-26 00:00:00,645.88
2011-12-27 00:00:00,653.35
2011-12-28 00:00:00,645.44
2011-12-29 00:00:00,645.81
2011-12-30 00:00:00,644.91
2012-01-02 00:00:00,644.91
2012-01-03 00:00:00,666.55
2012-01-04 00:00:00,670.15
2012-01-05 00:00:00,661.32
2012-01-06 00:00:00,661.9
2012-01-09 00:00:00,662.57
2012-01-10 00:00:00,668.43
2012-01-11 00:00:00,663.49
2012-01-12 00:00:00,655.23
2012-01-13 00:00:00,651.54
2012-01-16 00:00:00,651.54
2012-01-17 00:00:00,659.56
2012-01-18 00:00:00,657.31
2012-01-19 00:00:00,659.77
2012-01-20 00:00:00,652.01
2012-01-23 00:00:00,658.85
2012-01-24 00:00:00,658.84
2012-01-25 00:00:00,661.51
2012-01-26 00:00:00,664.92
2012-01-27 00:00:00,666.64
2012-01-30 00:00:00,661.21
2012-01-31 00:00:00,660.68
2012-02-01 00:00:00,660.76
2012-02-02 00:00:00,657.71
2012-02-03 00:00:00,666.43
2012-02-06 00:00:00,668.53
2012-02-07 00:00:00,672.96
2012-02-08 00:00:00,674.96
2012-02-09 00:00:00,680.37
2012-02-10 00:00:00,673.37
2012-02-13 00:00:00,680.1
2012-02-14 00:00:00,678.6
2012-02-15 00:00:00,682.84
2012-02-16 00:00:00,686.4
2012-02-17 00:00:00,688.44
2012-02-20 00:00:00,688.44
2012-02-21 00:00:00,699.92
2012-02-22 00:00:00,703.11
2012-02-23 00:00:00,707.74
2012-02-24 00:00:00,715.52
2012-02-27 00:00:00,711.62
2012-02-28 00:00:00,703.46
2012-02-29 00:00:00,703.5
2012-03-01 00:00:00,713.18
2012-03-02 00:00:00,704.37
2012-03-05 00:00:00,703.43
2012-03-06 00:00:00,692.61
2012-03-07 00:00:00,697.62
2012-03-08 00:00:00,703.06
2012-03-09 00:00:00,707.22
2012-03-12 00:00:00,704.27
2012-03-13 00:00:00,708.93
2012-03-14 00:00:00,703.02
2012-03-15 00:00:00,700.85
2012-03-16 00:00:00,710.37
2012-03-19 00:00:00,712.31
2012-03-20 00:00:00,701.53
2012-03-21 00:00:00,703.01
2012-03-22 00:00:00,695.57
2012-03-23 00:00:00,703.33
2012-03-26 00:00:00,705.29
2012-03-27 00:00:00,704.24
2012-03-28 00:00:00,695.61
2012-03-29 00:00:00,683.72
2012-03-30 00:00:00,688.71
2012-04-02 00:00:00,700.4
2012-04-03 00:00:00,697.56
2012-04-04 00:00:00,683.5
2012-04-05 00:00:00,689.14
2012-04-06 00:00:00,689.14
2012-04-09 00:00:00,684.85
2012-04-10 00:00:00,674.42
2012-04-11 00:00:00,679.53
2012-04-12 00:00:00,687.36
2012-04-13 00:00:00,682.17
2012-04-16 00:00:00,675.59
2012-04-17 00:00:00,678.77
2012-04-18 00:00:00,671.58
2012-04-19 00:00:00,672.63
2012-04-20 00:00:00,676.38
2012-04-23 00:00:00,674.44
2012-04-24 00:00:00,674.83
2012-04-25 00:00:00,677.57
2012-04-26 00:00:00,682.08
2012-04-27 00:00:00,684.45
2012-04-30 00:00:00,684.88
2012-05-01 00:00:00,687.61
2012-05-02 00:00:00,678.65
2012-05-03 00:00:00,669.36
2012-05-04 00:00:00,653.6
2012-05-07 00:00:00,652.27
2012-05-08 00:00:00,648.6
2012-05-09 00:00:00,648.28
2012-05-10 00:00:00,647.5
2012-05-11 00:00:00,642.58
2012-05-14 00:00:00,635.77
2012-05-15 00:00:00,636.1
2012-05-16 00:00:00,633.4
2012-05-17 00:00:00,630.62
2012-05-18 00:00:00,629.5
2012-05-21 00:00:00,633.68
2012-05-22 00:00:00,628.23
2012-05-23 00:00:00,616.29
2012-05-24 00:00:00,618.78
2012-05-25 00:00:00,620.51
2012-05-28 00:00:00,620.51
2012-05-29 00:00:00,617.67
2012-05-30 00:00:00,603.28
2012-05-31 00:00:00,596.2
2012-06-01 00:00:00,580.99
2012-06-04 00:00:00,584.39
2012-06-05 00:00:00,585.22
2012-06-06 00:00:00,593.06
2012-06-07 00:00:00,592.05
2012-06-08 00:00:00,588.17
2012-06-11 00:00:00,582.43
2012-06-12 00:00:00,581.02
2012-06-13 00:00:00,576.87
2012-06-14 00:00:00,581.87
2012-06-15 00:00:00,582.62
2012-06-18 00:00:00,581.45
2012-06-19 00:00:00,586.31
2012-06-20 00:00:00,575.29
2012-06-21 00:00:00,559.0
2012-06-22 00:00:00,563.72
2012-06-25 00:00:00,567.6
2012-06-26 00:00:00,572.64
2012-06-27 00:00:00,577.0
2012-06-28 00:00:00,567.47
2012-06-29 00:00:00,599.44
2012-07-02 00:00:00,597.4
2012-07-03 00:00:00,618.0
2012-07-04 00:00:00,618.0
2012-07-05 00:00:00,620.15
2012-07-06 00:00:00,605.15
2012-07-09 00:00:00,615.94
2012-07-10 00:00:00,605.91
2012-07-11 00:00:00,612.44
2012-07-12 00:00:00,614.91
2012-07-13 00:00:00,621.19
2012-07-16 00:00:00,630.63
2012-07-17 00:00:00,632.52
2012-07-18 00:00:00,639.75
2012-07-19 00:00:00,654.73
2012-07-20 00:00:00,651.87
2012-07-23 00:00:00,633.47
2012-07-24 00:00:00,630.18
2012-07-25 00:00:00,633.92
2012-07-26 00:00:00,635.43
2012-07-27 00:00:00,641.77
2012-07-30 00:00:00,644.6
2012-07-31 00:00:00,635.82
2012-08-01 00:00:00,637.61
2012-08-02 00:00:00,630.33
2012-08-03 00:00:00,647.65
2012-08-06 00:00:00,650.34
2012-08-07 00:00:00,657.51
2012-08-08 00:00:00,658.72
2012-08-09 00:00:00,661.65
2012-08-10 00:00:00,656.21
2012-08-13 00:00:00,653.61
2012-08-14 00:00:00,655.53
2012-08-15 00:00:00,662.14
2012-08-16 00:00:00,667.57
2012-08-17 00:00:00,667.56
2012-08-20 00:00:00,669.27
2012-08-21 00:00:00,675.55
2012-08-22 00:00:00,676.69
2012-08-23 00:00:00,674.13
2012-08-24 00:00:00,670.51
2012-08-27 00:00:00,666.96
2012-08-28 00:00:00,668.5
2012-08-29 00:00:00,668.71
2012-08-30 00:00:00,666.96
2012-08-31 00:00:00,675.03
2012-09-03 00:00:00,675.03
2012-09-04 00:00:00,672.55
2012-09-05 00:00:00,668.72
2012-09-06 00:00:00,671.72
2012-09-07 00:00:00,676.64
2012-09-10 00:00:00,677.88
2012-09-11 00:00:00,681.05
2012-09-12 00:00:00,682.79
2012-09-13 00:00:00,687.22
2012-09-14 00:00:00,694.21
2012-09-17 00:00:00,678.68
2012-09-18 00:00:00,670.13
2012-09-19 00:00:00,656.73
2012-09-20 00:00:00,658.35
2012-09-21 00:00:00,663.96
2012-09-24 00:00:00,657.68
2012-09-25 00:00:00,658.66
2012-09-26 00:00:00,651.87
2012-09-27 00:00:00,660.26
2012-09-28 00:00:00,665.73
2012-10-01 00:00:00,666.97
2012-10-02 00:00:00,664.18
2012-10-03 00:00:00,648.9
2012-10-04 00:00:00,665.19
2012-10-05 00:00:00,659.63
2012-10-08 00:00:00,656.64
2012-10-09 00:00:00,667.25
2012-10-10 00:00:00,664.76
2012-10-11 00:00:00,671.84
2012-10-12 00:00:00,665.3
2012-10-15 00:00:00,663.08
2012-10-16 00:00:00,664.24
2012-10-17 00:00:00,664.94
2012-10-18 00:00:00,665.13
2012-10-19 00:00:00,656.05
2012-10-22 00:00:00,648.5
2012-10-23 00:00:00,639.3
2012-10-24 00:00:00,636.75
2012-10-25 00:00:00,637.47
2012-10-26 00:00:00,638.97
2012-10-29 00:00:00,636.39
2012-10-30 00:00:00,635.79
2012-10-31 00:00:00,637.74
2012-11-01 00:00:00,638.86
2012-11-02 00:00:00,626.07
2012-11-05 00:00:00,629.85
2012-11-06 00:00:00,644.61
2012-11-07 00:00:00,629.0
2012-11-08 00:00:00,631.53
2012-11-09 00:00:00,636.41
2012-11-12 00:00:00,634.52
2012-11-13 00:00:00,633.32
2012-11-14 00:00:00,637.39
2012-11-15 00:00:00,634.1
2012-11-16 00:00:00,637.01
2012-11-19 00:00:00,650.58
2012-11-20 00:00:00,642.72
2012-11-21 00:00:00,646.01
2012-11-22 00:00:00,646.01
2012-11-23 00:00:00,649.8
2012-11-26 00:00:00,646.99
2012-11-27 00:00:00,645.96
2012-11-28 00:00:00,642.59
2012-11-29 00:00:00,649.34
2012-11-30 00:00:00,650.05
2012-12-03 00:00:00,650.78
2012-12-04 00:00:00,644.95
2012-12-05 00:00:00,643.26
2012-12-06 00:00:00,635.69
2012-12-07 00:00:00,632.88
2012-12-10 00:00:00,631.4
2012-12-11 00:00:00,631.93
2012-12-12 00:00:00,637.05
2012-12-13 00:00:00,631.38
2012-12-14 00:00:00,637.14
2012-12-17 00:00:00,636.92
2012-12-18 00:00:00,640.18
2012-12-19 00:00:00,644.73
2012-12-20 00:00:00,643.49
2012-12-21 00:00:00,639.09
2012-12-24 00:00:00,637.84
2012-12-25 00:00:00,637.84
2012-12-26 00:00:00,646.31
2012-12-27 00:00:00,645.78
2012-12-28 00:00:00,644.43
2012-12-31 00:00:00,646.58
2013-01-01 00:00:00,646.58
2013-01-02 00:00:00,652.56
2013-01-03 00:00:00,650.05
2013-01-04 00:00:00,646.71
2013-01-07 00:00:00,648.69
2013-01-08 00:00:00,650.18
2013-01-09 00:00:00,649.31
2013-01-10 00:00:00,653.11
2013-01-11 00:00:00,649.58
2013-01-14 00:00:00,655.19
2013-01-15 00:00:00,652.18
2013-01-16 00:00:00,653.31
2013-01-17 00:00:00,658.21
2013-01-18 00:00:00,660.83
2013-01-21 00:00:00,660.83
2013-01-22 00:00:00,664.07
2013-01-23 00:00:00,661.98
2013-01-24 00:00:00,664.22
2013-01-25 00:00:00,662.75
2013-01-28 00:00:00,665.33
2013-01-29 00:00:00,670.51
2013-01-30 00:00:00,675.94
2013-01-31 00:00:00,675.37
2013-02-01 00:00:00,679.05
2013-02-04 00:00:00,673.87
2013-02-05 00:00:00,676.7
2013-02-06 00:00:00,676.14
2013-02-07 00:00:00,674.01
2013-02-08 00:00:00,678.14
2013-02-11 00:00:00,677.66
2013-02-12 00:00:00,678.9
2013-02-13 00:00:00,679.2
2013-02-14 00:00:00,679.37
2013-02-15 00:00:00,675.95
2013-02-18 00:00:00,675.95
2013-02-19 00:00:00,675.63
2013-02-20 00:00:00,668.28
2013-02-21 00:00:00,657.31
2013-02-22 00:00:00,658.12
2013-02-25 00:00:00,658.64
2013-02-26 00:00:00,653.56
2013-02-27 00:00:00,650.13
2013-02-28 00:00:00,648.21
2013-03-01 00:00:00,642.65
2013-03-04 00:00:00,640.41
2013-03-05 00:00:00,645.94
2013-03-06 00:00:00,641.74
2013-03-07 00:00:00,646.65
2013-03-08 00:00:00,648.81
2013-03-11 00:00:00,648.72
2013-03-12 00:00:00,649.62
2013-03-13 00:00:00,647.17
2013-03-14 00:00:00,650.23
2013-03-15 00:00:00,652.5
2013-03-18 00:00:00,650.3
2013-03-19 00:00:00,643.16
2013-03-20 00:00:00,648.7
2013-03-21 00:00:00,644.55
2013-03-22 00:00:00,646.5
2013-03-25 00:00:00,649.03
2013-03-26 00:00:00,654.54
2013-03-27 00:00:00,657.78
2013-03-28 00:00:00,655.05
2013-03-29 00:00:00,655.05
2013-04-01 00:00:00,653.1
2013-04-02 00:00:00,651.87
2013-04-03 00:00:00,638.67
2013-04-04 00:00:00,633.0
2013-04-05 00:00:00,628.26
2013-04-08 00:00:00,632.31
2013-04-09 00:00:00,637.09
2013-04-10 00:00:00,636.03
2013-04-11 00:00:00,631.61
2013-04-12 00:00:00,623.16
2013-04-15 00:00:00,608.83
2013-04-16 00:00:00,609.91
2013-04-17 00:00:00,600.97
2013-04-18 00:00:00,606.01
2013-04-19 00:00:00,607.5
2013-04-22 00:00:00,609.1
2013-04-23 00:00:00,607.11
2013-04-24 00:00:00,614.65
2013-04-25 00:00:00,625.15
2013-04-26 00:00:00,622.29
2013-04-29 00:00:00,629.99
2013-04-30 00:00:00,624.44
2013-05-01 00:00:00,611.06
2013-05-02 00:00:00,622.62
2013-05-03 00:00:00,631.08
2013-05-06 00:00:00,632.74
2013-05-07 00:00:00,630.47
2013-05-08 00:00:00,632.85
2013-05-09 00:00:00,634.91
2013-05-10 00:00:00,629.36
2013-05-13 00:00:00,627.87
2013-05-14 00:00:00,625.54
2013-05-15 00:00:00,624.91
2013-05-16 00:00:00,627.99
2013-05-17 00:00:00,632.05
2013-05-20 00:00:00,635.02
2013-05-21 00:00:00,631.02
2013-05-22 00:00:00,625.96
2013-05-23 00:00:00,624.86
2013-05-24 00:00:00,624.4
2013-05-27 00:00:00,624.4
2013-05-28 00:00:00,630.57
2013-05-29 00:00:00,623.35
2013-05-30 00:00:00,622.46
2013-05-31 00:00:00,615.46
2013-06-03 00:00:00,622.56
2013-06-04 00:00:00,625.64
2013-06-05 00:00:00,626.58
2013-06-06 00:00:00,628.7
2013-06-07 00:00:00,631.05
2013-06-10 00:00:00,626.86
2013-06-11 00:00:00,622.42
2013-06-12 00:00:00,623.62
2013-06-13 00:00:00,626.36
2013-06-14 00:00:00,631.24
2013-06-17 00:00:00,630.52
2013-06-18 00:00:00,633.01
2013-06-19 00:00:00,635.84
2013-06-20 00:00:00,616.46
2013-06-21 00:00:00,610.04
2013-06-24 00:00:00,610.3
2013-06-25 00:00:00,611.83
2013-06-26 00:00:00,610.93
2013-06-27 00:00:00,615.88
2013-06-28 00:00:00,611.3
2013-07-01 00:00:00,616.02
2013-07-02 00:00:00,621.03
2013-07-03 00:00:00,629.38
2013-07-04 00:00:00,629.38
2013-07-05 00:00:00,634.02
2013-07-08 00:00:00,634.83
2013-07-09 00:00:00,637.17
2013-07-10 00:00:00,644.31
2013-07-11 00:00:00,641.56
2013-07-12 00:00:00,644.63
2013-07-15 00:00:00,644.4
2013-07-16 00:00:00,645.99
2013-07-17 00:00:00,646.65
2013-07-18 00:00:00,651.05
2013-07-19 00:00:00,650.66
2013-07-22 00:00:00,648.43
2013-07-23 00:00:00,648.62
2013-07-24 00:00:00,642.1
2013-07-25 00:00:00,640.68
2013-07-26 00:00:00,636.81
2013-07-29 00:00:00,636.48
2013-07-30 00:00:00,632.09
2013-07-31 00:00:00,638.64
2013-08-01 00:00:00,646.77
2013-08-02 00:00:00,642.74
2013-08-05 00:00:00,639.59
2013-08-06 00:00:00,634.83
2013-08-07 00:00:00,629.7
2013-08-08 00:00:00,627.95
2013-08-09 00:00:00,634.71
2013-08-12 00:00:00,638.88
2013-08-13 00:00:00,641.23
2013-08-14 00:00:00,643.68
2013-08-15 00:00:00,648.86
2013-08-16 00:00:00,649.92
2013-08-19 00:00:00,649.52
2013-08-20 00:00:00,645.45
2013-08-21 00:00:00,642.3
2013-08-22 00:00:00,643.29
2013-08-23 00:00:00,649.4
2013-08-26 00:00:00,650.66
2013-08-27 00:00:00,662.96
2013-08-28 00:00:00,668.6
2013-08-29 00:00:00,663.48
2013-08-30 00:00:00,657.05
2013-09-02 00:00:00,657.05
2013-09-03 00:00:00,660.66
2013-09-04 00:00:00,656.07
2013-09-05 00:00:00,657.07
2013-09-06 00:00:00,664.33
2013-09-09 00:00:00,657.13
2013-09-10 00:00:00,647.13
2013-09-11 00:00:00,647.51
2013-09-12 00:00:00,652.26
2013-09-13 00:00:00,650.02
2013-09-16 00:00:00,644.19
2013-09-17 00:00:00,636.3
2013-09-18 00:00:00,645.92
2013-09-19 00:00:00,643.27
2013-09-20 00:00:00,638.63
2013-09-23 00:00:00,633.42
2013-09-24 00:00:00,632.59
2013-09-25 00:00:00,633.82
2013-09-26 00:00:00,637.03
2013-09-27 00:00:00,636.39
2013-09-30 00:00:00,632.4
2013-10-01 00:00:00,629.49
2013-10-02 00:00:00,637.18
2013-10-03 00:00:00,635.73
2013-10-04 00:00:00,637.24
2013-10-07 00:00:00,638.02
2013-10-08 00:00:00,640.42
2013-10-09 00:00:00,633.36
2013-10-10 00:00:00,642.05
2013-10-11 00:00:00,638.45
2013-10-14 00:00:00,639.44
2013-10-15 00:00:00,636.38
2013-10-16 00:00:00,641.27
2013-10-17 00:00:00,634.96
2013-10-18 00:00:00,638.62
2013-10-21 00:00:00,634.81
2013-10-22 00:00:00,632.65
2013-10-23 00:00:00,623.91
2013-10-24 00:00:00,622.84
2013-10-25 00:00:00,624.36
2013-10-28 00:00:00,629.69
2013-10-29 00:00:00,627.67
2013-10-30 00:00:00,627.21
2013-10-31 00:00:00,622.52
2013-11-01 00:00:00,612.24
2013-11-04 00:00:00,610.66
2013-11-05 00:00:00,606.77
2013-11-06 00:00:00,609.73
2013-11-07 00:00:00,605.02
2013-11-08 00:00:00,609.95
2013-11-11 00:00:00,614.2
2013-11-12 00:00:00,609.25
2013-11-13 00:00:00,613.7
2013-11-14 00:00:00,616.8
2013-11-15 00:00:00,616.92
2013-11-18 00:00:00,613.95
2013-11-19 00:00:00,611.67
2013-11-20 00:00:00,614.19
2013-11-21 00:00:00,622.23
2013-11-22 00:00:00,624.37
2013-11-25 00:00:00,622.58
2013-11-26 00:00:00,622.4
2013-11-27 00:00:00,620.76
2013-11-28 00:00:00,620.76
2013-11-29 00:00:00,620.12
2013-12-02 00:00:00,623.53
2013-12-03 00:00:00,629.81
2013-12-04 00:00:00,631.85
2013-12-05 00:00:00,630.16
2013-12-06 00:00:00,631.94
2013-12-09 00:00:00,628.35
2013-12-10 00:00:00,630.05
2013-12-11 00:00:00,629.95
2013-12-12 00:00:00,626.38
2013-12-13 00:00:00,623.59
2013-12-16 00:00:00,627.39
2013-12-17 00:00:00,624.29
2013-12-18 00:00:00,627.88
2013-12-19 00:00:00,632.0
2013-12-20 00:00:00,637.1
2013-12-23 00:00:00,635.61
2013-12-24 00:00:00,637.04
2013-12-25 00:00:00,637.04
2013-12-26 00:00:00,637.76
2013-12-27 00:00:00,640.67
2013-12-30 00:00:00,635.79
2013-12-31 00:00:00,632.29
2014-01-01 00:00:00,632.29
2014-01-02 00:00:00,620.36
2014-01-03 00:00:00,614.43
2014-01-06 00:00:00,613.84
2014-01-07 00:00:00,615.22
2014-01-08 00:00:00,610.67
2014-01-09 00:00:00,605.81
2014-01-10 00:00:00,610.3
2014-01-13 00:00:00,609.48
2014-01-14 00:00:00,610.17
2014-01-15 00:00:00,614.72
2014-01-16 00:00:00,613.44
2014-01-17 00:00:00,615.56
2014-01-20 00:00:00,615.56
2014-01-21 00:00:00,616.41
2014-01-22 00:00:00,623.24
2014-01-23 00:00:00,623.6
2014-01-24 00:00:00,624.87
2014-01-27 00:00:00,618.31
2014-01-28 00:00:00,623.91
2014-01-29 00:00:00,626.91
2014-01-30 00:00:00,626.64
2014-01-31 00:00:00,622.26
2014-02-03 00:00:00,619.1096
2014-02-04 00:00:00,623.441
2014-02-05 00:00:00,624.1143
2014-02-06 00:00:00,626.708
2014-02-07 00:00:00,635.1132
2014-02-10 00:00:00,632.4907
2014-02-11 00:00:00,634.8264
2014-02-12 00:00:00,636.2176
2014-02-13 00:00:00,637.91
2014-02-14 00:00:00,640.0627
2014-02-17 00:00:00,640.0627
2014-02-18 00:00:00,649.793
2014-02-19 00:00:00,653.3778
2014-02-20 00:00:00,652.7813
2014-02-21 00:00:00,650.8815
2014-02-24 00:00:00,652.5151
2014-02-25 00:00:00,649.0677
2014-02-26 00:00:00,649.6404
2014-02-27 00:00:00,647.0659
2014-02-28 00:00:00,649.6444
2014-03-03 00:00:00,660.2183
2014-03-04 00:00:00,655.9639
2014-03-05 00:00:00,648.5661
2014-03-06 00:00:00,650.6606
2014-03-07 00:00:00,653.244
2014-03-10 00:00:00,646.842
2014-03-11 00:00:00,645.729
2014-03-12 00:00:00,641.1055
2014-03-13 00:00:00,639.1954
2014-03-14 00:00:00,644.0486
2014-03-17 00:00:00,637.1879
2014-03-18 00:00:00,642.1784
2014-03-19 00:00:00,641.7102
2014-03-20 00:00:00,639.5408
2014-03-21 00:00:00,641.0866
2014-03-24 00:00:00,641.4871
2014-03-25 00:00:00,642.4064
2014-03-26 00:00:00,643.3158
2014-03-27 00:00:00,649.5547
2014-03-28 00:00:00,650.6742
2014-03-31 00:00:00,648.857
2014-04-01 00:00:00,640.8338
2014-04-02 00:00:00,637.0378
2014-04-03 00:00:00,642.5384
2014-04-04 00:00:00,645.1948
2014-04-07 00:00:00,642.3699
2014-04-08 00:00:00,650.8859
2014-04-09 00:00:00,654.2229
2014-04-10 00:00:00,653.1036
2014-04-11 00:00:00,652.2555
2014-04-14 00:00:00,658.0415
2014-04-15 00:00:00,658.4639
2014-04-16 00:00:00,659.6173
2014-04-17 00:00:00,661.2896
2014-04-18 00:00:00,661.2896
2014-04-21 00:00:00,660.7144
2014-04-22 00:00:00,657.8063
2014-04-23 00:00:00,657.4853
2014-04-24 00:00:00,661.4892
2014-04-25 00:00:00,657.703
2014-04-28 00:00:00,654.7652
2014-04-29 00:00:00,658.8395
2014-04-30 00:00:00,652.5111
2014-05-01 00:00:00,648.6089
2014-05-02 00:00:00,650.9405
2014-05-05 00:00:00,648.9415
2014-05-06 00:00:00,648.9934
2014-05-07 00:00:00,651.4311
2014-05-08 00:00:00,649.5789
2014-05-09 00:00:00,647.2982
2014-05-12 00:00:00,648.9678
2014-05-13 00:00:00,652.0264
2014-05-14 00:00:00,655.2289
2014-05-15 00:00:00,652.0441
2014-05-16 00:00:00,652.8556
2014-05-19 00:00:00,653.803
2014-05-20 00:00:00,654.0387
2014-05-21 00:00:00,658.3492
2014-05-22 00:00:00,657.1738
2014-05-23 00:00:00,658.406
2014-05-26 00:00:00,658.406
2014-05-27 00:00:00,655.4422
2014-05-28 00:00:00,652.8376
2014-05-29 00:00:00,654.2635
2014-05-30 00:00:00,649.6324
2014-06-02 00:00:00,648.4599
2014-06-03 00:00:00,647.604
2014-06-04 00:00:00,645.9893
2014-06-05 00:00:00,646.6336
2014-06-06 00:00:00,646.6281
2014-06-09 00:00:00,651.2814
2014-06-10 00:00:00,648.0516
2014-06-11 00:00:00,647.5428
2014-06-12 00:00:00,658.5549
2014-06-13 00:00:00,660.4576
2014-06-16 00:00:00,661.3156
2014-06-17 00:00:00,661.9171
2014-06-18 00:00:00,663.3902
2014-06-19 00:00:00,668.0328
2014-06-20 00:00:00,668.8627
2014-06-23 00:00:00,665.7536
2014-06-24 00:00:00,667.1898
2014-06-25 00:00:00,666.6219
2014-06-26 00:00:00,664.1335
2014-06-27 00:00:00,663.4425
2014-06-30 00:00:00,658.5723
2014-07-01 00:00:00,657.6849
2014-07-02 00:00:00,654.5589
2014-07-03 00:00:00,653.2985
2014-07-04 00:00:00,653.2985
2014-07-07 00:00:00,647.8093
2014-07-08 00:00:00,643.8665
2014-07-09 00:00:00,638.6042
2014-07-10 00:00:00,638.9145
2014-07-11 00:00:00,630.7167
2014-07-14 00:00:00,632.2658
2014-07-15 00:00:00,627.8405
2014-07-16 00:00:00,630.201
2014-07-17 00:00:00,633.7313
2014-07-18 00:00:00,630.9177
2014-07-21 00:00:00,633.2859
2014-07-22 00:00:00,631.4493
2014-07-23 00:00:00,634.012
2014-07-24 00:00:00,630.9107
2014-07-25 00:00:00,634.1709
2014-07-28 00:00:00,631.8899
2014-07-29 00:00:00,630.2264
2014-07-30 00:00:00,627.1953
2014-07-31 00:00:00,621.7026
2014-08-01 00:00:00,617.5006
2014-08-04 00:00:00,620.2314
2014-08-05 00:00:00,616.0379
2014-08-06 00:00:00,618.2598
2014-08-07 00:00:00,619.1135
2014-08-08 00:00:00,617.067
2014-08-11 00:00:00,618.2003
2014-08-12 00:00:00,612.0562
2014-08-13 00:00:00,613.3057
2014-08-14 00:00:00,602.5462
2014-08-15 00:00:00,607.453
2014-08-18 00:00:00,600.3316
2014-08-19 00:00:00,599.4504
2014-08-20 00:00:00,601.3213
2014-08-21 00:00:00,603.7175
2014-08-22 00:00:00,602.9688
2014-08-25 00:00:00,603.037
2014-08-26 00:00:00,604.8125
2014-08-27 00:00:00,605.5805
2014-08-28 00:00:00,606.8384
2014-08-29 00:00:00,610.9172
2014-09-01 00:00:00,610.9172
2014-09-02 00:00:00,598.8502
2014-09-03 00:00:00,607.3503
2014-09-04 00:00:00,603.2883
2014-09-05 00:00:00,600.3485
2014-09-08 00:00:00,597.2049
2014-09-09 00:00:00,594.8657
2014-09-10 00:00:00,589.2951
2014-09-11 00:00:00,588.721
2014-09-12 00:00:00,585.6637
2014-09-15 00:00:00,586.2973
2014-09-16 00:00:00,592.2037
2014-09-17 00:00:00,590.8964
2014-09-18 00:00:00,583.818
2014-09-19 00:00:00,583.0041
2014-09-22 00:00:00,577.7667
2014-09-23 00:00:00,578.3023
2014-09-24 00:00:00,581.5013
2014-09-25 00:00:00,580.9733
2014-09-26 00:00:00,582.5174
2014-09-29 00:00:00,586.9585
2014-09-30 00:00:00,574.2939
2014-10-01 00:00:00,573.078
2014-10-02 00:00:00,570.0004
2014-10-03 00:00:00,565.7947
2014-10-06 00:00:00,570.2171
2014-10-07 00:00:00,567.1263
2014-10-08 00:00:00,561.3252
2014-10-09 00:00:00,555.5072
2014-10-10 00:00:00,554.2919
2014-10-13 00:00:00,554.2808
2014-10-14 00:00:00,539.8402
2014-10-15 00:00:00,533.563
2014-10-16 00:00:00,538.5979
2014-10-17 00:00:00,540.2327
2014-10-20 00:00:00,537.2357
2014-10-21 00:00:00,541.0266
2014-10-22 00:00:00,534.9609
2014-10-23 00:00:00,541.9306
2014-10-24 00:00:00,537.1015
2014-10-27 00:00:00,537.2896
2014-10-28 00:00:00,540.5528
2014-10-29 00:00:00,546.7508
2014-10-30 00:00:00,541.6279
2014-10-31 00:00:00,539.5923
2014-11-03 00:00:00,535.7802
2014-11-04 00:00:00,526.8372
2014-11-05 00:00:00,529.2481
2014-11-06 00:00:00,529.7134
2014-11-07 00:00:00,534.103
2014-11-10 00:00:00,529.1502
2014-11-11 00:00:00,530.2274
2014-11-12 00:00:00,528.1308
2014-11-13 00:00:00,514.4366
2014-11-14 00:00:00,520.9717
2014-11-17 00:00:00,521.446
2014-11-18 00:00:00,517.3593
2014-11-19 00:00:00,516.4166
2014-11-20 00:00:00,521.5887
2014-11-21 00:00:00,525.199
2014-11-24 00:00:00,521.1446
2014-11-25 00:00:00,516.6156
2014-11-26 00:00:00,514.9334
2014-11-27 00:00:00,514.9334
2014-11-28 00:00:00,482.1124
2014-12-01 00:00:00,492.9434
2014-12-02 00:00:00,481.9978
2014-12-03 00:00:00,480.0367
2014-12-04 00:00:00,478.051
2014-12-05 00:00:00,475.8299
2014-12-08 00:00:00,463.5904
2014-12-09 00:00:00,467.8097
2014-12-10 00:00:00,456.3076
2014-12-11 00:00:00,454.2156
2014-12-12 00:00:00,447.693
2014-12-15 00:00:00,441.534
2014-12-16 00:00:00,436.5531
2014-12-17 00:00:00,440.3257
2014-12-18 00:00:00,433.1504
2014-12-19 00:00:00,440.7062
2014-12-22 00:00:00,433.2219
2014-12-23 00:00:00,439.8667
2014-12-24 00:00:00,431.5971
2014-12-25 00:00:00,431.5971
2014-12-26 00:00:00,429.1606
2014-12-29 00:00:00,424.1874
2014-12-30 00:00:00,423.8376
2014-12-31 00:00:00,418.1225
2015-01-01 00:00:00,418.1225
2015-01-02 00:00:00,414.9583
2015-01-05 00:00:00,404.6091
2015-01-06 00:00:00,397.9523
2015-01-07 00:00:00,396.6795
2015-01-08 00:00:00,397.101
2015-01-09 00:00:00,395.0057
2015-01-12 00:00:00,384.7926
2015-01-13 00:00:00,381.0193
2015-01-14 00:00:00,388.9797
2015-01-15 00:00:00,382.7226
2015-01-16 00:00:00,391.4441
2015-01-19 00:00:00,391.4441
2015-01-20 00:00:00,381.236
2015-01-21 00:00:00,386.1453
2015-01-22 00:00:00,381.6765
2015-01-23 00:00:00,379.7409
2015-01-26 00:00:00,377.6521
2015-01-27 00:00:00,382.1973
2015-01-28 00:00:00,376.7316
2015-01-29 00:00:00,375.0788
2015-01-30 00:00:00,389.6819
2015-02-02 00:00:00,396.3375
2015-02-03 00:00:00,412.6965
2015-02-04 00:00:00,395.9003
2015-02-05 00:00:00,404.0587
2015-02-06 00:00:00,410.414
2015-02-09 00:00:00,417.0896
2015-02-10 00:00:00,408.5946
2015-02-11 00:00:00,404.2377
2015-02-12 00:00:00,416.9822
2015-02-13 00:00:00,425.9905
2015-02-16 00:00:00,425.9905
2015-02-17 00:00:00,426.2522
2015-02-18 00:00:00,420.5657
2015-02-19 00:00:00,418.3577
2015-02-20 00:00:00,416.1673
2015-02-23 00:00:00,410.5871
2015-02-24 00:00:00,410.1862
2015-02-25 00:00:00,418.4012
2015-02-26 00:00:00,411.7228
2015-02-27 00:00:00,421.2419
2015-03-02 00:00:00,413.0635
2015-03-03 00:00:00,417.2149
2015-03-04 00:00:00,417.3721
2015-03-05 00:00:00,414.7058
2015-03-06 00:00:00,411.7778
2015-03-09 00:00:00,410.5796
2015-03-10 00:00:00,402.9195
2015-03-11 00:00:00,405.5085
2015-03-12 00:00:00,403.3638
2015-03-13 00:00:00,393.3518
2015-03-16 00:00:00,389.7341
2015-03-17 00:00:00,386.9076
2015-03-18 00:00:00,395.9143
2015-03-19 00:00:00,392.022
2015-03-20 00:00:00,398.1667
2015-03-23 00:00:00,401.8157
2015-03-24 00:00:00,400.1744
2015-03-25 00:00:00,404.7179
2015-03-26 00:00:00,413.3962
2015-03-27 00:00:00,402.7149
2015-03-30 00:00:00,402.4037
2015-03-31 00:00:00,396.6492
2015-04-01 00:00:00,406.7056
2015-04-02 00:00:00,400.9675
2015-04-03 00:00:00,400.9675
2015-04-06 00:00:00,413.1444
2015-04-07 00:00:00,417.8683
2015-04-08 00:00:00,404.0679
2015-04-09 00:00:00,406.3511
2015-04-10 00:00:00,412.3651
2015-04-13 00:00:00,412.7625
2015-04-14 00:00:00,417.9534
2015-04-15 00:00:00,430.8315
2015-04-16 00:00:00,434.6675
2015-04-17 00:00:00,431.7104
2015-04-20 00:00:00,430.815
2015-04-21 00:00:00,426.1574
2015-04-22 00:00:00,426.5591
2015-04-23 00:00:00,435.0661
2015-04-24 00:00:00,435.4213
2015-04-27 00:00:00,434.0206
2015-04-28 00:00:00,434.6655
2015-04-29 00:00:00,440.9021
2015-04-30 00:00:00,445.5848
2015-05-01 00:00:00,443.8279
2015-05-04 00:00:00,444.0336
2015-05-05 00:00:00,450.6034
2015-05-06 00:00:00,450.9736
2015-05-07 00:00:00,441.8489
2015-05-08 00:00:00,444.312
2015-05-11 00:00:00,442.2767
2015-05-12 00:00:00,450.8332
2015-05-13 00:00:00,451.5235
2015-05-14 00:00:00,451.8381
2015-05-15 00:00:00,450.7582
2015-05-18 00:00:00,448.7354
2015-05-19 00:00:00,437.3931
2015-05-20 00:00:00,440.5905
2015-05-21 00:00:00,448.0815
2015-05-22 00:00:00,441.9284
2015-05-25 00:00:00,441.9284
2015-05-26 00:00:00,432.5913
2015-05-27 00:00:00,427.2036
2015-05-28 00:00:00,429.1645
2015-05-29 00:00:00,439.0937
2015-06-01 00:00:00,438.4762
2015-06-02 00:00:00,443.4878
2015-06-03 00:00:00,436.1949
2015-06-04 00:00:00,428.7623
2015-06-05 00:00:00,432.8845
2015-06-08 00:00:00,432.2054
2015-06-09 00:00:00,442.5434
2015-06-10 00:00:00,447.2478
2015-06-11 00:00:00,442.921
2015-06-12 00:00:00,437.9269
2015-06-15 00:00:00,434.3857
2015-06-16 00:00:00,435.7234
2015-06-17 00:00:00,436.43
2015-06-18 00:00:00,437.4697
2015-06-19 00:00:00,431.5521
2015-06-22 00:00:00,433.1497
2015-06-23 00:00:00,438.791
2015-06-24 00:00:00,435.1605
2015-06-25 00:00:00,434.1638
2015-06-26 00:00:00,435.741
2015-06-29 00:00:00,431.6088
2015-06-30 00:00:00,440.6926
2015-07-01 00:00:00,432.6357
2015-07-02 00:00:00,433.8088
2015-07-03 00:00:00,433.8088
2015-07-06 00:00:00,412.5095
2015-07-07 00:00:00,409.2895
2015-07-08 00:00:00,409.3559
2015-07-09 00:00:00,415.4542
2015-07-10 00:00:00,415.4817
2015-07-13 00:00:00,413.6596
2015-07-14 00:00:00,414.7912
2015-07-15 00:00:00,407.8479
2015-07-16 00:00:00,406.1479
2015-07-17 00:00:00,404.7307
2015-07-20 00:00:00,400.1103
2015-07-21 00:00:00,400.8619
2015-07-22 00:00:00,395.3517
2015-07-23 00:00:00,391.0101
2015-07-24 00:00:00,386.6411
2015-07-27 00:00:00,380.6566
2015-07-28 00:00:00,383.5371
2015-07-29 00:00:00,384.7555
2015-07-30 00:00:00,383.6512
2015-07-31 00:00:00,378.3843
2015-08-03 00:00:00,368.6767
2015-08-04 00:00:00,371.3299
2015-08-05 00:00:00,369.3241
2015-08-06 00:00:00,367.4255
2015-08-07 00:00:00,365.4186
2015-08-10 00:00:00,375.0413
2015-08-11 00:00:00,367.051
2015-08-12 00:00:00,367.8911
2015-08-13 00:00:00,365.6709
2015-08-14 00:00:00,365.0184
2015-08-17 00:00:00,362.4
2015-08-18 00:00:00,362.2699
2015-08-19 00:00:00,354.7857
2015-08-20 00:00:00,355.1996
2015-08-21 00:00:00,348.1086
2015-08-24 00:00:00,336.8843
2015-08-25 00:00:00,339.7486
2015-08-26 00:00:00,335.507
2015-08-27 00:00:00,353.6202
2015-08-28 00:00:00,365.6513
2015-08-31 00:00:00,380.848
2015-09-01 00:00:00,364.1357
2015-09-02 00:00:00,366.6423
2015-09-03 00:00:00,369.6658
2015-09-04 00:00:00,364.873
2015-09-07 00:00:00,364.873
2015-09-08 00:00:00,366.926
2015-09-09 00:00:00,359.9198
2015-09-10 00:00:00,366.6428
2015-09-11 00:00:00,363.4742
2015-09-14 00:00:00,359.6135
2015-09-15 00:00:00,360.4379
2015-09-16 00:00:00,368.3738
2015-09-17 00:00:00,365.7614
2015-09-18 00:00:00,357.5946
2015-09-21 00:00:00,364.5834
2015-09-22 00:00:00,362.2761
2015-09-23 00:00:00,357.2586
2015-09-24 00:00:00,358.3102
2015-09-25 00:00:00,362.0137
2015-09-28 00:00:00,355.6992
2015-09-29 00:00:00,358.6688
2015-09-30 00:00:00,359.3369
2015-10-01 00:00:00,356.7047
2015-10-02 00:00:00,358.2474
2015-10-05 00:00:00,363.648
2015-10-06 00:00:00,374.6524
2015-10-07 00:00:00,372.5723
2015-10-08 00:00:00,378.0004
2015-10-09 00:00:00,379.5216
2015-10-12 00:00:00,370.2623
2015-10-13 00:00:00,368.5896
2015-10-14 00:00:00,368.1917
2015-10-15 00:00:00,366.5813
2015-10-16 00:00:00,369.2053
2015-10-19 00:00:00,361.6075
2015-10-20 00:00:00,362.7341
2015-10-21 00:00:00,359.1479
2015-10-22 00:00:00,359.9578
2015-10-23 00:00:00,357.0905
2015-10-26 00:00:00,354.6495
2015-10-27 00:00:00,351.2399
2015-10-28 00:00:00,361.5774
2015-10-29 00:00:00,360.4427
2015-10-30 00:00:00,363.4441
2015-11-02 00:00:00,360.5356
2015-11-03 00:00:00,368.1716
2015-11-04 00:00:00,360.0661
2015-11-05 00:00:00,355.4139
2015-11-06 00:00:00,353.6779
2015-11-09 00:00:00,350.9773
2015-11-10 00:00:00,351.537
2015-11-11 00:00:00,348.067
2015-11-12 00:00:00,343.682
2015-11-13 00:00:00,339.4793
2015-11-16 00:00:00,339.2868
2015-11-17 00:00:00,335.889
2015-11-18 00:00:00,337.0207
2015-11-19 00:00:00,337.4616
2015-11-20 00:00:00,337.7184
2015-11-23 00:00:00,338.7375
2015-11-24 00:00:00,343.3872
2015-11-25 00:00:00,343.7227
2015-11-26 00:00:00,343.7227
2015-11-27 00:00:00,337.2942
2015-11-30 00:00:00,336.1496
2015-12-01 00:00:00,337.6981
2015-12-02 00:00:00,328.3091
2015-12-03 00:00:00,333.439
2015-12-04 00:00:00,331.3569
2015-12-07 00:00:00,320.0561
2015-12-08 00:00:00,318.9979
2015-12-09 00:00:00,319.067
2015-12-10 00:00:00,319.5453
2015-12-11 00:00:00,313.9194
2015-12-14 00:00:00,312.3952
2015-12-15 00:00:00,314.2444
2015-12-16 00:00:00,307.7379
2015-12-17 00:00:00,305.491
2015-12-18 00:00:00,307.3863
2015-12-21 00:00:00,305.9356
2015-12-22 00:00:00,305.0127
2015-12-23 00:00:00,311.729
2015-12-24 00:00:00,314.0067
2015-12-25 00:00:00,314.0067
2015-12-28 00:00:00,309.4641
2015-12-29 00:00:00,315.2288
2015-12-30 00:00:00,309.116
2015-12-31 00:00:00,311.6524
2016-01-01 00:00:00,311.6524
2016-01-04 00:00:00,309.638
2016-01-05 00:00:00,307.1594
2016-01-06 00:00:00,297.9527
2016-01-07 00:00:00,295.708
2016-01-08 00:00:00,295.5682
2016-01-11 00:00:00,287.6189
2016-01-12 00:00:00,284.7576
2016-01-13 00:00:00,284.6477
2016-01-14 00:00:00,287.0227
2016-01-15 00:00:00,279.1693
2016-01-18 00:00:00,279.1693
2016-01-19 00:00:00,277.8981
2016-01-20 00:00:00,271.806
2016-01-21 00:00:00,278.0414
2016-01-22 00:00:00,290.2003
2016-01-25 00:00:00,283.1458
2016-01-26 00:00:00,288.8254
2016-01-27 00:00:00,293.4082
2016-01-28 00:00:00,296.2633
2016-01-29 00:00:00,300.6679
2016-02-01 00:00:00,292.9208
2016-02-02 00:00:00,285.539
2016-02-03 00:00:00,295.3005
2016-02-04 00:00:00,293.7004
2016-02-05 00:00:00,291.6371
2016-02-08 00:00:00,288.8855
2016-02-09 00:00:00,280.6136
2016-02-10 00:00:00,282.2881
2016-02-11 00:00:00,281.7048
2016-02-12 00:00:00,294.9782
2016-02-15 00:00:00,294.9782
2016-02-16 00:00:00,290.9748
2016-02-17 00:00:00,300.4153
2016-02-18 00:00:00,299.1719
2016-02-19 00:00:00,293.7318
2016-02-22 00:00:00,300.7004
2016-02-23 00:00:00,294.4606
2016-02-24 00:00:00,297.8511
2016-02-25 00:00:00,300.7
2016-02-26 00:00:00,300.0019
2016-02-29 00:00:00,303.6298
2016-03-01 00:00:00,304.7254
2016-03-02 00:00:00,306.3862
2016-03-03 00:00:00,307.1584
2016-03-04 00:00:00,314.6847
2016-03-07 00:00:00,324.2092
2016-03-08 00:00:00,320.5834
2016-03-09 00:00:00,328.7305
2016-03-10 00:00:00,327.398
2016-03-11 00:00:00,331.4096
2016-03-14 00:00:00,327.1337
2016-03-15 00:00:00,323.8336
2016-03-16 00:00:00,330.6971
2016-03-17 00:00:00,337.8768
2016-03-18 00:00:00,335.3031
2016-03-21 00:00:00,336.1453
2016-03-22 00:00:00,337.5255
2016-03-23 00:00:00,329.3739
2016-03-24 00:00:00,327.907
2016-03-25 00:00:00,327.907
2016-03-28 00:00:00,327.8384
2016-03-29 00:00:00,324.2058
2016-03-30 00:00:00,323.3024
2016-03-31 00:00:00,323.4185
2016-04-01 00:00:00,316.4048
2016-04-04 00:00:00,311.3678
2016-04-05 00:00:00,310.4056
2016-04-06 00:00:00,317.5926
2016-04-07 00:00:00,316.2252
2016-04-08 00:00:00,329.0248
2016-04-11 00:00:00,331.9992
2016-04-12 00:00:00,341.5834
2016-04-13 00:00:00,341.9822
2016-04-14 00:00:00,339.6728
2016-04-15 00:00:00,336.2497
2016-04-18 00:00:00,335.8521
2016-04-19 00:00:00,343.5662
2016-04-20 00:00:00,352.4818
2016-04-21 00:00:00,348.3323
2016-04-22 00:00:00,347.9833
2016-04-25 00:00:00,345.233
2016-04-26 00:00:00,351.6755
2016-04-27 00:00:00,356.0933
2016-04-28 00:00:00,359.5602
2016-04-29 00:00:00,360.407
2016-05-02 00:00:00,355.1299
2016-05-03 00:00:00,348.3384
2016-05-04 00:00:00,347.7131
2016-05-05 00:00:00,347.8143
2016-05-06 00:00:00,350.6179
2016-05-09 00:00:00,342.8921
2016-05-10 00:00:00,351.7183
2016-05-11 00:00:00,361.1458
2016-05-12 00:00:00,362.917
2016-05-13 00:00:00,361.7193
2016-05-16 00:00:00,367.6645
2016-05-17 00:00:00,370.7639
2016-05-18 00:00:00,369.9759
2016-05-19 00:00:00,366.954
2016-05-20 00:00:00,367.3041
2016-05-23 00:00:00,364.8938
2016-05-24 00:00:00,366.1177
2016-05-25 00:00:00,370.6848
2016-05-26 00:00:00,371.5996
2016-05-27 00:00:00,371.8813
2016-05-30 00:00:00,371.8813
2016-05-31 00:00:00,370.9456
2016-06-01 00:00:00,371.6658
2016-06-02 00:00:00,374.5462
2016-06-03 00:00:00,374.021
2016-06-06 00:00:00,378.7733
2016-06-07 00:00:00,382.3739
2016-06-08 00:00:00,389.8253
2016-06-09 00:00:00,387.7624
2016-06-10 00:00:00,381.264
2016-06-13 00:00:00,381.3
2016-06-14 00:00:00,379.1561
2016-06-15 00:00:00,376.1724
2016-06-16 00:00:00,367.8065
2016-06-17 00:00:00,376.8463
2016-06-20 00:00:00,382.8874
2016-06-21 00:00:00,380.1584
2016-06-22 00:00:00,377.0274
2016-06-23 00:00:00,380.7176
2016-06-24 00:00:00,369.2264
2016-06-27 00:00:00,364.0715
2016-06-28 00:00:00,372.1003
2016-06-29 00:00:00,380.3304
2016-06-30 00:00:00,374.0323
2016-07-01 00:00:00,376.4418
2016-07-04 00:00:00,376.4418
2016-07-05 00:00:00,364.3136
2016-07-06 00:00:00,365.9633
2016-07-07 00:00:00,355.2742
2016-07-08 00:00:00,358.0367
2016-07-11 00:00:00,355.9115
2016-07-12 00:00:00,365.5357
2016-07-13 00:00:00,358.09
2016-07-14 00:00:00,362.2525
2016-07-15 00:00:00,361.1228
2016-07-18 00:00:00,358.4307
2016-07-19 00:00:00,355.3385
2016-07-20 00:00:00,354.9893
2016-07-21 00:00:00,350.8886
2016-07-22 00:00:00,349.0322
2016-07-25 00:00:00,345.149
2016-07-26 00:00:00,344.3502
2016-07-27 00:00:00,339.4046
2016-07-28 00:00:00,336.681
2016-07-29 00:00:00,339.3952
2016-08-01 00:00:00,332.4301
2016-08-02 00:00:00,330.8527
2016-08-03 00:00:00,336.8074
2016-08-04 00:00:00,340.6718
2016-08-05 00:00:00,342.0263
2016-08-08 00:00:00,346.9429
2016-08-09 00:00:00,345.2763
2016-08-10 00:00:00,341.6328
2016-08-11 00:00:00,349.7069
2016-08-12 00:00:00,353.1175
2016-08-15 00:00:00,359.6467
2016-08-16 00:00:00,363.1522
2016-08-17 00:00:00,365.0781
2016-08-18 00:00:00,370.7658
2016-08-19 00:00:00,370.4368
2016-08-22 00:00:00,364.4031
2016-08-23 00:00:00,367.0327
2016-08-24 00:00:00,361.5161
2016-08-25 00:00:00,363.1474
2016-08-26 00:00:00,363.0742
2016-08-29 00:00:00,359.1407
2016-08-30 00:00:00,355.7208
2016-08-31 00:00:00,348.2078
2016-09-01 00:00:00,341.8668
2016-09-02 00:00:00,347.1834
2016-09-05 00:00:00,347.1834
2016-09-06 00:00:00,348.1937
2016-09-07 00:00:00,352.1809
2016-09-08 00:00:00,361.9946
2016-09-09 00:00:00,354.7663
2016-09-12 00:00:00,356.8136
2016-09-13 00:00:00,350.5953
2016-09-14 00:00:00,346.4749
2016-09-15 00:00:00,349.4894
2016-09-16 00:00:00,348.097
2016-09-19 00:00:00,348.9582
2016-09-20 00:00:00,350.1887
2016-09-21 00:00:00,354.9034
2016-09-22 00:00:00,358.8885
2016-09-23 00:00:00,351.5254
2016-09-26 00:00:00,356.4594
2016-09-27 00:00:00,350.3949
2016-09-28 00:00:00,360.2212
2016-09-29 00:00:00,363.3261
2016-09-30 00:00:00,364.4711
2016-10-03 00:00:00,366.8122
2016-10-04 00:00:00,367.416
2016-10-05 00:00:00,371.7398
2016-10-06 00:00:00,372.8487
2016-10-07 00:00:00,371.8091
2016-10-10 00:00:00,378.3406
2016-10-11 00:00:00,375.6259
2016-10-12 00:00:00,372.7581
2016-10-13 00:00:00,375.8055
2016-10-14 00:00:00,375.6256
2016-10-17 00:00:00,374.6177
2016-10-18 00:00:00,375.5601
2016-10-19 00:00:00,379.4907
2016-10-20 00:00:00,374.0859
2016-10-21 00:00:00,375.7823
2016-10-24 00:00:00,374.9516
2016-10-25 00:00:00,373.1124
2016-10-26 00:00:00,370.4695
2016-10-27 00:00:00,373.7386
2016-10-28 00:00:00,370.0137
2016-10-31 00:00:00,361.623
2016-11-01 00:00:00,360.6041
2016-11-02 00:00:00,354.9023
2016-11-03 00:00:00,352.2894
2016-11-04 00:00:00,349.0992
2016-11-07 00:00:00,352.9209
2016-11-08 00:00:00,354.6484
2016-11-09 00:00:00,356.546
2016-11-10 00:00:00,356.2386
2016-11-11 00:00:00,351.1986
2016-11-14 00:00:00,349.766
2016-11-15 00:00:00,359.3576
2016-11-16 00:00:00,357.5569
2016-11-17 00:00:00,357.9671
2016-11-18 00:00:00,359.7137
2016-11-21 00:00:00,370.5452
2016-11-22 00:00:00,370.9846
2016-11-23 00:00:00,371.2393
2016-11-24 00:00:00,371.2393
2016-11-25 00:00:00,365.1407
2016-11-28 00:00:00,370.4019
2016-11-29 00:00:00,359.9978
2016-11-30 00:00:00,377.2212
2016-12-01 00:00:00,384.7689
2016-12-02 00:00:00,386.3882
2016-12-05 00:00:00,390.1755
2016-12-06 00:00:00,387.1198
2016-12-07 00:00:00,383.4241
2016-12-08 00:00:00,387.0053
2016-12-09 00:00:00,390.8428
2016-12-12 00:00:00,396.3951
2016-12-13 00:00:00,396.8989
2016-12-14 00:00:00,391.1406
2016-12-15 00:00:00,389.2454
2016-12-16 00:00:00,393.4646
2016-12-19 00:00:00,392.0844
2016-12-20 00:00:00,392.325
2016-12-21 00:00:00,390.6964
2016-12-22 00:00:00,391.9536
2016-12-23 00:00:00,391.8889
2016-12-26 00:00:00,391.8889
2016-12-27 00:00:00,398.2175
2016-12-28 00:00:00,399.1763
2016-12-29 00:00:00,398.4751
2016-12-30 00:00:00,398.2039
2017-01-02 00:00:00,398.2039
2017-01-03 00:00:00,390.6612
2017-01-04 00:00:00,396.144
2017-01-05 00:00:00,397.8392
2017-01-06 00:00:00,398.1776
2017-01-09 00:00:00,390.4835
2017-01-10 00:00:00,389.0093
2017-01-11 00:00:00,394.6401
2017-01-12 00:00:00,400.6808
2017-01-13 00:00:00,399.853
2017-01-16 00:00:00,399.853
2017-01-17 00:00:00,400.9086
2017-01-18 00:00:00,395.1731
2017-01-19 00:00:00,394.9597
2017-01-20 00:00:00,399.4118
2017-01-23 00:00:00,398.7683
2017-01-24 00:00:00,400.1687
2017-01-25 00:00:00,397.9268
2017-01-26 00:00:00,400.6841
2017-01-27 00:00:00,397.469
2017-01-30 00:00:00,393.5065
2017-01-31 00:00:00,395.8302
2017-02-01 00:00:00,401.7024
2017-02-02 00:00:00,400.3532
2017-02-03 00:00:00,400.3779
2017-02-06 00:00:00,396.761
2017-02-07 00:00:00,395.5037
2017-02-08 00:00:00,398.7772
2017-02-09 00:00:00,401.757
2017-02-10 00:00:00,407.8333
2017-02-13 00:00:00,403.78
2017-02-14 00:00:00,405.1
2017-02-15 00:00:00,405.4751
2017-02-16 00:00:00,403.7078
2017-02-17 00:00:00,403.0254
2017-02-20 00:00:00,403.0254
2017-02-21 00:00:00,404.5119
2017-02-22 00:00:00,401.5777
2017-02-23 00:00:00,403.7389
2017-02-24 00:00:00,401.8312
2017-02-27 00:00:00,401.0648
2017-02-28 00:00:00,402.2199
2017-03-01 00:00:00,403.2331
2017-03-02 00:00:00,396.1177
2017-03-03 00:00:00,398.5617
2017-03-06 00:00:00,398.7814
2017-03-07 00:00:00,397.4435
2017-03-08 00:00:00,387.6655
2017-03-09 00:00:00,382.6021
2017-03-10 00:00:00,380.0577
2017-03-13 00:00:00,380.157
2017-03-14 00:00:00,377.2074
2017-03-15 00:00:00,381.8932
2017-03-16 00:00:00,382.2588
2017-03-17 00:00:00,383.1182
2017-03-20 00:00:00,382.1577
2017-03-21 00:00:00,379.4072
2017-03-22 00:00:00,378.2215
2017-03-23 00:00:00,377.4397
2017-03-24 00:00:00,378.1291
2017-03-27 00:00:00,376.7111
2017-03-28 00:00:00,380.0385
2017-03-29 00:00:00,384.8147
2017-03-30 00:00:00,387.1602
2017-03-31 00:00:00,388.2245
2017-04-03 00:00:00,385.5981
2017-04-04 00:00:00,389.4127
2017-04-05 00:00:00,390.7051
2017-04-06 00:00:00,392.84
2017-04-07 00:00:00,395.1998
2017-04-10 00:00:00,398.8447
2017-04-11 00:00:00,400.6285
2017-04-12 00:00:00,400.0584
2017-04-13 00:00:00,401.5849
2017-04-14 00:00:00,401.5849
2017-04-17 00:00:00,399.3124
2017-04-18 00:00:00,396.5438
2017-04-19 00:00:00,388.826
2017-04-20 00:00:00,387.6963
2017-04-21 00:00:00,383.0313
2017-04-24 00:00:00,381.2374
2017-04-25 00:00:00,383.5655
2017-04-26 00:00:00,383.2932
2017-04-27 00:00:00,380.3774
2017-04-28 00:00:00,382.7658
2017-05-01 00:00:00,381.6419
2017-05-02 00:00:00,378.1374
2017-05-03 00:00:00,378.7984
2017-05-04 00:00:00,367.8158
2017-05-05 00:00:00,371.3916
2017-05-08 00:00:00,371.101
2017-05-09 00:00:00,368.8762
2017-05-10 00:00:00,375.5445
2017-05-11 00:00:00,378.2908
2017-05-12 00:00:00,379.4957
2017-05-15 00:00:00,382.6323
2017-05-16 00:00:00,381.7681
2017-05-17 00:00:00,384.3497
2017-05-18 00:00:00,384.1071
2017-05-19 00:00:00,391.0425
2017-05-22 00:00:00,393.6728
2017-05-23 00:00:00,393.0433
2017-05-24 00:00:00,391.9235
2017-05-25 00:00:00,383.1072
2017-05-26 00:00:00,385.5037
2017-05-29 00:00:00,385.5037
2017-05-30 00:00:00,382.8646
2017-05-31 00:00:00,377.8538
2017-06-01 00:00:00,377.3587
2017-06-02 00:00:00,374.34
2017-06-05 00:00:00,371.7249
2017-06-06 00:00:00,374.5466
2017-06-07 00:00:00,366.9945
2017-06-08 00:00:00,367.897
2017-06-09 00:00:00,369.8074
2017-06-12 00:00:00,368.351
2017-06-13 00:00:00,369.8779
2017-06-14 00:00:00,362.0615
2017-06-15 00:00:00,361.8502
2017-06-16 00:00:00,364.1684
2017-06-19 00:00:00,361.3823
2017-06-20 00:00:00,357.1031
2017-06-21 00:00:00,352.701
2017-06-22 00:00:00,352.5214
2017-06-23 00:00:00,353.8007
2017-06-26 00:00:00,355.5029
2017-06-27 00:00:00,359.6506
2017-06-28 00:00:00,362.6142
2017-06-29 00:00:00,365.3345
2017-06-30 00:00:00,372.3775
2017-07-03 00:00:00,377.7247
2017-07-04 00:00:00,377.7247
2017-07-05 00:00:00,369.9195
2017-07-06 00:00:00,371.3117
2017-07-07 00:00:00,365.5075
2017-07-10 00:00:00,366.9154
2017-07-11 00:00:00,370.2547
2017-07-12 00:00:00,370.2211
2017-07-13 00:00:00,370.3364
2017-07-14 00:00:00,373.457
2017-07-17 00:00:00,371.8964
2017-07-18 00:00:00,373.5721
2017-07-19 00:00:00,377.8998
2017-07-20 00:00:00,376.8842
2017-07-21 00:00:00,371.1716
2017-07-24 00:00:00,371.2061
2017-07-25 00:00:00,376.839
2017-07-26 00:00:00,381.3155
2017-07-27 00:00:00,383.9297
2017-07-28 00:00:00,386.6244
2017-07-31 00:00:00,388.0653
2017-08-01 00:00:00,382.9646
2017-08-02 00:00:00,385.7698
2017-08-03 00:00:00,383.1706
2017-08-04 00:00:00,384.5056
2017-08-07 00:00:00,384.8031
2017-08-08 00:00:00,384.909
2017-08-09 00:00:00,386.8873
2017-08-10 00:00:00,381.9255
2017-08-11 00:00:00,382.9955
2017-08-14 00:00:00,378.0174
2017-08-15 00:00:00,376.6494
2017-08-16 00:00:00,374.2851
2017-08-17 00:00:00,374.8979
2017-08-18 00:00:00,380.6806
2017-08-21 00:00:00,376.5018
2017-08-22 00:00:00,377.4468
2017-08-23 00:00:00,379.9869
2017-08-24 00:00:00,378.9851
2017-08-25 00:00:00,379.0568
2017-08-28 00:00:00,376.9611
2017-08-29 00:00:00,377.476
2017-08-30 00:00:00,375.8529
2017-08-31 00:00:00,386.0041
2017-09-01 00:00:00,386.3811
2017-09-04 00:00:00,386.3811
2017-09-05 00:00:00,389.9737
2017-09-06 00:00:00,392.4347
2017-09-07 00:00:00,392.3396
2017-09-08 00:00:00,387.1843
2017-09-11 00:00:00,388.1581
2017-09-12 00:00:00,388.646
2017-09-13 00:00:00,392.4128
2017-09-14 00:00:00,394.2261
2017-09-15 00:00:00,395.8953
2017-09-18 00:00:00,394.9353
2017-09-19 00:00:00,393.5033
2017-09-20 00:00:00,398.6966
2017-09-21 00:00:00,397.2739
2017-09-22 00:00:00,398.0375
2017-09-25 00:00:00,404.2501
2017-09-26 00:00:00,401.5727
2017-09-27 00:00:00,402.2653
2017-09-28 00:00:00,400.2006
2017-09-29 00:00:00,399.3082
2017-10-02 00:00:00,393.9778
2017-10-03 00:00:00,393.8475
2017-10-04 00:00:00,393.7277
2017-10-05 00:00:00,398.7031
2017-10-06 00:00:00,391.8488
2017-10-09 00:00:00,392.4628
2017-10-10 00:00:00,398.5061
2017-10-11 00:00:00,399.6354
2017-10-12 00:00:00,398.0978
2017-10-13 00:00:00,402.7995
2017-10-16 00:00:00,404.657
2017-10-17 00:00:00,403.2407
2017-10-18 00:00:00,403.3208
2017-10-19 00:00:00,401.0285
2017-10-20 00:00:00,402.3825
2017-10-23 00:00:00,402.94
2017-10-24 00:00:00,406.7582
2017-10-25 00:00:00,406.4425
2017-10-26 00:00:00,408.5425
2017-10-27 00:00:00,412.0391
2017-10-30 00:00:00,413.8049
2017-10-31 00:00:00,415.1419
2017-11-01 00:00:00,415.1633
2017-11-02 00:00:00,415.7047
2017-11-03 00:00:00,420.5946
2017-11-06 00:00:00,429.4419
2017-11-07 00:00:00,427.5842
2017-11-08 00:00:00,427.3942
2017-11-09 00:00:00,429.1921
2017-11-10 00:00:00,428.5886
2017-11-13 00:00:00,428.5262
2017-11-14 00:00:00,421.8385
2017-11-15 00:00:00,420.623
2017-11-16 00:00:00,418.7493
2017-11-17 00:00:00,425.3512
2017-11-20 00:00:00,422.8238
2017-11-21 00:00:00,424.662
2017-11-22 00:00:00,429.0203
2017-11-23 00:00:00,429.0203
2017-11-24 00:00:00,431.2306
2017-11-27 00:00:00,429.6232
2017-11-28 00:00:00,428.785
2017-11-29 00:00:00,426.1139
2017-11-30 00:00:00,424.2574
2017-12-01 00:00:00,429.4847
2017-12-04 00:00:00,423.5571
2017-12-05 00:00:00,422.7431
2017-12-06 00:00:00,414.6364
2017-12-07 00:00:00,416.6986
2017-12-08 00:00:00,420.3289
2017-12-11 00:00:00,423.4001
2017-12-12 00:00:00,418.4786
2017-12-13 00:00:00,415.8313
2017-12-14 00:00:00,418.7631
2017-12-15 00:00:00,419.7015
2017-12-18 00:00:00,421.1064
2017-12-19 00:00:00,422.8235
2017-12-20 00:00:00,425.9833
2017-12-21 00:00:00,427.7987
2017-12-22 00:00:00,429.3362
2017-12-25 00:00:00,429.3362
2017-12-26 00:00:00,437.2558
2017-12-27 00:00:00,437.5827
2017-12-28 00:00:00,439.902
2017-12-29 00:00:00,442.4357
2018-01-01 00:00:00,442.4357
2018-01-02 00:00:00,442.7151
2018-01-03 00:00:00,447.1414
2018-01-04 00:00:00,447.8279
2018-01-05 00:00:00,443.7559
2018-01-08 00:00:00,443.7555
2018-01-09 00:00:00,448.4031
2018-01-10 00:00:00,450.447
2018-01-11 00:00:00,451.2194
2018-01-12 00:00:00,453.2331
2018-01-15 00:00:00,453.2331
2018-01-16 00:00:00,450.9068
2018-01-17 00:00:00,452.7379
2018-01-18 00:00:00,453.1232
2018-01-19 00:00:00,450.3725
2018-01-22 00:00:00,452.3482
2018-01-23 00:00:00,455.6685
2018-01-24 00:00:00,461.3625
2018-01-25 00:00:00,460.8564
2018-01-26 00:00:00,463.445
2018-01-29 00:00:00,460.5895
2018-01-30 00:00:00,456.6109
2018-01-31 00:00:00,456.533
2018-02-01 00:00:00,460.2272
2018-02-02 00:00:00,456.5336
2018-02-05 00:00:00,451.5974
2018-02-06 00:00:00,447.379
2018-02-07 00:00:00,440.3374
2018-02-08 00:00:00,438.0631
2018-02-09 00:00:00,428.5254
2018-02-12 00:00:00,430.4984
2018-02-13 00:00:00,431.7043
2018-02-14 00:00:00,439.1403
2018-02-15 00:00:00,441.532
2018-02-16 00:00:00,443.5926
2018-02-19 00:00:00,443.5926
2018-02-20 00:00:00,444.2095
2018-02-21 00:00:00,444.5726
2018-02-22 00:00:00,448.8438
2018-02-23 00:00:00,451.5292
2018-02-26 00:00:00,453.677
2018-02-27 00:00:00,450.0928
2018-02-28 00:00:00,443.3807
2018-03-01 00:00:00,441.0432
2018-03-02 00:00:00,441.5647
2018-03-05 00:00:00,447.5448
2018-03-06 00:00:00,448.2156
2018-03-07 00:00:00,441.5402
2018-03-08 00:00:00,437.7025
2018-03-09 00:00:00,444.3967
2018-03-12 00:00:00,441.5023
2018-03-13 00:00:00,440.5718
2018-03-14 00:00:00,441.6077
2018-03-15 00:00:00,441.3167
2018-03-16 00:00:00,444.6293
2018-03-19 00:00:00,441.2909
2018-03-20 00:00:00,446.1503
2018-03-21 00:00:00,453.4703
2018-03-22 00:00:00,450.3
2018-03-23 00:00:00,455.1745
2018-03-26 00:00:00,453.4246
2018-03-27 00:00:00,453.0515
2018-03-28 00:00:00,450.0293
2018-03-29 00:00:00,452.9353
2018-03-30 00:00:00,452.9353
2018-04-02 00:00:00,445.071
2018-04-03 00:00:00,446.9049
2018-04-04 00:00:00,445.717
2018-04-05 00:00:00,448.4565
2018-04-06 00:00:00,443.7237
2018-04-09 00:00:00,451.9067
2018-04-10 00:00:00,461.1467
2018-04-11 00:00:00,466.7248
2018-04-12 00:00:00,466.8654
2018-04-13 00:00:00,468.3058
2018-04-16 00:00:00,464.5093
2018-04-17 00:00:00,464.8517
2018-04-18 00:00:00,474.7754
2018-04-19 00:00:00,474.0286
2018-04-20 00:00:00,473.7708
2018-04-23 00:00:00,473.5233
2018-04-24 00:00:00,470.4167
2018-04-25 00:00:00,471.9954
2018-04-26 00:00:00,473.5333
2018-04-27 00:00:00,473.1549
2018-04-30 00:00:00,475.7616
2018-05-01 00:00:00,470.9179
2018-05-02 00:00:00,472.5157
2018-05-03 00:00:00,474.2769
2018-05-04 00:00:00,479.456
2018-05-07 00:00:00,482.5539
2018-05-08 00:00:00,477.0129
2018-05-09 00:00:00,485.6439
2018-05-10 00:00:00,487.1351
2018-05-11 00:00:00,484.4275
2018-05-14 00:00:00,486.7079
2018-05-15 00:00:00,487.5075
2018-05-16 00:00:00,489.2016
2018-05-17 00:00:00,490.2155
2018-05-18 00:00:00,489.131
2018-05-21 00:00:00,493.0637
2018-05-22 00:00:00,494.8326
2018-05-23 00:00:00,495.1131
2018-05-24 00:00:00,491.4913
2018-05-25 00:00:00,482.0706
2018-05-28 00:00:00,482.0706
2018-05-29 00:00:00,477.0781
2018-05-30 00:00:00,483.6898
2018-05-31 00:00:00,481.4273
2018-06-01 00:00:00,477.1119
2018-06-04 00:00:00,470.5007
2018-06-05 00:00:00,472.1969
2018-06-06 00:00:00,471.2806
2018-06-07 00:00:00,477.434
2018-06-08 00:00:00,476.1698
2018-06-11 00:00:00,475.3482
2018-06-12 00:00:00,476.473
2018-06-13 00:00:00,478.0151
2018-06-14 00:00:00,474.1442
2018-06-15 00:00:00,463.615
2018-06-18 00:00:00,467.3852
2018-06-19 00:00:00,462.6469
2018-06-20 00:00:00,463.7644
2018-06-21 00:00:00,460.7342
2018-06-22 00:00:00,471.4514
2018-06-25 00:00:00,466.269
2018-06-26 00:00:00,473.0555
2018-06-27 00:00:00,481.2306
2018-06-28 00:00:00,481.5457
2018-06-29 00:00:00,487.4372
2018-07-02 00:00:00,479.5724
2018-07-03 00:00:00,480.9957
2018-07-04 00:00:00,480.9957
2018-07-05 00:00:00,478.6123
2018-07-06 00:00:00,480.7299
2018-07-09 00:00:00,481.1086
2018-07-10 00:00:00,480.6399
2018-07-11 00:00:00,459.3806
2018-07-12 00:00:00,461.4731
2018-07-13 00:00:00,463.3692
2018-07-16 00:00:00,450.7329
2018-07-17 00:00:00,451.581
2018-07-18 00:00:00,454.2964
2018-07-19 00:00:00,455.1825
2018-07-20 00:00:00,457.5819
2018-07-23 00:00:00,457.8727
2018-07-24 00:00:00,460.6075
2018-07-25 00:00:00,465.3007
2018-07-26 00:00:00,467.0059
2018-07-27 00:00:00,464.6572
2018-07-30 00:00:00,469.4068
2018-07-31 00:00:00,464.8324
2018-08-01 00:00:00,457.5209
2018-08-02 00:00:00,462.0272
2018-08-03 00:00:00,462.145
2018-08-06 00:00:00,464.4977
2018-08-07 00:00:00,466.673
2018-08-08 00:00:00,458.4124
2018-08-09 00:00:00,457.1736
2018-08-10 00:00:00,458.1783
2018-08-13 00:00:00,455.0858
2018-08-14 00:00:00,454.9929
2018-08-15 00:00:00,445.1233
2018-08-16 00:00:00,449.3702
2018-08-17 00:00:00,451.6321
2018-08-20 00:00:00,452.3584
2018-08-21 00:00:00,453.8197
2018-08-22 00:00:00,460.3274
2018-08-23 00:00:00,459.2963
2018-08-24 00:00:00,463.7911
2018-08-27 00:00:00,465.0626
2018-08-28 00:00:00,463.3309
2018-08-29 00:00:00,467.9913
2018-08-30 00:00:00,469.2934
2018-08-31 00:00:00,468.6881
2018-09-03 00:00:00,468.6881
2018-09-04 00:00:00,468.1035
2018-09-05 00:00:00,463.4786
2018-09-06 00:00:00,459.7934
2018-09-07 00:00:00,461.0309
2018-09-10 00:00:00,462.5088
2018-09-11 00:00:00,467.2802
2018-09-12 00:00:00,471.3854
2018-09-13 00:00:00,464.2708
2018-09-14 00:00:00,464.3772
2018-09-17 00:00:00,463.4147
2018-09-18 00:00:00,467.8025
2018-09-19 00:00:00,471.9473
2018-09-20 00:00:00,471.2704
2018-09-21 00:00:00,473.8382
2018-09-24 00:00:00,480.3642
2018-09-25 00:00:00,482.499
2018-09-26 00:00:00,479.6912
2018-09-27 00:00:00,481.2402
2018-09-28 00:00:00,486.2794
2018-10-01 00:00:00,496.0365
2018-10-02 00:00:00,497.9369
2018-10-03 00:00:00,502.5525
2018-10-04 00:00:00,495.1614
2018-10-05 00:00:00,494.3109
2018-10-08 00:00:00,493.508
2018-10-09 00:00:00,496.3946
2018-10-10 00:00:00,488.3504
2018-10-11 00:00:00,478.671
2018-10-12 00:00:00,480.6621
2018-10-15 00:00:00,483.9433
2018-10-16 00:00:00,484.6869
2018-10-17 00:00:00,477.9863
2018-10-18 00:00:00,472.8017
2018-10-19 00:00:00,474.7219
2018-10-22 00:00:00,475.3219
2018-10-23 00:00:00,464.035
2018-10-24 00:00:00,463.9168
2018-10-25 00:00:00,465.1067
2018-10-26 00:00:00,468.08
2018-10-29 00:00:00,465.4103
2018-10-30 00:00:00,459.7746
2018-10-31 00:00:00,456.3168
2018-11-01 00:00:00,450.8188
2018-11-02 00:00:00,450.5379
2018-11-05 00:00:00,451.2855
2018-11-06 00:00:00,446.9656
2018-11-07 00:00:00,447.2286
2018-11-08 00:00:00,443.3456
2018-11-09 00:00:00,440.5506
2018-11-12 00:00:00,441.4706
2018-11-13 00:00:00,426.4164
2018-11-14 00:00:00,432.8292
2018-11-15 00:00:00,429.9821
2018-11-16 00:00:00,432.3761
2018-11-19 00:00:00,435.2445
2018-11-20 00:00:00,418.3737
2018-11-21 00:00:00,422.1278
2018-11-22 00:00:00,422.1278
2018-11-23 00:00:00,403.5558
2018-11-26 00:00:00,407.8924
2018-11-27 00:00:00,406.197
2018-11-28 00:00:00,404.3772
2018-11-29 00:00:00,408.1333
2018-11-30 00:00:00,406.5197
2018-12-03 00:00:00,414.7629
2018-12-04 00:00:00,417.0622
2018-12-05 00:00:00,415.7509
2018-12-06 00:00:00,407.6834
2018-12-07 00:00:00,416.2114
2018-12-10 00:00:00,408.3516
2018-12-11 00:00:00,409.5523
2018-12-12 00:00:00,407.9208
2018-12-13 00:00:00,412.912
2018-12-14 00:00:00,406.0863
2018-12-17 00:00:00,400.479
2018-12-18 00:00:00,387.8716
2018-12-19 00:00:00,392.6304
2018-12-20 00:00:00,381.781
2018-12-21 00:00:00,380.3173
2018-12-24 00:00:00,367.2925
2018-12-25 00:00:00,367.2925
2018-12-26 00:00:00,380.2251
2018-12-27 00:00:00,374.1741
2018-12-28 00:00:00,374.9827
2018-12-31 00:00:00,374.3282
2019-01-01 00:00:00,374.3282
2019-01-02 00:00:00,377.9058
2019-01-03 00:00:00,381.1982
2019-01-04 00:00:00,386.7994
2019-01-07 00:00:00,389.1942
2019-01-08 00:00:00,394.4705
2019-01-09 00:00:00,405.3552
2019-01-10 00:00:00,405.7726
2019-01-11 00:00:00,402.925
2019-01-14 00:00:00,399.6378
2019-01-15 00:00:00,404.3959
2019-01-16 00:00:00,406.2735
2019-01-17 00:00:00,406.0504
2019-01-18 00:00:00,413.2006
2019-01-21 00:00:00,413.2006
2019-01-22 00:00:00,406.5972
2019-01-23 00:00:00,405.7503
2019-01-24 00:00:00,406.6508
2019-01-25 00:00:00,409.6907
2019-01-28 00:00:00,401.2753
2019-01-29 00:00:00,407.1027
2019-01-30 00:00:00,410.3765
2019-01-31 00:00:00,407.8907
2019-02-01 00:00:00,413.3026
2019-02-04 00:00:00,412.6717
2019-02-05 00:00:00,410.2135
2019-02-06 00:00:00,412.0038
2019-02-07 00:00:00,406.1776
2019-02-08 00:00:00,407.8909
2019-02-11 00:00:00,406.2719
2019-02-12 00:00:00,410.362
2019-02-13 00:00:00,414.6913
2019-02-14 00:00:00,416.2431
2019-02-15 00:00:00,423.3971
2019-02-18 00:00:00,423.3971
2019-02-19 00:00:00,424.2099
2019-02-20 00:00:00,427.1003
2019-02-21 00:00:00,428.1907
2019-02-22 00:00:00,429.4461
2019-02-25 00:00:00,420.5328
2019-02-26 00:00:00,421.5147
2019-02-27 00:00:00,426.773
2019-02-28 00:00:00,426.3466
2019-03-01 00:00:00,421.3499
2019-03-04 00:00:00,423.0501
2019-03-05 00:00:00,424.3858
2019-03-06 00:00:00,422.7215
2019-03-07 00:00:00,423.3738
2019-03-08 00:00:00,421.8395
2019-03-11 00:00:00,423.7903
2019-03-12 00:00:00,426.05
2019-03-13 00:00:00,431.4948
2019-03-14 00:00:00,431.8132
2019-03-15 00:00:00,432.4751
2019-03-18 00:00:00,434.5167
2019-03-19 00:00:00,435.3795
2019-03-20 00:00:00,439.4947
2019-03-21 00:00:00,438.4115
2019-03-22 00:00:00,434.1738
2019-03-25 00:00:00,434.2945
2019-03-26 00:00:00,437.1117
2019-03-27 00:00:00,434.7438
2019-03-28 00:00:00,432.7982
2019-03-29 00:00:00,434.1253
2019-04-01 00:00:00,439.6993
2019-04-02 00:00:00,442.6892
2019-04-03 00:00:00,443.5055
2019-04-04 00:00:00,443.9269
2019-04-05 00:00:00,447.2702
2019-04-08 00:00:00,451.4433
2019-04-09 00:00:00,449.6799
2019-04-10 00:00:00,453.8408
2019-04-11 00:00:00,449.8527
2019-04-12 00:00:00,452.4683
2019-04-15 00:00:00,450.0704
2019-04-16 00:00:00,450.9716
2019-04-17 00:00:00,449.8631
2019-04-18 00:00:00,450.8482
2019-04-19 00:00:00,450.8482
2019-04-22 00:00:00,456.2477
2019-04-23 00:00:00,457.1842
2019-04-24 00:00:00,455.0851
2019-04-25 00:00:00,452.8279
2019-04-26 00:00:00,445.3386
2019-04-29 00:00:00,444.8176
2019-04-30 00:00:00,446.4518
2019-05-01 00:00:00,446.3862
2019-05-02 00:00:00,440.2262
2019-05-03 00:00:00,440.8316
2019-05-06 00:00:00,439.6553
2019-05-07 00:00:00,435.1433
2019-05-08 00:00:00,436.777
2019-05-09 00:00:00,433.9954
2019-05-10 00:00:00,434.3375
2019-05-13 00:00:00,431.4682
2019-05-14 00:00:00,436.8919
2019-05-15 00:00:00,439.6287
2019-05-16 00:00:00,445.1459
2019-05-17 00:00:00,443.0012
2019-05-20 00:00:00,443.4897
2019-05-21 00:00:00,443.124
2019-05-22 00:00:00,436.0749
2019-05-23 00:00:00,422.6927
2019-05-24 00:00:00,427.1274
2019-05-27 00:00:00,427.1274
2019-05-28 00:00:00,432.0017
2019-05-29 00:00:00,429.5072
2019-05-30 00:00:00,421.8808
2019-05-31 00:00:00,407.7638
2019-06-03 00:00:00,405.2581
2019-06-04 00:00:00,406.9559
2019-06-05 00:00:00,398.5649
2019-06-06 00:00:00,402.9258
2019-06-07 00:00:00,407.1681
2019-06-10 00:00:00,405.6652
2019-06-11 00:00:00,407.3474
2019-06-12 00:00:00,399.7832
2019-06-13 00:00:00,405.012
2019-06-14 00:00:00,406.9602
2019-06-17 00:00:00,404.5644
2019-06-18 00:00:00,410.4092
2019-06-19 00:00:00,408.493
2019-06-20 00:00:00,420.1644
2019-06-21 00:00:00,421.1565
2019-06-24 00:00:00,422.8062
2019-06-25 00:00:00,424.6323
2019-06-26 00:00:00,430.8677
2019-06-27 00:00:00,430.5479
2019-06-28 00:00:00,425.3581
2019-07-01 00:00:00,425.4439
2019-07-02 00:00:00,414.5045
2019-07-03 00:00:00,421.0002
2019-07-04 00:00:00,421.0002
2019-07-05 00:00:00,422.341
2019-07-08 00:00:00,421.5419
2019-07-09 00:00:00,422.3473
2019-07-10 00:00:00,434.1217
2019-07-11 00:00:00,433.601
2019-07-12 00:00:00,434.6324
2019-07-15 00:00:00,430.927
2019-07-16 00:00:00,423.0175
2019-07-17 00:00:00,419.886
2019-07-18 00:00:00,412.5975
2019-07-19 00:00:00,415.9167
2019-07-22 00:00:00,416.8621
2019-07-23 00:00:00,419.7421
2019-07-24 00:00:00,417.7164
2019-07-25 00:00:00,417.4553
2019-07-26 00:00:00,416.6889
2019-07-29 00:00:00,418.5183
2019-07-30 00:00:00,421.6489
2019-07-31 00:00:00,422.4391
2019-08-01 00:00:00,403.1679
2019-08-02 00:00:00,407.6653
2019-08-05 00:00:00,401.8987
2019-08-06 00:00:00,397.5225
2019-08-07 00:00:00,387.4656
2019-08-08 00:00:00,394.2452
2019-08-09 00:00:00,399.7301
2019-08-12 00:00:00,397.1536
2019-08-13 00:00:00,405.5467
2019-08-14 00:00:00,398.0671
2019-08-15 00:00:00,394.516
2019-08-16 00:00:00,395.8841
2019-08-19 00:00:00,399.3377
2019-08-20 00:00:00,399.8591
2019-08-21 00:00:00,400.0243
2019-08-22 00:00:00,397.9761
2019-08-23 00:00:00,393.3566
2019-08-26 00:00:00,392.5144
2019-08-27 00:00:00,396.0329
2019-08-28 00:00:00,400.3714
2019-08-29 00:00:00,403.6094
2019-08-30 00:00:00,397.0581
2019-09-02 00:00:00,397.0581
2019-09-03 00:00:00,392.4433
2019-09-04 00:00:00,403.717
2019-09-05 00:00:00,404.2694
2019-09-06 00:00:00,404.4654
2019-09-09 00:00:00,409.681
2019-09-10 00:00:00,410.3896
2019-09-11 00:00:00,404.1986
2019-09-12 00:00:00,403.4359
2019-09-13 00:00:00,403.8298
2019-09-16 00:00:00,436.0786
2019-09-17 00:00:00,420.6547
2019-09-18 00:00:00,417.0147
2019-09-19 00:00:00,418.5166
2019-09-20 00:00:00,417.4134
2019-09-23 00:00:00,420.379
2019-09-24 00:00:00,414.8046
2019-09-25 00:00:00,411.7195
2019-09-26 00:00:00,411.3947
2019-09-27 00:00:00,409.6001
2019-09-30 00:00:00,403.6126
2019-10-01 00:00:00,402.3147
2019-10-02 00:00:00,397.1837
2019-10-03 00:00:00,397.356
2019-10-04 00:00:00,399.4687
2019-10-07 00:00:00,399.2115
2019-10-08 00:00:00,399.49
2019-10-09 00:00:00,400.1836
2019-10-10 00:00:00,402.1571
2019-10-11 00:00:00,409.4207
2019-10-14 00:00:00,405.2537
2019-10-15 00:00:00,403.3767
2019-10-16 00:00:00,405.3217
2019-10-17 00:00:00,407.0886
2019-10-18 00:00:00,406.698
2019-10-21 00:00:00,404.0124
2019-10-22 00:00:00,406.8977
2019-10-23 00:00:00,412.7466
2019-10-24 00:00:00,414.4889
2019-10-25 00:00:00,416.2253
2019-10-28 00:00:00,414.0318
2019-10-29 00:00:00,413.9738
2019-10-30 00:00:00,411.7284
2019-10-31 00:00:00,407.5104
2019-11-01 00:00:00,416.8819
2019-11-04 00:00:00,419.196
2019-11-05 00:00:00,421.9285
2019-11-06 00:00:00,416.9311
2019-11-07 00:00:00,418.6989
2019-11-08 00:00:00,419.1143
2019-11-11 00:00:00,416.5204
2019-11-12 00:00:00,417.3163
2019-11-13 00:00:00,418.0281
2019-11-14 00:00:00,417.1541
2019-11-15 00:00:00,420.4984
2019-11-18 00:00:00,415.6492
2019-11-19 00:00:00,409.6726
2019-11-20 00:00:00,415.3778
2019-11-21 00:00:00,420.824
2019-11-22 00:00:00,418.9339
2019-11-25 00:00:00,420.0215
2019-11-26 00:00:00,422.0621
2019-11-27 00:00:00,420.3397
2019-11-28 00:00:00,420.3397
2019-11-29 00:00:00,409.1913
2019-12-02 00:00:00,410.7921
2019-12-03 00:00:00,410.7499
2019-12-04 00:00:00,418.7466
2019-12-05 00:00:00,419.6583
2019-12-06 00:00:00,422.7379
2019-12-09 00:00:00,421.6442
2019-12-10 00:00:00,423.2039
2019-12-11 00:00:00,420.2794
2019-12-12 00:00:00,423.6431
2019-12-13 00:00:00,428.0519
2019-12-16 00:00:00,431.0924
2019-12-17 00:00:00,433.8017
2019-12-18 00:00:00,433.1094
2019-12-19 00:00:00,434.9615
2019-12-20 00:00:00,433.2951
2019-12-23 00:00:00,433.0371
2019-12-24 00:00:00,435.9875
2019-12-25 00:00:00,435.9875
2019-12-26 00:00:00,439.6989
2019-12-27 00:00:00,440.2722
2019-12-30 00:00:00,439.5781
2019-12-31 00:00:00,436.2189
2020-01-01 00:00:00,436.2189
2020-01-02 00:00:00,436.8196
2020-01-03 00:00:00,443.3469
2020-01-06 00:00:00,444.6284
2020-01-07 00:00:00,442.3508
2020-01-08 00:00:00,431.0395
2020-01-09 00:00:00,430.6038
2020-01-10 00:00:00,430.1198
2020-01-13 00:00:00,426.2712
2020-01-14 00:00:00,427.7165
2020-01-15 00:00:00,425.4507
2020-01-16 00:00:00,425.8423
2020-01-17 00:00:00,426.9116
2020-01-20 00:00:00,426.9116
2020-01-21 00:00:00,425.1428
2020-01-22 00:00:00,418.5299
2020-01-23 00:00:00,413.6461
2020-01-24 00:00:00,406.2654
2020-01-27 00:00:00,398.3374
2020-01-28 00:00:00,400.3906
2020-01-29 00:00:00,398.7491
2020-01-30 00:00:00,392.0189
2020-01-31 00:00:00,388.8018
2020-02-03 00:00:00,381.3492
2020-02-04 00:00:00,380.329
2020-02-05 00:00:00,386.277
2020-02-06 00:00:00,387.1924
2020-02-07 00:00:00,386.197
2020-02-10 00:00:00,382.1816
2020-02-11 00:00:00,384.5627
2020-02-12 00:00:00,392.042
2020-02-13 00:00:00,394.011
2020-02-14 00:00:00,396.2265
2020-02-17 00:00:00,396.2265
2020-02-18 00:00:00,398.3362
2020-02-19 00:00:00,403.6388
2020-02-20 00:00:00,403.2244
2020-02-21 00:00:00,400.5355
2020-02-24 00:00:00,389.2645
2020-02-25 00:00:00,382.8182
2020-02-26 00:00:00,376.202
2020-02-27 00:00:00,367.8992
2020-02-28 00:00:00,358.4439
2020-03-02 00:00:00,368.8241
2020-03-03 00:00:00,371.0572
2020-03-04 00:00:00,370.1096
2020-03-05 00:00:00,365.2748
2020-03-06 00:00:00,345.1365
2020-03-09 00:00:00,305.2853
2020-03-10 00:00:00,318.9132
2020-03-11 00:00:00,313.2937
2020-03-12 00:00:00,300.4451
2020-03-13 00:00:00,298.4005
2020-03-16 00:00:00,278.997
2020-03-17 00:00:00,273.8651
2020-03-18 00:00:00,251.0174
2020-03-19 00:00:00,269.5327
2020-03-20 00:00:00,261.5861
2020-03-23 00:00:00,263.6275
2020-03-24 00:00:00,270.5803
2020-03-25 00:00:00,273.3808
2020-03-26 00:00:00,266.1685
2020-03-27 00:00:00,261.5391
2020-03-30 00:00:00,254.6412
2020-03-31 00:00:00,255.5416
2020-04-01 00:00:00,247.1217
2020-04-02 00:00:00,263.9483
2020-04-03 00:00:00,275.4447
2020-04-06 00:00:00,271.7038
2020-04-07 00:00:00,270.5633
2020-04-08 00:00:00,277.0848
2020-04-09 00:00:00,276.4104
2020-04-10 00:00:00,276.4104
2020-04-13 00:00:00,280.1222
2020-04-14 00:00:00,278.5442
2020-04-15 00:00:00,270.9509
2020-04-16 00:00:00,270.6584
2020-04-17 00:00:00,270.574
2020-04-20 00:00:00,258.6932
2020-04-21 00:00:00,228.2439
2020-04-22 00:00:00,236.8019
2020-04-23 00:00:00,243.3508
2020-04-24 00:00:00,241.446
2020-04-27 00:00:00,230.4549
2020-04-28 00:00:00,239.9707
2020-04-29 00:00:00,246.0293
2020-04-30 00:00:00,257.0446
2020-05-01 00:00:00,256.4889
2020-05-04 00:00:00,259.09
2020-05-05 00:00:00,274.1748
2020-05-06 00:00:00,268.7582
2020-05-07 00:00:00,271.3416
2020-05-08 00:00:00,278.1284
2020-05-11 00:00:00,274.1045
2020-05-12 00:00:00,276.843
2020-05-13 00:00:00,272.8958
2020-05-14 00:00:00,279.9422
2020-05-15 00:00:00,285.1523
2020-05-18 00:00:00,296.3646
2020-05-19 00:00:00,296.4869
2020-05-20 00:00:00,301.5236
2020-05-21 00:00:00,301.5198
2020-05-22 00:00:00,297.9223
2020-05-25 00:00:00,297.9223
2020-05-26 00:00:00,303.4941
2020-05-27 00:00:00,297.2962
2020-05-28 00:00:00,299.5133
2020-05-29 00:00:00,307.0756
2020-06-01 00:00:00,307.3452
2020-06-02 00:00:00,312.6686
2020-06-03 00:00:00,313.9073
2020-06-04 00:00:00,316.0031
2020-06-05 00:00:00,325.544
2020-06-08 00:00:00,321.6347
2020-06-09 00:00:00,324.4112
2020-06-10 00:00:00,327.4321
2020-06-11 00:00:00,314.7936
2020-06-12 00:00:00,314.278
2020-06-15 00:00:00,317.1989
2020-06-16 00:00:00,322.3115
2020-06-17 00:00:00,321.6329
2020-06-18 00:00:00,324.3986
2020-06-19 00:00:00,327.6412
2020-06-22 00:00:00,330.6343
2020-06-23 00:00:00,329.7729
2020-06-24 00:00:00,319.0248
2020-06-25 00:00:00,320.219
2020-06-26 00:00:00,318.092
2020-06-29 00:00:00,324.5144
2020-06-30 00:00:00,325.483
2020-07-01 00:00:00,328.7351
2020-07-02 00:00:00,332.8598
2020-07-03 00:00:00,332.8598
2020-07-06 00:00:00,334.2789
2020-07-07 00:00:00,335.1787
2020-07-08 00:00:00,337.2498
2020-07-09 00:00:00,333.8752
2020-07-10 00:00:00,337.9027
2020-07-13 00:00:00,336.2373
2020-07-14 00:00:00,335.7505
2020-07-15 00:00:00,339.9535
2020-07-16 00:00:00,338.3038
2020-07-17 00:00:00,337.4588
2020-07-20 00:00:00,337.2982
2020-07-21 00:00:00,343.2018
2020-07-22 00:00:00,343.6721
2020-07-23 00:00:00,341.6595
2020-07-24 00:00:00,342.0064
2020-07-27 00:00:00,342.5579
2020-07-28 00:00:00,341.3616
2020-07-29 00:00:00,343.3767
2020-07-30 00:00:00,337.7635
2020-07-31 00:00:00,339.821
2020-08-03 00:00:00,344.7078
2020-08-04 00:00:00,346.6657
2020-08-05 00:00:00,350.301
2020-08-06 00:00:00,349.2784
2020-08-07 00:00:00,345.1536
2020-08-10 00:00:00,348.7714
2020-08-11 00:00:00,347.085
2020-08-12 00:00:00,351.822
2020-08-13 00:00:00,352.0493
2020-08-14 00:00:00,352.1706
2020-08-17 00:00:00,357.2123
2020-08-18 00:00:00,358.2269
2020-08-19 00:00:00,358.5336
2020-08-20 00:00:00,356.3116
2020-08-21 00:00:00,353.3645
2020-08-24 00:00:00,356.1782
2020-08-25 00:00:00,360.0396
2020-08-26 00:00:00,359.8743
2020-08-27 00:00:00,358.8295
2020-08-28 00:00:00,359.9485
2020-08-31 00:00:00,358.2109
2020-09-01 00:00:00,359.7562
2020-09-02 00:00:00,353.721
2020-09-03 00:00:00,350.8571
2020-09-04 00:00:00,347.1072
2020-09-07 00:00:00,347.1072
2020-09-08 00:00:00,335.5751
2020-09-09 00:00:00,341.0553
2020-09-10 00:00:00,339.7629
2020-09-11 00:00:00,341.0515
2020-09-14 00:00:00,342.4925
2020-09-15 00:00:00,345.1421
2020-09-16 00:00:00,351.9909
2020-09-17 00:00:00,356.2315
2020-09-18 00:00:00,358.0317
2020-09-21 00:00:00,347.3626
2020-09-22 00:00:00,347.9606
2020-09-23 00:00:00,347.7304
2020-09-24 00:00:00,348.4655
2020-09-25 00:00:00,348.2298
2020-09-28 00:00:00,350.5646
2020-09-29 00:00:00,344.8811
2020-09-30 00:00:00,350.178
2020-10-01 00:00:00,343.4651
2020-10-02 00:00:00,337.4763
2020-10-05 00:00:00,347.377
2020-10-06 00:00:00,353.7386
2020-10-07 00:00:00,353.4783
2020-10-08 00:00:00,359.0773
2020-10-09 00:00:00,360.5772
2020-10-12 00:00:00,355.7919
2020-10-13 00:00:00,358.4093
2020-10-14 00:00:00,362.204
2020-10-15 00:00:00,363.218
2020-10-16 00:00:00,362.6056
2020-10-19 00:00:00,362.1368
2020-10-20 00:00:00,364.7858
2020-10-21 00:00:00,360.1056
2020-10-22 00:00:00,361.4837
2020-10-23 00:00:00,358.7681
2020-10-26 00:00:00,353.1372
2020-10-27 00:00:00,357.2587
2020-10-28 00:00:00,346.559
2020-10-29 00:00:00,341.1647
2020-10-30 00:00:00,340.7799
2020-11-02 00:00:00,344.9963
2020-11-03 00:00:00,348.4735
2020-11-04 00:00:00,354.7948
2020-11-05 00:00:00,354.9049
2020-11-06 00:00:00,349.6171
2020-11-09 00:00:00,361.2885
2020-11-10 00:00:00,368.9438
2020-11-11 00:00:00,369.6806
2020-11-12 00:00:00,368.3544
2020-11-13 00:00:00,364.499
2020-11-16 00:00:00,369.0304
2020-11-17 00:00:00,369.9492
2020-11-18 00:00:00,372.6753
2020-11-19 00:00:00,370.1854
2020-11-20 00:00:00,373.8664
2020-11-23 00:00:00,377.4882
2020-11-24 00:00:00,385.7037
2020-11-25 00:00:00,387.5725
2020-11-26 00:00:00,387.5725
2020-11-27 00:00:00,388.0614
2020-11-30 00:00:00,385.594
2020-12-01 00:00:00,383.5606
2020-12-02 00:00:00,386.2721
2020-12-03 00:00:00,386.6812
2020-12-04 00:00:00,388.5492
2020-12-07 00:00:00,386.3652
2020-12-08 00:00:00,385.5186
2020-12-09 00:00:00,387.1238
2020-12-10 00:00:00,394.3668
2020-12-11 00:00:00,393.7225
2020-12-14 00:00:00,395.263
2020-12-15 00:00:00,398.3588
2020-12-16 00:00:00,400.1288
2020-12-17 00:00:00,404.5111
2020-12-18 00:00:00,408.0172
2020-12-21 00:00:00,402.1773
2020-12-22 00:00:00,398.6854
2020-12-23 00:00:00,404.5395
2020-12-24 00:00:00,404.6696
2020-12-25 00:00:00,404.6696
2020-12-28 00:00:00,401.8305
2020-12-29 00:00:00,404.6822
2020-12-30 00:00:00,407.8278
2020-12-31 00:00:00,409.458
2021-01-01 00:00:00,409.458
2021-01-04 00:00:00,408.0531
2021-01-05 00:00:00,420.6333
2021-01-06 00:00:00,422.704
2021-01-07 00:00:00,423.3529
2021-01-08 00:00:00,427.5555
2021-01-11 00:00:00,426.016
2021-01-12 00:00:00,433.548
2021-01-13 00:00:00,433.3304
2021-01-14 00:00:00,436.9405
2021-01-15 00:00:00,431.7415
2021-01-18 00:00:00,431.7415
2021-01-19 00:00:00,432.328
2021-01-20 00:00:00,433.6567
2021-01-21 00:00:00,433.3612
2021-01-22 00:00:00,427.4073
2021-01-25 00:00:00,431.4919
2021-01-26 00:00:00,433.836
2021-01-27 00:00:00,433.3097
2021-01-28 00:00:00,430.5459
2021-01-29 00:00:00,430.9947
2021-02-01 00:00:00,437.2843
2021-02-02 00:00:00,441.0014
2021-02-03 00:00:00,445.6187
2021-02-04 00:00:00,447.2451
2021-02-05 00:00:00,450.6114
2021-02-08 00:00:00,457.7299
2021-02-09 00:00:00,459.6474
2021-02-10 00:00:00,459.4874
2021-02-11 00:00:00,458.7431
2021-02-12 00:00:00,463.95
2021-02-15 00:00:00,463.95
2021-02-16 00:00:00,470.2727
2021-02-17 00:00:00,473.1511
2021-02-18 00:00:00,472.778
2021-02-19 00:00:00,470.0881
2021-02-22 00:00:00,480.9005
2021-02-23 00:00:00,481.1604
2021-02-24 00:00:00,489.3025
2021-02-25 00:00:00,488.6704
2021-02-26 00:00:00,476.9869
2021-03-01 00:00:00,472.6244
2021-03-02 00:00:00,471.9639
2021-03-03 00:00:00,474.61
2021-03-04 00:00:00,481.3498
2021-03-05 00:00:00,491.4321
2021-03-08 00:00:00,487.6244
2021-03-09 00:00:00,484.8667
2021-03-10 00:00:00,485.4575
2021-03-11 00:00:00,493.4123
2021-03-12 00:00:00,492.216
2021-03-15 00:00:00,491.9051
2021-03-16 00:00:00,490.1803
2021-03-17 00:00:00,488.6057
2021-03-18 00:00:00,469.2841
2021-03-19 00:00:00,475.1012
2021-03-22 00:00:00,475.6318
2021-03-23 00:00:00,461.3901
2021-03-24 00:00:00,474.2248
2021-03-25 00:00:00,462.2976
2021-03-26 00:00:00,474.0144
2021-03-29 00:00:00,474.5763
2021-03-30 00:00:00,468.9647
2021-03-31 00:00:00,467.414
2021-04-01 00:00:00,474.0237
2021-04-02 00:00:00,474.0237
2021-04-05 00:00:00,464.3321
2021-04-06 00:00:00,468.5741
2021-04-07 00:00:00,469.9511
2021-04-08 00:00:00,472.6627
2021-04-09 00:00:00,471.1558
2021-04-12 00:00:00,470.3802
2021-04-13 00:00:00,473.6899
2021-04-14 00:00:00,487.5174
2021-04-15 00:00:00,490.153
2021-04-16 00:00:00,488.7238
2021-04-19 00:00:00,490.5797
2021-04-20 00:00:00,489.3232
2021-04-21 00:00:00,487.185
2021-04-22 00:00:00,490.2596
2021-04-23 00:00:00,494.1003
2021-04-26 00:00:00,497.8141
2021-04-27 00:00:00,501.9607
2021-04-28 00:00:00,504.916
2021-04-29 00:00:00,508.6537
2021-04-30 00:00:00,505.8542
2021-05-03 00:00:00,509.6251
2021-05-04 00:00:00,516.5219
2021-05-05 00:00:00,519.2053
2021-05-06 00:00:00,518.8593
2021-05-07 00:00:00,523.0299
2021-05-10 00:00:00,520.8378
2021-05-11 00:00:00,524.4095
2021-05-12 00:00:00,526.6543
2021-05-13 00:00:00,511.525
2021-05-14 00:00:00,514.9969
2021-05-17 00:00:00,520.9238
2021-05-18 00:00:00,519.4251
2021-05-19 00:00:00,507.4453
2021-05-20 00:00:00,502.4294
2021-05-21 00:00:00,506.4006
2021-05-24 00:00:00,514.2501
2021-05-25 00:00:00,512.5144
2021-05-26 00:00:00,513.8967
2021-05-27 00:00:00,521.1157
2021-05-28 00:00:00,519.2278
2021-05-31 00:00:00,519.2278
2021-06-01 00:00:00,528.0827
2021-06-02 00:00:00,531.2296
2021-06-03 00:00:00,527.0365
2021-06-04 00:00:00,533.7398
2021-06-07 00:00:00,529.6497
2021-06-08 00:00:00,532.7406
2021-06-09 00:00:00,531.9155
2021-06-10 00:00:00,532.6156
2021-06-11 00:00:00,532.0251
2021-06-14 00:00:00,529.5258
2021-06-15 00:00:00,529.6808
2021-06-16 00:00:00,529.9811
2021-06-17 00:00:00,515.5054
2021-06-18 00:00:00,520.0316
2021-06-21 00:00:00,525.5229
2021-06-22 00:00:00,525.3463
2021-06-23 00:00:00,528.3458
2021-06-24 00:00:00,528.6345
2021-06-25 00:00:00,529.9653
2021-06-28 00:00:00,528.864
2021-06-29 00:00:00,530.0295
2021-06-30 00:00:00,535.9755
2021-07-01 00:00:00,540.526
2021-07-02 00:00:00,541.4566
2021-07-05 00:00:00,541.4566
2021-07-06 00:00:00,528.8321
2021-07-07 00:00:00,523.8384
2021-07-08 00:00:00,524.9629
2021-07-09 00:00:00,531.7583
2021-07-12 00:00:00,531.7516
2021-07-13 00:00:00,536.7168
2021-07-14 00:00:00,531.4316
2021-07-15 00:00:00,527.3395
2021-07-16 00:00:00,528.1744
2021-07-19 00:00:00,506.5087
2021-07-20 00:00:00,512.6292
2021-07-21 00:00:00,525.4422
2021-07-22 00:00:00,531.6857
2021-07-23 00:00:00,532.4833
2021-07-26 00:00:00,535.328
2021-07-27 00:00:00,532.9226
2021-07-28 00:00:00,535.578
2021-07-29 00:00:00,543.3373
2021-07-30 00:00:00,541.129
2021-08-02 00:00:00,533.4548
2021-08-03 00:00:00,530.1506
2021-08-04 00:00:00,521.9046
2021-08-05 00:00:00,526.0445
2021-08-06 00:00:00,522.3383
2021-08-09 00:00:00,512.5285
2021-08-10 00:00:00,521.3305
2021-08-11 00:00:00,525.0765
2021-08-12 00:00:00,525.8677
2021-08-13 00:00:00,524.7447
2021-08-16 00:00:00,520.5232
2021-08-17 00:00:00,515.4307
2021-08-18 00:00:00,511.293
2021-08-19 00:00:00,500.3995
2021-08-20 00:00:00,494.4293
2021-08-23 00:00:00,510.6497
2021-08-24 00:00:00,520.1049
2021-08-25 00:00:00,524.3253
2021-08-26 00:00:00,521.5875
2021-08-27 00:00:00,529.0991
2021-08-30 00:00:00,529.6991
2021-08-31 00:00:00,527.3677
2021-09-01 00:00:00,526.0872
2021-09-02 00:00:00,532.6442
2021-09-03 00:00:00,531.873
2021-09-06 00:00:00,531.873
2021-09-07 00:00:00,525.0964
2021-09-08 00:00:00,528.8367
2021-09-09 00:00:00,525.0984
2021-09-10 00:00:00,531.425
2021-09-13 00:00:00,533.3844
2021-09-14 00:00:00,533.9191
2021-09-15 00:00:00,545.0128
2021-09-16 00:00:00,542.5764
2021-09-17 00:00:00,538.8525
2021-09-20 00:00:00,529.5544
2021-09-21 00:00:00,529.1028
2021-09-22 00:00:00,539.3099
2021-09-23 00:00:00,546.0133
2021-09-24 00:00:00,549.7233
2021-09-27 00:00:00,558.6856
2021-09-28 00:00:00,557.6063
2021-09-29 00:00:00,554.5149
2021-09-30 00:00:00,557.7057
2021-10-01 00:00:00,561.9096
2021-10-04 00:00:00,571.1619
2021-10-05 00:00:00,579.2819
2021-10-06 00:00:00,569.1565
2021-10-07 00:00:00,573.8552
2021-10-08 00:00:00,576.8771
2021-10-11 00:00:00,581.2325
2021-10-12 00:00:00,579.4936
2021-10-13 00:00:00,579.1984
2021-10-14 00:00:00,585.9167
2021-10-15 00:00:00,591.7259
2021-10-18 00:00:00,588.4052
2021-10-19 00:00:00,589.8844
2021-10-20 00:00:00,595.7764
2021-10-21 00:00:00,585.8267
2021-10-22 00:00:00,590.0573
2021-10-25 00:00:00,596.5162
2021-10-26 00:00:00,598.0691
2021-10-27 00:00:00,590.0025
2021-10-28 00:00:00,589.197
2021-10-29 00:00:00,588.2094
2021-11-01 00:00:00,592.3791
2021-11-02 00:00:00,592.9539
2021-11-03 00:00:00,580.7203
2021-11-04 00:00:00,573.6166
2021-11-05 00:00:00,580.2639
2021-11-08 00:00:00,582.5578
2021-11-09 00:00:00,586.55
2021-11-10 00:00:00,579.2058
2021-11-11 00:00:00,582.5661
2021-11-12 00:00:00,579.6247
2021-11-15 00:00:00,579.9447
2021-11-16 00:00:00,580.3606
2021-11-17 00:00:00,572.2771
2021-11-18 00:00:00,575.031
2021-11-19 00:00:00,567.1327
2021-11-22 00:00:00,571.349
2021-11-23 00:00:00,580.4677
2021-11-24 00:00:00,581.0096
2021-11-25 00:00:00,581.0096
2021-11-26 00:00:00,539.9278
2021-11-29 00:00:00,542.477
2021-11-30 00:00:00,522.4443
2021-12-01 00:00:00,521.2881
2021-12-02 00:00:00,524.1904
2021-12-03 00:00:00,525.1532
2021-12-06 00:00:00,534.3095
2021-12-07 00:00:00,544.6093
2021-12-08 00:00:00,547.2698
2021-12-09 00:00:00,541.6147
2021-12-10 00:00:00,544.3262
2021-12-13 00:00:00,541.8162
2021-12-14 00:00:00,538.8556
2021-12-15 00:00:00,536.2931
2021-12-16 00:00:00,546.0738
2021-12-17 00:00:00,540.2867
2021-12-20 00:00:00,530.683
2021-12-21 00:00:00,544.6407
2021-12-22 00:00:00,553.8638
2021-12-23 00:00:00,558.3459
2021-12-24 00:00:00,558.3459
2021-12-27 00:00:00,566.5306
2021-12-28 00:00:00,566.1752
2021-12-29 00:00:00,568.7981
2021-12-30 00:00:00,567.9702
2021-12-31 00:00:00,561.1805
2022-01-03 00:00:00,564.4832
2022-01-04 00:00:00,570.9828
2022-01-05 00:00:00,575.1459
2022-01-06 00:00:00,578.041
2022-01-07 00:00:00,578.1148
2022-01-10 00:00:00,574.423
2022-01-11 00:00:00,587.9943
2022-01-12 00:00:00,595.5499
2022-01-13 00:00:00,590.0746
2022-01-14 00:00:00,596.7587
2022-01-17 00:00:00,596.7587
2022-01-18 00:00:00,603.7172
2022-01-19 00:00:00,610.9827
2022-01-20 00:00:00,611.4234
2022-01-21 00:00:00,608.8819
2022-01-24 00:00:00,601.5777
2022-01-25 00:00:00,611.0378
2022-01-26 00:00:00,619.5484
2022-01-27 00:00:00,616.7431
2022-01-28 00:00:00,620.3488
2022-01-31 00:00:00,623.7843
2022-02-01 00:00:00,626.6942
2022-02-02 00:00:00,630.8869
2022-02-03 00:00:00,635.0331
2022-02-04 00:00:00,643.0133
2022-02-07 00:00:00,639.9279
2022-02-08 00:00:00,631.6997
2022-02-09 00:00:00,636.9765
2022-02-10 00:00:00,635.4588
2022-02-11 00:00:00,643.0807
2022-02-14 00:00:00,652.3763
2022-02-15 00:00:00,638.6469
2022-02-16 00:00:00,647.9755
2022-02-17 00:00:00,641.9249
2022-02-18 00:00:00,643.5969
2022-02-21 00:00:00,643.5969
2022-02-22 00:00:00,656.2195
2022-02-23 00:00:00,658.8522
2022-02-24 00:00:00,667.5954
2022-02-25 00:00:00,652.6157
2022-02-28 00:00:00,673.0487
2022-03-01 00:00:00,710.8042
2022-03-02 00:00:00,746.0652
2022-03-03 00:00:00,745.8485
2022-03-04 00:00:00,783.317
2022-03-07 00:00:00,803.7454
2022-03-08 00:00:00,822.2992
2022-03-09 00:00:00,745.7283
2022-03-10 00:00:00,727.4788
2022-03-11 00:00:00,740.8351
2022-03-14 00:00:00,716.1
2022-03-15 00:00:00,693.0118
2022-03-16 00:00:00,684.42
2022-03-17 00:00:00,723.1494
2022-03-18 00:00:00,725.606
2022-03-21 00:00:00,755.9546
2022-03-22 00:00:00,754.9986
2022-03-23 00:00:00,782.8545
2022-03-24 00:00:00,774.7572
2022-03-25 00:00:00,781.5925
2022-03-28 00:00:00,746.6321
2022-03-29 00:00:00,731.8058
2022-03-30 00:00:00,750.9223
2022-03-31 00:00:00,724.1862
2022-04-01 00:00:00,721.2066
2022-04-04 00:00:00,737.6629
2022-04-05 00:00:00,734.8278
2022-04-06 00:00:00,713.6079
2022-04-07 00:00:00,709.1071
2022-04-08 00:00:00,720.3641
2022-04-11 00:00:00,706.8127
2022-04-12 00:00:00,734.0225
2022-04-13 00:00:00,751.1527
2022-04-14 00:00:00,764.8988
2022-04-15 00:00:00,764.8988
2022-04-18 00:00:00,776.2818
2022-04-19 00:00:00,749.8822
2022-04-20 00:00:00,751.0522
2022-04-21 00:00:00,754.9683
2022-04-22 00:00:00,745.0018
2022-04-25 00:00:00,726.9372
2022-04-26 00:00:00,742.0331
2022-04-27 00:00:00,749.3502
2022-04-28 00:00:00,757.0509
2022-04-29 00:00:00,756.7522
2022-05-02 00:00:00,760.612
2022-05-03 00:00:00,747.726
2022-05-04 00:00:00,771.3728
2022-05-05 00:00:00,774.4589
2022-05-06 00:00:00,769.3733
2022-05-09 00:00:00,733.726
2022-05-10 00:00:00,723.2401
2022-05-11 00:00:00,745.6619
2022-05-12 00:00:00,744.5298
2022-05-13 00:00:00,759.6836
2022-05-16 00:00:00,776.3981
2022-05-17 00:00:00,772.3788
2022-05-18 00:00:00,754.7263
2022-05-19 00:00:00,766.4433
2022-05-20 00:00:00,765.7641
2022-05-23 00:00:00,772.167
2022-05-24 00:00:00,769.019
2022-05-25 00:00:00,771.8983
2022-05-26 00:00:00,785.808
2022-05-27 00:00:00,792.7475
2022-05-30 00:00:00,792.7475
2022-05-31 00:00:00,786.4548
2022-06-01 00:00:00,793.4769
2022-06-02 00:00:00,800.3395
2022-06-03 00:00:00,808.2956
2022-06-06 00:00:00,816.4387
2022-06-07 00:00:00,814.2722
2022-06-08 00:00:00,818.6304
2022-06-09 00:00:00,816.8141
2022-06-10 00:00:00,804.8042
2022-06-13 00:00:00,794.0697
2022-06-14 00:00:00,781.1694
2022-06-15 00:00:00,776.4697
2022-06-16 00:00:00,783.0701
2022-06-17 00:00:00,753.6103
2022-06-20 00:00:00,753.6103
2022-06-21 00:00:00,755.442
2022-06-22 00:00:00,742.0059
2022-06-23 00:00:00,724.6323
2022-06-24 00:00:00,735.0283
2022-06-27 00:00:00,737.1555
2022-06-28 00:00:00,744.9141
2022-06-29 00:00:00,737.1569
2022-06-30 00:00:00,709.2296
2022-07-01 00:00:00,719.6706
2022-07-04 00:00:00,719.6706
2022-07-05 00:00:00,674.6913
2022-07-06 00:00:00,664.149
2022-07-07 00:00:00,691.2026
2022-07-08 00:00:00,697.6896
2022-07-11 00:00:00,696.3146
2022-07-12 00:00:00,657.7458
2022-07-13 00:00:00,659.7085
2022-07-14 00:00:00,648.0856
2022-07-15 00:00:00,658.4651
2022-07-18 00:00:00,681.3804
2022-07-19 00:00:00,679.9403
2022-07-20 00:00:00,681.8949
2022-07-21 00:00:00,665.6539
2022-07-22 00:00:00,663.4476
2022-07-25 00:00:00,672.8023
2022-07-26 00:00:00,674.3744
2022-07-27 00:00:00,683.9869
2022-07-28 00:00:00,683.9239
2022-07-29 00:00:00,692.6372
2022-08-01 00:00:00,671.6855
2022-08-02 00:00:00,666.9796
2022-08-03 00:00:00,656.8371
2022-08-04 00:00:00,649.4694
2022-08-05 00:00:00,649.2679
2022-08-08 00:00:00,650.7186
2022-08-09 00:00:00,655.1594
2022-08-10 00:00:00,664.0143
2022-08-11 00:00:00,677.6066
2022-08-12 00:00:00,672.6855
2022-08-15 00:00:00,659.5319
2022-08-16 00:00:00,652.1956
2022-08-17 00:00:00,657.55
2022-08-18 00:00:00,665.5502
2022-08-19 00:00:00,670.0947
2022-08-22 00:00:00,672.3314
2022-08-23 00:00:00,684.9276
2022-08-24 00:00:00,691.7416
2022-08-25 00:00:00,683.9437
2022-08-26 00:00:00,688.9634
2022-08-29 00:00:00,702.2286
2022-08-30 00:00:00,676.1042
2022-08-31 00:00:00,665.9277
2022-09-01 00:00:00,648.8166
2022-09-02 00:00:00,651.4505
2022-09-05 00:00:00,651.4505
2022-09-06 00:00:00,647.6579
2022-09-07 00:00:00,630.9653
2022-09-08 00:00:00,633.8049
2022-09-09 00:00:00,649.89
2022-09-12 00:00:00,657.6593
2022-09-13 00:00:00,652.6094
2022-09-14 00:00:00,653.934
2022-09-15 00:00:00,632.9392
2022-09-16 00:00:00,631.5807
2022-09-19 00:00:00,634.1593
2022-09-20 00:00:00,633.9353
2022-09-21 00:00:00,629.9677
2022-09-22 00:00:00,631.29
2022-09-23 00:00:00,606.315
2022-09-26 00:00:00,593.9209
2022-09-27 00:00:00,601.0052
2022-09-28 00:00:00,618.6288
2022-09-29 00:00:00,615.7931
2022-09-30 00:00:00,607.7575
2022-10-03 00:00:00,623.232
2022-10-04 00:00:00,642.03
2022-10-05 00:00:00,650.6051
2022-10-06 00:00:00,654.3016
2022-10-07 00:00:00,666.7258
2022-10-10 00:00:00,658.2612
2022-10-11 00:00:00,646.8892
2022-10-12 00:00:00,639.9271
2022-10-13 00:00:00,647.902
2022-10-14 00:00:00,631.8883
2022-10-17 00:00:00,630.9163
2022-10-18 00:00:00,620.7758
2022-10-19 00:00:00,624.2214
2022-10-20 00:00:00,624.6046
2022-10-21 00:00:00,625.5777
2022-10-24 00:00:00,626.2942
2022-10-25 00:00:00,631.0202
2022-10-26 00:00:00,642.0352
2022-10-27 00:00:00,643.8336
2022-10-28 00:00:00,636.5313
2022-10-31 00:00:00,636.8439
2022-11-01 00:00:00,641.5257
2022-11-02 00:00:00,649.2739
2022-11-03 00:00:00,644.8398
2022-11-04 00:00:00,665.9472
2022-11-07 00:00:00,662.4973
2022-11-08 00:00:00,649.71
2022-11-09 00:00:00,634.1138
2022-11-10 00:00:00,637.363
2022-11-11 00:00:00,646.7267
2022-11-14 00:00:00,637.6193
2022-11-15 00:00:00,643.4693
2022-11-16 00:00:00,638.4758
2022-11-17 00:00:00,623.9436
2022-11-18 00:00:00,618.8522
2022-11-21 00:00:00,617.838
2022-11-22 00:00:00,623.9766
2022-11-23 00:00:00,614.8787
2022-11-24 00:00:00,614.8787
2022-11-25 00:00:00,604.9069
2022-11-28 00:00:00,603.4145
2022-11-29 00:00:00,608.2935
2022-11-30 00:00:00,621.1091
2022-12-01 00:00:00,620.9182
2022-12-02 00:00:00,611.5227
2022-12-05 00:00:00,593.7613
2022-12-06 00:00:00,579.228
2022-12-07 00:00:00,573.0529
2022-12-08 00:00:00,572.4971
2022-12-09 00:00:00,572.441
2022-12-12 00:00:00,582.642
2022-12-13 00:00:00,596.3861
2022-12-14 00:00:00,602.8703
2022-12-15 00:00:00,597.7974
2022-12-16 00:00:00,588.2113
2022-12-19 00:00:00,586.5169
2022-12-20 00:00:00,588.2224
2022-12-21 00:00:00,599.4249
2022-12-22 00:00:00,594.021
2022-12-23 00:00:00,605.7944
2022-12-26 00:00:00,605.7944
2022-12-27 00:00:00,610.712
2022-12-28 00:00:00,605.8975
2022-12-29 00:00:00,602.8413
2022-12-30 00:00:00,610.0719
2023-01-02 00:00:00,610.0719
2023-01-03 00:00:00,590.6316
2023-01-04 00:00:00,571.237
2023-01-05 00:00:00,571.1293
2023-01-06 00:00:00,573.2946
2023-01-09 00:00:00,580.2392
2023-01-10 00:00:00,581.1347
2023-01-11 00:00:00,592.4936
2023-01-12 00:00:00,599.5598
2023-01-13 00:00:00,605.7854
2023-01-16 00:00:00,605.7854
2023-01-17 00:00:00,609.0609
2023-01-18 00:00:00,606.6928
2023-01-19 00:00:00,608.2887
2023-01-20 00:00:00,616.1597
2023-01-23 00:00:00,618.9391
2023-01-24 00:00:00,612.2242
2023-01-25 00:00:00,610.1197
2023-01-26 00:00:00,615.1899
2023-01-27 00:00:00,608.903
2023-01-30 00:00:00,599.8714
2023-01-31 00:00:00,606.0573
2023-02-01 00:00:00,591.0033
2023-02-02 00:00:00,587.8904
2023-02-03 00:00:00,574.5009
2023-02-06 00:00:00,574.1863
2023-02-07 00:00:00,587.8589
2023-02-08 00:00:00,592.0756
2023-02-09 00:00:00,589.2273
2023-02-10 00:00:00,597.6005
2023-02-13 00:00:00,599.6751
2023-02-14 00:00:00,597.6042
2023-02-15 00:00:00,591.8079
2023-02-16 00:00:00,590.617
2023-02-17 00:00:00,581.5073
2023-02-20 00:00:00,581.5073
2023-02-21 00:00:00,584.3077
2023-02-22 00:00:00,573.8248
2023-02-23 00:00:00,576.1845
2023-02-24 00:00:00,577.5786
2023-02-27 00:00:00,577.5226
2023-02-28 00:00:00,581.8661
2023-03-01 00:00:00,587.8668
2023-03-02 00:00:00,588.1193
2023-03-03 00:00:00,595.8505
2023-03-06 00:00:00,594.2441
2023-03-07 00:00:00,582.0111
2023-03-08 00:00:00,577.6568
2023-03-09 00:00:00,570.8557
2023-03-10 00:00:00,575.9237
2023-03-13 00:00:00,570.8035
2023-03-14 00:00:00,559.7883
2023-03-15 00:00:00,540.6648
2023-03-16 00:00:00,545.2564
2023-03-17 00:00:00,541.6216
2023-03-20 00:00:00,543.4516
2023-03-21 00:00:00,548.2758
2023-03-22 00:00:00,552.4558
2023-03-23 00:00:00,550.1598
2023-03-24 00:00:00,549.3752
2023-03-27 00:00:00,562.6209
2023-03-28 00:00:00,565.8347
2023-03-29 00:00:00,563.22
2023-03-30 00:00:00,566.6462
2023-03-31 00:00:00,574.0241
2023-04-03 00:00:00,589.8492
2023-04-04 00:00:00,588.3467
2023-04-05 00:00:00,590.1478
2023-04-06 00:00:00,588.6879
2023-04-07 00:00:00,588.6879
2023-04-10 00:00:00,586.9233
2023-04-11 00:00:00,592.0267
2023-04-12 00:00:00,597.7346
2023-04-13 00:00:00,593.7161
2023-04-14 00:00:00,594.8995
2023-04-17 00:00:00,591.3877
2023-04-18 00:00:00,593.1642
2023-04-19 00:00:00,583.6633
2023-04-20 00:00:00,574.298
2023-04-21 00:00:00,573.902
2023-04-24 00:00:00,577.5799
2023-04-25 00:00:00,567.956
2023-04-26 00:00:00,556.94
2023-04-27 00:00:00,556.2612
2023-04-28 00:00:00,564.9676
2023-05-01 00:00:00,560.1074
2023-05-02 00:00:00,543.2693
2023-05-03 00:00:00,532.0662
2023-05-04 00:00:00,532.7721
2023-05-05 00:00:00,545.5896
2023-05-08 00:00:00,553.5158
2023-05-09 00:00:00,554.1743
2023-05-10 00:00:00,550.5183
2023-05-11 00:00:00,540.7029
2023-05-12 00:00:00,538.9058
2023-05-15 00:00:00,546.3794
2023-05-16 00:00:00,542.667
2023-05-17 00:00:00,549.2696
2023-05-18 00:00:00,544.9977
2023-05-19 00:00:00,543.4167
2023-05-22 00:00:00,544.4413
2023-05-23 00:00:00,546.4748
2023-05-24 00:00:00,551.2491
2023-05-25 00:00:00,541.4254
2023-05-26 00:00:00,546.8587
2023-05-29 00:00:00,546.8587
2023-05-30 00:00:00,532.5702
2023-05-31 00:00:00,528.2247
2023-06-01 00:00:00,537.4066
2023-06-02 00:00:00,545.5785
2023-06-05 00:00:00,547.6926
2023-06-06 00:00:00,548.1971
2023-06-07 00:00:00,549.0141
2023-06-08 00:00:00,545.5062
2023-06-09 00:00:00,539.8088
2023-06-12 00:00:00,527.3916
2023-06-13 00:00:00,536.6394
2023-06-14 00:00:00,533.3505
2023-06-15 00:00:00,547.9684
2023-06-16 00:00:00,557.219
2023-06-19 00:00:00,557.219
2023-06-20 00:00:00,550.6139
2023-06-21 00:00:00,559.9219
2023-06-22 00:00:00,547.0376
2023-06-23 00:00:00,541.5642
2023-06-26 00:00:00,542.6405
2023-06-27 00:00:00,533.7131
2023-06-28 00:00:00,535.3771
2023-06-29 00:00:00,535.5468
2023-06-30 00:00:00,540.4607
2023-07-03 00:00:00,536.6595
2023-07-04 00:00:00,536.6595
2023-07-05 00:00:00,545.7594
2023-07-06 00:00:00,544.137
2023-07-07 00:00:00,551.8415
2023-07-10 00:00:00,549.8888
2023-07-11 00:00:00,557.6841
2023-07-12 00:00:00,559.2236
2023-07-13 00:00:00,565.4211
2023-07-14 00:00:00,562.5178
2023-07-17 00:00:00,555.831
2023-07-18 00:00:00,564.2047
2023-07-19 00:00:00,567.8191
2023-07-20 00:00:00,569.8866
2023-07-21 00:00:00,574.7211
2023-07-24 00:00:00,586.0481
2023-07-25 00:00:00,588.8651
2023-07-26 00:00:00,585.2167
2023-07-27 00:00:00,588.4094
2023-07-28 00:00:00,590.9369
2023-07-31 00:00:00,593.4022
2023-08-01 00:00:00,591.6838
2023-08-02 00:00:00,580.7089
2023-08-03 00:00:00,587.4037
2023-08-04 00:00:00,591.6858
2023-08-07 00:00:00,588.3205
2023-08-08 00:00:00,590.5027
2023-08-09 00:00:00,597.7035
2023-08-10 00:00:00,591.8981
2023-08-11 00:00:00,590.7531
2023-08-14 00:00:00,586.3379
2023-08-15 00:00:00,577.463
2023-08-16 00:00:00,573.5581
2023-08-17 00:00:00,577.1764
2023-08-18 00:00:00,582.0377
2023-08-21 00:00:00,579.51
2023-08-22 00:00:00,578.1302
2023-08-23 00:00:00,577.7474
2023-08-24 00:00:00,579.0884
2023-08-25 00:00:00,585.0185
2023-08-28 00:00:00,585.1214
2023-08-29 00:00:00,586.7269
2023-08-30 00:00:00,586.7674
2023-08-31 00:00:00,591.4241
2023-09-01 00:00:00,598.9845
2023-09-04 00:00:00,598.9845
2023-09-05 00:00:00,604.2076
2023-09-06 00:00:00,605.1005
2023-09-07 00:00:00,603.8761
2023-09-08 00:00:00,606.9938
2023-09-11 00:00:00,609.278
2023-09-12 00:00:00,612.3986
2023-09-13 00:00:00,613.0078
2023-09-14 00:00:00,619.6288
2023-09-15 00:00:00,618.0503
2023-09-18 00:00:00,616.9152
2023-09-19 00:00:00,617.5201
2023-09-20 00:00:00,614.4681
2023-09-21 00:00:00,612.0985
2023-09-22 00:00:00,611.2389
2023-09-25 00:00:00,609.1948
2023-09-26 00:00:00,609.0479
2023-09-27 00:00:00,618.3013
2023-09-28 00:00:00,615.7246
2023-09-29 00:00:00,609.6686
2023-10-02 00:00:00,602.0114
2023-10-03 00:00:00,600.2809
2023-10-04 00:00:00,579.7286
2023-10-05 00:00:00,573.2747
2023-10-06 00:00:00,575.7124
2023-10-09 00:00:00,587.6353
2023-10-10 00:00:00,585.0868
2023-10-11 00:00:00,577.2121
2023-10-12 00:00:00,577.9808
2023-10-13 00:00:00,595.8477
2023-10-16 00:00:00,591.3278
2023-10-17 00:00:00,591.4034
2023-10-18 00:00:00,598.9816
2023-10-19 00:00:00,602.406
2023-10-20 00:00:00,600.7975
2023-10-23 00:00:00,590.7658
2023-10-24 00:00:00,583.4583
2023-10-25 00:00:00,589.0052
2023-10-26 00:00:00,582.7777
2023-10-27 00:00:00,591.4137
2023-10-30 00:00:00,579.5079
2023-10-31 00:00:00,576.9723
2023-11-01 00:00:00,575.2869
2023-11-02 00:00:00,584.1828
2023-11-03 00:00:00,577.8941
2023-11-06 00:00:00,578.6681
2023-11-07 00:00:00,562.5783
2023-11-08 00:00:00,555.7555
2023-11-09 00:00:00,554.801
2023-11-10 00:00:00,558.0461
2023-11-13 00:00:00,566.9747
2023-11-14 00:00:00,567.5568
2023-11-15 00:00:00,563.5154
2023-11-16 00:00:00,547.6106
2023-11-17 00:00:00,556.7494
2023-11-20 00:00:00,565.0044
2023-11-21 00:00:00,566.3469
2023-11-22 00:00:00,561.7142
2023-11-23 00:00:00,561.7142
2023-11-24 00:00:00,554.5442
2023-11-27 00:00:00,549.7359
2023-11-28 00:00:00,558.4773
2023-11-29 00:00:00,563.3776
2023-11-30 00:00:00,555.7702
2023-12-01 00:00:00,548.7058
2023-12-04 00:00:00,543.0467
2023-12-05 00:00:00,539.8957
2023-12-06 00:00:00,525.0516
2023-12-07 00:00:00,525.1421
2023-12-08 00:00:00,531.902
2023-12-11 00:00:00,530.4033
2023-12-12 00:00:00,520.2613
2023-12-13 00:00:00,522.7081
2023-12-14 00:00:00,535.4846
2023-12-15 00:00:00,537.5608
2023-12-18 00:00:00,541.5535
2023-12-19 00:00:00,546.2658
2023-12-20 00:00:00,545.8156
2023-12-21 00:00:00,543.7928
2023-12-22 00:00:00,543.727
2023-12-25 00:00:00,543.727
2023-12-26 00:00:00,551.1537
2023-12-27 00:00:00,547.0581
2023-12-28 00:00:00,538.902
2023-12-29 00:00:00,535.6413
2024-01-01 00:00:00,535.6413
2024-01-02 00:00:00,530.485
2024-01-03 00:00:00,539.1639
2024-01-04 00:00:00,536.9945
2024-01-05 00:00:00,541.7565
2024-01-08 00:00:00,530.1905
2024-01-09 00:00:00,538.1895
2024-01-10 00:00:00,533.7332
2024-01-11 00:00:00,537.0728
2024-01-12 00:00:00,538.3328
2024-01-15 00:00:00,538.3328
2024-01-16 00:00:00,537.0067
2024-01-17 00:00:00,534.3057
2024-01-18 00:00:00,540.6366
2024-01-19 00:00:00,538.8274
2024-01-22 00:00:00,543.8602
2024-01-23 00:00:00,545.4299
2024-01-24 00:00:00,549.8603
2024-01-25 00:00:00,558.6468
2024-01-26 00:00:00,561.451
2024-01-29 00:00:00,556.178
2024-01-30 00:00:00,561.2278
2024-01-31 00:00:00,555.0681
2024-02-01 00:00:00,547.5653
2024-02-02 00:00:00,540.0082
2024-02-05 00:00:00,541.2877
2024-02-06 00:00:00,544.6871
2024-02-07 00:00:00,547.7469
2024-02-08 00:00:00,556.102
2024-02-09 00:00:00,558.9902
2024-02-12 00:00:00,558.0708
2024-02-13 00:00:00,559.3012
2024-02-14 00:00:00,552.7017
2024-02-15 00:00:00,556.0875
2024-02-16 00:00:00,558.9548
2024-02-19 00:00:00,558.9548
2024-02-20 00:00:00,553.8723
2024-02-21 00:00:00,557.3309
2024-02-22 00:00:00,559.288
2024-02-23 00:00:00,550.9363
2024-02-26 00:00:00,555.918
2024-02-27 00:00:00,561.235
2024-02-28 00:00:00,557.7379
2024-02-29 00:00:00,557.9317
2024-03-01 00:00:00,564.6624
2024-03-04 00:00:00,561.2257
2024-03-05 00:00:00,557.5346
2024-03-06 00:00:00,562.0172
2024-03-07 00:00:00,563.564
2024-03-08 00:00:00,559.4604
2024-03-11 00:00:00,561.7639
2024-03-12 00:00:00,561.3222
2024-03-13 00:00:00,570.2859
2024-03-14 00:00:00,573.8452
2024-03-15 00:00:00,575.3409
2024-03-18 00:00:00,582.4037
2024-03-19 00:00:00,582.9084
2024-03-20 00:00:00,577.1457
2024-03-21 00:00:00,576.9454
2024-03-22 00:00:00,574.4392
2024-03-25 00:00:00,579.7629
2024-03-26 00:00:00,575.5686
2024-03-27 00:00:00,573.8853
2024-03-28 00:00:00,582.4785
2024-03-29 00:00:00,582.4785
2024-04-01 00:00:00,583.8833
2024-04-02 00:00:00,590.5725
2024-04-03 00:00:00,595.0308
2024-04-04 00:00:00,599.1807
2024-04-05 00:00:00,601.9073
2024-04-08 00:00:00,599.1657
2024-04-09 00:00:00,595.7014
2024-04-10 00:00:00,598.088
2024-04-11 00:00:00,594.1316
2024-04-12 00:00:00,598.3193
2024-04-15 00:00:00,596.954
2024-04-16 00:00:00,596.8136
2024-04-17 00:00:00,587.1469
2024-04-18 00:00:00,586.4572
2024-04-19 00:00:00,590.2653
2024-04-22 00:00:00,589.9588
2024-04-23 00:00:00,593.8186
2024-04-24 00:00:00,592.158
2024-04-25 00:00:00,594.6023
2024-04-26 00:00:00,595.9391
2024-04-29 00:00:00,592.5599
2024-04-30 00:00:00,586.1663
2024-05-01 00:00:00,572.6671
2024-05-02 00:00:00,573.1694
2024-05-03 00:00:00,573.1897
2024-05-06 00:00:00,576.9475
2024-05-07 00:00:00,577.7411
2024-05-08 00:00:00,577.2907
2024-05-09 00:00:00,578.9546
2024-05-10 00:00:00,577.153
2024-05-13 00:00:00,579.4993
2024-05-14 00:00:00,575.5206
2024-05-15 00:00:00,578.8709
2024-05-16 00:00:00,581.574
2024-05-17 00:00:00,587.4845
2024-05-20 00:00:00,591.0514
2024-05-21 00:00:00,588.9441
2024-05-22 00:00:00,583.1933
2024-05-23 00:00:00,579.8935
2024-05-24 00:00:00,581.6939
2024-05-27 00:00:00,581.6939
2024-05-28 00:00:00,592.4433
2024-05-29 00:00:00,587.5309
2024-05-30 00:00:00,578.3106
2024-05-31 00:00:00,573.2754
2024-06-03 00:00:00,563.8223
2024-06-04 00:00:00,557.9038
2024-06-05 00:00:00,560.0111
2024-06-06 00:00:00,569.1241
2024-06-07 00:00:00,564.4197
2024-06-10 00:00:00,571.7023
2024-06-11 00:00:00,573.0036
2024-06-12 00:00:00,576.4782
2024-06-13 00:00:00,577.0281
2024-06-14 00:00:00,575.0868
2024-06-17 00:00:00,577.3536
2024-06-18 00:00:00,582.3325
2024-06-19 00:00:00,582.3325
2024-06-20 00:00:00,583.0179
2024-06-21 00:00:00,579.0551
2024-06-24 00:00:00,582.2141
2024-06-25 00:00:00,577.3726
2024-06-26 00:00:00,577.6742
2024-06-27 00:00:00,580.4856
2024-06-28 00:00:00,578.3853
2024-07-01 00:00:00,584.5505
2024-07-02 00:00:00,584.4537
2024-07-03 00:00:00,588.716
2024-07-04 00:00:00,588.716
2024-07-05 00:00:00,587.0953
2024-07-08 00:00:00,579.8331
2024-07-09 00:00:00,573.7793
2024-07-10 00:00:00,573.0157
2024-07-11 00:00:00,574.3336
2024-07-12 00:00:00,572.3893
2024-07-15 00:00:00,568.8104
2024-07-16 00:00:00,564.2097
2024-07-17 00:00:00,568.456
2024-07-18 00:00:00,566.7233
2024-07-19 00:00:00,555.8492
2024-07-22 00:00:00,556.8944
2024-07-23 00:00:00,551.4069
2024-07-24 00:00:00,553.9178
2024-07-25 00:00:00,554.992
2024-07-26 00:00:00,549.2813
2024-07-29 00:00:00,543.1357
2024-07-30 00:00:00,539.111
2024-07-31 00:00:00,551.4392
2024-08-01 00:00:00,544.3691
2024-08-02 00:00:00,533.0627
2024-08-05 00:00:00,529.3467
2024-08-06 00:00:00,530.7576
2024-08-07 00:00:00,537.3698
2024-08-08 00:00:00,539.4017
2024-08-09 00:00:00,542.0765
2024-08-12 00:00:00,551.8286
2024-08-13 00:00:00,544.4078
2024-08-14 00:00:00,541.8543
2024-08-15 00:00:00,546.5077
2024-08-16 00:00:00,540.0821
2024-08-19 00:00:00,536.7492
2024-08-20 00:00:00,534.3333
2024-08-21 00:00:00,530.5089
2024-08-22 00:00:00,532.1441
2024-08-23 00:00:00,540.4569
2024-08-26 00:00:00,549.2996
2024-08-27 00:00:00,544.5392
2024-08-28 00:00:00,538.1516
2024-08-29 00:00:00,544.0781
2024-08-30 00:00:00,536.7498
2024-09-02 00:00:00,536.7498
2024-09-03 00:00:00,524.7921
2024-09-04 00:00:00,520.2017
2024-09-05 00:00:00,520.1484
2024-09-06 00:00:00,511.0595
2024-09-09 00:00:00,514.8193
2024-09-10 00:00:00,504.2219
2024-09-11 00:00:00,510.7959
2024-09-12 00:00:00,518.9689
2024-09-13 00:00:00,519.0965
2024-09-16 00:00:00,523.581
2024-09-17 00:00:00,527.6405
2024-09-18 00:00:00,528.5834
2024-09-19 00:00:00,533.9936
2024-09-20 00:00:00,533.4098
2024-09-23 00:00:00,534.3622
2024-09-24 00:00:00,541.1445
2024-09-25 00:00:00,536.8041
2024-09-26 00:00:00,531.1876
2024-09-27 00:00:00,532.9315
2024-09-30 00:00:00,532.8835
2024-10-01 00:00:00,540.8681
2024-10-02 00:00:00,543.5133
2024-10-03 00:00:00,555.5354
2024-10-04 00:00:00,557.3746
2024-10-07 00:00:00,566.6466
2024-10-08 00:00:00,550.8138
2024-10-09 00:00:00,547.7736
2024-10-10 00:00:00,559.2524
2024-10-11 00:00:00,559.6437
2024-10-14 00:00:00,550.4002
2024-10-15 00:00:00,536.759
2024-10-16 00:00:00,536.0621
2024-10-17 00:00:00,537.0154
2024-10-18 00:00:00,531.9896
2024-10-21 00:00:00,536.4899
2024-10-22 00:00:00,545.3726
2024-10-23 00:00:00,542.0034
2024-10-24 00:00:00,540.453
2024-10-25 00:00:00,546.3166
2024-10-28 00:00:00,527.5023
2024-10-29 00:00:00,527.5065
2024-10-30 00:00:00,533.3871
2024-10-31 00:00:00,534.2031
2024-11-01 00:00:00,534.8001
2024-11-04 00:00:00,543.0374
2024-11-05 00:00:00,545.501
2024-11-06 00:00:00,541.4801
2024-11-07 00:00:00,547.224
2024-11-08 00:00:00,538.4194
2024-11-11 00:00:00,530.4168
2024-11-12 00:00:00,530.5007
2024-11-13 00:00:00,531.475
2024-11-14 00:00:00,530.3392
2024-11-15 00:00:00,527.1867
2024-11-18 00:00:00,538.0512
2024-11-19 00:00:00,539.2561
2024-11-20 00:00:00,539.2716
2024-11-21 00:00:00,543.843
2024-11-22 00:00:00,547.1942
2024-11-25 00:00:00,538.5927
2024-11-26 00:00:00,538.9872
2024-11-27 00:00:00,536.7875
2024-11-28 00:00:00,536.7875
2024-11-29 00:00:00,535.7093
2024-12-02 00:00:00,533.2838
2024-12-03 00:00:00,540.0185
2024-12-04 00:00:00,535.1673
2024-12-05 00:00:00,534.6221
2024-12-06 00:00:00,531.4829
2024-12-09 00:00:00,537.2308
2024-12-10 00:00:00,538.8645
2024-12-11 00:00:00,545.3595
2024-12-12 00:00:00,543.1705
2024-12-13 00:00:00,546.2978
2024-12-16 00:00:00,543.1479
2024-12-17 00:00:00,538.7578
2024-12-18 00:00:00,539.9394
2024-12-19 00:00:00,535.8841
2024-12-20 00:00:00,539.0708
2024-12-23 00:00:00,537.3288
2024-12-24 00:00:00,541.7461
2024-12-25 00:00:00,541.7461
2024-12-26 00:00:00,540.0005
2024-12-27 00:00:00,543.1503
2024-12-30 00:00:00,547.914
2024-12-31 00:00:00,549.6434
2025-01-01 00:00:00,549.6434
2025-01-02 00:00:00,555.6274
2025-01-03 00:00:00,553.6366
2025-01-06 00:00:00,555.8166
2025-01-07 00:00:00,557.3379
2025-01-08 00:00:00,552.8847
2025-01-09 00:00:00,557.9464
2025-01-10 00:00:00,570.9737
2025-01-13 00:00:00,576.1283
2025-01-14 00:00:00,571.9032
2025-01-15 00:00:00,581.7657
2025-01-16 00:00:00,579.3265
2025-01-17 00:00:00,577.9557
2025-01-20 00:00:00,577.9557
2025-01-21 00:00:00,572.9894
2025-01-22 00:00:00,572.2723
2025-01-23 00:00:00,570.2603
2025-01-24 00:00:00,571.143
2025-01-27 00:00:00,562.4903
2025-01-28 00:00:00,564.3411
2025-01-29 00:00:00,564.3842
2025-01-30 00:00:00,564.3799
2025-01-31 00:00:00,561.9173
2025-02-03 00:00:00,566.9422
2025-02-04 00:00:00,567.57
2025-02-05 00:00:00,562.8738
2025-02-06 00:00:00,561.9673
2025-02-07 00:00:00,563.2335
2025-02-10 00:00:00,570.438
2025-02-11 00:00:00,574.3975
2025-02-12 00:00:00,569.1634
2025-02-13 00:00:00,569.892
2025-02-14 00:00:00,569.4283
2025-02-17 00:00:00,569.4283
2025-02-18 00:00:00,575.957
2025-02-19 00:00:00,577.2649
2025-02-20 00:00:00,578.5558
2025-02-21 00:00:00,569.4019
2025-02-24 00:00:00,567.1225
2025-02-25 00:00:00,559.9487
2025-02-26 00:00:00,557.0867
2025-02-27 00:00:00,560.2752
2025-02-28 00:00:00,553.5848
2025-03-03 00:00:00,549.8337
2025-03-04 00:00:00,549.6329
2025-03-05 00:00:00,546.4584
2025-03-06 00:00:00,547.534
2025-03-07 00:00:00,551.3098
2025-03-10 00:00:00,548.3746
2025-03-11 00:00:00,549.7515
2025-03-12 00:00:00,553.0826
2025-03-13 00:00:00,550.6375
2025-03-14 00:00:00,551.6911
2025-03-17 00:00:00,555.8898
2025-03-18 00:00:00,554.1162
2025-03-19 00:00:00,556.9029
2025-03-20 00:00:00,559.7675
2025-03-21 00:00:00,558.215
2025-03-24 00:00:00,560.0165
2025-03-25 00:00:00,560.0771
2025-03-26 00:00:00,561.2901
2025-03-27 00:00:00,562.2722
2025-03-28 00:00:00,560.5069
2025-03-31 00:00:00,568.0834
2025-04-01 00:00:00,568.4152
2025-04-02 00:00:00,571.5202
2025-04-03 00:00:00,549.874
2025-04-04 00:00:00,522.697
2025-04-07 00:00:00,514.5713
2025-04-08 00:00:00,509.1159
2025-04-09 00:00:00,521.5681
2025-04-10 00:00:00,517.0383
2025-04-11 00:00:00,525.1592
2025-04-14 00:00:00,525.145
2025-04-15 00:00:00,524.0911
2025-04-16 00:00:00,531.0161
2025-04-17 00:00:00,538.5269
2025-04-18 00:00:00,538.5269
2025-04-21 00:00:00,531.9703
2025-04-22 00:00:00,538.1811
2025-04-23 00:00:00,532.8139
2025-04-24 00:00:00,536.4912
2025-04-25 00:00:00,537.2056
2025-04-28 00:00:00,535.3467
2025-04-29 00:00:00,528.5754
2025-04-30 00:00:00,518.1492
2025-05-01 00:00:00,520.2785
2025-05-02 00:00:00,520.1788
2025-05-05 00:00:00,516.1159
2025-05-06 00:00:00,524.8833
2025-05-07 00:00:00,519.5209
2025-05-08 00:00:00,525.6674
2025-05-09 00:00:00,531.5339
2025-05-12 00:00:00,534.3914
2025-05-13 00:00:00,541.9708
2025-05-14 00:00:00,538.8862
2025-05-15 00:00:00,532.6327
2025-05-16 00:00:00,533.0951
2025-05-19 00:00:00,533.0311
2025-05-20 00:00:00,536.2536
2025-05-21 00:00:00,536.1768
2025-05-22 00:00:00,533.009
2025-05-23 00:00:00,534.9981
2025-05-26 00:00:00,534.9981
2025-05-27 00:00:00,530.9704
2025-05-28 00:00:00,531.2792
2025-05-29 00:00:00,527.5937
2025-05-30 00:00:00,524.6726
2025-06-02 00:00:00,534.5556
2025-06-03 00:00:00,538.2936
2025-06-04 00:00:00,536.7092
2025-06-05 00:00:00,540.4814
2025-06-06 00:00:00,545.0061
2025-06-09 00:00:00,546.0583
2025-06-10 00:00:00,543.5573
2025-06-11 00:00:00,552.0066
2025-06-12 00:00:00,550.8529
2025-06-13 00:00:00,568.4128
2025-06-16 00:00:00,567.4223
2025-06-17 00:00:00,578.6649
2025-06-18 00:00:00,581.3511
2025-06-19 00:00:00,581.3511
2025-06-20 00:00:00,580.9991
2025-06-23 00:00:00,562.6885
2025-06-24 00:00:00,541.9875
2025-06-25 00:00:00,542.2264
2025-06-26 00:00:00,544.4262
2025-06-27 00:00:00,545.7116
2025-06-30 00:00:00,543.1381
2025-07-01 00:00:00,544.1946
2025-07-02 00:00:00,554.4772
2025-07-03 00:00:00,552.5595
2025-07-04 00:00:00,552.5595
2025-07-07 00:00:00,553.4623
2025-07-08 00:00:00,554.2125
2025-07-09 00:00:00,551.9047
2025-07-10 00:00:00,546.0398
2025-07-11 00:00:00,551.3895
2025-07-14 00:00:00,545.7612
2025-07-15 00:00:00,544.7311
2025-07-16 00:00:00,545.0316
2025-07-17 00:00:00,549.2212
2025-07-18 00:00:00,551.6172
2025-07-21 00:00:00,551.194
2025-07-22 00:00:00,548.6279
2025-07-23 00:00:00,547.6835
2025-07-24 00:00:00,548.7193
2025-07-25 00:00:00,545.067
2025-07-28 00:00:00,549.4704
2025-07-29 00:00:00,557.1203
2025-07-30 00:00:00,558.2163
2025-07-31 00:00:00,553.9949
2025-08-01 00:00:00,545.5826
2025-08-04 00:00:00,542.8691
2025-08-05 00:00:00,539.5528
2025-08-06 00:00:00,539.1834
2025-08-07 00:00:00,538.8264
2025-08-08 00:00:00,538.0076
2025-08-11 00:00:00,537.546
2025-08-12 00:00:00,535.1024
2025-08-13 00:00:00,533.2836
2025-08-14 00:00:00,534.8577
2025-08-15 00:00:00,534.2244
2025-08-18 00:00:00,535.8677
2025-08-19 00:00:00,532.5288
2025-08-20 00:00:00,537.9381
2025-08-21 00:00:00,542.6686
2025-08-22 00:00:00,545.0983
2025-08-25 00:00:00,548.6343
2025-08-26 00:00:00,543.1332
2025-08-27 00:00:00,546.2142
2025-08-28 00:00:00,548.7247
2025-08-29 00:00:00,549.7115
2025-09-01 00:00:00,549.7115
2025-09-02 00:00:00,557.5461
2025-09-03 00:00:00,552.5356
2025-09-04 00:00:00,548.8968
2025-09-05 00:00:00,543.2886
2025-09-08 00:00:00,546.4739
2025-09-09 00:00:00,546.7127
2025-09-10 00:00:00,549.8825
2025-09-11 00:00:00,545.8555
2025-09-12 00:00:00,548.3523
2025-09-15 00:00:00,553.6708
2025-09-16 00:00:00,558.5081
2025-09-17 00:00:00,553.025
2025-09-18 00:00:00,549.6233
2025-09-19 00:00:00,545.9363
2025-09-22 00:00:00,545.9689
2025-09-23 00:00:00,551.4748
2025-09-24 00:00:00,556.8802
2025-09-25 00:00:00,558.1229
2025-09-26 00:00:00,561.4413
2025-09-29 00:00:00,554.4959
2025-09-30 00:00:00,549.978
2025-10-01 00:00:00,549.3407
2025-10-02 00:00:00,543.8511
2025-10-03 00:00:00,546.2578
2025-10-06 00:00:00,550.7515
2025-10-07 00:00:00,552.3488
2025-10-08 00:00:00,556.1393
2025-10-09 00:00:00,551.9105
2025-10-10 00:00:00,539.9621
2025-10-13 00:00:00,546.4765
2025-10-14 00:00:00,542.5942
2025-10-15 00:00:00,541.8902
2025-10-16 00:00:00,541.6892
2025-10-17 00:00:00,539.8473
2025-10-20 00:00:00,544.5834
2025-10-21 00:00:00,541.8822
2025-10-22 00:00:00,545.803
2025-10-23 00:00:00,561.4591
2025-10-24 00:00:00,559.1414
2025-10-27 00:00:00,556.7012
2025-10-28 00:00:00,550.7076
2025-10-29 00:00:00,554.7503
2025-10-30 00:00:00,554.7285
2025-10-31 00:00:00,556.997
2025-11-03 00:00:00,561.0505
2025-11-04 00:00:00,557.1016
2025-11-05 00:00:00,553.773
2025-11-06 00:00:00,552.1739
2025-11-07 00:00:00,553.6062
2025-11-10 00:00:00,560.6911
2025-11-11 00:00:00,566.7816
2025-11-12 00:00:00,558.5626
2025-11-13 00:00:00,557.6217
2025-11-14 00:00:00,559.2819
2025-11-17 00:00:00,558.5496
2025-11-18 00:00:00,562.0327
2025-11-19 00:00:00,555.533
2025-11-20 00:00:00,551.2575
2025-11-21 00:00:00,546.3966
2025-11-24 00:00:00,546.9672
2025-11-25 00:00:00,543.3767
2025-11-26 00:00:00,549.638
2025-11-27 00:00:00,549.638
2025-11-28 00:00:00,555.1701
2025-12-01 00:00:00,558.4543
2025-12-02 00:00:00,555.2797
2025-12-03 00:00:00,557.4279
2025-12-04 00:00:00,560.9606
2025-12-05 00:00:00,564.7302
2025-12-08 00:00:00,555.563
2025-12-09 00:00:00,550.559
2025-12-10 00:00:00,551.6068
2025-12-11 00:00:00,550.2742
2025-12-12 00:00:00,545.5081
2025-12-15 00:00:00,542.4575
2025-12-16 00:00:00,534.8724
2025-12-17 00:00:00,539.3357
2025-12-18 00:00:00,538.9082
2025-12-19 00:00:00,542.2015
2025-12-22 00:00:00,549.5296
2025-12-23 00:00:00,554.4821
2025-12-24 00:00:00,554.5012
2025-12-25 00:00:00,554.5012
2025-12-26 00:00:00,550.4011
2025-12-29 00:00:00,551.309
2025-12-30 00:00:00,554.2844
2025-12-31 00:00:00,548.5183
2026-01-01 00:00:00,548.5183
2026-01-02 00:00:00,547.9854
2026-01-05 00:00:00,557.5889
2026-01-06 00:00:00,555.5127
2026-01-07 00:00:00,550.4835
2026-01-08 00:00:00,555.3929
2026-01-09 00:00:00,559.822
2026-01-12 00:00:00,563.6605
2026-01-13 00:00:00,570.2168
2026-01-14 00:00:00,573.5461
2026-01-15 00:00:00,563.7609
2026-01-16 00:00:00,562.923
2026-01-19 00:00:00,562.923
2026-01-20 00:00:00,571.3546
2026-01-21 00:00:00,576.466
2026-01-22 00:00:00,573.8391
2026-01-23 00:00:00,584.1152
2026-01-26 00:00:00,588.0062
2026-01-27 00:00:00,592.5279
2026-01-28 00:00:00,599.8133
2026-01-29 00:00:00,610.1286
2026-01-30 00:00:00,598.1873
2026-02-02 00:00:00,575.2354
2026-02-03 00:00:00,587.203
2026-02-04 00:00:00,593.7046
2026-02-05 00:00:00,584.7592
2026-02-06 00:00:00,587.5558
2026-02-09 00:00:00,591.6138
2026-02-10 00:00:00,587.9115
2026-02-11 00:00:00,593.4426
2026-02-12 00:00:00,583.0869
2026-02-13 00:00:00,583.8537
2026-02-16 00:00:00,583.8537
2026-02-17 00:00:00,577.7937
2026-02-18 00:00:00,592.6708
2026-02-19 00:00:00,598.9113
2026-02-20 00:00:00,602.3191
2026-02-23 00:00:00,603.0727
2026-02-24 00:00:00,601.3204
2026-02-25 00:00:00,604.5577
2026-02-26 00:00:00,603.2283
2026-02-27 00:00:00,610.902
2026-03-02 00:00:00,632.2652
2026-03-03 00:00:00,647.7326
2026-03-04 00:00:00,649.9562
2026-03-05 00:00:00,672.453
2026-03-06 00:00:00,700.6271
2026-03-09 00:00:00,710.4692
2026-03-10 00:00:00,675.0191
2026-03-11 00:00:00,690.905
2026-03-12 00:00:00,718.0468
2026-03-13 00:00:00,722.8591
2026-03-16 00:00:00,708.7914
2026-03-17 00:00:00,721.0645
2026-03-18 00:00:00,728.981
2026-03-19 00:00:00,727.5853
2026-03-20 00:00:00,736.1486
2026-03-23 00:00:00,694.0335
2026-03-24 00:00:00,711.3402
2026-03-25 00:00:00,701.3324
2026-03-26 00:00:00,720.1213
2026-03-27 00:00:00,739.2331
2026-03-30 00:00:00,749.1519
2026-03-31 00:00:00,745.1762
2026-04-01 00:00:00,738.663
2026-04-02 00:00:00,771.8257
2026-04-03 00:00:00,771.8257
2026-04-06 00:00:00,776.5795
2026-04-07 00:00:00,777.0857
2026-04-08 00:00:00,708.6256
2026-04-09 00:00:00,714.2609
2026-04-10 00:00:00,704.6743
2026-04-13 00:00:00,715.5319
2026-04-14 00:00:00,698.1334
2026-04-15 00:00:00,700.5619
2026-04-16 00:00:00,710.7012
2026-04-17 00:00:00,679.0998
2026-04-20 00:00:00,695.3402
2026-04-21 00:00:00,705.1543
2026-04-22 00:00:00,720.8512
2026-04-23 00:00:00,731.1158
2026-04-24 00:00:00,728.658
2026-04-27 00:00:00,738.1907
2026-04-28 00:00:00,746.6841
2026-04-29 00:00:00,770.6846
2026-04-30 00:00:00,768.4309
2026-05-01 00:00:00,760.3507
2026-05-04 00:00:00,777.8057
2026-05-05 00:00:00,765.1433
2026-05-06 00:00:00,735.0968
2026-05-07 00:00:00,727.7047
2026-05-08 00:00:00,732.2122
2026-05-11 00:00:00,744.4992
2026-05-12 00:00:00,756.902
2026-05-13 00:00:00,749.7467
2026-05-14 00:00:00,743.1712
2026-05-15 00:00:00,751.158
2026-05-18 00:00:00,765.3489
2026-05-19 00:00:00,763.1463
2026-05-20 00:00:00,741.2013
2026-05-21 00:00:00,731.7799
2026-05-22 00:00:00,731.6831
2026-05-25 00:00:00,731.6831
2026-05-26 00:00:00,716.7807
2026-05-27 00:00:00,698.9994
2026-05-28 00:00:00,702.9043
2026-05-29 00:00:00,694.5701
2026-06-01 00:00:00,711.6885
2026-06-02 00:00:00,716.1798
2026-06-03 00:00:00,721.2114
2026-06-04 00:00:00,709.5383
2026-06-05 00:00:00,693.8198
2026-06-08 00:00:00,695.3665
2026-06-09 00:00:00,682.127
2026-06-10 00:00:00,685.3916
2026-06-11 00:00:00,676.6654
2026-06-12 00:00:00,667.1869
2026-06-15 00:00:00,653.9408
2026-06-16 00:00:00,642.6373
2026-06-17 00:00:00,647.127
2026-06-18 00:00:00,642.1951
2026-06-19 00:00:00,642.1951
2026-06-22 00:00:00,642.1951
