PERFORMANCE SUMMARY,,
Metric,Value,
Start Date,2006-01-03,
End Date,2025-12-31,
Total Calendar Days,5053,
Active Trading Days,4739,
Warmup Days,314,
Total PnL (USD/MT),13385.52,
Annualized Return,711.79,
Annualized Std Dev,1763.97,
Sharpe Ratio,0.4035,
Sortino Ratio,0.5902,
Max Drawdown,-4038.34,
Calmar Ratio,0.1763,
Hit Rate,50.50%,
Avg Win (USD/MT),82.79,
Avg Loss (USD/MT),-79.12,
Profit Factor,1.0725,
Max Consecutive Wins,8,
Max Consecutive Losses,10,
POSITION NOTE,Position[t] = Signal[t-1]  (1-day lag, no leakage),
PnL NOTE,Daily_PnL = Position * ΔF1_continuous  (roll cost captured),
Cum_PnL NOTE,Cum_PnL = cumsum(Daily_PnL)  [NOT Daily_change×abs(pos)],
,,
TRADEBOOK,,
Date,Strategy,F1_raw,F1_continuous,EWMA_9,EWMA_21,x_EWMA_diff,y_vol_norm,z_sig_norm,u_response,Signal,Position,F1_cont_daily_change,Daily_PnL,MTM,Cum_PnL
2006-01-03 00:00:00,CTA(9,21),4584.0,4584.0,4584.0,4584.0,0.0,,,,,0.0,,,0.0,
2006-01-04 00:00:00,CTA(9,21),4675.5,4675.5,4594.1667,4588.3571,5.809524,,,,,0.0,91.5,0.0,0.0,0.0
2006-01-05 00:00:00,CTA(9,21),4638.0,4638.0,4599.037,4590.7211,8.315949,,,,,0.0,-37.5,-0.0,0.0,0.0
2006-01-06 00:00:00,CTA(9,21),4634.0,4634.0,4602.9218,4592.782,10.139822,,,,,0.0,-4.0,-0.0,0.0,0.0
2006-01-09 00:00:00,CTA(9,21),4693.0,4693.0,4612.9305,4597.5543,15.376223,,,,,0.0,59.0,0.0,0.0,0.0
2006-01-10 00:00:00,CTA(9,21),4689.0,4689.0,4621.3827,4601.9088,19.473832,,,,,0.0,-4.0,-0.0,0.0,0.0
2006-01-11 00:00:00,CTA(9,21),4681.0,4681.0,4628.0068,4605.6751,22.331734,,,,,0.0,-8.0,-0.0,0.0,0.0
2006-01-12 00:00:00,CTA(9,21),4659.0,4659.0,4631.4505,4608.2144,23.236139,,,,,0.0,-22.0,-0.0,0.0,0.0
2006-01-13 00:00:00,CTA(9,21),4747.0,4747.0,4644.2893,4614.8232,29.466133,,,,,0.0,88.0,0.0,0.0,0.0
2006-01-16 00:00:00,CTA(9,21),4711.0,4711.0,4651.7016,4619.403,32.298581,,,,,0.0,-36.0,-0.0,0.0,0.0
2006-01-17 00:00:00,CTA(9,21),4663.0,4663.0,4652.957,4621.4791,31.477911,,,,,0.0,-48.0,-0.0,0.0,0.0
2006-01-18 00:00:00,CTA(9,21),4703.0,4699.0,4658.5173,4625.361,33.156295,,,,,0.0,36.0,0.0,0.0,0.0
2006-01-19 00:00:00,CTA(9,21),4695.0,4690.0,4662.571,4628.6772,33.893784,,,,,0.0,-9.0,-0.0,0.0,0.0
2006-01-20 00:00:00,CTA(9,21),4636.0,4671.0,4659.6186,4629.0259,30.592749,,,,,0.0,-19.0,-0.0,0.0,0.0
2006-01-23 00:00:00,CTA(9,21),4703.0,4738.0,4664.4388,4632.5485,31.890323,,,,,0.0,67.0,0.0,0.0,0.0
2006-01-24 00:00:00,CTA(9,21),4743.0,4778.0,4673.1678,4637.8081,35.35975,,,,,0.0,40.0,0.0,0.0,0.0
2006-01-25 00:00:00,CTA(9,21),4872.0,4907.0,4695.2603,4648.9601,46.300218,,,,,0.0,129.0,0.0,0.0,0.0
2006-01-26 00:00:00,CTA(9,21),4859.0,4894.0,4713.4536,4658.962,54.491619,,,,,0.0,-13.0,-0.0,0.0,0.0
2006-01-27 00:00:00,CTA(9,21),4929.0,4964.0,4737.4032,4671.8209,65.582267,,,,,0.0,70.0,0.0,0.0,0.0
2006-01-30 00:00:00,CTA(9,21),4915.0,4950.0,4757.1362,4683.4009,73.73529,,,,,0.0,-14.0,-0.0,0.0,0.0
2006-01-31 00:00:00,CTA(9,21),4912.0,4947.0,4774.3433,4694.2865,80.05671,,,,,0.0,-3.0,-0.0,0.0,0.0
2006-02-01 00:00:00,CTA(9,21),4937.0,4972.0,4792.4162,4705.8443,86.571898,,,,,0.0,25.0,0.0,0.0,0.0
2006-02-02 00:00:00,CTA(9,21),5065.5,5100.5,4822.7589,4722.9708,99.788079,,,,,0.0,128.5,0.0,0.0,0.0
2006-02-03 00:00:00,CTA(9,21),5092.0,5127.0,4852.6745,4740.5436,112.130941,,,,,0.0,26.5,0.0,0.0,0.0
2006-02-06 00:00:00,CTA(9,21),5129.5,5164.5,4883.4329,4759.0653,124.367592,,,,,0.0,37.5,0.0,0.0,0.0
2006-02-07 00:00:00,CTA(9,21),5035.0,5070.0,4900.2737,4772.2051,128.068631,,,,,0.0,-94.5,-0.0,0.0,0.0
2006-02-08 00:00:00,CTA(9,21),5041.0,5076.0,4915.91,4785.0048,130.905127,,,,,0.0,6.0,0.0,0.0,0.0
2006-02-09 00:00:00,CTA(9,21),5081.0,5116.0,4934.2533,4799.0999,135.153456,,,,,0.0,40.0,0.0,0.0,0.0
2006-02-10 00:00:00,CTA(9,21),4894.0,4929.0,4929.7807,4803.6189,126.161812,,,,,0.0,-187.0,-0.0,0.0,0.0
2006-02-13 00:00:00,CTA(9,21),4934.0,4969.0,4930.2495,4809.8275,120.421997,,,,,0.0,40.0,0.0,0.0,0.0
2006-02-14 00:00:00,CTA(9,21),4988.0,5019.0,4936.6662,4818.3119,118.354313,,,,,0.0,50.0,0.0,0.0,0.0
2006-02-15 00:00:00,CTA(9,21),4834.0,4863.0,4925.2589,4819.059,106.199902,,,,,0.0,-156.0,-0.0,0.0,0.0
2006-02-16 00:00:00,CTA(9,21),4848.0,4876.0,4916.6746,4820.4371,96.237437,,,,,0.0,13.0,0.0,0.0,0.0
2006-02-17 00:00:00,CTA(9,21),4864.0,4918.0,4910.8218,4822.5116,88.310285,,,,,0.0,42.0,0.0,0.0,0.0
2006-02-20 00:00:00,CTA(9,21),4966.0,5020.0,4916.9527,4829.3443,87.608409,,,,,0.0,102.0,0.0,0.0,0.0
2006-02-21 00:00:00,CTA(9,21),5015.0,5069.0,4927.8469,4838.1851,89.661803,,,,,0.0,49.0,0.0,0.0,0.0
2006-02-22 00:00:00,CTA(9,21),5035.5,5089.5,4939.8083,4847.581,92.227312,,,,,0.0,20.5,0.0,0.0,0.0
2006-02-23 00:00:00,CTA(9,21),4959.0,5013.0,4941.9407,4852.8867,89.054053,,,,,0.0,-76.5,-0.0,0.0,0.0
2006-02-24 00:00:00,CTA(9,21),4922.0,4976.0,4939.7251,4856.1778,83.547305,,,,,0.0,-37.0,-0.0,0.0,0.0
2006-02-27 00:00:00,CTA(9,21),4734.0,4788.0,4916.8668,4850.3598,66.50695,,,,,0.0,-188.0,-0.0,0.0,0.0
2006-02-28 00:00:00,CTA(9,21),4881.0,4935.0,4912.8816,4851.8189,61.062698,,,,,0.0,147.0,0.0,0.0,0.0
2006-03-01 00:00:00,CTA(9,21),4940.0,4994.0,4915.8947,4856.018,59.876755,,,,,0.0,59.0,0.0,0.0,0.0
2006-03-02 00:00:00,CTA(9,21),5056.0,5110.0,4931.462,4865.5409,65.921054,,,,,0.0,116.0,0.0,0.0,0.0
2006-03-03 00:00:00,CTA(9,21),5046.0,5100.0,4944.1884,4874.1342,70.054212,,,,,0.0,-10.0,-0.0,0.0,0.0
2006-03-06 00:00:00,CTA(9,21),4953.0,5007.0,4945.1675,4877.8897,67.277762,,,,,0.0,-93.0,-0.0,0.0,0.0
2006-03-07 00:00:00,CTA(9,21),4844.0,4898.0,4933.9267,4876.2759,57.650726,,,,,0.0,-109.0,-0.0,0.0,0.0
2006-03-08 00:00:00,CTA(9,21),4800.0,4854.0,4919.0459,4872.6437,46.402174,,,,,0.0,-44.0,-0.0,0.0,0.0
2006-03-09 00:00:00,CTA(9,21),4893.0,4947.0,4916.1519,4873.6131,42.538837,,,,,0.0,93.0,0.0,0.0,0.0
2006-03-10 00:00:00,CTA(9,21),4905.0,4959.0,4914.9128,4875.1077,39.80512,,,,,0.0,12.0,0.0,0.0,0.0
2006-03-13 00:00:00,CTA(9,21),4962.0,5016.0,4920.1447,4879.2454,40.8993,,,,,0.0,57.0,0.0,0.0,0.0
2006-03-14 00:00:00,CTA(9,21),4974.5,5018.5,4926.1842,4883.7814,42.402842,,,,,0.0,2.5,0.0,0.0,0.0
2006-03-15 00:00:00,CTA(9,21),5008.5,5052.5,4935.3304,4889.7203,45.610059,,,,,0.0,34.0,0.0,0.0,0.0
2006-03-16 00:00:00,CTA(9,21),4981.0,5027.5,4940.4048,4894.067,46.337808,,,,,0.0,-25.0,-0.0,0.0,0.0
2006-03-17 00:00:00,CTA(9,21),5189.0,5264.5,4968.0265,4908.1114,59.915068,,,,,0.0,237.0,0.0,0.0,0.0
2006-03-20 00:00:00,CTA(9,21),5164.0,5239.5,4989.8013,4920.2966,69.504731,,,,,0.0,-25.0,-0.0,0.0,0.0
2006-03-21 00:00:00,CTA(9,21),5161.0,5236.5,5008.8234,4931.7587,77.064739,,,,,0.0,-3.0,-0.0,0.0,0.0
2006-03-22 00:00:00,CTA(9,21),5163.0,5238.5,5025.9541,4942.7702,83.18398,,,,,0.0,2.0,0.0,0.0,0.0
2006-03-23 00:00:00,CTA(9,21),5290.0,5365.5,5055.2926,4959.3049,95.987655,,,,,0.0,127.0,0.0,0.0,0.0
2006-03-24 00:00:00,CTA(9,21),5304.0,5379.5,5082.9267,4975.719,107.207763,,,,,0.0,14.0,0.0,0.0,0.0
2006-03-27 00:00:00,CTA(9,21),5360.5,5436.0,5113.7682,4994.0419,119.726331,,,,,0.0,56.5,0.0,0.0,0.0
2006-03-28 00:00:00,CTA(9,21),5365.5,5441.0,5141.7384,5011.7304,130.008049,,,,,0.0,5.0,0.0,0.0,0.0
2006-03-29 00:00:00,CTA(9,21),5391.0,5466.5,5169.4341,5029.7908,139.643323,,,,,0.0,25.5,0.0,0.0,0.0
2006-03-30 00:00:00,CTA(9,21),5466.0,5541.5,5202.3859,5050.5627,151.82322,0.726674,,,,0.0,75.0,0.0,0.0,0.0
2006-03-31 00:00:00,CTA(9,21),5440.0,5515.5,5228.7875,5069.1073,159.680152,0.747527,,,,0.0,-26.0,-0.0,0.0,0.0
2006-04-03 00:00:00,CTA(9,21),5661.5,5737.0,5276.8666,5097.3165,179.550147,0.784208,,,,0.0,221.5,0.0,0.0,0.0
2006-04-04 00:00:00,CTA(9,21),5588.0,5663.5,5311.437,5120.6824,190.75464,0.800435,,,,0.0,-73.5,-0.0,0.0,0.0
2006-04-05 00:00:00,CTA(9,21),5742.5,5818.0,5359.3329,5150.2927,209.040164,0.826294,,,,0.0,154.5,0.0,0.0,0.0
2006-04-06 00:00:00,CTA(9,21),5802.5,5878.0,5408.5737,5181.3502,227.223465,0.842634,,,,0.0,60.0,0.0,0.0,0.0
2006-04-07 00:00:00,CTA(9,21),5751.0,5826.5,5446.6211,5208.4764,238.144653,0.844529,,,,0.0,-51.5,-0.0,0.0,0.0
2006-04-10 00:00:00,CTA(9,21),5937.5,6013.0,5501.1632,5243.1918,257.971349,0.857845,,,,0.0,186.5,0.0,0.0,0.0
2006-04-11 00:00:00,CTA(9,21),6010.0,6085.5,5557.7006,5279.7065,277.9941,0.868862,,,,0.0,72.5,0.0,0.0,0.0
2006-04-12 00:00:00,CTA(9,21),6168.0,6243.5,5625.5116,5322.0062,303.505455,0.877777,,,,0.0,158.0,0.0,0.0,0.0
2006-04-13 00:00:00,CTA(9,21),6259.0,6334.5,5695.8992,5366.6249,329.274298,0.884867,,,,0.0,91.0,0.0,0.0,0.0
2006-04-18 00:00:00,CTA(9,21),6555.0,6630.5,5791.3549,5423.2142,368.14065,0.899527,,,,0.0,296.0,0.0,0.0,0.0
2006-04-19 00:00:00,CTA(9,21),6479.0,6554.5,5867.7599,5473.4897,394.270151,0.899704,,,,0.0,-76.0,-0.0,0.0,0.0
2006-04-20 00:00:00,CTA(9,21),6370.0,6445.5,5923.5643,5516.1807,407.383643,0.88783,,,,0.0,-109.0,-0.0,0.0,0.0
2006-04-21 00:00:00,CTA(9,21),6857.0,6932.5,6027.2794,5580.0292,447.250178,0.897731,,,,0.0,487.0,0.0,0.0,0.0
2006-04-24 00:00:00,CTA(9,21),6884.0,6959.5,6122.4706,5642.1231,480.347509,0.898149,,,,0.0,27.0,0.0,0.0,0.0
2006-04-25 00:00:00,CTA(9,21),7327.0,7402.5,6256.3072,5722.3553,533.951876,0.905358,,,,0.0,443.0,0.0,0.0,0.0
2006-04-26 00:00:00,CTA(9,21),7427.0,7502.5,6386.3842,5803.5289,582.855298,0.904761,,,,0.0,100.0,0.0,0.0,0.0
2006-04-27 00:00:00,CTA(9,21),7182.0,7257.5,6474.7859,5869.1704,605.615574,0.889539,,,,0.0,-245.0,-0.0,0.0,0.0
2006-04-28 00:00:00,CTA(9,21),7118.0,7193.5,6546.2542,5928.6384,617.615726,0.867467,,,,0.0,-64.0,-0.0,0.0,0.0
2006-05-02 00:00:00,CTA(9,21),7269.0,7344.5,6626.5593,5992.4652,634.094078,0.850356,,,,0.0,151.0,0.0,0.0,0.0
2006-05-03 00:00:00,CTA(9,21),7226.0,7301.5,6693.1638,6051.2049,641.958852,0.828867,,,,0.0,-43.0,-0.0,0.0,0.0
2006-05-04 00:00:00,CTA(9,21),7776.0,7851.5,6813.4789,6133.338,680.140889,0.827113,,,,0.0,550.0,0.0,0.0,0.0
2006-05-05 00:00:00,CTA(9,21),7769.0,7844.5,6919.6479,6211.2267,708.421233,0.817827,,,,0.0,-7.0,-0.0,0.0,0.0
2006-05-08 00:00:00,CTA(9,21),7748.0,7823.5,7011.687,6284.4064,727.280671,0.803251,,,,0.0,-21.0,-0.0,0.0,0.0
2006-05-09 00:00:00,CTA(9,21),7942.0,8017.5,7115.0552,6363.3394,751.715747,0.792428,,,,0.0,194.0,0.0,0.0,0.0
2006-05-10 00:00:00,CTA(9,21),8237.0,8312.5,7239.7157,6452.5613,787.154353,0.788534,,,,0.0,295.0,0.0,0.0,0.0
2006-05-11 00:00:00,CTA(9,21),8796.0,8871.5,7412.6362,6564.1537,848.482515,0.795606,,,,0.0,559.0,0.0,0.0,0.0
2006-05-12 00:00:00,CTA(9,21),8634.0,8709.5,7548.3433,6662.7178,885.625495,0.789933,,,,0.0,-162.0,-0.0,0.0,0.0
2006-05-15 00:00:00,CTA(9,21),8345.0,8420.5,7636.8607,6742.8264,894.034233,0.772196,,,,0.0,-289.0,-0.0,0.0,0.0
2006-05-16 00:00:00,CTA(9,21),8435.0,8520.5,7725.5428,6823.4061,902.136687,0.755388,,,,0.0,100.0,0.0,0.0,0.0
2006-05-17 00:00:00,CTA(9,21),8231.0,8318.5,7781.7047,6890.4344,891.270316,0.729587,,,,0.0,-202.0,-0.0,0.0,0.0
2006-05-18 00:00:00,CTA(9,21),8200.0,8290.5,7828.182,6952.7947,875.387302,0.704231,,,,0.0,-28.0,-0.0,0.0,0.0
2006-05-19 00:00:00,CTA(9,21),7646.0,7771.5,7807.9395,6985.8045,822.135083,0.658178,,,,0.0,-519.0,-0.0,0.0,0.0
2006-05-22 00:00:00,CTA(9,21),7673.0,7798.5,7792.9463,7018.5281,774.418203,0.617392,,,,0.0,27.0,0.0,0.0,0.0
2006-05-23 00:00:00,CTA(9,21),8600.0,8725.5,7882.6189,7093.8362,788.782653,0.61507,,,,0.0,927.0,0.0,0.0,0.0
2006-05-24 00:00:00,CTA(9,21),7955.0,8080.5,7890.6612,7134.844,755.8172,0.585033,,,,0.0,-645.0,-0.0,0.0,0.0
2006-05-25 00:00:00,CTA(9,21),8230.0,8355.5,7928.3655,7186.9943,741.371223,0.567634,,,,0.0,275.0,0.0,0.0,0.0
2006-05-26 00:00:00,CTA(9,21),8349.0,8474.5,7975.1027,7242.3279,732.774781,0.555284,,,,0.0,119.0,0.0,0.0,0.0
2006-05-30 00:00:00,CTA(9,21),8060.0,8185.5,7984.5357,7281.2647,703.271048,0.531216,,,,0.0,-289.0,-0.0,0.0,0.0
2006-05-31 00:00:00,CTA(9,21),8001.0,8126.5,7986.3651,7315.5378,670.8273,0.507678,,,,0.0,-59.0,-0.0,0.0,0.0
2006-06-01 00:00:00,CTA(9,21),7807.0,7932.5,7966.4356,7338.9408,627.494882,0.47664,,,,0.0,-194.0,-0.0,0.0,0.0
2006-06-02 00:00:00,CTA(9,21),7967.0,8092.5,7966.4984,7368.8483,597.650005,0.454917,,,,0.0,160.0,0.0,0.0,0.0
2006-06-05 00:00:00,CTA(9,21),7855.0,7980.5,7954.1096,7391.9984,562.111221,0.429192,,,,0.0,-112.0,-0.0,0.0,0.0
2006-06-06 00:00:00,CTA(9,21),7603.0,7728.5,7915.0975,7402.0461,513.051344,0.394508,,,,0.0,-252.0,-0.0,0.0,0.0
2006-06-07 00:00:00,CTA(9,21),7890.0,8015.5,7912.3089,7425.282,487.026837,0.37702,,,,0.0,287.0,0.0,0.0,0.0
2006-06-08 00:00:00,CTA(9,21),7407.0,7532.5,7856.1634,7424.4114,431.751981,0.339119,,,,0.0,-483.0,-0.0,0.0,0.0
2006-06-09 00:00:00,CTA(9,21),7311.0,7436.5,7795.5897,7419.0109,376.578812,0.301004,,,,0.0,-96.0,-0.0,0.0,0.0
2006-06-12 00:00:00,CTA(9,21),7137.0,7262.5,7722.4131,7405.5818,316.831268,0.257857,,,,0.0,-174.0,-0.0,0.0,0.0
2006-06-13 00:00:00,CTA(9,21),6677.5,6803.0,7606.3116,7370.9112,235.400377,0.195402,,,,0.0,-459.5,-0.0,0.0,0.0
2006-06-14 00:00:00,CTA(9,21),6766.0,6891.5,7512.9437,7342.106,170.837716,0.144673,,,,0.0,88.5,0.0,0.0,0.0
2006-06-15 00:00:00,CTA(9,21),7140.0,7265.5,7471.5055,7332.4819,139.023624,0.120214,,,,0.0,374.0,0.0,0.0,0.0
2006-06-16 00:00:00,CTA(9,21),7109.0,7234.5,7431.2271,7321.8399,109.38723,0.096687,,,,0.0,-31.0,-0.0,0.0,0.0
2006-06-19 00:00:00,CTA(9,21),6893.0,7018.5,7371.4241,7301.4189,70.005165,0.063427,,,,0.0,-216.0,-0.0,0.0,0.0
2006-06-20 00:00:00,CTA(9,21),6827.5,6938.5,7310.9881,7278.8514,32.136724,0.029742,,,,0.0,-80.0,-0.0,0.0,0.0
2006-06-21 00:00:00,CTA(9,21),6888.0,6998.5,7263.9894,7260.2394,3.750018,0.003553,,,,0.0,60.0,0.0,0.0,0.0
2006-06-22 00:00:00,CTA(9,21),6812.0,6916.5,7213.7684,7238.8947,-25.126294,-0.024421,,,,0.0,-82.0,-0.0,0.0,0.0
2006-06-23 00:00:00,CTA(9,21),6885.0,7035.5,7177.2385,7222.0425,-44.803985,-0.044764,,,,0.0,119.0,0.0,0.0,0.0
2006-06-26 00:00:00,CTA(9,21),7110.0,7260.5,7169.7676,7216.7072,-46.939576,-0.048149,,,,0.0,225.0,0.0,0.0,0.0
2006-06-27 00:00:00,CTA(9,21),6855.0,7005.5,7134.7934,7199.483,-64.689602,-0.068218,,,,0.0,-255.0,-0.0,0.0,0.0
2006-06-28 00:00:00,CTA(9,21),7010.0,7160.5,7120.9275,7190.46,-69.532536,-0.075458,,,,0.0,155.0,0.0,0.0,0.0
2006-06-29 00:00:00,CTA(9,21),7413.0,7563.5,7153.38,7201.0572,-47.677176,-0.053358,,,,0.0,403.0,0.0,0.0,0.0
2006-06-30 00:00:00,CTA(9,21),7425.0,7575.5,7183.56,7211.7211,-28.161118,-0.03258,,,,0.0,12.0,0.0,0.0,0.0
2006-07-03 00:00:00,CTA(9,21),7381.0,7531.5,7205.4978,7219.782,-14.284239,-0.017098,,,,0.0,-44.0,-0.0,0.0,0.0
2006-07-04 00:00:00,CTA(9,21),7518.0,7668.5,7240.2202,7233.9829,6.237375,0.00776,,,,0.0,137.0,0.0,0.0,0.0
2006-07-05 00:00:00,CTA(9,21),7477.0,7627.5,7266.5291,7245.5551,20.973993,0.026981,,,,0.0,-41.0,-0.0,0.0,0.0
2006-07-06 00:00:00,CTA(9,21),7954.0,8104.5,7342.9148,7279.2906,63.624178,0.08482,,,,0.0,477.0,0.0,0.0,0.0
2006-07-07 00:00:00,CTA(9,21),7840.0,7990.5,7398.1464,7305.991,92.155423,0.127218,,,,0.0,-114.0,-0.0,0.0,0.0
2006-07-10 00:00:00,CTA(9,21),7851.0,8001.5,7448.4635,7331.9438,116.519676,0.166819,,,,0.0,11.0,0.0,0.0,0.0
2006-07-11 00:00:00,CTA(9,21),8022.0,8172.5,7512.1898,7364.8036,147.386136,0.219986,,,,0.0,171.0,0.0,0.0,0.0
2006-07-12 00:00:00,CTA(9,21),8159.0,8309.5,7584.0576,7402.6225,181.435063,0.280042,,,,0.0,137.0,0.0,0.0,0.0
2006-07-13 00:00:00,CTA(9,21),8035.0,8185.5,7634.1623,7432.7357,201.426563,0.322817,,,,0.0,-124.0,-0.0,0.0,0.0
2006-07-14 00:00:00,CTA(9,21),8196.0,8346.5,7696.5887,7469.0817,227.507057,0.375447,,,,0.0,161.0,0.0,0.0,0.0
2006-07-17 00:00:00,CTA(9,21),7838.0,7988.5,7712.3011,7486.6492,225.651882,0.386028,,,,0.0,-358.0,-0.0,0.0,0.0
2006-07-18 00:00:00,CTA(9,21),7890.5,8030.0,7732.101,7505.8802,226.220772,0.395819,,,,0.0,41.5,0.0,0.0,0.0
2006-07-19 00:00:00,CTA(9,21),7870.0,8014.5,7747.4231,7523.2192,224.203849,0.404101,,,,0.0,-15.5,-0.0,0.0,0.0
2006-07-20 00:00:00,CTA(9,21),7430.0,7578.5,7712.1538,7518.7802,193.373629,0.363219,,,,0.0,-436.0,-0.0,0.0,0.0
2006-07-21 00:00:00,CTA(9,21),7102.0,7272.5,7644.359,7498.9335,145.425435,0.275643,,,,0.0,-306.0,-0.0,0.0,0.0
2006-07-24 00:00:00,CTA(9,21),7223.0,7393.5,7597.5413,7485.7938,111.747463,0.214242,,,,0.0,121.0,0.0,0.0,0.0
2006-07-25 00:00:00,CTA(9,21),7516.0,7686.5,7588.4812,7487.2322,101.24893,0.194575,,,,0.0,293.0,0.0,0.0,0.0
2006-07-26 00:00:00,CTA(9,21),7537.0,7707.5,7582.761,7489.6021,93.158907,0.179207,,,,0.0,21.0,0.0,0.0,0.0
2006-07-27 00:00:00,CTA(9,21),7601.0,7771.5,7584.7876,7494.9068,89.880798,0.173982,,,,0.0,64.0,0.0,0.0,0.0
2006-07-28 00:00:00,CTA(9,21),7743.0,7913.5,7602.3667,7506.7207,95.645993,0.186676,,,,0.0,142.0,0.0,0.0,0.0
2006-07-31 00:00:00,CTA(9,21),8032.0,8202.5,7650.1038,7531.734,118.369724,0.231112,,,,0.0,289.0,0.0,0.0,0.0
2006-08-01 00:00:00,CTA(9,21),7849.0,8019.5,7672.2034,7546.8419,125.361402,0.246009,,,,0.0,-183.0,-0.0,0.0,0.0
2006-08-02 00:00:00,CTA(9,21),7884.0,8054.5,7695.7363,7562.8971,132.839218,0.260413,,,,0.0,35.0,0.0,0.0,0.0
2006-08-03 00:00:00,CTA(9,21),7550.0,7720.5,7679.5434,7562.2829,117.260442,0.229827,,,,0.0,-334.0,-0.0,0.0,0.0
2006-08-04 00:00:00,CTA(9,21),7915.0,8085.5,7705.7052,7579.079,126.626237,0.247779,,,,0.0,365.0,0.0,0.0,0.0
2006-08-07 00:00:00,CTA(9,21),7966.0,8136.5,7734.6269,7597.5038,137.123068,0.268209,,,,0.0,51.0,0.0,0.0,0.0
2006-08-08 00:00:00,CTA(9,21),7955.0,8125.5,7759.1128,7614.5274,144.585343,0.284908,,,,0.0,-11.0,-0.0,0.0,0.0
2006-08-09 00:00:00,CTA(9,21),8102.0,8272.5,7797.2114,7637.7404,159.470944,0.32552,,,,0.0,147.0,0.0,0.0,0.0
2006-08-10 00:00:00,CTA(9,21),7943.0,8113.5,7813.4101,7652.2766,161.133511,0.339046,,,,0.0,-159.0,-0.0,0.0,0.0
2006-08-11 00:00:00,CTA(9,21),7618.0,7788.5,7791.6979,7650.6444,141.053496,0.302147,,,,0.0,-325.0,-0.0,0.0,0.0
2006-08-14 00:00:00,CTA(9,21),7686.0,7856.5,7779.9537,7652.328,127.625688,0.280125,,,,0.0,68.0,0.0,0.0,0.0
2006-08-15 00:00:00,CTA(9,21),7687.0,7839.5,7769.6255,7653.979,115.646455,0.257534,,,,0.0,-17.0,-0.0,0.0,0.0
2006-08-16 00:00:00,CTA(9,21),7741.0,7892.5,7766.4449,7658.1229,108.32199,0.244449,,,,0.0,53.0,0.0,0.0,0.0
2006-08-17 00:00:00,CTA(9,21),7334.0,7484.5,7718.3954,7642.6885,75.706983,0.170336,,,,0.0,-408.0,-0.0,0.0,0.0
2006-08-18 00:00:00,CTA(9,21),7527.0,7689.5,7697.1293,7637.1795,59.949798,0.134878,,,,0.0,205.0,0.0,0.0,0.0
2006-08-21 00:00:00,CTA(9,21),7696.0,7858.5,7697.0038,7639.9805,57.023346,0.133871,,,,0.0,169.0,0.0,0.0,0.0
2006-08-22 00:00:00,CTA(9,21),7655.0,7817.5,7692.3367,7640.6957,51.64104,0.12195,,,,0.0,-41.0,-0.0,0.0,0.0
2006-08-23 00:00:00,CTA(9,21),7635.0,7797.5,7685.966,7640.4244,45.541517,0.109643,,,,0.0,-20.0,-0.0,0.0,0.0
2006-08-24 00:00:00,CTA(9,21),7456.0,7618.5,7660.4142,7631.6423,28.77186,0.071296,,,,0.0,-179.0,-0.0,0.0,0.0
2006-08-25 00:00:00,CTA(9,21),7585.0,7747.5,7652.0348,7629.4213,22.613568,0.056752,,,,0.0,129.0,0.0,0.0,0.0
2006-08-29 00:00:00,CTA(9,21),7422.0,7584.5,7626.4754,7619.5441,6.931345,0.017565,,,,0.0,-163.0,-0.0,0.0,0.0
2006-08-30 00:00:00,CTA(9,21),7475.0,7637.5,7609.6448,7612.661,-3.016205,-0.00767,,,,0.0,53.0,0.0,0.0,0.0
2006-08-31 00:00:00,CTA(9,21),7728.0,7890.5,7622.7954,7618.1533,4.642039,0.011898,,,,0.0,253.0,0.0,0.0,0.0
2006-09-01 00:00:00,CTA(9,21),7616.0,7778.5,7622.0403,7618.0508,3.989536,0.010278,,,,0.0,-112.0,-0.0,0.0,0.0
2006-09-04 00:00:00,CTA(9,21),7679.0,7841.5,7628.3692,7620.9531,7.416045,0.019089,,,,0.0,63.0,0.0,0.0,0.0
2006-09-05 00:00:00,CTA(9,21),7956.0,8118.5,7664.7726,7636.9078,27.864856,0.071527,,,,0.0,277.0,0.0,0.0,0.0
2006-09-06 00:00:00,CTA(9,21),8076.0,8238.5,7710.4645,7657.8169,52.647633,0.133226,,,,0.0,120.0,0.0,0.0,0.0
2006-09-07 00:00:00,CTA(9,21),8047.0,8209.5,7747.8574,7676.3494,71.507933,0.179188,,,,0.0,-29.0,-0.0,0.0,0.0
2006-09-08 00:00:00,CTA(9,21),7844.0,8006.5,7758.5399,7684.3328,74.207087,0.186889,,,,0.0,-203.0,-0.0,0.0,0.0
2006-09-11 00:00:00,CTA(9,21),7485.0,7647.5,7728.1466,7674.8408,53.305804,0.140051,,,,0.0,-359.0,-0.0,0.0,0.0
2006-09-12 00:00:00,CTA(9,21),7590.0,7752.5,7712.797,7670.8007,41.996222,0.114706,,,,0.0,105.0,0.0,0.0,0.0
2006-09-13 00:00:00,CTA(9,21),7488.5,7651.0,7687.8751,7662.1197,25.755325,0.071189,,,,0.0,-101.5,-0.0,0.0,0.0
2006-09-14 00:00:00,CTA(9,21),7441.0,7603.5,7660.4445,7651.5902,8.854274,0.024806,,,,0.0,-47.5,-0.0,0.0,0.0
2006-09-15 00:00:00,CTA(9,21),7282.0,7444.5,7618.3951,7633.9907,-15.595581,-0.044851,,,,0.0,-159.0,-0.0,0.0,0.0
2006-09-18 00:00:00,CTA(9,21),7459.0,7621.5,7600.6845,7625.6578,-24.973259,-0.074849,,,,0.0,177.0,0.0,0.0,0.0
2006-09-19 00:00:00,CTA(9,21),7509.0,7668.5,7590.4974,7620.1027,-29.605297,-0.092335,,,,0.0,47.0,0.0,0.0,0.0
2006-09-20 00:00:00,CTA(9,21),7466.0,7623.5,7576.6643,7612.7644,-36.100116,-0.118784,,,,0.0,-45.0,-0.0,0.0,0.0
2006-09-21 00:00:00,CTA(9,21),7589.0,7740.5,7578.035,7611.6328,-33.597846,-0.116546,,,,0.0,117.0,0.0,0.0,0.0
2006-09-22 00:00:00,CTA(9,21),7583.0,7744.5,7578.5866,7610.2693,-31.682708,-0.113142,,,,0.0,4.0,0.0,0.0,0.0
2006-09-25 00:00:00,CTA(9,21),7545.0,7706.5,7574.8548,7607.1613,-32.306492,-0.123795,,,,0.0,-38.0,-0.0,0.0,0.0
2006-09-26 00:00:00,CTA(9,21),7690.0,7851.5,7587.6487,7611.106,-23.457281,-0.09498,,,,0.0,145.0,0.0,0.0,0.0
2006-09-27 00:00:00,CTA(9,21),7647.0,7808.5,7594.2433,7612.8152,-18.571931,-0.075913,,,,0.0,-43.0,-0.0,0.0,0.0
2006-09-28 00:00:00,CTA(9,21),7498.0,7659.5,7583.5496,7607.3478,-23.798238,-0.097704,,,,0.0,-149.0,-0.0,0.0,0.0
2006-09-29 00:00:00,CTA(9,21),7569.0,7730.5,7581.933,7605.5217,-23.588772,-0.097905,,,,0.0,71.0,0.0,0.0,0.0
2006-10-02 00:00:00,CTA(9,21),7532.0,7693.5,7576.3849,7602.0207,-25.635844,-0.106469,,,,0.0,-37.0,-0.0,0.0,0.0
2006-10-03 00:00:00,CTA(9,21),7355.0,7516.5,7551.7865,7590.2578,-38.471271,-0.158328,,,,0.0,-177.0,-0.0,0.0,0.0
2006-10-04 00:00:00,CTA(9,21),7059.0,7220.5,7497.0325,7564.9598,-67.92734,-0.268489,,,,0.0,-296.0,-0.0,0.0,0.0
2006-10-05 00:00:00,CTA(9,21),7333.0,7494.5,7478.8067,7553.9141,-75.107466,-0.293848,,,,0.0,274.0,0.0,0.0,0.0
2006-10-06 00:00:00,CTA(9,21),7494.0,7655.5,7480.4948,7551.0611,-70.566263,-0.276372,,,,0.0,161.0,0.0,0.0,0.0
2006-10-09 00:00:00,CTA(9,21),7490.0,7651.5,7481.5509,7548.1534,-66.60246,-0.26444,,,,0.0,-4.0,-0.0,0.0,0.0
2006-10-10 00:00:00,CTA(9,21),7473.0,7634.5,7480.6008,7544.5747,-63.973831,-0.261993,,,,0.0,-17.0,-0.0,0.0,0.0
2006-10-11 00:00:00,CTA(9,21),7570.0,7731.5,7490.5341,7545.7854,-55.25132,-0.231205,,,,0.0,97.0,0.0,0.0,0.0
2006-10-12 00:00:00,CTA(9,21),7527.0,7688.5,7494.5858,7544.8908,-50.305008,-0.220563,,,,0.0,-43.0,-0.0,0.0,0.0
2006-10-13 00:00:00,CTA(9,21),7506.0,7667.5,7495.8541,7543.0389,-47.184823,-0.208048,,,,0.0,-21.0,-0.0,0.0,0.0
2006-10-16 00:00:00,CTA(9,21),7814.0,7975.5,7531.2036,7555.9418,-24.738185,-0.109703,,,,0.0,308.0,0.0,0.0,0.0
2006-10-17 00:00:00,CTA(9,21),7668.0,7834.5,7546.4032,7561.2779,-14.874693,-0.066635,,,,0.0,-141.0,-0.0,0.0,0.0
2006-10-18 00:00:00,CTA(9,21),7675.5,7843.0,7560.7473,7566.7171,-5.969753,-0.026871,,,,0.0,8.5,0.0,0.0,0.0
2006-10-19 00:00:00,CTA(9,21),7686.0,7854.5,7574.6643,7572.3972,2.267072,0.010674,,,,0.0,11.5,0.0,0.0,0.0
2006-10-20 00:00:00,CTA(9,21),7590.0,7762.5,7576.3682,7573.2354,3.132813,0.015196,,,,0.0,-92.0,-0.0,0.0,0.0
2006-10-23 00:00:00,CTA(9,21),7571.0,7743.5,7575.7718,7573.129,2.642791,0.012842,,,,0.0,-19.0,-0.0,0.0,0.0
2006-10-24 00:00:00,CTA(9,21),7516.0,7688.5,7569.1305,7570.4086,-1.27809,-0.006205,,,,0.0,-55.0,-0.0,0.0,0.0
2006-10-25 00:00:00,CTA(9,21),7481.0,7653.5,7559.3382,7566.151,-6.812813,-0.032945,,,,0.0,-35.0,-0.0,0.0,0.0
2006-10-26 00:00:00,CTA(9,21),7466.0,7638.5,7548.9673,7561.3819,-12.414628,-0.059899,,,,0.0,-15.0,-0.0,0.0,0.0
2006-10-27 00:00:00,CTA(9,21),7489.0,7661.5,7542.3043,7557.9352,-15.630902,-0.077682,,,,0.0,23.0,0.0,0.0,0.0
2006-10-30 00:00:00,CTA(9,21),7381.0,7553.5,7524.3816,7549.5097,-25.128113,-0.12496,,,,0.0,-108.0,-0.0,0.0,0.0
2006-10-31 00:00:00,CTA(9,21),7387.5,7560.0,7509.1725,7541.7949,-32.622428,-0.163261,,,,0.0,6.5,0.0,0.0,0.0
2006-11-01 00:00:00,CTA(9,21),7152.0,7324.5,7469.4867,7523.2333,-53.746598,-0.258938,,,,0.0,-235.5,-0.0,0.0,0.0
2006-11-02 00:00:00,CTA(9,21),7247.5,7420.0,7444.8215,7510.1031,-65.281627,-0.313952,,,,0.0,95.5,0.0,0.0,0.0
2006-11-03 00:00:00,CTA(9,21),7334.5,7507.0,7432.5635,7501.7411,-69.177517,-0.338494,,,,0.0,87.0,0.0,0.0,0.0
2006-11-06 00:00:00,CTA(9,21),7360.0,7532.5,7424.5009,7494.9915,-70.490558,-0.35221,,,,0.0,25.5,0.0,0.0,0.0
2006-11-07 00:00:00,CTA(9,21),7410.5,7583.0,7422.9453,7490.9681,-68.022812,-0.36034,,,,0.0,50.5,0.0,0.0,0.0
2006-11-08 00:00:00,CTA(9,21),7106.0,7278.5,7387.7291,7472.6363,-84.907139,-0.446164,,,,0.0,-304.5,-0.0,0.0,0.0
2006-11-09 00:00:00,CTA(9,21),7308.0,7480.5,7378.8703,7464.7964,-85.926108,-0.446982,,,,0.0,202.0,0.0,0.0,0.0
2006-11-10 00:00:00,CTA(9,21),6900.5,7073.0,7325.7181,7437.9252,-112.207108,-0.541691,,,,0.0,-407.5,-0.0,0.0,0.0
2006-11-13 00:00:00,CTA(9,21),6775.0,6947.5,7264.5272,7406.3573,-141.83014,-0.626471,,,,0.0,-125.5,-0.0,0.0,0.0
2006-11-14 00:00:00,CTA(9,21),6834.0,6865.5,7216.6908,7379.1022,-162.411382,-0.677417,,,,0.0,-82.0,-0.0,0.0,0.0
2006-11-15 00:00:00,CTA(9,21),6896.0,6927.5,7181.0585,7356.0973,-175.038829,-0.698628,,,,0.0,62.0,0.0,0.0,0.0
2006-11-16 00:00:00,CTA(9,21),6795.0,6826.5,7138.1631,7329.3784,-191.215298,-0.721112,,,,0.0,-101.0,-0.0,0.0,0.0
2006-11-17 00:00:00,CTA(9,21),6781.0,6797.5,7098.4783,7303.2652,-204.786831,-0.737686,,,,0.0,-29.0,-0.0,0.0,0.0
2006-11-20 00:00:00,CTA(9,21),6826.0,6842.5,7068.203,7280.5382,-212.335288,-0.738097,,,,0.0,45.0,0.0,0.0,0.0
2006-11-21 00:00:00,CTA(9,21),6972.0,6988.5,7057.5137,7265.8459,-208.332208,-0.711598,,,,0.0,146.0,0.0,0.0,0.0
2006-11-22 00:00:00,CTA(9,21),6886.0,6902.5,7038.4567,7247.758,-209.301388,-0.695713,,,,0.0,-86.0,-0.0,0.0,0.0
2006-11-23 00:00:00,CTA(9,21),6964.0,6980.5,7030.1837,7234.2458,-204.062062,-0.667466,,,,0.0,78.0,0.0,0.0,0.0
2006-11-24 00:00:00,CTA(9,21),7136.0,7152.5,7041.9411,7229.5674,-187.626326,-0.609624,,,,0.0,172.0,0.0,0.0,0.0
2006-11-27 00:00:00,CTA(9,21),7070.0,7086.5,7045.0587,7221.9689,-176.910219,-0.569445,,,,0.0,-66.0,-0.0,0.0,0.0
2006-11-28 00:00:00,CTA(9,21),6950.0,6966.5,7034.4966,7209.018,-174.521397,-0.557335,,,,0.0,-120.0,-0.0,0.0,0.0
2006-11-29 00:00:00,CTA(9,21),6980.0,6996.5,7028.4415,7198.1124,-169.670959,-0.536757,,,,0.0,30.0,0.0,0.0,0.0
2006-11-30 00:00:00,CTA(9,21),7055.0,7071.5,7031.3924,7191.2975,-159.905133,-0.50525,,,,0.0,75.0,0.0,0.0,0.0
2006-12-01 00:00:00,CTA(9,21),6978.0,6994.5,7025.4599,7181.1405,-155.680597,-0.499891,,,,0.0,-77.0,-0.0,0.0,0.0
2006-12-04 00:00:00,CTA(9,21),6975.0,6991.5,7019.8533,7171.3243,-151.47104,-0.502816,,,,0.0,-3.0,-0.0,0.0,0.0
2006-12-05 00:00:00,CTA(9,21),7150.0,7166.5,7034.314,7170.3089,-135.994848,-0.471777,,,,0.0,175.0,0.0,0.0,0.0
2006-12-06 00:00:00,CTA(9,21),6959.0,6975.5,7025.9458,7160.2465,-134.300745,-0.472577,,,,0.0,-191.0,-0.0,0.0,0.0
2006-12-07 00:00:00,CTA(9,21),6863.0,6879.5,7007.8407,7146.0919,-138.251235,-0.478585,,,,0.0,-96.0,-0.0,0.0,0.0
2006-12-08 00:00:00,CTA(9,21),6857.5,6874.0,6991.1362,7132.3495,-141.213285,-0.483839,,,,0.0,-5.5,-0.0,0.0,0.0
2006-12-11 00:00:00,CTA(9,21),6903.0,6919.5,6981.3433,7121.4281,-140.08479,-0.475207,,,,0.0,45.5,0.0,0.0,0.0
2006-12-12 00:00:00,CTA(9,21),6828.0,6844.5,6964.3051,7107.4553,-143.150166,-0.477912,,,,0.0,-75.0,-0.0,0.0,0.0
2006-12-13 00:00:00,CTA(9,21),6692.0,6708.5,6934.049,7087.6717,-153.622706,-0.49826,,,,0.0,-136.0,-0.0,0.0,0.0
2006-12-14 00:00:00,CTA(9,21),6755.0,6771.5,6914.1547,7071.8302,-157.67553,-0.502462,,,,0.0,63.0,0.0,0.0,0.0
2006-12-15 00:00:00,CTA(9,21),6626.0,6642.5,6882.1375,7050.6002,-168.462706,-0.523585,,,,0.0,-129.0,-0.0,0.0,0.0
2006-12-18 00:00:00,CTA(9,21),6644.0,6660.5,6855.6778,7031.2383,-175.560513,-0.533734,,,,0.0,18.0,0.0,0.0,0.0
2006-12-19 00:00:00,CTA(9,21),6626.0,6638.5,6830.158,7011.9412,-181.783203,-0.544161,,,,0.0,-22.0,-0.0,0.0,0.0
2006-12-20 00:00:00,CTA(9,21),6511.0,6522.5,6794.696,6988.0869,-193.390861,-0.565581,,,,0.0,-116.0,-0.0,0.0,0.0
2006-12-21 00:00:00,CTA(9,21),6313.0,6323.5,6741.1742,6955.9399,-214.765646,-0.602655,,,,0.0,-199.0,-0.0,0.0,0.0
2006-12-22 00:00:00,CTA(9,21),6313.0,6313.5,6693.5993,6925.3237,-231.724376,-0.632737,,,,0.0,-10.0,-0.0,0.0,0.0
2006-12-27 00:00:00,CTA(9,21),6369.0,6369.5,6657.5327,6898.8321,-241.299362,-0.645831,,,,0.0,56.0,0.0,0.0,0.0
2006-12-28 00:00:00,CTA(9,21),6369.0,6369.5,6625.4735,6873.602,-248.128455,-0.648381,,,,0.0,0.0,0.0,0.0,0.0
2006-12-29 00:00:00,CTA(9,21),6318.0,6318.5,6591.3098,6847.1448,-255.834943,-0.65431,,,,0.0,-51.0,-0.0,0.0,0.0
2007-01-02 00:00:00,CTA(9,21),6089.0,6089.5,6535.4976,6811.0426,-275.545013,-0.677335,,,,0.0,-229.0,-0.0,0.0,0.0
2007-01-03 00:00:00,CTA(9,21),5833.0,5833.5,6457.4423,6764.4692,-307.026845,-0.707598,,,,0.0,-256.0,-0.0,0.0,0.0
2007-01-04 00:00:00,CTA(9,21),5704.0,5704.5,6373.7265,6713.9706,-340.244126,-0.730675,,,,0.0,-129.0,-0.0,0.0,0.0
2007-01-05 00:00:00,CTA(9,21),5600.0,5600.5,6287.7569,6660.9244,-373.167517,-0.750471,,,,0.0,-104.0,-0.0,0.0,0.0
2007-01-08 00:00:00,CTA(9,21),5598.0,5598.5,6211.1172,6610.309,-399.191724,-0.762749,,,,0.0,-2.0,-0.0,0.0,0.0
2007-01-09 00:00:00,CTA(9,21),5611.0,5611.5,6144.4375,6562.7228,-418.285276,-0.765945,,,,0.0,13.0,0.0,0.0,0.0
2007-01-10 00:00:00,CTA(9,21),5867.5,5868.0,6113.6667,6529.617,-415.950266,-0.745413,,,,0.0,256.5,0.0,0.0,0.0
2007-01-11 00:00:00,CTA(9,21),5891.0,5891.5,6088.926,6499.2066,-410.280679,-0.724765,,,,0.0,23.5,0.0,0.0,0.0
2007-01-12 00:00:00,CTA(9,21),5740.0,5740.5,6050.1564,6463.0539,-412.897533,-0.714315,,,,0.0,-151.0,-0.0,0.0,0.0
2007-01-15 00:00:00,CTA(9,21),5542.0,5542.5,5993.6946,6419.1942,-425.499645,-0.714955,,,,0.0,-198.0,-0.0,0.0,0.0
2007-01-16 00:00:00,CTA(9,21),5703.0,5629.0,5961.3952,6385.0897,-423.694556,-0.708527,,,,0.0,86.5,0.0,0.0,0.0
2007-01-17 00:00:00,CTA(9,21),5635.0,5563.5,5925.1291,6349.3712,-424.242129,-0.701506,,,,0.0,-65.5,-0.0,0.0,0.0
2007-01-18 00:00:00,CTA(9,21),5524.0,5452.5,5880.5592,6310.0678,-429.508634,-0.700795,,,,0.0,-111.0,-0.0,0.0,0.0
2007-01-19 00:00:00,CTA(9,21),5588.0,5504.5,5848.0526,6275.6836,-427.631027,-0.693271,,,,0.0,52.0,0.0,0.0,0.0
2007-01-22 00:00:00,CTA(9,21),5597.0,5513.5,5820.1579,6243.3653,-423.207492,-0.681357,,,,0.0,9.0,0.0,0.0,0.0
2007-01-23 00:00:00,CTA(9,21),5640.0,5556.5,5800.1403,6214.6337,-414.493348,-0.665208,,,,0.0,43.0,0.0,0.0,0.0
2007-01-24 00:00:00,CTA(9,21),5697.5,5614.0,5788.7358,6190.0083,-401.272415,-0.643576,,,,0.0,57.5,0.0,0.0,0.0
2007-01-25 00:00:00,CTA(9,21),5843.0,5759.5,5794.7652,6173.484,-378.718861,-0.610488,,,,0.0,145.5,0.0,0.0,0.0
2007-01-26 00:00:00,CTA(9,21),5791.0,5707.5,5794.3468,6155.2705,-360.923689,-0.584556,,,,0.0,-52.0,-0.0,0.0,0.0
2007-01-29 00:00:00,CTA(9,21),5559.5,5476.0,5768.2527,6126.9005,-358.647757,-0.580459,,,,0.0,-231.5,-0.0,0.0,0.0
2007-01-30 00:00:00,CTA(9,21),5614.5,5531.0,5751.1691,6102.5005,-351.331371,-0.568369,,,,0.0,55.0,0.0,0.0,0.0
2007-01-31 00:00:00,CTA(9,21),5711.0,5627.5,5746.7059,6083.8576,-337.151725,-0.548268,,,,0.0,96.5,0.0,0.0,0.0
2007-02-01 00:00:00,CTA(9,21),5575.0,5491.5,5727.6274,6059.6263,-331.998841,-0.536758,,,,0.0,-136.0,-0.0,0.0,0.0
2007-02-02 00:00:00,CTA(9,21),5318.0,5234.5,5682.1133,6024.3107,-342.197464,-0.547057,,,,0.0,-257.0,-0.0,0.0,0.0
2007-02-05 00:00:00,CTA(9,21),5313.5,5230.0,5641.1562,5990.4626,-349.306364,-0.555318,,,,0.0,-4.5,-0.0,0.0,0.0
2007-02-06 00:00:00,CTA(9,21),5445.5,5362.0,5619.4167,5964.512,-345.095347,-0.550461,,,,0.0,132.0,0.0,0.0,0.0
2007-02-07 00:00:00,CTA(9,21),5402.0,5318.5,5595.2593,5937.7257,-342.466468,-0.549784,,,,0.0,-43.5,-0.0,0.0,0.0
2007-02-08 00:00:00,CTA(9,21),5383.0,5299.5,5571.6749,5911.3102,-339.635319,-0.543112,,,,0.0,-19.0,-0.0,0.0,0.0
2007-02-09 00:00:00,CTA(9,21),5548.0,5464.5,5569.0444,5894.0097,-324.965377,-0.525653,,,,0.0,165.0,0.0,0.0,0.0
2007-02-12 00:00:00,CTA(9,21),5438.0,5354.5,5554.4839,5872.295,-317.811111,-0.51166,,,,0.0,-110.0,-0.0,0.0,0.0
2007-02-13 00:00:00,CTA(9,21),5721.0,5637.5,5572.9857,5865.0905,-292.104796,-0.470729,,,,0.0,283.0,0.0,0.0,0.0
2007-02-14 00:00:00,CTA(9,21),5698.0,5614.5,5586.8761,5857.1338,-270.257625,-0.436714,,,,0.0,-23.0,-0.0,0.0,0.0
2007-02-15 00:00:00,CTA(9,21),5827.0,5743.5,5613.5566,5855.6988,-242.142255,-0.394316,,,,0.0,129.0,0.0,0.0,0.0
2007-02-16 00:00:00,CTA(9,21),5783.0,5699.5,5632.3836,5852.237,-219.853359,-0.359804,,,,0.0,-44.0,-0.0,0.0,0.0
2007-02-19 00:00:00,CTA(9,21),5792.0,5708.5,5650.1188,5849.3686,-199.249778,-0.327879,,,,0.0,9.0,0.0,0.0,0.0
2007-02-20 00:00:00,CTA(9,21),5696.0,5627.5,5655.2167,5842.0653,-186.8486,-0.309293,,,,0.0,-81.0,-0.0,0.0,0.0
2007-02-21 00:00:00,CTA(9,21),5765.0,5696.5,5667.4148,5838.3955,-170.980678,-0.286801,,,,0.0,69.0,0.0,0.0,0.0
2007-02-22 00:00:00,CTA(9,21),6117.0,6046.5,5717.3687,5851.6624,-134.293651,-0.228423,,,,0.0,350.0,0.0,0.0,0.0
2007-02-23 00:00:00,CTA(9,21),6294.0,6213.5,5781.4389,5872.7261,-91.287207,-0.157924,,,,0.0,167.0,0.0,0.0,0.0
2007-02-26 00:00:00,CTA(9,21),6270.5,6190.0,5835.779,5891.6677,-55.888697,-0.099288,,,,0.0,-23.5,-0.0,0.0,0.0
2007-02-27 00:00:00,CTA(9,21),6211.0,6130.5,5877.4702,5906.874,-29.403775,-0.05359,,,,0.0,-59.5,-0.0,0.0,0.0
2007-02-28 00:00:00,CTA(9,21),5992.0,5911.5,5890.1958,5910.9276,-20.731864,-0.038616,,,,0.0,-219.0,-0.0,0.0,0.0
2007-03-01 00:00:00,CTA(9,21),6100.0,6019.5,5913.5073,5919.9311,-6.423728,-0.01227,,,,0.0,108.0,0.0,0.0,0.0
2007-03-02 00:00:00,CTA(9,21),6013.0,5932.5,5924.5621,5924.3629,0.199158,0.000393,,,,0.0,-87.0,-0.0,0.0,0.0
2007-03-05 00:00:00,CTA(9,21),5880.5,5800.0,5919.6663,5922.2742,-2.607918,-0.0053,,,,0.0,-132.5,-0.0,0.0,0.0
2007-03-06 00:00:00,CTA(9,21),5972.0,5891.5,5925.4811,5924.6421,0.839044,0.001763,,,,0.0,91.5,0.0,0.0,0.0
2007-03-07 00:00:00,CTA(9,21),6137.0,6056.5,5948.9832,5934.7544,14.228858,0.031442,,,,0.0,165.0,0.0,0.0,0.0
2007-03-08 00:00:00,CTA(9,21),6276.5,6196.0,5985.374,5951.028,34.346008,0.078717,,,,0.0,139.5,0.0,0.0,0.0
2007-03-09 00:00:00,CTA(9,21),6126.0,6045.5,6000.9991,5959.36,41.639119,0.09884,,,,0.0,-150.5,-0.0,0.0,0.0
2007-03-12 00:00:00,CTA(9,21),6276.0,6195.5,6031.5548,5974.4381,57.116678,0.140295,,,,0.0,150.0,0.0,0.0,0.0
2007-03-13 00:00:00,CTA(9,21),6245.0,6164.5,6055.2709,5987.322,67.948915,0.174223,,,,0.0,-31.0,-0.0,0.0,0.0
2007-03-14 00:00:00,CTA(9,21),6279.0,6198.5,6080.1297,6001.2114,78.918274,0.210225,,,,0.0,34.0,0.0,0.0,0.0
2007-03-15 00:00:00,CTA(9,21),6608.0,6527.5,6138.7819,6030.1061,108.675837,0.291556,,,,0.0,329.0,0.0,0.0,0.0
2007-03-16 00:00:00,CTA(9,21),6671.0,6590.5,6197.9173,6060.6249,137.292419,0.371227,,,,0.0,63.0,0.0,0.0,0.0
2007-03-19 00:00:00,CTA(9,21),6564.0,6483.5,6238.5931,6084.5951,153.998032,0.418484,,,,0.0,-107.0,-0.0,0.0,0.0
2007-03-20 00:00:00,CTA(9,21),6696.0,6482.5,6289.4161,6113.7096,175.706498,0.475257,,,,0.0,-1.0,-0.0,0.0,0.0
2007-03-21 00:00:00,CTA(9,21),6655.0,6444.5,6330.0366,6139.4854,190.551196,0.514135,,,,0.0,-38.0,-0.0,0.0,0.0
2007-03-22 00:00:00,CTA(9,21),6771.0,6559.5,6379.0325,6169.5575,209.475009,0.553106,,,,0.0,115.0,0.0,0.0,0.0
2007-03-23 00:00:00,CTA(9,21),6765.0,6577.5,6421.9178,6197.9119,224.005882,0.573781,,,,0.0,18.0,0.0,0.0,0.0
2007-03-26 00:00:00,CTA(9,21),6893.5,6706.0,6474.3158,6231.0351,243.280664,0.598915,,,,0.0,128.5,0.0,0.0,0.0
2007-03-27 00:00:00,CTA(9,21),6713.0,6525.5,6500.8363,6253.9858,246.850423,0.595753,,,,0.0,-180.5,-0.0,0.0,0.0
2007-03-28 00:00:00,CTA(9,21),6680.0,6492.5,6520.7433,6274.2722,246.471116,0.584994,1.205382,0.941853,1.0,0.0,-33.0,-0.0,0.0,0.0
2007-03-29 00:00:00,CTA(9,21),6781.0,6593.5,6549.6608,6298.4021,251.258628,0.581859,1.200826,0.940868,1.0,1.0,101.0,101.0,6593.5,101.0
2007-03-30 00:00:00,CTA(9,21),6896.0,6708.5,6588.1429,6326.8592,261.283725,0.583761,1.206965,0.94219,1.0,1.0,115.0,115.0,6708.5,216.0
2007-04-02 00:00:00,CTA(9,21),7022.0,6834.5,6636.3492,6359.9611,276.388126,0.59242,1.227606,0.946339,1.0,1.0,126.0,126.0,6834.5,342.0
2007-04-03 00:00:00,CTA(9,21),7296.0,7108.5,6709.6438,6404.5344,305.109375,0.618374,1.284207,0.955403,1.0,1.0,274.0,274.0,7108.5,616.0
2007-04-04 00:00:00,CTA(9,21),7475.0,7287.5,6794.6833,6455.5089,339.174404,0.647455,1.347638,0.961611,1.0,1.0,179.0,179.0,7287.5,795.0
2007-04-05 00:00:00,CTA(9,21),7387.0,7199.5,6860.4963,6499.8657,360.630648,0.658739,1.374385,0.963008,1.0,1.0,-88.0,-88.0,7199.5,707.0
2007-04-10 00:00:00,CTA(9,21),7760.0,7572.5,6960.4412,6559.8721,400.569105,0.685671,1.433589,0.9636,1.0,1.0,373.0,373.0,7572.5,1080.0
2007-04-11 00:00:00,CTA(9,21),7880.0,7692.5,7062.6144,6622.7353,439.879074,0.704093,1.475183,0.962015,1.0,1.0,120.0,120.0,7692.5,1200.0
2007-04-12 00:00:00,CTA(9,21),7730.0,7542.5,7136.7683,6675.4622,461.306143,0.703868,1.47806,0.961846,1.0,1.0,-150.0,-150.0,7542.5,1050.0
2007-04-13 00:00:00,CTA(9,21),7753.0,7565.5,7205.2385,6726.7735,478.465004,0.700655,1.474933,0.962029,1.0,1.0,23.0,23.0,7565.5,1073.0
2007-04-16 00:00:00,CTA(9,21),7660.0,7472.5,7255.7676,6771.2129,484.554701,0.690207,1.456886,0.962911,1.0,1.0,-93.0,-93.0,7472.5,980.0
2007-04-17 00:00:00,CTA(9,21),8090.0,7776.0,7348.4601,6834.0123,514.447807,0.698287,1.478167,0.961839,1.0,1.0,303.5,303.5,7776.0,1283.5
2007-04-18 00:00:00,CTA(9,21),8022.0,7711.0,7423.2978,6890.5831,532.714733,0.696779,1.479264,0.961773,1.0,1.0,-65.0,-65.0,7711.0,1218.5
2007-04-19 00:00:00,CTA(9,21),7856.0,7548.0,7471.3758,6936.5553,534.820518,0.683606,1.455509,0.962966,1.0,1.0,-163.0,-163.0,7548.0,1055.5
2007-04-20 00:00:00,CTA(9,21),7987.0,7692.0,7528.6674,6986.5765,542.090916,0.674951,1.441665,0.963419,1.0,1.0,144.0,144.0,7692.0,1199.5
2007-04-23 00:00:00,CTA(9,21),8043.0,7748.0,7585.8155,7036.8824,548.933099,0.666552,1.428459,0.963682,1.0,1.0,56.0,56.0,7748.0,1255.5
2007-04-24 00:00:00,CTA(9,21),7849.0,7554.0,7615.0582,7075.5547,539.503556,0.644758,1.386919,0.963418,1.0,1.0,-194.0,-194.0,7554.0,1061.5
2007-04-25 00:00:00,CTA(9,21),7883.0,7588.0,7644.8295,7114.0044,530.825087,0.624446,1.348605,0.961674,1.0,1.0,34.0,34.0,7588.0,1095.5
2007-04-26 00:00:00,CTA(9,21),7687.0,7392.0,7649.5151,7141.2899,508.225193,0.591528,1.282833,0.955223,1.0,1.0,-196.0,-196.0,7392.0,899.5
2007-04-27 00:00:00,CTA(9,21),7786.0,7491.0,7664.6801,7171.9904,492.6897,0.567189,1.235099,0.947733,1.0,1.0,99.0,99.0,7491.0,998.5
2007-04-30 00:00:00,CTA(9,21),7806.0,7511.0,7680.3823,7202.1813,478.200976,0.547491,1.197066,0.940039,1.0,1.0,20.0,20.0,7511.0,1018.5
2007-05-01 00:00:00,CTA(9,21),8048.0,7753.0,7721.2287,7242.4584,478.770306,0.541867,1.189299,0.938277,1.0,1.0,242.0,242.0,7753.0,1260.5
2007-05-02 00:00:00,CTA(9,21),8010.0,7715.0,7753.3144,7279.008,474.306404,0.531337,1.170789,0.933817,1.0,1.0,-38.0,-38.0,7715.0,1222.5
2007-05-03 00:00:00,CTA(9,21),8233.0,7938.0,7806.6128,7324.4362,482.176611,0.533807,1.180706,0.936252,1.0,1.0,223.0,223.0,7938.0,1445.5
2007-05-04 00:00:00,CTA(9,21),8370.0,8075.0,7869.2114,7374.225,494.986435,0.544161,1.207808,0.942368,1.0,1.0,137.0,137.0,8075.0,1582.5
2007-05-08 00:00:00,CTA(9,21),8210.0,7915.0,7907.0768,7414.0238,493.053023,0.542418,1.207989,0.942407,1.0,1.0,-160.0,-160.0,7915.0,1422.5
2007-05-09 00:00:00,CTA(9,21),8102.0,7807.0,7928.7349,7446.7845,481.950384,0.531433,1.187609,0.937885,1.0,1.0,-108.0,-108.0,7807.0,1314.5
2007-05-10 00:00:00,CTA(9,21),7943.0,7648.0,7930.3199,7470.4139,459.906084,0.511919,1.148356,0.927915,1.0,1.0,-159.0,-159.0,7648.0,1155.5
2007-05-11 00:00:00,CTA(9,21),7953.0,7658.0,7932.8399,7493.3941,439.445798,0.495082,1.114949,0.918112,1.0,1.0,10.0,10.0,7658.0,1165.5
2007-05-14 00:00:00,CTA(9,21),7621.0,7326.0,7898.1911,7499.4706,398.720446,0.456075,1.031281,0.888208,1.0,1.0,-332.0,-332.0,7326.0,833.5
2007-05-15 00:00:00,CTA(9,21),7799.0,7421.0,7887.1698,7513.7339,373.435913,0.434885,0.987342,0.869431,1.0,1.0,95.0,95.0,7421.0,928.5
2007-05-16 00:00:00,CTA(9,21),7646.0,7269.0,7860.3732,7520.0323,340.34088,0.401841,0.91595,0.834435,1.0,1.0,-152.0,-152.0,7269.0,776.5
2007-05-17 00:00:00,CTA(9,21),7290.0,6912.0,7796.9984,7509.0784,287.920001,0.346717,0.793529,0.761737,1.0,1.0,-357.0,-357.0,6912.0,419.5
2007-05-18 00:00:00,CTA(9,21),7315.0,6954.0,7743.443,7499.8366,243.606452,0.298461,0.685681,0.684991,1.0,1.0,42.0,42.0,6954.0,461.5
2007-05-21 00:00:00,CTA(9,21),7456.0,7095.0,7711.5049,7497.7491,213.755795,0.266956,0.615426,0.629019,1.0,1.0,141.0,141.0,7095.0,602.5
2007-05-22 00:00:00,CTA(9,21),7309.0,6948.0,7666.7821,7488.7611,178.021081,0.227222,0.525767,0.551303,1.0,1.0,-147.0,-147.0,6948.0,455.5
2007-05-23 00:00:00,CTA(9,21),7245.0,6884.0,7619.9175,7477.1534,142.764069,0.187345,0.43503,0.46621,1.0,1.0,-64.0,-64.0,6884.0,391.5
2007-05-24 00:00:00,CTA(9,21),7044.0,6683.0,7555.9266,7456.527,99.399592,0.134066,0.312423,0.342575,1.0,1.0,-201.0,-201.0,6683.0,190.5
2007-05-25 00:00:00,CTA(9,21),7255.0,6894.0,7522.4903,7446.9305,75.559826,0.103617,0.242325,0.268308,1.0,1.0,211.0,211.0,6894.0,401.5
2007-05-29 00:00:00,CTA(9,21),7330.0,6969.0,7501.1025,7441.3624,59.740131,0.08292,0.19457,0.216559,1.0,1.0,75.0,75.0,6969.0,476.5
2007-05-30 00:00:00,CTA(9,21),7270.0,6909.0,7475.4245,7433.2023,42.222187,0.059419,0.139865,0.156385,1.0,1.0,-60.0,-60.0,6909.0,416.5
2007-05-31 00:00:00,CTA(9,21),7452.0,7091.0,7472.8217,7434.0974,38.724339,0.055369,0.130703,0.146231,1.0,1.0,182.0,182.0,7091.0,598.5
2007-06-01 00:00:00,CTA(9,21),7527.0,7166.0,7478.8415,7438.5213,40.320213,0.059132,0.13995,0.156479,1.0,1.0,75.0,75.0,7166.0,673.5
2007-06-04 00:00:00,CTA(9,21),7714.0,7353.0,7504.9703,7451.6394,53.330898,0.079867,0.189461,0.210976,1.0,1.0,187.0,187.0,7353.0,860.5
2007-06-05 00:00:00,CTA(9,21),7623.0,7262.0,7518.0847,7459.7994,58.285283,0.089838,0.213529,0.237201,1.0,1.0,-91.0,-91.0,7262.0,769.5
2007-06-06 00:00:00,CTA(9,21),7495.0,7134.0,7515.5197,7461.4756,54.044099,0.086788,0.206653,0.229729,1.0,1.0,-128.0,-128.0,7134.0,641.5
2007-06-07 00:00:00,CTA(9,21),7504.0,7143.0,7514.2397,7463.5006,50.73916,0.084853,0.202343,0.225036,1.0,1.0,9.0,9.0,7143.0,650.5
2007-06-08 00:00:00,CTA(9,21),7220.0,6859.0,7481.5464,7451.9053,29.641121,0.051335,0.122567,0.1372,1.0,1.0,-284.0,-284.0,6859.0,366.5
2007-06-11 00:00:00,CTA(9,21),7448.0,7087.0,7477.8191,7451.7194,26.099706,0.046611,0.111396,0.124776,1.0,1.0,228.0,228.0,7087.0,594.5
2007-06-12 00:00:00,CTA(9,21),7259.0,6898.0,7453.5058,7442.5422,10.963589,0.020449,0.048901,0.054912,1.0,1.0,-189.0,-189.0,6898.0,405.5
2007-06-13 00:00:00,CTA(9,21),7382.0,7021.0,7445.5607,7439.6593,5.901461,0.011438,0.027362,0.030738,1.0,1.0,123.0,123.0,7021.0,528.5
2007-06-14 00:00:00,CTA(9,21),7541.0,7180.0,7456.1651,7444.485,11.680075,0.023683,0.056671,0.063624,1.0,1.0,159.0,159.0,7180.0,687.5
2007-06-15 00:00:00,CTA(9,21),7582.0,7221.0,7470.1468,7451.0334,19.113398,0.040674,0.097344,0.109116,1.0,1.0,41.0,41.0,7221.0,728.5
2007-06-18 00:00:00,CTA(9,21),7618.0,7257.0,7486.5749,7458.9842,27.590744,0.060381,0.144508,0.161523,1.0,1.0,36.0,36.0,7257.0,764.5
2007-06-19 00:00:00,CTA(9,21),7472.0,7115.0,7484.9555,7459.604,25.351509,0.056999,0.136407,0.152555,1.0,1.0,-142.0,-142.0,7115.0,622.5
2007-06-20 00:00:00,CTA(9,21),7568.0,7211.0,7494.1826,7464.7657,29.416963,0.068687,0.164358,0.183429,1.0,1.0,96.0,96.0,7211.0,718.5
2007-06-21 00:00:00,CTA(9,21),7486.0,7130.0,7493.2735,7465.7768,27.496623,0.066231,0.158458,0.176928,1.0,1.0,-81.0,-81.0,7130.0,637.5
2007-06-22 00:00:00,CTA(9,21),7483.0,7147.0,7492.132,7466.597,25.534977,0.063869,0.152787,0.170671,1.0,1.0,17.0,17.0,7147.0,654.5
2007-06-25 00:00:00,CTA(9,21),7529.0,7193.0,7496.2284,7469.5686,26.659854,0.068824,0.164614,0.18371,1.0,1.0,46.0,46.0,7193.0,700.5
2007-06-26 00:00:00,CTA(9,21),7420.0,7084.0,7487.7586,7467.2081,20.550439,0.054896,0.131286,0.146878,1.0,1.0,-109.0,-109.0,7084.0,591.5
2007-06-27 00:00:00,CTA(9,21),7444.0,7108.0,7482.8965,7466.103,16.793523,0.04605,0.11012,0.123356,1.0,1.0,24.0,24.0,7108.0,615.5
2007-06-28 00:00:00,CTA(9,21),7621.0,7285.0,7498.2413,7473.479,24.762307,0.071241,0.170334,0.190003,1.0,1.0,177.0,177.0,7285.0,792.5
2007-06-29 00:00:00,CTA(9,21),7647.0,7311.0,7514.7701,7481.7419,33.028143,0.100841,0.241048,0.266934,1.0,1.0,26.0,26.0,7311.0,818.5
2007-07-02 00:00:00,CTA(9,21),7813.0,7477.0,7547.9067,7497.5161,50.390607,0.162012,0.387088,0.418939,1.0,1.0,166.0,166.0,7477.0,984.5
2007-07-03 00:00:00,CTA(9,21),7805.0,7469.0,7576.4727,7512.1582,64.314435,0.216097,0.515929,0.542375,1.0,1.0,-8.0,-8.0,7469.0,976.5
2007-07-04 00:00:00,CTA(9,21),7919.0,7583.0,7614.5313,7531.5316,82.999611,0.287096,0.684631,0.684189,1.0,1.0,114.0,114.0,7583.0,1090.5
2007-07-05 00:00:00,CTA(9,21),7951.0,7615.0,7651.9167,7551.5063,100.410343,0.348735,0.830337,0.785249,1.0,1.0,32.0,32.0,7615.0,1122.5
2007-07-06 00:00:00,CTA(9,21),7948.0,7612.0,7684.8148,7570.387,114.42784,0.395711,0.940464,0.847075,1.0,1.0,-3.0,-3.0,7612.0,1119.5
2007-07-09 00:00:00,CTA(9,21),8083.0,7747.0,7729.0576,7594.7971,134.260494,0.460525,1.091958,0.910659,1.0,1.0,135.0,135.0,7747.0,1254.5
2007-07-10 00:00:00,CTA(9,21),8002.5,7666.5,7759.4401,7614.2115,145.228558,0.493623,1.167612,0.933014,1.0,1.0,-80.5,-80.5,7666.5,1174.0
2007-07-11 00:00:00,CTA(9,21),8048.0,7712.0,7791.5023,7634.8681,156.634176,0.527792,1.245402,0.949553,1.0,1.0,45.5,45.5,7712.0,1219.5
2007-07-12 00:00:00,CTA(9,21),7935.0,7599.0,7807.4465,7649.1601,158.28637,0.530477,1.249077,0.950175,1.0,1.0,-113.0,-113.0,7599.0,1106.5
2007-07-13 00:00:00,CTA(9,21),7983.0,7647.0,7826.9524,7665.0573,161.895177,0.538612,1.265984,0.952852,1.0,1.0,48.0,48.0,7647.0,1154.5
2007-07-16 00:00:00,CTA(9,21),7911.0,7575.0,7836.2911,7676.7688,159.522236,0.528571,1.240468,0.948695,1.0,1.0,-72.0,-72.0,7575.0,1082.5
2007-07-17 00:00:00,CTA(9,21),7840.0,7511.0,7836.7032,7684.5417,152.161427,0.510325,1.196182,0.939841,1.0,1.0,-64.0,-64.0,7511.0,1018.5
2007-07-18 00:00:00,CTA(9,21),7901.0,7572.0,7843.8473,7694.8493,148.997983,0.5027,1.177073,0.935372,1.0,1.0,61.0,61.0,7572.0,1079.5
2007-07-19 00:00:00,CTA(9,21),8043.0,7716.0,7865.9753,7711.4279,154.54746,0.516879,1.208352,0.942483,1.0,1.0,144.0,144.0,7716.0,1223.5
2007-07-20 00:00:00,CTA(9,21),8191.0,7900.0,7902.0892,7734.2647,167.824543,0.553325,1.290071,0.956151,1.0,1.0,184.0,184.0,7900.0,1407.5
2007-07-23 00:00:00,CTA(9,21),8105.0,7814.0,7924.6348,7751.9187,172.716124,0.567137,1.318025,0.959225,1.0,1.0,-86.0,-86.0,7814.0,1321.5
2007-07-24 00:00:00,CTA(9,21),8044.5,7753.5,7937.9532,7765.8512,172.102033,0.56043,1.298277,0.957137,1.0,1.0,-60.5,-60.5,7753.5,1261.0
2007-07-25 00:00:00,CTA(9,21),7864.0,7573.0,7929.7362,7770.5249,159.211257,0.518743,1.198425,0.94034,1.0,1.0,-180.5,-180.5,7573.0,1080.5
2007-07-26 00:00:00,CTA(9,21),7859.0,7568.0,7921.8766,7774.738,147.138584,0.478411,1.102725,0.914222,1.0,1.0,-5.0,-5.0,7568.0,1075.5
2007-07-27 00:00:00,CTA(9,21),7849.0,7558.0,7913.7792,7778.2743,135.504899,0.440049,1.012458,0.880423,1.0,1.0,-10.0,-10.0,7558.0,1065.5
2007-07-30 00:00:00,CTA(9,21),7943.0,7652.0,7917.026,7786.1184,130.907574,0.423456,0.972889,0.862794,1.0,1.0,94.0,94.0,7652.0,1159.5
2007-07-31 00:00:00,CTA(9,21),8137.0,7846.0,7941.4675,7802.827,138.640486,0.445898,1.022858,0.884772,1.0,1.0,194.0,194.0,7846.0,1353.5
2007-08-01 00:00:00,CTA(9,21),7978.0,7687.0,7945.5267,7811.1686,134.358082,0.432787,0.991454,0.871278,1.0,1.0,-159.0,-159.0,7687.0,1194.5
2007-08-02 00:00:00,CTA(9,21),7988.0,7697.0,7950.2459,7819.5891,130.656797,0.428029,0.979127,0.865686,1.0,1.0,10.0,10.0,7697.0,1204.5
2007-08-03 00:00:00,CTA(9,21),7791.0,7500.0,7932.5519,7818.2278,114.324191,0.389716,0.890586,0.820675,1.0,1.0,-197.0,-197.0,7500.0,1007.5
2007-08-06 00:00:00,CTA(9,21),7815.0,7524.0,7919.4906,7818.074,101.416567,0.35424,0.809032,0.77181,1.0,1.0,24.0,24.0,7524.0,1031.5
2007-08-07 00:00:00,CTA(9,21),7872.5,7581.5,7914.2694,7820.6658,93.603675,0.331484,0.75682,0.736909,1.0,1.0,57.5,57.5,7581.5,1089.0
2007-08-08 00:00:00,CTA(9,21),7705.0,7414.0,7891.0173,7815.1579,75.859409,0.270491,0.617792,0.630976,1.0,1.0,-167.5,-167.5,7414.0,921.5
2007-08-09 00:00:00,CTA(9,21),7603.5,7312.5,7859.0709,7805.0789,53.991991,0.193916,0.443284,0.474195,1.0,1.0,-101.5,-101.5,7312.5,820.0
2007-08-10 00:00:00,CTA(9,21),7592.0,7301.0,7829.3964,7794.9323,34.464061,0.123729,0.283087,0.311766,1.0,1.0,-11.5,-11.5,7301.0,808.5
2007-08-13 00:00:00,CTA(9,21),7711.0,7420.0,7816.2412,7790.9355,25.305685,0.090984,0.208341,0.231564,1.0,1.0,119.0,119.0,7420.0,927.5
2007-08-14 00:00:00,CTA(9,21),7487.0,7231.0,7779.6589,7776.4624,3.196448,0.011453,0.026246,0.029485,1.0,1.0,-189.0,-189.0,7231.0,738.5
2007-08-15 00:00:00,CTA(9,21),7379.0,7127.0,7735.1412,7757.5356,-22.394421,-0.08074,-0.185169,-0.206279,-1.0,1.0,-104.0,-104.0,7127.0,634.5
2007-08-16 00:00:00,CTA(9,21),6800.0,6555.0,7631.2366,7711.9387,-80.702065,-0.273484,-0.627066,-0.638603,-1.0,-1.0,-572.0,572.0,-6555.0,1206.5
2007-08-17 00:00:00,CTA(9,21),7068.0,6853.0,7568.6548,7681.2749,-112.620165,-0.371152,-0.850206,-0.797355,-1.0,-1.0,298.0,-298.0,-6853.0,908.5
2007-08-20 00:00:00,CTA(9,21),7072.0,6857.0,7513.4709,7652.2619,-138.790937,-0.448807,-1.026516,-0.886274,-1.0,-1.0,4.0,-4.0,-6857.0,904.5
2007-08-21 00:00:00,CTA(9,21),7022.0,6807.0,7458.863,7622.2494,-163.386347,-0.518321,-1.182916,-0.93678,-1.0,-1.0,-50.0,50.0,-6807.0,954.5
2007-08-22 00:00:00,CTA(9,21),7201.5,6986.5,7430.2671,7602.2137,-171.946555,-0.55301,-1.258878,-0.951763,-1.0,-1.0,179.5,-179.5,-6986.5,775.0
2007-08-23 00:00:00,CTA(9,21),7310.0,7095.0,7416.9041,7588.2988,-171.394633,-0.553122,-1.255864,-0.951286,-1.0,-1.0,108.5,-108.5,-7095.0,666.5
2007-08-24 00:00:00,CTA(9,21),7379.0,7164.0,7412.6926,7578.3322,-165.639595,-0.535874,-1.213777,-0.943609,-1.0,-1.0,69.0,-69.0,-7164.0,597.5
2007-08-28 00:00:00,CTA(9,21),7338.0,7123.0,7404.3934,7566.8878,-162.49438,-0.527832,-1.19275,-0.939068,-1.0,-1.0,-41.0,41.0,-7123.0,638.5
2007-08-29 00:00:00,CTA(9,21),7430.0,7215.0,7407.2386,7560.3693,-153.130736,-0.497017,-1.120811,-0.919921,-1.0,-1.0,92.0,-92.0,-7215.0,546.5
2007-08-30 00:00:00,CTA(9,21),7464.0,7249.0,7413.5454,7555.7803,-142.234895,-0.460865,-1.03753,-0.890706,-1.0,-1.0,34.0,-34.0,-7249.0,512.5
2007-08-31 00:00:00,CTA(9,21),7524.0,7309.0,7425.8181,7554.2669,-128.448814,-0.415741,-0.934709,-0.844166,-1.0,-1.0,60.0,-60.0,-7309.0,452.5
2007-09-03 00:00:00,CTA(9,21),7449.0,7234.0,7428.3939,7549.2542,-120.860339,-0.389873,-0.875582,-0.812212,-1.0,-1.0,-75.0,75.0,-7234.0,527.5
2007-09-04 00:00:00,CTA(9,21),7363.0,7148.0,7421.1279,7540.385,-119.257077,-0.382851,-0.859003,-0.802583,-1.0,-1.0,-86.0,86.0,-7148.0,613.5
2007-09-05 00:00:00,CTA(9,21),7215.0,7000.0,7398.2248,7524.8905,-126.665655,-0.401181,-0.899365,-0.825516,-1.0,-1.0,-148.0,148.0,-7000.0,761.5
2007-09-06 00:00:00,CTA(9,21),7361.0,7146.0,7394.0887,7517.0861,-122.997436,-0.392736,-0.87993,-0.814689,-1.0,-1.0,146.0,-146.0,-7146.0,615.5
2007-09-07 00:00:00,CTA(9,21),7235.0,7020.0,7376.4122,7503.6535,-127.241286,-0.402068,-0.900323,-0.826039,-1.0,-1.0,-126.0,126.0,-7020.0,741.5
2007-09-10 00:00:00,CTA(9,21),7220.0,7005.0,7359.0331,7490.1462,-131.11311,-0.413262,-0.924622,-0.83898,-1.0,-1.0,-15.0,15.0,-7005.0,756.5
2007-09-11 00:00:00,CTA(9,21),7538.0,7323.0,7378.9183,7492.4249,-113.506648,-0.359403,-0.80367,-0.768354,-1.0,-1.0,318.0,-318.0,-7323.0,438.5
2007-09-12 00:00:00,CTA(9,21),7482.5,7267.5,7390.4274,7491.9523,-101.524952,-0.321068,-0.717613,-0.708905,-1.0,-1.0,-55.5,55.5,-7267.5,494.0
2007-09-13 00:00:00,CTA(9,21),7604.0,7389.0,7414.1576,7497.2879,-83.130262,-0.262941,-0.587518,-0.605556,-1.0,-1.0,121.5,-121.5,-7389.0,372.5
2007-09-14 00:00:00,CTA(9,21),7612.5,7397.5,7436.1957,7502.7742,-66.578513,-0.210583,-0.470435,-0.500128,-1.0,-1.0,8.5,-8.5,-7397.5,364.0
2007-09-17 00:00:00,CTA(9,21),7561.0,7346.0,7450.0628,7505.5469,-55.484024,-0.175811,-0.392711,-0.424559,-1.0,-1.0,-51.5,51.5,-7346.0,415.5
2007-09-18 00:00:00,CTA(9,21),7618.0,7410.0,7468.7225,7510.9018,-42.179251,-0.133708,-0.298653,-0.328165,-1.0,-1.0,64.0,-64.0,-7410.0,351.5
2007-09-19 00:00:00,CTA(9,21),7919.0,7711.0,7518.7533,7530.335,-11.581668,-0.036574,-0.081693,-0.091637,-1.0,-1.0,301.0,-301.0,-7711.0,50.5
2007-09-20 00:00:00,CTA(9,21),7920.0,7716.0,7563.3363,7548.8905,14.445818,0.045469,0.101552,0.113809,1.0,-1.0,5.0,-5.0,-7716.0,45.5
2007-09-21 00:00:00,CTA(9,21),7916.0,7724.0,7602.5212,7566.3719,36.149267,0.113353,0.25309,0.279853,1.0,1.0,8.0,8.0,7724.0,53.5
2007-09-24 00:00:00,CTA(9,21),8077.0,7885.0,7655.241,7590.6875,64.553513,0.200775,0.44798,0.478718,1.0,1.0,161.0,161.0,7885.0,214.5
2007-09-25 00:00:00,CTA(9,21),8036.0,7844.0,7697.5476,7611.8929,85.654709,0.264926,0.590489,0.608085,1.0,1.0,-41.0,-41.0,7844.0,173.5
2007-09-26 00:00:00,CTA(9,21),7986.0,7794.0,7729.5979,7629.7075,99.890352,0.306949,0.683231,0.683117,1.0,1.0,-50.0,-50.0,7794.0,123.5
2007-09-27 00:00:00,CTA(9,21),8066.0,7874.0,7766.9759,7650.4833,116.492535,0.354294,0.787284,0.75761,1.0,1.0,80.0,80.0,7874.0,203.5
2007-09-28 00:00:00,CTA(9,21),8068.0,7876.0,7800.423,7670.3651,130.057915,0.39196,0.869255,0.808572,1.0,1.0,2.0,2.0,7876.0,205.5
2007-10-01 00:00:00,CTA(9,21),8166.0,7974.0,7841.0427,7693.9667,147.075919,0.436782,0.966371,0.859726,1.0,1.0,98.0,98.0,7974.0,303.5
2007-10-02 00:00:00,CTA(9,21),8220.0,8028.0,7883.149,7719.0159,164.133087,0.480079,1.059321,0.899084,1.0,1.0,54.0,54.0,8028.0,357.5
2007-10-03 00:00:00,CTA(9,21),8359.0,8167.0,7936.0214,7749.4914,186.529985,0.532537,1.171726,0.934052,1.0,1.0,139.0,139.0,8167.0,496.5
2007-10-04 00:00:00,CTA(9,21),8251.0,8059.0,7971.019,7773.3727,197.646249,0.555933,1.219612,0.944786,1.0,1.0,-108.0,-108.0,8059.0,388.5
2007-10-05 00:00:00,CTA(9,21),8260.0,8068.0,8003.128,7796.5455,206.582523,0.575281,1.258059,0.951635,1.0,1.0,9.0,9.0,8068.0,397.5
2007-10-08 00:00:00,CTA(9,21),8003.0,7811.0,8003.1138,7806.3766,196.737134,0.547854,1.194686,0.939506,1.0,1.0,-257.0,-257.0,7811.0,140.5
2007-10-09 00:00:00,CTA(9,21),8107.0,7915.0,8014.6567,7820.692,193.96465,0.538737,1.171657,0.934034,1.0,1.0,104.0,104.0,7915.0,244.5
2007-10-10 00:00:00,CTA(9,21),8233.0,8041.0,8038.9171,7840.3257,198.591306,0.544458,1.180782,0.936271,1.0,1.0,126.0,126.0,8041.0,370.5
2007-10-11 00:00:00,CTA(9,21),8131.0,7939.0,8049.1485,7854.1674,194.981113,0.531471,1.149571,0.928248,1.0,1.0,-102.0,-102.0,7939.0,268.5
2007-10-12 00:00:00,CTA(9,21),8112.0,7920.0,8056.132,7866.4451,189.68687,0.513629,1.108258,0.916003,1.0,1.0,-19.0,-19.0,7920.0,249.5
2007-10-15 00:00:00,CTA(9,21),8204.5,8012.5,8072.6173,7882.543,190.074353,0.508514,1.094381,0.911472,1.0,1.0,92.5,92.5,8012.5,342.0
2007-10-16 00:00:00,CTA(9,21),8082.0,7896.0,8073.6598,7892.0409,181.618919,0.483396,1.03787,0.890841,1.0,1.0,-116.5,-116.5,7896.0,225.5
2007-10-17 00:00:00,CTA(9,21),7995.0,7810.0,8064.9199,7896.9437,167.976123,0.447759,0.959405,0.856396,1.0,1.0,-86.0,-86.0,7810.0,139.5
2007-10-18 00:00:00,CTA(9,21),7887.5,7704.5,8045.2065,7896.494,148.712507,0.400573,0.856918,0.801351,1.0,1.0,-105.5,-105.5,7704.5,34.0
2007-10-19 00:00:00,CTA(9,21),7898.5,7727.5,8028.9058,7896.5896,132.316258,0.358703,0.766356,0.74349,1.0,1.0,23.0,23.0,7727.5,57.0
2007-10-22 00:00:00,CTA(9,21),7785.0,7614.0,8001.8052,7891.2758,110.5294,0.301318,0.643163,0.651657,1.0,1.0,-113.5,-113.5,7614.0,-56.5
2007-10-23 00:00:00,CTA(9,21),7821.0,7650.0,7981.7157,7887.9293,93.786402,0.25582,0.54568,0.569139,1.0,1.0,36.0,36.0,7650.0,-20.5
2007-10-24 00:00:00,CTA(9,21),7715.0,7544.0,7952.0806,7879.6946,72.386052,0.197641,0.421405,0.452928,1.0,1.0,-106.0,-106.0,7544.0,-126.5
2007-10-25 00:00:00,CTA(9,21),7793.5,7622.5,7934.4606,7875.5901,58.870486,0.160837,0.342844,0.374063,1.0,1.0,78.5,78.5,7622.5,-48.0
2007-10-26 00:00:00,CTA(9,21),7900.5,7729.5,7930.6872,7876.7763,53.910903,0.147434,0.314209,0.344437,1.0,1.0,107.0,107.0,7729.5,59.0
2007-10-29 00:00:00,CTA(9,21),7866.0,7695.0,7923.4997,7876.2631,47.236596,0.130363,0.277807,0.306178,1.0,1.0,-34.5,-34.5,7695.0,24.5
2007-10-30 00:00:00,CTA(9,21),7770.0,7599.0,7906.4442,7871.203,35.241221,0.097639,0.208091,0.231293,1.0,1.0,-96.0,-96.0,7599.0,-71.5
2007-10-31 00:00:00,CTA(9,21),7736.0,7565.0,7887.5059,7864.7647,22.741215,0.063292,0.134957,0.150948,1.0,1.0,-34.0,-34.0,7565.0,-105.5
2007-11-01 00:00:00,CTA(9,21),7512.0,7341.0,7845.7831,7847.9664,-2.183347,-0.006063,-0.01294,-0.014538,-1.0,1.0,-224.0,-224.0,7341.0,-329.5
2007-11-02 00:00:00,CTA(9,21),7442.0,7271.0,7800.9183,7828.6347,-27.716397,-0.076687,-0.163811,-0.182826,-1.0,-1.0,-70.0,70.0,-7271.0,-259.5
2007-11-05 00:00:00,CTA(9,21),7410.0,7239.0,7757.4829,7808.6997,-51.216776,-0.14122,-0.301936,-0.331609,-1.0,-1.0,-32.0,32.0,-7239.0,-227.5
2007-11-06 00:00:00,CTA(9,21),7484.0,7313.0,7727.0959,7793.2378,-66.141876,-0.18187,-0.389183,-0.421035,-1.0,-1.0,74.0,-74.0,-7313.0,-301.5
2007-11-07 00:00:00,CTA(9,21),7311.0,7140.0,7680.863,7770.2741,-89.411052,-0.243816,-0.522393,-0.54825,-1.0,-1.0,-173.0,173.0,-7140.0,-128.5
2007-11-08 00:00:00,CTA(9,21),7189.5,7018.5,7626.2671,7742.6182,-116.351036,-0.312837,-0.670892,-0.673587,-1.0,-1.0,-121.5,121.5,-7018.5,-7.0
2007-11-09 00:00:00,CTA(9,21),7004.5,6833.5,7557.1819,7707.4697,-150.287789,-0.393823,-0.845629,-0.794603,-1.0,-1.0,-185.0,185.0,-6833.5,178.0
2007-11-12 00:00:00,CTA(9,21),6918.5,6747.5,7486.2173,7669.8997,-183.68246,-0.467821,-1.006112,-0.877711,-1.0,-1.0,-86.0,86.0,-6747.5,264.0
2007-11-13 00:00:00,CTA(9,21),6891.0,6720.0,7420.082,7632.8092,-212.727248,-0.527841,-1.137069,-0.924739,-1.0,-1.0,-27.5,27.5,-6720.0,291.5
2007-11-14 00:00:00,CTA(9,21),7102.5,6931.5,7384.7951,7607.5564,-222.761315,-0.564864,-1.218719,-0.944608,-1.0,-1.0,211.5,-211.5,-6931.5,80.0
2007-11-15 00:00:00,CTA(9,21),6897.0,6726.0,7330.5957,7573.7204,-243.124752,-0.609232,-1.316254,-0.959054,-1.0,-1.0,-205.5,205.5,-6726.0,285.5
2007-11-16 00:00:00,CTA(9,21),7002.0,6831.0,7294.085,7546.4956,-252.410599,-0.629738,-1.36242,-0.962472,-1.0,-1.0,105.0,-105.0,-6831.0,180.5
2007-11-19 00:00:00,CTA(9,21),6756.0,6585.0,7234.2978,7508.853,-274.555175,-0.671396,-1.453817,-0.963031,-1.0,-1.0,-246.0,246.0,-6585.0,426.5
2007-11-20 00:00:00,CTA(9,21),6768.5,6604.5,7182.5425,7473.5981,-291.055583,-0.69279,-1.500514,-0.960267,-1.0,-1.0,19.5,-19.5,-6604.5,407.0
2007-11-21 00:00:00,CTA(9,21),6488.0,6325.0,7105.3711,7426.6648,-321.293729,-0.725493,-1.570726,-0.952445,-1.0,-1.0,-279.5,279.5,-6325.0,686.5
2007-11-22 00:00:00,CTA(9,21),6540.0,6376.0,7042.5521,7384.4427,-341.890605,-0.738777,-1.597995,-0.948272,-1.0,-1.0,51.0,-51.0,-6376.0,635.5
2007-11-23 00:00:00,CTA(9,21),6690.5,6508.5,7003.4352,7351.3978,-347.962614,-0.730822,-1.57841,-0.951332,-1.0,-1.0,132.5,-132.5,-6508.5,503.0
2007-11-26 00:00:00,CTA(9,21),6733.0,6551.0,6973.3868,7321.9503,-348.563454,-0.713839,-1.539096,-0.956499,-1.0,-1.0,42.5,-42.5,-6551.0,460.5
2007-11-27 00:00:00,CTA(9,21),6578.5,6396.5,6929.5105,7286.5479,-357.037375,-0.70745,-1.522663,-0.958265,-1.0,-1.0,-154.5,154.5,-6396.5,615.0
2007-11-28 00:00:00,CTA(9,21),6682.5,6500.5,6902.0649,7257.7837,-355.718803,-0.687682,-1.477617,-0.961872,-1.0,-1.0,104.0,-104.0,-6500.5,511.0
2007-11-29 00:00:00,CTA(9,21),6847.5,6665.5,6896.0021,7238.2464,-342.244251,-0.651839,-1.39844,-0.963659,-1.0,-1.0,165.0,-165.0,-6665.5,346.0
2007-11-30 00:00:00,CTA(9,21),6970.5,6788.5,6904.2797,7225.4966,-321.216883,-0.606368,-1.299499,-0.957278,-1.0,-1.0,123.0,-123.0,-6788.5,223.0
2007-12-03 00:00:00,CTA(9,21),6764.0,6582.0,6888.693,7203.5205,-314.827487,-0.585838,-1.254476,-0.951062,-1.0,-1.0,-206.5,206.5,-6582.0,429.5
2007-12-04 00:00:00,CTA(9,21),6657.0,6475.0,6862.9494,7177.4957,-314.546372,-0.573421,-1.226711,-0.946169,-1.0,-1.0,-107.0,107.0,-6475.0,536.5
2007-12-05 00:00:00,CTA(9,21),6650.5,6468.5,6839.3439,7152.4007,-313.056822,-0.560456,-1.197997,-0.940245,-1.0,-1.0,-6.5,6.5,-6468.5,543.0
2007-12-06 00:00:00,CTA(9,21),6680.0,6498.0,6821.639,7129.9054,-308.266427,-0.54326,-1.160552,-0.931191,-1.0,-1.0,29.5,-29.5,-6498.0,513.5
2007-12-07 00:00:00,CTA(9,21),6865.0,6683.0,6826.4569,7117.2909,-290.833995,-0.507236,-1.083369,-0.907726,-1.0,-1.0,185.0,-185.0,-6683.0,328.5
2007-12-10 00:00:00,CTA(9,21),6772.0,6590.0,6820.4061,7100.8485,-280.442338,-0.482841,-1.031198,-0.888174,-1.0,-1.0,-93.0,93.0,-6590.0,421.5
2007-12-11 00:00:00,CTA(9,21),6766.5,6584.5,6814.4166,7084.9271,-270.510553,-0.46016,-0.982906,-0.867418,-1.0,-1.0,-5.5,5.5,-6584.5,427.0
2007-12-12 00:00:00,CTA(9,21),6672.5,6490.5,6798.6481,7065.2877,-266.639673,-0.447084,-0.955388,-0.854452,-1.0,-1.0,-94.0,94.0,-6490.5,521.0
2007-12-13 00:00:00,CTA(9,21),6458.5,6276.5,6760.8538,7036.3931,-275.539248,-0.451952,-0.96621,-0.859649,-1.0,-1.0,-214.0,214.0,-6276.5,735.0
2007-12-14 00:00:00,CTA(9,21),6492.0,6310.0,6730.9812,7010.4696,-279.488416,-0.45,-0.962656,-0.857956,-1.0,-1.0,33.5,-33.5,-6310.0,701.5
2007-12-17 00:00:00,CTA(9,21),6326.5,6144.5,6686.0388,6977.8996,-291.860789,-0.460875,-0.986564,-0.86908,-1.0,-1.0,-165.5,165.5,-6144.5,867.0
2007-12-18 00:00:00,CTA(9,21),6348.25,6163.75,6648.5067,6947.9163,-299.409565,-0.465178,-0.996492,-0.873515,-1.0,-1.0,19.25,-19.25,-6163.75,847.75
2007-12-19 00:00:00,CTA(9,21),6485.0,6297.0,6630.3393,6925.8727,-295.533347,-0.454844,-0.975351,-0.863941,-1.0,-1.0,133.25,-133.25,-6297.0,714.5
2007-12-20 00:00:00,CTA(9,21),6506.5,6317.5,6616.5794,6905.9025,-289.323145,-0.4438,-0.953108,-0.85334,-1.0,-1.0,20.5,-20.5,-6317.5,694.0
2007-12-21 00:00:00,CTA(9,21),6780.0,6574.0,6634.7372,6899.9072,-265.169941,-0.408366,-0.878881,-0.814094,-1.0,-1.0,256.5,-256.5,-6574.0,437.5
2007-12-27 00:00:00,CTA(9,21),6859.5,6653.5,6659.7109,6897.983,-238.272149,-0.368798,-0.795777,-0.763213,-1.0,-1.0,79.5,-79.5,-6653.5,358.0
2007-12-28 00:00:00,CTA(9,21),6810.0,6604.0,6676.4097,6893.7934,-217.38369,-0.338954,-0.733452,-0.720401,-1.0,-1.0,-49.5,49.5,-6604.0,407.5
2007-12-31 00:00:00,CTA(9,21),6650.5,6444.5,6673.5308,6882.208,-208.677144,-0.327075,-0.709873,-0.703199,-1.0,-1.0,-159.5,159.5,-6444.5,567.0
2008-01-02 00:00:00,CTA(9,21),6725.5,6519.5,6679.3052,6874.7457,-195.440507,-0.309927,-0.674959,-0.676744,-1.0,-1.0,75.0,-75.0,-6519.5,492.0
2008-01-03 00:00:00,CTA(9,21),6939.5,6733.5,6708.2157,6877.8292,-169.61351,-0.274114,-0.59939,-0.61562,-1.0,-1.0,214.0,-214.0,-6733.5,278.0
2008-01-04 00:00:00,CTA(9,21),6881.0,6675.0,6727.414,6877.9802,-150.566245,-0.249956,-0.549055,-0.57213,-1.0,-1.0,-58.5,58.5,-6675.0,336.5
2008-01-07 00:00:00,CTA(9,21),6877.5,6671.5,6744.0902,6877.9573,-133.867151,-0.227677,-0.502622,-0.530179,-1.0,-1.0,-3.5,3.5,-6671.5,340.0
2008-01-08 00:00:00,CTA(9,21),7203.0,6997.0,6795.0802,6893.4356,-98.355394,-0.17222,-0.382286,-0.414125,-1.0,-1.0,325.5,-325.5,-6997.0,14.5
2008-01-09 00:00:00,CTA(9,21),7206.5,7000.5,6840.7935,6908.3434,-67.54991,-0.12049,-0.269008,-0.296837,-1.0,-1.0,3.5,-3.5,-7000.5,11.0
2008-01-10 00:00:00,CTA(9,21),7174.5,6968.5,6877.872,6921.0175,-43.145532,-0.078914,-0.177184,-0.197527,-1.0,-1.0,-32.0,32.0,-6968.5,43.0
2008-01-11 00:00:00,CTA(9,21),7282.0,7076.0,6922.7751,6938.2072,-15.432062,-0.029205,-0.065937,-0.074006,-1.0,-1.0,107.5,-107.5,-7076.0,-64.5
2008-01-14 00:00:00,CTA(9,21),7382.0,7176.0,6973.8001,6959.3402,14.459935,0.028176,0.063963,0.071795,1.0,-1.0,100.0,-100.0,-7176.0,-164.5
2008-01-15 00:00:00,CTA(9,21),7151.5,6942.0,6993.5445,6968.4906,25.053901,0.05046,0.115195,0.129003,1.0,1.0,-234.0,-234.0,6942.0,-398.5
2008-01-16 00:00:00,CTA(9,21),6994.5,6784.0,6993.6507,6969.7292,23.921523,0.050334,0.115552,0.129401,1.0,1.0,-158.0,-158.0,6784.0,-556.5
2008-01-17 00:00:00,CTA(9,21),6996.0,6782.0,6993.9117,6970.9802,22.931566,0.050183,0.115853,0.129736,1.0,1.0,-2.0,-2.0,6782.0,-558.5
2008-01-18 00:00:00,CTA(9,21),7157.0,6944.0,7012.0326,6979.8382,32.194398,0.073049,0.169604,0.1892,1.0,1.0,162.0,162.0,6944.0,-396.5
2008-01-21 00:00:00,CTA(9,21),6889.0,6676.0,6998.3623,6975.5126,22.849735,0.053494,0.124912,0.139804,1.0,1.0,-268.0,-268.0,6676.0,-664.5
2008-01-22 00:00:00,CTA(9,21),7048.0,6835.0,7003.8776,6978.9644,24.91325,0.060481,0.142023,0.158774,1.0,1.0,159.0,159.0,6835.0,-505.5
2008-01-23 00:00:00,CTA(9,21),6904.0,6691.0,6992.7801,6975.3947,17.385467,0.043502,0.102716,0.115107,1.0,1.0,-144.0,-144.0,6691.0,-649.5
2008-01-24 00:00:00,CTA(9,21),7049.0,6836.0,6999.0268,6978.8997,20.127103,0.052246,0.124011,0.138804,1.0,1.0,145.0,145.0,6836.0,-504.5
2008-01-25 00:00:00,CTA(9,21),7039.0,6826.0,7003.4682,6981.7616,21.706652,0.058114,0.138609,0.154994,1.0,1.0,-10.0,-10.0,6826.0,-514.5
2008-01-28 00:00:00,CTA(9,21),7063.5,6850.5,7010.1384,6985.6539,24.484542,0.068319,0.163691,0.182695,1.0,1.0,24.5,24.5,6850.5,-490.0
2008-01-29 00:00:00,CTA(9,21),7304.0,7091.0,7042.7897,7000.8132,41.976488,0.12333,0.296833,0.326254,1.0,1.0,240.5,240.5,7091.0,-249.5
2008-01-30 00:00:00,CTA(9,21),7163.0,6950.0,7056.1464,7008.5364,47.610006,0.148525,0.359036,0.390618,1.0,1.0,-141.0,-141.0,6950.0,-390.5
2008-01-31 00:00:00,CTA(9,21),7354.0,7141.0,7089.2413,7024.9871,64.254201,0.209293,0.507961,0.535089,1.0,1.0,191.0,191.0,7141.0,-199.5
2008-02-01 00:00:00,CTA(9,21),7243.5,7030.5,7106.3811,7035.3924,70.988682,0.243175,0.592429,0.609734,1.0,1.0,-110.5,-110.5,7030.5,-310.0
2008-02-04 00:00:00,CTA(9,21),7263.0,7050.0,7123.7832,7046.2309,77.552324,0.271775,0.664684,0.66874,1.0,1.0,19.5,19.5,7050.0,-290.5
2008-02-05 00:00:00,CTA(9,21),7136.0,6923.0,7125.1406,7050.5056,74.635025,0.267759,0.657569,0.663139,1.0,1.0,-127.0,-127.0,6923.0,-417.5
2008-02-06 00:00:00,CTA(9,21),7340.0,7127.0,7149.0139,7064.2911,84.72284,0.306034,0.754539,0.735322,1.0,1.0,204.0,204.0,7127.0,-213.5
2008-02-07 00:00:00,CTA(9,21),7565.0,7352.0,7195.2346,7088.1343,107.100235,0.382863,0.947305,0.850486,1.0,1.0,225.0,225.0,7352.0,11.5
2008-02-08 00:00:00,CTA(9,21),7740.0,7527.0,7255.7641,7119.1756,136.588504,0.46377,1.150773,0.928577,1.0,1.0,175.0,175.0,7527.0,186.5
2008-02-11 00:00:00,CTA(9,21),7797.0,7584.0,7315.9014,7151.4529,164.448476,0.525396,1.306403,0.958045,1.0,1.0,57.0,57.0,7584.0,243.5
2008-02-12 00:00:00,CTA(9,21),7923.0,7710.0,7383.3568,7188.1933,195.163539,0.578758,1.441067,0.963434,1.0,1.0,126.0,126.0,7710.0,369.5
2008-02-13 00:00:00,CTA(9,21),7812.0,7599.0,7430.9838,7217.8983,213.085478,0.600844,1.497005,0.960544,1.0,1.0,-111.0,-111.0,7599.0,258.5
2008-02-14 00:00:00,CTA(9,21),7700.0,7487.0,7460.8745,7240.8556,220.018943,0.599885,1.495056,0.960693,1.0,1.0,-112.0,-112.0,7487.0,146.5
2008-02-15 00:00:00,CTA(9,21),7752.0,7539.0,7493.2218,7265.1958,228.026009,0.600777,1.497054,0.96054,1.0,1.0,52.0,52.0,7539.0,198.5
2008-02-18 00:00:00,CTA(9,21),8014.0,7801.0,7551.086,7300.8531,250.232911,0.623675,1.552947,0.954829,1.0,1.0,262.0,262.0,7801.0,460.5
2008-02-19 00:00:00,CTA(9,21),8238.0,8007.0,7627.4098,7345.4792,281.930644,0.654561,1.627548,0.943065,1.0,1.0,206.0,206.0,8007.0,666.5
2008-02-20 00:00:00,CTA(9,21),8194.0,7964.0,7690.3643,7385.8849,304.479356,0.670272,1.663741,0.935751,1.0,1.0,-43.0,-43.0,7964.0,623.5
2008-02-21 00:00:00,CTA(9,21),8467.0,8238.0,7776.6571,7437.3666,339.290544,0.696322,1.724577,0.921248,1.0,1.0,274.0,274.0,8238.0,897.5
2008-02-22 00:00:00,CTA(9,21),8366.0,8159.0,7842.1397,7481.5872,360.552446,0.70915,1.751386,0.914025,1.0,1.0,-79.0,-79.0,8159.0,818.5
2008-02-25 00:00:00,CTA(9,21),8229.0,8022.0,7885.1242,7517.1783,367.945843,0.70344,1.731762,0.919361,1.0,1.0,-137.0,-137.0,8022.0,681.5
2008-02-26 00:00:00,CTA(9,21),8315.0,8108.0,7932.8881,7555.1698,377.718317,0.697879,1.712283,0.924394,1.0,1.0,86.0,86.0,8108.0,767.5
2008-02-27 00:00:00,CTA(9,21),8484.0,8277.0,7994.1228,7599.3998,394.72296,0.699701,1.710689,0.924794,1.0,1.0,169.0,169.0,8277.0,936.5
2008-02-28 00:00:00,CTA(9,21),8562.0,8355.0,8057.2203,7645.2379,411.982324,0.703893,1.714787,0.923762,1.0,1.0,78.0,78.0,8355.0,1014.5
2008-02-29 00:00:00,CTA(9,21),8486.0,8279.0,8104.8624,7685.2742,419.588229,0.695702,1.688926,0.930074,1.0,1.0,-76.0,-76.0,8279.0,938.5
2008-03-03 00:00:00,CTA(9,21),8652.0,8445.0,8165.6555,7731.3088,434.346729,0.692934,1.676448,0.932946,1.0,1.0,166.0,166.0,8445.0,1104.5
2008-03-04 00:00:00,CTA(9,21),8483.0,8276.0,8200.916,7767.1036,433.812408,0.673455,1.624285,0.943675,1.0,1.0,-169.0,-169.0,8276.0,935.5
2008-03-05 00:00:00,CTA(9,21),8760.0,8553.0,8263.0365,7814.3844,448.652071,0.672939,1.618093,0.944807,1.0,1.0,277.0,277.0,8553.0,1212.5
2008-03-06 00:00:00,CTA(9,21),8633.0,8426.0,8304.1435,7853.3661,450.777436,0.661559,1.586054,0.950175,1.0,1.0,-127.0,-127.0,8426.0,1085.5
2008-03-07 00:00:00,CTA(9,21),8628.0,8421.0,8340.1276,7890.2534,449.87416,0.648173,1.549564,0.955252,1.0,1.0,-5.0,-5.0,8421.0,1080.5
2008-03-10 00:00:00,CTA(9,21),8393.0,8186.0,8346.0023,7914.1937,431.808561,0.617162,1.471777,0.962205,1.0,1.0,-235.0,-235.0,8186.0,845.5
2008-03-11 00:00:00,CTA(9,21),8352.0,8145.0,8346.6687,7935.0416,411.627056,0.582974,1.3873,0.963428,1.0,1.0,-41.0,-41.0,8145.0,804.5
2008-03-12 00:00:00,CTA(9,21),8494.0,8287.0,8363.0388,7961.6587,401.380136,0.562632,1.33635,0.960807,1.0,1.0,142.0,142.0,8287.0,946.5
2008-03-13 00:00:00,CTA(9,21),8478.0,8271.0,8375.8123,7986.2464,389.565918,0.541712,1.284526,0.955445,1.0,1.0,-16.0,-16.0,8271.0,930.5
2008-03-14 00:00:00,CTA(9,21),8479.0,8272.0,8387.2776,8009.7108,377.566759,0.522835,1.23814,0.948282,1.0,1.0,1.0,1.0,8272.0,931.5
2008-03-17 00:00:00,CTA(9,21),8180.0,7973.0,8364.2468,8017.8199,346.426907,0.485169,1.14814,0.927856,1.0,1.0,-299.0,-299.0,7973.0,632.5
2008-03-18 00:00:00,CTA(9,21),8290.0,8102.0,8355.9971,8030.7808,325.216308,0.459829,1.08789,0.90928,1.0,1.0,129.0,129.0,8102.0,761.5
2008-03-19 00:00:00,CTA(9,21),8053.0,7866.0,8322.3308,8031.8389,290.491905,0.420082,0.994212,0.872506,1.0,1.0,-236.0,-236.0,7866.0,525.5
2008-03-20 00:00:00,CTA(9,21),7922.0,7732.0,8277.8496,8026.6084,251.24113,0.372868,0.883276,0.816582,1.0,1.0,-134.0,-134.0,7732.0,391.5
2008-03-25 00:00:00,CTA(9,21),8166.0,8017.0,8265.4218,8033.2461,232.175707,0.35117,0.833,0.786896,1.0,1.0,285.0,285.0,8017.0,676.5
2008-03-26 00:00:00,CTA(9,21),8269.0,8120.0,8265.8194,8044.4725,221.346905,0.340984,0.810127,0.772512,1.0,1.0,103.0,103.0,8120.0,779.5
2008-03-27 00:00:00,CTA(9,21),8604.0,8455.0,8303.395,8071.1167,232.278359,0.357847,0.8517,0.798248,1.0,1.0,335.0,335.0,8455.0,1114.5
2008-03-28 00:00:00,CTA(9,21),8496.0,8347.0,8324.7956,8091.3492,233.446372,0.360611,0.859773,0.803036,1.0,1.0,-108.0,-108.0,8347.0,1006.5
2008-03-31 00:00:00,CTA(9,21),8483.0,8334.0,8342.3739,8109.9993,232.374602,0.361293,0.862813,0.804821,1.0,1.0,-13.0,-13.0,8334.0,993.5
2008-04-01 00:00:00,CTA(9,21),8444.0,8295.0,8353.6657,8125.9041,227.761599,0.359878,0.860831,0.803658,1.0,1.0,-39.0,-39.0,8295.0,954.5
2008-04-02 00:00:00,CTA(9,21),8653.0,8504.0,8386.925,8151.0039,235.921164,0.376126,0.901114,0.82647,1.0,1.0,209.0,209.0,8504.0,1163.5
2008-04-03 00:00:00,CTA(9,21),8656.5,8507.5,8416.8778,8175.0751,241.802694,0.386446,0.927333,0.840385,1.0,1.0,3.5,3.5,8507.5,1167.0
2008-04-04 00:00:00,CTA(9,21),8783.0,8634.0,8457.558,8204.0239,253.534134,0.40613,0.976308,0.864384,1.0,1.0,126.5,126.5,8634.0,1293.5
2008-04-07 00:00:00,CTA(9,21),8852.0,8703.0,8501.3849,8234.8799,266.505014,0.427866,1.030603,0.887934,1.0,1.0,69.0,69.0,8703.0,1362.5
2008-04-08 00:00:00,CTA(9,21),8660.0,8511.0,8519.0088,8255.1237,263.885097,0.423348,1.021927,0.884387,1.0,1.0,-192.0,-192.0,8511.0,1170.5
2008-04-09 00:00:00,CTA(9,21),8864.0,8715.0,8557.3412,8284.1178,273.223342,0.435605,1.054067,0.897112,1.0,1.0,204.0,204.0,8715.0,1374.5
2008-04-10 00:00:00,CTA(9,21),8761.0,8612.0,8579.9699,8306.8265,273.143426,0.435536,1.056731,0.898116,1.0,1.0,-103.0,-103.0,8612.0,1271.5
2008-04-11 00:00:00,CTA(9,21),8788.0,8639.0,8603.0844,8329.7395,273.344854,0.434768,1.057723,0.898488,1.0,1.0,27.0,27.0,8639.0,1298.5
2008-04-14 00:00:00,CTA(9,21),8702.0,8553.0,8614.075,8347.4662,266.608789,0.423479,1.033109,0.888943,1.0,1.0,-86.0,-86.0,8553.0,1212.5
2008-04-15 00:00:00,CTA(9,21),8498.0,8378.0,8601.1778,8354.6345,246.54329,0.396263,0.969446,0.861179,1.0,1.0,-175.0,-175.0,8378.0,1037.5
2008-04-16 00:00:00,CTA(9,21),8790.0,8671.0,8622.158,8375.3662,246.791846,0.401826,0.985928,0.868792,1.0,1.0,293.0,293.0,8671.0,1330.5
2008-04-17 00:00:00,CTA(9,21),8677.0,8561.0,8628.2516,8389.7297,238.521883,0.39565,0.973656,0.863152,1.0,1.0,-110.0,-110.0,8561.0,1220.5
2008-04-18 00:00:00,CTA(9,21),8635.0,8555.0,8629.0014,8401.4092,227.592169,0.383077,0.945443,0.849563,1.0,1.0,-6.0,-6.0,8555.0,1214.5
2008-04-21 00:00:00,CTA(9,21),8583.5,8503.5,8623.9457,8410.0802,213.865468,0.371806,0.920259,0.836703,1.0,1.0,-51.5,-51.5,8503.5,1163.0
2008-04-22 00:00:00,CTA(9,21),8772.0,8692.0,8640.3962,8427.3145,213.081671,0.378742,0.939998,0.846841,1.0,1.0,188.5,188.5,8692.0,1351.5
2008-04-23 00:00:00,CTA(9,21),8636.0,8556.0,8639.9077,8437.2519,202.655803,0.374543,0.93191,0.842738,1.0,1.0,-136.0,-136.0,8556.0,1215.5
2008-04-24 00:00:00,CTA(9,21),8607.0,8527.0,8636.2513,8445.3352,190.916148,0.3654,0.911281,0.831954,1.0,1.0,-29.0,-29.0,8527.0,1186.5
2008-04-25 00:00:00,CTA(9,21),8660.5,8580.5,8638.9456,8455.5811,183.364503,0.365103,0.912322,0.832509,1.0,1.0,53.5,53.5,8580.5,1240.0
2008-04-28 00:00:00,CTA(9,21),8744.0,8664.0,8650.6183,8469.3153,181.302981,0.376228,0.941654,0.847672,1.0,1.0,83.5,83.5,8664.0,1323.5
2008-04-29 00:00:00,CTA(9,21),8638.0,8558.0,8649.2163,8477.3479,171.868343,0.367928,0.922239,0.83774,1.0,1.0,-106.0,-106.0,8558.0,1217.5
2008-04-30 00:00:00,CTA(9,21),8647.5,8567.5,8649.0256,8485.4504,163.575166,0.36725,0.921855,0.837539,1.0,1.0,9.5,9.5,8567.5,1227.0
2008-05-01 00:00:00,CTA(9,21),8316.0,8236.0,8612.0227,8477.3813,134.641391,0.314948,0.791841,0.760626,1.0,1.0,-331.5,-331.5,8236.0,895.5
2008-05-02 00:00:00,CTA(9,21),8511.5,8431.5,8600.8535,8479.006,121.847501,0.301638,0.759673,0.738888,1.0,1.0,195.5,195.5,8431.5,1091.0
2008-05-06 00:00:00,CTA(9,21),8626.0,8546.0,8603.6476,8486.0058,117.641839,0.309846,0.78174,0.753913,1.0,1.0,114.5,114.5,8546.0,1205.5
2008-05-07 00:00:00,CTA(9,21),8534.0,8454.0,8595.909,8488.2912,107.617777,0.312337,0.789419,0.759026,1.0,1.0,-92.0,-92.0,8454.0,1113.5
2008-05-08 00:00:00,CTA(9,21),8400.5,8320.5,8574.1969,8484.1107,90.086202,0.284931,0.721442,0.711707,1.0,1.0,-133.5,-133.5,8320.5,980.0
2008-05-09 00:00:00,CTA(9,21),8199.0,8119.0,8532.5083,8470.534,61.97436,0.208073,0.527811,0.553148,1.0,1.0,-201.5,-201.5,8119.0,778.5
2008-05-12 00:00:00,CTA(9,21),8361.5,8281.5,8513.5074,8465.3419,48.165529,0.169372,0.430397,0.461707,1.0,1.0,162.5,162.5,8281.5,941.0
2008-05-13 00:00:00,CTA(9,21),8324.0,8244.0,8492.451,8458.6113,33.839716,0.124204,0.316078,0.346383,1.0,1.0,-37.5,-37.5,8244.0,903.5
2008-05-14 00:00:00,CTA(9,21),8223.0,8143.0,8462.512,8447.3917,15.1203,0.056943,0.14509,0.162167,1.0,1.0,-101.0,-101.0,8143.0,802.5
2008-05-15 00:00:00,CTA(9,21),8412.0,8332.0,8456.8996,8445.7064,11.193173,0.044356,0.113129,0.126705,1.0,1.0,189.0,189.0,8332.0,991.5
2008-05-16 00:00:00,CTA(9,21),8563.0,8483.0,8468.6885,8451.2918,17.3967,0.074809,0.190927,0.212579,1.0,1.0,151.0,151.0,8483.0,1142.5
2008-05-19 00:00:00,CTA(9,21),8433.0,8353.0,8464.7231,8450.4208,14.302349,0.067142,0.171429,0.191207,1.0,1.0,-130.0,-130.0,8353.0,1012.5
2008-05-20 00:00:00,CTA(9,21),8383.0,8331.0,8455.6428,8447.2103,8.432515,0.041233,0.105303,0.11799,1.0,1.0,-22.0,-22.0,8331.0,990.5
2008-05-21 00:00:00,CTA(9,21),8299.0,8247.0,8438.238,8440.1526,-1.914606,-0.009414,-0.02404,-0.027007,-1.0,1.0,-84.0,-84.0,8247.0,906.5
2008-05-22 00:00:00,CTA(9,21),8184.0,8134.0,8409.9894,8427.9549,-17.965531,-0.088224,-0.225202,-0.249848,-1.0,-1.0,-113.0,113.0,-8134.0,1019.5
2008-05-23 00:00:00,CTA(9,21),8241.0,8221.0,8391.2128,8419.0523,-27.839512,-0.135003,-0.344343,-0.375602,-1.0,-1.0,87.0,-87.0,-8221.0,932.5
2008-05-27 00:00:00,CTA(9,21),8263.0,8243.0,8376.9669,8411.6212,-34.654313,-0.166869,-0.4252,-0.45664,-1.0,-1.0,22.0,-22.0,-8243.0,910.5
2008-05-28 00:00:00,CTA(9,21),8169.0,8149.0,8353.8595,8400.0678,-46.208355,-0.221041,-0.56245,-0.583911,-1.0,-1.0,-94.0,94.0,-8149.0,1004.5
2008-05-29 00:00:00,CTA(9,21),7963.0,7943.0,8310.4306,8379.2551,-68.824431,-0.315103,-0.799978,-0.765958,-1.0,-1.0,-206.0,206.0,-7943.0,1210.5
2008-05-30 00:00:00,CTA(9,21),8017.0,7997.0,8277.8272,8362.0048,-84.177594,-0.371859,-0.941344,-0.847517,-1.0,-1.0,54.0,-54.0,-7997.0,1156.5
2008-06-02 00:00:00,CTA(9,21),8018.0,7998.0,8248.9575,8345.6236,-96.666104,-0.413963,-1.044382,-0.893397,-1.0,-1.0,1.0,-1.0,-7998.0,1155.5
2008-06-03 00:00:00,CTA(9,21),8004.0,7984.0,8221.74,8329.3558,-107.615816,-0.4468,-1.122951,-0.920571,-1.0,-1.0,-14.0,14.0,-7984.0,1169.5
2008-06-04 00:00:00,CTA(9,21),7990.0,7970.0,8195.9911,8313.196,-117.204906,-0.474621,-1.187949,-0.937964,-1.0,-1.0,-14.0,14.0,-7970.0,1183.5
2008-06-05 00:00:00,CTA(9,21),7927.0,7907.0,8166.1032,8294.8058,-128.702522,-0.503337,-1.254183,-0.951015,-1.0,-1.0,-63.0,63.0,-7907.0,1246.5
2008-06-06 00:00:00,CTA(9,21),8111.0,8091.0,8159.9807,8286.0531,-126.072449,-0.492635,-1.222302,-0.945316,-1.0,-1.0,184.0,-184.0,-8091.0,1062.5
2008-06-09 00:00:00,CTA(9,21),8088.0,8068.0,8151.9828,8276.622,-124.639199,-0.482471,-1.192273,-0.938959,-1.0,-1.0,-23.0,23.0,-8068.0,1085.5
2008-06-10 00:00:00,CTA(9,21),7982.0,7962.0,8133.0958,8262.5924,-129.496558,-0.492372,-1.211761,-0.943195,-1.0,-1.0,-106.0,106.0,-7962.0,1191.5
2008-06-11 00:00:00,CTA(9,21),8047.0,8027.0,8123.5296,8252.3261,-128.796457,-0.482221,-1.182202,-0.93661,-1.0,-1.0,65.0,-65.0,-8027.0,1126.5
2008-06-12 00:00:00,CTA(9,21),7976.0,7956.0,8107.1374,8239.1677,-132.030253,-0.484374,-1.182944,-0.936787,-1.0,-1.0,-71.0,71.0,-7956.0,1197.5
2008-06-13 00:00:00,CTA(9,21),8147.0,8127.0,8111.5666,8234.7788,-123.212142,-0.449256,-1.093525,-0.911185,-1.0,-1.0,171.0,-171.0,-8127.0,1026.5
2008-06-16 00:00:00,CTA(9,21),8289.0,8269.0,8131.2814,8237.3607,-106.079285,-0.386555,-0.938484,-0.846078,-1.0,-1.0,142.0,-142.0,-8269.0,884.5
2008-06-17 00:00:00,CTA(9,21),8178.0,8201.0,8136.4724,8234.534,-98.061633,-0.355831,-0.861961,-0.804322,-1.0,-1.0,-68.0,68.0,-8201.0,952.5
2008-06-18 00:00:00,CTA(9,21),8342.0,8360.0,8159.3088,8239.6514,-80.342659,-0.292871,-0.7083,-0.702032,-1.0,-1.0,159.0,-159.0,-8360.0,793.5
2008-06-19 00:00:00,CTA(9,21),8435.0,8453.0,8189.9411,8248.9538,-59.012614,-0.215339,-0.520269,-0.546322,-1.0,-1.0,93.0,-93.0,-8453.0,700.5
2008-06-20 00:00:00,CTA(9,21),8542.0,8614.0,8229.0588,8262.9083,-33.849546,-0.12488,-0.30157,-0.331226,-1.0,-1.0,161.0,-161.0,-8614.0,539.5
2008-06-23 00:00:00,CTA(9,21),8509.0,8581.0,8260.1634,8274.627,-14.463619,-0.054744,-0.132175,-0.147864,-1.0,-1.0,-33.0,33.0,-8581.0,572.5
2008-06-24 00:00:00,CTA(9,21),8456.0,8528.0,8281.923,8283.2638,-1.340803,-0.005111,-0.012339,-0.013864,-1.0,-1.0,-53.0,53.0,-8528.0,625.5
2008-06-25 00:00:00,CTA(9,21),8427.0,8499.0,8298.0427,8290.1084,7.934283,0.030326,0.073212,0.08215,1.0,-1.0,-29.0,29.0,-8499.0,654.5
2008-06-26 00:00:00,CTA(9,21),8564.0,8636.0,8327.5935,8303.1508,24.442639,0.093567,0.225888,0.25059,1.0,1.0,137.0,137.0,8636.0,791.5
2008-06-27 00:00:00,CTA(9,21),8650.0,8722.0,8363.4164,8319.6675,43.748959,0.166557,0.402062,0.433862,1.0,1.0,86.0,86.0,8722.0,877.5
2008-06-30 00:00:00,CTA(9,21),8638.0,8710.0,8393.9257,8334.8262,59.099553,0.223894,0.540341,0.564388,1.0,1.0,-12.0,-12.0,8710.0,865.5
2008-07-01 00:00:00,CTA(9,21),8749.5,8821.5,8433.434,8354.5725,78.861434,0.295252,0.712224,0.704938,1.0,1.0,111.5,111.5,8821.5,977.0
2008-07-02 00:00:00,CTA(9,21),8865.0,8937.0,8481.3857,8378.8786,102.507146,0.3779,0.910847,0.831722,1.0,1.0,115.5,115.5,8937.0,1092.5
2008-07-03 00:00:00,CTA(9,21),8793.0,8865.0,8516.0096,8398.5987,117.410885,0.429134,1.033388,0.889055,1.0,1.0,-72.0,-72.0,8865.0,1020.5
2008-07-04 00:00:00,CTA(9,21),8620.5,8692.5,8527.6196,8409.1654,118.454204,0.437058,1.051797,0.896251,1.0,1.0,-172.5,-172.5,8692.5,848.0
2008-07-07 00:00:00,CTA(9,21),8561.0,8633.0,8531.3285,8416.3956,114.932918,0.43174,1.03871,0.891173,1.0,1.0,-59.5,-59.5,8633.0,788.5
2008-07-08 00:00:00,CTA(9,21),8345.0,8417.0,8510.6254,8412.9958,97.629539,0.368769,0.887839,0.819144,1.0,1.0,-216.0,-216.0,8417.0,572.5
2008-07-09 00:00:00,CTA(9,21),8361.0,8433.0,8494.0003,8410.5198,83.48049,0.322614,0.777729,0.751218,1.0,1.0,16.0,16.0,8433.0,588.5
2008-07-10 00:00:00,CTA(9,21),8404.0,8476.0,8484.0003,8410.2094,73.790922,0.289426,0.698998,0.695084,1.0,1.0,43.0,43.0,8476.0,631.5
2008-07-11 00:00:00,CTA(9,21),8446.0,8518.0,8479.778,8411.9137,67.864352,0.271052,0.655902,0.661819,1.0,1.0,42.0,42.0,8518.0,673.5
2008-07-14 00:00:00,CTA(9,21),8475.0,8547.0,8479.2471,8414.9178,64.329349,0.259769,0.629922,0.640936,1.0,1.0,29.0,29.0,8547.0,702.5
2008-07-15 00:00:00,CTA(9,21),8251.0,8364.0,8453.8863,8407.1122,46.774164,0.188581,0.458332,0.488633,1.0,1.0,-183.0,-183.0,8364.0,519.5
2008-07-16 00:00:00,CTA(9,21),8204.0,8311.0,8426.1212,8397.4402,28.681023,0.117542,0.286313,0.315174,1.0,1.0,-53.0,-53.0,8311.0,466.5
2008-07-17 00:00:00,CTA(9,21),8294.0,8398.0,8411.4411,8392.5145,18.926613,0.078391,0.191368,0.213061,1.0,1.0,87.0,87.0,8398.0,553.5
2008-07-18 00:00:00,CTA(9,21),8211.0,8380.0,8389.1698,8383.8709,5.298929,0.022064,0.053988,0.060617,1.0,1.0,-18.0,-18.0,8380.0,535.5
2008-07-21 00:00:00,CTA(9,21),8250.0,8419.0,8373.7065,8377.4961,-3.789581,-0.015845,-0.038878,-0.043667,-1.0,1.0,39.0,39.0,8419.0,574.5
2008-07-22 00:00:00,CTA(9,21),8256.0,8425.0,8360.628,8371.7106,-11.082555,-0.047375,-0.116573,-0.130537,-1.0,-1.0,6.0,-6.0,-8425.0,568.5
2008-07-23 00:00:00,CTA(9,21),8207.0,8376.0,8343.5582,8363.8672,-20.308974,-0.087522,-0.215947,-0.239825,-1.0,-1.0,-49.0,49.0,-8376.0,617.5
2008-07-24 00:00:00,CTA(9,21),8032.0,8201.0,8308.9407,8348.064,-39.123356,-0.167726,-0.414633,-0.44628,-1.0,-1.0,-175.0,175.0,-8201.0,792.5
2008-07-25 00:00:00,CTA(9,21),8094.0,8263.0,8285.0584,8335.9657,-50.907365,-0.219591,-0.543509,-0.56721,-1.0,-1.0,62.0,-62.0,-8263.0,730.5
2008-07-28 00:00:00,CTA(9,21),8139.0,8308.0,8268.8297,8326.5864,-57.756751,-0.254263,-0.629729,-0.640778,-1.0,-1.0,45.0,-45.0,-8308.0,685.5
2008-07-29 00:00:00,CTA(9,21),8072.0,8241.0,8246.9597,8314.4632,-67.503551,-0.298908,-0.740429,-0.725386,-1.0,-1.0,-67.0,67.0,-8241.0,752.5
2008-07-30 00:00:00,CTA(9,21),8178.0,8347.0,8239.2975,8307.965,-68.667489,-0.308618,-0.764754,-0.742391,-1.0,-1.0,106.0,-106.0,-8347.0,646.5
2008-07-31 00:00:00,CTA(9,21),8212.0,8381.0,8236.2644,8303.3952,-67.130784,-0.301248,-0.746748,-0.729861,-1.0,-1.0,34.0,-34.0,-8381.0,612.5
2008-08-01 00:00:00,CTA(9,21),8050.0,8219.0,8215.5684,8291.3288,-75.760394,-0.338743,-0.839712,-0.791013,-1.0,-1.0,-162.0,162.0,-8219.0,774.5
2008-08-04 00:00:00,CTA(9,21),7719.0,7888.0,8160.3941,8264.075,-103.680908,-0.44792,-1.108775,-0.916168,-1.0,-1.0,-331.0,331.0,-7888.0,1105.5
2008-08-05 00:00:00,CTA(9,21),7749.0,7918.0,8114.6837,8239.5477,-124.863985,-0.522518,-1.290095,-0.956154,-1.0,-1.0,30.0,-30.0,-7918.0,1075.5
2008-08-06 00:00:00,CTA(9,21),7752.0,7921.0,8074.3855,8216.3311,-141.945615,-0.574043,-1.412515,-0.963778,-1.0,-1.0,3.0,-3.0,-7921.0,1072.5
2008-08-07 00:00:00,CTA(9,21),7802.0,7971.0,8044.1204,8196.6011,-152.480617,-0.600481,-1.471558,-0.962217,-1.0,-1.0,50.0,-50.0,-7971.0,1022.5
2008-08-08 00:00:00,CTA(9,21),7521.0,7690.0,7985.9959,8164.4296,-178.433631,-0.660932,-1.61116,-0.94604,-1.0,-1.0,-281.0,281.0,-7690.0,1303.5
2008-08-11 00:00:00,CTA(9,21),7432.0,7601.0,7924.4408,8129.552,-205.111137,-0.710972,-1.722395,-0.921814,-1.0,-1.0,-89.0,89.0,-7601.0,1392.5
2008-08-12 00:00:00,CTA(9,21),7191.0,7360.0,7842.9474,8084.859,-241.911612,-0.763542,-1.836732,-0.887919,-1.0,-1.0,-241.0,241.0,-7360.0,1633.5
2008-08-13 00:00:00,CTA(9,21),7479.0,7648.0,7802.5088,8056.0086,-253.499783,-0.770524,-1.840436,-0.886686,-1.0,-1.0,288.0,-288.0,-7648.0,1345.5
2008-08-14 00:00:00,CTA(9,21),7440.0,7609.0,7762.2301,8026.6748,-264.444797,-0.779541,-1.848989,-0.883806,-1.0,-1.0,-39.0,39.0,-7609.0,1384.5
2008-08-15 00:00:00,CTA(9,21),7438.0,7607.0,7726.2045,7998.6427,-272.438223,-0.777708,-1.833553,-0.888972,-1.0,-1.0,-2.0,2.0,-7607.0,1386.5
2008-08-18 00:00:00,CTA(9,21),7435.0,7604.0,7693.8484,7971.8026,-277.954148,-0.76992,-1.805969,-0.897852,-1.0,-1.0,-3.0,3.0,-7604.0,1389.5
2008-08-19 00:00:00,CTA(9,21),7634.0,7809.0,7687.1986,7955.7167,-268.518137,-0.733077,-1.713164,-0.924172,-1.0,-1.0,205.0,-205.0,-7809.0,1184.5
2008-08-20 00:00:00,CTA(9,21),7584.0,7754.0,7675.7321,7938.0159,-262.283852,-0.703424,-1.639791,-0.940705,-1.0,-1.0,-55.0,55.0,-7754.0,1239.5
2008-08-21 00:00:00,CTA(9,21),7939.0,8103.0,7704.9841,7938.0628,-233.078722,-0.624266,-1.453927,-0.963027,-1.0,-1.0,349.0,-349.0,-8103.0,890.5
2008-08-22 00:00:00,CTA(9,21),7740.0,7945.0,7708.8747,7928.6312,-219.756503,-0.584356,-1.360448,-0.962369,-1.0,-1.0,-158.0,158.0,-7945.0,1048.5
2008-08-26 00:00:00,CTA(9,21),7655.0,7860.0,7702.8887,7915.6012,-212.712526,-0.559067,-1.301212,-0.957473,-1.0,-1.0,-85.0,85.0,-7860.0,1133.5
2008-08-27 00:00:00,CTA(9,21),7724.0,7929.0,7705.2344,7906.4773,-201.242956,-0.525245,-1.222528,-0.945361,-1.0,-1.0,69.0,-69.0,-7929.0,1064.5
2008-08-28 00:00:00,CTA(9,21),7592.0,7797.0,7692.6528,7891.5022,-198.849442,-0.511934,-1.19135,-0.938749,-1.0,-1.0,-132.0,132.0,-7797.0,1196.5
2008-08-29 00:00:00,CTA(9,21),7556.0,7761.0,7677.4691,7875.5259,-198.056787,-0.502309,-1.168443,-0.933225,-1.0,-1.0,-36.0,36.0,-7761.0,1232.5
2008-09-01 00:00:00,CTA(9,21),7337.0,7542.0,7639.6392,7849.8818,-210.242599,-0.518514,-1.204875,-0.941744,-1.0,-1.0,-219.0,219.0,-7542.0,1451.5
2008-09-02 00:00:00,CTA(9,21),7303.0,7508.0,7602.2349,7823.8398,-221.604966,-0.531395,-1.233059,-0.947359,-1.0,-1.0,-34.0,34.0,-7508.0,1485.5
2008-09-03 00:00:00,CTA(9,21),7404.0,7609.0,7580.2088,7803.8475,-223.638689,-0.526156,-1.219182,-0.944701,-1.0,-1.0,101.0,-101.0,-7609.0,1384.5
2008-09-04 00:00:00,CTA(9,21),7272.0,7477.0,7545.9634,7778.5214,-232.558038,-0.532829,-1.233011,-0.947351,-1.0,-1.0,-132.0,132.0,-7477.0,1516.5
2008-09-05 00:00:00,CTA(9,21),6935.0,7140.0,7478.0785,7738.3537,-260.27517,-0.567807,-1.311584,-0.958588,-1.0,-1.0,-337.0,337.0,-7140.0,1853.5
2008-09-08 00:00:00,CTA(9,21),6991.0,7196.0,7423.9587,7702.7654,-278.806736,-0.584873,-1.348408,-0.961662,-1.0,-1.0,56.0,-56.0,-7196.0,1797.5
2008-09-09 00:00:00,CTA(9,21),6856.0,7061.0,7360.8522,7662.4433,-301.591094,-0.605007,-1.391939,-0.963539,-1.0,-1.0,-135.0,135.0,-7061.0,1932.5
2008-09-10 00:00:00,CTA(9,21),6870.0,7075.0,7306.313,7624.7079,-318.394831,-0.614348,-1.409734,-0.96377,-1.0,-1.0,14.0,-14.0,-7075.0,1918.5
2008-09-11 00:00:00,CTA(9,21),6966.0,7171.0,7268.5005,7593.3408,-324.84035,-0.609242,-1.394103,-0.963584,-1.0,-1.0,96.0,-96.0,-7171.0,1822.5
2008-09-12 00:00:00,CTA(9,21),7170.0,7375.0,7257.556,7573.1817,-315.625761,-0.58384,-1.332214,-0.96048,-1.0,-1.0,204.0,-204.0,-7375.0,1618.5
2008-09-15 00:00:00,CTA(9,21),6983.0,7188.0,7227.0498,7545.0779,-318.028089,-0.575112,-1.308442,-0.958262,-1.0,-1.0,-187.0,187.0,-7188.0,1805.5
2008-09-16 00:00:00,CTA(9,21),6927.0,7107.0,7193.7109,7515.6456,-321.934673,-0.570521,-1.294114,-0.956645,-1.0,-1.0,-81.0,81.0,-7107.0,1886.5
2008-09-17 00:00:00,CTA(9,21),6810.0,6990.0,7151.0764,7482.0434,-330.967047,-0.574166,-1.298303,-0.95714,-1.0,-1.0,-117.0,117.0,-6990.0,2003.5
2008-09-18 00:00:00,CTA(9,21),6784.0,6977.0,7110.2901,7448.8032,-338.513147,-0.577624,-1.301832,-0.957542,-1.0,-1.0,-13.0,13.0,-6977.0,2016.5
2008-09-19 00:00:00,CTA(9,21),7096.0,7307.0,7108.7023,7432.0031,-323.300781,-0.550485,-1.23705,-0.948086,-1.0,-1.0,330.0,-330.0,-7307.0,1686.5
2008-09-22 00:00:00,CTA(9,21),7286.0,7497.0,7128.4021,7425.0506,-296.648509,-0.506676,-1.135992,-0.924429,-1.0,-1.0,190.0,-190.0,-7497.0,1496.5
2008-09-23 00:00:00,CTA(9,21),7006.0,7217.0,7114.8018,7405.0958,-290.293949,-0.493279,-1.10394,-0.914615,-1.0,-1.0,-280.0,280.0,-7217.0,1776.5
2008-09-24 00:00:00,CTA(9,21),6943.5,7154.5,7095.7683,7383.115,-287.346734,-0.487685,-1.089888,-0.909959,-1.0,-1.0,-62.5,62.5,-7154.5,1839.0
2008-09-25 00:00:00,CTA(9,21),6979.5,7190.5,7082.8496,7363.8953,-281.045669,-0.479648,-1.070828,-0.903299,-1.0,-1.0,36.0,-36.0,-7190.5,1803.0
2008-09-26 00:00:00,CTA(9,21),6829.0,7040.0,7054.6441,7338.4241,-283.779976,-0.485039,-1.082116,-0.907292,-1.0,-1.0,-150.5,150.5,-7040.0,1953.5
2008-09-29 00:00:00,CTA(9,21),6477.0,6688.0,6990.4614,7297.4039,-306.942459,-0.520723,-1.160951,-0.931296,-1.0,-1.0,-352.0,352.0,-6688.0,2305.5
2008-09-30 00:00:00,CTA(9,21),6401.0,6612.0,6924.9657,7254.718,-329.752272,-0.558592,-1.244652,-0.949424,-1.0,-1.0,-76.0,76.0,-6612.0,2381.5
2008-10-01 00:00:00,CTA(9,21),6192.0,6403.0,6843.5251,7204.1123,-360.587287,-0.602664,-1.342107,-0.961233,-1.0,-1.0,-209.0,209.0,-6403.0,2590.5
2008-10-02 00:00:00,CTA(9,21),5883.0,6094.0,6736.8001,7141.2022,-404.402182,-0.651322,-1.449804,-0.963174,-1.0,-1.0,-309.0,309.0,-6094.0,2899.5
2008-10-03 00:00:00,CTA(9,21),6080.0,6291.0,6663.8223,7090.6688,-426.846526,-0.673529,-1.498719,-0.96041,-1.0,-1.0,197.0,-197.0,-6291.0,2702.5
2008-10-06 00:00:00,CTA(9,21),5649.0,5860.0,6551.0642,7022.0179,-470.953661,-0.707009,-1.572572,-0.952182,-1.0,-1.0,-431.0,431.0,-5860.0,3133.5
2008-10-07 00:00:00,CTA(9,21),5727.0,5938.0,6459.5015,6960.3504,-500.848835,-0.724997,-1.611212,-0.94603,-1.0,-1.0,78.0,-78.0,-5938.0,3055.5
2008-10-08 00:00:00,CTA(9,21),5296.0,5507.0,6330.2236,6881.0956,-550.872004,-0.75548,-1.676883,-0.932847,-1.0,-1.0,-431.0,431.0,-5507.0,3486.5
2008-10-09 00:00:00,CTA(9,21),5375.0,5586.0,6224.0876,6809.3768,-585.289121,-0.772106,-1.711626,-0.924559,-1.0,-1.0,79.0,-79.0,-5586.0,3407.5
2008-10-10 00:00:00,CTA(9,21),4869.5,5080.5,6073.5779,6717.0017,-643.423775,-0.80017,-1.770879,-0.90847,-1.0,-1.0,-505.5,505.5,-5080.5,3913.0
2008-10-13 00:00:00,CTA(9,21),5194.0,5405.0,5975.847,6644.4778,-668.630764,-0.800634,-1.768821,-0.909068,-1.0,-1.0,324.5,-324.5,-5405.0,3588.5
2008-10-14 00:00:00,CTA(9,21),5295.0,5599.0,5900.1974,6580.2169,-680.019587,-0.791125,-1.745139,-0.915752,-1.0,-1.0,194.0,-194.0,-5599.0,3394.5
2008-10-15 00:00:00,CTA(9,21),4914.0,5218.0,5790.6199,6500.8733,-710.253407,-0.795392,-1.751505,-0.913992,-1.0,-1.0,-381.0,381.0,-5218.0,3775.5
2008-10-16 00:00:00,CTA(9,21),4644.5,4948.5,5663.2732,6412.4746,-749.201331,-0.801812,-1.761977,-0.911038,-1.0,-1.0,-269.5,269.5,-4948.5,4045.0
2008-10-17 00:00:00,CTA(9,21),4806.5,5102.5,5568.0762,6335.9996,-767.923377,-0.796805,-1.746855,-0.91528,-1.0,-1.0,154.0,-154.0,-5102.5,3891.0
2008-10-20 00:00:00,CTA(9,21),4706.0,5002.0,5472.29,6258.3805,-786.090594,-0.791915,-1.731704,-0.919376,-1.0,-1.0,-100.5,100.5,-5002.0,3991.5
2008-10-21 00:00:00,CTA(9,21),4479.0,4775.0,5361.9244,6173.6481,-811.723737,-0.790526,-1.723657,-0.921487,-1.0,-1.0,-227.0,227.0,-4775.0,4218.5
2008-10-22 00:00:00,CTA(9,21),4141.5,4437.5,5226.3217,6076.8792,-850.557489,-0.792827,-1.723223,-0.9216,-1.0,-1.0,-337.5,337.5,-4437.5,4556.0
2008-10-23 00:00:00,CTA(9,21),4038.0,4334.0,5094.2859,5979.7897,-885.503748,-0.79326,-1.718253,-0.92288,-1.0,-1.0,-103.5,103.5,-4334.0,4659.5
2008-10-24 00:00:00,CTA(9,21),3764.0,4060.0,4946.4764,5874.2759,-927.799503,-0.796916,-1.71999,-0.922434,-1.0,-1.0,-274.0,274.0,-4060.0,4933.5
2008-10-27 00:00:00,CTA(9,21),4016.0,4312.0,4843.0901,5785.7866,-942.69644,-0.786681,-1.692073,-0.929332,-1.0,-1.0,252.0,-252.0,-4312.0,4681.5
2008-10-28 00:00:00,CTA(9,21),4127.5,4423.5,4763.5801,5706.8205,-943.240428,-0.771755,-1.654575,-0.937699,-1.0,-1.0,111.5,-111.5,-4423.5,4570.0
2008-10-29 00:00:00,CTA(9,21),4650.0,4946.0,4750.9601,5656.4958,-905.535653,-0.737968,-1.5775,-0.951466,-1.0,-1.0,522.5,-522.5,-4946.0,4047.5
2008-10-30 00:00:00,CTA(9,21),4194.0,4490.0,4689.0756,5586.8531,-897.777454,-0.721181,-1.537275,-0.956707,-1.0,-1.0,-456.0,456.0,-4490.0,4503.5
2008-10-31 00:00:00,CTA(9,21),4097.0,4393.0,4623.2895,5515.9077,-892.618251,-0.703675,-1.495791,-0.960637,-1.0,-1.0,-97.0,97.0,-4393.0,4600.5
2008-11-03 00:00:00,CTA(9,21),4089.0,4385.0,4563.924,5447.9597,-884.03576,-0.685933,-1.454177,-0.963017,-1.0,-1.0,-8.0,8.0,-4385.0,4608.5
2008-11-04 00:00:00,CTA(9,21),4301.0,4597.0,4534.7102,5393.3426,-858.632405,-0.66015,-1.396123,-0.963621,-1.0,-1.0,212.0,-212.0,-4597.0,4396.5
2008-11-05 00:00:00,CTA(9,21),4066.5,4362.5,4482.6868,5330.1596,-847.472779,-0.644471,-1.359914,-0.962341,-1.0,-1.0,-234.5,234.5,-4362.5,4631.0
2008-11-06 00:00:00,CTA(9,21),3789.0,4085.0,4405.6105,5256.7711,-851.160541,-0.635634,-1.338503,-0.96097,-1.0,-1.0,-277.5,277.5,-4085.0,4908.5
2008-11-07 00:00:00,CTA(9,21),3734.5,4030.5,4331.0427,5184.282,-853.239279,-0.625967,-1.315778,-0.959008,-1.0,-1.0,-54.5,54.5,-4030.5,4963.0
2008-11-10 00:00:00,CTA(9,21),3847.0,4143.0,4277.2602,5120.6019,-843.341706,-0.609022,-1.278434,-0.954633,-1.0,-1.0,112.5,-112.5,-4143.0,4850.5
2008-11-11 00:00:00,CTA(9,21),3606.0,3902.0,4202.6757,5048.478,-845.80227,-0.601631,-1.261766,-0.952212,-1.0,-1.0,-241.0,241.0,-3902.0,5091.5
2008-11-12 00:00:00,CTA(9,21),3587.0,3883.0,4134.2673,4978.8838,-844.616492,-0.592662,-1.242372,-0.949029,-1.0,-1.0,-19.0,19.0,-3883.0,5110.5
2008-11-13 00:00:00,CTA(9,21),3636.0,3932.0,4078.9043,4914.9369,-836.032678,-0.580454,-1.216639,-0.944191,-1.0,-1.0,49.0,-49.0,-3932.0,5061.5
2008-11-14 00:00:00,CTA(9,21),3781.0,4077.0,4045.8038,4860.9399,-815.136154,-0.562369,-1.179158,-0.935879,-1.0,-1.0,145.0,-145.0,-4077.0,4916.5
2008-11-17 00:00:00,CTA(9,21),3609.0,3905.0,3997.27,4801.3238,-804.053721,-0.552168,-1.158469,-0.930643,-1.0,-1.0,-172.0,172.0,-3905.0,5088.5
2008-11-18 00:00:00,CTA(9,21),3716.0,4012.0,3966.0178,4749.6417,-783.623863,-0.537206,-1.128299,-0.922176,-1.0,-1.0,107.0,-107.0,-4012.0,4981.5
2008-11-19 00:00:00,CTA(9,21),3557.0,3853.0,3920.5714,4692.8492,-772.277826,-0.531275,-1.117325,-0.91885,-1.0,-1.0,-159.0,159.0,-3853.0,5140.5
2008-11-20 00:00:00,CTA(9,21),3451.0,3745.0,3868.3968,4633.7135,-765.316747,-0.526845,-1.109883,-0.91652,-1.0,-1.0,-108.0,108.0,-3745.0,5248.5
2008-11-21 00:00:00,CTA(9,21),3518.0,3795.0,3829.4638,4580.5843,-751.120507,-0.518364,-1.094087,-0.911373,-1.0,-1.0,50.0,-50.0,-3795.0,5198.5
2008-11-24 00:00:00,CTA(9,21),3733.0,4010.0,3818.7456,4540.2232,-721.477551,-0.502318,-1.062264,-0.900176,-1.0,-1.0,215.0,-215.0,-4010.0,4983.5
2008-11-25 00:00:00,CTA(9,21),3676.0,3953.0,3802.885,4499.0697,-696.18469,-0.488514,-1.034984,-0.889694,-1.0,-1.0,-57.0,57.0,-3953.0,5040.5
2008-11-26 00:00:00,CTA(9,21),3735.5,4012.5,3795.3978,4462.7092,-667.31145,-0.472963,-1.003933,-0.87677,-1.0,-1.0,59.5,-59.5,-4012.5,4981.0
2008-11-27 00:00:00,CTA(9,21),3676.5,3953.5,3782.1869,4425.2707,-643.083778,-0.459167,-0.976389,-0.864422,-1.0,-1.0,-59.0,59.0,-3953.5,5040.0
2008-11-28 00:00:00,CTA(9,21),3604.5,3881.5,3762.4439,4386.1864,-623.742449,-0.448815,-0.955816,-0.854659,-1.0,-1.0,-72.0,72.0,-3881.5,5112.0
2008-12-01 00:00:00,CTA(9,21),3577.0,3854.0,3741.839,4347.6537,-605.814645,-0.440858,-0.939954,-0.846819,-1.0,-1.0,-27.5,27.5,-3854.0,5139.5
2008-12-02 00:00:00,CTA(9,21),3540.5,3817.5,3719.468,4309.2178,-589.749759,-0.433677,-0.925594,-0.839485,-1.0,-1.0,-36.5,36.5,-3817.5,5176.0
2008-12-03 00:00:00,CTA(9,21),3429.0,3706.0,3687.1938,4267.3027,-580.108852,-0.428661,-0.915764,-0.834337,-1.0,-1.0,-111.5,111.5,-3706.0,5287.5
2008-12-04 00:00:00,CTA(9,21),3252.5,3529.5,3638.8945,4218.9787,-580.084227,-0.430847,-0.921216,-0.837205,-1.0,-1.0,-176.5,176.5,-3529.5,5464.0
2008-12-05 00:00:00,CTA(9,21),3028.5,3305.5,3571.0729,4162.2893,-591.216375,-0.439648,-0.940665,-0.847176,-1.0,-1.0,-224.0,224.0,-3305.5,5688.0
2008-12-08 00:00:00,CTA(9,21),3294.0,3571.0,3540.287,4120.9421,-580.655143,-0.435055,-0.931249,-0.842399,-1.0,-1.0,265.5,-265.5,-3571.0,5422.5
2008-12-09 00:00:00,CTA(9,21),3175.5,3452.5,3499.7551,4075.9211,-576.165978,-0.43592,-0.933361,-0.843479,-1.0,-1.0,-118.5,118.5,-3452.5,5541.0
2008-12-10 00:00:00,CTA(9,21),3275.5,3552.5,3474.8379,4037.8058,-562.967923,-0.433712,-0.928774,-0.841128,-1.0,-1.0,100.0,-100.0,-3552.5,5441.0
2008-12-11 00:00:00,CTA(9,21),3287.0,3564.0,3453.967,4002.0531,-548.086141,-0.429398,-0.919626,-0.836371,-1.0,-1.0,11.5,-11.5,-3564.0,5429.5
2008-12-12 00:00:00,CTA(9,21),3143.5,3420.5,3419.4707,3961.1697,-541.698992,-0.431339,-0.923889,-0.838599,-1.0,-1.0,-143.5,143.5,-3420.5,5573.0
2008-12-15 00:00:00,CTA(9,21),3126.0,3403.0,3386.8628,3921.3997,-534.536861,-0.432508,-0.926484,-0.839946,-1.0,-1.0,-17.5,17.5,-3403.0,5590.5
2008-12-16 00:00:00,CTA(9,21),3047.0,3322.5,3349.1003,3879.7616,-530.661316,-0.436756,-0.935713,-0.844676,-1.0,-1.0,-80.5,80.5,-3322.5,5671.0
2008-12-17 00:00:00,CTA(9,21),3000.0,3273.5,3310.3114,3837.8682,-527.556827,-0.446763,-0.957255,-0.855357,-1.0,-1.0,-49.0,49.0,-3273.5,5720.0
2008-12-18 00:00:00,CTA(9,21),2860.5,3133.5,3260.3323,3791.3268,-530.994525,-0.467026,-1.0006,-0.875319,-1.0,-1.0,-140.0,140.0,-3133.5,5860.0
2008-12-19 00:00:00,CTA(9,21),2911.0,3172.0,3221.5176,3749.4065,-527.888901,-0.480928,-1.030156,-0.887753,-1.0,-1.0,38.5,-38.5,-3172.0,5821.5
2008-12-22 00:00:00,CTA(9,21),2939.0,3200.0,3190.1268,3710.8157,-520.688961,-0.49359,-1.056756,-0.898125,-1.0,-1.0,28.0,-28.0,-3200.0,5793.5
2008-12-23 00:00:00,CTA(9,21),2848.0,3109.0,3152.1127,3669.7293,-517.616584,-0.514296,-1.100193,-0.913395,-1.0,-1.0,-91.0,91.0,-3109.0,5884.5
2008-12-24 00:00:00,CTA(9,21),2823.0,3084.0,3115.5446,3629.4088,-513.864219,-0.535998,-1.145378,-0.92709,-1.0,-1.0,-25.0,25.0,-3084.0,5909.5
2008-12-29 00:00:00,CTA(9,21),2881.5,3142.5,3089.5397,3593.7941,-504.254469,-0.548583,-1.170853,-0.933833,-1.0,-1.0,58.5,-58.5,-3142.5,5851.0
2008-12-30 00:00:00,CTA(9,21),2891.5,3152.5,3067.5352,3560.3515,-492.816298,-0.561672,-1.19716,-0.94006,-1.0,-1.0,10.0,-10.0,-3152.5,5841.0
2008-12-31 00:00:00,CTA(9,21),3049.25,3310.25,3065.5036,3536.0134,-470.509824,-0.56242,-1.197012,-0.940027,-1.0,-1.0,157.75,-157.75,-3310.25,5683.25
2009-01-02 00:00:00,CTA(9,21),3207.0,3468.0,3081.2254,3520.3461,-439.120693,-0.547695,-1.164055,-0.932102,-1.0,-1.0,157.75,-157.75,-3468.0,5525.5
2009-01-05 00:00:00,CTA(9,21),3158.5,3419.5,3089.8115,3503.1153,-413.303858,-0.547743,-1.162508,-0.931702,-1.0,-1.0,-48.5,48.5,-3419.5,5574.0
2009-01-06 00:00:00,CTA(9,21),3359.5,3620.5,3119.7768,3496.2765,-376.49964,-0.52351,-1.109642,-0.916443,-1.0,-1.0,201.0,-201.0,-3620.5,5373.0
2009-01-07 00:00:00,CTA(9,21),3311.25,3572.25,3141.0516,3487.4657,-346.41406,-0.51179,-1.083497,-0.90777,-1.0,-1.0,-48.25,48.25,-3572.25,5421.25
2009-01-08 00:00:00,CTA(9,21),3165.25,3426.25,3143.7403,3472.1221,-328.381748,-0.50467,-1.067239,-0.902,-1.0,-1.0,-146.0,146.0,-3426.25,5567.25
2009-01-09 00:00:00,CTA(9,21),3370.75,3631.75,3168.9636,3467.2949,-298.331211,-0.484353,-1.023367,-0.884982,-1.0,-1.0,205.5,-205.5,-3631.75,5361.75
2009-01-12 00:00:00,CTA(9,21),3211.75,3472.75,3173.7177,3455.126,-281.408369,-0.469543,-0.99145,-0.871276,-1.0,-1.0,-159.0,159.0,-3472.75,5520.75
2009-01-13 00:00:00,CTA(9,21),3336.75,3597.75,3191.8324,3449.4891,-257.656712,-0.454461,-0.959169,-0.856282,-1.0,-1.0,125.0,-125.0,-3597.75,5395.75
2009-01-14 00:00:00,CTA(9,21),3254.0,3515.0,3198.7399,3440.1801,-241.440194,-0.458493,-0.967235,-0.860135,-1.0,-1.0,-82.75,82.75,-3515.0,5478.5
2009-01-15 00:00:00,CTA(9,21),3248.5,3509.5,3204.2688,3431.0525,-226.78367,-0.453482,-0.95627,-0.85488,-1.0,-1.0,-5.5,5.5,-3509.5,5484.0
2009-01-16 00:00:00,CTA(9,21),3323.5,3584.5,3217.5167,3425.9309,-208.414213,-0.433026,-0.912948,-0.832842,-1.0,-1.0,75.0,-75.0,-3584.5,5409.0
2009-01-19 00:00:00,CTA(9,21),3397.5,3658.5,3237.5149,3424.5771,-187.062216,-0.412524,-0.86958,-0.80876,-1.0,-1.0,74.0,-74.0,-3658.5,5335.0
2009-01-20 00:00:00,CTA(9,21),3319.5,3581.0,3246.6243,3419.5734,-172.949085,-0.404273,-0.852111,-0.798494,-1.0,-1.0,-77.5,77.5,-3581.0,5412.5
2009-01-21 00:00:00,CTA(9,21),3196.5,3458.5,3241.0549,3408.9509,-167.89591,-0.409057,-0.862059,-0.804379,-1.0,-1.0,-122.5,122.5,-3458.5,5535.0
2009-01-22 00:00:00,CTA(9,21),3064.75,3327.0,3221.4655,3392.5603,-171.094832,-0.422811,-0.890891,-0.820845,-1.0,-1.0,-131.5,131.5,-3327.0,5666.5
2009-01-23 00:00:00,CTA(9,21),3226.75,3477.25,3222.0527,3384.6646,-162.611935,-0.407756,-0.859111,-0.802646,-1.0,-1.0,150.25,-150.25,-3477.25,5516.25
2009-01-26 00:00:00,CTA(9,21),3529.0,3779.5,3256.1579,3391.5377,-135.379791,-0.34112,-0.718881,-0.709835,-1.0,-1.0,302.25,-302.25,-3779.5,5214.0
2009-01-27 00:00:00,CTA(9,21),3283.0,3533.5,3259.1404,3386.3693,-127.228876,-0.325836,-0.687049,-0.686036,-1.0,-1.0,-246.0,246.0,-3533.5,5460.0
2009-01-28 00:00:00,CTA(9,21),3302.5,3553.0,3263.9581,3382.3755,-118.417366,-0.311278,-0.656836,-0.662559,-1.0,-1.0,19.5,-19.5,-3553.0,5440.5
2009-01-29 00:00:00,CTA(9,21),3201.5,3452.0,3257.0183,3373.7624,-116.744039,-0.336402,-0.710611,-0.703746,-1.0,-1.0,-101.0,101.0,-3452.0,5541.5
2009-01-30 00:00:00,CTA(9,21),3125.75,3376.25,3242.433,3361.9523,-119.519296,-0.358742,-0.758764,-0.738259,-1.0,-1.0,-75.75,75.75,-3376.25,5617.25
2009-02-02 00:00:00,CTA(9,21),3146.75,3397.25,3231.8015,3351.7045,-119.903009,-0.373105,-0.790307,-0.759613,-1.0,-1.0,21.0,-21.0,-3397.25,5596.25
2009-02-03 00:00:00,CTA(9,21),3344.5,3595.0,3244.3236,3351.3615,-107.037883,-0.347965,-0.738203,-0.723801,-1.0,-1.0,197.75,-197.75,-3595.0,5398.5
2009-02-04 00:00:00,CTA(9,21),3386.0,3636.5,3260.0654,3353.0109,-92.945512,-0.328896,-0.699119,-0.695175,-1.0,-1.0,41.5,-41.5,-3636.5,5357.0
2009-02-05 00:00:00,CTA(9,21),3300.25,3550.75,3264.5304,3350.4985,-85.968132,-0.322343,-0.687082,-0.686061,-1.0,-1.0,-85.75,85.75,-3550.75,5442.75
2009-02-06 00:00:00,CTA(9,21),3510.0,3760.5,3291.8048,3358.0938,-66.289037,-0.253875,-0.543221,-0.566954,-1.0,-1.0,209.75,-209.75,-3760.5,5233.0
2009-02-09 00:00:00,CTA(9,21),3547.25,3797.75,3320.1876,3367.1012,-46.913671,-0.182297,-0.391908,-0.423758,-1.0,-1.0,37.25,-37.25,-3797.75,5195.75
2009-02-10 00:00:00,CTA(9,21),3450.0,3700.5,3334.6112,3371.0488,-36.437627,-0.146413,-0.316504,-0.346827,-1.0,-1.0,-97.25,97.25,-3700.5,5293.0
2009-02-11 00:00:00,CTA(9,21),3423.25,3673.75,3344.4599,3373.5346,-29.074639,-0.117989,-0.256571,-0.283577,-1.0,-1.0,-26.75,26.75,-3673.75,5319.75
2009-02-12 00:00:00,CTA(9,21),3378.0,3628.5,3348.1866,3373.7472,-25.560604,-0.104762,-0.229176,-0.254142,-1.0,-1.0,-45.25,45.25,-3628.5,5365.0
2009-02-13 00:00:00,CTA(9,21),3392.5,3643.0,3353.1103,3374.6402,-21.529883,-0.089503,-0.19699,-0.2192,-1.0,-1.0,14.5,-14.5,-3643.0,5350.5
2009-02-16 00:00:00,CTA(9,21),3290.75,3541.25,3346.1814,3370.6454,-24.464036,-0.105204,-0.233077,-0.258352,-1.0,-1.0,-101.75,101.75,-3541.25,5452.25
2009-02-17 00:00:00,CTA(9,21),3158.75,3409.0,3325.3557,3360.5552,-35.199487,-0.153341,-0.342219,-0.373421,-1.0,-1.0,-132.25,132.25,-3409.0,5584.5
2009-02-18 00:00:00,CTA(9,21),3209.0,3459.0,3312.4273,3353.3383,-40.910983,-0.183459,-0.412634,-0.444312,-1.0,-1.0,50.0,-50.0,-3459.0,5534.5
2009-02-19 00:00:00,CTA(9,21),3265.25,3515.0,3307.1854,3349.1436,-41.958223,-0.19063,-0.4324,-0.463656,-1.0,-1.0,56.0,-56.0,-3515.0,5478.5
2009-02-20 00:00:00,CTA(9,21),3125.25,3362.0,3286.9703,3338.482,-51.511664,-0.234496,-0.536665,-0.561104,-1.0,-1.0,-153.0,153.0,-3362.0,5631.5
2009-02-23 00:00:00,CTA(9,21),3205.75,3442.5,3277.9458,3332.1614,-54.215573,-0.249342,-0.57582,-0.595521,-1.0,-1.0,80.5,-80.5,-3442.5,5551.0
2009-02-24 00:00:00,CTA(9,21),3259.5,3496.25,3275.8963,3328.7013,-52.805043,-0.252749,-0.589063,-0.606872,-1.0,-1.0,53.75,-53.75,-3496.25,5497.25
2009-02-25 00:00:00,CTA(9,21),3385.75,3622.5,3288.1023,3331.4179,-43.315678,-0.213809,-0.50304,-0.530564,-1.0,-1.0,126.25,-126.25,-3622.5,5371.0
2009-02-26 00:00:00,CTA(9,21),3477.0,3713.75,3309.0909,3338.3504,-29.25952,-0.149984,-0.356324,-0.387855,-1.0,-1.0,91.25,-91.25,-3713.75,5279.75
2009-02-27 00:00:00,CTA(9,21),3426.5,3663.25,3322.1364,3342.548,-20.411663,-0.108213,-0.259591,-0.286802,-1.0,-1.0,-50.5,50.5,-3663.25,5330.25
2009-03-02 00:00:00,CTA(9,21),3362.25,3599.0,3326.5934,3343.4862,-16.892781,-0.092048,-0.222996,-0.247462,-1.0,-1.0,-64.25,64.25,-3599.0,5394.5
2009-03-03 00:00:00,CTA(9,21),3520.0,3756.75,3348.083,3351.8916,-3.808581,-0.020931,-0.051183,-0.057472,-1.0,-1.0,157.75,-157.75,-3756.75,5236.75
2009-03-04 00:00:00,CTA(9,21),3728.0,3964.75,3390.296,3369.8016,20.494491,0.108774,0.268296,0.296079,1.0,-1.0,208.0,-208.0,-3964.75,5028.75
2009-03-05 00:00:00,CTA(9,21),3665.5,3902.25,3420.8743,3383.8824,36.99183,0.1902,0.472792,0.502355,1.0,1.0,-62.5,-62.5,3902.25,4966.25
2009-03-06 00:00:00,CTA(9,21),3698.25,3935.0,3451.6938,3398.8523,52.841473,0.26065,0.652312,0.658971,1.0,1.0,32.75,32.75,3935.0,4999.0
2009-03-09 00:00:00,CTA(9,21),3584.75,3821.5,3466.4778,3407.7046,58.773226,0.286738,0.7218,0.711968,1.0,1.0,-113.5,-113.5,3821.5,4885.5
2009-03-10 00:00:00,CTA(9,21),3692.25,3929.0,3491.5636,3421.2544,70.309243,0.331565,0.838427,0.790228,1.0,1.0,107.5,107.5,3929.0,4993.0
2009-03-11 00:00:00,CTA(9,21),3560.25,3797.0,3499.1954,3427.8732,71.322225,0.331866,0.842666,0.792809,1.0,1.0,-132.0,-132.0,3797.0,4861.0
2009-03-12 00:00:00,CTA(9,21),3549.5,3786.25,3504.7848,3433.665,71.119869,0.326646,0.832584,0.786638,1.0,1.0,-10.75,-10.75,3786.25,4850.25
2009-03-13 00:00:00,CTA(9,21),3641.0,3877.75,3519.9198,3443.5381,76.381791,0.343275,0.877783,0.813469,1.0,1.0,91.5,91.5,3877.75,4941.75
2009-03-16 00:00:00,CTA(9,21),3800.75,4037.5,3551.1232,3460.5481,90.575049,0.391883,1.003773,0.8767,1.0,1.0,159.75,159.75,4037.5,5101.5
2009-03-17 00:00:00,CTA(9,21),3781.75,4017.5,3576.7484,3475.8435,100.904923,0.423707,1.086003,0.908634,1.0,1.0,-20.0,-20.0,4017.5,5081.5
2009-03-18 00:00:00,CTA(9,21),3733.5,3970.0,3594.1652,3488.1128,106.052409,0.438404,1.123303,0.920678,1.0,1.0,-47.5,-47.5,3970.0,5034.0
2009-03-19 00:00:00,CTA(9,21),3975.0,4211.5,3636.4802,3511.2979,125.182279,0.495896,1.267799,0.953122,1.0,1.0,241.5,241.5,4211.5,5275.5
2009-03-20 00:00:00,CTA(9,21),3931.5,4156.0,3669.2602,3531.3076,137.952633,0.53812,1.371086,0.962874,1.0,1.0,-55.5,-55.5,4156.0,5220.0
2009-03-23 00:00:00,CTA(9,21),4033.0,4257.5,3709.6757,3555.1977,154.478051,0.584152,1.481708,0.961621,1.0,1.0,101.5,101.5,4257.5,5321.5
2009-03-24 00:00:00,CTA(9,21),3948.0,4172.5,3736.1562,3573.9025,162.253654,0.603667,1.524174,0.958112,1.0,1.0,-85.0,-85.0,4172.5,5236.5
2009-03-25 00:00:00,CTA(9,21),3936.75,4161.25,3758.4444,3591.181,167.263404,0.621823,1.562329,0.953604,1.0,1.0,-11.25,-11.25,4161.25,5225.25
2009-03-26 00:00:00,CTA(9,21),4057.25,4281.75,3791.645,3613.3748,178.270264,0.656893,1.641193,0.940427,1.0,1.0,120.5,120.5,4281.75,5345.75
2009-03-27 00:00:00,CTA(9,21),4021.75,4246.25,3817.2122,3632.8212,184.391043,0.675218,1.676913,0.932841,1.0,1.0,-35.5,-35.5,4246.25,5310.25
2009-03-30 00:00:00,CTA(9,21),3879.25,4103.75,3824.1053,3644.5559,179.549423,0.665786,1.644505,0.939765,1.0,1.0,-142.5,-142.5,4103.75,5167.75
2009-03-31 00:00:00,CTA(9,21),4010.5,4235.0,3844.8158,3661.9818,182.834033,0.667924,1.641109,0.940444,1.0,1.0,131.25,131.25,4235.0,5299.0
2009-04-01 00:00:00,CTA(9,21),4031.75,4256.25,3865.5863,3679.5898,185.996485,0.662479,1.619951,0.944471,1.0,1.0,21.25,21.25,4256.25,5320.25
2009-04-02 00:00:00,CTA(9,21),4124.5,4349.0,3894.3545,3700.776,193.578475,0.669372,1.629379,0.94272,1.0,1.0,92.75,92.75,4349.0,5413.0
2009-04-03 00:00:00,CTA(9,21),4278.75,4503.25,3937.0651,3728.2986,208.766516,0.684455,1.657953,0.936988,1.0,1.0,154.25,154.25,4503.25,5567.25
2009-04-06 00:00:00,CTA(9,21),4244.75,4469.25,3971.2523,3752.8915,218.360802,0.687447,1.657365,0.937112,1.0,1.0,-34.0,-34.0,4469.25,5533.25
2009-04-07 00:00:00,CTA(9,21),4351.75,4576.25,4013.5298,3781.4086,232.121251,0.70147,1.68279,0.9315,1.0,1.0,107.0,107.0,4576.25,5640.25
2009-04-08 00:00:00,CTA(9,21),4369.75,4594.25,4053.1099,3809.4248,243.685012,0.704086,1.680672,0.931987,1.0,1.0,18.0,18.0,4594.25,5658.25
2009-04-09 00:00:00,CTA(9,21),4529.25,4753.75,4106.0143,3843.7022,262.312084,0.720405,1.710287,0.924895,1.0,1.0,159.5,159.5,4753.75,5817.75
2009-04-14 00:00:00,CTA(9,21),4687.0,4902.5,4170.5683,3883.8593,286.709012,0.737993,1.741305,0.916799,1.0,1.0,148.75,148.75,4902.5,5966.5
2009-04-15 00:00:00,CTA(9,21),4816.5,5026.5,4242.3385,3928.2707,314.06774,0.756894,1.774521,0.907405,1.0,1.0,124.0,124.0,5026.5,6090.5
2009-04-16 00:00:00,CTA(9,21),4730.0,4939.5,4296.5231,3966.4483,330.07477,0.759305,1.768748,0.90909,1.0,1.0,-87.0,-87.0,4939.5,6003.5
2009-04-17 00:00:00,CTA(9,21),4820.0,5029.5,4354.6872,4007.0936,347.593553,0.760736,1.760525,0.911452,1.0,1.0,90.0,90.0,5029.5,6093.5
2009-04-20 00:00:00,CTA(9,21),4591.0,4800.5,4380.9442,4034.8987,346.045467,0.736497,1.694081,0.928854,1.0,1.0,-229.0,-229.0,4800.5,5864.5
2009-04-21 00:00:00,CTA(9,21),4516.0,4725.5,4395.9504,4057.8083,338.142085,0.706465,1.616377,0.945116,1.0,1.0,-75.0,-75.0,4725.5,5789.5
2009-04-22 00:00:00,CTA(9,21),4552.0,4761.5,4413.2892,4081.3412,331.947994,0.683667,1.55661,0.95436,1.0,1.0,36.0,36.0,4761.5,5825.5
2009-04-23 00:00:00,CTA(9,21),4344.5,4554.0,4405.646,4093.8726,311.773377,0.644285,1.460776,0.962747,1.0,1.0,-207.5,-207.5,4554.0,5618.0
2009-04-24 00:00:00,CTA(9,21),4483.0,4692.5,4414.2409,4112.4025,301.838393,0.61886,1.397907,0.963651,1.0,1.0,138.5,138.5,4692.5,5756.5
2009-04-27 00:00:00,CTA(9,21),4350.5,4560.0,4407.1585,4123.7404,283.418097,0.575978,1.297343,0.957028,1.0,1.0,-132.5,-132.5,4560.0,5624.0
2009-04-28 00:00:00,CTA(9,21),4186.5,4396.0,4382.6409,4126.729,255.911931,0.521921,1.173134,0.934402,1.0,1.0,-164.0,-164.0,4396.0,5460.0
2009-04-29 00:00:00,CTA(9,21),4375.5,4585.0,4381.8475,4138.5752,243.272256,0.495075,1.110913,0.916846,1.0,1.0,189.0,189.0,4585.0,5649.0
2009-04-30 00:00:00,CTA(9,21),4436.75,4646.25,4387.9478,4152.774,235.173736,0.478917,1.072463,0.903885,1.0,1.0,61.25,61.25,4646.25,5710.25
2009-05-01 00:00:00,CTA(9,21),4608.5,4818.0,4412.4536,4174.4753,237.978303,0.483754,1.080868,0.906857,1.0,1.0,171.75,171.75,4818.0,5882.0
2009-05-05 00:00:00,CTA(9,21),4533.5,4743.0,4425.9032,4191.5717,234.33149,0.477736,1.065224,0.901264,1.0,1.0,-75.0,-75.0,4743.0,5807.0
2009-05-06 00:00:00,CTA(9,21),4747.5,4957.0,4461.6362,4218.0445,243.591694,0.489654,1.089412,0.909798,1.0,1.0,214.0,214.0,4957.0,6021.0
2009-05-07 00:00:00,CTA(9,21),4703.5,4913.0,4488.5099,4241.1614,247.348524,0.491774,1.09141,0.910474,1.0,1.0,-44.0,-44.0,4913.0,5977.0
2009-05-08 00:00:00,CTA(9,21),4670.0,4879.5,4508.6755,4261.5823,247.093202,0.489202,1.082302,0.907356,1.0,1.0,-33.5,-33.5,4879.5,5943.5
2009-05-11 00:00:00,CTA(9,21),4544.5,4754.0,4512.656,4275.0546,237.601432,0.468227,1.032655,0.888761,1.0,1.0,-125.5,-125.5,4754.0,5818.0
2009-05-12 00:00:00,CTA(9,21),4576.25,4785.75,4519.722,4289.3972,230.324793,0.45129,0.992115,0.871573,1.0,1.0,31.75,31.75,4785.75,5849.75
2009-05-13 00:00:00,CTA(9,21),4428.25,4637.75,4509.5584,4296.0092,213.549201,0.419667,0.91967,0.836394,1.0,1.0,-148.0,-148.0,4637.75,5701.75
2009-05-14 00:00:00,CTA(9,21),4441.0,4650.5,4501.9408,4302.9136,199.027275,0.392922,0.85857,0.802327,1.0,1.0,12.75,12.75,4650.5,5714.5
2009-05-15 00:00:00,CTA(9,21),4447.0,4656.5,4495.8363,4309.7748,186.061479,0.37002,0.806547,0.770213,1.0,1.0,6.0,6.0,4656.5,5720.5
2009-05-18 00:00:00,CTA(9,21),4508.5,4718.0,4497.2434,4319.2379,178.005454,0.356221,0.774665,0.749149,1.0,1.0,61.5,61.5,4718.0,5782.0
2009-05-19 00:00:00,CTA(9,21),4521.0,4730.0,4499.883,4328.8456,171.037361,0.346448,0.751655,0.733307,1.0,1.0,12.0,12.0,4730.0,5794.0
2009-05-20 00:00:00,CTA(9,21),4630.0,4840.0,4514.3404,4343.1863,171.154122,0.35305,0.76399,0.741866,1.0,1.0,110.0,110.0,4840.0,5904.0
2009-05-21 00:00:00,CTA(9,21),4460.25,4670.25,4508.3304,4348.7608,159.569612,0.336907,0.72713,0.715842,1.0,1.0,-169.75,-169.75,4670.25,5734.25
2009-05-22 00:00:00,CTA(9,21),4607.5,4809.5,4519.3492,4361.0817,158.267542,0.340245,0.732328,0.719594,1.0,1.0,139.25,139.25,4809.5,5873.5
2009-05-26 00:00:00,CTA(9,21),4662.0,4864.0,4535.1993,4375.4111,159.788183,0.353767,0.759247,0.738593,1.0,1.0,54.5,54.5,4864.0,5928.0
2009-05-27 00:00:00,CTA(9,21),4660.5,4862.5,4549.1216,4388.9868,160.134821,0.36446,0.779887,0.75267,1.0,1.0,-1.5,-1.5,4862.5,5926.5
2009-05-28 00:00:00,CTA(9,21),4740.5,4942.5,4570.3859,4405.7255,164.660362,0.383894,0.81901,0.778163,1.0,1.0,80.0,80.0,4942.5,6006.5
2009-05-29 00:00:00,CTA(9,21),4819.0,5021.0,4598.0097,4425.4053,172.604415,0.408134,0.868066,0.807883,1.0,1.0,78.5,78.5,5021.0,6085.0
2009-06-01 00:00:00,CTA(9,21),5063.25,5265.25,4649.703,4455.7788,193.924226,0.456394,0.967428,0.860227,1.0,1.0,244.25,244.25,5265.25,6329.25
2009-06-02 00:00:00,CTA(9,21),5036.0,5238.0,4692.6249,4483.4084,209.21653,0.494608,1.044639,0.893497,1.0,1.0,-27.25,-27.25,5238.0,6302.0
2009-06-03 00:00:00,CTA(9,21),4904.5,5106.5,4716.1666,4503.4604,212.706223,0.513989,1.081632,0.907123,1.0,1.0,-131.5,-131.5,5106.5,6170.5
2009-06-04 00:00:00,CTA(9,21),5008.25,5210.25,4748.6203,4527.498,221.122333,0.537911,1.127809,0.92203,1.0,1.0,103.75,103.75,5210.25,6274.25
2009-06-05 00:00:00,CTA(9,21),4963.0,5165.0,4772.4403,4548.2362,224.204107,0.544614,1.137616,0.924896,1.0,1.0,-45.25,-45.25,5165.0,6229.0
2009-06-08 00:00:00,CTA(9,21),4963.5,5165.5,4793.6691,4568.0106,225.658497,0.550788,1.146199,0.927319,1.0,1.0,0.5,0.5,5165.5,6229.5
2009-06-09 00:00:00,CTA(9,21),5153.0,5355.0,4833.5948,4595.8673,237.727512,0.576189,1.194366,0.939434,1.0,1.0,189.5,189.5,5355.0,6419.0
2009-06-10 00:00:00,CTA(9,21),5150.25,5352.25,4868.7787,4622.2665,246.512247,0.600297,1.23915,0.948462,1.0,1.0,-2.75,-2.75,5352.25,6416.25
2009-06-11 00:00:00,CTA(9,21),5355.25,5557.25,4922.8311,4657.1704,265.660635,0.636966,1.308895,0.95831,1.0,1.0,205.0,205.0,5557.25,6621.25
2009-06-12 00:00:00,CTA(9,21),5212.5,5414.5,4955.0165,4683.6147,271.401807,0.657269,1.344063,0.96137,1.0,1.0,-142.75,-142.75,5414.5,6478.5
2009-06-15 00:00:00,CTA(9,21),4981.5,5183.5,4957.9591,4697.7997,260.159403,0.648765,1.320188,0.95943,1.0,1.0,-231.0,-231.0,5183.5,6247.5
2009-06-16 00:00:00,CTA(9,21),4966.25,5164.25,4958.8803,4710.5831,248.297266,0.635771,1.287647,0.955846,1.0,1.0,-19.25,-19.25,5164.25,6228.25
2009-06-17 00:00:00,CTA(9,21),4946.5,5144.25,4957.5047,4721.8172,235.687534,0.614245,1.238422,0.948332,1.0,1.0,-20.0,-20.0,5144.25,6208.25
2009-06-18 00:00:00,CTA(9,21),4956.5,5154.25,4957.3931,4732.9926,224.400526,0.597758,1.19991,0.940667,1.0,1.0,10.0,10.0,5154.25,6218.25
2009-06-19 00:00:00,CTA(9,21),5017.5,5208.75,4964.0716,4746.5405,217.531098,0.595366,1.189956,0.938428,1.0,1.0,54.5,54.5,5208.75,6272.75
2009-06-22 00:00:00,CTA(9,21),4747.0,4938.25,4939.9526,4746.5624,193.390148,0.539987,1.075408,0.904935,1.0,1.0,-270.5,-270.5,4938.25,6002.25
2009-06-23 00:00:00,CTA(9,21),4790.25,4981.5,4923.319,4748.6428,174.676168,0.499936,0.992617,0.871797,1.0,1.0,43.25,43.25,4981.5,6045.5
2009-06-24 00:00:00,CTA(9,21),5041.5,5232.75,4936.4502,4762.5884,173.861814,0.501748,0.993283,0.872093,1.0,1.0,251.25,251.25,5232.75,6296.75
2009-06-25 00:00:00,CTA(9,21),5121.0,5312.25,4956.9557,4779.6556,177.300129,0.518394,1.023271,0.884942,1.0,1.0,79.5,79.5,5312.25,6376.25
2009-06-26 00:00:00,CTA(9,21),5024.0,5215.25,4964.4051,4791.291,173.114046,0.518248,1.020354,0.883736,1.0,1.0,-97.0,-97.0,5215.25,6279.25
2009-06-29 00:00:00,CTA(9,21),5087.0,5278.25,4978.0267,4805.3724,172.654324,0.523051,1.027428,0.886646,1.0,1.0,63.0,63.0,5278.25,6342.25
2009-06-30 00:00:00,CTA(9,21),4954.0,5145.25,4975.3571,4812.4499,162.907182,0.506163,0.992557,0.87177,1.0,1.0,-133.0,-133.0,5145.25,6209.25
2009-07-01 00:00:00,CTA(9,21),5078.0,5269.25,4986.7619,4825.0952,161.666707,0.522695,1.023665,0.885105,1.0,1.0,124.0,124.0,5269.25,6333.25
2009-07-02 00:00:00,CTA(9,21),5023.25,5214.5,4990.8161,4834.5311,156.284999,0.521977,1.021387,0.884164,1.0,1.0,-54.75,-54.75,5214.5,6278.5
2009-07-03 00:00:00,CTA(9,21),4970.0,5161.25,4988.5032,4840.982,147.521199,0.511687,1.000568,0.875305,1.0,1.0,-53.25,-53.25,5161.25,6225.25
2009-07-06 00:00:00,CTA(9,21),4958.5,5149.75,4985.1695,4846.5781,138.591415,0.496137,0.9696,0.861251,1.0,1.0,-11.5,-11.5,5149.75,6213.75
2009-07-07 00:00:00,CTA(9,21),4869.5,5060.75,4972.3173,4847.6696,124.647728,0.455654,0.889851,0.820266,1.0,1.0,-89.0,-89.0,5060.75,6124.75
2009-07-08 00:00:00,CTA(9,21),4713.0,4904.25,4943.5043,4841.2568,102.247528,0.384449,0.750457,0.732468,1.0,1.0,-156.5,-156.5,4904.25,5968.25
2009-07-09 00:00:00,CTA(9,21),4884.5,5075.75,4936.9483,4843.316,93.632293,0.358207,0.698904,0.695013,1.0,1.0,171.5,171.5,5075.75,6139.75
2009-07-10 00:00:00,CTA(9,21),4857.0,5048.25,4928.0651,4843.9676,84.097532,0.327545,0.638847,0.648179,1.0,1.0,-27.5,-27.5,5048.25,6112.25
2009-07-13 00:00:00,CTA(9,21),4898.5,5089.75,4924.7801,4846.5644,78.215736,0.306281,0.597202,0.613774,1.0,1.0,41.5,41.5,5089.75,6153.75
2009-07-14 00:00:00,CTA(9,21),5044.0,5244.25,4938.0268,4855.9661,82.060694,0.318909,0.62136,0.63392,1.0,1.0,154.5,154.5,5244.25,6308.25
2009-07-15 00:00:00,CTA(9,21),5256.5,5458.75,4973.4127,4875.0391,98.373564,0.372407,0.724568,0.713983,1.0,1.0,214.5,214.5,5458.75,6522.75
2009-07-16 00:00:00,CTA(9,21),5256.5,5458.25,5004.8668,4893.2039,111.662906,0.412772,0.801617,0.767023,1.0,1.0,-0.5,-0.5,5458.25,6522.25
2009-07-17 00:00:00,CTA(9,21),5306.5,5505.25,5038.3816,4912.8847,125.496937,0.451389,0.874598,0.811649,1.0,1.0,47.0,47.0,5505.25,6569.25
2009-07-20 00:00:00,CTA(9,21),5342.75,5541.5,5072.2003,4933.3545,138.845869,0.487606,0.942256,0.847973,1.0,1.0,36.25,36.25,5541.5,6605.5
2009-07-21 00:00:00,CTA(9,21),5390.5,5589.25,5107.567,4955.1233,152.443663,0.523686,1.00894,0.878925,1.0,1.0,47.75,47.75,5589.25,6653.25
2009-07-22 00:00:00,CTA(9,21),5494.0,5692.75,5150.504,4980.7841,169.719872,0.564617,1.084114,0.907983,1.0,1.0,103.5,103.5,5692.75,6756.75
2009-07-23 00:00:00,CTA(9,21),5530.5,5729.25,5192.7258,5006.961,185.764705,0.607474,1.162026,0.931576,1.0,1.0,36.5,36.5,5729.25,6793.25
2009-07-24 00:00:00,CTA(9,21),5524.0,5722.75,5229.534,5031.5819,197.952053,0.632638,1.205454,0.941868,1.0,1.0,-6.5,-6.5,5722.75,6786.75
2009-07-27 00:00:00,CTA(9,21),5602.0,5800.75,5270.9191,5058.7447,212.174399,0.66646,1.264673,0.952655,1.0,1.0,78.0,78.0,5800.75,6864.75
2009-07-28 00:00:00,CTA(9,21),5525.0,5723.75,5299.1503,5080.9473,218.202977,0.69367,1.31075,0.958502,1.0,1.0,-77.0,-77.0,5723.75,6787.75
2009-07-29 00:00:00,CTA(9,21),5415.0,5613.75,5312.0225,5096.8546,215.167894,0.68812,1.295004,0.956752,1.0,1.0,-110.0,-110.0,5613.75,6677.75
2009-07-30 00:00:00,CTA(9,21),5610.0,5808.75,5345.1311,5121.2901,223.841009,0.705617,1.322397,0.959634,1.0,1.0,195.0,195.0,5808.75,6872.75
2009-07-31 00:00:00,CTA(9,21),5724.0,5922.75,5387.2277,5149.9906,237.237081,0.72243,1.348295,0.961654,1.0,1.0,114.0,114.0,5922.75,6986.75
2009-08-03 00:00:00,CTA(9,21),6006.0,6204.75,5455.9801,5190.7529,265.22721,0.761562,1.415606,0.963779,1.0,1.0,282.0,282.0,6204.75,7268.75
2009-08-04 00:00:00,CTA(9,21),6051.0,6249.75,5522.0935,5231.7171,290.376381,0.78247,1.449027,0.9632,1.0,1.0,45.0,45.0,6249.75,7313.75
2009-08-05 00:00:00,CTA(9,21),6201.0,6399.75,5597.5275,5277.8734,319.654112,0.803987,1.483598,0.961499,1.0,1.0,150.0,150.0,6399.75,7463.75
2009-08-06 00:00:00,CTA(9,21),6022.5,6221.25,5644.7467,5313.3318,331.414867,0.801797,1.474814,0.962036,1.0,1.0,-178.5,-178.5,6221.25,7285.25
2009-08-07 00:00:00,CTA(9,21),6146.0,6344.75,5700.4415,5352.9827,347.458814,0.80845,1.483039,0.961535,1.0,1.0,123.5,123.5,6344.75,7408.75
2009-08-10 00:00:00,CTA(9,21),6130.0,6328.75,5748.1702,5389.9835,358.186712,0.806382,1.476103,0.961962,1.0,1.0,-16.0,-16.0,6328.75,7392.75
2009-08-11 00:00:00,CTA(9,21),6034.5,6233.25,5779.9846,5420.6748,359.30987,0.798047,1.458773,0.962833,1.0,1.0,-95.5,-95.5,6233.25,7297.25
2009-08-12 00:00:00,CTA(9,21),6193.0,6391.75,5825.8752,5457.4522,368.423074,0.800269,1.461014,0.962736,1.0,1.0,158.5,158.5,6391.75,7455.75
2009-08-13 00:00:00,CTA(9,21),6384.5,6583.25,5887.9447,5501.5973,386.347357,0.811799,1.480357,0.961705,1.0,1.0,191.5,191.5,6583.25,7647.25
2009-08-14 00:00:00,CTA(9,21),6252.5,6451.25,5928.4508,5537.3546,391.096235,0.805117,1.466762,0.962466,1.0,1.0,-132.0,-132.0,6451.25,7515.25
2009-08-17 00:00:00,CTA(9,21),6054.5,6253.25,5942.4563,5561.9805,380.475728,0.779214,1.418683,0.96377,1.0,1.0,-198.0,-198.0,6253.25,7317.25
2009-08-18 00:00:00,CTA(9,21),6088.0,6281.75,5958.6278,5587.0291,371.598708,0.753849,1.371685,0.9629,1.0,1.0,28.5,28.5,6281.75,7345.75
2009-08-19 00:00:00,CTA(9,21),5989.0,6182.75,5962.0025,5606.1706,355.831926,0.726373,1.321053,0.95951,1.0,1.0,-99.0,-99.0,6182.75,7246.75
2009-08-20 00:00:00,CTA(9,21),6057.5,6251.25,5972.6133,5627.6624,344.950883,0.702571,1.276697,0.954394,1.0,1.0,68.5,68.5,6251.25,7315.25
2009-08-21 00:00:00,CTA(9,21),6277.5,6474.25,6006.4896,5658.6071,347.882535,0.698338,1.267712,0.953109,1.0,1.0,223.0,223.0,6474.25,7538.25
2009-08-24 00:00:00,CTA(9,21),6429.5,6626.25,6053.4908,5695.3163,358.174502,0.704211,1.27687,0.954418,1.0,1.0,152.0,152.0,6626.25,7690.25
2009-08-25 00:00:00,CTA(9,21),6309.5,6506.25,6081.9362,5724.5631,357.373127,0.693333,1.255594,0.951242,1.0,1.0,-120.0,-120.0,6506.25,7570.25
2009-08-26 00:00:00,CTA(9,21),6287.0,6483.75,6104.7211,5751.3458,353.37528,0.677065,1.224776,0.945797,1.0,1.0,-22.5,-22.5,6483.75,7547.75
2009-08-27 00:00:00,CTA(9,21),6265.0,6461.75,6122.5299,5775.8055,346.724324,0.653624,1.181309,0.936397,1.0,1.0,-22.0,-22.0,6461.75,7525.75
2009-08-28 00:00:00,CTA(9,21),6470.5,6667.25,6161.1932,5808.8862,352.306984,0.648343,1.170975,0.933864,1.0,1.0,205.5,205.5,6667.25,7731.25
2009-09-01 00:00:00,CTA(9,21),6193.5,6390.25,6164.7829,5827.2012,337.581685,0.618022,1.11591,0.918411,1.0,1.0,-277.0,-277.0,6390.25,7454.25
2009-09-02 00:00:00,CTA(9,21),6165.5,6362.25,6164.8625,5843.3106,321.551899,0.585292,1.056812,0.898146,1.0,1.0,-28.0,-28.0,6362.25,7426.25
2009-09-03 00:00:00,CTA(9,21),6247.0,6443.75,6173.9889,5862.5339,311.454981,0.563389,1.017535,0.882561,1.0,1.0,81.5,81.5,6443.75,7507.75
2009-09-04 00:00:00,CTA(9,21),6267.5,6464.25,6184.379,5881.818,302.561002,0.54426,0.9837,0.86778,1.0,1.0,20.5,20.5,6464.25,7528.25
2009-09-07 00:00:00,CTA(9,21),6317.5,6514.25,6199.1703,5902.5648,296.60546,0.527755,0.954856,0.854193,1.0,1.0,50.0,50.0,6514.25,7578.25
2009-09-08 00:00:00,CTA(9,21),6467.25,6664.0,6228.9569,5929.4546,299.502326,0.52467,0.950497,0.852061,1.0,1.0,149.75,149.75,6664.0,7728.0
2009-09-09 00:00:00,CTA(9,21),6402.5,6599.25,6248.2395,5951.9805,296.25892,0.511442,0.927944,0.8407,1.0,1.0,-64.75,-64.75,6599.25,7663.25
2009-09-10 00:00:00,CTA(9,21),6279.0,6475.75,6251.6573,5967.5529,284.104402,0.487055,0.885189,0.817659,1.0,1.0,-123.5,-123.5,6475.75,7539.75
2009-09-11 00:00:00,CTA(9,21),6235.5,6432.25,6249.862,5980.3123,269.54976,0.462621,0.842187,0.792519,1.0,1.0,-43.5,-43.5,6432.25,7496.25
2009-09-14 00:00:00,CTA(9,21),6123.75,6320.5,6235.8496,5987.1427,248.706943,0.429251,0.782866,0.754666,1.0,1.0,-111.75,-111.75,6320.5,7384.5
2009-09-15 00:00:00,CTA(9,21),6195.5,6392.0,6231.3663,5997.0644,234.301876,0.406704,0.743192,0.727348,1.0,1.0,71.5,71.5,6392.0,7456.0
2009-09-16 00:00:00,CTA(9,21),6412.0,6607.5,6251.4367,6016.8233,234.61345,0.407325,0.745845,0.729223,1.0,1.0,215.5,215.5,6607.5,7671.5
2009-09-17 00:00:00,CTA(9,21),6374.75,6570.75,6265.1382,6033.8674,231.270795,0.401873,0.737445,0.72326,1.0,1.0,-36.75,-36.75,6570.75,7634.75
2009-09-18 00:00:00,CTA(9,21),6163.75,6353.75,6253.8728,6040.0523,213.820555,0.378835,0.696611,0.693287,1.0,1.0,-217.0,-217.0,6353.75,7417.75
2009-09-21 00:00:00,CTA(9,21),6179.25,6369.25,6245.5814,6046.6807,198.900665,0.35926,0.66183,0.666499,1.0,1.0,15.5,15.5,6369.25,7433.25
2009-09-22 00:00:00,CTA(9,21),6261.0,6451.0,6247.2946,6056.8864,190.408163,0.34667,0.639802,0.64895,1.0,1.0,81.75,81.75,6451.0,7515.0
2009-09-23 00:00:00,CTA(9,21),6118.75,6308.75,6233.0119,6059.8323,173.179546,0.318237,0.588453,0.606353,1.0,1.0,-142.25,-142.25,6308.75,7372.75
2009-09-24 00:00:00,CTA(9,21),5952.5,6142.5,6201.8439,6054.7212,147.122625,0.274824,0.509203,0.536228,1.0,1.0,-166.25,-166.25,6142.5,7206.5
2009-09-25 00:00:00,CTA(9,21),5983.0,6173.0,6177.5279,6051.306,126.221936,0.239266,0.444286,0.475162,1.0,1.0,30.5,30.5,6173.0,7237.0
2009-09-28 00:00:00,CTA(9,21),6003.0,6193.0,6158.1359,6049.0057,109.130232,0.211531,0.393791,0.425637,1.0,1.0,20.0,20.0,6193.0,7257.0
2009-09-29 00:00:00,CTA(9,21),5969.0,6159.0,6137.1208,6045.1959,91.924926,0.181434,0.338769,0.369874,1.0,1.0,-34.0,-34.0,6159.0,7223.0
2009-09-30 00:00:00,CTA(9,21),6153.5,6343.5,6138.9407,6050.3532,88.587498,0.178434,0.334319,0.365289,1.0,1.0,184.5,184.5,6343.5,7407.5
2009-10-01 00:00:00,CTA(9,21),5974.5,6164.5,6120.6695,6046.7412,73.928365,0.153125,0.28806,0.317018,1.0,1.0,-179.0,-179.0,6164.5,7228.5
2009-10-02 00:00:00,CTA(9,21),5865.75,6055.75,6092.3451,6038.1225,54.222601,0.115921,0.219025,0.243161,1.0,1.0,-108.75,-108.75,6055.75,7119.75
2009-10-05 00:00:00,CTA(9,21),5905.75,6095.75,6071.6123,6031.8191,39.793262,0.08873,0.16846,0.187943,1.0,1.0,40.0,40.0,6095.75,7159.75
2009-10-06 00:00:00,CTA(9,21),6101.0,6291.0,6074.8776,6035.1134,39.764228,0.094391,0.180126,0.200754,1.0,1.0,195.25,195.25,6291.0,7355.0
2009-10-07 00:00:00,CTA(9,21),6079.0,6269.0,6075.3357,6037.2032,38.132431,0.09557,0.1834,0.204342,1.0,1.0,-22.0,-22.0,6269.0,7333.0
2009-10-08 00:00:00,CTA(9,21),6315.25,6505.25,6101.9928,6050.4436,51.549257,0.13737,0.265183,0.292766,1.0,1.0,236.25,236.25,6505.25,7569.25
2009-10-09 00:00:00,CTA(9,21),6219.5,6409.5,6115.0492,6058.4939,56.555303,0.16187,0.314496,0.344736,1.0,1.0,-95.75,-95.75,6409.5,7473.5
2009-10-12 00:00:00,CTA(9,21),6263.0,6453.0,6131.4882,6068.2323,63.255897,0.192756,0.376966,0.408774,1.0,1.0,43.5,43.5,6453.0,7517.0
2009-10-13 00:00:00,CTA(9,21),6122.5,6312.5,6130.4895,6070.8164,59.673035,0.190597,0.3752,0.406995,1.0,1.0,-140.5,-140.5,6312.5,7376.5
2009-10-14 00:00:00,CTA(9,21),6203.0,6393.0,6138.5462,6077.1109,61.435305,0.206814,0.409888,0.441605,1.0,1.0,80.5,80.5,6393.0,7457.0
2009-10-15 00:00:00,CTA(9,21),6269.75,6459.75,6153.1244,6086.2842,66.840214,0.236861,0.472727,0.502293,1.0,1.0,66.75,66.75,6459.75,7523.75
2009-10-16 00:00:00,CTA(9,21),6210.5,6400.5,6159.4995,6092.1992,67.300242,0.252312,0.507126,0.534323,1.0,1.0,-59.25,-59.25,6400.5,7464.5
2009-10-19 00:00:00,CTA(9,21),6453.0,6643.0,6192.1106,6109.3802,82.730424,0.323982,0.655742,0.661693,1.0,1.0,242.5,242.5,6643.0,7707.0
2009-10-20 00:00:00,CTA(9,21),6404.0,6594.0,6215.6539,6123.4097,92.244173,0.375154,0.764637,0.742311,1.0,1.0,-49.0,-49.0,6594.0,7658.0
2009-10-21 00:00:00,CTA(9,21),6576.25,6767.5,6255.7201,6144.9735,110.746584,0.459849,0.943706,0.848698,1.0,1.0,173.5,173.5,6767.5,7831.5
2009-10-22 00:00:00,CTA(9,21),6576.5,6767.5,6291.3623,6165.5224,125.839913,0.537294,1.10997,0.916547,1.0,1.0,0.0,0.0,6767.5,7831.5
2009-10-23 00:00:00,CTA(9,21),6635.25,6819.25,6329.5721,6187.8904,141.681673,0.61258,1.273598,0.95396,1.0,1.0,51.75,51.75,6819.25,7883.25
2009-10-26 00:00:00,CTA(9,21),6595.0,6779.0,6359.0641,6207.2766,151.787493,0.682341,1.426969,0.963701,1.0,1.0,-40.25,-40.25,6779.0,7843.0
2009-10-27 00:00:00,CTA(9,21),6564.0,6748.0,6381.8347,6224.2634,157.571322,0.769662,1.617639,0.944889,1.0,1.0,-31.0,-31.0,6748.0,7812.0
2009-10-28 00:00:00,CTA(9,21),6413.5,6597.5,6385.3531,6233.2747,152.078419,0.792825,1.673672,0.933569,1.0,1.0,-150.5,-150.5,6597.5,7661.5
2009-10-29 00:00:00,CTA(9,21),6648.0,6832.0,6414.5361,6253.0235,161.512584,0.854906,1.811296,0.896173,1.0,1.0,234.5,234.5,6832.0,7896.0
2009-10-30 00:00:00,CTA(9,21),6463.25,6647.25,6419.9487,6263.0343,156.914456,0.830449,1.766227,0.909819,1.0,1.0,-184.75,-184.75,6647.25,7711.25
2009-11-02 00:00:00,CTA(9,21),6537.5,6721.5,6433.01,6276.1041,156.905911,0.820926,1.752696,0.91366,1.0,1.0,74.25,74.25,6721.5,7785.5
2009-11-03 00:00:00,CTA(9,21),6442.25,6626.25,6434.0367,6284.0158,150.020868,0.778755,1.669433,0.934509,1.0,1.0,-95.25,-95.25,6626.25,7690.25
2009-11-04 00:00:00,CTA(9,21),6557.5,6741.5,6447.7548,6297.0388,150.71596,0.775781,1.669771,0.934435,1.0,1.0,115.25,115.25,6741.5,7805.5
2009-11-05 00:00:00,CTA(9,21),6514.75,6698.75,6455.1987,6307.406,147.792672,0.752497,1.626634,0.943237,1.0,1.0,-42.75,-42.75,6698.75,7762.75
2009-11-06 00:00:00,CTA(9,21),6473.25,6657.25,6457.2044,6315.3034,141.901039,0.718852,1.561133,0.953765,1.0,1.0,-41.5,-41.5,6657.25,7721.25
2009-11-09 00:00:00,CTA(9,21),6519.75,6703.75,6464.1539,6325.0389,139.114995,0.70412,1.536309,0.956815,1.0,1.0,46.5,46.5,6703.75,7767.75
2009-11-10 00:00:00,CTA(9,21),6509.5,6693.5,6469.1924,6333.8228,135.369587,0.67879,1.48839,0.961176,1.0,1.0,-10.25,-10.25,6693.5,7757.5
2009-11-11 00:00:00,CTA(9,21),6518.5,6702.5,6474.671,6342.6169,132.054059,0.656173,1.446242,0.963289,1.0,1.0,9.0,9.0,6702.5,7766.5
2009-11-12 00:00:00,CTA(9,21),6481.25,6665.25,6475.402,6349.2185,126.183485,0.622409,1.379239,0.963185,1.0,1.0,-37.25,-37.25,6665.25,7729.25
2009-11-13 00:00:00,CTA(9,21),6501.0,6685.0,6478.2462,6356.4462,121.800017,0.60218,1.341646,0.9612,1.0,1.0,19.75,19.75,6685.0,7749.0
2009-11-16 00:00:00,CTA(9,21),6830.75,7014.75,6517.4133,6379.0321,138.381208,0.654368,1.465265,0.962539,1.0,1.0,329.75,329.75,7014.75,8078.75
2009-11-17 00:00:00,CTA(9,21),6808.5,7001.5,6549.7563,6399.483,150.273321,0.693205,1.559432,0.953991,1.0,1.0,-13.25,-13.25,7001.5,8065.5
2009-11-18 00:00:00,CTA(9,21),6861.5,7055.0,6584.3945,6421.4838,162.910701,0.725194,1.63861,0.940938,1.0,1.0,53.5,53.5,7055.0,8119.0
2009-11-19 00:00:00,CTA(9,21),6774.75,6968.75,6605.5451,6438.306,167.239114,0.722936,1.640923,0.94048,1.0,1.0,-86.25,-86.25,6968.75,8032.75
2009-11-20 00:00:00,CTA(9,21),6824.75,7006.75,6629.9012,6456.7081,173.19312,0.724557,1.65209,0.938216,1.0,1.0,38.0,38.0,7006.75,8070.75
2009-11-23 00:00:00,CTA(9,21),6924.0,7106.0,6662.5788,6478.9601,183.618769,0.735045,1.683307,0.931381,1.0,1.0,99.25,99.25,7106.0,8170.0
2009-11-24 00:00:00,CTA(9,21),6845.0,7027.0,6682.8478,6496.3905,186.457314,0.725212,1.668071,0.934809,1.0,1.0,-79.0,-79.0,7027.0,8091.0
2009-11-25 00:00:00,CTA(9,21),6959.75,7141.75,6713.6148,6518.4553,195.159484,0.729708,1.685544,0.930864,1.0,1.0,114.75,114.75,7141.75,8205.75
2009-11-26 00:00:00,CTA(9,21),6795.0,6977.0,6722.6576,6531.6241,191.033492,0.701348,1.627218,0.943127,1.0,1.0,-164.75,-164.75,6977.0,8041.0
2009-11-27 00:00:00,CTA(9,21),6829.0,7011.0,6734.4734,6545.7848,188.68856,0.681058,1.58739,0.949968,1.0,1.0,34.0,34.0,7011.0,8075.0
2009-11-30 00:00:00,CTA(9,21),6904.75,7086.75,6753.393,6562.8784,190.514604,0.673347,1.576751,0.951576,1.0,1.0,75.75,75.75,7086.75,8150.75
2009-12-01 00:00:00,CTA(9,21),7050.0,7232.0,6786.3493,6586.0747,200.27467,0.681932,1.604257,0.947228,1.0,1.0,145.25,145.25,7232.0,8296.0
2009-12-02 00:00:00,CTA(9,21),7096.25,7278.25,6820.7827,6610.3687,210.414013,0.689249,1.629003,0.942791,1.0,1.0,46.25,46.25,7278.25,8342.25
2009-12-03 00:00:00,CTA(9,21),7049.75,7231.75,6846.2236,6631.2917,214.931901,0.682823,1.621708,0.94415,1.0,1.0,-46.5,-46.5,7231.75,8295.75
2009-12-04 00:00:00,CTA(9,21),7007.5,7189.5,6864.1432,6649.2063,214.936823,0.665909,1.58998,0.949563,1.0,1.0,-42.25,-42.25,7189.5,8253.5
2009-12-07 00:00:00,CTA(9,21),6962.5,7144.5,6875.0717,6664.1251,210.946615,0.640938,1.538944,0.956517,1.0,1.0,-45.0,-45.0,7144.5,8208.5
2009-12-08 00:00:00,CTA(9,21),6939.0,7121.0,6882.1748,6677.2144,204.960478,0.614005,1.483092,0.961532,1.0,1.0,-23.5,-23.5,7121.0,8185.0
2009-12-09 00:00:00,CTA(9,21),6907.5,7089.5,6884.9887,6688.1803,196.808402,0.584049,1.419621,0.963766,1.0,1.0,-31.5,-31.5,7089.5,8153.5
2009-12-10 00:00:00,CTA(9,21),6771.5,6953.5,6872.3789,6692.1479,180.230938,0.536657,1.313093,0.958741,1.0,1.0,-136.0,-136.0,6953.5,8017.5
2009-12-11 00:00:00,CTA(9,21),6796.5,6978.5,6863.9479,6697.1171,166.830806,0.496671,1.22379,0.945606,1.0,1.0,25.0,25.0,6978.5,8042.5
2009-12-14 00:00:00,CTA(9,21),6872.0,7054.0,6864.8426,6705.4449,159.397726,0.470245,1.167155,0.932898,1.0,1.0,75.5,75.5,7054.0,8118.0
2009-12-15 00:00:00,CTA(9,21),6874.25,7048.25,6865.8878,6713.4832,152.404655,0.446049,1.115571,0.918306,1.0,1.0,-5.75,-5.75,7048.25,8112.25
2009-12-16 00:00:00,CTA(9,21),7018.0,7191.75,6882.7892,6727.984,154.805205,0.449372,1.132926,0.923539,1.0,1.0,143.5,143.5,7191.75,8255.75
2009-12-17 00:00:00,CTA(9,21),6848.0,7022.0,6878.9237,6733.699,145.22469,0.422301,1.073985,0.904429,1.0,1.0,-169.75,-169.75,7022.0,8086.0
2009-12-18 00:00:00,CTA(9,21),6822.0,6984.0,6872.5989,6737.9038,134.695024,0.391715,1.005491,0.877443,1.0,1.0,-38.0,-38.0,6984.0,8048.0
2009-12-21 00:00:00,CTA(9,21),6912.75,7074.75,6877.0601,6746.2299,130.830253,0.382036,0.990336,0.870778,1.0,1.0,90.75,90.75,7074.75,8138.75
2009-12-22 00:00:00,CTA(9,21),6859.5,7021.5,6875.109,6751.6237,123.485313,0.368049,0.964257,0.858721,1.0,1.0,-53.25,-53.25,7021.5,8085.5
2009-12-23 00:00:00,CTA(9,21),6980.25,7142.25,6886.7913,6762.5106,124.28068,0.375849,0.996057,0.873323,1.0,1.0,120.75,120.75,7142.25,8206.25
2009-12-24 00:00:00,CTA(9,21),7051.0,7213.0,6905.0367,6776.2482,128.788501,0.393842,1.056522,0.898037,1.0,1.0,70.75,70.75,7213.0,8277.0
2009-12-29 00:00:00,CTA(9,21),7251.75,7413.75,6943.5604,6798.8912,144.669256,0.442951,1.203676,0.941487,1.0,1.0,200.75,200.75,7413.75,8477.75
2009-12-30 00:00:00,CTA(9,21),7305.5,7467.5,6983.7759,6823.0154,160.760534,0.484397,1.333898,0.960615,1.0,1.0,53.75,53.75,7467.5,8531.5
2009-12-31 00:00:00,CTA(9,21),7351.5,7513.5,7024.6342,6848.1813,176.45283,0.530944,1.48147,0.961636,1.0,1.0,46.0,46.0,7513.5,8577.5
2010-01-04 00:00:00,CTA(9,21),7475.25,7637.25,7074.7026,6878.0417,196.660844,0.593049,1.677012,0.932818,1.0,1.0,123.75,123.75,7637.25,8701.25
2010-01-05 00:00:00,CTA(9,21),7458.75,7620.75,7117.3745,6905.6945,211.680004,0.641663,1.837866,0.887542,1.0,1.0,-16.5,-16.5,7620.75,8684.75
2010-01-06 00:00:00,CTA(9,21),7638.0,7800.0,7175.2218,6940.5662,234.65559,0.689646,2.000235,0.826598,1.0,1.0,179.25,179.25,7800.0,8864.0
2010-01-07 00:00:00,CTA(9,21),7511.25,7673.25,7212.5583,6967.7416,244.816638,0.713537,2.095771,0.785363,1.0,1.0,-126.75,-126.75,7673.25,8737.25
2010-01-08 00:00:00,CTA(9,21),7437.5,7599.5,7237.5518,6990.1111,247.440718,0.710018,2.111704,0.778182,1.0,1.0,-73.75,-73.75,7599.5,8663.5
2010-01-11 00:00:00,CTA(9,21),7542.0,7704.0,7271.3794,7016.3915,254.987871,0.720613,2.170067,0.751258,1.0,1.0,104.5,104.5,7704.0,8768.0
2010-01-12 00:00:00,CTA(9,21),7430.5,7592.5,7289.0594,7036.111,252.948489,0.711189,2.168807,0.751849,1.0,1.0,-111.5,-111.5,7592.5,8656.5
2010-01-13 00:00:00,CTA(9,21),7462.0,7624.0,7308.2751,7056.3914,251.883676,0.713095,2.203574,0.735415,1.0,1.0,31.5,31.5,7624.0,8688.0
2010-01-14 00:00:00,CTA(9,21),7466.25,7628.25,7325.8278,7075.9085,249.91937,0.709666,2.223146,0.726049,1.0,1.0,4.25,4.25,7628.25,8692.25
2010-01-15 00:00:00,CTA(9,21),7403.25,7565.25,7334.4303,7091.4962,242.934141,0.693472,2.202396,0.735976,1.0,1.0,-63.0,-63.0,7565.25,8629.25
2010-01-18 00:00:00,CTA(9,21),7474.25,7636.25,7349.9658,7109.7225,240.24329,0.691403,2.225866,0.724742,1.0,1.0,71.0,71.0,7636.25,8700.25
2010-01-19 00:00:00,CTA(9,21),7529.75,7689.25,7369.9418,7129.7238,240.218002,0.683341,2.230828,0.722353,1.0,1.0,53.0,53.0,7689.25,8753.25
2010-01-20 00:00:00,CTA(9,21),7359.25,7518.5,7368.7539,7140.6537,228.100203,0.652469,2.162304,0.754891,1.0,1.0,-170.75,-170.75,7518.5,8582.5
2010-01-21 00:00:00,CTA(9,21),7259.25,7418.25,7356.5868,7146.3011,210.285663,0.602653,2.030699,0.813816,1.0,1.0,-100.25,-100.25,7418.25,8482.25
2010-01-22 00:00:00,CTA(9,21),7375.75,7526.75,7358.716,7157.2272,201.488774,0.575883,1.973643,0.837443,1.0,1.0,108.5,108.5,7526.75,8590.75
2010-01-25 00:00:00,CTA(9,21),7450.25,7601.25,7368.8865,7171.1807,197.705752,0.560312,1.949486,0.847026,1.0,1.0,74.5,74.5,7601.25,8665.25
2010-01-26 00:00:00,CTA(9,21),7366.0,7517.0,7368.5657,7180.4578,188.107926,0.532867,1.88244,0.872151,1.0,1.0,-84.25,-84.25,7517.0,8581.0
2010-01-27 00:00:00,CTA(9,21),7214.75,7365.75,7351.4751,7182.0908,169.384327,0.48383,1.735664,0.918321,1.0,1.0,-151.25,-151.25,7365.75,8429.75
2010-01-28 00:00:00,CTA(9,21),6883.5,7034.5,7299.4779,7167.8722,131.605702,0.384271,1.401912,0.963707,1.0,1.0,-331.25,-331.25,7034.5,8098.5
2010-01-29 00:00:00,CTA(9,21),6730.25,6881.25,7236.2303,7147.033,89.197312,0.261366,0.970368,0.861612,1.0,1.0,-153.25,-153.25,6881.25,7945.25
2010-02-01 00:00:00,CTA(9,21),6774.75,6925.75,7184.9547,7129.3052,55.649483,0.165839,0.626565,0.638193,1.0,1.0,44.5,44.5,6925.75,7989.75
2010-02-02 00:00:00,CTA(9,21),6800.0,6951.0,7142.182,7113.624,28.557937,0.086212,0.330738,0.361591,1.0,1.0,25.25,25.25,6951.0,8015.0
2010-02-03 00:00:00,CTA(9,21),6572.5,6723.5,7078.884,7087.8562,-8.972249,-0.027351,-0.106171,-0.118957,-1.0,1.0,-227.5,-227.5,6723.5,7787.5
2010-02-04 00:00:00,CTA(9,21),6371.0,6522.0,7000.2302,7053.7202,-53.490014,-0.160623,-0.627926,-0.639306,-1.0,-1.0,-201.5,201.5,-6522.0,7989.0
2010-02-05 00:00:00,CTA(9,21),6262.5,6413.5,6918.2602,7016.0431,-97.782884,-0.287182,-1.120977,-0.919971,-1.0,-1.0,-108.5,108.5,-6413.5,8097.5
2010-02-08 00:00:00,CTA(9,21),6430.5,6581.5,6864.0646,6988.1601,-124.095457,-0.363267,-1.406368,-0.96375,-1.0,-1.0,168.0,-168.0,-6581.5,7929.5
2010-02-09 00:00:00,CTA(9,21),6570.5,6721.5,6831.4463,6968.2715,-136.825172,-0.401829,-1.538067,-0.956617,-1.0,-1.0,140.0,-140.0,-6721.5,7789.5
2010-02-10 00:00:00,CTA(9,21),6515.5,6666.5,6796.3412,6946.7109,-150.369772,-0.441789,-1.667275,-0.934983,-1.0,-1.0,-55.0,55.0,-6666.5,7844.5
2010-02-11 00:00:00,CTA(9,21),6922.0,7073.0,6810.3033,6945.5342,-135.230968,-0.403911,-1.505732,-0.959835,-1.0,-1.0,406.5,-406.5,-7073.0,7438.0
2010-02-12 00:00:00,CTA(9,21),6795.75,6946.75,6808.6862,6938.4017,-129.715415,-0.394202,-1.452045,-0.963096,-1.0,-1.0,-126.25,126.25,-6946.75,7564.25
2010-02-15 00:00:00,CTA(9,21),6846.75,6997.75,6812.9155,6934.0373,-121.121744,-0.374823,-1.366486,-0.96267,-1.0,-1.0,51.0,-51.0,-6997.75,7513.25
2010-02-16 00:00:00,CTA(9,21),7130.0,7282.5,6848.1471,6943.3688,-95.221695,-0.29528,-1.070887,-0.90332,-1.0,-1.0,284.75,-284.75,-7282.5,7228.5
2010-02-17 00:00:00,CTA(9,21),7113.5,7267.0,6877.6308,6951.4703,-73.839529,-0.229721,-0.831755,-0.786126,-1.0,-1.0,-15.5,15.5,-7267.0,7244.0
2010-02-18 00:00:00,CTA(9,21),7248.5,7402.0,6918.8385,6965.6146,-46.77611,-0.14535,-0.527072,-0.552481,-1.0,-1.0,135.0,-135.0,-7402.0,7109.0
2010-02-19 00:00:00,CTA(9,21),7416.5,7560.5,6974.1342,6987.0853,-12.95112,-0.040035,-0.146089,-0.163271,-1.0,-1.0,158.5,-158.5,-7560.5,6950.5
2010-02-22 00:00:00,CTA(9,21),7313.5,7457.5,7011.8415,7002.6289,9.212634,0.028442,0.104695,0.117313,1.0,-1.0,-103.0,103.0,-7457.5,7053.5
2010-02-23 00:00:00,CTA(9,21),7114.0,7258.0,7023.1925,7007.9323,15.26019,0.047166,0.17527,0.195425,1.0,1.0,-199.5,-199.5,7258.0,6854.0
2010-02-24 00:00:00,CTA(9,21),7134.0,7278.0,7035.5044,7013.9355,21.568913,0.06688,0.250669,0.27726,1.0,1.0,20.0,20.0,7278.0,6874.0
2010-02-25 00:00:00,CTA(9,21),6979.0,7123.0,7029.2261,7012.2719,16.954241,0.052586,0.198283,0.220611,1.0,1.0,-155.0,-155.0,7123.0,6719.0
2010-02-26 00:00:00,CTA(9,21),7175.0,7319.0,7045.4232,7020.0209,25.402379,0.079172,0.300112,0.329697,1.0,1.0,196.0,196.0,7319.0,6915.0
2010-03-01 00:00:00,CTA(9,21),7377.0,7521.0,7082.2651,7037.0199,45.245234,0.140672,0.536506,0.560961,1.0,1.0,202.0,202.0,7521.0,7117.0
2010-03-02 00:00:00,CTA(9,21),7467.5,7611.5,7125.069,7057.5189,67.550058,0.20815,0.797974,0.764651,1.0,1.0,90.5,90.5,7611.5,7207.5
2010-03-03 00:00:00,CTA(9,21),7555.75,7699.75,7172.9224,7081.2442,91.678215,0.277989,1.068775,0.902557,1.0,1.0,88.25,88.25,7699.75,7295.75
2010-03-04 00:00:00,CTA(9,21),7371.5,7515.5,7194.9866,7095.0659,99.920686,0.301314,1.160254,0.931113,1.0,1.0,-184.25,-184.25,7515.5,7111.5
2010-03-05 00:00:00,CTA(9,21),7519.5,7663.5,7231.0436,7115.2771,115.766583,0.344829,1.329007,0.960214,1.0,1.0,148.0,148.0,7663.5,7259.5
2010-03-08 00:00:00,CTA(9,21),7441.25,7585.25,7254.3999,7130.7996,123.600324,0.365599,1.410092,0.963771,1.0,1.0,-78.25,-78.25,7585.25,7181.25
2010-03-09 00:00:00,CTA(9,21),7479.0,7623.0,7279.3555,7147.3806,131.974918,0.387494,1.495156,0.960685,1.0,1.0,37.75,37.75,7623.0,7219.0
2010-03-10 00:00:00,CTA(9,21),7408.75,7552.75,7293.7326,7159.8267,133.905923,0.391949,1.513005,0.959192,1.0,1.0,-70.25,-70.25,7552.75,7148.75
2010-03-11 00:00:00,CTA(9,21),7432.0,7576.0,7309.0957,7172.7874,136.308331,0.397959,1.536996,0.956738,1.0,1.0,23.25,23.25,7576.0,7172.0
2010-03-12 00:00:00,CTA(9,21),7412.5,7556.5,7320.5851,7184.2022,136.382811,0.399996,1.545452,0.955754,1.0,1.0,-19.5,-19.5,7556.5,7152.5
2010-03-15 00:00:00,CTA(9,21),7271.5,7415.5,7315.1312,7188.3593,126.771881,0.374742,1.447732,0.963243,1.0,1.0,-141.0,-141.0,7415.5,7011.5
2010-03-16 00:00:00,CTA(9,21),7387.5,7524.0,7323.1721,7197.8422,125.329972,0.371303,1.434056,0.963591,1.0,1.0,108.5,108.5,7524.0,7120.0
2010-03-17 00:00:00,CTA(9,21),7516.5,7653.0,7344.653,7213.0163,131.636663,0.38907,1.502365,0.960116,1.0,1.0,129.0,129.0,7653.0,7249.0
2010-03-18 00:00:00,CTA(9,21),7467.0,7604.0,7358.2471,7225.1108,133.136313,0.391908,1.512951,0.959196,1.0,1.0,-49.0,-49.0,7604.0,7200.0
2010-03-19 00:00:00,CTA(9,21),7414.0,7541.0,7364.4419,7234.1055,130.336354,0.38535,1.487342,0.961249,1.0,1.0,-63.0,-63.0,7541.0,7137.0
2010-03-22 00:00:00,CTA(9,21),7427.25,7554.25,7371.4206,7243.3029,128.117677,0.3811,1.470936,0.962251,1.0,1.0,13.25,13.25,7554.25,7150.25
2010-03-23 00:00:00,CTA(9,21),7417.25,7544.25,7376.5127,7251.5861,124.926641,0.372662,1.438492,0.963497,1.0,1.0,-10.0,-10.0,7544.25,7140.25
2010-03-24 00:00:00,CTA(9,21),7348.25,7475.25,7373.3724,7256.1891,117.183295,0.352248,1.359828,0.962337,1.0,1.0,-69.0,-69.0,7475.25,7071.25
2010-03-25 00:00:00,CTA(9,21),7411.75,7538.75,7377.6366,7263.5968,114.039809,0.343305,1.325807,0.959939,1.0,1.0,63.5,63.5,7538.75,7134.75
2010-03-26 00:00:00,CTA(9,21),7491.75,7618.75,7390.3159,7274.4612,115.854638,0.34776,1.343881,0.961358,1.0,1.0,80.0,80.0,7618.75,7214.75
2010-03-29 00:00:00,CTA(9,21),7745.0,7872.0,7429.7252,7296.8678,132.857378,0.391441,1.513952,0.959104,1.0,1.0,253.25,253.25,7872.0,7468.0
2010-03-30 00:00:00,CTA(9,21),7826.0,7953.0,7473.7557,7322.0646,151.69114,0.43674,1.690924,0.929604,1.0,1.0,81.0,81.0,7953.0,7549.0
2010-03-31 00:00:00,CTA(9,21),7767.75,7894.75,7506.4218,7343.2877,163.134054,0.461777,1.78972,0.902866,1.0,1.0,-58.25,-58.25,7894.75,7490.75
2010-04-01 00:00:00,CTA(9,21),7863.0,7990.0,7546.0416,7368.0359,178.005653,0.493746,1.915779,0.859939,1.0,1.0,95.25,95.25,7990.0,7586.0
2010-04-06 00:00:00,CTA(9,21),7967.25,8094.25,7592.8425,7396.5699,196.272586,0.529575,2.057344,0.802345,1.0,1.0,104.25,104.25,8094.25,7690.25
2010-04-07 00:00:00,CTA(9,21),7921.25,8048.25,7629.3322,7421.5547,207.777541,0.551332,2.144433,0.763197,1.0,1.0,-46.0,-46.0,8048.25,7644.25
2010-04-08 00:00:00,CTA(9,21),7865.75,7992.75,7655.6009,7442.7068,212.894024,0.555713,2.164437,0.753894,1.0,1.0,-55.5,-55.5,7992.75,7588.75
2010-04-09 00:00:00,CTA(9,21),7897.0,8024.0,7682.423,7464.3399,218.083142,0.558457,2.178175,0.747448,1.0,1.0,31.25,31.25,8024.0,7620.0
2010-04-12 00:00:00,CTA(9,21),7875.5,8002.5,7703.876,7483.9189,219.957088,0.555056,2.168522,0.751983,1.0,1.0,-21.5,-21.5,8002.5,7598.5
2010-04-13 00:00:00,CTA(9,21),7870.25,7997.25,7722.362,7502.3156,220.04637,0.546529,2.13948,0.765484,1.0,1.0,-5.25,-5.25,7997.25,7593.25
2010-04-14 00:00:00,CTA(9,21),7920.0,8047.0,7744.3218,7522.2054,222.116416,0.542098,2.127145,0.77115,1.0,1.0,49.75,49.75,8047.0,7643.0
2010-04-15 00:00:00,CTA(9,21),7914.5,8041.5,7763.2305,7540.8861,222.34441,0.533917,2.100202,0.783374,1.0,1.0,-5.5,-5.5,8041.5,7637.5
2010-04-16 00:00:00,CTA(9,21),7728.5,7855.5,7759.3715,7549.8201,209.551472,0.499398,1.969559,0.839082,1.0,1.0,-186.0,-186.0,7855.5,7451.5
2010-04-19 00:00:00,CTA(9,21),7663.0,7790.0,7748.6636,7555.2096,193.454003,0.459046,1.814494,0.895157,1.0,1.0,-65.5,-65.5,7790.0,7386.0
2010-04-20 00:00:00,CTA(9,21),7767.75,7895.25,7750.7843,7565.3305,185.453744,0.436976,1.730327,0.919741,1.0,1.0,105.25,105.25,7895.25,7491.25
2010-04-21 00:00:00,CTA(9,21),7735.0,7862.75,7749.0305,7573.41,175.620436,0.410758,1.628793,0.942831,1.0,1.0,-32.5,-32.5,7862.75,7458.75
2010-04-22 00:00:00,CTA(9,21),7666.25,7793.75,7739.8327,7577.831,162.001654,0.377138,1.49665,0.960571,1.0,1.0,-69.0,-69.0,7793.75,7389.75
2010-04-23 00:00:00,CTA(9,21),7725.0,7840.75,7738.1846,7584.839,153.345534,0.354694,1.408139,0.963762,1.0,1.0,47.0,47.0,7840.75,7436.75
2010-04-26 00:00:00,CTA(9,21),7783.75,7899.5,7743.2474,7594.311,148.936408,0.341815,1.356947,0.962179,1.0,1.0,58.75,58.75,7899.5,7495.5
2010-04-27 00:00:00,CTA(9,21),7463.25,7579.0,7712.1366,7588.07,124.066586,0.284578,1.128757,0.922311,1.0,1.0,-320.5,-320.5,7579.0,7175.0
2010-04-28 00:00:00,CTA(9,21),7373.0,7488.75,7674.4547,7577.8286,96.626172,0.221801,0.878228,0.813722,1.0,1.0,-90.25,-90.25,7488.75,7084.75
2010-04-29 00:00:00,CTA(9,21),7328.0,7443.75,7635.9598,7565.932,70.027799,0.162272,0.640773,0.649733,1.0,1.0,-45.0,-45.0,7443.75,7039.75
2010-04-30 00:00:00,CTA(9,21),7404.0,7519.75,7610.1865,7558.2209,51.965538,0.122548,0.482245,0.511243,1.0,1.0,76.0,76.0,7519.75,7115.75
2010-05-04 00:00:00,CTA(9,21),6996.0,7111.75,7541.9435,7531.4485,10.495023,0.024991,0.097787,0.109611,1.0,1.0,-408.0,-408.0,7111.75,6707.75
2010-05-05 00:00:00,CTA(9,21),6928.25,7044.0,7473.7554,7502.7248,-28.969408,-0.069398,-0.269317,-0.297166,-1.0,1.0,-67.75,-67.75,7044.0,6640.0
2010-05-06 00:00:00,CTA(9,21),6917.25,7033.0,7411.9214,7474.845,-62.923586,-0.153869,-0.590698,-0.608264,-1.0,-1.0,-11.0,11.0,-7033.0,6651.0
2010-05-07 00:00:00,CTA(9,21),6916.25,7032.0,7356.8468,7448.2452,-91.398426,-0.232734,-0.881563,-0.815614,-1.0,-1.0,-1.0,1.0,-7032.0,6652.0
2010-05-10 00:00:00,CTA(9,21),7089.75,7205.5,7327.1694,7431.174,-104.004648,-0.282995,-1.056045,-0.897858,-1.0,-1.0,173.5,-173.5,-7205.5,6478.5
2010-05-11 00:00:00,CTA(9,21),7018.25,7134.0,7292.845,7411.511,-118.665976,-0.339522,-1.246014,-0.949657,-1.0,-1.0,-71.5,71.5,-7134.0,6550.0
2010-05-12 00:00:00,CTA(9,21),6992.75,7108.5,7259.5011,7391.57,-132.068867,-0.391925,-1.412382,-0.963778,-1.0,-1.0,-25.5,25.5,-7108.5,6575.5
2010-05-13 00:00:00,CTA(9,21),7128.25,7244.0,7244.9177,7379.0309,-134.113279,-0.420546,-1.487601,-0.961231,-1.0,-1.0,135.5,-135.5,-7244.0,6440.0
2010-05-14 00:00:00,CTA(9,21),6894.5,7010.25,7205.9824,7355.958,-149.975673,-0.469228,-1.627268,-0.943118,-1.0,-1.0,-233.75,233.75,-7010.25,6673.75
2010-05-17 00:00:00,CTA(9,21),6435.5,6551.25,7120.3732,7312.1267,-191.75349,-0.574148,-1.944983,-0.848782,-1.0,-1.0,-459.0,459.0,-6551.25,7132.75
2010-05-18 00:00:00,CTA(9,21),6673.0,6789.75,7070.6651,7281.6921,-211.02702,-0.621648,-2.055266,-0.803249,-1.0,-1.0,238.5,-238.5,-6789.75,6894.25
2010-05-19 00:00:00,CTA(9,21),6483.75,6600.25,7005.4523,7243.6949,-238.242564,-0.666277,-2.148343,-0.761387,-1.0,-1.0,-189.5,189.5,-6600.25,7083.75
2010-05-20 00:00:00,CTA(9,21),6591.25,6707.0,6959.4298,7212.6261,-253.196239,-0.683725,-2.151484,-0.75993,-1.0,-1.0,106.75,-106.75,-6707.0,6977.0
2010-05-21 00:00:00,CTA(9,21),6830.5,6934.0,6945.1043,7194.4296,-249.325295,-0.661785,-2.036702,-0.811255,-1.0,-1.0,227.0,-227.0,-6934.0,6750.0
2010-05-24 00:00:00,CTA(9,21),6892.5,6996.0,6939.2594,7180.052,-240.792617,-0.630426,-1.901859,-0.865108,-1.0,-1.0,62.0,-62.0,-6996.0,6688.0
2010-05-25 00:00:00,CTA(9,21),6710.0,6813.5,6913.7861,7157.6686,-243.882452,-0.623414,-1.845643,-0.884938,-1.0,-1.0,-182.5,182.5,-6813.5,6870.5
2010-05-26 00:00:00,CTA(9,21),6756.75,6860.25,6896.3376,7138.5772,-242.239548,-0.609289,-1.772463,-0.908008,-1.0,-1.0,46.75,-46.75,-6860.25,6823.75
2010-05-27 00:00:00,CTA(9,21),6961.75,7065.25,6903.6057,7130.1569,-226.551166,-0.566656,-1.623171,-0.943881,-1.0,-1.0,205.0,-205.0,-7065.25,6618.75
2010-05-28 00:00:00,CTA(9,21),6917.0,7020.5,6905.0939,7120.0065,-214.912582,-0.536147,-1.514594,-0.959045,-1.0,-1.0,-44.75,44.75,-7020.5,6663.5
2010-06-01 00:00:00,CTA(9,21),6724.25,6827.75,6885.0002,7101.161,-216.160805,-0.529485,-1.476308,-0.96195,-1.0,-1.0,-192.75,192.75,-6827.75,6856.25
2010-06-02 00:00:00,CTA(9,21),6641.75,6745.25,6857.9724,7079.2843,-221.311889,-0.52935,-1.457502,-0.962886,-1.0,-1.0,-82.5,82.5,-6745.25,6938.75
2010-06-03 00:00:00,CTA(9,21),6497.0,6600.5,6817.8643,7051.5564,-233.692108,-0.541939,-1.473827,-0.962092,-1.0,-1.0,-144.75,144.75,-6600.5,7083.5
2010-06-04 00:00:00,CTA(9,21),6251.0,6354.5,6754.8794,7013.4347,-258.555299,-0.573154,-1.538986,-0.956512,-1.0,-1.0,-246.0,246.0,-6354.5,7329.5
2010-06-07 00:00:00,CTA(9,21),6069.5,6173.0,6678.7261,6968.4854,-289.759294,-0.607063,-1.608713,-0.946465,-1.0,-1.0,-181.5,181.5,-6173.0,7511.0
2010-06-08 00:00:00,CTA(9,21),6135.0,6238.5,6618.3121,6928.7957,-310.483527,-0.623493,-1.630935,-0.942424,-1.0,-1.0,65.5,-65.5,-6238.5,7445.5
2010-06-09 00:00:00,CTA(9,21),6311.75,6415.25,6584.2497,6899.4125,-315.162859,-0.615844,-1.591455,-0.949329,-1.0,-1.0,176.75,-176.75,-6415.25,7268.75
2010-06-10 00:00:00,CTA(9,21),6381.75,6485.25,6561.7497,6874.7619,-313.012226,-0.599201,-1.531427,-0.957353,-1.0,-1.0,70.0,-70.0,-6485.25,7198.75
2010-06-11 00:00:00,CTA(9,21),6455.5,6559.0,6549.9442,6854.7971,-304.852895,-0.574199,-1.453058,-0.963059,-1.0,-1.0,73.75,-73.75,-6559.0,7125.0
2010-06-14 00:00:00,CTA(9,21),6635.25,6738.75,6559.4226,6844.3425,-284.919847,-0.532375,-1.335567,-0.960746,-1.0,-1.0,179.75,-179.75,-6738.75,6945.25
2010-06-15 00:00:00,CTA(9,21),6665.25,6764.75,6571.1812,6835.8142,-264.633036,-0.491183,-1.222862,-0.945426,-1.0,-1.0,26.0,-26.0,-6764.75,6919.25
2010-06-16 00:00:00,CTA(9,21),6634.75,6734.5,6578.2444,6826.2398,-247.995349,-0.456533,-1.128828,-0.922333,-1.0,-1.0,-30.25,30.25,-6734.5,6949.5
2010-06-17 00:00:00,CTA(9,21),6430.5,6530.75,6561.8284,6807.395,-245.566644,-0.445906,-1.095338,-0.911791,-1.0,-1.0,-203.75,203.75,-6530.75,7153.25
2010-06-18 00:00:00,CTA(9,21),6418.75,6510.5,6545.9308,6788.8881,-242.957334,-0.436334,-1.065182,-0.901249,-1.0,-1.0,-20.25,20.25,-6510.5,7173.5
2010-06-21 00:00:00,CTA(9,21),6586.5,6678.25,6550.4385,6779.2506,-228.812113,-0.408764,-0.992036,-0.871538,-1.0,-1.0,167.75,-167.75,-6678.25,7005.75
2010-06-22 00:00:00,CTA(9,21),6592.25,6684.0,6555.0842,6770.3458,-215.261597,-0.382521,-0.923286,-0.838285,-1.0,-1.0,5.75,-5.75,-6684.0,7000.0
2010-06-23 00:00:00,CTA(9,21),6497.0,6588.75,6548.6304,6757.3293,-208.698929,-0.368197,-0.884189,-0.817096,-1.0,-1.0,-95.25,95.25,-6588.75,7095.25
2010-06-24 00:00:00,CTA(9,21),6675.5,6767.25,6562.727,6753.4327,-190.705671,-0.335756,-0.802735,-0.767749,-1.0,-1.0,178.5,-178.5,-6767.25,6916.75
2010-06-25 00:00:00,CTA(9,21),6751.75,6843.5,6583.7296,6753.3526,-169.622989,-0.29827,-0.710422,-0.703606,-1.0,-1.0,76.25,-76.25,-6843.5,6840.5
2010-06-28 00:00:00,CTA(9,21),6849.25,6941.0,6613.2318,6757.9191,-144.687263,-0.254767,-0.604932,-0.620275,-1.0,-1.0,97.5,-97.5,-6941.0,6743.0
2010-06-29 00:00:00,CTA(9,21),6472.0,6563.75,6597.5394,6744.3039,-146.764494,-0.257275,-0.608976,-0.623657,-1.0,-1.0,-377.25,377.25,-6563.75,7120.25
2010-06-30 00:00:00,CTA(9,21),6492.75,6584.5,6585.8961,6732.3251,-146.429005,-0.257765,-0.608313,-0.623103,-1.0,-1.0,20.75,-20.75,-6584.5,7099.5
2010-07-01 00:00:00,CTA(9,21),6307.25,6399.0,6554.9355,6712.0835,-157.148013,-0.277414,-0.652611,-0.659208,-1.0,-1.0,-185.5,185.5,-6399.0,7285.0
2010-07-02 00:00:00,CTA(9,21),6387.75,6479.5,6536.3593,6696.639,-160.279724,-0.284348,-0.666765,-0.670369,-1.0,-1.0,80.5,-80.5,-6479.5,7204.5
2010-07-05 00:00:00,CTA(9,21),6446.75,6538.5,6526.4027,6684.7395,-158.336836,-0.284407,-0.664755,-0.668795,-1.0,-1.0,59.0,-59.0,-6538.5,7145.5
2010-07-06 00:00:00,CTA(9,21),6584.0,6675.75,6532.8024,6679.9424,-147.140015,-0.270467,-0.630186,-0.641151,-1.0,-1.0,137.25,-137.25,-6675.75,7008.25
2010-07-07 00:00:00,CTA(9,21),6623.75,6715.5,6542.9077,6677.2666,-134.358898,-0.252975,-0.587619,-0.605642,-1.0,-1.0,39.75,-39.75,-6715.5,6968.5
2010-07-08 00:00:00,CTA(9,21),6595.5,6687.25,6548.7513,6673.3729,-124.621661,-0.24011,-0.556109,-0.578352,-1.0,-1.0,-28.25,28.25,-6687.25,6996.75
2010-07-09 00:00:00,CTA(9,21),6743.25,6835.0,6570.3623,6676.7004,-106.338171,-0.21108,-0.487604,-0.516253,-1.0,-1.0,147.75,-147.75,-6835.0,6849.0
2010-07-12 00:00:00,CTA(9,21),6610.75,6702.5,6574.8498,6673.5599,-98.710148,-0.201884,-0.465202,-0.49517,-1.0,-1.0,-132.5,132.5,-6702.5,6981.5
2010-07-13 00:00:00,CTA(9,21),6666.0,6757.75,6584.9776,6673.1999,-88.222349,-0.18669,-0.429207,-0.460549,-1.0,-1.0,55.25,-55.25,-6757.75,6926.25
2010-07-14 00:00:00,CTA(9,21),6706.0,6797.75,6598.4245,6674.7618,-76.337322,-0.168633,-0.386915,-0.418766,-1.0,-1.0,40.0,-40.0,-6797.75,6886.25
2010-07-15 00:00:00,CTA(9,21),6661.5,6753.25,6605.4329,6674.1303,-68.697418,-0.15922,-0.364664,-0.396337,-1.0,-1.0,-44.5,44.5,-6753.25,6930.75
2010-07-16 00:00:00,CTA(9,21),6468.75,6560.5,6590.2459,6664.3503,-74.104393,-0.17756,-0.405936,-0.4377,-1.0,-1.0,-192.75,192.75,-6560.5,7123.5
2010-07-19 00:00:00,CTA(9,21),6494.75,6586.5,6579.6353,6656.2741,-76.638845,-0.189774,-0.433111,-0.464347,-1.0,-1.0,26.0,-26.0,-6586.5,7097.5
2010-07-20 00:00:00,CTA(9,21),6630.75,6722.0,6585.3147,6655.0587,-69.743995,-0.181777,-0.414269,-0.445922,-1.0,-1.0,135.5,-135.5,-6722.0,6962.0
2010-07-21 00:00:00,CTA(9,21),6853.0,6943.25,6615.0575,6664.4844,-49.426959,-0.136178,-0.310116,-0.340167,-1.0,-1.0,221.25,-221.25,-6943.25,6740.75
2010-07-22 00:00:00,CTA(9,21),7002.75,7094.0,6658.1344,6680.5923,-22.457897,-0.06511,-0.14829,-0.165705,-1.0,-1.0,150.75,-150.75,-7094.0,6590.0
2010-07-23 00:00:00,CTA(9,21),7018.25,7105.5,6698.1473,6696.6713,1.476007,0.004571,0.010418,0.011705,1.0,-1.0,11.5,-11.5,-7105.5,6578.5
2010-07-26 00:00:00,CTA(9,21),7136.5,7223.75,6746.8531,6717.6155,29.23764,0.098144,0.22402,0.24857,1.0,1.0,118.25,118.25,7223.75,6696.75
2010-07-27 00:00:00,CTA(9,21),7044.5,7131.75,6779.925,6733.1814,46.743586,0.163863,0.374742,0.406532,1.0,1.0,-92.0,-92.0,7131.75,6604.75
2010-07-28 00:00:00,CTA(9,21),7156.25,7243.5,6821.7389,6753.3275,68.411351,0.245827,0.563293,0.584647,1.0,1.0,111.75,111.75,7243.5,6716.5
2010-07-29 00:00:00,CTA(9,21),7216.5,7303.75,6865.6012,6775.3834,90.217865,0.328579,0.75449,0.735288,1.0,1.0,60.25,60.25,7303.75,6776.75
2010-07-30 00:00:00,CTA(9,21),7281.75,7369.0,6911.84,6799.4961,112.343919,0.41624,0.95774,0.855592,1.0,1.0,65.25,65.25,7369.0,6842.0
2010-08-02 00:00:00,CTA(9,21),7493.0,7580.25,6976.4133,6832.5201,143.893257,0.503868,1.161785,0.931513,1.0,1.0,211.25,211.25,7580.25,7053.25
2010-08-03 00:00:00,CTA(9,21),7405.75,7493.0,7024.1174,6859.8167,164.300669,0.551956,1.275269,0.954195,1.0,1.0,-87.25,-87.25,7493.0,6966.0
2010-08-04 00:00:00,CTA(9,21),7484.0,7571.25,7075.2155,6889.5397,185.675722,0.594816,1.377062,0.963109,1.0,1.0,78.25,78.25,7571.25,7044.25
2010-08-05 00:00:00,CTA(9,21),7375.75,7463.0,7108.6082,6912.6926,195.915579,0.608463,1.411326,0.963776,1.0,1.0,-108.25,-108.25,7463.0,6936.0
2010-08-06 00:00:00,CTA(9,21),7348.75,7436.0,7135.2906,6933.4573,201.833365,0.614868,1.428942,0.963675,1.0,1.0,-27.0,-27.0,7436.0,6909.0
2010-08-09 00:00:00,CTA(9,21),7402.5,7489.75,7164.9805,6955.7926,209.187927,0.620578,1.444916,0.963329,1.0,1.0,53.75,53.75,7489.75,6962.75
2010-08-10 00:00:00,CTA(9,21),7276.5,7363.75,7177.3716,6971.0644,206.307198,0.602569,1.405688,0.963745,1.0,1.0,-126.0,-126.0,7363.75,6836.75
2010-08-11 00:00:00,CTA(9,21),7175.25,7262.5,7177.1359,6980.7875,196.348341,0.571977,1.337249,0.960876,1.0,1.0,-101.25,-101.25,7262.5,6735.5
2010-08-12 00:00:00,CTA(9,21),7231.25,7318.5,7183.1485,6992.7143,190.434238,0.546852,1.281738,0.955078,1.0,1.0,56.0,56.0,7318.5,6791.5
2010-08-13 00:00:00,CTA(9,21),7132.75,7220.0,7177.5487,6999.3827,178.166033,0.510271,1.199218,0.940515,1.0,1.0,-98.5,-98.5,7220.0,6693.0
2010-08-16 00:00:00,CTA(9,21),7224.5,7311.75,7182.7655,7010.1025,172.662971,0.488026,1.149835,0.928321,1.0,1.0,91.75,91.75,7311.75,6784.75
2010-08-17 00:00:00,CTA(9,21),7368.5,7453.25,7203.4027,7027.1691,176.23359,0.489852,1.156717,0.930178,1.0,1.0,141.5,141.5,7453.25,6926.25
2010-08-18 00:00:00,CTA(9,21),7377.5,7462.0,7222.7468,7043.8515,178.895312,0.488048,1.15471,0.929642,1.0,1.0,8.75,8.75,7462.0,6935.0
2010-08-19 00:00:00,CTA(9,21),7294.0,7378.0,7230.6638,7055.7633,174.900499,0.470336,1.11482,0.918072,1.0,1.0,-84.0,-84.0,7378.0,6851.0
2010-08-20 00:00:00,CTA(9,21),7245.0,7322.0,7232.2568,7064.7746,167.482135,0.445608,1.058214,0.898671,1.0,1.0,-56.0,-56.0,7322.0,6795.0
2010-08-23 00:00:00,CTA(9,21),7244.5,7321.5,7233.6171,7073.333,160.284144,0.422259,1.00485,0.877166,1.0,1.0,-0.5,-0.5,7321.5,6794.5
2010-08-24 00:00:00,CTA(9,21),7125.0,7202.0,7221.5485,7075.7933,145.755241,0.382095,0.911213,0.831918,1.0,1.0,-119.5,-119.5,7202.0,6675.0
2010-08-25 00:00:00,CTA(9,21),7089.5,7166.5,7206.8765,7076.446,130.430481,0.340953,0.814808,0.7755,1.0,1.0,-35.5,-35.5,7166.5,6639.5
2010-08-26 00:00:00,CTA(9,21),7298.0,7375.0,7217.0013,7086.9962,130.005126,0.33593,0.804334,0.768784,1.0,1.0,208.5,208.5,7375.0,6848.0
2010-08-27 00:00:00,CTA(9,21),7453.25,7530.25,7243.2512,7104.4369,138.814322,0.35182,0.843919,0.793569,1.0,1.0,155.25,155.25,7530.25,7003.25
2010-08-31 00:00:00,CTA(9,21),7432.25,7509.25,7264.251,7120.047,144.204041,0.359995,0.864855,0.806015,1.0,1.0,-21.0,-21.0,7509.25,6982.25
2010-09-01 00:00:00,CTA(9,21),7598.25,7675.25,7301.362,7142.8186,158.543465,0.388008,0.933244,0.84342,1.0,1.0,166.0,166.0,7675.25,7148.25
2010-09-02 00:00:00,CTA(9,21),7625.75,7702.75,7337.4051,7165.8153,171.589837,0.416948,1.003739,0.876686,1.0,1.0,27.5,27.5,7702.75,7175.75
2010-09-03 00:00:00,CTA(9,21),7635.5,7712.5,7370.5268,7188.1812,182.34555,0.446767,1.076172,0.905206,1.0,1.0,9.75,9.75,7712.5,7185.5
2010-09-06 00:00:00,CTA(9,21),7695.5,7772.5,7406.6349,7212.3393,194.295648,0.477282,1.150045,0.928378,1.0,1.0,60.0,60.0,7772.5,7245.5
2010-09-07 00:00:00,CTA(9,21),7615.0,7692.0,7429.7866,7231.5136,198.273003,0.486541,1.172644,0.93428,1.0,1.0,-80.5,-80.5,7692.0,7165.0
2010-09-08 00:00:00,CTA(9,21),7659.75,7736.75,7455.3381,7251.9058,203.432282,0.496426,1.196583,0.939931,1.0,1.0,44.75,44.75,7736.75,7209.75
2010-09-09 00:00:00,CTA(9,21),7540.25,7617.25,7464.7727,7265.6365,199.136262,0.485764,1.170891,0.933842,1.0,1.0,-119.5,-119.5,7617.25,7090.25
2010-09-10 00:00:00,CTA(9,21),7471.25,7548.25,7465.4924,7275.4276,190.064837,0.462019,1.11366,0.91771,1.0,1.0,-69.0,-69.0,7548.25,7021.25
2010-09-13 00:00:00,CTA(9,21),7617.75,7694.75,7482.4099,7291.7287,190.681277,0.458642,1.105357,0.915073,1.0,1.0,146.5,146.5,7694.75,7167.75
2010-09-14 00:00:00,CTA(9,21),7649.0,7721.75,7500.92,7308.7416,192.178362,0.457823,1.103116,0.914348,1.0,1.0,27.0,27.0,7721.75,7194.75
2010-09-15 00:00:00,CTA(9,21),7612.5,7685.75,7513.3177,7323.2063,190.111459,0.454639,1.095201,0.911745,1.0,1.0,-36.0,-36.0,7685.75,7158.75
2010-09-16 00:00:00,CTA(9,21),7697.25,7768.5,7533.7547,7341.0179,192.736771,0.461917,1.112419,0.917321,1.0,1.0,82.75,82.75,7768.5,7241.5
2010-09-17 00:00:00,CTA(9,21),7718.75,7789.5,7554.3097,7359.0051,195.304566,0.46529,1.120108,0.919706,1.0,1.0,21.0,21.0,7789.5,7262.5
2010-09-20 00:00:00,CTA(9,21),7711.5,7782.25,7571.7753,7375.7906,195.984685,0.465078,1.119095,0.919395,1.0,1.0,-7.25,-7.25,7782.25,7255.25
2010-09-21 00:00:00,CTA(9,21),7676.0,7746.75,7583.3558,7390.0863,193.269524,0.460865,1.108447,0.916063,1.0,1.0,-35.5,-35.5,7746.75,7219.75
2010-09-22 00:00:00,CTA(9,21),7844.0,7914.75,7612.3163,7411.7012,200.61505,0.472862,1.13663,0.924613,1.0,1.0,168.0,168.0,7914.75,7387.75
2010-09-23 00:00:00,CTA(9,21),7887.5,7958.25,7642.8922,7434.3583,208.533935,0.484137,1.162896,0.931803,1.0,1.0,43.5,43.5,7958.25,7431.25
2010-09-24 00:00:00,CTA(9,21),7949.5,8020.25,7676.9598,7458.8889,218.070907,0.496263,1.191061,0.938682,1.0,1.0,62.0,62.0,8020.25,7493.25
2010-09-27 00:00:00,CTA(9,21),7911.0,7981.75,7702.9642,7480.418,222.546275,0.507357,1.216637,0.944191,1.0,1.0,-38.5,-38.5,7981.75,7454.75
2010-09-28 00:00:00,CTA(9,21),7951.0,8021.75,7730.5238,7502.8266,227.697136,0.519577,1.244814,0.949452,1.0,1.0,40.0,40.0,8021.75,7494.75
2010-09-29 00:00:00,CTA(9,21),8063.5,8134.25,7767.5211,7529.5254,237.995763,0.548734,1.313238,0.958756,1.0,1.0,112.5,112.5,8134.25,7607.25
2010-09-30 00:00:00,CTA(9,21),8010.0,8080.75,7794.4632,7552.4051,242.058115,0.564644,1.349765,0.961749,1.0,1.0,-53.5,-53.5,8080.75,7553.75
2010-10-01 00:00:00,CTA(9,21),8093.0,8163.75,7827.634,7578.1477,249.486254,0.585175,1.397167,0.963639,1.0,1.0,83.0,83.0,8163.75,7636.75
2010-10-04 00:00:00,CTA(9,21),8053.5,8124.25,7852.7302,7600.7835,251.946656,0.591999,1.411845,0.963777,1.0,1.0,-39.5,-39.5,8124.25,7597.25
2010-10-05 00:00:00,CTA(9,21),8164.25,8235.0,7887.3435,7627.6153,259.728231,0.60715,1.446152,0.963292,1.0,1.0,110.75,110.75,8235.0,7708.0
2010-10-06 00:00:00,CTA(9,21),8246.25,8317.0,7927.222,7657.0741,270.147933,0.627929,1.493536,0.960807,1.0,1.0,82.0,82.0,8317.0,7790.0
2010-10-07 00:00:00,CTA(9,21),8089.5,8160.25,7945.2529,7677.6658,267.58711,0.621177,1.475337,0.962006,1.0,1.0,-156.75,-156.75,8160.25,7633.25
2010-10-08 00:00:00,CTA(9,21),8306.0,8376.75,7985.3359,7707.5865,277.749445,0.642044,1.522374,0.958294,1.0,1.0,216.5,216.5,8376.75,7849.75
2010-10-11 00:00:00,CTA(9,21),8285.0,8355.75,8018.6319,7735.0823,283.549572,0.65366,1.547153,0.955548,1.0,1.0,-21.0,-21.0,8355.75,7828.75
2010-10-12 00:00:00,CTA(9,21),8342.25,8413.0,8054.5895,7763.9951,290.594391,0.665946,1.573292,0.952078,1.0,1.0,57.25,57.25,8413.0,7886.0
2010-10-13 00:00:00,CTA(9,21),8354.25,8425.0,8087.8851,7792.1025,295.782627,0.677856,1.598276,0.948226,1.0,1.0,12.0,12.0,8425.0,7898.0
2010-10-14 00:00:00,CTA(9,21),8388.0,8458.75,8121.2312,7820.4785,300.752655,0.701722,1.650919,0.938458,1.0,1.0,33.75,33.75,8458.75,7931.75
2010-10-15 00:00:00,CTA(9,21),8381.5,8452.25,8150.15,7847.1939,302.956103,0.72245,1.69565,0.928479,1.0,1.0,-6.5,-6.5,8452.25,7925.25
2010-10-18 00:00:00,CTA(9,21),8426.0,8496.75,8180.8,7874.756,306.043911,0.738101,1.72812,0.920322,1.0,1.0,44.5,44.5,8496.75,7969.75
2010-10-19 00:00:00,CTA(9,21),8251.0,8318.25,8188.6,7892.6724,295.927537,0.720301,1.682808,0.931496,1.0,1.0,-178.5,-178.5,8318.25,7791.25
2010-10-20 00:00:00,CTA(9,21),8330.0,8397.75,8204.3111,7913.4975,290.813529,0.705778,1.646055,0.939452,1.0,1.0,79.5,79.5,8397.75,7870.75
2010-10-21 00:00:00,CTA(9,21),8298.5,8365.75,8214.7765,7931.831,282.945515,0.68714,1.600772,0.947813,1.0,1.0,-32.0,-32.0,8365.75,7838.75
2010-10-22 00:00:00,CTA(9,21),8326.0,8386.75,8227.1347,7950.601,276.533728,0.667966,1.555401,0.954516,1.0,1.0,21.0,21.0,8386.75,7859.75
2010-10-25 00:00:00,CTA(9,21),8514.5,8575.25,8259.0642,7977.4533,281.610872,0.673285,1.567914,0.95284,1.0,1.0,188.5,188.5,8575.25,8048.25
2010-10-26 00:00:00,CTA(9,21),8508.75,8569.5,8286.807,8002.7531,284.0539,0.670361,1.562638,0.953563,1.0,1.0,-5.75,-5.75,8569.5,8042.5
2010-10-27 00:00:00,CTA(9,21),8296.0,8356.75,8287.8285,8016.7173,271.111204,0.639197,1.492247,0.960901,1.0,1.0,-212.75,-212.75,8356.75,7829.75
2010-10-28 00:00:00,CTA(9,21),8334.0,8394.75,8292.9586,8031.826,261.132672,0.613091,1.434863,0.963575,1.0,1.0,38.0,38.0,8394.75,7867.75
2010-10-29 00:00:00,CTA(9,21),8191.25,8252.0,8281.6577,8039.4176,242.240092,0.566452,1.329065,0.960219,1.0,1.0,-142.75,-142.75,8252.0,7725.0
2010-11-01 00:00:00,CTA(9,21),8291.0,8351.75,8282.6957,8051.3977,231.298012,0.538401,1.266552,0.952937,1.0,1.0,99.75,99.75,8351.75,7824.75
2010-11-02 00:00:00,CTA(9,21),8427.0,8487.75,8298.7295,8069.2835,229.445998,0.527551,1.243747,0.949268,1.0,1.0,136.0,136.0,8487.75,7960.75
2010-11-03 00:00:00,CTA(9,21),8312.0,8372.75,8300.204,8080.8415,219.362568,0.50337,1.189485,0.93832,1.0,1.0,-115.0,-115.0,8372.75,7845.75
2010-11-04 00:00:00,CTA(9,21),8596.0,8656.75,8333.0702,8105.3728,227.697428,0.515129,1.219703,0.944804,1.0,1.0,284.0,284.0,8656.75,8129.75
2010-11-05 00:00:00,CTA(9,21),8653.0,8713.75,8368.618,8131.4503,237.167694,0.527298,1.250484,0.950409,1.0,1.0,57.0,57.0,8713.75,8186.75
2010-11-08 00:00:00,CTA(9,21),8663.0,8723.75,8401.3271,8156.7622,244.564915,0.538262,1.278226,0.954604,1.0,1.0,10.0,10.0,8723.75,8196.75
2010-11-09 00:00:00,CTA(9,21),8862.5,8923.25,8452.5685,8190.3688,262.199786,0.56835,1.350916,0.961821,1.0,1.0,199.5,199.5,8923.25,8396.25
2010-11-10 00:00:00,CTA(9,21),8766.5,8827.25,8487.4498,8217.8036,269.646238,0.579672,1.37869,0.963167,1.0,1.0,-96.0,-96.0,8827.25,8300.25
2010-11-11 00:00:00,CTA(9,21),8835.75,8896.5,8526.1498,8247.2296,278.920239,0.59723,1.420737,0.963759,1.0,1.0,69.25,69.25,8896.5,8369.5
2010-11-12 00:00:00,CTA(9,21),8628.0,8688.75,8537.4665,8265.3615,272.105,0.585759,1.393625,0.963574,1.0,1.0,-207.75,-207.75,8688.75,8161.75
2010-11-15 00:00:00,CTA(9,21),8670.0,8730.75,8552.1925,8284.63,267.562443,0.574845,1.368546,0.962764,1.0,1.0,42.0,42.0,8730.75,8203.75
2010-11-16 00:00:00,CTA(9,21),8166.5,8216.25,8509.3377,8279.0048,230.332964,0.502094,1.197127,0.940052,1.0,1.0,-514.5,-514.5,8216.25,7689.25
2010-11-17 00:00:00,CTA(9,21),8221.0,8263.75,8477.3002,8276.2426,201.057569,0.44699,1.067993,0.902274,1.0,1.0,47.5,47.5,8263.75,7736.75
2010-11-18 00:00:00,CTA(9,21),8449.0,8495.75,8474.1557,8284.4692,189.68656,0.430005,1.029648,0.887548,1.0,1.0,232.0,232.0,8495.75,7968.75
2010-11-19 00:00:00,CTA(9,21),8431.0,8491.75,8469.3607,8291.4468,177.91382,0.412646,0.990334,0.870777,1.0,1.0,-4.0,-4.0,8491.75,7964.75
2010-11-22 00:00:00,CTA(9,21),8317.5,8378.25,8452.4873,8292.6875,159.799786,0.385376,0.92721,0.840321,1.0,1.0,-113.5,-113.5,8378.25,7851.25
2010-11-23 00:00:00,CTA(9,21),8170.0,8230.75,8421.0998,8286.8452,134.254574,0.340476,0.821266,0.779585,1.0,1.0,-147.5,-147.5,8230.75,7703.75
2010-11-24 00:00:00,CTA(9,21),8286.0,8346.75,8406.0887,8286.805,119.283735,0.313166,0.757413,0.737321,1.0,1.0,116.0,116.0,8346.75,7819.75
2010-11-25 00:00:00,CTA(9,21),8388.0,8448.75,8404.0788,8291.6238,112.455068,0.301998,0.732163,0.719474,1.0,1.0,102.0,102.0,8448.75,7921.75
2010-11-26 00:00:00,CTA(9,21),8287.0,8347.75,8391.0701,8291.4036,99.666488,0.27567,0.669837,0.672766,1.0,1.0,-101.0,-101.0,8347.75,7820.75
2010-11-29 00:00:00,CTA(9,21),8266.0,8326.75,8377.1734,8290.1939,86.979507,0.245226,0.597178,0.613754,1.0,1.0,-21.0,-21.0,8326.75,7799.75
2010-11-30 00:00:00,CTA(9,21),8416.0,8476.75,8381.4875,8296.1847,85.302806,0.244255,0.596198,0.612925,1.0,1.0,150.0,150.0,8476.75,7949.75
2010-12-01 00:00:00,CTA(9,21),8647.0,8707.75,8410.9889,8312.8902,98.098706,0.282583,0.691414,0.689357,1.0,1.0,231.0,231.0,8707.75,8180.75
2010-12-02 00:00:00,CTA(9,21),8774.0,8834.75,8451.3234,8334.8478,116.475665,0.333962,0.818989,0.77815,1.0,1.0,127.0,127.0,8834.75,8307.75
2010-12-03 00:00:00,CTA(9,21),8768.0,8828.75,8486.5097,8355.4741,131.035654,0.377361,0.927263,0.840349,1.0,1.0,-6.0,-6.0,8828.75,8301.75
2010-12-06 00:00:00,CTA(9,21),8816.5,8877.25,8523.1753,8377.4277,145.747624,0.419748,1.033051,0.88892,1.0,1.0,48.5,48.5,8877.25,8350.25
2010-12-07 00:00:00,CTA(9,21),8911.0,8971.75,8566.2669,8402.8359,163.431051,0.473537,1.166663,0.932772,1.0,1.0,94.5,94.5,8971.75,8444.75
2010-12-08 00:00:00,CTA(9,21),9048.0,9108.75,8619.7928,8433.558,186.234846,0.542191,1.336255,0.960799,1.0,1.0,137.0,137.0,9108.75,8581.75
2010-12-09 00:00:00,CTA(9,21),8987.5,9048.25,8660.6492,8459.9362,200.713007,0.58463,1.440297,0.963454,1.0,1.0,-60.5,-60.5,9048.25,8521.25
2010-12-10 00:00:00,CTA(9,21),9033.0,9093.75,8702.0215,8487.2249,214.796566,0.624012,1.535771,0.956876,1.0,1.0,45.5,45.5,9093.75,8566.75
2010-12-13 00:00:00,CTA(9,21),9295.0,9355.75,8767.908,8525.6904,242.217587,0.687744,1.68956,0.929925,1.0,1.0,262.0,262.0,9355.75,8828.75
2010-12-14 00:00:00,CTA(9,21),9196.5,9280.25,8815.5293,8557.6337,257.895607,0.722442,1.770689,0.908526,1.0,1.0,-75.5,-75.5,9280.25,8753.25
2010-12-15 00:00:00,CTA(9,21),9126.0,9210.75,8850.0261,8584.6988,265.327287,0.740285,1.809898,0.896615,1.0,1.0,-69.5,-69.5,9210.75,8683.75
2010-12-16 00:00:00,CTA(9,21),9021.5,9106.75,8869.0787,8605.4988,263.579888,0.742133,1.809659,0.896691,1.0,1.0,-104.0,-104.0,9106.75,8579.75
2010-12-17 00:00:00,CTA(9,21),9104.0,9203.75,8895.1811,8629.237,265.944101,0.756151,1.838517,0.887326,1.0,1.0,97.0,97.0,9203.75,8676.75
2010-12-20 00:00:00,CTA(9,21),9235.0,9334.75,8932.9388,8658.0829,274.855899,0.771198,1.869335,0.876791,1.0,1.0,131.0,131.0,9334.75,8807.75
2010-12-21 00:00:00,CTA(9,21),9401.0,9500.75,8984.9456,8693.4599,291.485698,0.794423,1.919126,0.858681,1.0,1.0,166.0,166.0,9500.75,8973.75
2010-12-22 00:00:00,CTA(9,21),9393.0,9492.75,9030.2849,8726.7713,303.513645,0.805316,1.938721,0.851209,1.0,1.0,-8.0,-8.0,9492.75,8965.75
2010-12-23 00:00:00,CTA(9,21),9341.0,9440.75,9064.8088,8756.0203,308.788555,0.807437,1.937248,0.851777,1.0,1.0,-52.0,-52.0,9440.75,8913.75
2010-12-24 00:00:00,CTA(9,21),9388.0,9487.75,9100.719,8786.1146,314.604412,0.808422,1.933469,0.85323,1.0,1.0,47.0,47.0,9487.75,8960.75
2010-12-29 00:00:00,CTA(9,21),9442.0,9541.75,9138.6391,8817.3472,321.291886,0.805416,1.920702,0.858087,1.0,1.0,54.0,54.0,9541.75,9014.75
2010-12-30 00:00:00,CTA(9,21),9535.5,9635.25,9182.7347,8851.5449,331.189792,0.809248,1.924732,0.856563,1.0,1.0,93.5,93.5,9635.25,9108.25
2010-12-31 00:00:00,CTA(9,21),9644.0,9743.75,9233.9864,8889.2809,344.705532,0.81348,1.93045,0.854386,1.0,1.0,108.5,108.5,9743.75,9216.75
2011-01-04 00:00:00,CTA(9,21),9619.25,9719.0,9276.7935,8924.0413,352.752162,0.811693,1.922719,0.857325,1.0,1.0,-24.75,-24.75,9719.0,9192.0
2011-01-05 00:00:00,CTA(9,21),9586.0,9685.75,9311.1498,8955.5632,355.586599,0.799101,1.890611,0.869212,1.0,1.0,-33.25,-33.25,9685.75,9158.75
2011-01-06 00:00:00,CTA(9,21),9492.5,9592.25,9331.2998,8981.1316,350.168204,0.773502,1.82884,0.890521,1.0,1.0,-93.5,-93.5,9592.25,9065.25
2011-01-07 00:00:00,CTA(9,21),9436.0,9535.75,9342.9332,9002.792,340.141159,0.747777,1.767308,0.909507,1.0,1.0,-56.5,-56.5,9535.75,9008.75
2011-01-10 00:00:00,CTA(9,21),9333.0,9432.75,9341.8295,9018.5162,323.313285,0.706098,1.669051,0.934593,1.0,1.0,-103.0,-103.0,9432.75,8905.75
2011-01-11 00:00:00,CTA(9,21),9524.5,9624.25,9362.1262,9042.6107,319.515543,0.688006,1.626664,0.943231,1.0,1.0,191.5,191.5,9624.25,9097.25
2011-01-12 00:00:00,CTA(9,21),9697.75,9797.5,9399.4177,9073.8078,325.609965,0.684335,1.618448,0.944743,1.0,1.0,173.25,173.25,9797.5,9270.5
2011-01-13 00:00:00,CTA(9,21),9622.5,9722.25,9424.2046,9099.936,324.268682,0.669956,1.585058,0.950329,1.0,1.0,-75.25,-75.25,9722.25,9195.25
2011-01-14 00:00:00,CTA(9,21),9662.0,9761.75,9450.6264,9126.7009,323.925434,0.657303,1.555653,0.954484,1.0,1.0,39.5,39.5,9761.75,9234.75
2011-01-17 00:00:00,CTA(9,21),9648.0,9747.75,9472.5568,9151.5247,321.032073,0.641858,1.519799,0.958548,1.0,1.0,-14.0,-14.0,9747.75,9220.75
2011-01-18 00:00:00,CTA(9,21),9727.5,9808.75,9500.8838,9178.9521,321.931704,0.63208,1.497344,0.960517,1.0,1.0,61.0,61.0,9808.75,9281.75
2011-01-19 00:00:00,CTA(9,21),9596.0,9680.75,9511.4523,9198.8115,312.640748,0.61149,1.449074,0.963199,1.0,1.0,-128.0,-128.0,9680.75,9153.75
2011-01-20 00:00:00,CTA(9,21),9372.0,9458.25,9495.9576,9207.0586,288.898981,0.566711,1.343322,0.961319,1.0,1.0,-222.5,-222.5,9458.25,8931.25
2011-01-21 00:00:00,CTA(9,21),9462.5,9556.25,9492.2401,9219.2225,273.017598,0.536857,1.272895,0.953861,1.0,1.0,98.0,98.0,9556.25,9029.25
2011-01-24 00:00:00,CTA(9,21),9548.5,9642.25,9498.4912,9234.9023,263.58882,0.518143,1.228862,0.946577,1.0,1.0,86.0,86.0,9642.25,9115.25
2011-01-25 00:00:00,CTA(9,21),9265.0,9358.75,9472.5477,9236.3356,236.212136,0.46561,1.104687,0.914857,1.0,1.0,-283.5,-283.5,9358.75,8831.75
2011-01-26 00:00:00,CTA(9,21),9343.0,9436.75,9458.1535,9241.4148,216.738688,0.428015,1.015751,0.881813,1.0,1.0,78.0,78.0,9436.75,8909.75
2011-01-27 00:00:00,CTA(9,21),9455.5,9549.25,9457.8587,9251.6094,206.249322,0.41034,0.973722,0.863182,1.0,1.0,112.5,112.5,9549.25,9022.25
2011-01-28 00:00:00,CTA(9,21),9548.5,9642.25,9467.9299,9265.747,202.18293,0.403961,0.958332,0.855878,1.0,1.0,93.0,93.0,9642.25,9115.25
2011-01-31 00:00:00,CTA(9,21),9770.5,9864.25,9501.5488,9289.7829,211.76597,0.424713,1.007299,0.878222,1.0,1.0,222.0,222.0,9864.25,9337.25
2011-02-01 00:00:00,CTA(9,21),9973.0,10066.75,9553.9323,9322.317,231.615284,0.460116,1.091073,0.91036,1.0,1.0,202.5,202.5,10066.75,9539.75
2011-02-02 00:00:00,CTA(9,21),9966.5,10060.25,9599.7731,9352.9924,246.780759,0.484238,1.148603,0.927983,1.0,1.0,-6.5,-6.5,10060.25,9533.25
2011-02-03 00:00:00,CTA(9,21),9947.5,10041.25,9638.4095,9381.3023,257.10719,0.502709,1.193925,0.939334,1.0,1.0,-19.0,-19.0,10041.25,9514.25
2011-02-04 00:00:00,CTA(9,21),10067.0,10160.75,9686.0306,9413.9545,272.076088,0.522023,1.242995,0.949138,1.0,1.0,119.5,119.5,10160.75,9633.75
2011-02-07 00:00:00,CTA(9,21),10056.0,10149.75,9727.1383,9444.5281,282.610202,0.532886,1.273444,0.953939,1.0,1.0,-11.0,-11.0,10149.75,9622.75
2011-02-08 00:00:00,CTA(9,21),10073.0,10166.75,9765.5674,9474.4554,291.112044,0.540097,1.296154,0.956888,1.0,1.0,17.0,17.0,10166.75,9639.75
2011-02-09 00:00:00,CTA(9,21),9934.5,10028.25,9784.3377,9496.3623,287.975444,0.527588,1.272569,0.953814,1.0,1.0,-138.5,-138.5,10028.25,9501.25
2011-02-10 00:00:00,CTA(9,21),9950.0,10043.75,9802.7446,9517.9641,284.780569,0.516589,1.25185,0.950634,1.0,1.0,15.5,15.5,10043.75,9516.75
2011-02-11 00:00:00,CTA(9,21),9975.5,10069.25,9821.9397,9539.7515,282.188184,0.506246,1.23254,0.947264,1.0,1.0,25.5,25.5,10069.25,9542.25
2011-02-14 00:00:00,CTA(9,21),10179.5,10273.25,9861.6686,9570.2157,291.452895,0.516177,1.262308,0.952296,1.0,1.0,204.0,204.0,10273.25,9746.25
2011-02-15 00:00:00,CTA(9,21),10017.75,10121.0,9879.011,9591.5269,287.484116,0.506425,1.242701,0.949086,1.0,1.0,-152.25,-152.25,10121.0,9594.0
2011-02-16 00:00:00,CTA(9,21),9841.0,9948.25,9874.7875,9603.4065,271.381002,0.489905,1.205431,0.941864,1.0,1.0,-172.75,-172.75,9948.25,9421.25
2011-02-17 00:00:00,CTA(9,21),9806.5,9912.25,9867.2,9613.0776,254.122381,0.470705,1.16038,0.931146,1.0,1.0,-36.0,-36.0,9912.25,9385.25
2011-02-18 00:00:00,CTA(9,21),9860.0,9966.25,9866.4,9624.8359,241.56417,0.454012,1.120366,0.919784,1.0,1.0,54.0,54.0,9966.25,9439.25
2011-02-21 00:00:00,CTA(9,21),9808.0,9914.25,9859.9111,9633.558,226.353177,0.433705,1.070913,0.903329,1.0,1.0,-52.0,-52.0,9914.25,9387.25
2011-02-22 00:00:00,CTA(9,21),9574.0,9680.25,9828.1432,9630.7219,197.421366,0.391163,0.966482,0.859778,1.0,1.0,-234.0,-234.0,9680.25,9153.25
2011-02-23 00:00:00,CTA(9,21),9417.75,9524.0,9782.544,9620.5803,161.963636,0.337516,0.834448,0.787787,1.0,1.0,-156.25,-156.25,9524.0,8997.0
2011-02-24 00:00:00,CTA(9,21),9497.0,9603.25,9750.8169,9614.6956,136.121305,0.297327,0.735626,0.721959,1.0,1.0,79.25,79.25,9603.25,9076.25
2011-02-25 00:00:00,CTA(9,21),9761.0,9867.25,9751.9483,9621.6624,130.285886,0.296298,0.733508,0.720441,1.0,1.0,264.0,264.0,9867.25,9340.25
2011-02-28 00:00:00,CTA(9,21),9882.5,9988.75,9766.4541,9634.0833,132.370791,0.317535,0.78632,0.756969,1.0,1.0,121.5,121.5,9988.75,9461.75
2011-03-01 00:00:00,CTA(9,21),9851.0,9957.25,9775.8481,9644.4126,131.435416,0.337447,0.835699,0.788557,1.0,1.0,-31.5,-31.5,9957.25,9430.25
2011-03-02 00:00:00,CTA(9,21),9879.0,9985.25,9787.3094,9655.5835,131.725916,0.359317,0.889827,0.820253,1.0,1.0,28.0,28.0,9985.25,9458.25
2011-03-03 00:00:00,CTA(9,21),9902.5,10008.75,9800.1083,9667.3414,132.766942,0.377309,0.934317,0.843966,1.0,1.0,23.5,23.5,10008.75,9481.75
2011-03-04 00:00:00,CTA(9,21),9882.5,9988.75,9809.263,9677.5871,131.675923,0.387079,0.958445,0.855933,1.0,1.0,-20.0,-20.0,9988.75,9461.75
2011-03-07 00:00:00,CTA(9,21),9484.0,9590.25,9773.1226,9668.3686,104.754024,0.322533,0.79866,0.765099,1.0,1.0,-398.5,-398.5,9590.25,9063.25
2011-03-08 00:00:00,CTA(9,21),9511.0,9617.25,9743.9979,9660.8749,83.123029,0.268067,0.663842,0.668079,1.0,1.0,27.0,27.0,9617.25,9090.25
2011-03-09 00:00:00,CTA(9,21),9254.0,9360.25,9689.5537,9641.4999,48.053812,0.15969,0.395405,0.427246,1.0,1.0,-257.0,-257.0,9360.25,8833.25
2011-03-10 00:00:00,CTA(9,21),9171.0,9277.25,9631.9366,9619.0951,12.841491,0.043133,0.106728,0.119579,1.0,1.0,-83.0,-83.0,9277.25,8750.25
2011-03-11 00:00:00,CTA(9,21),9171.0,9277.25,9580.7214,9597.7573,-17.035826,-0.058232,-0.143888,-0.160837,-1.0,1.0,0.0,0.0,9277.25,8750.25
2011-03-14 00:00:00,CTA(9,21),9172.75,9279.0,9535.3913,9577.5188,-42.127544,-0.145914,-0.359722,-0.391316,-1.0,-1.0,1.75,-1.75,-9279.0,8748.5
2011-03-15 00:00:00,CTA(9,21),9114.5,9216.0,9488.6256,9555.4703,-66.844727,-0.228417,-0.561317,-0.582921,-1.0,-1.0,-63.0,63.0,-9216.0,8811.5
2011-03-16 00:00:00,CTA(9,21),9261.0,9360.5,9463.3338,9541.4479,-78.114062,-0.268125,-0.656516,-0.662306,-1.0,-1.0,144.5,-144.5,-9360.5,8667.0
2011-03-17 00:00:00,CTA(9,21),9567.5,9667.25,9474.9079,9542.6885,-67.780621,-0.237764,-0.580341,-0.599413,-1.0,-1.0,306.75,-306.75,-9667.25,8360.25
2011-03-18 00:00:00,CTA(9,21),9513.5,9611.0,9479.1959,9541.2986,-62.102678,-0.22546,-0.548679,-0.571798,-1.0,-1.0,-56.25,56.25,-9611.0,8416.5
2011-03-21 00:00:00,CTA(9,21),9393.0,9490.5,9469.6186,9534.2367,-64.618162,-0.24004,-0.582351,-0.601138,-1.0,-1.0,-120.5,120.5,-9490.5,8537.0
2011-03-22 00:00:00,CTA(9,21),9486.0,9583.5,9471.4387,9531.9397,-60.501015,-0.228049,-0.551649,-0.574423,-1.0,-1.0,93.0,-93.0,-9583.5,8444.0
2011-03-23 00:00:00,CTA(9,21),9722.5,9820.0,9499.3344,9541.014,-41.679616,-0.157813,-0.38093,-0.412762,-1.0,-1.0,236.5,-236.5,-9820.0,8207.5
2011-03-24 00:00:00,CTA(9,21),9709.0,9806.5,9522.6306,9549.0134,-26.382772,-0.100458,-0.242099,-0.268065,-1.0,-1.0,-13.5,13.5,-9806.5,8221.0
2011-03-25 00:00:00,CTA(9,21),9677.0,9774.5,9539.7828,9555.108,-15.325217,-0.05893,-0.141845,-0.158576,-1.0,-1.0,-32.0,32.0,-9774.5,8253.0
2011-03-28 00:00:00,CTA(9,21),9525.5,9623.0,9538.1958,9553.6981,-15.502286,-0.059965,-0.144176,-0.161156,-1.0,-1.0,-151.5,151.5,-9623.0,8404.5
2011-03-29 00:00:00,CTA(9,21),9576.0,9673.5,9542.3962,9554.7601,-12.363814,-0.048027,-0.115374,-0.129203,-1.0,-1.0,50.5,-50.5,-9673.5,8354.0
2011-03-30 00:00:00,CTA(9,21),9371.0,9468.5,9523.3522,9546.0096,-22.657363,-0.087366,-0.209663,-0.233002,-1.0,-1.0,-205.0,205.0,-9468.5,8559.0
2011-03-31 00:00:00,CTA(9,21),9420.0,9517.5,9511.8686,9540.0091,-28.140486,-0.107912,-0.258705,-0.285857,-1.0,-1.0,49.0,-49.0,-9517.5,8510.0
2011-04-01 00:00:00,CTA(9,21),9349.25,9446.75,9493.7999,9530.9254,-37.125456,-0.141044,-0.337774,-0.368849,-1.0,-1.0,-70.75,70.75,-9446.75,8580.75
2011-04-04 00:00:00,CTA(9,21),9317.0,9414.5,9474.1555,9520.7384,-46.582968,-0.175059,-0.418726,-0.450301,-1.0,-1.0,-32.25,32.25,-9414.5,8613.0
2011-04-05 00:00:00,CTA(9,21),9375.0,9472.5,9463.1382,9513.7985,-50.660317,-0.18942,-0.452496,-0.483052,-1.0,-1.0,58.0,-58.0,-9472.5,8555.0
2011-04-06 00:00:00,CTA(9,21),9591.0,9688.5,9477.3451,9517.4748,-40.129711,-0.15063,-0.359535,-0.391126,-1.0,-1.0,216.0,-216.0,-9688.5,8339.0
2011-04-07 00:00:00,CTA(9,21),9654.5,9752.0,9497.0289,9523.9998,-26.970839,-0.102246,-0.243953,-0.270056,-1.0,-1.0,63.5,-63.5,-9752.0,8275.5
2011-04-08 00:00:00,CTA(9,21),9859.25,9956.75,9537.2757,9539.9641,-2.688351,-0.010146,-0.024212,-0.027201,-1.0,-1.0,204.75,-204.75,-9956.75,8070.75
2011-04-11 00:00:00,CTA(9,21),9839.5,9937.0,9570.8562,9554.2277,16.628508,0.062487,0.149212,0.166723,1.0,-1.0,-19.75,19.75,-9937.0,8090.5
2011-04-12 00:00:00,CTA(9,21),9606.5,9704.0,9574.8166,9556.7169,18.099773,0.06801,0.162493,0.181376,1.0,1.0,-233.0,-233.0,9704.0,7857.5
2011-04-13 00:00:00,CTA(9,21),9490.75,9588.25,9565.4759,9553.5756,11.900315,0.044611,0.106617,0.119454,1.0,1.0,-115.75,-115.75,9588.25,7741.75
2011-04-14 00:00:00,CTA(9,21),9390.25,9487.75,9546.0063,9545.7982,0.20818,0.000775,0.001853,0.002082,1.0,1.0,-100.5,-100.5,9487.75,7641.25
2011-04-15 00:00:00,CTA(9,21),9384.75,9482.25,9528.089,9538.1292,-10.040231,-0.037184,-0.088816,-0.099596,-1.0,1.0,-5.5,-5.5,9482.25,7635.75
2011-04-18 00:00:00,CTA(9,21),9203.5,9301.0,9492.0235,9522.1945,-30.170949,-0.109636,-0.261598,-0.288944,-1.0,-1.0,-181.25,181.25,-9301.0,7817.0
2011-04-19 00:00:00,CTA(9,21),9327.0,9423.75,9473.6876,9512.8995,-39.211921,-0.142122,-0.338636,-0.369737,-1.0,-1.0,122.75,-122.75,-9423.75,7694.25
2011-04-20 00:00:00,CTA(9,21),9565.0,9662.25,9483.8334,9515.3805,-31.547073,-0.114605,-0.272738,-0.300801,-1.0,-1.0,238.5,-238.5,-9662.25,7455.75
2011-04-21 00:00:00,CTA(9,21),9691.0,9788.5,9506.8519,9523.7433,-16.891397,-0.061367,-0.145918,-0.163083,-1.0,-1.0,126.25,-126.25,-9788.5,7329.5
2011-04-26 00:00:00,CTA(9,21),9530.5,9620.25,9509.4795,9524.0651,-14.585579,-0.053683,-0.127535,-0.142716,-1.0,-1.0,-168.25,168.25,-9620.25,7497.75
2011-04-27 00:00:00,CTA(9,21),9305.0,9394.75,9486.7595,9513.6334,-26.873852,-0.098664,-0.23411,-0.259465,-1.0,-1.0,-225.5,225.5,-9394.75,7723.25
2011-04-28 00:00:00,CTA(9,21),9303.0,9392.75,9466.3418,9503.6032,-37.261418,-0.135699,-0.321523,-0.352045,-1.0,-1.0,-2.0,2.0,-9392.75,7725.25
2011-05-03 00:00:00,CTA(9,21),9328.75,9418.5,9451.0538,9495.2769,-44.223052,-0.15968,-0.377756,-0.40957,-1.0,-1.0,25.75,-25.75,-9418.5,7699.5
2011-05-04 00:00:00,CTA(9,21),9101.5,9191.25,9412.2145,9476.5256,-64.311087,-0.226575,-0.535028,-0.559637,-1.0,-1.0,-227.25,227.25,-9191.25,7926.75
2011-05-05 00:00:00,CTA(9,21),8798.25,8888.0,9343.9962,9444.2268,-100.230529,-0.336529,-0.792655,-0.761162,-1.0,-1.0,-303.25,303.25,-8888.0,8230.0
2011-05-06 00:00:00,CTA(9,21),8811.25,8901.0,9284.8022,9414.085,-129.282804,-0.417471,-0.980392,-0.866268,-1.0,-1.0,13.0,-13.0,-8901.0,8217.0
2011-05-09 00:00:00,CTA(9,21),8869.5,8959.25,9238.6575,9388.1524,-149.494875,-0.469659,-1.099664,-0.913222,-1.0,-1.0,58.25,-58.25,-8959.25,8158.75
2011-05-10 00:00:00,CTA(9,21),8891.25,8981.0,9200.0567,9364.4904,-164.433692,-0.510211,-1.190956,-0.938658,-1.0,-1.0,21.75,-21.75,-8981.0,8137.0
2011-05-11 00:00:00,CTA(9,21),8682.25,8772.0,9142.5226,9332.0027,-189.480131,-0.569173,-1.32413,-0.95979,-1.0,-1.0,-209.0,209.0,-8772.0,8346.0
2011-05-12 00:00:00,CTA(9,21),8713.25,8803.0,9094.8257,9302.5383,-207.712671,-0.610637,-1.415775,-0.963778,-1.0,-1.0,31.0,-31.0,-8803.0,8315.0
2011-05-13 00:00:00,CTA(9,21),8770.25,8860.0,9058.7617,9277.1913,-218.42957,-0.628811,-1.453092,-0.963058,-1.0,-1.0,57.0,-57.0,-8860.0,8258.0
2011-05-16 00:00:00,CTA(9,21),8816.0,8905.75,9031.7882,9255.2298,-223.441603,-0.635282,-1.464058,-0.962597,-1.0,-1.0,45.75,-45.75,-8905.75,8212.25
2011-05-17 00:00:00,CTA(9,21),8786.5,8872.25,9004.5339,9232.9093,-228.375378,-0.642696,-1.479371,-0.961766,-1.0,-1.0,-33.5,33.5,-8872.25,8245.75
2011-05-18 00:00:00,CTA(9,21),9052.5,9139.0,9009.8635,9224.3184,-214.454896,-0.620423,-1.428134,-0.963687,-1.0,-1.0,266.75,-266.75,-9139.0,7979.0
2011-05-19 00:00:00,CTA(9,21),8936.0,9022.75,9001.6564,9210.5889,-208.932503,-0.610274,-1.406196,-0.963749,-1.0,-1.0,-116.25,116.25,-9022.75,8095.25
2011-05-20 00:00:00,CTA(9,21),9058.0,9136.75,9007.9168,9203.3228,-195.405967,-0.57402,-1.325271,-0.959891,-1.0,-1.0,114.0,-114.0,-9136.75,7981.25
2011-05-23 00:00:00,CTA(9,21),8784.0,8862.75,8983.0372,9183.355,-200.317863,-0.581261,-1.343924,-0.961361,-1.0,-1.0,-274.0,274.0,-8862.75,8255.25
2011-05-24 00:00:00,CTA(9,21),8856.0,8934.75,8968.9219,9167.7667,-198.84477,-0.576311,-1.333747,-0.960603,-1.0,-1.0,72.0,-72.0,-8934.75,8183.25
2011-05-25 00:00:00,CTA(9,21),9064.5,9143.25,8979.5417,9162.8493,-183.307524,-0.535807,-1.241867,-0.948941,-1.0,-1.0,208.5,-208.5,-9143.25,7974.75
2011-05-26 00:00:00,CTA(9,21),9015.0,9093.75,8983.4815,9155.8088,-172.327275,-0.501864,-1.165277,-0.932417,-1.0,-1.0,-49.5,49.5,-9093.75,8024.25
2011-05-27 00:00:00,CTA(9,21),9192.75,9271.5,9006.7336,9157.5679,-150.834328,-0.438853,-1.021004,-0.884005,-1.0,-1.0,177.75,-177.75,-9271.5,7846.5
2011-05-31 00:00:00,CTA(9,21),9206.25,9285.0,9028.9021,9159.8861,-130.984032,-0.381395,-0.889347,-0.819986,-1.0,-1.0,13.5,-13.5,-9285.0,7833.0
2011-06-01 00:00:00,CTA(9,21),9094.0,9172.75,9036.1352,9156.7487,-120.613496,-0.354546,-0.82883,-0.784314,-1.0,-1.0,-112.25,112.25,-9172.75,7945.25
2011-06-02 00:00:00,CTA(9,21),8910.0,8988.75,9022.1202,9144.9987,-122.878579,-0.365428,-0.856321,-0.800997,-1.0,-1.0,-184.0,184.0,-8988.75,8129.25
2011-06-03 00:00:00,CTA(9,21),9090.25,9169.0,9029.6901,9142.3917,-112.701514,-0.341634,-0.802911,-0.767863,-1.0,-1.0,180.25,-180.25,-9169.0,7949.0
2011-06-06 00:00:00,CTA(9,21),9125.0,9203.75,9040.2801,9141.5635,-101.283355,-0.314724,-0.742496,-0.726854,-1.0,-1.0,34.75,-34.75,-9203.75,7914.25
2011-06-07 00:00:00,CTA(9,21),9128.75,9207.5,9050.1101,9140.9533,-90.843204,-0.290896,-0.68955,-0.687941,-1.0,-1.0,3.75,-3.75,-9207.5,7910.5
2011-06-08 00:00:00,CTA(9,21),9017.25,9096.0,9046.459,9135.0627,-88.603693,-0.291739,-0.695092,-0.692141,-1.0,-1.0,-111.5,111.5,-9096.0,8022.0
2011-06-09 00:00:00,CTA(9,21),9041.0,9119.75,9045.8524,9130.5835,-84.731072,-0.279254,-0.668798,-0.671956,-1.0,-1.0,23.75,-23.75,-9119.75,7998.25
2011-06-10 00:00:00,CTA(9,21),8924.0,9002.75,9032.3133,9120.7462,-88.432922,-0.290724,-0.699602,-0.695537,-1.0,-1.0,-117.0,117.0,-9002.75,8115.25
2011-06-13 00:00:00,CTA(9,21),8896.25,8975.0,9017.1951,9110.0559,-92.860768,-0.302291,-0.73051,-0.718284,-1.0,-1.0,-27.75,27.75,-8975.0,8143.0
2011-06-14 00:00:00,CTA(9,21),9167.75,9236.25,9033.9235,9112.8032,-78.879788,-0.256769,-0.623012,-0.635279,-1.0,-1.0,261.25,-261.25,-9236.25,7881.75
2011-06-15 00:00:00,CTA(9,21),9152.25,9222.0,9047.0708,9114.6817,-67.610811,-0.220037,-0.535898,-0.560417,-1.0,-1.0,-14.25,14.25,-9222.0,7896.0
2011-06-16 00:00:00,CTA(9,21),9064.25,9133.5,9048.9796,9112.2801,-63.300508,-0.205583,-0.502382,-0.529958,-1.0,-1.0,-88.5,88.5,-9133.5,7984.5
2011-06-17 00:00:00,CTA(9,21),9094.5,9164.25,9054.0375,9111.4335,-57.396017,-0.186328,-0.456886,-0.487252,-1.0,-1.0,30.75,-30.75,-9164.25,7953.75
2011-06-20 00:00:00,CTA(9,21),9005.0,9074.75,9048.5889,9106.3652,-57.776363,-0.186798,-0.459547,-0.489791,-1.0,-1.0,-89.5,89.5,-9074.75,8043.25
2011-06-21 00:00:00,CTA(9,21),9080.75,9150.5,9052.1623,9105.1454,-52.98313,-0.172765,-0.426305,-0.457718,-1.0,-1.0,75.75,-75.75,-9150.5,7967.5
2011-06-22 00:00:00,CTA(9,21),9017.25,9087.0,9048.2832,9100.9599,-52.676778,-0.172529,-0.426845,-0.458245,-1.0,-1.0,-63.5,63.5,-9087.0,8031.0
2011-06-23 00:00:00,CTA(9,21),8962.0,9031.75,9038.6961,9094.3428,-55.646656,-0.181867,-0.451003,-0.48162,-1.0,-1.0,-55.25,55.25,-9031.75,8086.25
2011-06-24 00:00:00,CTA(9,21),9043.5,9113.25,9039.2299,9091.9217,-52.691809,-0.173076,-0.430051,-0.46137,-1.0,-1.0,81.5,-81.5,-9113.25,8004.75
2011-06-27 00:00:00,CTA(9,21),8966.5,9036.25,9031.1488,9085.9493,-54.800448,-0.183783,-0.457275,-0.487623,-1.0,-1.0,-77.0,77.0,-9036.25,8081.75
2011-06-28 00:00:00,CTA(9,21),9068.0,9137.75,9035.2434,9085.0945,-49.851144,-0.17142,-0.426912,-0.458311,-1.0,-1.0,101.5,-101.5,-9137.75,7980.25
2011-06-29 00:00:00,CTA(9,21),9320.0,9389.75,9066.883,9096.2805,-29.397495,-0.103422,-0.25798,-0.285082,-1.0,-1.0,252.0,-252.0,-9389.75,7728.25
2011-06-30 00:00:00,CTA(9,21),9422.0,9491.75,9106.3405,9111.791,-5.450504,-0.019298,-0.048246,-0.054177,-1.0,-1.0,102.0,-102.0,-9491.75,7626.25
2011-07-01 00:00:00,CTA(9,21),9437.0,9506.75,9143.0804,9127.2771,15.803301,0.056497,0.141663,0.158376,1.0,-1.0,15.0,-15.0,-9506.75,7611.25
2011-07-04 00:00:00,CTA(9,21),9446.0,9515.75,9176.7381,9142.4544,34.283753,0.122106,0.307192,0.337112,1.0,1.0,9.0,9.0,9515.75,7620.25
2011-07-05 00:00:00,CTA(9,21),9529.25,9599.0,9215.9061,9160.8732,55.032899,0.194668,0.491475,0.519859,1.0,1.0,83.25,83.25,9599.0,7703.5
2011-07-06 00:00:00,CTA(9,21),9509.0,9578.75,9248.4721,9177.4507,71.02142,0.249138,0.631151,0.641938,1.0,1.0,-20.25,-20.25,9578.75,7683.25
2011-07-07 00:00:00,CTA(9,21),9728.0,9797.75,9301.753,9203.6673,98.085663,0.334662,0.850493,0.797527,1.0,1.0,219.0,219.0,9797.75,7902.25
2011-07-08 00:00:00,CTA(9,21),9647.5,9717.25,9340.1693,9224.8022,115.367109,0.387084,0.986573,0.869084,1.0,1.0,-80.5,-80.5,9717.25,7821.75
2011-07-11 00:00:00,CTA(9,21),9552.0,9621.75,9363.7061,9240.3831,123.323004,0.41493,1.060179,0.899404,1.0,1.0,-95.5,-95.5,9621.75,7726.25
2011-07-12 00:00:00,CTA(9,21),9631.75,9701.5,9393.4887,9259.0196,134.469143,0.453305,1.160846,0.931268,1.0,1.0,79.75,79.75,9701.5,7806.0
2011-07-13 00:00:00,CTA(9,21),9630.75,9700.5,9419.8511,9276.721,143.130058,0.494395,1.268475,0.953221,1.0,1.0,-1.0,-1.0,9700.5,7805.0
2011-07-14 00:00:00,CTA(9,21),9610.25,9680.0,9441.0065,9292.6034,148.403161,0.525542,1.350471,0.961793,1.0,1.0,-20.5,-20.5,9680.0,7784.5
2011-07-15 00:00:00,CTA(9,21),9651.5,9721.25,9464.3947,9309.6937,154.701009,0.545582,1.403861,0.963728,1.0,1.0,41.25,41.25,9721.25,7825.75
2011-07-18 00:00:00,CTA(9,21),9672.75,9742.5,9487.5453,9326.9821,160.563204,0.558015,1.438044,0.963508,1.0,1.0,21.25,21.25,9742.5,7847.0
2011-07-19 00:00:00,CTA(9,21),9827.25,9895.25,9525.2902,9350.8044,174.485891,0.585372,1.510837,0.959388,1.0,1.0,152.75,152.75,9895.25,7999.75
2011-07-20 00:00:00,CTA(9,21),9742.25,9810.25,9549.3969,9369.4446,179.952261,0.589424,1.523509,0.95818,1.0,1.0,-85.0,-85.0,9810.25,7914.75
2011-07-21 00:00:00,CTA(9,21),9667.0,9735.25,9562.4639,9383.6139,178.84997,0.574709,1.487118,0.961264,1.0,1.0,-75.0,-75.0,9735.25,7839.75
2011-07-22 00:00:00,CTA(9,21),9661.75,9722.25,9573.4957,9396.8585,176.637185,0.558456,1.445873,0.9633,1.0,1.0,-13.0,-13.0,9722.25,7826.75
2011-07-25 00:00:00,CTA(9,21),9640.25,9700.75,9580.9128,9408.4486,172.464259,0.542629,1.405079,0.963739,1.0,1.0,-21.5,-21.5,9700.75,7805.25
2011-07-26 00:00:00,CTA(9,21),9805.5,9866.0,9605.867,9427.3558,178.511178,0.556139,1.439314,0.963478,1.0,1.0,165.25,165.25,9866.0,7970.5
2011-07-27 00:00:00,CTA(9,21),9763.25,9823.75,9623.354,9443.3507,180.00322,0.551988,1.427511,0.963695,1.0,1.0,-42.25,-42.25,9823.75,7928.25
2011-07-28 00:00:00,CTA(9,21),9799.0,9859.5,9642.8702,9460.2864,182.583767,0.546146,1.41118,0.963775,1.0,1.0,35.75,35.75,9859.5,7964.0
2011-07-29 00:00:00,CTA(9,21),9815.5,9876.0,9662.0513,9477.2014,184.849925,0.539537,1.392969,0.963561,1.0,1.0,16.5,16.5,9876.0,7980.5
2011-08-01 00:00:00,CTA(9,21),9633.5,9694.0,9658.8789,9484.6441,174.234767,0.503208,1.298664,0.957182,1.0,1.0,-182.0,-182.0,9694.0,7798.5
2011-08-02 00:00:00,CTA(9,21),9662.0,9722.5,9659.2257,9493.0897,166.136038,0.474524,1.224827,0.945807,1.0,1.0,28.5,28.5,9722.5,7827.0
2011-08-03 00:00:00,CTA(9,21),9514.75,9575.25,9643.1728,9494.1211,149.051737,0.429246,1.108684,0.916139,1.0,1.0,-147.25,-147.25,9575.25,7679.75
2011-08-04 00:00:00,CTA(9,21),9334.0,9394.5,9608.8203,9486.4963,122.324013,0.356801,0.922665,0.837962,1.0,1.0,-180.75,-180.75,9394.5,7499.0
2011-08-05 00:00:00,CTA(9,21),9021.0,9081.5,9543.5069,9464.3298,79.177136,0.232466,0.601946,0.617771,1.0,1.0,-313.0,-313.0,9081.5,7186.0
2011-08-08 00:00:00,CTA(9,21),8763.75,8824.25,9456.8673,9430.9689,25.898419,0.075464,0.195575,0.217656,1.0,1.0,-257.25,-257.25,8824.25,6928.75
2011-08-09 00:00:00,CTA(9,21),8712.75,8773.25,9374.1876,9396.768,-22.580381,-0.06595,-0.170901,-0.190627,-1.0,1.0,-51.0,-51.0,8773.25,6877.75
2011-08-10 00:00:00,CTA(9,21),8574.75,8635.25,9285.3612,9357.6243,-72.263066,-0.208636,-0.539679,-0.563798,-1.0,-1.0,-138.0,138.0,-8635.25,7015.75
2011-08-11 00:00:00,CTA(9,21),8860.0,8920.5,9238.0988,9333.9279,-95.829027,-0.27816,-0.717412,-0.708758,-1.0,-1.0,285.25,-285.25,-8920.5,6730.5
2011-08-12 00:00:00,CTA(9,21),8845.5,8906.0,9194.4767,9310.6694,-116.19265,-0.337847,-0.867927,-0.807802,-1.0,-1.0,-14.5,14.5,-8906.0,6745.0
2011-08-15 00:00:00,CTA(9,21),8888.25,8948.75,9160.4515,9290.5542,-130.102635,-0.380522,-0.972903,-0.8628,-1.0,-1.0,42.75,-42.75,-8948.75,6702.25
2011-08-16 00:00:00,CTA(9,21),8819.75,8875.75,9122.5958,9268.1349,-145.539115,-0.421345,-1.071389,-0.9035,-1.0,-1.0,-73.0,73.0,-8875.75,6775.25
2011-08-17 00:00:00,CTA(9,21),8954.5,9010.75,9103.9185,9253.1999,-149.281432,-0.432515,-1.093733,-0.911255,-1.0,-1.0,135.0,-135.0,-9010.75,6640.25
2011-08-18 00:00:00,CTA(9,21),8759.75,8815.75,9065.6776,9229.7023,-164.024761,-0.468753,-1.178237,-0.935656,-1.0,-1.0,-195.0,195.0,-8815.75,6835.25
2011-08-19 00:00:00,CTA(9,21),8813.75,8863.75,9037.6856,9209.8951,-172.209458,-0.493019,-1.231305,-0.947035,-1.0,-1.0,48.0,-48.0,-8863.75,6787.25
2011-08-22 00:00:00,CTA(9,21),8708.5,8758.5,9001.1094,9186.0191,-184.909682,-0.524611,-1.301121,-0.957462,-1.0,-1.0,-105.25,105.25,-8758.5,6892.5
2011-08-23 00:00:00,CTA(9,21),8838.75,8888.75,8983.0695,9169.4825,-186.412994,-0.524349,-1.291564,-0.956335,-1.0,-1.0,130.25,-130.25,-8888.75,6762.25
2011-08-24 00:00:00,CTA(9,21),8866.0,8916.0,8970.0618,9155.0309,-184.969168,-0.517306,-1.265681,-0.952807,-1.0,-1.0,27.25,-27.25,-8916.0,6735.0
2011-08-25 00:00:00,CTA(9,21),9022.0,9072.0,8975.8327,9148.6961,-172.863447,-0.482055,-1.172303,-0.934195,-1.0,-1.0,156.0,-156.0,-9072.0,6579.0
2011-08-26 00:00:00,CTA(9,21),9066.75,9116.75,8985.9346,9144.7939,-158.859327,-0.442206,-1.069719,-0.902899,-1.0,-1.0,44.75,-44.75,-9116.75,6534.25
2011-08-30 00:00:00,CTA(9,21),9150.5,9200.5,9004.2197,9145.0657,-140.846001,-0.392387,-0.945043,-0.849364,-1.0,-1.0,83.75,-83.75,-9200.5,6450.5
2011-08-31 00:00:00,CTA(9,21),9263.75,9313.75,9033.0564,9150.7173,-117.660931,-0.330071,-0.792233,-0.760884,-1.0,-1.0,113.25,-113.25,-9313.75,6337.25
2011-09-01 00:00:00,CTA(9,21),9132.25,9182.25,9044.0779,9149.8379,-105.760021,-0.296898,-0.710571,-0.703716,-1.0,-1.0,-131.5,131.5,-9182.25,6468.75
2011-09-02 00:00:00,CTA(9,21),9062.25,9112.25,9046.097,9145.667,-99.570043,-0.279184,-0.666517,-0.670175,-1.0,-1.0,-70.0,70.0,-9112.25,6538.75
2011-09-05 00:00:00,CTA(9,21),8945.0,8995.0,9034.864,9136.1115,-101.24747,-0.282533,-0.672946,-0.675183,-1.0,-1.0,-117.25,117.25,-8995.0,6656.0
2011-09-06 00:00:00,CTA(9,21),8918.0,8968.0,9021.8791,9125.7252,-103.846098,-0.288802,-0.686387,-0.685531,-1.0,-1.0,-27.0,27.0,-8968.0,6683.0
2011-09-07 00:00:00,CTA(9,21),9078.0,9128.0,9028.1148,9123.4526,-95.337815,-0.265362,-0.629545,-0.640629,-1.0,-1.0,160.0,-160.0,-9128.0,6523.0
2011-09-08 00:00:00,CTA(9,21),9100.0,9150.0,9036.102,9122.3358,-86.233777,-0.241246,-0.571516,-0.5918,-1.0,-1.0,22.0,-22.0,-9150.0,6501.0
2011-09-09 00:00:00,CTA(9,21),8803.25,8853.25,9010.2296,9107.1412,-96.911662,-0.269876,-0.638231,-0.647682,-1.0,-1.0,-296.75,296.75,-8853.25,6797.75
2011-09-12 00:00:00,CTA(9,21),8735.25,8785.25,8979.6763,9089.4321,-109.755841,-0.301005,-0.710312,-0.703524,-1.0,-1.0,-68.0,68.0,-8785.25,6865.75
2011-09-13 00:00:00,CTA(9,21),8748.75,8798.75,8954.0178,9073.2092,-119.191358,-0.322471,-0.759168,-0.738538,-1.0,-1.0,13.5,-13.5,-8798.75,6852.25
2011-09-14 00:00:00,CTA(9,21),8606.75,8656.75,8915.4325,9050.9968,-135.564329,-0.359285,-0.843521,-0.793328,-1.0,-1.0,-142.0,142.0,-8656.75,6994.25
2011-09-15 00:00:00,CTA(9,21),8687.5,8737.5,8890.1067,9033.6875,-143.580789,-0.374917,-0.877688,-0.813415,-1.0,-1.0,80.75,-80.75,-8737.5,6913.5
2011-09-16 00:00:00,CTA(9,21),8671.75,8721.75,8865.8448,9016.4523,-150.607524,-0.387984,-0.905624,-0.828916,-1.0,-1.0,-15.75,15.75,-8721.75,6929.25
2011-09-19 00:00:00,CTA(9,21),8339.0,8389.0,8807.3065,8984.1927,-176.886201,-0.438798,-1.020665,-0.883865,-1.0,-1.0,-332.75,332.75,-8389.0,7262.0
2011-09-20 00:00:00,CTA(9,21),8291.0,8336.75,8749.9391,8951.1835,-201.244414,-0.480919,-1.114201,-0.917879,-1.0,-1.0,-52.25,52.25,-8336.75,7314.25
2011-09-21 00:00:00,CTA(9,21),8287.0,8332.0,8698.5014,8919.5557,-221.054306,-0.510878,-1.178498,-0.935719,-1.0,-1.0,-4.75,4.75,-8332.0,7319.0
2011-09-22 00:00:00,CTA(9,21),7663.25,7708.0,8583.4735,8859.7317,-276.25816,-0.584552,-1.34137,-0.961181,-1.0,-1.0,-624.0,624.0,-7708.0,7943.0
2011-09-23 00:00:00,CTA(9,21),7354.5,7393.25,8446.9209,8788.054,-341.133072,-0.651305,-1.485399,-0.96138,-1.0,-1.0,-314.75,314.75,-7393.25,8257.75
2011-09-26 00:00:00,CTA(9,21),7261.75,7300.5,8315.2352,8715.3728,-400.137585,-0.696945,-1.578923,-0.951255,-1.0,-1.0,-92.75,92.75,-7300.5,8350.5
2011-09-27 00:00:00,CTA(9,21),7588.75,7627.5,8234.5146,8661.7241,-427.209461,-0.707231,-1.591733,-0.949285,-1.0,-1.0,327.0,-327.0,-7627.5,8023.5
2011-09-28 00:00:00,CTA(9,21),7240.0,7278.75,8124.013,8594.023,-470.00994,-0.72887,-1.629545,-0.942688,-1.0,-1.0,-348.75,348.75,-7278.75,8372.25
2011-09-29 00:00:00,CTA(9,21),7217.25,7256.0,8023.2616,8528.4623,-505.20077,-0.740524,-1.644975,-0.93967,-1.0,-1.0,-22.75,22.75,-7256.0,8395.0
2011-09-30 00:00:00,CTA(9,21),7004.5,7043.25,7910.0658,8455.8927,-545.826865,-0.753251,-1.662698,-0.935976,-1.0,-1.0,-212.75,212.75,-7043.25,8607.75
2011-10-03 00:00:00,CTA(9,21),6974.75,7013.5,7806.1419,8385.3621,-579.220242,-0.759221,-1.665776,-0.93531,-1.0,-1.0,-29.75,29.75,-7013.5,8637.5
2011-10-04 00:00:00,CTA(9,21),6784.75,6823.5,7692.6539,8309.1425,-616.488603,-0.765644,-1.670006,-0.934383,-1.0,-1.0,-190.0,190.0,-6823.5,8827.5
2011-10-05 00:00:00,CTA(9,21),6805.75,6844.5,7594.109,8237.5524,-643.44336,-0.766926,-1.663508,-0.935801,-1.0,-1.0,21.0,-21.0,-6844.5,8806.5
2011-10-06 00:00:00,CTA(9,21),7211.75,7250.5,7551.6247,8188.7046,-637.079962,-0.743561,-1.605106,-0.947084,-1.0,-1.0,406.0,-406.0,-7250.5,8400.5
2011-10-07 00:00:00,CTA(9,21),7353.25,7392.0,7529.583,8148.9211,-619.338038,-0.711782,-1.530093,-0.957496,-1.0,-1.0,141.5,-141.5,-7392.0,8259.0
2011-10-10 00:00:00,CTA(9,21),7479.0,7517.75,7523.9627,8117.0201,-593.057372,-0.675802,-1.447975,-0.963235,-1.0,-1.0,125.75,-125.75,-7517.75,8133.25
2011-10-11 00:00:00,CTA(9,21),7274.0,7312.75,7496.1891,8076.8763,-580.687192,-0.653549,-1.396499,-0.963628,-1.0,-1.0,-205.0,205.0,-7312.75,8338.25
2011-10-12 00:00:00,CTA(9,21),7510.0,7548.75,7497.7236,8049.8822,-552.158537,-0.618494,-1.318974,-0.959316,-1.0,-1.0,236.0,-236.0,-7548.75,8102.25
2011-10-13 00:00:00,CTA(9,21),7294.25,7333.0,7475.1154,8013.8997,-538.784233,-0.59887,-1.27523,-0.95419,-1.0,-1.0,-215.75,215.75,-7333.0,8318.0
2011-10-14 00:00:00,CTA(9,21),7533.0,7571.75,7481.5471,7990.9997,-509.45263,-0.566328,-1.205081,-0.941789,-1.0,-1.0,238.75,-238.75,-7571.75,8079.25
2011-10-17 00:00:00,CTA(9,21),7481.0,7519.75,7481.4863,7966.714,-485.227715,-0.541667,-1.15252,-0.929052,-1.0,-1.0,-52.0,52.0,-7519.75,8131.25
2011-10-18 00:00:00,CTA(9,21),7443.0,7476.75,7477.21,7941.7752,-464.565206,-0.52016,-1.107269,-0.915687,-1.0,-1.0,-43.0,43.0,-7476.75,8174.25
2011-10-19 00:00:00,CTA(9,21),7204.5,7239.0,7446.9089,7906.6669,-459.757975,-0.513391,-1.093339,-0.911123,-1.0,-1.0,-237.75,237.75,-7239.0,8412.0
2011-10-20 00:00:00,CTA(9,21),6729.0,6764.25,7367.1412,7850.5875,-483.446256,-0.531996,-1.133167,-0.923609,-1.0,-1.0,-474.75,474.75,-6764.25,8886.75
2011-10-21 00:00:00,CTA(9,21),7143.5,7174.25,7342.2922,7816.9167,-474.62445,-0.521975,-1.112033,-0.917199,-1.0,-1.0,410.0,-410.0,-7174.25,8476.75
2011-10-24 00:00:00,CTA(9,21),7636.5,7667.25,7374.982,7808.3254,-433.343427,-0.483876,-1.031353,-0.888237,-1.0,-1.0,493.0,-493.0,-7667.25,7983.75
2011-10-25 00:00:00,CTA(9,21),7530.0,7560.75,7392.2062,7795.0718,-402.865611,-0.456334,-0.97352,-0.863088,-1.0,-1.0,-106.5,106.5,-7560.75,8090.25
2011-10-26 00:00:00,CTA(9,21),7682.0,7712.75,7424.4055,7789.6874,-365.281928,-0.42203,-0.901479,-0.826669,-1.0,-1.0,152.0,-152.0,-7712.75,7938.25
2011-10-27 00:00:00,CTA(9,21),8149.0,8179.75,7504.916,7806.7976,-301.881551,-0.358082,-0.766055,-0.743284,-1.0,-1.0,467.0,-467.0,-8179.75,7471.25
2011-10-28 00:00:00,CTA(9,21),8174.5,8205.25,7579.3142,7824.3072,-244.99297,-0.297181,-0.636885,-0.646593,-1.0,-1.0,25.5,-25.5,-8205.25,7445.75
2011-10-31 00:00:00,CTA(9,21),7986.0,8016.75,7624.5015,7832.0069,-207.505319,-0.258004,-0.553805,-0.576325,-1.0,-1.0,-188.5,188.5,-8016.75,7634.25
2011-11-01 00:00:00,CTA(9,21),7719.5,7750.25,7635.0569,7826.6494,-191.592465,-0.242903,-0.522156,-0.548034,-1.0,-1.0,-266.5,266.5,-7750.25,7900.75
2011-11-02 00:00:00,CTA(9,21),7874.5,7905.25,7661.6617,7828.928,-167.26628,-0.215681,-0.464356,-0.494368,-1.0,-1.0,155.0,-155.0,-7905.25,7745.75
2011-11-03 00:00:00,CTA(9,21),7905.75,7936.5,7688.7826,7832.5862,-143.803549,-0.187223,-0.403696,-0.435482,-1.0,-1.0,31.25,-31.25,-7936.5,7714.5
2011-11-04 00:00:00,CTA(9,21),7856.25,7887.0,7707.3901,7833.713,-126.322912,-0.165211,-0.356855,-0.388396,-1.0,-1.0,-49.5,49.5,-7887.0,7764.0
2011-11-07 00:00:00,CTA(9,21),7810.0,7840.75,7718.7912,7832.5838,-113.792622,-0.149374,-0.323275,-0.353863,-1.0,-1.0,-46.25,46.25,-7840.75,7810.25
2011-11-08 00:00:00,CTA(9,21),7786.0,7816.75,7726.2589,7830.3656,-104.106702,-0.1369,-0.296911,-0.326335,-1.0,-1.0,-24.0,24.0,-7816.75,7834.25
2011-11-09 00:00:00,CTA(9,21),7609.0,7639.75,7713.2301,7819.8243,-106.594246,-0.140912,-0.306366,-0.336248,-1.0,-1.0,-177.0,177.0,-7639.75,8011.25
2011-11-10 00:00:00,CTA(9,21),7458.25,7489.0,7684.899,7802.6065,-117.707542,-0.156146,-0.340362,-0.371513,-1.0,-1.0,-150.75,150.75,-7489.0,8162.0
2011-11-11 00:00:00,CTA(9,21),7621.0,7651.75,7677.7991,7793.9586,-116.159499,-0.155284,-0.339441,-0.370565,-1.0,-1.0,162.75,-162.75,-7651.75,7999.25
2011-11-14 00:00:00,CTA(9,21),7739.0,7769.75,7684.5992,7791.3415,-106.742322,-0.143846,-0.315319,-0.345593,-1.0,-1.0,118.0,-118.0,-7769.75,7881.25
2011-11-15 00:00:00,CTA(9,21),7677.0,7697.5,7683.7548,7785.8967,-102.141842,-0.139277,-0.306142,-0.336014,-1.0,-1.0,-72.25,72.25,-7697.5,7953.5
2011-11-16 00:00:00,CTA(9,21),7723.25,7744.5,7688.1432,7782.9135,-94.770316,-0.130262,-0.286926,-0.315821,-1.0,-1.0,47.0,-47.0,-7744.5,7906.5
2011-11-17 00:00:00,CTA(9,21),7530.75,7553.0,7670.6551,7770.9057,-100.250662,-0.138909,-0.306464,-0.33635,-1.0,-1.0,-191.5,191.5,-7553.0,8098.0
2011-11-18 00:00:00,CTA(9,21),7513.75,7530.25,7653.2212,7758.6602,-105.439046,-0.146986,-0.324762,-0.355405,-1.0,-1.0,-22.75,22.75,-7530.25,8120.75
2011-11-21 00:00:00,CTA(9,21),7297.0,7313.5,7613.641,7736.6764,-123.035356,-0.172699,-0.382062,-0.4139,-1.0,-1.0,-216.75,216.75,-7313.5,8337.5
2011-11-22 00:00:00,CTA(9,21),7316.0,7332.5,7580.5698,7716.6442,-136.074373,-0.192804,-0.426978,-0.458375,-1.0,-1.0,19.0,-19.0,-7332.5,8318.5
2011-11-23 00:00:00,CTA(9,21),7226.0,7242.5,7541.1732,7693.2802,-152.107009,-0.218704,-0.484642,-0.513487,-1.0,-1.0,-90.0,90.0,-7242.5,8408.5
2011-11-24 00:00:00,CTA(9,21),7251.5,7268.0,7508.9873,7672.243,-163.255765,-0.239301,-0.53049,-0.555562,-1.0,-1.0,25.5,-25.5,-7268.0,8383.0
2011-11-25 00:00:00,CTA(9,21),7217.25,7233.75,7476.572,7650.5767,-174.004681,-0.261565,-0.579983,-0.599105,-1.0,-1.0,-34.25,34.25,-7233.75,8417.25
2011-11-28 00:00:00,CTA(9,21),7482.0,7498.5,7477.1751,7642.5492,-165.374109,-0.258614,-0.573512,-0.593528,-1.0,-1.0,264.75,-264.75,-7498.5,8152.5
2011-11-29 00:00:00,CTA(9,21),7475.25,7491.75,7476.9612,7634.5826,-157.621381,-0.255741,-0.567141,-0.588002,-1.0,-1.0,-6.75,6.75,-7491.75,8159.25
2011-11-30 00:00:00,CTA(9,21),7869.75,7886.25,7520.6044,7645.781,-125.17663,-0.21103,-0.468089,-0.497908,-1.0,-1.0,394.5,-394.5,-7886.25,7764.75
2011-12-01 00:00:00,CTA(9,21),7772.0,7788.5,7548.5373,7651.7915,-103.254214,-0.180386,-0.400336,-0.432149,-1.0,-1.0,-97.75,97.75,-7788.5,7862.5
2011-12-02 00:00:00,CTA(9,21),7871.25,7887.75,7584.3942,7662.2419,-77.847648,-0.141136,-0.313542,-0.343741,-1.0,-1.0,99.25,-99.25,-7887.75,7763.25
2011-12-05 00:00:00,CTA(9,21),7922.0,7938.5,7621.906,7674.6113,-52.70533,-0.100724,-0.224084,-0.248639,-1.0,-1.0,50.75,-50.75,-7938.5,7712.5
2011-12-06 00:00:00,CTA(9,21),7816.25,7832.75,7643.4998,7681.356,-37.85625,-0.077123,-0.171892,-0.191715,-1.0,-1.0,-105.75,105.75,-7832.75,7818.25
2011-12-07 00:00:00,CTA(9,21),7799.5,7816.0,7660.8331,7686.9819,-26.148794,-0.055784,-0.124626,-0.139486,-1.0,-1.0,-16.75,16.75,-7816.0,7835.0
2011-12-08 00:00:00,CTA(9,21),7690.25,7706.75,7664.1017,7687.1375,-23.035875,-0.051499,-0.115414,-0.129247,-1.0,-1.0,-109.25,109.25,-7706.75,7944.25
2011-12-09 00:00:00,CTA(9,21),7796.25,7812.75,7678.7848,7692.3334,-13.548557,-0.031947,-0.07186,-0.080638,-1.0,-1.0,106.0,-106.0,-7812.75,7838.25
2011-12-12 00:00:00,CTA(9,21),7585.25,7601.75,7668.3921,7687.2342,-18.842106,-0.046603,-0.105274,-0.117958,-1.0,-1.0,-211.0,211.0,-7601.75,8049.25
2011-12-13 00:00:00,CTA(9,21),7579.75,7596.25,7658.5429,7682.1159,-23.57293,-0.062176,-0.141185,-0.157846,-1.0,-1.0,-5.5,5.5,-7596.25,8054.75
2011-12-14 00:00:00,CTA(9,21),7189.5,7206.0,7606.4271,7658.658,-52.230913,-0.147102,-0.335942,-0.366962,-1.0,-1.0,-390.25,390.25,-7206.0,8445.0
2011-12-15 00:00:00,CTA(9,21),7193.0,7209.5,7560.4907,7636.4838,-75.993064,-0.221482,-0.508796,-0.535854,-1.0,-1.0,3.5,-3.5,-7209.5,8441.5
2011-12-16 00:00:00,CTA(9,21),7329.25,7345.75,7534.7973,7621.8536,-87.056297,-0.263887,-0.609792,-0.624337,-1.0,-1.0,136.25,-136.25,-7345.75,8305.25
2011-12-19 00:00:00,CTA(9,21),7243.25,7259.75,7502.4032,7603.8249,-101.421699,-0.320463,-0.744973,-0.728608,-1.0,-1.0,-86.0,86.0,-7259.75,8391.25
2011-12-20 00:00:00,CTA(9,21),7405.0,7413.25,7491.5806,7594.357,-102.776421,-0.325243,-0.760933,-0.739759,-1.0,-1.0,153.5,-153.5,-7413.25,8237.75
2011-12-21 00:00:00,CTA(9,21),7451.5,7459.5,7487.1272,7587.5543,-100.427105,-0.318273,-0.749895,-0.732074,-1.0,-1.0,46.25,-46.25,-7459.5,8191.5
2011-12-22 00:00:00,CTA(9,21),7541.5,7549.0,7493.1686,7585.3612,-92.19262,-0.293473,-0.696747,-0.69339,-1.0,-1.0,89.5,-89.5,-7549.0,8102.0
2011-12-23 00:00:00,CTA(9,21),7643.5,7649.0,7509.8721,7588.1297,-78.257645,-0.24886,-0.595629,-0.612445,-1.0,-1.0,100.0,-100.0,-7649.0,8002.0
2011-12-28 00:00:00,CTA(9,21),7460.0,7465.5,7504.3308,7582.0283,-77.697573,-0.248454,-0.599644,-0.615834,-1.0,-1.0,-183.5,183.5,-7465.5,8185.5
2011-12-29 00:00:00,CTA(9,21),7418.75,7424.25,7494.8218,7574.2532,-79.431387,-0.25561,-0.622184,-0.634598,-1.0,-1.0,-41.25,41.25,-7424.25,8226.75
2011-12-30 00:00:00,CTA(9,21),7595.0,7600.5,7505.9527,7575.2411,-69.288418,-0.227822,-0.559534,-0.581359,-1.0,-1.0,176.25,-176.25,-7600.5,8050.5
2012-01-03 00:00:00,CTA(9,21),7782.25,7787.75,7536.6524,7585.0987,-48.446284,-0.162673,-0.403339,-0.435128,-1.0,-1.0,187.25,-187.25,-7787.75,7863.25
2012-01-04 00:00:00,CTA(9,21),7531.25,7536.75,7536.0521,7582.5345,-46.482327,-0.164783,-0.412567,-0.444246,-1.0,-1.0,-251.0,251.0,-7536.75,8114.25
2012-01-05 00:00:00,CTA(9,21),7529.0,7534.5,7535.2686,7579.9852,-44.716637,-0.1682,-0.425241,-0.45668,-1.0,-1.0,-2.25,2.25,-7534.5,8116.5
2012-01-06 00:00:00,CTA(9,21),7568.75,7574.25,7538.9887,7579.4502,-40.461467,-0.154306,-0.393824,-0.42567,-1.0,-1.0,39.75,-39.75,-7574.25,8076.75
2012-01-09 00:00:00,CTA(9,21),7487.0,7492.5,7533.2122,7575.0478,-41.835602,-0.160257,-0.412769,-0.444446,-1.0,-1.0,-81.75,81.75,-7492.5,8158.5
2012-01-10 00:00:00,CTA(9,21),7733.25,7738.75,7555.4386,7582.5812,-27.142617,-0.103711,-0.269416,-0.297271,-1.0,-1.0,246.25,-246.25,-7738.75,7912.25
2012-01-11 00:00:00,CTA(9,21),7768.5,7774.0,7579.1121,7591.4345,-12.322405,-0.047353,-0.124041,-0.138836,-1.0,-1.0,35.25,-35.25,-7774.0,7877.0
2012-01-12 00:00:00,CTA(9,21),7995.75,8001.25,7625.4052,7610.6876,14.717576,0.055445,0.146426,0.163644,1.0,-1.0,227.25,-227.25,-8001.25,7649.75
2012-01-13 00:00:00,CTA(9,21),7991.25,7996.75,7666.0546,7628.8096,37.24498,0.139085,0.370087,0.40183,1.0,1.0,-4.5,-4.5,7996.75,7645.25
2012-01-16 00:00:00,CTA(9,21),8077.0,8082.5,7711.7152,7650.152,61.563179,0.224261,0.600742,0.616758,1.0,1.0,85.75,85.75,8082.5,7731.0
2012-01-17 00:00:00,CTA(9,21),8195.0,8198.25,7765.4135,7676.0972,89.316347,0.314449,0.846976,0.795415,1.0,1.0,115.75,115.75,8198.25,7846.75
2012-01-18 00:00:00,CTA(9,21),8234.75,8238.0,7817.562,7702.6997,114.862329,0.391005,1.05775,0.898498,1.0,1.0,39.75,39.75,8238.0,7886.5
2012-01-19 00:00:00,CTA(9,21),8363.25,8366.0,7878.194,7734.1545,144.039549,0.47519,1.288826,0.955995,1.0,1.0,128.0,128.0,8366.0,8014.5
2012-01-20 00:00:00,CTA(9,21),8216.0,8215.0,7915.728,7757.0995,158.628522,0.550254,1.492898,0.960854,1.0,1.0,-151.0,-151.0,8215.0,7863.5
2012-01-23 00:00:00,CTA(9,21),8362.0,8361.0,7965.3138,7785.9043,179.409511,0.611469,1.656512,0.937292,1.0,1.0,146.0,146.0,8361.0,8009.5
2012-01-24 00:00:00,CTA(9,21),8352.5,8351.5,8008.3345,7812.885,195.449452,0.640668,1.731358,0.919468,1.0,1.0,-9.5,-9.5,8351.5,8000.0
2012-01-25 00:00:00,CTA(9,21),8380.0,8379.0,8049.6307,7839.8905,209.740146,0.663483,1.786123,0.903953,1.0,1.0,27.5,27.5,8379.0,8027.5
2012-01-26 00:00:00,CTA(9,21),8585.5,8584.5,8109.1717,7875.3957,233.77597,0.698442,1.870488,0.876387,1.0,1.0,205.5,205.5,8584.5,8233.0
2012-01-27 00:00:00,CTA(9,21),8519.25,8518.25,8154.7359,7906.0555,248.680499,0.720096,1.917146,0.859426,1.0,1.0,-66.25,-66.25,8518.25,8166.75
2012-01-30 00:00:00,CTA(9,21),8420.75,8419.75,8184.2931,7930.5647,253.728351,0.72129,1.908963,0.862482,1.0,1.0,-98.5,-98.5,8419.75,8068.25
2012-01-31 00:00:00,CTA(9,21),8307.0,8306.0,8197.9272,7948.4902,249.436965,0.697276,1.836168,0.888107,1.0,1.0,-113.75,-113.75,8306.0,7954.5
2012-02-01 00:00:00,CTA(9,21),8425.75,8424.75,8223.2408,7971.2169,252.023956,0.684892,1.796057,0.90093,1.0,1.0,118.75,118.75,8424.75,8073.25
2012-02-02 00:00:00,CTA(9,21),8327.75,8326.75,8234.8529,7988.1946,246.658319,0.658141,1.720408,0.922327,1.0,1.0,-98.0,-98.0,8326.75,7975.25
2012-02-03 00:00:00,CTA(9,21),8544.0,8543.0,8269.2026,8014.6616,254.541069,0.65734,1.713416,0.924109,1.0,1.0,216.25,216.25,8543.0,8191.5
2012-02-06 00:00:00,CTA(9,21),8478.25,8477.25,8292.4301,8036.7372,255.692915,0.643603,1.673857,0.933527,1.0,1.0,-65.75,-65.75,8477.25,8125.75
2012-02-07 00:00:00,CTA(9,21),8459.75,8458.75,8311.0212,8056.8807,254.140547,0.625303,1.623523,0.943816,1.0,1.0,-18.5,-18.5,8458.75,8107.25
2012-02-08 00:00:00,CTA(9,21),8557.5,8556.5,8338.4077,8080.7197,257.688064,0.616791,1.599193,0.948075,1.0,1.0,97.75,97.75,8556.5,8205.0
2012-02-09 00:00:00,CTA(9,21),8738.75,8737.75,8382.8902,8112.0545,270.83576,0.624991,1.617611,0.944894,1.0,1.0,181.25,181.25,8737.75,8386.25
2012-02-10 00:00:00,CTA(9,21),8461.25,8460.25,8391.5969,8128.6828,262.914043,0.599915,1.550449,0.955143,1.0,1.0,-277.5,-277.5,8460.25,8108.75
2012-02-13 00:00:00,CTA(9,21),8404.25,8403.25,8393.0028,8141.8051,251.197701,0.566843,1.463481,0.962624,1.0,1.0,-57.0,-57.0,8403.25,8051.75
2012-02-14 00:00:00,CTA(9,21),8405.5,8399.0,8394.3913,8154.362,240.029381,0.535261,1.381506,0.96326,1.0,1.0,-4.25,-4.25,8399.0,8047.5
2012-02-15 00:00:00,CTA(9,21),8361.5,8354.0,8390.7367,8164.2257,226.511072,0.500863,1.292838,0.956491,1.0,1.0,-45.0,-45.0,8354.0,8002.5
2012-02-16 00:00:00,CTA(9,21),8294.0,8285.5,8379.9882,8170.4054,209.582814,0.460646,1.189558,0.938337,1.0,1.0,-68.5,-68.5,8285.5,7934.0
2012-02-17 00:00:00,CTA(9,21),8174.0,8160.5,8357.1006,8170.5766,186.524063,0.410606,1.061249,0.899801,1.0,1.0,-125.0,-125.0,8160.5,7809.0
2012-02-20 00:00:00,CTA(9,21),8234.5,8221.0,8343.4783,8173.6206,169.857797,0.374344,0.96858,0.86077,1.0,1.0,60.5,60.5,8221.0,7869.5
2012-02-21 00:00:00,CTA(9,21),8447.75,8434.25,8355.0641,8186.6743,168.389753,0.372347,0.964203,0.858695,1.0,1.0,213.25,213.25,8434.25,8082.75
2012-02-22 00:00:00,CTA(9,21),8436.25,8422.75,8364.0847,8198.5589,165.525854,0.367678,0.952398,0.852993,1.0,1.0,-11.5,-11.5,8422.75,8071.25
2012-02-23 00:00:00,CTA(9,21),8395.75,8382.25,8367.6031,8207.9489,159.654163,0.359161,0.930098,0.841809,1.0,1.0,-40.5,-40.5,8382.25,8030.75
2012-02-24 00:00:00,CTA(9,21),8549.0,8535.5,8387.7583,8224.1895,163.568847,0.370517,0.958694,0.856053,1.0,1.0,153.25,153.25,8535.5,8184.0
2012-02-27 00:00:00,CTA(9,21),8552.5,8539.0,8406.0629,8239.8233,166.239644,0.380841,0.98444,0.868117,1.0,1.0,3.5,3.5,8539.0,8187.5
2012-02-28 00:00:00,CTA(9,21),8605.5,8592.0,8428.2226,8257.2365,170.98614,0.390294,1.007993,0.878519,1.0,1.0,53.0,53.0,8592.0,8240.5
2012-02-29 00:00:00,CTA(9,21),8497.0,8483.5,8435.8646,8268.6538,167.210761,0.382871,0.988277,0.869853,1.0,1.0,-108.5,-108.5,8483.5,8132.0
2012-03-01 00:00:00,CTA(9,21),8628.0,8614.5,8457.2129,8285.7655,171.44742,0.387334,0.999447,0.874815,1.0,1.0,131.0,131.0,8614.5,8263.0
2012-03-02 00:00:00,CTA(9,21),8580.25,8566.75,8470.8837,8299.7886,171.095134,0.383309,0.988985,0.870171,1.0,1.0,-47.75,-47.75,8566.75,8215.25
2012-03-05 00:00:00,CTA(9,21),8503.5,8490.0,8474.5078,8309.4891,165.018622,0.367316,0.947958,0.850809,1.0,1.0,-76.75,-76.75,8490.0,8138.5
2012-03-06 00:00:00,CTA(9,21),8288.75,8275.25,8453.868,8308.5016,145.366449,0.323221,0.834153,0.787606,1.0,1.0,-214.75,-214.75,8275.25,7923.75
2012-03-07 00:00:00,CTA(9,21),8295.75,8282.25,8436.2993,8307.8943,128.404999,0.285716,0.737232,0.723108,1.0,1.0,7.0,7.0,8282.25,7930.75
2012-03-08 00:00:00,CTA(9,21),8333.0,8319.5,8424.8216,8309.0898,115.731788,0.257702,0.664419,0.668532,1.0,1.0,37.25,37.25,8319.5,7968.0
2012-03-09 00:00:00,CTA(9,21),8503.5,8490.0,8433.5637,8318.3475,115.216202,0.256502,0.660408,0.665379,1.0,1.0,170.5,170.5,8490.0,8138.5
2012-03-12 00:00:00,CTA(9,21),8450.0,8436.5,8435.3899,8324.6166,110.773293,0.246383,0.633391,0.64376,1.0,1.0,-53.5,-53.5,8436.5,8085.0
2012-03-13 00:00:00,CTA(9,21),8563.0,8549.5,8449.5688,8335.9682,113.600601,0.253548,0.650801,0.657768,1.0,1.0,113.0,113.0,8549.5,8198.0
2012-03-14 00:00:00,CTA(9,21),8474.5,8461.0,8452.339,8342.565,109.77398,0.246898,0.632932,0.643387,1.0,1.0,-88.5,-88.5,8461.0,8109.5
2012-03-15 00:00:00,CTA(9,21),8583.0,8569.5,8466.8569,8354.0143,112.842587,0.261815,0.670364,0.673177,1.0,1.0,108.5,108.5,8569.5,8218.0
2012-03-16 00:00:00,CTA(9,21),8531.0,8517.5,8473.9839,8362.4422,111.541711,0.268689,0.687024,0.686017,1.0,1.0,-52.0,-52.0,8517.5,8166.0
2012-03-19 00:00:00,CTA(9,21),8601.5,8588.0,8488.1523,8373.8259,114.326464,0.283207,0.723046,0.712876,1.0,1.0,70.5,70.5,8588.0,8236.5
2012-03-20 00:00:00,CTA(9,21),8445.5,8438.0,8483.4132,8377.2389,106.174262,0.275384,0.702118,0.697423,1.0,1.0,-150.0,-150.0,8438.0,8086.5
2012-03-21 00:00:00,CTA(9,21),8474.5,8464.0,8482.4228,8381.8704,100.552429,0.270106,0.687748,0.686569,1.0,1.0,26.0,26.0,8464.0,8112.5
2012-03-22 00:00:00,CTA(9,21),8312.5,8299.5,8463.5425,8378.567,84.975467,0.237094,0.602955,0.618618,1.0,1.0,-164.5,-164.5,8299.5,7948.0
2012-03-23 00:00:00,CTA(9,21),8399.5,8400.5,8456.4267,8379.5639,76.862825,0.221488,0.562617,0.584057,1.0,1.0,101.0,101.0,8400.5,8049.0
2012-03-26 00:00:00,CTA(9,21),8561.5,8562.5,8468.1015,8388.2275,79.874012,0.235193,0.596683,0.613335,1.0,1.0,162.0,162.0,8562.5,8211.0
2012-03-27 00:00:00,CTA(9,21),8553.5,8554.5,8477.5902,8396.0976,81.492616,0.251101,0.636169,0.646014,1.0,1.0,-8.0,-8.0,8554.5,8203.0
2012-03-28 00:00:00,CTA(9,21),8364.0,8365.0,8464.9691,8394.5691,70.399938,0.231269,0.585226,0.603599,1.0,1.0,-189.5,-189.5,8365.0,8013.5
2012-03-29 00:00:00,CTA(9,21),8376.5,8377.5,8455.1392,8393.7087,61.430475,0.211668,0.53507,0.559675,1.0,1.0,12.5,12.5,8377.5,8026.0
2012-03-30 00:00:00,CTA(9,21),8469.0,8470.0,8456.6793,8397.294,59.385267,0.210411,0.53136,0.556344,1.0,1.0,92.5,92.5,8470.0,8118.5
2012-04-02 00:00:00,CTA(9,21),8669.0,8670.0,8480.2705,8410.2324,70.038078,0.263566,0.664687,0.668742,1.0,1.0,200.0,200.0,8670.0,8318.5
2012-04-03 00:00:00,CTA(9,21),8636.0,8637.0,8497.5737,8420.9832,76.590521,0.311255,0.783626,0.755174,1.0,1.0,-33.0,-33.0,8637.0,8285.5
2012-04-04 00:00:00,CTA(9,21),8357.5,8358.5,8482.01,8417.9602,64.049782,0.286554,0.720431,0.710969,1.0,1.0,-278.5,-278.5,8358.5,8007.0
2012-04-05 00:00:00,CTA(9,21),8381.0,8382.0,8470.7867,8416.2002,54.586459,0.284818,0.715024,0.707003,1.0,1.0,23.5,23.5,8382.0,8030.5
2012-04-10 00:00:00,CTA(9,21),8055.5,8056.5,8424.6437,8399.024,25.619697,0.144464,0.362479,0.394119,1.0,1.0,-325.5,-325.5,8056.5,7705.0
2012-04-11 00:00:00,CTA(9,21),8075.0,8076.0,8385.7944,8383.5943,2.200111,0.013477,0.033815,0.037983,1.0,1.0,19.5,19.5,8076.0,7724.5
2012-04-12 00:00:00,CTA(9,21),8263.25,8264.25,8372.1784,8377.8636,-5.685253,-0.036537,-0.09169,-0.102806,-1.0,1.0,188.25,188.25,8264.25,7912.75
2012-04-13 00:00:00,CTA(9,21),8044.75,8045.75,8335.7974,8362.0011,-26.203628,-0.170831,-0.428737,-0.460091,-1.0,-1.0,-218.5,218.5,-8045.75,8131.25
2012-04-16 00:00:00,CTA(9,21),8049.5,8050.5,8303.9866,8347.1201,-43.133451,-0.279358,-0.700817,-0.696449,-1.0,-1.0,4.75,-4.75,-8050.5,8126.5
2012-04-17 00:00:00,CTA(9,21),8084.0,8113.0,8279.5436,8334.5905,-55.046881,-0.349398,-0.875701,-0.81228,-1.0,-1.0,62.5,-62.5,-8113.0,8064.0
2012-04-18 00:00:00,CTA(9,21),8078.0,8110.0,8257.1499,8322.3719,-65.222023,-0.403629,-1.010217,-0.87947,-1.0,-1.0,-3.0,3.0,-8110.0,8067.0
2012-04-19 00:00:00,CTA(9,21),8072.0,8108.0,8236.5777,8310.4495,-73.871762,-0.44227,-1.105042,-0.914972,-1.0,-1.0,-2.0,2.0,-8108.0,8069.0
2012-04-20 00:00:00,CTA(9,21),8222.0,8270.0,8234.958,8306.2376,-71.279627,-0.427027,-1.065349,-0.90131,-1.0,-1.0,162.0,-162.0,-8270.0,7907.0
2012-04-23 00:00:00,CTA(9,21),8092.0,8140.0,8219.0737,8296.0358,-76.962054,-0.448852,-1.117862,-0.919016,-1.0,-1.0,-130.0,130.0,-8140.0,8037.0
2012-04-24 00:00:00,CTA(9,21),8213.0,8261.0,8218.3989,8292.0817,-73.682828,-0.425913,-1.059116,-0.899008,-1.0,-1.0,121.0,-121.0,-8261.0,7916.0
2012-04-25 00:00:00,CTA(9,21),8264.0,8312.0,8223.4657,8290.7445,-67.278813,-0.387055,-0.961343,-0.857328,-1.0,-1.0,51.0,-51.0,-8312.0,7865.0
2012-04-26 00:00:00,CTA(9,21),8388.0,8436.0,8241.7473,8295.3757,-53.628436,-0.311528,-0.773232,-0.748178,-1.0,-1.0,124.0,-124.0,-8436.0,7741.0
2012-04-27 00:00:00,CTA(9,21),8494.0,8542.0,8269.7753,8304.834,-35.058654,-0.203972,-0.506192,-0.533465,-1.0,-1.0,106.0,-106.0,-8542.0,7635.0
2012-04-30 00:00:00,CTA(9,21),8459.5,8507.5,8290.8559,8312.199,-21.343184,-0.124054,-0.30788,-0.337831,-1.0,-1.0,-34.5,34.5,-8507.5,7669.5
2012-05-01 00:00:00,CTA(9,21),8472.0,8520.0,8310.983,8319.8086,-8.825626,-0.051326,-0.127417,-0.142585,-1.0,-1.0,12.5,-12.5,-8520.0,7657.0
2012-05-02 00:00:00,CTA(9,21),8329.0,8377.0,8312.9849,8320.2463,-7.261421,-0.042188,-0.104816,-0.117448,-1.0,-1.0,-143.0,143.0,-8377.0,7800.0
2012-05-03 00:00:00,CTA(9,21),8259.5,8307.5,8307.0421,8317.3536,-10.311504,-0.059684,-0.1485,-0.165937,-1.0,-1.0,-69.5,69.5,-8307.5,7869.5
2012-05-04 00:00:00,CTA(9,21),8218.5,8266.5,8297.2041,8312.6463,-15.442202,-0.089215,-0.222409,-0.246826,-1.0,-1.0,-41.0,41.0,-8266.5,7910.5
2012-05-08 00:00:00,CTA(9,21),8158.5,8206.5,8281.7925,8305.306,-23.513468,-0.134275,-0.335526,-0.366533,-1.0,-1.0,-60.0,60.0,-8206.5,7970.5
2012-05-09 00:00:00,CTA(9,21),8136.0,8184.0,8265.5934,8297.2438,-31.650448,-0.178219,-0.446654,-0.477442,-1.0,-1.0,-22.5,22.5,-8184.0,7993.0
2012-05-10 00:00:00,CTA(9,21),8191.0,8239.0,8257.3052,8292.1846,-34.879371,-0.196331,-0.493767,-0.521989,-1.0,-1.0,55.0,-55.0,-8239.0,7938.0
2012-05-11 00:00:00,CTA(9,21),8098.0,8146.0,8239.6046,8282.9377,-43.333065,-0.248032,-0.626028,-0.637753,-1.0,-1.0,-93.0,93.0,-8146.0,8031.0
2012-05-14 00:00:00,CTA(9,21),7900.0,7948.0,8201.8708,8264.7026,-62.831784,-0.342039,-0.866035,-0.806702,-1.0,-1.0,-198.0,198.0,-7948.0,8229.0
2012-05-15 00:00:00,CTA(9,21),7795.0,7846.0,8156.6629,8242.3358,-85.67286,-0.435772,-1.106143,-0.915326,-1.0,-1.0,-102.0,102.0,-7846.0,8331.0
2012-05-16 00:00:00,CTA(9,21),7690.0,7738.0,8104.8115,8216.0341,-111.222592,-0.522173,-1.327158,-0.960056,-1.0,-1.0,-108.0,108.0,-7738.0,8439.0
2012-05-17 00:00:00,CTA(9,21),7690.5,7738.5,8058.7769,8191.0086,-132.231769,-0.580428,-1.475824,-0.961978,-1.0,-1.0,0.5,-0.5,-7738.5,8438.5
2012-05-18 00:00:00,CTA(9,21),7696.0,7768.0,8018.4683,8167.4368,-148.968471,-0.617887,-1.570125,-0.95253,-1.0,-1.0,29.5,-29.5,-7768.0,8409.0
2012-05-21 00:00:00,CTA(9,21),7780.0,7852.0,7991.9719,8148.9874,-157.01558,-0.628786,-1.596764,-0.948474,-1.0,-1.0,84.0,-84.0,-7852.0,8325.0
2012-05-22 00:00:00,CTA(9,21),7786.0,7858.0,7969.0861,8131.7023,-162.616226,-0.630155,-1.599047,-0.948099,-1.0,-1.0,6.0,-6.0,-7858.0,8319.0
2012-05-23 00:00:00,CTA(9,21),7578.0,7650.0,7925.6321,8105.3355,-179.703459,-0.658629,-1.668503,-0.934714,-1.0,-1.0,-208.0,208.0,-7650.0,8527.0
2012-05-24 00:00:00,CTA(9,21),7656.5,7728.5,7895.7285,8083.9624,-188.233903,-0.66422,-1.679058,-0.932354,-1.0,-1.0,78.5,-78.5,-7728.5,8448.5
2012-05-25 00:00:00,CTA(9,21),7673.0,7745.0,7870.9809,8064.3928,-193.411876,-0.660492,-1.665092,-0.935458,-1.0,-1.0,16.5,-16.5,-7745.0,8432.0
2012-05-28 00:00:00,CTA(9,21),7715.5,7787.5,7853.7052,8047.7788,-194.07359,-0.650323,-1.634464,-0.941746,-1.0,-1.0,42.5,-42.5,-7787.5,8389.5
2012-05-29 00:00:00,CTA(9,21),7686.0,7758.0,7835.0713,8030.5513,-195.479943,-0.642788,-1.610499,-0.946155,-1.0,-1.0,-29.5,29.5,-7758.0,8419.0
2012-05-30 00:00:00,CTA(9,21),7491.0,7563.0,7796.8412,8004.8584,-208.017173,-0.661527,-1.652021,-0.93823,-1.0,-1.0,-195.0,195.0,-7563.0,8614.0
2012-05-31 00:00:00,CTA(9,21),7440.0,7512.0,7757.1922,7977.9603,-220.768177,-0.674673,-1.678776,-0.932418,-1.0,-1.0,-51.0,51.0,-7512.0,8665.0
2012-06-01 00:00:00,CTA(9,21),7378.5,7450.5,7715.1153,7949.4146,-234.299353,-0.692042,-1.715115,-0.923679,-1.0,-1.0,-61.5,61.5,-7450.5,8726.5
2012-06-06 00:00:00,CTA(9,21),7413.0,7485.0,7681.5469,7923.8711,-242.324162,-0.696045,-1.71789,-0.922972,-1.0,-1.0,34.5,-34.5,-7485.0,8692.0
2012-06-07 00:00:00,CTA(9,21),7492.5,7564.5,7660.5417,7903.3296,-242.787894,-0.683177,-1.679559,-0.93224,-1.0,-1.0,79.5,-79.5,-7564.5,8612.5
2012-06-08 00:00:00,CTA(9,21),7287.0,7359.0,7619.0371,7873.9805,-254.943498,-0.687248,-1.682853,-0.931486,-1.0,-1.0,-205.5,205.5,-7359.0,8818.0
2012-06-11 00:00:00,CTA(9,21),7412.5,7484.5,7596.0885,7852.0053,-255.916795,-0.671425,-1.638111,-0.941036,-1.0,-1.0,125.5,-125.5,-7484.5,8692.5
2012-06-12 00:00:00,CTA(9,21),7385.0,7457.0,7572.6342,7829.7669,-257.132724,-0.657561,-1.598897,-0.948124,-1.0,-1.0,-27.5,27.5,-7457.0,8720.0
2012-06-13 00:00:00,CTA(9,21),7378.75,7450.75,7551.0915,7808.2899,-257.198418,-0.64625,-1.566076,-0.953094,-1.0,-1.0,-6.25,6.25,-7450.75,8726.25
2012-06-14 00:00:00,CTA(9,21),7406.5,7478.5,7535.0258,7789.1571,-254.131288,-0.628815,-1.518865,-0.958639,-1.0,-1.0,27.75,-27.75,-7478.5,8698.5
2012-06-15 00:00:00,CTA(9,21),7499.25,7571.25,7531.0507,7775.352,-244.301278,-0.602777,-1.451687,-0.963109,-1.0,-1.0,92.75,-92.75,-7571.25,8605.75
2012-06-18 00:00:00,CTA(9,21),7498.25,7570.25,7527.4062,7762.1567,-234.750468,-0.576145,-1.383866,-0.963333,-1.0,-1.0,-1.0,1.0,-7570.25,8606.75
2012-06-19 00:00:00,CTA(9,21),7609.75,7672.75,7536.5555,7754.8992,-218.343696,-0.53945,-1.292836,-0.956491,-1.0,-1.0,102.5,-102.5,-7672.75,8504.25
2012-06-20 00:00:00,CTA(9,21),7547.0,7610.0,7537.716,7744.9992,-207.283234,-0.513516,-1.228246,-0.94646,-1.0,-1.0,-62.75,62.75,-7610.0,8567.0
2012-06-21 00:00:00,CTA(9,21),7352.0,7415.0,7517.0809,7726.285,-209.204096,-0.517216,-1.234622,-0.947646,-1.0,-1.0,-195.0,195.0,-7415.0,8762.0
2012-06-22 00:00:00,CTA(9,21),7326.0,7387.0,7495.8497,7707.2238,-211.374116,-0.517535,-1.232957,-0.947341,-1.0,-1.0,-28.0,28.0,-7387.0,8790.0
2012-06-25 00:00:00,CTA(9,21),7353.5,7414.5,7480.033,7690.3798,-210.346757,-0.51265,-1.218978,-0.94466,-1.0,-1.0,27.5,-27.5,-7414.5,8762.5
2012-06-26 00:00:00,CTA(9,21),7381.0,7442.0,7469.0294,7675.6474,-206.618057,-0.499404,-1.185394,-0.937367,-1.0,-1.0,27.5,-27.5,-7442.0,8735.0
2012-06-27 00:00:00,CTA(9,21),7425.25,7486.25,7464.165,7663.7237,-199.558745,-0.481769,-1.141695,-0.926057,-1.0,-1.0,44.25,-44.25,-7486.25,8690.75
2012-06-28 00:00:00,CTA(9,21),7397.0,7458.0,7456.7022,7651.0226,-194.320392,-0.472807,-1.118684,-0.919269,-1.0,-1.0,-28.25,28.25,-7458.0,8719.0
2012-06-29 00:00:00,CTA(9,21),7696.5,7757.5,7483.3464,7653.1882,-169.841784,-0.421348,-0.995837,-0.873226,-1.0,-1.0,299.5,-299.5,-7757.5,8419.5
2012-07-02 00:00:00,CTA(9,21),7638.75,7699.75,7500.6135,7652.5007,-151.887186,-0.380149,-0.897922,-0.824726,-1.0,-1.0,-57.75,57.75,-7699.75,8477.25
2012-07-03 00:00:00,CTA(9,21),7825.0,7886.0,7536.6564,7660.7149,-124.058494,-0.314576,-0.743073,-0.727264,-1.0,-1.0,186.25,-186.25,-7886.0,8291.0
2012-07-04 00:00:00,CTA(9,21),7728.5,7789.5,7557.9724,7663.9428,-105.970403,-0.273791,-0.64716,-0.654861,-1.0,-1.0,-96.5,96.5,-7789.5,8387.5
2012-07-05 00:00:00,CTA(9,21),7702.5,7763.5,7574.031,7665.7788,-91.747836,-0.245902,-0.581924,-0.600771,-1.0,-1.0,-26.0,26.0,-7763.5,8413.5
2012-07-06 00:00:00,CTA(9,21),7536.0,7597.0,7569.8053,7659.5989,-89.793559,-0.248943,-0.590273,-0.607902,-1.0,-1.0,-166.5,166.5,-7597.0,8580.0
2012-07-09 00:00:00,CTA(9,21),7560.5,7621.5,7568.7714,7654.8799,-86.10849,-0.242213,-0.575794,-0.595499,-1.0,-1.0,24.5,-24.5,-7621.5,8555.5
2012-07-10 00:00:00,CTA(9,21),7492.75,7553.75,7560.3246,7647.1594,-86.834842,-0.248108,-0.591537,-0.608976,-1.0,-1.0,-67.75,67.75,-7553.75,8623.25
2012-07-11 00:00:00,CTA(9,21),7549.5,7610.5,7559.1219,7642.509,-83.387125,-0.238457,-0.570516,-0.590933,-1.0,-1.0,56.75,-56.75,-7610.5,8566.5
2012-07-12 00:00:00,CTA(9,21),7574.5,7635.5,7560.8305,7639.2705,-78.43992,-0.224947,-0.540433,-0.56447,-1.0,-1.0,25.0,-25.0,-7635.5,8541.5
2012-07-13 00:00:00,CTA(9,21),7709.5,7770.5,7577.3494,7642.6147,-65.265355,-0.190162,-0.459043,-0.489311,-1.0,-1.0,135.0,-135.0,-7770.5,8406.5
2012-07-16 00:00:00,CTA(9,21),7695.0,7756.0,7590.4217,7645.1093,-54.687599,-0.160137,-0.388582,-0.420434,-1.0,-1.0,-14.5,14.5,-7756.0,8421.0
2012-07-17 00:00:00,CTA(9,21),7597.0,7657.5,7591.1526,7642.8183,-51.665756,-0.151891,-0.370608,-0.402358,-1.0,-1.0,-98.5,98.5,-7657.5,8519.5
2012-07-18 00:00:00,CTA(9,21),7641.5,7702.0,7596.7467,7642.7556,-46.00882,-0.136186,-0.334317,-0.365286,-1.0,-1.0,44.5,-44.5,-7702.0,8475.0
2012-07-19 00:00:00,CTA(9,21),7737.0,7797.0,7612.3304,7647.2434,-34.912956,-0.104152,-0.257288,-0.284343,-1.0,-1.0,95.0,-95.0,-7797.0,8380.0
2012-07-20 00:00:00,CTA(9,21),7547.0,7607.0,7605.0715,7642.4699,-37.398398,-0.112157,-0.27877,-0.307198,-1.0,-1.0,-190.0,190.0,-7607.0,8570.0
2012-07-23 00:00:00,CTA(9,21),7402.75,7462.75,7582.5913,7631.0547,-48.463332,-0.1468,-0.367068,-0.398774,-1.0,-1.0,-144.25,144.25,-7462.75,8714.25
2012-07-24 00:00:00,CTA(9,21),7418.75,7478.75,7564.3867,7620.9449,-56.558179,-0.171973,-0.432525,-0.463777,-1.0,-1.0,16.0,-16.0,-7478.75,8698.25
2012-07-25 00:00:00,CTA(9,21),7447.25,7507.25,7551.3715,7612.6737,-61.302185,-0.1891,-0.478542,-0.507769,-1.0,-1.0,28.5,-28.5,-7507.25,8669.75
2012-07-26 00:00:00,CTA(9,21),7470.0,7530.0,7542.3303,7605.8797,-63.549481,-0.200313,-0.510077,-0.537028,-1.0,-1.0,22.75,-22.75,-7530.0,8647.0
2012-07-27 00:00:00,CTA(9,21),7562.0,7622.0,7544.5158,7603.7902,-59.274443,-0.194572,-0.498565,-0.526434,-1.0,-1.0,92.0,-92.0,-7622.0,8555.0
2012-07-30 00:00:00,CTA(9,21),7538.5,7598.5,7543.8474,7600.6812,-56.833806,-0.198441,-0.511671,-0.538488,-1.0,-1.0,-23.5,23.5,-7598.5,8578.5
2012-07-31 00:00:00,CTA(9,21),7555.5,7615.5,7545.1421,7598.5297,-53.387585,-0.199446,-0.517222,-0.543553,-1.0,-1.0,17.0,-17.0,-7615.5,8561.5
2012-08-01 00:00:00,CTA(9,21),7421.75,7481.75,7531.4319,7590.1116,-58.679738,-0.237337,-0.618751,-0.631769,-1.0,-1.0,-133.75,133.75,-7481.75,8695.25
2012-08-02 00:00:00,CTA(9,21),7325.25,7385.25,7508.5228,7577.4992,-68.976378,-0.295678,-0.774307,-0.748907,-1.0,-1.0,-96.5,96.5,-7385.25,8791.75
2012-08-03 00:00:00,CTA(9,21),7443.5,7503.5,7501.298,7571.1182,-69.820218,-0.318866,-0.83785,-0.789875,-1.0,-1.0,118.25,-118.25,-7503.5,8673.5
2012-08-06 00:00:00,CTA(9,21),7495.25,7555.25,7500.626,7567.5055,-66.879448,-0.327134,-0.861144,-0.803843,-1.0,-1.0,51.75,-51.75,-7555.25,8621.75
2012-08-07 00:00:00,CTA(9,21),7583.5,7643.5,7509.8342,7568.2671,-58.432872,-0.306046,-0.806074,-0.769907,-1.0,-1.0,88.25,-88.25,-7643.5,8533.5
2012-08-08 00:00:00,CTA(9,21),7553.5,7613.5,7514.686,7567.5639,-52.877925,-0.298586,-0.786356,-0.756993,-1.0,-1.0,-30.0,30.0,-7613.5,8563.5
2012-08-09 00:00:00,CTA(9,21),7531.0,7591.0,7516.4987,7565.8228,-49.324119,-0.311716,-0.820724,-0.779244,-1.0,-1.0,-22.5,22.5,-7591.0,8586.0
2012-08-10 00:00:00,CTA(9,21),7484.25,7544.25,7512.9155,7561.9384,-49.022885,-0.343735,-0.904795,-0.828468,-1.0,-1.0,-46.75,46.75,-7544.25,8632.75
2012-08-13 00:00:00,CTA(9,21),7382.25,7442.25,7498.3971,7553.3818,-54.984682,-0.401744,-1.057115,-0.89826,-1.0,-1.0,-102.0,102.0,-7442.25,8734.75
2012-08-14 00:00:00,CTA(9,21),7413.25,7467.25,7488.9363,7546.7088,-57.772529,-0.431641,-1.135406,-0.924259,-1.0,-1.0,25.0,-25.0,-7467.25,8709.75
2012-08-15 00:00:00,CTA(9,21),7383.5,7437.5,7477.2212,7538.937,-61.715824,-0.461676,-1.214047,-0.943665,-1.0,-1.0,-29.75,29.75,-7437.5,8739.5
2012-08-16 00:00:00,CTA(9,21),7450.75,7503.25,7474.2799,7534.7376,-60.457684,-0.456503,-1.200227,-0.940737,-1.0,-1.0,65.75,-65.75,-7503.25,8673.75
2012-08-17 00:00:00,CTA(9,21),7540.5,7591.5,7481.6377,7535.012,-53.374297,-0.408516,-1.074537,-0.904626,-1.0,-1.0,88.25,-88.25,-7591.5,8585.5
2012-08-20 00:00:00,CTA(9,21),7455.5,7506.5,7478.7335,7531.2257,-52.4922,-0.414244,-1.090277,-0.910091,-1.0,-1.0,-85.0,85.0,-7506.5,8670.5
2012-08-21 00:00:00,CTA(9,21),7612.5,7663.5,7493.5965,7535.0959,-41.499461,-0.338419,-0.891908,-0.82141,-1.0,-1.0,157.0,-157.0,-7663.5,8513.5
2012-08-22 00:00:00,CTA(9,21),7607.5,7658.5,7506.2524,7538.5437,-32.291326,-0.26269,-0.693455,-0.690903,-1.0,-1.0,-5.0,5.0,-7658.5,8518.5
2012-08-23 00:00:00,CTA(9,21),7684.5,7735.5,7526.0577,7545.494,-19.436336,-0.157391,-0.416192,-0.447813,-1.0,-1.0,77.0,-77.0,-7735.5,8441.5
2012-08-24 00:00:00,CTA(9,21),7637.0,7688.0,7538.3846,7549.8515,-11.46684,-0.09335,-0.247174,-0.273514,-1.0,-1.0,-47.5,47.5,-7688.0,8489.0
2012-08-28 00:00:00,CTA(9,21),7603.0,7654.0,7545.5641,7552.3823,-6.818236,-0.056495,-0.149724,-0.167289,-1.0,-1.0,-34.0,34.0,-7654.0,8523.0
2012-08-29 00:00:00,CTA(9,21),7570.5,7621.5,7548.3348,7553.2451,-4.910327,-0.041298,-0.109507,-0.122673,-1.0,-1.0,-32.5,32.5,-7621.5,8555.5
2012-08-30 00:00:00,CTA(9,21),7563.75,7614.75,7550.0476,7553.7453,-3.697756,-0.031062,-0.08238,-0.092404,-1.0,-1.0,-6.75,6.75,-7614.75,8562.25
2012-08-31 00:00:00,CTA(9,21),7613.5,7664.5,7557.0978,7556.5908,0.507053,0.004249,0.011269,0.012661,1.0,-1.0,49.75,-49.75,-7664.5,8512.5
2012-09-03 00:00:00,CTA(9,21),7680.75,7731.75,7570.837,7562.5031,8.333839,0.069583,0.184419,0.205458,1.0,1.0,67.25,67.25,7731.75,8579.75
2012-09-04 00:00:00,CTA(9,21),7635.75,7686.75,7578.0495,7565.9911,12.058452,0.100643,0.266548,0.294219,1.0,1.0,-45.0,-45.0,7686.75,8534.75
2012-09-05 00:00:00,CTA(9,21),7734.0,7785.0,7595.3774,7573.9915,21.385858,0.174434,0.46139,0.491547,1.0,1.0,98.25,98.25,7785.0,8633.0
2012-09-06 00:00:00,CTA(9,21),7695.75,7746.75,7606.5299,7579.7895,26.74035,0.222069,0.586334,0.604545,1.0,1.0,-38.25,-38.25,7746.75,8594.75
2012-09-07 00:00:00,CTA(9,21),7961.75,8012.75,7645.9988,7597.9781,48.020659,0.367019,0.96555,0.859336,1.0,1.0,266.0,266.0,8012.75,8860.75
2012-09-10 00:00:00,CTA(9,21),8057.5,8108.5,7691.7211,7619.8601,71.861023,0.497595,1.30184,0.957543,1.0,1.0,95.75,95.75,8108.5,8956.5
2012-09-11 00:00:00,CTA(9,21),8078.25,8129.25,7734.6688,7641.6882,92.980585,0.592086,1.538174,0.956605,1.0,1.0,20.75,20.75,8129.25,8977.25
2012-09-12 00:00:00,CTA(9,21),8082.0,8133.0,7773.2611,7662.6554,110.605714,0.655849,1.690145,0.929787,1.0,1.0,3.75,3.75,8133.0,8981.0
2012-09-13 00:00:00,CTA(9,21),8060.0,8111.0,7805.121,7681.5766,123.544417,0.690188,1.76383,0.910508,1.0,1.0,-22.0,-22.0,8111.0,8959.0
2012-09-14 00:00:00,CTA(9,21),8363.0,8414.0,7867.1076,7714.0253,153.082237,0.751542,1.902741,0.864783,1.0,1.0,303.0,303.0,8414.0,9262.0
2012-09-17 00:00:00,CTA(9,21),8282.75,8333.75,7913.2901,7741.1075,172.182602,0.778495,1.952199,0.845963,1.0,1.0,-80.25,-80.25,8333.75,9181.75
2012-09-18 00:00:00,CTA(9,21),8311.25,8357.5,7957.5078,7768.2571,189.250729,0.795135,1.975523,0.836686,1.0,1.0,23.75,23.75,8357.5,9205.5
2012-09-19 00:00:00,CTA(9,21),8344.0,8388.75,8000.4514,7795.6734,204.777974,0.811726,1.998721,0.827224,1.0,1.0,31.25,31.25,8388.75,9236.75
2012-09-20 00:00:00,CTA(9,21),8268.5,8313.5,8030.2346,7818.189,212.045601,0.811505,1.981497,0.834272,1.0,1.0,-75.25,-75.25,8313.5,9161.5
2012-09-21 00:00:00,CTA(9,21),8282.0,8323.25,8058.2085,7840.2752,217.933297,0.806539,1.955212,0.844778,1.0,1.0,9.75,9.75,8323.25,9171.25
2012-09-24 00:00:00,CTA(9,21),8181.5,8222.75,8071.9076,7856.524,215.383551,0.78232,1.885841,0.870932,1.0,1.0,-100.5,-100.5,8222.75,9070.75
2012-09-25 00:00:00,CTA(9,21),8276.0,8317.25,8094.5845,7876.4991,218.085441,0.769596,1.84679,0.884551,1.0,1.0,94.5,94.5,8317.25,9165.25
2012-09-26 00:00:00,CTA(9,21),8125.0,8166.25,8097.964,7888.3324,209.631563,0.733148,1.753266,0.9135,1.0,1.0,-151.0,-151.0,8166.25,9014.25
2012-09-27 00:00:00,CTA(9,21),8181.5,8222.75,8107.2458,7902.2928,204.95298,0.701491,1.673615,0.933582,1.0,1.0,56.5,56.5,8222.75,9070.75
2012-09-28 00:00:00,CTA(9,21),8213.0,8254.25,8118.9963,7917.0884,201.907867,0.675923,1.610124,0.94622,1.0,1.0,31.5,31.5,8254.25,9102.25
2012-10-01 00:00:00,CTA(9,21),8302.75,8344.0,8139.4133,7935.4532,203.960112,0.66367,1.579415,0.951182,1.0,1.0,89.75,89.75,8344.0,9192.0
2012-10-02 00:00:00,CTA(9,21),8328.75,8370.0,8160.4507,7954.1816,206.269101,0.651784,1.550363,0.955153,1.0,1.0,26.0,26.0,8370.0,9218.0
2012-10-03 00:00:00,CTA(9,21),8289.0,8330.25,8174.734,7970.1254,204.60862,0.631655,1.50264,0.960094,1.0,1.0,-39.75,-39.75,8330.25,9178.25
2012-10-04 00:00:00,CTA(9,21),8298.0,8339.25,8188.4302,7985.7385,202.691766,0.614128,1.461774,0.962702,1.0,1.0,9.0,9.0,8339.25,9187.25
2012-10-05 00:00:00,CTA(9,21),8297.0,8338.25,8200.4935,8000.5604,199.933096,0.595294,1.417861,0.963773,1.0,1.0,-1.0,-1.0,8338.25,9186.25
2012-10-08 00:00:00,CTA(9,21),8183.0,8224.25,8198.5498,8009.248,189.301773,0.560299,1.335593,0.960748,1.0,1.0,-114.0,-114.0,8224.25,9072.25
2012-10-09 00:00:00,CTA(9,21),8141.5,8182.75,8192.2109,8015.5457,176.665193,0.520377,1.241608,0.948896,1.0,1.0,-41.5,-41.5,8182.75,9030.75
2012-10-10 00:00:00,CTA(9,21),8166.5,8207.75,8189.3542,8022.734,166.620125,0.487822,1.165285,0.932419,1.0,1.0,25.0,25.0,8207.75,9055.75
2012-10-11 00:00:00,CTA(9,21),8242.5,8283.75,8195.2593,8033.1991,162.060172,0.46863,1.120585,0.919852,1.0,1.0,76.0,76.0,8283.75,9131.75
2012-10-12 00:00:00,CTA(9,21),8132.0,8173.25,8188.2305,8037.9039,150.32656,0.43216,1.03469,0.889576,1.0,1.0,-110.5,-110.5,8173.25,9021.25
2012-10-15 00:00:00,CTA(9,21),8095.5,8136.75,8177.9271,8040.6466,137.280505,0.393993,0.944566,0.849126,1.0,1.0,-36.5,-36.5,8136.75,8984.75
2012-10-16 00:00:00,CTA(9,21),8125.0,8168.25,8172.0463,8044.6634,127.382889,0.364313,0.874625,0.811664,1.0,1.0,31.5,31.5,8168.25,9016.25
2012-10-17 00:00:00,CTA(9,21),8223.5,8266.75,8177.7634,8053.1794,124.58394,0.353063,0.84873,0.79647,1.0,1.0,98.5,98.5,8266.75,9114.75
2012-10-18 00:00:00,CTA(9,21),8223.5,8265.75,8182.8452,8061.2899,121.555285,0.343291,0.826383,0.78279,1.0,1.0,-1.0,-1.0,8265.75,9113.75
2012-10-19 00:00:00,CTA(9,21),8015.0,8057.25,8164.1957,8059.0856,105.110099,0.300344,0.724455,0.713902,1.0,1.0,-208.5,-208.5,8057.25,8905.25
2012-10-22 00:00:00,CTA(9,21),7953.0,7995.25,8140.7295,8054.0339,86.695603,0.250908,0.606595,0.621668,1.0,1.0,-62.0,-62.0,7995.25,8843.25
2012-10-23 00:00:00,CTA(9,21),7834.0,7876.25,8106.6485,8043.5561,63.092349,0.184848,0.447895,0.478636,1.0,1.0,-119.0,-119.0,7876.25,8724.25
2012-10-24 00:00:00,CTA(9,21),7820.5,7862.75,8074.8542,8032.9344,41.919793,0.124229,0.30168,0.331341,1.0,1.0,-13.5,-13.5,7862.75,8710.75
2012-10-25 00:00:00,CTA(9,21),7819.0,7861.25,8046.426,8022.7471,23.678901,0.070669,0.171963,0.191794,1.0,1.0,-1.5,-1.5,7861.25,8709.25
2012-10-26 00:00:00,CTA(9,21),7824.5,7866.75,8021.7675,8013.3067,8.460797,0.025467,0.062065,0.069669,1.0,1.0,5.5,5.5,7866.75,8714.75
2012-10-29 00:00:00,CTA(9,21),7703.25,7745.5,7986.3767,7998.5421,-12.165433,-0.036827,-0.089842,-0.100743,-1.0,1.0,-121.25,-121.25,7745.5,8593.5
2012-10-30 00:00:00,CTA(9,21),7724.75,7767.0,7957.3071,7985.5044,-28.197345,-0.086612,-0.211449,-0.234942,-1.0,-1.0,21.5,-21.5,-7767.0,8572.0
2012-10-31 00:00:00,CTA(9,21),7761.75,7804.0,7935.5785,7974.8494,-39.270936,-0.123589,-0.301883,-0.331554,-1.0,-1.0,37.0,-37.0,-7804.0,8535.0
2012-11-01 00:00:00,CTA(9,21),7828.0,7870.25,7923.6253,7967.8566,-44.231272,-0.141576,-0.345928,-0.377227,-1.0,-1.0,66.25,-66.25,-7870.25,8468.75
2012-11-02 00:00:00,CTA(9,21),7665.25,7707.5,7894.917,7953.4468,-58.529803,-0.189108,-0.462066,-0.49219,-1.0,-1.0,-162.75,162.75,-7707.5,8631.5
2012-11-05 00:00:00,CTA(9,21),7646.0,7688.25,7867.2595,7938.8064,-71.546921,-0.231895,-0.566428,-0.587381,-1.0,-1.0,-19.25,19.25,-7688.25,8650.75
2012-11-06 00:00:00,CTA(9,21),7695.25,7737.5,7848.1474,7927.2085,-79.061164,-0.258054,-0.629988,-0.64099,-1.0,-1.0,49.25,-49.25,-7737.5,8601.5
2012-11-07 00:00:00,CTA(9,21),7600.25,7642.5,7820.6032,7911.6391,-91.035861,-0.298387,-0.727837,-0.716354,-1.0,-1.0,-95.0,95.0,-7642.5,8696.5
2012-11-08 00:00:00,CTA(9,21),7628.25,7670.5,7799.2306,7898.1443,-98.913722,-0.327174,-0.797223,-0.76416,-1.0,-1.0,28.0,-28.0,-7670.5,8668.5
2012-11-09 00:00:00,CTA(9,21),7568.0,7610.25,7773.5383,7882.4232,-108.884854,-0.365531,-0.889531,-0.820088,-1.0,-1.0,-60.25,60.25,-7610.25,8728.75
2012-11-12 00:00:00,CTA(9,21),7635.75,7678.0,7758.2285,7870.6768,-112.448326,-0.383741,-0.932488,-0.843034,-1.0,-1.0,67.75,-67.75,-7678.0,8661.0
2012-11-13 00:00:00,CTA(9,21),7676.5,7718.75,7749.1476,7861.4303,-112.282756,-0.391852,-0.950714,-0.852167,-1.0,-1.0,40.75,-40.75,-7718.75,8620.25
2012-11-14 00:00:00,CTA(9,21),7633.75,7676.0,7736.3256,7850.5884,-114.262788,-0.404464,-0.979664,-0.865934,-1.0,-1.0,-42.75,42.75,-7676.0,8663.0
2012-11-15 00:00:00,CTA(9,21),7631.5,7673.75,7724.6783,7840.1556,-115.477298,-0.411403,-0.994717,-0.872731,-1.0,-1.0,-2.25,2.25,-7673.75,8665.25
2012-11-16 00:00:00,CTA(9,21),7596.25,7638.5,7710.4085,7828.5411,-118.132559,-0.425921,-1.027905,-0.88684,-1.0,-1.0,-35.25,35.25,-7638.5,8700.5
2012-11-19 00:00:00,CTA(9,21),7793.0,7835.25,7719.5853,7826.8486,-107.263295,-0.390225,-0.940357,-0.847021,-1.0,-1.0,196.75,-196.75,-7835.25,8503.75
2012-11-20 00:00:00,CTA(9,21),7778.0,7815.5,7726.0759,7824.5225,-98.446652,-0.36143,-0.869973,-0.808987,-1.0,-1.0,-19.75,19.75,-7815.5,8523.5
2012-11-21 00:00:00,CTA(9,21),7685.25,7724.25,7721.5397,7817.8905,-96.350834,-0.353751,-0.850644,-0.797617,-1.0,-1.0,-91.25,91.25,-7724.25,8614.75
2012-11-22 00:00:00,CTA(9,21),7708.25,7747.5,7720.063,7812.6695,-92.606487,-0.341436,-0.820397,-0.779038,-1.0,-1.0,23.25,-23.25,-7747.5,8591.5
2012-11-23 00:00:00,CTA(9,21),7770.5,7806.0,7725.6671,7810.6614,-84.994307,-0.316383,-0.759835,-0.739,-1.0,-1.0,58.5,-58.5,-7806.0,8533.0
2012-11-26 00:00:00,CTA(9,21),7772.0,7807.5,7730.8152,7808.8204,-78.005189,-0.29405,-0.706059,-0.700366,-1.0,-1.0,1.5,-1.5,-7807.5,8531.5
2012-11-27 00:00:00,CTA(9,21),7797.25,7832.75,7738.1969,7808.2694,-70.072576,-0.268059,-0.643614,-0.652019,-1.0,-1.0,25.25,-25.25,-7832.75,8506.25
2012-11-28 00:00:00,CTA(9,21),7754.5,7790.0,7740.0083,7805.709,-65.700668,-0.253625,-0.608965,-0.623648,-1.0,-1.0,-42.75,42.75,-7790.0,8549.0
2012-11-29 00:00:00,CTA(9,21),7890.25,7925.75,7756.7018,7809.7348,-53.032911,-0.206514,-0.49586,-0.52393,-1.0,-1.0,135.75,-135.75,-7925.75,8413.25
2012-11-30 00:00:00,CTA(9,21),7983.25,8018.75,7781.8739,7817.9974,-36.123524,-0.142519,-0.342248,-0.37345,-1.0,-1.0,93.0,-93.0,-8018.75,8320.25
2012-12-03 00:00:00,CTA(9,21),7991.75,8027.25,7805.1934,7826.2713,-21.077888,-0.083721,-0.201076,-0.223656,-1.0,-1.0,8.5,-8.5,-8027.25,8311.75
2012-12-04 00:00:00,CTA(9,21),8016.0,8051.5,7828.6164,7835.306,-6.689635,-0.026823,-0.064429,-0.072317,-1.0,-1.0,24.25,-24.25,-8051.5,8287.5
2012-12-05 00:00:00,CTA(9,21),8058.0,8093.5,7854.1035,7845.9105,8.192958,0.032822,0.07884,0.088447,1.0,-1.0,42.0,-42.0,-8093.5,8245.5
2012-12-06 00:00:00,CTA(9,21),7981.75,8017.25,7868.2864,7852.379,15.907359,0.063783,0.153208,0.171137,1.0,1.0,-76.25,-76.25,8017.25,8169.25
2012-12-07 00:00:00,CTA(9,21),8014.75,8050.25,7884.5601,7860.111,24.449142,0.098152,0.235738,0.26122,1.0,1.0,33.0,33.0,8050.25,8202.25
2012-12-10 00:00:00,CTA(9,21),8111.5,8147.0,7909.7757,7872.0819,37.693777,0.151179,0.363,0.394648,1.0,1.0,96.75,96.75,8147.0,8299.0
2012-12-11 00:00:00,CTA(9,21),8076.5,8112.0,7928.3006,7881.8161,46.484507,0.18636,0.447298,0.478062,1.0,1.0,-35.0,-35.0,8112.0,8264.0
2012-12-12 00:00:00,CTA(9,21),8106.75,8142.25,7948.1283,7892.5272,55.601079,0.226918,0.544336,0.567945,1.0,1.0,30.25,30.25,8142.25,8294.25
2012-12-13 00:00:00,CTA(9,21),8052.25,8087.75,7959.6974,7900.1331,59.564309,0.246161,0.590226,0.607862,1.0,1.0,-54.5,-54.5,8087.75,8239.75
2012-12-14 00:00:00,CTA(9,21),8043.25,8078.75,7968.981,7906.9482,62.032841,0.260507,0.624491,0.636493,1.0,1.0,-9.0,-9.0,8078.75,8230.75
2012-12-17 00:00:00,CTA(9,21),8038.75,8074.25,7976.7331,7913.2244,63.508673,0.272256,0.652641,0.659232,1.0,1.0,-4.5,-4.5,8074.25,8226.25
2012-12-18 00:00:00,CTA(9,21),8007.25,8042.75,7980.1239,7917.7019,62.42203,0.271482,0.651041,0.657959,1.0,1.0,-31.5,-31.5,8042.75,8194.75
2012-12-19 00:00:00,CTA(9,21),7909.0,7945.0,7972.2212,7917.2875,54.93375,0.242988,0.583075,0.601758,1.0,1.0,-97.75,-97.75,7945.0,8097.0
2012-12-20 00:00:00,CTA(9,21),7753.5,7789.5,7947.9189,7909.4881,38.430795,0.170555,0.409645,0.441365,1.0,1.0,-155.5,-155.5,7789.5,7941.5
2012-12-21 00:00:00,CTA(9,21),7817.0,7843.5,7933.3723,7905.0839,28.288448,0.127617,0.306792,0.336693,1.0,1.0,54.0,54.0,7843.5,7995.5
2012-12-24 00:00:00,CTA(9,21),7796.75,7823.25,7918.1921,7899.9251,18.266945,0.082685,0.19892,0.221305,1.0,1.0,-20.25,-20.25,7823.25,7975.25
2012-12-27 00:00:00,CTA(9,21),7900.5,7927.0,7916.2263,7899.9525,16.273784,0.07447,0.179291,0.199838,1.0,1.0,103.75,103.75,7927.0,8079.0
2012-12-28 00:00:00,CTA(9,21),7871.5,7898.0,7911.2567,7898.5976,12.659078,0.058763,0.141593,0.158298,1.0,1.0,-29.0,-29.0,7898.0,8050.0
2012-12-31 00:00:00,CTA(9,21),7912.5,7939.0,7911.3948,7899.2596,12.135204,0.05787,0.139534,0.156019,1.0,1.0,41.0,41.0,7939.0,8091.0
2013-01-02 00:00:00,CTA(9,21),8188.75,8215.25,7942.2121,7913.0449,29.167189,0.141653,0.341613,0.372799,1.0,1.0,276.25,276.25,8215.25,8367.25
2013-01-03 00:00:00,CTA(9,21),8140.75,8167.25,7964.2719,7923.888,40.383857,0.199616,0.481404,0.510455,1.0,1.0,-48.0,-48.0,8167.25,8319.25
2013-01-04 00:00:00,CTA(9,21),8059.25,8085.75,7974.825,7930.3338,44.491175,0.225818,0.544549,0.568134,1.0,1.0,-81.5,-81.5,8085.75,8237.75
2013-01-07 00:00:00,CTA(9,21),8041.25,8067.75,7982.2055,7935.6155,46.590009,0.243519,0.58711,0.605208,1.0,1.0,-18.0,-18.0,8067.75,8219.75
2013-01-08 00:00:00,CTA(9,21),8048.75,8075.25,7989.5994,7941.0029,48.596482,0.257352,0.620307,0.633053,1.0,1.0,7.5,7.5,8075.25,8227.25
2013-01-09 00:00:00,CTA(9,21),8048.75,8075.25,7996.1717,7946.1337,50.03796,0.26723,0.643801,0.652169,1.0,1.0,0.0,0.0,8075.25,8227.25
2013-01-10 00:00:00,CTA(9,21),8085.0,8111.5,8006.0415,7952.7464,53.295095,0.287126,0.691234,0.68922,1.0,1.0,36.25,36.25,8111.5,8263.5
2013-01-11 00:00:00,CTA(9,21),8017.25,8043.75,8007.2869,7955.818,51.468885,0.284517,0.684436,0.68404,1.0,1.0,-67.75,-67.75,8043.75,8195.75
2013-01-14 00:00:00,CTA(9,21),7968.0,7994.5,8002.9217,7956.3981,46.523582,0.260596,0.62659,0.638213,1.0,1.0,-49.25,-49.25,7994.5,8146.5
2013-01-15 00:00:00,CTA(9,21),7977.25,7998.75,8000.0693,7957.391,42.678226,0.241228,0.579974,0.599098,1.0,1.0,4.25,4.25,7998.75,8150.75
2013-01-16 00:00:00,CTA(9,21),7929.5,7951.0,7992.2282,7956.0629,36.165343,0.207428,0.498996,0.526833,1.0,1.0,-47.75,-47.75,7951.0,8103.0
2013-01-17 00:00:00,CTA(9,21),8037.75,8059.0,7997.2862,7959.9527,37.333455,0.219595,0.528848,0.554083,1.0,1.0,108.0,108.0,8059.0,8211.0
2013-01-18 00:00:00,CTA(9,21),8047.25,8059.25,8002.8377,7964.1098,38.727976,0.233787,0.564058,0.585315,1.0,1.0,0.25,0.25,8059.25,8211.25
2013-01-21 00:00:00,CTA(9,21),8038.5,8050.5,8006.8002,7967.6521,39.148058,0.235836,0.570532,0.590947,1.0,1.0,-8.75,-8.75,8050.5,8202.5
2013-01-22 00:00:00,CTA(9,21),8114.5,8126.5,8018.7669,7974.6449,44.121946,0.261983,0.635927,0.645817,1.0,1.0,76.0,76.0,8126.5,8278.5
2013-01-23 00:00:00,CTA(9,21),8084.5,8096.5,8026.0705,7979.8761,46.194435,0.27131,0.661056,0.66589,1.0,1.0,-30.0,-30.0,8096.5,8248.5
2013-01-24 00:00:00,CTA(9,21),8074.75,8086.75,8031.4794,7984.3939,47.085459,0.274156,0.670759,0.673484,1.0,1.0,-9.75,-9.75,8086.75,8238.75
2013-01-25 00:00:00,CTA(9,21),8007.75,8019.75,8028.8428,7985.5061,43.336668,0.251703,0.618836,0.631839,1.0,1.0,-67.0,-67.0,8019.75,8171.75
2013-01-28 00:00:00,CTA(9,21),8025.75,8037.75,8028.4991,7987.4225,41.076651,0.237726,0.587629,0.60565,1.0,1.0,18.0,18.0,8037.75,8189.75
2013-01-29 00:00:00,CTA(9,21),8078.25,8090.25,8034.027,7991.7476,42.279406,0.244996,0.608905,0.623598,1.0,1.0,52.5,52.5,8090.25,8242.25
2013-01-30 00:00:00,CTA(9,21),8200.75,8212.75,8052.5518,8001.7001,50.851688,0.290285,0.724957,0.714266,1.0,1.0,122.5,122.5,8212.75,8364.75
2013-01-31 00:00:00,CTA(9,21),8137.5,8149.5,8061.9905,8008.1668,53.823717,0.304903,0.764954,0.742528,1.0,1.0,-63.25,-63.25,8149.5,8301.5
2013-02-01 00:00:00,CTA(9,21),8263.5,8275.5,8084.3804,8020.3255,64.054939,0.352761,0.888393,0.819453,1.0,1.0,126.0,126.0,8275.5,8427.5
2013-02-04 00:00:00,CTA(9,21),8276.25,8288.25,8105.6993,8032.5124,73.186899,0.397677,1.004926,0.877199,1.0,1.0,12.75,12.75,8288.25,8440.25
2013-02-05 00:00:00,CTA(9,21),8240.25,8252.25,8120.6493,8042.4046,78.244713,0.42416,1.075003,0.904792,1.0,1.0,-36.0,-36.0,8252.25,8404.25
2013-02-06 00:00:00,CTA(9,21),8215.25,8227.25,8131.1605,8050.6354,80.525165,0.435278,1.10599,0.915277,1.0,1.0,-25.0,-25.0,8227.25,8379.25
2013-02-07 00:00:00,CTA(9,21),8170.25,8182.25,8135.5038,8056.3313,79.172505,0.435887,1.11022,0.916627,1.0,1.0,-45.0,-45.0,8182.25,8334.25
2013-02-08 00:00:00,CTA(9,21),8264.75,8276.75,8149.8645,8066.256,83.608493,0.462525,1.180733,0.936259,1.0,1.0,94.5,94.5,8276.75,8428.75
2013-02-11 00:00:00,CTA(9,21),8169.5,8181.5,8152.0462,8071.1724,80.873835,0.46173,1.180928,0.936306,1.0,1.0,-95.25,-95.25,8181.5,8333.5
2013-02-12 00:00:00,CTA(9,21),8203.5,8215.5,8157.7633,8077.4737,80.289608,0.467025,1.196061,0.939814,1.0,1.0,34.0,34.0,8215.5,8367.5
2013-02-13 00:00:00,CTA(9,21),8193.75,8205.75,8161.7618,8083.0107,78.751163,0.465283,1.19268,0.939052,1.0,1.0,-9.75,-9.75,8205.75,8357.75
2013-02-14 00:00:00,CTA(9,21),8206.0,8218.0,8166.6772,8088.8673,77.80988,0.471785,1.209789,0.942785,1.0,1.0,12.25,12.25,8218.0,8370.0
2013-02-15 00:00:00,CTA(9,21),8172.75,8184.75,8167.3519,8092.8617,74.490224,0.467681,1.199166,0.940504,1.0,1.0,-33.25,-33.25,8184.75,8336.75
2013-02-18 00:00:00,CTA(9,21),8085.25,8097.25,8158.2295,8092.4992,65.730249,0.437073,1.120358,0.919782,1.0,1.0,-87.5,-87.5,8097.25,8249.25
2013-02-19 00:00:00,CTA(9,21),8030.5,8035.25,8144.0373,8089.5469,54.490428,0.369231,0.946503,0.850089,1.0,1.0,-62.0,-62.0,8035.25,8187.25
2013-02-20 00:00:00,CTA(9,21),7939.75,7944.5,8121.3387,8082.4137,38.925022,0.269141,0.690518,0.688677,1.0,1.0,-90.75,-90.75,7944.5,8096.5
2013-02-21 00:00:00,CTA(9,21),7844.5,7846.25,8090.5789,8071.0845,19.494386,0.139346,0.358045,0.389609,1.0,1.0,-98.25,-98.25,7846.25,7998.25
2013-02-22 00:00:00,CTA(9,21),7784.5,7781.25,8056.5701,8057.4376,-0.867497,-0.006314,-0.01625,-0.018258,-1.0,1.0,-65.0,-65.0,7781.25,7933.25
2013-02-25 00:00:00,CTA(9,21),7821.5,7818.25,8030.4512,8046.2025,-15.751274,-0.115827,-0.298591,-0.3281,-1.0,-1.0,37.0,-37.0,-7818.25,7896.25
2013-02-26 00:00:00,CTA(9,21),7842.0,7838.75,8009.5122,8036.4786,-26.96637,-0.201059,-0.519038,-0.545204,-1.0,-1.0,20.5,-20.5,-7838.75,7875.75
2013-02-27 00:00:00,CTA(9,21),7850.5,7847.25,7991.8442,8027.6224,-35.778269,-0.269445,-0.69635,-0.69309,-1.0,-1.0,8.5,-8.5,-7847.25,7867.25
2013-02-28 00:00:00,CTA(9,21),7792.25,7789.0,7969.667,8016.4142,-46.747188,-0.355242,-0.918433,-0.835745,-1.0,-1.0,-58.25,58.25,-7789.0,7925.5
2013-03-01 00:00:00,CTA(9,21),7680.5,7677.25,7937.5374,8000.4183,-62.880943,-0.456453,-1.179421,-0.935943,-1.0,-1.0,-111.75,111.75,-7677.25,8037.25
2013-03-04 00:00:00,CTA(9,21),7702.5,7699.25,7911.4221,7986.2317,-74.80962,-0.520651,-1.343481,-0.96133,-1.0,-1.0,22.0,-22.0,-7699.25,8015.25
2013-03-05 00:00:00,CTA(9,21),7748.0,7744.75,7893.2641,7974.8874,-81.623264,-0.552215,-1.422275,-0.963748,-1.0,-1.0,45.5,-45.5,-7744.75,7969.75
2013-03-06 00:00:00,CTA(9,21),7664.25,7661.0,7867.8181,7960.0951,-92.277019,-0.597296,-1.534008,-0.957071,-1.0,-1.0,-83.75,83.75,-7661.0,8053.5
2013-03-07 00:00:00,CTA(9,21),7739.0,7735.75,7853.505,7949.5668,-96.061801,-0.607019,-1.553975,-0.954699,-1.0,-1.0,74.75,-74.75,-7735.75,7978.75
2013-03-08 00:00:00,CTA(9,21),7715.0,7711.75,7838.1155,7938.3969,-100.281395,-0.616975,-1.573974,-0.95198,-1.0,-1.0,-24.0,24.0,-7711.75,8002.75
2013-03-11 00:00:00,CTA(9,21),7729.25,7726.0,7826.0194,7928.4375,-102.418188,-0.616131,-1.566524,-0.953032,-1.0,-1.0,14.25,-14.25,-7726.0,7988.5
2013-03-12 00:00:00,CTA(9,21),7801.0,7797.75,7823.2394,7922.3691,-99.129661,-0.591778,-1.500106,-0.9603,-1.0,-1.0,71.75,-71.75,-7797.75,7916.75
2013-03-13 00:00:00,CTA(9,21),7760.5,7757.25,7816.2684,7914.661,-98.392657,-0.57948,-1.464997,-0.962552,-1.0,-1.0,-40.5,40.5,-7757.25,7957.25
2013-03-14 00:00:00,CTA(9,21),7775.75,7772.5,7811.7663,7908.0462,-96.279888,-0.562097,-1.417624,-0.963774,-1.0,-1.0,15.25,-15.25,-7772.5,7942.0
2013-03-15 00:00:00,CTA(9,21),7725.0,7721.75,7802.1256,7899.3297,-97.204105,-0.558029,-1.404311,-0.963732,-1.0,-1.0,-50.75,50.75,-7721.75,7992.75
2013-03-18 00:00:00,CTA(9,21),7542.0,7538.75,7773.2228,7882.314,-109.091251,-0.597584,-1.499997,-0.960308,-1.0,-1.0,-183.0,183.0,-7538.75,8175.75
2013-03-19 00:00:00,CTA(9,21),7508.75,7502.75,7743.8369,7864.5253,-120.688352,-0.630307,-1.577679,-0.951439,-1.0,-1.0,-36.0,36.0,-7502.75,8211.75
2013-03-20 00:00:00,CTA(9,21),7600.0,7593.75,7727.855,7851.9288,-124.073791,-0.630402,-1.573525,-0.952045,-1.0,-1.0,91.0,-91.0,-7593.75,8120.75
2013-03-21 00:00:00,CTA(9,21),7562.25,7556.25,7709.4545,7838.1346,-128.680121,-0.633989,-1.578075,-0.951381,-1.0,-1.0,-37.5,37.5,-7556.25,8158.25
2013-03-22 00:00:00,CTA(9,21),7635.5,7619.25,7701.2373,7828.4853,-127.248018,-0.619611,-1.538052,-0.956619,-1.0,-1.0,63.0,-63.0,-7619.25,8095.25
2013-03-25 00:00:00,CTA(9,21),7599.25,7583.0,7689.9054,7817.5694,-127.663974,-0.609523,-1.509021,-0.95955,-1.0,-1.0,-36.25,36.25,-7583.0,8131.5
2013-03-26 00:00:00,CTA(9,21),7604.5,7588.25,7680.4159,7807.4232,-127.007302,-0.59614,-1.472518,-0.962165,-1.0,-1.0,5.25,-5.25,-7588.25,8126.25
2013-03-27 00:00:00,CTA(9,21),7585.0,7568.75,7669.8141,7796.8316,-127.017487,-0.583309,-1.438047,-0.963507,-1.0,-1.0,-19.5,19.5,-7568.75,8145.75
2013-03-28 00:00:00,CTA(9,21),7518.25,7502.0,7652.9737,7783.5658,-130.592155,-0.583032,-1.434489,-0.963582,-1.0,-1.0,-66.75,66.75,-7502.0,8212.5
2013-04-02 00:00:00,CTA(9,21),7443.75,7427.5,7629.7266,7767.3841,-137.657524,-0.592494,-1.454584,-0.963002,-1.0,-1.0,-74.5,74.5,-7427.5,8287.0
2013-04-03 00:00:00,CTA(9,21),7365.5,7349.25,7600.3681,7748.2468,-147.878696,-0.615262,-1.506844,-0.959739,-1.0,-1.0,-78.25,78.25,-7349.25,8365.25
2013-04-04 00:00:00,CTA(9,21),7417.5,7401.25,7580.0494,7732.4969,-152.447526,-0.61844,-1.511653,-0.959315,-1.0,-1.0,52.0,-52.0,-7401.25,8313.25
2013-04-05 00:00:00,CTA(9,21),7382.0,7365.75,7558.0439,7715.8066,-157.762686,-0.62069,-1.514897,-0.959017,-1.0,-1.0,-35.5,35.5,-7365.75,8348.75
2013-04-08 00:00:00,CTA(9,21),7424.5,7408.25,7543.2057,7701.9349,-158.729156,-0.610257,-1.487201,-0.961258,-1.0,-1.0,42.5,-42.5,-7408.25,8306.25
2013-04-09 00:00:00,CTA(9,21),7605.0,7588.75,7550.0717,7697.3189,-147.247178,-0.563093,-1.371038,-0.962872,-1.0,-1.0,180.5,-180.5,-7588.75,8125.75
2013-04-10 00:00:00,CTA(9,21),7548.0,7531.75,7549.8415,7690.2085,-140.366947,-0.532284,-1.294035,-0.956636,-1.0,-1.0,-57.0,57.0,-7531.75,8182.75
2013-04-11 00:00:00,CTA(9,21),7580.25,7564.0,7553.2203,7684.9724,-131.752111,-0.497893,-1.20836,-0.942485,-1.0,-1.0,32.25,-32.25,-7564.0,8150.5
2013-04-12 00:00:00,CTA(9,21),7375.5,7359.25,7533.4736,7670.2356,-136.762027,-0.50525,-1.223944,-0.945636,-1.0,-1.0,-204.75,204.75,-7359.25,8355.25
2013-04-15 00:00:00,CTA(9,21),7168.25,7152.0,7492.8932,7646.3315,-153.438348,-0.541384,-1.308616,-0.95828,-1.0,-1.0,-207.25,207.25,-7152.0,8562.5
2013-04-16 00:00:00,CTA(9,21),7283.5,7262.0,7469.6273,7629.0538,-159.426564,-0.547505,-1.320871,-0.959493,-1.0,-1.0,110.0,-110.0,-7262.0,8452.5
2013-04-17 00:00:00,CTA(9,21),7063.5,7041.75,7424.502,7602.1227,-177.620681,-0.580087,-1.396797,-0.963633,-1.0,-1.0,-220.25,220.25,-7041.75,8672.75
2013-04-18 00:00:00,CTA(9,21),7075.0,7052.75,7385.6685,7577.0216,-191.353158,-0.600878,-1.44426,-0.963348,-1.0,-1.0,11.0,-11.0,-7052.75,8661.75
2013-04-19 00:00:00,CTA(9,21),6974.5,6942.25,7339.9831,7548.3301,-208.347036,-0.62546,-1.50065,-0.960256,-1.0,-1.0,-110.5,110.5,-6942.25,8772.25
2013-04-22 00:00:00,CTA(9,21),6919.0,6886.75,7293.2072,7518.362,-225.154833,-0.646052,-1.546732,-0.955599,-1.0,-1.0,-55.5,55.5,-6886.75,8827.75
2013-04-23 00:00:00,CTA(9,21),6854.0,6821.75,7244.4064,7486.7257,-242.319344,-0.666243,-1.591535,-0.949316,-1.0,-1.0,-65.0,65.0,-6821.75,8892.75
2013-04-24 00:00:00,CTA(9,21),7011.75,6979.5,7218.5557,7464.1078,-245.552161,-0.659459,-1.571721,-0.952303,-1.0,-1.0,157.75,-157.75,-6979.5,8735.0
2013-04-25 00:00:00,CTA(9,21),7158.0,7125.75,7211.8273,7449.5313,-237.704005,-0.631692,-1.502234,-0.960127,-1.0,-1.0,146.25,-146.25,-7125.75,8588.75
2013-04-26 00:00:00,CTA(9,21),7005.5,6973.25,7188.902,7428.3869,-239.484911,-0.622758,-1.477314,-0.96189,-1.0,-1.0,-152.5,152.5,-6973.25,8741.25
2013-04-29 00:00:00,CTA(9,21),7127.5,7095.25,7182.0796,7414.059,-231.979407,-0.596885,-1.412373,-0.963778,-1.0,-1.0,122.0,-122.0,-7095.25,8619.25
2013-04-30 00:00:00,CTA(9,21),7027.5,6995.25,7164.9041,7395.6514,-230.747345,-0.586036,-1.383288,-0.963315,-1.0,-1.0,-100.0,100.0,-6995.25,8719.25
2013-05-01 00:00:00,CTA(9,21),6767.75,6735.5,7120.7758,7365.7513,-244.975506,-0.607284,-1.429705,-0.963664,-1.0,-1.0,-259.75,259.75,-6735.5,8979.0
2013-05-02 00:00:00,CTA(9,21),6820.75,6788.5,7087.4396,7339.7989,-252.359265,-0.613708,-1.441042,-0.963435,-1.0,-1.0,53.0,-53.0,-6788.5,8926.0
2013-05-03 00:00:00,CTA(9,21),7246.25,7214.0,7105.0852,7335.3442,-230.258959,-0.567984,-1.330825,-0.960366,-1.0,-1.0,425.5,-425.5,-7214.0,8500.5
2013-05-07 00:00:00,CTA(9,21),7241.0,7208.75,7120.1869,7330.8516,-210.664737,-0.528563,-1.236258,-0.947943,-1.0,-1.0,-5.25,5.25,-7208.75,8505.75
2013-05-08 00:00:00,CTA(9,21),7395.75,7363.5,7150.805,7333.942,-183.137011,-0.469205,-1.096013,-0.912016,-1.0,-1.0,154.75,-154.75,-7363.5,8351.0
2013-05-09 00:00:00,CTA(9,21),7330.5,7298.25,7170.7711,7333.7781,-163.006994,-0.425991,-0.994128,-0.872469,-1.0,-1.0,-65.25,65.25,-7298.25,8416.25
2013-05-10 00:00:00,CTA(9,21),7355.0,7322.75,7191.241,7334.7887,-143.547683,-0.382443,-0.891917,-0.821414,-1.0,-1.0,24.5,-24.5,-7322.75,8391.75
2013-05-13 00:00:00,CTA(9,21),7388.5,7356.25,7213.1586,7337.3463,-124.187697,-0.340862,-0.794677,-0.762492,-1.0,-1.0,33.5,-33.5,-7356.25,8358.25
2013-05-14 00:00:00,CTA(9,21),7231.0,7191.25,7215.141,7332.2822,-117.141213,-0.328181,-0.765161,-0.74267,-1.0,-1.0,-165.0,165.0,-7191.25,8523.25
2013-05-15 00:00:00,CTA(9,21),7184.5,7144.5,7211.7365,7325.245,-113.508522,-0.325895,-0.760289,-0.739314,-1.0,-1.0,-46.75,46.75,-7144.5,8570.0
2013-05-16 00:00:00,CTA(9,21),7265.0,7225.5,7217.6546,7322.3762,-104.721542,-0.309842,-0.723802,-0.713427,-1.0,-1.0,81.0,-81.0,-7225.5,8489.0
2013-05-17 00:00:00,CTA(9,21),7289.25,7242.0,7225.6097,7320.7987,-95.189064,-0.291995,-0.683442,-0.683278,-1.0,-1.0,16.5,-16.5,-7242.0,8472.5
2013-05-20 00:00:00,CTA(9,21),7382.0,7334.75,7242.9864,7323.7131,-80.726707,-0.257474,-0.604133,-0.619606,-1.0,-1.0,92.75,-92.75,-7334.75,8379.75
2013-05-21 00:00:00,CTA(9,21),7353.0,7305.75,7255.2101,7325.1077,-69.897587,-0.23043,-0.542129,-0.565982,-1.0,-1.0,-29.0,29.0,-7305.75,8408.75
2013-05-22 00:00:00,CTA(9,21),7459.0,7411.75,7277.8534,7331.4835,-53.63009,-0.182411,-0.430368,-0.46168,-1.0,-1.0,106.0,-106.0,-7411.75,8302.75
2013-05-23 00:00:00,CTA(9,21),7283.0,7235.75,7278.4253,7329.1748,-50.74951,-0.176521,-0.417805,-0.449398,-1.0,-1.0,-176.0,176.0,-7235.75,8478.75
2013-05-24 00:00:00,CTA(9,21),7281.75,7234.5,7278.7947,7326.9165,-48.121773,-0.170016,-0.403746,-0.435531,-1.0,-1.0,-1.25,1.25,-7234.5,8480.0
2013-05-28 00:00:00,CTA(9,21),7303.0,7255.75,7281.4842,7325.7776,-44.293415,-0.158485,-0.377615,-0.409428,-1.0,-1.0,21.25,-21.25,-7255.75,8458.75
2013-05-29 00:00:00,CTA(9,21),7244.25,7197.0,7277.347,7321.8953,-44.548279,-0.161856,-0.3869,-0.418751,-1.0,-1.0,-58.75,58.75,-7197.0,8517.5
2013-05-30 00:00:00,CTA(9,21),7296.75,7249.5,7279.5029,7320.6979,-41.194998,-0.152752,-0.366309,-0.398005,-1.0,-1.0,52.5,-52.5,-7249.5,8465.0
2013-05-31 00:00:00,CTA(9,21),7290.25,7243.0,7280.697,7319.248,-38.550977,-0.146289,-0.352033,-0.383476,-1.0,-1.0,-6.5,6.5,-7243.0,8471.5
2013-06-03 00:00:00,CTA(9,21),7318.25,7271.0,7284.8696,7319.2005,-34.330902,-0.132856,-0.320899,-0.351397,-1.0,-1.0,28.0,-28.0,-7271.0,8443.5
2013-06-04 00:00:00,CTA(9,21),7431.5,7384.25,7301.1619,7324.5481,-23.38623,-0.091505,-0.221908,-0.246285,-1.0,-1.0,113.25,-113.25,-7384.25,8330.25
2013-06-05 00:00:00,CTA(9,21),7430.0,7382.75,7315.4772,7329.5696,-14.0924,-0.055881,-0.136075,-0.152187,-1.0,-1.0,-1.5,1.5,-7382.75,8331.75
2013-06-06 00:00:00,CTA(9,21),7307.0,7259.75,7314.5353,7328.4949,-13.959569,-0.056389,-0.137863,-0.154168,-1.0,-1.0,-123.0,123.0,-7259.75,8454.75
2013-06-07 00:00:00,CTA(9,21),7203.0,7155.75,7302.1425,7322.5189,-20.376434,-0.083078,-0.203959,-0.226796,-1.0,-1.0,-104.0,104.0,-7155.75,8558.75
2013-06-10 00:00:00,CTA(9,21),7133.5,7086.25,7283.4044,7313.518,-30.113587,-0.124549,-0.306992,-0.336902,-1.0,-1.0,-69.5,69.5,-7086.25,8628.25
2013-06-11 00:00:00,CTA(9,21),7034.75,6987.5,7255.7762,7300.2434,-44.46719,-0.185162,-0.458113,-0.488424,-1.0,-1.0,-98.75,98.75,-6987.5,8727.0
2013-06-12 00:00:00,CTA(9,21),7090.25,7043.0,7237.3844,7290.2437,-52.859302,-0.223369,-0.554606,-0.57703,-1.0,-1.0,55.5,-55.5,-7043.0,8671.5
2013-06-13 00:00:00,CTA(9,21),7019.5,6972.25,7213.175,7277.3511,-64.176121,-0.277045,-0.690044,-0.688317,-1.0,-1.0,-70.75,70.75,-6972.25,8742.25
2013-06-14 00:00:00,CTA(9,21),7056.75,7009.5,7195.7944,7266.8463,-71.05186,-0.313641,-0.783263,-0.754932,-1.0,-1.0,37.25,-37.25,-7009.5,8705.0
2013-06-17 00:00:00,CTA(9,21),7047.75,7000.5,7179.3451,7256.4131,-77.068085,-0.349733,-0.875247,-0.81202,-1.0,-1.0,-9.0,9.0,-7000.5,8714.0
2013-06-18 00:00:00,CTA(9,21),6983.75,6935.25,7157.6123,7243.4292,-85.81691,-0.396511,-0.993662,-0.872262,-1.0,-1.0,-65.25,65.25,-6935.25,8779.25
2013-06-19 00:00:00,CTA(9,21),6939.75,6891.25,7133.4054,7228.9683,-95.562916,-0.438729,-1.100264,-0.913419,-1.0,-1.0,-44.0,44.0,-6891.25,8823.25
2013-06-20 00:00:00,CTA(9,21),6751.0,6701.75,7090.9159,7206.2079,-115.292006,-0.512273,-1.284769,-0.955477,-1.0,-1.0,-189.5,189.5,-6701.75,9012.75
2013-06-21 00:00:00,CTA(9,21),6797.5,6735.75,7058.3141,7186.7456,-128.431489,-0.563507,-1.412525,-0.963778,-1.0,-1.0,34.0,-34.0,-6735.75,8978.75
2013-06-24 00:00:00,CTA(9,21),6649.75,6588.0,7012.9181,7161.1744,-148.256282,-0.627928,-1.571817,-0.95229,-1.0,-1.0,-147.75,147.75,-6588.0,9126.5
2013-06-25 00:00:00,CTA(9,21),6774.75,6713.0,6986.455,7142.7732,-156.318243,-0.659469,-1.647533,-0.939151,-1.0,-1.0,125.0,-125.0,-6713.0,9001.5
2013-06-26 00:00:00,CTA(9,21),6715.75,6654.0,6956.3766,7122.4388,-166.062134,-0.691912,-1.724102,-0.921372,-1.0,-1.0,-59.0,59.0,-6654.0,9060.5
2013-06-27 00:00:00,CTA(9,21),6735.5,6673.75,6931.8348,7104.0131,-172.178327,-0.713368,-1.77226,-0.908067,-1.0,-1.0,19.75,-19.75,-6673.75,9040.75
2013-06-28 00:00:00,CTA(9,21),6738.5,6676.75,6910.3531,7086.6077,-176.254584,-0.727211,-1.800113,-0.899678,-1.0,-1.0,3.0,-3.0,-6676.75,9037.75
2013-07-01 00:00:00,CTA(9,21),6986.5,6924.75,6918.8139,7081.8407,-163.026788,-0.681004,-1.680324,-0.932066,-1.0,-1.0,248.0,-248.0,-6924.75,8789.75
2013-07-02 00:00:00,CTA(9,21),6924.0,6862.25,6919.3901,7074.3245,-154.934332,-0.649437,-1.597393,-0.948371,-1.0,-1.0,-62.5,62.5,-6862.25,8852.25
2013-07-03 00:00:00,CTA(9,21),7002.0,6940.25,6928.569,7070.8805,-142.311437,-0.598401,-1.467942,-0.962407,-1.0,-1.0,78.0,-78.0,-6940.25,8774.25
2013-07-04 00:00:00,CTA(9,21),6959.0,6897.25,6931.9502,7065.5528,-133.602576,-0.564849,-1.382361,-0.963287,-1.0,-1.0,-43.0,43.0,-6897.25,8817.25
2013-07-05 00:00:00,CTA(9,21),6787.5,6725.75,6915.9002,7052.3122,-136.411992,-0.571488,-1.395246,-0.963606,-1.0,-1.0,-171.5,171.5,-6725.75,8988.75
2013-07-08 00:00:00,CTA(9,21),6825.0,6763.25,6905.8002,7041.4878,-135.687625,-0.568043,-1.383552,-0.963323,-1.0,-1.0,37.5,-37.5,-6763.25,8951.25
2013-07-09 00:00:00,CTA(9,21),6729.5,6667.75,6886.2113,7026.6312,-140.419972,-0.595259,-1.446022,-0.963296,-1.0,-1.0,-95.5,95.5,-6667.75,9046.75
2013-07-10 00:00:00,CTA(9,21),6821.5,6759.75,6879.0211,7016.8631,-137.841959,-0.594452,-1.44026,-0.963455,-1.0,-1.0,92.0,-92.0,-6759.75,8954.75
2013-07-11 00:00:00,CTA(9,21),6993.75,6932.0,6891.7688,7015.7625,-123.993684,-0.553851,-1.338934,-0.961002,-1.0,-1.0,172.25,-172.25,-6932.0,8782.5
2013-07-12 00:00:00,CTA(9,21),6940.5,6878.75,6897.1834,7012.1785,-114.995177,-0.518909,-1.252058,-0.950668,-1.0,-1.0,-53.25,53.25,-6878.75,8835.75
2013-07-15 00:00:00,CTA(9,21),6892.75,6831.0,6896.6908,7006.4915,-109.8007,-0.493246,-1.188102,-0.938,-1.0,-1.0,-47.75,47.75,-6831.0,8883.5
2013-07-16 00:00:00,CTA(9,21),6995.0,6921.25,6907.614,7005.9443,-98.330239,-0.444368,-1.068979,-0.902631,-1.0,-1.0,90.25,-90.25,-6921.25,8793.25
2013-07-17 00:00:00,CTA(9,21),6883.25,6811.0,6904.9069,7000.1017,-95.194769,-0.427696,-1.027665,-0.886742,-1.0,-1.0,-110.25,110.25,-6811.0,8903.5
2013-07-18 00:00:00,CTA(9,21),6898.5,6825.75,6904.195,6995.2635,-91.068472,-0.407228,-0.977481,-0.864927,-1.0,-1.0,14.75,-14.75,-6825.75,8888.75
2013-07-19 00:00:00,CTA(9,21),6918.5,6842.25,6905.7845,6991.6081,-85.823626,-0.382938,-0.91839,-0.835722,-1.0,-1.0,16.5,-16.5,-6842.25,8872.25
2013-07-22 00:00:00,CTA(9,21),7028.5,6952.25,6919.4195,6993.3649,-73.945324,-0.331037,-0.793485,-0.761709,-1.0,-1.0,110.0,-110.0,-6952.25,8762.25
2013-07-23 00:00:00,CTA(9,21),7035.0,6958.75,6932.2618,6995.3475,-63.085676,-0.284522,-0.681785,-0.682007,-1.0,-1.0,6.5,-6.5,-6958.75,8755.75
2013-07-24 00:00:00,CTA(9,21),7052.0,6975.75,6945.566,6998.0452,-52.479171,-0.236811,-0.567395,-0.588223,-1.0,-1.0,17.0,-17.0,-6975.75,8738.75
2013-07-25 00:00:00,CTA(9,21),7008.0,6931.75,6952.5032,6998.5193,-46.016102,-0.207768,-0.4978,-0.525727,-1.0,-1.0,-44.0,44.0,-6931.75,8782.75
2013-07-26 00:00:00,CTA(9,21),6857.0,6780.75,6941.8917,6991.7802,-49.888551,-0.223755,-0.536069,-0.56057,-1.0,-1.0,-151.0,151.0,-6780.75,8933.75
2013-07-29 00:00:00,CTA(9,21),6873.5,6797.25,6934.2926,6986.1478,-51.855235,-0.231338,-0.554193,-0.576667,-1.0,-1.0,16.5,-16.5,-6797.25,8917.25
2013-07-30 00:00:00,CTA(9,21),6733.0,6656.75,6911.9268,6974.0932,-62.166422,-0.272712,-0.653172,-0.659654,-1.0,-1.0,-140.5,140.5,-6656.75,9057.75
2013-07-31 00:00:00,CTA(9,21),6881.0,6804.75,6908.4905,6969.6602,-61.16972,-0.270588,-0.648015,-0.655545,-1.0,-1.0,148.0,-148.0,-6804.75,8909.75
2013-08-01 00:00:00,CTA(9,21),6998.0,6921.75,6918.436,6971.0097,-52.573731,-0.234576,-0.561893,-0.583424,-1.0,-1.0,117.0,-117.0,-6921.75,8792.75
2013-08-02 00:00:00,CTA(9,21),6997.0,6920.75,6927.1653,6972.2473,-45.082027,-0.202124,-0.48435,-0.513214,-1.0,-1.0,-1.0,1.0,-6920.75,8793.75
2013-08-05 00:00:00,CTA(9,21),6965.25,6889.0,6931.3969,6971.9141,-40.517188,-0.182405,-0.437306,-0.468417,-1.0,-1.0,-31.75,31.75,-6889.0,8825.5
2013-08-06 00:00:00,CTA(9,21),6994.5,6918.25,6938.4084,6972.9896,-34.581254,-0.15869,-0.380606,-0.412437,-1.0,-1.0,29.25,-29.25,-6918.25,8796.25
2013-08-07 00:00:00,CTA(9,21),6991.0,6914.75,6944.2519,6973.8473,-29.595378,-0.137641,-0.330256,-0.361092,-1.0,-1.0,-3.5,3.5,-6914.75,8799.75
2013-08-08 00:00:00,CTA(9,21),7169.5,7093.25,6969.2795,6983.1641,-13.884608,-0.065515,-0.157267,-0.175615,-1.0,-1.0,178.5,-178.5,-7093.25,8621.25
2013-08-09 00:00:00,CTA(9,21),7257.25,7181.0,7001.2762,6996.2158,5.060408,0.024203,0.058125,0.065253,1.0,-1.0,87.75,-87.75,-7181.0,8533.5
2013-08-12 00:00:00,CTA(9,21),7232.25,7156.0,7026.9399,7007.4555,19.484439,0.093183,0.223904,0.248444,1.0,1.0,-25.0,-25.0,7156.0,8508.5
2013-08-13 00:00:00,CTA(9,21),7255.75,7179.5,7052.3633,7019.2791,33.084231,0.157475,0.378558,0.410377,1.0,1.0,23.5,23.5,7179.5,8532.0
2013-08-14 00:00:00,CTA(9,21),7297.0,7220.75,7079.5451,7032.5039,47.041281,0.223279,0.536896,0.561311,1.0,1.0,41.25,41.25,7220.75,8573.25
2013-08-15 00:00:00,CTA(9,21),7283.5,7207.25,7102.2068,7044.4561,57.750735,0.274252,0.659383,0.664571,1.0,1.0,-13.5,-13.5,7207.25,8559.75
2013-08-16 00:00:00,CTA(9,21),7372.25,7296.0,7132.2116,7060.0653,72.1463,0.343026,0.823838,0.781199,1.0,1.0,88.75,88.75,7296.0,8648.5
2013-08-19 00:00:00,CTA(9,21),7275.0,7198.75,7148.077,7070.3003,77.776693,0.372721,0.893994,0.822564,1.0,1.0,-97.25,-97.25,7198.75,8551.25
2013-08-20 00:00:00,CTA(9,21),7305.5,7220.5,7165.5684,7081.5003,84.068153,0.411011,0.983711,0.867785,1.0,1.0,21.75,21.75,7220.5,8573.0
2013-08-21 00:00:00,CTA(9,21),7225.25,7140.25,7172.1997,7088.3455,83.854215,0.411974,0.983574,0.867723,1.0,1.0,-80.25,-80.25,7140.25,8492.75
2013-08-22 00:00:00,CTA(9,21),7305.5,7220.0,7187.0109,7098.6862,88.324667,0.432905,1.030483,0.887886,1.0,1.0,79.75,79.75,7220.0,8572.5
2013-08-23 00:00:00,CTA(9,21),7345.75,7253.0,7204.6485,7110.4511,94.197407,0.459498,1.090187,0.910061,1.0,1.0,33.0,33.0,7253.0,8605.5
2013-08-27 00:00:00,CTA(9,21),7299.0,7206.25,7215.132,7119.4296,95.702385,0.464552,1.098539,0.912852,1.0,1.0,-46.75,-46.75,7206.25,8558.75
2013-08-28 00:00:00,CTA(9,21),7276.0,7183.25,7221.8951,7126.8854,95.009762,0.4621,1.089225,0.909734,1.0,1.0,-23.0,-23.0,7183.25,8535.75
2013-08-29 00:00:00,CTA(9,21),7138.75,7046.0,7212.6568,7127.4504,85.206431,0.418772,0.984456,0.868124,1.0,1.0,-137.25,-137.25,7046.0,8398.5
2013-08-30 00:00:00,CTA(9,21),7086.0,6993.25,7198.5838,7125.4765,73.107281,0.36495,0.856172,0.800909,1.0,1.0,-52.75,-52.75,6993.25,8345.75
2013-09-02 00:00:00,CTA(9,21),7223.0,7130.25,7201.2967,7130.1205,71.176216,0.364536,0.853601,0.799382,1.0,1.0,137.0,137.0,7130.25,8482.75
2013-09-03 00:00:00,CTA(9,21),7227.25,7134.5,7204.1804,7134.7457,69.4347,0.365231,0.853724,0.799455,1.0,1.0,4.25,4.25,7134.5,8487.0
2013-09-04 00:00:00,CTA(9,21),7102.5,7009.75,7192.8826,7133.2102,59.672386,0.319233,0.745457,0.72895,1.0,1.0,-124.75,-124.75,7009.75,8362.25
2013-09-05 00:00:00,CTA(9,21),7084.5,6991.75,7180.8401,7130.8907,49.949409,0.269044,0.628057,0.639413,1.0,1.0,-18.0,-18.0,6991.75,8344.25
2013-09-06 00:00:00,CTA(9,21),7135.5,7042.75,7175.8023,7131.1102,44.69213,0.240701,0.562471,0.583929,1.0,1.0,51.0,51.0,7042.75,8395.25
2013-09-09 00:00:00,CTA(9,21),7167.75,7075.0,7174.9076,7132.8549,42.052676,0.225351,0.527957,0.55328,1.0,1.0,32.25,32.25,7075.0,8427.5
2013-09-10 00:00:00,CTA(9,21),7139.75,7047.0,7171.0012,7133.1833,37.817939,0.202226,0.475689,0.505085,1.0,1.0,-28.0,-28.0,7047.0,8399.5
2013-09-11 00:00:00,CTA(9,21),7139.5,7046.75,7167.5011,7133.4841,34.017009,0.181334,0.428764,0.460117,1.0,1.0,-0.25,-0.25,7046.75,8399.25
2013-09-12 00:00:00,CTA(9,21),7029.5,6936.75,7152.1676,7128.5324,23.635179,0.126022,0.299812,0.329382,1.0,1.0,-110.0,-110.0,6936.75,8289.25
2013-09-13 00:00:00,CTA(9,21),7011.0,6918.25,7136.4823,7122.9357,13.546671,0.072238,0.173165,0.193114,1.0,1.0,-18.5,-18.5,6918.25,8270.75
2013-09-16 00:00:00,CTA(9,21),7055.5,6962.75,7127.4843,7119.7244,7.759857,0.041385,0.10004,0.112123,1.0,1.0,44.5,44.5,6962.75,8315.25
2013-09-17 00:00:00,CTA(9,21),7060.0,6962.0,7119.986,7116.8804,3.105623,0.016586,0.040455,0.045436,1.0,1.0,-0.75,-0.75,6962.0,8314.5
2013-09-18 00:00:00,CTA(9,21),7169.25,7071.25,7125.4598,7119.3742,6.085607,0.032942,0.081116,0.090992,1.0,1.0,109.25,109.25,7071.25,8423.75
2013-09-19 00:00:00,CTA(9,21),7320.5,7223.25,7147.1309,7128.9516,18.179321,0.097869,0.243293,0.269347,1.0,1.0,152.0,152.0,7223.25,8575.75
2013-09-20 00:00:00,CTA(9,21),7263.75,7157.5,7160.0886,7135.3706,24.718024,0.136605,0.3428,0.374017,1.0,1.0,-65.75,-65.75,7157.5,8510.0
2013-09-23 00:00:00,CTA(9,21),7222.5,7116.25,7167.0232,7139.5196,27.503603,0.153897,0.389676,0.421529,1.0,1.0,-41.25,-41.25,7116.25,8468.75
2013-09-24 00:00:00,CTA(9,21),7123.75,7017.5,7162.2151,7138.7687,23.446402,0.135188,0.345401,0.376687,1.0,1.0,-98.75,-98.75,7017.5,8370.0
2013-09-25 00:00:00,CTA(9,21),7176.0,7069.75,7163.7467,7140.5416,23.20514,0.137481,0.354219,0.385708,1.0,1.0,52.25,52.25,7069.75,8422.25
2013-09-26 00:00:00,CTA(9,21),7230.25,7124.0,7171.136,7144.8134,26.322563,0.160045,0.415547,0.447179,1.0,1.0,54.25,54.25,7124.0,8476.5
2013-09-27 00:00:00,CTA(9,21),7284.0,7177.75,7183.6764,7151.4414,32.235076,0.194147,0.507654,0.534807,1.0,1.0,53.75,53.75,7177.75,8530.25
2013-09-30 00:00:00,CTA(9,21),7286.25,7180.0,7195.0735,7157.8608,37.21268,0.223252,0.587653,0.605671,1.0,1.0,2.25,2.25,7180.0,8532.5
2013-10-01 00:00:00,CTA(9,21),7176.0,7069.75,7192.9542,7158.7246,34.229632,0.205394,0.544266,0.567883,1.0,1.0,-110.25,-110.25,7069.75,8422.25
2013-10-02 00:00:00,CTA(9,21),7256.0,7149.75,7199.9593,7163.3567,36.602556,0.219145,0.584333,0.602835,1.0,1.0,80.0,80.0,7149.75,8502.25
2013-10-03 00:00:00,CTA(9,21),7158.0,7051.75,7195.2972,7163.1017,32.195495,0.198234,0.531834,0.556771,1.0,1.0,-98.0,-98.0,7051.75,8404.25
2013-10-04 00:00:00,CTA(9,21),7235.0,7128.75,7199.7086,7166.5254,33.183191,0.208327,0.562143,0.583642,1.0,1.0,77.0,77.0,7128.75,8481.25
2013-10-07 00:00:00,CTA(9,21),7219.0,7112.75,7201.8521,7169.0242,32.827891,0.215633,0.584807,0.603241,1.0,1.0,-16.0,-16.0,7112.75,8465.25
2013-10-08 00:00:00,CTA(9,21),7213.75,7107.5,7203.1741,7171.154,32.020082,0.216476,0.58965,0.607371,1.0,1.0,-5.25,-5.25,7107.5,8460.0
2013-10-09 00:00:00,CTA(9,21),7072.75,6966.5,7188.6825,7166.4681,22.214423,0.150984,0.41306,0.444732,1.0,1.0,-141.0,-141.0,6966.5,8319.0
2013-10-10 00:00:00,CTA(9,21),7122.5,7016.25,7181.3289,7164.3744,16.954529,0.11674,0.320768,0.351261,1.0,1.0,49.75,49.75,7016.25,8368.75
2013-10-11 00:00:00,CTA(9,21),7177.25,7071.0,7180.8757,7164.9875,15.888193,0.111725,0.308156,0.338119,1.0,1.0,54.75,54.75,7071.0,8423.5
2013-10-14 00:00:00,CTA(9,21),7231.75,7125.5,7186.5284,7168.1667,18.361728,0.129621,0.358622,0.390196,1.0,1.0,54.5,54.5,7125.5,8478.0
2013-10-15 00:00:00,CTA(9,21),7227.75,7117.5,7191.1086,7171.004,20.104605,0.145303,0.403026,0.434818,1.0,1.0,-8.0,-8.0,7117.5,8470.0
2013-10-16 00:00:00,CTA(9,21),7248.0,7138.75,7197.4298,7174.6704,22.759398,0.168027,0.467076,0.496948,1.0,1.0,21.25,21.25,7138.75,8491.25
2013-10-17 00:00:00,CTA(9,21),7215.75,7107.25,7199.4654,7176.6266,22.838802,0.172347,0.48005,0.509186,1.0,1.0,-31.5,-31.5,7107.25,8459.75
2013-10-18 00:00:00,CTA(9,21),7232.0,7113.75,7203.0804,7179.2634,23.816928,0.1805,0.503443,0.530936,1.0,1.0,6.5,6.5,7113.75,8466.25
2013-10-21 00:00:00,CTA(9,21),7232.5,7114.25,7206.3492,7181.7985,24.550702,0.186833,0.521463,0.547407,1.0,1.0,0.5,0.5,7114.25,8466.75
2013-10-22 00:00:00,CTA(9,21),7322.5,7204.25,7219.2549,7188.4986,30.756274,0.232463,0.648498,0.655931,1.0,1.0,90.0,90.0,7204.25,8556.75
2013-10-23 00:00:00,CTA(9,21),7159.25,7041.0,7212.5876,7187.1058,25.481858,0.194774,0.543019,0.566774,1.0,1.0,-163.25,-163.25,7041.0,8393.5
2013-10-24 00:00:00,CTA(9,21),7163.5,7045.25,7207.1335,7185.9817,21.15176,0.169532,0.472293,0.501884,1.0,1.0,4.25,4.25,7045.25,8397.75
2013-10-25 00:00:00,CTA(9,21),7181.75,7063.5,7204.3131,7185.7802,18.532885,0.155897,0.433931,0.465143,1.0,1.0,18.25,18.25,7063.5,8416.0
2013-10-28 00:00:00,CTA(9,21),7185.5,7067.25,7202.2227,7185.7669,16.455885,0.157325,0.437423,0.46853,1.0,1.0,3.75,3.75,7067.25,8419.75
2013-10-29 00:00:00,CTA(9,21),7202.0,7083.75,7202.198,7186.5399,15.658129,0.160947,0.446948,0.477725,1.0,1.0,16.5,16.5,7083.75,8436.25
2013-10-30 00:00:00,CTA(9,21),7288.5,7170.25,7211.7871,7191.3951,20.391997,0.214507,0.594653,0.611619,1.0,1.0,86.5,86.5,7170.25,8522.75
2013-10-31 00:00:00,CTA(9,21),7243.5,7125.25,7215.3108,7193.8763,21.434467,0.233071,0.644889,0.653042,1.0,1.0,-45.0,-45.0,7125.25,8477.75
2013-11-01 00:00:00,CTA(9,21),7238.0,7119.75,7217.8318,7195.9774,21.854365,0.250422,0.691512,0.689432,1.0,1.0,-5.5,-5.5,7119.75,8472.25
2013-11-04 00:00:00,CTA(9,21),7136.5,7018.25,7208.7949,7193.1452,15.649758,0.187085,0.515993,0.542433,1.0,1.0,-101.5,-101.5,7018.25,8370.75
2013-11-05 00:00:00,CTA(9,21),7153.0,7034.75,7202.5955,7191.2335,11.361997,0.143,0.394128,0.425972,1.0,1.0,16.5,16.5,7034.75,8387.25
2013-11-06 00:00:00,CTA(9,21),7106.0,6987.75,7191.8627,7187.1747,4.687903,0.058379,0.160912,0.179633,1.0,1.0,-47.0,-47.0,6987.75,8340.25
2013-11-07 00:00:00,CTA(9,21),7139.5,7021.25,7186.0446,7184.9045,1.140056,0.014181,0.039105,0.043921,1.0,1.0,33.5,33.5,7021.25,8373.75
2013-11-08 00:00:00,CTA(9,21),7158.25,7040.0,7182.9563,7183.6353,-0.678967,-0.008437,-0.023284,-0.026159,-1.0,1.0,18.75,18.75,7040.0,8392.5
2013-11-11 00:00:00,CTA(9,21),7161.0,7042.75,7180.5167,7182.5574,-2.040686,-0.025411,-0.070203,-0.078783,-1.0,-1.0,2.75,-2.75,-7042.75,8389.75
2013-11-12 00:00:00,CTA(9,21),7109.0,6990.75,7172.5704,7179.0547,-6.484254,-0.080964,-0.223951,-0.248494,-1.0,-1.0,-52.0,52.0,-6990.75,8441.75
2013-11-13 00:00:00,CTA(9,21),6971.5,6853.25,7150.2292,7169.1711,-18.941854,-0.225184,-0.623575,-0.635741,-1.0,-1.0,-137.5,137.5,-6853.25,8579.25
2013-11-14 00:00:00,CTA(9,21),6982.25,6864.0,7131.5649,7160.2701,-28.705211,-0.338135,-0.936916,-0.845286,-1.0,-1.0,10.75,-10.75,-6864.0,8568.5
2013-11-15 00:00:00,CTA(9,21),6998.25,6880.0,7116.7521,7152.5549,-35.802733,-0.410274,-1.136972,-0.924711,-1.0,-1.0,16.0,-16.0,-6880.0,8552.5
2013-11-18 00:00:00,CTA(9,21),6960.75,6842.5,7099.4186,7143.4213,-44.002738,-0.488673,-1.352882,-0.961942,-1.0,-1.0,-37.5,37.5,-6842.5,8590.0
2013-11-19 00:00:00,CTA(9,21),6967.5,6842.5,7084.7609,7135.0441,-50.28315,-0.537781,-1.4861,-0.961333,-1.0,-1.0,0.0,-0.0,-6842.5,8590.0
2013-11-20 00:00:00,CTA(9,21),6997.25,6871.0,7075.0375,7128.4825,-53.444965,-0.566214,-1.561124,-0.953766,-1.0,-1.0,28.5,-28.5,-6871.0,8561.5
2013-11-21 00:00:00,CTA(9,21),7028.0,6899.0,7069.8111,7123.6976,-53.886474,-0.578827,-1.591888,-0.94926,-1.0,-1.0,28.0,-28.0,-6899.0,8533.5
2013-11-22 00:00:00,CTA(9,21),7101.0,6973.5,7073.2765,7122.6167,-49.340205,-0.538163,-1.476926,-0.961913,-1.0,-1.0,74.5,-74.5,-6973.5,8459.0
2013-11-25 00:00:00,CTA(9,21),7102.0,6974.5,7076.468,7121.635,-45.166959,-0.498137,-1.364698,-0.962585,-1.0,-1.0,1.0,-1.0,-6974.5,8458.0
2013-11-26 00:00:00,CTA(9,21),7066.0,6938.5,7075.3049,7118.9857,-43.680789,-0.478222,-1.307991,-0.958214,-1.0,-1.0,-36.0,36.0,-6938.5,8494.0
2013-11-27 00:00:00,CTA(9,21),7018.0,6890.5,7068.9377,7114.1769,-45.239159,-0.48883,-1.334588,-0.960669,-1.0,-1.0,-48.0,48.0,-6890.5,8542.0
2013-11-28 00:00:00,CTA(9,21),7020.0,6892.5,7063.5002,7109.6923,-46.19207,-0.493604,-1.344912,-0.961429,-1.0,-1.0,2.0,-2.0,-6892.5,8540.0
2013-11-29 00:00:00,CTA(9,21),7059.75,6932.25,7063.0835,7107.3141,-44.230554,-0.471989,-1.283616,-0.955326,-1.0,-1.0,39.75,-39.75,-6932.25,8500.25
2013-12-02 00:00:00,CTA(9,21),6975.0,6847.5,7053.2964,7101.0134,-47.716941,-0.496906,-1.348524,-0.961669,-1.0,-1.0,-84.75,84.75,-6847.5,8585.0
2013-12-03 00:00:00,CTA(9,21),6956.75,6829.25,7042.5691,7094.1437,-51.574638,-0.522899,-1.41584,-0.963778,-1.0,-1.0,-18.25,18.25,-6829.25,8603.25
2013-12-04 00:00:00,CTA(9,21),7096.0,6968.5,7048.5058,7094.2321,-45.726262,-0.462801,-1.251394,-0.950559,-1.0,-1.0,139.25,-139.25,-6968.5,8464.0
2013-12-05 00:00:00,CTA(9,21),7068.75,6941.25,7050.7552,7093.0187,-42.263477,-0.426157,-1.151339,-0.928731,-1.0,-1.0,-27.25,27.25,-6941.25,8491.25
2013-12-06 00:00:00,CTA(9,21),7123.5,6996.0,7058.8379,7094.4702,-35.632212,-0.359209,-0.970381,-0.861619,-1.0,-1.0,54.75,-54.75,-6996.0,8436.5
2013-12-09 00:00:00,CTA(9,21),7139.25,7011.75,7067.7726,7096.6025,-28.829913,-0.290634,-0.785697,-0.756555,-1.0,-1.0,15.75,-15.75,-7011.75,8420.75
2013-12-10 00:00:00,CTA(9,21),7166.0,7038.5,7078.6868,7099.9072,-21.2204,-0.216035,-0.584798,-0.603233,-1.0,-1.0,26.75,-26.75,-7038.5,8394.0
2013-12-11 00:00:00,CTA(9,21),7227.0,7099.5,7095.166,7105.9592,-10.793192,-0.110887,-0.300722,-0.330336,-1.0,-1.0,61.0,-61.0,-7099.5,8333.0
2013-12-12 00:00:00,CTA(9,21),7240.0,7112.5,7111.2587,7112.3421,-1.083422,-0.011129,-0.030238,-0.033967,-1.0,-1.0,13.0,-13.0,-7112.5,8320.0
2013-12-13 00:00:00,CTA(9,21),7276.5,7149.0,7129.6188,7120.1591,9.459682,0.096538,0.262688,0.290107,1.0,-1.0,36.5,-36.5,-7149.0,8283.5
2013-12-16 00:00:00,CTA(9,21),7320.0,7192.5,7150.7723,7129.6754,21.096914,0.210485,0.57314,0.593206,1.0,1.0,43.5,43.5,7192.5,8327.0
2013-12-17 00:00:00,CTA(9,21),7287.0,7171.0,7165.9087,7137.167,28.741678,0.289091,0.787012,0.75743,1.0,1.0,-21.5,-21.5,7171.0,8305.5
2013-12-18 00:00:00,CTA(9,21),7274.5,7161.0,7177.9744,7143.7067,34.267712,0.34398,0.935256,0.844444,1.0,1.0,-10.0,-10.0,7161.0,8295.5
2013-12-19 00:00:00,CTA(9,21),7204.0,7092.0,7180.8661,7146.5778,34.288335,0.344802,0.935628,0.844633,1.0,1.0,-69.0,-69.0,7092.0,8226.5
2013-12-20 00:00:00,CTA(9,21),7245.5,7135.0,7188.0477,7151.2884,36.759295,0.367481,0.99453,0.872648,1.0,1.0,43.0,43.0,7135.0,8269.5
2013-12-23 00:00:00,CTA(9,21),7252.0,7141.5,7195.1535,7156.0842,39.069317,0.387846,1.04626,0.894126,1.0,1.0,6.5,6.5,7141.5,8276.0
2013-12-24 00:00:00,CTA(9,21),7294.0,7183.5,7206.1364,7162.6516,43.484842,0.427175,1.147922,0.927795,1.0,1.0,42.0,42.0,7183.5,8318.0
2013-12-27 00:00:00,CTA(9,21),7391.75,7281.25,7226.7602,7173.561,53.199124,0.507586,1.356859,0.962174,1.0,1.0,97.75,97.75,7281.25,8415.75
2013-12-30 00:00:00,CTA(9,21),7384.5,7274.0,7244.2868,7183.6058,60.68106,0.564896,1.50066,0.960255,1.0,1.0,-7.25,-7.25,7274.0,8408.5
2013-12-31 00:00:00,CTA(9,21),7372.75,7262.25,7258.5605,7192.6126,65.947878,0.595918,1.573239,0.952086,1.0,1.0,-11.75,-11.75,7262.25,8396.75
2014-01-02 00:00:00,CTA(9,21),7403.5,7293.0,7274.6649,7202.6549,72.010011,0.630886,1.654976,0.937615,1.0,1.0,30.75,30.75,7293.0,8427.5
2014-01-03 00:00:00,CTA(9,21),7327.5,7217.0,7280.5355,7208.5999,71.935573,0.620585,1.618491,0.944736,1.0,1.0,-76.0,-76.0,7217.0,8351.5
2014-01-06 00:00:00,CTA(9,21),7343.5,7233.0,7287.5315,7215.0237,72.507818,0.616049,1.597864,0.948294,1.0,1.0,16.0,16.0,7233.0,8367.5
2014-01-07 00:00:00,CTA(9,21),7361.0,7250.5,7295.6947,7221.975,73.719731,0.6145,1.585496,0.950261,1.0,1.0,17.5,17.5,7250.5,8385.0
2014-01-08 00:00:00,CTA(9,21),7354.5,7244.0,7302.2286,7228.2857,73.942938,0.605973,1.555814,0.954463,1.0,1.0,-6.5,-6.5,7244.0,8378.5
2014-01-09 00:00:00,CTA(9,21),7235.25,7124.75,7294.7865,7228.6173,66.169236,0.544468,1.392932,0.96356,1.0,1.0,-119.25,-119.25,7124.75,8259.25
2014-01-10 00:00:00,CTA(9,21),7327.75,7217.25,7298.4491,7233.3379,65.111238,0.530406,1.352459,0.961916,1.0,1.0,92.5,92.5,7217.25,8351.75
2014-01-13 00:00:00,CTA(9,21),7365.0,7254.5,7305.8437,7239.6075,66.236154,0.530257,1.347321,0.961591,1.0,1.0,37.25,37.25,7254.5,8389.0
2014-01-14 00:00:00,CTA(9,21),7291.75,7196.25,7304.2777,7242.0905,62.187214,0.495488,1.255056,0.951156,1.0,1.0,-58.25,-58.25,7196.25,8330.75
2014-01-15 00:00:00,CTA(9,21),7369.5,7272.5,7311.5246,7248.1576,63.367015,0.496869,1.254283,0.951031,1.0,1.0,76.25,76.25,7272.5,8407.0
2014-01-16 00:00:00,CTA(9,21),7324.0,7227.5,7312.9108,7251.7692,61.141625,0.475926,1.197869,0.940217,1.0,1.0,-45.0,-45.0,7227.5,8362.0
2014-01-17 00:00:00,CTA(9,21),7363.0,7273.5,7318.4763,7257.0659,61.410386,0.471328,1.183041,0.93681,1.0,1.0,46.0,46.0,7273.5,8408.0
2014-01-20 00:00:00,CTA(9,21),7339.0,7249.5,7320.7567,7260.9675,59.789177,0.454586,1.138204,0.925064,1.0,1.0,-24.0,-24.0,7249.5,8384.0
2014-01-21 00:00:00,CTA(9,21),7371.0,7281.5,7326.3393,7266.2071,60.132125,0.450962,1.126676,0.921692,1.0,1.0,32.0,32.0,7281.5,8416.0
2014-01-22 00:00:00,CTA(9,21),7320.5,7231.0,7325.6905,7268.7925,56.897944,0.426805,1.064458,0.900984,1.0,1.0,-50.5,-50.5,7231.0,8365.5
2014-01-23 00:00:00,CTA(9,21),7227.0,7137.5,7314.7249,7266.8024,47.922457,0.359532,0.895882,0.823605,1.0,1.0,-93.5,-93.5,7137.5,8272.0
2014-01-24 00:00:00,CTA(9,21),7207.0,7117.5,7302.7554,7263.9547,38.800762,0.291227,0.725413,0.714597,1.0,1.0,-20.0,-20.0,7117.5,8252.0
2014-01-27 00:00:00,CTA(9,21),7185.5,7096.0,7289.727,7260.2187,29.508318,0.221491,0.551782,0.57454,1.0,1.0,-21.5,-21.5,7096.0,8230.5
2014-01-28 00:00:00,CTA(9,21),7178.5,7089.0,7277.3685,7256.3274,21.041125,0.157921,0.393674,0.42552,1.0,1.0,-7.0,-7.0,7089.0,8223.5
2014-01-29 00:00:00,CTA(9,21),7159.0,7069.5,7264.2164,7251.6927,12.523708,0.093936,0.234508,0.259894,1.0,1.0,-19.5,-19.5,7069.5,8204.0
2014-01-30 00:00:00,CTA(9,21),7139.0,7049.5,7250.3035,7246.3264,3.977091,0.029907,0.074802,0.08393,1.0,1.0,-20.0,-20.0,7049.5,8184.0
2014-01-31 00:00:00,CTA(9,21),7103.0,7013.5,7233.9364,7239.5013,-5.564897,-0.041744,-0.104677,-0.117293,-1.0,1.0,-36.0,-36.0,7013.5,8148.0
2014-02-03 00:00:00,CTA(9,21),7081.5,6992.0,7216.9991,7231.9775,-14.978406,-0.111874,-0.28144,-0.310025,-1.0,-1.0,-21.5,21.5,-6992.0,8169.5
2014-02-04 00:00:00,CTA(9,21),7087.5,6998.0,7202.6103,7225.0976,-22.487311,-0.167394,-0.422621,-0.454118,-1.0,-1.0,6.0,-6.0,-6998.0,8163.5
2014-02-05 00:00:00,CTA(9,21),7088.5,6999.0,7189.9314,7218.5929,-28.661583,-0.212536,-0.538584,-0.56282,-1.0,-1.0,1.0,-1.0,-6999.0,8162.5
2014-02-06 00:00:00,CTA(9,21),7181.5,7092.0,7188.9945,7216.8266,-27.83207,-0.206997,-0.526543,-0.552004,-1.0,-1.0,93.0,-93.0,-7092.0,8069.5
2014-02-07 00:00:00,CTA(9,21),7194.0,7104.5,7189.5507,7215.7396,-26.188926,-0.194985,-0.498123,-0.526026,-1.0,-1.0,12.5,-12.5,-7104.5,8057.0
2014-02-10 00:00:00,CTA(9,21),7140.0,7050.5,7184.0451,7212.133,-28.08791,-0.208988,-0.536212,-0.560698,-1.0,-1.0,-54.0,54.0,-7050.5,8111.0
2014-02-11 00:00:00,CTA(9,21),7111.5,7022.0,7175.9845,7207.3409,-31.356427,-0.232769,-0.599887,-0.616038,-1.0,-1.0,-28.5,28.5,-7022.0,8139.5
2014-02-12 00:00:00,CTA(9,21),7201.0,7111.5,7178.764,7207.039,-28.274978,-0.210479,-0.544921,-0.568465,-1.0,-1.0,89.5,-89.5,-7111.5,8050.0
2014-02-13 00:00:00,CTA(9,21),7143.0,7053.5,7174.7902,7203.9895,-29.199281,-0.221958,-0.577363,-0.596852,-1.0,-1.0,-58.0,58.0,-7053.5,8108.0
2014-02-14 00:00:00,CTA(9,21),7181.0,7091.5,7175.4802,7202.8948,-27.414567,-0.212868,-0.55637,-0.578582,-1.0,-1.0,38.0,-38.0,-7091.5,8070.0
2014-02-17 00:00:00,CTA(9,21),7204.5,7115.0,7178.7046,7202.9712,-24.266585,-0.192153,-0.504451,-0.531863,-1.0,-1.0,23.5,-23.5,-7115.0,8046.5
2014-02-18 00:00:00,CTA(9,21),7224.0,7129.5,7183.7374,7203.9726,-20.235136,-0.16507,-0.434878,-0.466063,-1.0,-1.0,14.5,-14.5,-7129.5,8032.0
2014-02-19 00:00:00,CTA(9,21),7216.0,7117.5,7187.3222,7204.5453,-17.223142,-0.144944,-0.382737,-0.414577,-1.0,-1.0,-12.0,12.0,-7117.5,8044.0
2014-02-20 00:00:00,CTA(9,21),7187.0,7090.5,7187.2864,7203.7098,-16.423447,-0.141836,-0.374937,-0.406729,-1.0,-1.0,-27.0,27.0,-7090.5,8071.0
2014-02-21 00:00:00,CTA(9,21),7195.0,7115.5,7188.1434,7203.2951,-15.151624,-0.133557,-0.353139,-0.384606,-1.0,-1.0,25.0,-25.0,-7115.5,8046.0
2014-02-24 00:00:00,CTA(9,21),7114.0,7034.5,7179.9053,7199.0429,-19.137639,-0.168982,-0.446806,-0.477589,-1.0,-1.0,-81.0,81.0,-7034.5,8127.0
2014-02-25 00:00:00,CTA(9,21),7106.0,7026.5,7171.6936,7194.6123,-22.918721,-0.202479,-0.535375,-0.559949,-1.0,-1.0,-8.0,8.0,-7026.5,8135.0
2014-02-26 00:00:00,CTA(9,21),7076.5,6997.0,7161.1165,7188.9879,-27.871391,-0.246697,-0.65234,-0.658993,-1.0,-1.0,-29.5,29.5,-6997.0,8164.5
2014-02-27 00:00:00,CTA(9,21),7068.0,6988.5,7150.7702,7183.2266,-32.456342,-0.290423,-0.768218,-0.744764,-1.0,-1.0,-8.5,8.5,-6988.5,8173.0
2014-02-28 00:00:00,CTA(9,21),7059.0,6979.5,7140.5735,7177.311,-36.737484,-0.331662,-0.878074,-0.813635,-1.0,-1.0,-9.0,9.0,-6979.5,8182.0
2014-03-03 00:00:00,CTA(9,21),7005.0,6925.5,7125.5098,7169.1057,-43.595924,-0.388532,-1.029836,-0.887624,-1.0,-1.0,-54.0,54.0,-6925.5,8236.0
2014-03-04 00:00:00,CTA(9,21),7087.5,7008.0,7121.2865,7165.2198,-43.933249,-0.402306,-1.067856,-0.902224,-1.0,-1.0,82.5,-82.5,-7008.0,8153.5
2014-03-05 00:00:00,CTA(9,21),7064.5,6985.0,7114.9769,7160.4236,-45.446682,-0.429223,-1.141321,-0.925952,-1.0,-1.0,-23.0,23.0,-6985.0,8176.5
2014-03-06 00:00:00,CTA(9,21),7070.0,6990.5,7109.9795,7156.1177,-46.13823,-0.433588,-1.155087,-0.929743,-1.0,-1.0,5.5,-5.5,-6990.5,8171.0
2014-03-07 00:00:00,CTA(9,21),6808.0,6728.5,7076.4262,7139.5407,-63.114471,-0.540281,-1.440695,-0.963444,-1.0,-1.0,-262.0,262.0,-6728.5,8433.0
2014-03-10 00:00:00,CTA(9,21),6664.0,6584.5,7030.6011,7116.8959,-86.29481,-0.637608,-1.699719,-0.927498,-1.0,-1.0,-144.0,144.0,-6584.5,8577.0
2014-03-11 00:00:00,CTA(9,21),6492.5,6413.0,6970.812,7087.1627,-116.350679,-0.716998,-1.907864,-0.86289,-1.0,-1.0,-171.5,171.5,-6413.0,8748.5
2014-03-12 00:00:00,CTA(9,21),6527.75,6448.25,6921.5829,7060.524,-138.941095,-0.760305,-2.017639,-0.819341,-1.0,-1.0,35.25,-35.25,-6448.25,8713.25
2014-03-13 00:00:00,CTA(9,21),6434.0,6354.5,6867.4071,7030.6896,-163.282499,-0.793923,-2.099511,-0.783685,-1.0,-1.0,-93.75,93.75,-6354.5,8807.0
2014-03-14 00:00:00,CTA(9,21),6488.0,6408.5,6825.2507,7004.8472,-179.596478,-0.806162,-2.123938,-0.772617,-1.0,-1.0,54.0,-54.0,-6408.5,8753.0
2014-03-17 00:00:00,CTA(9,21),6500.5,6421.0,6789.1673,6980.8307,-191.663358,-0.807906,-2.121614,-0.773677,-1.0,-1.0,12.5,-12.5,-6421.0,8740.5
2014-03-18 00:00:00,CTA(9,21),6497.5,6415.5,6756.7598,6957.8149,-201.05509,-0.804513,-2.10691,-0.780351,-1.0,-1.0,-5.5,5.5,-6415.5,8746.0
2014-03-19 00:00:00,CTA(9,21),6569.5,6488.0,6735.9532,6939.3237,-203.37055,-0.785066,-2.051089,-0.805061,-1.0,-1.0,72.5,-72.5,-6488.0,8673.5
2014-03-20 00:00:00,CTA(9,21),6443.5,6364.0,6703.4584,6915.7131,-212.254694,-0.780153,-2.033702,-0.812537,-1.0,-1.0,-124.0,124.0,-6364.0,8797.5
2014-03-21 00:00:00,CTA(9,21),6492.5,6417.0,6680.0186,6895.5601,-215.54151,-0.762498,-1.983484,-0.833465,-1.0,-1.0,53.0,-53.0,-6417.0,8744.5
2014-03-24 00:00:00,CTA(9,21),6480.5,6405.0,6657.8498,6875.7953,-217.945474,-0.744999,-1.934204,-0.852948,-1.0,-1.0,-12.0,12.0,-6405.0,8756.5
2014-03-25 00:00:00,CTA(9,21),6610.5,6535.0,6652.5887,6863.1622,-210.573456,-0.707043,-1.832898,-0.889188,-1.0,-1.0,130.0,-130.0,-6535.0,8626.5
2014-03-26 00:00:00,CTA(9,21),6515.75,6440.25,6637.3844,6846.6188,-209.234323,-0.686632,-1.777579,-0.906503,-1.0,-1.0,-94.75,94.75,-6440.25,8721.25
2014-03-27 00:00:00,CTA(9,21),6574.5,6499.0,6630.3973,6833.6607,-203.263446,-0.660069,-1.707142,-0.925678,-1.0,-1.0,58.75,-58.75,-6499.0,8662.5
2014-03-28 00:00:00,CTA(9,21),6686.0,6610.5,6636.5754,6826.6293,-190.053903,-0.616397,-1.593726,-0.948966,-1.0,-1.0,111.5,-111.5,-6610.5,8551.0
2014-03-31 00:00:00,CTA(9,21),6652.0,6576.5,6638.2892,6818.3136,-180.024374,-0.582288,-1.506135,-0.9598,-1.0,-1.0,-34.0,34.0,-6576.5,8585.0
2014-04-01 00:00:00,CTA(9,21),6667.5,6592.0,6641.5348,6811.132,-169.597131,-0.549412,-1.422247,-0.963749,-1.0,-1.0,15.5,-15.5,-6592.0,8569.5
2014-04-02 00:00:00,CTA(9,21),6679.0,6603.5,6645.6976,6804.84,-159.142338,-0.515047,-1.334877,-0.960692,-1.0,-1.0,11.5,-11.5,-6603.5,8558.0
2014-04-03 00:00:00,CTA(9,21),6646.0,6570.5,6645.7312,6797.2762,-151.544934,-0.490077,-1.27182,-0.953707,-1.0,-1.0,-33.0,33.0,-6570.5,8591.0
2014-04-04 00:00:00,CTA(9,21),6622.0,6546.5,6643.0944,6788.9297,-145.835254,-0.471703,-1.225257,-0.94589,-1.0,-1.0,-24.0,24.0,-6546.5,8615.0
2014-04-07 00:00:00,CTA(9,21),6672.5,6597.0,6646.3617,6783.3854,-137.023698,-0.444988,-1.156802,-0.930201,-1.0,-1.0,50.5,-50.5,-6597.0,8564.5
2014-04-08 00:00:00,CTA(9,21),6672.0,6596.5,6649.2104,6778.0813,-128.870932,-0.417904,-1.08713,-0.90902,-1.0,-1.0,-0.5,0.5,-6596.5,8565.0
2014-04-09 00:00:00,CTA(9,21),6623.5,6548.0,6646.3537,6770.7203,-124.366629,-0.404114,-1.052148,-0.896384,-1.0,-1.0,-48.5,48.5,-6548.0,8613.5
2014-04-10 00:00:00,CTA(9,21),6657.75,6582.25,6647.62,6765.3408,-117.720834,-0.385494,-1.005028,-0.877243,-1.0,-1.0,34.25,-34.25,-6582.25,8579.25
2014-04-11 00:00:00,CTA(9,21),6664.25,6588.75,6649.4677,6760.5269,-111.059204,-0.365311,-0.953887,-0.853721,-1.0,-1.0,6.5,-6.5,-6588.75,8572.75
2014-04-14 00:00:00,CTA(9,21),6661.75,6586.25,6650.8324,6755.8233,-104.990845,-0.349222,-0.913731,-0.833258,-1.0,-1.0,-2.5,2.5,-6586.25,8575.25
2014-04-15 00:00:00,CTA(9,21),6545.0,6463.25,6639.0733,6745.7841,-106.710801,-0.355931,-0.933395,-0.843497,-1.0,-1.0,-123.0,123.0,-6463.25,8698.25
2014-04-16 00:00:00,CTA(9,21),6627.5,6544.25,6637.7874,6740.1515,-102.364145,-0.34569,-0.908952,-0.830707,-1.0,-1.0,81.0,-81.0,-6544.25,8617.25
2014-04-17 00:00:00,CTA(9,21),6661.5,6577.25,6640.4221,6736.4062,-95.984097,-0.328636,-0.866761,-0.807125,-1.0,-1.0,33.0,-33.0,-6577.25,8584.25
2014-04-22 00:00:00,CTA(9,21),6684.0,6602.25,6645.2641,6733.9107,-88.646575,-0.309481,-0.819087,-0.778211,-1.0,-1.0,25.0,-25.0,-6602.25,8559.25
2014-04-23 00:00:00,CTA(9,21),6686.5,6604.75,6649.8459,6731.653,-81.807156,-0.290477,-0.771493,-0.746997,-1.0,-1.0,2.5,-2.5,-6604.75,8556.75
2014-04-24 00:00:00,CTA(9,21),6774.0,6692.25,6663.6408,6733.6695,-70.028774,-0.251904,-0.671254,-0.673869,-1.0,-1.0,87.5,-87.5,-6692.25,8469.25
2014-04-25 00:00:00,CTA(9,21),6785.0,6703.25,6677.1251,6736.1138,-58.988722,-0.214888,-0.574517,-0.594396,-1.0,-1.0,11.0,-11.0,-6703.25,8458.25
2014-04-28 00:00:00,CTA(9,21),6767.5,6685.75,6687.1668,6737.6084,-50.441648,-0.185906,-0.498554,-0.526424,-1.0,-1.0,-17.5,17.5,-6685.75,8475.75
2014-04-29 00:00:00,CTA(9,21),6734.0,6652.25,6692.3705,6737.4366,-45.066126,-0.167991,-0.451856,-0.482438,-1.0,-1.0,-33.5,33.5,-6652.25,8509.25
2014-04-30 00:00:00,CTA(9,21),6662.5,6580.75,6689.0515,6733.8682,-44.816658,-0.168517,-0.45477,-0.48523,-1.0,-1.0,-71.5,71.5,-6580.75,8580.75
2014-05-01 00:00:00,CTA(9,21),6672.0,6590.25,6687.1569,6730.9221,-43.765167,-0.165978,-0.449463,-0.480143,-1.0,-1.0,9.5,-9.5,-6590.25,8571.25
2014-05-02 00:00:00,CTA(9,21),6753.5,6671.75,6694.5284,6731.9972,-37.468852,-0.143371,-0.389366,-0.421218,-1.0,-1.0,81.5,-81.5,-6671.75,8489.75
2014-05-06 00:00:00,CTA(9,21),6756.0,6674.25,6701.3585,6733.1402,-31.78166,-0.122601,-0.333769,-0.364721,-1.0,-1.0,2.5,-2.5,-6674.25,8487.25
2014-05-07 00:00:00,CTA(9,21),6688.5,6606.75,6699.9298,6731.0145,-31.084663,-0.120839,-0.329563,-0.360377,-1.0,-1.0,-67.5,67.5,-6606.75,8554.75
2014-05-08 00:00:00,CTA(9,21),6772.0,6690.25,6707.9376,6732.9662,-25.028557,-0.09827,-0.268382,-0.296171,-1.0,-1.0,83.5,-83.5,-6690.25,8471.25
2014-05-09 00:00:00,CTA(9,21),6797.0,6715.25,6717.8334,6736.0154,-18.181966,-0.072737,-0.198851,-0.221231,-1.0,-1.0,25.0,-25.0,-6715.25,8446.25
2014-05-12 00:00:00,CTA(9,21),6924.0,6842.25,6740.7408,6744.9671,-4.226218,-0.017231,-0.047135,-0.052931,-1.0,-1.0,127.0,-127.0,-6842.25,8319.25
2014-05-13 00:00:00,CTA(9,21),6888.0,6806.25,6757.103,6751.7781,5.324819,0.02205,0.060341,0.067737,1.0,-1.0,-36.0,36.0,-6806.25,8355.25
2014-05-14 00:00:00,CTA(9,21),6975.0,6893.25,6781.3137,6762.4078,18.905989,0.079066,0.216391,0.240306,1.0,1.0,87.0,87.0,6893.25,8442.25
2014-05-15 00:00:00,CTA(9,21),6938.0,6856.25,6798.7233,6770.7693,27.954037,0.119487,0.326945,0.357667,1.0,1.0,-37.0,-37.0,6856.25,8405.25
2014-05-16 00:00:00,CTA(9,21),6922.0,6840.25,6812.4207,6777.9708,34.449983,0.149761,0.409568,0.441289,1.0,1.0,-16.0,-16.0,6840.25,8389.25
2014-05-19 00:00:00,CTA(9,21),6983.0,6901.25,6831.374,6787.7341,43.639937,0.193337,0.528194,0.553494,1.0,1.0,61.0,61.0,6901.25,8450.25
2014-05-20 00:00:00,CTA(9,21),6920.0,6839.25,6841.2213,6794.0324,47.188893,0.214782,0.586011,0.604269,1.0,1.0,-62.0,-62.0,6839.25,8388.25
2014-05-21 00:00:00,CTA(9,21),6870.0,6787.25,6844.419,6797.6499,46.769021,0.220339,0.60028,0.616369,1.0,1.0,-52.0,-52.0,6787.25,8336.25
2014-05-22 00:00:00,CTA(9,21),6924.0,6835.25,6853.2613,6803.6666,49.594689,0.241606,0.657114,0.662779,1.0,1.0,48.0,48.0,6835.25,8384.25
2014-05-23 00:00:00,CTA(9,21),6981.0,6919.25,6867.4545,6812.1111,55.343432,0.276862,0.751464,0.733174,1.0,1.0,84.0,84.0,6919.25,8468.25
2014-05-27 00:00:00,CTA(9,21),6988.5,6926.75,6880.904,6820.5105,60.39346,0.311037,0.842173,0.79251,1.0,1.0,7.5,7.5,6926.75,8475.75
2014-05-28 00:00:00,CTA(9,21),7013.0,6951.25,6895.5813,6829.6767,65.904629,0.344106,0.929112,0.841302,1.0,1.0,24.5,24.5,6951.25,8500.25
2014-05-29 00:00:00,CTA(9,21),6946.0,6884.25,6901.1834,6835.2159,65.9675,0.351363,0.946,0.84984,1.0,1.0,-67.0,-67.0,6884.25,8433.25
2014-05-30 00:00:00,CTA(9,21),6892.0,6830.25,6900.163,6837.9199,62.243118,0.33841,0.908707,0.830576,1.0,1.0,-54.0,-54.0,6830.25,8379.25
2014-06-02 00:00:00,CTA(9,21),6974.5,6912.75,6908.4227,6844.4237,63.998968,0.352346,0.943473,0.848581,1.0,1.0,82.5,82.5,6912.75,8461.75
2014-06-03 00:00:00,CTA(9,21),6902.5,6840.75,6907.7646,6847.1893,60.575355,0.339774,0.90741,0.829879,1.0,1.0,-72.0,-72.0,6840.75,8389.75
2014-06-04 00:00:00,CTA(9,21),6809.0,6747.25,6896.7908,6845.3707,51.420045,0.293373,0.781877,0.754005,1.0,1.0,-93.5,-93.5,6747.25,8296.25
2014-06-05 00:00:00,CTA(9,21),6789.0,6727.25,6884.814,6842.6864,42.127614,0.248406,0.660988,0.665836,1.0,1.0,-20.0,-20.0,6727.25,8276.25
2014-06-06 00:00:00,CTA(9,21),6691.0,6629.25,6863.2791,6835.4632,27.815886,0.169361,0.450239,0.480887,1.0,1.0,-98.0,-98.0,6629.25,8178.25
2014-06-09 00:00:00,CTA(9,21),6684.5,6622.75,6843.4148,6828.2745,15.140265,0.095636,0.254133,0.280969,1.0,1.0,-6.5,-6.5,6622.75,8171.75
2014-06-10 00:00:00,CTA(9,21),6696.0,6634.25,6827.0354,6821.9757,5.059631,0.032035,0.085122,0.09547,1.0,1.0,11.5,11.5,6634.25,8183.25
2014-06-11 00:00:00,CTA(9,21),6725.0,6663.25,6815.6981,6817.3578,-1.659739,-0.010519,-0.027956,-0.031405,-1.0,1.0,29.0,29.0,6663.25,8212.25
2014-06-12 00:00:00,CTA(9,21),6634.5,6572.75,6795.565,6808.6503,-13.085344,-0.084157,-0.223779,-0.248309,-1.0,-1.0,-90.5,90.5,-6572.75,8302.75
2014-06-13 00:00:00,CTA(9,21),6673.5,6611.75,6782.0022,6802.2146,-20.212389,-0.131568,-0.350102,-0.381502,-1.0,-1.0,39.0,-39.0,-6611.75,8263.75
2014-06-16 00:00:00,CTA(9,21),6718.5,6656.75,6774.9464,6798.2282,-23.28178,-0.156176,-0.415972,-0.447597,-1.0,-1.0,45.0,-45.0,-6656.75,8218.75
2014-06-17 00:00:00,CTA(9,21),6712.5,6666.75,6768.0079,6794.1459,-26.137975,-0.179178,-0.477844,-0.507114,-1.0,-1.0,10.0,-10.0,-6666.75,8208.75
2014-06-18 00:00:00,CTA(9,21),6713.5,6670.75,6761.9515,6790.3056,-28.354129,-0.198479,-0.53018,-0.555283,-1.0,-1.0,4.0,-4.0,-6670.75,8204.75
2014-06-19 00:00:00,CTA(9,21),6733.5,6688.25,6758.7902,6787.6006,-28.810375,-0.206424,-0.552752,-0.575397,-1.0,-1.0,17.5,-17.5,-6688.25,8187.25
2014-06-20 00:00:00,CTA(9,21),6836.5,6794.75,6767.4246,6789.9291,-22.504497,-0.162633,-0.436919,-0.468042,-1.0,-1.0,106.5,-106.5,-6794.75,8080.75
2014-06-23 00:00:00,CTA(9,21),6901.0,6859.25,6782.2663,6795.2182,-12.951878,-0.096426,-0.260195,-0.287448,-1.0,-1.0,64.5,-64.5,-6859.25,8016.25
2014-06-24 00:00:00,CTA(9,21),6903.5,6861.75,6795.7367,6800.3745,-4.637746,-0.035263,-0.095628,-0.107202,-1.0,-1.0,2.5,-2.5,-6861.75,8013.75
2014-06-25 00:00:00,CTA(9,21),6929.0,6887.25,6810.5438,6806.4995,4.044259,0.031499,0.085895,0.096334,1.0,-1.0,25.5,-25.5,-6887.25,7988.25
2014-06-26 00:00:00,CTA(9,21),6973.5,6931.75,6828.65,6814.4519,14.198103,0.10963,0.300671,0.330282,1.0,1.0,44.5,44.5,6931.75,8032.75
2014-06-27 00:00:00,CTA(9,21),6966.0,6924.25,6843.9111,6821.6685,22.242636,0.174249,0.480661,0.509758,1.0,1.0,-7.5,-7.5,6924.25,8025.25
2014-06-30 00:00:00,CTA(9,21),7036.0,6994.25,6865.2543,6831.8748,33.379582,0.258655,0.716571,0.70814,1.0,1.0,70.0,70.0,6994.25,8095.25
2014-07-01 00:00:00,CTA(9,21),7038.5,6996.75,6884.5039,6841.714,42.789803,0.323427,0.898855,0.825237,1.0,1.0,2.5,2.5,6996.75,8097.75
2014-07-02 00:00:00,CTA(9,21),7139.5,7097.75,6912.8368,6855.8943,56.942425,0.412014,1.146491,0.9274,1.0,1.0,101.0,101.0,7097.75,8198.75
2014-07-03 00:00:00,CTA(9,21),7189.0,7147.25,6943.5216,6871.7565,71.765055,0.49264,1.370279,0.96284,1.0,1.0,49.5,49.5,7147.25,8248.25
2014-07-04 00:00:00,CTA(9,21),7164.0,7122.25,6968.0192,6885.6729,82.346303,0.54342,1.509942,0.959468,1.0,1.0,-25.0,-25.0,7122.25,8223.25
2014-07-07 00:00:00,CTA(9,21),7128.0,7086.25,6985.7948,6897.2123,88.582564,0.571354,1.585248,0.950299,1.0,1.0,-36.0,-36.0,7086.25,8187.25
2014-07-08 00:00:00,CTA(9,21),7136.0,7094.25,7002.4843,6908.5831,93.901183,0.594838,1.648289,0.938997,1.0,1.0,8.0,8.0,7094.25,8195.25
2014-07-09 00:00:00,CTA(9,21),7141.0,7099.25,7017.8749,6919.6506,98.224347,0.60886,1.684799,0.931036,1.0,1.0,5.0,5.0,7099.25,8200.25
2014-07-10 00:00:00,CTA(9,21),7177.5,7135.75,7035.611,6931.9291,103.681924,0.62652,1.729793,0.919882,1.0,1.0,36.5,36.5,7135.75,8236.75
2014-07-11 00:00:00,CTA(9,21),7173.5,7131.75,7050.932,6943.4325,107.499544,0.639553,1.760731,0.911394,1.0,1.0,-4.0,-4.0,7131.75,8232.75
2014-07-14 00:00:00,CTA(9,21),7121.5,7079.75,7058.7729,6951.9119,106.861024,0.630452,1.73067,0.91965,1.0,1.0,-52.0,-52.0,7079.75,8180.75
2014-07-15 00:00:00,CTA(9,21),7132.5,7088.25,7066.9648,6960.5113,106.453488,0.622629,1.703661,0.926536,1.0,1.0,8.5,8.5,7088.25,8189.25
2014-07-16 00:00:00,CTA(9,21),7077.25,7034.0,7068.1076,6966.0703,102.037302,0.59716,1.629348,0.942726,1.0,1.0,-54.25,-54.25,7034.0,8135.0
2014-07-17 00:00:00,CTA(9,21),7067.5,7023.75,7068.0401,6970.9003,97.139805,0.580927,1.580841,0.950969,1.0,1.0,-10.25,-10.25,7023.75,8124.75
2014-07-18 00:00:00,CTA(9,21),6987.5,6941.75,7059.0912,6971.6908,87.400442,0.531484,1.443386,0.963372,1.0,1.0,-82.0,-82.0,6941.75,8042.75
2014-07-21 00:00:00,CTA(9,21),7029.25,6983.5,7055.7755,6974.4317,81.343837,0.499831,1.354735,0.962052,1.0,1.0,41.75,41.75,6983.5,8084.5
2014-07-22 00:00:00,CTA(9,21),7038.0,6992.25,7053.8005,6977.4587,76.341717,0.472891,1.279222,0.95474,1.0,1.0,8.75,8.75,6992.25,8093.25
2014-07-23 00:00:00,CTA(9,21),7040.75,6995.0,7052.3504,6980.4726,71.877797,0.449205,1.212793,0.943408,1.0,1.0,2.75,2.75,6995.0,8096.0
2014-07-24 00:00:00,CTA(9,21),7172.5,7126.75,7065.7004,6989.6168,76.083591,0.468078,1.260822,0.952066,1.0,1.0,131.75,131.75,7126.75,8227.75
2014-07-25 00:00:00,CTA(9,21),7130.0,7084.25,7072.8448,6996.3017,76.543079,0.466802,1.254704,0.951099,1.0,1.0,-42.5,-42.5,7084.25,8185.25
2014-07-28 00:00:00,CTA(9,21),7125.25,7079.5,7078.6676,7002.4421,76.225487,0.46237,1.240358,0.948676,1.0,1.0,-4.75,-4.75,7079.5,8180.5
2014-07-29 00:00:00,CTA(9,21),7090.5,7044.75,7079.9823,7006.6353,73.346968,0.446288,1.195571,0.939704,1.0,1.0,-34.75,-34.75,7044.75,8145.75
2014-07-30 00:00:00,CTA(9,21),7141.25,7095.5,7086.7898,7013.0455,73.744269,0.452813,1.21134,0.943107,1.0,1.0,50.75,50.75,7095.5,8196.5
2014-07-31 00:00:00,CTA(9,21),7123.5,7077.75,7090.8687,7018.3053,72.563443,0.450929,1.204359,0.941634,1.0,1.0,-17.75,-17.75,7077.75,8178.75
2014-08-01 00:00:00,CTA(9,21),7078.5,7032.75,7089.4944,7021.1717,68.322725,0.427266,1.139442,0.925418,1.0,1.0,-45.0,-45.0,7032.75,8133.75
2014-08-04 00:00:00,CTA(9,21),7130.5,7084.75,7094.0506,7026.3778,67.672792,0.424135,1.129343,0.922485,1.0,1.0,52.0,52.0,7084.75,8185.75
2014-08-05 00:00:00,CTA(9,21),7059.5,7013.75,7090.2116,7027.955,62.256589,0.398175,1.058776,0.898881,1.0,1.0,-71.0,-71.0,7013.75,8114.75
2014-08-06 00:00:00,CTA(9,21),6977.25,6931.5,7077.6603,7025.5405,52.119822,0.337408,0.896414,0.823898,1.0,1.0,-82.25,-82.25,6931.5,8032.5
2014-08-07 00:00:00,CTA(9,21),7009.0,6963.25,7070.0314,7024.7529,45.278539,0.295818,0.785292,0.756285,1.0,1.0,31.75,31.75,6963.25,8064.25
2014-08-08 00:00:00,CTA(9,21),7004.75,6959.0,7062.7779,7023.8004,38.977566,0.254712,0.675728,0.67734,1.0,1.0,-4.25,-4.25,6959.0,8060.0
2014-08-11 00:00:00,CTA(9,21),7004.0,6958.25,7056.247,7022.8575,33.38956,0.21862,0.579738,0.598895,1.0,1.0,-0.75,-0.75,6958.25,8059.25
2014-08-12 00:00:00,CTA(9,21),6975.75,6930.0,7047.3029,7020.6143,26.688657,0.174745,0.463362,0.493423,1.0,1.0,-28.25,-28.25,6930.0,8031.0
2014-08-13 00:00:00,CTA(9,21),6892.5,6846.75,7030.1026,7014.5136,15.589012,0.101892,0.270295,0.298205,1.0,1.0,-83.25,-83.25,6846.75,7947.75
2014-08-14 00:00:00,CTA(9,21),6834.0,6788.25,7008.3134,7005.9177,2.395719,0.015572,0.041342,0.046432,1.0,1.0,-58.5,-58.5,6788.25,7889.25
2014-08-15 00:00:00,CTA(9,21),6887.0,6841.25,6994.8342,7000.255,-5.420803,-0.035159,-0.093458,-0.104779,-1.0,1.0,53.0,53.0,6841.25,7942.25
2014-08-18 00:00:00,CTA(9,21),6943.0,6897.25,6989.0748,6997.5285,-8.453727,-0.054861,-0.146047,-0.163225,-1.0,-1.0,56.0,-56.0,-6897.25,7886.25
2014-08-19 00:00:00,CTA(9,21),6882.5,6847.75,6977.2332,6992.051,-14.817823,-0.096237,-0.25665,-0.283661,-1.0,-1.0,-49.5,49.5,-6847.75,7935.75
2014-08-20 00:00:00,CTA(9,21),7025.5,6991.75,6982.5961,6993.6438,-11.047651,-0.071722,-0.191638,-0.213355,-1.0,-1.0,144.0,-144.0,-6991.75,7791.75
2014-08-21 00:00:00,CTA(9,21),7027.0,6995.25,6987.5299,6995.2322,-7.70228,-0.049951,-0.133764,-0.149626,-1.0,-1.0,3.5,-3.5,-6995.25,7788.25
2014-08-22 00:00:00,CTA(9,21),7086.0,7061.25,6998.471,6999.5545,-1.083435,-0.006996,-0.018784,-0.021104,-1.0,-1.0,66.0,-66.0,-7061.25,7722.25
2014-08-26 00:00:00,CTA(9,21),7062.5,7037.75,7005.5854,7002.5519,3.033489,0.019545,0.052625,0.059088,1.0,-1.0,-23.5,23.5,-7037.75,7745.75
2014-08-27 00:00:00,CTA(9,21),7041.0,7016.25,7009.5203,7004.3827,5.137586,0.03306,0.089261,0.100094,1.0,1.0,-21.5,-21.5,7016.25,7724.25
2014-08-28 00:00:00,CTA(9,21),6947.0,6922.25,7002.5736,7001.6502,0.923395,0.005954,0.016113,0.018103,1.0,1.0,-94.0,-94.0,6922.25,7630.25
2014-08-29 00:00:00,CTA(9,21),6996.5,6971.75,7001.8988,7001.405,0.493797,0.003183,0.00863,0.009696,1.0,1.0,49.5,49.5,6971.75,7679.75
2014-09-01 00:00:00,CTA(9,21),6961.0,6936.25,6997.3545,6999.4809,-2.126464,-0.013733,-0.037293,-0.041888,-1.0,1.0,-35.5,-35.5,6936.25,7644.25
2014-09-02 00:00:00,CTA(9,21),6983.0,6958.25,6995.7595,6998.6961,-2.936598,-0.019149,-0.052093,-0.058491,-1.0,-1.0,22.0,-22.0,-6958.25,7622.25
2014-09-03 00:00:00,CTA(9,21),6924.0,6899.25,6987.7862,6995.1392,-7.35292,-0.048507,-0.132126,-0.14781,-1.0,-1.0,-59.0,59.0,-6899.25,7681.25
2014-09-04 00:00:00,CTA(9,21),6949.5,6924.75,6983.5322,6992.9659,-9.433654,-0.064162,-0.174919,-0.19504,-1.0,-1.0,25.5,-25.5,-6924.75,7655.75
2014-09-05 00:00:00,CTA(9,21),6993.0,6968.25,6984.5842,6992.9675,-8.383303,-0.059082,-0.161181,-0.17993,-1.0,-1.0,43.5,-43.5,-6968.25,7612.25
2014-09-08 00:00:00,CTA(9,21),7003.0,6978.25,6986.6304,6993.4452,-6.81484,-0.049815,-0.135985,-0.152087,-1.0,-1.0,10.0,-10.0,-6978.25,7602.25
2014-09-09 00:00:00,CTA(9,21),6859.5,6834.75,6972.5048,6987.0669,-14.562095,-0.109057,-0.297798,-0.327268,-1.0,-1.0,-143.5,143.5,-6834.75,7745.75
2014-09-10 00:00:00,CTA(9,21),6892.75,6868.0,6963.6431,6982.5756,-18.932458,-0.150308,-0.410462,-0.442171,-1.0,-1.0,33.25,-33.25,-6868.0,7712.5
2014-09-11 00:00:00,CTA(9,21),6859.0,6834.25,6952.0161,6976.6911,-24.674922,-0.205274,-0.560297,-0.582027,-1.0,-1.0,-33.75,33.75,-6834.25,7746.25
2014-09-12 00:00:00,CTA(9,21),6864.5,6839.75,6942.2921,6971.3486,-29.056505,-0.250625,-0.683452,-0.683286,-1.0,-1.0,5.5,-5.5,-6839.75,7740.75
2014-09-15 00:00:00,CTA(9,21),6867.0,6842.25,6933.9263,6966.3796,-32.453314,-0.291984,-0.795206,-0.762839,-1.0,-1.0,2.5,-2.5,-6842.25,7738.25
2014-09-16 00:00:00,CTA(9,21),6922.25,6911.5,6932.629,6964.2782,-31.649272,-0.301018,-0.818681,-0.777955,-1.0,-1.0,69.25,-69.25,-6911.5,7669.0
2014-09-17 00:00:00,CTA(9,21),6949.5,6940.75,6934.5035,6963.5745,-29.070987,-0.292894,-0.795569,-0.763077,-1.0,-1.0,29.25,-29.25,-6940.75,7639.75
2014-09-18 00:00:00,CTA(9,21),6864.75,6855.25,6926.7531,6958.8686,-32.115449,-0.326073,-0.884412,-0.817222,-1.0,-1.0,-85.5,85.5,-6855.25,7725.25
2014-09-19 00:00:00,CTA(9,21),6862.25,6862.5,6919.5861,6954.2677,-34.681578,-0.349117,-0.945483,-0.849582,-1.0,-1.0,7.25,-7.25,-6862.5,7718.0
2014-09-22 00:00:00,CTA(9,21),6756.5,6756.75,6901.4654,6944.8502,-43.384749,-0.418561,-1.131085,-0.922999,-1.0,-1.0,-105.75,105.75,-6756.75,7823.75
2014-09-23 00:00:00,CTA(9,21),6752.0,6752.25,6884.8582,6935.6668,-50.808677,-0.469266,-1.264493,-0.952628,-1.0,-1.0,-4.5,4.5,-6752.25,7828.25
2014-09-24 00:00:00,CTA(9,21),6770.5,6770.75,6872.1517,6927.8018,-55.650052,-0.495379,-1.330666,-0.960353,-1.0,-1.0,18.5,-18.5,-6770.75,7809.75
2014-09-25 00:00:00,CTA(9,21),6728.0,6728.25,6856.1348,6918.2874,-62.152538,-0.528377,-1.41442,-0.96378,-1.0,-1.0,-42.5,42.5,-6728.25,7852.25
2014-09-26 00:00:00,CTA(9,21),6755.5,6755.75,6844.9532,6910.5356,-65.582408,-0.539226,-1.438638,-0.963494,-1.0,-1.0,27.5,-27.5,-6755.75,7824.75
2014-09-29 00:00:00,CTA(9,21),6777.5,6777.75,6837.4584,6904.2006,-66.742178,-0.53536,-1.424012,-0.963733,-1.0,-1.0,22.0,-22.0,-6777.75,7802.75
2014-09-30 00:00:00,CTA(9,21),6710.0,6710.25,6823.2964,6894.9529,-71.656576,-0.558387,-1.480223,-0.961714,-1.0,-1.0,-67.5,67.5,-6710.25,7870.25
2014-10-01 00:00:00,CTA(9,21),6722.75,6723.0,6812.1245,6886.7528,-74.628253,-0.574094,-1.516608,-0.958855,-1.0,-1.0,12.75,-12.75,-6723.0,7857.5
2014-10-02 00:00:00,CTA(9,21),6643.0,6643.25,6793.3329,6875.1455,-81.812593,-0.607649,-1.598803,-0.948139,-1.0,-1.0,-79.75,79.75,-6643.25,7937.25
2014-10-03 00:00:00,CTA(9,21),6679.0,6679.25,6780.6293,6865.8053,-85.175988,-0.616712,-1.616169,-0.945153,-1.0,-1.0,36.0,-36.0,-6679.25,7901.25
2014-10-06 00:00:00,CTA(9,21),6746.0,6746.25,6776.7816,6860.1002,-83.318672,-0.599075,-1.564349,-0.953331,-1.0,-1.0,67.0,-67.0,-6746.25,7834.25
2014-10-07 00:00:00,CTA(9,21),6706.75,6707.0,6769.0003,6852.7978,-83.797565,-0.595684,-1.550186,-0.955175,-1.0,-1.0,-39.25,39.25,-6707.0,7873.5
2014-10-08 00:00:00,CTA(9,21),6685.0,6685.25,6759.6669,6844.8075,-85.140556,-0.60111,-1.558378,-0.954129,-1.0,-1.0,-21.75,21.75,-6685.25,7895.25
2014-10-09 00:00:00,CTA(9,21),6774.5,6774.75,6761.315,6841.4595,-80.14446,-0.571866,-1.477462,-0.961882,-1.0,-1.0,89.5,-89.5,-6774.75,7805.75
2014-10-10 00:00:00,CTA(9,21),6699.5,6699.75,6754.4467,6834.6995,-80.252822,-0.567878,-1.462271,-0.96268,-1.0,-1.0,-75.0,75.0,-6699.75,7880.75
2014-10-13 00:00:00,CTA(9,21),6784.0,6784.25,6757.7304,6832.2853,-74.554859,-0.532005,-1.366185,-0.962656,-1.0,-1.0,84.5,-84.5,-6784.25,7796.25
2014-10-14 00:00:00,CTA(9,21),6827.0,6854.25,6765.427,6832.0336,-66.606558,-0.478066,-1.225298,-0.945898,-1.0,-1.0,70.0,-70.0,-6854.25,7726.25
2014-10-15 00:00:00,CTA(9,21),6669.0,6694.75,6754.7129,6824.2701,-69.557167,-0.491096,-1.256289,-0.951353,-1.0,-1.0,-159.5,159.5,-6694.75,7885.75
2014-10-16 00:00:00,CTA(9,21),6587.0,6608.25,6736.0781,6812.9715,-76.89336,-0.522248,-1.333044,-0.960547,-1.0,-1.0,-86.5,86.5,-6608.25,7972.25
2014-10-17 00:00:00,CTA(9,21),6675.0,6716.25,6729.2917,6806.4014,-77.109749,-0.516376,-1.315396,-0.95897,-1.0,-1.0,108.0,-108.0,-6716.25,7864.25
2014-10-20 00:00:00,CTA(9,21),6595.0,6636.25,6714.3704,6796.3347,-81.964312,-0.534745,-1.359271,-0.962307,-1.0,-1.0,-80.0,80.0,-6636.25,7944.25
2014-10-21 00:00:00,CTA(9,21),6703.75,6745.0,6713.1903,6791.9259,-78.735559,-0.511123,-1.2973,-0.957023,-1.0,-1.0,108.75,-108.75,-6745.0,7835.5
2014-10-22 00:00:00,CTA(9,21),6674.0,6715.25,6708.8359,6786.3104,-77.474523,-0.509178,-1.290205,-0.956167,-1.0,-1.0,-29.75,29.75,-6715.25,7865.25
2014-10-23 00:00:00,CTA(9,21),6738.0,6779.25,6712.0763,6784.0099,-71.933568,-0.47986,-1.214146,-0.943685,-1.0,-1.0,64.0,-64.0,-6779.25,7801.25
2014-10-24 00:00:00,CTA(9,21),6744.0,6785.25,6715.6234,6782.1047,-66.48126,-0.451022,-1.139808,-0.925522,-1.0,-1.0,6.0,-6.0,-6785.25,7795.25
2014-10-27 00:00:00,CTA(9,21),6782.0,6823.25,6722.9986,6782.0997,-59.101098,-0.407312,-1.028563,-0.887108,-1.0,-1.0,38.0,-38.0,-6823.25,7757.25
2014-10-28 00:00:00,CTA(9,21),6855.5,6896.75,6737.721,6785.5949,-47.873971,-0.3401,-0.858669,-0.802386,-1.0,-1.0,73.5,-73.5,-6896.75,7683.75
2014-10-29 00:00:00,CTA(9,21),6876.5,6917.75,6753.1408,6789.9237,-36.78289,-0.269008,-0.679588,-0.680318,-1.0,-1.0,21.0,-21.0,-6917.75,7662.75
2014-10-30 00:00:00,CTA(9,21),6797.0,6838.25,6758.0141,6790.2607,-32.246615,-0.24069,-0.608593,-0.623337,-1.0,-1.0,-79.5,79.5,-6838.25,7742.25
2014-10-31 00:00:00,CTA(9,21),6752.0,6793.25,6757.3459,6788.4388,-31.092909,-0.239614,-0.606519,-0.621604,-1.0,-1.0,-45.0,45.0,-6793.25,7787.25
2014-11-03 00:00:00,CTA(9,21),6770.0,6811.25,6758.7519,6787.5607,-28.808857,-0.226439,-0.573546,-0.593557,-1.0,-1.0,18.0,-18.0,-6811.25,7769.25
2014-11-04 00:00:00,CTA(9,21),6703.0,6744.25,6752.5572,6783.534,-30.976808,-0.243457,-0.616851,-0.630199,-1.0,-1.0,-67.0,67.0,-6744.25,7836.25
2014-11-05 00:00:00,CTA(9,21),6706.5,6747.75,6747.4397,6779.8657,-32.425989,-0.256542,-0.649931,-0.657075,-1.0,-1.0,3.5,-3.5,-6747.75,7832.75
2014-11-06 00:00:00,CTA(9,21),6730.5,6771.75,6745.5576,6777.515,-31.957434,-0.255416,-0.646924,-0.654672,-1.0,-1.0,24.0,-24.0,-6771.75,7808.75
2014-11-07 00:00:00,CTA(9,21),6785.0,6826.25,6749.94,6777.8714,-27.931369,-0.226697,-0.574085,-0.594023,-1.0,-1.0,54.5,-54.5,-6826.25,7754.25
2014-11-10 00:00:00,CTA(9,21),6725.0,6766.25,6747.1689,6775.3537,-28.184799,-0.230399,-0.583337,-0.601983,-1.0,-1.0,-60.0,60.0,-6766.25,7814.25
2014-11-11 00:00:00,CTA(9,21),6755.5,6796.75,6748.0946,6774.4083,-26.313709,-0.215212,-0.544774,-0.568335,-1.0,-1.0,30.5,-30.5,-6796.75,7783.75
2014-11-12 00:00:00,CTA(9,21),6747.5,6788.75,6748.0285,6773.127,-25.098429,-0.204737,-0.518293,-0.544527,-1.0,-1.0,-8.0,8.0,-6788.75,7791.75
2014-11-13 00:00:00,CTA(9,21),6724.0,6765.25,6745.3587,6770.7876,-25.428887,-0.207023,-0.524402,-0.550069,-1.0,-1.0,-23.5,23.5,-6765.25,7815.25
2014-11-14 00:00:00,CTA(9,21),6777.0,6818.25,6748.8744,6771.0834,-22.209016,-0.182296,-0.46233,-0.492441,-1.0,-1.0,53.0,-53.0,-6818.25,7762.25
2014-11-17 00:00:00,CTA(9,21),6776.0,6817.25,6751.8884,6771.3175,-19.429184,-0.159797,-0.406083,-0.437845,-1.0,-1.0,-1.0,1.0,-6817.25,7763.25
2014-11-18 00:00:00,CTA(9,21),6679.0,6719.25,6743.7897,6766.9215,-23.131817,-0.193478,-0.492903,-0.521186,-1.0,-1.0,-98.0,98.0,-6719.25,7861.25
2014-11-19 00:00:00,CTA(9,21),6732.0,6775.25,6742.4797,6765.2585,-22.778851,-0.195545,-0.499594,-0.527385,-1.0,-1.0,56.0,-56.0,-6775.25,7805.25
2014-11-20 00:00:00,CTA(9,21),6711.75,6755.5,6739.0653,6762.7105,-23.645235,-0.212747,-0.545172,-0.568688,-1.0,-1.0,-19.75,19.75,-6755.5,7825.0
2014-11-21 00:00:00,CTA(9,21),6772.0,6840.25,6742.7247,6763.1529,-20.428178,-0.193146,-0.496221,-0.524265,-1.0,-1.0,84.75,-84.75,-6840.25,7740.25
2014-11-24 00:00:00,CTA(9,21),6720.0,6788.25,6740.1997,6761.098,-20.898245,-0.206642,-0.532007,-0.556926,-1.0,-1.0,-52.0,52.0,-6788.25,7792.25
2014-11-25 00:00:00,CTA(9,21),6644.0,6712.25,6729.5109,6755.5219,-26.01101,-0.258749,-0.667281,-0.670772,-1.0,-1.0,-76.0,76.0,-6712.25,7868.25
2014-11-26 00:00:00,CTA(9,21),6619.0,6687.25,6717.2319,6749.0208,-31.788954,-0.322135,-0.831951,-0.786248,-1.0,-1.0,-25.0,25.0,-6687.25,7893.25
2014-11-27 00:00:00,CTA(9,21),6609.5,6677.75,6705.2617,6742.377,-37.115313,-0.379091,-0.980117,-0.866142,-1.0,-1.0,-9.5,9.5,-6677.75,7902.75
2014-11-28 00:00:00,CTA(9,21),6409.0,6477.25,6672.3437,6726.5019,-54.158183,-0.519862,-1.343354,-0.961321,-1.0,-1.0,-200.5,200.5,-6477.25,8103.25
2014-12-01 00:00:00,CTA(9,21),6517.0,6585.25,6655.0833,6716.5256,-61.442314,-0.577288,-1.490284,-0.961043,-1.0,-1.0,108.0,-108.0,-6585.25,7995.25
2014-12-02 00:00:00,CTA(9,21),6471.0,6539.25,6634.6296,6704.8339,-70.204318,-0.642594,-1.656215,-0.937355,-1.0,-1.0,-46.0,46.0,-6539.25,8041.25
2014-12-03 00:00:00,CTA(9,21),6433.5,6501.75,6612.2819,6691.9133,-79.631389,-0.713847,-1.833661,-0.888936,-1.0,-1.0,-37.5,37.5,-6501.75,8078.75
2014-12-04 00:00:00,CTA(9,21),6530.5,6598.75,6603.195,6684.2269,-81.031917,-0.741798,-1.897536,-0.866693,-1.0,-1.0,97.0,-97.0,-6598.75,7981.75
2014-12-05 00:00:00,CTA(9,21),6508.0,6576.25,6592.6178,6675.8352,-83.217381,-0.74673,-1.901108,-0.865384,-1.0,-1.0,-22.5,22.5,-6576.25,8004.25
2014-12-08 00:00:00,CTA(9,21),6452.25,6520.5,6577.0214,6665.1882,-88.166888,-0.770322,-1.950385,-0.846674,-1.0,-1.0,-55.75,55.75,-6520.5,8060.0
2014-12-09 00:00:00,CTA(9,21),6528.5,6596.75,6571.6301,6658.6793,-87.049185,-0.754286,-1.899357,-0.866026,-1.0,-1.0,76.25,-76.25,-6596.75,7983.75
2014-12-10 00:00:00,CTA(9,21),6469.0,6537.25,6560.2267,6649.6469,-89.420182,-0.759785,-1.902376,-0.864917,-1.0,-1.0,-59.5,59.5,-6537.25,8043.25
2014-12-11 00:00:00,CTA(9,21),6514.5,6582.75,6555.146,6643.2114,-88.065364,-0.74467,-1.854768,-0.881837,-1.0,-1.0,45.5,-45.5,-6582.75,7997.75
2014-12-12 00:00:00,CTA(9,21),6539.25,6607.5,6553.3798,6638.2608,-84.881044,-0.728778,-1.806979,-0.897535,-1.0,-1.0,24.75,-24.75,-6607.5,7973.0
2014-12-15 00:00:00,CTA(9,21),6447.5,6515.75,6541.6154,6629.177,-87.561615,-0.755771,-1.866143,-0.877907,-1.0,-1.0,-91.75,91.75,-6515.75,8064.75
2014-12-16 00:00:00,CTA(9,21),6387.5,6470.25,6524.4914,6617.6685,-93.177117,-0.779673,-1.91797,-0.859116,-1.0,-1.0,-45.5,45.5,-6470.25,8110.25
2014-12-17 00:00:00,CTA(9,21),6398.0,6477.25,6510.4368,6607.2081,-96.771313,-0.791557,-1.940898,-0.850367,-1.0,-1.0,7.0,-7.0,-6477.25,8103.25
2014-12-18 00:00:00,CTA(9,21),6346.0,6426.25,6492.1661,6594.7697,-102.603588,-0.799113,-1.953135,-0.845595,-1.0,-1.0,-51.0,51.0,-6426.25,8154.25
2014-12-19 00:00:00,CTA(9,21),6438.5,6533.75,6486.2032,6587.3282,-101.125072,-0.772003,-1.882374,-0.872175,-1.0,-1.0,107.5,-107.5,-6533.75,8046.75
2014-12-22 00:00:00,CTA(9,21),6392.0,6487.25,6475.7362,6578.0269,-102.290746,-0.760855,-1.851768,-0.882862,-1.0,-1.0,-46.5,46.5,-6487.25,8093.25
2014-12-23 00:00:00,CTA(9,21),6370.0,6465.25,6463.9877,6568.1209,-104.133165,-0.750617,-1.824895,-0.891808,-1.0,-1.0,-22.0,22.0,-6465.25,8115.25
2014-12-24 00:00:00,CTA(9,21),6344.0,6439.25,6450.6557,6557.4484,-106.792709,-0.745845,-1.813767,-0.895388,-1.0,-1.0,-26.0,26.0,-6439.25,8141.25
2014-12-29 00:00:00,CTA(9,21),6343.0,6438.25,6438.694,6547.2366,-108.542626,-0.738781,-1.799136,-0.899981,-1.0,-1.0,-1.0,1.0,-6438.25,8142.25
2014-12-30 00:00:00,CTA(9,21),6376.0,6471.25,6431.728,6539.0825,-107.354499,-0.715068,-1.745647,-0.915613,-1.0,-1.0,33.0,-33.0,-6471.25,8109.25
2014-12-31 00:00:00,CTA(9,21),6349.0,6444.25,6422.536,6530.0309,-107.49495,-0.699363,-1.713228,-0.924156,-1.0,-1.0,-27.0,27.0,-6444.25,8136.25
2015-01-02 00:00:00,CTA(9,21),6304.0,6399.25,6409.3653,6519.2676,-109.902237,-0.691912,-1.70102,-0.927182,-1.0,-1.0,-45.0,45.0,-6399.25,8181.25
2015-01-05 00:00:00,CTA(9,21),6199.5,6294.75,6386.0469,6504.0405,-117.993579,-0.706046,-1.741818,-0.916659,-1.0,-1.0,-104.5,104.5,-6294.75,8285.75
2015-01-06 00:00:00,CTA(9,21),6209.0,6304.25,6366.3751,6489.991,-123.615914,-0.71193,-1.762607,-0.910858,-1.0,-1.0,9.5,-9.5,-6304.25,8276.25
2015-01-07 00:00:00,CTA(9,21),6172.5,6267.75,6344.8334,6474.8724,-130.03897,-0.717317,-1.78222,-0.905124,-1.0,-1.0,-36.5,36.5,-6267.75,8312.75
2015-01-08 00:00:00,CTA(9,21),6160.75,6256.0,6324.3797,6459.9142,-135.534472,-0.717627,-1.787601,-0.903507,-1.0,-1.0,-11.75,11.75,-6256.0,8324.5
2015-01-09 00:00:00,CTA(9,21),6147.5,6242.75,6304.7264,6445.0373,-140.310906,-0.719123,-1.795781,-0.901015,-1.0,-1.0,-13.25,13.25,-6242.75,8337.75
2015-01-12 00:00:00,CTA(9,21),6085.0,6180.25,6280.3123,6427.8927,-147.580315,-0.723671,-1.811817,-0.896008,-1.0,-1.0,-62.5,62.5,-6180.25,8400.25
2015-01-13 00:00:00,CTA(9,21),5928.5,6023.75,6241.2221,6404.1121,-162.889973,-0.750083,-1.881294,-0.872561,-1.0,-1.0,-156.5,156.5,-6023.75,8556.75
2015-01-14 00:00:00,CTA(9,21),5617.0,5712.25,6171.8641,6366.6305,-194.766455,-0.797532,-2.002849,-0.825516,-1.0,-1.0,-311.5,311.5,-5712.25,8868.25
2015-01-15 00:00:00,CTA(9,21),5681.0,5776.25,6117.3236,6333.9815,-216.657835,-0.814416,-2.046936,-0.806857,-1.0,-1.0,64.0,-64.0,-5776.25,8804.25
2015-01-16 00:00:00,CTA(9,21),5768.0,5863.25,6078.5099,6307.03,-228.520073,-0.810202,-2.038339,-0.810554,-1.0,-1.0,87.0,-87.0,-5863.25,8717.25
2015-01-19 00:00:00,CTA(9,21),5709.0,5804.25,6037.4532,6278.5523,-241.099109,-0.808075,-2.034807,-0.812065,-1.0,-1.0,-59.0,59.0,-5804.25,8776.25
2015-01-20 00:00:00,CTA(9,21),5717.0,5812.25,6001.8473,6251.8118,-249.964436,-0.797552,-2.010623,-0.822281,-1.0,-1.0,8.0,-8.0,-5812.25,8768.25
2015-01-21 00:00:00,CTA(9,21),5796.5,5891.75,5979.0309,6230.1302,-251.099293,-0.776482,-1.959886,-0.842933,-1.0,-1.0,79.5,-79.5,-5891.75,8688.75
2015-01-22 00:00:00,CTA(9,21),5687.5,5783.25,5946.6386,6204.2907,-257.652085,-0.765774,-1.933751,-0.853122,-1.0,-1.0,-108.5,108.5,-5783.25,8797.25
2015-01-23 00:00:00,CTA(9,21),5541.0,5646.25,5901.5677,6172.7054,-271.137771,-0.768123,-1.938907,-0.851137,-1.0,-1.0,-137.0,137.0,-5646.25,8934.25
2015-01-26 00:00:00,CTA(9,21),5612.5,5717.75,5869.449,6146.029,-276.579951,-0.757589,-1.9104,-0.861948,-1.0,-1.0,71.5,-71.5,-5717.75,8862.75
2015-01-27 00:00:00,CTA(9,21),5446.0,5551.25,5822.3991,6112.6943,-290.29513,-0.761147,-1.916242,-0.859765,-1.0,-1.0,-166.5,166.5,-5551.25,9029.25
2015-01-28 00:00:00,CTA(9,21),5515.5,5620.75,5788.2992,6084.2564,-295.957212,-0.754992,-1.896863,-0.866939,-1.0,-1.0,69.5,-69.5,-5620.75,8959.75
2015-01-29 00:00:00,CTA(9,21),5432.0,5537.25,5748.7104,6053.1966,-304.486185,-0.754328,-1.890574,-0.869225,-1.0,-1.0,-83.5,83.5,-5537.25,9043.25
2015-01-30 00:00:00,CTA(9,21),5542.0,5647.25,5725.7426,6028.8539,-303.111315,-0.736225,-1.840479,-0.886671,-1.0,-1.0,110.0,-110.0,-5647.25,8933.25
2015-02-02 00:00:00,CTA(9,21),5530.0,5635.25,5703.9934,6005.099,-301.105545,-0.717221,-1.788371,-0.903275,-1.0,-1.0,-12.0,12.0,-5635.25,8945.25
2015-02-03 00:00:00,CTA(9,21),5725.0,5830.25,5706.3275,5991.7609,-285.433435,-0.676879,-1.684037,-0.931213,-1.0,-1.0,195.0,-195.0,-5830.25,8750.25
2015-02-04 00:00:00,CTA(9,21),5738.75,5844.0,5709.93,5979.7128,-269.782795,-0.636582,-1.58086,-0.950966,-1.0,-1.0,13.75,-13.75,-5844.0,8736.5
2015-02-05 00:00:00,CTA(9,21),5748.0,5853.25,5714.16,5968.6788,-254.518851,-0.598729,-1.484666,-0.961429,-1.0,-1.0,9.25,-9.25,-5853.25,8727.25
2015-02-06 00:00:00,CTA(9,21),5674.0,5779.25,5709.6978,5954.6465,-244.948747,-0.573803,-1.421098,-0.963757,-1.0,-1.0,-74.0,74.0,-5779.25,8801.25
2015-02-09 00:00:00,CTA(9,21),5691.0,5796.25,5707.6202,5942.0919,-234.471681,-0.549693,-1.359949,-0.962343,-1.0,-1.0,17.0,-17.0,-5796.25,8784.25
2015-02-10 00:00:00,CTA(9,21),5608.5,5713.75,5696.6069,5926.2066,-229.599712,-0.53586,-1.324446,-0.959818,-1.0,-1.0,-82.5,82.5,-5713.75,8866.75
2015-02-11 00:00:00,CTA(9,21),5613.0,5718.25,5687.3172,5911.292,-223.974765,-0.5222,-1.289594,-0.956091,-1.0,-1.0,4.5,-4.5,-5718.25,8862.25
2015-02-12 00:00:00,CTA(9,21),5752.5,5857.75,5694.5598,5903.7305,-209.170712,-0.490801,-1.211259,-0.94309,-1.0,-1.0,139.5,-139.5,-5857.75,8722.75
2015-02-13 00:00:00,CTA(9,21),5754.25,5859.5,5701.192,5896.6124,-195.420345,-0.46162,-1.13869,-0.925203,-1.0,-1.0,1.75,-1.75,-5859.5,8721.0
2015-02-16 00:00:00,CTA(9,21),5764.0,5869.25,5708.1707,5890.2975,-182.126805,-0.435182,-1.073122,-0.904121,-1.0,-1.0,9.75,-9.75,-5869.25,8711.25
2015-02-17 00:00:00,CTA(9,21),5656.75,5762.5,5702.4573,5879.1762,-176.718905,-0.426107,-1.0505,-0.895756,-1.0,-1.0,-106.75,106.75,-5762.5,8818.0
2015-02-18 00:00:00,CTA(9,21),5753.5,5858.75,5708.1287,5873.1916,-165.06291,-0.401618,-0.990046,-0.870648,-1.0,-1.0,96.25,-96.25,-5858.75,8721.75
2015-02-19 00:00:00,CTA(9,21),5761.25,5865.5,5714.031,5867.861,-153.829989,-0.379556,-0.935661,-0.84465,-1.0,-1.0,6.75,-6.75,-5865.5,8715.0
2015-02-20 00:00:00,CTA(9,21),5704.0,5813.75,5712.9165,5860.0581,-147.141644,-0.367655,-0.90638,-0.829324,-1.0,-1.0,-51.75,51.75,-5813.75,8766.75
2015-02-23 00:00:00,CTA(9,21),5682.5,5792.25,5709.5369,5851.603,-142.066104,-0.361442,-0.891055,-0.820936,-1.0,-1.0,-21.5,21.5,-5792.25,8788.25
2015-02-24 00:00:00,CTA(9,21),5798.0,5907.75,5719.3661,5849.0505,-129.684346,-0.3368,-0.830287,-0.785218,-1.0,-1.0,115.5,-115.5,-5907.75,8672.75
2015-02-25 00:00:00,CTA(9,21),5797.0,5906.75,5727.9921,5846.5719,-118.579765,-0.313346,-0.772449,-0.747647,-1.0,-1.0,-1.0,1.0,-5906.75,8673.75
2015-02-26 00:00:00,CTA(9,21),5911.5,6021.25,5748.3819,5849.6637,-101.281814,-0.272953,-0.672877,-0.67513,-1.0,-1.0,114.5,-114.5,-6021.25,8559.25
2015-02-27 00:00:00,CTA(9,21),5918.0,6027.75,5767.2283,5852.9178,-85.689466,-0.235788,-0.581286,-0.600225,-1.0,-1.0,6.5,-6.5,-6027.75,8552.75
2015-03-02 00:00:00,CTA(9,21),5922.5,6032.25,5784.4807,5856.2312,-71.750496,-0.199373,-0.491582,-0.519958,-1.0,-1.0,4.5,-4.5,-6032.25,8548.25
2015-03-03 00:00:00,CTA(9,21),5839.75,5949.5,5790.6218,5855.4464,-64.824646,-0.183004,-0.451294,-0.4819,-1.0,-1.0,-82.75,82.75,-5949.5,8631.0
2015-03-04 00:00:00,CTA(9,21),5861.0,5970.75,5798.4416,5855.7109,-57.269299,-0.164041,-0.404624,-0.436401,-1.0,-1.0,21.25,-21.25,-5970.75,8609.75
2015-03-05 00:00:00,CTA(9,21),5855.0,5964.75,5804.7258,5855.677,-50.951178,-0.147885,-0.364851,-0.396527,-1.0,-1.0,-6.0,6.0,-5964.75,8615.75
2015-03-06 00:00:00,CTA(9,21),5763.0,5872.75,5800.0896,5851.2638,-51.174191,-0.15146,-0.373978,-0.405761,-1.0,-1.0,-92.0,92.0,-5872.75,8707.75
2015-03-09 00:00:00,CTA(9,21),5893.0,6002.75,5810.413,5853.2513,-42.838254,-0.129615,-0.32054,-0.351024,-1.0,-1.0,130.0,-130.0,-6002.75,8577.75
2015-03-10 00:00:00,CTA(9,21),5788.0,5897.75,5807.9227,5850.1441,-42.221385,-0.13004,-0.322369,-0.352923,-1.0,-1.0,-105.0,105.0,-5897.75,8682.75
2015-03-11 00:00:00,CTA(9,21),5754.0,5863.75,5801.9313,5845.5658,-43.634505,-0.137878,-0.342826,-0.374044,-1.0,-1.0,-34.0,34.0,-5863.75,8716.75
2015-03-12 00:00:00,CTA(9,21),5866.0,5975.75,5809.05,5846.5388,-37.488815,-0.121416,-0.302938,-0.332659,-1.0,-1.0,112.0,-112.0,-5975.75,8604.75
2015-03-13 00:00:00,CTA(9,21),5881.5,5991.25,5817.1,5848.2036,-31.103634,-0.103995,-0.260418,-0.287685,-1.0,-1.0,15.5,-15.5,-5991.25,8589.25
2015-03-16 00:00:00,CTA(9,21),5864.25,5974.0,5822.3389,5848.9678,-26.628859,-0.092501,-0.232492,-0.257721,-1.0,-1.0,-17.25,17.25,-5974.0,8606.5
2015-03-17 00:00:00,CTA(9,21),5798.5,5907.25,5819.6901,5846.5645,-26.874399,-0.096242,-0.242799,-0.268817,-1.0,-1.0,-66.75,66.75,-5907.25,8673.25
2015-03-18 00:00:00,CTA(9,21),5689.5,5796.25,5805.2246,5839.0853,-33.860706,-0.124167,-0.314386,-0.344621,-1.0,-1.0,-111.0,111.0,-5796.25,8784.25
2015-03-19 00:00:00,CTA(9,21),5876.25,5983.5,5813.1163,5840.855,-27.73874,-0.104956,-0.266696,-0.294377,-1.0,-1.0,187.25,-187.25,-5983.5,8597.0
2015-03-20 00:00:00,CTA(9,21),6070.5,6186.75,5841.7145,5851.7905,-10.076024,-0.038993,-0.099391,-0.1114,-1.0,-1.0,203.25,-203.25,-6186.75,8393.75
2015-03-23 00:00:00,CTA(9,21),6147.5,6263.75,5875.6906,5865.8719,9.818741,0.039216,0.100209,0.112312,1.0,-1.0,77.0,-77.0,-6263.75,8316.75
2015-03-24 00:00:00,CTA(9,21),6172.0,6288.25,5908.6139,5880.4494,28.164475,0.115318,0.295107,0.32444,1.0,1.0,24.5,24.5,6288.25,8341.25
2015-03-25 00:00:00,CTA(9,21),6148.5,6264.75,5935.2679,5893.2137,42.054173,0.176568,0.452167,0.482737,1.0,1.0,-23.5,-23.5,6264.75,8317.75
2015-03-26 00:00:00,CTA(9,21),6195.5,6311.75,5964.1826,5907.6083,56.574265,0.241884,0.61927,0.632197,1.0,1.0,47.0,47.0,6311.75,8364.75
2015-03-27 00:00:00,CTA(9,21),6075.5,6191.75,5976.5512,5915.6032,60.948025,0.268431,0.686554,0.685659,1.0,1.0,-120.0,-120.0,6191.75,8244.75
2015-03-30 00:00:00,CTA(9,21),6105.0,6221.25,5990.8233,5924.6221,66.201218,0.30201,0.771136,0.746754,1.0,1.0,29.5,29.5,6221.25,8274.25
2015-03-31 00:00:00,CTA(9,21),6064.5,6180.75,5999.0096,5931.2829,67.726666,0.320548,0.816709,0.776707,1.0,1.0,-40.5,-40.5,6180.75,8233.75
2015-04-01 00:00:00,CTA(9,21),6067.5,6183.75,6006.6196,5937.7694,68.850185,0.33621,0.854414,0.799866,1.0,1.0,3.0,3.0,6183.75,8236.75
2015-04-02 00:00:00,CTA(9,21),6002.5,6118.75,6006.1619,5940.8519,65.310041,0.325737,0.825705,0.782367,1.0,1.0,-65.0,-65.0,6118.75,8171.75
2015-04-07 00:00:00,CTA(9,21),6084.0,6200.25,6014.8106,5947.6684,67.142141,0.340405,0.860487,0.803456,1.0,1.0,81.5,81.5,6200.25,8253.25
2015-04-08 00:00:00,CTA(9,21),6027.5,6143.75,6016.2205,5951.4699,64.750574,0.333885,0.841652,0.792194,1.0,1.0,-56.5,-56.5,6143.75,8196.75
2015-04-09 00:00:00,CTA(9,21),6013.5,6129.75,6015.9182,5954.4237,61.494483,0.322568,0.810905,0.773011,1.0,1.0,-14.0,-14.0,6129.75,8182.75
2015-04-10 00:00:00,CTA(9,21),6056.0,6172.25,6020.3718,5959.2607,61.111048,0.324304,0.81302,0.774362,1.0,1.0,42.5,42.5,6172.25,8225.25
2015-04-13 00:00:00,CTA(9,21),6001.25,6117.5,6018.2471,5961.2602,56.986918,0.305048,0.762799,0.741046,1.0,1.0,-54.75,-54.75,6117.5,8170.5
2015-04-14 00:00:00,CTA(9,21),5954.5,6066.75,6011.1641,5960.9383,50.22582,0.268455,0.669847,0.672774,1.0,1.0,-50.75,-50.75,6066.75,8119.75
2015-04-15 00:00:00,CTA(9,21),5962.75,6076.25,6005.7848,5961.0246,44.760202,0.240396,0.598711,0.615047,1.0,1.0,9.5,9.5,6076.25,8129.25
2015-04-16 00:00:00,CTA(9,21),6069.5,6183.25,6012.8642,5966.1901,46.674176,0.248464,0.617634,0.630846,1.0,1.0,107.0,107.0,6183.25,8236.25
2015-04-17 00:00:00,CTA(9,21),6071.0,6187.75,6019.3238,5971.181,48.142756,0.253207,0.628202,0.639532,1.0,1.0,4.5,4.5,6187.75,8240.75
2015-04-20 00:00:00,CTA(9,21),5987.25,6104.0,6015.76,5971.9462,43.813815,0.230089,0.56986,0.590364,1.0,1.0,-83.75,-83.75,6104.0,8157.0
2015-04-21 00:00:00,CTA(9,21),5942.0,6058.75,6007.5645,5970.5202,37.044267,0.194741,0.481623,0.510661,1.0,1.0,-45.25,-45.25,6058.75,8111.75
2015-04-22 00:00:00,CTA(9,21),5900.0,6016.75,5995.6128,5967.1621,28.450766,0.149526,0.369396,0.401132,1.0,1.0,-42.0,-42.0,6016.75,8069.75
2015-04-23 00:00:00,CTA(9,21),5936.0,6052.75,5988.9892,5965.6782,23.311024,0.122971,0.303501,0.333249,1.0,1.0,36.0,36.0,6052.75,8105.75
2015-04-24 00:00:00,CTA(9,21),6025.0,6141.75,5992.9904,5968.503,24.487376,0.13113,0.323295,0.353884,1.0,1.0,89.0,89.0,6141.75,8194.75
2015-04-27 00:00:00,CTA(9,21),6065.5,6182.25,6001.047,5973.1219,27.925095,0.150155,0.369749,0.401489,1.0,1.0,40.5,40.5,6182.25,8235.25
2015-04-28 00:00:00,CTA(9,21),6123.0,6239.75,6014.5974,5980.259,34.338374,0.189677,0.466357,0.496267,1.0,1.0,57.5,57.5,6239.75,8292.75
2015-04-29 00:00:00,CTA(9,21),6152.5,6269.25,6029.9199,5988.4609,41.458937,0.23223,0.569901,0.5904,1.0,1.0,29.5,29.5,6269.25,8322.25
2015-04-30 00:00:00,CTA(9,21),6350.5,6467.25,6065.5399,6005.7009,59.838996,0.335032,0.819748,0.778629,1.0,1.0,198.0,198.0,6467.25,8520.25
2015-05-01 00:00:00,CTA(9,21),6407.5,6524.25,6103.5355,6024.8342,78.701274,0.427677,1.042137,0.892521,1.0,1.0,57.0,57.0,6524.25,8577.25
2015-05-05 00:00:00,CTA(9,21),6479.75,6596.5,6145.3371,6046.4968,98.840232,0.517358,1.253931,0.950974,1.0,1.0,72.25,72.25,6596.5,8649.5
2015-05-06 00:00:00,CTA(9,21),6390.25,6507.0,6172.5496,6062.866,109.683582,0.553967,1.334836,0.960689,1.0,1.0,-89.5,-89.5,6507.0,8560.0
2015-05-07 00:00:00,CTA(9,21),6401.5,6518.25,6197.9885,6078.9915,118.997087,0.581078,1.391562,0.963531,1.0,1.0,11.25,11.25,6518.25,8571.25
2015-05-08 00:00:00,CTA(9,21),6388.5,6505.25,6219.1565,6093.73,125.426524,0.595729,1.417756,0.963774,1.0,1.0,-13.0,-13.0,6505.25,8558.25
2015-05-11 00:00:00,CTA(9,21),6366.5,6483.25,6235.528,6106.719,128.808976,0.603173,1.426695,0.963705,1.0,1.0,-22.0,-22.0,6483.25,8536.25
2015-05-12 00:00:00,CTA(9,21),6446.0,6562.75,6258.9138,6122.8752,136.038517,0.621632,1.46126,0.962725,1.0,1.0,79.5,79.5,6562.75,8615.75
2015-05-13 00:00:00,CTA(9,21),6410.5,6527.25,6275.7567,6136.5717,139.185016,0.632174,1.477097,0.961903,1.0,1.0,-35.5,-35.5,6527.25,8580.25
2015-05-14 00:00:00,CTA(9,21),6406.0,6522.75,6290.2282,6149.4016,140.826575,0.637969,1.481977,0.961603,1.0,1.0,-4.5,-4.5,6522.75,8575.75
2015-05-15 00:00:00,CTA(9,21),6415.0,6531.75,6304.0917,6162.0491,142.042569,0.633475,1.463483,0.962624,1.0,1.0,9.0,9.0,6531.75,8584.75
2015-05-18 00:00:00,CTA(9,21),6369.0,6485.75,6311.3037,6171.9039,139.399799,0.616804,1.418063,0.963773,1.0,1.0,-46.0,-46.0,6485.75,8538.75
2015-05-19 00:00:00,CTA(9,21),6217.0,6327.25,6300.8255,6174.0514,126.774175,0.564119,1.291954,0.956383,1.0,1.0,-158.5,-158.5,6327.25,8380.25
2015-05-20 00:00:00,CTA(9,21),6220.5,6329.25,6291.9005,6176.2632,115.637275,0.524009,1.196254,0.939858,1.0,1.0,2.0,2.0,6329.25,8382.25
2015-05-21 00:00:00,CTA(9,21),6254.5,6361.25,6287.7449,6179.9888,107.756104,0.49176,1.119729,0.91959,1.0,1.0,32.0,32.0,6361.25,8414.25
2015-05-22 00:00:00,CTA(9,21),6161.5,6270.25,6273.7177,6179.1083,94.609314,0.437209,0.993909,0.872372,1.0,1.0,-91.0,-91.0,6270.25,8323.25
2015-05-26 00:00:00,CTA(9,21),6107.0,6215.75,6255.1935,6175.6746,79.51886,0.375608,0.853331,0.799221,1.0,1.0,-54.5,-54.5,6215.75,8268.75
2015-05-27 00:00:00,CTA(9,21),6082.5,6191.25,6236.0053,6171.2377,64.767582,0.314356,0.714376,0.706526,1.0,1.0,-24.5,-24.5,6191.25,8244.25
2015-05-28 00:00:00,CTA(9,21),6095.5,6204.25,6220.3936,6167.6312,52.762439,0.259784,0.59085,0.608392,1.0,1.0,13.0,13.0,6204.25,8257.25
2015-05-29 00:00:00,CTA(9,21),6010.25,6119.0,6197.0443,6160.1368,36.907491,0.184386,0.419891,0.451444,1.0,1.0,-85.25,-85.25,6119.0,8172.0
2015-06-01 00:00:00,CTA(9,21),6021.5,6130.25,6177.5394,6153.5351,24.00432,0.120522,0.274944,0.303142,1.0,1.0,11.25,11.25,6130.25,8183.25
2015-06-02 00:00:00,CTA(9,21),6035.5,6144.25,6161.7572,6147.9144,13.842883,0.069849,0.159648,0.178241,1.0,1.0,14.0,14.0,6144.25,8197.25
2015-06-03 00:00:00,CTA(9,21),6006.5,6115.25,6144.5064,6141.1803,3.326095,0.016851,0.03858,0.043332,1.0,1.0,-29.0,-29.0,6115.25,8168.25
2015-06-04 00:00:00,CTA(9,21),5910.75,6019.5,6118.5335,6130.2075,-11.673969,-0.059509,-0.136447,-0.152599,-1.0,1.0,-95.75,-95.75,6019.5,8072.5
2015-06-05 00:00:00,CTA(9,21),5931.0,6039.75,6097.6964,6120.7214,-23.024955,-0.118025,-0.270882,-0.29883,-1.0,-1.0,20.25,-20.25,-6039.75,8052.25
2015-06-08 00:00:00,CTA(9,21),5941.75,6050.5,6080.3691,6112.199,-31.82989,-0.164292,-0.377287,-0.409097,-1.0,-1.0,10.75,-10.75,-6050.5,8041.5
2015-06-09 00:00:00,CTA(9,21),5960.25,6069.0,6067.0225,6104.9633,-37.940788,-0.199696,-0.458716,-0.488998,-1.0,-1.0,18.5,-18.5,-6069.0,8023.0
2015-06-10 00:00:00,CTA(9,21),6026.5,6135.25,6062.52,6101.2269,-38.706941,-0.205333,-0.471728,-0.50135,-1.0,-1.0,66.25,-66.25,-6135.25,7956.75
2015-06-11 00:00:00,CTA(9,21),5865.0,5973.75,6040.5733,6089.978,-49.404705,-0.264548,-0.607692,-0.622584,-1.0,-1.0,-161.5,161.5,-5973.75,8118.25
2015-06-12 00:00:00,CTA(9,21),5893.0,6001.75,6024.1763,6080.5981,-56.421836,-0.30751,-0.706177,-0.700453,-1.0,-1.0,28.0,-28.0,-6001.75,8090.25
2015-06-15 00:00:00,CTA(9,21),5784.0,5892.75,5997.49,6066.4744,-68.98437,-0.372066,-0.853956,-0.799593,-1.0,-1.0,-109.0,109.0,-5892.75,8199.25
2015-06-16 00:00:00,CTA(9,21),5737.5,5838.25,5968.6023,6050.809,-82.206705,-0.435144,-0.997857,-0.874117,-1.0,-1.0,-54.5,54.5,-5838.25,8253.75
2015-06-17 00:00:00,CTA(9,21),5738.0,5836.75,5942.9798,6035.9133,-92.933513,-0.484008,-1.10861,-0.916115,-1.0,-1.0,-1.5,1.5,-5836.75,8255.25
2015-06-18 00:00:00,CTA(9,21),5746.75,5846.75,5921.1765,6022.1436,-100.967141,-0.522125,-1.194198,-0.939396,-1.0,-1.0,10.0,-10.0,-5846.75,8245.25
2015-06-19 00:00:00,CTA(9,21),5651.5,5746.25,5891.2124,6004.4939,-113.281498,-0.581838,-1.328168,-0.960143,-1.0,-1.0,-100.5,100.5,-5746.25,8345.75
2015-06-22 00:00:00,CTA(9,21),5645.75,5740.5,5863.9388,5987.4109,-123.472057,-0.614889,-1.400511,-0.963689,-1.0,-1.0,-5.75,5.75,-5740.5,8351.5
2015-06-23 00:00:00,CTA(9,21),5771.25,5866.0,5853.6401,5977.1175,-123.47744,-0.603411,-1.37167,-0.962899,-1.0,-1.0,125.5,-125.5,-5866.0,8226.0
2015-06-24 00:00:00,CTA(9,21),5729.75,5824.5,5839.8745,5965.3381,-125.463597,-0.599999,-1.361612,-0.96243,-1.0,-1.0,-41.5,41.5,-5824.5,8267.5
2015-06-25 00:00:00,CTA(9,21),5759.5,5854.25,5830.944,5955.5363,-124.592283,-0.586652,-1.329769,-0.960278,-1.0,-1.0,29.75,-29.75,-5854.25,8237.75
2015-06-26 00:00:00,CTA(9,21),5747.5,5842.25,5821.6724,5945.6298,-123.957349,-0.574274,-1.300906,-0.957438,-1.0,-1.0,-12.0,12.0,-5842.25,8249.75
2015-06-29 00:00:00,CTA(9,21),5785.0,5879.75,5817.5977,5937.9808,-120.383027,-0.552537,-1.251992,-0.950658,-1.0,-1.0,37.5,-37.5,-5879.75,8212.25
2015-06-30 00:00:00,CTA(9,21),5757.25,5852.0,5810.8924,5929.3745,-118.482104,-0.53608,-1.215979,-0.944058,-1.0,-1.0,-27.75,27.75,-5852.0,8240.0
2015-07-01 00:00:00,CTA(9,21),5767.25,5862.0,5806.0433,5921.6543,-115.611047,-0.516823,-1.174922,-0.934845,-1.0,-1.0,10.0,-10.0,-5862.0,8230.0
2015-07-02 00:00:00,CTA(9,21),5781.0,5875.75,5803.2607,5914.9565,-111.695807,-0.49403,-1.127064,-0.921808,-1.0,-1.0,13.75,-13.75,-5875.75,8216.25
2015-07-03 00:00:00,CTA(9,21),5747.5,5842.25,5797.0651,5906.9824,-109.91732,-0.479986,-1.099915,-0.913304,-1.0,-1.0,-33.5,33.5,-5842.25,8249.75
2015-07-06 00:00:00,CTA(9,21),5579.5,5674.25,5772.8912,5891.388,-118.496816,-0.502081,-1.156173,-0.930034,-1.0,-1.0,-168.0,168.0,-5674.25,8417.75
2015-07-07 00:00:00,CTA(9,21),5332.0,5426.75,5723.9032,5864.7504,-140.8472,-0.55989,-1.295738,-0.956839,-1.0,-1.0,-247.5,247.5,-5426.75,8665.25
2015-07-08 00:00:00,CTA(9,21),5513.5,5608.25,5700.5251,5848.0242,-147.499127,-0.568723,-1.3232,-0.959707,-1.0,-1.0,181.5,-181.5,-5608.25,8483.75
2015-07-09 00:00:00,CTA(9,21),5617.5,5712.25,5691.3001,5837.0469,-145.746794,-0.552205,-1.292426,-0.956441,-1.0,-1.0,104.0,-104.0,-5712.25,8379.75
2015-07-10 00:00:00,CTA(9,21),5578.25,5673.0,5678.739,5824.7232,-145.984255,-0.542454,-1.277821,-0.954549,-1.0,-1.0,-39.25,39.25,-5673.0,8419.0
2015-07-13 00:00:00,CTA(9,21),5573.5,5668.25,5667.0458,5812.7602,-145.714464,-0.531334,-1.259875,-0.951919,-1.0,-1.0,-4.75,4.75,-5668.25,8423.75
2015-07-14 00:00:00,CTA(9,21),5556.0,5646.5,5654.7073,5800.5335,-145.826204,-0.521701,-1.245347,-0.949543,-1.0,-1.0,-21.75,21.75,-5646.5,8445.5
2015-07-15 00:00:00,CTA(9,21),5521.5,5612.0,5639.9065,5787.2462,-147.339708,-0.516235,-1.240289,-0.948664,-1.0,-1.0,-34.5,34.5,-5612.0,8480.0
2015-07-16 00:00:00,CTA(9,21),5549.75,5640.25,5629.8891,5775.9369,-146.047755,-0.50355,-1.217633,-0.944391,-1.0,-1.0,28.25,-28.25,-5640.25,8451.75
2015-07-17 00:00:00,CTA(9,21),5470.0,5554.0,5612.1237,5761.3685,-149.244791,-0.503723,-1.225044,-0.945849,-1.0,-1.0,-86.25,86.25,-5554.0,8538.0
2015-07-20 00:00:00,CTA(9,21),5468.75,5552.75,5596.1933,5747.4343,-151.240986,-0.499971,-1.222448,-0.945345,-1.0,-1.0,-1.25,1.25,-5552.75,8539.25
2015-07-21 00:00:00,CTA(9,21),5442.5,5526.5,5579.1162,5732.9136,-153.797337,-0.497578,-1.222768,-0.945407,-1.0,-1.0,-26.25,26.25,-5526.5,8565.5
2015-07-22 00:00:00,CTA(9,21),5350.0,5434.0,5553.6589,5714.6796,-161.020717,-0.506609,-1.250878,-0.950474,-1.0,-1.0,-92.5,92.5,-5434.0,8658.0
2015-07-23 00:00:00,CTA(9,21),5261.5,5345.5,5521.1968,5693.0996,-171.902834,-0.522821,-1.297496,-0.957046,-1.0,-1.0,-88.5,88.5,-5345.5,8746.5
2015-07-24 00:00:00,CTA(9,21),5253.0,5337.0,5491.3971,5672.1425,-180.745351,-0.53315,-1.329953,-0.960294,-1.0,-1.0,-8.5,8.5,-5337.0,8755.0
2015-07-27 00:00:00,CTA(9,21),5177.0,5261.0,5456.4641,5648.5643,-192.100153,-0.547935,-1.373835,-0.962987,-1.0,-1.0,-76.0,76.0,-5261.0,8831.0
2015-07-28 00:00:00,CTA(9,21),5289.0,5373.0,5437.857,5631.4422,-193.585169,-0.541599,-1.36479,-0.962589,-1.0,-1.0,112.0,-112.0,-5373.0,8719.0
2015-07-29 00:00:00,CTA(9,21),5319.0,5403.0,5424.6507,5616.564,-191.913304,-0.529339,-1.34109,-0.96116,-1.0,-1.0,30.0,-30.0,-5403.0,8689.0
2015-07-30 00:00:00,CTA(9,21),5253.5,5337.5,5405.6339,5599.2752,-193.641284,-0.530157,-1.350565,-0.961799,-1.0,-1.0,-65.5,65.5,-5337.5,8754.5
2015-07-31 00:00:00,CTA(9,21),5221.0,5305.0,5385.119,5581.2621,-196.143059,-0.535078,-1.370194,-0.962836,-1.0,-1.0,-32.5,32.5,-5305.0,8787.0
2015-08-03 00:00:00,CTA(9,21),5211.0,5295.0,5365.7725,5563.6306,-197.858091,-0.541861,-1.394844,-0.963598,-1.0,-1.0,-10.0,10.0,-5295.0,8797.0
2015-08-04 00:00:00,CTA(9,21),5230.25,5314.25,5350.7144,5547.7553,-197.040879,-0.540351,-1.397828,-0.96365,-1.0,-1.0,19.25,-19.25,-5314.25,8777.75
2015-08-05 00:00:00,CTA(9,21),5172.0,5256.0,5330.8573,5529.8622,-199.004928,-0.54615,-1.41846,-0.963771,-1.0,-1.0,-58.25,58.25,-5256.0,8836.0
2015-08-06 00:00:00,CTA(9,21),5178.0,5262.0,5313.8731,5513.1069,-199.233726,-0.548468,-1.429344,-0.96367,-1.0,-1.0,6.0,-6.0,-5262.0,8830.0
2015-08-07 00:00:00,CTA(9,21),5166.0,5250.0,5297.4428,5496.578,-199.135176,-0.550062,-1.437622,-0.963517,-1.0,-1.0,-12.0,12.0,-5250.0,8842.0
2015-08-10 00:00:00,CTA(9,21),5298.25,5382.25,5297.5325,5487.1338,-189.601297,-0.534997,-1.401825,-0.963705,-1.0,-1.0,132.25,-132.25,-5382.25,8709.75
2015-08-11 00:00:00,CTA(9,21),5111.75,5195.75,5276.89,5469.2584,-192.368376,-0.547946,-1.438564,-0.963496,-1.0,-1.0,-186.5,186.5,-5195.75,8896.25
2015-08-12 00:00:00,CTA(9,21),5177.75,5261.75,5265.8744,5455.377,-189.502579,-0.549295,-1.443766,-0.963362,-1.0,-1.0,66.0,-66.0,-5261.75,8830.25
2015-08-13 00:00:00,CTA(9,21),5178.0,5262.0,5256.1106,5442.1686,-186.057975,-0.551557,-1.450221,-0.96316,-1.0,-1.0,0.25,-0.25,-5262.0,8830.0
2015-08-14 00:00:00,CTA(9,21),5157.75,5241.75,5245.1816,5428.6248,-183.443189,-0.555099,-1.45948,-0.962803,-1.0,-1.0,-20.25,20.25,-5241.75,8850.25
2015-08-17 00:00:00,CTA(9,21),5107.25,5191.25,5229.8559,5413.3213,-183.465363,-0.558329,-1.467729,-0.962417,-1.0,-1.0,-50.5,50.5,-5191.25,8900.75
2015-08-18 00:00:00,CTA(9,21),5037.0,5116.5,5208.4275,5395.4012,-186.973737,-0.570956,-1.500197,-0.960292,-1.0,-1.0,-74.75,74.75,-5116.5,8975.5
2015-08-19 00:00:00,CTA(9,21),4998.5,5077.5,5185.1022,5376.5012,-191.398954,-0.58853,-1.545679,-0.955726,-1.0,-1.0,-39.0,39.0,-5077.5,9014.5
2015-08-20 00:00:00,CTA(9,21),5125.5,5203.5,5178.4797,5364.5487,-186.068984,-0.578724,-1.519623,-0.958566,-1.0,-1.0,126.0,-126.0,-5203.5,8888.5
2015-08-21 00:00:00,CTA(9,21),5063.25,5142.75,5165.6764,5350.2012,-184.52473,-0.576719,-1.514618,-0.959043,-1.0,-1.0,-60.75,60.75,-5142.75,8949.25
2015-08-24 00:00:00,CTA(9,21),4965.5,5045.0,5143.4346,5331.8821,-188.447452,-0.587508,-1.543495,-0.955987,-1.0,-1.0,-97.75,97.75,-5045.0,9047.0
2015-08-25 00:00:00,CTA(9,21),5092.0,5171.5,5137.7196,5320.4591,-182.739453,-0.576307,-1.514981,-0.959009,-1.0,-1.0,126.5,-126.5,-5171.5,8920.5
2015-08-26 00:00:00,CTA(9,21),4961.0,5040.5,5118.0841,5303.342,-185.257869,-0.582341,-1.531381,-0.957358,-1.0,-1.0,-131.0,131.0,-5040.5,9051.5
2015-08-27 00:00:00,CTA(9,21),5168.0,5247.5,5123.6303,5296.8971,-173.266804,-0.552576,-1.453943,-0.963026,-1.0,-1.0,207.0,-207.0,-5247.5,8844.5
2015-08-28 00:00:00,CTA(9,21),5147.0,5226.5,5126.227,5289.7592,-163.532216,-0.530502,-1.396702,-0.963631,-1.0,-1.0,-21.0,21.0,-5226.5,8865.5
2015-09-01 00:00:00,CTA(9,21),5084.75,5164.25,5121.6184,5279.9968,-158.378426,-0.520653,-1.371655,-0.962898,-1.0,-1.0,-62.25,62.25,-5164.25,8927.75
2015-09-02 00:00:00,CTA(9,21),5139.0,5218.5,5123.5497,5273.2827,-149.733003,-0.497376,-1.311067,-0.958535,-1.0,-1.0,54.25,-54.25,-5218.5,8873.5
2015-09-03 00:00:00,CTA(9,21),5265.5,5345.0,5139.322,5272.9121,-133.590143,-0.452479,-1.193512,-0.93924,-1.0,-1.0,126.5,-126.5,-5345.0,8747.0
2015-09-04 00:00:00,CTA(9,21),5134.25,5213.75,5138.7584,5266.3091,-127.550737,-0.439487,-1.160125,-0.931079,-1.0,-1.0,-131.25,131.25,-5213.75,8878.25
2015-09-07 00:00:00,CTA(9,21),5166.0,5245.5,5141.7853,5261.5325,-119.747267,-0.422383,-1.115978,-0.918433,-1.0,-1.0,31.75,-31.75,-5245.5,8846.5
2015-09-08 00:00:00,CTA(9,21),5365.5,5445.0,5166.6424,5266.4833,-99.840905,-0.366812,-0.969752,-0.861323,-1.0,-1.0,199.5,-199.5,-5445.0,8647.0
2015-09-09 00:00:00,CTA(9,21),5381.75,5461.25,5190.5433,5271.9722,-81.428954,-0.306728,-0.811247,-0.77323,-1.0,-1.0,16.25,-16.25,-5461.25,8630.75
2015-09-10 00:00:00,CTA(9,21),5417.0,5496.5,5215.7051,5278.8783,-63.17318,-0.245304,-0.648863,-0.656223,-1.0,-1.0,35.25,-35.25,-5496.5,8595.5
2015-09-11 00:00:00,CTA(9,21),5390.5,5470.0,5235.1268,5284.1936,-49.066847,-0.194473,-0.514326,-0.540913,-1.0,-1.0,-26.5,26.5,-5470.0,8622.0
2015-09-14 00:00:00,CTA(9,21),5330.5,5410.0,5245.7238,5286.3987,-40.674889,-0.163991,-0.433558,-0.464781,-1.0,-1.0,-60.0,60.0,-5410.0,8682.0
2015-09-15 00:00:00,CTA(9,21),5357.25,5442.5,5258.1156,5289.7726,-31.656962,-0.130027,-0.343588,-0.374827,-1.0,-1.0,32.5,-32.5,-5442.5,8649.5
2015-09-16 00:00:00,CTA(9,21),5389.0,5474.5,5272.6583,5294.4977,-21.839368,-0.091584,-0.241827,-0.267773,-1.0,-1.0,32.0,-32.0,-5474.5,8617.5
2015-09-17 00:00:00,CTA(9,21),5405.0,5489.0,5287.363,5299.7597,-12.396752,-0.052631,-0.13883,-0.15524,-1.0,-1.0,14.5,-14.5,-5489.0,8603.0
2015-09-18 00:00:00,CTA(9,21),5271.0,5361.5,5285.5448,5298.3902,-12.845348,-0.055195,-0.145454,-0.16257,-1.0,-1.0,-127.5,127.5,-5361.5,8730.5
2015-09-21 00:00:00,CTA(9,21),5283.0,5373.5,5285.2621,5297.6573,-12.395243,-0.054752,-0.144165,-0.161144,-1.0,-1.0,12.0,-12.0,-5373.5,8718.5
2015-09-22 00:00:00,CTA(9,21),5093.25,5183.75,5263.9274,5287.9236,-23.996237,-0.107693,-0.283473,-0.312175,-1.0,-1.0,-189.75,189.75,-5183.75,8908.25
2015-09-23 00:00:00,CTA(9,21),5072.0,5162.5,5242.6021,5277.6416,-35.039426,-0.160617,-0.422824,-0.454317,-1.0,-1.0,-21.25,21.25,-5162.5,8929.5
2015-09-24 00:00:00,CTA(9,21),5066.0,5156.5,5222.9797,5267.5634,-44.583716,-0.208986,-0.550412,-0.57333,-1.0,-1.0,-6.0,6.0,-5156.5,8935.5
2015-09-25 00:00:00,CTA(9,21),5040.5,5131.0,5202.7042,5256.7509,-54.046694,-0.261177,-0.688319,-0.687004,-1.0,-1.0,-25.5,25.5,-5131.0,8961.0
2015-09-28 00:00:00,CTA(9,21),4982.0,5072.5,5178.1815,5243.6675,-65.486004,-0.324209,-0.855013,-0.800222,-1.0,-1.0,-58.5,58.5,-5072.5,9019.5
2015-09-29 00:00:00,CTA(9,21),4988.25,5078.75,5157.078,5231.5047,-74.426765,-0.380543,-1.004353,-0.876951,-1.0,-1.0,6.25,-6.25,-5078.75,9013.25
2015-09-30 00:00:00,CTA(9,21),5179.0,5269.5,5159.5138,5229.0045,-69.490759,-0.376397,-0.994299,-0.872545,-1.0,-1.0,190.75,-190.75,-5269.5,8822.5
2015-10-01 00:00:00,CTA(9,21),5111.5,5202.0,5154.1789,5223.4091,-69.230168,-0.396299,-1.048046,-0.894814,-1.0,-1.0,-67.5,67.5,-5202.0,8890.0
2015-10-02 00:00:00,CTA(9,21),5114.25,5204.75,5149.7424,5218.211,-68.468661,-0.401949,-1.064254,-0.900909,-1.0,-1.0,2.75,-2.75,-5204.75,8887.25
2015-10-05 00:00:00,CTA(9,21),5191.5,5282.0,5154.3821,5216.9391,-62.55697,-0.36781,-0.974957,-0.863757,-1.0,-1.0,77.25,-77.25,-5282.0,8810.0
2015-10-06 00:00:00,CTA(9,21),5198.0,5288.5,5159.2285,5216.0372,-56.808675,-0.341127,-0.905255,-0.828717,-1.0,-1.0,6.5,-6.5,-5288.5,8803.5
2015-10-07 00:00:00,CTA(9,21),5200.5,5291.0,5163.8142,5215.2973,-51.483089,-0.323285,-0.858942,-0.802547,-1.0,-1.0,2.5,-2.5,-5291.0,8801.0
2015-10-08 00:00:00,CTA(9,21),5150.5,5241.0,5162.3349,5212.2117,-49.876863,-0.325707,-0.866229,-0.806816,-1.0,-1.0,-50.0,50.0,-5241.0,8851.0
2015-10-09 00:00:00,CTA(9,21),5313.25,5403.75,5179.1032,5217.0231,-37.919862,-0.25814,-0.687175,-0.686132,-1.0,-1.0,162.75,-162.75,-5403.75,8688.25
2015-10-12 00:00:00,CTA(9,21),5331.75,5422.25,5196.064,5222.4863,-26.422296,-0.18714,-0.498439,-0.526318,-1.0,-1.0,18.5,-18.5,-5422.25,8669.75
2015-10-13 00:00:00,CTA(9,21),5290.25,5380.75,5206.5291,5225.7131,-19.184027,-0.14106,-0.375729,-0.407528,-1.0,-1.0,-41.5,41.5,-5380.75,8711.25
2015-10-14 00:00:00,CTA(9,21),5319.5,5410.0,5219.0814,5230.1792,-11.097746,-0.085564,-0.227874,-0.252736,-1.0,-1.0,29.25,-29.25,-5410.0,8682.0
2015-10-15 00:00:00,CTA(9,21),5325.5,5416.0,5230.9057,5234.7183,-3.812546,-0.030207,-0.08042,-0.090214,-1.0,-1.0,6.0,-6.0,-5416.0,8676.0
2015-10-16 00:00:00,CTA(9,21),5304.25,5394.75,5239.0551,5238.0293,1.025784,0.008386,0.022313,0.025067,1.0,-1.0,-21.25,21.25,-5394.75,8697.25
2015-10-19 00:00:00,CTA(9,21),5208.5,5299.0,5235.6601,5236.6231,-0.963067,-0.008134,-0.021633,-0.024304,-1.0,1.0,-95.75,-95.75,5299.0,8601.5
2015-10-20 00:00:00,CTA(9,21),5209.25,5291.0,5232.7256,5235.3196,-2.594036,-0.022204,-0.059034,-0.066273,-1.0,-1.0,-8.0,8.0,-5291.0,8609.5
2015-10-21 00:00:00,CTA(9,21),5186.75,5267.25,5227.6172,5233.0068,-5.389597,-0.046249,-0.122937,-0.13761,-1.0,-1.0,-23.75,23.75,-5267.25,8633.25
2015-10-22 00:00:00,CTA(9,21),5246.5,5326.5,5229.7153,5233.6493,-3.934043,-0.033773,-0.089736,-0.100624,-1.0,-1.0,59.25,-59.25,-5326.5,8574.0
2015-10-23 00:00:00,CTA(9,21),5188.25,5273.25,5225.108,5231.4875,-6.379425,-0.054775,-0.145482,-0.162601,-1.0,-1.0,-53.25,53.25,-5273.25,8627.25
2015-10-26 00:00:00,CTA(9,21),5207.5,5292.5,5223.1516,5230.3452,-7.193613,-0.062087,-0.164821,-0.183939,-1.0,-1.0,19.25,-19.25,-5292.5,8608.0
2015-10-27 00:00:00,CTA(9,21),5236.0,5321.0,5224.5792,5230.6145,-6.035289,-0.052531,-0.139353,-0.155818,-1.0,-1.0,28.5,-28.5,-5321.0,8579.5
2015-10-28 00:00:00,CTA(9,21),5218.75,5303.75,5223.9315,5230.0495,-6.118002,-0.05335,-0.141419,-0.158105,-1.0,-1.0,-17.25,17.25,-5303.75,8596.75
2015-10-29 00:00:00,CTA(9,21),5147.0,5232.0,5215.3836,5226.0948,-10.711208,-0.093337,-0.247297,-0.273646,-1.0,-1.0,-71.75,71.75,-5232.0,8668.5
2015-10-30 00:00:00,CTA(9,21),5131.0,5216.0,5206.0076,5221.5664,-15.558837,-0.13532,-0.358431,-0.390002,-1.0,-1.0,-16.0,16.0,-5216.0,8684.5
2015-11-02 00:00:00,CTA(9,21),5142.75,5227.75,5198.979,5217.8133,-18.834296,-0.16376,-0.433694,-0.464913,-1.0,-1.0,11.75,-11.75,-5227.75,8672.75
2015-11-03 00:00:00,CTA(9,21),5144.5,5229.5,5192.9258,5214.3222,-21.396408,-0.18585,-0.492141,-0.520479,-1.0,-1.0,1.75,-1.75,-5229.5,8671.0
2015-11-04 00:00:00,CTA(9,21),5149.75,5234.75,5188.1285,5211.2473,-23.11885,-0.200646,-0.531276,-0.556269,-1.0,-1.0,5.25,-5.25,-5234.75,8665.75
2015-11-05 00:00:00,CTA(9,21),5024.5,5109.5,5169.9475,5202.3546,-32.407061,-0.276944,-0.73331,-0.720299,-1.0,-1.0,-125.25,125.25,-5109.5,8791.0
2015-11-06 00:00:00,CTA(9,21),4997.0,5082.0,5150.7311,5192.5758,-41.844662,-0.353187,-0.935166,-0.844398,-1.0,-1.0,-27.5,27.5,-5082.0,8818.5
2015-11-09 00:00:00,CTA(9,21),4975.25,5060.25,5131.2332,5182.2269,-50.993718,-0.421508,-1.115814,-0.918382,-1.0,-1.0,-21.75,21.75,-5060.25,8840.25
2015-11-10 00:00:00,CTA(9,21),4940.5,5025.5,5110.0406,5170.7161,-60.675492,-0.48681,-1.288029,-0.955894,-1.0,-1.0,-34.75,34.75,-5025.5,8875.0
2015-11-11 00:00:00,CTA(9,21),4957.5,5042.5,5093.0917,5160.563,-67.471303,-0.528749,-1.397969,-0.963652,-1.0,-1.0,17.0,-17.0,-5042.5,8858.0
2015-11-12 00:00:00,CTA(9,21),4836.5,4921.5,5064.5815,5145.1314,-80.54992,-0.599374,-1.582687,-0.950691,-1.0,-1.0,-121.0,121.0,-4921.5,8979.0
2015-11-13 00:00:00,CTA(9,21),4828.75,4913.75,5038.378,5130.0656,-91.687637,-0.651257,-1.716827,-0.923244,-1.0,-1.0,-7.75,7.75,-4913.75,8986.75
2015-11-16 00:00:00,CTA(9,21),4694.0,4779.0,5000.1138,5109.3006,-109.186829,-0.718901,-1.890805,-0.869142,-1.0,-1.0,-134.75,134.75,-4779.0,9121.5
2015-11-17 00:00:00,CTA(9,21),4697.0,4771.0,4966.4345,5089.6672,-123.232775,-0.763602,-2.002545,-0.825642,-1.0,-1.0,-8.0,8.0,-4771.0,9129.5
2015-11-18 00:00:00,CTA(9,21),4626.25,4699.75,4928.6362,5067.5998,-138.963562,-0.796763,-2.082629,-0.791226,-1.0,-1.0,-71.25,71.25,-4699.75,9200.75
2015-11-19 00:00:00,CTA(9,21),4646.5,4720.0,4897.2877,5047.5474,-150.259658,-0.811859,-2.114701,-0.776823,-1.0,-1.0,20.25,-20.25,-4720.0,9180.5
2015-11-20 00:00:00,CTA(9,21),4597.0,4678.0,4863.9224,5026.0927,-162.170324,-0.827055,-2.146575,-0.762206,-1.0,-1.0,-42.0,42.0,-4678.0,9222.5
2015-11-23 00:00:00,CTA(9,21),4508.5,4589.5,4824.431,5001.4455,-177.014431,-0.838304,-2.167709,-0.752363,-1.0,-1.0,-88.5,88.5,-4589.5,9311.0
2015-11-24 00:00:00,CTA(9,21),4624.5,4705.5,4802.2165,4983.4957,-181.279207,-0.826301,-2.12904,-0.770283,-1.0,-1.0,116.0,-116.0,-4705.5,9195.0
2015-11-25 00:00:00,CTA(9,21),4563.75,4644.75,4775.7202,4963.5078,-187.787592,-0.816303,-2.096112,-0.785211,-1.0,-1.0,-60.75,60.75,-4644.75,9255.75
2015-11-26 00:00:00,CTA(9,21),4654.0,4735.0,4762.1957,4948.7693,-186.573593,-0.787426,-2.016038,-0.820014,-1.0,-1.0,90.25,-90.25,-4735.0,9165.5
2015-11-27 00:00:00,CTA(9,21),4592.0,4673.0,4743.2851,4931.7803,-188.495215,-0.768107,-1.962334,-0.841962,-1.0,-1.0,-62.0,62.0,-4673.0,9227.5
2015-11-30 00:00:00,CTA(9,21),4602.25,4683.25,4727.6145,4916.0884,-188.473862,-0.745194,-1.900894,-0.865462,-1.0,-1.0,10.25,-10.25,-4683.25,9217.25
2015-12-01 00:00:00,CTA(9,21),4645.75,4726.75,4718.5185,4903.2151,-184.696665,-0.716707,-1.826934,-0.891144,-1.0,-1.0,43.5,-43.5,-4726.75,9173.75
2015-12-02 00:00:00,CTA(9,21),4571.5,4652.5,4702.1831,4887.4192,-185.236092,-0.698518,-1.780849,-0.905533,-1.0,-1.0,-74.25,74.25,-4652.5,9248.0
2015-12-03 00:00:00,CTA(9,21),4562.5,4643.5,4686.6627,4871.9468,-185.284093,-0.680581,-1.736219,-0.918172,-1.0,-1.0,-9.0,9.0,-4643.5,9257.0
2015-12-04 00:00:00,CTA(9,21),4611.5,4692.5,4678.3113,4859.5446,-181.233279,-0.659257,-1.683316,-0.931379,-1.0,-1.0,49.0,-49.0,-4692.5,9208.0
2015-12-07 00:00:00,CTA(9,21),4556.75,4637.75,4664.8045,4845.1258,-180.321302,-0.648382,-1.657641,-0.937054,-1.0,-1.0,-54.75,54.75,-4637.75,9262.75
2015-12-08 00:00:00,CTA(9,21),4591.75,4672.75,4656.6873,4833.0603,-176.372956,-0.63219,-1.618217,-0.944785,-1.0,-1.0,35.0,-35.0,-4672.75,9227.75
2015-12-09 00:00:00,CTA(9,21),4584.5,4665.5,4648.6665,4821.2241,-172.557567,-0.616224,-1.579588,-0.951156,-1.0,-1.0,-7.25,7.25,-4665.5,9235.0
2015-12-10 00:00:00,CTA(9,21),4590.0,4671.0,4642.148,4810.2134,-168.065399,-0.596803,-1.531953,-0.957296,-1.0,-1.0,5.5,-5.5,-4671.0,9229.5
2015-12-11 00:00:00,CTA(9,21),4701.0,4782.0,4648.6871,4805.0128,-156.325652,-0.558305,-1.435285,-0.963567,-1.0,-1.0,111.0,-111.0,-4782.0,9118.5
2015-12-14 00:00:00,CTA(9,21),4663.5,4744.5,4650.333,4798.2741,-147.941074,-0.532411,-1.371432,-0.962889,-1.0,-1.0,-37.5,37.5,-4744.5,9156.0
2015-12-15 00:00:00,CTA(9,21),4564.5,4640.0,4640.796,4787.142,-146.345976,-0.52869,-1.364995,-0.962599,-1.0,-1.0,-104.5,104.5,-4640.0,9260.5
2015-12-16 00:00:00,CTA(9,21),4612.0,4686.0,4637.5965,4778.8019,-141.205438,-0.509439,-1.318701,-0.95929,-1.0,-1.0,46.0,-46.0,-4686.0,9214.5
2015-12-17 00:00:00,CTA(9,21),4550.5,4624.5,4627.9191,4767.9304,-140.011303,-0.503327,-1.30646,-0.958051,-1.0,-1.0,-61.5,61.5,-4624.5,9276.0
2015-12-18 00:00:00,CTA(9,21),4690.0,4763.5,4634.8169,4764.2194,-129.402451,-0.463654,-1.206627,-0.942118,-1.0,-1.0,139.0,-139.0,-4763.5,9137.0
2015-12-21 00:00:00,CTA(9,21),4741.0,4814.5,4646.6151,4763.1137,-116.498649,-0.416883,-1.087809,-0.909252,-1.0,-1.0,51.0,-51.0,-4814.5,9086.0
2015-12-22 00:00:00,CTA(9,21),4665.0,4738.5,4648.6578,4758.4416,-109.783797,-0.391111,-1.023258,-0.884937,-1.0,-1.0,-76.0,76.0,-4738.5,9162.0
2015-12-23 00:00:00,CTA(9,21),4722.5,4796.0,4656.8625,4756.7301,-99.867606,-0.35504,-0.931382,-0.842467,-1.0,-1.0,57.5,-57.5,-4796.0,9104.5
2015-12-24 00:00:00,CTA(9,21),4697.0,4770.5,4661.3222,4753.8858,-92.563594,-0.327754,-0.862093,-0.804399,-1.0,-1.0,-25.5,25.5,-4770.5,9130.0
2015-12-29 00:00:00,CTA(9,21),4735.25,4808.75,4669.5364,4752.9984,-83.461978,-0.294879,-0.777507,-0.751068,-1.0,-1.0,38.25,-38.25,-4808.75,9091.75
2015-12-30 00:00:00,CTA(9,21),4742.75,4816.25,4677.6713,4752.5104,-74.839118,-0.265858,-0.702575,-0.697766,-1.0,-1.0,7.5,-7.5,-4816.25,9084.25
2015-12-31 00:00:00,CTA(9,21),4712.5,4786.0,4681.5411,4750.6051,-69.064003,-0.24573,-0.65081,-0.657775,-1.0,-1.0,-30.25,30.25,-4786.0,9114.5
2016-01-04 00:00:00,CTA(9,21),4617.25,4690.75,4674.3977,4744.2549,-69.857217,-0.248056,-0.658543,-0.663908,-1.0,-1.0,-95.25,95.25,-4690.75,9209.75
2016-01-05 00:00:00,CTA(9,21),4647.75,4721.25,4671.4368,4739.6594,-68.222599,-0.243396,-0.647781,-0.655358,-1.0,-1.0,30.5,-30.5,-4721.25,9179.25
2016-01-06 00:00:00,CTA(9,21),4622.5,4696.0,4665.9994,4734.0804,-68.081004,-0.244103,-0.651349,-0.658204,-1.0,-1.0,-25.25,25.25,-4696.0,9204.5
2016-01-07 00:00:00,CTA(9,21),4526.5,4600.0,4650.4995,4724.1956,-73.696156,-0.264424,-0.707446,-0.701398,-1.0,-1.0,-96.0,96.0,-4600.0,9300.5
2016-01-08 00:00:00,CTA(9,21),4485.5,4559.0,4632.1662,4712.8292,-80.662972,-0.288238,-0.773253,-0.748193,-1.0,-1.0,-41.0,41.0,-4559.0,9341.5
2016-01-11 00:00:00,CTA(9,21),4381.25,4454.75,4604.2866,4697.0397,-92.753065,-0.332215,-0.893703,-0.822403,-1.0,-1.0,-104.25,104.25,-4454.75,9445.75
2016-01-12 00:00:00,CTA(9,21),4344.5,4418.0,4575.4214,4680.2521,-104.83064,-0.376881,-1.016962,-0.882321,-1.0,-1.0,-36.75,36.75,-4418.0,9482.5
2016-01-13 00:00:00,CTA(9,21),4388.25,4461.75,4554.6246,4666.3472,-111.722606,-0.40428,-1.094924,-0.911653,-1.0,-1.0,43.75,-43.75,-4461.75,9438.75
2016-01-14 00:00:00,CTA(9,21),4418.5,4492.0,4539.4997,4654.545,-115.045314,-0.422658,-1.149198,-0.928146,-1.0,-1.0,30.25,-30.25,-4492.0,9408.5
2016-01-15 00:00:00,CTA(9,21),4327.5,4401.0,4515.9441,4638.9714,-123.027261,-0.457075,-1.247428,-0.949897,-1.0,-1.0,-91.0,91.0,-4401.0,9499.5
2016-01-18 00:00:00,CTA(9,21),4378.0,4451.5,4500.617,4626.5442,-125.927178,-0.475854,-1.30341,-0.957718,-1.0,-1.0,50.5,-50.5,-4451.5,9449.0
2016-01-19 00:00:00,CTA(9,21),4409.75,4483.25,4490.5207,4616.2207,-125.699979,-0.480561,-1.320889,-0.959495,-1.0,-1.0,31.75,-31.75,-4483.25,9417.25
2016-01-20 00:00:00,CTA(9,21),4360.5,4434.25,4476.0739,4604.0435,-127.969547,-0.494349,-1.363,-0.962501,-1.0,-1.0,-49.0,49.0,-4434.25,9466.25
2016-01-21 00:00:00,CTA(9,21),4436.0,4508.25,4471.6213,4596.0414,-124.420136,-0.488705,-1.351487,-0.961857,-1.0,-1.0,74.0,-74.0,-4508.25,9392.25
2016-01-22 00:00:00,CTA(9,21),4452.0,4526.75,4469.4411,4589.1823,-119.741163,-0.483986,-1.342586,-0.961267,-1.0,-1.0,18.5,-18.5,-4526.75,9373.75
2016-01-25 00:00:00,CTA(9,21),4422.25,4497.0,4464.1977,4581.2331,-117.035465,-0.483827,-1.346129,-0.961511,-1.0,-1.0,-29.75,29.75,-4497.0,9403.5
2016-01-26 00:00:00,CTA(9,21),4546.75,4621.5,4473.3702,4579.5911,-106.22093,-0.45536,-1.271017,-0.953592,-1.0,-1.0,124.5,-124.5,-4621.5,9279.0
2016-01-27 00:00:00,CTA(9,21),4597.75,4672.5,4487.1901,4580.4558,-93.265657,-0.419522,-1.174919,-0.934844,-1.0,-1.0,51.0,-51.0,-4672.5,9228.0
2016-01-28 00:00:00,CTA(9,21),4537.75,4612.5,4492.8079,4578.4222,-85.614285,-0.404863,-1.137782,-0.924944,-1.0,-1.0,-60.0,60.0,-4612.5,9288.0
2016-01-29 00:00:00,CTA(9,21),4569.0,4643.75,4501.2737,4577.9735,-76.699821,-0.37919,-1.069173,-0.902702,-1.0,-1.0,31.25,-31.25,-4643.75,9256.75
2016-02-01 00:00:00,CTA(9,21),4569.0,4643.75,4508.7988,4577.5462,-68.747365,-0.35645,-1.008228,-0.87862,-1.0,-1.0,0.0,-0.0,-4643.75,9256.75
2016-02-02 00:00:00,CTA(9,21),4556.5,4631.25,4514.099,4576.544,-62.445036,-0.342944,-0.972608,-0.862662,-1.0,-1.0,-12.5,12.5,-4631.25,9269.25
2016-02-03 00:00:00,CTA(9,21),4641.0,4715.75,4528.1991,4579.6133,-51.414254,-0.302739,-0.860524,-0.803478,-1.0,-1.0,84.5,-84.5,-4715.75,9184.75
2016-02-04 00:00:00,CTA(9,21),4693.75,4768.5,4546.5936,4585.0484,-38.454787,-0.246193,-0.701102,-0.696663,-1.0,-1.0,52.75,-52.75,-4768.5,9132.0
2016-02-05 00:00:00,CTA(9,21),4635.25,4710.0,4556.4443,4587.439,-30.99463,-0.210535,-0.600513,-0.616566,-1.0,-1.0,-58.5,58.5,-4710.0,9190.5
2016-02-08 00:00:00,CTA(9,21),4615.75,4690.5,4563.0339,4588.7871,-25.753256,-0.185768,-0.530576,-0.555639,-1.0,-1.0,-19.5,19.5,-4690.5,9210.0
2016-02-09 00:00:00,CTA(9,21),4516.25,4591.0,4557.8356,4585.333,-27.497314,-0.21051,-0.602003,-0.617818,-1.0,-1.0,-99.5,99.5,-4591.0,9309.5
2016-02-10 00:00:00,CTA(9,21),4452.0,4526.75,4546.0761,4578.9838,-32.907642,-0.26493,-0.758527,-0.738094,-1.0,-1.0,-64.25,64.25,-4526.75,9373.75
2016-02-11 00:00:00,CTA(9,21),4454.5,4529.25,4535.901,4573.056,-37.154969,-0.320243,-0.91768,-0.835348,-1.0,-1.0,2.5,-2.5,-4529.25,9371.25
2016-02-12 00:00:00,CTA(9,21),4507.0,4581.75,4532.6898,4569.9105,-37.220669,-0.33337,-0.955884,-0.854692,-1.0,-1.0,52.5,-52.5,-4581.75,9318.75
2016-02-15 00:00:00,CTA(9,21),4572.5,4647.25,4537.1131,4570.0338,-32.920623,-0.308133,-0.883967,-0.816971,-1.0,-1.0,65.5,-65.5,-4647.25,9253.25
2016-02-16 00:00:00,CTA(9,21),4562.0,4638.75,4539.8783,4569.6512,-29.772856,-0.281714,-0.808574,-0.771517,-1.0,-1.0,-8.5,8.5,-4638.75,9261.75
2016-02-17 00:00:00,CTA(9,21),4593.5,4670.75,4545.8363,4570.7869,-24.950552,-0.23884,-0.685777,-0.685065,-1.0,-1.0,32.0,-32.0,-4670.75,9229.75
2016-02-18 00:00:00,CTA(9,21),4580.75,4657.5,4549.7156,4571.2613,-21.545688,-0.20675,-0.593787,-0.610885,-1.0,-1.0,-13.25,13.25,-4657.5,9243.0
2016-02-19 00:00:00,CTA(9,21),4627.75,4707.5,4558.3861,4573.9512,-15.565138,-0.149655,-0.429842,-0.461167,-1.0,-1.0,50.0,-50.0,-4707.5,9193.0
2016-02-22 00:00:00,CTA(9,21),4702.0,4781.75,4574.3432,4580.0488,-5.705598,-0.054167,-0.155518,-0.173686,-1.0,-1.0,74.25,-74.25,-4781.75,9118.75
2016-02-23 00:00:00,CTA(9,21),4651.75,4731.5,4582.944,4583.4631,-0.519185,-0.004918,-0.014109,-0.015852,-1.0,-1.0,-50.25,50.25,-4731.5,9169.0
2016-02-24 00:00:00,CTA(9,21),4650.5,4730.25,4590.4502,4586.6554,3.794811,0.035857,0.102741,0.115135,1.0,-1.0,-1.25,1.25,-4730.25,9170.25
2016-02-25 00:00:00,CTA(9,21),4610.75,4690.5,4592.7057,4587.8027,4.902983,0.046279,0.132422,0.148138,1.0,1.0,-39.75,-39.75,4690.5,9130.5
2016-02-26 00:00:00,CTA(9,21),4716.25,4796.0,4606.4329,4593.9193,12.513589,0.116939,0.333912,0.364869,1.0,1.0,105.5,105.5,4796.0,9236.0
2016-02-29 00:00:00,CTA(9,21),4705.5,4785.25,4617.4403,4599.2326,18.207681,0.168144,0.478841,0.50805,1.0,1.0,-10.75,-10.75,4785.25,9225.25
2016-03-01 00:00:00,CTA(9,21),4727.0,4806.75,4629.6136,4605.3168,24.296819,0.221024,0.627323,0.638813,1.0,1.0,21.5,21.5,4806.75,9246.75
2016-03-02 00:00:00,CTA(9,21),4798.5,4878.25,4648.3788,4614.516,33.862773,0.299358,0.845833,0.794726,1.0,1.0,71.5,71.5,4878.25,9318.25
2016-03-03 00:00:00,CTA(9,21),4864.0,4943.75,4672.3367,4626.3962,45.940497,0.387119,1.087258,0.909064,1.0,1.0,65.5,65.5,4943.75,9383.75
2016-03-04 00:00:00,CTA(9,21),5036.75,5116.5,4712.8271,4645.9368,66.890207,0.508112,1.415073,0.963779,1.0,1.0,172.75,172.75,5116.5,9556.5
2016-03-07 00:00:00,CTA(9,21),5006.75,5086.5,4745.4852,4663.1184,82.366734,0.581409,1.603226,0.947402,1.0,1.0,-30.0,-30.0,5086.5,9526.5
2016-03-08 00:00:00,CTA(9,21),4876.25,4956.0,4760.0146,4673.2675,86.747038,0.594788,1.623815,0.943762,1.0,1.0,-130.5,-130.5,4956.0,9396.0
2016-03-09 00:00:00,CTA(9,21),4944.0,5023.75,4780.4574,4686.1596,94.297841,0.620187,1.675695,0.933115,1.0,1.0,67.75,67.75,5023.75,9463.75
2016-03-10 00:00:00,CTA(9,21),4900.5,4980.25,4793.7955,4696.3663,97.429219,0.622921,1.666146,0.935229,1.0,1.0,-43.5,-43.5,4980.25,9420.25
2016-03-11 00:00:00,CTA(9,21),4986.0,5065.75,4815.1515,4710.1583,104.993194,0.643062,1.702427,0.926839,1.0,1.0,85.5,85.5,5065.75,9505.75
2016-03-14 00:00:00,CTA(9,21),4971.5,5051.25,4832.5236,4722.6032,109.920405,0.650759,1.705393,0.92611,1.0,1.0,-14.5,-14.5,5051.25,9491.25
2016-03-15 00:00:00,CTA(9,21),4960.5,5049.25,4846.7432,4733.9316,112.811587,0.64795,1.6814,0.93182,1.0,1.0,-2.0,-2.0,5049.25,9489.25
2016-03-16 00:00:00,CTA(9,21),4948.0,5036.75,4857.9939,4744.1253,113.868611,0.637973,1.639952,0.940673,1.0,1.0,-12.5,-12.5,5036.75,9476.75
2016-03-17 00:00:00,CTA(9,21),5086.0,5172.75,4883.3279,4760.4051,122.922871,0.656305,1.671011,0.934161,1.0,1.0,136.0,136.0,5172.75,9612.75
2016-03-18 00:00:00,CTA(9,21),5059.5,5154.25,4902.9026,4774.6477,128.254928,0.660637,1.666626,0.935125,1.0,1.0,-18.5,-18.5,5154.25,9594.25
2016-03-21 00:00:00,CTA(9,21),5079.0,5173.75,4922.469,4789.1407,133.328336,0.661758,1.655113,0.937586,1.0,1.0,19.5,19.5,5173.75,9613.75
2016-03-22 00:00:00,CTA(9,21),5081.5,5176.25,4940.1391,4803.0625,137.076574,0.658264,1.633488,0.941935,1.0,1.0,2.5,2.5,5176.25,9616.25
2016-03-23 00:00:00,CTA(9,21),4966.5,5061.25,4943.0681,4810.8453,132.222826,0.624421,1.539442,0.95646,1.0,1.0,-115.0,-115.0,5061.25,9501.25
2016-03-24 00:00:00,CTA(9,21),4970.0,5064.75,4946.0605,4818.4241,127.636463,0.593439,1.455489,0.962967,1.0,1.0,3.5,3.5,5064.75,9504.75
2016-03-29 00:00:00,CTA(9,21),4912.5,5007.25,4942.3316,4822.9039,119.427709,0.549819,1.343056,0.9613,1.0,1.0,-57.5,-57.5,5007.25,9447.25
2016-03-30 00:00:00,CTA(9,21),4898.0,4992.75,4937.4059,4826.4799,110.925971,0.506704,1.234158,0.947561,1.0,1.0,-14.5,-14.5,4992.75,9432.75
2016-03-31 00:00:00,CTA(9,21),4872.5,4967.25,4930.1941,4828.6713,101.522776,0.461136,1.121001,0.919978,1.0,1.0,-25.5,-25.5,4967.25,9407.25
2016-04-01 00:00:00,CTA(9,21),4855.25,4950.0,4921.867,4829.937,91.930003,0.41551,1.009018,0.878958,1.0,1.0,-17.25,-17.25,4950.0,9390.0
2016-04-04 00:00:00,CTA(9,21),4777.25,4872.0,4905.7984,4827.4281,78.370354,0.353938,0.859193,0.802695,1.0,1.0,-78.0,-78.0,4872.0,9312.0
2016-04-05 00:00:00,CTA(9,21),4791.75,4886.5,4893.1264,4825.7291,67.397263,0.303872,0.737983,0.723644,1.0,1.0,14.5,14.5,4886.5,9326.5
2016-04-06 00:00:00,CTA(9,21),4804.5,4899.25,4883.279,4824.7182,58.560798,0.263614,0.640732,0.6497,1.0,1.0,12.75,12.75,4899.25,9339.25
2016-04-07 00:00:00,CTA(9,21),4665.5,4760.25,4859.0813,4817.1364,41.944951,0.189625,0.461543,0.491692,1.0,1.0,-139.0,-139.0,4760.25,9200.25
2016-04-08 00:00:00,CTA(9,21),4664.75,4759.5,4837.489,4809.8799,27.609075,0.125686,0.306519,0.336408,1.0,1.0,-0.75,-0.75,4759.5,9199.5
2016-04-11 00:00:00,CTA(9,21),4679.5,4774.25,4819.9346,4803.6713,16.263312,0.075289,0.183996,0.204994,1.0,1.0,14.75,14.75,4774.25,9214.25
2016-04-12 00:00:00,CTA(9,21),4788.5,4883.25,4816.4419,4802.9489,13.493019,0.063802,0.156199,0.174437,1.0,1.0,109.0,109.0,4883.25,9323.25
2016-04-13 00:00:00,CTA(9,21),4849.0,4943.75,4820.0595,4805.1418,14.917676,0.071621,0.17559,0.195777,1.0,1.0,60.5,60.5,4943.75,9383.75
2016-04-14 00:00:00,CTA(9,21),4848.75,4943.5,4823.2473,4807.2184,16.028932,0.077991,0.191486,0.21319,1.0,1.0,-0.25,-0.25,4943.5,9383.5
2016-04-15 00:00:00,CTA(9,21),4828.5,4923.25,4823.8309,4808.2318,15.599154,0.078102,0.192053,0.21381,1.0,1.0,-20.25,-20.25,4923.25,9363.25
2016-04-18 00:00:00,CTA(9,21),4850.0,4944.75,4826.7386,4810.2207,16.517866,0.084615,0.208326,0.231548,1.0,1.0,21.5,21.5,4944.75,9384.75
2016-04-19 00:00:00,CTA(9,21),4945.25,5047.75,4839.9065,4816.6507,23.255833,0.120829,0.297677,0.32714,1.0,1.0,103.0,103.0,5047.75,9487.75
2016-04-20 00:00:00,CTA(9,21),4990.5,5092.75,4856.6391,4824.9292,31.709902,0.168147,0.414183,0.445838,1.0,1.0,45.0,45.0,5092.75,9532.75
2016-04-21 00:00:00,CTA(9,21),5009.75,5110.75,4873.6515,4833.7302,39.921231,0.213644,0.525832,0.551361,1.0,1.0,18.0,18.0,5110.75,9550.75
2016-04-22 00:00:00,CTA(9,21),5045.25,5153.0,4892.718,4843.8026,48.915365,0.263117,0.646784,0.654561,1.0,1.0,42.25,42.25,5153.0,9593.0
2016-04-25 00:00:00,CTA(9,21),5008.25,5116.0,4905.5549,4851.6334,53.921429,0.295029,0.724172,0.713696,1.0,1.0,-37.0,-37.0,5116.0,9556.0
2016-04-26 00:00:00,CTA(9,21),4974.0,5081.75,4913.1599,4857.4604,55.699465,0.306289,0.750878,0.732763,1.0,1.0,-34.25,-34.25,5081.75,9521.75
2016-04-27 00:00:00,CTA(9,21),4915.5,5023.25,4913.4199,4860.2242,53.195689,0.294067,0.720426,0.710965,1.0,1.0,-58.5,-58.5,5023.25,9463.25
2016-04-28 00:00:00,CTA(9,21),4957.25,5065.0,4918.2899,4864.8445,53.445425,0.298475,0.731554,0.719036,1.0,1.0,41.75,41.75,5065.0,9505.0
2016-04-29 00:00:00,CTA(9,21),5064.0,5171.75,4934.4799,4874.3281,60.15184,0.334852,0.821766,0.779899,1.0,1.0,106.75,106.75,5171.75,9611.75
2016-05-03 00:00:00,CTA(9,21),4929.25,5037.0,4933.8988,4876.9434,56.955409,0.320613,0.789118,0.758826,1.0,1.0,-134.75,-134.75,5037.0,9477.0
2016-05-04 00:00:00,CTA(9,21),4877.5,4985.25,4927.6323,4876.9699,50.662369,0.289925,0.716418,0.708028,1.0,1.0,-51.75,-51.75,4985.25,9425.25
2016-05-05 00:00:00,CTA(9,21),4799.25,4907.0,4913.3676,4873.269,40.09862,0.231403,0.574773,0.594617,1.0,1.0,-78.25,-78.25,4907.0,9347.0
2016-05-06 00:00:00,CTA(9,21),4823.0,4930.75,4903.3267,4870.8752,32.451538,0.188104,0.470019,0.499735,1.0,1.0,23.75,23.75,4930.75,9370.75
2016-05-09 00:00:00,CTA(9,21),4697.5,4805.25,4880.4571,4862.6192,17.837862,0.103948,0.261548,0.288891,1.0,1.0,-125.5,-125.5,4805.25,9245.25
2016-05-10 00:00:00,CTA(9,21),4691.25,4799.0,4859.4341,4854.4588,4.975291,0.0292,0.07406,0.083099,1.0,1.0,-6.25,-6.25,4799.0,9239.0
2016-05-11 00:00:00,CTA(9,21),4719.75,4827.5,4843.9136,4848.0441,-4.130459,-0.024835,-0.063536,-0.071317,-1.0,1.0,28.5,28.5,4827.5,9267.5
2016-05-12 00:00:00,CTA(9,21),4628.0,4735.75,4819.9232,4837.5658,-17.642572,-0.109379,-0.282449,-0.311092,-1.0,-1.0,-91.75,91.75,-4735.75,9359.25
2016-05-13 00:00:00,CTA(9,21),4636.5,4744.25,4799.5429,4827.9912,-28.448369,-0.182378,-0.475487,-0.504895,-1.0,-1.0,8.5,-8.5,-4744.25,9350.75
2016-05-16 00:00:00,CTA(9,21),4649.5,4757.25,4782.8714,4819.4917,-36.620216,-0.240679,-0.633452,-0.643809,-1.0,-1.0,13.0,-13.0,-4757.25,9337.75
2016-05-17 00:00:00,CTA(9,21),4659.5,4768.0,4769.1635,4811.873,-42.709504,-0.284535,-0.755254,-0.73582,-1.0,-1.0,10.75,-10.75,-4768.0,9327.0
2016-05-18 00:00:00,CTA(9,21),4619.25,4726.25,4752.5064,4802.7005,-50.194036,-0.337842,-0.903671,-0.82786,-1.0,-1.0,-41.75,41.75,-4726.25,9368.75
2016-05-19 00:00:00,CTA(9,21),4587.75,4694.25,4734.2002,4792.4647,-58.26457,-0.391755,-1.055236,-0.897554,-1.0,-1.0,-32.0,32.0,-4694.25,9400.75
2016-05-20 00:00:00,CTA(9,21),4584.0,4694.0,4717.5113,4782.5379,-65.026586,-0.437486,-1.18531,-0.937347,-1.0,-1.0,-0.25,0.25,-4694.0,9401.0
2016-05-23 00:00:00,CTA(9,21),4568.5,4678.5,4700.9545,4772.3456,-71.391115,-0.475398,-1.293929,-0.956623,-1.0,-1.0,-15.5,15.5,-4678.5,9416.5
2016-05-24 00:00:00,CTA(9,21),4610.0,4720.0,4690.8484,4764.6148,-73.766424,-0.485473,-1.326072,-0.959962,-1.0,-1.0,41.5,-41.5,-4720.0,9375.0
2016-05-25 00:00:00,CTA(9,21),4662.25,4772.25,4687.6708,4759.7403,-72.069509,-0.47493,-1.301016,-0.95745,-1.0,-1.0,52.25,-52.25,-4772.25,9322.75
2016-05-26 00:00:00,CTA(9,21),4669.25,4779.25,4685.6241,4755.4313,-69.807203,-0.461092,-1.265639,-0.952801,-1.0,-1.0,7.0,-7.0,-4779.25,9315.75
2016-05-27 00:00:00,CTA(9,21),4704.5,4814.5,4687.7214,4753.006,-65.284578,-0.436423,-1.199658,-0.940612,-1.0,-1.0,35.25,-35.25,-4814.5,9280.5
2016-05-31 00:00:00,CTA(9,21),4680.25,4790.25,4686.8912,4749.5414,-62.650161,-0.417304,-1.148326,-0.927907,-1.0,-1.0,-24.25,24.25,-4790.25,9304.75
2016-06-01 00:00:00,CTA(9,21),4625.0,4735.0,4680.0144,4743.6108,-63.596422,-0.419481,-1.155029,-0.929728,-1.0,-1.0,-55.25,55.25,-4735.0,9360.0
2016-06-02 00:00:00,CTA(9,21),4614.0,4724.0,4672.6795,4737.4389,-64.759413,-0.421677,-1.161193,-0.931359,-1.0,-1.0,-11.0,11.0,-4724.0,9371.0
2016-06-03 00:00:00,CTA(9,21),4694.0,4804.0,4675.0484,4735.3704,-60.321948,-0.390355,-1.074911,-0.904759,-1.0,-1.0,80.0,-80.0,-4804.0,9291.0
2016-06-06 00:00:00,CTA(9,21),4687.5,4797.5,4676.4319,4733.0908,-56.658899,-0.364245,-1.002937,-0.876337,-1.0,-1.0,-6.5,6.5,-4797.5,9297.5
2016-06-07 00:00:00,CTA(9,21),4564.0,4674.0,4663.9395,4725.0389,-61.099392,-0.389635,-1.072591,-0.903931,-1.0,-1.0,-123.5,123.5,-4674.0,9421.0
2016-06-08 00:00:00,CTA(9,21),4570.25,4680.25,4653.5296,4717.668,-64.138437,-0.405493,-1.115895,-0.918407,-1.0,-1.0,6.25,-6.25,-4680.25,9414.75
2016-06-09 00:00:00,CTA(9,21),4502.0,4612.0,4636.6929,4707.3981,-70.70515,-0.434266,-1.194494,-0.939462,-1.0,-1.0,-68.25,68.25,-4612.0,9483.0
2016-06-10 00:00:00,CTA(9,21),4496.5,4606.5,4621.1159,4697.3553,-76.239377,-0.457691,-1.2582,-0.951657,-1.0,-1.0,-5.5,5.5,-4606.5,9488.5
2016-06-13 00:00:00,CTA(9,21),4540.5,4650.5,4612.1586,4689.886,-77.727403,-0.459087,-1.261506,-0.952172,-1.0,-1.0,44.0,-44.0,-4650.5,9444.5
2016-06-14 00:00:00,CTA(9,21),4504.75,4609.5,4600.2243,4681.07,-80.845693,-0.471472,-1.295261,-0.956782,-1.0,-1.0,-41.0,41.0,-4609.5,9485.5
2016-06-15 00:00:00,CTA(9,21),4635.25,4739.25,4604.1161,4678.8881,-74.772046,-0.437421,-1.202058,-0.941137,-1.0,-1.0,129.75,-129.75,-4739.25,9355.75
2016-06-16 00:00:00,CTA(9,21),4534.5,4637.5,4596.381,4672.0125,-75.63154,-0.439067,-1.20726,-0.942252,-1.0,-1.0,-101.75,101.75,-4637.5,9457.5
2016-06-17 00:00:00,CTA(9,21),4550.5,4651.0,4591.2831,4666.2262,-74.943115,-0.432775,-1.191313,-0.93874,-1.0,-1.0,13.5,-13.5,-4651.0,9444.0
2016-06-20 00:00:00,CTA(9,21),4642.75,4743.25,4597.0016,4665.1083,-68.106653,-0.40274,-1.110446,-0.916698,-1.0,-1.0,92.25,-92.25,-4743.25,9351.75
2016-06-21 00:00:00,CTA(9,21),4667.25,4767.75,4604.807,4665.2103,-60.403264,-0.3656,-1.009727,-0.879261,-1.0,-1.0,24.5,-24.5,-4767.75,9327.25
2016-06-22 00:00:00,CTA(9,21),4700.0,4800.5,4615.384,4666.8669,-51.482918,-0.321484,-0.889458,-0.820048,-1.0,-1.0,32.75,-32.75,-4800.5,9294.5
2016-06-23 00:00:00,CTA(9,21),4781.0,4881.5,4633.7858,4672.3018,-38.516048,-0.24925,-0.690792,-0.688885,-1.0,-1.0,81.0,-81.0,-4881.5,9213.5
2016-06-24 00:00:00,CTA(9,21),4695.5,4796.0,4640.6429,4673.4065,-32.763587,-0.215463,-0.598107,-0.614538,-1.0,-1.0,-85.5,85.5,-4796.0,9299.0
2016-06-27 00:00:00,CTA(9,21),4704.75,4805.25,4647.7659,4674.899,-27.133125,-0.181731,-0.505155,-0.532511,-1.0,-1.0,9.25,-9.25,-4805.25,9289.75
2016-06-28 00:00:00,CTA(9,21),4814.25,4914.75,4666.2641,4681.5348,-15.270653,-0.103208,-0.287165,-0.316074,-1.0,-1.0,109.5,-109.5,-4914.75,9180.25
2016-06-29 00:00:00,CTA(9,21),4834.25,4934.75,4684.9292,4688.807,-3.877711,-0.026369,-0.0734,-0.082361,-1.0,-1.0,20.0,-20.0,-4934.75,9160.25
2016-06-30 00:00:00,CTA(9,21),4841.75,4942.25,4702.3538,4696.09,6.263815,0.042715,0.118865,0.133085,1.0,-1.0,7.5,-7.5,-4942.25,9152.75
2016-07-01 00:00:00,CTA(9,21),4903.5,5004.0,4724.7034,4705.9666,18.736728,0.127111,0.353296,0.384766,1.0,1.0,61.75,61.75,5004.0,9214.5
2016-07-04 00:00:00,CTA(9,21),4883.25,4983.75,4742.3196,4714.4087,27.910956,0.187971,0.521557,0.547491,1.0,1.0,-20.25,-20.25,4983.75,9194.25
2016-07-05 00:00:00,CTA(9,21),4802.75,4903.25,4749.0341,4718.6154,30.418711,0.204762,0.567382,0.588211,1.0,1.0,-80.5,-80.5,4903.25,9113.75
2016-07-06 00:00:00,CTA(9,21),4736.0,4836.5,4747.5859,4719.4433,28.142637,0.189755,0.525283,0.550865,1.0,1.0,-66.75,-66.75,4836.5,9047.0
2016-07-07 00:00:00,CTA(9,21),4673.5,4774.0,4739.3541,4717.2555,22.098645,0.149062,0.412392,0.444074,1.0,1.0,-62.5,-62.5,4774.0,8984.5
2016-07-08 00:00:00,CTA(9,21),4697.75,4798.25,4734.7314,4716.3267,18.404797,0.124313,0.343804,0.375048,1.0,1.0,24.25,24.25,4798.25,9008.75
2016-07-11 00:00:00,CTA(9,21),4732.0,4832.5,4734.428,4717.073,17.354953,0.117367,0.324486,0.355119,1.0,1.0,34.25,34.25,4832.5,9043.0
2016-07-12 00:00:00,CTA(9,21),4851.0,4951.5,4747.3804,4723.4505,23.929926,0.16123,0.445376,0.476212,1.0,1.0,119.0,119.0,4951.5,9162.0
2016-07-13 00:00:00,CTA(9,21),4919.75,5020.25,4766.5326,4732.7981,33.734507,0.225604,0.622179,0.634593,1.0,1.0,68.75,68.75,5020.25,9230.75
2016-07-14 00:00:00,CTA(9,21),4922.5,5023.0,4783.8623,4741.8315,42.030795,0.278946,0.767416,0.744216,1.0,1.0,2.75,2.75,5023.0,9233.5
2016-07-15 00:00:00,CTA(9,21),4900.0,5000.5,4796.7665,4749.3633,47.403152,0.312664,0.857723,0.801827,1.0,1.0,-22.5,-22.5,5000.5,9211.0
2016-07-18 00:00:00,CTA(9,21),4922.0,5022.5,4810.6813,4757.5841,53.097193,0.34772,0.950691,0.852156,1.0,1.0,22.0,22.0,5022.5,9233.0
2016-07-19 00:00:00,CTA(9,21),4975.0,5072.75,4828.9389,4767.9373,61.001687,0.397719,1.082915,0.907569,1.0,1.0,50.25,50.25,5072.75,9283.25
2016-07-20 00:00:00,CTA(9,21),4959.5,5057.0,4843.4457,4777.0593,66.386436,0.434968,1.178914,0.93582,1.0,1.0,-15.75,-15.75,5057.0,9267.5
2016-07-21 00:00:00,CTA(9,21),4970.0,5067.25,4857.5073,4786.2469,71.260368,0.470103,1.267843,0.953128,1.0,1.0,10.25,10.25,5067.25,9277.75
2016-07-22 00:00:00,CTA(9,21),4914.5,5007.0,4863.8398,4792.3542,71.485601,0.482236,1.294169,0.956652,1.0,1.0,-60.25,-60.25,5007.0,9217.5
2016-07-25 00:00:00,CTA(9,21),4891.75,4984.25,4866.941,4797.0874,69.853598,0.479923,1.282086,0.955124,1.0,1.0,-22.75,-22.75,4984.25,9194.75
2016-07-26 00:00:00,CTA(9,21),4921.5,5014.0,4873.0031,4803.0118,69.991302,0.484938,1.289576,0.956089,1.0,1.0,29.75,29.75,5014.0,9224.5
2016-07-27 00:00:00,CTA(9,21),4841.5,4934.0,4869.5027,4804.8446,64.658187,0.451647,1.196332,0.939875,1.0,1.0,-80.0,-80.0,4934.0,9144.5
2016-07-28 00:00:00,CTA(9,21),4887.75,4980.25,4871.5302,4808.7924,62.737782,0.442759,1.168536,0.933249,1.0,1.0,46.25,46.25,4980.25,9190.75
2016-07-29 00:00:00,CTA(9,21),4917.25,5009.75,4876.6102,4813.9571,62.653112,0.456131,1.1994,0.940555,1.0,1.0,29.5,29.5,5009.75,9220.25
2016-08-01 00:00:00,CTA(9,21),4871.0,4963.5,4875.9868,4816.6734,59.313428,0.435452,1.141441,0.925986,1.0,1.0,-46.25,-46.25,4963.5,9174.0
2016-08-02 00:00:00,CTA(9,21),4881.75,4974.25,4876.6272,4819.7723,56.854894,0.417177,1.09055,0.910184,1.0,1.0,10.75,10.75,4974.25,9184.75
2016-08-03 00:00:00,CTA(9,21),4862.5,4955.0,4875.0575,4821.8069,53.250554,0.388652,1.013827,0.881002,1.0,1.0,-19.25,-19.25,4955.0,9165.5
2016-08-04 00:00:00,CTA(9,21),4818.0,4910.5,4868.7178,4821.6257,47.092115,0.343833,0.895689,0.823499,1.0,1.0,-44.5,-44.5,4910.5,9121.0
2016-08-05 00:00:00,CTA(9,21),4779.25,4871.75,4858.7769,4819.6078,39.16914,0.285904,0.744393,0.728198,1.0,1.0,-38.75,-38.75,4871.75,9082.25
2016-08-08 00:00:00,CTA(9,21),4801.0,4893.5,4852.3573,4818.7217,33.635567,0.245277,0.638515,0.647911,1.0,1.0,21.75,21.75,4893.5,9104.0
2016-08-09 00:00:00,CTA(9,21),4770.25,4862.75,4843.2342,4816.4135,26.820714,0.195515,0.50925,0.536271,1.0,1.0,-30.75,-30.75,4862.75,9073.25
2016-08-10 00:00:00,CTA(9,21),4816.25,4908.75,4840.236,4816.4057,23.830253,0.174192,0.454078,0.484567,1.0,1.0,46.0,46.0,4908.75,9119.25
2016-08-11 00:00:00,CTA(9,21),4839.5,4932.0,4840.1542,4817.5055,22.64875,0.165676,0.432295,0.463554,1.0,1.0,23.25,23.25,4932.0,9142.5
2016-08-12 00:00:00,CTA(9,21),4749.25,4841.75,4830.0537,4814.2552,15.798543,0.116019,0.303161,0.332893,1.0,1.0,-90.25,-90.25,4841.75,9052.25
2016-08-15 00:00:00,CTA(9,21),4759.75,4852.25,4822.2422,4811.6597,10.582502,0.077963,0.204081,0.226929,1.0,1.0,10.5,10.5,4852.25,9062.75
2016-08-16 00:00:00,CTA(9,21),4803.0,4900.0,4820.1042,4811.2473,8.856846,0.065644,0.172186,0.192039,1.0,1.0,47.75,47.75,4900.0,9110.5
2016-08-17 00:00:00,CTA(9,21),4765.0,4862.75,4813.9815,4809.0451,4.936412,0.037025,0.097357,0.109131,1.0,1.0,-37.25,-37.25,4862.75,9073.25
2016-08-18 00:00:00,CTA(9,21),4799.0,4897.0,4812.3169,4808.5668,3.750139,0.028479,0.075067,0.084226,1.0,1.0,34.25,34.25,4897.0,9107.5
2016-08-19 00:00:00,CTA(9,21),4789.25,4882.25,4809.7539,4807.6469,2.106996,0.016267,0.042984,0.048275,1.0,1.0,-14.75,-14.75,4882.25,9092.75
2016-08-22 00:00:00,CTA(9,21),4738.5,4831.5,4801.8368,4804.3542,-2.517394,-0.019646,-0.05206,-0.058455,-1.0,1.0,-50.75,-50.75,4831.5,9042.0
2016-08-23 00:00:00,CTA(9,21),4698.0,4791.0,4790.2994,4799.2897,-8.990331,-0.070364,-0.186986,-0.208268,-1.0,-1.0,-40.5,40.5,-4791.0,9082.5
2016-08-24 00:00:00,CTA(9,21),4621.0,4714.0,4771.4883,4790.7997,-19.311387,-0.150308,-0.400625,-0.432436,-1.0,-1.0,-77.0,77.0,-4714.0,9159.5
2016-08-25 00:00:00,CTA(9,21),4617.0,4710.0,4754.323,4782.5235,-28.20058,-0.217644,-0.58156,-0.600459,-1.0,-1.0,-4.0,4.0,-4710.0,9163.5
2016-08-26 00:00:00,CTA(9,21),4604.0,4697.0,4737.6204,4774.0224,-36.402011,-0.278557,-0.74585,-0.729227,-1.0,-1.0,-13.0,13.0,-4697.0,9176.5
2016-08-30 00:00:00,CTA(9,21),4596.0,4689.0,4721.8848,4765.5452,-43.660354,-0.332752,-0.892439,-0.821704,-1.0,-1.0,-8.0,8.0,-4689.0,9184.5
2016-08-31 00:00:00,CTA(9,21),4607.25,4700.25,4709.1476,4758.0073,-48.85969,-0.372031,-0.998923,-0.874585,-1.0,-1.0,11.25,-11.25,-4700.25,9173.25
2016-09-01 00:00:00,CTA(9,21),4620.0,4713.0,4699.2423,4751.4355,-52.193204,-0.394674,-1.060258,-0.899433,-1.0,-1.0,12.75,-12.75,-4713.0,9160.5
2016-09-02 00:00:00,CTA(9,21),4617.25,4710.25,4690.1321,4745.0457,-54.913675,-0.412471,-1.108335,-0.916028,-1.0,-1.0,-2.75,2.75,-4710.25,9163.25
2016-09-05 00:00:00,CTA(9,21),4614.25,4707.25,4681.7007,4738.8174,-57.116647,-0.432337,-1.161614,-0.931469,-1.0,-1.0,-3.0,3.0,-4707.25,9166.25
2016-09-06 00:00:00,CTA(9,21),4607.5,4700.5,4673.4562,4732.5642,-59.107964,-0.450023,-1.208292,-0.94247,-1.0,-1.0,-6.75,6.75,-4700.5,9173.0
2016-09-07 00:00:00,CTA(9,21),4636.75,4729.75,4669.3777,4728.0016,-58.623851,-0.457364,-1.226599,-0.946147,-1.0,-1.0,29.25,-29.25,-4729.75,9143.75
2016-09-08 00:00:00,CTA(9,21),4650.0,4743.0,4667.2247,4724.2872,-57.062571,-0.458319,-1.227414,-0.946303,-1.0,-1.0,13.25,-13.25,-4743.0,9130.5
2016-09-09 00:00:00,CTA(9,21),4618.5,4711.5,4661.8108,4719.2497,-57.438934,-0.468353,-1.252209,-0.950693,-1.0,-1.0,-31.5,31.5,-4711.5,9162.0
2016-09-12 00:00:00,CTA(9,21),4632.5,4725.5,4658.554,4715.1188,-56.56475,-0.474101,-1.265363,-0.952759,-1.0,-1.0,14.0,-14.0,-4725.5,9148.0
2016-09-13 00:00:00,CTA(9,21),4637.0,4730.0,4656.1592,4711.3989,-55.239702,-0.463114,-1.234002,-0.947533,-1.0,-1.0,4.5,-4.5,-4730.0,9143.5
2016-09-14 00:00:00,CTA(9,21),4757.75,4850.75,4667.447,4713.606,-46.159027,-0.399395,-1.063088,-0.90048,-1.0,-1.0,120.75,-120.75,-4850.75,9022.75
2016-09-15 00:00:00,CTA(9,21),4765.5,4858.5,4678.3418,4716.0772,-37.735392,-0.336483,-0.895127,-0.82319,-1.0,-1.0,7.75,-7.75,-4858.5,9015.0
2016-09-16 00:00:00,CTA(9,21),4772.0,4865.0,4688.7483,4718.7402,-29.991916,-0.270402,-0.719173,-0.710048,-1.0,-1.0,6.5,-6.5,-4865.0,9008.5
2016-09-19 00:00:00,CTA(9,21),4753.25,4846.25,4695.9151,4720.3835,-24.468382,-0.222229,-0.591016,-0.608533,-1.0,-1.0,-18.75,18.75,-4846.25,9027.25
2016-09-20 00:00:00,CTA(9,21),4779.75,4869.0,4705.2301,4723.2105,-17.980371,-0.163937,-0.435981,-0.467133,-1.0,-1.0,22.75,-22.75,-4869.0,9004.5
2016-09-21 00:00:00,CTA(9,21),4749.75,4838.75,4710.1768,4724.4743,-14.297503,-0.130297,-0.346523,-0.377837,-1.0,-1.0,-30.25,30.25,-4838.75,9034.75
2016-09-22 00:00:00,CTA(9,21),4842.75,4930.75,4724.9071,4730.1064,-5.199322,-0.047462,-0.126225,-0.141262,-1.0,-1.0,92.0,-92.0,-4930.75,8942.75
2016-09-23 00:00:00,CTA(9,21),4842.0,4924.0,4737.9174,4735.4347,2.482733,0.02269,0.060342,0.067739,1.0,-1.0,-6.75,6.75,-4924.0,8949.5
2016-09-26 00:00:00,CTA(9,21),4828.75,4910.75,4748.01,4739.8783,8.131654,0.074259,0.197484,0.21974,1.0,1.0,-13.25,-13.25,4910.75,8936.25
2016-09-27 00:00:00,CTA(9,21),4776.75,4858.75,4751.2033,4741.6341,9.569198,0.087555,0.232919,0.258181,1.0,1.0,-52.0,-52.0,4858.75,8884.25
2016-09-28 00:00:00,CTA(9,21),4808.0,4890.0,4757.514,4744.7944,12.719662,0.116619,0.31028,0.340338,1.0,1.0,31.25,31.25,4890.0,8915.5
2016-09-29 00:00:00,CTA(9,21),4830.75,4912.75,4765.6514,4748.8875,16.763866,0.155051,0.412546,0.444225,1.0,1.0,22.75,22.75,4912.75,8938.25
2016-09-30 00:00:00,CTA(9,21),4853.0,4935.0,4775.3568,4753.8452,21.511532,0.199712,0.531244,0.556241,1.0,1.0,22.25,22.25,4935.0,8960.5
2016-10-03 00:00:00,CTA(9,21),4804.75,4886.75,4778.6227,4756.2693,22.35341,0.207514,0.551696,0.574465,1.0,1.0,-48.25,-48.25,4886.75,8912.25
2016-10-04 00:00:00,CTA(9,21),4789.0,4871.0,4779.7757,4757.8279,21.94784,0.203989,0.541969,0.56584,1.0,1.0,-15.75,-15.75,4871.0,8896.5
2016-10-05 00:00:00,CTA(9,21),4783.5,4865.5,4780.1895,4759.0504,21.139167,0.198036,0.525792,0.551326,1.0,1.0,-5.5,-5.5,4865.5,8891.0
2016-10-06 00:00:00,CTA(9,21),4740.25,4822.25,4775.7518,4758.1551,17.596697,0.165467,0.439158,0.470209,1.0,1.0,-43.25,-43.25,4822.25,8847.75
2016-10-07 00:00:00,CTA(9,21),4760.75,4842.75,4774.0849,4758.2787,15.806263,0.148846,0.394815,0.426658,1.0,1.0,20.5,20.5,4842.75,8868.25
2016-10-10 00:00:00,CTA(9,21),4830.75,4912.75,4780.3811,4761.7297,18.651366,0.17594,0.466216,0.496133,1.0,1.0,70.0,70.0,4912.75,8938.25
2016-10-11 00:00:00,CTA(9,21),4793.5,4875.5,4781.8387,4763.2426,18.596155,0.177892,0.470879,0.500548,1.0,1.0,-37.25,-37.25,4875.5,8901.0
2016-10-12 00:00:00,CTA(9,21),4793.75,4875.75,4783.1622,4764.6953,18.466896,0.179393,0.474331,0.503807,1.0,1.0,0.25,0.25,4875.75,8901.25
2016-10-13 00:00:00,CTA(9,21),4692.5,4774.5,4773.0886,4761.2574,11.83119,0.115682,0.305697,0.335548,1.0,1.0,-101.25,-101.25,4774.5,8800.0
2016-10-14 00:00:00,CTA(9,21),4655.75,4737.75,4760.051,4756.2333,3.81773,0.03759,0.099324,0.111325,1.0,1.0,-36.75,-36.75,4737.75,8763.25
2016-10-17 00:00:00,CTA(9,21),4653.5,4735.5,4748.212,4751.3412,-3.129209,-0.031564,-0.083405,-0.093551,-1.0,1.0,-2.25,-2.25,4735.5,8761.0
2016-10-18 00:00:00,CTA(9,21),4669.25,4748.5,4739.4384,4747.4321,-7.993659,-0.082701,-0.218548,-0.242645,-1.0,-1.0,13.0,-13.0,-4748.5,8748.0
2016-10-19 00:00:00,CTA(9,21),4660.0,4739.0,4730.6119,4743.2687,-12.656719,-0.135152,-0.357167,-0.388715,-1.0,-1.0,-9.5,9.5,-4739.0,8757.5
2016-10-20 00:00:00,CTA(9,21),4641.0,4720.0,4720.6551,4738.3987,-17.743665,-0.191866,-0.50702,-0.534225,-1.0,-1.0,-19.0,19.0,-4720.0,8776.5
2016-10-21 00:00:00,CTA(9,21),4623.5,4695.75,4709.8601,4732.9274,-23.067304,-0.250553,-0.661923,-0.666571,-1.0,-1.0,-24.25,24.25,-4695.75,8800.75
2016-10-24 00:00:00,CTA(9,21),4626.75,4699.0,4700.6256,4727.8713,-27.24569,-0.301012,-0.794811,-0.762579,-1.0,-1.0,3.25,-3.25,-4699.0,8797.5
2016-10-25 00:00:00,CTA(9,21),4726.25,4798.5,4703.4728,4727.7941,-24.32133,-0.271351,-0.71624,-0.707897,-1.0,-1.0,99.5,-99.5,-4798.5,8698.0
2016-10-26 00:00:00,CTA(9,21),4733.75,4806.0,4706.8369,4728.0777,-21.240807,-0.242426,-0.639745,-0.648904,-1.0,-1.0,7.5,-7.5,-4806.0,8690.5
2016-10-27 00:00:00,CTA(9,21),4783.25,4855.5,4715.3272,4730.705,-15.377715,-0.181407,-0.478682,-0.507901,-1.0,-1.0,49.5,-49.5,-4855.5,8641.0
2016-10-28 00:00:00,CTA(9,21),4835.0,4907.25,4728.6242,4735.6714,-7.047172,-0.083936,-0.221484,-0.245826,-1.0,-1.0,51.75,-51.75,-4907.25,8589.25
2016-10-31 00:00:00,CTA(9,21),4844.25,4916.5,4741.4715,4740.8418,0.629727,0.007584,0.020011,0.022482,1.0,-1.0,9.25,-9.25,-4916.5,8580.0
2016-11-01 00:00:00,CTA(9,21),4911.25,4983.5,4760.3358,4748.9565,11.379326,0.134734,0.355236,0.386746,1.0,1.0,67.0,67.0,4983.5,8647.0
2016-11-02 00:00:00,CTA(9,21),4911.25,4983.5,4777.104,4756.6847,20.419307,0.235465,0.619925,0.632738,1.0,1.0,0.0,0.0,4983.5,8647.0
2016-11-03 00:00:00,CTA(9,21),4951.0,5023.25,4796.4258,4765.9378,30.487973,0.336185,0.883161,0.816517,1.0,1.0,39.75,39.75,5023.25,8686.75
2016-11-04 00:00:00,CTA(9,21),4980.75,5053.0,4816.9063,4776.167,40.739287,0.427197,1.119025,0.919374,1.0,1.0,29.75,29.75,5053.0,8716.5
2016-11-07 00:00:00,CTA(9,21),5084.75,5157.0,4846.6667,4790.8614,55.805271,0.533336,1.391619,0.963532,1.0,1.0,104.0,104.0,5157.0,8820.5
2016-11-08 00:00:00,CTA(9,21),5222.25,5294.5,4888.3982,4811.4037,76.994437,0.640099,1.66176,0.936177,1.0,1.0,137.5,137.5,5294.5,8958.0
2016-11-09 00:00:00,CTA(9,21),5400.0,5472.25,4945.2428,4839.4321,105.81069,0.730047,1.883487,0.871777,1.0,1.0,177.75,177.75,5472.25,9135.75
2016-11-10 00:00:00,CTA(9,21),5588.5,5660.75,5016.7158,4875.102,141.613812,0.793811,2.034731,0.812098,1.0,1.0,188.5,188.5,5660.75,9324.25
2016-11-11 00:00:00,CTA(9,21),5541.25,5613.5,5074.9974,4906.8234,168.174053,0.829414,2.11267,0.777745,1.0,1.0,-47.25,-47.25,5613.5,9277.0
2016-11-14 00:00:00,CTA(9,21),5552.5,5624.75,5128.0533,4937.5699,190.483389,0.848612,2.150022,0.760609,1.0,1.0,11.25,11.25,5624.75,9288.25
2016-11-15 00:00:00,CTA(9,21),5521.0,5593.25,5171.714,4965.3523,206.361751,0.852489,2.150427,0.76042,1.0,1.0,-31.5,-31.5,5593.25,9256.75
2016-11-16 00:00:00,CTA(9,21),5428.5,5501.75,5200.2458,4987.4069,212.838874,0.837277,2.105475,0.780999,1.0,1.0,-91.5,-91.5,5501.75,9165.25
2016-11-17 00:00:00,CTA(9,21),5489.25,5563.0,5232.3574,5011.3042,221.053164,0.825808,2.07187,0.795984,1.0,1.0,61.25,61.25,5563.0,9226.5
2016-11-18 00:00:00,CTA(9,21),5417.5,5487.75,5252.9288,5030.6469,222.281911,0.801598,2.008702,0.823083,1.0,1.0,-75.25,-75.25,5487.75,9151.25
2016-11-21 00:00:00,CTA(9,21),5552.0,5622.25,5286.1589,5055.4732,230.685707,0.793835,1.988143,0.831567,1.0,1.0,134.5,134.5,5622.25,9285.75
2016-11-22 00:00:00,CTA(9,21),5604.0,5674.25,5321.4746,5081.5935,239.881061,0.789662,1.976808,0.836169,1.0,1.0,52.0,52.0,5674.25,9337.75
2016-11-23 00:00:00,CTA(9,21),5731.5,5801.75,5367.033,5112.5414,254.491513,0.7938,1.986227,0.832349,1.0,1.0,127.5,127.5,5801.75,9465.25
2016-11-24 00:00:00,CTA(9,21),5858.5,5928.75,5421.6404,5148.0633,273.577126,0.802723,2.006619,0.82395,1.0,1.0,127.0,127.0,5928.75,9592.25
2016-11-25 00:00:00,CTA(9,21),5868.0,5938.25,5471.2359,5182.346,288.889935,0.8046,2.009059,0.822934,1.0,1.0,9.5,9.5,5938.25,9601.75
2016-11-28 00:00:00,CTA(9,21),5868.25,5938.5,5515.3486,5215.0081,300.340515,0.799886,1.994876,0.828808,1.0,1.0,0.25,0.25,5938.5,9602.0
2016-11-29 00:00:00,CTA(9,21),5692.0,5762.25,5534.9765,5237.722,297.254548,0.773259,1.926587,0.855858,1.0,1.0,-176.25,-176.25,5762.25,9425.75
2016-11-30 00:00:00,CTA(9,21),5814.25,5884.5,5566.0069,5265.1757,300.831218,0.759293,1.890243,0.869345,1.0,1.0,122.25,122.25,5884.5,9548.0
2016-12-01 00:00:00,CTA(9,21),5783.0,5853.25,5590.1173,5289.834,300.283261,0.740144,1.841514,0.886325,1.0,1.0,-31.25,-31.25,5853.25,9516.75
2016-12-02 00:00:00,CTA(9,21),5756.0,5826.25,5608.5487,5312.0324,296.516296,0.717498,1.784552,0.904426,1.0,1.0,-27.0,-27.0,5826.25,9489.75
2016-12-05 00:00:00,CTA(9,21),5945.0,6015.25,5645.9322,5342.1737,303.758461,0.71277,1.772326,0.908048,1.0,1.0,189.0,189.0,6015.25,9678.75
2016-12-06 00:00:00,CTA(9,21),5876.25,5946.5,5671.523,5367.6059,303.917128,0.697462,1.734095,0.91874,1.0,1.0,-68.75,-68.75,5946.5,9610.0
2016-12-07 00:00:00,CTA(9,21),5778.75,5849.0,5683.4371,5387.1842,296.252945,0.671628,1.670245,0.93433,1.0,1.0,-97.5,-97.5,5849.0,9512.5
2016-12-08 00:00:00,CTA(9,21),5778.75,5849.0,5694.0275,5405.8302,288.197273,0.646399,1.60825,0.946545,1.0,1.0,0.0,0.0,5849.0,9512.5
2016-12-09 00:00:00,CTA(9,21),5821.0,5891.25,5708.1355,5425.6002,282.535342,0.626583,1.55943,0.953991,1.0,1.0,42.25,42.25,5891.25,9554.75
2016-12-12 00:00:00,CTA(9,21),5754.5,5824.75,5713.2871,5441.2621,272.025055,0.597226,1.487069,0.961267,1.0,1.0,-66.5,-66.5,5824.75,9488.25
2016-12-13 00:00:00,CTA(9,21),5678.0,5748.25,5709.3663,5452.5353,256.831029,0.560726,1.397605,0.963646,1.0,1.0,-76.5,-76.5,5748.25,9411.75
2016-12-14 00:00:00,CTA(9,21),5715.5,5785.75,5710.0479,5465.0574,244.990419,0.531552,1.326492,0.959998,1.0,1.0,37.5,37.5,5785.75,9449.25
2016-12-15 00:00:00,CTA(9,21),5723.5,5793.75,5711.5425,5477.3642,234.178313,0.505644,1.263766,0.952518,1.0,1.0,8.0,8.0,5793.75,9457.25
2016-12-16 00:00:00,CTA(9,21),5629.75,5700.0,5702.4545,5484.6207,217.833788,0.469817,1.17594,0.935095,1.0,1.0,-93.75,-93.75,5700.0,9363.5
2016-12-19 00:00:00,CTA(9,21),5486.5,5556.75,5678.4595,5484.7102,193.749356,0.419766,1.052156,0.896387,1.0,1.0,-143.25,-143.25,5556.75,9220.25
2016-12-20 00:00:00,CTA(9,21),5493.5,5567.75,5657.9085,5485.1287,172.779733,0.375118,0.941703,0.847696,1.0,1.0,11.0,11.0,5567.75,9231.25
2016-12-21 00:00:00,CTA(9,21),5506.25,5580.5,5641.0575,5486.1345,154.923018,0.337149,0.847627,0.795807,1.0,1.0,12.75,12.75,5580.5,9244.0
2016-12-22 00:00:00,CTA(9,21),5509.25,5583.5,5626.4123,5487.2353,139.176999,0.303873,0.765064,0.742604,1.0,1.0,3.0,3.0,5583.5,9247.0
2016-12-23 00:00:00,CTA(9,21),5460.75,5530.5,5608.0053,5485.974,122.031285,0.268188,0.676123,0.677645,1.0,1.0,-53.0,-53.0,5530.5,9194.0
2016-12-28 00:00:00,CTA(9,21),5536.25,5606.0,5600.0325,5488.3681,111.664377,0.246548,0.622312,0.634703,1.0,1.0,75.5,75.5,5606.0,9269.5
2016-12-29 00:00:00,CTA(9,21),5476.0,5545.75,5586.2511,5487.7792,98.471945,0.218657,0.552551,0.57522,1.0,1.0,-60.25,-60.25,5545.75,9209.25
2016-12-30 00:00:00,CTA(9,21),5526.0,5595.75,5579.5566,5489.5992,89.957336,0.200671,0.507739,0.534885,1.0,1.0,50.0,50.0,5595.75,9259.25
2017-01-03 00:00:00,CTA(9,21),5489.0,5558.75,5569.4947,5489.5707,79.924031,0.179665,0.45518,0.485621,1.0,1.0,-37.0,-37.0,5558.75,9222.25
2017-01-04 00:00:00,CTA(9,21),5633.5,5703.25,5576.6064,5496.4245,80.181952,0.181331,0.460005,0.490228,1.0,1.0,144.5,144.5,5703.25,9366.75
2017-01-05 00:00:00,CTA(9,21),5565.5,5635.25,5575.3724,5499.7138,75.658595,0.172626,0.438599,0.469668,1.0,1.0,-68.0,-68.0,5635.25,9298.75
2017-01-06 00:00:00,CTA(9,21),5574.75,5644.5,5575.3032,5503.2869,72.016289,0.166263,0.423196,0.45468,1.0,1.0,9.25,9.25,5644.5,9308.0
2017-01-09 00:00:00,CTA(9,21),5574.75,5644.5,5575.2417,5506.6899,68.551817,0.16017,0.408629,0.440362,1.0,1.0,0.0,0.0,5644.5,9308.0
2017-01-10 00:00:00,CTA(9,21),5740.0,5809.75,5593.5482,5517.7999,75.748286,0.177914,0.455187,0.485628,1.0,1.0,165.25,165.25,5809.75,9473.25
2017-01-11 00:00:00,CTA(9,21),5693.5,5763.25,5604.654,5526.1666,78.487369,0.186165,0.477833,0.507103,1.0,1.0,-46.5,-46.5,5763.25,9426.75
2017-01-12 00:00:00,CTA(9,21),5814.5,5884.25,5627.9702,5539.8968,88.073433,0.210386,0.54188,0.56576,1.0,1.0,121.0,121.0,5884.25,9547.75
2017-01-13 00:00:00,CTA(9,21),5884.25,5954.0,5656.4457,5556.2945,100.151193,0.242156,0.626165,0.637865,1.0,1.0,69.75,69.75,5954.0,9617.5
2017-01-16 00:00:00,CTA(9,21),5843.5,5913.25,5677.2295,5569.971,107.25855,0.264328,0.686387,0.685531,1.0,1.0,-40.75,-40.75,5913.25,9576.75
2017-01-17 00:00:00,CTA(9,21),5740.25,5809.75,5684.2318,5578.0795,106.152299,0.268482,0.700231,0.696009,1.0,1.0,-103.5,-103.5,5809.75,9473.25
2017-01-18 00:00:00,CTA(9,21),5753.0,5823.75,5691.8727,5586.4091,105.463662,0.274221,0.718551,0.709593,1.0,1.0,14.0,14.0,5823.75,9487.25
2017-01-19 00:00:00,CTA(9,21),5724.0,5794.75,5695.4424,5592.961,102.48141,0.275461,0.725187,0.714433,1.0,1.0,-29.0,-29.0,5794.75,9458.25
2017-01-20 00:00:00,CTA(9,21),5737.0,5798.75,5700.0599,5599.82,100.239919,0.280275,0.741331,0.726028,1.0,1.0,4.0,4.0,5798.75,9462.25
2017-01-23 00:00:00,CTA(9,21),5782.0,5843.75,5709.1644,5608.4952,100.669134,0.294737,0.783282,0.754944,1.0,1.0,45.0,45.0,5843.75,9507.25
2017-01-24 00:00:00,CTA(9,21),5932.0,5993.75,5733.9239,5623.9002,110.023659,0.337322,0.900168,0.825954,1.0,1.0,150.0,150.0,5993.75,9657.25
2017-01-25 00:00:00,CTA(9,21),5928.75,5990.5,5755.5712,5638.4169,117.154348,0.374208,1.002023,0.87594,1.0,1.0,-3.25,-3.25,5990.5,9654.0
2017-01-26 00:00:00,CTA(9,21),5843.75,5905.5,5765.3689,5648.1947,117.174221,0.39445,1.059549,0.89917,1.0,1.0,-85.0,-85.0,5905.5,9569.0
2017-01-27 00:00:00,CTA(9,21),5887.5,5949.25,5778.939,5659.5902,119.348853,0.423136,1.139581,0.925458,1.0,1.0,43.75,43.75,5949.25,9612.75
2017-01-30 00:00:00,CTA(9,21),5810.5,5872.25,5782.4458,5666.7763,115.669447,0.434202,1.172049,0.934132,1.0,1.0,-77.0,-77.0,5872.25,9535.75
2017-01-31 00:00:00,CTA(9,21),5984.25,6046.0,5804.8685,5681.8941,122.974344,0.487337,1.317679,0.959192,1.0,1.0,173.75,173.75,6046.0,9709.5
2017-02-01 00:00:00,CTA(9,21),5935.0,5996.75,5819.3275,5693.9468,125.380743,0.525839,1.422924,0.963743,1.0,1.0,-49.25,-49.25,5996.75,9660.25
2017-02-02 00:00:00,CTA(9,21),5872.0,5933.75,5825.18,5702.4255,122.754515,0.554623,1.500594,0.96026,1.0,1.0,-63.0,-63.0,5933.75,9597.25
2017-02-03 00:00:00,CTA(9,21),5760.25,5822.0,5817.9656,5705.1791,112.78652,0.556644,1.505322,0.959869,1.0,1.0,-111.75,-111.75,5822.0,9485.5
2017-02-06 00:00:00,CTA(9,21),5833.75,5895.5,5819.7194,5711.3015,108.417919,0.590147,1.594195,0.948891,1.0,1.0,73.5,73.5,5895.5,9559.0
2017-02-07 00:00:00,CTA(9,21),5779.0,5840.75,5815.195,5714.5252,100.669802,0.600731,1.621344,0.944217,1.0,1.0,-54.75,-54.75,5840.75,9504.25
2017-02-08 00:00:00,CTA(9,21),5879.5,5941.25,5822.34,5722.3812,99.958857,0.63204,1.704831,0.926249,1.0,1.0,100.5,100.5,5941.25,9604.75
2017-02-09 00:00:00,CTA(9,21),5809.5,5871.25,5820.9134,5726.5297,94.383672,0.613099,1.654543,0.937705,1.0,1.0,-70.0,-70.0,5871.25,9534.75
2017-02-10 00:00:00,CTA(9,21),6083.0,6144.75,5850.0341,5743.5045,106.529633,0.664724,1.793989,0.901564,1.0,1.0,273.5,273.5,6144.75,9808.25
2017-02-13 00:00:00,CTA(9,21),6103.5,6165.25,5878.197,5760.6471,117.549867,0.708265,1.90993,0.862123,1.0,1.0,20.5,20.5,6165.25,9828.75
2017-02-14 00:00:00,CTA(9,21),6009.25,6084.0,5892.7584,5772.4853,120.273082,0.714602,1.924782,0.856544,1.0,1.0,-81.25,-81.25,6084.0,9747.5
2017-02-15 00:00:00,CTA(9,21),6056.5,6130.25,5910.9519,5786.0098,124.942083,0.730615,1.964294,0.841183,1.0,1.0,46.25,46.25,6130.25,9793.75
2017-02-16 00:00:00,CTA(9,21),5989.0,6062.75,5919.6239,5795.676,123.947893,0.73292,1.966278,0.840393,1.0,1.0,-67.5,-67.5,6062.75,9726.25
2017-02-17 00:00:00,CTA(9,21),5952.0,6019.75,5923.2213,5803.12,120.101236,0.716156,1.916752,0.859574,1.0,1.0,-43.0,-43.0,6019.75,9683.25
2017-02-20 00:00:00,CTA(9,21),6065.25,6133.0,5939.0022,5815.6024,123.399826,0.741338,1.977298,0.835971,1.0,1.0,113.25,113.25,6133.0,9796.5
2017-02-21 00:00:00,CTA(9,21),6052.0,6119.75,5951.5576,5826.8594,124.698104,0.742346,1.972692,0.837825,1.0,1.0,-13.25,-13.25,6119.75,9783.25
2017-02-22 00:00:00,CTA(9,21),6031.25,6099.0,5960.4123,5836.5923,123.819937,0.730049,1.932994,0.853412,1.0,1.0,-20.75,-20.75,6099.0,9762.5
2017-02-23 00:00:00,CTA(9,21),5848.75,5916.5,5948.0053,5837.1713,110.834082,0.653139,1.724962,0.921148,1.0,1.0,-182.5,-182.5,5916.5,9580.0
2017-02-24 00:00:00,CTA(9,21),5918.0,5985.75,5944.6714,5841.0203,103.651167,0.60869,1.604035,0.947265,1.0,1.0,69.25,69.25,5985.75,9649.25
2017-02-27 00:00:00,CTA(9,21),5925.0,5992.75,5942.4857,5845.0193,97.466418,0.570347,1.500224,0.96029,1.0,1.0,7.0,7.0,5992.75,9656.25
2017-02-28 00:00:00,CTA(9,21),5965.0,6032.75,5944.9873,5850.7327,94.254639,0.547733,1.438413,0.963499,1.0,1.0,40.0,40.0,6032.75,9696.25
2017-03-01 00:00:00,CTA(9,21),6006.5,6074.25,5951.822,5858.1501,93.671891,0.538806,1.412989,0.963779,1.0,1.0,41.5,41.5,6074.25,9737.75
2017-03-02 00:00:00,CTA(9,21),5920.0,5987.75,5948.2863,5861.0954,87.190878,0.499421,1.30875,0.958294,1.0,1.0,-86.5,-86.5,5987.75,9651.25
2017-03-03 00:00:00,CTA(9,21),5907.75,5975.5,5943.7822,5863.317,80.465201,0.459344,1.204173,0.941594,1.0,1.0,-12.25,-12.25,5975.5,9639.0
2017-03-06 00:00:00,CTA(9,21),5845.75,5913.5,5932.8898,5862.4805,70.409256,0.401842,1.054913,0.897432,1.0,1.0,-62.0,-62.0,5913.5,9577.0
2017-03-07 00:00:00,CTA(9,21),5758.0,5825.75,5913.4576,5857.5052,55.952322,0.32112,0.844608,0.793986,1.0,1.0,-87.75,-87.75,5825.75,9489.25
2017-03-08 00:00:00,CTA(9,21),5750.5,5818.25,5895.3512,5852.4098,42.941414,0.246792,0.65065,0.657647,1.0,1.0,-7.5,-7.5,5818.25,9481.75
2017-03-09 00:00:00,CTA(9,21),5674.0,5741.75,5870.7566,5843.9141,26.842542,0.153718,0.40625,0.438011,1.0,1.0,-76.5,-76.5,5741.75,9405.25
2017-03-10 00:00:00,CTA(9,21),5717.0,5784.75,5853.6725,5837.8705,15.802003,0.09037,0.239447,0.265212,1.0,1.0,43.0,43.0,5784.75,9448.25
2017-03-13 00:00:00,CTA(9,21),5776.5,5844.25,5845.0978,5834.9481,10.149683,0.058059,0.154235,0.17227,1.0,1.0,59.5,59.5,5844.25,9507.75
2017-03-14 00:00:00,CTA(9,21),5810.25,5874.0,5841.2258,5833.772,7.453806,0.042646,0.113579,0.127206,1.0,1.0,29.75,29.75,5874.0,9537.5
2017-03-15 00:00:00,CTA(9,21),5856.0,5918.5,5842.8674,5834.8305,8.036906,0.046084,0.123042,0.137727,1.0,1.0,44.5,44.5,5918.5,9582.0
2017-03-16 00:00:00,CTA(9,21),5901.5,5963.75,5849.3821,5838.0052,11.376901,0.065138,0.174414,0.194486,1.0,1.0,45.25,45.25,5963.75,9627.25
2017-03-17 00:00:00,CTA(9,21),5928.0,5985.75,5858.1175,5842.2907,15.826754,0.09033,0.242608,0.268612,1.0,1.0,22.0,22.0,5985.75,9649.25
2017-03-20 00:00:00,CTA(9,21),5869.0,5926.75,5859.3266,5843.5626,15.764055,0.09055,0.243961,0.270065,1.0,1.0,-59.0,-59.0,5926.75,9590.25
2017-03-21 00:00:00,CTA(9,21),5762.0,5819.75,5848.5126,5839.6786,8.833917,0.052136,0.140889,0.157518,1.0,1.0,-107.0,-107.0,5819.75,9483.25
2017-03-22 00:00:00,CTA(9,21),5795.0,5852.75,5842.5667,5837.5511,5.015632,0.030462,0.082526,0.092568,1.0,1.0,33.0,33.0,5852.75,9516.25
2017-03-23 00:00:00,CTA(9,21),5811.5,5869.25,5839.1149,5836.3106,2.804303,0.017531,0.047595,0.053447,1.0,1.0,16.5,16.5,5869.25,9532.75
2017-03-24 00:00:00,CTA(9,21),5791.0,5848.75,5833.7688,5834.1529,-0.384147,-0.002476,-0.006734,-0.007566,-1.0,1.0,-20.5,-20.5,5848.75,9512.25
2017-03-27 00:00:00,CTA(9,21),5747.5,5805.25,5824.1833,5830.0266,-5.843236,-0.039359,-0.107127,-0.120022,-1.0,-1.0,-43.5,43.5,-5805.25,9555.75
2017-03-28 00:00:00,CTA(9,21),5861.0,5918.75,5828.2741,5831.5015,-3.227421,-0.022437,-0.06111,-0.068599,-1.0,-1.0,113.5,-113.5,-5918.75,9442.25
2017-03-29 00:00:00,CTA(9,21),5895.5,5953.25,5835.7436,5834.5491,1.194577,0.008737,0.023809,0.026748,1.0,-1.0,34.5,-34.5,-5953.25,9407.75
2017-03-30 00:00:00,CTA(9,21),5945.0,6002.75,5847.8832,5839.8086,8.074605,0.061427,0.16744,0.186821,1.0,1.0,49.5,49.5,6002.75,9457.25
2017-03-31 00:00:00,CTA(9,21),5824.0,5881.75,5845.2295,5839.0558,6.173705,0.050024,0.136367,0.152511,1.0,1.0,-121.0,-121.0,5881.75,9336.25
2017-04-03 00:00:00,CTA(9,21),5738.25,5796.0,5833.3429,5834.2556,-0.912633,-0.007533,-0.020528,-0.023063,-1.0,1.0,-85.75,-85.75,5796.0,9250.5
2017-04-04 00:00:00,CTA(9,21),5762.25,5820.0,5825.4437,5830.8267,-5.38301,-0.046356,-0.126244,-0.141283,-1.0,-1.0,24.0,-24.0,-5820.0,9226.5
2017-04-05 00:00:00,CTA(9,21),5875.25,5933.0,5830.9777,5832.9421,-1.964372,-0.017773,-0.048379,-0.054327,-1.0,-1.0,113.0,-113.0,-5933.0,9113.5
2017-04-06 00:00:00,CTA(9,21),5834.0,5891.75,5831.3135,5832.9925,-1.678941,-0.016073,-0.043735,-0.049117,-1.0,-1.0,-41.25,41.25,-5891.75,9154.75
2017-04-07 00:00:00,CTA(9,21),5805.25,5863.0,5828.4176,5831.6714,-3.25382,-0.031424,-0.085471,-0.095859,-1.0,-1.0,-28.75,28.75,-5863.0,9183.5
2017-04-10 00:00:00,CTA(9,21),5715.25,5773.0,5815.8434,5826.1275,-10.28412,-0.099841,-0.271314,-0.299289,-1.0,-1.0,-90.0,90.0,-5773.0,9273.5
2017-04-11 00:00:00,CTA(9,21),5739.75,5797.5,5807.3886,5822.0143,-14.625728,-0.140622,-0.381658,-0.413494,-1.0,-1.0,24.5,-24.5,-5797.5,9249.0
2017-04-12 00:00:00,CTA(9,21),5600.25,5658.0,5784.3732,5811.4541,-27.080922,-0.248259,-0.672202,-0.674606,-1.0,-1.0,-139.5,139.5,-5658.0,9388.5
2017-04-13 00:00:00,CTA(9,21),5660.0,5717.75,5770.554,5804.242,-33.688065,-0.301077,-0.812752,-0.774191,-1.0,-1.0,59.75,-59.75,-5717.75,9328.75
2017-04-18 00:00:00,CTA(9,21),5553.0,5607.75,5746.3813,5792.2781,-45.896821,-0.391121,-1.051231,-0.896035,-1.0,-1.0,-110.0,110.0,-5607.75,9438.75
2017-04-19 00:00:00,CTA(9,21),5537.0,5591.75,5723.1167,5780.122,-57.005308,-0.462345,-1.235862,-0.947872,-1.0,-1.0,-16.0,16.0,-5591.75,9454.75
2017-04-20 00:00:00,CTA(9,21),5606.5,5660.5,5710.1593,5771.8543,-61.695004,-0.489368,-1.300509,-0.957393,-1.0,-1.0,68.75,-68.75,-5660.5,9386.0
2017-04-21 00:00:00,CTA(9,21),5604.5,5647.25,5698.4194,5763.885,-65.465674,-0.507468,-1.340678,-0.961131,-1.0,-1.0,-13.25,13.25,-5647.25,9399.25
2017-04-24 00:00:00,CTA(9,21),5634.25,5677.0,5691.2894,5757.7119,-66.422506,-0.505178,-1.327164,-0.960057,-1.0,-1.0,29.75,-29.75,-5677.0,9369.5
2017-04-25 00:00:00,CTA(9,21),5686.0,5728.75,5690.7017,5754.2971,-63.595367,-0.48022,-1.255307,-0.951196,-1.0,-1.0,51.75,-51.75,-5728.75,9317.75
2017-04-26 00:00:00,CTA(9,21),5696.75,5739.5,5691.3738,5751.5568,-60.182999,-0.452149,-1.176653,-0.93527,-1.0,-1.0,10.75,-10.75,-5739.5,9307.0
2017-04-27 00:00:00,CTA(9,21),5674.75,5717.5,5689.5267,5747.8993,-58.372618,-0.433623,-1.123857,-0.920845,-1.0,-1.0,-22.0,22.0,-5717.5,9329.0
2017-04-28 00:00:00,CTA(9,21),5715.5,5758.25,5692.4126,5746.3565,-53.94387,-0.398938,-1.030561,-0.887917,-1.0,-1.0,40.75,-40.75,-5758.25,9288.25
2017-05-02 00:00:00,CTA(9,21),5775.5,5818.25,5701.6445,5747.7443,-46.099723,-0.340548,-0.87751,-0.813313,-1.0,-1.0,60.0,-60.0,-5818.25,9228.25
2017-05-03 00:00:00,CTA(9,21),5574.0,5616.75,5687.4618,5739.4707,-52.008913,-0.377908,-0.970784,-0.861808,-1.0,-1.0,-201.5,201.5,-5616.75,9429.75
2017-05-04 00:00:00,CTA(9,21),5521.0,5563.75,5668.966,5729.0673,-60.101301,-0.423328,-1.083285,-0.907697,-1.0,-1.0,-53.0,53.0,-5563.75,9482.75
2017-05-05 00:00:00,CTA(9,21),5565.5,5608.25,5657.4698,5721.2784,-63.808608,-0.439362,-1.119716,-0.919586,-1.0,-1.0,44.5,-44.5,-5608.25,9438.25
2017-05-08 00:00:00,CTA(9,21),5465.25,5508.0,5636.1121,5709.0866,-72.974536,-0.481647,-1.221714,-0.945201,-1.0,-1.0,-100.25,100.25,-5508.0,9538.5
2017-05-09 00:00:00,CTA(9,21),5489.75,5532.5,5619.8496,5698.642,-78.792387,-0.503094,-1.269923,-0.953433,-1.0,-1.0,24.5,-24.5,-5532.5,9514.0
2017-05-10 00:00:00,CTA(9,21),5478.25,5521.0,5604.1163,5688.1471,-84.03082,-0.519387,-1.304658,-0.957856,-1.0,-1.0,-11.5,11.5,-5521.0,9525.5
2017-05-11 00:00:00,CTA(9,21),5521.75,5564.5,5594.9645,5680.2235,-85.25896,-0.516545,-1.291844,-0.95637,-1.0,-1.0,43.5,-43.5,-5564.5,9482.0
2017-05-12 00:00:00,CTA(9,21),5539.0,5581.75,5588.7462,5673.4985,-84.752312,-0.504356,-1.256736,-0.951425,-1.0,-1.0,17.25,-17.25,-5581.75,9464.75
2017-05-15 00:00:00,CTA(9,21),5593.25,5636.0,5589.2466,5669.6772,-80.430534,-0.486313,-1.208271,-0.942466,-1.0,-1.0,54.25,-54.25,-5636.0,9410.5
2017-05-16 00:00:00,CTA(9,21),5598.25,5641.0,5590.247,5666.2759,-76.028867,-0.470566,-1.166528,-0.932738,-1.0,-1.0,5.0,-5.0,-5641.0,9405.5
2017-05-17 00:00:00,CTA(9,21),5600.5,5643.0,5591.3862,5663.1437,-71.757462,-0.44844,-1.110155,-0.916606,-1.0,-1.0,2.0,-2.0,-5643.0,9403.5
2017-05-18 00:00:00,CTA(9,21),5572.0,5613.5,5589.2322,5658.8035,-69.571312,-0.442173,-1.093927,-0.91132,-1.0,-1.0,-29.5,29.5,-5613.5,9433.0
2017-05-19 00:00:00,CTA(9,21),5676.0,5712.75,5598.8731,5659.6224,-60.749327,-0.392471,-0.971529,-0.862158,-1.0,-1.0,99.25,-99.25,-5712.75,9333.75
2017-05-22 00:00:00,CTA(9,21),5698.0,5734.75,5609.8872,5661.4499,-51.562729,-0.337532,-0.836997,-0.789353,-1.0,-1.0,22.0,-22.0,-5734.75,9311.75
2017-05-23 00:00:00,CTA(9,21),5705.5,5742.25,5620.5108,5663.5475,-43.036706,-0.292161,-0.726221,-0.715183,-1.0,-1.0,7.5,-7.5,-5742.25,9304.25
2017-05-24 00:00:00,CTA(9,21),5673.0,5709.75,5626.343,5663.9977,-37.654693,-0.265064,-0.660521,-0.665468,-1.0,-1.0,-32.5,32.5,-5709.75,9336.75
2017-05-25 00:00:00,CTA(9,21),5715.0,5751.75,5636.1937,5666.4263,-30.232594,-0.220791,-0.551695,-0.574464,-1.0,-1.0,42.0,-42.0,-5751.75,9294.75
2017-05-26 00:00:00,CTA(9,21),5646.0,5682.75,5637.2833,5665.4537,-28.170327,-0.206403,-0.517042,-0.543388,-1.0,-1.0,-69.0,69.0,-5682.75,9363.75
2017-05-30 00:00:00,CTA(9,21),5640.25,5677.0,5637.613,5664.2535,-26.640522,-0.197791,-0.496628,-0.524642,-1.0,-1.0,-5.75,5.75,-5677.0,9369.5
2017-05-31 00:00:00,CTA(9,21),5665.75,5702.5,5640.7393,5664.3247,-23.585447,-0.178205,-0.448588,-0.479302,-1.0,-1.0,25.5,-25.5,-5702.5,9344.0
2017-06-01 00:00:00,CTA(9,21),5683.0,5719.75,5645.4349,5665.214,-19.779111,-0.153807,-0.388242,-0.420095,-1.0,-1.0,17.25,-17.25,-5719.75,9326.75
2017-06-02 00:00:00,CTA(9,21),5648.0,5684.75,5645.7199,5664.3943,-18.674387,-0.151491,-0.383306,-0.415149,-1.0,-1.0,-35.0,35.0,-5684.75,9361.75
2017-06-05 00:00:00,CTA(9,21),5606.75,5643.5,5641.3899,5661.6494,-20.259412,-0.167581,-0.424845,-0.456292,-1.0,-1.0,-41.25,41.25,-5643.5,9403.0
2017-06-06 00:00:00,CTA(9,21),5594.25,5631.0,5636.1522,5658.4399,-22.28769,-0.187637,-0.476702,-0.506039,-1.0,-1.0,-12.5,12.5,-5631.0,9415.5
2017-06-07 00:00:00,CTA(9,21),5599.25,5636.0,5632.0519,5655.6213,-23.569367,-0.199897,-0.508996,-0.536037,-1.0,-1.0,5.0,-5.0,-5636.0,9410.5
2017-06-08 00:00:00,CTA(9,21),5709.25,5746.0,5640.6295,5658.175,-17.545551,-0.149141,-0.380924,-0.412756,-1.0,-1.0,110.0,-110.0,-5746.0,9300.5
2017-06-09 00:00:00,CTA(9,21),5784.0,5820.75,5656.5595,5664.1667,-7.60716,-0.064478,-0.16534,-0.18451,-1.0,-1.0,74.75,-74.75,-5820.75,9225.75
2017-06-12 00:00:00,CTA(9,21),5748.25,5785.0,5666.7474,5668.1707,-1.423298,-0.012047,-0.031024,-0.03485,-1.0,-1.0,-35.75,35.75,-5785.0,9261.5
2017-06-13 00:00:00,CTA(9,21),5690.0,5726.75,5669.331,5669.2102,0.120835,0.001023,0.002647,0.002974,1.0,-1.0,-58.25,58.25,-5726.75,9319.75
2017-06-14 00:00:00,CTA(9,21),5672.25,5709.0,5669.6553,5669.3549,0.300414,0.002553,0.006631,0.00745,1.0,1.0,-17.75,-17.75,5709.0,9302.0
2017-06-15 00:00:00,CTA(9,21),5637.75,5674.5,5666.1103,5667.8499,-1.739627,-0.014878,-0.038807,-0.043587,-1.0,1.0,-34.5,-34.5,5674.5,9267.5
2017-06-16 00:00:00,CTA(9,21),5639.75,5676.5,5663.1814,5666.5118,-3.330457,-0.028922,-0.07574,-0.084979,-1.0,-1.0,2.0,-2.0,-5676.5,9265.5
2017-06-19 00:00:00,CTA(9,21),5702.75,5739.5,5667.5779,5668.2375,-0.65957,-0.005896,-0.015498,-0.017412,-1.0,-1.0,63.0,-63.0,-5739.5,9202.5
2017-06-20 00:00:00,CTA(9,21),5637.5,5680.5,5664.2359,5666.7738,-2.53787,-0.023596,-0.062218,-0.069841,-1.0,-1.0,-59.0,59.0,-5680.5,9261.5
2017-06-21 00:00:00,CTA(9,21),5724.5,5767.75,5670.9319,5669.5226,1.409273,0.013427,0.035501,0.039876,1.0,-1.0,87.25,-87.25,-5767.75,9174.25
2017-06-22 00:00:00,CTA(9,21),5727.5,5769.75,5677.2173,5672.2835,4.93379,0.047171,0.124965,0.139862,1.0,1.0,2.0,2.0,5769.75,9176.25
2017-06-23 00:00:00,CTA(9,21),5785.5,5819.25,5689.2487,5677.6747,11.573942,0.110832,0.294135,0.323417,1.0,1.0,49.5,49.5,5819.25,9225.75
2017-06-26 00:00:00,CTA(9,21),5777.75,5811.5,5699.0822,5682.4402,16.641934,0.160313,0.426078,0.457498,1.0,1.0,-7.75,-7.75,5811.5,9218.0
2017-06-27 00:00:00,CTA(9,21),5842.25,5876.0,5714.9897,5690.0502,24.939483,0.2377,0.632219,0.642807,1.0,1.0,64.5,64.5,5876.0,9282.5
2017-06-28 00:00:00,CTA(9,21),5865.5,5899.25,5731.7131,5698.405,33.308099,0.310619,0.826186,0.782668,1.0,1.0,23.25,23.25,5899.25,9305.75
2017-06-29 00:00:00,CTA(9,21),5925.25,5959.0,5753.2172,5709.2071,44.010058,0.402729,1.070348,0.903126,1.0,1.0,59.75,59.75,5959.0,9365.5
2017-06-30 00:00:00,CTA(9,21),5923.0,5956.75,5772.0819,5719.3877,52.694204,0.478139,1.268828,0.953273,1.0,1.0,-2.25,-2.25,5956.75,9363.25
2017-07-03 00:00:00,CTA(9,21),5908.75,5942.5,5787.2673,5728.405,58.862294,0.540576,1.431471,0.963637,1.0,1.0,-14.25,-14.25,5942.5,9349.0
2017-07-04 00:00:00,CTA(9,21),5871.25,5905.0,5796.5987,5735.2071,61.391565,0.557822,1.473786,0.962094,1.0,1.0,-37.5,-37.5,5905.0,9311.5
2017-07-05 00:00:00,CTA(9,21),5818.0,5851.75,5798.9766,5739.1496,59.826971,0.538078,1.418708,0.96377,1.0,1.0,-53.25,-53.25,5851.75,9258.25
2017-07-06 00:00:00,CTA(9,21),5828.0,5861.75,5802.2014,5743.3806,58.820823,0.52397,1.37889,0.963173,1.0,1.0,10.0,10.0,5861.75,9268.25
2017-07-07 00:00:00,CTA(9,21),5806.5,5840.25,5802.679,5746.3863,56.292757,0.50861,1.336179,0.960794,1.0,1.0,-21.5,-21.5,5840.25,9246.75
2017-07-10 00:00:00,CTA(9,21),5799.0,5832.75,5802.2703,5748.8917,53.378559,0.485315,1.273114,0.953892,1.0,1.0,-7.5,-7.5,5832.75,9239.25
2017-07-11 00:00:00,CTA(9,21),5849.5,5883.25,5807.518,5753.6826,53.835436,0.485304,1.271214,0.95362,1.0,1.0,50.5,50.5,5883.25,9289.75
2017-07-12 00:00:00,CTA(9,21),5881.0,5914.75,5815.6827,5759.7453,55.937367,0.492088,1.28711,0.955778,1.0,1.0,31.5,31.5,5914.75,9321.25
2017-07-13 00:00:00,CTA(9,21),5854.0,5887.75,5819.9402,5764.2336,55.706529,0.482431,1.260308,0.951987,1.0,1.0,-27.0,-27.0,5887.75,9294.25
2017-07-14 00:00:00,CTA(9,21),5905.25,5939.0,5829.419,5770.9487,58.470335,0.494771,1.29099,0.956265,1.0,1.0,51.25,51.25,5939.0,9345.5
2017-07-17 00:00:00,CTA(9,21),5971.0,6004.75,5845.1502,5780.4749,64.675302,0.524743,1.367391,0.962712,1.0,1.0,65.75,65.75,6004.75,9411.25
2017-07-18 00:00:00,CTA(9,21),5985.5,6025.5,5860.7447,5790.238,70.506621,0.554514,1.443047,0.963382,1.0,1.0,20.75,20.75,6025.5,9432.0
2017-07-19 00:00:00,CTA(9,21),5944.0,5985.25,5869.9953,5797.56,72.435216,0.561851,1.460462,0.96276,1.0,1.0,-40.25,-40.25,5985.25,9391.75
2017-07-20 00:00:00,CTA(9,21),5937.75,5978.0,5877.5236,5804.2358,73.287808,0.557751,1.448605,0.963214,1.0,1.0,-7.25,-7.25,5978.0,9384.5
2017-07-21 00:00:00,CTA(9,21),5983.0,6010.75,5889.2432,5812.7483,76.494829,0.567057,1.471561,0.962217,1.0,1.0,32.75,32.75,6010.75,9417.25
2017-07-24 00:00:00,CTA(9,21),6006.75,6034.5,5902.2995,5821.9865,80.31297,0.577144,1.496314,0.960597,1.0,1.0,23.75,23.75,6034.5,9441.0
2017-07-25 00:00:00,CTA(9,21),6208.0,6235.75,5936.2662,5840.3681,95.898099,0.632194,1.636493,0.941352,1.0,1.0,201.25,201.25,6235.75,9642.25
2017-07-26 00:00:00,CTA(9,21),6307.75,6335.5,5977.5422,5862.6244,114.917796,0.684456,1.767355,0.909493,1.0,1.0,99.75,99.75,6335.5,9742.0
2017-07-27 00:00:00,CTA(9,21),6307.25,6335.0,6014.1764,5883.797,130.379349,0.716416,1.844341,0.885376,1.0,1.0,-0.5,-0.5,6335.0,9741.5
2017-07-28 00:00:00,CTA(9,21),6302.5,6330.25,6046.2123,5903.7353,142.47707,0.732309,1.879408,0.873233,1.0,1.0,-4.75,-4.75,6330.25,9736.75
2017-07-31 00:00:00,CTA(9,21),6343.25,6371.0,6079.2165,5924.6645,154.551982,0.74371,1.902191,0.864985,1.0,1.0,40.75,40.75,6371.0,9777.5
2017-08-01 00:00:00,CTA(9,21),6320.75,6348.5,6106.0536,5943.5258,162.527822,0.747692,1.905607,0.863726,1.0,1.0,-22.5,-22.5,6348.5,9755.0
2017-08-02 00:00:00,CTA(9,21),6330.25,6358.0,6130.9643,5961.9412,169.023096,0.75017,1.904831,0.864012,1.0,1.0,9.5,9.5,6358.0,9764.5
2017-08-03 00:00:00,CTA(9,21),6331.25,6359.0,6153.2183,5979.5273,173.69093,0.745069,1.884661,0.871356,1.0,1.0,1.0,1.0,6359.0,9765.5
2017-08-04 00:00:00,CTA(9,21),6352.25,6380.0,6175.3329,5997.276,178.056869,0.745915,1.879279,0.873279,1.0,1.0,21.0,21.0,6380.0,9786.5
2017-08-07 00:00:00,CTA(9,21),6388.25,6416.0,6198.9904,6015.8938,183.096516,0.746746,1.87378,0.875228,1.0,1.0,36.0,36.0,6416.0,9822.5
2017-08-08 00:00:00,CTA(9,21),6455.25,6483.0,6227.4636,6036.8156,190.648088,0.75398,1.884112,0.871553,1.0,1.0,67.0,67.0,6483.0,9889.5
2017-08-09 00:00:00,CTA(9,21),6430.5,6458.25,6250.0232,6055.5624,194.460805,0.749468,1.865332,0.878189,1.0,1.0,-24.75,-24.75,6458.25,9864.75
2017-08-10 00:00:00,CTA(9,21),6395.25,6423.0,6266.1595,6071.738,194.421513,0.735489,1.823678,0.892203,1.0,1.0,-35.25,-35.25,6423.0,9829.5
2017-08-11 00:00:00,CTA(9,21),6383.5,6411.25,6279.1974,6086.5838,192.613533,0.715625,1.768433,0.909181,1.0,1.0,-11.75,-11.75,6411.25,9817.75
2017-08-14 00:00:00,CTA(9,21),6367.5,6395.25,6289.0088,6099.9608,189.047976,0.692624,1.706543,0.925826,1.0,1.0,-16.0,-16.0,6395.25,9801.75
2017-08-15 00:00:00,CTA(9,21),6359.0,6385.25,6296.7856,6112.296,184.489579,0.668546,1.642972,0.940072,1.0,1.0,-10.0,-10.0,6385.25,9791.75
2017-08-16 00:00:00,CTA(9,21),6512.5,6538.25,6320.7539,6131.3533,189.400514,0.670939,1.644794,0.939706,1.0,1.0,153.0,153.0,6538.25,9944.75
2017-08-17 00:00:00,CTA(9,21),6470.75,6496.5,6337.4201,6147.5151,189.905007,0.658685,1.611135,0.946044,1.0,1.0,-41.75,-41.75,6496.5,9903.0
2017-08-18 00:00:00,CTA(9,21),6466.75,6482.0,6351.7901,6162.7167,189.073334,0.643394,1.570618,0.95246,1.0,1.0,-14.5,-14.5,6482.0,9888.5
2017-08-21 00:00:00,CTA(9,21),6564.75,6580.0,6375.4523,6181.8612,193.591107,0.641465,1.563179,0.95349,1.0,1.0,98.0,98.0,6580.0,9986.5
2017-08-22 00:00:00,CTA(9,21),6559.25,6574.5,6395.8743,6199.8321,196.042179,0.636007,1.547798,0.955469,1.0,1.0,-5.5,-5.5,6574.5,9981.0
2017-08-23 00:00:00,CTA(9,21),6544.75,6560.0,6412.416,6216.2567,196.159265,0.624397,1.518662,0.958659,1.0,1.0,-14.5,-14.5,6560.0,9966.5
2017-08-24 00:00:00,CTA(9,21),6667.75,6683.0,6440.7865,6237.7564,203.030029,0.630672,1.533982,0.957074,1.0,1.0,123.0,123.0,6683.0,10089.5
2017-08-25 00:00:00,CTA(9,21),6647.5,6662.75,6463.7546,6257.268,206.486602,0.629594,1.532558,0.95723,1.0,1.0,-20.25,-20.25,6662.75,10069.25
2017-08-29 00:00:00,CTA(9,21),6772.0,6787.25,6498.0041,6281.7791,216.225042,0.640537,1.561412,0.953727,1.0,1.0,124.5,124.5,6787.25,10193.75
2017-08-30 00:00:00,CTA(9,21),6746.0,6761.25,6525.5592,6303.8848,221.674382,0.641654,1.567328,0.952921,1.0,1.0,-26.0,-26.0,6761.25,10167.75
2017-08-31 00:00:00,CTA(9,21),6763.5,6778.75,6551.9971,6325.7713,226.225811,0.642228,1.572608,0.952177,1.0,1.0,17.5,17.5,6778.75,10185.25
2017-09-01 00:00:00,CTA(9,21),6810.0,6825.25,6580.6641,6348.8298,231.834291,0.646559,1.58767,0.949925,1.0,1.0,46.5,46.5,6825.25,10231.75
2017-09-04 00:00:00,CTA(9,21),6891.25,6906.5,6615.1736,6374.6593,240.514305,0.656995,1.618377,0.944756,1.0,1.0,81.25,81.25,6906.5,10313.0
2017-09-05 00:00:00,CTA(9,21),6873.0,6888.25,6643.821,6398.3898,245.431172,0.66007,1.631718,0.942275,1.0,1.0,-18.25,-18.25,6888.25,10294.75
2017-09-06 00:00:00,CTA(9,21),6875.5,6890.75,6669.5631,6421.1094,248.453752,0.65582,1.627474,0.943079,1.0,1.0,2.5,2.5,6890.75,10297.25
2017-09-07 00:00:00,CTA(9,21),6870.75,6886.0,6691.9172,6442.5208,249.396392,0.646026,1.609787,0.946279,1.0,1.0,-4.75,-4.75,6886.0,10292.5
2017-09-08 00:00:00,CTA(9,21),6660.25,6675.5,6688.3986,6452.8889,235.509757,0.608964,1.524738,0.958055,1.0,1.0,-210.5,-210.5,6675.5,10082.0
2017-09-11 00:00:00,CTA(9,21),6712.25,6727.5,6691.0488,6465.2394,225.80938,0.583901,1.469733,0.962314,1.0,1.0,52.0,52.0,6727.5,10134.0
2017-09-12 00:00:00,CTA(9,21),6627.25,6642.5,6683.96,6472.9542,211.005836,0.549448,1.390667,0.963511,1.0,1.0,-85.0,-85.0,6642.5,10049.0
2017-09-13 00:00:00,CTA(9,21),6513.75,6529.0,6665.0478,6474.8968,190.150954,0.502709,1.278569,0.954651,1.0,1.0,-113.5,-113.5,6529.0,9935.5
2017-09-14 00:00:00,CTA(9,21),6457.25,6472.5,6641.9592,6474.0565,167.902635,0.452158,1.154875,0.929686,1.0,1.0,-56.5,-56.5,6472.5,9879.0
2017-09-15 00:00:00,CTA(9,21),6462.5,6477.75,6622.0192,6473.5062,148.51304,0.406311,1.041446,0.89225,1.0,1.0,5.25,5.25,6477.75,9884.25
2017-09-18 00:00:00,CTA(9,21),6474.75,6490.0,6605.656,6473.5654,132.090562,0.369467,0.949912,0.851773,1.0,1.0,12.25,12.25,6490.0,9896.5
2017-09-19 00:00:00,CTA(9,21),6508.75,6518.5,6594.8887,6475.2409,119.647773,0.34032,0.877125,0.813093,1.0,1.0,28.5,28.5,6518.5,9925.0
2017-09-20 00:00:00,CTA(9,21),6500.0,6507.25,6584.3455,6476.4199,107.925583,0.312762,0.807837,0.771043,1.0,1.0,-11.25,-11.25,6507.25,9913.75
2017-09-21 00:00:00,CTA(9,21),6455.0,6462.25,6569.9738,6475.3999,94.573858,0.278831,0.721201,0.711531,1.0,1.0,-45.0,-45.0,6462.25,9868.75
2017-09-22 00:00:00,CTA(9,21),6430.25,6424.0,6554.4489,6473.2499,81.198991,0.244214,0.632201,0.642792,1.0,1.0,-38.25,-38.25,6424.0,9830.5
2017-09-25 00:00:00,CTA(9,21),6418.25,6412.0,6539.3157,6470.6309,68.684823,0.210083,0.544113,0.567747,1.0,1.0,-12.0,-12.0,6412.0,9818.5
2017-09-26 00:00:00,CTA(9,21),6370.5,6364.25,6520.5584,6465.8627,54.695661,0.170142,0.440813,0.471809,1.0,1.0,-47.75,-47.75,6364.25,9770.75
2017-09-27 00:00:00,CTA(9,21),6405.0,6398.75,6507.7186,6462.9645,44.754065,0.141116,0.365644,0.397331,1.0,1.0,34.5,34.5,6398.75,9805.25
2017-09-28 00:00:00,CTA(9,21),6487.5,6481.25,6505.4721,6464.1329,41.339201,0.132113,0.342291,0.373495,1.0,1.0,82.5,82.5,6481.25,9887.75
2017-09-29 00:00:00,CTA(9,21),6447.25,6441.0,6499.0029,6463.3289,35.674029,0.115902,0.300207,0.329796,1.0,1.0,-40.25,-40.25,6441.0,9847.5
2017-10-02 00:00:00,CTA(9,21),6460.75,6454.5,6494.7526,6463.2061,31.546507,0.104652,0.270978,0.298932,1.0,1.0,13.5,13.5,6454.5,9861.0
2017-10-03 00:00:00,CTA(9,21),6485.25,6479.0,6493.6968,6464.2558,29.440952,0.100416,0.259919,0.287152,1.0,1.0,24.5,24.5,6479.0,9885.5
2017-10-04 00:00:00,CTA(9,21),6486.25,6480.0,6492.8694,6465.3032,27.566191,0.09685,0.250599,0.277186,1.0,1.0,1.0,1.0,6480.0,9886.5
2017-10-05 00:00:00,CTA(9,21),6667.75,6661.5,6512.3005,6474.9435,37.357048,0.135127,0.349608,0.380996,1.0,1.0,181.5,181.5,6661.5,10068.0
2017-10-06 00:00:00,CTA(9,21),6626.0,6619.75,6524.9338,6482.1367,42.797155,0.160601,0.41553,0.447163,1.0,1.0,-41.75,-41.75,6619.75,10026.25
2017-10-09 00:00:00,CTA(9,21),6623.0,6616.75,6535.8301,6488.8444,46.98562,0.182585,0.472418,0.502002,1.0,1.0,-3.0,-3.0,6616.75,10023.25
2017-10-10 00:00:00,CTA(9,21),6712.25,6706.0,6555.4323,6499.4828,55.949476,0.224065,0.579799,0.598947,1.0,1.0,89.25,89.25,6706.0,10112.5
2017-10-11 00:00:00,CTA(9,21),6760.0,6753.75,6578.162,6511.8884,66.273643,0.27511,0.711975,0.704754,1.0,1.0,47.75,47.75,6753.75,10160.25
2017-10-12 00:00:00,CTA(9,21),6862.5,6856.25,6609.7551,6528.5842,81.170961,0.344905,0.892861,0.821938,1.0,1.0,102.5,102.5,6856.25,10262.75
2017-10-13 00:00:00,CTA(9,21),6859.5,6853.25,6637.5046,6544.3421,93.162494,0.403116,1.044152,0.893308,1.0,1.0,-3.0,-3.0,6853.25,10259.75
2017-10-16 00:00:00,CTA(9,21),7122.0,7115.75,6691.3374,6571.8496,119.4878,0.507791,1.316095,0.959039,1.0,1.0,262.5,262.5,7115.75,10522.25
2017-10-17 00:00:00,CTA(9,21),7001.0,7014.25,6725.7443,6592.2853,133.459024,0.575224,1.491842,0.960931,1.0,1.0,-101.5,-101.5,7014.25,10420.75
2017-10-18 00:00:00,CTA(9,21),6964.5,6978.75,6752.2727,6610.0098,142.262922,0.629474,1.633842,0.941866,1.0,1.0,-35.5,-35.5,6978.75,10385.25
2017-10-19 00:00:00,CTA(9,21),6946.0,6959.25,6773.798,6626.0094,147.78864,0.671622,1.745243,0.915724,1.0,1.0,-19.5,-19.5,6959.25,10365.75
2017-10-20 00:00:00,CTA(9,21),6929.5,6928.25,6791.0982,6640.4613,150.636927,0.705904,1.837415,0.887692,1.0,1.0,-31.0,-31.0,6928.25,10334.75
2017-10-23 00:00:00,CTA(9,21),6983.75,6982.5,6812.504,6656.8084,155.695599,0.726144,1.894532,0.867789,1.0,1.0,54.25,54.25,6982.5,10389.0
2017-10-24 00:00:00,CTA(9,21),7015.75,7014.5,6835.0869,6673.9008,161.186033,0.738743,1.930963,0.85419,1.0,1.0,32.0,32.0,7014.5,10421.0
2017-10-25 00:00:00,CTA(9,21),6991.25,6990.0,6852.4383,6689.0127,163.425627,0.740818,1.93928,0.850993,1.0,1.0,-24.5,-24.5,6990.0,10396.5
2017-10-26 00:00:00,CTA(9,21),6967.0,6965.75,6865.1674,6702.2502,162.917211,0.734839,1.925167,0.856398,1.0,1.0,-24.25,-24.25,6965.75,10372.25
2017-10-27 00:00:00,CTA(9,21),6808.5,6807.25,6858.871,6707.3097,151.561319,0.688372,1.803803,0.89853,1.0,1.0,-158.5,-158.5,6807.25,10213.75
2017-10-30 00:00:00,CTA(9,21),6846.5,6845.25,6857.4965,6713.9378,143.558651,0.657242,1.721691,0.921996,1.0,1.0,38.0,38.0,6845.25,10251.75
2017-10-31 00:00:00,CTA(9,21),6822.75,6821.5,6853.6357,6719.1193,134.5164,0.622133,1.62839,0.942907,1.0,1.0,-23.75,-23.75,6821.5,10228.0
2017-11-01 00:00:00,CTA(9,21),6905.75,6904.5,6859.4262,6728.0065,131.419699,0.611074,1.597733,0.948315,1.0,1.0,83.0,83.0,6904.5,10311.0
2017-11-02 00:00:00,CTA(9,21),6904.0,6902.75,6864.3789,6736.3872,127.9917,0.598155,1.562317,0.953606,1.0,1.0,-1.75,-1.75,6902.75,10309.25
2017-11-03 00:00:00,CTA(9,21),6870.0,6868.75,6865.0034,6742.7497,122.253754,0.574604,1.499723,0.96033,1.0,1.0,-34.0,-34.0,6868.75,10275.25
2017-11-06 00:00:00,CTA(9,21),6942.5,6941.25,6873.6142,6752.2616,121.352564,0.56755,1.480997,0.961665,1.0,1.0,72.5,72.5,6941.25,10347.75
2017-11-07 00:00:00,CTA(9,21),6797.25,6796.0,6865.1293,6754.4039,110.725352,0.522129,1.363607,0.962531,1.0,1.0,-145.25,-145.25,6796.0,10202.5
2017-11-08 00:00:00,CTA(9,21),6829.0,6827.75,6861.1149,6757.9561,103.158796,0.491928,1.287157,0.955784,1.0,1.0,31.75,31.75,6827.75,10234.25
2017-11-09 00:00:00,CTA(9,21),6779.0,6777.75,6851.991,6758.9582,93.032828,0.450804,1.182911,0.93678,1.0,1.0,-50.0,-50.0,6777.75,10184.25
2017-11-10 00:00:00,CTA(9,21),6754.0,6752.75,6841.1031,6758.7221,82.381042,0.407342,1.072608,0.903937,1.0,1.0,-25.0,-25.0,6752.75,10159.25
2017-11-13 00:00:00,CTA(9,21),6860.75,6859.5,6843.2861,6763.5806,79.705555,0.401595,1.061537,0.899907,1.0,1.0,106.75,106.75,6859.5,10266.0
2017-11-14 00:00:00,CTA(9,21),6736.5,6732.0,6831.421,6762.291,69.129982,0.351039,0.931651,0.842605,1.0,1.0,-127.5,-127.5,6732.0,10138.5
2017-11-15 00:00:00,CTA(9,21),6752.0,6746.5,6822.5964,6761.801,60.795476,0.312451,0.832467,0.786567,1.0,1.0,14.5,14.5,6746.5,10153.0
2017-11-16 00:00:00,CTA(9,21),6716.0,6710.5,6810.7524,6759.62,51.132426,0.266371,0.712362,0.70504,1.0,1.0,-36.0,-36.0,6710.5,10117.0
2017-11-17 00:00:00,CTA(9,21),6756.5,6741.0,6804.7243,6759.4714,45.252952,0.236939,0.635819,0.64573,1.0,1.0,30.5,30.5,6741.0,10147.5
2017-11-20 00:00:00,CTA(9,21),6808.5,6793.0,6805.1439,6761.8061,43.337774,0.227925,0.613682,0.627572,1.0,1.0,52.0,52.0,6793.0,10199.5
2017-11-21 00:00:00,CTA(9,21),6888.5,6873.0,6814.4057,6767.8391,46.566524,0.245366,0.662879,0.667323,1.0,1.0,80.0,80.0,6873.0,10279.5
2017-11-22 00:00:00,CTA(9,21),6933.5,6918.0,6827.6384,6775.7277,51.910616,0.271372,0.735728,0.722033,1.0,1.0,45.0,45.0,6918.0,10324.5
2017-11-23 00:00:00,CTA(9,21),6945.5,6930.0,6840.7341,6783.8121,56.921961,0.295316,0.803633,0.76833,1.0,1.0,12.0,12.0,6930.0,10336.5
2017-11-24 00:00:00,CTA(9,21),6986.0,6970.5,6856.8748,6793.4401,63.434623,0.325,0.887782,0.819112,1.0,1.0,40.5,40.5,6970.5,10377.0
2017-11-27 00:00:00,CTA(9,21),6921.5,6906.0,6864.0553,6799.5382,64.517117,0.328396,0.900457,0.826112,1.0,1.0,-64.5,-64.5,6906.0,10312.5
2017-11-28 00:00:00,CTA(9,21),6782.75,6767.25,6855.0214,6798.7388,56.28263,0.286421,0.788087,0.758143,1.0,1.0,-138.75,-138.75,6767.25,10173.75
2017-11-29 00:00:00,CTA(9,21),6737.5,6722.0,6841.9635,6795.8226,46.140828,0.235004,0.648728,0.656115,1.0,1.0,-45.25,-45.25,6722.0,10128.5
2017-11-30 00:00:00,CTA(9,21),6739.5,6724.0,6830.5786,6793.1406,37.438028,0.191541,0.530311,0.555401,1.0,1.0,2.0,2.0,6724.0,10130.5
2017-12-01 00:00:00,CTA(9,21),6811.75,6796.25,6828.4866,6794.0268,34.459796,0.176759,0.490683,0.519122,1.0,1.0,72.25,72.25,6796.25,10202.75
2017-12-04 00:00:00,CTA(9,21),6803.75,6788.25,6825.7381,6794.4898,31.248277,0.160764,0.447436,0.478195,1.0,1.0,-8.0,-8.0,6788.25,10194.75
2017-12-05 00:00:00,CTA(9,21),6519.0,6503.5,6791.6561,6781.3712,10.284831,0.052569,0.14658,0.163814,1.0,1.0,-284.75,-284.75,6503.5,9910.0
2017-12-06 00:00:00,CTA(9,21),6525.5,6510.0,6762.0832,6769.1869,-7.10372,-0.036021,-0.100521,-0.112659,-1.0,1.0,6.5,6.5,6510.0,9916.5
2017-12-07 00:00:00,CTA(9,21),6536.5,6521.0,6737.0184,6758.1066,-21.088188,-0.1061,-0.296041,-0.325422,-1.0,-1.0,11.0,-11.0,-6521.0,9905.5
2017-12-08 00:00:00,CTA(9,21),6542.75,6527.25,6715.433,6747.8515,-32.418488,-0.162295,-0.452376,-0.482937,-1.0,-1.0,6.25,-6.25,-6527.25,9899.25
2017-12-11 00:00:00,CTA(9,21),6640.25,6624.75,6707.0793,6742.7276,-35.648274,-0.179882,-0.500649,-0.52836,-1.0,-1.0,97.5,-97.5,-6624.75,9801.75
2017-12-12 00:00:00,CTA(9,21),6632.0,6616.5,6698.7372,6737.4549,-38.717679,-0.198064,-0.550144,-0.573094,-1.0,-1.0,-8.25,8.25,-6616.5,9810.0
2017-12-13 00:00:00,CTA(9,21),6696.25,6680.75,6698.4608,6735.4927,-37.031896,-0.19244,-0.533394,-0.558172,-1.0,-1.0,64.25,-64.25,-6680.75,9745.75
2017-12-14 00:00:00,CTA(9,21),6762.0,6746.5,6705.5207,6736.755,-31.234239,-0.164846,-0.456053,-0.486456,-1.0,-1.0,65.75,-65.75,-6746.5,9680.0
2017-12-15 00:00:00,CTA(9,21),6855.25,6839.75,6722.1573,6742.3976,-20.240274,-0.107891,-0.298073,-0.327556,-1.0,-1.0,93.25,-93.25,-6839.75,9586.75
2017-12-18 00:00:00,CTA(9,21),6874.25,6858.75,6739.0565,6748.6763,-9.619773,-0.05185,-0.143096,-0.159961,-1.0,-1.0,19.0,-19.0,-6858.75,9567.75
2017-12-19 00:00:00,CTA(9,21),6919.75,6908.0,6759.1336,6756.8226,2.310914,0.012651,0.03489,0.03919,1.0,-1.0,49.25,-49.25,-6908.0,9518.5
2017-12-20 00:00:00,CTA(9,21),7016.75,7007.0,6787.7576,6769.2001,18.55747,0.102837,0.28355,0.312256,1.0,1.0,99.0,99.0,7007.0,9617.5
2017-12-21 00:00:00,CTA(9,21),7058.5,7049.0,6817.8401,6782.9763,34.863774,0.195532,0.539125,0.563303,1.0,1.0,42.0,42.0,7049.0,9659.5
2017-12-22 00:00:00,CTA(9,21),7100.5,7076.0,6849.2468,6798.0965,51.150254,0.292465,0.806378,0.770103,1.0,1.0,27.0,27.0,7076.0,9686.5
2017-12-27 00:00:00,CTA(9,21),7217.75,7193.25,6890.1916,6818.08,72.11156,0.410126,1.130373,0.922789,1.0,1.0,117.25,117.25,7193.25,9803.75
2017-12-28 00:00:00,CTA(9,21),7264.75,7240.25,6931.8092,6839.35,92.459164,0.512588,1.411387,0.963776,1.0,1.0,47.0,47.0,7240.25,9850.75
2017-12-29 00:00:00,CTA(9,21),7219.0,7194.5,6963.7193,6857.4286,106.290686,0.587176,1.61417,0.945509,1.0,1.0,-45.75,-45.75,7194.5,9805.0
2018-01-02 00:00:00,CTA(9,21),7173.25,7148.75,6987.0004,6872.4677,114.532764,0.636867,1.747165,0.915195,1.0,1.0,-45.75,-45.75,7148.75,9759.25
2018-01-03 00:00:00,CTA(9,21),7112.5,7088.0,7000.9448,6883.8978,117.047048,0.660703,1.808371,0.897097,1.0,1.0,-60.75,-60.75,7088.0,9698.5
2018-01-04 00:00:00,CTA(9,21),7154.25,7129.75,7017.9788,6896.7717,121.20704,0.692857,1.891367,0.868938,1.0,1.0,41.75,41.75,7129.75,9740.25
2018-01-05 00:00:00,CTA(9,21),7087.0,7062.5,7025.6478,6905.8302,119.817577,0.683066,1.860057,0.880019,1.0,1.0,-67.25,-67.25,7062.5,9673.0
2018-01-08 00:00:00,CTA(9,21),7087.0,7062.5,7032.4647,6914.4573,118.007358,0.675296,1.834666,0.888604,1.0,1.0,0.0,0.0,7062.5,9673.0
2018-01-09 00:00:00,CTA(9,21),7065.0,7040.5,7036.0797,6921.626,114.453694,0.660419,1.790411,0.902656,1.0,1.0,-22.0,-22.0,7040.5,9651.0
2018-01-10 00:00:00,CTA(9,21),7116.75,7092.25,7045.0431,6930.9176,114.12544,0.654483,1.770668,0.908532,1.0,1.0,51.75,51.75,7092.25,9702.75
2018-01-11 00:00:00,CTA(9,21),7103.5,7079.0,7051.5383,6939.1359,112.402445,0.639973,1.728093,0.920329,1.0,1.0,-13.25,-13.25,7079.0,9689.5
2018-01-12 00:00:00,CTA(9,21),7074.75,7050.25,7054.1174,6945.5937,108.523706,0.612991,1.652488,0.938133,1.0,1.0,-28.75,-28.75,7050.25,9660.75
2018-01-15 00:00:00,CTA(9,21),7181.25,7156.75,7068.2432,6956.8154,111.427823,0.617269,1.661202,0.936297,1.0,1.0,106.5,106.5,7156.75,9767.25
2018-01-16 00:00:00,CTA(9,21),7052.75,7035.25,7066.5218,6961.3837,105.138039,0.586151,1.575273,0.951792,1.0,1.0,-121.5,-121.5,7035.25,9645.75
2018-01-17 00:00:00,CTA(9,21),7008.25,6990.75,7060.0471,6963.6154,96.431672,0.537412,1.442882,0.963386,1.0,1.0,-44.5,-44.5,6990.75,9601.25
2018-01-18 00:00:00,CTA(9,21),7049.5,7033.0,7058.8752,6967.7052,91.170029,0.50585,1.357131,0.962189,1.0,1.0,42.25,42.25,7033.0,9643.5
2018-01-19 00:00:00,CTA(9,21),7016.75,6987.25,7054.1946,6970.0407,84.153983,0.465658,1.248679,0.950108,1.0,1.0,-45.75,-45.75,6987.25,9597.75
2018-01-22 00:00:00,CTA(9,21),7042.5,7013.0,7052.8952,6973.4911,79.404133,0.437415,1.172529,0.934252,1.0,1.0,25.75,25.75,7013.0,9623.5
2018-01-23 00:00:00,CTA(9,21),6900.5,6871.0,7035.9624,6970.0153,65.947097,0.363824,0.975209,0.863875,1.0,1.0,-142.0,-142.0,6871.0,9481.5
2018-01-24 00:00:00,CTA(9,21),7128.0,7098.5,7046.1888,6977.5384,68.650414,0.375322,1.006027,0.877674,1.0,1.0,227.5,227.5,7098.5,9709.0
2018-01-25 00:00:00,CTA(9,21),7115.75,7086.25,7053.9178,6984.1199,69.797929,0.378303,1.014066,0.881103,1.0,1.0,-12.25,-12.25,7086.25,9696.75
2018-01-26 00:00:00,CTA(9,21),7059.5,7030.0,7054.5381,6987.7094,66.828641,0.360575,0.966739,0.8599,1.0,1.0,-56.25,-56.25,7030.0,9640.5
2018-01-29 00:00:00,CTA(9,21),7056.0,7026.5,7054.7005,6990.9614,63.739145,0.34311,0.920175,0.83666,1.0,1.0,-3.5,-3.5,7026.5,9637.0
2018-01-30 00:00:00,CTA(9,21),7023.5,6994.0,7051.2338,6992.5108,58.722962,0.315602,0.846915,0.795378,1.0,1.0,-32.5,-32.5,6994.0,9604.5
2018-01-31 00:00:00,CTA(9,21),7091.25,7061.75,7055.68,6997.2127,58.467342,0.312752,0.839991,0.791183,1.0,1.0,67.75,67.75,7061.75,9672.25
2018-02-01 00:00:00,CTA(9,21),7089.0,7059.5,7059.3823,7001.5835,57.798736,0.307243,0.826098,0.782612,1.0,1.0,-2.25,-2.25,7059.5,9670.0
2018-02-02 00:00:00,CTA(9,21),7015.5,6986.0,7054.5065,7002.2462,52.26024,0.277314,0.746472,0.729666,1.0,1.0,-73.5,-73.5,6986.0,9596.5
2018-02-05 00:00:00,CTA(9,21),7139.25,7109.75,7063.9224,7008.7702,55.1522,0.28996,0.78163,0.753839,1.0,1.0,123.75,123.75,7109.75,9720.25
2018-02-06 00:00:00,CTA(9,21),7041.75,7012.25,7061.4588,7010.3407,51.118133,0.268027,0.723628,0.7133,1.0,1.0,-97.5,-97.5,7012.25,9622.75
2018-02-07 00:00:00,CTA(9,21),6845.0,6815.5,7037.4078,7002.4673,34.94052,0.183636,0.496663,0.524674,1.0,1.0,-196.75,-196.75,6815.5,9426.0
2018-02-08 00:00:00,CTA(9,21),6811.25,6781.75,7012.2792,6993.3617,18.917459,0.099336,0.26901,0.296839,1.0,1.0,-33.75,-33.75,6781.75,9392.25
2018-02-09 00:00:00,CTA(9,21),6719.75,6690.25,6979.7759,6980.3326,-0.556653,-0.002909,-0.007888,-0.008862,-1.0,1.0,-91.5,-91.5,6690.25,9300.75
2018-02-12 00:00:00,CTA(9,21),6795.0,6765.5,6959.2453,6971.5072,-12.261951,-0.064263,-0.174468,-0.194545,-1.0,-1.0,75.25,-75.25,-6765.5,9225.5
2018-02-13 00:00:00,CTA(9,21),6951.25,6921.75,6958.3569,6970.5426,-12.185685,-0.063932,-0.173821,-0.193834,-1.0,-1.0,156.25,-156.25,-6921.75,9069.25
2018-02-14 00:00:00,CTA(9,21),7125.75,7096.25,6976.9561,6977.9334,-0.977282,-0.005132,-0.013985,-0.015712,-1.0,-1.0,174.5,-174.5,-7096.25,8894.75
2018-02-15 00:00:00,CTA(9,21),7143.75,7114.25,6995.4888,6985.8295,9.659341,0.05068,0.13848,0.154851,1.0,-1.0,18.0,-18.0,-7114.25,8876.75
2018-02-16 00:00:00,CTA(9,21),7192.0,7162.5,7017.3234,6995.6471,21.676275,0.113624,0.311373,0.34148,1.0,1.0,48.25,48.25,7162.5,8925.0
2018-02-19 00:00:00,CTA(9,21),7076.5,7047.0,7023.8986,6999.4972,24.401317,0.12863,0.353688,0.385166,1.0,1.0,-115.5,-115.5,7047.0,8809.5
2018-02-20 00:00:00,CTA(9,21),7063.25,7032.0,7028.2709,7002.5331,25.737854,0.136059,0.375421,0.407218,1.0,1.0,-15.0,-15.0,7032.0,8794.5
2018-02-21 00:00:00,CTA(9,21),7092.5,7061.0,7035.4075,7006.8172,28.590278,0.150773,0.417446,0.449045,1.0,1.0,29.0,29.0,7061.0,8823.5
2018-02-22 00:00:00,CTA(9,21),7137.0,7104.5,7046.6956,7013.0164,33.679154,0.176519,0.489946,0.518437,1.0,1.0,43.5,43.5,7104.5,8867.0
2018-02-23 00:00:00,CTA(9,21),7069.25,7023.75,7049.2016,7015.6942,33.507413,0.17526,0.487421,0.516083,1.0,1.0,-80.75,-80.75,7023.75,8786.25
2018-02-26 00:00:00,CTA(9,21),7083.75,7038.25,7053.0403,7018.9349,34.105371,0.177904,0.495572,0.523663,1.0,1.0,14.5,14.5,7038.25,8800.75
2018-02-27 00:00:00,CTA(9,21),6993.25,6947.75,7046.3969,7017.7119,28.685095,0.149704,0.41758,0.449177,1.0,1.0,-90.5,-90.5,6947.75,8710.25
2018-02-28 00:00:00,CTA(9,21),6903.5,6858.0,7030.5195,7012.2732,18.246316,0.095897,0.267784,0.295535,1.0,1.0,-89.75,-89.75,6858.0,8620.5
2018-03-01 00:00:00,CTA(9,21),6894.5,6849.0,7015.4062,7006.6649,8.741285,0.046467,0.129823,0.145255,1.0,1.0,-9.0,-9.0,6849.0,8611.5
2018-03-02 00:00:00,CTA(9,21),6871.0,6825.5,6999.3611,7000.2047,-0.843616,-0.004532,-0.012661,-0.014225,-1.0,1.0,-23.5,-23.5,6825.5,8588.0
2018-03-05 00:00:00,CTA(9,21),6880.75,6835.25,6986.1821,6994.5164,-8.334307,-0.044967,-0.125526,-0.140486,-1.0,-1.0,9.75,-9.75,-6835.25,8578.25
2018-03-06 00:00:00,CTA(9,21),6972.25,6926.75,6984.6341,6993.4561,-8.822012,-0.047959,-0.133733,-0.149592,-1.0,-1.0,91.5,-91.5,-6926.75,8486.75
2018-03-07 00:00:00,CTA(9,21),6916.75,6871.25,6977.0914,6989.8034,-12.712016,-0.072928,-0.203074,-0.225833,-1.0,-1.0,-55.5,55.5,-6871.25,8542.25
2018-03-08 00:00:00,CTA(9,21),6801.75,6756.25,6957.609,6980.8485,-23.239469,-0.140258,-0.389776,-0.421628,-1.0,-1.0,-115.0,115.0,-6756.25,8657.25
2018-03-09 00:00:00,CTA(9,21),6934.0,6888.5,6954.9858,6978.6176,-23.631813,-0.152266,-0.422334,-0.453837,-1.0,-1.0,132.25,-132.25,-6888.5,8525.0
2018-03-12 00:00:00,CTA(9,21),6878.0,6832.5,6946.4318,6973.8263,-27.394476,-0.189417,-0.52422,-0.549904,-1.0,-1.0,-56.0,56.0,-6832.5,8581.0
2018-03-13 00:00:00,CTA(9,21),6913.25,6867.75,6942.745,6970.9417,-28.196759,-0.205231,-0.566672,-0.587593,-1.0,-1.0,35.25,-35.25,-6867.75,8545.75
2018-03-14 00:00:00,CTA(9,21),6953.75,6908.25,6943.9677,6970.1231,-26.155323,-0.203065,-0.559413,-0.581253,-1.0,-1.0,40.5,-40.5,-6908.25,8505.25
2018-03-15 00:00:00,CTA(9,21),6884.0,6838.5,6937.3047,6966.022,-28.717307,-0.232814,-0.6396,-0.648787,-1.0,-1.0,-69.75,69.75,-6838.5,8575.0
2018-03-16 00:00:00,CTA(9,21),6858.25,6812.75,6928.5208,6960.89,-32.369159,-0.26821,-0.734387,-0.721072,-1.0,-1.0,-25.75,25.75,-6812.75,8600.75
2018-03-19 00:00:00,CTA(9,21),6819.5,6774.0,6916.4074,6954.1571,-37.749726,-0.310557,-0.846993,-0.795425,-1.0,-1.0,-38.75,38.75,-6774.0,8639.5
2018-03-20 00:00:00,CTA(9,21),6733.0,6688.0,6896.0288,6943.6258,-47.597033,-0.379206,-1.029205,-0.887368,-1.0,-1.0,-86.0,86.0,-6688.0,8725.5
2018-03-21 00:00:00,CTA(9,21),6772.5,6728.5,6882.3034,6935.477,-53.173605,-0.413173,-1.115481,-0.918278,-1.0,-1.0,40.5,-40.5,-6728.5,8685.0
2018-03-22 00:00:00,CTA(9,21),6671.5,6629.0,6858.8808,6922.9066,-64.025869,-0.471547,-1.265162,-0.952729,-1.0,-1.0,-99.5,99.5,-6629.0,8784.5
2018-03-23 00:00:00,CTA(9,21),6637.75,6582.75,6834.3107,6909.3277,-75.017067,-0.522901,-1.39309,-0.963564,-1.0,-1.0,-46.25,46.25,-6582.75,8830.75
2018-03-26 00:00:00,CTA(9,21),6576.5,6521.5,6805.665,6893.4788,-87.813757,-0.575409,-1.521073,-0.958423,-1.0,-1.0,-61.25,61.25,-6521.5,8892.0
2018-03-27 00:00:00,CTA(9,21),6623.5,6568.5,6785.4245,6880.6227,-95.198185,-0.606748,-1.590436,-0.949491,-1.0,-1.0,47.0,-47.0,-6568.5,8845.0
2018-03-28 00:00:00,CTA(9,21),6641.5,6586.5,6769.4329,6869.2359,-99.803001,-0.62918,-1.634558,-0.941728,-1.0,-1.0,18.0,-18.0,-6586.5,8827.0
2018-03-29 00:00:00,CTA(9,21),6690.25,6635.25,6760.6348,6860.7127,-100.077961,-0.627429,-1.615512,-0.945271,-1.0,-1.0,48.75,-48.75,-6635.25,8778.25
2018-04-03 00:00:00,CTA(9,21),6772.25,6717.25,6761.9254,6856.5002,-94.57487,-0.594301,-1.518038,-0.958719,-1.0,-1.0,82.0,-82.0,-6717.25,8696.25
2018-04-04 00:00:00,CTA(9,21),6699.75,6644.75,6755.017,6849.0359,-94.018946,-0.583029,-1.478364,-0.961828,-1.0,-1.0,-72.5,72.5,-6644.75,8768.75
2018-04-05 00:00:00,CTA(9,21),6789.25,6734.25,6758.8207,6846.189,-87.368329,-0.544345,-1.371695,-0.9629,-1.0,-1.0,89.5,-89.5,-6734.25,8679.25
2018-04-06 00:00:00,CTA(9,21),6738.0,6683.0,6756.5072,6841.0371,-84.529879,-0.522917,-1.309941,-0.958419,-1.0,-1.0,-51.25,51.25,-6683.0,8730.5
2018-04-09 00:00:00,CTA(9,21),6797.75,6742.75,6761.0898,6838.9758,-77.886059,-0.481994,-1.201265,-0.940964,-1.0,-1.0,59.75,-59.75,-6742.75,8670.75
2018-04-10 00:00:00,CTA(9,21),6914.75,6859.75,6778.1631,6842.5841,-64.420995,-0.400644,-0.994825,-0.872778,-1.0,-1.0,117.0,-117.0,-6859.75,8553.75
2018-04-11 00:00:00,CTA(9,21),6918.25,6863.25,6793.7283,6846.1873,-52.458924,-0.329674,-0.81674,-0.776727,-1.0,-1.0,3.5,-3.5,-6863.25,8550.25
2018-04-12 00:00:00,CTA(9,21),6789.25,6734.25,6793.2307,6843.476,-50.245219,-0.316803,-0.783445,-0.755053,-1.0,-1.0,-129.0,129.0,-6734.25,8679.25
2018-04-13 00:00:00,CTA(9,21),6797.25,6742.25,6793.6773,6841.2747,-47.597399,-0.300682,-0.743139,-0.72731,-1.0,-1.0,8.0,-8.0,-6742.25,8671.25
2018-04-16 00:00:00,CTA(9,21),6876.25,6821.25,6802.8521,6842.9402,-40.088147,-0.258796,-0.639924,-0.649048,-1.0,-1.0,79.0,-79.0,-6821.25,8592.25
2018-04-17 00:00:00,CTA(9,21),6850.0,6799.5,6808.0907,6843.2764,-35.185669,-0.22823,-0.565464,-0.586541,-1.0,-1.0,-21.75,21.75,-6799.5,8614.0
2018-04-18 00:00:00,CTA(9,21),6998.25,6946.5,6829.2195,6850.6561,-21.436556,-0.13913,-0.346055,-0.377357,-1.0,-1.0,147.0,-147.0,-6946.5,8467.0
2018-04-19 00:00:00,CTA(9,21),6960.5,6910.5,6843.8063,6855.8868,-12.080501,-0.078841,-0.197048,-0.219264,-1.0,-1.0,-36.0,36.0,-6910.5,8503.0
2018-04-20 00:00:00,CTA(9,21),6968.5,6903.5,6857.6611,6861.2493,-3.588176,-0.023479,-0.059009,-0.066245,-1.0,-1.0,-7.0,7.0,-6903.5,8510.0
2018-04-23 00:00:00,CTA(9,21),6916.5,6851.5,6864.1988,6863.8803,0.318492,0.002096,0.005299,0.005954,1.0,-1.0,-52.0,52.0,-6851.5,8562.0
2018-04-24 00:00:00,CTA(9,21),6986.5,6921.5,6877.7878,6869.7193,8.068483,0.053009,0.134742,0.15071,1.0,1.0,70.0,70.0,6921.5,8632.0
2018-04-25 00:00:00,CTA(9,21),6984.75,6919.75,6889.6725,6875.197,14.47552,0.096512,0.24664,0.272942,1.0,1.0,-1.75,-1.75,6919.75,8630.25
2018-04-26 00:00:00,CTA(9,21),6940.5,6875.5,6895.32,6878.3066,17.013354,0.115179,0.295871,0.325243,1.0,1.0,-44.25,-44.25,6875.5,8586.0
2018-04-27 00:00:00,CTA(9,21),6769.25,6704.25,6881.3122,6873.1135,8.19875,0.05562,0.143522,0.160432,1.0,1.0,-171.25,-171.25,6704.25,8414.75
2018-04-30 00:00:00,CTA(9,21),6779.0,6714.0,6869.9442,6868.6319,1.31232,0.008935,0.023134,0.02599,1.0,1.0,9.75,9.75,6714.0,8424.5
2018-05-01 00:00:00,CTA(9,21),6716.25,6651.25,6852.8671,6861.3756,-8.508532,-0.05759,-0.149661,-0.167219,-1.0,1.0,-62.75,-62.75,6651.25,8361.75
2018-05-02 00:00:00,CTA(9,21),6792.5,6727.5,6846.1596,6858.0958,-11.936193,-0.081717,-0.213266,-0.236916,-1.0,-1.0,76.25,-76.25,-6727.5,8285.5
2018-05-03 00:00:00,CTA(9,21),6796.25,6731.25,6840.6141,6855.1508,-14.536667,-0.10079,-0.264209,-0.291728,-1.0,-1.0,3.75,-3.75,-6731.25,8281.75
2018-05-04 00:00:00,CTA(9,21),6794.5,6729.5,6835.4903,6852.2626,-16.772323,-0.116753,-0.307622,-0.337562,-1.0,-1.0,-1.75,1.75,-6729.5,8283.5
2018-05-08 00:00:00,CTA(9,21),6712.25,6647.25,6821.7969,6845.5954,-23.798423,-0.168434,-0.44606,-0.47687,-1.0,-1.0,-82.25,82.25,-6647.25,8365.75
2018-05-09 00:00:00,CTA(9,21),6778.0,6713.0,6816.9306,6842.3765,-25.445922,-0.181591,-0.483482,-0.512402,-1.0,-1.0,65.75,-65.75,-6713.0,8300.0
2018-05-10 00:00:00,CTA(9,21),6885.5,6820.5,6824.5494,6844.43,-19.8806,-0.141896,-0.379985,-0.411813,-1.0,-1.0,107.5,-107.5,-6820.5,8192.5
2018-05-11 00:00:00,CTA(9,21),6909.25,6844.25,6833.9606,6847.5167,-13.556091,-0.096836,-0.260895,-0.288194,-1.0,-1.0,23.75,-23.75,-6844.25,8168.75
2018-05-14 00:00:00,CTA(9,21),6856.25,6791.25,6836.4372,6847.9326,-11.495363,-0.082907,-0.224687,-0.249291,-1.0,-1.0,-53.0,53.0,-6791.25,8221.75
2018-05-15 00:00:00,CTA(9,21),6786.0,6725.5,6830.8331,6844.9834,-14.150327,-0.101991,-0.277926,-0.306304,-1.0,-1.0,-65.75,65.75,-6725.5,8287.5
2018-05-16 00:00:00,CTA(9,21),6808.0,6747.0,6828.2961,6843.2223,-14.926221,-0.107678,-0.294908,-0.324231,-1.0,-1.0,21.5,-21.5,-6747.0,8266.0
2018-05-17 00:00:00,CTA(9,21),6864.0,6802.0,6832.2632,6844.2117,-11.948532,-0.088682,-0.244142,-0.270259,-1.0,-1.0,55.0,-55.0,-6802.0,8211.0
2018-05-18 00:00:00,CTA(9,21),6837.25,6765.25,6832.8173,6843.8802,-11.06293,-0.085077,-0.235229,-0.260671,-1.0,-1.0,-36.75,36.75,-6765.25,8247.75
2018-05-21 00:00:00,CTA(9,21),6858.25,6786.25,6835.6431,6844.5645,-8.921347,-0.072538,-0.201259,-0.223855,-1.0,-1.0,21.0,-21.0,-6786.25,8226.75
2018-05-22 00:00:00,CTA(9,21),6963.5,6891.5,6849.8494,6850.2281,-0.378623,-0.003141,-0.008744,-0.009825,-1.0,-1.0,105.25,-105.25,-6891.5,8121.5
2018-05-23 00:00:00,CTA(9,21),6853.0,6781.0,6850.1995,6850.3601,-0.160558,-0.001366,-0.003813,-0.004285,-1.0,-1.0,-110.5,110.5,-6781.0,8232.0
2018-05-24 00:00:00,CTA(9,21),6866.0,6794.0,6851.9551,6851.1048,0.850294,0.007494,0.020973,0.023562,1.0,-1.0,13.0,-13.0,-6794.0,8219.0
2018-05-25 00:00:00,CTA(9,21),6872.25,6800.25,6854.2101,6852.1117,2.098368,0.019551,0.054839,0.061571,1.0,1.0,6.25,6.25,6800.25,8225.25
2018-05-29 00:00:00,CTA(9,21),6852.0,6780.0,6853.9645,6852.1064,1.858122,0.017972,0.050519,0.056727,1.0,1.0,-20.25,-20.25,6780.0,8205.0
2018-05-30 00:00:00,CTA(9,21),6836.5,6764.5,6852.024,6851.3632,0.66078,0.006702,0.018875,0.021206,1.0,1.0,-15.5,-15.5,6764.5,8189.5
2018-05-31 00:00:00,CTA(9,21),6847.5,6775.5,6851.5214,6851.1793,0.342075,0.003543,0.009994,0.011228,1.0,1.0,11.0,11.0,6775.5,8200.5
2018-06-01 00:00:00,CTA(9,21),6888.75,6816.75,6855.6579,6852.9684,2.689508,0.027902,0.078829,0.088435,1.0,1.0,41.25,41.25,6816.75,8241.75
2018-06-04 00:00:00,CTA(9,21),6978.75,6906.75,6869.3348,6858.958,10.37681,0.106083,0.300398,0.329997,1.0,1.0,90.0,90.0,6906.75,8331.75
2018-06-05 00:00:00,CTA(9,21),7100.75,7028.75,6895.0476,6870.4719,24.575706,0.237915,0.675626,0.67726,1.0,1.0,122.0,122.0,7028.75,8453.75
2018-06-06 00:00:00,CTA(9,21),7216.25,7144.25,6930.7367,6886.9375,43.799238,0.385505,1.097708,0.912577,1.0,1.0,115.5,115.5,7144.25,8569.25
2018-06-07 00:00:00,CTA(9,21),7334.0,7262.0,6975.5438,6908.2262,67.317577,0.524415,1.494893,0.960705,1.0,1.0,117.75,117.75,7262.0,8687.0
2018-06-08 00:00:00,CTA(9,21),7326.5,7254.5,7014.5389,6928.144,86.394914,0.610535,1.73917,0.917378,1.0,1.0,-7.5,-7.5,7254.5,8679.5
2018-06-11 00:00:00,CTA(9,21),7259.0,7187.0,7041.7012,6943.899,97.802209,0.651524,1.852907,0.882474,1.0,1.0,-67.5,-67.5,7187.0,8612.0
2018-06-12 00:00:00,CTA(9,21),7213.5,7141.5,7060.79,6956.7372,104.052819,0.666043,1.890665,0.869192,1.0,1.0,-45.5,-45.5,7141.5,8566.5
2018-06-13 00:00:00,CTA(9,21),7255.25,7183.25,7082.3967,6970.9521,111.444589,0.680965,1.929127,0.854891,1.0,1.0,41.75,41.75,7183.25,8608.25
2018-06-14 00:00:00,CTA(9,21),7174.5,7102.5,7092.6304,6980.6448,111.985535,0.666919,1.886279,0.870775,1.0,1.0,-80.75,-80.75,7102.5,8527.5
2018-06-15 00:00:00,CTA(9,21),7019.5,6947.5,7084.5048,6982.4951,102.009692,0.605064,1.71016,0.924926,1.0,1.0,-155.0,-155.0,6947.5,8372.5
2018-06-18 00:00:00,CTA(9,21),6971.0,6899.0,7071.8931,6981.9477,89.945436,0.532263,1.504224,0.959962,1.0,1.0,-48.5,-48.5,6899.0,8324.0
2018-06-19 00:00:00,CTA(9,21),6838.5,6773.0,7045.9606,6975.1169,70.843708,0.419075,1.18536,0.937359,1.0,1.0,-126.0,-126.0,6773.0,8198.0
2018-06-20 00:00:00,CTA(9,21),6774.75,6708.75,7015.8261,6965.5756,50.25048,0.296634,0.839831,0.791085,1.0,1.0,-64.25,-64.25,6708.75,8133.75
2018-06-21 00:00:00,CTA(9,21),6797.5,6727.5,6991.5676,6957.572,33.995628,0.201523,0.570935,0.591296,1.0,1.0,18.75,18.75,6727.5,8152.5
2018-06-22 00:00:00,CTA(9,21),6798.5,6737.0,6970.1156,6949.9971,20.118528,0.119429,0.338368,0.369461,1.0,1.0,9.5,9.5,6737.0,8162.0
2018-06-25 00:00:00,CTA(9,21),6760.0,6698.5,6946.7695,6940.9496,5.819827,0.034841,0.098646,0.110569,1.0,1.0,-38.5,-38.5,6698.5,8123.5
2018-06-26 00:00:00,CTA(9,21),6727.5,6666.0,6922.4062,6930.7854,-8.379178,-0.050693,-0.14331,-0.160198,-1.0,1.0,-32.5,-32.5,6666.0,8091.0
2018-06-27 00:00:00,CTA(9,21),6706.5,6645.0,6898.4166,6920.1051,-21.688499,-0.133737,-0.377171,-0.40898,-1.0,-1.0,-21.0,21.0,-6645.0,8112.0
2018-06-28 00:00:00,CTA(9,21),6640.5,6579.0,6869.7592,6906.7906,-37.031372,-0.228953,-0.643522,-0.651945,-1.0,-1.0,-66.0,66.0,-6579.0,8178.0
2018-06-29 00:00:00,CTA(9,21),6638.0,6576.5,6844.0082,6893.991,-49.982844,-0.308863,-0.864515,-0.805816,-1.0,-1.0,-2.5,2.5,-6576.5,8180.5
2018-07-02 00:00:00,CTA(9,21),6536.0,6474.5,6809.7851,6876.9438,-67.158784,-0.404674,-1.126649,-0.921684,-1.0,-1.0,-102.0,102.0,-6474.5,8282.5
2018-07-03 00:00:00,CTA(9,21),6498.25,6436.75,6775.1701,6858.9108,-83.74075,-0.485744,-1.343284,-0.961316,-1.0,-1.0,-37.75,37.75,-6436.75,8320.25
2018-07-04 00:00:00,CTA(9,21),6396.75,6335.25,6733.1234,6836.9031,-103.779765,-0.571847,-1.567729,-0.952865,-1.0,-1.0,-101.5,101.5,-6335.25,8421.75
2018-07-05 00:00:00,CTA(9,21),6349.5,6288.0,6690.4986,6813.6935,-123.194912,-0.63858,-1.732984,-0.919036,-1.0,-1.0,-47.25,47.25,-6288.0,8469.0
2018-07-06 00:00:00,CTA(9,21),6284.0,6222.5,6645.3321,6788.47,-143.137919,-0.695217,-1.865321,-0.878193,-1.0,-1.0,-65.5,65.5,-6222.5,8534.5
2018-07-09 00:00:00,CTA(9,21),6388.5,6327.0,6616.7952,6769.4238,-152.628625,-0.712577,-1.889843,-0.869489,-1.0,-1.0,104.5,-104.5,-6327.0,8430.0
2018-07-10 00:00:00,CTA(9,21),6326.5,6265.0,6584.5401,6748.3322,-163.792034,-0.730895,-1.915961,-0.859871,-1.0,-1.0,-62.0,62.0,-6265.0,8492.0
2018-07-11 00:00:00,CTA(9,21),6135.0,6073.5,6534.5912,6719.1259,-184.534644,-0.765577,-1.982778,-0.833752,-1.0,-1.0,-191.5,191.5,-6073.5,8683.5
2018-07-12 00:00:00,CTA(9,21),6211.75,6150.25,6498.72,6694.9651,-196.245136,-0.77454,-1.982205,-0.833985,-1.0,-1.0,76.75,-76.75,-6150.25,8606.75
2018-07-13 00:00:00,CTA(9,21),6217.5,6156.0,6467.4733,6672.2287,-204.755367,-0.773817,-1.957934,-0.843705,-1.0,-1.0,5.75,-5.75,-6156.0,8601.0
2018-07-16 00:00:00,CTA(9,21),6165.0,6103.5,6433.8652,6648.0749,-214.209767,-0.773892,-1.937202,-0.851795,-1.0,-1.0,-52.5,52.5,-6103.5,8653.5
2018-07-17 00:00:00,CTA(9,21),6134.0,6072.5,6400.5468,6623.5952,-223.048361,-0.771154,-1.911071,-0.861698,-1.0,-1.0,-31.0,31.0,-6072.5,8684.5
2018-07-18 00:00:00,CTA(9,21),6140.5,6076.0,6371.6527,6600.5907,-228.937919,-0.76478,-1.877426,-0.873937,-1.0,-1.0,3.5,-3.5,-6076.0,8681.0
2018-07-19 00:00:00,CTA(9,21),6053.5,5990.5,6336.3024,6574.5387,-238.236287,-0.763672,-1.857664,-0.880843,-1.0,-1.0,-85.5,85.5,-5990.5,8766.5
2018-07-20 00:00:00,CTA(9,21),6137.5,6067.0,6314.2133,6553.7273,-239.514078,-0.747097,-1.802203,-0.899029,-1.0,-1.0,76.5,-76.5,-6067.0,8690.0
2018-07-23 00:00:00,CTA(9,21),6114.75,6044.25,6292.0507,6532.8237,-240.772981,-0.730356,-1.748425,-0.914847,-1.0,-1.0,-22.75,22.75,-6044.25,8712.75
2018-07-24 00:00:00,CTA(9,21),6280.75,6210.25,6290.7951,6520.8202,-230.025104,-0.690691,-1.643515,-0.939963,-1.0,-1.0,166.0,-166.0,-6210.25,8546.75
2018-07-25 00:00:00,CTA(9,21),6275.0,6204.5,6289.04,6509.1144,-220.074388,-0.654715,-1.550817,-0.955097,-1.0,-1.0,-5.75,5.75,-6204.5,8552.5
2018-07-26 00:00:00,CTA(9,21),6276.5,6206.0,6287.6467,6498.0376,-210.390849,-0.619993,-1.463635,-0.962617,-1.0,-1.0,1.5,-1.5,-6206.0,8551.0
2018-07-27 00:00:00,CTA(9,21),6285.25,6214.75,6287.3804,6487.9048,-200.524409,-0.584097,-1.375605,-0.963055,-1.0,-1.0,8.75,-8.75,-6214.75,8542.25
2018-07-30 00:00:00,CTA(9,21),6234.0,6163.5,6281.4493,6475.8141,-194.36486,-0.558467,-1.313047,-0.958737,-1.0,-1.0,-51.25,51.25,-6163.5,8593.5
2018-07-31 00:00:00,CTA(9,21),6287.75,6217.25,6282.1493,6466.8587,-184.709343,-0.525279,-1.233823,-0.9475,-1.0,-1.0,53.75,-53.75,-6217.25,8539.75
2018-08-01 00:00:00,CTA(9,21),6155.0,6084.5,6268.0216,6452.0083,-183.986633,-0.514634,-1.208048,-0.942419,-1.0,-1.0,-132.75,132.75,-6084.5,8672.5
2018-08-02 00:00:00,CTA(9,21),6118.5,6048.0,6251.4081,6436.1269,-184.718802,-0.507714,-1.191248,-0.938725,-1.0,-1.0,-36.5,36.5,-6048.0,8709.0
2018-08-03 00:00:00,CTA(9,21),6185.25,6114.75,6244.0572,6424.1804,-180.123184,-0.489105,-1.147513,-0.927683,-1.0,-1.0,66.75,-66.75,-6114.75,8642.25
2018-08-06 00:00:00,CTA(9,21),6110.0,6039.5,6229.162,6409.2194,-180.057458,-0.480908,-1.128494,-0.922234,-1.0,-1.0,-75.25,75.25,-6039.5,8717.5
2018-08-07 00:00:00,CTA(9,21),6149.25,6078.75,6220.2829,6396.8399,-176.557069,-0.465782,-1.093677,-0.911236,-1.0,-1.0,39.25,-39.25,-6078.75,8678.25
2018-08-08 00:00:00,CTA(9,21),6148.5,6078.0,6212.307,6385.0142,-172.707232,-0.451598,-1.061289,-0.899816,-1.0,-1.0,-0.75,0.75,-6078.0,8679.0
2018-08-09 00:00:00,CTA(9,21),6200.25,6129.75,6210.9673,6376.2159,-165.248601,-0.430114,-1.011869,-0.880173,-1.0,-1.0,51.75,-51.75,-6129.75,8627.25
2018-08-10 00:00:00,CTA(9,21),6161.25,6090.75,6205.4432,6365.9795,-160.536275,-0.4149,-0.977135,-0.864767,-1.0,-1.0,-39.0,39.0,-6090.75,8666.25
2018-08-13 00:00:00,CTA(9,21),6123.25,6052.75,6196.3106,6354.4209,-158.110305,-0.404684,-0.954033,-0.853792,-1.0,-1.0,-38.0,38.0,-6052.75,8704.25
2018-08-14 00:00:00,CTA(9,21),6028.5,5948.5,6177.665,6338.9009,-161.235884,-0.407279,-0.960893,-0.857112,-1.0,-1.0,-104.25,104.25,-5948.5,8808.5
2018-08-15 00:00:00,CTA(9,21),5785.0,5705.0,6134.0355,6312.5246,-178.489095,-0.43925,-1.036882,-0.890449,-1.0,-1.0,-243.5,243.5,-5705.0,9052.0
2018-08-16 00:00:00,CTA(9,21),5924.0,5843.0,6110.6983,6294.0235,-183.325203,-0.44449,-1.049705,-0.895452,-1.0,-1.0,138.0,-138.0,-5843.0,8914.0
2018-08-17 00:00:00,CTA(9,21),5911.5,5823.5,6088.5651,6275.8081,-187.24294,-0.447987,-1.058286,-0.898698,-1.0,-1.0,-19.5,19.5,-5823.5,8933.5
2018-08-20 00:00:00,CTA(9,21),5981.5,5893.5,6076.669,6261.7934,-185.124395,-0.441031,-1.04234,-0.892601,-1.0,-1.0,70.0,-70.0,-5893.5,8863.5
2018-08-21 00:00:00,CTA(9,21),6035.0,5947.0,6072.0391,6250.9937,-178.954597,-0.424382,-1.003684,-0.876661,-1.0,-1.0,53.5,-53.5,-5947.0,8810.0
2018-08-22 00:00:00,CTA(9,21),5997.0,5909.0,6063.7014,6238.8988,-175.197337,-0.4135,-0.978696,-0.865488,-1.0,-1.0,-38.0,38.0,-5909.0,8848.0
2018-08-23 00:00:00,CTA(9,21),5979.0,5891.0,6054.2902,6226.5226,-172.232475,-0.4048,-0.959094,-0.856246,-1.0,-1.0,-18.0,18.0,-5891.0,8866.0
2018-08-24 00:00:00,CTA(9,21),6102.0,6014.0,6059.5912,6220.593,-161.001732,-0.378705,-0.898509,-0.825047,-1.0,-1.0,123.0,-123.0,-6014.0,8743.0
2018-08-28 00:00:00,CTA(9,21),6143.5,6055.5,6068.9144,6216.9219,-148.007444,-0.348926,-0.82943,-0.784686,-1.0,-1.0,41.5,-41.5,-6055.5,8701.5
2018-08-29 00:00:00,CTA(9,21),6081.0,5993.0,6070.2573,6210.4494,-140.192133,-0.331006,-0.788543,-0.758445,-1.0,-1.0,-62.5,62.5,-5993.0,8764.0
2018-08-30 00:00:00,CTA(9,21),6066.5,5978.5,6069.8398,6203.5947,-133.754875,-0.316938,-0.756838,-0.736922,-1.0,-1.0,-14.5,14.5,-5978.5,8778.5
2018-08-31 00:00:00,CTA(9,21),5974.0,5886.0,6059.1909,6192.6616,-133.470662,-0.318047,-0.761416,-0.740092,-1.0,-1.0,-92.5,92.5,-5886.0,8871.0
2018-09-03 00:00:00,CTA(9,21),5957.0,5869.0,6047.8364,6181.4396,-133.60323,-0.322822,-0.77497,-0.749356,-1.0,-1.0,-17.0,17.0,-5869.0,8888.0
2018-09-04 00:00:00,CTA(9,21),5806.0,5718.0,6020.9657,6163.5615,-142.595863,-0.350826,-0.844428,-0.793877,-1.0,-1.0,-151.0,151.0,-5718.0,9039.0
2018-09-05 00:00:00,CTA(9,21),5862.75,5774.75,6003.3862,6149.2372,-145.851024,-0.372091,-0.89785,-0.824686,-1.0,-1.0,56.75,-56.75,-5774.75,8982.25
2018-09-06 00:00:00,CTA(9,21),5911.0,5823.0,5993.121,6137.8926,-144.771525,-0.386166,-0.933987,-0.843798,-1.0,-1.0,48.25,-48.25,-5823.0,8934.0
2018-09-07 00:00:00,CTA(9,21),5919.5,5831.5,5984.9409,6127.4929,-142.551994,-0.397701,-0.963626,-0.85842,-1.0,-1.0,8.5,-8.5,-5831.5,8925.5
2018-09-10 00:00:00,CTA(9,21),5896.5,5808.5,5975.1141,6116.4932,-141.3791,-0.413017,-1.002156,-0.875998,-1.0,-1.0,-23.0,23.0,-5808.5,8948.5
2018-09-11 00:00:00,CTA(9,21),5847.25,5759.25,5960.907,6103.6721,-142.765121,-0.442107,-1.07356,-0.904278,-1.0,-1.0,-49.25,49.25,-5759.25,8997.75
2018-09-12 00:00:00,CTA(9,21),5984.0,5896.0,5963.4729,6097.9735,-134.500561,-0.444633,-1.079986,-0.906549,-1.0,-1.0,136.75,-136.75,-5896.0,8861.0
2018-09-13 00:00:00,CTA(9,21),6014.5,5926.5,5969.1426,6093.9985,-124.855957,-0.43555,-1.057811,-0.898521,-1.0,-1.0,30.5,-30.5,-5926.5,8830.5
2018-09-14 00:00:00,CTA(9,21),5951.0,5863.0,5967.1267,6087.1891,-120.062345,-0.441295,-1.071181,-0.903426,-1.0,-1.0,-63.5,63.5,-5863.0,8894.0
2018-09-17 00:00:00,CTA(9,21),5920.0,5832.0,5961.8904,6079.2277,-117.337265,-0.447852,-1.086142,-0.908682,-1.0,-1.0,-31.0,31.0,-5832.0,8925.0
2018-09-18 00:00:00,CTA(9,21),6077.5,5982.75,5974.7359,6079.1454,-104.409486,-0.415254,-1.006355,-0.877815,-1.0,-1.0,150.75,-150.75,-5982.75,8774.25
2018-09-19 00:00:00,CTA(9,21),6110.0,6016.75,5989.7653,6080.6147,-90.849412,-0.380477,-0.921559,-0.837384,-1.0,-1.0,34.0,-34.0,-6016.75,8740.25
2018-09-20 00:00:00,CTA(9,21),6078.0,5982.75,5999.5691,6080.4902,-80.921045,-0.359693,-0.87072,-0.809418,-1.0,-1.0,-34.0,34.0,-5982.75,8774.25
2018-09-21 00:00:00,CTA(9,21),6373.5,6273.25,6041.117,6094.443,-53.32602,-0.250088,-0.605405,-0.620672,-1.0,-1.0,290.5,-290.5,-6273.25,8483.75
2018-09-24 00:00:00,CTA(9,21),6355.5,6255.25,6076.0485,6106.8743,-30.825862,-0.152715,-0.369796,-0.401536,-1.0,-1.0,-18.0,18.0,-6255.25,8501.75
2018-09-25 00:00:00,CTA(9,21),6319.75,6219.5,6103.1264,6117.0113,-13.88485,-0.073064,-0.176979,-0.197302,-1.0,-1.0,-35.75,35.75,-6219.5,8537.5
2018-09-26 00:00:00,CTA(9,21),6278.0,6177.75,6122.5568,6124.6774,-2.120581,-0.011793,-0.028573,-0.032098,-1.0,-1.0,-41.75,41.75,-6177.75,8579.25
2018-09-27 00:00:00,CTA(9,21),6185.0,6084.75,6129.4949,6127.5499,1.945046,0.01158,0.028063,0.031525,1.0,-1.0,-93.0,93.0,-6084.75,8672.25
2018-09-28 00:00:00,CTA(9,21),6260.5,6160.25,6144.0511,6133.8808,10.170207,0.063348,0.153538,0.171501,1.0,1.0,75.5,75.5,6160.25,8747.75
2018-10-01 00:00:00,CTA(9,21),6255.5,6155.25,6156.4343,6139.6722,16.762035,0.108743,0.263559,0.291036,1.0,1.0,-5.0,-5.0,6155.25,8742.75
2018-10-02 00:00:00,CTA(9,21),6291.0,6190.75,6171.386,6146.8783,24.507698,0.161649,0.391708,0.423558,1.0,1.0,35.5,35.5,6190.75,8778.25
2018-10-03 00:00:00,CTA(9,21),6266.5,6166.25,6181.9542,6152.5746,29.379648,0.195994,0.474764,0.504214,1.0,1.0,-24.5,-24.5,6166.25,8753.75
2018-10-04 00:00:00,CTA(9,21),6291.0,6190.75,6194.0704,6159.1663,34.904157,0.232647,0.563302,0.584655,1.0,1.0,24.5,24.5,6190.75,8778.25
2018-10-05 00:00:00,CTA(9,21),6171.0,6070.75,6191.5071,6159.7298,31.777265,0.21753,0.526562,0.552021,1.0,1.0,-120.0,-120.0,6070.75,8658.25
2018-10-08 00:00:00,CTA(9,21),6178.25,6078.0,6190.034,6160.6117,29.422344,0.204697,0.495446,0.523546,1.0,1.0,7.25,7.25,6078.0,8665.5
2018-10-09 00:00:00,CTA(9,21),6303.5,6203.25,6202.6414,6167.4159,35.225468,0.241634,0.58479,0.603226,1.0,1.0,125.25,125.25,6203.25,8790.75
2018-10-10 00:00:00,CTA(9,21),6254.5,6154.25,6208.4034,6171.5628,36.840676,0.251726,0.609306,0.623932,1.0,1.0,-49.0,-49.0,6154.25,8741.75
2018-10-11 00:00:00,CTA(9,21),6259.25,6159.0,6214.0531,6175.7384,38.31471,0.26077,0.631582,0.642288,1.0,1.0,4.75,4.75,6159.0,8746.5
2018-10-12 00:00:00,CTA(9,21),6318.5,6218.25,6225.6583,6182.5365,43.121752,0.289288,0.701313,0.696821,1.0,1.0,59.25,59.25,6218.25,8805.75
2018-10-15 00:00:00,CTA(9,21),6303.0,6202.75,6234.2518,6188.2729,45.978921,0.304679,0.740087,0.725143,1.0,1.0,-15.5,-15.5,6202.75,8790.25
2018-10-16 00:00:00,CTA(9,21),6212.25,6113.5,6231.8072,6189.4146,42.392509,0.280094,0.682444,0.682513,1.0,1.0,-89.25,-89.25,6113.5,8701.0
2018-10-17 00:00:00,CTA(9,21),6222.0,6121.25,6230.7175,6190.9663,39.751141,0.262111,0.641178,0.650059,1.0,1.0,7.75,7.75,6121.25,8708.75
2018-10-18 00:00:00,CTA(9,21),6160.5,6060.25,6222.9155,6189.5156,33.399977,0.220137,0.54118,0.565136,1.0,1.0,-61.0,-61.0,6060.25,8647.75
2018-10-19 00:00:00,CTA(9,21),6229.0,6126.75,6223.5916,6191.3958,32.195818,0.211379,0.522604,0.54844,1.0,1.0,66.5,66.5,6126.75,8714.25
2018-10-22 00:00:00,CTA(9,21),6247.75,6145.5,6226.2759,6194.0793,32.196551,0.212068,0.527524,0.55289,1.0,1.0,18.75,18.75,6145.5,8733.0
2018-10-23 00:00:00,CTA(9,21),6198.5,6096.25,6223.1896,6194.2898,28.899836,0.191523,0.479559,0.508725,1.0,1.0,-49.25,-49.25,6096.25,8683.75
2018-10-24 00:00:00,CTA(9,21),6186.0,6083.75,6219.0575,6193.8951,25.162406,0.167938,0.423394,0.454875,1.0,1.0,-12.5,-12.5,6083.75,8671.25
2018-10-25 00:00:00,CTA(9,21),6238.0,6135.75,6221.1622,6195.9953,25.166897,0.168778,0.428439,0.4598,1.0,1.0,52.0,52.0,6135.75,8723.25
2018-10-26 00:00:00,CTA(9,21),6179.0,6076.75,6216.4775,6195.186,21.291509,0.143285,0.365992,0.397684,1.0,1.0,-59.0,-59.0,6076.75,8664.25
2018-10-29 00:00:00,CTA(9,21),6172.5,6070.25,6211.5911,6194.1057,17.485405,0.118793,0.305214,0.335042,1.0,1.0,-6.5,-6.5,6070.25,8657.75
2018-10-30 00:00:00,CTA(9,21),6051.5,5949.25,6193.8032,6187.315,6.488251,0.044035,0.113767,0.127415,1.0,1.0,-121.0,-121.0,5949.25,8536.75
2018-10-31 00:00:00,CTA(9,21),6006.5,5904.25,6172.9917,6178.7047,-5.71298,-0.038605,-0.100291,-0.112404,-1.0,1.0,-45.0,-45.0,5904.25,8491.75
2018-11-01 00:00:00,CTA(9,21),6102.0,5999.75,6165.1038,6175.0521,-9.948346,-0.067349,-0.175915,-0.196134,-1.0,-1.0,95.5,-95.5,-5999.75,8396.25
2018-11-02 00:00:00,CTA(9,21),6299.0,6196.75,6179.9811,6180.9544,-0.973267,-0.006507,-0.017084,-0.019194,-1.0,-1.0,197.0,-197.0,-6196.75,8199.25
2018-11-05 00:00:00,CTA(9,21),6202.5,6100.25,6182.4832,6181.9804,0.502848,0.003354,0.008851,0.009945,1.0,-1.0,-96.5,96.5,-6100.25,8295.75
2018-11-06 00:00:00,CTA(9,21),6177.0,6074.75,6181.874,6181.7432,0.130762,0.000871,0.00231,0.002595,1.0,1.0,-25.5,-25.5,6074.75,8270.25
2018-11-07 00:00:00,CTA(9,21),6166.0,6063.75,6180.1102,6180.9935,-0.883337,-0.005897,-0.015691,-0.017629,-1.0,1.0,-11.0,-11.0,6063.75,8259.25
2018-11-08 00:00:00,CTA(9,21),6170.5,6068.25,6179.0424,6180.4938,-1.451445,-0.009686,-0.025864,-0.029055,-1.0,-1.0,4.5,-4.5,-6068.25,8254.75
2018-11-09 00:00:00,CTA(9,21),6075.5,5973.25,6167.5377,6175.4941,-7.956449,-0.053065,-0.142113,-0.158874,-1.0,-1.0,-95.0,95.0,-5973.25,8349.75
2018-11-12 00:00:00,CTA(9,21),6071.25,5969.0,6156.8391,6170.5301,-13.691075,-0.091499,-0.24575,-0.271986,-1.0,-1.0,-4.25,4.25,-5969.0,8354.0
2018-11-13 00:00:00,CTA(9,21),6091.5,5989.25,6149.5792,6166.7668,-17.187631,-0.119746,-0.322346,-0.352899,-1.0,-1.0,20.25,-20.25,-5989.25,8333.75
2018-11-14 00:00:00,CTA(9,21),6110.0,6007.75,6145.1815,6164.0636,-18.882135,-0.133629,-0.360381,-0.391987,-1.0,-1.0,18.5,-18.5,-6007.75,8315.25
2018-11-15 00:00:00,CTA(9,21),6199.0,6096.75,6151.1613,6165.7273,-14.565937,-0.104838,-0.283148,-0.311831,-1.0,-1.0,89.0,-89.0,-6096.75,8226.25
2018-11-16 00:00:00,CTA(9,21),6224.0,6121.75,6159.2545,6168.5021,-9.247642,-0.066943,-0.181026,-0.20174,-1.0,-1.0,25.0,-25.0,-6121.75,8201.25
2018-11-19 00:00:00,CTA(9,21),6292.5,6190.25,6174.0596,6174.4068,-0.347247,-0.002498,-0.006763,-0.007599,-1.0,-1.0,68.5,-68.5,-6190.25,8132.75
2018-11-20 00:00:00,CTA(9,21),6198.0,6105.75,6176.7196,6175.5303,1.189317,0.008615,0.023354,0.026237,1.0,-1.0,-84.5,84.5,-6105.75,8217.25
2018-11-21 00:00:00,CTA(9,21),6256.0,6161.75,6185.5285,6179.3622,6.166358,0.044931,0.121971,0.136537,1.0,1.0,56.0,56.0,6161.75,8273.25
2018-11-22 00:00:00,CTA(9,21),6275.25,6182.0,6195.4976,6183.9283,11.569323,0.083769,0.227758,0.252611,1.0,1.0,20.25,20.25,6182.0,8293.5
2018-11-23 00:00:00,CTA(9,21),6227.25,6143.0,6199.0256,6185.9912,13.034429,0.094128,0.256394,0.283388,1.0,1.0,-39.0,-39.0,6143.0,8254.5
2018-11-26 00:00:00,CTA(9,21),6212.0,6127.75,6200.4672,6187.2297,13.237511,0.095628,0.260971,0.288276,1.0,1.0,-15.25,-15.25,6127.75,8239.25
2018-11-27 00:00:00,CTA(9,21),6146.25,6062.0,6194.4431,6185.2783,9.164789,0.066407,0.18151,0.202271,1.0,1.0,-65.75,-65.75,6062.0,8173.5
2018-11-28 00:00:00,CTA(9,21),6229.0,6144.75,6198.2828,6187.3603,10.92246,0.080055,0.219037,0.243175,1.0,1.0,82.75,82.75,6144.75,8256.25
2018-11-29 00:00:00,CTA(9,21),6241.5,6157.25,6203.0847,6189.9384,13.146295,0.097787,0.26771,0.295456,1.0,1.0,12.5,12.5,6157.25,8268.75
2018-11-30 00:00:00,CTA(9,21),6227.0,6142.75,6205.7419,6191.7032,14.038715,0.110735,0.303282,0.333019,1.0,1.0,-14.5,-14.5,6142.75,8254.25
2018-12-03 00:00:00,CTA(9,21),6320.5,6236.25,6218.4928,6197.8364,20.656431,0.169207,0.463396,0.493455,1.0,1.0,93.5,93.5,6236.25,8347.75
2018-12-04 00:00:00,CTA(9,21),6220.5,6136.25,6218.7158,6198.9156,19.800232,0.168592,0.461433,0.491588,1.0,1.0,-100.0,-100.0,6136.25,8247.75
2018-12-05 00:00:00,CTA(9,21),6184.5,6100.25,6214.9141,6198.2292,16.684929,0.148134,0.405173,0.436945,1.0,1.0,-36.0,-36.0,6100.25,8211.75
2018-12-06 00:00:00,CTA(9,21),6086.5,6002.25,6200.6459,6192.9087,7.737133,0.072149,0.197293,0.219531,1.0,1.0,-98.0,-98.0,6002.25,8113.75
2018-12-07 00:00:00,CTA(9,21),6157.0,6072.75,6195.7963,6191.1988,4.597533,0.046845,0.128094,0.143337,1.0,1.0,70.5,70.5,6072.75,8184.25
2018-12-10 00:00:00,CTA(9,21),6095.0,6010.75,6184.5967,6186.6179,-2.021163,-0.021205,-0.057995,-0.065108,-1.0,1.0,-62.0,-62.0,6010.75,8122.25
2018-12-11 00:00:00,CTA(9,21),6175.5,6091.25,6183.586,6186.0885,-2.502487,-0.027035,-0.073961,-0.082988,-1.0,-1.0,80.5,-80.5,-6091.25,8041.75
2018-12-12 00:00:00,CTA(9,21),6148.25,6064.0,6179.6598,6184.2866,-4.626874,-0.052977,-0.144967,-0.162031,-1.0,-1.0,-27.25,27.25,-6064.0,8069.0
2018-12-13 00:00:00,CTA(9,21),6159.5,6075.25,6177.4198,6183.1063,-5.686532,-0.071176,-0.194797,-0.216807,-1.0,-1.0,11.25,-11.25,-6075.25,8057.75
2018-12-14 00:00:00,CTA(9,21),6128.75,6044.5,6172.012,6180.5179,-8.505889,-0.107871,-0.295227,-0.324566,-1.0,-1.0,-30.75,30.75,-6044.5,8088.5
2018-12-17 00:00:00,CTA(9,21),6095.5,6011.25,6163.5107,6176.4694,-12.958754,-0.163723,-0.448013,-0.478749,-1.0,-1.0,-33.25,33.25,-6011.25,8121.75
2018-12-18 00:00:00,CTA(9,21),5958.75,5866.0,6140.7595,6166.1019,-25.342349,-0.303492,-0.829812,-0.784924,-1.0,-1.0,-145.25,145.25,-5866.0,8267.0
2018-12-19 00:00:00,CTA(9,21),6007.5,5914.25,6125.9529,6158.5494,-32.596491,-0.387735,-1.058906,-0.89893,-1.0,-1.0,48.25,-48.25,-5914.25,8218.75
2018-12-20 00:00:00,CTA(9,21),5992.5,5900.75,6111.1248,6150.6423,-39.517477,-0.462923,-1.262529,-0.952329,-1.0,-1.0,-13.5,13.5,-5900.75,8232.25
2018-12-21 00:00:00,CTA(9,21),5982.5,5883.25,6096.8332,6142.6355,-45.802346,-0.522658,-1.423795,-0.963736,-1.0,-1.0,-17.5,17.5,-5883.25,8249.75
2018-12-24 00:00:00,CTA(9,21),5946.25,5847.0,6080.1017,6133.2838,-53.182117,-0.579362,-1.577621,-0.951448,-1.0,-1.0,-36.25,36.25,-5847.0,8286.0
2018-12-27 00:00:00,CTA(9,21),5980.0,5880.75,6068.9793,6125.9846,-57.005298,-0.599053,-1.632935,-0.942041,-1.0,-1.0,33.75,-33.75,-5880.75,8252.25
2018-12-28 00:00:00,CTA(9,21),5995.5,5896.25,6060.8149,6119.771,-58.956111,-0.606552,-1.657468,-0.937091,-1.0,-1.0,15.5,-15.5,-5896.25,8236.75
2018-12-31 00:00:00,CTA(9,21),5960.5,5861.25,6049.6688,6112.1867,-62.517878,-0.624169,-1.711438,-0.924606,-1.0,-1.0,-35.0,35.0,-5861.25,8271.75
2019-01-02 00:00:00,CTA(9,21),5830.5,5731.25,6025.3167,6098.773,-73.456316,-0.683261,-1.879389,-0.87324,-1.0,-1.0,-130.0,130.0,-5731.25,8401.75
2019-01-03 00:00:00,CTA(9,21),5723.25,5624.0,5991.7538,6080.891,-89.137236,-0.743515,-2.051321,-0.804961,-1.0,-1.0,-107.25,107.25,-5624.0,8509.0
2019-01-04 00:00:00,CTA(9,21),5905.75,5806.5,5982.1978,6072.5509,-90.353162,-0.737954,-2.042431,-0.808798,-1.0,-1.0,182.5,-182.5,-5806.5,8326.5
2019-01-07 00:00:00,CTA(9,21),5912.0,5812.75,5974.398,6064.9057,-90.507632,-0.719153,-1.997576,-0.827696,-1.0,-1.0,6.25,-6.25,-5812.75,8320.25
2019-01-08 00:00:00,CTA(9,21),5892.0,5792.75,5965.2427,6056.6721,-91.429366,-0.705493,-1.967013,-0.840099,-1.0,-1.0,-20.0,20.0,-5792.75,8340.25
2019-01-09 00:00:00,CTA(9,21),5940.75,5841.5,5962.5213,6051.152,-88.630678,-0.681197,-1.907473,-0.863035,-1.0,-1.0,48.75,-48.75,-5841.5,8291.5
2019-01-10 00:00:00,CTA(9,21),5908.25,5809.0,5956.4911,6044.3471,-87.855965,-0.66511,-1.870819,-0.87627,-1.0,-1.0,-32.5,32.5,-5809.0,8324.0
2019-01-11 00:00:00,CTA(9,21),5920.75,5821.5,5952.5199,6038.4615,-85.941626,-0.644107,-1.819824,-0.893449,-1.0,-1.0,12.5,-12.5,-5821.5,8311.5
2019-01-14 00:00:00,CTA(9,21),5867.0,5767.75,5943.0177,6030.2967,-87.279003,-0.647945,-1.839352,-0.887047,-1.0,-1.0,-53.75,53.75,-5767.75,8365.25
2019-01-15 00:00:00,CTA(9,21),5907.0,5796.25,5939.0157,6024.4254,-85.409697,-0.633072,-1.805196,-0.898094,-1.0,-1.0,28.5,-28.5,-5796.25,8336.75
2019-01-16 00:00:00,CTA(9,21),5959.25,5847.25,5941.264,6021.3218,-80.057853,-0.590948,-1.692221,-0.929297,-1.0,-1.0,51.0,-51.0,-5847.25,8285.75
2019-01-17 00:00:00,CTA(9,21),5981.75,5870.75,5945.7624,6019.4375,-73.675033,-0.544002,-1.564631,-0.953292,-1.0,-1.0,23.5,-23.5,-5870.75,8262.25
2019-01-18 00:00:00,CTA(9,21),6046.0,5930.25,5956.8999,6020.7023,-63.802408,-0.471373,-1.361953,-0.962448,-1.0,-1.0,59.5,-59.5,-5930.25,8202.75
2019-01-21 00:00:00,CTA(9,21),5969.0,5853.25,5958.2444,6018.2403,-59.99594,-0.443696,-1.287685,-0.955851,-1.0,-1.0,-77.0,77.0,-5853.25,8279.75
2019-01-22 00:00:00,CTA(9,21),5921.5,5805.75,5954.1617,6013.6336,-59.471967,-0.439146,-1.278607,-0.954656,-1.0,-1.0,-47.5,47.5,-5805.75,8327.25
2019-01-23 00:00:00,CTA(9,21),5935.75,5820.0,5952.1159,6009.9249,-57.808964,-0.425086,-1.242227,-0.949004,-1.0,-1.0,14.25,-14.25,-5820.0,8313.0
2019-01-24 00:00:00,CTA(9,21),5905.0,5789.25,5946.8808,6004.9285,-58.047644,-0.423178,-1.241438,-0.948866,-1.0,-1.0,-30.75,30.75,-5789.25,8343.75
2019-01-25 00:00:00,CTA(9,21),6045.5,5929.75,5957.8385,6006.8605,-49.021936,-0.361246,-1.064143,-0.900868,-1.0,-1.0,140.5,-140.5,-5929.75,8203.25
2019-01-28 00:00:00,CTA(9,21),5988.5,5872.75,5961.2453,6005.9861,-44.740797,-0.330226,-0.97677,-0.864598,-1.0,-1.0,-57.0,57.0,-5872.75,8260.25
2019-01-29 00:00:00,CTA(9,21),6040.5,5924.75,5970.0514,6007.6297,-37.578241,-0.278489,-0.827006,-0.783179,-1.0,-1.0,52.0,-52.0,-5924.75,8208.25
2019-01-30 00:00:00,CTA(9,21),6127.25,6011.5,5987.5179,6013.3259,-25.807939,-0.191027,-0.569651,-0.590183,-1.0,-1.0,86.75,-86.75,-6011.5,8121.5
2019-01-31 00:00:00,CTA(9,21),6159.25,6043.5,6006.5993,6020.2746,-13.675366,-0.101088,-0.302674,-0.332383,-1.0,-1.0,32.0,-32.0,-6043.5,8089.5
2019-02-01 00:00:00,CTA(9,21),6125.75,6010.0,6019.8382,6025.2973,-5.459032,-0.04032,-0.121131,-0.135604,-1.0,-1.0,-33.5,33.5,-6010.0,8123.0
2019-02-04 00:00:00,CTA(9,21),6157.5,6041.75,6035.134,6031.5926,3.541351,0.026675,0.080396,0.090187,1.0,-1.0,31.75,-31.75,-6041.75,8091.25
2019-02-05 00:00:00,CTA(9,21),6223.5,6107.75,6056.0635,6040.7311,15.332462,0.115181,0.347856,0.379203,1.0,1.0,66.0,66.0,6107.75,8157.25
2019-02-06 00:00:00,CTA(9,21),6269.0,6153.25,6079.7232,6051.601,28.122119,0.208662,0.629961,0.640968,1.0,1.0,45.5,45.5,6153.25,8202.75
2019-02-07 00:00:00,CTA(9,21),6234.0,6118.25,6096.865,6060.2867,36.578326,0.269375,0.811437,0.773351,1.0,1.0,-35.0,-35.0,6118.25,8167.75
2019-02-08 00:00:00,CTA(9,21),6196.25,6080.5,6107.9078,6066.7611,41.146658,0.302284,0.90729,0.829815,1.0,1.0,-37.75,-37.75,6080.5,8130.0
2019-02-11 00:00:00,CTA(9,21),6139.25,6023.5,6111.3903,6070.213,41.177275,0.301985,0.902891,0.827437,1.0,1.0,-57.0,-57.0,6023.5,8073.0
2019-02-12 00:00:00,CTA(9,21),6094.75,5979.0,6109.5413,6071.3814,38.159927,0.279821,0.833737,0.78735,1.0,1.0,-44.5,-44.5,5979.0,8028.5
2019-02-13 00:00:00,CTA(9,21),6123.5,6007.75,6111.0923,6073.8633,37.229051,0.272767,0.810267,0.772602,1.0,1.0,28.75,28.75,6007.75,8057.25
2019-02-14 00:00:00,CTA(9,21),6137.25,6021.5,6113.9987,6076.8817,37.117045,0.271652,0.804868,0.769129,1.0,1.0,13.75,13.75,6021.5,8071.0
2019-02-15 00:00:00,CTA(9,21),6193.0,6077.25,6122.7766,6082.4111,40.365521,0.295608,0.873752,0.811163,1.0,1.0,55.75,55.75,6077.25,8126.75
2019-02-18 00:00:00,CTA(9,21),6333.0,6217.25,6146.1348,6094.3439,51.790868,0.37233,1.096606,0.912212,1.0,1.0,140.0,140.0,6217.25,8266.75
2019-02-19 00:00:00,CTA(9,21),6331.0,6248.25,6166.6754,6105.6133,61.06211,0.435751,1.277373,0.954487,1.0,1.0,31.0,31.0,6248.25,8297.75
2019-02-20 00:00:00,CTA(9,21),6423.0,6336.25,6195.1559,6120.7269,74.42897,0.510035,1.486027,0.961338,1.0,1.0,88.0,88.0,6336.25,8385.75
2019-02-21 00:00:00,CTA(9,21),6396.5,6310.25,6217.5275,6133.859,83.668487,0.559167,1.618001,0.944824,1.0,1.0,-26.0,-26.0,6310.25,8359.75
2019-02-22 00:00:00,CTA(9,21),6504.0,6428.25,6249.3577,6151.4847,97.873006,0.623806,1.789956,0.902794,1.0,1.0,118.0,118.0,6428.25,8477.75
2019-02-25 00:00:00,CTA(9,21),6502.5,6426.75,6277.4847,6168.1997,109.284912,0.664581,1.889376,0.869658,1.0,1.0,-1.5,-1.5,6426.75,8476.25
2019-02-26 00:00:00,CTA(9,21),6511.5,6435.75,6303.4864,6184.5474,118.938986,0.691259,1.945552,0.848561,1.0,1.0,9.0,9.0,6435.75,8485.25
2019-02-27 00:00:00,CTA(9,21),6531.0,6455.25,6328.7657,6201.0451,127.720535,0.707981,1.971337,0.838369,1.0,1.0,19.5,19.5,6455.25,8504.75
2019-02-28 00:00:00,CTA(9,21),6530.5,6454.75,6351.1806,6216.7334,134.447135,0.716657,1.973598,0.837461,1.0,1.0,-0.5,-0.5,6454.75,8504.25
2019-03-01 00:00:00,CTA(9,21),6502.0,6426.25,6367.9383,6230.3176,137.620726,0.711808,1.93903,0.85109,1.0,1.0,-28.5,-28.5,6426.25,8475.75
2019-03-04 00:00:00,CTA(9,21),6432.0,6356.25,6375.0563,6239.9215,135.134768,0.686077,1.850147,0.883413,1.0,1.0,-70.0,-70.0,6356.25,8405.75
2019-03-05 00:00:00,CTA(9,21),6506.0,6430.25,6389.6056,6252.5919,137.013668,0.680324,1.81689,0.894391,1.0,1.0,74.0,74.0,6430.25,8479.75
2019-03-06 00:00:00,CTA(9,21),6481.5,6405.75,6399.8161,6263.4923,136.323775,0.661364,1.750255,0.91434,1.0,1.0,-24.5,-24.5,6405.75,8455.25
2019-03-07 00:00:00,CTA(9,21),6442.0,6366.25,6404.5032,6271.9927,132.510512,0.63142,1.657203,0.937147,1.0,1.0,-39.5,-39.5,6366.25,8415.75
2019-03-08 00:00:00,CTA(9,21),6412.0,6336.25,6405.3361,6278.6597,126.676477,0.595272,1.550874,0.95509,1.0,1.0,-30.0,-30.0,6336.25,8385.75
2019-03-11 00:00:00,CTA(9,21),6427.0,6351.25,6407.7432,6285.7235,122.019747,0.56495,1.462222,0.962682,1.0,1.0,15.0,15.0,6351.25,8400.75
2019-03-12 00:00:00,CTA(9,21),6493.0,6417.25,6417.2162,6295.5938,121.62241,0.551602,1.418898,0.963769,1.0,1.0,66.0,66.0,6417.25,8466.75
2019-03-13 00:00:00,CTA(9,21),6497.5,6421.75,6426.1366,6305.2084,120.92825,0.537651,1.375025,0.963033,1.0,1.0,4.5,4.5,6421.75,8471.25
2019-03-14 00:00:00,CTA(9,21),6417.5,6341.75,6425.177,6310.5556,114.621405,0.503946,1.282353,0.95516,1.0,1.0,-80.0,-80.0,6341.75,8391.25
2019-03-15 00:00:00,CTA(9,21),6446.5,6370.75,6427.5462,6317.0291,110.517083,0.479618,1.215047,0.943869,1.0,1.0,29.0,29.0,6370.75,8420.25
2019-03-18 00:00:00,CTA(9,21),6458.0,6382.25,6430.93,6323.742,107.187938,0.459109,1.158623,0.930684,1.0,1.0,11.5,11.5,6382.25,8431.75
2019-03-19 00:00:00,CTA(9,21),6458.0,6414.25,6433.9378,6330.1353,103.802482,0.43942,1.105516,0.915124,1.0,1.0,32.0,32.0,6414.25,8463.75
2019-03-20 00:00:00,CTA(9,21),6463.5,6416.25,6437.2225,6336.486,100.736474,0.424081,1.06421,0.900893,1.0,1.0,2.0,2.0,6416.25,8465.75
2019-03-21 00:00:00,CTA(9,21),6423.0,6378.75,6435.6422,6340.6057,95.036486,0.39843,0.998191,0.874264,1.0,1.0,-37.5,-37.5,6378.75,8428.25
2019-03-22 00:00:00,CTA(9,21),6310.5,6266.75,6421.7375,6339.1721,82.565404,0.347229,0.869519,0.808724,1.0,1.0,-112.0,-112.0,6266.75,8316.25
2019-03-25 00:00:00,CTA(9,21),6336.0,6292.25,6412.2111,6339.021,73.190067,0.308802,0.773769,0.748542,1.0,1.0,25.5,25.5,6292.25,8341.75
2019-03-26 00:00:00,CTA(9,21),6335.5,6291.75,6403.6877,6338.8534,64.834279,0.275287,0.690765,0.688864,1.0,1.0,-0.5,-0.5,6291.75,8341.25
2019-03-27 00:00:00,CTA(9,21),6337.0,6293.25,6396.2779,6338.7651,57.512796,0.24534,0.616888,0.630229,1.0,1.0,1.5,1.5,6293.25,8342.75
2019-03-28 00:00:00,CTA(9,21),6365.0,6321.25,6392.8026,6340.0144,52.788193,0.225889,0.569278,0.589858,1.0,1.0,28.0,28.0,6321.25,8370.75
2019-03-29 00:00:00,CTA(9,21),6488.5,6444.75,6403.4356,6347.0851,56.350495,0.240816,0.60799,0.622834,1.0,1.0,123.5,123.5,6444.75,8494.25
2019-04-01 00:00:00,CTA(9,21),6468.0,6424.25,6410.6095,6352.843,57.766463,0.25047,0.633411,0.643776,1.0,1.0,-20.5,-20.5,6424.25,8473.75
2019-04-02 00:00:00,CTA(9,21),6419.5,6375.75,6411.5973,6356.0171,55.580158,0.249823,0.632573,0.643095,1.0,1.0,-48.5,-48.5,6375.75,8425.25
2019-04-03 00:00:00,CTA(9,21),6489.5,6445.75,6420.2531,6362.3735,57.879688,0.262589,0.665542,0.669412,1.0,1.0,70.0,70.0,6445.75,8495.25
2019-04-04 00:00:00,CTA(9,21),6443.75,6400.0,6422.8639,6366.2485,56.615376,0.260419,0.660441,0.665405,1.0,1.0,-45.75,-45.75,6400.0,8449.5
2019-04-05 00:00:00,CTA(9,21),6392.25,6348.5,6419.4624,6367.4867,51.975666,0.244172,0.619261,0.63219,1.0,1.0,-51.5,-51.5,6348.5,8398.0
2019-04-08 00:00:00,CTA(9,21),6465.75,6422.0,6424.6054,6372.1659,52.439531,0.249542,0.632564,0.643087,1.0,1.0,73.5,73.5,6422.0,8471.5
2019-04-09 00:00:00,CTA(9,21),6481.25,6437.5,6430.8993,6377.3604,53.538891,0.259441,0.657243,0.662881,1.0,1.0,15.5,15.5,6437.5,8487.0
2019-04-10 00:00:00,CTA(9,21),6452.5,6408.75,6433.2994,6380.9385,52.360895,0.259116,0.655965,0.66187,1.0,1.0,-28.75,-28.75,6408.75,8458.25
2019-04-11 00:00:00,CTA(9,21),6391.5,6347.75,6428.655,6381.4414,47.213592,0.242218,0.612726,0.626779,1.0,1.0,-61.0,-61.0,6347.75,8397.25
2019-04-12 00:00:00,CTA(9,21),6464.5,6420.75,6432.6378,6385.3966,47.241199,0.249546,0.630682,0.641555,1.0,1.0,73.0,73.0,6420.75,8470.25
2019-04-15 00:00:00,CTA(9,21),6452.0,6408.25,6434.7891,6388.5682,46.220967,0.250245,0.631707,0.64239,1.0,1.0,-12.5,-12.5,6408.25,8457.75
2019-04-16 00:00:00,CTA(9,21),6483.5,6430.75,6440.2014,6393.0887,47.112723,0.260654,0.657116,0.66278,1.0,1.0,22.5,22.5,6430.75,8480.25
2019-04-17 00:00:00,CTA(9,21),6545.75,6493.25,6451.9291,6400.3583,51.570755,0.287741,0.724303,0.713791,1.0,1.0,62.5,62.5,6493.25,8542.75
2019-04-18 00:00:00,CTA(9,21),6467.75,6415.0,6453.6869,6403.5674,50.119509,0.2884,0.724892,0.714219,1.0,1.0,-78.25,-78.25,6415.0,8464.5
2019-04-23 00:00:00,CTA(9,21),6399.25,6340.5,6447.6384,6403.3618,44.276552,0.26774,0.672169,0.674581,1.0,1.0,-74.5,-74.5,6340.5,8390.0
2019-04-24 00:00:00,CTA(9,21),6446.75,6388.0,6447.5397,6405.4279,42.111739,0.268086,0.672341,0.674714,1.0,1.0,47.5,47.5,6388.0,8437.5
2019-04-25 00:00:00,CTA(9,21),6359.5,6300.75,6437.7575,6403.2409,34.516597,0.236389,0.592428,0.609732,1.0,1.0,-87.25,-87.25,6300.75,8350.25
2019-04-26 00:00:00,CTA(9,21),6396.75,6338.0,6433.2011,6402.9318,30.269299,0.215863,0.54057,0.564592,1.0,1.0,37.25,37.25,6338.0,8387.5
2019-04-29 00:00:00,CTA(9,21),6391.5,6332.75,6428.5677,6402.3874,26.180215,0.199168,0.498384,0.526267,1.0,1.0,-5.25,-5.25,6332.75,8382.25
2019-04-30 00:00:00,CTA(9,21),6412.75,6354.0,6426.8101,6402.8809,23.929242,0.192565,0.481494,0.51054,1.0,1.0,21.25,21.25,6354.0,8403.5
2019-05-01 00:00:00,CTA(9,21),6223.25,6164.5,6404.1923,6394.327,9.865302,0.081099,0.202736,0.225465,1.0,1.0,-189.5,-189.5,6164.5,8214.0
2019-05-02 00:00:00,CTA(9,21),6156.0,6097.25,6376.6154,6382.9781,-6.362718,-0.052263,-0.130656,-0.146179,-1.0,1.0,-67.25,-67.25,6097.25,8146.75
2019-05-03 00:00:00,CTA(9,21),6227.25,6168.5,6360.0193,6375.5625,-15.54325,-0.130715,-0.326773,-0.357489,-1.0,-1.0,71.25,-71.25,-6168.5,8075.5
2019-05-07 00:00:00,CTA(9,21),6166.75,6108.0,6338.5449,6365.6191,-27.074159,-0.228227,-0.570418,-0.590848,-1.0,-1.0,-60.5,60.5,-6108.0,8136.0
2019-05-08 00:00:00,CTA(9,21),6131.75,6073.0,6315.5677,6354.4824,-38.914748,-0.321111,-0.802018,-0.767283,-1.0,-1.0,-35.0,35.0,-6073.0,8171.0
2019-05-09 00:00:00,CTA(9,21),6090.0,6031.25,6290.5046,6341.888,-51.383423,-0.407999,-1.017555,-0.882569,-1.0,-1.0,-41.75,41.75,-6031.25,8212.75
2019-05-10 00:00:00,CTA(9,21),6109.0,6050.25,6270.3374,6330.7981,-60.460695,-0.46781,-1.164306,-0.932167,-1.0,-1.0,19.0,-19.0,-6050.25,8193.75
2019-05-13 00:00:00,CTA(9,21),5986.5,5927.75,6238.7999,6314.403,-75.603039,-0.55373,-1.373998,-0.962993,-1.0,-1.0,-122.5,122.5,-5927.75,8316.25
2019-05-14 00:00:00,CTA(9,21),6014.5,5946.25,6213.8777,6300.1219,-86.24416,-0.612263,-1.513617,-0.959135,-1.0,-1.0,18.5,-18.5,-5946.25,8297.75
2019-05-15 00:00:00,CTA(9,21),6074.25,6006.25,6198.3635,6289.3661,-91.002547,-0.642949,-1.583027,-0.950639,-1.0,-1.0,60.0,-60.0,-6006.25,8237.75
2019-05-16 00:00:00,CTA(9,21),6089.0,6022.25,6186.212,6279.8248,-93.612809,-0.656534,-1.609681,-0.946297,-1.0,-1.0,16.0,-16.0,-6022.25,8221.75
2019-05-17 00:00:00,CTA(9,21),6046.0,5972.75,6170.6329,6268.6903,-98.057407,-0.674132,-1.645572,-0.939549,-1.0,-1.0,-49.5,49.5,-5972.75,8271.25
2019-05-20 00:00:00,CTA(9,21),6017.25,5944.0,6153.5904,6256.717,-103.126604,-0.685048,-1.664733,-0.935536,-1.0,-1.0,-28.75,28.75,-5944.0,8300.0
2019-05-21 00:00:00,CTA(9,21),5983.0,5909.75,6134.6359,6243.6828,-109.046948,-0.689486,-1.66813,-0.934796,-1.0,-1.0,-34.25,34.25,-5909.75,8334.25
2019-05-22 00:00:00,CTA(9,21),5915.0,5841.75,6110.2319,6228.0313,-117.799372,-0.701527,-1.689629,-0.929909,-1.0,-1.0,-68.0,68.0,-5841.75,8402.25
2019-05-23 00:00:00,CTA(9,21),5913.5,5840.25,6088.3728,6213.0536,-124.680792,-0.705519,-1.691677,-0.929425,-1.0,-1.0,-1.5,1.5,-5840.25,8403.75
2019-05-24 00:00:00,CTA(9,21),5944.0,5870.75,6072.3314,6200.2415,-127.910138,-0.695898,-1.661586,-0.936214,-1.0,-1.0,30.5,-30.5,-5870.75,8373.25
2019-05-28 00:00:00,CTA(9,21),5952.0,5878.75,6058.9612,6188.4205,-129.459266,-0.684884,-1.62878,-0.942833,-1.0,-1.0,8.0,-8.0,-5878.75,8365.25
2019-05-29 00:00:00,CTA(9,21),5870.5,5797.25,6038.0211,6173.2814,-135.260331,-0.688353,-1.630521,-0.942503,-1.0,-1.0,-81.5,81.5,-5797.25,8446.75
2019-05-30 00:00:00,CTA(9,21),5836.0,5762.75,6015.5743,6157.2204,-141.646099,-0.693283,-1.635671,-0.941512,-1.0,-1.0,-34.5,34.5,-5762.75,8481.25
2019-05-31 00:00:00,CTA(9,21),5820.0,5746.75,5993.8438,6141.1623,-147.318462,-0.696425,-1.636699,-0.941312,-1.0,-1.0,-16.0,16.0,-5746.75,8497.25
2019-06-03 00:00:00,CTA(9,21),5828.0,5754.75,5975.4167,6126.2498,-150.833064,-0.692975,-1.622911,-0.943929,-1.0,-1.0,8.0,-8.0,-5754.75,8489.25
2019-06-04 00:00:00,CTA(9,21),5865.25,5792.0,5963.176,6113.8212,-150.64525,-0.67744,-1.582658,-0.950695,-1.0,-1.0,37.25,-37.25,-5792.0,8452.0
2019-06-05 00:00:00,CTA(9,21),5794.0,5720.75,5944.3787,6098.5916,-154.212999,-0.67129,-1.566794,-0.952995,-1.0,-1.0,-71.25,71.25,-5720.75,8523.25
2019-06-06 00:00:00,CTA(9,21),5797.75,5724.5,5928.0866,6084.2659,-156.179278,-0.663951,-1.551106,-0.955061,-1.0,-1.0,3.75,-3.75,-5724.5,8519.5
2019-06-07 00:00:00,CTA(9,21),5784.25,5711.0,5912.1047,6069.9794,-157.874651,-0.655391,-1.534841,-0.956979,-1.0,-1.0,-13.5,13.5,-5711.0,8533.0
2019-06-10 00:00:00,CTA(9,21),5864.25,5791.0,5906.7875,6060.1827,-153.395206,-0.627843,-1.475597,-0.961991,-1.0,-1.0,80.0,-80.0,-5791.0,8453.0
2019-06-11 00:00:00,CTA(9,21),5860.5,5787.25,5901.6445,6050.674,-149.029564,-0.601316,-1.419323,-0.963767,-1.0,-1.0,-3.75,3.75,-5787.25,8456.75
2019-06-12 00:00:00,CTA(9,21),5828.0,5754.75,5893.4618,6040.0705,-146.608758,-0.582728,-1.382248,-0.963284,-1.0,-1.0,-32.5,32.5,-5754.75,8489.25
2019-06-13 00:00:00,CTA(9,21),5832.5,5759.25,5886.6882,6030.1862,-143.497977,-0.565464,-1.348071,-0.96164,-1.0,-1.0,4.5,-4.5,-5759.25,8484.75
2019-06-14 00:00:00,CTA(9,21),5798.5,5725.25,5876.8895,6019.1535,-142.263993,-0.555217,-1.329255,-0.960235,-1.0,-1.0,-34.0,34.0,-5725.25,8518.75
2019-06-17 00:00:00,CTA(9,21),5818.0,5744.75,5870.3463,6009.5748,-139.228536,-0.537419,-1.290981,-0.956264,-1.0,-1.0,19.5,-19.5,-5744.75,8499.25
2019-06-18 00:00:00,CTA(9,21),5943.0,5854.0,5878.4189,6006.4046,-127.985669,-0.494629,-1.190848,-0.938633,-1.0,-1.0,109.25,-109.25,-5854.0,8390.0
2019-06-19 00:00:00,CTA(9,21),5914.0,5826.0,5882.3724,6002.0043,-119.631996,-0.462934,-1.115792,-0.918375,-1.0,-1.0,-28.0,28.0,-5826.0,8418.0
2019-06-20 00:00:00,CTA(9,21),5971.5,5882.75,5892.2754,6000.5518,-108.276336,-0.421306,-1.016045,-0.881936,-1.0,-1.0,56.75,-56.75,-5882.75,8361.25
2019-06-21 00:00:00,CTA(9,21),5967.5,5876.0,5900.6337,5998.9779,-98.344157,-0.385243,-0.929283,-0.84139,-1.0,-1.0,-6.75,6.75,-5876.0,8368.0
2019-06-24 00:00:00,CTA(9,21),5953.75,5862.25,5906.5355,5996.8242,-90.288639,-0.355164,-0.856677,-0.801208,-1.0,-1.0,-13.75,13.75,-5862.25,8381.75
2019-06-25 00:00:00,CTA(9,21),6039.5,5948.0,5921.3094,5998.8563,-77.54699,-0.305627,-0.73709,-0.723006,-1.0,-1.0,85.75,-85.75,-5948.0,8296.0
2019-06-26 00:00:00,CTA(9,21),5985.0,5893.5,5928.3861,5998.1965,-69.810426,-0.275588,-0.664538,-0.668625,-1.0,-1.0,-54.5,54.5,-5893.5,8350.5
2019-06-27 00:00:00,CTA(9,21),5985.5,5894.0,5934.7321,5997.5919,-62.85984,-0.24868,-0.59963,-0.615822,-1.0,-1.0,0.5,-0.5,-5894.0,8350.0
2019-06-28 00:00:00,CTA(9,21),5992.0,5900.5,5941.0952,5997.3256,-56.230456,-0.22311,-0.538092,-0.56238,-1.0,-1.0,6.5,-6.5,-5900.5,8343.5
2019-07-01 00:00:00,CTA(9,21),5947.75,5856.25,5941.8346,5994.9649,-53.130287,-0.21152,-0.510488,-0.537404,-1.0,-1.0,-44.25,44.25,-5856.25,8387.75
2019-07-02 00:00:00,CTA(9,21),5878.0,5786.5,5934.7419,5989.3951,-54.653264,-0.219883,-0.531323,-0.556311,-1.0,-1.0,-69.75,69.75,-5786.5,8457.5
2019-07-03 00:00:00,CTA(9,21),5917.25,5825.75,5932.7983,5985.9597,-53.161323,-0.216553,-0.524319,-0.549994,-1.0,-1.0,39.25,-39.25,-5825.75,8418.25
2019-07-04 00:00:00,CTA(9,21),5915.5,5824.0,5930.8763,5982.6044,-51.728138,-0.21269,-0.516374,-0.542781,-1.0,-1.0,-1.75,1.75,-5824.0,8420.0
2019-07-05 00:00:00,CTA(9,21),5896.25,5804.75,5927.0289,5978.4923,-51.463388,-0.215204,-0.524284,-0.549961,-1.0,-1.0,-19.25,19.25,-5804.75,8439.25
2019-07-08 00:00:00,CTA(9,21),5879.25,5787.75,5921.7202,5973.7665,-52.046334,-0.220483,-0.539146,-0.563321,-1.0,-1.0,-17.0,17.0,-5787.75,8456.25
2019-07-09 00:00:00,CTA(9,21),5814.0,5722.5,5909.7513,5966.1586,-56.407312,-0.240212,-0.589732,-0.607442,-1.0,-1.0,-65.25,65.25,-5722.5,8521.5
2019-07-10 00:00:00,CTA(9,21),5933.0,5841.5,5912.3344,5964.5796,-52.245138,-0.227364,-0.56075,-0.582424,-1.0,-1.0,119.0,-119.0,-5841.5,8402.5
2019-07-11 00:00:00,CTA(9,21),5949.75,5858.25,5916.4917,5963.8734,-47.381684,-0.211801,-0.524887,-0.550507,-1.0,-1.0,16.75,-16.75,-5858.25,8385.75
2019-07-12 00:00:00,CTA(9,21),5929.5,5838.0,5917.9371,5962.2366,-44.299491,-0.203035,-0.50563,-0.532948,-1.0,-1.0,-20.25,20.25,-5838.0,8406.0
2019-07-15 00:00:00,CTA(9,21),5976.0,5884.5,5924.3885,5962.892,-38.503458,-0.180182,-0.450971,-0.48159,-1.0,-1.0,46.5,-46.5,-5884.5,8359.5
2019-07-16 00:00:00,CTA(9,21),6003.0,5918.5,5933.1231,5964.8019,-31.678755,-0.153376,-0.385829,-0.417679,-1.0,-1.0,34.0,-34.0,-5918.5,8325.5
2019-07-17 00:00:00,CTA(9,21),5973.0,5888.75,5937.5539,5965.1923,-27.638379,-0.138616,-0.350471,-0.38188,-1.0,-1.0,-29.75,29.75,-5888.75,8355.25
2019-07-18 00:00:00,CTA(9,21),5977.0,5893.0,5941.9368,5965.7545,-23.817751,-0.12507,-0.317849,-0.348227,-1.0,-1.0,4.25,-4.25,-5893.0,8351.0
2019-07-19 00:00:00,CTA(9,21),6060.25,5970.75,5955.0827,5970.2543,-15.171623,-0.085268,-0.217772,-0.241804,-1.0,-1.0,77.75,-77.75,-5970.75,8273.25
2019-07-22 00:00:00,CTA(9,21),6009.0,5919.5,5961.0735,5972.0994,-11.025845,-0.065716,-0.168634,-0.188134,-1.0,-1.0,-51.25,51.25,-5919.5,8324.5
2019-07-23 00:00:00,CTA(9,21),5960.5,5871.0,5961.0098,5971.547,-10.537219,-0.065958,-0.16997,-0.189603,-1.0,-1.0,-48.5,48.5,-5871.0,8373.0
2019-07-24 00:00:00,CTA(9,21),5992.75,5903.25,5964.5365,5972.5567,-8.020195,-0.053931,-0.139499,-0.155979,-1.0,-1.0,32.25,-32.25,-5903.25,8340.75
2019-07-25 00:00:00,CTA(9,21),5999.0,5909.5,5968.3658,5973.8159,-5.450121,-0.038727,-0.100502,-0.112638,-1.0,-1.0,6.25,-6.25,-5909.5,8334.5
2019-07-26 00:00:00,CTA(9,21),5954.0,5864.5,5966.7696,5972.8723,-6.102704,-0.046898,-0.122059,-0.136635,-1.0,-1.0,-45.0,45.0,-5864.5,8379.5
2019-07-29 00:00:00,CTA(9,21),6011.0,5921.5,5971.6841,5974.6879,-3.003818,-0.025327,-0.066086,-0.074173,-1.0,-1.0,57.0,-57.0,-5921.5,8322.5
2019-07-30 00:00:00,CTA(9,21),5939.0,5849.5,5968.0525,5972.9885,-4.935957,-0.047535,-0.12432,-0.139147,-1.0,-1.0,-72.0,72.0,-5849.5,8394.5
2019-07-31 00:00:00,CTA(9,21),5916.25,5826.75,5962.2967,5970.2866,-7.989959,-0.081363,-0.213266,-0.236916,-1.0,-1.0,-22.75,22.75,-5826.75,8417.25
2019-08-01 00:00:00,CTA(9,21),5887.0,5797.5,5953.9304,5966.3206,-12.390225,-0.130427,-0.342617,-0.37383,-1.0,-1.0,-29.25,29.25,-5797.5,8446.5
2019-08-02 00:00:00,CTA(9,21),5715.25,5625.75,5927.4103,5954.3649,-26.954524,-0.291094,-0.765858,-0.743149,-1.0,-1.0,-171.75,171.75,-5625.75,8618.25
2019-08-05 00:00:00,CTA(9,21),5669.75,5580.25,5898.7814,5940.8118,-42.030361,-0.446565,-1.175293,-0.934936,-1.0,-1.0,-45.5,45.5,-5580.25,8663.75
2019-08-06 00:00:00,CTA(9,21),5667.25,5577.75,5873.0557,5927.785,-54.729322,-0.567802,-1.492648,-0.960872,-1.0,-1.0,-2.5,2.5,-5577.75,8666.25
2019-08-07 00:00:00,CTA(9,21),5690.0,5600.5,5852.7162,5916.4619,-63.745747,-0.647344,-1.697703,-0.927986,-1.0,-1.0,22.75,-22.75,-5600.5,8643.5
2019-08-08 00:00:00,CTA(9,21),5783.25,5693.75,5844.9977,5910.1185,-65.120786,-0.672477,-1.758445,-0.912043,-1.0,-1.0,93.25,-93.25,-5693.75,8550.25
2019-08-09 00:00:00,CTA(9,21),5739.5,5650.0,5833.2757,5901.9938,-68.718063,-0.695532,-1.812554,-0.895774,-1.0,-1.0,-43.75,43.75,-5650.0,8594.0
2019-08-12 00:00:00,CTA(9,21),5722.25,5632.75,5820.9395,5893.4346,-72.495028,-0.72048,-1.870349,-0.876435,-1.0,-1.0,-17.25,17.25,-5632.75,8611.25
2019-08-13 00:00:00,CTA(9,21),5809.0,5719.5,5819.6129,5889.4139,-69.80095,-0.705474,-1.824902,-0.891806,-1.0,-1.0,86.75,-86.75,-5719.5,8524.5
2019-08-14 00:00:00,CTA(9,21),5743.25,5653.75,5811.1282,5882.4537,-71.325535,-0.728602,-1.877911,-0.873765,-1.0,-1.0,-65.75,65.75,-5653.75,8590.25
2019-08-15 00:00:00,CTA(9,21),5728.75,5639.25,5801.975,5875.1345,-73.15944,-0.745354,-1.913763,-0.860693,-1.0,-1.0,-14.5,14.5,-5639.25,8604.75
2019-08-16 00:00:00,CTA(9,21),5720.25,5630.75,5792.8945,5867.759,-74.864548,-0.755717,-1.932777,-0.853495,-1.0,-1.0,-8.5,8.5,-5630.75,8613.25
2019-08-19 00:00:00,CTA(9,21),5745.5,5656.0,5787.6284,5861.9372,-74.308743,-0.744605,-1.897215,-0.86681,-1.0,-1.0,25.25,-25.25,-5656.0,8588.0
2019-08-20 00:00:00,CTA(9,21),5699.75,5598.5,5777.8642,5854.214,-76.349813,-0.746481,-1.894617,-0.867758,-1.0,-1.0,-57.5,57.5,-5598.5,8645.5
2019-08-21 00:00:00,CTA(9,21),5724.25,5622.0,5771.907,5848.0252,-76.118181,-0.732022,-1.851057,-0.883104,-1.0,-1.0,23.5,-23.5,-5622.0,8622.0
2019-08-22 00:00:00,CTA(9,21),5675.0,5573.25,5761.1396,5839.7859,-78.646333,-0.737824,-1.858623,-0.880513,-1.0,-1.0,-48.75,48.75,-5573.25,8670.75
2019-08-23 00:00:00,CTA(9,21),5626.0,5518.5,5746.1241,5829.6056,-83.48156,-0.756006,-1.896371,-0.867118,-1.0,-1.0,-54.75,54.75,-5518.5,8725.5
2019-08-27 00:00:00,CTA(9,21),5674.75,5567.25,5738.1936,5822.2315,-84.037934,-0.743664,-1.857641,-0.880851,-1.0,-1.0,48.75,-48.75,-5567.25,8676.75
2019-08-28 00:00:00,CTA(9,21),5686.0,5578.5,5732.3943,5815.7443,-83.350008,-0.723962,-1.801344,-0.899296,-1.0,-1.0,11.25,-11.25,-5578.5,8665.5
2019-08-29 00:00:00,CTA(9,21),5722.75,5615.25,5731.3227,5811.316,-79.993298,-0.687693,-1.705238,-0.926148,-1.0,-1.0,36.75,-36.75,-5615.25,8628.75
2019-08-30 00:00:00,CTA(9,21),5668.25,5560.75,5724.3147,5804.5034,-80.188711,-0.675486,-1.669575,-0.934478,-1.0,-1.0,-54.5,54.5,-5560.75,8683.25
2019-09-02 00:00:00,CTA(9,21),5605.0,5497.5,5711.0575,5795.0032,-83.945735,-0.683378,-1.683558,-0.931323,-1.0,-1.0,-63.25,63.25,-5497.5,8746.5
2019-09-03 00:00:00,CTA(9,21),5595.5,5488.0,5698.2177,5785.5031,-87.285301,-0.688224,-1.690135,-0.92979,-1.0,-1.0,-9.5,9.5,-5488.0,8756.0
2019-09-04 00:00:00,CTA(9,21),5735.25,5627.75,5702.3324,5783.11,-80.777604,-0.633678,-1.552559,-0.954878,-1.0,-1.0,139.75,-139.75,-5627.75,8616.25
2019-09-05 00:00:00,CTA(9,21),5833.0,5725.5,5716.8511,5785.4858,-68.634699,-0.53945,-1.320094,-0.959421,-1.0,-1.0,97.75,-97.75,-5725.5,8518.5
2019-09-06 00:00:00,CTA(9,21),5817.25,5709.75,5728.0065,5786.9983,-58.991844,-0.463501,-1.133708,-0.923767,-1.0,-1.0,-15.75,15.75,-5709.75,8534.25
2019-09-09 00:00:00,CTA(9,21),5797.0,5689.5,5735.6724,5787.4746,-51.802169,-0.406538,-0.994421,-0.872599,-1.0,-1.0,-20.25,20.25,-5689.5,8554.5
2019-09-10 00:00:00,CTA(9,21),5802.5,5695.0,5743.0977,5788.1901,-45.092379,-0.353601,-0.865418,-0.806343,-1.0,-1.0,5.5,-5.5,-5695.0,8549.0
2019-09-11 00:00:00,CTA(9,21),5744.75,5637.25,5743.2813,5786.1215,-42.840217,-0.334288,-0.818704,-0.77797,-1.0,-1.0,-57.75,57.75,-5637.25,8606.75
2019-09-12 00:00:00,CTA(9,21),5805.25,5697.75,5750.1667,5787.0324,-36.865687,-0.28775,-0.705302,-0.699802,-1.0,-1.0,60.5,-60.5,-5697.75,8546.25
2019-09-13 00:00:00,CTA(9,21),5950.25,5842.75,5772.3982,5794.8047,-22.406478,-0.174031,-0.427051,-0.458446,-1.0,-1.0,145.0,-145.0,-5842.75,8401.25
2019-09-16 00:00:00,CTA(9,21),5844.0,5736.5,5780.354,5797.1473,-16.793357,-0.131031,-0.321926,-0.352463,-1.0,-1.0,-106.25,106.25,-5736.5,8507.5
2019-09-17 00:00:00,CTA(9,21),5806.5,5694.0,5783.2591,5797.5927,-14.333607,-0.112023,-0.275498,-0.30373,-1.0,-1.0,-42.5,42.5,-5694.0,8550.0
2019-09-18 00:00:00,CTA(9,21),5799.5,5687.5,5785.0636,5797.6835,-12.619884,-0.099357,-0.244536,-0.270683,-1.0,-1.0,-6.5,6.5,-5687.5,8556.5
2019-09-19 00:00:00,CTA(9,21),5776.5,5663.5,5784.1121,5796.6748,-12.562659,-0.099525,-0.245109,-0.271297,-1.0,-1.0,-24.0,24.0,-5663.5,8580.5
2019-09-20 00:00:00,CTA(9,21),5786.0,5664.5,5784.3219,5796.1664,-11.84457,-0.094369,-0.232452,-0.257677,-1.0,-1.0,1.0,-1.0,-5664.5,8579.5
2019-09-23 00:00:00,CTA(9,21),5764.75,5643.25,5782.1472,5794.6704,-12.523202,-0.101769,-0.250679,-0.277272,-1.0,-1.0,-21.25,21.25,-5643.25,8600.75
2019-09-24 00:00:00,CTA(9,21),5767.75,5646.25,5780.5475,5793.3885,-12.840968,-0.105507,-0.259894,-0.287126,-1.0,-1.0,3.0,-3.0,-5646.25,8597.75
2019-09-25 00:00:00,CTA(9,21),5771.0,5649.5,5779.4867,5792.3224,-12.835686,-0.106778,-0.263065,-0.290508,-1.0,-1.0,3.25,-3.25,-5649.5,8594.5
2019-09-26 00:00:00,CTA(9,21),5705.0,5583.5,5771.2104,5788.1642,-16.953776,-0.142254,-0.350543,-0.381953,-1.0,-1.0,-66.0,66.0,-5583.5,8660.5
2019-09-27 00:00:00,CTA(9,21),5748.75,5627.25,5768.7148,5786.2873,-17.57251,-0.148462,-0.366,-0.397692,-1.0,-1.0,43.75,-43.75,-5627.25,8616.75
2019-09-30 00:00:00,CTA(9,21),5706.25,5584.75,5761.7743,5782.476,-20.701743,-0.174111,-0.429509,-0.460843,-1.0,-1.0,-42.5,42.5,-5584.75,8659.25
2019-10-01 00:00:00,CTA(9,21),5665.25,5543.75,5751.0493,5776.8938,-25.84447,-0.216095,-0.533574,-0.558333,-1.0,-1.0,-41.0,41.0,-5543.75,8700.25
2019-10-02 00:00:00,CTA(9,21),5653.75,5532.25,5740.2383,5771.0298,-30.791517,-0.255728,-0.632128,-0.642733,-1.0,-1.0,-11.5,11.5,-5532.25,8711.75
2019-10-03 00:00:00,CTA(9,21),5636.25,5514.75,5728.684,5764.6117,-35.927686,-0.29522,-0.730695,-0.718418,-1.0,-1.0,-17.5,17.5,-5514.75,8729.25
2019-10-04 00:00:00,CTA(9,21),5615.0,5493.5,5716.0525,5757.4874,-41.434879,-0.335468,-0.831159,-0.785758,-1.0,-1.0,-21.25,21.25,-5493.5,8750.5
2019-10-07 00:00:00,CTA(9,21),5691.5,5570.0,5713.3244,5754.3451,-41.020677,-0.330258,-0.81904,-0.778182,-1.0,-1.0,76.5,-76.5,-5570.0,8674.0
2019-10-08 00:00:00,CTA(9,21),5646.75,5525.25,5705.9273,5749.2215,-43.29426,-0.348234,-0.864687,-0.805917,-1.0,-1.0,-44.75,44.75,-5525.25,8718.75
2019-10-09 00:00:00,CTA(9,21),5656.0,5534.5,5700.3798,5744.7824,-44.402614,-0.358741,-0.891948,-0.821432,-1.0,-1.0,9.25,-9.25,-5534.5,8709.5
2019-10-10 00:00:00,CTA(9,21),5750.25,5628.75,5705.9209,5745.0428,-39.121842,-0.319421,-0.795484,-0.763021,-1.0,-1.0,94.25,-94.25,-5628.75,8615.25
2019-10-11 00:00:00,CTA(9,21),5764.5,5643.0,5712.4297,5745.9693,-33.539591,-0.279538,-0.697638,-0.69406,-1.0,-1.0,14.25,-14.25,-5643.0,8601.0
2019-10-14 00:00:00,CTA(9,21),5786.25,5664.75,5720.632,5747.8874,-27.255466,-0.233872,-0.585106,-0.603496,-1.0,-1.0,21.75,-21.75,-5664.75,8579.25
2019-10-15 00:00:00,CTA(9,21),5758.25,5628.25,5724.8118,5748.3809,-23.56914,-0.207098,-0.519297,-0.54544,-1.0,-1.0,-36.5,36.5,-5628.25,8615.75
2019-10-16 00:00:00,CTA(9,21),5716.75,5586.75,5723.916,5746.8747,-22.958658,-0.206886,-0.519864,-0.545955,-1.0,-1.0,-41.5,41.5,-5586.75,8657.25
2019-10-17 00:00:00,CTA(9,21),5726.5,5596.5,5724.2031,5745.9044,-21.701325,-0.20742,-0.522104,-0.547987,-1.0,-1.0,9.75,-9.75,-5596.5,8647.5
2019-10-18 00:00:00,CTA(9,21),5794.75,5655.25,5732.0417,5748.2304,-16.188761,-0.162057,-0.408612,-0.440345,-1.0,-1.0,58.75,-58.75,-5655.25,8588.75
2019-10-21 00:00:00,CTA(9,21),5815.25,5675.75,5741.287,5751.4218,-10.134798,-0.104668,-0.264359,-0.291888,-1.0,-1.0,20.5,-20.5,-5675.75,8568.25
2019-10-22 00:00:00,CTA(9,21),5803.0,5663.5,5748.144,5753.8779,-5.733905,-0.062157,-0.157215,-0.175558,-1.0,-1.0,-12.25,12.25,-5663.5,8580.5
2019-10-23 00:00:00,CTA(9,21),5870.0,5730.5,5761.6836,5759.4076,2.276026,0.02584,0.065419,0.073426,1.0,-1.0,67.0,-67.0,-5730.5,8513.5
2019-10-24 00:00:00,CTA(9,21),5870.0,5730.5,5773.7187,5764.6739,9.044877,0.105681,0.267676,0.29542,1.0,1.0,0.0,0.0,5730.5,8513.5
2019-10-25 00:00:00,CTA(9,21),5913.5,5774.0,5789.25,5771.7608,17.489169,0.214308,0.542479,0.566294,1.0,1.0,43.5,43.5,5774.0,8557.0
2019-10-28 00:00:00,CTA(9,21),5894.25,5754.75,5800.9167,5777.5936,23.323019,0.291112,0.735719,0.722026,1.0,1.0,-19.25,-19.25,5754.75,8537.75
2019-10-29 00:00:00,CTA(9,21),5914.25,5774.75,5813.5092,5784.1011,29.408167,0.367372,0.925687,0.839533,1.0,1.0,20.0,20.0,5774.75,8557.75
2019-10-30 00:00:00,CTA(9,21),5891.75,5752.25,5822.2027,5789.2272,32.975445,0.411247,1.03223,0.88859,1.0,1.0,-22.5,-22.5,5752.25,8535.25
2019-10-31 00:00:00,CTA(9,21),5778.0,5638.5,5817.2913,5788.6926,28.598667,0.356841,0.892835,0.821923,1.0,1.0,-113.75,-113.75,5638.5,8421.5
2019-11-01 00:00:00,CTA(9,21),5834.25,5694.75,5819.1756,5790.862,28.313571,0.353226,0.881218,0.815419,1.0,1.0,56.25,56.25,5694.75,8477.75
2019-11-04 00:00:00,CTA(9,21),5861.25,5721.75,5823.8505,5794.2138,29.636699,0.367982,0.915246,0.834062,1.0,1.0,27.0,27.0,5721.75,8504.75
2019-11-05 00:00:00,CTA(9,21),5923.0,5783.5,5834.8671,5800.3465,34.520634,0.417027,1.033439,0.889075,1.0,1.0,61.75,61.75,5783.5,8566.5
2019-11-06 00:00:00,CTA(9,21),5897.5,5758.0,5841.8263,5804.9728,36.853485,0.435954,1.076129,0.905191,1.0,1.0,-25.5,-25.5,5758.0,8541.0
2019-11-07 00:00:00,CTA(9,21),5972.0,5832.5,5856.2901,5812.9265,43.363553,0.489766,1.203341,0.941414,1.0,1.0,74.5,74.5,5832.5,8615.5
2019-11-08 00:00:00,CTA(9,21),5917.25,5777.75,5863.0634,5817.8943,45.169094,0.499643,1.22166,0.94519,1.0,1.0,-54.75,-54.75,5777.75,8560.75
2019-11-11 00:00:00,CTA(9,21),5865.25,5725.75,5863.3063,5820.1493,43.157017,0.473803,1.153321,0.929268,1.0,1.0,-52.0,-52.0,5725.75,8508.75
2019-11-12 00:00:00,CTA(9,21),5849.0,5709.5,5861.7168,5821.5232,40.193582,0.43892,1.06422,0.900896,1.0,1.0,-16.25,-16.25,5709.5,8492.5
2019-11-13 00:00:00,CTA(9,21),5814.5,5675.0,5856.4704,5821.1887,35.281713,0.385276,0.93118,0.842364,1.0,1.0,-34.5,-34.5,5675.0,8458.0
2019-11-14 00:00:00,CTA(9,21),5789.25,5649.75,5849.0015,5819.6678,29.333666,0.321092,0.774186,0.748825,1.0,1.0,-25.25,-25.25,5649.75,8432.75
2019-11-15 00:00:00,CTA(9,21),5826.25,5686.75,5846.4736,5819.9813,26.492285,0.289452,0.69649,0.693196,1.0,1.0,37.0,37.0,5686.75,8469.75
2019-11-18 00:00:00,CTA(9,21),5815.0,5675.5,5842.9765,5819.7441,23.232426,0.254863,0.612321,0.626442,1.0,1.0,-11.25,-11.25,5675.5,8458.5
2019-11-19 00:00:00,CTA(9,21),5865.25,5727.25,5845.4513,5821.911,23.54031,0.257033,0.616604,0.629994,1.0,1.0,51.75,51.75,5727.25,8510.25
2019-11-20 00:00:00,CTA(9,21),5870.0,5730.5,5848.179,5824.201,23.977989,0.262573,0.629,0.640184,1.0,1.0,3.25,3.25,5730.5,8513.5
2019-11-21 00:00:00,CTA(9,21),5823.25,5684.5,5845.4091,5824.1557,21.253388,0.238131,0.569864,0.590368,1.0,1.0,-46.0,-46.0,5684.5,8467.5
2019-11-22 00:00:00,CTA(9,21),5850.5,5707.0,5845.9747,5825.4102,20.564555,0.232378,0.555585,0.577891,1.0,1.0,22.5,22.5,5707.0,8490.0
2019-11-25 00:00:00,CTA(9,21),5863.25,5719.75,5847.8942,5827.2121,20.682133,0.234951,0.561211,0.582828,1.0,1.0,12.75,12.75,5719.75,8502.75
2019-11-26 00:00:00,CTA(9,21),5917.75,5774.25,5855.656,5831.5234,24.132558,0.271062,0.646576,0.654394,1.0,1.0,54.5,54.5,5774.25,8557.25
2019-11-27 00:00:00,CTA(9,21),5937.5,5794.0,5864.7497,5836.5699,28.179835,0.31529,0.750774,0.73269,1.0,1.0,19.75,19.75,5794.0,8577.0
2019-11-28 00:00:00,CTA(9,21),5881.25,5737.75,5866.5831,5838.6975,27.885573,0.322403,0.766405,0.743524,1.0,1.0,-56.25,-56.25,5737.75,8520.75
2019-11-29 00:00:00,CTA(9,21),5853.25,5709.75,5865.1017,5839.3905,25.711142,0.311416,0.739162,0.724485,1.0,1.0,-28.0,-28.0,5709.75,8492.75
2019-12-02 00:00:00,CTA(9,21),5871.0,5727.5,5865.757,5840.8957,24.861301,0.301538,0.714953,0.706951,1.0,1.0,17.75,17.75,5727.5,8510.5
2019-12-03 00:00:00,CTA(9,21),5798.25,5654.75,5858.2562,5838.865,19.391269,0.235337,0.557717,0.579765,1.0,1.0,-72.75,-72.75,5654.75,8437.75
2019-12-04 00:00:00,CTA(9,21),5866.0,5722.5,5859.1167,5840.1571,18.959542,0.229215,0.542901,0.566669,1.0,1.0,67.75,67.75,5722.5,8505.5
2019-12-05 00:00:00,CTA(9,21),5866.0,5722.5,5859.8815,5841.3877,18.493744,0.22278,0.527177,0.552576,1.0,1.0,0.0,0.0,5722.5,8505.5
2019-12-06 00:00:00,CTA(9,21),5968.0,5824.5,5871.8946,5847.4169,24.477758,0.286746,0.677495,0.678705,1.0,1.0,102.0,102.0,5824.5,8607.5
2019-12-09 00:00:00,CTA(9,21),6052.25,5908.75,5891.9341,5857.1708,34.763284,0.385868,0.90919,0.830835,1.0,1.0,84.25,84.25,5908.75,8691.75
2019-12-10 00:00:00,CTA(9,21),6075.0,5931.5,5912.2748,5867.5437,44.73112,0.467209,1.096777,0.912269,1.0,1.0,22.75,22.75,5931.5,8714.5
2019-12-11 00:00:00,CTA(9,21),6131.0,5987.5,5936.5776,5880.0892,56.488382,0.552983,1.291829,0.956368,1.0,1.0,56.0,56.0,5987.5,8770.5
2019-12-12 00:00:00,CTA(9,21),6131.75,5988.25,5958.2634,5892.073,66.190358,0.605987,1.407745,0.963759,1.0,1.0,0.75,0.75,5988.25,8771.25
2019-12-13 00:00:00,CTA(9,21),6106.75,5963.25,5974.7619,5902.2958,72.466157,0.632097,1.459728,0.962792,1.0,1.0,-25.0,-25.0,5963.25,8746.25
2019-12-16 00:00:00,CTA(9,21),6193.0,6049.5,5999.0106,5916.1388,82.871773,0.672941,1.544094,0.955916,1.0,1.0,86.25,86.25,6049.5,8832.5
2019-12-17 00:00:00,CTA(9,21),6184.5,6058.25,6019.6205,5928.9179,90.702604,0.696242,1.587537,0.949945,1.0,1.0,8.75,8.75,6058.25,8841.25
2019-12-18 00:00:00,CTA(9,21),6159.75,6032.5,6035.1905,5939.9099,95.280541,0.701294,1.589822,0.949587,1.0,1.0,-25.75,-25.75,6032.5,8815.5
2019-12-19 00:00:00,CTA(9,21),6204.5,6076.5,6054.0026,5952.5095,101.493184,0.712618,1.606936,0.946771,1.0,1.0,44.0,44.0,6076.5,8859.5
2019-12-20 00:00:00,CTA(9,21),6164.0,6028.0,6066.2246,5962.5804,103.644135,0.705134,1.582854,0.950665,1.0,1.0,-48.5,-48.5,6028.0,8811.0
2019-12-23 00:00:00,CTA(9,21),6177.0,6041.0,6078.5329,5972.7909,105.742061,0.69754,1.559967,0.95392,1.0,1.0,13.0,13.0,6041.0,8824.0
2019-12-24 00:00:00,CTA(9,21),6202.25,6066.25,6092.2793,5983.7175,108.561775,0.697522,1.554659,0.954611,1.0,1.0,25.25,25.25,6066.25,8849.25
2019-12-27 00:00:00,CTA(9,21),6200.5,6064.5,6104.3038,5994.0405,110.263323,0.68983,1.532856,0.957198,1.0,1.0,-1.75,-1.75,6064.5,8847.5
2019-12-30 00:00:00,CTA(9,21),6206.0,6070.0,6115.6034,6004.1338,111.46959,0.683517,1.514879,0.959018,1.0,1.0,5.5,5.5,6070.0,8853.0
2019-12-31 00:00:00,CTA(9,21),6158.5,6022.5,6120.3697,6011.4846,108.885108,0.66513,1.471896,0.962199,1.0,1.0,-47.5,-47.5,6022.5,8805.5
2020-01-02 00:00:00,CTA(9,21),6170.25,6034.25,6125.9119,6019.0448,106.867108,0.65181,1.441822,0.963415,1.0,1.0,11.75,11.75,6034.25,8817.25
2020-01-03 00:00:00,CTA(9,21),6109.75,5973.75,6124.1162,6023.3641,100.752043,0.621972,1.375904,0.963066,1.0,1.0,-60.5,-60.5,5973.75,8756.75
2020-01-06 00:00:00,CTA(9,21),6120.5,5984.5,6123.7144,6027.9896,95.724729,0.601297,1.330463,0.960336,1.0,1.0,10.75,10.75,5984.5,8767.5
2020-01-07 00:00:00,CTA(9,21),6132.5,5996.5,6124.6906,6032.9663,91.724226,0.57914,1.282016,0.955115,1.0,1.0,12.0,12.0,5996.5,8779.5
2020-01-08 00:00:00,CTA(9,21),6157.0,6021.0,6128.2805,6038.8727,89.4078,0.571286,1.265088,0.952718,1.0,1.0,24.5,24.5,6021.0,8804.0
2020-01-09 00:00:00,CTA(9,21),6154.0,6018.0,6131.1382,6044.3549,86.78327,0.562085,1.245202,0.949518,1.0,1.0,-3.0,-3.0,6018.0,8801.0
2020-01-10 00:00:00,CTA(9,21),6173.0,6037.0,6135.7895,6050.4809,85.308625,0.551192,1.221527,0.945164,1.0,1.0,19.0,19.0,6037.0,8820.0
2020-01-13 00:00:00,CTA(9,21),6265.25,6129.25,6150.174,6060.708,89.466022,0.567725,1.2586,0.95172,1.0,1.0,92.25,92.25,6129.25,8912.25
2020-01-14 00:00:00,CTA(9,21),6288.0,6148.5,6165.488,6071.5314,93.956591,0.583297,1.293249,0.956541,1.0,1.0,19.25,19.25,6148.5,8931.5
2020-01-15 00:00:00,CTA(9,21),6272.5,6133.25,6177.3782,6081.1014,96.276879,0.590399,1.30852,0.95827,1.0,1.0,-15.25,-15.25,6133.25,8916.25
2020-01-16 00:00:00,CTA(9,21),6267.5,6126.75,6187.3918,6089.9775,97.414283,0.595938,1.319694,0.959384,1.0,1.0,-6.5,-6.5,6126.75,8909.75
2020-01-17 00:00:00,CTA(9,21),6263.25,6115.75,6195.8205,6098.2286,97.591903,0.596764,1.319605,0.959375,1.0,1.0,-11.0,-11.0,6115.75,8898.75
2020-01-20 00:00:00,CTA(9,21),6248.25,6100.75,6201.646,6105.3724,96.273529,0.585491,1.292766,0.956482,1.0,1.0,-15.0,-15.0,6100.75,8883.75
2020-01-21 00:00:00,CTA(9,21),6146.0,5998.5,6195.4631,6107.3071,88.155998,0.539001,1.189015,0.938211,1.0,1.0,-102.25,-102.25,5998.5,8781.5
2020-01-22 00:00:00,CTA(9,21),6091.75,5944.25,6183.9394,6106.5663,77.373136,0.478533,1.055219,0.897547,1.0,1.0,-54.25,-54.25,5944.25,8727.25
2020-01-23 00:00:00,CTA(9,21),5971.0,5823.5,6160.2795,6100.1107,60.168739,0.374353,0.825908,0.782494,1.0,1.0,-120.75,-120.75,5823.5,8606.5
2020-01-24 00:00:00,CTA(9,21),5914.25,5766.75,6132.9429,6091.2602,41.682642,0.260236,0.574565,0.594438,1.0,1.0,-56.75,-56.75,5766.75,8549.75
2020-01-27 00:00:00,CTA(9,21),5730.0,5582.5,6088.1714,6074.0574,14.114081,0.08621,0.190549,0.212165,1.0,1.0,-184.25,-184.25,5582.5,8365.5
2020-01-28 00:00:00,CTA(9,21),5689.5,5542.0,6043.8746,6055.7451,-11.87049,-0.070611,-0.156191,-0.174428,-1.0,1.0,-40.5,-40.5,5542.0,8325.0
2020-01-29 00:00:00,CTA(9,21),5626.25,5478.75,5997.4719,6035.2929,-37.821077,-0.216648,-0.479167,-0.508356,-1.0,-1.0,-63.25,63.25,-5478.75,8388.25
2020-01-30 00:00:00,CTA(9,21),5576.75,5429.25,5950.725,6013.4576,-62.732573,-0.344207,-0.76044,-0.739418,-1.0,-1.0,-49.5,49.5,-5429.25,8437.75
2020-01-31 00:00:00,CTA(9,21),5556.75,5409.25,5906.95,5991.7096,-84.759593,-0.449305,-0.9906,-0.870896,-1.0,-1.0,-20.0,20.0,-5409.25,8457.75
2020-02-03 00:00:00,CTA(9,21),5508.0,5360.5,5862.6222,5968.6758,-106.053581,-0.537031,-1.180588,-0.936224,-1.0,-1.0,-48.75,48.75,-5360.5,8506.5
2020-02-04 00:00:00,CTA(9,21),5600.5,5453.0,5833.4975,5951.1436,-117.646091,-0.579715,-1.270338,-0.953493,-1.0,-1.0,92.5,-92.5,-5453.0,8414.0
2020-02-05 00:00:00,CTA(9,21),5708.5,5561.0,5819.6089,5939.5892,-119.980247,-0.582897,-1.273602,-0.953961,-1.0,-1.0,108.0,-108.0,-5561.0,8306.0
2020-02-06 00:00:00,CTA(9,21),5724.25,5576.75,5809.0135,5929.3349,-120.321436,-0.578,-1.259729,-0.951897,-1.0,-1.0,15.75,-15.75,-5576.75,8290.25
2020-02-07 00:00:00,CTA(9,21),5649.75,5502.25,5791.3175,5916.0213,-124.703811,-0.587268,-1.276894,-0.954421,-1.0,-1.0,-74.5,74.5,-5502.25,8364.75
2020-02-10 00:00:00,CTA(9,21),5655.5,5508.0,5776.2267,5903.6156,-127.38887,-0.589579,-1.278936,-0.954701,-1.0,-1.0,5.75,-5.75,-5508.0,8359.0
2020-02-11 00:00:00,CTA(9,21),5733.25,5585.75,5771.4515,5895.5029,-124.051413,-0.56966,-1.233046,-0.947357,-1.0,-1.0,77.75,-77.75,-5585.75,8281.25
2020-02-12 00:00:00,CTA(9,21),5750.0,5602.5,5769.068,5888.5742,-119.506204,-0.545659,-1.178848,-0.935804,-1.0,-1.0,16.75,-16.75,-5602.5,8264.5
2020-02-13 00:00:00,CTA(9,21),5772.75,5625.25,5769.4771,5883.0588,-113.581655,-0.517335,-1.115887,-0.918404,-1.0,-1.0,22.75,-22.75,-5625.25,8241.75
2020-02-14 00:00:00,CTA(9,21),5751.25,5603.75,5767.4519,5876.7822,-109.330282,-0.496721,-1.070122,-0.903044,-1.0,-1.0,-21.5,21.5,-5603.75,8263.25
2020-02-17 00:00:00,CTA(9,21),5796.75,5649.25,5770.7072,5872.9711,-102.26388,-0.463903,-0.99904,-0.874636,-1.0,-1.0,45.5,-45.5,-5649.25,8217.75
2020-02-18 00:00:00,CTA(9,21),5761.25,5610.75,5769.6564,5867.6511,-97.994631,-0.443122,-0.954609,-0.854073,-1.0,-1.0,-38.5,38.5,-5610.75,8256.25
2020-02-19 00:00:00,CTA(9,21),5760.25,5608.75,5768.6113,5862.5367,-93.925453,-0.422485,-0.91128,-0.831953,-1.0,-1.0,-2.0,2.0,-5608.75,8258.25
2020-02-20 00:00:00,CTA(9,21),5719.5,5567.5,5763.1545,5855.7254,-92.570989,-0.412973,-0.892453,-0.821712,-1.0,-1.0,-41.25,41.25,-5567.5,8299.5
2020-02-21 00:00:00,CTA(9,21),5757.75,5603.25,5762.554,5851.06,-88.505987,-0.39342,-0.852638,-0.798808,-1.0,-1.0,35.75,-35.75,-5603.25,8263.75
2020-02-24 00:00:00,CTA(9,21),5677.75,5523.25,5753.1313,5842.8071,-89.675795,-0.394381,-0.8577,-0.801813,-1.0,-1.0,-80.0,80.0,-5523.25,8343.75
2020-02-25 00:00:00,CTA(9,21),5674.75,5520.25,5744.4223,5834.8044,-90.382109,-0.393152,-0.858423,-0.80224,-1.0,-1.0,-3.0,3.0,-5520.25,8346.75
2020-02-26 00:00:00,CTA(9,21),5659.25,5504.75,5734.9587,5826.4446,-91.485962,-0.392857,-0.861499,-0.804051,-1.0,-1.0,-15.5,15.5,-5504.75,8362.25
2020-02-27 00:00:00,CTA(9,21),5609.75,5455.25,5721.0466,5816.1259,-95.079246,-0.401468,-0.88438,-0.817204,-1.0,-1.0,-49.5,49.5,-5455.25,8411.75
2020-02-28 00:00:00,CTA(9,21),5629.0,5474.5,5710.8192,5807.2151,-96.395892,-0.401542,-0.888615,-0.819577,-1.0,-1.0,19.25,-19.25,-5474.5,8392.5
2020-03-02 00:00:00,CTA(9,21),5692.0,5537.5,5708.7282,5801.7287,-93.000481,-0.38448,-0.854658,-0.800011,-1.0,-1.0,63.0,-63.0,-5537.5,8329.5
2020-03-03 00:00:00,CTA(9,21),5656.25,5501.75,5702.8973,5794.8011,-91.903835,-0.376073,-0.839787,-0.791058,-1.0,-1.0,-35.75,35.75,-5501.75,8365.25
2020-03-04 00:00:00,CTA(9,21),5672.0,5517.5,5699.4642,5788.9534,-89.489194,-0.363712,-0.815829,-0.776149,-1.0,-1.0,15.75,-15.75,-5517.5,8349.5
2020-03-05 00:00:00,CTA(9,21),5660.75,5506.25,5695.1627,5782.8485,-87.685851,-0.35312,-0.795422,-0.762981,-1.0,-1.0,-11.25,11.25,-5506.25,8360.75
2020-03-06 00:00:00,CTA(9,21),5594.0,5439.5,5683.9224,5773.8557,-89.93336,-0.357141,-0.807546,-0.770856,-1.0,-1.0,-66.75,66.75,-5439.5,8427.5
2020-03-09 00:00:00,CTA(9,21),5526.0,5371.5,5666.3754,5762.0531,-95.677636,-0.372622,-0.845428,-0.794481,-1.0,-1.0,-68.0,68.0,-5371.5,8495.5
2020-03-10 00:00:00,CTA(9,21),5559.25,5404.75,5654.4726,5752.3958,-97.923173,-0.376384,-0.856786,-0.801273,-1.0,-1.0,33.25,-33.25,-5404.75,8462.25
2020-03-11 00:00:00,CTA(9,21),5522.75,5368.25,5639.8368,5741.4603,-101.623505,-0.385117,-0.879438,-0.81441,-1.0,-1.0,-36.5,36.5,-5368.25,8498.75
2020-03-12 00:00:00,CTA(9,21),5425.25,5270.75,5615.9938,5726.4026,-110.408847,-0.410444,-0.939767,-0.846724,-1.0,-1.0,-97.5,97.5,-5270.75,8596.25
2020-03-13 00:00:00,CTA(9,21),5448.25,5293.75,5597.3556,5713.1573,-115.801682,-0.42427,-0.973703,-0.863174,-1.0,-1.0,23.0,-23.0,-5293.75,8573.25
2020-03-16 00:00:00,CTA(9,21),5276.0,5121.5,5561.6494,5692.3403,-130.690846,-0.463754,-1.066334,-0.90167,-1.0,-1.0,-172.25,172.25,-5121.5,8745.5
2020-03-17 00:00:00,CTA(9,21),5132.5,4982.0,5513.9661,5665.6812,-151.715055,-0.516854,-1.189986,-0.938435,-1.0,-1.0,-139.5,139.5,-4982.0,8885.0
2020-03-18 00:00:00,CTA(9,21),4731.5,4582.25,5427.0255,5621.1964,-194.170918,-0.601904,-1.38636,-0.963403,-1.0,-1.0,-399.75,399.75,-4582.25,9284.75
2020-03-19 00:00:00,CTA(9,21),4814.25,4664.25,5358.9393,5582.7704,-223.831063,-0.65043,-1.497652,-0.960494,-1.0,-1.0,82.0,-82.0,-4664.25,9202.75
2020-03-20 00:00:00,CTA(9,21),4802.25,4645.25,5297.0849,5545.6027,-248.517793,-0.684907,-1.575217,-0.9518,-1.0,-1.0,-19.0,19.0,-4645.25,9221.75
2020-03-23 00:00:00,CTA(9,21),4621.75,4464.75,5222.0477,5501.6097,-279.562021,-0.720505,-1.654005,-0.937818,-1.0,-1.0,-180.5,180.5,-4464.75,9402.25
2020-03-24 00:00:00,CTA(9,21),4808.5,4651.5,5176.098,5468.6045,-292.506542,-0.726997,-1.665337,-0.935405,-1.0,-1.0,186.75,-186.75,-4651.5,9215.5
2020-03-25 00:00:00,CTA(9,21),4848.15,4691.15,5139.6593,5439.0591,-299.399752,-0.724579,-1.656048,-0.93739,-1.0,-1.0,39.65,-39.65,-4691.15,9175.85
2020-03-26 00:00:00,CTA(9,21),4794.75,4637.75,5101.3361,5408.3777,-307.041625,-0.723328,-1.649377,-0.938775,-1.0,-1.0,-53.4,53.4,-4637.75,9229.25
2020-03-27 00:00:00,CTA(9,21),4784.5,4627.5,5066.132,5378.6692,-312.53717,-0.719243,-1.636687,-0.941314,-1.0,-1.0,-10.25,10.25,-4627.5,9239.5
2020-03-30 00:00:00,CTA(9,21),4762.5,4605.5,5032.3952,5349.3278,-316.932673,-0.712507,-1.618408,-0.944751,-1.0,-1.0,-22.0,22.0,-4605.5,9261.5
2020-03-31 00:00:00,CTA(9,21),4943.25,4786.25,5022.4901,5329.9908,-307.500651,-0.685592,-1.555034,-0.954563,-1.0,-1.0,180.75,-180.75,-4786.25,9080.75
2020-04-01 00:00:00,CTA(9,21),4791.25,4634.25,4996.7968,5304.3365,-307.539676,-0.673701,-1.526342,-0.95789,-1.0,-1.0,-152.0,152.0,-4634.25,9232.75
2020-04-02 00:00:00,CTA(9,21),4884.5,4727.5,4984.3194,5284.3443,-300.024884,-0.6512,-1.474125,-0.962075,-1.0,-1.0,93.25,-93.25,-4727.5,9139.5
2020-04-03 00:00:00,CTA(9,21),4827.75,4670.75,4966.9228,5262.6017,-295.678897,-0.635522,-1.437556,-0.963519,-1.0,-1.0,-56.75,56.75,-4670.75,9196.25
2020-04-06 00:00:00,CTA(9,21),4872.5,4715.5,4956.4314,5244.0254,-287.594046,-0.615533,-1.391711,-0.963534,-1.0,-1.0,44.75,-44.75,-4715.5,9151.5
2020-04-07 00:00:00,CTA(9,21),5022.25,4865.25,4963.7445,5233.4647,-269.72013,-0.579614,-1.310515,-0.958478,-1.0,-1.0,149.75,-149.75,-4865.25,9001.75
2020-04-08 00:00:00,CTA(9,21),4979.0,4822.0,4965.4396,5221.3473,-255.907713,-0.552615,-1.249826,-0.950299,-1.0,-1.0,-43.25,43.25,-4822.0,9045.0
2020-04-09 00:00:00,CTA(9,21),4993.0,4836.0,4968.5019,5210.4736,-241.971764,-0.528997,-1.196858,-0.939992,-1.0,-1.0,14.0,-14.0,-4836.0,9031.0
2020-04-14 00:00:00,CTA(9,21),5150.0,4985.5,4988.6683,5207.5939,-218.925607,-0.488848,-1.106863,-0.915557,-1.0,-1.0,149.5,-149.5,-4985.5,8881.5
2020-04-15 00:00:00,CTA(9,21),5098.25,4933.75,5000.8441,5202.3871,-201.543011,-0.459725,-1.041955,-0.89245,-1.0,-1.0,-51.75,51.75,-4933.75,8933.25
2020-04-16 00:00:00,CTA(9,21),5129.25,4964.0,5015.1114,5198.9044,-183.792966,-0.429719,-0.975204,-0.863872,-1.0,-1.0,30.25,-30.25,-4964.0,8903.0
2020-04-17 00:00:00,CTA(9,21),5200.5,5028.5,5035.7101,5198.9803,-163.270215,-0.393066,-0.893597,-0.822345,-1.0,-1.0,64.5,-64.5,-5028.5,8838.5
2020-04-20 00:00:00,CTA(9,21),5167.75,4995.75,5050.3812,5197.4932,-147.111958,-0.365268,-0.832,-0.786278,-1.0,-1.0,-32.75,32.75,-4995.75,8871.25
2020-04-21 00:00:00,CTA(9,21),5009.5,4837.5,5045.8389,5188.5411,-142.70226,-0.361911,-0.825823,-0.782441,-1.0,-1.0,-158.25,158.25,-4837.5,9029.5
2020-04-22 00:00:00,CTA(9,21),5117.0,4945.0,5053.7457,5185.1344,-131.388746,-0.341143,-0.779912,-0.752687,-1.0,-1.0,107.5,-107.5,-4945.0,8922.0
2020-04-23 00:00:00,CTA(9,21),5143.5,4971.5,5063.7184,5183.1518,-119.433451,-0.315668,-0.72291,-0.712777,-1.0,-1.0,26.5,-26.5,-4971.5,8895.5
2020-04-24 00:00:00,CTA(9,21),5125.99,4953.99,5070.6374,5180.4298,-109.792388,-0.294668,-0.675908,-0.677479,-1.0,-1.0,-17.51,17.51,-4953.99,8913.01
2020-04-27 00:00:00,CTA(9,21),5181.25,5009.25,5082.9277,5180.4689,-97.541159,-0.263746,-0.605922,-0.621105,-1.0,-1.0,55.26,-55.26,-5009.25,8857.75
2020-04-28 00:00:00,CTA(9,21),5206.0,5034.0,5096.6024,5181.6846,-85.082229,-0.2316,-0.532901,-0.557729,-1.0,-1.0,24.75,-24.75,-5034.0,8833.0
2020-04-29 00:00:00,CTA(9,21),5243.25,5071.25,5112.8966,5184.6163,-71.719736,-0.196219,-0.451856,-0.482439,-1.0,-1.0,37.25,-37.25,-5071.25,8795.75
2020-04-30 00:00:00,CTA(9,21),5170.25,4998.25,5119.2692,5183.9322,-64.663024,-0.177394,-0.408595,-0.440328,-1.0,-1.0,-73.0,73.0,-4998.25,8868.75
2020-05-01 00:00:00,CTA(9,21),5090.5,4918.5,5116.0726,5179.4831,-63.410448,-0.174079,-0.400976,-0.432784,-1.0,-1.0,-79.75,79.75,-4918.5,8948.5
2020-05-04 00:00:00,CTA(9,21),5103.25,4931.25,5114.6479,5175.8529,-61.205037,-0.168035,-0.387054,-0.418905,-1.0,-1.0,12.75,-12.75,-4931.25,8935.75
2020-05-05 00:00:00,CTA(9,21),5136.5,4964.5,5117.0759,5173.979,-56.903075,-0.156853,-0.361352,-0.392974,-1.0,-1.0,33.25,-33.25,-4964.5,8902.5
2020-05-06 00:00:00,CTA(9,21),5173.75,5001.75,5123.373,5173.9681,-50.595049,-0.140871,-0.324678,-0.355319,-1.0,-1.0,37.25,-37.25,-5001.75,8865.25
2020-05-07 00:00:00,CTA(9,21),5248.5,5076.5,5137.276,5177.5172,-40.241191,-0.113434,-0.26163,-0.288978,-1.0,-1.0,74.75,-74.75,-5076.5,8790.5
2020-05-11 00:00:00,CTA(9,21),5228.75,5056.75,5147.4398,5179.9569,-32.517071,-0.092487,-0.213589,-0.237266,-1.0,-1.0,-19.75,19.75,-5056.75,8810.25
2020-05-12 00:00:00,CTA(9,21),5231.0,5059.0,5156.7243,5182.3875,-25.663229,-0.073713,-0.17053,-0.190219,-1.0,-1.0,2.25,-2.25,-5059.0,8808.0
2020-05-13 00:00:00,CTA(9,21),5194.25,5022.25,5160.8938,5182.9524,-22.058584,-0.064306,-0.149071,-0.166568,-1.0,-1.0,-36.75,36.75,-5022.25,8844.75
2020-05-14 00:00:00,CTA(9,21),5174.0,5002.0,5162.35,5182.5261,-20.176034,-0.059821,-0.138982,-0.155407,-1.0,-1.0,-20.25,20.25,-5002.0,8865.0
2020-05-15 00:00:00,CTA(9,21),5156.25,4984.25,5161.6722,5181.2748,-19.602574,-0.059287,-0.138075,-0.154402,-1.0,-1.0,-17.75,17.75,-4984.25,8882.75
2020-05-18 00:00:00,CTA(9,21),5292.0,5120.0,5176.1531,5186.5475,-10.394341,-0.03207,-0.074876,-0.084013,-1.0,-1.0,135.75,-135.75,-5120.0,8747.0
2020-05-19 00:00:00,CTA(9,21),5340.0,5165.0,5194.3583,5193.8547,0.503605,0.001593,0.003727,0.004188,1.0,-1.0,45.0,-45.0,-5165.0,8702.0
2020-05-20 00:00:00,CTA(9,21),5430.75,5255.25,5220.6241,5205.1354,15.488619,0.049991,0.117298,0.131343,1.0,1.0,90.25,90.25,5255.25,8792.25
2020-05-21 00:00:00,CTA(9,21),5376.25,5202.25,5237.9158,5213.2838,24.632078,0.081384,0.19142,0.213117,1.0,1.0,-53.0,-53.0,5202.25,8739.25
2020-05-22 00:00:00,CTA(9,21),5272.8,5090.8,5241.7919,5216.1179,25.673989,0.086821,0.204685,0.227587,1.0,1.0,-111.45,-111.45,5090.8,8627.8
2020-05-26 00:00:00,CTA(9,21),5341.0,5159.0,5252.815,5222.0646,30.750349,0.106893,0.252549,0.279274,1.0,1.0,68.2,68.2,5159.0,8696.0
2020-05-27 00:00:00,CTA(9,21),5238.5,5056.5,5251.2244,5222.8473,28.377159,0.100954,0.239066,0.264803,1.0,1.0,-102.5,-102.5,5056.5,8593.5
2020-05-28 00:00:00,CTA(9,21),5313.75,5131.75,5258.1717,5227.176,30.995743,0.112851,0.267867,0.295623,1.0,1.0,75.25,75.25,5131.75,8668.75
2020-05-29 00:00:00,CTA(9,21),5358.75,5176.75,5269.3471,5233.4414,35.905678,0.133562,0.317765,0.34814,1.0,1.0,45.0,45.0,5176.75,8713.75
2020-06-01 00:00:00,CTA(9,21),5463.5,5281.5,5290.9196,5244.3966,46.523054,0.175114,0.417489,0.449087,1.0,1.0,104.75,104.75,5281.5,8818.5
2020-06-02 00:00:00,CTA(9,21),5508.75,5326.75,5315.123,5256.9848,58.13817,0.221232,0.528279,0.55357,1.0,1.0,45.25,45.25,5326.75,8863.75
2020-06-03 00:00:00,CTA(9,21),5503.25,5321.25,5336.026,5268.7117,67.314257,0.26107,0.624187,0.636244,1.0,1.0,-5.5,-5.5,5321.25,8858.25
2020-06-04 00:00:00,CTA(9,21),5514.25,5332.25,5355.8287,5280.404,75.424626,0.296787,0.710219,0.703455,1.0,1.0,11.0,11.0,5332.25,8869.25
2020-06-05 00:00:00,CTA(9,21),5671.85,5489.85,5390.9421,5299.0443,91.897824,0.361614,0.865517,0.806401,1.0,1.0,157.6,157.6,5489.85,9026.85
2020-06-08 00:00:00,CTA(9,21),5681.0,5499.0,5423.1708,5317.2327,105.938109,0.415811,0.994562,0.872662,1.0,1.0,9.15,9.15,5499.0,9036.0
2020-06-09 00:00:00,CTA(9,21),5755.25,5573.25,5460.0685,5338.0907,121.977831,0.469406,1.120994,0.919977,1.0,1.0,74.25,74.25,5573.25,9110.25
2020-06-10 00:00:00,CTA(9,21),5887.25,5705.25,5507.5331,5364.2411,143.291998,0.527796,1.257314,0.951517,1.0,1.0,132.0,132.0,5705.25,9242.25
2020-06-11 00:00:00,CTA(9,21),5742.5,5560.5,5533.6405,5382.2534,151.387103,0.547382,1.300295,0.957369,1.0,1.0,-144.75,-144.75,5560.5,9097.5
2020-06-12 00:00:00,CTA(9,21),5761.75,5579.75,5558.986,5400.3247,158.661334,0.56087,1.328342,0.960158,1.0,1.0,19.25,19.25,5579.75,9116.75
2020-06-15 00:00:00,CTA(9,21),5678.75,5496.75,5572.2931,5413.583,158.710094,0.550881,1.300909,0.957438,1.0,1.0,-83.0,-83.0,5496.75,9033.75
2020-06-16 00:00:00,CTA(9,21),5712.5,5527.0,5587.8717,5427.8172,160.054494,0.544783,1.282556,0.955187,1.0,1.0,30.25,30.25,5527.0,9064.0
2020-06-17 00:00:00,CTA(9,21),5755.25,5569.75,5606.4693,5443.4092,163.060046,0.539855,1.266948,0.952996,1.0,1.0,42.75,42.75,5569.75,9106.75
2020-06-18 00:00:00,CTA(9,21),5794.5,5607.75,5627.3616,5460.1278,167.233741,0.537748,1.257807,0.951595,1.0,1.0,38.0,38.0,5607.75,9144.75
2020-06-19 00:00:00,CTA(9,21),5839.25,5644.75,5650.9047,5478.1813,172.723463,0.548889,1.27922,0.95474,1.0,1.0,37.0,37.0,5644.75,9181.75
2020-06-22 00:00:00,CTA(9,21),5869.5,5675.0,5675.1931,5496.8155,178.377601,0.556994,1.293164,0.956531,1.0,1.0,30.25,30.25,5675.0,9212.0
2020-06-23 00:00:00,CTA(9,21),5897.0,5702.5,5699.8383,5515.8719,183.966408,0.56531,1.307116,0.958121,1.0,1.0,27.5,27.5,5702.5,9239.5
2020-06-24 00:00:00,CTA(9,21),5861.0,5666.5,5717.7452,5532.3066,185.438591,0.573325,1.320046,0.959416,1.0,1.0,-36.0,-36.0,5666.5,9203.5
2020-06-25 00:00:00,CTA(9,21),5886.5,5692.0,5736.4957,5549.1729,187.322775,0.573873,1.315708,0.959001,1.0,1.0,25.5,25.5,5692.0,9229.0
2020-06-26 00:00:00,CTA(9,21),5955.5,5761.0,5760.8295,5568.5218,192.307678,0.580211,1.324497,0.959823,1.0,1.0,69.0,69.0,5761.0,9298.0
2020-06-29 00:00:00,CTA(9,21),5955.0,5760.5,5782.404,5586.9256,195.478454,0.585052,1.329769,0.960278,1.0,1.0,-0.5,-0.5,5760.5,9297.5
2020-06-30 00:00:00,CTA(9,21),6008.25,5813.75,5807.498,5606.9886,200.509385,0.594853,1.346172,0.961514,1.0,1.0,53.25,53.25,5813.75,9350.75
2020-07-01 00:00:00,CTA(9,21),6053.75,5859.25,5834.8593,5628.263,206.596366,0.608249,1.370367,0.962844,1.0,1.0,45.5,45.5,5859.25,9396.25
2020-07-02 00:00:00,CTA(9,21),6072.0,5877.5,5861.2083,5649.3933,211.814993,0.611917,1.372547,0.962935,1.0,1.0,18.25,18.25,5877.5,9414.5
2020-07-03 00:00:00,CTA(9,21),6021.75,5827.25,5879.0463,5667.1246,211.921689,0.61198,1.366764,0.962683,1.0,1.0,-50.25,-50.25,5827.25,9364.25
2020-07-06 00:00:00,CTA(9,21),6135.25,5940.75,5907.5134,5689.4163,218.097083,0.620883,1.380649,0.963233,1.0,1.0,113.5,113.5,5940.75,9477.75
2020-07-07 00:00:00,CTA(9,21),6188.25,5993.75,5938.7063,5713.1703,225.536057,0.634929,1.405737,0.963745,1.0,1.0,53.0,53.0,5993.75,9530.75
2020-07-08 00:00:00,CTA(9,21),6233.0,6038.5,5971.4056,5737.9241,233.481559,0.647609,1.427399,0.963696,1.0,1.0,44.75,44.75,6038.5,9575.5
2020-07-09 00:00:00,CTA(9,21),6300.85,6106.35,6008.0105,5764.73,243.280493,0.656846,1.441172,0.963432,1.0,1.0,67.85,67.85,6106.35,9643.35
2020-07-10 00:00:00,CTA(9,21),6418.05,6223.55,6053.5705,5795.8405,257.729959,0.674521,1.472973,0.96214,1.0,1.0,117.2,117.2,6223.55,9760.55
2020-07-13 00:00:00,CTA(9,21),6580.0,6385.5,6112.0627,5833.1815,278.8812,0.699408,1.519656,0.958562,1.0,1.0,161.95,161.95,6385.5,9922.5
2020-07-14 00:00:00,CTA(9,21),6497.5,6306.5,6154.889,5864.8157,290.073356,0.70222,1.518117,0.958711,1.0,1.0,-79.0,-79.0,6306.5,9843.5
2020-07-15 00:00:00,CTA(9,21),6385.0,6193.5,6180.4569,5889.5863,290.87056,0.690446,1.485522,0.961372,1.0,1.0,-113.0,-113.0,6193.5,9730.5
2020-07-16 00:00:00,CTA(9,21),6440.75,6247.0,6209.3784,5915.8322,293.546126,0.681723,1.460009,0.96278,1.0,1.0,53.5,53.5,6247.0,9784.0
2020-07-17 00:00:00,CTA(9,21),6455.0,6264.5,6236.6697,5941.5069,295.162764,0.670292,1.429181,0.963672,1.0,1.0,17.5,17.5,6264.5,9801.5
2020-07-20 00:00:00,CTA(9,21),6493.25,6302.75,6265.1786,5967.7804,297.398209,0.661494,1.404429,0.963733,1.0,1.0,38.25,38.25,6302.75,9839.75
2020-07-21 00:00:00,CTA(9,21),6540.7,6350.2,6295.7921,5995.0623,300.729813,0.659766,1.394937,0.9636,1.0,1.0,47.45,47.45,6350.2,9887.2
2020-07-22 00:00:00,CTA(9,21),6496.0,6305.5,6318.0374,6018.9164,299.12096,0.647799,1.364223,0.962562,1.0,1.0,-44.7,-44.7,6305.5,9842.5
2020-07-23 00:00:00,CTA(9,21),6558.0,6367.5,6344.6999,6044.5871,300.112826,0.640122,1.342926,0.961291,1.0,1.0,62.0,62.0,6367.5,9904.5
2020-07-24 00:00:00,CTA(9,21),6425.0,6234.5,6353.6221,6062.702,290.920157,0.61771,1.291383,0.956313,1.0,1.0,-133.0,-133.0,6234.5,9771.5
2020-07-27 00:00:00,CTA(9,21),6423.75,6233.25,6361.4141,6079.8947,281.519379,0.594823,1.239554,0.948534,1.0,1.0,-1.25,-1.25,6233.25,9770.25
2020-07-28 00:00:00,CTA(9,21),6484.0,6293.5,6375.0348,6099.1379,275.896924,0.578852,1.202675,0.941271,1.0,1.0,60.25,60.25,6293.5,9830.5
2020-07-29 00:00:00,CTA(9,21),6480.0,6289.5,6386.6976,6117.2741,269.423434,0.561646,1.163733,0.932019,1.0,1.0,-4.0,-4.0,6289.5,9826.5
2020-07-30 00:00:00,CTA(9,21),6439.75,6249.25,6392.5923,6132.6301,259.962154,0.542056,1.120422,0.919802,1.0,1.0,-40.25,-40.25,6249.25,9786.25
2020-07-31 00:00:00,CTA(9,21),6422.5,6232.0,6395.9154,6146.4335,249.481906,0.523734,1.080768,0.906822,1.0,1.0,-17.25,-17.25,6232.0,9769.0
2020-08-03 00:00:00,CTA(9,21),6500.5,6310.0,6407.5359,6163.2938,244.242109,0.515207,1.062592,0.900297,1.0,1.0,78.0,78.0,6310.0,9847.0
2020-08-04 00:00:00,CTA(9,21),6459.0,6268.5,6413.2541,6177.375,235.879095,0.501093,1.034201,0.889381,1.0,1.0,-41.5,-41.5,6268.5,9805.5
2020-08-05 00:00:00,CTA(9,21),6503.25,6312.75,6423.2537,6192.8929,230.360781,0.491958,1.01706,0.882362,1.0,1.0,44.25,44.25,6312.75,9849.75
2020-08-06 00:00:00,CTA(9,21),6483.5,6293.0,6429.9477,6206.7313,223.216384,0.478752,0.991913,0.871483,1.0,1.0,-19.75,-19.75,6293.0,9830.0
2020-08-07 00:00:00,CTA(9,21),6310.5,6120.0,6416.6757,6211.6727,205.003051,0.445513,0.925639,0.839508,1.0,1.0,-173.0,-173.0,6120.0,9657.0
2020-08-10 00:00:00,CTA(9,21),6397.25,6206.75,6414.5173,6220.5097,194.007621,0.426774,0.88969,0.820177,1.0,1.0,86.75,86.75,6206.75,9743.75
2020-08-11 00:00:00,CTA(9,21),6384.5,6194.0,6411.1821,6228.3188,182.863302,0.409105,0.85576,0.800665,1.0,1.0,-12.75,-12.75,6194.0,9731.0
2020-08-12 00:00:00,CTA(9,21),6435.0,6244.5,6413.8285,6238.1607,175.667775,0.400537,0.841088,0.791851,1.0,1.0,50.5,50.5,6244.5,9781.5
2020-08-13 00:00:00,CTA(9,21),6261.5,6071.0,6396.9031,6239.2721,157.630992,0.369746,0.779861,0.752652,1.0,1.0,-173.5,-173.5,6071.0,9608.0
2020-08-14 00:00:00,CTA(9,21),6376.25,6185.75,6394.6083,6245.7949,148.813446,0.355607,0.753621,0.734682,1.0,1.0,114.75,114.75,6185.75,9722.75
2020-08-17 00:00:00,CTA(9,21),6450.75,6260.25,6400.8463,6255.5546,145.291643,0.352483,0.750563,0.732542,1.0,1.0,74.5,74.5,6260.25,9797.25
2020-08-18 00:00:00,CTA(9,21),6571.0,6383.5,6419.7523,6270.5758,149.176403,0.364202,0.779289,0.752268,1.0,1.0,123.25,123.25,6383.5,9920.5
2020-08-19 00:00:00,CTA(9,21),6691.75,6504.0,6449.9742,6290.6318,159.342463,0.391224,0.840982,0.791786,1.0,1.0,120.5,120.5,6504.0,10041.0
2020-08-20 00:00:00,CTA(9,21),6609.75,6421.75,6467.7271,6305.8279,161.899221,0.405934,0.876757,0.812883,1.0,1.0,-82.25,-82.25,6421.75,9958.75
2020-08-21 00:00:00,CTA(9,21),6498.75,6314.25,6471.1741,6315.0146,156.159443,0.401041,0.870702,0.809408,1.0,1.0,-107.5,-107.5,6314.25,9851.25
2020-08-24 00:00:00,CTA(9,21),6521.75,6337.25,6476.7936,6324.8592,151.934448,0.404733,0.883244,0.816564,1.0,1.0,23.0,23.0,6337.25,9874.25
2020-08-25 00:00:00,CTA(9,21),6535.25,6350.75,6483.2888,6334.8778,148.41099,0.408952,0.896887,0.824158,1.0,1.0,13.5,13.5,6350.75,9887.75
2020-08-26 00:00:00,CTA(9,21),6604.75,6420.25,6496.7845,6347.7288,149.055624,0.423614,0.933199,0.843396,1.0,1.0,69.5,69.5,6420.25,9957.25
2020-08-27 00:00:00,CTA(9,21),6632.5,6448.0,6511.864,6361.2894,150.574596,0.438001,0.969068,0.861001,1.0,1.0,27.75,27.75,6448.0,9985.0
2020-08-28 00:00:00,CTA(9,21),6681.5,6497.0,6530.7124,6376.5375,154.174919,0.457397,1.016478,0.882118,1.0,1.0,49.0,49.0,6497.0,10034.0
2020-09-01 00:00:00,CTA(9,21),6700.5,6516.0,6549.5777,6391.9643,157.61342,0.47852,1.068209,0.902352,1.0,1.0,19.0,19.0,6516.0,10053.0
2020-09-02 00:00:00,CTA(9,21),6706.75,6522.25,6567.0413,6406.9541,160.087212,0.498851,1.117673,0.918957,1.0,1.0,6.25,6.25,6522.25,10059.25
2020-09-03 00:00:00,CTA(9,21),6573.75,6389.25,6567.7867,6414.8967,152.889961,0.486666,1.093184,0.911071,1.0,1.0,-133.0,-133.0,6389.25,9926.25
2020-09-04 00:00:00,CTA(9,21),6724.5,6540.0,6585.1993,6429.6398,155.559537,0.502316,1.130171,0.92273,1.0,1.0,150.75,150.75,6540.0,10077.0
2020-09-07 00:00:00,CTA(9,21),6805.75,6621.25,6609.7049,6447.5498,162.155159,0.525641,1.183696,0.936966,1.0,1.0,81.25,81.25,6621.25,10158.25
2020-09-08 00:00:00,CTA(9,21),6685.25,6500.75,6618.0988,6458.8688,159.229997,0.518315,1.167771,0.933055,1.0,1.0,-120.5,-120.5,6500.75,10037.75
2020-09-09 00:00:00,CTA(9,21),6751.5,6567.0,6632.9212,6472.8036,160.117532,0.528949,1.192069,0.938913,1.0,1.0,66.25,66.25,6567.0,10104.0
2020-09-10 00:00:00,CTA(9,21),6686.0,6501.5,6638.8188,6482.9559,155.862972,0.525496,1.184248,0.937096,1.0,1.0,-65.5,-65.5,6501.5,10038.5
2020-09-11 00:00:00,CTA(9,21),6769.25,6584.75,6653.3112,6496.5889,156.72227,0.543676,1.224066,0.94566,1.0,1.0,83.25,83.25,6584.75,10121.75
2020-09-14 00:00:00,CTA(9,21),6814.5,6630.0,6671.221,6511.7275,159.493516,0.567618,1.276252,0.954332,1.0,1.0,45.25,45.25,6630.0,10167.0
2020-09-15 00:00:00,CTA(9,21),6769.75,6591.0,6682.1687,6524.0143,158.154393,0.579207,1.300355,0.957375,1.0,1.0,-39.0,-39.0,6591.0,10128.0
2020-09-16 00:00:00,CTA(9,21),6788.4,6608.25,6693.9722,6536.6041,157.368075,0.591975,1.326846,0.960029,1.0,1.0,17.25,17.25,6608.25,10145.25
2020-09-17 00:00:00,CTA(9,21),6797.25,6615.75,6705.4475,6549.0158,156.431679,0.603138,1.349577,0.961737,1.0,1.0,7.5,7.5,6615.75,10152.75
2020-09-18 00:00:00,CTA(9,21),6833.25,6659.75,6719.6478,6562.5508,157.096996,0.619025,1.3826,0.963295,1.0,1.0,44.0,44.0,6659.75,10196.75
2020-09-21 00:00:00,CTA(9,21),6710.5,6537.0,6718.6314,6569.596,149.035375,0.606581,1.352603,0.961925,1.0,1.0,-122.75,-122.75,6537.0,10074.0
2020-09-22 00:00:00,CTA(9,21),6800.5,6627.0,6727.7279,6580.5914,147.136462,0.621206,1.382861,0.963303,1.0,1.0,90.0,90.0,6627.0,10164.0
2020-09-23 00:00:00,CTA(9,21),6616.1,6442.6,6715.3248,6582.2823,133.04248,0.59141,1.314723,0.958904,1.0,1.0,-184.4,-184.4,6442.6,9979.6
2020-09-24 00:00:00,CTA(9,21),6529.25,6355.75,6694.6498,6579.7569,114.892852,0.536108,1.190961,0.938659,1.0,1.0,-86.85,-86.85,6355.75,9892.75
2020-09-25 00:00:00,CTA(9,21),6546.55,6373.05,6678.1943,6578.1757,100.018602,0.493419,1.095785,0.91194,1.0,1.0,17.3,17.3,6373.05,9910.05
2020-09-28 00:00:00,CTA(9,21),6567.5,6394.0,6665.8949,6577.6673,88.227604,0.458556,1.01846,0.882948,1.0,1.0,20.95,20.95,6394.0,9931.0
2020-09-29 00:00:00,CTA(9,21),6581.0,6407.5,6656.4621,6577.826,78.636137,0.4294,0.954263,0.853904,1.0,1.0,13.5,13.5,6407.5,9944.5
2020-09-30 00:00:00,CTA(9,21),6676.0,6502.5,6658.633,6582.501,76.132058,0.436104,0.970023,0.86145,1.0,1.0,95.0,95.0,6502.5,10039.5
2020-10-01 00:00:00,CTA(9,21),6382.5,6209.0,6627.9516,6572.9771,54.974467,0.337334,0.751614,0.733279,1.0,1.0,-293.5,-293.5,6209.0,9746.0
2020-10-02 00:00:00,CTA(9,21),6554.25,6380.75,6619.7625,6572.0853,47.677171,0.308704,0.689354,0.687792,1.0,1.0,171.75,171.75,6380.75,9917.75
2020-10-05 00:00:00,CTA(9,21),6521.75,6348.25,6608.8722,6569.6884,39.183814,0.265722,0.594749,0.6117,1.0,1.0,-32.5,-32.5,6348.25,9885.25
2020-10-06 00:00:00,CTA(9,21),6519.25,6345.75,6598.9142,6567.2866,31.627618,0.223164,0.500798,0.528497,1.0,1.0,-2.5,-2.5,6345.75,9882.75
2020-10-07 00:00:00,CTA(9,21),6669.75,6496.25,6606.7848,6572.1658,34.619052,0.249943,0.56242,0.583885,1.0,1.0,150.5,150.5,6496.25,10033.25
2020-10-08 00:00:00,CTA(9,21),6679.5,6506.0,6614.8643,6577.2769,37.587361,0.27241,0.614395,0.628164,1.0,1.0,9.75,9.75,6506.0,10043.0
2020-10-09 00:00:00,CTA(9,21),6768.5,6595.0,6631.9349,6586.3828,45.552134,0.324751,0.733794,0.720647,1.0,1.0,89.0,89.0,6595.0,10132.0
2020-10-12 00:00:00,CTA(9,21),6731.5,6558.0,6642.9977,6593.2931,49.704576,0.351565,0.79548,0.763019,1.0,1.0,-37.0,-37.0,6558.0,10095.0
2020-10-13 00:00:00,CTA(9,21),6685.25,6511.75,6647.6924,6597.672,50.020376,0.357461,0.809772,0.772285,1.0,1.0,-46.25,-46.25,6511.75,10048.75
2020-10-14 00:00:00,CTA(9,21),6705.25,6531.75,6654.0877,6602.7948,51.292902,0.36725,0.832918,0.786845,1.0,1.0,20.0,20.0,6531.75,10068.75
2020-10-15 00:00:00,CTA(9,21),6739.25,6565.75,6663.5502,6609.2927,54.257513,0.387468,0.879755,0.81459,1.0,1.0,34.0,34.0,6565.75,10102.75
2020-10-16 00:00:00,CTA(9,21),6724.5,6551.0,6670.3224,6614.7787,55.543652,0.395246,0.898108,0.824828,1.0,1.0,-14.75,-14.75,6551.0,10088.0
2020-10-19 00:00:00,CTA(9,21),6758.75,6585.25,6680.1477,6621.6345,58.513167,0.412283,0.937143,0.845401,1.0,1.0,34.25,34.25,6585.25,10122.25
2020-10-20 00:00:00,CTA(9,21),6892.0,6709.75,6703.6868,6634.5091,69.177767,0.473313,1.075662,0.905026,1.0,1.0,124.5,124.5,6709.75,10246.75
2020-10-21 00:00:00,CTA(9,21),6989.25,6805.75,6735.4161,6651.4015,84.014583,0.545669,1.238834,0.948406,1.0,1.0,96.0,96.0,6805.75,10342.75
2020-10-22 00:00:00,CTA(9,21),6917.5,6734.5,6755.6476,6664.0728,91.574774,0.583391,1.3225,0.959643,1.0,1.0,-71.25,-71.25,6734.5,10271.5
2020-10-23 00:00:00,CTA(9,21),6861.75,6675.25,6767.4368,6673.486,93.95073,0.594636,1.345787,0.961488,1.0,1.0,-59.25,-59.25,6675.25,10212.25
2020-10-26 00:00:00,CTA(9,21),6772.75,6586.25,6768.0271,6678.2129,89.814233,0.568163,1.284172,0.955399,1.0,1.0,-89.0,-89.0,6586.25,10123.25
2020-10-27 00:00:00,CTA(9,21),6790.0,6603.5,6770.4686,6683.5361,86.932468,0.549424,1.240614,0.948721,1.0,1.0,17.25,17.25,6603.5,10140.5
2020-10-28 00:00:00,CTA(9,21),6740.5,6554.0,6767.1387,6686.2487,80.890061,0.515761,1.163943,0.932074,1.0,1.0,-49.5,-49.5,6554.0,10091.0
2020-10-29 00:00:00,CTA(9,21),6724.0,6537.5,6762.3455,6688.0463,74.299187,0.480115,1.0829,0.907564,1.0,1.0,-16.5,-16.5,6537.5,10074.5
2020-10-30 00:00:00,CTA(9,21),6713.75,6527.25,6756.946,6689.2703,67.675701,0.439655,0.991296,0.871207,1.0,1.0,-10.25,-10.25,6527.25,10064.25
2020-11-02 00:00:00,CTA(9,21),6757.0,6570.5,6756.952,6692.4955,64.456475,0.422193,0.951718,0.85266,1.0,1.0,43.25,43.25,6570.5,10107.5
2020-11-03 00:00:00,CTA(9,21),6810.25,6623.75,6762.874,6698.1029,64.771118,0.423911,0.955561,0.854536,1.0,1.0,53.25,53.25,6623.75,10160.75
2020-11-04 00:00:00,CTA(9,21),6831.0,6644.5,6770.4436,6704.4313,66.012238,0.432125,0.974097,0.863357,1.0,1.0,20.75,20.75,6644.5,10181.5
2020-11-05 00:00:00,CTA(9,21),6844.25,6657.75,6778.6443,6711.0894,67.554921,0.457275,1.030976,0.888085,1.0,1.0,13.25,13.25,6657.75,10194.75
2020-11-06 00:00:00,CTA(9,21),6936.25,6749.75,6796.156,6721.8113,74.344732,0.504623,1.137691,0.924918,1.0,1.0,92.0,92.0,6749.75,10286.75
2020-11-09 00:00:00,CTA(9,21),6904.5,6718.0,6808.1943,6730.5108,77.683488,0.535106,1.205958,0.941976,1.0,1.0,-31.75,-31.75,6718.0,10255.0
2020-11-10 00:00:00,CTA(9,21),6915.25,6728.75,6820.0893,6739.3079,80.781465,0.55951,1.260033,0.951944,1.0,1.0,10.75,10.75,6728.75,10265.75
2020-11-11 00:00:00,CTA(9,21),6868.75,6682.25,6825.4961,6745.4718,80.024295,0.592686,1.333127,0.960553,1.0,1.0,-46.5,-46.5,6682.25,10219.25
2020-11-12 00:00:00,CTA(9,21),6916.75,6730.25,6835.6354,6753.6279,82.007514,0.625979,1.405652,0.963744,1.0,1.0,48.0,48.0,6730.25,10267.25
2020-11-13 00:00:00,CTA(9,21),6966.75,6780.25,6850.2037,6763.7766,86.427131,0.662083,1.483679,0.961494,1.0,1.0,50.0,50.0,6780.25,10317.25
2020-11-16 00:00:00,CTA(9,21),7092.75,6906.25,6877.1533,6779.442,97.711319,0.711687,1.59077,0.949438,1.0,1.0,126.0,126.0,6906.25,10443.25
2020-11-17 00:00:00,CTA(9,21),7059.5,6868.25,6897.414,6792.7781,104.635969,0.729727,1.626684,0.943228,1.0,1.0,-38.0,-38.0,6868.25,10405.25
2020-11-18 00:00:00,CTA(9,21),7082.0,6891.0,6917.9236,6806.5505,111.373048,0.747435,1.661408,0.936253,1.0,1.0,22.75,22.75,6891.0,10428.0
2020-11-19 00:00:00,CTA(9,21),7086.75,6895.75,6936.6821,6819.8934,116.788707,0.768737,1.703524,0.92657,1.0,1.0,4.75,4.75,6895.75,10432.75
2020-11-20 00:00:00,CTA(9,21),7271.5,7076.0,6973.8841,6841.3984,132.485622,0.814547,1.798647,0.900132,1.0,1.0,180.25,180.25,7076.0,10613.0
2020-11-23 00:00:00,CTA(9,21),7170.5,6975.0,6995.7303,6857.0699,138.660334,0.825826,1.816953,0.894371,1.0,1.0,-101.0,-101.0,6975.0,10512.0
2020-11-24 00:00:00,CTA(9,21),7286.25,7090.75,7028.0102,6877.5071,150.503158,0.843154,1.848127,0.884098,1.0,1.0,115.75,115.75,7090.75,10627.75
2020-11-25 00:00:00,CTA(9,21),7291.0,7095.5,7057.2313,6897.1972,160.034103,0.849038,1.854136,0.882054,1.0,1.0,4.75,4.75,7095.5,10632.5
2020-11-26 00:00:00,CTA(9,21),7393.75,7198.25,7094.6223,6920.8426,173.779696,0.858381,1.867508,0.87743,1.0,1.0,102.75,102.75,7198.25,10735.25
2020-11-27 00:00:00,CTA(9,21),7493.25,7297.75,7138.9143,6948.1001,190.814168,0.868495,1.882252,0.872218,1.0,1.0,99.5,99.5,7297.75,10834.75
2020-11-30 00:00:00,CTA(9,21),7573.75,7378.25,7187.2293,6977.8929,209.336397,0.876177,1.891502,0.868889,1.0,1.0,80.5,80.5,7378.25,10915.25
2020-12-01 00:00:00,CTA(9,21),7688.0,7492.5,7242.8705,7011.7076,231.16296,0.889711,1.912931,0.861004,1.0,1.0,114.25,114.25,7492.5,11029.5
2020-12-02 00:00:00,CTA(9,21),7668.0,7472.5,7290.1071,7042.9596,247.147547,0.885933,1.897293,0.866782,1.0,1.0,-20.0,-20.0,7472.5,11009.5
2020-12-03 00:00:00,CTA(9,21),7671.25,7475.75,7332.4563,7072.8782,259.578164,0.874703,1.866215,0.877882,1.0,1.0,3.25,3.25,7475.75,11012.75
2020-12-04 00:00:00,CTA(9,21),7753.75,7558.25,7379.2667,7105.3006,273.966102,0.8684,1.846098,0.884784,1.0,1.0,82.5,82.5,7558.25,11095.25
2020-12-07 00:00:00,CTA(9,21),7697.75,7502.25,7414.6538,7133.5125,281.141256,0.850191,1.80165,0.899201,1.0,1.0,-56.0,-56.0,7502.25,11039.25
2020-12-08 00:00:00,CTA(9,21),7681.5,7486.0,7444.3034,7159.6072,284.696195,0.829231,1.752585,0.913691,1.0,1.0,-16.25,-16.25,7486.0,11023.0
2020-12-09 00:00:00,CTA(9,21),7707.5,7512.0,7473.5474,7185.6973,287.850131,0.807428,1.703108,0.926672,1.0,1.0,26.0,26.0,7512.0,11049.0
2020-12-10 00:00:00,CTA(9,21),7861.75,7666.25,7516.681,7217.8903,298.790764,0.797913,1.6804,0.932049,1.0,1.0,154.25,154.25,7666.25,11203.25
2020-12-11 00:00:00,CTA(9,21),7755.5,7560.0,7543.2165,7243.4907,299.725741,0.774741,1.629703,0.942658,1.0,1.0,-106.25,-106.25,7560.0,11097.0
2020-12-14 00:00:00,CTA(9,21),7729.0,7533.5,7563.8591,7266.6102,297.248865,0.747575,1.571587,0.952322,1.0,1.0,-26.5,-26.5,7533.5,11070.5
2020-12-15 00:00:00,CTA(9,21),7775.0,7570.5,7587.3192,7290.8193,296.499929,0.725012,1.523791,0.958151,1.0,1.0,37.0,37.0,7570.5,11107.5
2020-12-16 00:00:00,CTA(9,21),7827.75,7623.5,7614.0337,7316.3874,297.646332,0.706536,1.484897,0.961414,1.0,1.0,53.0,53.0,7623.5,11160.5
2020-12-17 00:00:00,CTA(9,21),7912.25,7707.75,7647.1689,7344.7618,302.407063,0.696685,1.464385,0.962581,1.0,1.0,84.25,84.25,7707.75,11244.75
2020-12-18 00:00:00,CTA(9,21),7980.25,7772.25,7684.1779,7375.0232,309.154735,0.688817,1.448035,0.963233,1.0,1.0,64.5,64.5,7772.25,11309.25
2020-12-21 00:00:00,CTA(9,21),7840.05,7632.05,7701.497,7397.1673,304.329723,0.66762,1.403801,0.963727,1.0,1.0,-140.2,-140.2,7632.05,11169.05
2020-12-22 00:00:00,CTA(9,21),7738.55,7530.55,7705.614,7413.4236,292.190402,0.638154,1.342443,0.961257,1.0,1.0,-101.5,-101.5,7530.55,11067.55
2020-12-23 00:00:00,CTA(9,21),7838.5,7630.5,7720.3791,7433.6653,286.713779,0.620896,1.306795,0.958087,1.0,1.0,99.95,99.95,7630.5,11167.5
2020-12-24 00:00:00,CTA(9,21),7782.25,7574.25,7727.2537,7450.2646,276.989052,0.597172,1.25763,0.951567,1.0,1.0,-56.25,-56.25,7574.25,11111.25
2020-12-29 00:00:00,CTA(9,21),7856.7,7648.7,7741.6366,7469.6187,272.017912,0.58241,1.227229,0.946267,1.0,1.0,74.45,74.45,7648.7,11185.7
2020-12-30 00:00:00,CTA(9,21),7842.0,7634.0,7752.7881,7487.3511,265.436958,0.563786,1.188667,0.938131,1.0,1.0,-14.7,-14.7,7634.0,11171.0
2020-12-31 00:00:00,CTA(9,21),7757.75,7549.75,7753.3394,7500.2273,253.112146,0.543926,1.14734,0.927635,1.0,1.0,-84.25,-84.25,7549.75,11086.75
2021-01-04 00:00:00,CTA(9,21),7850.75,7642.75,7764.1628,7516.9188,247.243986,0.531533,1.121651,0.920177,1.0,1.0,93.0,93.0,7642.75,11179.75
2021-01-05 00:00:00,CTA(9,21),7997.0,7789.0,7790.0336,7539.7798,250.253777,0.5362,1.131773,0.923201,1.0,1.0,146.25,146.25,7789.0,11326.0
2021-01-06 00:00:00,CTA(9,21),8032.5,7824.5,7816.9743,7563.2427,253.731623,0.54223,1.144689,0.926898,1.0,1.0,35.5,35.5,7824.5,11361.5
2021-01-07 00:00:00,CTA(9,21),8169.0,7961.0,7856.0883,7592.0883,264.000002,0.555469,1.172681,0.93429,1.0,1.0,136.5,136.5,7961.0,11498.0
2021-01-08 00:00:00,CTA(9,21),8120.0,7912.0,7885.4118,7617.2269,268.184873,0.558554,1.179147,0.935876,1.0,1.0,-49.0,-49.0,7912.0,11449.0
2021-01-11 00:00:00,CTA(9,21),7851.25,7643.25,7881.616,7628.3709,253.245161,0.527833,1.114535,0.917983,1.0,1.0,-268.75,-268.75,7643.25,11180.25
2021-01-12 00:00:00,CTA(9,21),7965.5,7757.5,7890.9365,7644.4247,246.511833,0.513337,1.084345,0.908063,1.0,1.0,114.25,114.25,7757.5,11294.5
2021-01-13 00:00:00,CTA(9,21),7996.5,7788.5,7902.6658,7661.1901,241.47562,0.503655,1.0644,0.900962,1.0,1.0,31.0,31.0,7788.5,11325.5
2021-01-14 00:00:00,CTA(9,21),8039.5,7831.5,7917.8696,7679.2049,238.664668,0.498115,1.053259,0.896806,1.0,1.0,43.0,43.0,7831.5,11368.5
2021-01-15 00:00:00,CTA(9,21),7937.75,7729.75,7920.0785,7691.5166,228.561934,0.479495,1.014523,0.881296,1.0,1.0,-101.75,-101.75,7729.75,11266.75
2021-01-18 00:00:00,CTA(9,21),7968.0,7760.0,7925.4031,7704.6825,220.720667,0.466038,0.986658,0.869122,1.0,1.0,30.25,30.25,7760.0,11297.0
2021-01-19 00:00:00,CTA(9,21),7955.25,7743.0,7928.7194,7716.6142,212.105199,0.451007,0.955223,0.854371,1.0,1.0,-17.0,-17.0,7743.0,11280.0
2021-01-20 00:00:00,CTA(9,21),8046.5,7833.5,7941.8062,7732.3231,209.483082,0.444965,0.942554,0.848123,1.0,1.0,90.5,90.5,7833.5,11370.5
2021-01-21 00:00:00,CTA(9,21),8022.25,7810.75,7950.7444,7746.1291,204.615242,0.433597,0.918311,0.83568,1.0,1.0,-22.75,-22.75,7810.75,11347.75
2021-01-22 00:00:00,CTA(9,21),8001.75,7790.75,7956.4117,7758.3016,198.110112,0.420849,0.891047,0.820932,1.0,1.0,-20.0,-20.0,7790.75,11327.75
2021-01-25 00:00:00,CTA(9,21),7972.0,7761.0,7958.1437,7768.4777,189.666033,0.405924,0.859407,0.802821,1.0,1.0,-29.75,-29.75,7761.0,11298.0
2021-01-26 00:00:00,CTA(9,21),8011.75,7800.75,7964.1,7780.0621,184.037892,0.39883,0.844922,0.794176,1.0,1.0,39.75,39.75,7800.75,11337.75
2021-01-27 00:00:00,CTA(9,21),7826.75,7615.75,7948.8388,7782.2853,166.553551,0.367842,0.78063,0.753168,1.0,1.0,-185.0,-185.0,7615.75,11152.75
2021-01-28 00:00:00,CTA(9,21),7882.15,7671.15,7941.429,7787.0408,154.388216,0.348933,0.742738,0.727026,1.0,1.0,55.4,55.4,7671.15,11208.15
2021-01-29 00:00:00,CTA(9,21),7862.5,7651.5,7932.6591,7790.6341,142.025033,0.330005,0.705498,0.699948,1.0,1.0,-19.65,-19.65,7651.5,11188.5
2021-02-01 00:00:00,CTA(9,21),7802.55,7591.55,7918.2025,7791.2015,127.001042,0.305095,0.655937,0.661848,1.0,1.0,-59.95,-59.95,7591.55,11128.55
2021-02-02 00:00:00,CTA(9,21),7784.5,7573.5,7903.3467,7790.8824,112.464324,0.279532,0.604855,0.620211,1.0,1.0,-18.05,-18.05,7573.5,11110.5
2021-02-03 00:00:00,CTA(9,21),7851.5,7640.5,7897.5859,7793.7689,103.817026,0.266481,0.580446,0.599503,1.0,1.0,67.0,67.0,7640.5,11177.5
2021-02-04 00:00:00,CTA(9,21),7826.5,7615.5,7889.6875,7795.3275,94.359965,0.250812,0.549981,0.57295,1.0,1.0,-25.0,-25.0,7615.5,11152.5
2021-02-05 00:00:00,CTA(9,21),7922.0,7711.0,7893.2778,7801.3596,91.91822,0.253212,0.559135,0.581009,1.0,1.0,95.5,95.5,7711.0,11248.0
2021-02-08 00:00:00,CTA(9,21),8046.75,7835.75,7910.3303,7813.0448,97.28543,0.275193,0.61205,0.626217,1.0,1.0,124.75,124.75,7835.75,11372.75
2021-02-09 00:00:00,CTA(9,21),8156.75,7945.75,7937.7102,7829.4117,108.298489,0.315098,0.705714,0.700109,1.0,1.0,110.0,110.0,7945.75,11482.75
2021-02-10 00:00:00,CTA(9,21),8304.0,8093.0,7978.4091,7852.0112,126.397911,0.375785,0.847253,0.795582,1.0,1.0,147.25,147.25,8093.0,11630.0
2021-02-11 00:00:00,CTA(9,21),8288.75,8077.75,8012.8914,7872.8083,140.083148,0.431085,0.977979,0.865157,1.0,1.0,-15.25,-15.25,8077.75,11614.75
2021-02-12 00:00:00,CTA(9,21),8351.5,8140.5,8050.5146,7895.6031,154.91148,0.491123,1.120661,0.919875,1.0,1.0,62.75,62.75,8140.5,11677.5
2021-02-15 00:00:00,CTA(9,21),8422.5,8211.5,8091.8463,7920.6934,171.152864,0.555112,1.273149,0.953897,1.0,1.0,71.0,71.0,8211.5,11748.5
2021-02-16 00:00:00,CTA(9,21),8416.0,8213.5,8127.8634,7944.2795,183.583915,0.60315,1.389728,0.963489,1.0,1.0,2.0,2.0,8213.5,11750.5
2021-02-17 00:00:00,CTA(9,21),8398.25,8196.75,8157.9063,7965.8971,192.009228,0.646584,1.49597,0.960623,1.0,1.0,-16.75,-16.75,8196.75,11733.75
2021-02-18 00:00:00,CTA(9,21),8562.25,8360.75,8202.8334,7994.2949,208.538545,0.708485,1.645121,0.939641,1.0,1.0,164.0,164.0,8360.75,11897.75
2021-02-19 00:00:00,CTA(9,21),8923.75,8727.75,8282.9353,8038.5546,244.38062,0.797035,1.855537,0.881574,1.0,1.0,367.0,367.0,8727.75,12264.75
2021-02-22 00:00:00,CTA(9,21),9111.0,8915.0,8374.9424,8089.6235,285.318987,0.857548,2.000536,0.826474,1.0,1.0,187.25,187.25,8915.0,12452.0
2021-02-23 00:00:00,CTA(9,21),9219.5,9023.5,8468.7822,8143.4271,325.355071,0.911191,2.128916,0.770339,1.0,1.0,108.5,108.5,9023.5,12560.5
2021-02-24 00:00:00,CTA(9,21),9326.0,9130.0,8564.0286,8199.7401,364.288501,0.942496,2.204825,0.734819,1.0,1.0,106.5,106.5,9130.0,12667.0
2021-02-25 00:00:00,CTA(9,21),9428.25,9232.25,8660.0532,8258.2406,401.812629,0.963991,2.25794,0.709222,1.0,1.0,102.25,102.25,9232.25,12769.25
2021-02-26 00:00:00,CTA(9,21),9093.25,8897.25,8708.1862,8298.0029,410.183253,0.953488,2.23684,0.719452,1.0,1.0,-335.0,-335.0,8897.25,12434.25
2021-03-01 00:00:00,CTA(9,21),9062.0,8866.0,8747.4988,8334.3837,413.115087,0.933291,2.193243,0.740327,1.0,1.0,-31.25,-31.25,8866.0,12403.0
2021-03-02 00:00:00,CTA(9,21),9195.25,8999.25,8797.249,8375.3774,421.871586,0.917476,2.160296,0.755829,1.0,1.0,133.25,133.25,8999.25,12536.25
2021-03-03 00:00:00,CTA(9,21),9120.75,8924.75,8833.1935,8410.8713,422.322212,0.890481,2.10145,0.782813,1.0,1.0,-74.5,-74.5,8924.75,12461.75
2021-03-04 00:00:00,CTA(9,21),8924.75,8728.75,8843.3665,8435.3417,408.02474,0.847998,2.006641,0.823941,1.0,1.0,-196.0,-196.0,8728.75,12265.75
2021-03-05 00:00:00,CTA(9,21),8911.2,8715.2,8850.9035,8458.0016,392.901882,0.807029,1.916123,0.85981,1.0,1.0,-13.55,-13.55,8715.2,12252.2
2021-03-08 00:00:00,CTA(9,21),9018.0,8822.0,8869.4698,8484.6682,384.801569,0.776331,1.850732,0.883215,1.0,1.0,106.8,106.8,8822.0,12359.0
2021-03-09 00:00:00,CTA(9,21),8797.5,8601.5,8861.4732,8499.565,361.908174,0.727241,1.741884,0.916641,1.0,1.0,-220.5,-220.5,8601.5,12138.5
2021-03-10 00:00:00,CTA(9,21),8877.75,8681.75,8863.2817,8517.5738,345.707902,0.690973,1.663809,0.935736,1.0,1.0,80.25,80.25,8681.75,12218.75
2021-03-11 00:00:00,CTA(9,21),9069.0,8873.0,8886.1393,8543.8322,342.307101,0.674914,1.634979,0.941646,1.0,1.0,191.25,191.25,8873.0,12410.0
2021-03-12 00:00:00,CTA(9,21),9104.0,8908.0,8910.346,8570.5068,339.83919,0.658285,1.605247,0.94706,1.0,1.0,35.0,35.0,8908.0,12445.0
2021-03-15 00:00:00,CTA(9,21),9164.25,8968.25,8938.5576,8598.7803,339.777258,0.647894,1.592034,0.949237,1.0,1.0,60.25,60.25,8968.25,12505.25
2021-03-16 00:00:00,CTA(9,21),8968.5,8775.5,8941.8845,8616.386,325.498495,0.618188,1.533084,0.957173,1.0,1.0,-192.75,-192.75,8775.5,12312.5
2021-03-17 00:00:00,CTA(9,21),9079.5,8885.25,8957.1751,8638.4391,318.736058,0.600192,1.505862,0.959824,1.0,1.0,109.75,109.75,8885.25,12422.25
2021-03-18 00:00:00,CTA(9,21),9072.5,8877.0,8969.989,8659.1086,310.880365,0.580615,1.476431,0.961942,1.0,1.0,-8.25,-8.25,8877.0,12414.0
2021-03-19 00:00:00,CTA(9,21),9076.25,8887.25,8981.7958,8678.9725,302.823268,0.560408,1.446615,0.963278,1.0,1.0,10.25,10.25,8887.25,12424.25
2021-03-22 00:00:00,CTA(9,21),9123.75,8934.75,8997.5685,8700.1524,297.416079,0.544225,1.428648,0.96368,1.0,1.0,47.5,47.5,8934.75,12471.75
2021-03-23 00:00:00,CTA(9,21),8991.0,8802.0,8996.8386,8714.0023,282.836363,0.516712,1.380882,0.96324,1.0,1.0,-132.75,-132.75,8802.0,12339.0
2021-03-24 00:00:00,CTA(9,21),8985.25,8796.25,8995.551,8726.9188,268.632178,0.492307,1.34049,0.961117,1.0,1.0,-5.75,-5.75,8796.25,12333.25
2021-03-25 00:00:00,CTA(9,21),8791.0,8602.0,8972.8231,8729.9703,242.852804,0.44764,1.243026,0.949143,1.0,1.0,-194.25,-194.25,8602.0,12139.0
2021-03-26 00:00:00,CTA(9,21),8973.5,8784.5,8972.8983,8741.567,231.331361,0.428228,1.213704,0.943595,1.0,1.0,182.5,182.5,8784.5,12321.5
2021-03-29 00:00:00,CTA(9,21),8874.5,8685.5,8961.9652,8747.8971,214.068069,0.398405,1.153412,0.929293,1.0,1.0,-99.0,-99.0,8685.5,12222.5
2021-03-30 00:00:00,CTA(9,21),8780.0,8591.0,8941.7468,8749.4258,192.321006,0.361068,1.06773,0.902178,1.0,1.0,-94.5,-94.5,8591.0,12128.0
2021-03-31 00:00:00,CTA(9,21),8793.0,8604.0,8925.2194,8751.5008,173.71862,0.330378,0.99843,0.874369,1.0,1.0,13.0,13.0,8604.0,12141.0
2021-04-01 00:00:00,CTA(9,21),8799.5,8610.5,8911.2506,8753.7865,157.46412,0.302534,0.93442,0.844019,1.0,1.0,6.5,6.5,8610.5,12147.5
2021-04-06 00:00:00,CTA(9,21),9059.5,8870.5,8927.7227,8768.3442,159.37849,0.306119,0.966777,0.859918,1.0,1.0,260.0,260.0,8870.5,12407.5
2021-04-07 00:00:00,CTA(9,21),8924.5,8735.5,8927.3647,8775.7802,151.58442,0.292088,0.943421,0.848556,1.0,1.0,-135.0,-135.0,8735.5,12272.5
2021-04-08 00:00:00,CTA(9,21),9018.25,8829.25,8937.463,8787.3264,150.136612,0.288699,0.953216,0.853393,1.0,1.0,93.75,93.75,8829.25,12366.25
2021-04-09 00:00:00,CTA(9,21),8934.75,8745.75,8937.1616,8794.3466,142.814994,0.275137,0.928446,0.840959,1.0,1.0,-83.5,-83.5,8745.75,12282.75
2021-04-12 00:00:00,CTA(9,21),8865.25,8676.25,8929.1714,8797.7229,131.448466,0.256726,0.885253,0.817695,1.0,1.0,-69.5,-69.5,8676.25,12213.25
2021-04-13 00:00:00,CTA(9,21),8903.25,8714.25,8926.2912,8802.748,123.543211,0.243569,0.857408,0.801641,1.0,1.0,38.0,38.0,8714.25,12251.25
2021-04-14 00:00:00,CTA(9,21),9082.0,8893.0,8943.5922,8816.0457,127.546471,0.252716,0.907894,0.830139,1.0,1.0,178.75,178.75,8893.0,12430.0
2021-04-15 00:00:00,CTA(9,21),9295.25,9106.25,8982.6653,8838.865,143.800308,0.284092,1.041423,0.892241,1.0,1.0,213.25,213.25,9106.25,12643.25
2021-04-16 00:00:00,CTA(9,21),9225.5,9036.5,9009.6469,8857.2762,152.37075,0.302727,1.131618,0.923156,1.0,1.0,-69.75,-69.75,9036.5,12573.5
2021-04-19 00:00:00,CTA(9,21),9384.25,9195.25,9051.2695,8882.3702,168.899321,0.335449,1.27844,0.954633,1.0,1.0,158.75,158.75,9195.25,12732.25
2021-04-20 00:00:00,CTA(9,21),9326.25,9138.25,9081.8229,8903.5073,178.315575,0.35582,1.383801,0.963331,1.0,1.0,-57.0,-57.0,9138.25,12675.25
2021-04-21 00:00:00,CTA(9,21),9453.0,9263.5,9123.0648,8929.6736,193.391158,0.384747,1.527039,0.957818,1.0,1.0,125.25,125.25,9263.5,12800.5
2021-04-22 00:00:00,CTA(9,21),9411.25,9221.5,9155.0854,8952.6058,202.479529,0.403612,1.634426,0.941754,1.0,1.0,-42.0,-42.0,9221.5,12758.5
2021-04-23 00:00:00,CTA(9,21),9563.5,9378.0,9200.4648,8981.696,218.768734,0.435186,1.798043,0.900318,1.0,1.0,156.5,156.5,9378.0,12915.0
2021-04-26 00:00:00,CTA(9,21),9761.0,9575.5,9262.7465,9018.8058,243.940714,0.481002,2.026459,0.815617,1.0,1.0,197.5,197.5,9575.5,13112.5
2021-04-27 00:00:00,CTA(9,21),9860.5,9675.0,9329.1635,9058.8864,270.277094,0.525752,2.256704,0.709824,1.0,1.0,99.5,99.5,9675.0,13212.0
2021-04-28 00:00:00,CTA(9,21),9883.25,9697.75,9390.7287,9098.1418,292.58685,0.568686,2.48402,0.596798,1.0,1.0,22.75,22.75,9697.75,13234.75
2021-04-29 00:00:00,CTA(9,21),9893.5,9708.0,9446.5922,9136.016,310.576131,0.603131,2.679736,0.500076,1.0,1.0,10.25,10.25,9708.0,13245.0
2021-04-30 00:00:00,CTA(9,21),9833.0,9647.5,9489.5264,9169.2057,320.320622,0.626931,2.834446,0.427355,1.0,1.0,-60.5,-60.5,9647.5,13184.5
2021-05-04 00:00:00,CTA(9,21),9973.0,9787.5,9543.2457,9207.4817,335.763997,0.662282,3.047146,0.336037,1.0,1.0,140.0,140.0,9787.5,13324.5
2021-05-05 00:00:00,CTA(9,21),9955.0,9769.5,9588.9961,9243.0778,345.918368,0.692765,3.242922,0.262862,1.0,1.0,-18.0,-18.0,9769.5,13306.5
2021-05-06 00:00:00,CTA(9,21),10099.75,9914.25,9645.7466,9283.8717,361.874881,0.728884,3.468896,0.192446,1.0,1.0,144.75,144.75,9914.25,13451.25
2021-05-07 00:00:00,CTA(9,21),10423.5,10238.0,9732.1636,9338.1397,394.023914,0.784133,3.78633,0.11811,1.0,1.0,323.75,323.75,10238.0,13775.0
2021-05-10 00:00:00,CTA(9,21),10382.75,10197.25,9804.451,9387.8831,416.567942,0.821414,4.018157,0.079736,1.0,1.0,-40.75,-40.75,10197.25,13734.25
2021-05-11 00:00:00,CTA(9,21),10452.5,10267.0,9876.4564,9438.5791,437.877342,0.848506,4.199562,0.057408,1.0,1.0,69.75,69.75,10267.0,13804.0
2021-05-12 00:00:00,CTA(9,21),10436.25,10250.75,9938.6557,9486.0872,452.568488,0.861954,4.3147,0.046162,1.0,1.0,-16.25,-16.25,10250.75,13787.75
2021-05-13 00:00:00,CTA(9,21),10328.75,10143.25,9981.9995,9526.214,455.785498,0.856686,4.339407,0.04401,1.0,1.0,-107.5,-107.5,10143.25,13680.25
2021-05-14 00:00:00,CTA(9,21),10215.0,10029.5,10007.8885,9559.0134,448.875107,0.842111,4.32109,0.045597,1.0,1.0,-113.75,-113.75,10029.5,13566.5
2021-05-17 00:00:00,CTA(9,21),10344.75,10159.25,10045.3175,9596.4294,448.888135,0.8344,4.333943,0.044478,1.0,1.0,129.75,129.75,10159.25,13696.25
2021-05-18 00:00:00,CTA(9,21),10391.25,10199.25,10083.7545,9634.278,449.476476,0.825622,4.33592,0.044308,1.0,1.0,40.0,40.0,10199.25,13736.25
2021-05-19 00:00:00,CTA(9,21),9992.5,9800.0,10073.6151,9651.3362,422.278899,0.783853,4.157998,0.061997,1.0,1.0,-399.25,-399.25,9800.0,13337.0
2021-05-20 00:00:00,CTA(9,21),10041.5,9849.0,10070.0467,9669.9154,400.131327,0.751795,4.026278,0.078602,1.0,1.0,49.0,49.0,9849.0,13386.0
2021-05-21 00:00:00,CTA(9,21),9877.0,9677.5,10048.5971,9679.7766,368.820518,0.701138,3.795495,0.116356,1.0,1.0,-171.5,-171.5,9677.5,13214.5
2021-05-24 00:00:00,CTA(9,21),9939.75,9740.25,10036.503,9692.1563,344.346709,0.653113,3.573902,0.164803,1.0,1.0,62.75,62.75,9740.25,13277.25
2021-05-25 00:00:00,CTA(9,21),9910.75,9711.25,10022.5304,9702.5655,319.96493,0.603973,3.344813,0.229237,1.0,1.0,-29.0,-29.0,9711.25,13248.25
2021-05-26 00:00:00,CTA(9,21),9971.25,9771.75,10016.8326,9715.36,301.472605,0.564795,3.165237,0.290567,1.0,1.0,60.5,60.5,9771.75,13308.75
2021-05-27 00:00:00,CTA(9,21),10212.15,10012.65,10038.5345,9739.0167,299.517871,0.551896,3.127601,0.304626,1.0,1.0,240.9,240.9,10012.65,13549.65
2021-05-28 00:00:00,CTA(9,21),10250.75,10051.25,10062.114,9763.3849,298.729113,0.540943,3.09416,0.317459,1.0,1.0,38.6,38.6,10051.25,13588.25
2021-06-01 00:00:00,CTA(9,21),10236.5,10037.0,10081.4903,9785.9142,295.576042,0.52878,3.04679,0.336179,1.0,1.0,-14.25,-14.25,10037.0,13574.0
2021-06-02 00:00:00,CTA(9,21),10134.15,9934.65,10087.3413,9802.4969,284.844468,0.506267,2.933629,0.383364,1.0,1.0,-102.35,-102.35,9934.65,13471.65
2021-06-03 00:00:00,CTA(9,21),9772.25,9572.75,10052.3312,9801.0565,251.274647,0.446716,2.598279,0.539895,1.0,1.0,-361.9,-361.9,9572.75,13109.75
2021-06-04 00:00:00,CTA(9,21),9941.25,9741.75,10039.9888,9807.7324,232.256414,0.412432,2.401693,0.638059,1.0,1.0,169.0,169.0,9741.75,13278.75
2021-06-07 00:00:00,CTA(9,21),9883.75,9684.25,10022.629,9811.3523,211.276659,0.377271,2.195087,0.739452,1.0,1.0,-57.5,-57.5,9684.25,13221.25
2021-06-08 00:00:00,CTA(9,21),9941.0,9741.5,10013.5591,9817.526,196.033074,0.352058,2.043632,0.808281,1.0,1.0,57.25,57.25,9741.5,13278.5
2021-06-09 00:00:00,CTA(9,21),9956.25,9756.75,10007.1914,9824.1319,183.059494,0.329758,1.907665,0.862964,1.0,1.0,15.25,15.25,9756.75,13293.75
2021-06-10 00:00:00,CTA(9,21),9864.25,9664.75,9991.309,9826.0423,165.266731,0.301676,1.737707,0.917772,1.0,1.0,-92.0,-92.0,9664.75,13201.75
2021-06-11 00:00:00,CTA(9,21),9975.75,9776.25,9989.5802,9833.1712,156.409012,0.288162,1.65208,0.938218,1.0,1.0,111.5,111.5,9776.25,13313.25
2021-06-14 00:00:00,CTA(9,21),9938.25,9738.75,9983.8769,9838.175,145.701901,0.269647,1.537783,0.956649,1.0,1.0,-37.5,-37.5,9738.75,13275.75
2021-06-15 00:00:00,CTA(9,21),9551.75,9346.75,9935.8628,9824.5357,111.327088,0.207474,1.17416,0.934657,1.0,1.0,-392.0,-392.0,9346.75,12883.75
2021-06-16 00:00:00,CTA(9,21),9652.25,9446.75,9904.3503,9816.3316,88.018637,0.164974,0.924856,0.839102,1.0,1.0,100.0,100.0,9446.75,12983.75
2021-06-17 00:00:00,CTA(9,21),9302.25,9096.25,9837.4502,9791.8515,45.598686,0.086264,0.477218,0.506524,1.0,1.0,-350.5,-350.5,9096.25,12633.25
2021-06-18 00:00:00,CTA(9,21),9133.25,8918.25,9759.2058,9760.4896,-1.283806,-0.002433,-0.013215,-0.014848,-1.0,1.0,-178.0,-178.0,8918.25,12455.25
2021-06-21 00:00:00,CTA(9,21),9168.0,8953.0,9693.5162,9732.2758,-38.759546,-0.07365,-0.391379,-0.42323,-1.0,-1.0,34.75,-34.75,-8953.0,12420.5
2021-06-22 00:00:00,CTA(9,21),9288.5,9073.5,9648.5144,9711.1436,-62.629169,-0.119669,-0.620781,-0.633443,-1.0,-1.0,120.5,-120.5,-9073.5,12300.0
2021-06-23 00:00:00,CTA(9,21),9466.75,9251.75,9628.3184,9699.5058,-71.187426,-0.13696,-0.693658,-0.691057,-1.0,-1.0,178.25,-178.25,-9251.75,12121.75
2021-06-24 00:00:00,CTA(9,21),9403.75,9188.75,9603.3663,9685.4222,-82.055858,-0.159618,-0.789101,-0.758815,-1.0,-1.0,-63.0,63.0,-9188.75,12184.75
2021-06-25 00:00:00,CTA(9,21),9399.4,9184.4,9580.7034,9671.8021,-91.09868,-0.179276,-0.865158,-0.806191,-1.0,-1.0,-4.35,4.35,-9184.4,12189.1
2021-06-28 00:00:00,CTA(9,21),9372.25,9157.25,9557.5419,9657.5377,-99.995785,-0.201004,-0.94685,-0.850261,-1.0,-1.0,-27.15,27.15,-9157.25,12216.25
2021-06-29 00:00:00,CTA(9,21),9323.0,9108.0,9531.4817,9641.6073,-110.125631,-0.223999,-1.029908,-0.887653,-1.0,-1.0,-49.25,49.25,-9108.0,12265.5
2021-06-30 00:00:00,CTA(9,21),9363.5,9148.5,9512.8171,9628.3641,-115.547058,-0.239352,-1.074673,-0.904674,-1.0,-1.0,40.5,-40.5,-9148.5,12225.0
2021-07-01 00:00:00,CTA(9,21),9303.75,9088.75,9489.5874,9612.9063,-123.318917,-0.261532,-1.146717,-0.927462,-1.0,-1.0,-59.75,59.75,-9088.75,12284.75
2021-07-02 00:00:00,CTA(9,21),9358.02,9143.02,9474.9688,9600.7689,-125.800074,-0.273714,-1.172681,-0.93429,-1.0,-1.0,54.27,-54.27,-9143.02,12230.48
2021-07-05 00:00:00,CTA(9,21),9490.1,9275.1,9476.65,9595.4989,-118.848883,-0.266427,-1.117259,-0.91883,-1.0,-1.0,132.08,-132.08,-9275.1,12098.4
2021-07-06 00:00:00,CTA(9,21),9290.04,9075.04,9455.9156,9580.9533,-125.037669,-0.283102,-1.162392,-0.931671,-1.0,-1.0,-200.06,200.06,-9075.04,12298.46
2021-07-07 00:00:00,CTA(9,21),9430.81,9215.81,9453.1261,9573.8036,-120.6775,-0.279501,-1.125174,-0.921242,-1.0,-1.0,140.77,-140.77,-9215.81,12157.69
2021-07-08 00:00:00,CTA(9,21),9294.5,9079.5,9435.501,9560.5034,-125.00245,-0.293454,-1.158674,-0.930697,-1.0,-1.0,-136.31,136.31,-9079.5,12294.0
2021-07-09 00:00:00,CTA(9,21),9488.75,9273.75,9441.4175,9557.0866,-115.669061,-0.278612,-1.080917,-0.906874,-1.0,-1.0,194.25,-194.25,-9273.75,12099.75
2021-07-12 00:00:00,CTA(9,21),9379.5,9164.5,9434.5378,9548.6301,-114.092281,-0.283204,-1.080549,-0.906746,-1.0,-1.0,-109.25,109.25,-9164.5,12209.0
2021-07-13 00:00:00,CTA(9,21),9379.25,9164.25,9428.3947,9540.5644,-112.169652,-0.286623,-1.076182,-0.90521,-1.0,-1.0,-0.25,0.25,-9164.25,12209.25
2021-07-14 00:00:00,CTA(9,21),9306.55,9091.55,9414.8564,9529.4208,-114.564412,-0.296611,-1.096122,-0.912052,-1.0,-1.0,-72.7,72.7,-9091.55,12281.95
2021-07-15 00:00:00,CTA(9,21),9452.75,9237.75,9419.0668,9525.7698,-106.703021,-0.278022,-1.012592,-0.88048,-1.0,-1.0,146.2,-146.2,-9237.75,12135.75
2021-07-16 00:00:00,CTA(9,21),9391.5,9176.5,9416.0038,9519.376,-103.372199,-0.27152,-0.975355,-0.863942,-1.0,-1.0,-61.25,61.25,-9176.5,12197.0
2021-07-19 00:00:00,CTA(9,21),9188.5,8973.5,9390.7256,9503.62,-112.894401,-0.293596,-1.039807,-0.891606,-1.0,-1.0,-203.0,203.0,-8973.5,12400.0
2021-07-20 00:00:00,CTA(9,21),9318.5,9097.5,9382.7006,9494.8048,-112.104231,-0.291437,-1.01827,-0.882868,-1.0,-1.0,124.0,-124.0,-9097.5,12276.0
2021-07-21 00:00:00,CTA(9,21),9331.5,9111.0,9377.0116,9487.0284,-110.016763,-0.284683,-0.981939,-0.866977,-1.0,-1.0,13.5,-13.5,-9111.0,12262.5
2021-07-22 00:00:00,CTA(9,21),9428.28,9207.0,9382.7081,9484.2308,-101.522733,-0.262861,-0.896103,-0.823727,-1.0,-1.0,96.0,-96.0,-9207.0,12166.5
2021-07-23 00:00:00,CTA(9,21),9503.5,9273.5,9396.1294,9485.1484,-89.01899,-0.230172,-0.776526,-0.750407,-1.0,-1.0,66.5,-66.5,-9273.5,12100.0
2021-07-26 00:00:00,CTA(9,21),9799.25,9569.25,9440.9206,9500.1056,-59.185033,-0.153009,-0.512084,-0.538865,-1.0,-1.0,295.75,-295.75,-9569.25,11804.25
2021-07-27 00:00:00,CTA(9,21),9746.5,9516.5,9474.8739,9511.8387,-36.964831,-0.095635,-0.318019,-0.348403,-1.0,-1.0,-52.75,52.75,-9516.5,11857.0
2021-07-28 00:00:00,CTA(9,21),9671.0,9441.0,9496.6657,9519.4178,-22.752147,-0.058913,-0.194833,-0.216846,-1.0,-1.0,-75.5,75.5,-9441.0,11932.5
2021-07-29 00:00:00,CTA(9,21),9806.5,9576.5,9531.0917,9533.0884,-1.99669,-0.005176,-0.017042,-0.019147,-1.0,-1.0,135.5,-135.5,-9576.5,11797.0
2021-07-30 00:00:00,CTA(9,21),9708.75,9478.75,9550.8315,9541.4532,9.378283,0.024321,0.079781,0.089499,1.0,-1.0,-97.75,97.75,-9478.75,11894.75
2021-08-02 00:00:00,CTA(9,21),9680.2,9450.2,9565.2058,9548.0602,17.145571,0.044596,0.145801,0.162953,1.0,1.0,-28.55,-28.55,9450.2,11866.2
2021-08-03 00:00:00,CTA(9,21),9520.0,9290.0,9560.1829,9546.724,13.458907,0.035024,0.114105,0.127791,1.0,1.0,-160.2,-160.2,9290.0,11706.0
2021-08-04 00:00:00,CTA(9,21),9443.75,9213.75,9547.2459,9541.8205,5.425441,0.014172,0.045996,0.051654,1.0,1.0,-76.25,-76.25,9213.75,11629.75
2021-08-05 00:00:00,CTA(9,21),9469.76,9239.76,9538.6364,9538.389,0.247345,0.000663,0.002143,0.002408,1.0,1.0,26.01,26.01,9239.76,11655.76
2021-08-06 00:00:00,CTA(9,21),9444.0,9214.0,9528.1212,9533.8943,-5.773092,-0.015866,-0.051063,-0.057337,-1.0,1.0,-25.76,-25.76,9214.0,11630.0
2021-08-09 00:00:00,CTA(9,21),9342.25,9112.25,9507.4689,9524.7684,-17.299531,-0.049043,-0.157077,-0.175406,-1.0,-1.0,-101.75,101.75,-9112.25,11731.75
2021-08-10 00:00:00,CTA(9,21),9495.75,9265.75,9506.1668,9523.3866,-17.219799,-0.050757,-0.161789,-0.1806,-1.0,-1.0,153.5,-153.5,-9265.75,11578.25
2021-08-11 00:00:00,CTA(9,21),9484.25,9254.25,9503.7316,9521.5229,-17.791349,-0.05415,-0.17178,-0.191592,-1.0,-1.0,-11.5,11.5,-9254.25,11589.75
2021-08-12 00:00:00,CTA(9,21),9437.0,9207.0,9496.317,9517.498,-21.181068,-0.065977,-0.20828,-0.231499,-1.0,-1.0,-47.25,47.25,-9207.0,11637.0
2021-08-13 00:00:00,CTA(9,21),9542.75,9312.75,9501.4762,9518.7005,-17.224315,-0.055984,-0.175928,-0.196148,-1.0,-1.0,105.75,-105.75,-9312.75,11531.25
2021-08-16 00:00:00,CTA(9,21),9419.5,9189.5,9492.3677,9513.9767,-21.608947,-0.074017,-0.231472,-0.25662,-1.0,-1.0,-123.25,123.25,-9189.5,11654.5
2021-08-17 00:00:00,CTA(9,21),9233.5,9005.25,9463.6046,9500.6206,-37.015995,-0.127194,-0.395438,-0.427279,-1.0,-1.0,-184.25,184.25,-9005.25,11838.75
2021-08-18 00:00:00,CTA(9,21),9032.0,8803.0,9415.6486,9478.3054,-62.656798,-0.213657,-0.6591,-0.664348,-1.0,-1.0,-202.25,202.25,-8803.0,12041.0
2021-08-19 00:00:00,CTA(9,21),8892.0,8658.75,9357.4654,9450.3861,-92.920669,-0.306997,-0.937633,-0.845648,-1.0,-1.0,-144.25,144.25,-8658.75,12185.25
2021-08-20 00:00:00,CTA(9,21),9041.0,8806.0,9322.3026,9430.8915,-108.588916,-0.355638,-1.074265,-0.904529,-1.0,-1.0,147.25,-147.25,-8806.0,12038.0
2021-08-23 00:00:00,CTA(9,21),9290.95,9055.95,9318.819,9424.2276,-105.408654,-0.34772,-1.039369,-0.891433,-1.0,-1.0,249.95,-249.95,-9055.95,11788.05
2021-08-24 00:00:00,CTA(9,21),9374.5,9139.5,9325.0057,9421.8596,-96.85389,-0.324585,-0.960939,-0.857134,-1.0,-1.0,83.55,-83.55,-9139.5,11704.5
2021-08-25 00:00:00,CTA(9,21),9356.5,9121.5,9328.5051,9418.7473,-90.242164,-0.316013,-0.927053,-0.84024,-1.0,-1.0,-18.0,18.0,-9121.5,11722.5
2021-08-26 00:00:00,CTA(9,21),9305.0,9070.0,9325.8934,9413.3307,-87.437305,-0.323559,-0.940615,-0.847151,-1.0,-1.0,-51.5,51.5,-9070.0,11774.0
2021-08-27 00:00:00,CTA(9,21),9413.75,9178.75,9335.6553,9413.3507,-77.695429,-0.307143,-0.88541,-0.817783,-1.0,-1.0,108.75,-108.75,-9178.75,11665.25
2021-08-31 00:00:00,CTA(9,21),9525.25,9290.25,9356.7213,9418.6792,-61.957885,-0.259541,-0.742897,-0.727139,-1.0,-1.0,111.5,-111.5,-9290.25,11553.75
2021-09-01 00:00:00,CTA(9,21),9333.25,9098.25,9354.1134,9414.6112,-60.497754,-0.256236,-0.728472,-0.716813,-1.0,-1.0,-192.0,192.0,-9098.25,11745.75
2021-09-02 00:00:00,CTA(9,21),9366.75,9131.75,9355.5175,9412.3321,-56.814586,-0.248932,-0.703106,-0.698163,-1.0,-1.0,33.5,-33.5,-9131.75,11712.25
2021-09-03 00:00:00,CTA(9,21),9422.75,9187.75,9362.9878,9412.8282,-49.840398,-0.225046,-0.631935,-0.642576,-1.0,-1.0,56.0,-56.0,-9187.75,11656.25
2021-09-06 00:00:00,CTA(9,21),9443.75,9208.75,9371.9613,9414.3006,-42.339285,-0.199553,-0.557473,-0.579551,-1.0,-1.0,21.0,-21.0,-9208.75,11635.25
2021-09-07 00:00:00,CTA(9,21),9333.65,9098.65,9367.7045,9410.4601,-42.755594,-0.21182,-0.588625,-0.606499,-1.0,-1.0,-110.1,110.1,-9098.65,11745.35
2021-09-08 00:00:00,CTA(9,21),9228.5,8993.5,9352.2374,9401.7954,-49.557996,-0.253575,-0.700513,-0.696221,-1.0,-1.0,-105.15,105.15,-8993.5,11850.5
2021-09-09 00:00:00,CTA(9,21),9369.5,9134.5,9354.1554,9400.2575,-46.102051,-0.253381,-0.695949,-0.692788,-1.0,-1.0,141.0,-141.0,-9134.5,11709.5
2021-09-10 00:00:00,CTA(9,21),9684.5,9449.5,9390.8604,9413.7928,-22.932457,-0.132883,-0.363708,-0.395366,-1.0,-1.0,315.0,-315.0,-9449.5,11394.5
2021-09-13 00:00:00,CTA(9,21),9550.5,9315.5,9408.5981,9420.3027,-11.704586,-0.06783,-0.185211,-0.206326,-1.0,-1.0,-134.0,134.0,-9315.5,11528.5
2021-09-14 00:00:00,CTA(9,21),9434.0,9197.75,9411.4205,9420.955,-9.534407,-0.056201,-0.153136,-0.171057,-1.0,-1.0,-117.75,117.75,-9197.75,11646.25
2021-09-15 00:00:00,CTA(9,21),9617.75,9383.0,9434.346,9430.3261,4.019895,0.023458,0.063851,0.071669,1.0,-1.0,185.25,-185.25,-9383.0,11461.0
2021-09-16 00:00:00,CTA(9,21),9357.0,9122.75,9425.752,9426.8344,-1.082389,-0.006446,-0.017522,-0.019686,-1.0,1.0,-260.25,-260.25,9122.75,11200.75
2021-09-17 00:00:00,CTA(9,21),9307.25,9068.0,9412.5851,9421.1399,-8.554785,-0.051656,-0.1402,-0.156756,-1.0,-1.0,-54.75,54.75,-9068.0,11255.5
2021-09-20 00:00:00,CTA(9,21),9034.15,8794.9,9370.5368,9402.7118,-32.175043,-0.187468,-0.506996,-0.534203,-1.0,-1.0,-273.1,273.1,-8794.9,11528.6
2021-09-21 00:00:00,CTA(9,21),8976.5,8737.25,9326.7549,9382.416,-55.661107,-0.309599,-0.832705,-0.786713,-1.0,-1.0,-57.65,57.65,-8737.25,11586.25
2021-09-22 00:00:00,CTA(9,21),9295.75,9056.5,9323.3099,9378.2891,-54.979145,-0.305013,-0.815897,-0.776192,-1.0,-1.0,319.25,-319.25,-9056.5,11267.0
2021-09-23 00:00:00,CTA(9,21),9282.45,9043.2,9318.7699,9373.7253,-54.955372,-0.303905,-0.808373,-0.771387,-1.0,-1.0,-13.3,13.3,-9043.2,11280.3
2021-09-24 00:00:00,CTA(9,21),9341.75,9102.5,9321.3233,9372.2027,-50.879399,-0.281204,-0.744048,-0.727954,-1.0,-1.0,59.3,-59.3,-9102.5,11221.0
2021-09-27 00:00:00,CTA(9,21),9369.5,9130.25,9326.6763,9372.074,-45.397731,-0.25119,-0.661462,-0.666209,-1.0,-1.0,27.75,-27.75,-9130.25,11193.25
2021-09-28 00:00:00,CTA(9,21),9273.1,9033.85,9320.7233,9367.3609,-46.637601,-0.257172,-0.673933,-0.675949,-1.0,-1.0,-96.4,96.4,-9033.85,11289.65
2021-09-29 00:00:00,CTA(9,21),9165.0,8925.75,9303.4207,9357.7247,-54.303959,-0.296264,-0.772196,-0.747475,-1.0,-1.0,-108.1,108.1,-8925.75,11397.75
2021-09-30 00:00:00,CTA(9,21),8940.5,8701.25,9263.0962,9337.8569,-74.760643,-0.389601,-1.00828,-0.878642,-1.0,-1.0,-224.5,224.5,-8701.25,11622.25
2021-10-01 00:00:00,CTA(9,21),9131.5,8892.25,9248.4744,9328.0303,-79.555928,-0.409998,-1.053306,-0.896824,-1.0,-1.0,191.0,-191.0,-8892.25,11431.25
2021-10-04 00:00:00,CTA(9,21),9254.0,9014.75,9249.0884,9324.5051,-75.416719,-0.388023,-0.990179,-0.870707,-1.0,-1.0,122.5,-122.5,-9014.75,11308.75
2021-10-05 00:00:00,CTA(9,21),9175.0,8935.75,9240.8563,9317.3858,-76.52947,-0.390598,-0.99025,-0.870739,-1.0,-1.0,-79.0,79.0,-8935.75,11387.75
2021-10-06 00:00:00,CTA(9,21),9048.35,8809.1,9219.4667,9304.5746,-85.107834,-0.425595,-1.071314,-0.903473,-1.0,-1.0,-126.65,126.65,-8809.1,11514.4
2021-10-07 00:00:00,CTA(9,21),9282.25,9043.0,9226.4427,9303.5115,-77.068841,-0.38591,-0.96532,-0.859227,-1.0,-1.0,233.9,-233.9,-9043.0,11280.5
2021-10-08 00:00:00,CTA(9,21),9367.75,9128.5,9242.1435,9306.5705,-64.427001,-0.322617,-0.802852,-0.767824,-1.0,-1.0,85.5,-85.5,-9128.5,11195.0
2021-10-11 00:00:00,CTA(9,21),9564.75,9325.5,9277.9886,9318.8647,-40.876094,-0.203125,-0.503799,-0.531264,-1.0,-1.0,197.0,-197.0,-9325.5,10998.0
2021-10-12 00:00:00,CTA(9,21),9490.0,9250.75,9301.5455,9327.014,-25.468575,-0.126319,-0.312554,-0.342712,-1.0,-1.0,-74.75,74.75,-9250.75,11072.75
2021-10-13 00:00:00,CTA(9,21),9701.5,9462.25,9345.9849,9344.8467,1.138154,0.005536,0.013682,0.015372,1.0,-1.0,211.5,-211.5,-9462.25,10861.25
2021-10-14 00:00:00,CTA(9,21),10076.0,9836.75,9427.0976,9379.6635,47.434124,0.212098,0.524167,0.549856,1.0,1.0,374.5,374.5,9836.75,11235.75
2021-10-15 00:00:00,CTA(9,21),10493.0,10253.75,9545.5312,9432.6795,112.851696,0.430812,1.064595,0.901034,1.0,1.0,417.0,417.0,10253.75,11652.75
2021-10-18 00:00:00,CTA(9,21),11299.5,11060.25,9740.4167,9521.5758,218.840902,0.618668,1.527278,0.957793,1.0,1.0,806.5,806.5,11060.25,12459.25
2021-10-19 00:00:00,CTA(9,21),10207.5,10995.25,9792.3148,9554.2388,238.075992,0.649828,1.602514,0.947522,1.0,1.0,-65.0,-65.0,10995.25,12394.25
2021-10-20 00:00:00,CTA(9,21),10271.25,11043.0,9845.5298,9588.3822,257.147623,0.675781,1.664972,0.935484,1.0,1.0,47.75,47.75,11043.0,12442.0
2021-10-21 00:00:00,CTA(9,21),9948.5,10699.25,9856.971,9605.5307,251.440287,0.652595,1.607035,0.946754,1.0,1.0,-343.75,-343.75,10699.25,12098.25
2021-10-22 00:00:00,CTA(9,21),9792.0,10612.75,9849.752,9614.4102,235.3418,0.610967,1.504355,0.959951,1.0,1.0,-86.5,-86.5,10612.75,12011.75
2021-10-25 00:00:00,CTA(9,21),9960.75,10781.5,9862.0851,9630.9025,231.182542,0.594965,1.464703,0.962566,1.0,1.0,168.75,168.75,10781.5,12180.5
2021-10-26 00:00:00,CTA(9,21),9885.5,10706.25,9864.6867,9643.0262,221.660511,0.566598,1.394729,0.963596,1.0,1.0,-75.25,-75.25,10706.25,12105.25
2021-10-27 00:00:00,CTA(9,21),9625.0,10445.75,9838.0549,9642.1678,195.887043,0.502989,1.238225,0.948297,1.0,1.0,-260.5,-260.5,10445.75,11844.75
2021-10-28 00:00:00,CTA(9,21),9815.5,10636.25,9835.5488,9650.4217,185.127033,0.473842,1.166501,0.932731,1.0,1.0,190.5,190.5,10636.25,12035.25
2021-10-29 00:00:00,CTA(9,21),9728.5,10549.25,9823.6545,9654.1398,169.514712,0.433387,1.066929,0.901887,1.0,1.0,-87.0,-87.0,10549.25,11948.25
2021-11-01 00:00:00,CTA(9,21),9958.0,10778.75,9838.5818,9668.6093,169.972458,0.429541,1.057438,0.898381,1.0,1.0,229.5,229.5,10778.75,12177.75
2021-11-02 00:00:00,CTA(9,21),9745.5,10566.25,9828.2393,9672.2708,155.968579,0.392881,0.967256,0.860145,1.0,1.0,-212.5,-212.5,10566.25,11965.25
2021-11-03 00:00:00,CTA(9,21),9646.5,10467.25,9808.0461,9671.0436,137.002498,0.344708,0.848785,0.796503,1.0,1.0,-99.0,-99.0,10467.25,11866.25
2021-11-04 00:00:00,CTA(9,21),9699.0,10519.75,9795.9298,9672.3748,123.555009,0.310277,0.764188,0.742002,1.0,1.0,52.5,52.5,10519.75,11918.75
2021-11-05 00:00:00,CTA(9,21),9752.0,10572.75,9791.0488,9676.1665,114.882241,0.287968,0.709542,0.702954,1.0,1.0,53.0,53.0,10572.75,11971.75
2021-11-08 00:00:00,CTA(9,21),9897.5,10718.25,9802.8767,9686.7062,116.170468,0.289002,0.712504,0.705146,1.0,1.0,145.5,145.5,10718.25,12117.25
2021-11-09 00:00:00,CTA(9,21),9764.5,10585.25,9798.6126,9690.4107,108.201927,0.268357,0.662075,0.666691,1.0,1.0,-133.0,-133.0,10585.25,11984.25
2021-11-10 00:00:00,CTA(9,21),9705.5,10526.25,9788.2667,9691.1292,97.137543,0.240582,0.59408,0.611133,1.0,1.0,-59.0,-59.0,10526.25,11925.25
2021-11-11 00:00:00,CTA(9,21),9808.5,10629.25,9790.5149,9696.7183,93.796597,0.231384,0.572012,0.592229,1.0,1.0,103.0,103.0,10629.25,12028.25
2021-11-12 00:00:00,CTA(9,21),9841.0,10661.75,9796.1243,9703.5888,92.535496,0.227321,0.562777,0.584196,1.0,1.0,32.5,32.5,10661.75,12060.75
2021-11-15 00:00:00,CTA(9,21),9705.5,10526.25,9786.055,9703.6799,82.375117,0.202982,0.503459,0.530951,1.0,1.0,-135.5,-135.5,10526.25,11925.25
2021-11-16 00:00:00,CTA(9,21),9576.5,10383.25,9762.7711,9697.6237,65.147415,0.162623,0.404151,0.435932,1.0,1.0,-143.0,-143.0,10383.25,11782.25
2021-11-17 00:00:00,CTA(9,21),9427.4,10234.15,9725.5076,9684.7559,40.751755,0.103947,0.258834,0.285994,1.0,1.0,-149.1,-149.1,10234.15,11633.15
2021-11-18 00:00:00,CTA(9,21),9503.5,10297.25,9700.8401,9676.1246,24.715472,0.063944,0.159546,0.178128,1.0,1.0,63.1,63.1,10297.25,11696.25
2021-11-19 00:00:00,CTA(9,21),9744.0,10559.75,9705.6357,9679.3568,26.278855,0.068156,0.170513,0.1902,1.0,1.0,262.5,262.5,10559.75,11958.75
2021-11-22 00:00:00,CTA(9,21),9831.5,10647.25,9719.6206,9686.6017,33.018867,0.085518,0.21459,0.238352,1.0,1.0,87.5,87.5,10647.25,12046.25
2021-11-23 00:00:00,CTA(9,21),9809.0,10624.75,9729.5516,9692.4302,37.121424,0.096141,0.242056,0.268019,1.0,1.0,-22.5,-22.5,10624.75,12023.75
2021-11-24 00:00:00,CTA(9,21),9904.0,10719.75,9748.9348,9702.505,46.429824,0.120141,0.303579,0.333331,1.0,1.0,95.0,95.0,10719.75,12118.75
2021-11-25 00:00:00,CTA(9,21),9898.0,10713.75,9765.4976,9711.8142,53.683338,0.1385,0.351342,0.382769,1.0,1.0,-6.0,-6.0,10713.75,12112.75
2021-11-26 00:00:00,CTA(9,21),9578.0,10393.75,9744.6645,9705.4421,39.22238,0.101221,0.257802,0.284892,1.0,1.0,-320.0,-320.0,10393.75,11792.75
2021-11-29 00:00:00,CTA(9,21),9670.5,10486.25,9736.424,9703.7782,32.645789,0.08457,0.216284,0.240191,1.0,1.0,92.5,92.5,10486.25,11885.25
2021-11-30 00:00:00,CTA(9,21),9522.5,10338.25,9712.6547,9695.1459,17.50875,0.045484,0.116817,0.130808,1.0,1.0,-148.0,-148.0,10338.25,11737.25
2021-12-01 00:00:00,CTA(9,21),9498.25,10314.0,9688.8319,9685.7699,3.062004,0.007964,0.020538,0.023074,1.0,1.0,-24.25,-24.25,10314.0,11713.0
2021-12-02 00:00:00,CTA(9,21),9593.0,10408.75,9678.1839,9681.3523,-3.168373,-0.008254,-0.021366,-0.024005,-1.0,1.0,94.75,94.75,10408.75,11807.75
2021-12-03 00:00:00,CTA(9,21),9489.0,10304.75,9657.1635,9672.1927,-15.029178,-0.03929,-0.102076,-0.114394,-1.0,-1.0,-104.0,104.0,-10304.75,11911.75
2021-12-06 00:00:00,CTA(9,21),9562.0,10377.75,9646.5898,9666.9454,-20.35563,-0.053661,-0.139874,-0.156395,-1.0,-1.0,73.0,-73.0,-10377.75,11838.75
2021-12-07 00:00:00,CTA(9,21),9616.5,10432.25,9643.2465,9664.5433,-21.296777,-0.056348,-0.147331,-0.164645,-1.0,-1.0,54.5,-54.5,-10432.25,11784.25
2021-12-08 00:00:00,CTA(9,21),9658.5,10474.25,9644.9413,9664.2555,-19.314167,-0.051109,-0.134019,-0.149909,-1.0,-1.0,42.0,-42.0,-10474.25,11742.25
2021-12-09 00:00:00,CTA(9,21),9542.5,10358.25,9633.5589,9658.4576,-24.898655,-0.065882,-0.173226,-0.193182,-1.0,-1.0,-116.0,116.0,-10358.25,11858.25
2021-12-10 00:00:00,CTA(9,21),9507.5,10323.25,9619.5524,9651.2691,-31.716747,-0.084031,-0.221457,-0.245796,-1.0,-1.0,-35.0,35.0,-10323.25,11893.25
2021-12-13 00:00:00,CTA(9,21),9435.0,10250.75,9599.0466,9640.9706,-41.924038,-0.110846,-0.292637,-0.321841,-1.0,-1.0,-72.5,72.5,-10250.75,11965.75
2021-12-14 00:00:00,CTA(9,21),9421.5,10218.25,9579.3192,9630.5196,-51.200454,-0.135606,-0.35846,-0.390031,-1.0,-1.0,-32.5,32.5,-10218.25,11998.25
2021-12-15 00:00:00,CTA(9,21),9227.5,10009.25,9540.2282,9611.3282,-71.100062,-0.187706,-0.496445,-0.524472,-1.0,-1.0,-209.0,209.0,-10009.25,12207.25
2021-12-16 00:00:00,CTA(9,21),9537.5,10324.25,9539.925,9607.8126,-67.887561,-0.182803,-0.483745,-0.512648,-1.0,-1.0,315.0,-315.0,-10324.25,11892.25
2021-12-17 00:00:00,CTA(9,21),9479.5,10281.25,9533.2111,9601.7025,-68.49133,-0.189026,-0.500443,-0.528169,-1.0,-1.0,-43.0,43.0,-10281.25,11935.25
2021-12-20 00:00:00,CTA(9,21),9474.0,10275.75,9526.6321,9595.6214,-68.989275,-0.19148,-0.50707,-0.53427,-1.0,-1.0,-5.5,5.5,-10275.75,11940.75
2021-12-21 00:00:00,CTA(9,21),9573.0,10374.75,9531.7841,9594.5442,-62.76008,-0.175577,-0.46503,-0.495007,-1.0,-1.0,99.0,-99.0,-10374.75,11841.75
2021-12-22 00:00:00,CTA(9,21),9652.0,10453.75,9545.1414,9597.2802,-52.138749,-0.146747,-0.388805,-0.420658,-1.0,-1.0,79.0,-79.0,-10453.75,11762.75
2021-12-23 00:00:00,CTA(9,21),9646.0,10447.75,9556.3479,9599.6002,-43.252233,-0.122373,-0.324353,-0.354981,-1.0,-1.0,-6.0,6.0,-10447.75,11768.75
2021-12-24 00:00:00,CTA(9,21),9606.5,10408.25,9561.9204,9599.9287,-38.008345,-0.10857,-0.287887,-0.316835,-1.0,-1.0,-39.5,39.5,-10408.25,11808.25
2021-12-29 00:00:00,CTA(9,21),9736.5,10538.25,9581.3181,9606.4321,-25.114004,-0.072933,-0.193505,-0.215395,-1.0,-1.0,130.0,-130.0,-10538.25,11678.25
2021-12-30 00:00:00,CTA(9,21),9732.0,10533.75,9598.0606,9612.4115,-14.350996,-0.043299,-0.114956,-0.128738,-1.0,-1.0,-4.5,4.5,-10533.75,11682.75
2021-12-31 00:00:00,CTA(9,21),9747.5,10549.25,9614.6649,9618.8443,-4.179396,-0.012904,-0.034287,-0.038513,-1.0,-1.0,15.5,-15.5,-10549.25,11667.25
2022-01-04 00:00:00,CTA(9,21),9795.0,10596.75,9634.7022,9627.2327,7.469468,0.023403,0.062249,0.069875,1.0,-1.0,47.5,-47.5,-10596.75,11619.75
2022-01-05 00:00:00,CTA(9,21),9713.75,10515.5,9643.4853,9631.3526,12.132689,0.038894,0.10358,0.11607,1.0,1.0,-81.25,-81.25,10515.5,11538.5
2022-01-06 00:00:00,CTA(9,21),9544.0,10345.75,9632.4313,9627.1929,5.238418,0.017402,0.046404,0.052111,1.0,1.0,-169.75,-169.75,10345.75,11368.75
2022-01-07 00:00:00,CTA(9,21),9675.0,10476.75,9637.1612,9629.4695,7.691741,0.025998,0.069423,0.07791,1.0,1.0,131.0,131.0,10476.75,11499.75
2022-01-10 00:00:00,CTA(9,21),9571.0,10372.75,9629.8099,9626.6852,3.124757,0.010665,0.028509,0.032026,1.0,1.0,-104.0,-104.0,10372.75,11395.75
2022-01-11 00:00:00,CTA(9,21),9735.5,10537.25,9641.5533,9631.8668,9.686439,0.033145,0.088695,0.099462,1.0,1.0,164.5,164.5,10537.25,11560.25
2022-01-12 00:00:00,CTA(9,21),10084.5,10886.25,9690.7696,9653.4208,37.348781,0.127068,0.340471,0.371625,1.0,1.0,349.0,349.0,10886.25,11909.25
2022-01-13 00:00:00,CTA(9,21),9972.5,10774.25,9722.073,9668.6151,53.457912,0.181012,0.485659,0.514438,1.0,1.0,-112.0,-112.0,10774.25,11797.25
2022-01-14 00:00:00,CTA(9,21),9730.75,10532.5,9723.0371,9671.5739,51.46322,0.176081,0.472992,0.502544,1.0,1.0,-241.75,-241.75,10532.5,11555.5
2022-01-17 00:00:00,CTA(9,21),9749.0,10550.75,9725.9219,9675.2608,50.66103,0.183625,0.493795,0.522014,1.0,1.0,18.25,18.25,10550.75,11573.75
2022-01-18 00:00:00,CTA(9,21),9691.5,10484.25,9722.0972,9676.0341,46.063086,0.244078,0.656984,0.662677,1.0,1.0,-66.5,-66.5,10484.25,11507.25
2022-01-19 00:00:00,CTA(9,21),9861.25,10652.0,9737.5586,9684.8539,52.704704,0.295218,0.795262,0.762875,1.0,1.0,167.75,167.75,10652.0,11675.0
2022-01-20 00:00:00,CTA(9,21),10014.0,10803.75,9768.2743,9700.5275,67.746789,0.403766,1.087885,0.909278,1.0,1.0,151.75,151.75,10803.75,11826.75
2022-01-21 00:00:00,CTA(9,21),9977.0,10775.75,9791.4661,9713.6929,77.773175,0.461491,1.243047,0.949147,1.0,1.0,-28.0,-28.0,10775.75,11798.75
2022-01-24 00:00:00,CTA(9,21),9763.0,10561.75,9788.3032,9716.0409,72.262321,0.429392,1.156406,0.930096,1.0,1.0,-214.0,-214.0,10561.75,11584.75
2022-01-25 00:00:00,CTA(9,21),9832.75,10631.5,9793.2417,9721.5984,71.643279,0.432235,1.163809,0.932039,1.0,1.0,69.75,69.75,10631.5,11654.5
2022-01-26 00:00:00,CTA(9,21),9955.5,10754.25,9811.2704,9732.7366,78.533807,0.469398,1.263019,0.952404,1.0,1.0,122.75,122.75,10754.25,11777.25
2022-01-27 00:00:00,CTA(9,21),9830.75,10629.5,9813.4348,9737.4039,76.030902,0.452573,1.216978,0.94426,1.0,1.0,-124.75,-124.75,10629.5,11652.5
2022-01-28 00:00:00,CTA(9,21),9555.5,10354.25,9784.7754,9728.7418,56.033569,0.333187,0.895935,0.823634,1.0,1.0,-275.25,-275.25,10354.25,11377.25
2022-01-31 00:00:00,CTA(9,21),9554.0,10352.75,9759.1337,9720.4208,38.712899,0.229105,0.616165,0.629631,1.0,1.0,-1.5,-1.5,10352.75,11375.75
2022-02-01 00:00:00,CTA(9,21),9730.5,10529.25,9755.9522,9720.9007,35.051416,0.211788,0.569657,0.590188,1.0,1.0,176.5,176.5,10529.25,11552.25
2022-02-02 00:00:00,CTA(9,21),9877.75,10676.5,9769.4853,9728.3698,41.115497,0.246019,0.661755,0.666439,1.0,1.0,147.25,147.25,10676.5,11699.5
2022-02-03 00:00:00,CTA(9,21),9867.5,10666.25,9780.3758,9734.995,45.380775,0.269182,0.724031,0.713593,1.0,1.0,-10.25,-10.25,10666.25,11689.25
2022-02-04 00:00:00,CTA(9,21),9871.5,10670.25,9790.5007,9741.4952,49.005451,0.288041,0.774693,0.749168,1.0,1.0,4.0,4.0,10670.25,11693.25
2022-02-07 00:00:00,CTA(9,21),9809.25,10608.0,9792.5839,9744.7217,47.86229,0.280538,0.754505,0.735298,1.0,1.0,-62.25,-62.25,10608.0,11631.0
2022-02-08 00:00:00,CTA(9,21),9811.25,10610.0,9794.658,9747.8897,46.76828,0.276268,0.74311,0.727289,1.0,1.0,2.0,2.0,10610.0,11633.0
2022-02-09 00:00:00,CTA(9,21),10100.5,10899.25,9828.6404,9764.6806,63.959761,0.361899,0.97351,0.863084,1.0,1.0,289.25,289.25,10899.25,11922.25
2022-02-10 00:00:00,CTA(9,21),10305.0,11103.75,9881.5692,9790.4101,91.159112,0.473297,1.272765,0.953842,1.0,1.0,204.5,204.5,11103.75,12126.75
2022-02-11 00:00:00,CTA(9,21),9894.5,10693.25,9883.006,9795.3668,87.639202,0.452593,1.217471,0.944359,1.0,1.0,-410.5,-410.5,10693.25,11716.25
2022-02-14 00:00:00,CTA(9,21),9984.5,10783.25,9894.2831,9804.3731,89.90997,0.458599,1.234722,0.947664,1.0,1.0,90.0,90.0,10783.25,11806.25
2022-02-15 00:00:00,CTA(9,21),10003.5,10804.75,9906.4183,9813.8554,92.562949,0.463988,1.250969,0.950489,1.0,1.0,21.5,21.5,10804.75,11827.75
2022-02-16 00:00:00,CTA(9,21),10029.75,10828.5,9920.1218,9824.1361,95.985772,0.473868,1.279996,0.954845,1.0,1.0,23.75,23.75,10828.5,11851.5
2022-02-17 00:00:00,CTA(9,21),9967.0,10762.75,9925.3305,9830.9391,94.391413,0.468946,1.270263,0.953482,1.0,1.0,-65.75,-65.75,10762.75,11785.75
2022-02-18 00:00:00,CTA(9,21),9996.5,10816.25,9933.2382,9838.823,94.41528,0.467686,1.272335,0.953781,1.0,1.0,53.5,53.5,10816.25,11839.25
2022-02-21 00:00:00,CTA(9,21),9946.0,10765.75,9934.6562,9843.9266,90.729585,0.445719,1.219521,0.944768,1.0,1.0,-50.5,-50.5,10765.75,11788.75
2022-02-22 00:00:00,CTA(9,21),9961.25,10781.0,9937.6111,9849.5135,88.097623,0.429478,1.18341,0.936898,1.0,1.0,15.25,15.25,10781.0,11804.0
2022-02-23 00:00:00,CTA(9,21),9910.5,10730.25,9934.5987,9852.4176,82.181159,0.398857,1.10801,0.915924,1.0,1.0,-50.75,-50.75,10730.25,11753.25
2022-02-24 00:00:00,CTA(9,21),9911.5,10731.25,9932.0322,9855.231,76.801184,0.372574,1.04435,0.893385,1.0,1.0,1.0,1.0,10731.25,11754.25
2022-02-25 00:00:00,CTA(9,21),9917.0,10736.75,9930.362,9858.1724,72.189559,0.349795,0.989442,0.870377,1.0,1.0,5.5,5.5,10736.75,11759.75
2022-02-28 00:00:00,CTA(9,21),9919.0,10738.75,9929.0995,9861.069,68.030566,0.329658,0.940816,0.847252,1.0,1.0,2.0,2.0,10738.75,11761.75
2022-03-01 00:00:00,CTA(9,21),10095.5,10915.25,9947.5885,9872.2323,75.356125,0.357855,1.030055,0.887713,1.0,1.0,176.5,176.5,10915.25,11938.25
2022-03-02 00:00:00,CTA(9,21),10198.25,11018.0,9975.4397,9887.757,87.682756,0.406836,1.180118,0.936111,1.0,1.0,102.75,102.75,11018.0,12041.0
2022-03-03 00:00:00,CTA(9,21),10385.5,11205.25,10021.002,9911.459,109.542958,0.484137,1.412975,0.963779,1.0,1.0,187.25,187.25,11205.25,12228.25
2022-03-04 00:00:00,CTA(9,21),10701.0,11520.75,10096.5573,9949.0562,147.501103,0.583567,1.710042,0.924956,1.0,1.0,315.5,315.5,11520.75,12543.75
2022-03-07 00:00:00,CTA(9,21),10265.5,11085.25,10115.3287,9964.125,151.203759,0.59013,1.735011,0.918495,1.0,1.0,-435.5,-435.5,11085.25,12108.25
2022-03-08 00:00:00,CTA(9,21),10178.75,10998.5,10122.3755,9974.3452,148.030327,0.573208,1.689619,0.929911,1.0,1.0,-86.75,-86.75,10998.5,12021.5
2022-03-09 00:00:00,CTA(9,21),9979.0,10798.75,10106.4449,9974.5669,131.878055,0.511919,1.51307,0.959186,1.0,1.0,-199.75,-199.75,10798.75,11821.75
2022-03-10 00:00:00,CTA(9,21),10096.0,10915.75,10105.2844,9980.3494,124.934977,0.482654,1.430558,0.963651,1.0,1.0,117.0,117.0,10915.75,11938.75
2022-03-11 00:00:00,CTA(9,21),10152.5,10972.25,10110.5306,9988.5471,121.983509,0.47076,1.399001,0.963668,1.0,1.0,56.5,56.5,10972.25,11995.25
2022-03-14 00:00:00,CTA(9,21),9894.5,10714.25,10086.5272,9984.0686,102.458545,0.400937,1.195277,0.939639,1.0,1.0,-258.0,-258.0,10714.25,11737.25
2022-03-15 00:00:00,CTA(9,21),9895.0,10693.75,10065.2464,9979.8273,85.419111,0.341717,1.021932,0.884389,1.0,1.0,-20.5,-20.5,10693.75,11716.75
2022-03-16 00:00:00,CTA(9,21),10069.0,10854.75,10065.6634,9984.0736,81.58986,0.333064,0.998981,0.87461,1.0,1.0,161.0,161.0,10854.75,11877.75
2022-03-17 00:00:00,CTA(9,21),10251.5,11041.75,10086.3119,9996.8082,89.503776,0.380042,1.142532,0.926293,1.0,1.0,187.0,187.0,11041.75,12064.75
2022-03-18 00:00:00,CTA(9,21),10342.0,11131.75,10114.7217,10013.2459,101.475853,0.426101,1.283085,0.955256,1.0,1.0,90.0,90.0,11131.75,12154.75
2022-03-21 00:00:00,CTA(9,21),10301.55,11091.3,10135.4804,10026.9746,108.505782,0.457114,1.377962,0.963141,1.0,1.0,-40.45,-40.45,11091.3,12114.3
2022-03-22 00:00:00,CTA(9,21),10266.5,11056.25,10150.0382,10038.3806,111.657543,0.475494,1.434095,0.96359,1.0,1.0,-35.05,-35.05,11056.25,12079.25
2022-03-23 00:00:00,CTA(9,21),10446.0,11235.75,10182.9228,10057.7911,125.131745,0.522441,1.575086,0.951819,1.0,1.0,179.5,179.5,11235.75,12258.75
2022-03-24 00:00:00,CTA(9,21),10332.5,11122.25,10199.5425,10070.8724,128.670055,0.532207,1.602896,0.947458,1.0,1.0,-113.5,-113.5,11122.25,12145.25
2022-03-25 00:00:00,CTA(9,21),10255.0,11044.75,10205.7044,10079.6404,126.064021,0.521654,1.569432,0.952627,1.0,1.0,-77.5,-77.5,11044.75,12067.75
2022-03-28 00:00:00,CTA(9,21),10342.0,11131.75,10220.8484,10092.1337,128.714659,0.53149,1.596675,0.948489,1.0,1.0,87.0,87.0,11131.75,12154.75
2022-03-29 00:00:00,CTA(9,21),10319.5,11109.25,10231.8097,10102.9607,128.848984,0.527516,1.582032,0.95079,1.0,1.0,-22.5,-22.5,11109.25,12132.25
2022-03-30 00:00:00,CTA(9,21),10367.5,11157.25,10246.8864,10115.5578,131.328576,0.531685,1.591419,0.949335,1.0,1.0,48.0,48.0,11157.25,12180.25
2022-03-31 00:00:00,CTA(9,21),10372.5,11162.25,10260.8435,10127.7931,133.050302,0.532866,1.591589,0.949308,1.0,1.0,5.0,5.0,11162.25,12185.25
2022-04-01 00:00:00,CTA(9,21),10347.0,11136.75,10270.4164,10138.2316,132.184831,0.524349,1.563073,0.953504,1.0,1.0,-25.5,-25.5,11136.75,12159.75
2022-04-04 00:00:00,CTA(9,21),10455.25,11245.0,10290.9535,10153.3277,137.625781,0.538781,1.60255,0.947516,1.0,1.0,108.25,108.25,11245.0,12268.0
2022-04-05 00:00:00,CTA(9,21),10437.0,11226.75,10307.1809,10166.8359,140.344969,0.553841,1.643384,0.93999,1.0,1.0,-18.25,-18.25,11226.75,12249.75
2022-04-06 00:00:00,CTA(9,21),10286.75,11076.5,10304.9108,10172.5461,132.364677,0.527029,1.560561,0.953841,1.0,1.0,-150.25,-150.25,11076.5,12099.5
2022-04-07 00:00:00,CTA(9,21),10294.5,11084.25,10303.754,10178.3534,125.400597,0.510398,1.508401,0.959604,1.0,1.0,7.75,7.75,11084.25,12107.25
2022-04-08 00:00:00,CTA(9,21),10304.75,11094.5,10303.8647,10184.3723,119.492377,0.489273,1.443497,0.963369,1.0,1.0,10.25,10.25,11094.5,12117.5
2022-04-11 00:00:00,CTA(9,21),10181.25,10971.0,10290.2408,10184.2236,106.017205,0.433324,1.277023,0.954439,1.0,1.0,-123.5,-123.5,10971.0,11994.0
2022-04-12 00:00:00,CTA(9,21),10330.0,11119.75,10294.6585,10191.1654,103.493158,0.419661,1.235692,0.947841,1.0,1.0,148.75,148.75,11119.75,12142.75
2022-04-13 00:00:00,CTA(9,21),10284.0,11073.75,10293.4742,10195.5861,97.888182,0.400955,1.179874,0.936052,1.0,1.0,-46.0,-46.0,11073.75,12096.75
2022-04-14 00:00:00,CTA(9,21),10297.5,11087.25,10293.9215,10200.4391,93.482444,0.386416,1.136708,0.924635,1.0,1.0,13.5,13.5,11087.25,12110.25
2022-04-19 00:00:00,CTA(9,21),10288.5,11080.75,10293.3191,10204.6325,88.686675,0.372982,1.097061,0.912363,1.0,1.0,-6.5,-6.5,11080.75,12103.75
2022-04-20 00:00:00,CTA(9,21),10205.5,10998.5,10283.5615,10204.6738,78.887681,0.333986,0.982691,0.86732,1.0,1.0,-82.25,-82.25,10998.5,12021.5
2022-04-21 00:00:00,CTA(9,21),10275.75,11066.25,10282.6935,10208.0584,74.635159,0.315045,0.927502,0.840472,1.0,1.0,67.75,67.75,11066.25,12089.25
2022-04-22 00:00:00,CTA(9,21),10103.25,10887.0,10262.7554,10203.0675,59.687864,0.252579,0.744427,0.728222,1.0,1.0,-179.25,-179.25,10887.0,11910.0
2022-04-25 00:00:00,CTA(9,21),9773.8,10557.55,10208.427,10182.6262,25.8008,0.109297,0.322665,0.353231,1.0,1.0,-329.45,-329.45,10557.55,11580.55
2022-04-26 00:00:00,CTA(9,21),9860.5,10644.25,10169.7684,10167.2868,2.481589,0.010535,0.031158,0.035001,1.0,1.0,86.7,86.7,10644.25,11667.25
2022-04-27 00:00:00,CTA(9,21),9865.5,10649.25,10135.9608,10152.916,-16.955213,-0.071606,-0.212195,-0.235753,-1.0,1.0,5.0,5.0,10649.25,11672.25
2022-04-28 00:00:00,CTA(9,21),9700.0,10483.75,10087.5207,10131.3486,-43.827874,-0.182757,-0.542333,-0.566164,-1.0,-1.0,-165.5,165.5,-10483.75,11837.75
2022-04-29 00:00:00,CTA(9,21),9772.5,10556.25,10052.5184,10114.2606,-61.742149,-0.264716,-0.78616,-0.756863,-1.0,-1.0,72.5,-72.5,-10556.25,11765.25
2022-05-03 00:00:00,CTA(9,21),9407.75,10191.5,9980.8775,10080.6172,-99.739724,-0.416438,-1.235369,-0.947782,-1.0,-1.0,-364.75,364.75,-10191.5,12130.0
2022-05-04 00:00:00,CTA(9,21),9468.0,10251.75,9923.8911,10051.445,-127.553864,-0.513711,-1.520188,-0.95851,-1.0,-1.0,60.25,-60.25,-10251.75,12069.75
2022-05-05 00:00:00,CTA(9,21),9508.5,10292.25,9877.7365,10025.5904,-147.853909,-0.573322,-1.691597,-0.929444,-1.0,-1.0,40.5,-40.5,-10292.25,12029.25
2022-05-06 00:00:00,CTA(9,21),9414.0,10197.75,9826.2103,9996.4671,-170.256836,-0.629543,-1.852026,-0.882774,-1.0,-1.0,-94.5,94.5,-10197.75,12123.75
2022-05-09 00:00:00,CTA(9,21),9244.25,10028.0,9761.548,9960.6472,-199.099225,-0.6877,-2.01633,-0.819891,-1.0,-1.0,-169.75,169.75,-10028.0,12293.5
2022-05-10 00:00:00,CTA(9,21),9239.0,10022.75,9703.4871,9926.2831,-222.795961,-0.726786,-2.123536,-0.7728,-1.0,-1.0,-5.25,5.25,-10022.75,12298.75
2022-05-11 00:00:00,CTA(9,21),9361.0,10144.75,9665.433,9899.3648,-233.931843,-0.73619,-2.144454,-0.763187,-1.0,-1.0,122.0,-122.0,-10144.75,12176.75
2022-05-12 00:00:00,CTA(9,21),9105.0,9888.75,9603.1627,9861.5379,-258.375279,-0.760112,-2.206365,-0.734084,-1.0,-1.0,-256.0,256.0,-9888.75,12432.75
2022-05-13 00:00:00,CTA(9,21),9185.0,9968.75,9556.7001,9829.3218,-272.621704,-0.767438,-2.219359,-0.727867,-1.0,-1.0,80.0,-80.0,-9968.75,12352.75
2022-05-16 00:00:00,CTA(9,21),9255.5,10039.25,9523.2335,9801.997,-278.763537,-0.75734,-2.183041,-0.745154,-1.0,-1.0,70.5,-70.5,-10039.25,12282.25
2022-05-17 00:00:00,CTA(9,21),9379.5,10159.75,9507.2631,9781.8781,-274.615016,-0.728749,-2.095736,-0.785379,-1.0,-1.0,120.5,-120.5,-10159.75,12161.75
2022-05-18 00:00:00,CTA(9,21),9246.1,10029.85,9478.245,9756.3648,-278.119893,-0.715028,-2.050876,-0.805154,-1.0,-1.0,-129.9,129.9,-10029.85,12291.65
2022-05-19 00:00:00,CTA(9,21),9435.5,10216.25,9473.4955,9741.0856,-267.590054,-0.676825,-1.937268,-0.85177,-1.0,-1.0,186.4,-186.4,-10216.25,12105.25
2022-05-20 00:00:00,CTA(9,21),9441.0,10229.75,9469.8849,9726.7958,-256.910878,-0.640108,-1.828497,-0.890634,-1.0,-1.0,13.5,-13.5,-10229.75,12091.75
2022-05-23 00:00:00,CTA(9,21),9568.5,10357.25,9480.8421,9719.2579,-238.415751,-0.589113,-1.68016,-0.932103,-1.0,-1.0,127.5,-127.5,-10357.25,11964.25
2022-05-24 00:00:00,CTA(9,21),9459.0,10247.75,9478.4152,9706.8647,-228.449422,-0.557365,-1.58703,-0.950024,-1.0,-1.0,-109.5,109.5,-10247.75,12073.75
2022-05-25 00:00:00,CTA(9,21),9375.0,10163.75,9466.9247,9691.0616,-224.136925,-0.538013,-1.529276,-0.957583,-1.0,-1.0,-84.0,84.0,-10163.75,12157.75
2022-05-26 00:00:00,CTA(9,21),9350.5,10139.25,9453.9886,9674.8444,-220.855779,-0.521457,-1.48004,-0.961725,-1.0,-1.0,-24.5,24.5,-10139.25,12182.25
2022-05-27 00:00:00,CTA(9,21),9459.5,10248.25,9454.601,9664.5899,-209.988906,-0.490651,-1.391296,-0.963525,-1.0,-1.0,109.0,-109.0,-10248.25,12073.25
2022-05-30 00:00:00,CTA(9,21),9543.0,10331.75,9464.4231,9658.7999,-194.376796,-0.451087,-1.278674,-0.954665,-1.0,-1.0,83.5,-83.5,-10331.75,11989.75
2022-05-31 00:00:00,CTA(9,21),9451.5,10240.25,9462.9872,9648.9284,-185.941271,-0.427255,-1.21089,-0.943014,-1.0,-1.0,-91.5,91.5,-10240.25,12081.25
2022-06-01 00:00:00,CTA(9,21),9504.5,10293.25,9467.5997,9642.0509,-174.45119,-0.398387,-1.128522,-0.922242,-1.0,-1.0,53.0,-53.0,-10293.25,12028.25
2022-06-06 00:00:00,CTA(9,21),9748.5,10537.25,9498.8109,9647.1199,-148.309052,-0.339436,-0.961471,-0.857389,-1.0,-1.0,244.0,-244.0,-10537.25,11784.25
2022-06-07 00:00:00,CTA(9,21),9704.25,10493.0,9521.6374,9649.8404,-128.202961,-0.295791,-0.837923,-0.78992,-1.0,-1.0,-44.25,44.25,-10493.0,11828.5
2022-06-08 00:00:00,CTA(9,21),9741.3,10530.05,9546.0444,9654.1956,-108.151228,-0.256559,-0.726983,-0.715736,-1.0,-1.0,37.05,-37.05,-10530.05,11791.45
2022-06-09 00:00:00,CTA(9,21),9622.1,10410.85,9554.495,9652.6672,-98.172241,-0.233754,-0.662561,-0.667073,-1.0,-1.0,-119.2,119.2,-10410.85,11910.65
2022-06-10 00:00:00,CTA(9,21),9448.0,10236.75,9542.6622,9642.9212,-100.25896,-0.237832,-0.674153,-0.67612,-1.0,-1.0,-174.1,174.1,-10236.75,12084.75
2022-06-13 00:00:00,CTA(9,21),9285.5,10074.25,9514.0886,9625.9011,-111.812484,-0.261546,-0.741192,-0.725929,-1.0,-1.0,-162.5,162.5,-10074.25,12247.25
2022-06-14 00:00:00,CTA(9,21),9226.75,10010.0,9482.1621,9606.8939,-124.731804,-0.287725,-0.814886,-0.77555,-1.0,-1.0,-64.25,64.25,-10010.0,12311.5
2022-06-15 00:00:00,CTA(9,21),9232.0,10010.75,9454.3663,9589.0418,-134.675504,-0.307299,-0.869284,-0.808589,-1.0,-1.0,0.75,-0.75,-10010.75,12310.75
2022-06-16 00:00:00,CTA(9,21),9081.25,9856.25,9412.909,9564.8613,-151.952311,-0.339163,-0.957762,-0.855603,-1.0,-1.0,-154.5,154.5,-9856.25,12465.25
2022-06-17 00:00:00,CTA(9,21),8969.0,9750.75,9363.5857,9536.4869,-172.901183,-0.375663,-1.058299,-0.898703,-1.0,-1.0,-105.5,105.5,-9750.75,12570.75
2022-06-20 00:00:00,CTA(9,21),8992.25,9774.0,9322.3262,9510.5709,-188.244666,-0.40063,-1.125542,-0.921352,-1.0,-1.0,23.25,-23.25,-9774.0,12547.5
2022-06-21 00:00:00,CTA(9,21),9004.49,9786.24,9287.0111,9486.4718,-199.460712,-0.419126,-1.174166,-0.934658,-1.0,-1.0,12.24,-12.24,-9786.24,12535.26
2022-06-22 00:00:00,CTA(9,21),8785.5,9567.25,9231.2876,9453.0922,-221.804556,-0.456868,-1.275837,-0.954275,-1.0,-1.0,-218.99,218.99,-9567.25,12754.25
2022-06-23 00:00:00,CTA(9,21),8415.0,9196.75,9140.589,9403.6592,-263.070221,-0.518202,-1.441315,-0.963428,-1.0,-1.0,-370.5,370.5,-9196.75,13124.75
2022-06-24 00:00:00,CTA(9,21),8392.0,9173.75,9057.4124,9355.485,-298.072528,-0.563761,-1.560797,-0.953809,-1.0,-1.0,-23.0,23.0,-9173.75,13147.75
2022-06-27 00:00:00,CTA(9,21),8430.25,9212.0,8987.7277,9311.4262,-323.698436,-0.597059,-1.644657,-0.939734,-1.0,-1.0,38.25,-38.25,-9212.0,13109.5
2022-06-28 00:00:00,CTA(9,21),8374.0,9155.75,8919.5358,9266.7868,-347.251065,-0.622399,-1.705365,-0.926117,-1.0,-1.0,-56.25,56.25,-9155.75,13165.75
2022-06-29 00:00:00,CTA(9,21),8411.0,9192.75,8863.0318,9226.0351,-363.003285,-0.634779,-1.73005,-0.919814,-1.0,-1.0,37.0,-37.0,-9192.75,13128.75
2022-06-30 00:00:00,CTA(9,21),8264.0,9045.75,8796.4727,9180.2239,-383.751179,-0.65364,-1.77168,-0.908237,-1.0,-1.0,-147.0,147.0,-9045.75,13275.75
2022-07-01 00:00:00,CTA(9,21),8050.25,8832.0,8713.5591,9126.4156,-412.856532,-0.678644,-1.828918,-0.890496,-1.0,-1.0,-213.75,213.75,-8832.0,13489.5
2022-07-04 00:00:00,CTA(9,21),8007.5,8789.25,8635.1081,9073.1339,-438.025844,-0.698252,-1.870597,-0.876348,-1.0,-1.0,-42.75,42.75,-8789.25,13532.25
2022-07-05 00:00:00,CTA(9,21),7666.75,8448.5,8527.5127,9006.1632,-478.650522,-0.728637,-1.939296,-0.850987,-1.0,-1.0,-340.75,340.75,-8448.5,13873.0
2022-07-06 00:00:00,CTA(9,21),7517.25,8299.0,8415.2613,8935.2626,-520.001305,-0.754292,-1.993929,-0.829197,-1.0,-1.0,-149.5,149.5,-8299.0,14022.5
2022-07-07 00:00:00,CTA(9,21),7826.0,8607.75,8349.7878,8882.4406,-532.652754,-0.757441,-1.98869,-0.831344,-1.0,-1.0,308.75,-308.75,-8607.75,13713.75
2022-07-08 00:00:00,CTA(9,21),7799.5,8581.25,8288.6447,8830.872,-542.227247,-0.757634,-1.976151,-0.836433,-1.0,-1.0,-26.5,26.5,-8581.25,13740.25
2022-07-11 00:00:00,CTA(9,21),7578.75,8360.5,8209.7675,8771.2471,-561.479584,-0.762067,-1.974498,-0.837099,-1.0,-1.0,-220.75,220.75,-8360.5,13961.0
2022-07-12 00:00:00,CTA(9,21),7341.0,8122.75,8113.2378,8703.1401,-589.902305,-0.772615,-1.988387,-0.831467,-1.0,-1.0,-237.75,237.75,-8122.75,14198.75
2022-07-13 00:00:00,CTA(9,21),7315.5,8097.25,8024.6003,8637.062,-612.461739,-0.777998,-1.988861,-0.831274,-1.0,-1.0,-25.5,25.5,-8097.25,14224.25
2022-07-14 00:00:00,CTA(9,21),7162.0,7943.75,7928.7558,8566.821,-638.065166,-0.782025,-1.986006,-0.832439,-1.0,-1.0,-153.5,153.5,-7943.75,14377.75
2022-07-15 00:00:00,CTA(9,21),7179.25,7961.0,7845.4774,8500.7462,-655.268781,-0.783032,-1.975408,-0.836733,-1.0,-1.0,17.25,-17.25,-7961.0,14360.5
2022-07-18 00:00:00,CTA(9,21),7411.0,8192.75,7797.2021,8448.8535,-651.651371,-0.768627,-1.926903,-0.855738,-1.0,-1.0,231.75,-231.75,-8192.75,14128.75
2022-07-19 00:00:00,CTA(9,21),7271.5,8045.75,7738.7908,8392.789,-653.998266,-0.760339,-1.894921,-0.867647,-1.0,-1.0,-147.0,147.0,-8045.75,14275.75
2022-07-20 00:00:00,CTA(9,21),7377.0,8150.75,7698.5918,8344.4181,-645.826334,-0.745168,-1.846836,-0.884535,-1.0,-1.0,105.0,-105.0,-8150.75,14170.75
2022-07-21 00:00:00,CTA(9,21),7320.0,8093.25,7656.526,8295.6363,-639.110273,-0.730912,-1.801991,-0.899095,-1.0,-1.0,-57.5,57.5,-8093.25,14228.25
2022-07-22 00:00:00,CTA(9,21),7449.0,8217.25,7633.4676,8255.3203,-621.852707,-0.711202,-1.744667,-0.915882,-1.0,-1.0,124.0,-124.0,-8217.25,14104.25
2022-07-25 00:00:00,CTA(9,21),7479.25,8247.5,7616.3323,8218.3646,-602.032267,-0.687498,-1.678584,-0.932462,-1.0,-1.0,30.25,-30.25,-8247.5,14074.0
2022-07-26 00:00:00,CTA(9,21),7536.25,8304.5,7607.4343,8185.8829,-578.448654,-0.656718,-1.596263,-0.948556,-1.0,-1.0,57.0,-57.0,-8304.5,14017.0
2022-07-27 00:00:00,CTA(9,21),7639.25,8407.5,7610.9694,8159.8528,-548.883434,-0.623307,-1.508902,-0.95956,-1.0,-1.0,103.0,-103.0,-8407.5,13914.0
2022-07-28 00:00:00,CTA(9,21),7770.75,8539.0,7628.7228,8141.3241,-512.601325,-0.58486,-1.41083,-0.963774,-1.0,-1.0,131.5,-131.5,-8539.0,13782.5
2022-07-29 00:00:00,CTA(9,21),7931.25,8699.5,7662.3369,8131.3206,-468.983659,-0.537818,-1.293578,-0.956581,-1.0,-1.0,160.5,-160.5,-8699.5,13622.0
2022-08-01 00:00:00,CTA(9,21),7826.75,8595.0,7680.605,8116.8172,-436.212176,-0.503352,-1.207708,-0.942347,-1.0,-1.0,-104.5,104.5,-8595.0,13726.5
2022-08-02 00:00:00,CTA(9,21),7814.75,8583.0,7695.51,8102.433,-406.923026,-0.469382,-1.123907,-0.92086,-1.0,-1.0,-12.0,12.0,-8583.0,13738.5
2022-08-03 00:00:00,CTA(9,21),7680.75,8449.0,7693.87,8082.3529,-388.482883,-0.447754,-1.070171,-0.903062,-1.0,-1.0,-134.0,134.0,-8449.0,13872.5
2022-08-04 00:00:00,CTA(9,21),7726.25,8494.5,7697.4678,8065.3956,-367.927826,-0.424883,-1.013862,-0.881017,-1.0,-1.0,45.5,-45.5,-8494.5,13827.0
2022-08-05 00:00:00,CTA(9,21),7870.0,8638.25,7716.638,8056.0911,-339.453027,-0.393328,-0.937295,-0.845478,-1.0,-1.0,143.75,-143.75,-8638.25,13683.25
2022-08-08 00:00:00,CTA(9,21),7989.75,8758.0,7746.9838,8052.932,-305.948155,-0.355461,-0.846149,-0.794917,-1.0,-1.0,119.75,-119.75,-8758.0,13563.5
2022-08-09 00:00:00,CTA(9,21),7984.5,8752.75,7773.3745,8049.6733,-276.298802,-0.322012,-0.765874,-0.74316,-1.0,-1.0,-5.25,5.25,-8752.75,13568.75
2022-08-10 00:00:00,CTA(9,21),8084.98,8853.23,7807.9973,8051.3546,-243.35724,-0.285581,-0.678795,-0.679707,-1.0,-1.0,100.48,-100.48,-8853.23,13468.27
2022-08-11 00:00:00,CTA(9,21),8167.0,8935.25,7847.8865,8056.8615,-208.97498,-0.246134,-0.584778,-0.603215,-1.0,-1.0,82.02,-82.02,-8935.25,13386.25
2022-08-12 00:00:00,CTA(9,21),8086.0,8854.25,7874.3436,8058.249,-183.905474,-0.217631,-0.516897,-0.543257,-1.0,-1.0,-81.0,81.0,-8854.25,13467.25
2022-08-15 00:00:00,CTA(9,21),7972.0,8740.25,7885.1943,8054.1419,-168.947662,-0.201029,-0.477345,-0.506644,-1.0,-1.0,-114.0,114.0,-8740.25,13581.25
2022-08-16 00:00:00,CTA(9,21),7983.0,8741.25,7896.0616,8050.7542,-154.692649,-0.185715,-0.440893,-0.471887,-1.0,-1.0,1.0,-1.0,-8741.25,13580.25
2022-08-17 00:00:00,CTA(9,21),7933.25,8689.75,7900.1936,8045.1588,-144.965163,-0.175145,-0.415756,-0.447385,-1.0,-1.0,-51.5,51.5,-8689.75,13631.75
2022-08-18 00:00:00,CTA(9,21),8048.25,8802.25,7916.6443,8045.306,-128.661656,-0.157416,-0.373734,-0.405516,-1.0,-1.0,112.5,-112.5,-8802.25,13519.25
2022-08-19 00:00:00,CTA(9,21),8099.75,8858.25,7936.9894,8047.8986,-110.909154,-0.137629,-0.326969,-0.357692,-1.0,-1.0,56.0,-56.0,-8858.25,13463.25
2022-08-22 00:00:00,CTA(9,21),8071.0,8829.5,7951.8795,8048.9986,-97.119157,-0.122834,-0.292111,-0.321287,-1.0,-1.0,-28.75,28.75,-8829.5,13492.0
2022-08-23 00:00:00,CTA(9,21),8166.25,8924.75,7975.6984,8054.582,-78.883609,-0.101538,-0.241703,-0.267639,-1.0,-1.0,95.25,-95.25,-8924.75,13396.75
2022-08-24 00:00:00,CTA(9,21),8061.5,8820.0,7985.2319,8054.9115,-69.679527,-0.091122,-0.217091,-0.241065,-1.0,-1.0,-104.75,104.75,-8820.0,13501.5
2022-08-25 00:00:00,CTA(9,21),8166.0,8924.5,8005.3173,8060.2014,-54.884117,-0.072985,-0.174021,-0.194055,-1.0,-1.0,104.5,-104.5,-8924.5,13397.0
2022-08-26 00:00:00,CTA(9,21),8193.25,8951.75,8026.1987,8066.537,-40.338351,-0.054825,-0.130837,-0.14638,-1.0,-1.0,27.25,-27.25,-8951.75,13369.75
2022-08-30 00:00:00,CTA(9,21),7893.0,8651.5,8011.3988,8058.2734,-46.874537,-0.065355,-0.156087,-0.174314,-1.0,-1.0,-300.25,300.25,-8651.5,13670.0
2022-08-31 00:00:00,CTA(9,21),7847.5,8606.0,7993.1879,8048.2365,-55.048691,-0.078606,-0.18783,-0.209191,-1.0,-1.0,-45.5,45.5,-8606.0,13715.5
2022-09-01 00:00:00,CTA(9,21),7652.0,8410.5,7955.2781,8029.3681,-74.090046,-0.108608,-0.259641,-0.286856,-1.0,-1.0,-195.5,195.5,-8410.5,13911.0
2022-09-02 00:00:00,CTA(9,21),7694.0,8452.5,7926.2472,8013.3982,-87.151033,-0.133521,-0.319324,-0.349761,-1.0,-1.0,42.0,-42.0,-8452.5,13869.0
2022-09-05 00:00:00,CTA(9,21),7731.0,8489.5,7904.5531,7999.9507,-95.397631,-0.153458,-0.367093,-0.3988,-1.0,-1.0,37.0,-37.0,-8489.5,13832.0
2022-09-06 00:00:00,CTA(9,21),7751.0,8509.5,7887.4916,7988.0959,-100.604288,-0.171861,-0.411151,-0.442851,-1.0,-1.0,20.0,-20.0,-8509.5,13812.0
2022-09-07 00:00:00,CTA(9,21),7700.0,8458.5,7866.6592,7974.377,-107.717836,-0.195448,-0.467609,-0.497453,-1.0,-1.0,-51.0,51.0,-8458.5,13863.0
2022-09-08 00:00:00,CTA(9,21),7921.5,8680.0,7872.7526,7971.8591,-99.10646,-0.190618,-0.456171,-0.486569,-1.0,-1.0,221.5,-221.5,-8680.0,13641.5
2022-09-09 00:00:00,CTA(9,21),7930.5,8689.0,7879.169,7969.8896,-90.720605,-0.184036,-0.440542,-0.471548,-1.0,-1.0,9.0,-9.0,-8689.0,13632.5
2022-09-12 00:00:00,CTA(9,21),8084.5,8843.0,7901.9836,7975.3472,-73.363688,-0.157313,-0.376552,-0.408357,-1.0,-1.0,154.0,-154.0,-8843.0,13478.5
2022-09-13 00:00:00,CTA(9,21),8000.5,8759.0,7912.9298,7976.545,-63.615167,-0.145639,-0.348568,-0.379932,-1.0,-1.0,-84.0,84.0,-8759.0,13562.5
2022-09-14 00:00:00,CTA(9,21),7899.5,8658.0,7911.4376,7972.8762,-61.438561,-0.149341,-0.357381,-0.388933,-1.0,-1.0,-101.0,101.0,-8658.0,13663.5
2022-09-15 00:00:00,CTA(9,21),7851.5,8610.0,7904.7779,7967.0964,-62.318479,-0.160316,-0.383605,-0.415448,-1.0,-1.0,-48.0,48.0,-8610.0,13711.5
2022-09-16 00:00:00,CTA(9,21),7870.0,8628.5,7900.9137,7962.4727,-61.559052,-0.169766,-0.406151,-0.437912,-1.0,-1.0,18.5,-18.5,-8628.5,13693.0
2022-09-19 00:00:00,CTA(9,21),7826.5,8585.0,7892.6455,7955.9978,-63.352347,-0.19033,-0.455237,-0.485676,-1.0,-1.0,-43.5,43.5,-8585.0,13736.5
2022-09-20 00:00:00,CTA(9,21),7824.0,8557.5,7885.0182,7949.7122,-64.694012,-0.207924,-0.497282,-0.525247,-1.0,-1.0,-27.5,27.5,-8557.5,13764.0
2022-09-21 00:00:00,CTA(9,21),7757.0,8492.5,7870.794,7940.5355,-69.741486,-0.230418,-0.551305,-0.57412,-1.0,-1.0,-65.0,65.0,-8492.5,13829.0
2022-09-22 00:00:00,CTA(9,21),7749.0,8485.5,7857.2613,7931.4147,-74.153413,-0.251927,-0.60294,-0.618605,-1.0,-1.0,-7.0,7.0,-8485.5,13836.0
2022-09-23 00:00:00,CTA(9,21),7532.0,8300.5,7821.1212,7912.395,-91.27381,-0.318883,-0.763117,-0.741265,-1.0,-1.0,-185.0,185.0,-8300.5,14021.0
2022-09-26 00:00:00,CTA(9,21),7441.5,8210.0,7778.941,7889.9714,-111.030369,-0.395513,-0.945775,-0.849728,-1.0,-1.0,-90.5,90.5,-8210.0,14111.5
2022-09-27 00:00:00,CTA(9,21),7433.0,8201.5,7740.5031,7868.2109,-127.707718,-0.467555,-1.116317,-0.918538,-1.0,-1.0,-8.5,8.5,-8201.5,14120.0
2022-09-28 00:00:00,CTA(9,21),7529.5,8298.0,7717.0583,7852.0818,-135.023423,-0.504162,-1.201464,-0.941007,-1.0,-1.0,96.5,-96.5,-8298.0,14023.5
2022-09-29 00:00:00,CTA(9,21),7654.0,8422.5,7710.0519,7842.6493,-132.597441,-0.498935,-1.1871,-0.937766,-1.0,-1.0,124.5,-124.5,-8422.5,13899.0
2022-09-30 00:00:00,CTA(9,21),7688.0,8456.5,7707.6017,7835.2851,-127.683395,-0.48353,-1.149499,-0.928229,-1.0,-1.0,34.0,-34.0,-8456.5,13865.0
2022-10-03 00:00:00,CTA(9,21),7615.5,8384.0,7697.3681,7824.8191,-127.450958,-0.481984,-1.145086,-0.927009,-1.0,-1.0,-72.5,72.5,-8384.0,13937.5
2022-10-04 00:00:00,CTA(9,21),7814.5,8583.0,7710.3828,7824.3277,-113.944921,-0.433704,-1.029999,-0.88769,-1.0,-1.0,199.0,-199.0,-8583.0,13738.5
2022-10-05 00:00:00,CTA(9,21),7740.5,8509.0,7713.7291,7820.3359,-106.606769,-0.405951,-0.963973,-0.858586,-1.0,-1.0,-74.0,74.0,-8509.0,13812.5
2022-10-06 00:00:00,CTA(9,21),7659.5,8428.0,7707.7037,7812.6771,-104.973376,-0.39934,-0.948477,-0.851066,-1.0,-1.0,-81.0,81.0,-8428.0,13893.5
2022-10-07 00:00:00,CTA(9,21),7517.5,8286.0,7686.5699,7798.621,-112.051069,-0.424992,-1.009087,-0.878988,-1.0,-1.0,-142.0,142.0,-8286.0,14035.5
2022-10-10 00:00:00,CTA(9,21),7645.75,8414.25,7682.0344,7791.3414,-109.307046,-0.422623,-1.002733,-0.876249,-1.0,-1.0,128.25,-128.25,-8414.25,13907.25
2022-10-11 00:00:00,CTA(9,21),7666.5,8435.0,7680.3084,7785.3966,-105.088259,-0.416076,-0.985971,-0.868811,-1.0,-1.0,20.75,-20.75,-8435.0,13886.5
2022-10-12 00:00:00,CTA(9,21),7638.0,8406.5,7675.6074,7778.3777,-102.770301,-0.426415,-1.008939,-0.878924,-1.0,-1.0,-28.5,28.5,-8406.5,13915.0
2022-10-13 00:00:00,CTA(9,21),7666.5,8435.0,7674.5955,7773.0502,-98.454726,-0.429754,-1.015257,-0.881605,-1.0,-1.0,28.5,-28.5,-8435.0,13886.5
2022-10-14 00:00:00,CTA(9,21),7652.0,8420.5,7672.0849,7767.2859,-95.20104,-0.423581,-0.999936,-0.875029,-1.0,-1.0,-14.5,14.5,-8420.5,13901.0
2022-10-17 00:00:00,CTA(9,21),7642.5,8411.0,7668.7977,7761.3437,-92.546062,-0.429033,-1.013919,-0.881041,-1.0,-1.0,-9.5,9.5,-8411.0,13910.5
2022-10-18 00:00:00,CTA(9,21),7490.0,8224.5,7648.9313,7748.4226,-99.49134,-0.467879,-1.10937,-0.916357,-1.0,-1.0,-186.5,186.5,-8224.5,14097.0
2022-10-19 00:00:00,CTA(9,21),7461.75,8194.25,7628.1333,7734.7715,-106.638181,-0.512081,-1.218422,-0.944549,-1.0,-1.0,-30.25,30.25,-8194.25,14127.25
2022-10-20 00:00:00,CTA(9,21),7650.5,8382.0,7630.6185,7730.7586,-100.140067,-0.490099,-1.171127,-0.933902,-1.0,-1.0,187.75,-187.75,-8382.0,13939.5
2022-10-21 00:00:00,CTA(9,21),7719.25,8488.75,7640.4665,7730.2106,-89.744098,-0.447715,-1.074603,-0.904649,-1.0,-1.0,106.75,-106.75,-8488.75,13832.75
2022-10-24 00:00:00,CTA(9,21),7669.0,8438.5,7643.6369,7727.2958,-83.658916,-0.421931,-1.016887,-0.88229,-1.0,-1.0,-50.25,50.25,-8438.5,13883.0
2022-10-25 00:00:00,CTA(9,21),7621.0,8390.5,7641.1217,7722.2341,-81.11242,-0.40855,-0.988676,-0.870032,-1.0,-1.0,-48.0,48.0,-8390.5,13931.0
2022-10-26 00:00:00,CTA(9,21),7884.0,8653.5,7668.1081,7729.9372,-61.829076,-0.311124,-0.756223,-0.736495,-1.0,-1.0,263.0,-263.0,-8653.5,13668.0
2022-10-27 00:00:00,CTA(9,21),7843.25,8612.75,7687.5683,7735.3331,-47.764716,-0.24105,-0.588173,-0.606114,-1.0,-1.0,-40.75,40.75,-8612.75,13708.75
2022-10-28 00:00:00,CTA(9,21),7629.0,8398.5,7681.0608,7730.2696,-49.208831,-0.246806,-0.604345,-0.619784,-1.0,-1.0,-214.25,214.25,-8398.5,13923.0
2022-10-31 00:00:00,CTA(9,21),7531.0,8300.5,7664.3873,7720.7806,-56.39322,-0.278767,-0.684615,-0.684177,-1.0,-1.0,-98.0,98.0,-8300.5,14021.0
2022-11-01 00:00:00,CTA(9,21),7726.5,8496.0,7671.2887,7721.0529,-49.764167,-0.246421,-0.607047,-0.622046,-1.0,-1.0,195.5,-195.5,-8496.0,13825.5
2022-11-02 00:00:00,CTA(9,21),7672.75,8442.25,7671.4511,7718.7528,-47.301666,-0.233737,-0.577375,-0.596862,-1.0,-1.0,-53.75,53.75,-8442.25,13879.25
2022-11-03 00:00:00,CTA(9,21),7607.0,8376.5,7664.2899,7713.4312,-49.14134,-0.241388,-0.597591,-0.614103,-1.0,-1.0,-65.75,65.75,-8376.5,13945.0
2022-11-04 00:00:00,CTA(9,21),8144.0,8913.5,7717.591,7733.9345,-16.34349,-0.079004,-0.195996,-0.218116,-1.0,-1.0,537.0,-537.0,-8913.5,13408.0
2022-11-07 00:00:00,CTA(9,21),7932.75,8702.25,7741.4976,7743.4019,-1.904339,-0.009235,-0.022951,-0.025784,-1.0,-1.0,-211.25,211.25,-8702.25,13619.25
2022-11-08 00:00:00,CTA(9,21),8135.0,8904.5,7785.22,7762.0494,23.170626,0.1117,0.277979,0.30636,1.0,-1.0,202.25,-202.25,-8904.5,13417.0
2022-11-09 00:00:00,CTA(9,21),8116.25,8885.75,7822.0012,7778.9161,43.085038,0.20908,0.520586,0.546611,1.0,1.0,-18.75,-18.75,8885.75,13398.25
2022-11-10 00:00:00,CTA(9,21),8284.0,9053.5,7873.3344,7802.9677,70.36663,0.33193,0.825737,0.782387,1.0,1.0,167.75,167.75,9053.5,13566.0
2022-11-11 00:00:00,CTA(9,21),8502.9,9272.4,7943.2861,7836.2978,106.98826,0.467474,1.159852,0.931007,1.0,1.0,218.9,218.9,9272.4,13784.9
2022-11-14 00:00:00,CTA(9,21),8356.0,9125.5,7989.1432,7861.0456,128.097638,0.537955,1.329784,0.960279,1.0,1.0,-146.9,-146.9,9125.5,13638.0
2022-11-15 00:00:00,CTA(9,21),8370.25,9127.75,8031.4884,7885.2934,146.195008,0.58988,1.451313,0.963122,1.0,1.0,2.25,2.25,9127.75,13640.25
2022-11-16 00:00:00,CTA(9,21),8284.25,9044.75,8059.573,7904.2913,155.281697,0.613593,1.501663,0.960174,1.0,1.0,-83.0,-83.0,9044.75,13557.25
2022-11-17 00:00:00,CTA(9,21),8095.0,8859.0,8063.5093,7913.3727,150.136662,0.593457,1.444819,0.963332,1.0,1.0,-185.75,-185.75,8859.0,13371.5
2022-11-18 00:00:00,CTA(9,21),8065.5,8817.0,8063.7305,7920.6168,143.113688,0.565888,1.370997,0.962871,1.0,1.0,-42.0,-42.0,8817.0,13329.5
2022-11-21 00:00:00,CTA(9,21),7864.0,8615.5,8041.5383,7917.9208,123.617447,0.49618,1.197578,0.940152,1.0,1.0,-201.5,-201.5,8615.5,13128.0
2022-11-22 00:00:00,CTA(9,21),7996.25,8747.75,8036.5062,7921.6508,114.855457,0.462665,1.113092,0.917532,1.0,1.0,132.25,132.25,8747.75,13260.25
2022-11-23 00:00:00,CTA(9,21),7986.0,8737.5,8030.8944,7924.715,106.179405,0.433042,1.038936,0.891263,1.0,1.0,-10.25,-10.25,8737.5,13250.0
2022-11-24 00:00:00,CTA(9,21),8023.0,8774.5,8030.0173,7929.3953,100.62201,0.416009,0.995637,0.873138,1.0,1.0,37.0,37.0,8774.5,13287.0
2022-11-25 00:00:00,CTA(9,21),7992.0,8743.5,8025.7931,7932.3764,93.416691,0.384863,0.919273,0.836186,1.0,1.0,-31.0,-31.0,8743.5,13256.0
2022-11-28 00:00:00,CTA(9,21),7948.75,8700.25,8017.2328,7933.1561,84.07665,0.345586,0.82402,0.781314,1.0,1.0,-43.25,-43.25,8700.25,13212.75
2022-11-29 00:00:00,CTA(9,21),8045.5,8797.0,8020.3736,7938.5058,81.867745,0.335427,0.798439,0.764954,1.0,1.0,96.75,96.75,8797.0,13309.5
2022-11-30 00:00:00,CTA(9,21),8239.75,8991.25,8044.7487,7952.8508,91.897942,0.368928,0.876295,0.81262,1.0,1.0,194.25,194.25,8991.25,13503.75
2022-12-01 00:00:00,CTA(9,21),8322.5,9074.0,8075.61,7970.4531,105.156851,0.410244,0.971833,0.8623,1.0,1.0,82.75,82.75,9074.0,13586.5
2022-12-02 00:00:00,CTA(9,21),8442.0,9193.5,8116.32,7992.9077,123.41224,0.462175,1.091276,0.910429,1.0,1.0,119.5,119.5,9193.5,13706.0
2022-12-05 00:00:00,CTA(9,21),8364.5,9116.0,8143.8955,8010.6026,133.292927,0.486464,1.144531,0.926854,1.0,1.0,-77.5,-77.5,9116.0,13628.5
2022-12-06 00:00:00,CTA(9,21),8395.0,9146.5,8171.796,8028.9073,142.888785,0.506598,1.187399,0.937836,1.0,1.0,30.5,30.5,9146.5,13659.0
2022-12-07 00:00:00,CTA(9,21),8439.0,9190.5,8201.4854,8048.4355,153.049888,0.525978,1.227923,0.946399,1.0,1.0,44.0,44.0,9190.5,13703.0
2022-12-08 00:00:00,CTA(9,21),8532.75,9284.25,8238.2926,8071.4981,166.794473,0.553342,1.286288,0.955673,1.0,1.0,93.75,93.75,9284.25,13796.75
2022-12-09 00:00:00,CTA(9,21),8518.0,9269.5,8269.3712,8092.7601,176.611082,0.566903,1.312024,0.958633,1.0,1.0,-14.75,-14.75,9269.5,13782.0
2022-12-12 00:00:00,CTA(9,21),8339.25,9090.75,8277.1355,8104.4977,172.637783,0.54531,1.256959,0.95146,1.0,1.0,-178.75,-178.75,9090.75,13603.25
2022-12-13 00:00:00,CTA(9,21),8459.25,9210.75,8297.3704,8121.3907,175.979763,0.542689,1.246017,0.949658,1.0,1.0,120.0,120.0,9210.75,13723.25
2022-12-14 00:00:00,CTA(9,21),8486.0,9237.5,8318.3293,8138.753,179.576255,0.540454,1.236175,0.947928,1.0,1.0,26.75,26.75,9237.5,13750.0
2022-12-15 00:00:00,CTA(9,21),8255.5,9007.0,8311.3482,8144.3124,167.035846,0.499007,1.137809,0.924951,1.0,1.0,-230.5,-230.5,9007.0,13519.5
2022-12-16 00:00:00,CTA(9,21),8235.25,8986.75,8302.8929,8148.6427,154.250124,0.458084,1.041754,0.892371,1.0,1.0,-20.25,-20.25,8986.75,13499.25
2022-12-19 00:00:00,CTA(9,21),8303.25,9054.75,8302.9326,8156.005,146.927555,0.433193,0.982876,0.867404,1.0,1.0,68.0,68.0,9054.75,13567.25
2022-12-20 00:00:00,CTA(9,21),8349.75,9093.25,8308.1345,8165.231,142.903541,0.417689,0.945702,0.849692,1.0,1.0,38.5,38.5,9093.25,13605.75
2022-12-21 00:00:00,CTA(9,21),8390.5,9133.0,8317.2862,8175.958,141.328166,0.412879,0.932882,0.843235,1.0,1.0,39.75,39.75,9133.0,13645.5
2022-12-22 00:00:00,CTA(9,21),8305.0,9048.5,8315.9211,8182.1029,133.818176,0.395549,0.891997,0.821459,1.0,1.0,-84.5,-84.5,9048.5,13561.0
2022-12-23 00:00:00,CTA(9,21),8344.0,9083.5,8319.041,8189.8123,129.228671,0.386795,0.870627,0.809364,1.0,1.0,35.0,35.0,9083.5,13596.0
2022-12-28 00:00:00,CTA(9,21),8445.0,9184.5,8333.0364,8201.9641,131.072324,0.39294,0.882766,0.816294,1.0,1.0,101.0,101.0,9184.5,13697.0
2022-12-29 00:00:00,CTA(9,21),8419.5,9159.0,8342.6435,8212.3229,130.320536,0.389645,0.873709,0.811139,1.0,1.0,-25.5,-25.5,9159.0,13671.5
2022-12-30 00:00:00,CTA(9,21),8373.01,9112.51,8346.0175,8219.9747,126.04283,0.376619,0.84301,0.793018,1.0,1.0,-46.49,-46.49,9112.51,13625.01
2023-01-03 00:00:00,CTA(9,21),8318.0,9057.5,8342.9045,8224.6426,118.261899,0.35584,0.795251,0.762869,1.0,1.0,-55.01,-55.01,9057.5,13570.0
2023-01-04 00:00:00,CTA(9,21),8247.0,8986.5,8332.2484,8225.7072,106.541207,0.320846,0.716142,0.707825,1.0,1.0,-71.0,-71.0,8986.5,13499.0
2023-01-05 00:00:00,CTA(9,21),8371.25,9110.75,8336.5819,8232.6378,103.944107,0.31293,0.697656,0.694075,1.0,1.0,124.25,124.25,9110.75,13623.25
2023-01-06 00:00:00,CTA(9,21),8578.65,9318.15,8363.4784,8249.1146,114.363789,0.341821,0.761,0.739805,1.0,1.0,207.4,207.4,9318.15,13830.65
2023-01-09 00:00:00,CTA(9,21),8843.0,9582.5,8416.7586,8277.3949,139.363711,0.408994,0.908801,0.830627,1.0,1.0,264.35,264.35,9582.5,14095.0
2023-01-10 00:00:00,CTA(9,21),8898.5,9638.0,8470.2854,8306.9713,163.314102,0.465784,1.032464,0.888684,1.0,1.0,55.5,55.5,9638.0,14150.5
2023-01-11 00:00:00,CTA(9,21),9115.0,9854.5,8541.9203,8345.4488,196.471501,0.533995,1.179999,0.936082,1.0,1.0,216.5,216.5,9854.5,14367.0
2023-01-12 00:00:00,CTA(9,21),9170.5,9910.0,8611.7625,8384.737,227.025535,0.590075,1.299365,0.957262,1.0,1.0,55.5,55.5,9910.0,14422.5
2023-01-13 00:00:00,CTA(9,21),9170.0,9909.5,8673.7889,8422.1305,251.658444,0.629245,1.38043,0.963225,1.0,1.0,-0.5,-0.5,9909.5,14422.0
2023-01-16 00:00:00,CTA(9,21),9088.19,9827.69,8719.8335,8453.8476,265.985888,0.648884,1.417862,0.963773,1.0,1.0,-81.81,-81.81,9827.69,14340.19
2023-01-17 00:00:00,CTA(9,21),9286.0,10017.5,8782.7409,8493.4739,289.266974,0.679979,1.479427,0.961763,1.0,1.0,189.81,189.81,10017.5,14530.0
2023-01-18 00:00:00,CTA(9,21),9329.0,10057.0,8843.4363,8533.2609,310.175476,0.71054,1.539142,0.956494,1.0,1.0,39.5,39.5,10057.0,14569.5
2023-01-19 00:00:00,CTA(9,21),9307.5,10038.5,8894.999,8570.1294,324.869575,0.731998,1.578732,0.951284,1.0,1.0,-18.5,-18.5,10038.5,14551.0
2023-01-20 00:00:00,CTA(9,21),9319.76,10049.76,8942.1946,8605.8261,336.36855,0.739902,1.58992,0.949572,1.0,1.0,11.26,11.26,10049.76,14562.26
2023-01-23 00:00:00,CTA(9,21),9347.77,10077.77,8987.2586,8641.1567,346.101817,0.742453,1.5903,0.949512,1.0,1.0,28.01,28.01,10077.77,14590.27
2023-01-24 00:00:00,CTA(9,21),9306.0,10036.0,9022.6743,8672.8159,349.85833,0.738889,1.577298,0.951496,1.0,1.0,-41.77,-41.77,10036.0,14548.5
2023-01-25 00:00:00,CTA(9,21),9304.5,10034.5,9053.9882,8702.8961,351.092106,0.734467,1.562718,0.953552,1.0,1.0,-1.5,-1.5,10034.5,14547.0
2023-01-26 00:00:00,CTA(9,21),9320.5,10050.5,9083.6007,8732.3058,351.294816,0.72084,1.529491,0.95756,1.0,1.0,16.0,16.0,10050.5,14563.0
2023-01-27 00:00:00,CTA(9,21),9255.74,9985.74,9102.7273,8757.2313,345.495973,0.701001,1.483489,0.961506,1.0,1.0,-64.76,-64.76,9985.74,14498.24
2023-01-30 00:00:00,CTA(9,21),9200.35,9930.35,9113.5742,8778.3322,335.242053,0.683035,1.440781,0.963442,1.0,1.0,-55.39,-55.39,9930.35,14442.85
2023-01-31 00:00:00,CTA(9,21),9210.8,9940.8,9124.3771,8798.9259,325.451211,0.671394,1.411117,0.963775,1.0,1.0,10.45,10.45,9940.8,14453.3
2023-02-01 00:00:00,CTA(9,21),9072.75,9802.75,9118.6407,8811.9651,306.675624,0.638867,1.338375,0.960961,1.0,1.0,-138.05,-138.05,9802.75,14315.25
2023-02-02 00:00:00,CTA(9,21),9039.25,9769.25,9109.8196,8822.7882,287.03134,0.607898,1.269997,0.953444,1.0,1.0,-33.5,-33.5,9769.25,14281.75
2023-02-03 00:00:00,CTA(9,21),8962.25,9692.25,9093.4229,8829.4293,263.993686,0.574092,1.19665,0.939946,1.0,1.0,-77.0,-77.0,9692.25,14204.75
2023-02-06 00:00:00,CTA(9,21),8848.25,9578.25,9066.1815,8830.3255,235.856022,0.514775,1.071295,0.903466,1.0,1.0,-114.0,-114.0,9578.25,14090.75
2023-02-07 00:00:00,CTA(9,21),8902.5,9632.5,9047.9947,8833.7624,214.232307,0.473233,0.983591,0.867731,1.0,1.0,54.25,54.25,9632.5,14145.0
2023-02-08 00:00:00,CTA(9,21),8871.76,9601.76,9028.413,8835.5718,192.841266,0.428151,0.889059,0.819825,1.0,1.0,-30.74,-30.74,9601.76,14114.26
2023-02-09 00:00:00,CTA(9,21),8955.5,9685.5,9020.3116,8841.2826,179.028949,0.399278,0.8289,0.784357,1.0,1.0,83.74,83.74,9685.5,14198.0
2023-02-10 00:00:00,CTA(9,21),8830.26,9560.26,8999.1947,8840.7578,158.436994,0.354238,0.736027,0.722247,1.0,1.0,-125.24,-125.24,9560.26,14072.76
2023-02-13 00:00:00,CTA(9,21),8916.5,9646.5,8990.0064,8844.3645,145.641915,0.324679,0.675195,0.676927,1.0,1.0,86.24,86.24,9646.5,14159.0
2023-02-14 00:00:00,CTA(9,21),8935.5,9661.5,8983.9502,8848.7043,135.245859,0.301276,0.627185,0.6387,1.0,1.0,15.0,15.0,9661.5,14174.0
2023-02-15 00:00:00,CTA(9,21),8845.5,9571.5,8968.5668,8848.5517,120.015094,0.267654,0.557896,0.579923,1.0,1.0,-90.0,-90.0,9571.5,14084.0
2023-02-16 00:00:00,CTA(9,21),9010.5,9737.75,8973.2261,8856.2635,116.962513,0.260848,0.544462,0.568057,1.0,1.0,166.25,166.25,9737.75,14250.25
2023-02-17 00:00:00,CTA(9,21),8974.25,9694.75,8973.3398,8861.8819,111.457882,0.250803,0.524227,0.54991,1.0,1.0,-43.0,-43.0,9694.75,14207.25
2023-02-20 00:00:00,CTA(9,21),9133.75,9854.25,8991.1632,8874.828,116.335137,0.263532,0.551568,0.574352,1.0,1.0,159.5,159.5,9854.25,14366.75
2023-02-21 00:00:00,CTA(9,21),9198.5,9919.0,9014.2006,8890.241,123.959611,0.286015,0.599254,0.615505,1.0,1.0,64.75,64.75,9919.0,14431.5
2023-02-22 00:00:00,CTA(9,21),9116.0,9836.5,9025.5117,8900.9914,124.520225,0.291778,0.611875,0.626071,1.0,1.0,-82.5,-82.5,9836.5,14349.0
2023-02-23 00:00:00,CTA(9,21),8898.99,9619.49,9011.4537,8900.8961,110.55757,0.265309,0.556814,0.578972,1.0,1.0,-217.01,-217.01,9619.49,14131.99
2023-02-24 00:00:00,CTA(9,21),8705.5,9426.0,8977.4588,8891.5915,85.867293,0.211192,0.443618,0.474518,1.0,1.0,-193.49,-193.49,9426.0,13938.5
2023-02-27 00:00:00,CTA(9,21),8795.5,9516.0,8957.2412,8887.0158,70.225432,0.177827,0.373846,0.405629,1.0,1.0,90.0,90.0,9516.0,14028.5
2023-02-28 00:00:00,CTA(9,21),8959.0,9679.5,8957.4366,8890.4436,66.993035,0.175523,0.369269,0.401003,1.0,1.0,163.5,163.5,9679.5,14192.0
2023-03-01 00:00:00,CTA(9,21),9096.5,9817.0,8972.8881,8900.2558,72.632312,0.195235,0.411081,0.442782,1.0,1.0,137.5,137.5,9817.0,14329.5
2023-03-02 00:00:00,CTA(9,21),8942.6,9663.1,8969.5228,8902.2722,67.250577,0.183934,0.387759,0.419612,1.0,1.0,-153.9,-153.9,9663.1,14175.6
2023-03-03 00:00:00,CTA(9,21),8965.5,9686.0,8969.0758,8905.283,63.792755,0.17677,0.37336,0.405138,1.0,1.0,22.9,22.9,9686.0,14198.5
2023-03-06 00:00:00,CTA(9,21),8902.75,9623.25,8961.7062,8905.1624,56.543844,0.15801,0.33472,0.365702,1.0,1.0,-62.75,-62.75,9623.25,14135.75
2023-03-07 00:00:00,CTA(9,21),8743.5,9464.0,8937.4611,8897.4642,39.996915,0.113248,0.240659,0.266517,1.0,1.0,-159.25,-159.25,9464.0,13976.5
2023-03-08 00:00:00,CTA(9,21),8892.0,9612.5,8932.4099,8897.204,35.20588,0.100916,0.215108,0.238914,1.0,1.0,148.5,148.5,9612.5,14125.0
2023-03-09 00:00:00,CTA(9,21),8834.05,9554.55,8921.481,8894.1967,27.284338,0.079054,0.16893,0.188459,1.0,1.0,-57.95,-57.95,9554.55,14067.05
2023-03-10 00:00:00,CTA(9,21),8848.0,9568.5,8913.3164,8891.9968,21.319624,0.062184,0.133183,0.148982,1.0,1.0,13.95,13.95,9568.5,14081.0
2023-03-13 00:00:00,CTA(9,21),8918.25,9638.75,8913.8646,8893.247,20.617645,0.06058,0.130032,0.145487,1.0,1.0,70.25,70.25,9638.75,14151.25
2023-03-14 00:00:00,CTA(9,21),8827.0,9539.0,8904.213,8890.0924,14.120639,0.042287,0.090916,0.101942,1.0,1.0,-99.75,-99.75,9539.0,14051.5
2023-03-15 00:00:00,CTA(9,21),8498.75,9208.25,8859.1616,8871.457,-12.295455,-0.036902,-0.079439,-0.089116,-1.0,1.0,-330.75,-330.75,9208.25,13720.75
2023-03-16 00:00:00,CTA(9,21),8516.75,9222.75,8821.1158,8854.5662,-33.450373,-0.100557,-0.216721,-0.240664,-1.0,-1.0,14.5,-14.5,-9222.75,13706.25
2023-03-17 00:00:00,CTA(9,21),8580.25,9288.75,8794.353,8841.5035,-47.150566,-0.144844,-0.312624,-0.342785,-1.0,-1.0,66.0,-66.0,-9288.75,13640.25
2023-03-20 00:00:00,CTA(9,21),8701.25,9409.75,8784.0082,8834.8248,-50.8166,-0.160776,-0.347644,-0.378985,-1.0,-1.0,121.0,-121.0,-9409.75,13519.25
2023-03-21 00:00:00,CTA(9,21),8762.25,9470.75,8781.5906,8831.3688,-49.778233,-0.161696,-0.350379,-0.381785,-1.0,-1.0,61.0,-61.0,-9470.75,13458.25
2023-03-22 00:00:00,CTA(9,21),8899.5,9608.0,8794.6916,8834.6132,-39.921531,-0.132986,-0.28886,-0.317862,-1.0,-1.0,137.25,-137.25,-9608.0,13321.0
2023-03-23 00:00:00,CTA(9,21),9038.0,9746.5,8821.7259,8844.2983,-22.572356,-0.076835,-0.167392,-0.186768,-1.0,-1.0,138.5,-138.5,-9746.5,13182.5
2023-03-24 00:00:00,CTA(9,21),8921.75,9630.25,8832.8397,8847.9864,-15.146746,-0.053395,-0.116694,-0.130671,-1.0,-1.0,-116.25,116.25,-9630.25,13298.75
2023-03-27 00:00:00,CTA(9,21),8963.25,9671.75,8847.3297,8853.4752,-6.145453,-0.022407,-0.049121,-0.055159,-1.0,-1.0,41.5,-41.5,-9671.75,13257.25
2023-03-28 00:00:00,CTA(9,21),8976.25,9684.75,8861.6542,8859.3216,2.332601,0.008721,0.01918,0.021549,1.0,-1.0,13.0,-13.0,-9684.75,13244.25
2023-03-29 00:00:00,CTA(9,21),9005.75,9714.25,8877.6648,8866.2944,11.370464,0.043817,0.096667,0.108361,1.0,1.0,29.5,29.5,9714.25,13273.75
2023-03-30 00:00:00,CTA(9,21),9000.25,9708.75,8891.2854,8872.6732,18.612198,0.074671,0.165256,0.184418,1.0,1.0,-5.5,-5.5,9708.75,13268.25
2023-03-31 00:00:00,CTA(9,21),8994.5,9703.0,8902.7537,8878.4745,24.279209,0.102948,0.228551,0.253467,1.0,1.0,-5.75,-5.75,9703.0,13262.5
2023-04-03 00:00:00,CTA(9,21),8915.0,9623.5,8904.1144,8880.2138,23.900599,0.109846,0.244608,0.27076,1.0,1.0,-79.5,-79.5,9623.5,13183.0
2023-04-04 00:00:00,CTA(9,21),8743.75,9452.25,8886.2961,8873.7155,12.580608,0.061137,0.136602,0.152771,1.0,1.0,-171.25,-171.25,9452.25,13011.75
2023-04-05 00:00:00,CTA(9,21),8781.75,9490.25,8874.6799,8869.3362,5.343681,0.026588,0.059626,0.066936,1.0,1.0,38.0,38.0,9490.25,13049.75
2023-04-06 00:00:00,CTA(9,21),8803.75,9512.25,8866.7988,8866.2131,0.585734,0.002907,0.006542,0.007351,1.0,1.0,22.0,22.0,9512.25,13071.75
2023-04-11 00:00:00,CTA(9,21),8854.5,9563.0,8865.4323,8865.6553,-0.223034,-0.001105,-0.002495,-0.002803,-1.0,1.0,50.75,50.75,9563.0,13122.5
2023-04-12 00:00:00,CTA(9,21),8920.05,9628.55,8871.5009,8868.2455,3.255379,0.01618,0.036643,0.041158,1.0,-1.0,65.55,-65.55,-9628.55,13056.95
2023-04-13 00:00:00,CTA(9,21),9066.75,9775.25,8893.1952,8877.6981,15.497129,0.077489,0.175902,0.196119,1.0,1.0,146.7,146.7,9775.25,13203.65
2023-04-14 00:00:00,CTA(9,21),9031.25,9739.75,8908.5347,8885.0101,23.524551,0.118481,0.269517,0.297378,1.0,1.0,-35.5,-35.5,9739.75,13168.15
2023-04-17 00:00:00,CTA(9,21),8962.95,9671.45,8914.5808,8888.7215,25.859276,0.13061,0.297664,0.327127,1.0,1.0,-68.3,-68.3,9671.45,13099.85
2023-04-18 00:00:00,CTA(9,21),9014.4,9717.4,8925.6718,8894.7062,30.965608,0.159702,0.364553,0.396225,1.0,1.0,45.95,45.95,9717.4,13145.8
2023-04-19 00:00:00,CTA(9,21),8963.75,9670.5,8929.9027,8897.994,31.908717,0.169533,0.387556,0.419408,1.0,1.0,-46.9,-46.9,9670.5,13098.9
2023-04-20 00:00:00,CTA(9,21),8880.25,9587.25,8924.3858,8897.1491,27.236699,0.14876,0.34048,0.371634,1.0,1.0,-83.25,-83.25,9587.25,13015.65
2023-04-21 00:00:00,CTA(9,21),8794.5,9499.0,8909.954,8892.261,17.692998,0.099408,0.227811,0.252668,1.0,1.0,-88.25,-88.25,9499.0,12927.4
2023-04-24 00:00:00,CTA(9,21),8727.0,9431.5,8889.6258,8884.3914,5.234346,0.030367,0.069661,0.078176,1.0,1.0,-67.5,-67.5,9431.5,12859.9
2023-04-25 00:00:00,CTA(9,21),8524.0,9228.5,8849.0007,8867.23,-18.229245,-0.105175,-0.241352,-0.267262,-1.0,1.0,-203.0,-203.0,9228.5,12656.9
2023-04-26 00:00:00,CTA(9,21),8551.75,9256.25,8815.9728,8852.2071,-36.234246,-0.210099,-0.482075,-0.511084,-1.0,-1.0,27.75,-27.75,-9256.25,12629.15
2023-04-27 00:00:00,CTA(9,21),8583.5,9288.0,8790.1425,8839.4115,-49.268987,-0.291316,-0.668106,-0.671417,-1.0,-1.0,31.75,-31.75,-9288.0,12597.4
2023-04-28 00:00:00,CTA(9,21),8590.0,9294.5,8767.9045,8827.5348,-59.630307,-0.356613,-0.817287,-0.777073,-1.0,-1.0,6.5,-6.5,-9294.5,12590.9
2023-05-02 00:00:00,CTA(9,21),8504.2,9208.7,8738.604,8812.1379,-73.53391,-0.434587,-0.995027,-0.872867,-1.0,-1.0,-85.8,85.8,-9208.7,12676.7
2023-05-03 00:00:00,CTA(9,21),8456.25,9160.75,8707.2313,8795.1908,-87.959532,-0.511841,-1.171006,-0.933871,-1.0,-1.0,-47.95,47.95,-9160.75,12724.65
2023-05-04 00:00:00,CTA(9,21),8481.4,9185.9,8682.1389,8780.2484,-98.109478,-0.556217,-1.272017,-0.953735,-1.0,-1.0,25.15,-25.15,-9185.9,12699.5
2023-05-05 00:00:00,CTA(9,21),8566.75,9271.25,8669.318,8770.0818,-100.763881,-0.564602,-1.291308,-0.956304,-1.0,-1.0,85.35,-85.35,-9271.25,12614.15
2023-05-09 00:00:00,CTA(9,21),8571.25,9275.75,8658.4215,8760.6136,-102.192137,-0.563976,-1.290791,-0.95624,-1.0,-1.0,4.5,-4.5,-9275.75,12609.65
2023-05-10 00:00:00,CTA(9,21),8445.25,9149.75,8634.7358,8745.5963,-110.860544,-0.589855,-1.351568,-0.961861,-1.0,-1.0,-126.0,126.0,-9149.75,12735.65
2023-05-11 00:00:00,CTA(9,21),8137.45,8841.95,8579.4818,8716.637,-137.155171,-0.661798,-1.517688,-0.958753,-1.0,-1.0,-307.8,307.8,-8841.95,13043.45
2023-05-12 00:00:00,CTA(9,21),8224.25,8928.75,8540.0116,8693.19,-153.178374,-0.694925,-1.594535,-0.948836,-1.0,-1.0,86.8,-86.8,-8928.75,12956.65
2023-05-15 00:00:00,CTA(9,21),8218.25,8922.75,8504.2603,8670.5738,-166.313474,-0.716907,-1.645961,-0.939471,-1.0,-1.0,-6.0,6.0,-8922.75,12962.65
2023-05-16 00:00:00,CTA(9,21),8107.49,8780.5,8460.1747,8643.7603,-183.585551,-0.740723,-1.701288,-0.927117,-1.0,-1.0,-142.25,142.25,-8780.5,13104.9
2023-05-17 00:00:00,CTA(9,21),8292.0,8963.25,8441.4886,8627.0098,-185.521143,-0.727337,-1.671243,-0.934109,-1.0,-1.0,182.75,-182.75,-8963.25,12922.15
2023-05-18 00:00:00,CTA(9,21),8156.5,8830.75,8409.8232,8604.6046,-194.78132,-0.732162,-1.682251,-0.931625,-1.0,-1.0,-132.5,132.5,-8830.75,13054.65
2023-05-19 00:00:00,CTA(9,21),8234.0,8899.5,8390.2873,8586.9567,-196.669399,-0.717338,-1.64814,-0.939028,-1.0,-1.0,68.75,-68.75,-8899.5,12985.9
2023-05-22 00:00:00,CTA(9,21),8095.53,8761.03,8357.5365,8563.5555,-206.018941,-0.723927,-1.662252,-0.936072,-1.0,-1.0,-138.47,138.47,-8761.03,13124.37
2023-05-23 00:00:00,CTA(9,21),8068.75,8734.25,8325.4491,8539.9933,-214.544167,-0.726334,-1.665952,-0.935271,-1.0,-1.0,-26.78,26.78,-8734.25,13151.15
2023-05-24 00:00:00,CTA(9,21),7875.75,8541.25,8275.4826,8508.3627,-232.880103,-0.751894,-1.721103,-0.922148,-1.0,-1.0,-193.0,193.0,-8541.25,13344.15
2023-05-25 00:00:00,CTA(9,21),7943.75,8609.25,8238.6234,8481.4763,-242.852959,-0.763804,-1.743999,-0.916065,-1.0,-1.0,68.0,-68.0,-8609.25,13276.15
2023-05-26 00:00:00,CTA(9,21),8124.5,8790.0,8225.943,8464.4775,-238.534461,-0.743128,-1.692749,-0.929171,-1.0,-1.0,180.75,-180.75,-8790.0,13095.4
2023-05-30 00:00:00,CTA(9,21),8111.95,8777.45,8213.2771,8447.6904,-234.413328,-0.716195,-1.627875,-0.943004,-1.0,-1.0,-12.55,12.55,-8777.45,13107.95
2023-05-31 00:00:00,CTA(9,21),8080.0,8745.5,8198.4685,8430.1814,-231.712828,-0.691047,-1.567425,-0.952908,-1.0,-1.0,-31.95,31.95,-8745.5,13139.9
2023-06-01 00:00:00,CTA(9,21),8245.0,8910.5,8203.6387,8421.3632,-217.724506,-0.642964,-1.455704,-0.962958,-1.0,-1.0,165.0,-165.0,-8910.5,12974.9
2023-06-02 00:00:00,CTA(9,21),8233.5,8899.0,8206.9566,8412.4173,-205.460717,-0.604296,-1.36602,-0.962648,-1.0,-1.0,-11.5,11.5,-8899.0,12986.4
2023-06-05 00:00:00,CTA(9,21),8335.01,9000.51,8221.1848,8408.7313,-187.546501,-0.557046,-1.257611,-0.951564,-1.0,-1.0,101.51,-101.51,-9000.51,12884.89
2023-06-06 00:00:00,CTA(9,21),8337.0,9002.5,8234.0531,8405.3155,-171.262368,-0.509839,-1.14968,-0.928278,-1.0,-1.0,1.99,-1.99,-9002.5,12882.9
2023-06-07 00:00:00,CTA(9,21),8293.1,8958.6,8240.6139,8399.9719,-159.35801,-0.47559,-1.071276,-0.90346,-1.0,-1.0,-43.9,43.9,-8958.6,12926.8
2023-06-08 00:00:00,CTA(9,21),8341.0,9006.5,8251.7679,8397.1637,-145.395813,-0.434918,-0.978743,-0.865509,-1.0,-1.0,47.9,-47.9,-9006.5,12878.9
2023-06-09 00:00:00,CTA(9,21),8357.75,9023.25,8263.5437,8395.2869,-131.743181,-0.393306,-0.884451,-0.817244,-1.0,-1.0,16.75,-16.75,-9023.25,12862.15
2023-06-12 00:00:00,CTA(9,21),8292.0,8957.5,8266.7055,8390.3685,-123.662947,-0.369624,-0.830719,-0.785485,-1.0,-1.0,-65.75,65.75,-8957.5,12927.9
2023-06-13 00:00:00,CTA(9,21),8458.5,9124.0,8288.016,8393.6128,-105.596808,-0.316929,-0.712127,-0.704867,-1.0,-1.0,166.5,-166.5,-9124.0,12761.4
2023-06-14 00:00:00,CTA(9,21),8515.25,9180.75,8313.2642,8399.4051,-86.140833,-0.260008,-0.584289,-0.602798,-1.0,-1.0,56.75,-56.75,-9180.75,12704.65
2023-06-15 00:00:00,CTA(9,21),8557.0,9222.5,8340.346,8406.9096,-66.563602,-0.202846,-0.455995,-0.486401,-1.0,-1.0,41.75,-41.75,-9222.5,12662.9
2023-06-16 00:00:00,CTA(9,21),8555.75,9221.25,8364.2798,8413.9972,-49.717461,-0.15236,-0.342709,-0.373924,-1.0,-1.0,-1.25,1.25,-9221.25,12664.15
2023-06-19 00:00:00,CTA(9,21),8546.0,9211.5,8384.4709,8420.2831,-35.81217,-0.10977,-0.24712,-0.273456,-1.0,-1.0,-9.75,9.75,-9211.5,12673.9
2023-06-20 00:00:00,CTA(9,21),8551.25,9213.75,8403.0019,8426.5196,-23.51768,-0.072093,-0.162462,-0.181342,-1.0,-1.0,2.25,-2.25,-9213.75,12671.65
2023-06-21 00:00:00,CTA(9,21),8615.25,9273.75,8426.585,8435.5068,-8.921721,-0.027343,-0.061686,-0.069245,-1.0,-1.0,60.0,-60.0,-9273.75,12611.65
2023-06-22 00:00:00,CTA(9,21),8585.25,9246.75,8444.2145,8442.6374,1.577089,0.004841,0.010936,0.012288,1.0,-1.0,-27.0,27.0,-9246.75,12638.65
2023-06-23 00:00:00,CTA(9,21),8401.24,9066.74,8439.4395,8440.6661,-1.226548,-0.003772,-0.008537,-0.009592,-1.0,1.0,-180.01,-180.01,9066.74,12458.64
2023-06-26 00:00:00,CTA(9,21),8407.0,9072.5,8435.8351,8439.0629,-3.227794,-0.010009,-0.022709,-0.025513,-1.0,-1.0,5.76,-5.76,-9072.5,12452.88
2023-06-27 00:00:00,CTA(9,21),8372.0,9037.5,8428.7423,8435.8695,-7.127114,-0.022504,-0.051199,-0.057489,-1.0,-1.0,-35.0,35.0,-9037.5,12487.88
2023-06-28 00:00:00,CTA(9,21),8260.5,8926.0,8410.0488,8427.5185,-17.469782,-0.055567,-0.126815,-0.141917,-1.0,-1.0,-111.5,111.5,-8926.0,12599.38
2023-06-29 00:00:00,CTA(9,21),8182.0,8847.5,8384.71,8415.8272,-31.117173,-0.099758,-0.228424,-0.25333,-1.0,-1.0,-78.5,78.5,-8847.5,12677.88
2023-06-30 00:00:00,CTA(9,21),8323.75,8989.25,8377.9367,8411.4425,-33.505879,-0.109204,-0.250946,-0.277558,-1.0,-1.0,141.75,-141.75,-8989.25,12536.13
2023-07-03 00:00:00,CTA(9,21),8406.0,9071.5,8381.0548,8411.1834,-30.128562,-0.10045,-0.231744,-0.256914,-1.0,-1.0,82.25,-82.25,-9071.5,12453.88
2023-07-04 00:00:00,CTA(9,21),8358.5,9024.0,8378.5487,8408.6746,-30.125921,-0.102826,-0.238241,-0.263915,-1.0,-1.0,-47.5,47.5,-9024.0,12501.38
2023-07-05 00:00:00,CTA(9,21),8317.75,8983.25,8371.7933,8404.3449,-32.55159,-0.113836,-0.26501,-0.292581,-1.0,-1.0,-40.75,40.75,-8983.25,12542.13
2023-07-06 00:00:00,CTA(9,21),8258.0,8923.5,8359.1496,8397.3761,-38.226486,-0.135946,-0.318125,-0.348513,-1.0,-1.0,-59.75,59.75,-8923.5,12601.88
2023-07-07 00:00:00,CTA(9,21),8369.25,9034.75,8360.2719,8396.0368,-35.764883,-0.12823,-0.301674,-0.331335,-1.0,-1.0,111.25,-111.25,-9034.75,12490.63
2023-07-10 00:00:00,CTA(9,21),8364.5,9030.0,8360.7417,8394.535,-33.793341,-0.122531,-0.289839,-0.318893,-1.0,-1.0,-4.75,4.75,-9030.0,12495.38
2023-07-11 00:00:00,CTA(9,21),8312.5,8978.0,8355.3815,8390.6286,-35.247097,-0.12944,-0.307899,-0.337851,-1.0,-1.0,-52.0,52.0,-8978.0,12547.38
2023-07-12 00:00:00,CTA(9,21),8494.75,9160.25,8370.8669,8395.5867,-24.719869,-0.092565,-0.221491,-0.245832,-1.0,-1.0,182.25,-182.25,-9160.25,12365.13
2023-07-13 00:00:00,CTA(9,21),8690.0,9355.5,8406.3261,8409.6064,-3.280312,-0.012533,-0.030174,-0.033895,-1.0,-1.0,195.25,-195.25,-9355.5,12169.88
2023-07-14 00:00:00,CTA(9,21),8663.25,9328.75,8434.8732,8421.6847,13.188522,0.052659,0.127574,0.142759,1.0,-1.0,-26.75,26.75,-9328.75,12196.63
2023-07-17 00:00:00,CTA(9,21),8468.0,9133.5,8438.554,8423.8902,14.663785,0.061629,0.15026,0.167882,1.0,1.0,-195.25,-195.25,9133.5,12001.38
2023-07-18 00:00:00,CTA(9,21),8466.0,9117.5,8441.6035,8425.8954,15.708115,0.069117,0.169577,0.189171,1.0,1.0,-16.0,-16.0,9117.5,11985.38
2023-07-19 00:00:00,CTA(9,21),8424.29,9075.29,8439.6798,8425.819,13.860838,0.06498,0.160431,0.179103,1.0,1.0,-42.21,-42.21,9075.29,11943.17
2023-07-20 00:00:00,CTA(9,21),8481.25,9132.5,8444.2987,8428.4585,15.840176,0.078915,0.196031,0.218153,1.0,1.0,57.21,57.21,9132.5,12000.38
2023-07-21 00:00:00,CTA(9,21),8444.0,9090.0,8444.2655,8429.1986,15.066917,0.079053,0.197554,0.219816,1.0,1.0,-42.5,-42.5,9090.0,11957.88
2023-07-24 00:00:00,CTA(9,21),8509.0,9155.0,8451.4582,8432.9987,18.45957,0.100445,0.252458,0.279176,1.0,1.0,65.0,65.0,9155.0,12022.88
2023-07-25 00:00:00,CTA(9,21),8664.5,9310.5,8475.1295,8444.0225,31.107004,0.170924,0.431831,0.463103,1.0,1.0,155.5,155.5,9310.5,12178.38
2023-07-26 00:00:00,CTA(9,21),8603.25,9249.25,8489.3652,8451.6048,37.76035,0.205965,0.522765,0.548587,1.0,1.0,-61.25,-61.25,9249.25,12117.13
2023-07-27 00:00:00,CTA(9,21),8552.0,9198.0,8496.3246,8456.3855,39.939054,0.217844,0.555196,0.57755,1.0,1.0,-51.25,-51.25,9198.0,12065.88
2023-07-28 00:00:00,CTA(9,21),8648.24,9294.24,8513.2041,8465.5215,47.682618,0.258142,0.660118,0.665151,1.0,1.0,96.24,96.24,9294.24,12162.12
2023-07-31 00:00:00,CTA(9,21),8819.5,9465.5,8547.237,8482.3776,64.859377,0.339227,0.869319,0.808609,1.0,1.0,171.26,171.26,9465.5,12333.38
2023-08-01 00:00:00,CTA(9,21),8612.75,9258.75,8554.5162,8488.5858,65.930394,0.34189,0.877659,0.813398,1.0,1.0,-206.75,-206.75,9258.75,12126.63
2023-08-02 00:00:00,CTA(9,21),8488.24,9134.24,8547.1522,8488.5693,58.58284,0.303398,0.780169,0.752859,1.0,1.0,-124.51,-124.51,9134.24,12002.12
2023-08-03 00:00:00,CTA(9,21),8586.0,9232.0,8551.4686,8493.2089,58.259711,0.299653,0.77172,0.747151,1.0,1.0,97.76,97.76,9232.0,12099.88
2023-08-04 00:00:00,CTA(9,21),8537.0,9183.0,8549.861,8495.2942,54.566798,0.28127,0.725435,0.714613,1.0,1.0,-49.0,-49.0,9183.0,12050.88
2023-08-07 00:00:00,CTA(9,21),8449.09,9095.09,8538.6642,8493.094,45.570223,0.236516,0.610899,0.625259,1.0,1.0,-87.91,-87.91,9095.09,11962.97
2023-08-08 00:00:00,CTA(9,21),8313.75,8959.75,8513.6737,8484.5538,29.119946,0.151151,0.391008,0.422859,1.0,1.0,-135.34,-135.34,8959.75,11827.63
2023-08-09 00:00:00,CTA(9,21),8371.51,9017.51,8497.8778,8479.1707,18.707014,0.098351,0.254779,0.28166,1.0,1.0,57.76,57.76,9017.51,11885.39
2023-08-10 00:00:00,CTA(9,21),8352.24,8998.24,8481.6958,8473.1264,8.569362,0.045295,0.117476,0.131541,1.0,1.0,-19.27,-19.27,8998.24,11866.12
2023-08-11 00:00:00,CTA(9,21),8257.25,8903.25,8456.7574,8462.8466,-6.089229,-0.032268,-0.083764,-0.093952,-1.0,1.0,-94.99,-94.99,8903.25,11771.13
2023-08-14 00:00:00,CTA(9,21),8242.75,8888.75,8432.9788,8452.3658,-19.387035,-0.104077,-0.27032,-0.298232,-1.0,-1.0,-14.5,14.5,-8888.75,11785.63
2023-08-15 00:00:00,CTA(9,21),8183.5,8802.5,8405.2589,8439.5627,-34.303764,-0.182809,-0.474858,-0.504303,-1.0,-1.0,-86.25,86.25,-8802.5,11871.88
2023-08-16 00:00:00,CTA(9,21),8153.25,8771.25,8377.2579,8425.9287,-48.670817,-0.259284,-0.67319,-0.675373,-1.0,-1.0,-31.25,31.25,-8771.25,11903.13
2023-08-17 00:00:00,CTA(9,21),8229.85,8843.85,8360.8793,8416.5916,-55.712392,-0.296711,-0.76973,-0.745797,-1.0,-1.0,72.6,-72.6,-8843.85,11830.53
2023-08-18 00:00:00,CTA(9,21),8243.75,8854.75,8347.8649,8408.3611,-60.496199,-0.326991,-0.847289,-0.795604,-1.0,-1.0,10.9,-10.9,-8854.75,11819.63
2023-08-21 00:00:00,CTA(9,21),8270.5,8881.5,8339.2688,8401.7963,-62.527484,-0.345192,-0.893183,-0.822116,-1.0,-1.0,26.75,-26.75,-8881.5,11792.88
2023-08-22 00:00:00,CTA(9,21),8363.7,8974.7,8341.9834,8399.9822,-57.998798,-0.343485,-0.887476,-0.818941,-1.0,-1.0,93.2,-93.2,-8974.7,11699.68
2023-08-23 00:00:00,CTA(9,21),8457.25,9068.25,8354.7908,8402.7092,-47.918434,-0.301897,-0.779133,-0.752163,-1.0,-1.0,93.55,-93.55,-9068.25,11606.13
2023-08-24 00:00:00,CTA(9,21),8359.5,8970.5,8355.314,8400.6516,-45.337606,-0.292993,-0.755325,-0.73587,-1.0,-1.0,-97.75,97.75,-8970.5,11703.88
2023-08-25 00:00:00,CTA(9,21),8349.25,8960.25,8354.6402,8398.2039,-43.56369,-0.289992,-0.746761,-0.72987,-1.0,-1.0,-10.25,10.25,-8960.25,11714.13
2023-08-29 00:00:00,CTA(9,21),8438.5,9049.5,8363.958,8400.1228,-36.164799,-0.250979,-0.645753,-0.653735,-1.0,-1.0,89.25,-89.25,-9049.5,11624.88
2023-08-30 00:00:00,CTA(9,21),8468.55,9079.55,8375.5793,8403.3812,-27.801904,-0.195091,-0.501715,-0.529343,-1.0,-1.0,30.05,-30.05,-9079.55,11594.83
2023-08-31 00:00:00,CTA(9,21),8420.0,9031.0,8380.515,8404.1726,-23.657643,-0.168431,-0.433018,-0.464256,-1.0,-1.0,-48.55,48.55,-9031.0,11643.38
2023-09-01 00:00:00,CTA(9,21),8497.25,9108.25,8393.4855,8408.6049,-15.11934,-0.107782,-0.277096,-0.305425,-1.0,-1.0,77.25,-77.25,-9108.25,11566.13
2023-09-04 00:00:00,CTA(9,21),8453.25,9064.25,8400.126,8410.7308,-10.604801,-0.075838,-0.195004,-0.217033,-1.0,-1.0,-44.0,44.0,-9064.25,11610.13
2023-09-05 00:00:00,CTA(9,21),8497.5,9108.5,8410.9453,8414.8627,-3.917336,-0.028182,-0.07249,-0.081343,-1.0,-1.0,44.25,-44.25,-9108.5,11565.88
2023-09-06 00:00:00,CTA(9,21),8374.25,8985.25,8406.8681,8412.9287,-6.060659,-0.043693,-0.112431,-0.125929,-1.0,-1.0,-123.25,123.25,-8985.25,11689.13
2023-09-07 00:00:00,CTA(9,21),8321.25,8932.25,8397.355,8408.5631,-11.208125,-0.080573,-0.207426,-0.23057,-1.0,-1.0,-53.0,53.0,-8932.25,11742.13
2023-09-08 00:00:00,CTA(9,21),8241.5,8852.5,8380.0377,8400.6077,-20.569959,-0.146857,-0.378145,-0.409961,-1.0,-1.0,-79.75,79.75,-8852.5,11821.88
2023-09-11 00:00:00,CTA(9,21),8389.0,9000.0,8381.0336,8400.055,-19.021405,-0.135746,-0.349612,-0.381,-1.0,-1.0,147.5,-147.5,-9000.0,11674.38
2023-09-12 00:00:00,CTA(9,21),8378.75,8989.75,8380.7798,8399.0404,-18.260611,-0.130577,-0.336337,-0.367369,-1.0,-1.0,-10.25,10.25,-8989.75,11684.63
2023-09-13 00:00:00,CTA(9,21),8406.5,9017.5,8383.6376,8399.3957,-15.758031,-0.113456,-0.292272,-0.321457,-1.0,-1.0,27.75,-27.75,-9017.5,11656.88
2023-09-14 00:00:00,CTA(9,21),8375.75,8986.75,8382.7612,8398.2697,-15.50845,-0.112362,-0.289494,-0.31853,-1.0,-1.0,-30.75,30.75,-8986.75,11687.63
2023-09-15 00:00:00,CTA(9,21),8352.0,8963.0,8379.3433,8396.0664,-16.723046,-0.121716,-0.313643,-0.343847,-1.0,-1.0,-23.75,23.75,-8963.0,11711.38
2023-09-18 00:00:00,CTA(9,21),8299.8,8910.8,8370.5052,8391.4822,-20.977079,-0.152932,-0.394112,-0.425957,-1.0,-1.0,-52.2,52.2,-8910.8,11763.58
2023-09-19 00:00:00,CTA(9,21),8271.25,8857.0,8359.4768,8385.7569,-26.280086,-0.193321,-0.498187,-0.526085,-1.0,-1.0,-53.8,53.8,-8857.0,11817.38
2023-09-20 00:00:00,CTA(9,21),8320.5,8909.0,8355.1461,8382.6494,-27.503371,-0.204439,-0.526848,-0.552279,-1.0,-1.0,52.0,-52.0,-8909.0,11765.38
2023-09-21 00:00:00,CTA(9,21),8169.75,8759.25,8334.5465,8372.5114,-37.964865,-0.275528,-0.709824,-0.703163,-1.0,-1.0,-149.75,149.75,-8759.25,11915.13
2023-09-22 00:00:00,CTA(9,21),8198.75,8772.75,8319.458,8364.237,-44.779014,-0.319492,-0.822648,-0.780453,-1.0,-1.0,13.5,-13.5,-8772.75,11901.63
2023-09-25 00:00:00,CTA(9,21),8110.5,8684.5,8296.2404,8352.1543,-55.913854,-0.386223,-0.993828,-0.872336,-1.0,-1.0,-88.25,88.25,-8684.5,11989.88
2023-09-26 00:00:00,CTA(9,21),8066.25,8640.25,8270.6859,8338.5398,-67.853857,-0.453362,-1.165817,-0.932556,-1.0,-1.0,-44.25,44.25,-8640.25,12034.13
2023-09-27 00:00:00,CTA(9,21),8088.0,8662.0,8250.3875,8326.6093,-76.221828,-0.500665,-1.286899,-0.955751,-1.0,-1.0,21.75,-21.75,-8662.0,12012.38
2023-09-28 00:00:00,CTA(9,21),8193.0,8767.0,8244.0111,8320.247,-76.235869,-0.494892,-1.272218,-0.953764,-1.0,-1.0,105.0,-105.0,-8767.0,11907.38
2023-09-29 00:00:00,CTA(9,21),8239.0,8813.0,8243.4543,8316.3781,-72.923755,-0.46996,-1.208583,-0.942532,-1.0,-1.0,46.0,-46.0,-8813.0,11861.38
2023-10-02 00:00:00,CTA(9,21),8003.0,8577.0,8216.7372,8301.4553,-84.718137,-0.521444,-1.340295,-0.961103,-1.0,-1.0,-236.0,236.0,-8577.0,12097.38
2023-10-03 00:00:00,CTA(9,21),7952.5,8526.5,8187.3775,8284.8384,-97.460904,-0.569879,-1.462975,-0.962647,-1.0,-1.0,-50.5,50.5,-8526.5,12147.88
2023-10-04 00:00:00,CTA(9,21),7895.5,8469.5,8154.9467,8266.2985,-111.351813,-0.615838,-1.57693,-0.95155,-1.0,-1.0,-57.0,57.0,-8469.5,12204.88
2023-10-05 00:00:00,CTA(9,21),7837.5,8411.5,8119.6748,8245.8795,-126.204689,-0.654611,-1.670366,-0.934303,-1.0,-1.0,-58.0,58.0,-8411.5,12262.88
2023-10-06 00:00:00,CTA(9,21),7985.25,8559.25,8104.7387,8233.4686,-128.72985,-0.648545,-1.649222,-0.938807,-1.0,-1.0,147.75,-147.75,-8559.25,12115.13
2023-10-09 00:00:00,CTA(9,21),8050.75,8624.75,8098.74,8224.7677,-126.027713,-0.623648,-1.581612,-0.950853,-1.0,-1.0,65.5,-65.5,-8624.75,12049.63
2023-10-10 00:00:00,CTA(9,21),7955.0,8529.0,8082.7689,8211.9216,-129.15274,-0.623269,-1.576363,-0.951633,-1.0,-1.0,-95.75,95.75,-8529.0,12145.38
2023-10-11 00:00:00,CTA(9,21),7954.0,8528.0,8068.4612,8199.6396,-131.178411,-0.630695,-1.590545,-0.949473,-1.0,-1.0,-1.0,1.0,-8528.0,12146.38
2023-10-12 00:00:00,CTA(9,21),7919.25,8493.25,8051.8822,8186.2877,-134.405548,-0.640461,-1.610478,-0.946159,-1.0,-1.0,-34.75,34.75,-8493.25,12181.13
2023-10-13 00:00:00,CTA(9,21),7877.5,8451.5,8032.5064,8171.5836,-139.077168,-0.64347,-1.613353,-0.945654,-1.0,-1.0,-41.75,41.75,-8451.5,12222.88
2023-10-16 00:00:00,CTA(9,21),7915.5,8489.5,8019.5057,8159.3891,-139.883423,-0.63369,-1.584403,-0.950429,-1.0,-1.0,38.0,-38.0,-8489.5,12184.88
2023-10-17 00:00:00,CTA(9,21),7937.5,8498.5,8010.3939,8148.823,-138.429018,-0.615797,-1.535917,-0.956859,-1.0,-1.0,9.0,-9.0,-8498.5,12175.88
2023-10-18 00:00:00,CTA(9,21),7940.0,8502.0,8002.5724,8138.879,-136.306616,-0.598437,-1.490042,-0.96106,-1.0,-1.0,3.5,-3.5,-8502.0,12172.38
2023-10-19 00:00:00,CTA(9,21),7963.0,8524.5,7998.1755,8130.5038,-132.328358,-0.57447,-1.429167,-0.963672,-1.0,-1.0,22.5,-22.5,-8524.5,12149.88
2023-10-20 00:00:00,CTA(9,21),7916.76,8460.76,7989.1293,8120.3255,-131.196243,-0.563679,-1.400979,-0.963695,-1.0,-1.0,-63.74,63.74,-8460.76,12213.62
2023-10-23 00:00:00,CTA(9,21),7935.75,8479.75,7983.1983,8111.5362,-128.337964,-0.556188,-1.380509,-0.963228,-1.0,-1.0,18.99,-18.99,-8479.75,12194.63
2023-10-24 00:00:00,CTA(9,21),8018.5,8562.5,7987.1207,8107.1059,-119.985252,-0.525672,-1.303192,-0.957694,-1.0,-1.0,82.75,-82.75,-8562.5,12111.88
2023-10-25 00:00:00,CTA(9,21),7991.0,8535.0,7987.5517,8101.5771,-114.025363,-0.502221,-1.243755,-0.949269,-1.0,-1.0,-27.5,27.5,-8535.0,12139.38
2023-10-26 00:00:00,CTA(9,21),7939.75,8483.75,7982.2404,8093.871,-111.630613,-0.498685,-1.232716,-0.947296,-1.0,-1.0,-51.25,51.25,-8483.75,12190.63
2023-10-27 00:00:00,CTA(9,21),8056.5,8600.5,7990.4915,8092.0915,-101.599975,-0.480408,-1.185055,-0.937287,-1.0,-1.0,116.75,-116.75,-8600.5,12073.88
2023-10-30 00:00:00,CTA(9,21),8094.0,8638.0,8001.9924,8092.1823,-90.189911,-0.438449,-1.079845,-0.906499,-1.0,-1.0,37.5,-37.5,-8638.0,12036.38
2023-10-31 00:00:00,CTA(9,21),8051.5,8595.5,8007.4933,8090.2451,-82.751815,-0.406942,-1.001194,-0.875579,-1.0,-1.0,-42.5,42.5,-8595.5,12078.88
2023-11-01 00:00:00,CTA(9,21),8050.25,8594.25,8012.244,8088.3406,-76.09654,-0.384327,-0.944575,-0.849131,-1.0,-1.0,-1.25,1.25,-8594.25,12080.13
2023-11-02 00:00:00,CTA(9,21),8079.5,8623.5,8019.7169,8087.9196,-68.202673,-0.352671,-0.866056,-0.806715,-1.0,-1.0,29.25,-29.25,-8623.5,12050.88
2023-11-03 00:00:00,CTA(9,21),8109.7,8653.7,8029.715,8088.9567,-59.241715,-0.310907,-0.76315,-0.741288,-1.0,-1.0,30.2,-30.2,-8653.7,12020.68
2023-11-06 00:00:00,CTA(9,21),8169.25,8713.25,8045.2189,8092.7802,-47.561317,-0.250667,-0.614877,-0.628564,-1.0,-1.0,59.55,-59.55,-8713.25,11961.13
2023-11-07 00:00:00,CTA(9,21),8112.0,8656.0,8052.639,8093.6955,-41.056423,-0.218144,-0.534811,-0.559443,-1.0,-1.0,-57.25,57.25,-8656.0,12018.38
2023-11-08 00:00:00,CTA(9,21),8068.0,8612.0,8054.3458,8092.4719,-38.126056,-0.20368,-0.499201,-0.527022,-1.0,-1.0,-44.0,44.0,-8612.0,12062.38
2023-11-09 00:00:00,CTA(9,21),8072.01,8616.01,8056.3085,8091.4975,-35.188993,-0.18799,-0.460828,-0.491012,-1.0,-1.0,4.01,-4.01,-8616.01,12058.37
2023-11-10 00:00:00,CTA(9,21),7956.49,8500.49,8045.2175,8085.0686,-39.851009,-0.2112,-0.518194,-0.544437,-1.0,-1.0,-115.52,115.52,-8500.49,12173.89
2023-11-13 00:00:00,CTA(9,21),8081.25,8625.25,8049.2212,8084.8867,-35.665567,-0.188797,-0.464334,-0.494346,-1.0,-1.0,124.76,-124.76,-8625.25,12049.13
2023-11-14 00:00:00,CTA(9,21),8191.0,8714.5,8064.9744,8089.9397,-24.965375,-0.132121,-0.326093,-0.356784,-1.0,-1.0,89.25,-89.25,-8714.5,11959.88
2023-11-15 00:00:00,CTA(9,21),8218.0,8744.0,8081.9772,8096.0378,-14.060634,-0.074438,-0.184543,-0.205594,-1.0,-1.0,29.5,-29.5,-8744.0,11930.38
2023-11-16 00:00:00,CTA(9,21),8166.5,8695.5,8091.3686,8099.3932,-8.024554,-0.042554,-0.106021,-0.11879,-1.0,-1.0,-48.5,48.5,-8695.5,11978.88
2023-11-17 00:00:00,CTA(9,21),8212.25,8711.25,8104.7999,8104.7673,0.032575,0.000173,0.000433,0.000487,1.0,-1.0,15.75,-15.75,-8711.25,11963.13
2023-11-20 00:00:00,CTA(9,21),8381.5,8880.5,8135.5443,8117.9451,17.599285,0.093377,0.234721,0.260124,1.0,1.0,169.25,169.25,8880.5,12132.38
2023-11-21 00:00:00,CTA(9,21),8394.0,8893.0,8164.2616,8131.0905,33.171106,0.177382,0.447186,0.477954,1.0,1.0,12.5,12.5,8893.0,12144.88
2023-11-22 00:00:00,CTA(9,21),8294.5,8793.5,8178.7326,8138.8719,39.860632,0.214268,0.541426,0.565355,1.0,1.0,-99.5,-99.5,8793.5,12045.38
2023-11-23 00:00:00,CTA(9,21),8345.5,8844.5,8197.2623,8148.7114,48.550914,0.261071,0.660775,0.665668,1.0,1.0,51.0,51.0,8844.5,12096.38
2023-11-24 00:00:00,CTA(9,21),8364.75,8863.75,8215.872,8158.9989,56.873107,0.308473,0.781589,0.753812,1.0,1.0,19.25,19.25,8863.75,12115.63
2023-11-27 00:00:00,CTA(9,21),8292.5,8791.5,8224.3863,8165.3561,59.030131,0.326499,0.827738,0.783635,1.0,1.0,-72.25,-72.25,8791.5,12043.38
2023-11-28 00:00:00,CTA(9,21),8415.5,8914.5,8245.6211,8177.2677,68.353379,0.378292,0.958729,0.85607,1.0,1.0,123.0,123.0,8914.5,12166.38
2023-11-29 00:00:00,CTA(9,21),8365.5,8864.5,8258.941,8186.2312,72.709814,0.410027,1.038363,0.891036,1.0,1.0,-50.0,-50.0,8864.5,12116.38
2023-11-30 00:00:00,CTA(9,21),8409.5,8908.5,8275.6698,8196.863,78.806744,0.447274,1.131698,0.923179,1.0,1.0,44.0,44.0,8908.5,12160.38
2023-12-01 00:00:00,CTA(9,21),8558.02,9057.02,8307.042,8214.061,92.981041,0.521515,1.317698,0.959194,1.0,1.0,148.52,148.52,9057.02,12308.9
2023-12-04 00:00:00,CTA(9,21),8381.75,8880.75,8315.3429,8222.0462,93.296736,0.522827,1.319955,0.959408,1.0,1.0,-176.27,-176.27,8880.75,12132.63
2023-12-05 00:00:00,CTA(9,21),8269.75,8768.75,8310.277,8224.3178,85.959247,0.483583,1.220922,0.945045,1.0,1.0,-112.0,-112.0,8768.75,12020.63
2023-12-06 00:00:00,CTA(9,21),8219.75,8718.75,8300.2185,8224.1003,76.118202,0.42862,1.083217,0.907674,1.0,1.0,-50.0,-50.0,8718.75,11970.63
2023-12-07 00:00:00,CTA(9,21),8273.0,8772.0,8297.1942,8226.4288,70.765369,0.402936,1.019883,0.88354,1.0,1.0,53.25,53.25,8772.0,12023.88
2023-12-08 00:00:00,CTA(9,21),8380.0,8879.0,8306.3948,8233.7417,72.653101,0.413621,1.048846,0.895122,1.0,1.0,107.0,107.0,8879.0,12130.88
2023-12-11 00:00:00,CTA(9,21),8261.55,8760.55,8301.4121,8235.0659,66.346138,0.383289,0.974246,0.863427,1.0,1.0,-118.45,-118.45,8760.55,12012.43
2023-12-12 00:00:00,CTA(9,21),8270.5,8769.5,8297.9774,8236.7533,61.224127,0.357395,0.910552,0.831564,1.0,1.0,8.95,8.95,8769.5,12021.38
2023-12-13 00:00:00,CTA(9,21),8245.9,8744.9,8292.191,8237.1888,55.002191,0.324096,0.82789,0.783729,1.0,1.0,-24.6,-24.6,8744.9,11996.78
2023-12-14 00:00:00,CTA(9,21),8463.51,8962.51,8311.2265,8247.966,63.260434,0.364772,0.933866,0.843736,1.0,1.0,217.61,217.61,8962.51,12214.39
2023-12-15 00:00:00,CTA(9,21),8456.25,8955.25,8327.3402,8257.8843,69.455876,0.392006,1.004929,0.8772,1.0,1.0,-7.26,-7.26,8955.25,12207.13
2023-12-18 00:00:00,CTA(9,21),8393.81,8892.81,8334.7257,8264.357,70.368758,0.394023,1.010879,0.879752,1.0,1.0,-62.44,-62.44,8892.81,12144.69
2023-12-19 00:00:00,CTA(9,21),8539.5,9036.0,8357.4784,8277.459,80.019406,0.43174,1.107662,0.915813,1.0,1.0,143.19,143.19,9036.0,12287.88
2023-12-20 00:00:00,CTA(9,21),8524.0,9024.0,8375.9808,8289.1991,86.781757,0.454076,1.164446,0.932203,1.0,1.0,-12.0,-12.0,9024.0,12275.88
2023-12-21 00:00:00,CTA(9,21),8538.0,9038.5,8393.983,8301.0467,92.936224,0.471877,1.209209,0.942663,1.0,1.0,14.5,14.5,9038.5,12290.38
2023-12-22 00:00:00,CTA(9,21),8514.5,8981.5,8407.3737,8311.2112,96.162566,0.47741,1.222159,0.945288,1.0,1.0,-57.0,-57.0,8981.5,12233.38
2023-12-27 00:00:00,CTA(9,21),8620.0,9087.0,8430.9989,8325.9154,105.083476,0.502988,1.285783,0.955608,1.0,1.0,105.5,105.5,9087.0,12338.88
2023-12-28 00:00:00,CTA(9,21),8556.75,9023.75,8444.9712,8336.9075,108.0637,0.50434,1.287447,0.955821,1.0,1.0,-63.25,-63.25,9023.75,12275.63
2023-12-29 00:00:00,CTA(9,21),8488.5,8955.5,8449.8078,8344.1262,105.681541,0.485747,1.238536,0.948352,1.0,1.0,-68.25,-68.25,8955.5,12207.38
2024-01-02 00:00:00,CTA(9,21),8463.75,8930.75,8451.3569,8349.8226,101.534309,0.463716,1.181161,0.936361,1.0,1.0,-24.75,-24.75,8930.75,12182.63
2024-01-03 00:00:00,CTA(9,21),8438.75,8905.75,8449.9561,8354.0572,95.898904,0.43829,1.115382,0.918247,1.0,1.0,-25.0,-25.0,8905.75,12157.63
2024-01-04 00:00:00,CTA(9,21),8383.25,8850.25,8442.5443,8355.4474,87.09698,0.402609,1.023733,0.885133,1.0,1.0,-55.5,-55.5,8850.25,12102.13
2024-01-05 00:00:00,CTA(9,21),8374.75,8841.75,8435.0116,8356.3665,78.645103,0.371158,0.943235,0.848463,1.0,1.0,-8.5,-8.5,8841.75,12093.63
2024-01-08 00:00:00,CTA(9,21),8351.74,8818.74,8425.7592,8356.1462,69.61301,0.330915,0.841052,0.791829,1.0,1.0,-23.01,-23.01,8818.74,12070.62
2024-01-09 00:00:00,CTA(9,21),8273.75,8740.75,8408.8693,8352.2226,56.646725,0.270722,0.688972,0.687502,1.0,1.0,-77.99,-77.99,8740.75,11992.63
2024-01-10 00:00:00,CTA(9,21),8277.25,8744.25,8394.2449,8348.6525,45.59248,0.220953,0.563648,0.584957,1.0,1.0,3.5,3.5,8744.25,11996.13
2024-01-11 00:00:00,CTA(9,21),8264.0,8731.0,8379.7733,8344.6214,35.15189,0.172976,0.442859,0.473785,1.0,1.0,-13.25,-13.25,8731.0,11982.88
2024-01-12 00:00:00,CTA(9,21),8242.75,8709.75,8364.5485,8339.7704,24.778099,0.124488,0.320243,0.350716,1.0,1.0,-21.25,-21.25,8709.75,11961.63
2024-01-15 00:00:00,CTA(9,21),8284.0,8751.0,8355.5986,8337.1146,18.484001,0.095546,0.247177,0.273518,1.0,1.0,41.25,41.25,8751.0,12002.88
2024-01-16 00:00:00,CTA(9,21),8306.0,8756.0,8350.0877,8335.633,14.45469,0.076589,0.199359,0.221784,1.0,1.0,5.0,5.0,8756.0,12007.88
2024-01-17 00:00:00,CTA(9,21),8216.25,8668.75,8335.2168,8329.9481,5.268741,0.028584,0.074923,0.084065,1.0,1.0,-87.25,-87.25,8668.75,11920.63
2024-01-18 00:00:00,CTA(9,21),8261.75,8713.25,8327.0538,8326.7006,0.353287,0.001966,0.005194,0.005836,1.0,1.0,44.5,44.5,8713.25,11965.13
2024-01-19 00:00:00,CTA(9,21),8306.76,8727.76,8324.799,8325.751,-0.952034,-0.005426,-0.014455,-0.016241,-1.0,1.0,14.51,14.51,8727.76,11979.64
2024-01-22 00:00:00,CTA(9,21),8289.5,8710.5,8320.8769,8324.0248,-3.147904,-0.018576,-0.049928,-0.056064,-1.0,-1.0,-17.26,17.26,-8710.5,11996.9
2024-01-23 00:00:00,CTA(9,21),8348.0,8769.0,8323.8905,8325.1664,-1.2759,-0.007785,-0.021116,-0.023723,-1.0,-1.0,58.5,-58.5,-8769.0,11938.4
2024-01-24 00:00:00,CTA(9,21),8506.99,8927.99,8344.2349,8333.8247,10.410219,0.064004,0.175199,0.195348,1.0,-1.0,158.99,-158.99,-8927.99,11779.41
2024-01-25 00:00:00,CTA(9,21),8508.0,8929.0,8362.4311,8342.1188,20.312276,0.12678,0.350147,0.381548,1.0,1.0,1.01,1.01,8929.0,11780.42
2024-01-26 00:00:00,CTA(9,21),8479.05,8900.05,8375.3887,8348.6393,26.749403,0.172643,0.480883,0.509967,1.0,1.0,-28.95,-28.95,8900.05,11751.47
2024-01-29 00:00:00,CTA(9,21),8486.5,8907.5,8387.7344,8355.2041,32.530306,0.212495,0.596574,0.613244,1.0,1.0,7.45,7.45,8907.5,11758.92
2024-01-30 00:00:00,CTA(9,21),8543.75,8964.75,8405.0695,8364.1825,40.886996,0.267146,0.755335,0.735877,1.0,1.0,57.25,57.25,8964.75,11816.17
2024-01-31 00:00:00,CTA(9,21),8530.5,8951.5,8419.0062,8372.1024,46.903839,0.310166,0.882627,0.816216,1.0,1.0,-13.25,-13.25,8951.5,11802.92
2024-02-01 00:00:00,CTA(9,21),8451.0,8872.0,8422.5611,8375.8594,46.701675,0.316374,0.905431,0.828812,1.0,1.0,-79.5,-79.5,8872.0,11723.42
2024-02-02 00:00:00,CTA(9,21),8397.84,8818.84,8419.8143,8376.9061,42.908194,0.297854,0.856948,0.801368,1.0,1.0,-53.16,-53.16,8818.84,11670.26
2024-02-05 00:00:00,CTA(9,21),8267.25,8688.25,8402.8627,8371.6844,31.178326,0.220658,0.638325,0.647758,1.0,1.0,-130.59,-130.59,8688.25,11539.67
2024-02-06 00:00:00,CTA(9,21),8312.25,8733.25,8392.7946,8368.8542,23.940456,0.171529,0.498567,0.526436,1.0,1.0,45.0,45.0,8733.25,11584.67
2024-02-07 00:00:00,CTA(9,21),8217.0,8638.0,8373.2619,8361.623,11.638872,0.084752,0.247478,0.27384,1.0,1.0,-95.25,-95.25,8638.0,11489.42
2024-02-08 00:00:00,CTA(9,21),8098.27,8519.27,8342.7072,8349.0824,-6.375162,-0.046746,-0.137083,-0.153303,-1.0,1.0,-118.73,-118.73,8519.27,11370.69
2024-02-09 00:00:00,CTA(9,21),8077.29,8498.29,8313.2164,8336.1399,-22.923471,-0.168297,-0.495375,-0.523481,-1.0,-1.0,-20.98,20.98,-8498.29,11391.67
2024-02-12 00:00:00,CTA(9,21),8138.24,8559.24,8293.7746,8326.7161,-32.941491,-0.254342,-0.75066,-0.732611,-1.0,-1.0,60.95,-60.95,-8559.24,11330.72
2024-02-13 00:00:00,CTA(9,21),8163.75,8584.75,8279.3274,8318.9558,-39.628379,-0.311719,-0.921763,-0.837491,-1.0,-1.0,25.51,-25.51,-8584.75,11305.21
2024-02-14 00:00:00,CTA(9,21),8104.0,8525.0,8259.8466,8308.7198,-48.873213,-0.377767,-1.118243,-0.919133,-1.0,-1.0,-59.75,59.75,-8525.0,11364.96
2024-02-15 00:00:00,CTA(9,21),8224.25,8645.25,8255.8914,8304.6974,-48.806019,-0.377545,-1.118351,-0.919166,-1.0,-1.0,120.25,-120.25,-8645.25,11244.71
2024-02-16 00:00:00,CTA(9,21),8410.25,8831.25,8273.0424,8309.7238,-36.681378,-0.288244,-0.855041,-0.800238,-1.0,-1.0,186.0,-186.0,-8831.25,11058.71
2024-02-19 00:00:00,CTA(9,21),8353.5,8774.5,8281.9821,8311.8083,-29.826225,-0.236864,-0.70379,-0.698674,-1.0,-1.0,-56.75,56.75,-8774.5,11115.46
2024-02-20 00:00:00,CTA(9,21),8458.99,8872.8,8301.6497,8318.817,-17.167332,-0.135679,-0.404023,-0.435806,-1.0,-1.0,98.3,-98.3,-8872.8,11017.16
2024-02-21 00:00:00,CTA(9,21),8495.25,8912.45,8323.1608,8327.2186,-4.057755,-0.031797,-0.094921,-0.106412,-1.0,-1.0,39.65,-39.65,-8912.45,10977.51
2024-02-22 00:00:00,CTA(9,21),8534.5,8953.7,8346.6429,8337.0891,9.553833,0.073966,0.221275,0.245598,1.0,-1.0,41.25,-41.25,-8953.7,10936.26
2024-02-23 00:00:00,CTA(9,21),8510.0,8898.2,8364.7937,8345.323,19.470766,0.149288,0.447168,0.477937,1.0,1.0,-55.5,-55.5,8898.2,10880.76
2024-02-26 00:00:00,CTA(9,21),8398.0,8786.2,8368.4833,8347.8314,20.651922,0.158277,0.474342,0.503817,1.0,1.0,-112.0,-112.0,8786.2,10768.76
2024-02-27 00:00:00,CTA(9,21),8409.0,8797.2,8372.9852,8350.7442,22.240985,0.170799,0.511906,0.538702,1.0,1.0,11.0,11.0,8797.2,10779.76
2024-02-28 00:00:00,CTA(9,21),8385.75,8773.95,8374.4035,8352.4111,21.992357,0.169038,0.506659,0.533893,1.0,1.0,-23.25,-23.25,8773.95,10756.51
2024-02-29 00:00:00,CTA(9,21),8427.0,8815.2,8380.2475,8355.963,24.284563,0.186369,0.558656,0.580589,1.0,1.0,41.25,41.25,8815.2,10797.76
2024-03-01 00:00:00,CTA(9,21),8438.5,8826.7,8386.72,8359.8933,26.826725,0.205577,0.616093,0.629571,1.0,1.0,11.5,11.5,8826.7,10809.26
2024-03-04 00:00:00,CTA(9,21),8476.51,8864.71,8396.6967,8365.4465,31.250212,0.24224,0.725453,0.714627,1.0,1.0,38.01,38.01,8864.71,10847.27
2024-03-05 00:00:00,CTA(9,21),8421.75,8809.95,8399.4804,8368.1276,31.352793,0.242736,0.726289,0.715233,1.0,1.0,-54.76,-54.76,8809.95,10792.51
2024-03-06 00:00:00,CTA(9,21),8503.0,8891.2,8410.9826,8374.5501,36.432476,0.281156,0.839783,0.791056,1.0,1.0,81.25,81.25,8891.2,10873.76
2024-03-07 00:00:00,CTA(9,21),8561.24,8949.44,8427.6778,8383.4401,44.23775,0.339847,1.012391,0.880395,1.0,1.0,58.24,58.24,8949.44,10932.0
2024-03-08 00:00:00,CTA(9,21),8500.28,8888.48,8435.7447,8389.0039,46.740851,0.358648,1.065131,0.90123,1.0,1.0,-60.96,-60.96,8888.48,10871.04
2024-03-11 00:00:00,CTA(9,21),8571.0,8959.2,8450.7731,8397.6704,53.102731,0.400897,1.186056,0.937522,1.0,1.0,70.72,70.72,8959.2,10941.76
2024-03-12 00:00:00,CTA(9,21),8570.2,8958.4,8464.0428,8405.8861,58.15669,0.435669,1.283275,0.955281,1.0,1.0,-0.8,-0.8,8958.4,10940.96
2024-03-13 00:00:00,CTA(9,21),8840.01,9228.21,8505.8169,8426.5586,79.258259,0.550136,1.609624,0.946307,1.0,1.0,269.81,269.81,9228.21,11210.77
2024-03-14 00:00:00,CTA(9,21),8786.0,9174.2,8536.9484,8443.6749,93.273459,0.619031,1.796129,0.900908,1.0,1.0,-54.01,-54.01,9174.2,11156.76
2024-03-15 00:00:00,CTA(9,21),8970.25,9358.45,8585.093,8468.7499,116.343081,0.699302,2.008555,0.823144,1.0,1.0,184.25,184.25,9358.45,11341.01
2024-03-18 00:00:00,CTA(9,21),8986.11,9374.31,8629.6504,8493.3861,136.264332,0.752226,2.136574,0.766823,1.0,1.0,15.86,15.86,9374.31,11356.87
2024-03-19 00:00:00,CTA(9,21),8910.07,9293.91,8660.8082,8513.2282,147.579972,0.772184,2.168598,0.751947,1.0,1.0,-80.4,-80.4,9293.91,11276.47
2024-03-20 00:00:00,CTA(9,21),8858.84,9244.14,8682.8117,8529.6859,153.125804,0.772993,2.147187,0.761922,1.0,1.0,-49.77,-49.77,9244.14,11226.7
2024-03-21 00:00:00,CTA(9,21),8875.48,9263.29,8704.2193,8546.1523,158.067007,0.769683,2.115415,0.776499,1.0,1.0,19.15,19.15,9263.29,11245.85
2024-03-22 00:00:00,CTA(9,21),8791.02,9139.88,8713.8638,8557.8126,156.051163,0.744278,2.025733,0.815925,1.0,1.0,-123.41,-123.41,9139.88,11122.44
2024-03-25 00:00:00,CTA(9,21),8792.58,9141.44,8722.6101,8568.992,153.618009,0.717915,1.936689,0.851993,1.0,1.0,1.56,1.56,9141.44,11124.0
2024-03-26 00:00:00,CTA(9,21),8781.47,9130.33,8729.15,8579.11,150.040005,0.691536,1.850518,0.883287,1.0,1.0,-11.11,-11.11,9130.33,11112.89
2024-03-27 00:00:00,CTA(9,21),8768.0,9116.86,8733.4667,8588.1048,145.361906,0.660206,1.753994,0.913297,1.0,1.0,-13.47,-13.47,9116.86,11099.42
2024-03-28 00:00:00,CTA(9,21),8787.84,9136.7,8739.5082,8597.616,141.892183,0.633337,1.671777,0.933991,1.0,1.0,19.84,19.84,9136.7,11119.26
2024-04-02 00:00:00,CTA(9,21),8907.25,9256.11,8758.1462,8612.3605,145.785686,0.631301,1.656087,0.937382,1.0,1.0,119.41,119.41,9256.11,11238.67
2024-04-03 00:00:00,CTA(9,21),9171.53,9520.39,8804.0777,8638.9876,165.090104,0.667801,1.740167,0.917108,1.0,1.0,264.28,264.28,9520.39,11502.95
2024-04-04 00:00:00,CTA(9,21),9257.56,9606.42,8854.4646,8668.4434,186.021197,0.700713,1.812875,0.895672,1.0,1.0,86.03,86.03,9606.42,11588.98
2024-04-05 00:00:00,CTA(9,21),9223.5,9572.36,8895.4686,8694.8747,200.593862,0.715461,1.837213,0.88776,1.0,1.0,-34.06,-34.06,9572.36,11554.92
2024-04-08 00:00:00,CTA(9,21),9295.01,9643.87,8939.862,8723.4526,216.409484,0.729728,1.859484,0.880216,1.0,1.0,71.51,71.51,9643.87,11626.43
2024-04-09 00:00:00,CTA(9,21),9294.28,9643.14,8979.2418,8750.6348,228.606998,0.73688,1.863304,0.878895,1.0,1.0,-0.73,-0.73,9643.14,11625.7
2024-04-10 00:00:00,CTA(9,21),9249.24,9598.1,9009.2416,8774.3779,234.863692,0.731799,1.836747,0.887914,1.0,1.0,-45.04,-45.04,9598.1,11580.66
2024-04-11 00:00:00,CTA(9,21),9213.4,9562.26,9031.9259,8795.2837,236.642143,0.718806,1.791525,0.902317,1.0,1.0,-35.84,-35.84,9562.26,11544.82
2024-04-12 00:00:00,CTA(9,21),9334.96,9683.82,9065.5963,8820.9826,244.613731,0.718928,1.779761,0.905857,1.0,1.0,121.56,121.56,9683.82,11666.38
2024-04-15 00:00:00,CTA(9,21),9499.47,9848.33,9113.8045,8853.2915,260.512992,0.730144,1.795444,0.901119,1.0,1.0,164.51,164.51,9848.33,11830.89
2024-04-16 00:00:00,CTA(9,21),9390.45,9766.55,9144.5429,8878.8705,265.672404,0.721907,1.763873,0.910496,1.0,1.0,-81.78,-81.78,9766.55,11749.11
2024-04-17 00:00:00,CTA(9,21),9515.12,9885.25,9185.7181,8909.1681,276.550041,0.725975,1.76278,0.910809,1.0,1.0,118.7,118.7,9885.25,11867.81
2024-04-18 00:00:00,CTA(9,21),9676.0,10043.02,9240.1939,8945.6839,294.509998,0.737717,1.780053,0.90577,1.0,1.0,157.77,157.77,10043.02,12025.58
2024-04-19 00:00:00,CTA(9,21),9819.74,10154.04,9304.5879,8987.3056,317.28229,0.751808,1.80227,0.899008,1.0,1.0,111.02,111.02,10154.04,12136.6
2024-04-22 00:00:00,CTA(9,21),9764.16,10098.46,9355.6515,9024.2987,331.352789,0.753267,1.793922,0.901585,1.0,1.0,-55.58,-55.58,10098.46,12081.02
2024-04-23 00:00:00,CTA(9,21),9631.59,9965.89,9386.3113,9053.2173,333.093991,0.736648,1.743335,0.916246,1.0,1.0,-132.57,-132.57,9965.89,11948.45
2024-04-24 00:00:00,CTA(9,21),9684.83,10019.13,9419.4801,9083.2941,336.18594,0.720346,1.694854,0.92867,1.0,1.0,53.24,53.24,10019.13,12001.69
2024-04-25 00:00:00,CTA(9,21),9768.65,10102.95,9458.2767,9115.9301,342.346605,0.709181,1.659974,0.936559,1.0,1.0,83.82,83.82,10102.95,12085.51
2024-04-26 00:00:00,CTA(9,21),9876.97,10211.27,9504.7982,9152.1701,352.628087,0.704196,1.640851,0.940495,1.0,1.0,108.32,108.32,10211.27,12193.83
2024-04-29 00:00:00,CTA(9,21),10057.47,10391.77,9566.2062,9195.2796,370.926546,0.708316,1.643839,0.939898,1.0,1.0,180.5,180.5,10391.77,12374.33
2024-04-30 00:00:00,CTA(9,21),9903.73,10238.03,9603.7088,9229.0154,374.693462,0.694085,1.605979,0.946935,1.0,1.0,-153.74,-153.74,10238.03,12220.59
2024-05-01 00:00:00,CTA(9,21),9794.93,10129.23,9624.9556,9255.9637,368.991943,0.669161,1.545633,0.955732,1.0,1.0,-108.8,-108.8,10129.23,12111.79
2024-05-02 00:00:00,CTA(9,21),9652.46,9986.76,9628.0117,9274.8445,353.167208,0.633262,1.461829,0.9627,1.0,1.0,-142.47,-142.47,9986.76,11969.32
2024-05-03 00:00:00,CTA(9,21),9799.03,10133.33,9647.0137,9299.8057,347.208029,0.613484,1.415989,0.963778,1.0,1.0,146.57,146.57,10133.33,12115.89
2024-05-07 00:00:00,CTA(9,21),9903.79,10238.09,9675.5444,9328.5668,346.977571,0.604739,1.395927,0.963618,1.0,1.0,104.76,104.76,10238.09,12220.65
2024-05-08 00:00:00,CTA(9,21),9776.1,10110.4,9686.7172,9349.8779,336.839312,0.582799,1.346361,0.961527,1.0,1.0,-127.69,-127.69,10110.4,12092.96
2024-05-09 00:00:00,CTA(9,21),9783.41,10117.71,9697.4609,9370.5223,326.938567,0.564199,1.30619,0.958022,1.0,1.0,7.31,7.31,10117.71,12100.27
2024-05-10 00:00:00,CTA(9,21),9896.66,10230.96,9719.5941,9395.5765,324.017627,0.558915,1.297653,0.957064,1.0,1.0,113.25,113.25,10230.96,12213.52
2024-05-13 00:00:00,CTA(9,21),10082.4,10416.7,9759.9059,9428.2824,331.623511,0.568909,1.325156,0.959881,1.0,1.0,185.74,185.74,10416.7,12399.26
2024-05-14 00:00:00,CTA(9,21),10043.08,10378.63,9791.3697,9457.5584,333.811224,0.570754,1.334512,0.960663,1.0,1.0,-38.07,-38.07,10378.63,12361.19
2024-05-15 00:00:00,CTA(9,21),10149.79,10482.31,9831.1942,9490.5219,340.672297,0.578583,1.35777,0.962225,1.0,1.0,103.68,103.68,10482.31,12464.87
2024-05-16 00:00:00,CTA(9,21),10361.76,10689.87,9890.1459,9532.0094,358.136527,0.601046,1.415646,0.963779,1.0,1.0,207.56,207.56,10689.87,12672.43
2024-05-17 00:00:00,CTA(9,21),10615.48,10913.17,9970.7386,9583.6032,387.135365,0.631796,1.49284,0.960858,1.0,1.0,223.3,223.3,10913.17,12895.73
2024-05-20 00:00:00,CTA(9,21),10830.63,11128.32,10066.2821,9642.9855,423.296627,0.662033,1.569157,0.952666,1.0,1.0,215.15,215.15,11128.32,13110.88
2024-05-21 00:00:00,CTA(9,21),10783.65,11081.34,10145.9896,9697.3028,448.686815,0.680124,1.617047,0.944996,1.0,1.0,-46.98,-46.98,11081.34,13063.9
2024-05-22 00:00:00,CTA(9,21),10334.21,10631.9,10166.903,9727.6317,439.271276,0.659887,1.575294,0.951789,1.0,1.0,-449.44,-449.44,10631.9,12614.46
2024-05-23 00:00:00,CTA(9,21),10347.41,10645.1,10186.9593,9757.145,429.814358,0.640273,1.535739,0.956879,1.0,1.0,13.2,13.2,10645.1,12627.66
2024-05-24 00:00:00,CTA(9,21),10246.51,10544.2,10193.5761,9780.4481,413.128002,0.612917,1.477346,0.961889,1.0,1.0,-100.9,-100.9,10544.2,12526.76
2024-05-28 00:00:00,CTA(9,21),10418.99,10716.68,10218.6221,9810.8548,407.767235,0.600425,1.454122,0.96302,1.0,1.0,172.48,172.48,10716.68,12699.24
2024-05-29 00:00:00,CTA(9,21),10365.72,10663.41,10234.9663,9837.277,397.689299,0.585645,1.424929,0.963724,1.0,1.0,-53.27,-53.27,10663.41,12645.97
2024-05-30 00:00:00,CTA(9,21),10041.14,10338.83,10213.43,9846.9847,366.445283,0.545483,1.33305,0.960547,1.0,1.0,-324.58,-324.58,10338.83,12321.39
2024-05-31 00:00:00,CTA(9,21),9945.38,10243.07,10183.6467,9851.6702,331.976458,0.501831,1.231665,0.947102,1.0,1.0,-95.76,-95.76,10243.07,12225.63
2024-06-03 00:00:00,CTA(9,21),10045.08,10342.77,10168.2504,9860.8802,307.37017,0.471038,1.16065,0.931217,1.0,1.0,99.7,99.7,10342.77,12325.33
2024-06-04 00:00:00,CTA(9,21),9844.65,10142.34,10132.2948,9860.1074,272.187438,0.425001,1.051077,0.895976,1.0,1.0,-200.43,-200.43,10142.34,12124.9
2024-06-05 00:00:00,CTA(9,21),9824.74,10122.43,10098.122,9858.4232,239.698843,0.381578,0.947064,0.850367,1.0,1.0,-19.91,-19.91,10122.43,12104.99
2024-06-06 00:00:00,CTA(9,21),10051.02,10348.71,10092.8885,9867.5945,225.294007,0.365921,0.911095,0.831854,1.0,1.0,226.28,226.28,10348.71,12331.27
2024-06-07 00:00:00,CTA(9,21),9652.43,9950.12,10043.9486,9857.3485,186.600103,0.310391,0.775141,0.749471,1.0,1.0,-398.59,-398.59,9950.12,11932.68
2024-06-10 00:00:00,CTA(9,21),9777.61,10075.3,10014.3555,9853.5515,160.803994,0.273538,0.685085,0.684536,1.0,1.0,125.18,125.18,10075.3,12057.86
2024-06-11 00:00:00,CTA(9,21),9638.73,9936.42,9972.6193,9843.3219,129.297425,0.226309,0.568188,0.588912,1.0,1.0,-138.88,-138.88,9936.42,11918.98
2024-06-12 00:00:00,CTA(9,21),9827.52,10125.21,9956.4972,9842.5694,113.927751,0.204702,0.514928,0.541463,1.0,1.0,188.79,188.79,10125.21,12107.77
2024-06-13 00:00:00,CTA(9,21),9667.65,9965.34,9924.403,9834.2399,90.163118,0.166943,0.420559,0.452099,1.0,1.0,-159.87,-159.87,9965.34,11947.9
2024-06-14 00:00:00,CTA(9,21),9617.29,9914.98,9890.2794,9823.909,66.370396,0.125143,0.315598,0.345884,1.0,1.0,-50.36,-50.36,9914.98,11897.54
2024-06-17 00:00:00,CTA(9,21),9536.8,9834.49,9851.0039,9810.2371,40.766767,0.078558,0.198264,0.22059,1.0,1.0,-80.49,-80.49,9834.49,11817.05
2024-06-18 00:00:00,CTA(9,21),9583.27,9885.61,9821.2557,9799.4292,21.826516,0.042676,0.107754,0.120721,1.0,1.0,51.12,51.12,9885.61,11868.17
2024-06-19 00:00:00,CTA(9,21),9698.99,10002.74,9807.6706,9794.6463,13.024259,0.025849,0.065279,0.073269,1.0,1.0,117.13,117.13,10002.74,11985.3
2024-06-20 00:00:00,CTA(9,21),9769.89,10075.0,9803.4727,9793.4675,10.005288,0.020248,0.051137,0.05742,1.0,1.0,72.26,72.26,10075.0,12057.56
2024-06-21 00:00:00,CTA(9,21),9591.48,9843.49,9779.918,9783.849,-3.931011,-0.008146,-0.020572,-0.023112,-1.0,1.0,-231.51,-231.51,9843.49,11826.05
2024-06-24 00:00:00,CTA(9,21),9558.25,9810.26,9755.2882,9773.1062,-17.817979,-0.037822,-0.095508,-0.107068,-1.0,-1.0,-33.23,33.23,-9810.26,11859.28
2024-06-25 00:00:00,CTA(9,21),9467.09,9719.1,9723.2662,9758.534,-35.267803,-0.077154,-0.194777,-0.216785,-1.0,-1.0,-91.16,91.16,-9719.1,11950.44
2024-06-26 00:00:00,CTA(9,21),9441.31,9693.32,9691.9377,9743.4281,-51.490365,-0.116301,-0.293503,-0.322752,-1.0,-1.0,-25.78,25.78,-9693.32,11976.22
2024-06-27 00:00:00,CTA(9,21),9407.81,9659.82,9660.368,9727.4463,-67.078299,-0.156861,-0.395707,-0.427546,-1.0,-1.0,-33.5,33.5,-9659.82,12009.72
2024-06-28 00:00:00,CTA(9,21),9489.46,9741.47,9641.3782,9716.1136,-74.735394,-0.18219,-0.45936,-0.489612,-1.0,-1.0,81.65,-81.65,-9741.47,11928.07
2024-07-01 00:00:00,CTA(9,21),9511.29,9763.3,9626.924,9706.3601,-79.436135,-0.202521,-0.510235,-0.537173,-1.0,-1.0,21.83,-21.83,-9763.3,11906.24
2024-07-02 00:00:00,CTA(9,21),9551.41,9803.42,9618.5335,9698.9815,-80.447999,-0.213155,-0.536581,-0.561028,-1.0,-1.0,40.12,-40.12,-9803.42,11866.12
2024-07-03 00:00:00,CTA(9,21),9745.77,9997.78,9632.6709,9701.2095,-68.538635,-0.185617,-0.467016,-0.496891,-1.0,-1.0,194.36,-194.36,-9997.78,11671.76
2024-07-04 00:00:00,CTA(9,21),9752.65,10004.66,9646.0019,9703.6591,-57.657171,-0.158883,-0.399685,-0.431502,-1.0,-1.0,6.88,-6.88,-10004.66,11664.88
2024-07-05 00:00:00,CTA(9,21),9811.24,10063.25,9664.3617,9708.782,-44.420284,-0.125023,-0.314514,-0.344754,-1.0,-1.0,58.59,-58.59,-10063.25,11606.29
2024-07-08 00:00:00,CTA(9,21),9773.61,10025.62,9676.5004,9711.869,-35.368633,-0.101291,-0.254847,-0.281733,-1.0,-1.0,-37.63,37.63,-10025.62,11643.92
2024-07-09 00:00:00,CTA(9,21),9723.25,9975.26,9681.6948,9712.411,-30.716184,-0.089567,-0.225405,-0.250067,-1.0,-1.0,-50.36,50.36,-9975.26,11694.28
2024-07-10 00:00:00,CTA(9,21),9754.4,10006.41,9689.7732,9714.4105,-24.637306,-0.073522,-0.185047,-0.206146,-1.0,-1.0,31.15,-31.15,-10006.41,11663.13
2024-07-11 00:00:00,CTA(9,21),9631.89,9883.9,9683.3417,9710.4809,-27.139222,-0.083076,-0.209023,-0.232306,-1.0,-1.0,-122.51,122.51,-9883.9,11785.64
2024-07-12 00:00:00,CTA(9,21),9728.38,9980.39,9688.346,9711.3333,-22.987303,-0.071701,-0.18032,-0.200967,-1.0,-1.0,96.49,-96.49,-9980.39,11689.15
2024-07-15 00:00:00,CTA(9,21),9652.55,9904.56,9684.3686,9708.5341,-24.165429,-0.07587,-0.190708,-0.212339,-1.0,-1.0,-75.83,75.83,-9904.56,11764.98
2024-07-16 00:00:00,CTA(9,21),9570.34,9811.09,9671.6988,9701.9534,-30.254607,-0.096005,-0.241167,-0.267063,-1.0,-1.0,-93.47,93.47,-9811.09,11858.45
2024-07-17 00:00:00,CTA(9,21),9551.6,9788.45,9658.3545,9694.7937,-36.43923,-0.115848,-0.290799,-0.319905,-1.0,-1.0,-22.64,22.64,-9788.45,11881.09
2024-07-18 00:00:00,CTA(9,21),9305.9,9541.39,9619.1929,9676.275,-57.08209,-0.17769,-0.445498,-0.47633,-1.0,-1.0,-247.06,247.06,-9541.39,12128.15
2024-07-19 00:00:00,CTA(9,21),9231.76,9419.08,9576.1448,9655.1076,-78.962807,-0.23899,-0.598164,-0.614586,-1.0,-1.0,-122.31,122.31,-9419.08,12250.46
2024-07-22 00:00:00,CTA(9,21),9139.68,9327.0,9527.6487,9630.5634,-102.914722,-0.301136,-0.751945,-0.733511,-1.0,-1.0,-92.08,92.08,-9327.0,12342.54
2024-07-23 00:00:00,CTA(9,21),9090.92,9278.24,9479.1233,9604.8661,-125.742826,-0.355907,-0.886109,-0.818175,-1.0,-1.0,-48.76,48.76,-9278.24,12391.3
2024-07-24 00:00:00,CTA(9,21),9021.93,9209.25,9428.324,9577.1072,-148.783217,-0.405496,-1.00609,-0.877701,-1.0,-1.0,-68.99,68.99,-9209.25,12460.29
2024-07-25 00:00:00,CTA(9,21),9040.37,9227.69,9385.218,9551.5483,-166.330303,-0.438411,-1.083621,-0.907813,-1.0,-1.0,18.44,-18.44,-9227.69,12441.85
2024-07-26 00:00:00,CTA(9,21),9031.71,9219.03,9345.9393,9526.7941,-180.854766,-0.462292,-1.138134,-0.925045,-1.0,-1.0,-8.66,8.66,-9219.03,12450.51
2024-07-29 00:00:00,CTA(9,21),8933.67,9120.99,9300.1316,9498.5501,-198.418466,-0.491315,-1.204824,-0.941734,-1.0,-1.0,-98.04,98.04,-9120.99,12548.55
2024-07-30 00:00:00,CTA(9,21),8880.07,9067.39,9253.4581,9469.0987,-215.640548,-0.515318,-1.258402,-0.951689,-1.0,-1.0,-53.6,53.6,-9067.39,12602.15
2024-07-31 00:00:00,CTA(9,21),9138.2,9325.52,9240.6517,9453.3416,-212.689927,-0.499994,-1.216043,-0.944071,-1.0,-1.0,258.13,-258.13,-9325.52,12344.02
2024-08-01 00:00:00,CTA(9,21),8954.06,9141.38,9208.8081,9429.5663,-220.758131,-0.505652,-1.224825,-0.945807,-1.0,-1.0,-184.14,184.14,-9141.38,12528.16
2024-08-02 00:00:00,CTA(9,21),8963.74,9151.06,9181.5784,9407.3841,-225.805722,-0.505281,-1.218994,-0.944663,-1.0,-1.0,9.68,-9.68,-9151.06,12518.48
2024-08-05 00:00:00,CTA(9,21),8792.93,8980.25,9138.3952,9378.1244,-239.729155,-0.520099,-1.249337,-0.950218,-1.0,-1.0,-170.81,170.81,-8980.25,12689.29
2024-08-06 00:00:00,CTA(9,21),8830.2,9017.52,9104.1513,9352.0327,-247.88143,-0.523524,-1.251969,-0.950654,-1.0,-1.0,37.27,-37.27,-9017.52,12652.02
2024-08-07 00:00:00,CTA(9,21),8663.51,8850.83,9055.1911,9319.2459,-264.054777,-0.538587,-1.282051,-0.95512,-1.0,-1.0,-166.69,166.69,-8850.83,12818.71
2024-08-08 00:00:00,CTA(9,21),8688.09,8875.41,9014.4021,9289.1909,-274.78875,-0.544784,-1.290842,-0.956246,-1.0,-1.0,24.58,-24.58,-8875.41,12794.13
2024-08-09 00:00:00,CTA(9,21),8762.28,8949.6,8986.3886,9264.0999,-277.711326,-0.541132,-1.27665,-0.954388,-1.0,-1.0,74.19,-74.19,-8949.6,12719.94
2024-08-12 00:00:00,CTA(9,21),8921.34,9108.66,8979.1609,9247.778,-268.617044,-0.518759,-1.219335,-0.944731,-1.0,-1.0,159.06,-159.06,-9108.66,12560.88
2024-08-13 00:00:00,CTA(9,21),8859.16,9046.48,8965.8275,9229.2724,-263.444864,-0.505262,-1.183953,-0.937027,-1.0,-1.0,-62.18,62.18,-9046.48,12623.06
2024-08-14 00:00:00,CTA(9,21),8873.16,9060.48,8955.5311,9212.3146,-256.783522,-0.494469,-1.155883,-0.929956,-1.0,-1.0,14.0,-14.0,-9060.48,12609.06
2024-08-15 00:00:00,CTA(9,21),9053.53,9240.85,8966.4199,9204.7535,-238.333584,-0.471744,-1.100771,-0.913584,-1.0,-1.0,180.37,-180.37,-9240.85,12428.69
2024-08-16 00:00:00,CTA(9,21),9007.65,9194.97,8971.001,9195.3676,-224.36658,-0.465979,-1.08573,-0.90854,-1.0,-1.0,-45.88,45.88,-9194.97,12474.57
2024-08-19 00:00:00,CTA(9,21),9142.64,9329.96,8990.072,9192.8567,-202.784743,-0.445728,-1.037454,-0.890676,-1.0,-1.0,134.99,-134.99,-9329.96,12339.58
2024-08-20 00:00:00,CTA(9,21),9131.61,9313.51,9005.7984,9189.9402,-184.141788,-0.415066,-0.965387,-0.859258,-1.0,-1.0,-16.45,16.45,-9313.51,12356.03
2024-08-21 00:00:00,CTA(9,21),9182.09,9366.29,9025.3864,9189.5664,-164.180017,-0.381636,-0.886978,-0.818662,-1.0,-1.0,52.78,-52.78,-9366.29,12303.25
2024-08-22 00:00:00,CTA(9,21),9049.99,9236.5,9028.1201,9182.9199,-154.799787,-0.368171,-0.855106,-0.800277,-1.0,-1.0,-129.79,129.79,-9236.5,12433.04
2024-08-23 00:00:00,CTA(9,21),9210.78,9354.48,9048.4157,9184.2466,-135.830917,-0.338338,-0.785488,-0.756416,-1.0,-1.0,117.98,-117.98,-9354.48,12315.06
2024-08-27 00:00:00,CTA(9,21),9363.52,9507.22,9083.4273,9192.7834,-109.356154,-0.286148,-0.664143,-0.668315,-1.0,-1.0,152.74,-152.74,-9507.22,12162.32
2024-08-28 00:00:00,CTA(9,21),9165.97,9309.67,9092.5987,9191.5066,-98.90791,-0.264536,-0.613693,-0.627581,-1.0,-1.0,-197.55,197.55,-9309.67,12359.87
2024-08-29 00:00:00,CTA(9,21),9152.64,9296.34,9099.2699,9189.6558,-90.385862,-0.245831,-0.570021,-0.590504,-1.0,-1.0,-13.33,13.33,-9296.34,12373.2
2024-08-30 00:00:00,CTA(9,21),9142.77,9286.47,9104.1033,9187.4231,-83.319865,-0.23267,-0.539133,-0.56331,-1.0,-1.0,-9.87,9.87,-9286.47,12383.07
2024-09-02 00:00:00,CTA(9,21),9082.14,9225.84,9101.6629,9182.4097,-80.746746,-0.228155,-0.528262,-0.553555,-1.0,-1.0,-60.63,60.63,-9225.84,12443.7
2024-09-03 00:00:00,CTA(9,21),8853.98,8997.68,9074.1426,9166.7702,-92.627562,-0.262088,-0.606131,-0.62128,-1.0,-1.0,-228.16,228.16,-8997.68,12671.86
2024-09-04 00:00:00,CTA(9,21),8858.98,9002.68,9050.2356,9152.1135,-101.877843,-0.294866,-0.681012,-0.681413,-1.0,-1.0,5.0,-5.0,-9002.68,12666.86
2024-09-05 00:00:00,CTA(9,21),8994.73,9138.43,9044.0683,9144.619,-100.550684,-0.291729,-0.672953,-0.675189,-1.0,-1.0,135.75,-135.75,-9138.43,12531.11
2024-09-06 00:00:00,CTA(9,21),8890.77,9034.47,9027.0352,9132.531,-105.495784,-0.307936,-0.709587,-0.702987,-1.0,-1.0,-103.96,103.96,-9034.47,12635.07
2024-09-09 00:00:00,CTA(9,21),8985.16,9128.86,9022.3824,9125.5133,-103.130918,-0.30212,-0.695448,-0.69241,-1.0,-1.0,94.39,-94.39,-9128.86,12540.68
2024-09-10 00:00:00,CTA(9,21),8909.94,9053.64,9009.8888,9115.2479,-105.359122,-0.313021,-0.719701,-0.710435,-1.0,-1.0,-75.22,75.22,-9053.64,12615.9
2024-09-11 00:00:00,CTA(9,21),8974.28,9117.98,9005.9323,9108.5352,-102.602896,-0.307091,-0.705231,-0.699749,-1.0,-1.0,64.34,-64.34,-9117.98,12551.56
2024-09-12 00:00:00,CTA(9,21),9099.49,9243.19,9016.3276,9108.1044,-91.77687,-0.277216,-0.636018,-0.645891,-1.0,-1.0,125.21,-125.21,-9243.19,12426.35
2024-09-13 00:00:00,CTA(9,21),9190.67,9334.37,9035.6989,9112.0361,-76.337182,-0.232164,-0.532338,-0.557224,-1.0,-1.0,91.18,-91.18,-9334.37,12335.17
2024-09-16 00:00:00,CTA(9,21),9264.82,9408.52,9061.1568,9119.3116,-58.15471,-0.178562,-0.40938,-0.441103,-1.0,-1.0,74.15,-74.15,-9408.52,12261.02
2024-09-17 00:00:00,CTA(9,21),9285.63,9430.97,9086.0983,9127.2315,-41.133174,-0.128524,-0.294756,-0.324071,-1.0,-1.0,22.45,-22.45,-9430.97,12238.57
2024-09-18 00:00:00,CTA(9,21),9312.46,9458.84,9111.2496,9136.0519,-24.80228,-0.079401,-0.182203,-0.203031,-1.0,-1.0,27.87,-27.87,-9458.84,12210.7
2024-09-19 00:00:00,CTA(9,21),9429.22,9575.95,9146.5796,9150.0123,-3.432623,-0.011079,-0.025456,-0.028598,-1.0,-1.0,117.11,-117.11,-9575.95,12093.59
2024-09-20 00:00:00,CTA(9,21),9386.45,9483.82,9173.2319,9161.2712,11.960699,0.038907,0.089543,0.100408,1.0,-1.0,-92.13,92.13,-9483.82,12185.72
2024-09-23 00:00:00,CTA(9,21),9453.7,9551.07,9204.395,9175.1964,29.19864,0.095037,0.219232,0.243386,1.0,1.0,67.25,67.25,9551.07,12252.97
2024-09-24 00:00:00,CTA(9,21),9704.45,9801.82,9259.9567,9200.3989,59.55775,0.190724,0.441271,0.472252,1.0,1.0,250.75,250.75,9801.82,12503.72
2024-09-25 00:00:00,CTA(9,21),9713.14,9810.51,9310.3104,9224.8152,85.49521,0.269059,0.624611,0.636591,1.0,1.0,8.69,8.69,9810.51,12512.41
2024-09-26 00:00:00,CTA(9,21),9975.1,10072.47,9384.1759,9260.543,123.632873,0.374375,0.871571,0.809909,1.0,1.0,261.96,261.96,10072.47,12774.37
2024-09-27 00:00:00,CTA(9,21),9875.03,9972.4,9438.7152,9289.8043,148.910933,0.439924,1.026399,0.886226,1.0,1.0,-100.07,-100.07,9972.4,12674.3
2024-09-30 00:00:00,CTA(9,21),9716.07,9813.44,9469.5324,9310.1027,159.429762,0.46662,1.091643,0.910553,1.0,1.0,-158.96,-158.96,9813.44,12515.34
2024-10-01 00:00:00,CTA(9,21),9862.25,9959.62,9513.1677,9336.3954,176.772316,0.512657,1.203091,0.941361,1.0,1.0,146.18,146.18,9959.62,12661.52
2024-10-02 00:00:00,CTA(9,21),9964.57,10061.94,9563.3235,9366.3085,197.015048,0.561337,1.321942,0.959592,1.0,1.0,102.32,102.32,10061.94,12763.84
2024-10-03 00:00:00,CTA(9,21),9735.92,9833.29,9582.5009,9383.909,198.591885,0.568871,1.345341,0.961458,1.0,1.0,-228.65,-228.65,9833.29,12535.19
2024-10-04 00:00:00,CTA(9,21),9812.45,9909.82,9608.0508,9404.3157,203.73507,0.58193,1.381938,0.963274,1.0,1.0,76.53,76.53,9909.82,12611.72
2024-10-07 00:00:00,CTA(9,21),9790.29,9887.66,9628.2996,9422.6955,205.604142,0.584576,1.393586,0.963574,1.0,1.0,-22.16,-22.16,9887.66,12589.56
2024-10-08 00:00:00,CTA(9,21),9604.39,9701.76,9625.643,9431.3476,194.295398,0.557313,1.334303,0.960647,1.0,1.0,-185.9,-185.9,9701.76,12403.66
2024-10-09 00:00:00,CTA(9,21),9537.93,9635.3,9615.8971,9436.4229,179.474157,0.517088,1.24415,0.949337,1.0,1.0,-66.46,-66.46,9635.3,12337.2
2024-10-10 00:00:00,CTA(9,21),9584.61,9681.98,9612.4208,9443.4795,168.941286,0.490798,1.187441,0.937846,1.0,1.0,46.68,46.68,9681.98,12383.88
2024-10-11 00:00:00,CTA(9,21),9652.42,9749.79,9616.8651,9453.429,163.436097,0.474808,1.155546,0.929866,1.0,1.0,67.81,67.81,9749.79,12451.69
2024-10-14 00:00:00,CTA(9,21),9526.48,9623.85,9606.8223,9456.9076,149.914688,0.436364,1.068569,0.902483,1.0,1.0,-125.94,-125.94,9623.85,12325.75
2024-10-15 00:00:00,CTA(9,21),9445.69,9536.41,9588.9187,9456.3735,132.545269,0.387336,0.954547,0.854042,1.0,1.0,-87.44,-87.44,9536.41,12238.31
2024-10-16 00:00:00,CTA(9,21),9475.77,9566.15,9576.3467,9457.2971,119.049543,0.346569,0.859575,0.80292,1.0,1.0,29.74,29.74,9566.15,12268.05
2024-10-17 00:00:00,CTA(9,21),9435.65,9524.34,9560.7137,9456.2663,104.447396,0.303183,0.756734,0.73685,1.0,1.0,-41.81,-41.81,9524.34,12226.24
2024-10-18 00:00:00,CTA(9,21),9553.03,9597.0,9559.8599,9460.8741,98.985857,0.285542,0.717235,0.708628,1.0,1.0,72.66,72.66,9597.0,12298.9
2024-10-21 00:00:00,CTA(9,21),9474.26,9518.23,9550.3488,9461.5115,88.837327,0.255719,0.646471,0.65431,1.0,1.0,-78.77,-78.77,9518.23,12220.13
2024-10-22 00:00:00,CTA(9,21),9489.65,9533.62,9543.6045,9462.8514,80.753084,0.232331,0.590922,0.608454,1.0,1.0,15.39,15.39,9533.62,12235.52
2024-10-23 00:00:00,CTA(9,21),9427.24,9471.21,9530.6751,9461.1557,69.519475,0.200225,0.512239,0.539007,1.0,1.0,-62.41,-62.41,9471.21,12173.11
2024-10-24 00:00:00,CTA(9,21),9412.51,9456.48,9517.5457,9458.8392,58.706475,0.169414,0.435978,0.467129,1.0,1.0,-14.73,-14.73,9456.48,12158.38
2024-10-25 00:00:00,CTA(9,21),9509.74,9553.71,9516.6784,9461.263,55.41533,0.160494,0.415378,0.447013,1.0,1.0,97.23,97.23,9553.71,12255.61
2024-10-28 00:00:00,CTA(9,21),9437.98,9481.95,9507.9341,9460.1543,47.779782,0.139631,0.363213,0.394864,1.0,1.0,-71.76,-71.76,9481.95,12183.85
2024-10-29 00:00:00,CTA(9,21),9426.04,9470.01,9498.8348,9458.5298,40.304928,0.117794,0.307823,0.337772,1.0,1.0,-11.94,-11.94,9470.01,12171.91
2024-10-30 00:00:00,CTA(9,21),9435.06,9479.03,9491.7487,9457.4122,34.336454,0.100992,0.265045,0.292619,1.0,1.0,9.02,9.02,9479.03,12180.93
2024-10-31 00:00:00,CTA(9,21),9402.82,9446.79,9481.8677,9454.8126,27.05512,0.080137,0.211115,0.23458,1.0,1.0,-32.24,-32.24,9446.79,12148.69
2024-11-01 00:00:00,CTA(9,21),9470.46,9514.43,9480.6002,9455.5577,25.042481,0.075448,0.199407,0.221837,1.0,1.0,67.64,67.64,9514.43,12216.33
2024-11-04 00:00:00,CTA(9,21),9593.89,9637.86,9493.188,9462.145,31.042985,0.09465,0.250793,0.277394,1.0,1.0,123.43,123.43,9637.86,12339.76
2024-11-05 00:00:00,CTA(9,21),9623.02,9666.99,9507.6137,9469.8057,37.808053,0.118526,0.314762,0.345013,1.0,1.0,29.13,29.13,9666.99,12368.89
2024-11-06 00:00:00,CTA(9,21),9222.5,9266.47,9475.9344,9458.0292,17.90521,0.058072,0.154515,0.172579,1.0,1.0,-400.52,-400.52,9266.47,11968.37
2024-11-07 00:00:00,CTA(9,21),9541.98,9585.95,9483.2728,9462.0269,21.245951,0.070819,0.188775,0.210226,1.0,1.0,319.48,319.48,9585.95,12287.85
2024-11-08 00:00:00,CTA(9,21),9318.23,9362.2,9464.9347,9455.1794,9.755329,0.033095,0.088388,0.099118,1.0,1.0,-223.75,-223.75,9362.2,12064.1
2024-11-11 00:00:00,CTA(9,21),9201.21,9245.18,9435.632,9443.0856,-7.453638,-0.025848,-0.069129,-0.077581,-1.0,1.0,-117.02,-117.02,9245.18,11947.08
2024-11-12 00:00:00,CTA(9,21),9013.52,9057.49,9388.7307,9422.6301,-33.899464,-0.118956,-0.318181,-0.348571,-1.0,-1.0,-187.69,187.69,-9057.49,12134.77
2024-11-13 00:00:00,CTA(9,21),8917.92,8961.89,9336.4184,9398.5963,-62.177944,-0.21595,-0.576833,-0.596394,-1.0,-1.0,-95.6,95.6,-8961.89,12230.37
2024-11-14 00:00:00,CTA(9,21),8865.24,8909.21,9284.0652,9373.1984,-89.133176,-0.305912,-0.814912,-0.775566,-1.0,-1.0,-52.68,52.68,-8909.21,12283.05
2024-11-15 00:00:00,CTA(9,21),8882.85,8926.82,9239.4857,9349.8485,-110.36272,-0.372316,-0.987907,-0.869686,-1.0,-1.0,17.61,-17.61,-8926.82,12265.44
2024-11-18 00:00:00,CTA(9,21),8954.64,8998.61,9207.8362,9331.029,-123.192796,-0.411337,-1.086131,-0.908678,-1.0,-1.0,71.79,-71.79,-8998.61,12193.65
2024-11-19 00:00:00,CTA(9,21),9007.59,9051.92,9185.5866,9315.6272,-130.040518,-0.43062,-1.131106,-0.923005,-1.0,-1.0,53.31,-53.31,-9051.92,12140.34
2024-11-20 00:00:00,CTA(9,21),9010.38,9054.04,9166.1192,9301.0916,-134.972343,-0.445925,-1.16501,-0.932348,-1.0,-1.0,2.12,-2.12,-9054.04,12138.22
2024-11-21 00:00:00,CTA(9,21),8924.61,8970.34,9139.2849,9283.1639,-143.879008,-0.468579,-1.217358,-0.944336,-1.0,-1.0,-83.7,83.7,-8970.34,12221.92
2024-11-22 00:00:00,CTA(9,21),8885.26,8889.37,9111.0599,9264.2161,-153.15619,-0.48981,-1.265267,-0.952745,-1.0,-1.0,-80.97,80.97,-8889.37,12302.89
2024-11-25 00:00:00,CTA(9,21),8958.93,8963.04,9094.1566,9249.6786,-155.522079,-0.492642,-1.265524,-0.952783,-1.0,-1.0,73.67,-73.67,-8963.04,12229.22
2024-11-26 00:00:00,CTA(9,21),8915.43,8919.54,9074.2981,9233.762,-159.463984,-0.499268,-1.275765,-0.954265,-1.0,-1.0,-43.5,43.5,-8919.54,12272.72
2024-11-27 00:00:00,CTA(9,21),8932.69,8936.8,9058.5638,9219.4253,-160.861449,-0.498693,-1.26798,-0.953149,-1.0,-1.0,17.26,-17.26,-8936.8,12255.46
2024-11-28 00:00:00,CTA(9,21),8910.85,8914.96,9042.1512,9204.7312,-162.580036,-0.49955,-1.264335,-0.952604,-1.0,-1.0,-21.84,21.84,-8914.96,12277.3
2024-11-29 00:00:00,CTA(9,21),8915.53,8919.64,9028.0822,9190.9597,-162.877569,-0.502586,-1.267066,-0.953013,-1.0,-1.0,4.68,-4.68,-8919.64,12272.62
2024-12-02 00:00:00,CTA(9,21),8892.99,8897.1,9013.0719,9176.7707,-163.698775,-0.506335,-1.271656,-0.953684,-1.0,-1.0,-22.54,22.54,-8897.1,12295.16
2024-12-03 00:00:00,CTA(9,21),9021.88,9025.99,9014.0506,9169.3949,-155.344352,-0.481154,-1.204042,-0.941566,-1.0,-1.0,128.89,-128.89,-9025.99,12166.27
2024-12-04 00:00:00,CTA(9,21),8987.12,8991.23,9011.0583,9160.7152,-149.656881,-0.466309,-1.162582,-0.931721,-1.0,-1.0,-34.76,34.76,-8991.23,12201.03
2024-12-05 00:00:00,CTA(9,21),8974.77,8978.88,9007.0263,9151.8607,-144.834382,-0.451021,-1.120489,-0.919822,-1.0,-1.0,-12.35,12.35,-8978.88,12213.38
2024-12-06 00:00:00,CTA(9,21),9022.91,9027.02,9008.7911,9145.7201,-136.929016,-0.42923,-1.063085,-0.900479,-1.0,-1.0,48.14,-48.14,-9027.02,12165.24
2024-12-09 00:00:00,CTA(9,21),9128.06,9132.17,9022.0432,9144.8792,-122.835961,-0.387792,-0.957935,-0.855686,-1.0,-1.0,105.15,-105.15,-9132.17,12060.09
2024-12-10 00:00:00,CTA(9,21),9108.54,9112.65,9031.654,9143.1488,-111.494771,-0.35211,-0.867818,-0.807739,-1.0,-1.0,-19.52,19.52,-9112.65,12079.61
2024-12-11 00:00:00,CTA(9,21),9081.07,9085.18,9037.1446,9140.1926,-103.047971,-0.324266,-0.797544,-0.76437,-1.0,-1.0,-27.47,27.47,-9085.18,12107.08
2024-12-12 00:00:00,CTA(9,21),8975.12,8979.23,9030.253,9132.332,-102.078998,-0.318035,-0.780857,-0.753321,-1.0,-1.0,-105.95,105.95,-8979.23,12213.03
2024-12-13 00:00:00,CTA(9,21),8942.03,8946.14,9020.4505,9123.27,-102.819555,-0.316642,-0.776265,-0.750231,-1.0,-1.0,-33.09,33.09,-8946.14,12246.12
2024-12-16 00:00:00,CTA(9,21),8942.47,8946.58,9011.786,9114.6605,-102.874526,-0.313299,-0.766989,-0.743923,-1.0,-1.0,0.44,-0.44,-8946.58,12245.68
2024-12-17 00:00:00,CTA(9,21),8913.74,8918.23,9000.892,9105.0929,-104.20088,-0.313775,-0.767308,-0.744142,-1.0,-1.0,-28.35,28.35,-8918.23,12274.03
2024-12-18 00:00:00,CTA(9,21),8953.83,8957.86,8995.6629,9097.8899,-102.226995,-0.305103,-0.745517,-0.728992,-1.0,-1.0,39.63,-39.63,-8957.86,12234.4
2024-12-19 00:00:00,CTA(9,21),8809.01,8812.58,8974.9237,9084.1337,-109.210018,-0.320867,-0.783457,-0.755061,-1.0,-1.0,-145.28,145.28,-8812.58,12379.68
2024-12-20 00:00:00,CTA(9,21),8871.1,8831.97,8963.3877,9073.9892,-110.601519,-0.324803,-0.792536,-0.761084,-1.0,-1.0,19.39,-19.39,-8831.97,12360.29
2024-12-23 00:00:00,CTA(9,21),8835.39,8796.26,8949.1657,9062.6273,-113.461618,-0.333041,-0.812261,-0.773877,-1.0,-1.0,-35.71,35.71,-8796.26,12396.0
2024-12-24 00:00:00,CTA(9,21),8874.82,8835.69,8940.9051,9053.6841,-112.779048,-0.339578,-0.82783,-0.783692,-1.0,-1.0,39.43,-39.43,-8835.69,12356.57
2024-12-27 00:00:00,CTA(9,21),8899.14,8860.01,8936.2645,9046.3249,-110.060369,-0.33827,-0.824192,-0.781421,-1.0,-1.0,24.32,-24.32,-8860.01,12332.25
2024-12-30 00:00:00,CTA(9,21),8817.96,8778.83,8923.1196,9035.4504,-112.330797,-0.346954,-0.8447,-0.794042,-1.0,-1.0,-81.18,81.18,-8778.83,12413.43
2024-12-31 00:00:00,CTA(9,21),8673.23,8634.1,8895.3541,9018.2018,-122.847717,-0.383179,-0.931674,-0.842617,-1.0,-1.0,-144.73,144.73,-8634.1,12558.16
2025-01-02 00:00:00,CTA(9,21),8707.65,8668.52,8874.4981,9003.4136,-128.915544,-0.413769,-1.00417,-0.876872,-1.0,-1.0,34.42,-34.42,-8668.52,12523.74
2025-01-03 00:00:00,CTA(9,21),8781.21,8742.08,8864.1327,8992.8325,-128.69976,-0.418483,-1.0135,-0.880864,-1.0,-1.0,73.56,-73.56,-8742.08,12450.18
2025-01-06 00:00:00,CTA(9,21),8899.9,8860.77,8868.1069,8988.4071,-120.300262,-0.4035,-0.975173,-0.863858,-1.0,-1.0,118.69,-118.69,-8860.77,12331.49
2025-01-07 00:00:00,CTA(9,21),8897.6,8858.47,8871.3839,8984.083,-112.699098,-0.390571,-0.941858,-0.847774,-1.0,-1.0,-2.3,2.3,-8858.47,12333.79
2025-01-08 00:00:00,CTA(9,21),8925.43,8886.3,8877.389,8981.29,-103.900975,-0.366344,-0.881598,-0.815634,-1.0,-1.0,27.83,-27.83,-8886.3,12305.96
2025-01-09 00:00:00,CTA(9,21),8974.19,8935.06,8888.1447,8980.9519,-92.807214,-0.332141,-0.797824,-0.764553,-1.0,-1.0,48.76,-48.76,-8935.06,12257.2
2025-01-10 00:00:00,CTA(9,21),8993.3,8954.17,8899.8286,8981.5399,-81.711294,-0.298774,-0.716533,-0.708113,-1.0,-1.0,19.11,-19.11,-8954.17,12238.09
2025-01-13 00:00:00,CTA(9,21),8978.84,8939.71,8908.6076,8981.4113,-72.803683,-0.274658,-0.657781,-0.663306,-1.0,-1.0,-14.46,14.46,-8939.71,12252.55
2025-01-14 00:00:00,CTA(9,21),9087.45,9032.29,8928.479,8986.4608,-57.981771,-0.223496,-0.534712,-0.559354,-1.0,-1.0,92.58,-92.58,-9032.29,12159.97
2025-01-15 00:00:00,CTA(9,21),9103.88,9045.84,8947.968,8992.0522,-44.084163,-0.17253,-0.412503,-0.444184,-1.0,-1.0,13.55,-13.55,-9045.84,12146.42
2025-01-16 00:00:00,CTA(9,21),9167.63,9109.72,8972.3749,9000.413,-28.038125,-0.111748,-0.267091,-0.294798,-1.0,-1.0,63.88,-63.88,-9109.72,12082.54
2025-01-17 00:00:00,CTA(9,21),9127.46,9034.42,8989.6066,9006.4629,-16.856303,-0.068267,-0.163141,-0.182089,-1.0,-1.0,-75.3,75.3,-9034.42,12157.84
2025-01-20 00:00:00,CTA(9,21),9206.33,9113.29,9013.687,9015.9804,-2.293404,-0.009558,-0.022841,-0.02566,-1.0,-1.0,78.87,-78.87,-9113.29,12078.97
2025-01-21 00:00:00,CTA(9,21),9212.3,9119.26,9035.7551,9025.3289,10.426157,0.044342,0.105975,0.118739,1.0,-1.0,5.97,-5.97,-9119.26,12073.0
2025-01-22 00:00:00,CTA(9,21),9148.41,9055.37,9048.2723,9031.1899,17.082367,0.074545,0.178158,0.198595,1.0,1.0,-63.89,-63.89,9055.37,12009.11
2025-01-23 00:00:00,CTA(9,21),9154.34,9061.3,9060.0576,9037.0542,23.003379,0.102363,0.244649,0.270804,1.0,1.0,5.93,5.93,9061.3,12015.04
2025-01-24 00:00:00,CTA(9,21),9192.52,9099.48,9074.7756,9044.4573,30.318292,0.137291,0.328147,0.358912,1.0,1.0,38.18,38.18,9099.48,12053.22
2025-01-27 00:00:00,CTA(9,21),9006.56,8913.52,9067.1961,9042.6527,24.543412,0.11515,0.275284,0.303503,1.0,1.0,-185.96,-185.96,8913.52,11867.26
2025-01-28 00:00:00,CTA(9,21),8894.69,8801.65,9048.0288,9035.6069,12.421909,0.059703,0.142791,0.159624,1.0,1.0,-111.87,-111.87,8801.65,11755.39
2025-01-29 00:00:00,CTA(9,21),8975.74,8882.7,9039.9967,9032.7561,7.240626,0.035803,0.085684,0.096098,1.0,1.0,81.05,81.05,8882.7,11836.44
2025-01-30 00:00:00,CTA(9,21),9035.68,8942.64,9039.5171,9032.8953,6.621759,0.033858,0.081086,0.090959,1.0,1.0,59.94,59.94,8942.64,11896.38
2025-01-31 00:00:00,CTA(9,21),8953.73,8860.69,9029.9852,9029.1255,0.85964,0.004531,0.010857,0.012198,1.0,1.0,-81.95,-81.95,8860.69,11814.43
2025-02-03 00:00:00,CTA(9,21),9002.66,8909.62,9026.949,9027.8653,-0.916226,-0.00507,-0.01215,-0.013652,-1.0,1.0,48.93,48.93,8909.62,11863.36
2025-02-04 00:00:00,CTA(9,21),9048.08,8955.04,9029.2969,9028.8279,0.469053,0.002847,0.006824,0.007667,1.0,-1.0,45.42,-45.42,-8955.04,11817.94
2025-02-05 00:00:00,CTA(9,21),9136.11,9043.07,9041.165,9033.9365,7.2285,0.049677,0.119072,0.133316,1.0,1.0,88.03,88.03,9043.07,11905.97
2025-02-06 00:00:00,CTA(9,21),9171.36,9078.32,9055.6311,9040.4805,15.150632,0.104949,0.251588,0.278245,1.0,1.0,35.25,35.25,9078.32,11941.22
2025-02-07 00:00:00,CTA(9,21),9300.85,9207.81,9082.8777,9052.8791,29.998625,0.226727,0.543706,0.567385,1.0,1.0,129.49,129.49,9207.81,12070.71
2025-02-10 00:00:00,CTA(9,21),9341.01,9247.97,9111.5591,9066.5996,44.959472,0.337411,0.80943,0.772066,1.0,1.0,40.16,40.16,9247.97,12110.87
2025-02-11 00:00:00,CTA(9,21),9248.51,9155.47,9126.7758,9075.262,51.513843,0.382782,0.918795,0.835935,1.0,1.0,-92.5,-92.5,9155.47,12018.37
2025-02-12 00:00:00,CTA(9,21),9352.52,9259.48,9151.8585,9088.4647,63.393767,0.446359,1.072207,0.903794,1.0,1.0,104.01,104.01,9259.48,12122.38
2025-02-13 00:00:00,CTA(9,21),9434.45,9341.41,9183.2576,9104.9402,78.317333,0.515487,1.23848,0.948342,1.0,1.0,81.93,81.93,9341.41,12204.31
2025-02-14 00:00:00,CTA(9,21),9490.43,9397.39,9217.3878,9123.2969,94.090948,0.578467,1.388021,0.963447,1.0,1.0,55.98,55.98,9397.39,12260.29
2025-02-17 00:00:00,CTA(9,21),9321.0,9227.96,9228.9003,9132.7113,96.188977,0.578679,1.386288,0.963401,1.0,1.0,-169.43,-169.43,9227.96,12090.86
2025-02-18 00:00:00,CTA(9,21),9426.61,9328.55,9250.868,9146.7065,104.161546,0.600044,1.433985,0.963592,1.0,1.0,100.59,100.59,9328.55,12191.45
2025-02-19 00:00:00,CTA(9,21),9460.07,9340.2,9274.1127,9161.6286,112.484136,0.618668,1.474065,0.962079,1.0,1.0,11.65,11.65,9340.2,12203.1
2025-02-20 00:00:00,CTA(9,21),9565.1,9440.91,9306.4446,9180.8415,125.603133,0.648928,1.540787,0.956304,1.0,1.0,100.71,100.71,9440.91,12303.81
2025-02-21 00:00:00,CTA(9,21),9551.89,9432.15,9333.7163,9198.5105,135.205864,0.665669,1.574836,0.951855,1.0,1.0,-8.76,-8.76,9432.15,12295.05
2025-02-24 00:00:00,CTA(9,21),9516.49,9396.75,9354.0245,9213.6524,140.372167,0.668397,1.575628,0.95174,1.0,1.0,-35.4,-35.4,9396.75,12259.65
2025-02-25 00:00:00,CTA(9,21),9393.67,9273.93,9358.4296,9222.2246,136.204952,0.637798,1.498772,0.960406,1.0,1.0,-122.82,-122.82,9273.93,12136.83
2025-02-26 00:00:00,CTA(9,21),9476.02,9356.28,9371.4952,9234.3101,137.18506,0.627808,1.470882,0.962253,1.0,1.0,82.35,82.35,9356.28,12219.18
2025-02-27 00:00:00,CTA(9,21),9402.37,9282.63,9374.9257,9242.313,132.612745,0.599128,1.400022,0.963682,1.0,1.0,-73.65,-73.65,9282.63,12145.53
2025-02-28 00:00:00,CTA(9,21),9359.06,9239.32,9373.1629,9247.8723,125.290505,0.56255,1.311697,0.9586,1.0,1.0,-43.31,-43.31,9239.32,12102.22
2025-03-03 00:00:00,CTA(9,21),9415.02,9295.28,9377.8136,9255.8318,121.981887,0.541997,1.261427,0.95216,1.0,1.0,55.96,55.96,9295.28,12158.18
2025-03-04 00:00:00,CTA(9,21),9345.62,9225.88,9374.2366,9260.1074,114.129185,0.506265,1.176471,0.935225,1.0,1.0,-69.4,-69.4,9225.88,12088.78
2025-03-05 00:00:00,CTA(9,21),9603.33,9483.59,9399.6914,9276.4513,123.240076,0.527862,1.224728,0.945788,1.0,1.0,257.71,257.71,9483.59,12346.49
2025-03-06 00:00:00,CTA(9,21),9759.77,9640.03,9439.7001,9299.4665,140.233634,0.569389,1.318832,0.959302,1.0,1.0,156.44,156.44,9640.03,12502.93
2025-03-07 00:00:00,CTA(9,21),9619.4,9499.66,9459.6668,9314.7014,144.965357,0.573177,1.325438,0.959906,1.0,1.0,-140.37,-140.37,9499.66,12362.56
2025-03-10 00:00:00,CTA(9,21),9520.79,9401.05,9466.4583,9324.5152,141.943084,0.552635,1.276424,0.954356,1.0,1.0,-98.61,-98.61,9401.05,12263.95
2025-03-11 00:00:00,CTA(9,21),9648.13,9528.39,9486.644,9339.9254,146.718603,0.555023,1.280689,0.954938,1.0,1.0,127.34,127.34,9528.39,12391.29
2025-03-12 00:00:00,CTA(9,21),9759.35,9639.61,9516.9447,9359.898,157.04667,0.571408,1.31823,0.959245,1.0,1.0,111.22,111.22,9639.61,12502.51
2025-03-13 00:00:00,CTA(9,21),9753.19,9633.45,9543.1942,9378.6262,164.56796,0.578986,1.336266,0.9608,1.0,1.0,-6.16,-6.16,9633.45,12496.35
2025-03-14 00:00:00,CTA(9,21),9732.96,9613.22,9564.2792,9395.4992,168.780016,0.579282,1.338754,0.960989,1.0,1.0,-20.23,-20.23,9613.22,12476.12
2025-03-17 00:00:00,CTA(9,21),9799.28,9679.54,9590.3904,9414.7269,175.663555,0.586734,1.358657,0.962273,1.0,1.0,66.32,66.32,9679.54,12542.44
2025-03-18 00:00:00,CTA(9,21),9885.84,9740.57,9623.2182,9437.1608,186.057326,0.601294,1.395318,0.963607,1.0,1.0,61.03,61.03,9740.57,12603.47
2025-03-19 00:00:00,CTA(9,21),9980.63,9830.61,9662.9306,9463.0403,199.890268,0.6221,1.446358,0.963286,1.0,1.0,90.04,90.04,9830.61,12693.51
2025-03-20 00:00:00,CTA(9,21),9917.86,9774.73,9691.2561,9484.6984,206.557678,0.625173,1.456178,0.96294,1.0,1.0,-55.88,-55.88,9774.73,12637.63
2025-03-21 00:00:00,CTA(9,21),9842.15,9684.07,9708.0221,9501.7199,206.302164,0.618361,1.442567,0.963395,1.0,1.0,-90.66,-90.66,9684.07,12546.97
2025-03-24 00:00:00,CTA(9,21),9946.45,9788.37,9734.5141,9522.8975,211.616532,0.621749,1.452177,0.963091,1.0,1.0,104.3,104.3,9788.37,12651.27
2025-03-25 00:00:00,CTA(9,21),10118.42,9960.34,9777.1703,9551.2557,225.914535,0.643375,1.503569,0.960017,1.0,1.0,171.97,171.97,9960.34,12823.24
2025-03-26 00:00:00,CTA(9,21),9909.92,9751.84,9791.9203,9568.335,223.585253,0.630186,1.473264,0.962123,1.0,1.0,-208.5,-208.5,9751.84,12614.74
2025-03-27 00:00:00,CTA(9,21),9822.81,9664.73,9795.3524,9580.4529,214.89959,0.603545,1.411452,0.963776,1.0,1.0,-87.11,-87.11,9664.73,12527.63
2025-03-28 00:00:00,CTA(9,21),9771.69,9613.61,9792.7233,9589.5594,203.163899,0.574133,1.3435,0.961331,1.0,1.0,-51.12,-51.12,9613.61,12476.51
2025-03-31 00:00:00,CTA(9,21),9679.23,9521.15,9780.1129,9593.8294,186.283505,0.539516,1.264256,0.952592,1.0,1.0,-92.46,-92.46,9521.15,12384.05
2025-04-01 00:00:00,CTA(9,21),9668.13,9510.05,9767.6704,9597.3675,170.302835,0.505801,1.187778,0.937924,1.0,1.0,-11.1,-11.1,9510.05,12372.95
2025-04-02 00:00:00,CTA(9,21),9671.37,9513.29,9756.9703,9600.8915,156.078867,0.473567,1.11499,0.918125,1.0,1.0,3.24,3.24,9513.29,12376.19
2025-04-03 00:00:00,CTA(9,21),9331.27,9173.19,9709.6703,9588.0523,121.617948,0.375967,0.888323,0.819414,1.0,1.0,-340.1,-340.1,9173.19,12036.09
2025-04-04 00:00:00,CTA(9,21),8725.91,8567.83,9600.3636,9546.9979,53.365646,0.162447,0.385544,0.417393,1.0,1.0,-605.36,-605.36,8567.83,11430.73
2025-04-07 00:00:00,CTA(9,21),8698.42,8540.34,9500.1476,9506.5895,-6.441836,-0.019229,-0.045836,-0.051474,-1.0,1.0,-27.49,-27.49,8540.34,11403.24
2025-04-08 00:00:00,CTA(9,21),8627.35,8469.27,9403.1701,9464.7209,-61.550805,-0.178506,-0.427028,-0.458425,-1.0,-1.0,-71.07,71.07,-8469.27,11474.31
2025-04-09 00:00:00,CTA(9,21),8577.37,8419.29,9311.4146,9422.4661,-111.051568,-0.311605,-0.747406,-0.730324,-1.0,-1.0,-49.98,49.98,-8419.29,11524.29
2025-04-10 00:00:00,CTA(9,21),9004.95,8846.87,9277.3629,9402.5844,-125.221465,-0.351827,-0.846018,-0.794838,-1.0,-1.0,427.58,-427.58,-8846.87,11096.71
2025-04-11 00:00:00,CTA(9,21),9193.38,9035.3,9268.0315,9392.6223,-124.590788,-0.35123,-0.846727,-0.795265,-1.0,-1.0,188.43,-188.43,-9035.3,10908.28
2025-04-14 00:00:00,CTA(9,21),9156.99,8998.91,9255.6936,9381.4017,-125.708147,-0.355007,-0.858125,-0.802065,-1.0,-1.0,-36.39,36.39,-8998.91,10944.67
2025-04-15 00:00:00,CTA(9,21),9156.56,8979.74,9244.6787,9370.695,-126.016239,-0.355762,-0.862511,-0.804644,-1.0,-1.0,-19.17,19.17,-8979.74,10963.84
2025-04-16 00:00:00,CTA(9,21),9199.59,9020.5,9239.6689,9362.5471,-122.878242,-0.347634,-0.845684,-0.794636,-1.0,-1.0,40.76,-40.76,-9020.5,10923.08
2025-04-17 00:00:00,CTA(9,21),9192.45,9011.96,9234.4223,9354.4472,-120.02492,-0.339446,-0.828782,-0.784284,-1.0,-1.0,-8.54,8.54,-9011.96,10931.62
2025-04-22 00:00:00,CTA(9,21),9386.7,9202.4,9251.3421,9355.9831,-104.641023,-0.296556,-0.726896,-0.715672,-1.0,-1.0,190.44,-190.44,-9202.4,10741.18
2025-04-23 00:00:00,CTA(9,21),9396.21,9211.91,9267.4385,9357.8987,-90.460153,-0.257385,-0.633467,-0.643822,-1.0,-1.0,9.51,-9.51,-9211.91,10731.67
2025-04-24 00:00:00,CTA(9,21),9417.23,9232.93,9284.082,9360.724,-76.641955,-0.218924,-0.541131,-0.565093,-1.0,-1.0,21.02,-21.02,-9232.93,10710.65
2025-04-25 00:00:00,CTA(9,21),9398.41,9214.11,9296.7851,9362.5185,-65.733417,-0.188314,-0.467586,-0.497432,-1.0,-1.0,-18.82,18.82,-9214.11,10729.47
2025-04-28 00:00:00,CTA(9,21),9430.1,9245.8,9311.5979,9365.7367,-54.138817,-0.156775,-0.391182,-0.423034,-1.0,-1.0,31.69,-31.69,-9245.8,10697.78
2025-04-29 00:00:00,CTA(9,21),9453.97,9269.67,9327.417,9369.9383,-42.521278,-0.125446,-0.314557,-0.344799,-1.0,-1.0,23.87,-23.87,-9269.67,10673.91
2025-04-30 00:00:00,CTA(9,21),9141.95,8957.65,9306.8096,9359.0817,-52.272138,-0.155536,-0.391764,-0.423614,-1.0,-1.0,-312.02,312.02,-8957.65,10985.93
2025-05-01 00:00:00,CTA(9,21),9251.11,9066.81,9300.6207,9353.9402,-53.319468,-0.160043,-0.404741,-0.436517,-1.0,-1.0,109.16,-109.16,-9066.81,10876.77
2025-05-02 00:00:00,CTA(9,21),9400.69,9216.39,9311.7395,9356.1664,-44.426841,-0.135596,-0.344265,-0.375521,-1.0,-1.0,149.58,-149.58,-9216.39,10727.19
2025-05-06 00:00:00,CTA(9,21),9575.95,9391.65,9341.0962,9366.6323,-25.536009,-0.078957,-0.201285,-0.223884,-1.0,-1.0,175.26,-175.26,-9391.65,10551.93
2025-05-07 00:00:00,CTA(9,21),9454.38,9270.08,9353.6833,9370.8107,-17.127389,-0.053615,-0.137217,-0.153452,-1.0,-1.0,-121.57,121.57,-9270.08,10673.5
2025-05-08 00:00:00,CTA(9,21),9482.76,9298.46,9368.0252,9376.1416,-8.116455,-0.025608,-0.065785,-0.073836,-1.0,-1.0,28.38,-28.38,-9298.46,10645.12
2025-05-09 00:00:00,CTA(9,21),9495.84,9311.54,9382.2268,9381.8416,0.38527,0.001223,0.003155,0.003545,1.0,-1.0,13.08,-13.08,-9311.54,10632.04
2025-05-12 00:00:00,CTA(9,21),9550.0,9365.7,9400.8683,9389.8491,11.019188,0.035044,0.090726,0.10173,1.0,1.0,54.16,54.16,9365.7,10686.2
2025-05-13 00:00:00,CTA(9,21),9624.54,9440.24,9425.7207,9401.0249,24.695843,0.078478,0.203995,0.226835,1.0,1.0,74.54,74.54,9440.24,10760.74
2025-05-14 00:00:00,CTA(9,21),9626.35,9442.05,9448.0128,9411.7546,36.258219,0.115461,0.301367,0.331013,1.0,1.0,1.81,1.81,9442.05,10762.55
2025-05-15 00:00:00,CTA(9,21),9618.34,9434.04,9466.9381,9421.592,45.346059,0.144342,0.37843,0.410248,1.0,1.0,-8.01,-8.01,9434.04,10754.54
2025-05-16 00:00:00,CTA(9,21),9479.43,9295.13,9468.3261,9424.3462,43.979861,0.140016,0.368941,0.400671,1.0,1.0,-138.91,-138.91,9295.13,10615.63
2025-05-19 00:00:00,CTA(9,21),9539.02,9354.72,9476.181,9429.8069,46.374084,0.147597,0.39111,0.422961,1.0,1.0,59.59,59.59,9354.72,10675.22
2025-05-20 00:00:00,CTA(9,21),9550.13,9333.18,9484.3975,9435.5365,48.860972,0.155781,0.415291,0.446927,1.0,1.0,-21.54,-21.54,9333.18,10653.68
2025-05-21 00:00:00,CTA(9,21),9572.82,9355.81,9494.2222,9442.0739,52.148385,0.166202,0.445603,0.476431,1.0,1.0,22.63,22.63,9355.81,10676.31
2025-05-22 00:00:00,CTA(9,21),9535.65,9322.17,9498.8253,9446.5299,52.295463,0.166648,0.449226,0.479915,1.0,1.0,-33.64,-33.64,9322.17,10642.67
2025-05-23 00:00:00,CTA(9,21),9661.5,9455.12,9516.9003,9456.7665,60.133753,0.191247,0.518061,0.544316,1.0,1.0,132.95,132.95,9455.12,10775.62
2025-05-27 00:00:00,CTA(9,21),9654.98,9448.6,9532.2425,9466.2053,66.037207,0.20962,0.570461,0.590886,1.0,1.0,-6.52,-6.52,9448.6,10769.1
2025-05-28 00:00:00,CTA(9,21),9620.23,9413.85,9542.0189,9473.5398,68.479088,0.217088,0.593375,0.610536,1.0,1.0,-34.75,-34.75,9413.85,10734.35
2025-05-29 00:00:00,CTA(9,21),9620.59,9414.21,9550.749,9480.5422,70.206822,0.222455,0.610303,0.624763,1.0,1.0,0.36,0.36,9414.21,10734.71
2025-05-30 00:00:00,CTA(9,21),9553.83,9347.45,9551.0913,9484.0321,67.059259,0.212431,0.584626,0.603086,1.0,1.0,-66.76,-66.76,9347.45,10667.95
2025-06-02 00:00:00,CTA(9,21),9675.57,9469.19,9564.9223,9493.1529,71.769369,0.22695,0.626206,0.637899,1.0,1.0,121.74,121.74,9469.19,10789.69
2025-06-03 00:00:00,CTA(9,21),9693.25,9486.87,9579.1809,9502.6814,76.499571,0.241615,0.667922,0.671273,1.0,1.0,17.68,17.68,9486.87,10807.37
2025-06-04 00:00:00,CTA(9,21),9674.5,9468.12,9589.7719,9510.8632,78.908739,0.248846,0.688802,0.687372,1.0,1.0,-18.75,-18.75,9468.12,10788.62
2025-06-05 00:00:00,CTA(9,21),9820.41,9614.03,9615.3984,9525.6035,89.794867,0.281703,0.780411,0.753022,1.0,1.0,145.91,145.91,9614.03,10934.53
2025-06-06 00:00:00,CTA(9,21),9760.22,9553.84,9631.4897,9536.7757,94.713944,0.29594,0.819962,0.778763,1.0,1.0,-60.19,-60.19,9553.84,10874.34
2025-06-09 00:00:00,CTA(9,21),9885.51,9679.13,9659.7142,9553.3821,106.332031,0.330277,0.914615,0.833727,1.0,1.0,125.29,125.29,9679.13,10999.63
2025-06-10 00:00:00,CTA(9,21),9841.49,9635.11,9679.9115,9567.1015,112.809924,0.347927,0.962449,0.857858,1.0,1.0,-44.02,-44.02,9635.11,10955.61
2025-06-11 00:00:00,CTA(9,21),9707.0,9500.62,9682.9213,9573.7634,109.157929,0.335835,0.927984,0.840721,1.0,1.0,-134.49,-134.49,9500.62,10821.12
2025-06-12 00:00:00,CTA(9,21),9785.51,9579.13,9694.3201,9583.8466,110.4735,0.338559,0.934262,0.843938,1.0,1.0,78.51,78.51,9579.13,10899.63
2025-06-13 00:00:00,CTA(9,21),9719.25,9512.87,9697.09,9590.2943,106.795711,0.327703,0.903036,0.827516,1.0,1.0,-66.26,-66.26,9512.87,10833.37
2025-06-16 00:00:00,CTA(9,21),9798.59,9592.21,9708.3678,9600.2132,108.154643,0.331314,0.911547,0.832096,1.0,1.0,79.34,79.34,9592.21,10912.71
2025-06-17 00:00:00,CTA(9,21),9719.19,9539.07,9709.5703,9605.8787,103.691544,0.317771,0.872978,0.810719,1.0,1.0,-53.14,-53.14,9539.07,10859.57
2025-06-18 00:00:00,CTA(9,21),9687.97,9519.9,9707.1703,9609.7878,97.382405,0.299517,0.821734,0.779879,1.0,1.0,-19.17,-19.17,9519.9,10840.4
2025-06-19 00:00:00,CTA(9,21),9665.28,9489.91,9702.5158,9612.4303,90.085449,0.279416,0.765707,0.743045,1.0,1.0,-29.99,-29.99,9489.91,10810.41
2025-06-20 00:00:00,CTA(9,21),9698.62,9543.55,9702.0829,9616.5346,85.548315,0.269093,0.736635,0.722681,1.0,1.0,53.64,53.64,9543.55,10864.05
2025-06-23 00:00:00,CTA(9,21),9744.15,9589.08,9706.757,9622.6115,84.145511,0.266993,0.730152,0.718026,1.0,1.0,45.53,45.53,9589.08,10909.58
2025-06-24 00:00:00,CTA(9,21),9730.1,9575.03,9709.3507,9627.73,81.620675,0.260256,0.711112,0.704116,1.0,1.0,-14.05,-14.05,9575.03,10895.53
2025-06-25 00:00:00,CTA(9,21),9776.19,9621.12,9716.7773,9634.7995,81.977742,0.263957,0.720675,0.711147,1.0,1.0,46.09,46.09,9621.12,10941.62
2025-06-26 00:00:00,CTA(9,21),9988.47,9833.4,9746.9654,9651.641,95.324371,0.310601,0.847218,0.795561,1.0,1.0,212.28,212.28,9833.4,11153.9
2025-06-27 00:00:00,CTA(9,21),9957.72,9802.65,9770.3825,9666.2162,104.166361,0.338247,0.921661,0.837438,1.0,1.0,-30.75,-30.75,9802.65,11123.15
2025-06-30 00:00:00,CTA(9,21),9945.23,9790.16,9789.81,9679.5026,110.307484,0.355458,0.967534,0.860276,1.0,1.0,-12.49,-12.49,9790.16,11110.66
2025-07-01 00:00:00,CTA(9,21),9997.29,9842.22,9812.8634,9694.6353,118.228077,0.375791,1.021694,0.884291,1.0,1.0,52.06,52.06,9842.22,11162.72
2025-07-02 00:00:00,CTA(9,21),10070.1,9915.03,9841.4452,9712.5146,128.930653,0.400886,1.088219,0.909392,1.0,1.0,72.81,72.81,9915.03,11235.53
2025-07-03 00:00:00,CTA(9,21),10010.67,9855.6,9860.248,9726.7124,133.535529,0.408447,1.106799,0.915537,1.0,1.0,-59.43,-59.43,9855.6,11176.1
2025-07-04 00:00:00,CTA(9,21),9923.29,9768.22,9867.2526,9736.0733,131.179363,0.397251,1.074578,0.904641,1.0,1.0,-87.38,-87.38,9768.22,11088.72
2025-07-07 00:00:00,CTA(9,21),9890.0,9734.93,9869.7801,9743.4031,126.377003,0.38044,1.027428,0.886646,1.0,1.0,-33.29,-33.29,9734.93,11055.43
2025-07-08 00:00:00,CTA(9,21),9831.5,9676.43,9865.5268,9747.5982,117.928566,0.371774,1.002468,0.876134,1.0,1.0,-58.5,-58.5,9676.43,10996.93
2025-07-09 00:00:00,CTA(9,21),9652.94,9497.87,9841.906,9743.0907,98.815347,0.332082,0.894366,0.822769,1.0,1.0,-178.56,-178.56,9497.87,10818.37
2025-07-10 00:00:00,CTA(9,21),9699.66,9544.59,9826.1009,9741.0226,85.07836,0.312752,0.841476,0.792086,1.0,1.0,46.72,46.72,9544.59,10865.09
2025-07-11 00:00:00,CTA(9,21),9639.8,9484.73,9805.4008,9736.2024,69.198381,0.289512,0.778306,0.751607,1.0,1.0,-59.86,-59.86,9484.73,10805.23
2025-07-14 00:00:00,CTA(9,21),9556.93,9401.86,9777.7929,9727.6656,50.127295,0.221523,0.595319,0.612182,1.0,1.0,-82.87,-82.87,9401.86,10722.36
2025-07-15 00:00:00,CTA(9,21),9625.66,9455.66,9760.8893,9722.8082,38.081047,0.173367,0.465881,0.495815,1.0,1.0,53.8,53.8,9455.66,10776.16
2025-07-16 00:00:00,CTA(9,21),9603.36,9441.78,9743.386,9717.1202,26.265804,0.12427,0.334012,0.364972,1.0,1.0,-13.88,-13.88,9441.78,10762.28
2025-07-17 00:00:00,CTA(9,21),9643.09,9479.98,9732.242,9713.595,18.64705,0.092126,0.247766,0.274148,1.0,1.0,38.2,38.2,9479.98,10800.48
2025-07-18 00:00:00,CTA(9,21),9763.74,9580.79,9735.7418,9715.9828,19.758967,0.101347,0.272844,0.300913,1.0,1.0,100.81,100.81,9580.79,10901.29
2025-07-21 00:00:00,CTA(9,21),9837.14,9654.19,9747.0083,9721.7522,25.256044,0.134769,0.363372,0.395026,1.0,1.0,73.4,73.4,9654.19,10974.69
2025-07-22 00:00:00,CTA(9,21),9894.26,9711.31,9763.3696,9729.9669,33.402692,0.179181,0.484077,0.512959,1.0,1.0,57.12,57.12,9711.31,11031.81
2025-07-23 00:00:00,CTA(9,21),9915.62,9732.67,9780.2863,9738.8075,41.478781,0.223322,0.604797,0.620163,1.0,1.0,21.36,21.36,9732.67,11053.17
2025-07-24 00:00:00,CTA(9,21),9856.75,9673.8,9788.7823,9744.4238,44.35844,0.2409,0.65426,0.660518,1.0,1.0,-58.87,-58.87,9673.8,10994.3
2025-07-25 00:00:00,CTA(9,21),9744.44,9561.49,9783.8553,9744.4246,39.430753,0.218257,0.594773,0.61172,1.0,1.0,-112.31,-112.31,9561.49,10881.99
2025-07-28 00:00:00,CTA(9,21),9765.78,9582.83,9781.847,9745.4415,36.405457,0.204673,0.559984,0.581754,1.0,1.0,21.34,21.34,9582.83,10903.33
2025-07-29 00:00:00,CTA(9,21),9770.33,9587.38,9780.5673,9746.6267,33.940628,0.193435,0.531638,0.556594,1.0,1.0,4.55,4.55,9587.38,10907.88
2025-07-30 00:00:00,CTA(9,21),9673.67,9490.72,9768.6898,9743.1525,25.537277,0.159183,0.439471,0.470512,1.0,1.0,-96.66,-96.66,9490.72,10811.22
2025-07-31 00:00:00,CTA(9,21),9574.14,9391.19,9747.0732,9735.1043,11.968847,0.079531,0.220632,0.244902,1.0,1.0,-99.53,-99.53,9391.19,10711.69
2025-08-01 00:00:00,CTA(9,21),9594.75,9411.8,9730.1484,9728.4208,1.727589,0.011837,0.032999,0.037068,1.0,1.0,20.61,20.61,9411.8,10732.3
2025-08-04 00:00:00,CTA(9,21),9650.64,9467.69,9721.3141,9724.7169,-3.402828,-0.023452,-0.065715,-0.073757,-1.0,1.0,55.89,55.89,9467.69,10788.19
2025-08-05 00:00:00,CTA(9,21),9591.13,9408.18,9706.8492,9718.3557,-11.506447,-0.080965,-0.228033,-0.252907,-1.0,-1.0,-59.51,59.51,-9408.18,10847.7
2025-08-06 00:00:00,CTA(9,21),9631.39,9448.44,9698.4649,9714.2144,-15.749582,-0.113019,-0.319996,-0.350459,-1.0,-1.0,40.26,-40.26,-9448.44,10807.44
2025-08-07 00:00:00,CTA(9,21),9633.66,9450.71,9691.2643,9710.3785,-19.114196,-0.139692,-0.397629,-0.429459,-1.0,-1.0,2.27,-2.27,-9450.71,10805.17
2025-08-08 00:00:00,CTA(9,21),9705.94,9522.99,9692.8949,9710.1672,-17.272207,-0.127888,-0.366002,-0.397695,-1.0,-1.0,72.28,-72.28,-9522.99,10732.89
2025-08-11 00:00:00,CTA(9,21),9659.97,9477.02,9689.2366,9707.7768,-18.540194,-0.137636,-0.395864,-0.427702,-1.0,-1.0,-45.97,45.97,-9477.02,10778.86
2025-08-12 00:00:00,CTA(9,21),9763.13,9580.18,9697.447,9710.4127,-12.965684,-0.096629,-0.279327,-0.307788,-1.0,-1.0,103.16,-103.16,-9580.18,10675.7
2025-08-13 00:00:00,CTA(9,21),9731.82,9548.87,9701.2662,9711.4321,-10.165858,-0.076179,-0.22132,-0.245648,-1.0,-1.0,-31.31,31.31,-9548.87,10707.01
2025-08-14 00:00:00,CTA(9,21),9680.05,9497.1,9698.9089,9709.9377,-11.028831,-0.085019,-0.248144,-0.274555,-1.0,-1.0,-51.77,51.77,-9497.1,10758.78
2025-08-15 00:00:00,CTA(9,21),9681.25,9498.3,9696.9468,9708.5716,-11.624846,-0.091165,-0.267293,-0.295012,-1.0,-1.0,1.2,-1.2,-9498.3,10757.58
2025-08-18 00:00:00,CTA(9,21),9636.25,9453.3,9690.2027,9705.1277,-14.925045,-0.118498,-0.348842,-0.380212,-1.0,-1.0,-45.0,45.0,-9453.3,10802.58
2025-08-19 00:00:00,CTA(9,21),9632.81,9443.77,9683.8257,9701.684,-17.858308,-0.14296,-0.422279,-0.453783,-1.0,-1.0,-9.53,9.53,-9443.77,10812.11
2025-08-20 00:00:00,CTA(9,21),9665.14,9473.86,9681.7495,9699.9438,-18.194307,-0.148417,-0.439629,-0.470665,-1.0,-1.0,30.09,-30.09,-9473.86,10782.02
2025-08-21 00:00:00,CTA(9,21),9671.14,9478.64,9680.5707,9698.5722,-18.001532,-0.146956,-0.436444,-0.467581,-1.0,-1.0,4.78,-4.78,-9478.64,10777.24
2025-08-22 00:00:00,CTA(9,21),9744.33,9523.79,9687.6551,9700.7512,-13.096106,-0.10733,-0.31955,-0.349996,-1.0,-1.0,45.15,-45.15,-9523.79,10732.09
2025-08-26 00:00:00,CTA(9,21),9779.05,9558.51,9697.8101,9704.4797,-6.669629,-0.055066,-0.164288,-0.183352,-1.0,-1.0,34.72,-34.72,-9558.51,10697.37
2025-08-27 00:00:00,CTA(9,21),9693.57,9473.03,9697.3389,9703.9602,-6.621237,-0.055053,-0.164545,-0.183634,-1.0,-1.0,-85.48,85.48,-9473.03,10782.85
2025-08-28 00:00:00,CTA(9,21),9756.96,9536.42,9703.9635,9706.484,-2.520475,-0.021402,-0.064079,-0.071925,-1.0,-1.0,63.39,-63.39,-9536.42,10719.46
2025-08-29 00:00:00,CTA(9,21),9845.16,9624.62,9719.652,9713.0876,6.564405,0.055618,0.166823,0.186142,1.0,-1.0,88.2,-88.2,-9624.62,10631.26
2025-09-01 00:00:00,CTA(9,21),9818.78,9598.24,9730.6662,9718.1206,12.545655,0.106226,0.319186,0.349617,1.0,1.0,-26.38,-26.38,9598.24,10604.88
2025-09-02 00:00:00,CTA(9,21),9926.54,9706.0,9752.43,9728.0453,24.384674,0.203759,0.613459,0.627388,1.0,1.0,107.76,107.76,9706.0,10712.64
2025-09-03 00:00:00,CTA(9,21),9923.95,9703.41,9771.4878,9737.3741,34.113659,0.281315,0.848674,0.796436,1.0,1.0,-2.59,-2.59,9703.41,10710.05
2025-09-04 00:00:00,CTA(9,21),9842.63,9622.09,9779.3924,9742.3863,37.006167,0.304,0.918832,0.835954,1.0,1.0,-81.32,-81.32,9622.09,10628.73
2025-09-05 00:00:00,CTA(9,21),9838.61,9618.07,9785.9722,9746.9684,39.003813,0.322107,0.97553,0.864024,1.0,1.0,-4.02,-4.02,9618.07,10624.71
2025-09-08 00:00:00,CTA(9,21),9844.43,9623.89,9792.4675,9751.6094,40.858097,0.337329,1.023546,0.885056,1.0,1.0,5.82,5.82,9623.89,10630.53
2025-09-09 00:00:00,CTA(9,21),9845.52,9624.98,9798.3622,9756.0813,42.280886,0.348211,1.058688,0.898849,1.0,1.0,1.09,1.09,9624.98,10631.62
2025-09-10 00:00:00,CTA(9,21),9965.31,9744.77,9816.912,9766.0446,50.86737,0.409918,1.248,0.949994,1.0,1.0,119.79,119.79,9744.77,10751.41
2025-09-11 00:00:00,CTA(9,21),9993.46,9772.92,9836.5284,9776.8739,59.654514,0.468728,1.427444,0.963696,1.0,1.0,28.15,28.15,9772.92,10779.56
2025-09-12 00:00:00,CTA(9,21),9995.64,9775.1,9854.2075,9787.2913,66.916145,0.513123,1.561283,0.953745,1.0,1.0,2.18,2.18,9775.1,10781.74
2025-09-15 00:00:00,CTA(9,21),10124.57,9904.03,9884.2478,9803.3522,80.895536,0.587918,1.784184,0.904536,1.0,1.0,128.93,128.93,9904.03,10910.67
2025-09-16 00:00:00,CTA(9,21),10087.27,9866.46,9906.8058,9816.8721,89.933669,0.631109,1.908014,0.862834,1.0,1.0,-37.57,-37.57,9866.46,10873.1
2025-09-17 00:00:00,CTA(9,21),9951.79,9734.45,9911.804,9823.2968,88.507254,0.617996,1.861219,0.879617,1.0,1.0,-132.01,-132.01,9734.45,10741.09
2025-09-18 00:00:00,CTA(9,21),9897.29,9680.68,9910.1914,9826.8203,83.371097,0.581435,1.744958,0.915802,1.0,1.0,-53.77,-53.77,9680.68,10687.32
2025-09-19 00:00:00,CTA(9,21),9952.01,9709.81,9914.8379,9832.7817,82.056196,0.567238,1.696553,0.928263,1.0,1.0,29.13,29.13,9709.81,10716.45
2025-09-22 00:00:00,CTA(9,21),9927.8,9685.6,9916.2781,9837.3064,78.97175,0.543253,1.619788,0.9445,1.0,1.0,-24.21,-24.21,9685.6,10692.24
2025-09-23 00:00:00,CTA(9,21),9927.74,9685.54,9917.5517,9841.6127,75.938929,0.519247,1.544102,0.955915,1.0,1.0,-0.06,-0.06,9685.54,10692.18
2025-09-24 00:00:00,CTA(9,21),10325.54,10083.34,9962.8837,9864.6569,98.226812,0.618356,1.831708,0.88958,1.0,1.0,397.8,397.8,10083.34,11089.98
2025-09-25 00:00:00,CTA(9,21),10245.95,10003.75,9994.3355,9882.8137,111.521808,0.666913,1.967671,0.839836,1.0,1.0,-79.59,-79.59,10003.75,11010.39
2025-09-26 00:00:00,CTA(9,21),10162.2,9920.0,10012.9871,9896.1178,116.869309,0.67869,1.995332,0.828621,1.0,1.0,-83.75,-83.75,9920.0,10926.64
2025-09-29 00:00:00,CTA(9,21),10402.76,10160.56,10056.2952,9920.2436,136.051589,0.7308,2.139442,0.765502,1.0,1.0,240.56,240.56,10160.56,11167.2
2025-09-30 00:00:00,CTA(9,21),10242.45,10000.25,10076.9791,9935.5868,141.392293,0.739901,2.157819,0.756984,1.0,1.0,-160.31,-160.31,10000.25,11006.89
2025-10-01 00:00:00,CTA(9,21),10355.65,10113.45,10107.9425,9955.5898,152.352718,0.757114,2.200343,0.736954,1.0,1.0,113.2,113.2,10113.45,11120.09
2025-10-02 00:00:00,CTA(9,21),10469.66,10227.46,10148.1333,9980.0693,168.064017,0.776061,2.246977,0.714547,1.0,1.0,114.01,114.01,10227.46,11234.1
2025-10-03 00:00:00,CTA(9,21),10700.48,10458.28,10209.5052,10014.3746,195.130597,0.805384,2.3222,0.677663,1.0,1.0,230.82,230.82,10458.28,11464.92
2025-10-06 00:00:00,CTA(9,21),10620.47,10378.27,10255.168,10043.2363,211.931667,0.812097,2.331678,0.672967,1.0,1.0,-80.01,-80.01,10378.27,11384.91
2025-10-07 00:00:00,CTA(9,21),10732.03,10489.83,10308.1526,10076.036,232.116638,0.824354,2.355437,0.661159,1.0,1.0,111.56,111.56,10489.83,11496.47
2025-10-08 00:00:00,CTA(9,21),10643.97,10401.77,10345.4657,10103.0805,242.385203,0.817321,2.323346,0.677096,1.0,1.0,-88.06,-88.06,10401.77,11408.41
2025-10-09 00:00:00,CTA(9,21),10843.34,10601.14,10400.785,10138.3309,262.454119,0.825682,2.334068,0.671782,1.0,1.0,199.37,199.37,10601.14,11607.78
2025-10-10 00:00:00,CTA(9,21),10488.63,10246.43,10410.5456,10155.0118,255.533762,0.792053,2.227923,0.723752,1.0,1.0,-354.71,-354.71,10246.43,11253.07
2025-10-13 00:00:00,CTA(9,21),11047.28,10805.08,10481.2939,10197.5008,283.793069,0.81162,2.270028,0.703329,1.0,1.0,558.65,558.65,10805.08,11811.72
2025-10-14 00:00:00,CTA(9,21),10592.87,10538.31,10493.6912,10216.3279,277.363313,0.779226,2.167789,0.752326,1.0,1.0,-266.77,-266.77,10538.31,11544.95
2025-10-15 00:00:00,CTA(9,21),10652.63,10598.5,10511.3511,10237.1042,274.246888,0.753909,2.086743,0.789397,1.0,1.0,60.19,60.19,10598.5,11605.14
2025-10-16 00:00:00,CTA(9,21),10643.4,10600.7,10526.0232,10256.4516,269.571572,0.724652,1.996332,0.828209,1.0,1.0,2.2,2.2,10600.7,11607.34
2025-10-17 00:00:00,CTA(9,21),10601.92,10556.23,10534.4562,10272.9025,261.553676,0.689915,1.892776,0.868427,1.0,1.0,-44.47,-44.47,10556.23,11562.87
2025-10-20 00:00:00,CTA(9,21),10687.71,10642.02,10551.4844,10292.6552,258.829142,0.666572,1.821742,0.89283,1.0,1.0,85.79,85.79,10642.02,11648.66
2025-10-21 00:00:00,CTA(9,21),10614.14,10568.45,10558.4461,10307.964,250.482081,0.63392,1.726686,0.920698,1.0,1.0,-73.57,-73.57,10568.45,11575.09
2025-10-22 00:00:00,CTA(9,21),10665.21,10619.52,10570.3088,10324.9757,245.333023,0.609701,1.655664,0.937471,1.0,1.0,51.07,51.07,10619.52,11626.16
2025-10-23 00:00:00,CTA(9,21),10860.74,10815.05,10602.5789,10350.4883,252.090577,0.609898,1.65117,0.938406,1.0,1.0,195.53,195.53,10815.05,11821.69
2025-10-24 00:00:00,CTA(9,21),10962.94,10917.25,10642.619,10379.6527,262.966334,0.616235,1.663185,0.935871,1.0,1.0,102.2,102.2,10917.25,11923.89
2025-10-27 00:00:00,CTA(9,21),11028.69,10983.0,10685.5158,10410.5592,274.956571,0.623349,1.677122,0.932793,1.0,1.0,65.75,65.75,10983.0,11989.64
2025-10-28 00:00:00,CTA(9,21),11038.94,10993.25,10724.7851,10440.4821,284.303034,0.627505,1.683041,0.931443,1.0,1.0,10.25,10.25,10993.25,11999.89
2025-10-29 00:00:00,CTA(9,21),11182.24,11136.55,10775.6135,10475.8039,299.809546,0.642427,1.717475,0.923078,1.0,1.0,143.3,143.3,11136.55,12143.19
2025-10-30 00:00:00,CTA(9,21),10916.67,10870.98,10791.2864,10496.7975,294.488872,0.625199,1.666541,0.935143,1.0,1.0,-265.57,-265.57,10870.98,11877.62
2025-10-31 00:00:00,CTA(9,21),10892.06,10846.37,10802.4835,10515.6196,286.863915,0.604074,1.606058,0.946922,1.0,1.0,-24.61,-24.61,10846.37,11853.01
2025-11-03 00:00:00,CTA(9,21),10848.01,10802.32,10807.542,10531.4477,276.094302,0.580388,1.539517,0.956451,1.0,1.0,-44.05,-44.05,10802.32,11808.96
2025-11-04 00:00:00,CTA(9,21),10650.43,10604.74,10790.0851,10537.1135,252.97159,0.534796,1.41599,0.963778,1.0,1.0,-197.58,-197.58,10604.74,11611.38
2025-11-05 00:00:00,CTA(9,21),10676.13,10630.44,10777.4234,10543.7333,233.69008,0.497022,1.314267,0.958859,1.0,1.0,25.7,25.7,10630.44,11637.08
2025-11-06 00:00:00,CTA(9,21),10665.06,10619.37,10764.9386,10549.5108,215.427796,0.460281,1.215894,0.944041,1.0,1.0,-11.07,-11.07,10619.37,11626.01
2025-11-07 00:00:00,CTA(9,21),10709.28,10663.59,10758.7543,10557.1189,201.63545,0.433563,1.144568,0.926865,1.0,1.0,44.22,44.22,10663.59,11670.23
2025-11-10 00:00:00,CTA(9,21),10791.67,10745.98,10762.4116,10568.288,194.123647,0.41759,1.102135,0.91403,1.0,1.0,82.39,82.39,10745.98,11752.62
2025-11-11 00:00:00,CTA(9,21),10815.47,10769.78,10768.307,10580.0585,188.248451,0.405809,1.071586,0.903571,1.0,1.0,23.8,23.8,10769.78,11776.42
2025-11-12 00:00:00,CTA(9,21),10938.05,10892.36,10787.1673,10597.1057,190.061574,0.410076,1.08443,0.908093,1.0,1.0,122.58,122.58,10892.36,11899.0
2025-11-13 00:00:00,CTA(9,21),10951.53,10905.84,10805.4298,10613.9831,191.446749,0.413935,1.097481,0.912502,1.0,1.0,13.48,13.48,10905.84,11912.48
2025-11-14 00:00:00,CTA(9,21),10854.88,10809.19,10810.9243,10625.4544,185.46993,0.405226,1.078384,0.905987,1.0,1.0,-96.65,-96.65,10809.19,11815.83
2025-11-17 00:00:00,CTA(9,21),10745.88,10700.19,10803.6972,10631.1889,172.508231,0.383106,1.0242,0.885325,1.0,1.0,-109.0,-109.0,10700.19,11706.83
2025-11-18 00:00:00,CTA(9,21),10709.7,10645.12,10793.253,10634.9275,158.32548,0.357798,0.961493,0.857399,1.0,1.0,-55.07,-55.07,10645.12,11651.76
2025-11-19 00:00:00,CTA(9,21),10748.83,10683.49,10788.3171,10640.3515,147.965662,0.340505,0.920208,0.836677,1.0,1.0,38.37,38.37,10683.49,11690.13
2025-11-20 00:00:00,CTA(9,21),10742.82,10674.8,10783.2619,10645.2309,138.030971,0.322735,0.87769,0.813416,1.0,1.0,-8.69,-8.69,10674.8,11681.44
2025-11-21 00:00:00,CTA(9,21),10788.34,10718.36,10783.8261,10652.0456,131.780487,0.312585,0.855985,0.800798,1.0,1.0,43.56,43.56,10718.36,11725.0
2025-11-24 00:00:00,CTA(9,21),10793.41,10723.43,10784.891,10658.7773,126.113725,0.305817,0.843481,0.793304,1.0,1.0,5.07,5.07,10723.43,11730.07
2025-11-25 00:00:00,CTA(9,21),10827.74,10757.76,10789.652,10666.8231,122.828881,0.303599,0.84367,0.793418,1.0,1.0,34.33,34.33,10757.76,11764.4
2025-11-26 00:00:00,CTA(9,21),10990.57,10920.59,10811.9762,10682.2396,129.736585,0.323487,0.905813,0.829019,1.0,1.0,162.83,162.83,10920.59,11927.23
2025-11-27 00:00:00,CTA(9,21),10952.22,10882.24,10827.5589,10695.0958,132.463019,0.335165,0.945866,0.849773,1.0,1.0,-38.35,-38.35,10882.24,11888.88
2025-11-28 00:00:00,CTA(9,21),11222.42,11152.44,10871.4323,10720.2065,151.225804,0.380481,1.08225,0.907338,1.0,1.0,270.2,270.2,11152.44,12159.08
2025-12-01 00:00:00,CTA(9,21),11308.86,11238.88,10920.0354,10748.2376,171.797761,0.428429,1.228323,0.946475,1.0,1.0,86.44,86.44,11238.88,12245.52
2025-12-02 00:00:00,CTA(9,21),11204.7,11134.72,10951.6648,10769.9739,181.690858,0.456314,1.317931,0.959216,1.0,1.0,-104.16,-104.16,11134.72,12141.36
2025-12-03 00:00:00,CTA(9,21),11572.36,11502.38,11020.6309,10808.1828,212.448131,0.523867,1.523119,0.958219,1.0,1.0,367.66,367.66,11502.38,12509.02
2025-12-04 00:00:00,CTA(9,21),11504.18,11434.2,11074.3586,10841.3255,233.033081,0.570209,1.667852,0.934857,1.0,1.0,-68.18,-68.18,11434.2,12440.84
2025-12-05 00:00:00,CTA(9,21),11653.07,11583.09,11138.6599,10879.98,258.679848,0.622697,1.830632,0.889934,1.0,1.0,148.89,148.89,11583.09,12589.73
2025-12-08 00:00:00,CTA(9,21),11648.79,11578.81,11195.341,10916.59,278.750975,0.658163,1.942352,0.849804,1.0,1.0,-4.28,-4.28,11578.81,12585.45
2025-12-09 00:00:00,CTA(9,21),11489.98,11420.0,11228.0787,10943.8943,284.184357,0.667878,1.977176,0.83602,1.0,1.0,-158.81,-158.81,11420.0,12426.64
2025-12-10 00:00:00,CTA(9,21),11569.42,11499.44,11266.0055,10973.6812,292.324234,0.682132,2.024412,0.816484,1.0,1.0,79.44,79.44,11499.44,12506.08
2025-12-11 00:00:00,CTA(9,21),11897.22,11827.24,11336.1404,11017.6593,318.481145,0.715524,2.127756,0.770871,1.0,1.0,327.8,327.8,11827.24,12833.88
2025-12-12 00:00:00,CTA(9,21),11535.69,11465.71,11358.3126,11042.3274,315.98519,0.707584,2.108895,0.779454,1.0,1.0,-361.53,-361.53,11465.71,12472.35
2025-12-15 00:00:00,CTA(9,21),11651.11,11581.13,11390.8456,11071.3171,319.528587,0.71621,2.139319,0.765558,1.0,1.0,115.42,115.42,11581.13,12587.77
2025-12-16 00:00:00,CTA(9,21),11604.56,11513.62,11414.5917,11096.7096,317.882105,0.721006,2.158602,0.756619,1.0,1.0,-67.51,-67.51,11513.62,12520.26
2025-12-17 00:00:00,CTA(9,21),11753.06,11659.84,11452.1993,11127.9644,324.234914,0.736607,2.20978,0.732454,1.0,1.0,146.22,146.22,11659.84,12666.48
2025-12-18 00:00:00,CTA(9,21),11790.61,11700.18,11489.8005,11159.5189,330.281551,0.75424,2.267718,0.704456,1.0,1.0,40.34,40.34,11700.18,12706.82
2025-12-19 00:00:00,CTA(9,21),11910.36,11823.25,11536.5293,11195.2733,341.256051,0.779808,2.349376,0.664176,1.0,1.0,123.07,123.07,11823.25,12829.89
2025-12-22 00:00:00,CTA(9,21),11956.58,11869.47,11583.2016,11231.526,351.675648,0.783489,2.365993,0.655899,1.0,1.0,46.22,46.22,11869.47,12876.11
2025-12-23 00:00:00,CTA(9,21),12096.64,12009.53,11640.2503,11272.7219,367.528452,0.79646,2.411047,0.633375,1.0,1.0,140.06,140.06,12009.53,13016.17
2025-12-24 00:00:00,CTA(9,21),12204.37,12117.26,11702.9303,11317.0861,385.84422,0.81462,2.471631,0.603006,1.0,1.0,107.73,107.73,12117.26,13123.9
2025-12-29 00:00:00,CTA(9,21),12266.35,12179.24,11765.5325,11362.2891,403.243366,0.81974,2.493601,0.591999,1.0,1.0,61.98,61.98,12179.24,13185.88
2025-12-30 00:00:00,CTA(9,21),12607.02,12519.91,11859.0311,11421.562,437.469081,0.843975,2.575608,0.551111,1.0,1.0,340.67,340.67,12519.91,13526.55
2025-12-31 00:00:00,CTA(9,21),12465.99,12378.88,11926.471,11471.2967,455.174294,0.846489,2.594216,0.541902,1.0,1.0,-141.03,-141.03,12378.88,13385.52