PERFORMANCE SUMMARY,,
Metric,Value,
Start Date,2006-01-03,
End Date,2025-12-31,
Total Calendar Days,5053,
Active Trading Days,5009,
Warmup Days,44,
Total PnL (USD/MT),22764.98,
Annualized Return,1145.29,
Annualized Std Dev,1845.49,
Sharpe Ratio,0.6206,
Sortino Ratio,0.9072,
Max Drawdown,-4676.0,
Calmar Ratio,0.2449,
Hit Rate,51.15%,
Avg Win (USD/MT),86.17,
Avg Loss (USD/MT),-81.31,
Profit Factor,1.115,
Max Consecutive Wins,10,
Max Consecutive Losses,14,
POSITION NOTE,Position[t] = Signal[t-1]  (1-day lag, no leakage),
PnL NOTE,Daily_PnL = Position * ΔF1_continuous  (roll cost captured),
Cum_PnL NOTE,Cum_PnL = cumsum(Daily_PnL)  [NOT Daily_change×abs(pos)],
,,
TRADEBOOK,,
Date,Strategy,F1_raw,F1_continuous,MA_35,MA_44,Crossover,Signal,Position,F1_cont_daily_change,Daily_PnL,MTM,Cum_PnL
2006-01-03 00:00:00,MA_Crossover(35,44),4584.0,4584.0,,,,,0.0,,,0.0,
2006-01-04 00:00:00,MA_Crossover(35,44),4675.5,4675.5,,,,,0.0,91.5,0.0,0.0,0.0
2006-01-05 00:00:00,MA_Crossover(35,44),4638.0,4638.0,,,,,0.0,-37.5,-0.0,0.0,0.0
2006-01-06 00:00:00,MA_Crossover(35,44),4634.0,4634.0,,,,,0.0,-4.0,-0.0,0.0,0.0
2006-01-09 00:00:00,MA_Crossover(35,44),4693.0,4693.0,,,,,0.0,59.0,0.0,0.0,0.0
2006-01-10 00:00:00,MA_Crossover(35,44),4689.0,4689.0,,,,,0.0,-4.0,-0.0,0.0,0.0
2006-01-11 00:00:00,MA_Crossover(35,44),4681.0,4681.0,,,,,0.0,-8.0,-0.0,0.0,0.0
2006-01-12 00:00:00,MA_Crossover(35,44),4659.0,4659.0,,,,,0.0,-22.0,-0.0,0.0,0.0
2006-01-13 00:00:00,MA_Crossover(35,44),4747.0,4747.0,,,,,0.0,88.0,0.0,0.0,0.0
2006-01-16 00:00:00,MA_Crossover(35,44),4711.0,4711.0,,,,,0.0,-36.0,-0.0,0.0,0.0
2006-01-17 00:00:00,MA_Crossover(35,44),4663.0,4663.0,,,,,0.0,-48.0,-0.0,0.0,0.0
2006-01-18 00:00:00,MA_Crossover(35,44),4703.0,4699.0,,,,,0.0,36.0,0.0,0.0,0.0
2006-01-19 00:00:00,MA_Crossover(35,44),4695.0,4690.0,,,,,0.0,-9.0,-0.0,0.0,0.0
2006-01-20 00:00:00,MA_Crossover(35,44),4636.0,4671.0,,,,,0.0,-19.0,-0.0,0.0,0.0
2006-01-23 00:00:00,MA_Crossover(35,44),4703.0,4738.0,,,,,0.0,67.0,0.0,0.0,0.0
2006-01-24 00:00:00,MA_Crossover(35,44),4743.0,4778.0,,,,,0.0,40.0,0.0,0.0,0.0
2006-01-25 00:00:00,MA_Crossover(35,44),4872.0,4907.0,,,,,0.0,129.0,0.0,0.0,0.0
2006-01-26 00:00:00,MA_Crossover(35,44),4859.0,4894.0,,,,,0.0,-13.0,-0.0,0.0,0.0
2006-01-27 00:00:00,MA_Crossover(35,44),4929.0,4964.0,,,,,0.0,70.0,0.0,0.0,0.0
2006-01-30 00:00:00,MA_Crossover(35,44),4915.0,4950.0,,,,,0.0,-14.0,-0.0,0.0,0.0
2006-01-31 00:00:00,MA_Crossover(35,44),4912.0,4947.0,,,,,0.0,-3.0,-0.0,0.0,0.0
2006-02-01 00:00:00,MA_Crossover(35,44),4937.0,4972.0,,,,,0.0,25.0,0.0,0.0,0.0
2006-02-02 00:00:00,MA_Crossover(35,44),5065.5,5100.5,,,,,0.0,128.5,0.0,0.0,0.0
2006-02-03 00:00:00,MA_Crossover(35,44),5092.0,5127.0,,,,,0.0,26.5,0.0,0.0,0.0
2006-02-06 00:00:00,MA_Crossover(35,44),5129.5,5164.5,,,,,0.0,37.5,0.0,0.0,0.0
2006-02-07 00:00:00,MA_Crossover(35,44),5035.0,5070.0,,,,,0.0,-94.5,-0.0,0.0,0.0
2006-02-08 00:00:00,MA_Crossover(35,44),5041.0,5076.0,,,,,0.0,6.0,0.0,0.0,0.0
2006-02-09 00:00:00,MA_Crossover(35,44),5081.0,5116.0,,,,,0.0,40.0,0.0,0.0,0.0
2006-02-10 00:00:00,MA_Crossover(35,44),4894.0,4929.0,,,,,0.0,-187.0,-0.0,0.0,0.0
2006-02-13 00:00:00,MA_Crossover(35,44),4934.0,4969.0,,,,,0.0,40.0,0.0,0.0,0.0
2006-02-14 00:00:00,MA_Crossover(35,44),4988.0,5019.0,,,,,0.0,50.0,0.0,0.0,0.0
2006-02-15 00:00:00,MA_Crossover(35,44),4834.0,4863.0,,,,,0.0,-156.0,-0.0,0.0,0.0
2006-02-16 00:00:00,MA_Crossover(35,44),4848.0,4876.0,,,,,0.0,13.0,0.0,0.0,0.0
2006-02-17 00:00:00,MA_Crossover(35,44),4864.0,4918.0,,,,,0.0,42.0,0.0,0.0,0.0
2006-02-20 00:00:00,MA_Crossover(35,44),4966.0,5020.0,4830.0143,,,,0.0,102.0,0.0,0.0,0.0
2006-02-21 00:00:00,MA_Crossover(35,44),5015.0,5069.0,4842.3286,,,,0.0,49.0,0.0,0.0,0.0
2006-02-22 00:00:00,MA_Crossover(35,44),5035.5,5089.5,4852.6143,,,,0.0,20.5,0.0,0.0,0.0
2006-02-23 00:00:00,MA_Crossover(35,44),4959.0,5013.0,4861.7857,,,,0.0,-76.5,-0.0,0.0,0.0
2006-02-24 00:00:00,MA_Crossover(35,44),4922.0,4976.0,4870.0143,,,,0.0,-37.0,-0.0,0.0,0.0
2006-02-27 00:00:00,MA_Crossover(35,44),4734.0,4788.0,4871.1857,,,,0.0,-188.0,-0.0,0.0,0.0
2006-02-28 00:00:00,MA_Crossover(35,44),4881.0,4935.0,4876.6714,,,,0.0,147.0,0.0,0.0,0.0
2006-03-01 00:00:00,MA_Crossover(35,44),4940.0,4994.0,4884.0714,,,,0.0,59.0,0.0,0.0,0.0
2006-03-02 00:00:00,MA_Crossover(35,44),5056.0,5110.0,4895.4143,,,,0.0,116.0,0.0,0.0,0.0
2006-03-03 00:00:00,MA_Crossover(35,44),5046.0,5100.0,4903.9571,4855.4318,48.5253,1.0,0.0,-10.0,-0.0,0.0,0.0
2006-03-06 00:00:00,MA_Crossover(35,44),4953.0,5007.0,4910.8714,4863.8182,47.0532,1.0,1.0,-93.0,-93.0,5007.0,-93.0
2006-03-07 00:00:00,MA_Crossover(35,44),4844.0,4898.0,4916.0429,4867.6477,48.3951,1.0,1.0,-109.0,-109.0,4898.0,-202.0
2006-03-08 00:00:00,MA_Crossover(35,44),4800.0,4854.0,4918.8143,4871.3295,47.4847,1.0,1.0,-44.0,-44.0,4854.0,-246.0
2006-03-09 00:00:00,MA_Crossover(35,44),4893.0,4947.0,4924.4714,4877.2159,47.2555,1.0,1.0,93.0,93.0,4947.0,-153.0
2006-03-10 00:00:00,MA_Crossover(35,44),4905.0,4959.0,4932.1571,4882.0341,50.1231,1.0,1.0,12.0,12.0,4959.0,-141.0
2006-03-13 00:00:00,MA_Crossover(35,44),4962.0,5016.0,4939.5571,4888.2386,51.3185,1.0,1.0,57.0,57.0,5016.0,-84.0
2006-03-14 00:00:00,MA_Crossover(35,44),4974.5,5018.5,4946.1714,4894.9091,51.2623,1.0,1.0,2.5,2.5,5018.5,-81.5
2006-03-15 00:00:00,MA_Crossover(35,44),5008.5,5052.5,4950.0714,4902.8523,47.2192,1.0,1.0,34.0,34.0,5052.5,-47.5
2006-03-16 00:00:00,MA_Crossover(35,44),4981.0,5027.5,4953.5571,4908.1705,45.3867,1.0,1.0,-25.0,-25.0,5027.5,-72.5
2006-03-17 00:00:00,MA_Crossover(35,44),5189.0,5264.5,4960.9857,4919.0341,41.9516,1.0,1.0,237.0,237.0,5264.5,164.5
2006-03-20 00:00:00,MA_Crossover(35,44),5164.0,5239.5,4968.1,4930.4205,37.6795,1.0,1.0,-25.0,-25.0,5239.5,139.5
2006-03-21 00:00:00,MA_Crossover(35,44),5161.0,5236.5,4975.2143,4940.8295,34.3847,1.0,1.0,-3.0,-3.0,5236.5,136.5
2006-03-22 00:00:00,MA_Crossover(35,44),5163.0,5238.5,4981.6714,4951.4659,30.2055,1.0,1.0,2.0,2.0,5238.5,138.5
2006-03-23 00:00:00,MA_Crossover(35,44),5290.0,5365.5,4988.0857,4966.3295,21.7562,1.0,1.0,127.0,127.0,5365.5,265.5
2006-03-24 00:00:00,MA_Crossover(35,44),5304.0,5379.5,4994.1429,4979.9886,14.1542,1.0,1.0,14.0,14.0,5379.5,279.5
2006-03-27 00:00:00,MA_Crossover(35,44),5360.5,5436.0,5000.7429,4994.0227,6.7201,1.0,1.0,56.5,56.5,5436.0,336.0
2006-03-28 00:00:00,MA_Crossover(35,44),5365.5,5441.0,5010.1857,5005.2386,4.9471,1.0,1.0,5.0,5.0,5441.0,341.0
2006-03-29 00:00:00,MA_Crossover(35,44),5391.0,5466.5,5020.1857,5017.3295,2.8562,1.0,1.0,25.5,25.5,5466.5,366.5
2006-03-30 00:00:00,MA_Crossover(35,44),5466.0,5541.5,5031.1857,5029.5341,1.6516,1.0,1.0,75.0,75.0,5541.5,441.5
2006-03-31 00:00:00,MA_Crossover(35,44),5440.0,5515.5,5046.7857,5041.4659,5.3198,1.0,1.0,-26.0,-26.0,5515.5,415.5
2006-04-03 00:00:00,MA_Crossover(35,44),5661.5,5737.0,5067.5714,5058.5,9.0714,1.0,1.0,221.5,221.5,5737.0,637.0
2006-04-04 00:00:00,MA_Crossover(35,44),5588.0,5663.5,5084.7143,5073.2955,11.4188,1.0,1.0,-73.5,-73.5,5663.5,563.5
2006-04-05 00:00:00,MA_Crossover(35,44),5742.5,5818.0,5110.6714,5088.6818,21.9896,1.0,1.0,154.5,154.5,5818.0,718.0
2006-04-06 00:00:00,MA_Crossover(35,44),5802.5,5878.0,5137.9429,5104.8295,33.1133,1.0,1.0,60.0,60.0,5878.0,778.0
2006-04-07 00:00:00,MA_Crossover(35,44),5751.0,5826.5,5163.2857,5118.9545,44.3312,1.0,1.0,-51.5,-51.5,5826.5,726.5
2006-04-10 00:00:00,MA_Crossover(35,44),5937.5,6013.0,5191.0429,5139.4659,51.5769,1.0,1.0,186.5,186.5,6013.0,913.0
2006-04-11 00:00:00,MA_Crossover(35,44),6010.0,6085.5,5219.4714,5161.4886,57.9828,1.0,1.0,72.5,72.5,6085.5,985.5
2006-04-12 00:00:00,MA_Crossover(35,44),6168.0,6243.5,5251.8286,5186.1932,65.6354,1.0,1.0,158.0,158.0,6243.5,1143.5
2006-04-13 00:00:00,MA_Crossover(35,44),6259.0,6334.5,5288.9714,5217.2159,71.7555,1.0,1.0,91.0,91.0,6334.5,1234.5
2006-04-18 00:00:00,MA_Crossover(35,44),6555.0,6630.5,5335.6286,5254.0568,81.5718,1.0,1.0,296.0,296.0,6630.5,1530.5
2006-04-19 00:00:00,MA_Crossover(35,44),6479.0,6554.5,5385.4857,5287.9432,97.5425,1.0,1.0,-76.0,-76.0,6554.5,1454.5
2006-04-20 00:00:00,MA_Crossover(35,44),6370.0,6445.5,5428.0286,5322.8523,105.1763,1.0,1.0,-109.0,-109.0,6445.5,1345.5
2006-04-21 00:00:00,MA_Crossover(35,44),6857.0,6932.5,5482.8,5368.5114,114.2886,1.0,1.0,487.0,487.0,6932.5,1832.5
2006-04-24 00:00:00,MA_Crossover(35,44),6884.0,6959.5,5535.0286,5414.4205,120.6081,1.0,1.0,27.0,27.0,6959.5,1859.5
2006-04-25 00:00:00,MA_Crossover(35,44),7327.0,7402.5,5600.2,5468.0795,132.1205,1.0,1.0,443.0,443.0,7402.5,2302.5
2006-04-26 00:00:00,MA_Crossover(35,44),7427.0,7502.5,5670.8857,5522.8977,147.988,1.0,1.0,100.0,100.0,7502.5,2402.5
2006-04-27 00:00:00,MA_Crossover(35,44),7182.0,7257.5,5737.6857,5571.6818,166.0039,1.0,1.0,-245.0,-245.0,7257.5,2157.5
2006-04-28 00:00:00,MA_Crossover(35,44),7118.0,7193.5,5803.9143,5620.75,183.1643,1.0,1.0,-64.0,-64.0,7193.5,2093.5
2006-05-02 00:00:00,MA_Crossover(35,44),7269.0,7344.5,5871.8,5674.0909,197.7091,1.0,1.0,151.0,151.0,7344.5,2244.5
2006-05-03 00:00:00,MA_Crossover(35,44),7226.0,7301.5,5938.1143,5730.7273,207.387,1.0,1.0,-43.0,-43.0,7301.5,2201.5
2006-05-04 00:00:00,MA_Crossover(35,44),7776.0,7851.5,6018.5143,5796.5227,221.9916,1.0,1.0,550.0,550.0,7851.5,2751.5
2006-05-05 00:00:00,MA_Crossover(35,44),7769.0,7844.5,6098.3571,5860.8182,237.539,1.0,1.0,-7.0,-7.0,7844.5,2744.5
2006-05-08 00:00:00,MA_Crossover(35,44),7748.0,7823.5,6176.6286,5922.0,254.6286,1.0,1.0,-21.0,-21.0,7823.5,2723.5
2006-05-09 00:00:00,MA_Crossover(35,44),7942.0,8017.5,6261.2286,5987.8182,273.4104,1.0,1.0,194.0,194.0,8017.5,2917.5
2006-05-10 00:00:00,MA_Crossover(35,44),8237.0,8312.5,6348.3143,6062.4545,285.8597,1.0,1.0,295.0,295.0,8312.5,3212.5
2006-05-11 00:00:00,MA_Crossover(35,44),8796.0,8871.5,6452.0857,6152.2727,299.813,1.0,1.0,559.0,559.0,8871.5,3771.5
2006-05-12 00:00:00,MA_Crossover(35,44),8634.0,8709.5,6551.3143,6239.4091,311.9052,1.0,1.0,-162.0,-162.0,8709.5,3609.5
2006-05-15 00:00:00,MA_Crossover(35,44),8345.0,8420.5,6642.2286,6317.8636,324.3649,1.0,1.0,-289.0,-289.0,8420.5,3320.5
2006-05-16 00:00:00,MA_Crossover(35,44),8435.0,8520.5,6732.0857,6398.0909,333.9948,1.0,1.0,100.0,100.0,8520.5,3420.5
2006-05-17 00:00:00,MA_Crossover(35,44),8231.0,8318.5,6815.7143,6472.3864,343.3279,1.0,1.0,-202.0,-202.0,8318.5,3218.5
2006-05-18 00:00:00,MA_Crossover(35,44),8200.0,8290.5,6896.8429,6545.6932,351.1497,1.0,1.0,-28.0,-28.0,8290.5,3190.5
2006-05-19 00:00:00,MA_Crossover(35,44),7646.0,7771.5,6962.0,6605.6364,356.3636,1.0,1.0,-519.0,-519.0,7771.5,2671.5
2006-05-22 00:00:00,MA_Crossover(35,44),7673.0,7798.5,7027.2,6666.8182,360.3818,1.0,1.0,27.0,27.0,7798.5,2698.5
2006-05-23 00:00:00,MA_Crossover(35,44),8600.0,8725.5,7116.7429,6744.3409,372.4019,1.0,1.0,927.0,927.0,8725.5,3625.5
2006-05-24 00:00:00,MA_Crossover(35,44),7955.0,8080.5,7188.6,6807.7727,380.8273,1.0,1.0,-645.0,-645.0,8080.5,2980.5
2006-05-25 00:00:00,MA_Crossover(35,44),8230.0,8355.5,7261.9857,6877.5227,384.463,1.0,1.0,275.0,275.0,8355.5,3255.5
2006-05-26 00:00:00,MA_Crossover(35,44),8349.0,8474.5,7340.8714,6949.9318,390.9396,1.0,1.0,119.0,119.0,8474.5,3374.5
2006-05-30 00:00:00,MA_Crossover(35,44),8060.0,8185.5,7407.0857,7012.8864,394.1994,1.0,1.0,-289.0,-289.0,8185.5,3085.5
2006-05-31 00:00:00,MA_Crossover(35,44),8001.0,8126.5,7469.9,7074.1818,395.7182,1.0,1.0,-59.0,-59.0,8126.5,3026.5
2006-06-01 00:00:00,MA_Crossover(35,44),7807.0,7932.5,7528.6429,7129.7841,398.8588,1.0,1.0,-194.0,-194.0,7932.5,2832.5
2006-06-02 00:00:00,MA_Crossover(35,44),7967.0,8092.5,7586.6286,7188.9091,397.7195,1.0,1.0,160.0,160.0,8092.5,2992.5
2006-06-05 00:00:00,MA_Crossover(35,44),7855.0,7980.5,7639.3429,7244.9091,394.4338,1.0,1.0,-112.0,-112.0,7980.5,2880.5
2006-06-06 00:00:00,MA_Crossover(35,44),7603.0,7728.5,7680.3429,7293.4773,386.8656,1.0,1.0,-252.0,-252.0,7728.5,2628.5
2006-06-07 00:00:00,MA_Crossover(35,44),7890.0,8015.5,7726.9429,7349.1591,377.7838,1.0,1.0,287.0,287.0,8015.5,2915.5
2006-06-08 00:00:00,MA_Crossover(35,44),7407.0,7532.5,7751.2857,7388.8295,362.4562,1.0,1.0,-483.0,-483.0,7532.5,2432.5
2006-06-09 00:00:00,MA_Crossover(35,44),7311.0,7436.5,7775.0571,7427.9886,347.0685,1.0,1.0,-96.0,-96.0,7436.5,2336.5
2006-06-12 00:00:00,MA_Crossover(35,44),7137.0,7262.5,7796.9714,7459.6818,337.2896,1.0,1.0,-174.0,-174.0,7262.5,2162.5
2006-06-13 00:00:00,MA_Crossover(35,44),6677.5,6803.0,7791.8429,7479.5682,312.2747,1.0,1.0,-459.5,-459.5,6803.0,1703.0
2006-06-14 00:00:00,MA_Crossover(35,44),6766.0,6891.5,7788.4714,7502.6364,285.8351,1.0,1.0,88.5,88.5,6891.5,1791.5
2006-06-15 00:00:00,MA_Crossover(35,44),7140.0,7265.5,7783.1286,7529.9659,253.1627,1.0,1.0,374.0,374.0,7265.5,2165.5
2006-06-16 00:00:00,MA_Crossover(35,44),7109.0,7234.5,7774.0429,7554.9432,219.0997,1.0,1.0,-31.0,-31.0,7234.5,2134.5
2006-06-19 00:00:00,MA_Crossover(35,44),6893.0,7018.5,7765.7857,7571.4205,194.3653,1.0,1.0,-216.0,-216.0,7018.5,1918.5
2006-06-20 00:00:00,MA_Crossover(35,44),6827.5,6938.5,7757.4857,7584.3409,173.1448,1.0,1.0,-80.0,-80.0,6938.5,1838.5
2006-06-21 00:00:00,MA_Crossover(35,44),6888.0,6998.5,7746.6,7591.9091,154.6909,1.0,1.0,60.0,60.0,6998.5,1898.5
2006-06-22 00:00:00,MA_Crossover(35,44),6812.0,6916.5,7734.7714,7599.4773,135.2942,1.0,1.0,-82.0,-82.0,6916.5,1816.5
2006-06-23 00:00:00,MA_Crossover(35,44),6885.0,7035.5,7709.3143,7611.1818,98.1325,1.0,1.0,119.0,119.0,7035.5,1935.5
2006-06-26 00:00:00,MA_Crossover(35,44),7110.0,7260.5,7690.4857,7616.9318,73.5539,1.0,1.0,225.0,225.0,7260.5,2160.5
2006-06-27 00:00:00,MA_Crossover(35,44),6855.0,7005.5,7664.9714,7616.2727,48.6987,1.0,1.0,-255.0,-255.0,7005.5,1905.5
2006-06-28 00:00:00,MA_Crossover(35,44),7010.0,7160.5,7638.3429,7609.0682,29.2747,1.0,1.0,155.0,155.0,7160.5,2060.5
2006-06-29 00:00:00,MA_Crossover(35,44),7413.0,7563.5,7614.8,7608.75,6.05,1.0,1.0,403.0,403.0,7563.5,2463.5
2006-06-30 00:00:00,MA_Crossover(35,44),7425.0,7575.5,7575.6286,7614.2727,-38.6442,-1.0,1.0,12.0,12.0,7575.5,2475.5
2006-07-03 00:00:00,MA_Crossover(35,44),7381.0,7531.5,7539.8286,7620.25,-80.4214,-1.0,-1.0,-44.0,44.0,-7531.5,2519.5
2006-07-04 00:00:00,MA_Crossover(35,44),7518.0,7668.5,7516.2,7625.9091,-109.7091,-1.0,-1.0,137.0,-137.0,-7668.5,2382.5
2006-07-05 00:00:00,MA_Crossover(35,44),7477.0,7627.5,7488.8286,7631.6136,-142.7851,-1.0,-1.0,-41.0,41.0,-7627.5,2423.5
2006-07-06 00:00:00,MA_Crossover(35,44),7954.0,8104.5,7480.9143,7635.6591,-154.7448,-1.0,-1.0,477.0,-477.0,-8104.5,1946.5
2006-07-07 00:00:00,MA_Crossover(35,44),7840.0,7990.5,7470.6286,7637.2727,-166.6442,-1.0,-1.0,-114.0,114.0,-7990.5,2060.5
2006-07-10 00:00:00,MA_Crossover(35,44),7851.0,8001.5,7476.4857,7639.6136,-163.1279,-1.0,-1.0,11.0,-11.0,-8001.5,2049.5
2006-07-11 00:00:00,MA_Crossover(35,44),8022.0,8172.5,7486.4571,7641.4318,-154.9747,-1.0,-1.0,171.0,-171.0,-8172.5,1878.5
2006-07-12 00:00:00,MA_Crossover(35,44),8159.0,8309.5,7473.8571,7639.6591,-165.8019,-1.0,-1.0,137.0,-137.0,-8309.5,1741.5
2006-07-13 00:00:00,MA_Crossover(35,44),8035.0,8185.5,7476.1429,7622.3636,-146.2208,-1.0,-1.0,-124.0,124.0,-8185.5,1865.5
2006-07-14 00:00:00,MA_Crossover(35,44),8196.0,8346.5,7475.1714,7612.4091,-137.2377,-1.0,-1.0,161.0,-161.0,-8346.5,1704.5
2006-07-17 00:00:00,MA_Crossover(35,44),7838.0,7988.5,7460.5714,7600.8864,-140.3149,-1.0,-1.0,-358.0,358.0,-7988.5,2062.5
2006-07-18 00:00:00,MA_Crossover(35,44),7890.5,8030.0,7455.7286,7588.5114,-132.7828,-1.0,-1.0,41.5,-41.5,-8030.0,2021.0
2006-07-19 00:00:00,MA_Crossover(35,44),7870.0,8014.5,7451.9857,7580.3068,-128.3211,-1.0,-1.0,-15.5,15.5,-8014.5,2036.5
2006-07-20 00:00:00,MA_Crossover(35,44),7430.0,7578.5,7441.2143,7562.8068,-121.5925,-1.0,-1.0,-436.0,436.0,-7578.5,2472.5
2006-07-21 00:00:00,MA_Crossover(35,44),7102.0,7272.5,7416.5,7550.4432,-133.9432,-1.0,-1.0,-306.0,306.0,-7272.5,2778.5
2006-07-24 00:00:00,MA_Crossover(35,44),7223.0,7393.5,7398.4429,7540.2159,-141.7731,-1.0,-1.0,121.0,-121.0,-7393.5,2657.5
2006-07-25 00:00:00,MA_Crossover(35,44),7516.0,7686.5,7395.9571,7515.5795,-119.6224,-1.0,-1.0,293.0,-293.0,-7686.5,2364.5
2006-07-26 00:00:00,MA_Crossover(35,44),7537.0,7707.5,7385.8714,7506.0795,-120.2081,-1.0,-1.0,21.0,-21.0,-7707.5,2343.5
2006-07-27 00:00:00,MA_Crossover(35,44),7601.0,7771.5,7391.4143,7491.7841,-100.3698,-1.0,-1.0,64.0,-64.0,-7771.5,2279.5
2006-07-28 00:00:00,MA_Crossover(35,44),7743.0,7913.5,7403.7571,7478.0114,-74.2542,-1.0,-1.0,142.0,-142.0,-7913.5,2137.5
2006-07-31 00:00:00,MA_Crossover(35,44),8032.0,8202.5,7429.3286,7477.375,-48.0464,-1.0,-1.0,289.0,-289.0,-8202.5,1848.5
2006-08-01 00:00:00,MA_Crossover(35,44),7849.0,8019.5,7462.8,7473.9205,-11.1205,-1.0,-1.0,-183.0,183.0,-8019.5,2031.5
2006-08-02 00:00:00,MA_Crossover(35,44),7884.0,8054.5,7494.7429,7475.6705,19.0724,1.0,-1.0,35.0,-35.0,-8054.5,1996.5
2006-08-03 00:00:00,MA_Crossover(35,44),7550.0,7720.5,7506.4571,7466.1932,40.264,1.0,1.0,-334.0,-334.0,7720.5,1662.5
2006-08-04 00:00:00,MA_Crossover(35,44),7915.0,8085.5,7529.4857,7467.5568,61.9289,1.0,1.0,365.0,365.0,8085.5,2027.5
2006-08-07 00:00:00,MA_Crossover(35,44),7966.0,8136.5,7560.1429,7475.8068,84.336,1.0,1.0,51.0,51.0,8136.5,2078.5
2006-08-08 00:00:00,MA_Crossover(35,44),7955.0,8125.5,7592.3571,7477.2841,115.0731,1.0,1.0,-11.0,-11.0,8125.5,2067.5
2006-08-09 00:00:00,MA_Crossover(35,44),8102.0,8272.5,7627.0429,7493.0795,133.9633,1.0,1.0,147.0,147.0,8272.5,2214.5
2006-08-10 00:00:00,MA_Crossover(35,44),7943.0,8113.5,7659.3571,7507.4432,151.914,1.0,1.0,-159.0,-159.0,8113.5,2055.5
2006-08-11 00:00:00,MA_Crossover(35,44),7618.0,7788.5,7680.3,7518.375,161.925,1.0,1.0,-325.0,-325.0,7788.5,1730.5
2006-08-14 00:00:00,MA_Crossover(35,44),7686.0,7856.5,7696.7571,7541.2955,155.4617,1.0,1.0,68.0,68.0,7856.5,1798.5
2006-08-15 00:00:00,MA_Crossover(35,44),7687.0,7839.5,7720.5286,7562.2273,158.3013,1.0,1.0,-17.0,-17.0,7839.5,1781.5
2006-08-16 00:00:00,MA_Crossover(35,44),7741.0,7892.5,7741.4143,7575.8864,165.5279,1.0,1.0,53.0,53.0,7892.5,1834.5
2006-08-17 00:00:00,MA_Crossover(35,44),7334.0,7484.5,7739.1571,7581.0,158.1571,1.0,1.0,-408.0,-408.0,7484.5,1426.5
2006-08-18 00:00:00,MA_Crossover(35,44),7527.0,7689.5,7742.0714,7595.4091,146.6623,1.0,1.0,205.0,205.0,7689.5,1631.5
2006-08-21 00:00:00,MA_Crossover(35,44),7696.0,7858.5,7751.0714,7615.1477,135.9237,1.0,1.0,169.0,169.0,7858.5,1800.5
2006-08-22 00:00:00,MA_Crossover(35,44),7655.0,7817.5,7754.9857,7632.5795,122.4062,1.0,1.0,-41.0,-41.0,7817.5,1759.5
2006-08-23 00:00:00,MA_Crossover(35,44),7635.0,7797.5,7759.5,7651.2841,108.2159,1.0,1.0,-20.0,-20.0,7797.5,1739.5
2006-08-24 00:00:00,MA_Crossover(35,44),7456.0,7618.5,7745.2714,7664.2614,81.0101,1.0,1.0,-179.0,-179.0,7618.5,1560.5
2006-08-25 00:00:00,MA_Crossover(35,44),7585.0,7747.5,7737.9857,7675.0568,62.9289,1.0,1.0,129.0,129.0,7747.5,1689.5
2006-08-29 00:00:00,MA_Crossover(35,44),7422.0,7584.5,7725.7286,7687.9432,37.7854,1.0,1.0,-163.0,-163.0,7584.5,1526.5
2006-08-30 00:00:00,MA_Crossover(35,44),7475.0,7637.5,7710.1,7698.5114,11.5886,1.0,1.0,53.0,53.0,7637.5,1579.5
2006-08-31 00:00:00,MA_Crossover(35,44),7728.0,7890.5,7697.7857,7705.6705,-7.8847,-1.0,1.0,253.0,253.0,7890.5,1832.5
2006-09-01 00:00:00,MA_Crossover(35,44),7616.0,7778.5,7685.8143,7710.0114,-24.1971,-1.0,-1.0,-112.0,112.0,-7778.5,1944.5
2006-09-04 00:00:00,MA_Crossover(35,44),7679.0,7841.5,7671.0429,7716.7841,-45.7412,-1.0,-1.0,63.0,-63.0,-7841.5,1881.5
2006-09-05 00:00:00,MA_Crossover(35,44),7956.0,8118.5,7674.4143,7726.7386,-52.3244,-1.0,-1.0,277.0,-277.0,-8118.5,1604.5
2006-09-06 00:00:00,MA_Crossover(35,44),8076.0,8238.5,7679.7143,7740.3523,-60.638,-1.0,-1.0,120.0,-120.0,-8238.5,1484.5
2006-09-07 00:00:00,MA_Crossover(35,44),8047.0,8209.5,7684.7714,7742.4659,-57.6945,-1.0,-1.0,-29.0,29.0,-8209.5,1513.5
2006-09-08 00:00:00,MA_Crossover(35,44),7844.0,8006.5,7696.6,7742.5568,-45.9568,-1.0,-1.0,-203.0,203.0,-8006.5,1716.5
2006-09-11 00:00:00,MA_Crossover(35,44),7485.0,7647.5,7707.5429,7734.2386,-26.6958,-1.0,-1.0,-359.0,359.0,-7647.5,2075.5
2006-09-12 00:00:00,MA_Crossover(35,44),7590.0,7752.5,7718.0286,7724.4205,-6.3919,-1.0,-1.0,105.0,-105.0,-7752.5,1970.5
2006-09-13 00:00:00,MA_Crossover(35,44),7488.5,7651.0,7717.2429,7709.1818,8.061,1.0,-1.0,-101.5,101.5,-7651.0,2072.0
2006-09-14 00:00:00,MA_Crossover(35,44),7441.0,7603.5,7714.5,7695.6818,18.8182,1.0,1.0,-47.5,-47.5,7603.5,2024.5
2006-09-15 00:00:00,MA_Crossover(35,44),7282.0,7444.5,7705.3857,7674.9091,30.4766,1.0,1.0,-159.0,-159.0,7444.5,1865.5
2006-09-18 00:00:00,MA_Crossover(35,44),7459.0,7621.5,7697.2714,7666.2955,30.976,1.0,1.0,177.0,177.0,7621.5,2042.5
2006-09-19 00:00:00,MA_Crossover(35,44),7509.0,7668.5,7682.3286,7657.625,24.7036,1.0,1.0,47.0,47.0,7668.5,2089.5
2006-09-20 00:00:00,MA_Crossover(35,44),7466.0,7623.5,7671.3857,7648.4432,22.9425,1.0,1.0,-45.0,-45.0,7623.5,2044.5
2006-09-21 00:00:00,MA_Crossover(35,44),7589.0,7740.5,7662.9571,7652.0568,10.9003,1.0,1.0,117.0,117.0,7740.5,2161.5
2006-09-22 00:00:00,MA_Crossover(35,44),7583.0,7744.5,7663.9,7662.9886,0.9114,1.0,1.0,4.0,4.0,7744.5,2165.5
2006-09-25 00:00:00,MA_Crossover(35,44),7545.0,7706.5,7653.3286,7670.3068,-16.9782,-1.0,1.0,-38.0,-38.0,7706.5,2127.5
2006-09-26 00:00:00,MA_Crossover(35,44),7690.0,7851.5,7645.4429,7674.2614,-28.8185,-1.0,-1.0,145.0,-145.0,-7851.5,1982.5
2006-09-27 00:00:00,MA_Crossover(35,44),7647.0,7808.5,7636.6429,7676.7614,-40.1185,-1.0,-1.0,-43.0,43.0,-7808.5,2025.5
2006-09-28 00:00:00,MA_Crossover(35,44),7498.0,7659.5,7619.3857,7674.4205,-55.0347,-1.0,-1.0,-149.0,149.0,-7659.5,2174.5
2006-09-29 00:00:00,MA_Crossover(35,44),7569.0,7730.5,7608.7,7670.4659,-61.7659,-1.0,-1.0,71.0,-71.0,-7730.5,2103.5
2006-10-02 00:00:00,MA_Crossover(35,44),7532.0,7693.5,7606.2429,7659.1023,-52.8594,-1.0,-1.0,-37.0,37.0,-7693.5,2140.5
2006-10-03 00:00:00,MA_Crossover(35,44),7355.0,7516.5,7596.7857,7647.875,-51.0893,-1.0,-1.0,-177.0,177.0,-7516.5,2317.5
2006-10-04 00:00:00,MA_Crossover(35,44),7059.0,7220.5,7578.8429,7629.125,-50.2821,-1.0,-1.0,-296.0,296.0,-7220.5,2613.5
2006-10-05 00:00:00,MA_Crossover(35,44),7333.0,7494.5,7567.1857,7624.1932,-57.0075,-1.0,-1.0,274.0,-274.0,-7494.5,2339.5
2006-10-06 00:00:00,MA_Crossover(35,44),7494.0,7655.5,7571.7571,7614.625,-42.8679,-1.0,-1.0,161.0,-161.0,-7655.5,2178.5
2006-10-09 00:00:00,MA_Crossover(35,44),7490.0,7651.5,7570.7,7603.8068,-33.1068,-1.0,-1.0,-4.0,4.0,-7651.5,2182.5
2006-10-10 00:00:00,MA_Crossover(35,44),7473.0,7634.5,7564.3286,7592.8523,-28.5237,-1.0,-1.0,-17.0,17.0,-7634.5,2199.5
2006-10-11 00:00:00,MA_Crossover(35,44),7570.0,7731.5,7561.9,7580.7614,-18.8614,-1.0,-1.0,97.0,-97.0,-7731.5,2102.5
2006-10-12 00:00:00,MA_Crossover(35,44),7527.0,7688.5,7558.8143,7571.3068,-12.4925,-1.0,-1.0,-43.0,43.0,-7688.5,2145.5
2006-10-13 00:00:00,MA_Crossover(35,44),7506.0,7667.5,7560.2429,7568.7614,-8.5185,-1.0,-1.0,-21.0,21.0,-7667.5,2166.5
2006-10-16 00:00:00,MA_Crossover(35,44),7814.0,7975.5,7566.7857,7571.6705,-4.8847,-1.0,-1.0,308.0,-308.0,-7975.5,1858.5
2006-10-17 00:00:00,MA_Crossover(35,44),7668.0,7834.5,7573.8143,7571.2386,2.5756,1.0,-1.0,-141.0,141.0,-7834.5,1999.5
2006-10-18 00:00:00,MA_Crossover(35,44),7675.5,7843.0,7579.5429,7569.75,9.7929,1.0,1.0,8.5,8.5,7843.0,2008.0
2006-10-19 00:00:00,MA_Crossover(35,44),7686.0,7854.5,7578.3429,7577.75,0.5929,1.0,1.0,11.5,11.5,7854.5,2019.5
2006-10-20 00:00:00,MA_Crossover(35,44),7590.0,7762.5,7577.6,7579.1818,-1.5818,-1.0,1.0,-92.0,-92.0,7762.5,1927.5
2006-10-23 00:00:00,MA_Crossover(35,44),7571.0,7743.5,7574.5143,7576.3409,-1.8266,-1.0,-1.0,-19.0,19.0,-7743.5,1946.5
2006-10-24 00:00:00,MA_Crossover(35,44),7516.0,7688.5,7561.9429,7573.1818,-11.239,-1.0,-1.0,-55.0,55.0,-7688.5,2001.5
2006-10-25 00:00:00,MA_Crossover(35,44),7481.0,7653.5,7544.9429,7569.6818,-24.739,-1.0,-1.0,-35.0,35.0,-7653.5,2036.5
2006-10-26 00:00:00,MA_Crossover(35,44),7466.0,7638.5,7528.3429,7569.9091,-41.5662,-1.0,-1.0,-15.0,15.0,-7638.5,2051.5
2006-10-27 00:00:00,MA_Crossover(35,44),7489.0,7661.5,7518.2,7567.7273,-49.5273,-1.0,-1.0,23.0,-23.0,-7661.5,2028.5
2006-10-30 00:00:00,MA_Crossover(35,44),7381.0,7553.5,7515.2286,7566.7955,-51.5669,-1.0,-1.0,-108.0,108.0,-7553.5,2136.5
2006-10-31 00:00:00,MA_Crossover(35,44),7387.5,7560.0,7509.4429,7564.8068,-55.364,-1.0,-1.0,6.5,-6.5,-7560.0,2130.0
2006-11-01 00:00:00,MA_Crossover(35,44),7152.0,7324.5,7499.8286,7551.7159,-51.8873,-1.0,-1.0,-235.5,235.5,-7324.5,2365.5
2006-11-02 00:00:00,MA_Crossover(35,44),7247.5,7420.0,7494.3,7543.3409,-49.0409,-1.0,-1.0,95.5,-95.5,-7420.0,2270.0
2006-11-03 00:00:00,MA_Crossover(35,44),7334.5,7507.0,7495.8,7535.5114,-39.7114,-1.0,-1.0,87.0,-87.0,-7507.0,2183.0
2006-11-06 00:00:00,MA_Crossover(35,44),7360.0,7532.5,7492.9714,7521.9659,-28.9945,-1.0,-1.0,25.5,-25.5,-7532.5,2157.5
2006-11-07 00:00:00,MA_Crossover(35,44),7410.5,7583.0,7490.1571,7506.8409,-16.6838,-1.0,-1.0,50.5,-50.5,-7583.0,2107.0
2006-11-08 00:00:00,MA_Crossover(35,44),7106.0,7278.5,7479.8714,7485.4545,-5.5831,-1.0,-1.0,-304.5,304.5,-7278.5,2411.5
2006-11-09 00:00:00,MA_Crossover(35,44),7308.0,7480.5,7471.8429,7473.2727,-1.4299,-1.0,-1.0,202.0,-202.0,-7480.5,2209.5
2006-11-10 00:00:00,MA_Crossover(35,44),6900.5,7073.0,7452.3429,7459.9886,-7.6458,-1.0,-1.0,-407.5,407.5,-7073.0,2617.0
2006-11-13 00:00:00,MA_Crossover(35,44),6775.0,6947.5,7430.3429,7441.4659,-11.1231,-1.0,-1.0,-125.5,125.5,-6947.5,2742.5
2006-11-14 00:00:00,MA_Crossover(35,44),6834.0,6865.5,7405.8857,7426.5909,-20.7052,-1.0,-1.0,-82.0,82.0,-6865.5,2824.5
2006-11-15 00:00:00,MA_Crossover(35,44),6896.0,6927.5,7384.4286,7414.2045,-29.776,-1.0,-1.0,62.0,-62.0,-6927.5,2762.5
2006-11-16 00:00:00,MA_Crossover(35,44),6795.0,6826.5,7364.3429,7403.1364,-38.7935,-1.0,-1.0,-101.0,101.0,-6826.5,2863.5
2006-11-17 00:00:00,MA_Crossover(35,44),6781.0,6797.5,7341.8286,7387.7273,-45.8987,-1.0,-1.0,-29.0,29.0,-6797.5,2892.5
2006-11-20 00:00:00,MA_Crossover(35,44),6826.0,6842.5,7321.6571,7372.2045,-50.5474,-1.0,-1.0,45.0,-45.0,-6842.5,2847.5
2006-11-21 00:00:00,MA_Crossover(35,44),6972.0,6988.5,7310.7143,7360.9773,-50.263,-1.0,-1.0,146.0,-146.0,-6988.5,2701.5
2006-11-22 00:00:00,MA_Crossover(35,44),6886.0,6902.5,7305.7714,7345.0,-39.2286,-1.0,-1.0,-86.0,86.0,-6902.5,2787.5
2006-11-23 00:00:00,MA_Crossover(35,44),6964.0,6980.5,7295.2286,7330.9318,-35.7032,-1.0,-1.0,78.0,-78.0,-6980.5,2709.5
2006-11-24 00:00:00,MA_Crossover(35,44),7136.0,7152.5,7285.0,7321.6364,-36.6364,-1.0,-1.0,172.0,-172.0,-7152.5,2537.5
2006-11-27 00:00:00,MA_Crossover(35,44),7070.0,7086.5,7273.0,7307.5455,-34.5455,-1.0,-1.0,-66.0,66.0,-7086.5,2603.5
2006-11-28 00:00:00,MA_Crossover(35,44),6950.0,6966.5,7258.0571,7291.7045,-33.6474,-1.0,-1.0,-120.0,120.0,-6966.5,2723.5
2006-11-29 00:00:00,MA_Crossover(35,44),6980.0,6996.5,7241.2,7279.9318,-38.7318,-1.0,-1.0,30.0,-30.0,-6996.5,2693.5
2006-11-30 00:00:00,MA_Crossover(35,44),7055.0,7071.5,7227.7143,7268.25,-40.5357,-1.0,-1.0,75.0,-75.0,-7071.5,2618.5
2006-12-01 00:00:00,MA_Crossover(35,44),6978.0,6994.5,7212.6286,7255.6591,-43.0305,-1.0,-1.0,-77.0,77.0,-6994.5,2695.5
2006-12-04 00:00:00,MA_Crossover(35,44),6975.0,6991.5,7188.6571,7247.0227,-58.3656,-1.0,-1.0,-3.0,3.0,-6991.5,2698.5
2006-12-05 00:00:00,MA_Crossover(35,44),7150.0,7166.5,7173.8571,7249.0909,-75.2338,-1.0,-1.0,175.0,-175.0,-7166.5,2523.5
2006-12-06 00:00:00,MA_Crossover(35,44),6959.0,6975.5,7153.3857,7240.5909,-87.2052,-1.0,-1.0,-191.0,191.0,-6975.5,2714.5
2006-12-07 00:00:00,MA_Crossover(35,44),6863.0,6879.5,7129.8714,7226.25,-96.3786,-1.0,-1.0,-96.0,96.0,-6879.5,2810.5
2006-12-08 00:00:00,MA_Crossover(35,44),6857.5,6874.0,7108.9429,7211.875,-102.9321,-1.0,-1.0,-5.5,5.5,-6874.0,2816.0
2006-12-11 00:00:00,MA_Crossover(35,44),6903.0,6919.5,7089.8571,7198.9205,-109.0633,-1.0,-1.0,45.5,-45.5,-6919.5,2770.5
2006-12-12 00:00:00,MA_Crossover(35,44),6828.0,6844.5,7070.2,7182.0568,-111.8568,-1.0,-1.0,-75.0,75.0,-6844.5,2845.5
2006-12-13 00:00:00,MA_Crossover(35,44),6692.0,6708.5,7047.6571,7163.0795,-115.4224,-1.0,-1.0,-136.0,136.0,-6708.5,2981.5
2006-12-14 00:00:00,MA_Crossover(35,44),6755.0,6771.5,7027.3429,7146.0114,-118.6685,-1.0,-1.0,63.0,-63.0,-6771.5,2918.5
2006-12-15 00:00:00,MA_Crossover(35,44),6626.0,6642.5,7002.6857,7119.0114,-116.3256,-1.0,-1.0,-129.0,129.0,-6642.5,3047.5
2006-12-18 00:00:00,MA_Crossover(35,44),6644.0,6660.5,6981.6286,7095.7386,-114.1101,-1.0,-1.0,18.0,-18.0,-6660.5,3029.5
2006-12-19 00:00:00,MA_Crossover(35,44),6626.0,6638.5,6959.8714,7071.8864,-112.0149,-1.0,-1.0,-22.0,22.0,-6638.5,3051.5
2006-12-20 00:00:00,MA_Crossover(35,44),6511.0,6522.5,6941.5571,7045.1818,-103.6247,-1.0,-1.0,-116.0,116.0,-6522.5,3167.5
2006-12-21 00:00:00,MA_Crossover(35,44),6313.0,6323.5,6914.8571,7016.1591,-101.3019,-1.0,-1.0,-199.0,199.0,-6323.5,3366.5
2006-12-22 00:00:00,MA_Crossover(35,44),6313.0,6313.5,6885.6714,6987.5682,-101.8968,-1.0,-1.0,-10.0,10.0,-6313.5,3376.5
2006-12-27 00:00:00,MA_Crossover(35,44),6369.0,6369.5,6857.3571,6961.5,-104.1429,-1.0,-1.0,56.0,-56.0,-6369.5,3320.5
2006-12-28 00:00:00,MA_Crossover(35,44),6369.0,6369.5,6827.6,6936.2273,-108.6273,-1.0,-1.0,0.0,-0.0,-6369.5,3320.5
2006-12-29 00:00:00,MA_Crossover(35,44),6318.0,6318.5,6805.0857,6910.1364,-105.0506,-1.0,-1.0,-51.0,51.0,-6318.5,3371.5
2007-01-02 00:00:00,MA_Crossover(35,44),6089.0,6089.5,6770.2571,6878.3182,-108.061,-1.0,-1.0,-229.0,229.0,-6089.5,3600.5
2007-01-03 00:00:00,MA_Crossover(35,44),5833.0,5833.5,6739.7571,6843.1364,-103.3792,-1.0,-1.0,-256.0,256.0,-5833.5,3856.5
2007-01-04 00:00:00,MA_Crossover(35,44),5704.0,5704.5,6709.1571,6804.875,-95.7179,-1.0,-1.0,-129.0,129.0,-5704.5,3985.5
2007-01-05 00:00:00,MA_Crossover(35,44),5600.0,5600.5,6673.9,6769.6023,-95.7023,-1.0,-1.0,-104.0,104.0,-5600.5,4089.5
2007-01-08 00:00:00,MA_Crossover(35,44),5598.0,5598.5,6636.8143,6732.1136,-95.2994,-1.0,-1.0,-2.0,2.0,-5598.5,4091.5
2007-01-09 00:00:00,MA_Crossover(35,44),5611.0,5611.5,6602.9857,6692.9432,-89.9575,-1.0,-1.0,13.0,-13.0,-5611.5,4078.5
2007-01-10 00:00:00,MA_Crossover(35,44),5867.5,5868.0,6576.8857,6659.0227,-82.137,-1.0,-1.0,256.5,-256.5,-5868.0,3822.0
2007-01-11 00:00:00,MA_Crossover(35,44),5891.0,5891.5,6550.1714,6624.4886,-74.3172,-1.0,-1.0,23.5,-23.5,-5891.5,3798.5
2007-01-12 00:00:00,MA_Crossover(35,44),5740.0,5740.5,6514.9714,6593.4432,-78.4718,-1.0,-1.0,-151.0,151.0,-5740.5,3949.5
2007-01-15 00:00:00,MA_Crossover(35,44),5542.0,5542.5,6476.5714,6553.3068,-76.7354,-1.0,-1.0,-198.0,198.0,-5542.5,4147.5
2007-01-16 00:00:00,MA_Crossover(35,44),5703.0,5629.0,6440.5429,6526.0909,-85.5481,-1.0,-1.0,86.5,-86.5,-5629.0,4061.0
2007-01-17 00:00:00,MA_Crossover(35,44),5635.0,5563.5,6397.6571,6500.1818,-102.5247,-1.0,-1.0,-65.5,65.5,-5563.5,4126.5
2007-01-18 00:00:00,MA_Crossover(35,44),5524.0,5452.5,6353.4857,6470.4091,-116.9234,-1.0,-1.0,-111.0,111.0,-5452.5,4237.5
2007-01-19 00:00:00,MA_Crossover(35,44),5588.0,5504.5,6314.5714,6440.6818,-126.1104,-1.0,-1.0,52.0,-52.0,-5504.5,4185.5
2007-01-22 00:00:00,MA_Crossover(35,44),5597.0,5513.5,6275.0571,6413.4545,-138.3974,-1.0,-1.0,9.0,-9.0,-5513.5,4176.5
2007-01-23 00:00:00,MA_Crossover(35,44),5640.0,5556.5,6234.6286,6387.5227,-152.8942,-1.0,-1.0,43.0,-43.0,-5556.5,4133.5
2007-01-24 00:00:00,MA_Crossover(35,44),5697.5,5614.0,6198.0429,6361.875,-163.8321,-1.0,-1.0,57.5,-57.5,-5614.0,4076.0
2007-01-25 00:00:00,MA_Crossover(35,44),5843.0,5759.5,6165.7,6336.2159,-170.5159,-1.0,-1.0,145.5,-145.5,-5759.5,3930.5
2007-01-26 00:00:00,MA_Crossover(35,44),5791.0,5707.5,6126.8714,6311.3295,-184.4581,-1.0,-1.0,-52.0,52.0,-5707.5,3982.5
2007-01-29 00:00:00,MA_Crossover(35,44),5559.5,5476.0,6086.8857,6279.4091,-192.5234,-1.0,-1.0,-231.5,231.5,-5476.0,4214.0
2007-01-30 00:00:00,MA_Crossover(35,44),5614.5,5531.0,6051.2143,6244.8295,-193.6153,-1.0,-1.0,55.0,-55.0,-5531.0,4159.0
2007-01-31 00:00:00,MA_Crossover(35,44),5711.0,5627.5,6018.4571,6213.9432,-195.486,-1.0,-1.0,96.5,-96.5,-5627.5,4062.5
2007-02-01 00:00:00,MA_Crossover(35,44),5575.0,5491.5,5980.5143,6182.6932,-202.1789,-1.0,-1.0,-136.0,136.0,-5491.5,4198.5
2007-02-02 00:00:00,MA_Crossover(35,44),5318.0,5234.5,5937.3714,6144.9205,-207.549,-1.0,-1.0,-257.0,257.0,-5234.5,4455.5
2007-02-05 00:00:00,MA_Crossover(35,44),5313.5,5230.0,5897.9857,6105.3409,-207.3552,-1.0,-1.0,-4.5,4.5,-5230.0,4460.0
2007-02-06 00:00:00,MA_Crossover(35,44),5445.5,5362.0,5860.5714,6070.5114,-209.9399,-1.0,-1.0,132.0,-132.0,-5362.0,4328.0
2007-02-07 00:00:00,MA_Crossover(35,44),5402.0,5318.5,5825.6,6034.7614,-209.1614,-1.0,-1.0,-43.5,43.5,-5318.5,4371.5
2007-02-08 00:00:00,MA_Crossover(35,44),5383.0,5299.5,5789.5714,5994.6023,-205.0308,-1.0,-1.0,-19.0,19.0,-5299.5,4390.5
2007-02-09 00:00:00,MA_Crossover(35,44),5548.0,5464.5,5758.7714,5962.5341,-203.7627,-1.0,-1.0,165.0,-165.0,-5464.5,4225.5
2007-02-12 00:00:00,MA_Crossover(35,44),5438.0,5354.5,5728.1143,5930.1477,-202.0334,-1.0,-1.0,-110.0,110.0,-5354.5,4335.5
2007-02-13 00:00:00,MA_Crossover(35,44),5721.0,5637.5,5711.2,5904.3182,-193.1182,-1.0,-1.0,283.0,-283.0,-5637.5,4052.5
2007-02-14 00:00:00,MA_Crossover(35,44),5698.0,5614.5,5693.6286,5876.9318,-183.3032,-1.0,-1.0,-23.0,23.0,-5614.5,4075.5
2007-02-15 00:00:00,MA_Crossover(35,44),5827.0,5743.5,5678.1429,5854.1818,-176.039,-1.0,-1.0,129.0,-129.0,-5743.5,3946.5
2007-02-16 00:00:00,MA_Crossover(35,44),5783.0,5699.5,5661.4,5833.5227,-172.1227,-1.0,-1.0,-44.0,44.0,-5699.5,3990.5
2007-02-19 00:00:00,MA_Crossover(35,44),5792.0,5708.5,5646.3714,5811.6364,-165.2649,-1.0,-1.0,9.0,-9.0,-5708.5,3981.5
2007-02-20 00:00:00,MA_Crossover(35,44),5696.0,5627.5,5635.1429,5790.5,-155.3571,-1.0,-1.0,-81.0,81.0,-5627.5,4062.5
2007-02-21 00:00:00,MA_Crossover(35,44),5765.0,5696.5,5633.2,5770.5227,-137.3227,-1.0,-1.0,69.0,-69.0,-5696.5,3993.5
2007-02-22 00:00:00,MA_Crossover(35,44),6117.0,6046.5,5645.0,5758.9545,-113.9545,-1.0,-1.0,350.0,-350.0,-6046.5,3643.5
2007-02-23 00:00:00,MA_Crossover(35,44),6294.0,6213.5,5664.8286,5754.0227,-89.1942,-1.0,-1.0,167.0,-167.0,-6213.5,3476.5
2007-02-26 00:00:00,MA_Crossover(35,44),6270.5,6190.0,5684.0429,5753.0568,-69.014,-1.0,-1.0,-23.5,23.5,-6190.0,3500.0
2007-02-27 00:00:00,MA_Crossover(35,44),6211.0,6130.5,5701.1857,5750.7386,-49.5529,-1.0,-1.0,-59.5,59.5,-6130.5,3559.5
2007-02-28 00:00:00,MA_Crossover(35,44),5992.0,5911.5,5704.7429,5742.1705,-37.4276,-1.0,-1.0,-219.0,219.0,-5911.5,3778.5
2007-03-01 00:00:00,MA_Crossover(35,44),6100.0,6019.5,5710.7143,5736.0568,-25.3425,-1.0,-1.0,108.0,-108.0,-6019.5,3670.5
2007-03-02 00:00:00,MA_Crossover(35,44),6013.0,5932.5,5718.5143,5729.125,-10.6107,-1.0,-1.0,-87.0,87.0,-5932.5,3757.5
2007-03-05 00:00:00,MA_Crossover(35,44),5880.5,5800.0,5728.1857,5724.3864,3.7994,1.0,-1.0,-132.5,132.5,-5800.0,3890.0
2007-03-06 00:00:00,MA_Crossover(35,44),5972.0,5891.5,5735.8714,5727.5455,8.326,1.0,1.0,91.5,91.5,5891.5,3981.5
2007-03-07 00:00:00,MA_Crossover(35,44),6137.0,6056.5,5750.2143,5737.3864,12.8279,1.0,1.0,165.0,165.0,6056.5,4146.5
2007-03-08 00:00:00,MA_Crossover(35,44),6276.5,6196.0,5771.7143,5752.7614,18.9529,1.0,1.0,139.5,139.5,6196.0,4286.0
2007-03-09 00:00:00,MA_Crossover(35,44),6126.0,6045.5,5787.0857,5764.7614,22.3244,1.0,1.0,-150.5,-150.5,6045.5,4135.5
2007-03-12 00:00:00,MA_Crossover(35,44),6276.0,6195.5,5806.4857,5779.875,26.6107,1.0,1.0,150.0,150.0,6195.5,4285.5
2007-03-13 00:00:00,MA_Crossover(35,44),6245.0,6164.5,5823.7714,5788.4545,35.3169,1.0,1.0,-31.0,-31.0,6164.5,4254.5
2007-03-14 00:00:00,MA_Crossover(35,44),6279.0,6198.5,5840.3857,5797.2727,43.113,1.0,1.0,34.0,34.0,6198.5,4288.5
2007-03-15 00:00:00,MA_Crossover(35,44),6608.0,6527.5,5862.2429,5817.0,45.2429,1.0,1.0,329.0,329.0,6527.5,4617.5
2007-03-16 00:00:00,MA_Crossover(35,44),6671.0,6590.5,5887.3857,5842.6591,44.7266,1.0,1.0,63.0,63.0,6590.5,4680.5
2007-03-19 00:00:00,MA_Crossover(35,44),6564.0,6483.5,5916.0857,5862.2273,53.8584,1.0,1.0,-107.0,-107.0,6483.5,4573.5
2007-03-20 00:00:00,MA_Crossover(35,44),6696.0,6482.5,5946.9857,5886.3409,60.6448,1.0,1.0,-1.0,-1.0,6482.5,4572.5
2007-03-21 00:00:00,MA_Crossover(35,44),6655.0,6444.5,5973.9571,5912.0455,61.9117,1.0,1.0,-38.0,-38.0,6444.5,4534.5
2007-03-22 00:00:00,MA_Crossover(35,44),6771.0,6559.5,6008.1286,5938.9318,69.1968,1.0,1.0,115.0,115.0,6559.5,4649.5
2007-03-23 00:00:00,MA_Crossover(35,44),6765.0,6577.5,6049.4714,5965.4773,83.9942,1.0,1.0,18.0,18.0,6577.5,4667.5
2007-03-26 00:00:00,MA_Crossover(35,44),6893.5,6706.0,6094.6143,5993.9659,100.6484,1.0,1.0,128.5,128.5,6706.0,4796.0
2007-03-27 00:00:00,MA_Crossover(35,44),6713.0,6525.5,6130.8286,6017.0455,113.7831,1.0,1.0,-180.5,-180.5,6525.5,4615.5
2007-03-28 00:00:00,MA_Crossover(35,44),6680.0,6492.5,6167.3429,6036.0682,131.2747,1.0,1.0,-33.0,-33.0,6492.5,4582.5
2007-03-29 00:00:00,MA_Crossover(35,44),6781.0,6593.5,6207.2857,6058.5682,148.7175,1.0,1.0,101.0,101.0,6593.5,4683.5
2007-03-30 00:00:00,MA_Crossover(35,44),6896.0,6708.5,6245.8,6088.9432,156.8568,1.0,1.0,115.0,115.0,6708.5,4798.5
2007-04-02 00:00:00,MA_Crossover(35,44),7022.0,6834.5,6291.0571,6120.9318,170.1253,1.0,1.0,126.0,126.0,6834.5,4924.5
2007-04-03 00:00:00,MA_Crossover(35,44),7296.0,7108.5,6336.0571,6156.9545,179.1026,1.0,1.0,274.0,274.0,7108.5,5198.5
2007-04-04 00:00:00,MA_Crossover(35,44),7475.0,7287.5,6386.8286,6200.1364,186.6922,1.0,1.0,179.0,179.0,7287.5,5377.5
2007-04-05 00:00:00,MA_Crossover(35,44),7387.0,7199.5,6431.4,6247.1591,184.2409,1.0,1.0,-88.0,-88.0,7199.5,5289.5
2007-04-10 00:00:00,MA_Crossover(35,44),7760.0,7572.5,6487.8857,6302.7614,185.1244,1.0,1.0,373.0,373.0,7572.5,5662.5
2007-04-11 00:00:00,MA_Crossover(35,44),7880.0,7692.5,6547.5429,6358.0909,189.4519,1.0,1.0,120.0,120.0,7692.5,5782.5
2007-04-12 00:00:00,MA_Crossover(35,44),7730.0,7542.5,6605.6571,6411.0,194.6571,1.0,1.0,-150.0,-150.0,7542.5,5632.5
2007-04-13 00:00:00,MA_Crossover(35,44),7753.0,7565.5,6662.4571,6464.8636,197.5935,1.0,1.0,23.0,23.0,7565.5,5655.5
2007-04-16 00:00:00,MA_Crossover(35,44),7660.0,7472.5,6706.5429,6512.8636,193.6792,1.0,1.0,-93.0,-93.0,7472.5,5562.5
2007-04-17 00:00:00,MA_Crossover(35,44),8090.0,7776.0,6757.8571,6573.1364,184.7208,1.0,1.0,303.5,303.5,7776.0,5866.0
2007-04-18 00:00:00,MA_Crossover(35,44),8022.0,7711.0,6807.9,6625.4318,182.4682,1.0,1.0,-65.0,-65.0,7711.0,5801.0
2007-04-19 00:00:00,MA_Crossover(35,44),7856.0,7548.0,6854.9,6674.4773,180.4227,1.0,1.0,-163.0,-163.0,7548.0,5638.0
2007-04-20 00:00:00,MA_Crossover(35,44),7987.0,7692.0,6911.9,6723.5682,188.3318,1.0,1.0,144.0,144.0,7692.0,5782.0
2007-04-23 00:00:00,MA_Crossover(35,44),8043.0,7748.0,6967.4143,6774.9318,192.4825,1.0,1.0,56.0,56.0,7748.0,5838.0
2007-04-24 00:00:00,MA_Crossover(35,44),7849.0,7554.0,7019.8714,6821.6818,198.1896,1.0,1.0,-194.0,-194.0,7554.0,5644.0
2007-04-25 00:00:00,MA_Crossover(35,44),7883.0,7588.0,7077.0857,6871.3864,205.6994,1.0,1.0,34.0,34.0,7588.0,5678.0
2007-04-26 00:00:00,MA_Crossover(35,44),7687.0,7392.0,7126.0857,6915.0682,211.0175,1.0,1.0,-196.0,-196.0,7392.0,5482.0
2007-04-27 00:00:00,MA_Crossover(35,44),7786.0,7491.0,7173.2,6953.0,220.2,1.0,1.0,99.0,99.0,7491.0,5581.0
2007-04-30 00:00:00,MA_Crossover(35,44),7806.0,7511.0,7216.9,6987.3636,229.5364,1.0,1.0,20.0,20.0,7511.0,5601.0
2007-05-01 00:00:00,MA_Crossover(35,44),8048.0,7753.0,7271.8143,7027.7614,244.0529,1.0,1.0,242.0,242.0,7753.0,5843.0
2007-05-02 00:00:00,MA_Crossover(35,44),8010.0,7715.0,7321.3571,7068.6477,252.7094,1.0,1.0,-38.0,-38.0,7715.0,5805.0
2007-05-03 00:00:00,MA_Crossover(35,44),8233.0,7938.0,7378.1571,7119.5795,258.5776,1.0,1.0,223.0,223.0,7938.0,6028.0
2007-05-04 00:00:00,MA_Crossover(35,44),8370.0,8075.0,7437.9,7171.1705,266.7295,1.0,1.0,137.0,137.0,8075.0,6165.0
2007-05-08 00:00:00,MA_Crossover(35,44),8210.0,7915.0,7483.6714,7221.1023,262.5692,1.0,1.0,-160.0,-160.0,7915.0,6005.0
2007-05-09 00:00:00,MA_Crossover(35,44),8102.0,7807.0,7524.5571,7271.5909,252.9662,1.0,1.0,-108.0,-108.0,7807.0,5897.0
2007-05-10 00:00:00,MA_Crossover(35,44),7943.0,7648.0,7563.9571,7316.3864,247.5708,1.0,1.0,-159.0,-159.0,7648.0,5738.0
2007-05-11 00:00:00,MA_Crossover(35,44),7953.0,7658.0,7599.8714,7357.6591,242.2123,1.0,1.0,10.0,10.0,7658.0,5748.0
2007-05-14 00:00:00,MA_Crossover(35,44),7621.0,7326.0,7627.4714,7388.2159,239.2555,1.0,1.0,-332.0,-332.0,7326.0,5416.0
2007-05-15 00:00:00,MA_Crossover(35,44),7799.0,7421.0,7656.8429,7426.2386,230.6042,1.0,1.0,95.0,95.0,7421.0,5511.0
2007-05-16 00:00:00,MA_Crossover(35,44),7646.0,7269.0,7682.0143,7457.375,224.6393,1.0,1.0,-152.0,-152.0,7269.0,5359.0
2007-05-17 00:00:00,MA_Crossover(35,44),7290.0,6912.0,7693.3429,7481.125,212.2179,1.0,1.0,-357.0,-357.0,6912.0,5002.0
2007-05-18 00:00:00,MA_Crossover(35,44),7315.0,6954.0,7710.5429,7504.6705,205.8724,1.0,1.0,42.0,42.0,6954.0,5044.0
2007-05-21 00:00:00,MA_Crossover(35,44),7456.0,7095.0,7732.7143,7523.9432,208.7711,1.0,1.0,141.0,141.0,7095.0,5185.0
2007-05-22 00:00:00,MA_Crossover(35,44),7309.0,6948.0,7747.8,7538.4432,209.3568,1.0,1.0,-147.0,-147.0,6948.0,5038.0
2007-05-23 00:00:00,MA_Crossover(35,44),7245.0,6884.0,7757.7714,7553.9205,203.851,1.0,1.0,-64.0,-64.0,6884.0,4974.0
2007-05-24 00:00:00,MA_Crossover(35,44),7044.0,6683.0,7758.4,7561.8295,196.5705,1.0,1.0,-201.0,-201.0,6683.0,4773.0
2007-05-25 00:00:00,MA_Crossover(35,44),7255.0,6894.0,7757.2286,7575.4659,181.7627,1.0,1.0,211.0,211.0,6894.0,4984.0
2007-05-29 00:00:00,MA_Crossover(35,44),7330.0,6969.0,7753.0857,7588.1705,164.9153,1.0,1.0,75.0,75.0,6969.0,5059.0
2007-05-30 00:00:00,MA_Crossover(35,44),7270.0,6909.0,7749.7429,7599.6477,150.0951,1.0,1.0,-60.0,-60.0,6909.0,4999.0
2007-05-31 00:00:00,MA_Crossover(35,44),7452.0,7091.0,7740.9429,7612.3409,128.6019,1.0,1.0,182.0,182.0,7091.0,5181.0
2007-06-01 00:00:00,MA_Crossover(35,44),7527.0,7166.0,7730.8571,7630.8409,100.0162,1.0,1.0,75.0,75.0,7166.0,5256.0
2007-06-04 00:00:00,MA_Crossover(35,44),7714.0,7353.0,7730.4,7654.3409,76.0591,1.0,1.0,187.0,187.0,7353.0,5443.0
2007-06-05 00:00:00,MA_Crossover(35,44),7623.0,7262.0,7726.6857,7673.4773,53.2084,1.0,1.0,-91.0,-91.0,7262.0,5352.0
2007-06-06 00:00:00,MA_Crossover(35,44),7495.0,7134.0,7721.9714,7687.0909,34.8805,1.0,1.0,-128.0,-128.0,7134.0,5224.0
2007-06-07 00:00:00,MA_Crossover(35,44),7504.0,7143.0,7705.2286,7698.0455,7.1831,1.0,1.0,9.0,9.0,7143.0,5233.0
2007-06-08 00:00:00,MA_Crossover(35,44),7220.0,6859.0,7682.3143,7696.3182,-14.0039,-1.0,1.0,-284.0,-284.0,6859.0,4949.0
2007-06-11 00:00:00,MA_Crossover(35,44),7448.0,7087.0,7670.6571,7695.7045,-25.0474,-1.0,-1.0,228.0,-228.0,-7087.0,4721.0
2007-06-12 00:00:00,MA_Crossover(35,44),7259.0,6898.0,7649.8571,7692.7955,-42.9383,-1.0,-1.0,-189.0,189.0,-6898.0,4910.0
2007-06-13 00:00:00,MA_Crossover(35,44),7382.0,7021.0,7630.9714,7684.2045,-53.2331,-1.0,-1.0,123.0,-123.0,-7021.0,4787.0
2007-06-14 00:00:00,MA_Crossover(35,44),7541.0,7180.0,7622.1714,7676.5,-54.3286,-1.0,-1.0,159.0,-159.0,-7180.0,4628.0
2007-06-15 00:00:00,MA_Crossover(35,44),7582.0,7221.0,7613.5714,7673.1364,-59.5649,-1.0,-1.0,41.0,-41.0,-7221.0,4587.0
2007-06-18 00:00:00,MA_Crossover(35,44),7618.0,7257.0,7611.6,7670.0682,-58.4682,-1.0,-1.0,36.0,-36.0,-7257.0,4551.0
2007-06-19 00:00:00,MA_Crossover(35,44),7472.0,7115.0,7602.6286,7665.7955,-63.1669,-1.0,-1.0,-142.0,142.0,-7115.0,4693.0
2007-06-20 00:00:00,MA_Crossover(35,44),7568.0,7211.0,7595.8286,7653.9318,-58.1032,-1.0,-1.0,96.0,-96.0,-7211.0,4597.0
2007-06-21 00:00:00,MA_Crossover(35,44),7486.0,7130.0,7579.7714,7641.75,-61.9786,-1.0,-1.0,-81.0,81.0,-7130.0,4678.0
2007-06-22 00:00:00,MA_Crossover(35,44),7483.0,7147.0,7564.7143,7633.2727,-68.5584,-1.0,-1.0,17.0,-17.0,-7147.0,4661.0
2007-06-25 00:00:00,MA_Crossover(35,44),7529.0,7193.0,7544.6,7622.8636,-78.2636,-1.0,-1.0,46.0,-46.0,-7193.0,4615.0
2007-06-26 00:00:00,MA_Crossover(35,44),7420.0,7084.0,7517.4571,7608.7045,-91.2474,-1.0,-1.0,-109.0,109.0,-7084.0,4724.0
2007-06-27 00:00:00,MA_Crossover(35,44),7444.0,7108.0,7495.5714,7599.5,-103.9286,-1.0,-1.0,24.0,-24.0,-7108.0,4700.0
2007-06-28 00:00:00,MA_Crossover(35,44),7621.0,7285.0,7481.8286,7593.5455,-111.7169,-1.0,-1.0,177.0,-177.0,-7285.0,4523.0
2007-06-29 00:00:00,MA_Crossover(35,44),7647.0,7311.0,7473.3714,7592.6364,-119.2649,-1.0,-1.0,26.0,-26.0,-7311.0,4497.0
2007-07-02 00:00:00,MA_Crossover(35,44),7813.0,7477.0,7469.3714,7593.25,-123.8786,-1.0,-1.0,166.0,-166.0,-7477.0,4331.0
2007-07-03 00:00:00,MA_Crossover(35,44),7805.0,7469.0,7474.6286,7593.2273,-118.5987,-1.0,-1.0,-8.0,8.0,-7469.0,4339.0
2007-07-04 00:00:00,MA_Crossover(35,44),7919.0,7583.0,7478.0571,7590.2955,-112.2383,-1.0,-1.0,114.0,-114.0,-7583.0,4225.0
2007-07-05 00:00:00,MA_Crossover(35,44),7951.0,7615.0,7486.7714,7588.9545,-102.1831,-1.0,-1.0,32.0,-32.0,-7615.0,4193.0
2007-07-06 00:00:00,MA_Crossover(35,44),7948.0,7612.0,7505.5714,7582.4773,-76.9058,-1.0,-1.0,-3.0,3.0,-7612.0,4196.0
2007-07-09 00:00:00,MA_Crossover(35,44),8083.0,7747.0,7527.5143,7575.9545,-48.4403,-1.0,-1.0,135.0,-135.0,-7747.0,4061.0
2007-07-10 00:00:00,MA_Crossover(35,44),8002.5,7666.5,7543.1286,7571.2386,-28.1101,-1.0,-1.0,-80.5,80.5,-7666.5,4141.5
2007-07-11 00:00:00,MA_Crossover(35,44),8048.0,7712.0,7564.2429,7570.0114,-5.7685,-1.0,-1.0,45.5,-45.5,-7712.0,4096.0
2007-07-12 00:00:00,MA_Crossover(35,44),7935.0,7599.0,7583.9571,7569.8295,14.1276,1.0,-1.0,-113.0,113.0,-7599.0,4209.0
2007-07-13 00:00:00,MA_Crossover(35,44),7983.0,7647.0,7610.7857,7570.5114,40.2744,1.0,1.0,48.0,48.0,7647.0,4257.0
2007-07-16 00:00:00,MA_Crossover(35,44),7911.0,7575.0,7629.5286,7577.1023,52.4263,1.0,1.0,-72.0,-72.0,7575.0,4185.0
2007-07-17 00:00:00,MA_Crossover(35,44),7840.0,7511.0,7644.1,7578.0341,66.0659,1.0,1.0,-64.0,-64.0,7511.0,4121.0
2007-07-18 00:00:00,MA_Crossover(35,44),7901.0,7572.0,7662.1286,7583.8295,78.299,1.0,1.0,61.0,61.0,7572.0,4182.0
2007-07-19 00:00:00,MA_Crossover(35,44),8043.0,7716.0,7679.0143,7600.9432,78.0711,1.0,1.0,144.0,144.0,7716.0,4326.0
2007-07-20 00:00:00,MA_Crossover(35,44),8191.0,7900.0,7697.9857,7620.8523,77.1334,1.0,1.0,184.0,184.0,7900.0,4510.0
2007-07-23 00:00:00,MA_Crossover(35,44),8105.0,7814.0,7709.1571,7635.6023,73.5549,1.0,1.0,-86.0,-86.0,7814.0,4424.0
2007-07-24 00:00:00,MA_Crossover(35,44),8044.5,7753.5,7721.2,7652.3182,68.8818,1.0,1.0,-60.5,-60.5,7753.5,4363.5
2007-07-25 00:00:00,MA_Crossover(35,44),7864.0,7573.0,7731.7429,7666.3864,65.3565,1.0,1.0,-180.5,-180.5,7573.0,4183.0
2007-07-26 00:00:00,MA_Crossover(35,44),7859.0,7568.0,7741.8857,7684.9091,56.9766,1.0,1.0,-5.0,-5.0,7568.0,4178.0
2007-07-27 00:00:00,MA_Crossover(35,44),7849.0,7558.0,7759.8571,7698.4091,61.4481,1.0,1.0,-10.0,-10.0,7558.0,4168.0
2007-07-30 00:00:00,MA_Crossover(35,44),7943.0,7652.0,7774.0,7712.3409,61.6591,1.0,1.0,94.0,94.0,7652.0,4262.0
2007-07-31 00:00:00,MA_Crossover(35,44),8137.0,7846.0,7799.0857,7732.0455,67.0403,1.0,1.0,194.0,194.0,7846.0,4456.0
2007-08-01 00:00:00,MA_Crossover(35,44),7978.0,7687.0,7816.1143,7744.0,72.1143,1.0,1.0,-159.0,-159.0,7687.0,4297.0
2007-08-02 00:00:00,MA_Crossover(35,44),7988.0,7697.0,7828.8857,7754.4773,74.4084,1.0,1.0,10.0,10.0,7697.0,4307.0
2007-08-03 00:00:00,MA_Crossover(35,44),7791.0,7500.0,7834.8571,7756.2273,78.6299,1.0,1.0,-197.0,-197.0,7500.0,4110.0
2007-08-06 00:00:00,MA_Crossover(35,44),7815.0,7524.0,7840.4857,7760.5909,79.8948,1.0,1.0,24.0,24.0,7524.0,4134.0
2007-08-07 00:00:00,MA_Crossover(35,44),7872.5,7581.5,7851.9286,7769.1705,82.7581,1.0,1.0,57.5,57.5,7581.5,4191.5
2007-08-08 00:00:00,MA_Crossover(35,44),7705.0,7414.0,7855.8429,7773.7386,82.1042,1.0,1.0,-167.5,-167.5,7414.0,4024.0
2007-08-09 00:00:00,MA_Crossover(35,44),7603.5,7312.5,7859.2,7782.4545,76.7455,1.0,1.0,-101.5,-101.5,7312.5,3922.5
2007-08-10 00:00:00,MA_Crossover(35,44),7592.0,7301.0,7862.3143,7785.7273,76.587,1.0,1.0,-11.5,-11.5,7301.0,3911.0
2007-08-13 00:00:00,MA_Crossover(35,44),7711.0,7420.0,7867.5143,7796.0,71.5143,1.0,1.0,119.0,119.0,7420.0,4030.0
2007-08-14 00:00:00,MA_Crossover(35,44),7487.0,7231.0,7869.4286,7798.3864,71.0422,1.0,1.0,-189.0,-189.0,7231.0,3841.0
2007-08-15 00:00:00,MA_Crossover(35,44),7379.0,7127.0,7867.5714,7794.7045,72.8669,1.0,1.0,-104.0,-104.0,7127.0,3737.0
2007-08-16 00:00:00,MA_Crossover(35,44),6800.0,6555.0,7844.1143,7776.9318,67.1825,1.0,1.0,-572.0,-572.0,6555.0,3165.0
2007-08-17 00:00:00,MA_Crossover(35,44),7068.0,6853.0,7827.5714,7764.4318,63.1396,1.0,1.0,298.0,298.0,6853.0,3463.0
2007-08-20 00:00:00,MA_Crossover(35,44),7072.0,6857.0,7806.4,7755.3409,51.0591,1.0,1.0,4.0,4.0,6857.0,3467.0
2007-08-21 00:00:00,MA_Crossover(35,44),7022.0,6807.0,7784.0286,7742.9318,41.0968,1.0,1.0,-50.0,-50.0,6807.0,3417.0
2007-08-22 00:00:00,MA_Crossover(35,44),7201.5,6986.5,7763.5286,7736.4659,27.0627,1.0,1.0,179.5,179.5,6986.5,3596.5
2007-08-23 00:00:00,MA_Crossover(35,44),7310.0,7095.0,7745.2143,7732.5341,12.6802,1.0,1.0,108.5,108.5,7095.0,3705.0
2007-08-24 00:00:00,MA_Crossover(35,44),7379.0,7164.0,7728.9571,7729.125,-0.1679,-1.0,1.0,69.0,69.0,7164.0,3774.0
2007-08-28 00:00:00,MA_Crossover(35,44),7338.0,7123.0,7707.6714,7727.2614,-19.5899,-1.0,-1.0,-41.0,41.0,-7123.0,3815.0
2007-08-29 00:00:00,MA_Crossover(35,44),7430.0,7215.0,7691.3143,7726.9432,-35.6289,-1.0,-1.0,92.0,-92.0,-7215.0,3723.0
2007-08-30 00:00:00,MA_Crossover(35,44),7464.0,7249.0,7674.6286,7723.375,-48.7464,-1.0,-1.0,34.0,-34.0,-7249.0,3689.0
2007-08-31 00:00:00,MA_Crossover(35,44),7524.0,7309.0,7662.8857,7720.5795,-57.6938,-1.0,-1.0,60.0,-60.0,-7309.0,3629.0
2007-09-03 00:00:00,MA_Crossover(35,44),7449.0,7234.0,7647.6286,7712.3068,-64.6782,-1.0,-1.0,-75.0,75.0,-7234.0,3704.0
2007-09-04 00:00:00,MA_Crossover(35,44),7363.0,7148.0,7631.9714,7702.2614,-70.2899,-1.0,-1.0,-86.0,86.0,-7148.0,3790.0
2007-09-05 00:00:00,MA_Crossover(35,44),7215.0,7000.0,7614.1143,7686.2614,-72.1471,-1.0,-1.0,-148.0,148.0,-7000.0,3938.0
2007-09-06 00:00:00,MA_Crossover(35,44),7361.0,7146.0,7598.6857,7672.8523,-74.1666,-1.0,-1.0,146.0,-146.0,-7146.0,3792.0
2007-09-07 00:00:00,MA_Crossover(35,44),7235.0,7020.0,7575.6,7656.6477,-81.0477,-1.0,-1.0,-126.0,126.0,-7020.0,3918.0
2007-09-10 00:00:00,MA_Crossover(35,44),7220.0,7005.0,7547.8571,7637.0341,-89.1769,-1.0,-1.0,-15.0,15.0,-7005.0,3933.0
2007-09-11 00:00:00,MA_Crossover(35,44),7538.0,7323.0,7531.6571,7626.4773,-94.8201,-1.0,-1.0,318.0,-318.0,-7323.0,3615.0
2007-09-12 00:00:00,MA_Crossover(35,44),7482.5,7267.5,7515.6,7613.625,-98.025,-1.0,-1.0,-55.5,55.5,-7267.5,3670.5
2007-09-13 00:00:00,MA_Crossover(35,44),7604.0,7389.0,7508.1714,7606.1023,-97.9308,-1.0,-1.0,121.5,-121.5,-7389.0,3549.0
2007-09-14 00:00:00,MA_Crossover(35,44),7612.5,7397.5,7501.1286,7597.6818,-96.5532,-1.0,-1.0,8.5,-8.5,-7397.5,3540.5
2007-09-17 00:00:00,MA_Crossover(35,44),7561.0,7346.0,7492.9,7589.7273,-96.8273,-1.0,-1.0,-51.5,51.5,-7346.0,3592.0
2007-09-18 00:00:00,MA_Crossover(35,44),7618.0,7410.0,7483.6143,7584.6818,-101.0675,-1.0,-1.0,64.0,-64.0,-7410.0,3528.0
2007-09-19 00:00:00,MA_Crossover(35,44),7919.0,7711.0,7477.3857,7585.0909,-107.7052,-1.0,-1.0,301.0,-301.0,-7711.0,3227.0
2007-09-20 00:00:00,MA_Crossover(35,44),7920.0,7716.0,7475.7286,7582.2955,-106.5669,-1.0,-1.0,5.0,-5.0,-7716.0,3222.0
2007-09-21 00:00:00,MA_Crossover(35,44),7916.0,7724.0,7473.6714,7576.0455,-102.374,-1.0,-1.0,8.0,-8.0,-7724.0,3214.0
2007-09-24 00:00:00,MA_Crossover(35,44),8077.0,7885.0,7481.8429,7575.4091,-93.5662,-1.0,-1.0,161.0,-161.0,-7885.0,3053.0
2007-09-25 00:00:00,MA_Crossover(35,44),8036.0,7844.0,7488.1571,7575.2159,-87.0588,-1.0,-1.0,-41.0,41.0,-7844.0,3094.0
2007-09-26 00:00:00,MA_Crossover(35,44),7986.0,7794.0,7491.4,7577.9886,-86.5886,-1.0,-1.0,-50.0,50.0,-7794.0,3144.0
2007-09-27 00:00:00,MA_Crossover(35,44),8066.0,7874.0,7501.7143,7582.6932,-80.9789,-1.0,-1.0,80.0,-80.0,-7874.0,3064.0
2007-09-28 00:00:00,MA_Crossover(35,44),8068.0,7876.0,7514.9857,7587.6705,-72.6847,-1.0,-1.0,2.0,-2.0,-7876.0,3062.0
2007-10-01 00:00:00,MA_Crossover(35,44),8166.0,7974.0,7531.3857,7592.7386,-61.3529,-1.0,-1.0,98.0,-98.0,-7974.0,2964.0
2007-10-02 00:00:00,MA_Crossover(35,44),8220.0,8028.0,7545.9286,7594.625,-48.6964,-1.0,-1.0,54.0,-54.0,-8028.0,2910.0
2007-10-03 00:00:00,MA_Crossover(35,44),8359.0,8167.0,7570.8429,7603.2841,-32.4412,-1.0,-1.0,139.0,-139.0,-8167.0,2771.0
2007-10-04 00:00:00,MA_Crossover(35,44),8251.0,8059.0,7595.7571,7609.2614,-13.5042,-1.0,-1.0,-108.0,108.0,-8059.0,2879.0
2007-10-05 00:00:00,MA_Crossover(35,44),8260.0,8068.0,7637.4714,7619.9205,17.551,1.0,-1.0,9.0,-9.0,-8068.0,2870.0
2007-10-08 00:00:00,MA_Crossover(35,44),8003.0,7811.0,7664.1857,7624.1932,39.9925,1.0,1.0,-257.0,-257.0,7811.0,2613.0
2007-10-09 00:00:00,MA_Crossover(35,44),8107.0,7915.0,7693.7571,7629.5227,64.2344,1.0,1.0,104.0,104.0,7915.0,2717.0
2007-10-10 00:00:00,MA_Crossover(35,44),8233.0,8041.0,7728.3571,7641.5227,86.8344,1.0,1.0,126.0,126.0,8041.0,2843.0
2007-10-11 00:00:00,MA_Crossover(35,44),8131.0,7939.0,7754.9143,7653.5114,101.4029,1.0,1.0,-102.0,-102.0,7939.0,2741.0
2007-10-12 00:00:00,MA_Crossover(35,44),8112.0,7920.0,7777.8286,7665.3295,112.499,1.0,1.0,-19.0,-19.0,7920.0,2722.0
2007-10-15 00:00:00,MA_Crossover(35,44),8204.5,8012.5,7801.4143,7676.5455,124.8688,1.0,1.0,92.5,92.5,8012.5,2814.5
2007-10-16 00:00:00,MA_Crossover(35,44),8082.0,7896.0,7822.6714,7690.0682,132.6032,1.0,1.0,-116.5,-116.5,7896.0,2698.0
2007-10-17 00:00:00,MA_Crossover(35,44),7995.0,7810.0,7838.8143,7704.0682,134.7461,1.0,1.0,-86.0,-86.0,7810.0,2612.0
2007-10-18 00:00:00,MA_Crossover(35,44),7887.5,7704.5,7850.9143,7728.7841,122.1302,1.0,1.0,-105.5,-105.5,7704.5,2506.5
2007-10-19 00:00:00,MA_Crossover(35,44),7898.5,7727.5,7861.6143,7747.6591,113.9552,1.0,1.0,23.0,23.0,7727.5,2529.5
2007-10-22 00:00:00,MA_Crossover(35,44),7785.0,7614.0,7871.2143,7763.8636,107.3506,1.0,1.0,-113.5,-113.5,7614.0,2416.0
2007-10-23 00:00:00,MA_Crossover(35,44),7821.0,7650.0,7884.3,7782.0227,102.2773,1.0,1.0,36.0,36.0,7650.0,2452.0
2007-10-24 00:00:00,MA_Crossover(35,44),7715.0,7544.0,7898.5857,7793.6932,104.8925,1.0,1.0,-106.0,-106.0,7544.0,2346.0
2007-10-25 00:00:00,MA_Crossover(35,44),7793.5,7622.5,7910.9429,7804.6818,106.261,1.0,1.0,78.5,78.5,7622.5,2424.5
2007-10-26 00:00:00,MA_Crossover(35,44),7900.5,7729.5,7929.9571,7816.5341,113.4231,1.0,1.0,107.0,107.0,7729.5,2531.5
2007-10-29 00:00:00,MA_Crossover(35,44),7866.0,7695.0,7948.4143,7828.5341,119.8802,1.0,1.0,-34.5,-34.5,7695.0,2497.0
2007-10-30 00:00:00,MA_Crossover(35,44),7770.0,7599.0,7955.0429,7836.2614,118.7815,1.0,1.0,-96.0,-96.0,7599.0,2401.0
2007-10-31 00:00:00,MA_Crossover(35,44),7736.0,7565.0,7962.2857,7842.4432,119.8425,1.0,1.0,-34.0,-34.0,7565.0,2367.0
2007-11-01 00:00:00,MA_Crossover(35,44),7512.0,7341.0,7959.6571,7842.1705,117.4867,1.0,1.0,-224.0,-224.0,7341.0,2143.0
2007-11-02 00:00:00,MA_Crossover(35,44),7442.0,7271.0,7954.7857,7842.0114,112.7744,1.0,1.0,-70.0,-70.0,7271.0,2073.0
2007-11-05 00:00:00,MA_Crossover(35,44),7410.0,7239.0,7950.4714,7843.0795,107.3919,1.0,1.0,-32.0,-32.0,7239.0,2041.0
2007-11-06 00:00:00,MA_Crossover(35,44),7484.0,7313.0,7946.6429,7849.1932,97.4497,1.0,1.0,74.0,74.0,7313.0,2115.0
2007-11-07 00:00:00,MA_Crossover(35,44),7311.0,7140.0,7929.2714,7848.0568,81.2146,1.0,1.0,-173.0,-173.0,7140.0,1942.0
2007-11-08 00:00:00,MA_Crossover(35,44),7189.5,7018.5,7908.4,7847.0227,61.3773,1.0,1.0,-121.5,-121.5,7018.5,1820.5
2007-11-09 00:00:00,MA_Crossover(35,44),7004.5,6833.5,7882.3571,7842.125,40.2321,1.0,1.0,-185.0,-185.0,6833.5,1635.5
2007-11-12 00:00:00,MA_Crossover(35,44),6918.5,6747.5,7849.2571,7828.0455,21.2117,1.0,1.0,-86.0,-86.0,6747.5,1549.5
2007-11-13 00:00:00,MA_Crossover(35,44),6891.0,6720.0,7816.5429,7814.6023,1.9406,1.0,1.0,-27.5,-27.5,6720.0,1522.0
2007-11-14 00:00:00,MA_Crossover(35,44),7102.5,6931.5,7791.3,7803.2045,-11.9045,-1.0,1.0,211.5,211.5,6931.5,1733.5
2007-11-15 00:00:00,MA_Crossover(35,44),6897.0,6726.0,7757.9,7786.9432,-29.0432,-1.0,-1.0,-205.5,205.5,-6726.0,1939.0
2007-11-16 00:00:00,MA_Crossover(35,44),7002.0,6831.0,7727.4429,7774.2386,-46.7958,-1.0,-1.0,105.0,-105.0,-6831.0,1834.0
2007-11-19 00:00:00,MA_Crossover(35,44),6756.0,6585.0,7687.1571,7754.6477,-67.4906,-1.0,-1.0,-246.0,246.0,-6585.0,2080.0
2007-11-20 00:00:00,MA_Crossover(35,44),6768.5,6604.5,7645.6857,7728.5,-82.8143,-1.0,-1.0,19.5,-19.5,-6604.5,2060.5
2007-11-21 00:00:00,MA_Crossover(35,44),6488.0,6325.0,7592.2286,7695.9545,-103.726,-1.0,-1.0,-279.5,279.5,-6325.0,2340.0
2007-11-22 00:00:00,MA_Crossover(35,44),6540.0,6376.0,7543.3429,7664.6818,-121.339,-1.0,-1.0,51.0,-51.0,-6376.0,2289.0
2007-11-23 00:00:00,MA_Crossover(35,44),6690.5,6508.5,7498.5,7633.1705,-134.6705,-1.0,-1.0,132.5,-132.5,-6508.5,2156.5
2007-11-26 00:00:00,MA_Crossover(35,44),6733.0,6551.0,7462.2143,7603.5568,-141.3425,-1.0,-1.0,42.5,-42.5,-6551.0,2114.0
2007-11-27 00:00:00,MA_Crossover(35,44),6578.5,6396.5,7418.5429,7571.5682,-153.0253,-1.0,-1.0,-154.5,154.5,-6396.5,2268.5
2007-11-28 00:00:00,MA_Crossover(35,44),6682.5,6500.5,7374.2429,7540.125,-165.8821,-1.0,-1.0,104.0,-104.0,-6500.5,2164.5
2007-11-29 00:00:00,MA_Crossover(35,44),6847.5,6665.5,7337.5714,7512.3864,-174.8149,-1.0,-1.0,165.0,-165.0,-6665.5,1999.5
2007-11-30 00:00:00,MA_Crossover(35,44),6970.5,6788.5,7304.9571,7485.2159,-180.2588,-1.0,-1.0,123.0,-123.0,-6788.5,1876.5
2007-12-03 00:00:00,MA_Crossover(35,44),6764.0,6582.0,7263.8,7452.125,-188.325,-1.0,-1.0,-206.5,206.5,-6582.0,2083.0
2007-12-04 00:00:00,MA_Crossover(35,44),6657.0,6475.0,7223.0857,7413.4432,-190.3575,-1.0,-1.0,-107.0,107.0,-6475.0,2190.0
2007-12-05 00:00:00,MA_Crossover(35,44),6650.5,6468.5,7184.6714,7377.0682,-192.3968,-1.0,-1.0,-6.5,6.5,-6468.5,2196.5
2007-12-06 00:00:00,MA_Crossover(35,44),6680.0,6498.0,7150.1714,7341.1591,-190.9877,-1.0,-1.0,29.5,-29.5,-6498.0,2167.0
2007-12-07 00:00:00,MA_Crossover(35,44),6865.0,6683.0,7120.6429,7315.2955,-194.6526,-1.0,-1.0,185.0,-185.0,-6683.0,1982.0
2007-12-10 00:00:00,MA_Crossover(35,44),6772.0,6590.0,7091.7,7284.9545,-193.2545,-1.0,-1.0,-93.0,93.0,-6590.0,2075.0
2007-12-11 00:00:00,MA_Crossover(35,44),6766.5,6584.5,7061.5714,7251.625,-190.0536,-1.0,-1.0,-5.5,5.5,-6584.5,2080.5
2007-12-12 00:00:00,MA_Crossover(35,44),6672.5,6490.5,7031.7857,7218.4773,-186.6916,-1.0,-1.0,-94.0,94.0,-6490.5,2174.5
2007-12-13 00:00:00,MA_Crossover(35,44),6458.5,6276.5,6993.6429,7180.8977,-187.2549,-1.0,-1.0,-214.0,214.0,-6276.5,2388.5
2007-12-14 00:00:00,MA_Crossover(35,44),6492.0,6310.0,6953.4,7141.9773,-188.5773,-1.0,-1.0,33.5,-33.5,-6310.0,2355.0
2007-12-17 00:00:00,MA_Crossover(35,44),6326.5,6144.5,6909.4143,7102.0795,-192.6653,-1.0,-1.0,-165.5,165.5,-6144.5,2520.5
2007-12-18 00:00:00,MA_Crossover(35,44),6348.25,6163.75,6868.7929,7064.6534,-195.8606,-1.0,-1.0,19.25,-19.25,-6163.75,2501.25
2007-12-19 00:00:00,MA_Crossover(35,44),6485.0,6297.0,6833.05,7032.7784,-199.7284,-1.0,-1.0,133.25,-133.25,-6297.0,2368.0
2007-12-20 00:00:00,MA_Crossover(35,44),6506.5,6317.5,6804.3214,7001.142,-196.8206,-1.0,-1.0,20.5,-20.5,-6317.5,2347.5
2007-12-21 00:00:00,MA_Crossover(35,44),6780.0,6574.0,6785.4071,6978.3011,-192.894,-1.0,-1.0,256.5,-256.5,-6574.0,2091.0
2007-12-27 00:00:00,MA_Crossover(35,44),6859.5,6653.5,6769.6786,6956.4489,-186.7703,-1.0,-1.0,79.5,-79.5,-6653.5,2011.5
2007-12-28 00:00:00,MA_Crossover(35,44),6810.0,6604.0,6750.4214,6935.8807,-185.4593,-1.0,-1.0,-49.5,49.5,-6604.0,2061.0
2007-12-31 00:00:00,MA_Crossover(35,44),6650.5,6444.5,6731.55,6909.9034,-178.3534,-1.0,-1.0,-159.5,159.5,-6444.5,2220.5
2008-01-02 00:00:00,MA_Crossover(35,44),6725.5,6519.5,6718.2929,6883.1989,-164.906,-1.0,-1.0,75.0,-75.0,-6519.5,2145.5
2008-01-03 00:00:00,MA_Crossover(35,44),6939.5,6733.5,6716.4357,6862.142,-145.7063,-1.0,-1.0,214.0,-214.0,-6733.5,1931.5
2008-01-04 00:00:00,MA_Crossover(35,44),6881.0,6675.0,6715.3643,6841.9375,-126.5732,-1.0,-1.0,-58.5,58.5,-6675.0,1990.0
2008-01-07 00:00:00,MA_Crossover(35,44),6877.5,6671.5,6714.9786,6822.4261,-107.4476,-1.0,-1.0,-3.5,3.5,-6671.5,1993.5
2008-01-08 00:00:00,MA_Crossover(35,44),7203.0,6997.0,6717.85,6815.4034,-97.5534,-1.0,-1.0,325.5,-325.5,-6997.0,1668.0
2008-01-09 00:00:00,MA_Crossover(35,44),7206.5,7000.5,6726.6929,6810.0511,-83.3583,-1.0,-1.0,3.5,-3.5,-7000.5,1664.5
2008-01-10 00:00:00,MA_Crossover(35,44),7174.5,6968.5,6731.6214,6804.6989,-73.0774,-1.0,-1.0,-32.0,32.0,-6968.5,1696.5
2008-01-11 00:00:00,MA_Crossover(35,44),7282.0,7076.0,6746.65,6800.108,-53.458,-1.0,-1.0,107.5,-107.5,-7076.0,1589.0
2008-01-14 00:00:00,MA_Crossover(35,44),7382.0,7176.0,6764.1786,6801.7216,-37.543,-1.0,-1.0,100.0,-100.0,-7176.0,1489.0
2008-01-15 00:00:00,MA_Crossover(35,44),7151.5,6942.0,6783.1357,6800.858,-17.7222,-1.0,-1.0,-234.0,234.0,-6942.0,1723.0
2008-01-16 00:00:00,MA_Crossover(35,44),6994.5,6784.0,6796.1214,6800.6307,-4.5093,-1.0,-1.0,-158.0,158.0,-6784.0,1881.0
2008-01-17 00:00:00,MA_Crossover(35,44),6996.0,6782.0,6804.85,6802.392,2.458,1.0,-1.0,-2.0,2.0,-6782.0,1883.0
2008-01-18 00:00:00,MA_Crossover(35,44),7157.0,6944.0,6816.9643,6808.4375,8.5268,1.0,1.0,162.0,162.0,6944.0,2045.0
2008-01-21 00:00:00,MA_Crossover(35,44),6889.0,6676.0,6825.8357,6803.5852,22.2505,1.0,1.0,-268.0,-268.0,6676.0,1777.0
2008-01-22 00:00:00,MA_Crossover(35,44),7048.0,6835.0,6836.2786,6807.017,29.2615,1.0,1.0,159.0,159.0,6835.0,1936.0
2008-01-23 00:00:00,MA_Crossover(35,44),6904.0,6691.0,6837.8929,6804.7898,33.1031,1.0,1.0,-144.0,-144.0,6691.0,1792.0
2008-01-24 00:00:00,MA_Crossover(35,44),7049.0,6836.0,6840.1357,6811.4489,28.6869,1.0,1.0,145.0,145.0,6836.0,1937.0
2008-01-25 00:00:00,MA_Crossover(35,44),7039.0,6826.0,6847.9929,6817.5966,30.3963,1.0,1.0,-10.0,-10.0,6826.0,1927.0
2008-01-28 00:00:00,MA_Crossover(35,44),7063.5,6850.5,6859.6071,6830.6761,28.931,1.0,1.0,24.5,24.5,6850.5,1951.5
2008-01-29 00:00:00,MA_Crossover(35,44),7304.0,7091.0,6878.2786,6848.0398,30.2388,1.0,1.0,240.5,240.5,7091.0,2192.0
2008-01-30 00:00:00,MA_Crossover(35,44),7163.0,6950.0,6892.0786,6858.7784,33.3002,1.0,1.0,-141.0,-141.0,6950.0,2051.0
2008-01-31 00:00:00,MA_Crossover(35,44),7354.0,7141.0,6906.05,6872.892,33.158,1.0,1.0,191.0,191.0,7141.0,2242.0
2008-02-01 00:00:00,MA_Crossover(35,44),7243.5,7030.5,6919.5214,6888.0057,31.5157,1.0,1.0,-110.5,-110.5,7030.5,2131.5
2008-02-04 00:00:00,MA_Crossover(35,44),7263.0,7050.0,6933.7071,6901.1989,32.5083,1.0,1.0,19.5,19.5,7050.0,2151.0
2008-02-05 00:00:00,MA_Crossover(35,44),7136.0,6923.0,6946.95,6907.7557,39.1943,1.0,1.0,-127.0,-127.0,6923.0,2024.0
2008-02-06 00:00:00,MA_Crossover(35,44),7340.0,7127.0,6972.1357,6916.1534,55.9823,1.0,1.0,204.0,204.0,7127.0,2228.0
2008-02-07 00:00:00,MA_Crossover(35,44),7565.0,7352.0,7002.7929,6934.358,68.4349,1.0,1.0,225.0,225.0,7352.0,2453.0
2008-02-08 00:00:00,MA_Crossover(35,44),7740.0,7527.0,7043.1786,6958.9716,84.207,1.0,1.0,175.0,175.0,7527.0,2628.0
2008-02-11 00:00:00,MA_Crossover(35,44),7797.0,7584.0,7084.5714,6985.0284,99.543,1.0,1.0,57.0,57.0,7584.0,2685.0
2008-02-12 00:00:00,MA_Crossover(35,44),7923.0,7710.0,7125.6571,7013.2784,112.3787,1.0,1.0,126.0,126.0,7710.0,2811.0
2008-02-13 00:00:00,MA_Crossover(35,44),7812.0,7599.0,7162.9571,7034.8011,128.156,1.0,1.0,-111.0,-111.0,7599.0,2700.0
2008-02-14 00:00:00,MA_Crossover(35,44),7700.0,7487.0,7189.2429,7055.892,133.3508,1.0,1.0,-112.0,-112.0,7487.0,2588.0
2008-02-15 00:00:00,MA_Crossover(35,44),7752.0,7539.0,7214.7429,7078.2898,136.4531,1.0,1.0,52.0,52.0,7539.0,2640.0
2008-02-18 00:00:00,MA_Crossover(35,44),8014.0,7801.0,7249.1429,7108.7784,140.3644,1.0,1.0,262.0,262.0,7801.0,2902.0
2008-02-19 00:00:00,MA_Crossover(35,44),8238.0,8007.0,7294.5,7149.2216,145.2784,1.0,1.0,206.0,206.0,8007.0,3108.0
2008-02-20 00:00:00,MA_Crossover(35,44),8194.0,7964.0,7336.4571,7187.9034,148.5537,1.0,1.0,-43.0,-43.0,7964.0,3065.0
2008-02-21 00:00:00,MA_Crossover(35,44),8467.0,8238.0,7380.1,7236.5511,143.5489,1.0,1.0,274.0,274.0,8238.0,3339.0
2008-02-22 00:00:00,MA_Crossover(35,44),8366.0,8159.0,7422.5286,7282.4091,140.1195,1.0,1.0,-79.0,-79.0,8159.0,3260.0
2008-02-25 00:00:00,MA_Crossover(35,44),8229.0,8022.0,7461.1429,7322.0455,139.0974,1.0,1.0,-137.0,-137.0,8022.0,3123.0
2008-02-26 00:00:00,MA_Crossover(35,44),8315.0,8108.0,7492.9143,7363.1477,129.7666,1.0,1.0,86.0,86.0,8108.0,3209.0
2008-02-27 00:00:00,MA_Crossover(35,44),8484.0,8277.0,7529.4143,7401.875,127.5393,1.0,1.0,169.0,169.0,8277.0,3378.0
2008-02-28 00:00:00,MA_Crossover(35,44),8562.0,8355.0,7569.0571,7440.5682,128.489,1.0,1.0,78.0,78.0,8355.0,3456.0
2008-02-29 00:00:00,MA_Crossover(35,44),8486.0,8279.0,7603.4571,7478.6591,124.7981,1.0,1.0,-76.0,-76.0,8279.0,3380.0
2008-03-03 00:00:00,MA_Crossover(35,44),8652.0,8445.0,7639.7429,7524.1477,115.5951,1.0,1.0,166.0,166.0,8445.0,3546.0
2008-03-04 00:00:00,MA_Crossover(35,44),8483.0,8276.0,7677.7857,7564.0909,113.6948,1.0,1.0,-169.0,-169.0,8276.0,3377.0
2008-03-05 00:00:00,MA_Crossover(35,44),8760.0,8553.0,7728.2286,7605.4659,122.7627,1.0,1.0,277.0,277.0,8553.0,3654.0
2008-03-06 00:00:00,MA_Crossover(35,44),8633.0,8426.0,7775.0,7645.2841,129.7159,1.0,1.0,-127.0,-127.0,8426.0,3527.0
2008-03-07 00:00:00,MA_Crossover(35,44),8628.0,8421.0,7817.0286,7685.0682,131.9604,1.0,1.0,-5.0,-5.0,8421.0,3522.0
2008-03-10 00:00:00,MA_Crossover(35,44),8393.0,8186.0,7860.0,7712.1136,147.8864,1.0,1.0,-235.0,-235.0,8186.0,3287.0
2008-03-11 00:00:00,MA_Crossover(35,44),8352.0,8145.0,7897.2571,7738.1477,159.1094,1.0,1.0,-41.0,-41.0,8145.0,3246.0
2008-03-12 00:00:00,MA_Crossover(35,44),8494.0,8287.0,7942.6857,7768.1364,174.5494,1.0,1.0,142.0,142.0,8287.0,3388.0
2008-03-13 00:00:00,MA_Crossover(35,44),8478.0,8271.0,7983.5143,7795.3182,188.1961,1.0,1.0,-16.0,-16.0,8271.0,3372.0
2008-03-14 00:00:00,MA_Crossover(35,44),8479.0,8272.0,8024.6571,7820.25,204.4071,1.0,1.0,1.0,1.0,8272.0,3373.0
2008-03-17 00:00:00,MA_Crossover(35,44),8180.0,7973.0,8056.5571,7843.625,212.9321,1.0,1.0,-299.0,-299.0,7973.0,3074.0
2008-03-18 00:00:00,MA_Crossover(35,44),8290.0,8102.0,8084.7286,7873.0682,211.6604,1.0,1.0,129.0,129.0,8102.0,3203.0
2008-03-19 00:00:00,MA_Crossover(35,44),8053.0,7866.0,8110.1571,7897.0909,213.0662,1.0,1.0,-236.0,-236.0,7866.0,2967.0
2008-03-20 00:00:00,MA_Crossover(35,44),7922.0,7732.0,8126.3857,7914.4773,211.9084,1.0,1.0,-134.0,-134.0,7732.0,2833.0
2008-03-25 00:00:00,MA_Crossover(35,44),8166.0,8017.0,8152.7429,7943.5,209.2429,1.0,1.0,285.0,285.0,8017.0,3118.0
2008-03-26 00:00:00,MA_Crossover(35,44),8269.0,8120.0,8181.4857,7971.25,210.2357,1.0,1.0,103.0,103.0,8120.0,3221.0
2008-03-27 00:00:00,MA_Crossover(35,44),8604.0,8455.0,8223.4286,8009.8864,213.5422,1.0,1.0,335.0,335.0,8455.0,3556.0
2008-03-28 00:00:00,MA_Crossover(35,44),8496.0,8347.0,8256.4571,8042.7727,213.6844,1.0,1.0,-108.0,-108.0,8347.0,3448.0
2008-03-31 00:00:00,MA_Crossover(35,44),8483.0,8334.0,8282.6857,8075.5909,207.0948,1.0,1.0,-13.0,-13.0,8334.0,3435.0
2008-04-01 00:00:00,MA_Crossover(35,44),8444.0,8295.0,8302.8,8106.9659,195.8341,1.0,1.0,-39.0,-39.0,8295.0,3396.0
2008-04-02 00:00:00,MA_Crossover(35,44),8653.0,8504.0,8327.2571,8137.625,189.6321,1.0,1.0,209.0,209.0,8504.0,3605.0
2008-04-03 00:00:00,MA_Crossover(35,44),8656.5,8507.5,8348.2143,8171.5682,176.6461,1.0,1.0,3.5,3.5,8507.5,3608.5
2008-04-04 00:00:00,MA_Crossover(35,44),8783.0,8634.0,8375.9571,8204.0455,171.9117,1.0,1.0,126.5,126.5,8634.0,3735.0
2008-04-07 00:00:00,MA_Crossover(35,44),8852.0,8703.0,8408.8714,8240.6023,168.2692,1.0,1.0,69.0,69.0,8703.0,3804.0
2008-04-08 00:00:00,MA_Crossover(35,44),8660.0,8511.0,8434.8143,8272.3523,162.462,1.0,1.0,-192.0,-192.0,8511.0,3612.0
2008-04-09 00:00:00,MA_Crossover(35,44),8864.0,8715.0,8459.1,8311.625,147.475,1.0,1.0,204.0,204.0,8715.0,3816.0
2008-04-10 00:00:00,MA_Crossover(35,44),8761.0,8612.0,8474.0429,8343.9205,130.1224,1.0,1.0,-103.0,-103.0,8612.0,3713.0
2008-04-11 00:00:00,MA_Crossover(35,44),8788.0,8639.0,8491.0143,8371.7159,119.2984,1.0,1.0,27.0,27.0,8639.0,3740.0
2008-04-14 00:00:00,MA_Crossover(35,44),8702.0,8553.0,8497.7286,8393.5795,104.149,1.0,1.0,-86.0,-86.0,8553.0,3654.0
2008-04-15 00:00:00,MA_Crossover(35,44),8498.0,8378.0,8501.5,8409.5114,91.9886,1.0,1.0,-175.0,-175.0,8378.0,3479.0
2008-04-16 00:00:00,MA_Crossover(35,44),8790.0,8671.0,8517.5286,8429.2159,88.3127,1.0,1.0,293.0,293.0,8671.0,3772.0
2008-04-17 00:00:00,MA_Crossover(35,44),8677.0,8561.0,8527.8714,8448.875,78.9964,1.0,1.0,-110.0,-110.0,8561.0,3662.0
2008-04-18 00:00:00,MA_Crossover(35,44),8635.0,8555.0,8532.1857,8470.125,62.0607,1.0,1.0,-6.0,-6.0,8555.0,3656.0
2008-04-21 00:00:00,MA_Crossover(35,44),8583.5,8503.5,8532.8,8489.0227,43.7773,1.0,1.0,-51.5,-51.5,8503.5,3604.5
2008-04-22 00:00:00,MA_Crossover(35,44),8772.0,8692.0,8540.9714,8506.25,34.7214,1.0,1.0,188.5,188.5,8692.0,3793.0
2008-04-23 00:00:00,MA_Crossover(35,44),8636.0,8556.0,8540.5143,8515.2955,25.2188,1.0,1.0,-136.0,-136.0,8556.0,3657.0
2008-04-24 00:00:00,MA_Crossover(35,44),8607.0,8527.0,8544.0571,8524.6818,19.3753,1.0,1.0,-29.0,-29.0,8527.0,3628.0
2008-04-25 00:00:00,MA_Crossover(35,44),8660.5,8580.5,8541.2143,8529.0795,12.1347,1.0,1.0,53.5,53.5,8580.5,3681.5
2008-04-28 00:00:00,MA_Crossover(35,44),8744.0,8664.0,8544.3857,8537.6705,6.7153,1.0,1.0,83.5,83.5,8664.0,3765.0
2008-04-29 00:00:00,MA_Crossover(35,44),8638.0,8558.0,8544.6714,8546.9659,-2.2945,-1.0,1.0,-106.0,-106.0,8558.0,3659.0
2008-04-30 00:00:00,MA_Crossover(35,44),8647.5,8567.5,8551.9429,8554.5227,-2.5799,-1.0,-1.0,9.5,-9.5,-8567.5,3649.5
2008-05-01 00:00:00,MA_Crossover(35,44),8316.0,8236.0,8550.9143,8550.7045,0.2097,1.0,-1.0,-331.5,331.5,-8236.0,3981.0
2008-05-02 00:00:00,MA_Crossover(35,44),8511.5,8431.5,8551.4143,8549.5568,1.8575,1.0,1.0,195.5,195.5,8431.5,4176.5
2008-05-06 00:00:00,MA_Crossover(35,44),8626.0,8546.0,8555.6429,8552.7386,2.9042,1.0,1.0,114.5,114.5,8546.0,4291.0
2008-05-07 00:00:00,MA_Crossover(35,44),8534.0,8454.0,8557.2143,8550.0568,7.1575,1.0,1.0,-92.0,-92.0,8454.0,4199.0
2008-05-08 00:00:00,MA_Crossover(35,44),8400.5,8320.5,8563.5143,8548.1818,15.3325,1.0,1.0,-133.5,-133.5,8320.5,4065.5
2008-05-09 00:00:00,MA_Crossover(35,44),8199.0,8119.0,8560.9143,8535.4318,25.4825,1.0,1.0,-201.5,-201.5,8119.0,3864.0
2008-05-12 00:00:00,MA_Crossover(35,44),8361.5,8281.5,8569.7286,8529.2614,40.4672,1.0,1.0,162.5,162.5,8281.5,4026.5
2008-05-13 00:00:00,MA_Crossover(35,44),8324.0,8244.0,8581.2143,8522.3523,58.862,1.0,1.0,-37.5,-37.5,8244.0,3989.0
2008-05-14 00:00:00,MA_Crossover(35,44),8223.0,8143.0,8582.8429,8518.4886,64.3542,1.0,1.0,-101.0,-101.0,8143.0,3888.0
2008-05-15 00:00:00,MA_Crossover(35,44),8412.0,8332.0,8586.9286,8519.8523,67.0763,1.0,1.0,189.0,189.0,8332.0,4077.0
2008-05-16 00:00:00,MA_Crossover(35,44),8563.0,8483.0,8585.7571,8521.4205,64.3367,1.0,1.0,151.0,151.0,8483.0,4228.0
2008-05-19 00:00:00,MA_Crossover(35,44),8433.0,8353.0,8583.9571,8520.3977,63.5594,1.0,1.0,-130.0,-130.0,8353.0,4098.0
2008-05-20 00:00:00,MA_Crossover(35,44),8383.0,8331.0,8581.1,8518.2159,62.8841,1.0,1.0,-22.0,-22.0,8331.0,4076.0
2008-05-21 00:00:00,MA_Crossover(35,44),8299.0,8247.0,8576.9571,8520.9205,56.0367,1.0,1.0,-84.0,-84.0,8247.0,3992.0
2008-05-22 00:00:00,MA_Crossover(35,44),8184.0,8134.0,8563.5571,8518.5114,45.0458,1.0,1.0,-113.0,-113.0,8134.0,3879.0
2008-05-23 00:00:00,MA_Crossover(35,44),8241.0,8221.0,8551.6857,8522.7841,28.9016,1.0,1.0,87.0,87.0,8221.0,3966.0
2008-05-27 00:00:00,MA_Crossover(35,44),8263.0,8243.0,8536.8286,8530.5341,6.2945,1.0,1.0,22.0,22.0,8243.0,3988.0
2008-05-28 00:00:00,MA_Crossover(35,44),8169.0,8149.0,8517.3143,8530.6023,-13.288,-1.0,1.0,-94.0,-94.0,8149.0,3894.0
2008-05-29 00:00:00,MA_Crossover(35,44),7963.0,7943.0,8497.4,8523.6477,-26.2477,-1.0,-1.0,-206.0,206.0,-7943.0,4100.0
2008-05-30 00:00:00,MA_Crossover(35,44),8017.0,7997.0,8473.2,8510.3068,-37.1068,-1.0,-1.0,54.0,-54.0,-7997.0,4046.0
2008-06-02 00:00:00,MA_Crossover(35,44),8018.0,7998.0,8451.9714,8499.4432,-47.4718,-1.0,-1.0,1.0,-1.0,-7998.0,4045.0
2008-06-03 00:00:00,MA_Crossover(35,44),8004.0,7984.0,8429.5714,8488.5568,-58.9854,-1.0,-1.0,-14.0,14.0,-7984.0,4059.0
2008-06-04 00:00:00,MA_Crossover(35,44),7990.0,7970.0,8409.2286,8478.2386,-69.0101,-1.0,-1.0,-14.0,14.0,-7970.0,4073.0
2008-06-05 00:00:00,MA_Crossover(35,44),7927.0,7907.0,8392.9143,8461.7386,-68.8244,-1.0,-1.0,-63.0,63.0,-7907.0,4136.0
2008-06-06 00:00:00,MA_Crossover(35,44),8111.0,8091.0,8373.5143,8449.3409,-75.8266,-1.0,-1.0,184.0,-184.0,-8091.0,3952.0
2008-06-09 00:00:00,MA_Crossover(35,44),8088.0,8068.0,8356.6857,8433.5455,-76.8597,-1.0,-1.0,-23.0,23.0,-8068.0,3975.0
2008-06-10 00:00:00,MA_Crossover(35,44),7982.0,7962.0,8338.0286,8413.7727,-75.7442,-1.0,-1.0,-106.0,106.0,-7962.0,4081.0
2008-06-11 00:00:00,MA_Crossover(35,44),8047.0,8027.0,8322.7,8399.8409,-77.1409,-1.0,-1.0,65.0,-65.0,-8027.0,4016.0
2008-06-12 00:00:00,MA_Crossover(35,44),7976.0,7956.0,8299.9571,8379.6591,-79.7019,-1.0,-1.0,-71.0,71.0,-7956.0,4087.0
2008-06-13 00:00:00,MA_Crossover(35,44),8147.0,8127.0,8285.9857,8365.7045,-79.7188,-1.0,-1.0,171.0,-171.0,-8127.0,3916.0
2008-06-16 00:00:00,MA_Crossover(35,44),8289.0,8269.0,8276.9,8354.3636,-77.4636,-1.0,-1.0,142.0,-142.0,-8269.0,3774.0
2008-06-17 00:00:00,MA_Crossover(35,44),8178.0,8201.0,8263.1143,8342.4545,-79.3403,-1.0,-1.0,-68.0,68.0,-8201.0,3842.0
2008-06-18 00:00:00,MA_Crossover(35,44),8342.0,8360.0,8251.6286,8338.9091,-87.2805,-1.0,-1.0,159.0,-159.0,-8360.0,3683.0
2008-06-19 00:00:00,MA_Crossover(35,44),8435.0,8453.0,8245.8286,8330.8409,-85.0123,-1.0,-1.0,93.0,-93.0,-8453.0,3590.0
2008-06-20 00:00:00,MA_Crossover(35,44),8542.0,8614.0,8242.8143,8327.7727,-84.9584,-1.0,-1.0,161.0,-161.0,-8614.0,3429.0
2008-06-23 00:00:00,MA_Crossover(35,44),8509.0,8581.0,8248.3286,8324.9091,-76.5805,-1.0,-1.0,-33.0,33.0,-8581.0,3462.0
2008-06-24 00:00:00,MA_Crossover(35,44),8456.0,8528.0,8246.7429,8322.0114,-75.2685,-1.0,-1.0,-53.0,53.0,-8528.0,3515.0
2008-06-25 00:00:00,MA_Crossover(35,44),8427.0,8499.0,8241.0571,8314.1705,-73.1133,-1.0,-1.0,-29.0,29.0,-8499.0,3544.0
2008-06-26 00:00:00,MA_Crossover(35,44),8564.0,8636.0,8241.9143,8312.5341,-70.6198,-1.0,-1.0,137.0,-137.0,-8636.0,3407.0
2008-06-27 00:00:00,MA_Crossover(35,44),8650.0,8722.0,8249.0429,8313.5114,-64.4685,-1.0,-1.0,86.0,-86.0,-8722.0,3321.0
2008-06-30 00:00:00,MA_Crossover(35,44),8638.0,8710.0,8261.5857,8313.0,-51.4143,-1.0,-1.0,-12.0,12.0,-8710.0,3333.0
2008-07-01 00:00:00,MA_Crossover(35,44),8749.5,8821.5,8272.6714,8313.125,-40.4536,-1.0,-1.0,111.5,-111.5,-8821.5,3221.5
2008-07-02 00:00:00,MA_Crossover(35,44),8865.0,8937.0,8288.1286,8318.2841,-30.1555,-1.0,-1.0,115.5,-115.5,-8937.0,3106.0
2008-07-03 00:00:00,MA_Crossover(35,44),8793.0,8865.0,8304.4143,8321.5909,-17.1766,-1.0,-1.0,-72.0,72.0,-8865.0,3178.0
2008-07-04 00:00:00,MA_Crossover(35,44),8620.5,8692.5,8310.3714,8328.5114,-18.1399,-1.0,-1.0,-172.5,172.5,-8692.5,3350.5
2008-07-07 00:00:00,MA_Crossover(35,44),8561.0,8633.0,8310.3143,8329.6364,-19.3221,-1.0,-1.0,-59.5,59.5,-8633.0,3410.0
2008-07-08 00:00:00,MA_Crossover(35,44),8345.0,8417.0,8307.8,8323.25,-15.45,-1.0,-1.0,-216.0,216.0,-8417.0,3626.0
2008-07-09 00:00:00,MA_Crossover(35,44),8361.0,8433.0,8307.1714,8319.3182,-12.1468,-1.0,-1.0,16.0,-16.0,-8433.0,3610.0
2008-07-10 00:00:00,MA_Crossover(35,44),8404.0,8476.0,8310.1714,8319.3977,-9.2263,-1.0,-1.0,43.0,-43.0,-8476.0,3567.0
2008-07-11 00:00:00,MA_Crossover(35,44),8446.0,8518.0,8317.6571,8325.0114,-7.3542,-1.0,-1.0,42.0,-42.0,-8518.0,3525.0
2008-07-14 00:00:00,MA_Crossover(35,44),8475.0,8547.0,8324.3429,8327.5909,-3.2481,-1.0,-1.0,29.0,-29.0,-8547.0,3496.0
2008-07-15 00:00:00,MA_Crossover(35,44),8251.0,8364.0,8324.0,8325.9318,-1.9318,-1.0,-1.0,-183.0,183.0,-8364.0,3679.0
2008-07-16 00:00:00,MA_Crossover(35,44),8204.0,8311.0,8325.0,8325.5,-0.5,-1.0,-1.0,-53.0,53.0,-8311.0,3732.0
2008-07-17 00:00:00,MA_Crossover(35,44),8294.0,8398.0,8334.4571,8322.8182,11.639,1.0,-1.0,87.0,-87.0,-8398.0,3645.0
2008-07-18 00:00:00,MA_Crossover(35,44),8211.0,8380.0,8340.0,8314.8182,25.1818,1.0,1.0,-18.0,-18.0,8380.0,3627.0
2008-07-21 00:00:00,MA_Crossover(35,44),8250.0,8419.0,8346.6286,8310.6591,35.9695,1.0,1.0,39.0,39.0,8419.0,3666.0
2008-07-22 00:00:00,MA_Crossover(35,44),8256.0,8425.0,8353.8286,8307.7727,46.0558,1.0,1.0,6.0,6.0,8425.0,3672.0
2008-07-23 00:00:00,MA_Crossover(35,44),8207.0,8376.0,8360.0286,8305.6818,54.3468,1.0,1.0,-49.0,-49.0,8376.0,3623.0
2008-07-24 00:00:00,MA_Crossover(35,44),8032.0,8201.0,8363.0286,8302.2273,60.8013,1.0,1.0,-175.0,-175.0,8201.0,3448.0
2008-07-25 00:00:00,MA_Crossover(35,44),8094.0,8263.0,8362.5429,8298.8864,63.6565,1.0,1.0,62.0,62.0,8263.0,3510.0
2008-07-28 00:00:00,MA_Crossover(35,44),8139.0,8308.0,8364.0,8296.0682,67.9318,1.0,1.0,45.0,45.0,8308.0,3555.0
2008-07-29 00:00:00,MA_Crossover(35,44),8072.0,8241.0,8366.5714,8293.8636,72.7078,1.0,1.0,-67.0,-67.0,8241.0,3488.0
2008-07-30 00:00:00,MA_Crossover(35,44),8178.0,8347.0,8370.3143,8298.75,71.5643,1.0,1.0,106.0,106.0,8347.0,3594.0
2008-07-31 00:00:00,MA_Crossover(35,44),8212.0,8381.0,8377.0571,8303.1818,73.8753,1.0,1.0,34.0,34.0,8381.0,3628.0
2008-08-01 00:00:00,MA_Crossover(35,44),8050.0,8219.0,8374.2857,8303.9091,70.3766,1.0,1.0,-162.0,-162.0,8219.0,3466.0
2008-08-04 00:00:00,MA_Crossover(35,44),7719.0,7888.0,8358.0,8297.4318,60.5682,1.0,1.0,-331.0,-331.0,7888.0,3135.0
2008-08-05 00:00:00,MA_Crossover(35,44),7749.0,7918.0,8345.7429,8291.9545,53.7883,1.0,1.0,30.0,30.0,7918.0,3165.0
2008-08-06 00:00:00,MA_Crossover(35,44),7752.0,7921.0,8328.8857,8287.9773,40.9084,1.0,1.0,3.0,3.0,7921.0,3168.0
2008-08-07 00:00:00,MA_Crossover(35,44),7802.0,7971.0,8310.8,8280.9545,29.8455,1.0,1.0,50.0,50.0,7971.0,3218.0
2008-08-08 00:00:00,MA_Crossover(35,44),7521.0,7690.0,8281.6286,8268.0682,13.5604,1.0,1.0,-281.0,-281.0,7690.0,2937.0
2008-08-11 00:00:00,MA_Crossover(35,44),7432.0,7601.0,8250.8571,8255.5682,-4.711,-1.0,1.0,-89.0,-89.0,7601.0,2848.0
2008-08-12 00:00:00,MA_Crossover(35,44),7191.0,7360.0,8214.7143,8236.1136,-21.3994,-1.0,-1.0,-241.0,241.0,-7360.0,3089.0
2008-08-13 00:00:00,MA_Crossover(35,44),7479.0,7648.0,8187.6286,8224.8182,-37.1896,-1.0,-1.0,288.0,-288.0,-7648.0,2801.0
2008-08-14 00:00:00,MA_Crossover(35,44),7440.0,7609.0,8155.5143,8208.75,-53.2357,-1.0,-1.0,-39.0,39.0,-7609.0,2840.0
2008-08-15 00:00:00,MA_Crossover(35,44),7438.0,7607.0,8120.8857,8189.4091,-68.5234,-1.0,-1.0,-2.0,2.0,-7607.0,2842.0
2008-08-18 00:00:00,MA_Crossover(35,44),7435.0,7604.0,8086.5143,8172.5227,-86.0084,-1.0,-1.0,-3.0,3.0,-7604.0,2845.0
2008-08-19 00:00:00,MA_Crossover(35,44),7634.0,7809.0,8054.6429,8156.4318,-101.789,-1.0,-1.0,205.0,-205.0,-7809.0,2640.0
2008-08-20 00:00:00,MA_Crossover(35,44),7584.0,7754.0,8018.0429,8137.0909,-119.0481,-1.0,-1.0,-55.0,55.0,-7754.0,2695.0
2008-08-21 00:00:00,MA_Crossover(35,44),7939.0,8103.0,7993.6429,8123.3864,-129.7435,-1.0,-1.0,349.0,-349.0,-8103.0,2346.0
2008-08-22 00:00:00,MA_Crossover(35,44),7740.0,7945.0,7968.4857,8105.9091,-137.4234,-1.0,-1.0,-158.0,158.0,-7945.0,2504.0
2008-08-26 00:00:00,MA_Crossover(35,44),7655.0,7860.0,7942.6,8087.7045,-145.1045,-1.0,-1.0,-85.0,85.0,-7860.0,2589.0
2008-08-27 00:00:00,MA_Crossover(35,44),7724.0,7929.0,7924.8571,8071.7273,-146.8701,-1.0,-1.0,69.0,-69.0,-7929.0,2520.0
2008-08-28 00:00:00,MA_Crossover(35,44),7592.0,7797.0,7902.8857,8049.6364,-146.7506,-1.0,-1.0,-132.0,132.0,-7797.0,2652.0
2008-08-29 00:00:00,MA_Crossover(35,44),7556.0,7761.0,7878.6571,8024.7727,-146.1156,-1.0,-1.0,-36.0,36.0,-7761.0,2688.0
2008-09-01 00:00:00,MA_Crossover(35,44),7337.0,7542.0,7846.9714,7995.2045,-148.2331,-1.0,-1.0,-219.0,219.0,-7542.0,2907.0
2008-09-02 00:00:00,MA_Crossover(35,44),7303.0,7508.0,7813.4857,7962.3295,-148.8438,-1.0,-1.0,-34.0,34.0,-7508.0,2941.0
2008-09-03 00:00:00,MA_Crossover(35,44),7404.0,7609.0,7789.2857,7929.125,-139.8393,-1.0,-1.0,101.0,-101.0,-7609.0,2840.0
2008-09-04 00:00:00,MA_Crossover(35,44),7272.0,7477.0,7762.6571,7894.5568,-131.8997,-1.0,-1.0,-132.0,132.0,-7477.0,2972.0
2008-09-05 00:00:00,MA_Crossover(35,44),6935.0,7140.0,7723.8286,7856.25,-132.4214,-1.0,-1.0,-337.0,337.0,-7140.0,3309.0
2008-09-08 00:00:00,MA_Crossover(35,44),6991.0,7196.0,7688.9714,7820.5682,-131.5968,-1.0,-1.0,56.0,-56.0,-7196.0,3253.0
2008-09-09 00:00:00,MA_Crossover(35,44),6856.0,7061.0,7649.1429,7786.7273,-137.5844,-1.0,-1.0,-135.0,135.0,-7061.0,3388.0
2008-09-10 00:00:00,MA_Crossover(35,44),6870.0,7075.0,7609.5429,7752.8409,-143.2981,-1.0,-1.0,14.0,-14.0,-7075.0,3374.0
2008-09-11 00:00:00,MA_Crossover(35,44),6966.0,7171.0,7574.0857,7720.1591,-146.0734,-1.0,-1.0,96.0,-96.0,-7171.0,3278.0
2008-09-12 00:00:00,MA_Crossover(35,44),7170.0,7375.0,7549.4571,7691.1591,-141.7019,-1.0,-1.0,204.0,-204.0,-7375.0,3074.0
2008-09-15 00:00:00,MA_Crossover(35,44),6983.0,7188.0,7517.7143,7657.25,-139.5357,-1.0,-1.0,-187.0,187.0,-7188.0,3261.0
2008-09-16 00:00:00,MA_Crossover(35,44),6927.0,7107.0,7483.0857,7627.1591,-144.0734,-1.0,-1.0,-81.0,81.0,-7107.0,3342.0
2008-09-17 00:00:00,MA_Crossover(35,44),6810.0,6990.0,7447.0286,7595.4773,-148.4487,-1.0,-1.0,-117.0,117.0,-6990.0,3459.0
2008-09-18 00:00:00,MA_Crossover(35,44),6784.0,6977.0,7407.2,7561.1591,-153.9591,-1.0,-1.0,-13.0,13.0,-6977.0,3472.0
2008-09-19 00:00:00,MA_Crossover(35,44),7096.0,7307.0,7375.3143,7535.8182,-160.5039,-1.0,-1.0,330.0,-330.0,-7307.0,3142.0
2008-09-22 00:00:00,MA_Crossover(35,44),7286.0,7497.0,7353.4857,7513.9091,-160.4234,-1.0,-1.0,190.0,-190.0,-7497.0,2952.0
2008-09-23 00:00:00,MA_Crossover(35,44),7006.0,7217.0,7333.1143,7485.5,-152.3857,-1.0,-1.0,-280.0,280.0,-7217.0,3232.0
2008-09-24 00:00:00,MA_Crossover(35,44),6943.5,7154.5,7310.1,7456.7841,-146.6841,-1.0,-1.0,-62.5,62.5,-7154.5,3294.5
2008-09-25 00:00:00,MA_Crossover(35,44),6979.5,7190.5,7288.0286,7432.8636,-144.8351,-1.0,-1.0,36.0,-36.0,-7190.5,3258.5
2008-09-26 00:00:00,MA_Crossover(35,44),6829.0,7040.0,7260.2286,7404.1136,-143.8851,-1.0,-1.0,-150.5,150.5,-7040.0,3409.0
2008-09-29 00:00:00,MA_Crossover(35,44),6477.0,6688.0,7230.4,7366.3409,-135.9409,-1.0,-1.0,-352.0,352.0,-6688.0,3761.0
2008-09-30 00:00:00,MA_Crossover(35,44),6401.0,6612.0,7200.9429,7328.3636,-127.4208,-1.0,-1.0,-76.0,76.0,-6612.0,3837.0
2008-10-01 00:00:00,MA_Crossover(35,44),6192.0,6403.0,7172.4,7283.2273,-110.8273,-1.0,-1.0,-209.0,209.0,-6403.0,4046.0
2008-10-02 00:00:00,MA_Crossover(35,44),5883.0,6094.0,7126.8,7230.2955,-103.4955,-1.0,-1.0,-309.0,309.0,-6094.0,4355.0
2008-10-03 00:00:00,MA_Crossover(35,44),6080.0,6291.0,7087.9429,7185.5227,-97.5799,-1.0,-1.0,197.0,-197.0,-6291.0,4158.0
2008-10-06 00:00:00,MA_Crossover(35,44),5649.0,5860.0,7036.8286,7138.4773,-101.6487,-1.0,-1.0,-431.0,431.0,-5860.0,4589.0
2008-10-07 00:00:00,MA_Crossover(35,44),5727.0,5938.0,6988.0286,7092.5227,-104.4942,-1.0,-1.0,78.0,-78.0,-5938.0,4511.0
2008-10-08 00:00:00,MA_Crossover(35,44),5296.0,5507.0,6921.2286,7036.7045,-115.476,-1.0,-1.0,-431.0,431.0,-5507.0,4942.0
2008-10-09 00:00:00,MA_Crossover(35,44),5375.0,5586.0,6858.1143,6981.5455,-123.4312,-1.0,-1.0,79.0,-79.0,-5586.0,4863.0
2008-10-10 00:00:00,MA_Crossover(35,44),4869.5,5080.5,6770.4143,6921.2841,-150.8698,-1.0,-1.0,-505.5,505.5,-5080.5,5368.5
2008-10-13 00:00:00,MA_Crossover(35,44),5194.0,5405.0,6697.6714,6870.4205,-172.749,-1.0,-1.0,324.5,-324.5,-5405.0,5044.0
2008-10-14 00:00:00,MA_Crossover(35,44),5295.0,5599.0,6630.2429,6827.3295,-197.0867,-1.0,-1.0,194.0,-194.0,-5599.0,4850.0
2008-10-15 00:00:00,MA_Crossover(35,44),4914.0,5218.0,6549.9571,6769.0341,-219.0769,-1.0,-1.0,-381.0,381.0,-5218.0,5231.0
2008-10-16 00:00:00,MA_Crossover(35,44),4644.5,4948.5,6465.7429,6705.5,-239.7571,-1.0,-1.0,-269.5,269.5,-4948.5,5500.5
2008-10-17 00:00:00,MA_Crossover(35,44),4806.5,5102.5,6387.1857,6645.6932,-258.5075,-1.0,-1.0,154.0,-154.0,-5102.5,5346.5
2008-10-20 00:00:00,MA_Crossover(35,44),4706.0,5002.0,6312.0143,6583.6705,-271.6562,-1.0,-1.0,-100.5,100.5,-5002.0,5447.0
2008-10-21 00:00:00,MA_Crossover(35,44),4479.0,4775.0,6231.3286,6511.9659,-280.6373,-1.0,-1.0,-227.0,227.0,-4775.0,5674.0
2008-10-22 00:00:00,MA_Crossover(35,44),4141.5,4437.5,6138.1143,6433.7273,-295.613,-1.0,-1.0,-337.5,337.5,-4437.5,6011.5
2008-10-23 00:00:00,MA_Crossover(35,44),4038.0,4334.0,6045.7143,6345.0682,-299.3539,-1.0,-1.0,-103.5,103.5,-4334.0,6115.0
2008-10-24 00:00:00,MA_Crossover(35,44),3764.0,4060.0,5955.1143,6254.7045,-299.5903,-1.0,-1.0,-274.0,274.0,-4060.0,6389.0
2008-10-27 00:00:00,MA_Crossover(35,44),4016.0,4312.0,5870.1143,6172.0,-301.8857,-1.0,-1.0,252.0,-252.0,-4312.0,6137.0
2008-10-28 00:00:00,MA_Crossover(35,44),4127.5,4423.5,5792.1571,6090.2614,-298.1042,-1.0,-1.0,111.5,-111.5,-4423.5,6025.5
2008-10-29 00:00:00,MA_Crossover(35,44),4650.0,4946.0,5728.7286,6023.3977,-294.6692,-1.0,-1.0,522.5,-522.5,-4946.0,5503.0
2008-10-30 00:00:00,MA_Crossover(35,44),4194.0,4490.0,5649.5286,5946.9886,-297.4601,-1.0,-1.0,-456.0,456.0,-4490.0,5959.0
2008-10-31 00:00:00,MA_Crossover(35,44),4097.0,4393.0,5561.7286,5873.3523,-311.6237,-1.0,-1.0,-97.0,97.0,-4393.0,6056.0
2008-11-03 00:00:00,MA_Crossover(35,44),4089.0,4385.0,5479.0429,5800.3068,-321.264,-1.0,-1.0,-8.0,8.0,-4385.0,6064.0
2008-11-04 00:00:00,MA_Crossover(35,44),4301.0,4597.0,5404.0143,5729.7841,-325.7698,-1.0,-1.0,212.0,-212.0,-4597.0,5852.0
2008-11-05 00:00:00,MA_Crossover(35,44),4066.5,4362.5,5325.6286,5656.9318,-331.3032,-1.0,-1.0,-234.5,234.5,-4362.5,6086.5
2008-11-06 00:00:00,MA_Crossover(35,44),3789.0,4085.0,5240.0571,5585.4318,-345.3747,-1.0,-1.0,-277.5,277.5,-4085.0,6364.0
2008-11-07 00:00:00,MA_Crossover(35,44),3734.5,4030.5,5144.0143,5511.4205,-367.4062,-1.0,-1.0,-54.5,54.5,-4030.5,6418.5
2008-11-10 00:00:00,MA_Crossover(35,44),3847.0,4143.0,5045.7571,5443.0341,-397.2769,-1.0,-1.0,112.5,-112.5,-4143.0,6306.0
2008-11-11 00:00:00,MA_Crossover(35,44),3606.0,3902.0,4948.6143,5368.8523,-420.238,-1.0,-1.0,-241.0,241.0,-3902.0,6547.0
2008-11-12 00:00:00,MA_Crossover(35,44),3587.0,3883.0,4852.7143,5292.0568,-439.3425,-1.0,-1.0,-19.0,19.0,-3883.0,6566.0
2008-11-13 00:00:00,MA_Crossover(35,44),3636.0,3932.0,4757.1857,5211.7386,-454.5529,-1.0,-1.0,49.0,-49.0,-3932.0,6517.0
2008-11-14 00:00:00,MA_Crossover(35,44),3781.0,4077.0,4670.1,5138.9659,-468.8659,-1.0,-1.0,145.0,-145.0,-4077.0,6372.0
2008-11-17 00:00:00,MA_Crossover(35,44),3609.0,3905.0,4588.1571,5063.5568,-475.3997,-1.0,-1.0,-172.0,172.0,-3905.0,6544.0
2008-11-18 00:00:00,MA_Crossover(35,44),3716.0,4012.0,4511.4429,4993.2386,-481.7958,-1.0,-1.0,107.0,-107.0,-4012.0,6437.0
2008-11-19 00:00:00,MA_Crossover(35,44),3557.0,3853.0,4436.1571,4919.8977,-483.7406,-1.0,-1.0,-159.0,159.0,-3853.0,6596.0
2008-11-20 00:00:00,MA_Crossover(35,44),3451.0,3745.0,4366.6714,4837.0568,-470.3854,-1.0,-1.0,-108.0,108.0,-3745.0,6704.0
2008-11-21 00:00:00,MA_Crossover(35,44),3518.0,3795.0,4293.4714,4751.4205,-457.949,-1.0,-1.0,50.0,-50.0,-3795.0,6654.0
2008-11-24 00:00:00,MA_Crossover(35,44),3733.0,4010.0,4238.7286,4677.0341,-438.3055,-1.0,-1.0,215.0,-215.0,-4010.0,6439.0
2008-11-25 00:00:00,MA_Crossover(35,44),3676.0,3953.0,4180.1286,4602.7727,-422.6442,-1.0,-1.0,-57.0,57.0,-3953.0,6496.0
2008-11-26 00:00:00,MA_Crossover(35,44),3735.5,4012.5,4135.5429,4529.0455,-393.5026,-1.0,-1.0,59.5,-59.5,-4012.5,6436.5
2008-11-27 00:00:00,MA_Crossover(35,44),3676.5,3953.5,4087.0143,4457.3977,-370.3834,-1.0,-1.0,-59.0,59.0,-3953.5,6495.5
2008-11-28 00:00:00,MA_Crossover(35,44),3604.5,3881.5,4050.8714,4392.1136,-341.2422,-1.0,-1.0,-72.0,72.0,-3881.5,6567.5
2008-12-01 00:00:00,MA_Crossover(35,44),3577.0,3854.0,4004.6714,4327.9318,-323.2604,-1.0,-1.0,-27.5,27.5,-3854.0,6595.0
2008-12-02 00:00:00,MA_Crossover(35,44),3540.5,3817.5,3954.5429,4267.6705,-313.1276,-1.0,-1.0,-36.5,36.5,-3817.5,6631.5
2008-12-03 00:00:00,MA_Crossover(35,44),3429.0,3706.0,3912.1143,4211.8977,-299.7834,-1.0,-1.0,-111.5,111.5,-3706.0,6743.0
2008-12-04 00:00:00,MA_Crossover(35,44),3252.5,3529.5,3872.3429,4147.6364,-275.2935,-1.0,-1.0,-176.5,176.5,-3529.5,6919.5
2008-12-05 00:00:00,MA_Crossover(35,44),3028.5,3305.5,3821.5429,4088.0795,-266.5367,-1.0,-1.0,-224.0,224.0,-3305.5,7143.5
2008-12-08 00:00:00,MA_Crossover(35,44),3294.0,3571.0,3781.2,4032.7841,-251.5841,-1.0,-1.0,265.5,-265.5,-3571.0,6878.0
2008-12-09 00:00:00,MA_Crossover(35,44),3175.5,3452.5,3743.9571,3984.5909,-240.6338,-1.0,-1.0,-118.5,118.5,-3452.5,6996.5
2008-12-10 00:00:00,MA_Crossover(35,44),3275.5,3552.5,3719.2143,3936.875,-217.6607,-1.0,-1.0,100.0,-100.0,-3552.5,6896.5
2008-12-11 00:00:00,MA_Crossover(35,44),3287.0,3564.0,3697.7571,3900.9091,-203.1519,-1.0,-1.0,11.5,-11.5,-3564.0,6885.0
2008-12-12 00:00:00,MA_Crossover(35,44),3143.5,3420.5,3680.0286,3854.3068,-174.2782,-1.0,-1.0,-143.5,143.5,-3420.5,7028.5
2008-12-15 00:00:00,MA_Crossover(35,44),3126.0,3403.0,3654.6,3805.0114,-150.4114,-1.0,-1.0,-17.5,17.5,-3403.0,7046.0
2008-12-16 00:00:00,MA_Crossover(35,44),3047.0,3322.5,3623.7286,3762.5795,-138.851,-1.0,-1.0,-80.5,80.5,-3322.5,7126.5
2008-12-17 00:00:00,MA_Crossover(35,44),3000.0,3273.5,3576.5857,3725.2045,-148.6188,-1.0,-1.0,-49.0,49.0,-3273.5,7175.5
2008-12-18 00:00:00,MA_Crossover(35,44),2860.5,3133.5,3538.4857,3680.9773,-142.4916,-1.0,-1.0,-140.0,140.0,-3133.5,7315.5
2008-12-19 00:00:00,MA_Crossover(35,44),2911.0,3172.0,3504.6,3640.1818,-135.5818,-1.0,-1.0,38.5,-38.5,-3172.0,7277.0
2008-12-22 00:00:00,MA_Crossover(35,44),2939.0,3200.0,3471.7429,3605.1818,-133.439,-1.0,-1.0,28.0,-28.0,-3200.0,7249.0
2008-12-23 00:00:00,MA_Crossover(35,44),2848.0,3109.0,3430.2286,3575.7841,-145.5555,-1.0,-1.0,-91.0,91.0,-3109.0,7340.0
2008-12-24 00:00:00,MA_Crossover(35,44),2823.0,3084.0,3394.7,3548.1705,-153.4705,-1.0,-1.0,-25.0,25.0,-3084.0,7365.0
2008-12-29 00:00:00,MA_Crossover(35,44),2881.5,3142.5,3368.7714,3528.1136,-159.3422,-1.0,-1.0,58.5,-58.5,-3142.5,7306.5
2008-12-30 00:00:00,MA_Crossover(35,44),2891.5,3152.5,3344.6857,3502.5568,-157.8711,-1.0,-1.0,10.0,-10.0,-3152.5,7296.5
2008-12-31 00:00:00,MA_Crossover(35,44),3049.25,3310.25,3321.8929,3478.0511,-156.1583,-1.0,-1.0,157.75,-157.75,-3310.25,7138.75
2009-01-02 00:00:00,MA_Crossover(35,44),3207.0,3468.0,3310.4929,3445.2557,-134.7628,-1.0,-1.0,157.75,-157.75,-3468.0,6981.0
2009-01-05 00:00:00,MA_Crossover(35,44),3158.5,3419.5,3298.25,3421.7216,-123.4716,-1.0,-1.0,-48.5,48.5,-3419.5,7029.5
2009-01-06 00:00:00,MA_Crossover(35,44),3359.5,3620.5,3290.35,3404.9602,-114.6102,-1.0,-1.0,201.0,-201.0,-3620.5,6828.5
2009-01-07 00:00:00,MA_Crossover(35,44),3311.25,3572.25,3276.9286,3387.2841,-110.3555,-1.0,-1.0,-48.25,48.25,-3572.25,6876.75
2009-01-08 00:00:00,MA_Crossover(35,44),3165.25,3426.25,3264.25,3361.4716,-97.2216,-1.0,-1.0,-146.0,146.0,-3426.25,7022.75
2009-01-09 00:00:00,MA_Crossover(35,44),3370.75,3631.75,3254.3857,3345.6591,-91.2734,-1.0,-1.0,205.5,-205.5,-3631.75,6817.25
2009-01-12 00:00:00,MA_Crossover(35,44),3211.75,3472.75,3244.5214,3332.5398,-88.0183,-1.0,-1.0,-159.0,159.0,-3472.75,6976.25
2009-01-13 00:00:00,MA_Crossover(35,44),3336.75,3597.75,3241.2571,3323.5,-82.2429,-1.0,-1.0,125.0,-125.0,-3597.75,6851.25
2009-01-14 00:00:00,MA_Crossover(35,44),3254.0,3515.0,3233.7143,3310.0227,-76.3084,-1.0,-1.0,-82.75,82.75,-3515.0,6934.0
2009-01-15 00:00:00,MA_Crossover(35,44),3248.5,3509.5,3219.8714,3301.8977,-82.0263,-1.0,-1.0,-5.5,5.5,-3509.5,6939.5
2009-01-16 00:00:00,MA_Crossover(35,44),3323.5,3584.5,3209.8,3295.9091,-86.1091,-1.0,-1.0,75.0,-75.0,-3584.5,6864.5
2009-01-19 00:00:00,MA_Crossover(35,44),3397.5,3658.5,3200.1429,3290.4886,-90.3458,-1.0,-1.0,74.0,-74.0,-3658.5,6790.5
2009-01-20 00:00:00,MA_Crossover(35,44),3319.5,3581.0,3189.9429,3280.0,-90.0571,-1.0,-1.0,-77.5,77.5,-3581.0,6868.0
2009-01-21 00:00:00,MA_Crossover(35,44),3196.5,3458.5,3178.2857,3270.625,-92.3393,-1.0,-1.0,-122.5,122.5,-3458.5,6990.5
2009-01-22 00:00:00,MA_Crossover(35,44),3064.75,3327.0,3163.65,3255.8239,-92.1739,-1.0,-1.0,-131.5,131.5,-3327.0,7122.0
2009-01-23 00:00:00,MA_Crossover(35,44),3226.75,3477.25,3154.6857,3248.3182,-93.6325,-1.0,-1.0,150.25,-150.25,-3477.25,6971.75
2009-01-26 00:00:00,MA_Crossover(35,44),3529.0,3779.5,3157.5429,3250.0909,-92.5481,-1.0,-1.0,302.25,-302.25,-3779.5,6669.5
2009-01-27 00:00:00,MA_Crossover(35,44),3283.0,3533.5,3158.4143,3244.75,-86.3357,-1.0,-1.0,-246.0,246.0,-3533.5,6915.5
2009-01-28 00:00:00,MA_Crossover(35,44),3302.5,3553.0,3166.2429,3234.9659,-68.7231,-1.0,-1.0,19.5,-19.5,-3553.0,6896.0
2009-01-29 00:00:00,MA_Crossover(35,44),3201.5,3452.0,3163.6,3224.1818,-60.5818,-1.0,-1.0,-101.0,101.0,-3452.0,6997.0
2009-01-30 00:00:00,MA_Crossover(35,44),3125.75,3376.25,3162.1786,3210.3239,-48.1453,-1.0,-1.0,-75.75,75.75,-3376.25,7072.75
2009-02-02 00:00:00,MA_Crossover(35,44),3146.75,3397.25,3158.5,3198.2841,-39.7841,-1.0,-1.0,21.0,-21.0,-3397.25,7051.75
2009-02-03 00:00:00,MA_Crossover(35,44),3344.5,3595.0,3160.1429,3192.375,-32.2321,-1.0,-1.0,197.75,-197.75,-3595.0,6854.0
2009-02-04 00:00:00,MA_Crossover(35,44),3386.0,3636.5,3167.0714,3188.0341,-20.9627,-1.0,-1.0,41.5,-41.5,-3636.5,6812.5
2009-02-05 00:00:00,MA_Crossover(35,44),3300.25,3550.75,3172.05,3182.5739,-10.5239,-1.0,-1.0,-85.75,85.75,-3550.75,6898.25
2009-02-06 00:00:00,MA_Crossover(35,44),3510.0,3760.5,3185.2786,3184.4148,0.8638,1.0,-1.0,209.75,-209.75,-3760.5,6688.5
2009-02-09 00:00:00,MA_Crossover(35,44),3547.25,3797.75,3200.9143,3191.1136,9.8006,1.0,1.0,37.25,37.25,3797.75,6725.75
2009-02-10 00:00:00,MA_Crossover(35,44),3450.0,3700.5,3217.7571,3200.6932,17.064,1.0,1.0,-97.25,-97.25,3700.5,6628.5
2009-02-11 00:00:00,MA_Crossover(35,44),3423.25,3673.75,3232.3929,3203.6307,28.7622,1.0,1.0,-26.75,-26.75,3673.75,6601.75
2009-02-12 00:00:00,MA_Crossover(35,44),3378.0,3628.5,3244.9357,3208.233,36.7028,1.0,1.0,-45.25,-45.25,3628.5,6556.5
2009-02-13 00:00:00,MA_Crossover(35,44),3392.5,3643.0,3260.4929,3210.892,49.6008,1.0,1.0,14.5,14.5,3643.0,6571.0
2009-02-16 00:00:00,MA_Crossover(35,44),3290.75,3541.25,3273.8571,3210.9773,62.8799,1.0,1.0,-101.75,-101.75,3541.25,6469.25
2009-02-17 00:00:00,MA_Crossover(35,44),3158.75,3409.0,3281.7786,3211.3239,70.4547,1.0,1.0,-132.25,-132.25,3409.0,6337.0
2009-02-18 00:00:00,MA_Crossover(35,44),3209.0,3459.0,3290.85,3213.2102,77.6398,1.0,1.0,50.0,50.0,3459.0,6387.0
2009-02-19 00:00:00,MA_Crossover(35,44),3265.25,3515.0,3297.0214,3218.1705,78.851,1.0,1.0,56.0,56.0,3515.0,6443.0
2009-02-20 00:00:00,MA_Crossover(35,44),3125.25,3362.0,3294.6857,3221.017,73.6687,1.0,1.0,-153.0,-153.0,3362.0,6290.0
2009-02-23 00:00:00,MA_Crossover(35,44),3205.75,3442.5,3296.0357,3228.8636,67.1721,1.0,1.0,80.5,80.5,3442.5,6370.5
2009-02-24 00:00:00,MA_Crossover(35,44),3259.5,3496.25,3293.1786,3236.7841,56.3945,1.0,1.0,53.75,53.75,3496.25,6424.25
2009-02-25 00:00:00,MA_Crossover(35,44),3385.75,3622.5,3295.3071,3246.9375,48.3696,1.0,1.0,126.25,126.25,3622.5,6550.5
2009-02-26 00:00:00,MA_Crossover(35,44),3477.0,3713.75,3304.2143,3261.233,42.9813,1.0,1.0,91.25,91.25,3713.75,6641.75
2009-02-27 00:00:00,MA_Crossover(35,44),3426.5,3663.25,3305.8071,3274.9489,30.8583,1.0,1.0,-50.5,-50.5,3663.25,6591.25
2009-03-02 00:00:00,MA_Crossover(35,44),3362.25,3599.0,3310.1071,3285.875,24.2321,1.0,1.0,-64.25,-64.25,3599.0,6527.0
2009-03-03 00:00:00,MA_Crossover(35,44),3520.0,3756.75,3315.3429,3300.1591,15.1838,1.0,1.0,157.75,157.75,3756.75,6684.75
2009-03-04 00:00:00,MA_Crossover(35,44),3728.0,3964.75,3328.8857,3315.5852,13.3005,1.0,1.0,208.0,208.0,3964.75,6892.75
2009-03-05 00:00:00,MA_Crossover(35,44),3665.5,3902.25,3340.8,3326.0057,14.7943,1.0,1.0,-62.5,-62.5,3902.25,6830.25
2009-03-06 00:00:00,MA_Crossover(35,44),3698.25,3935.0,3351.5071,3338.2727,13.2344,1.0,1.0,32.75,32.75,3935.0,6863.0
2009-03-09 00:00:00,MA_Crossover(35,44),3584.75,3821.5,3356.8571,3343.392,13.4651,1.0,1.0,-113.5,-113.5,3821.5,6749.5
2009-03-10 00:00:00,MA_Crossover(35,44),3692.25,3929.0,3367.5071,3352.0511,15.456,1.0,1.0,107.5,107.5,3929.0,6857.0
2009-03-11 00:00:00,MA_Crossover(35,44),3560.25,3797.0,3377.9,3361.0284,16.8716,1.0,1.0,-132.0,-132.0,3797.0,6725.0
2009-03-12 00:00:00,MA_Crossover(35,44),3549.5,3786.25,3391.75,3365.0909,26.6591,1.0,1.0,-10.75,-10.75,3786.25,6714.25
2009-03-13 00:00:00,MA_Crossover(35,44),3641.0,3877.75,3403.5857,3374.8466,28.7391,1.0,1.0,91.5,91.5,3877.75,6805.75
2009-03-16 00:00:00,MA_Crossover(35,44),3800.75,4037.5,3411.35,3385.392,25.958,1.0,1.0,159.75,159.75,4037.5,6965.5
2009-03-17 00:00:00,MA_Crossover(35,44),3781.75,4017.5,3425.6,3397.3864,28.2136,1.0,1.0,-20.0,-20.0,4017.5,6945.5
2009-03-18 00:00:00,MA_Crossover(35,44),3733.5,3970.0,3437.9143,3408.4091,29.5052,1.0,1.0,-47.5,-47.5,3970.0,6898.0
2009-03-19 00:00:00,MA_Crossover(35,44),3975.0,4211.5,3460.0143,3423.2159,36.7984,1.0,1.0,241.5,241.5,4211.5,7139.5
2009-03-20 00:00:00,MA_Crossover(35,44),3931.5,4156.0,3483.0357,3435.3523,47.6834,1.0,1.0,-55.5,-55.5,4156.0,7084.0
2009-03-23 00:00:00,MA_Crossover(35,44),4033.0,4257.5,3508.3571,3451.5682,56.789,1.0,1.0,101.5,101.5,4257.5,7185.5
2009-03-24 00:00:00,MA_Crossover(35,44),3948.0,4172.5,3525.6,3468.6477,56.9523,1.0,1.0,-85.0,-85.0,4172.5,7100.5
2009-03-25 00:00:00,MA_Crossover(35,44),3936.75,4161.25,3541.3357,3488.4659,52.8698,1.0,1.0,-11.25,-11.25,4161.25,7089.25
2009-03-26 00:00:00,MA_Crossover(35,44),4057.25,4281.75,3562.9643,3507.3409,55.6234,1.0,1.0,120.5,120.5,4281.75,7209.75
2009-03-27 00:00:00,MA_Crossover(35,44),4021.75,4246.25,3577.5857,3518.5398,59.0459,1.0,1.0,-35.5,-35.5,4246.25,7174.25
2009-03-30 00:00:00,MA_Crossover(35,44),3879.25,4103.75,3587.0714,3532.0909,54.9805,1.0,1.0,-142.5,-142.5,4103.75,7031.75
2009-03-31 00:00:00,MA_Crossover(35,44),4010.5,4235.0,3603.0857,3548.1818,54.9039,1.0,1.0,131.25,131.25,4235.0,7163.0
2009-04-01 00:00:00,MA_Crossover(35,44),4031.75,4256.25,3620.4714,3567.0511,53.4203,1.0,1.0,21.25,21.25,4256.25,7184.25
2009-04-02 00:00:00,MA_Crossover(35,44),4124.5,4349.0,3641.8,3589.75,52.05,1.0,1.0,92.75,92.75,4349.0,7277.0
2009-04-03 00:00:00,MA_Crossover(35,44),4278.75,4503.25,3667.1214,3615.4773,51.6442,1.0,1.0,154.25,154.25,4503.25,7431.25
2009-04-06 00:00:00,MA_Crossover(35,44),4244.75,4469.25,3694.3786,3635.9375,58.4411,1.0,1.0,-34.0,-34.0,4469.25,7397.25
2009-04-07 00:00:00,MA_Crossover(35,44),4351.75,4576.25,3728.4643,3657.8864,70.5779,1.0,1.0,107.0,107.0,4576.25,7504.25
2009-04-08 00:00:00,MA_Crossover(35,44),4369.75,4594.25,3761.6286,3682.1932,79.4354,1.0,1.0,18.0,18.0,4594.25,7522.25
2009-04-09 00:00:00,MA_Crossover(35,44),4529.25,4753.75,3797.7429,3705.358,92.3849,1.0,1.0,159.5,159.5,4753.75,7681.75
2009-04-14 00:00:00,MA_Crossover(35,44),4687.0,4902.5,3842.3643,3731.2614,111.1029,1.0,1.0,148.75,148.75,4902.5,7830.5
2009-04-15 00:00:00,MA_Crossover(35,44),4816.5,5026.5,3888.3857,3762.3182,126.0675,1.0,1.0,124.0,124.0,5026.5,7954.5
2009-04-16 00:00:00,MA_Crossover(35,44),4730.0,4939.5,3930.4,3792.017,138.383,1.0,1.0,-87.0,-87.0,4939.5,7867.5
2009-04-17 00:00:00,MA_Crossover(35,44),4820.0,5029.5,3971.3786,3824.7898,146.5888,1.0,1.0,90.0,90.0,5029.5,7957.5
2009-04-20 00:00:00,MA_Crossover(35,44),4591.0,4800.5,4003.2071,3852.0284,151.1787,1.0,1.0,-229.0,-229.0,4800.5,7728.5
2009-04-21 00:00:00,MA_Crossover(35,44),4516.0,4725.5,4034.3357,3879.875,154.4607,1.0,1.0,-75.0,-75.0,4725.5,7653.5
2009-04-22 00:00:00,MA_Crossover(35,44),4552.0,4761.5,4068.3286,3911.5398,156.7888,1.0,1.0,36.0,36.0,4761.5,7689.5
2009-04-23 00:00:00,MA_Crossover(35,44),4344.5,4554.0,4091.8857,3937.3466,154.5391,1.0,1.0,-207.5,-207.5,4554.0,7482.0
2009-04-24 00:00:00,MA_Crossover(35,44),4483.0,4692.5,4113.4571,3965.0227,148.4344,1.0,1.0,138.5,138.5,4692.5,7620.5
2009-04-27 00:00:00,MA_Crossover(35,44),4350.5,4560.0,4133.0286,3992.8693,140.1593,1.0,1.0,-132.5,-132.5,4560.0,7488.0
2009-04-28 00:00:00,MA_Crossover(35,44),4186.5,4396.0,4146.9786,4015.1591,131.8195,1.0,1.0,-164.0,-164.0,4396.0,7324.0
2009-04-29 00:00:00,MA_Crossover(35,44),4375.5,4585.0,4169.5714,4040.5227,129.0487,1.0,1.0,189.0,189.0,4585.0,7513.0
2009-04-30 00:00:00,MA_Crossover(35,44),4436.75,4646.25,4190.8429,4064.4091,126.4338,1.0,1.0,61.25,61.25,4646.25,7574.25
2009-05-01 00:00:00,MA_Crossover(35,44),4608.5,4818.0,4220.7929,4090.125,130.6679,1.0,1.0,171.75,171.75,4818.0,7746.0
2009-05-05 00:00:00,MA_Crossover(35,44),4533.5,4743.0,4248.9071,4115.2841,133.6231,1.0,1.0,-75.0,-75.0,4743.0,7671.0
2009-05-06 00:00:00,MA_Crossover(35,44),4747.5,4957.0,4280.5214,4146.767,133.7544,1.0,1.0,214.0,214.0,4957.0,7885.0
2009-05-07 00:00:00,MA_Crossover(35,44),4703.5,4913.0,4306.3143,4173.6648,132.6495,1.0,1.0,-44.0,-44.0,4913.0,7841.0
2009-05-08 00:00:00,MA_Crossover(35,44),4670.0,4879.5,4331.6929,4195.0739,136.619,1.0,1.0,-33.5,-33.5,4879.5,7807.5
2009-05-11 00:00:00,MA_Crossover(35,44),4544.5,4754.0,4354.8643,4215.0511,139.8131,1.0,1.0,-125.5,-125.5,4754.0,7682.0
2009-05-12 00:00:00,MA_Crossover(35,44),4576.25,4785.75,4372.0429,4235.0057,137.0372,1.0,1.0,31.75,31.75,4785.75,7713.75
2009-05-13 00:00:00,MA_Crossover(35,44),4428.25,4637.75,4386.2357,4254.1761,132.0596,1.0,1.0,-148.0,-148.0,4637.75,7565.75
2009-05-14 00:00:00,MA_Crossover(35,44),4441.0,4650.5,4397.8929,4271.1932,126.6997,1.0,1.0,12.75,12.75,4650.5,7578.5
2009-05-15 00:00:00,MA_Crossover(35,44),4447.0,4656.5,4412.15,4291.3466,120.8034,1.0,1.0,6.0,6.0,4656.5,7584.5
2009-05-18 00:00:00,MA_Crossover(35,44),4508.5,4718.0,4428.4857,4313.142,115.3437,1.0,1.0,61.5,61.5,4718.0,7646.0
2009-05-19 00:00:00,MA_Crossover(35,44),4521.0,4730.0,4441.7357,4333.142,108.5937,1.0,1.0,12.0,12.0,4730.0,7658.0
2009-05-20 00:00:00,MA_Crossover(35,44),4630.0,4840.0,4459.1143,4351.9886,107.1256,1.0,1.0,110.0,110.0,4840.0,7768.0
2009-05-21 00:00:00,MA_Crossover(35,44),4460.25,4670.25,4475.7143,4367.4091,108.3052,1.0,1.0,-169.75,-169.75,4670.25,7598.25
2009-05-22 00:00:00,MA_Crossover(35,44),4607.5,4809.5,4492.7714,4387.2727,105.4987,1.0,1.0,139.25,139.25,4809.5,7737.5
2009-05-26 00:00:00,MA_Crossover(35,44),4662.0,4864.0,4510.7786,4402.8864,107.8922,1.0,1.0,54.5,54.5,4864.0,7792.0
2009-05-27 00:00:00,MA_Crossover(35,44),4660.5,4862.5,4526.0929,4419.4545,106.6383,1.0,1.0,-1.5,-1.5,4862.5,7790.5
2009-05-28 00:00:00,MA_Crossover(35,44),4740.5,4942.5,4539.2857,4435.5341,103.7516,1.0,1.0,80.0,80.0,4942.5,7870.5
2009-05-29 00:00:00,MA_Crossover(35,44),4819.0,5021.0,4555.6929,4455.3295,100.3633,1.0,1.0,78.5,78.5,5021.0,7949.0
2009-06-01 00:00:00,MA_Crossover(35,44),5063.25,5265.25,4576.0214,4480.9318,95.0896,1.0,1.0,244.25,244.25,5265.25,8193.25
2009-06-02 00:00:00,MA_Crossover(35,44),5036.0,5238.0,4595.0571,4503.1761,91.881,1.0,1.0,-27.25,-27.25,5238.0,8166.0
2009-06-03 00:00:00,MA_Crossover(35,44),4904.5,5106.5,4605.7786,4523.2386,82.5399,1.0,1.0,-131.5,-131.5,5106.5,8034.5
2009-06-04 00:00:00,MA_Crossover(35,44),5008.25,5210.25,4614.9571,4548.8977,66.0594,1.0,1.0,103.75,103.75,5210.25,8138.25
2009-06-05 00:00:00,MA_Crossover(35,44),4963.0,5165.0,4619.1429,4570.5455,48.5974,1.0,1.0,-45.25,-45.25,5165.0,8093.0
2009-06-08 00:00:00,MA_Crossover(35,44),4963.5,5165.5,4625.8143,4591.7216,34.0927,1.0,1.0,0.5,0.5,5165.5,8093.5
2009-06-09 00:00:00,MA_Crossover(35,44),5153.0,5355.0,4635.3286,4615.0966,20.232,1.0,1.0,189.5,189.5,5355.0,8283.0
2009-06-10 00:00:00,MA_Crossover(35,44),5150.25,5352.25,4651.3071,4634.9034,16.4037,1.0,1.0,-2.75,-2.75,5352.25,8280.25
2009-06-11 00:00:00,MA_Crossover(35,44),5355.25,5557.25,4675.2857,4660.142,15.1437,1.0,1.0,205.0,205.0,5557.25,8485.25
2009-06-12 00:00:00,MA_Crossover(35,44),5212.5,5414.5,4694.1571,4679.7045,14.4526,1.0,1.0,-142.75,-142.75,5414.5,8342.5
2009-06-15 00:00:00,MA_Crossover(35,44),4981.5,5183.5,4712.3571,4693.608,18.7492,1.0,1.0,-231.0,-231.0,5183.5,8111.5
2009-06-16 00:00:00,MA_Crossover(35,44),4966.25,5164.25,4726.1643,4703.5398,22.6245,1.0,1.0,-19.25,-19.25,5164.25,8092.25
2009-06-17 00:00:00,MA_Crossover(35,44),4946.5,5144.25,4743.1929,4709.4375,33.7554,1.0,1.0,-20.0,-20.0,5144.25,8072.25
2009-06-18 00:00:00,MA_Crossover(35,44),4956.5,5154.25,4765.1929,4712.6193,52.5735,1.0,1.0,10.0,10.0,5154.25,8082.25
2009-06-19 00:00:00,MA_Crossover(35,44),5017.5,5208.75,4783.5357,4719.1534,64.3823,1.0,1.0,54.5,54.5,5208.75,8136.75
2009-06-22 00:00:00,MA_Crossover(35,44),4747.0,4938.25,4792.4,4717.4943,74.9057,1.0,1.0,-270.5,-270.5,4938.25,7866.25
2009-06-23 00:00:00,MA_Crossover(35,44),4790.25,4981.5,4797.5929,4722.0227,75.5701,1.0,1.0,43.25,43.25,4981.5,7909.5
2009-06-24 00:00:00,MA_Crossover(35,44),5041.5,5232.75,4812.1071,4733.9659,78.1412,1.0,1.0,251.25,251.25,5232.75,8160.75
2009-06-25 00:00:00,MA_Crossover(35,44),5121.0,5312.25,4822.7786,4746.8977,75.8808,1.0,1.0,79.5,79.5,5312.25,8240.25
2009-06-26 00:00:00,MA_Crossover(35,44),5024.0,5215.25,4831.9357,4762.3409,69.5948,1.0,1.0,-97.0,-97.0,5215.25,8143.25
2009-06-29 00:00:00,MA_Crossover(35,44),5087.0,5278.25,4843.85,4776.0682,67.7818,1.0,1.0,63.0,63.0,5278.25,8206.25
2009-06-30 00:00:00,MA_Crossover(35,44),4954.0,5145.25,4855.55,4789.7841,65.7659,1.0,1.0,-133.0,-133.0,5145.25,8073.25
2009-07-01 00:00:00,MA_Crossover(35,44),5078.0,5269.25,4869.8857,4810.0455,59.8403,1.0,1.0,124.0,124.0,5269.25,8197.25
2009-07-02 00:00:00,MA_Crossover(35,44),5023.25,5214.5,4886.8857,4824.767,62.1187,1.0,1.0,-54.75,-54.75,5214.5,8142.5
2009-07-03 00:00:00,MA_Crossover(35,44),4970.0,5161.25,4902.0,4836.8864,65.1136,1.0,1.0,-53.25,-53.25,5161.25,8089.25
2009-07-06 00:00:00,MA_Crossover(35,44),4958.5,5149.75,4916.6143,4844.8409,71.7734,1.0,1.0,-11.5,-11.5,5149.75,8077.75
2009-07-07 00:00:00,MA_Crossover(35,44),4869.5,5060.75,4926.9286,4852.4773,74.4513,1.0,1.0,-89.0,-89.0,5060.75,7988.75
2009-07-08 00:00:00,MA_Crossover(35,44),4713.0,4904.25,4932.4143,4851.6932,80.7211,1.0,1.0,-156.5,-156.5,4904.25,7832.25
2009-07-09 00:00:00,MA_Crossover(35,44),4884.5,5075.75,4939.6857,4855.8068,83.8789,1.0,1.0,171.5,171.5,5075.75,8003.75
2009-07-10 00:00:00,MA_Crossover(35,44),4857.0,5048.25,4951.0214,4860.0568,90.9646,1.0,1.0,-27.5,-27.5,5048.25,7976.25
2009-07-13 00:00:00,MA_Crossover(35,44),4898.5,5089.75,4959.3357,4868.1023,91.2334,1.0,1.0,41.5,41.5,5089.75,8017.75
2009-07-14 00:00:00,MA_Crossover(35,44),5044.0,5244.25,4970.25,4878.733,91.517,1.0,1.0,154.5,154.5,5244.25,8172.25
2009-07-15 00:00:00,MA_Crossover(35,44),5256.5,5458.75,4987.2786,4897.5568,89.7218,1.0,1.0,214.5,214.5,5458.75,8386.75
2009-07-16 00:00:00,MA_Crossover(35,44),5256.5,5458.25,5002.0214,4916.0909,85.9305,1.0,1.0,-0.5,-0.5,5458.25,8386.25
2009-07-17 00:00:00,MA_Crossover(35,44),5306.5,5505.25,5015.95,4935.625,80.325,1.0,1.0,47.0,47.0,5505.25,8433.25
2009-07-20 00:00:00,MA_Crossover(35,44),5342.75,5541.5,5023.9357,4954.5852,69.3505,1.0,1.0,36.25,36.25,5541.5,8469.5
2009-07-21 00:00:00,MA_Crossover(35,44),5390.5,5589.25,5034.0643,4974.3466,59.7177,1.0,1.0,47.75,47.75,5589.25,8517.25
2009-07-22 00:00:00,MA_Crossover(35,44),5494.0,5692.75,5050.9071,4993.983,56.9242,1.0,1.0,103.5,103.5,5692.75,8620.75
2009-07-23 00:00:00,MA_Crossover(35,44),5530.5,5729.25,5065.8286,5018.3068,47.5218,1.0,1.0,36.5,36.5,5729.25,8657.25
2009-07-24 00:00:00,MA_Crossover(35,44),5524.0,5722.75,5081.8571,5039.1364,42.7208,1.0,1.0,-6.5,-6.5,5722.75,8650.75
2009-07-27 00:00:00,MA_Crossover(35,44),5602.0,5800.75,5100.1,5060.5,39.6,1.0,1.0,78.0,78.0,5800.75,8728.75
2009-07-28 00:00:00,MA_Crossover(35,44),5525.0,5723.75,5110.7286,5080.1477,30.5808,1.0,1.0,-77.0,-77.0,5723.75,8651.75
2009-07-29 00:00:00,MA_Crossover(35,44),5415.0,5613.75,5118.2929,5095.4773,22.8156,1.0,1.0,-110.0,-110.0,5613.75,8541.75
2009-07-30 00:00:00,MA_Crossover(35,44),5610.0,5808.75,5125.5714,5113.4545,12.1169,1.0,1.0,195.0,195.0,5808.75,8736.75
2009-07-31 00:00:00,MA_Crossover(35,44),5724.0,5922.75,5140.1857,5128.4716,11.7141,1.0,1.0,114.0,114.0,5922.75,8850.75
2009-08-03 00:00:00,MA_Crossover(35,44),6006.0,6204.75,5169.4571,5150.517,18.9401,1.0,1.0,282.0,282.0,6204.75,9132.75
2009-08-04 00:00:00,MA_Crossover(35,44),6051.0,6249.75,5200.45,5176.5739,23.8761,1.0,1.0,45.0,45.0,6249.75,9177.75
2009-08-05 00:00:00,MA_Crossover(35,44),6201.0,6399.75,5236.2929,5203.6818,32.611,1.0,1.0,150.0,150.0,6399.75,9327.75
2009-08-06 00:00:00,MA_Crossover(35,44),6022.5,6221.25,5266.75,5227.7614,38.9886,1.0,1.0,-178.5,-178.5,6221.25,9149.25
2009-08-07 00:00:00,MA_Crossover(35,44),6146.0,6344.75,5298.9929,5254.6364,44.3565,1.0,1.0,123.5,123.5,6344.75,9272.75
2009-08-10 00:00:00,MA_Crossover(35,44),6130.0,6328.75,5338.5071,5276.8409,61.6662,1.0,1.0,-16.0,-16.0,6328.75,9256.75
2009-08-11 00:00:00,MA_Crossover(35,44),6034.5,6233.25,5374.0571,5296.9375,77.1196,1.0,1.0,-95.5,-95.5,6233.25,9161.25
2009-08-12 00:00:00,MA_Crossover(35,44),6193.0,6391.75,5406.9571,5315.9773,90.9799,1.0,1.0,158.5,158.5,6391.75,9319.75
2009-08-13 00:00:00,MA_Crossover(35,44),6384.5,6583.25,5443.0571,5342.6136,100.4435,1.0,1.0,191.5,191.5,6583.25,9511.25
2009-08-14 00:00:00,MA_Crossover(35,44),6252.5,6451.25,5478.1571,5371.5,106.6571,1.0,1.0,-132.0,-132.0,6451.25,9379.25
2009-08-17 00:00:00,MA_Crossover(35,44),6054.5,6253.25,5505.8,5396.233,109.567,1.0,1.0,-198.0,-198.0,6253.25,9181.25
2009-08-18 00:00:00,MA_Crossover(35,44),6088.0,6281.75,5538.2,5422.1761,116.0239,1.0,1.0,28.5,28.5,6281.75,9209.75
2009-08-19 00:00:00,MA_Crossover(35,44),5989.0,6182.75,5564.2286,5445.642,118.5865,1.0,1.0,-99.0,-99.0,6182.75,9110.75
2009-08-20 00:00:00,MA_Crossover(35,44),6057.5,6251.25,5593.7786,5469.2784,124.5002,1.0,1.0,68.5,68.5,6251.25,9179.25
2009-08-21 00:00:00,MA_Crossover(35,44),6277.5,6474.25,5631.1357,5504.0625,127.0732,1.0,1.0,223.0,223.0,6474.25,9402.25
2009-08-24 00:00:00,MA_Crossover(35,44),6429.5,6626.25,5673.1643,5541.3182,131.8461,1.0,1.0,152.0,152.0,6626.25,9554.25
2009-08-25 00:00:00,MA_Crossover(35,44),6309.5,6506.25,5714.3071,5570.1364,144.1708,1.0,1.0,-120.0,-120.0,6506.25,9434.25
2009-08-26 00:00:00,MA_Crossover(35,44),6287.0,6483.75,5759.2786,5596.6364,162.6422,1.0,1.0,-22.5,-22.5,6483.75,9411.75
2009-08-27 00:00:00,MA_Crossover(35,44),6265.0,6461.75,5798.7214,5624.8409,173.8805,1.0,1.0,-22.0,-22.0,6461.75,9389.75
2009-08-28 00:00:00,MA_Crossover(35,44),6470.5,6667.25,5844.8214,5656.2841,188.5373,1.0,1.0,205.5,205.5,6667.25,9595.25
2009-09-01 00:00:00,MA_Crossover(35,44),6193.5,6390.25,5881.8214,5684.4545,197.3669,1.0,1.0,-277.0,-277.0,6390.25,9318.25
2009-09-02 00:00:00,MA_Crossover(35,44),6165.5,6362.25,5913.8643,5709.1705,204.6938,1.0,1.0,-28.0,-28.0,6362.25,9290.25
2009-09-03 00:00:00,MA_Crossover(35,44),6247.0,6443.75,5942.1643,5736.983,205.1813,1.0,1.0,81.5,81.5,6443.75,9371.75
2009-09-04 00:00:00,MA_Crossover(35,44),6267.5,6464.25,5971.05,5766.4716,204.5784,1.0,1.0,20.5,20.5,6464.25,9392.25
2009-09-07 00:00:00,MA_Crossover(35,44),6317.5,6514.25,5999.9357,5797.358,202.5778,1.0,1.0,50.0,50.0,6514.25,9442.25
2009-09-08 00:00:00,MA_Crossover(35,44),6467.25,6664.0,6032.0643,5833.6705,198.3938,1.0,1.0,149.75,149.75,6664.0,9592.0
2009-09-09 00:00:00,MA_Crossover(35,44),6402.5,6599.25,6060.9786,5872.0682,188.9104,1.0,1.0,-64.75,-64.75,6599.25,9527.25
2009-09-10 00:00:00,MA_Crossover(35,44),6279.0,6475.75,6083.4071,5903.7614,179.6458,1.0,1.0,-123.5,-123.5,6475.75,9403.75
2009-09-11 00:00:00,MA_Crossover(35,44),6235.5,6432.25,6103.55,5935.0909,168.4591,1.0,1.0,-43.5,-43.5,6432.25,9360.25
2009-09-14 00:00:00,MA_Crossover(35,44),6123.75,6320.5,6120.6857,5962.9375,157.7482,1.0,1.0,-111.75,-111.75,6320.5,9248.5
2009-09-15 00:00:00,MA_Crossover(35,44),6195.5,6392.0,6137.6429,5989.108,148.5349,1.0,1.0,71.5,71.5,6392.0,9320.0
2009-09-16 00:00:00,MA_Crossover(35,44),6412.0,6607.5,6162.9857,6015.3693,147.6164,1.0,1.0,215.5,215.5,6607.5,9535.5
2009-09-17 00:00:00,MA_Crossover(35,44),6374.75,6570.75,6190.4071,6040.7841,149.6231,1.0,1.0,-36.75,-36.75,6570.75,9498.75
2009-09-18 00:00:00,MA_Crossover(35,44),6163.75,6353.75,6206.2286,6060.267,145.9615,1.0,1.0,-217.0,-217.0,6353.75,9281.75
2009-09-21 00:00:00,MA_Crossover(35,44),6179.25,6369.25,6219.2357,6079.2784,139.9573,1.0,1.0,15.5,15.5,6369.25,9297.25
2009-09-22 00:00:00,MA_Crossover(35,44),6261.0,6451.0,6226.5214,6099.0625,127.4589,1.0,1.0,81.75,81.75,6451.0,9379.0
2009-09-23 00:00:00,MA_Crossover(35,44),6118.75,6308.75,6228.4571,6113.2614,115.1958,1.0,1.0,-142.25,-142.25,6308.75,9236.75
2009-09-24 00:00:00,MA_Crossover(35,44),5952.5,6142.5,6221.3571,6122.8523,98.5049,1.0,1.0,-166.25,-166.25,6142.5,9070.5
2009-09-25 00:00:00,MA_Crossover(35,44),5983.0,6173.0,6220.2286,6133.2841,86.9445,1.0,1.0,30.5,30.5,6173.0,9101.0
2009-09-28 00:00:00,MA_Crossover(35,44),6003.0,6193.0,6216.1429,6142.3977,73.7451,1.0,1.0,20.0,20.0,6193.0,9121.0
2009-09-29 00:00:00,MA_Crossover(35,44),5969.0,6159.0,6211.5429,6152.4886,59.0542,1.0,1.0,-34.0,-34.0,6159.0,9087.0
2009-09-30 00:00:00,MA_Crossover(35,44),6153.5,6343.5,6214.9429,6169.2727,45.6701,1.0,1.0,184.5,184.5,6343.5,9271.5
2009-10-01 00:00:00,MA_Crossover(35,44),5974.5,6164.5,6208.7,6177.5568,31.1432,1.0,1.0,-179.0,-179.0,6164.5,9092.5
2009-10-02 00:00:00,MA_Crossover(35,44),5865.75,6055.75,6193.8786,6180.7784,13.1002,1.0,1.0,-108.75,-108.75,6055.75,8983.75
2009-10-05 00:00:00,MA_Crossover(35,44),5905.75,6095.75,6183.9714,6178.5,5.4714,1.0,1.0,40.0,40.0,6095.75,9023.75
2009-10-06 00:00:00,MA_Crossover(35,44),6101.0,6291.0,6185.3,6179.6364,5.6636,1.0,1.0,195.25,195.25,6291.0,9219.0
2009-10-07 00:00:00,MA_Crossover(35,44),6079.0,6269.0,6185.0429,6176.8636,8.1792,1.0,1.0,-22.0,-22.0,6269.0,9197.0
2009-10-08 00:00:00,MA_Crossover(35,44),6315.25,6505.25,6194.3643,6183.517,10.8472,1.0,1.0,236.25,236.25,6505.25,9433.25
2009-10-09 00:00:00,MA_Crossover(35,44),6219.5,6409.5,6198.9929,6185.1875,13.8054,1.0,1.0,-95.75,-95.75,6409.5,9337.5
2009-10-12 00:00:00,MA_Crossover(35,44),6263.0,6453.0,6198.5786,6188.2102,10.3683,1.0,1.0,43.5,43.5,6453.0,9381.0
2009-10-13 00:00:00,MA_Crossover(35,44),6122.5,6312.5,6189.8071,6190.2102,-0.4031,-1.0,1.0,-140.5,-140.5,6312.5,9240.5
2009-10-14 00:00:00,MA_Crossover(35,44),6203.0,6393.0,6186.7643,6190.4375,-3.6732,-1.0,-1.0,80.5,-80.5,-6393.0,9160.0
2009-10-15 00:00:00,MA_Crossover(35,44),6269.75,6459.75,6186.2714,6187.8295,-1.5581,-1.0,-1.0,66.75,-66.75,-6459.75,9093.25
2009-10-16 00:00:00,MA_Crossover(35,44),6210.5,6400.5,6184.7143,6186.875,-2.1607,-1.0,-1.0,-59.25,59.25,-6400.5,9152.5
2009-10-19 00:00:00,MA_Crossover(35,44),6453.0,6643.0,6184.2143,6195.9318,-11.7175,-1.0,-1.0,242.5,-242.5,-6643.0,8910.0
2009-10-20 00:00:00,MA_Crossover(35,44),6404.0,6594.0,6190.2286,6203.1136,-12.8851,-1.0,-1.0,-49.0,49.0,-6594.0,8959.0
2009-10-21 00:00:00,MA_Crossover(35,44),6576.25,6767.5,6201.9643,6216.4602,-14.4959,-1.0,-1.0,173.5,-173.5,-6767.5,8785.5
2009-10-22 00:00:00,MA_Crossover(35,44),6576.5,6767.5,6211.3786,6228.2557,-16.8771,-1.0,-1.0,0.0,-0.0,-6767.5,8785.5
2009-10-23 00:00:00,MA_Crossover(35,44),6635.25,6819.25,6221.8857,6236.3864,-14.5006,-1.0,-1.0,51.75,-51.75,-6819.25,8733.75
2009-10-26 00:00:00,MA_Crossover(35,44),6595.0,6779.0,6229.8143,6240.1477,-10.3334,-1.0,-1.0,-40.25,40.25,-6779.0,8774.0
2009-10-27 00:00:00,MA_Crossover(35,44),6564.0,6748.0,6232.5786,6245.9318,-13.3532,-1.0,-1.0,-31.0,31.0,-6748.0,8805.0
2009-10-28 00:00:00,MA_Crossover(35,44),6413.5,6597.5,6232.8929,6248.8068,-15.914,-1.0,-1.0,-150.5,150.5,-6597.5,8955.5
2009-10-29 00:00:00,MA_Crossover(35,44),6648.0,6832.0,6243.4357,6257.5114,-14.0756,-1.0,-1.0,234.5,-234.5,-6832.0,8721.0
2009-10-30 00:00:00,MA_Crossover(35,44),6463.25,6647.25,6249.9429,6257.3466,-7.4037,-1.0,-1.0,-184.75,184.75,-6647.25,8905.75
2009-11-02 00:00:00,MA_Crossover(35,44),6537.5,6721.5,6261.7643,6265.1648,-3.4005,-1.0,-1.0,74.25,-74.25,-6721.5,8831.5
2009-11-03 00:00:00,MA_Crossover(35,44),6442.25,6626.25,6268.8143,6271.4545,-2.6403,-1.0,-1.0,-95.25,95.25,-6626.25,8926.75
2009-11-04 00:00:00,MA_Crossover(35,44),6557.5,6741.5,6272.9714,6278.5114,-5.5399,-1.0,-1.0,115.25,-115.25,-6741.5,8811.5
2009-11-05 00:00:00,MA_Crossover(35,44),6514.75,6698.75,6276.9714,6284.1307,-7.1593,-1.0,-1.0,-42.75,42.75,-6698.75,8854.25
2009-11-06 00:00:00,MA_Crossover(35,44),6473.25,6657.25,6285.8143,6287.6705,-1.8562,-1.0,-1.0,-41.5,41.5,-6657.25,8895.75
2009-11-09 00:00:00,MA_Crossover(35,44),6519.75,6703.75,6295.5429,6288.8636,6.6792,1.0,-1.0,46.5,-46.5,-6703.75,8849.25
2009-11-10 00:00:00,MA_Crossover(35,44),6509.5,6693.5,6302.6429,6291.2955,11.3474,1.0,1.0,-10.25,-10.25,6693.5,8839.0
2009-11-11 00:00:00,MA_Crossover(35,44),6518.5,6702.5,6314.0643,6296.7386,17.3256,1.0,1.0,9.0,9.0,6702.5,8848.0
2009-11-12 00:00:00,MA_Crossover(35,44),6481.25,6665.25,6329.1714,6302.3239,26.8476,1.0,1.0,-37.25,-37.25,6665.25,8810.75
2009-11-13 00:00:00,MA_Crossover(35,44),6501.0,6685.0,6343.9714,6310.8977,33.0737,1.0,1.0,19.75,19.75,6685.0,8830.5
2009-11-16 00:00:00,MA_Crossover(35,44),6830.75,7014.75,6367.6214,6325.3352,42.2862,1.0,1.0,329.75,329.75,7014.75,9160.25
2009-11-17 00:00:00,MA_Crossover(35,44),6808.5,7001.5,6391.6071,6334.3466,57.2606,1.0,1.0,-13.25,-13.25,7001.5,9147.0
2009-11-18 00:00:00,MA_Crossover(35,44),6861.5,7055.0,6411.8357,6345.4091,66.4266,1.0,1.0,53.5,53.5,7055.0,9200.5
2009-11-19 00:00:00,MA_Crossover(35,44),6774.75,6968.75,6434.7,6359.2955,75.4045,1.0,1.0,-86.25,-86.25,6968.75,9114.25
2009-11-20 00:00:00,MA_Crossover(35,44),6824.75,7006.75,6462.1,6373.9659,88.1341,1.0,1.0,38.0,38.0,7006.75,9152.25
2009-11-23 00:00:00,MA_Crossover(35,44),6924.0,7106.0,6491.1929,6389.0341,102.1588,1.0,1.0,99.25,99.25,7106.0,9251.5
2009-11-24 00:00:00,MA_Crossover(35,44),6845.0,7027.0,6512.45,6405.5398,106.9102,1.0,1.0,-79.0,-79.0,7027.0,9172.5
2009-11-25 00:00:00,MA_Crossover(35,44),6959.75,7141.75,6537.6143,6428.4318,109.1825,1.0,1.0,114.75,114.75,7141.75,9287.25
2009-11-26 00:00:00,MA_Crossover(35,44),6795.0,6977.0,6551.3214,6446.8864,104.4351,1.0,1.0,-164.75,-164.75,6977.0,9122.5
2009-11-27 00:00:00,MA_Crossover(35,44),6829.0,7011.0,6568.7357,6465.6591,103.0766,1.0,1.0,34.0,34.0,7011.0,9156.5
2009-11-30 00:00:00,MA_Crossover(35,44),6904.75,7086.75,6587.0714,6486.9261,100.1453,1.0,1.0,75.75,75.75,7086.75,9232.25
2009-12-01 00:00:00,MA_Crossover(35,44),7050.0,7232.0,6613.5714,6507.3011,106.2703,1.0,1.0,145.25,145.25,7232.0,9377.5
2009-12-02 00:00:00,MA_Crossover(35,44),7096.25,7278.25,6639.0929,6532.7955,106.2974,1.0,1.0,46.25,46.25,7278.25,9423.75
2009-12-03 00:00:00,MA_Crossover(35,44),7049.75,7231.75,6661.3786,6559.7045,101.674,1.0,1.0,-46.5,-46.5,7231.75,9377.25
2009-12-04 00:00:00,MA_Crossover(35,44),7007.5,7189.5,6684.15,6584.7443,99.4057,1.0,1.0,-42.25,-42.25,7189.5,9335.0
2009-12-07 00:00:00,MA_Crossover(35,44),6962.5,7144.5,6698.7071,6604.3239,94.3833,1.0,1.0,-45.0,-45.0,7144.5,9290.0
2009-12-08 00:00:00,MA_Crossover(35,44),6939.0,7121.0,6713.9929,6623.8693,90.1235,1.0,1.0,-23.5,-23.5,7121.0,9266.5
2009-12-09 00:00:00,MA_Crossover(35,44),6907.5,7089.5,6723.4571,6637.3295,86.1276,1.0,1.0,-31.5,-31.5,7089.5,9235.0
2009-12-10 00:00:00,MA_Crossover(35,44),6771.5,6953.5,6729.0286,6649.875,79.1536,1.0,1.0,-136.0,-136.0,6953.5,9099.0
2009-12-11 00:00:00,MA_Crossover(35,44),6796.5,6978.5,6733.6357,6662.0,71.6357,1.0,1.0,25.0,25.0,6978.5,9124.0
2009-12-14 00:00:00,MA_Crossover(35,44),6872.0,7054.0,6741.55,6679.0341,62.5159,1.0,1.0,75.5,75.5,7054.0,9199.5
2009-12-15 00:00:00,MA_Crossover(35,44),6874.25,7048.25,6750.4143,6694.2898,56.1245,1.0,1.0,-5.75,-5.75,7048.25,9193.75
2009-12-16 00:00:00,MA_Crossover(35,44),7018.0,7191.75,6767.6857,6711.2955,56.3903,1.0,1.0,143.5,143.5,7191.75,9337.25
2009-12-17 00:00:00,MA_Crossover(35,44),6848.0,7022.0,6773.4,6725.7841,47.6159,1.0,1.0,-169.75,-169.75,7022.0,9167.5
2009-12-18 00:00:00,MA_Crossover(35,44),6822.0,6984.0,6783.65,6734.1705,49.4795,1.0,1.0,-38.0,-38.0,6984.0,9129.5
2009-12-21 00:00:00,MA_Crossover(35,44),6912.75,7074.75,6794.3714,6745.733,48.6385,1.0,1.0,90.75,90.75,7074.75,9220.25
2009-12-22 00:00:00,MA_Crossover(35,44),6859.5,7021.5,6806.2929,6752.1705,54.1224,1.0,1.0,-53.25,-53.25,7021.5,9167.0
2009-12-23 00:00:00,MA_Crossover(35,44),6980.25,7142.25,6818.3714,6761.3466,57.0248,1.0,1.0,120.75,120.75,7142.25,9287.75
2009-12-24 00:00:00,MA_Crossover(35,44),7051.0,7213.0,6833.6929,6770.7955,62.8974,1.0,1.0,70.75,70.75,7213.0,9358.5
2009-12-29 00:00:00,MA_Crossover(35,44),7251.75,7413.75,6855.9357,6785.7216,70.2141,1.0,1.0,200.75,200.75,7413.75,9559.25
2009-12-30 00:00:00,MA_Crossover(35,44),7305.5,7467.5,6878.3857,6802.5739,75.8119,1.0,1.0,53.75,53.75,7467.5,9613.0
2009-12-31 00:00:00,MA_Crossover(35,44),7351.5,7513.5,6902.4429,6823.892,78.5508,1.0,1.0,46.0,46.0,7513.5,9659.0
2010-01-04 00:00:00,MA_Crossover(35,44),7475.25,7637.25,6929.7786,6842.6932,87.0854,1.0,1.0,123.75,123.75,7637.25,9782.75
2010-01-05 00:00:00,MA_Crossover(35,44),7458.75,7620.75,6957.7071,6865.3182,92.389,1.0,1.0,-16.5,-16.5,7620.75,9766.25
2010-01-06 00:00:00,MA_Crossover(35,44),7638.0,7800.0,6990.1929,6890.3295,99.8633,1.0,1.0,179.25,179.25,7800.0,9945.5
2010-01-07 00:00:00,MA_Crossover(35,44),7511.25,7673.25,7009.6357,6914.625,95.0107,1.0,1.0,-126.75,-126.75,7673.25,9818.75
2010-01-08 00:00:00,MA_Crossover(35,44),7437.5,7599.5,7027.6071,6934.625,92.9821,1.0,1.0,-73.75,-73.75,7599.5,9745.0
2010-01-11 00:00:00,MA_Crossover(35,44),7542.0,7704.0,7047.05,6957.9716,89.0784,1.0,1.0,104.5,104.5,7704.0,9849.5
2010-01-12 00:00:00,MA_Crossover(35,44),7430.5,7592.5,7065.7857,6979.7273,86.0584,1.0,1.0,-111.5,-111.5,7592.5,9738.0
2010-01-13 00:00:00,MA_Crossover(35,44),7462.0,7624.0,7083.9929,7001.142,82.8508,1.0,1.0,31.5,31.5,7624.0,9769.5
2010-01-14 00:00:00,MA_Crossover(35,44),7466.25,7628.25,7099.4857,7022.8864,76.5994,1.0,1.0,4.25,4.25,7628.25,9773.75
2010-01-15 00:00:00,MA_Crossover(35,44),7403.25,7565.25,7115.4357,7042.9943,72.4414,1.0,1.0,-63.0,-63.0,7565.25,9710.75
2010-01-18 00:00:00,MA_Crossover(35,44),7474.25,7636.25,7130.1357,7065.5625,64.5732,1.0,1.0,71.0,71.0,7636.25,9781.75
2010-01-19 00:00:00,MA_Crossover(35,44),7529.75,7689.25,7151.1286,7088.9432,62.1854,1.0,1.0,53.0,53.0,7689.25,9834.75
2010-01-20 00:00:00,MA_Crossover(35,44),7359.25,7518.5,7166.2786,7100.9545,65.324,1.0,1.0,-170.75,-170.75,7518.5,9664.0
2010-01-21 00:00:00,MA_Crossover(35,44),7259.25,7418.25,7176.4071,7111.1989,65.2083,1.0,1.0,-100.25,-100.25,7418.25,9563.75
2010-01-22 00:00:00,MA_Crossover(35,44),7375.75,7526.75,7185.7143,7122.8864,62.8279,1.0,1.0,108.5,108.5,7526.75,9672.25
2010-01-25 00:00:00,MA_Crossover(35,44),7450.25,7601.25,7195.8286,7138.2386,57.5899,1.0,1.0,74.5,74.5,7601.25,9746.75
2010-01-26 00:00:00,MA_Crossover(35,44),7366.0,7517.0,7204.8643,7150.5398,54.3245,1.0,1.0,-84.25,-84.25,7517.0,9662.5
2010-01-27 00:00:00,MA_Crossover(35,44),7214.75,7365.75,7210.7857,7157.1477,53.638,1.0,1.0,-151.25,-151.25,7365.75,9511.25
2010-01-28 00:00:00,MA_Crossover(35,44),6883.5,7034.5,7208.5286,7158.0227,50.5058,1.0,1.0,-331.25,-331.25,7034.5,9180.0
2010-01-29 00:00:00,MA_Crossover(35,44),6730.25,6881.25,7202.5643,7152.8068,49.7575,1.0,1.0,-153.25,-153.25,6881.25,9026.75
2010-02-01 00:00:00,MA_Crossover(35,44),6774.75,6925.75,7198.7714,7152.3466,46.4248,1.0,1.0,44.5,44.5,6925.75,9071.25
2010-02-02 00:00:00,MA_Crossover(35,44),6800.0,6951.0,7199.5857,7151.6875,47.8982,1.0,1.0,25.25,25.25,6951.0,9096.5
2010-02-03 00:00:00,MA_Crossover(35,44),6572.5,6723.5,7193.1857,7144.1364,49.0494,1.0,1.0,-227.5,-227.5,6723.5,8869.0
2010-02-04 00:00:00,MA_Crossover(35,44),6371.0,6522.0,7178.8714,7128.7045,50.1669,1.0,1.0,-201.5,-201.5,6522.0,8667.5
2010-02-05 00:00:00,MA_Crossover(35,44),6262.5,6413.5,7161.3929,7109.7557,51.6372,1.0,1.0,-108.5,-108.5,6413.5,8559.0
2010-02-08 00:00:00,MA_Crossover(35,44),6430.5,6581.5,7144.6071,7095.6818,48.9253,1.0,1.0,168.0,168.0,6581.5,8727.0
2010-02-09 00:00:00,MA_Crossover(35,44),6570.5,6721.5,7136.6786,7085.75,50.9286,1.0,1.0,140.0,140.0,6721.5,8867.0
2010-02-10 00:00:00,MA_Crossover(35,44),6515.5,6666.5,7127.9214,7075.5909,52.3305,1.0,1.0,-55.0,-55.0,6666.5,8812.0
2010-02-11 00:00:00,MA_Crossover(35,44),6922.0,7073.0,7128.1857,7075.2045,52.9812,1.0,1.0,406.5,406.5,7073.0,9218.5
2010-02-12 00:00:00,MA_Crossover(35,44),6795.75,6946.75,7126.3643,7072.6648,53.6995,1.0,1.0,-126.25,-126.25,6946.75,9092.25
2010-02-15 00:00:00,MA_Crossover(35,44),6846.75,6997.75,7122.55,7074.375,48.175,1.0,1.0,51.0,51.0,6997.75,9143.25
2010-02-16 00:00:00,MA_Crossover(35,44),7130.0,7282.5,7124.8071,7081.9545,42.8526,1.0,1.0,284.75,284.75,7282.5,9428.0
2010-02-17 00:00:00,MA_Crossover(35,44),7113.5,7267.0,7120.8571,7087.4432,33.414,1.0,1.0,-15.5,-15.5,7267.0,9412.5
2010-02-18 00:00:00,MA_Crossover(35,44),7248.5,7402.0,7119.2286,7095.9489,23.2797,1.0,1.0,135.0,135.0,7402.0,9547.5
2010-02-19 00:00:00,MA_Crossover(35,44),7416.5,7560.5,7121.0857,7105.0057,16.08,1.0,1.0,158.5,158.5,7560.5,9706.0
2010-02-22 00:00:00,MA_Crossover(35,44),7313.5,7457.5,7116.4643,7115.5852,0.8791,1.0,1.0,-103.0,-103.0,7457.5,9603.0
2010-02-23 00:00:00,MA_Crossover(35,44),7114.0,7258.0,7106.6143,7122.2216,-15.6073,-1.0,1.0,-199.5,-199.5,7258.0,9403.5
2010-02-24 00:00:00,MA_Crossover(35,44),7134.0,7278.0,7092.2143,7127.25,-35.0357,-1.0,-1.0,20.0,-20.0,-7278.0,9383.5
2010-02-25 00:00:00,MA_Crossover(35,44),6979.0,7123.0,7077.0071,7129.9659,-52.9588,-1.0,-1.0,-155.0,155.0,-7123.0,9538.5
2010-02-26 00:00:00,MA_Crossover(35,44),7175.0,7319.0,7069.5071,7134.392,-64.8849,-1.0,-1.0,196.0,-196.0,-7319.0,9342.5
2010-03-01 00:00:00,MA_Crossover(35,44),7377.0,7521.0,7064.7929,7141.8011,-77.0083,-1.0,-1.0,202.0,-202.0,-7521.0,9140.5
2010-03-02 00:00:00,MA_Crossover(35,44),7467.5,7611.5,7065.85,7146.7045,-80.8545,-1.0,-1.0,90.5,-90.5,-7611.5,9050.0
2010-03-03 00:00:00,MA_Crossover(35,44),7555.75,7699.75,7068.5286,7152.392,-83.8635,-1.0,-1.0,88.25,-88.25,-7699.75,8961.75
2010-03-04 00:00:00,MA_Crossover(35,44),7371.5,7515.5,7065.8214,7152.8466,-87.0252,-1.0,-1.0,-184.25,184.25,-7515.5,9146.0
2010-03-05 00:00:00,MA_Crossover(35,44),7519.5,7663.5,7069.1429,7153.8523,-84.7094,-1.0,-1.0,148.0,-148.0,-7663.5,8998.0
2010-03-08 00:00:00,MA_Crossover(35,44),7441.25,7585.25,7068.2,7153.4545,-85.2545,-1.0,-1.0,-78.25,78.25,-7585.25,9076.25
2010-03-09 00:00:00,MA_Crossover(35,44),7479.0,7623.0,7066.75,7149.8409,-83.0909,-1.0,-1.0,37.75,-37.75,-7623.0,9038.5
2010-03-10 00:00:00,MA_Crossover(35,44),7408.75,7552.75,7068.1643,7147.5114,-79.3471,-1.0,-1.0,-70.25,70.25,-7552.75,9108.75
2010-03-11 00:00:00,MA_Crossover(35,44),7432.0,7576.0,7073.1,7147.3864,-74.2864,-1.0,-1.0,23.25,-23.25,-7576.0,9085.5
2010-03-12 00:00:00,MA_Crossover(35,44),7412.5,7556.5,7074.15,7144.4432,-70.2932,-1.0,-1.0,-19.5,19.5,-7556.5,9105.0
2010-03-15 00:00:00,MA_Crossover(35,44),7271.5,7415.5,7069.0429,7140.8295,-71.7867,-1.0,-1.0,-141.0,141.0,-7415.5,9246.0
2010-03-16 00:00:00,MA_Crossover(35,44),7387.5,7524.0,7069.6571,7139.1364,-69.4792,-1.0,-1.0,108.5,-108.5,-7524.0,9137.5
2010-03-17 00:00:00,MA_Crossover(35,44),7516.5,7653.0,7078.2786,7140.2784,-61.9998,-1.0,-1.0,129.0,-129.0,-7653.0,9008.5
2010-03-18 00:00:00,MA_Crossover(35,44),7467.0,7604.0,7094.95,7141.7273,-46.7773,-1.0,-1.0,-49.0,49.0,-7604.0,9057.5
2010-03-19 00:00:00,MA_Crossover(35,44),7414.0,7541.0,7114.4857,7140.358,-25.8722,-1.0,-1.0,-63.0,63.0,-7541.0,9120.5
2010-03-22 00:00:00,MA_Crossover(35,44),7427.25,7554.25,7133.1286,7138.0284,-4.8998,-1.0,-1.0,13.25,-13.25,-7554.25,9107.25
2010-03-23 00:00:00,MA_Crossover(35,44),7417.25,7544.25,7150.7643,7139.3466,11.4177,1.0,-1.0,-10.0,10.0,-7544.25,9117.25
2010-03-24 00:00:00,MA_Crossover(35,44),7348.25,7475.25,7172.9286,7141.3693,31.5593,1.0,1.0,-69.0,-69.0,7475.25,9048.25
2010-03-25 00:00:00,MA_Crossover(35,44),7411.75,7538.75,7202.6643,7142.1875,60.4768,1.0,1.0,63.5,63.5,7538.75,9111.75
2010-03-26 00:00:00,MA_Crossover(35,44),7491.75,7618.75,7237.7857,7143.1307,94.655,1.0,1.0,80.0,80.0,7618.75,9191.75
2010-03-29 00:00:00,MA_Crossover(35,44),7745.0,7872.0,7275.3429,7151.7443,123.5985,1.0,1.0,253.25,253.25,7872.0,9445.0
2010-03-30 00:00:00,MA_Crossover(35,44),7826.0,7953.0,7311.2143,7165.6364,145.5779,1.0,1.0,81.0,81.0,7953.0,9526.0
2010-03-31 00:00:00,MA_Crossover(35,44),7767.75,7894.75,7346.9929,7185.733,161.2599,1.0,1.0,-58.25,-58.25,7894.75,9467.75
2010-04-01 00:00:00,MA_Crossover(35,44),7863.0,7990.0,7373.8786,7211.4773,162.4013,1.0,1.0,95.25,95.25,7990.0,9563.0
2010-04-06 00:00:00,MA_Crossover(35,44),7967.25,8094.25,7407.35,7238.5795,168.7705,1.0,1.0,104.25,104.25,8094.25,9667.25
2010-04-07 00:00:00,MA_Crossover(35,44),7921.25,8048.25,7438.05,7264.0625,173.9875,1.0,1.0,-46.0,-46.0,8048.25,9621.25
2010-04-08 00:00:00,MA_Crossover(35,44),7865.75,7992.75,7459.0714,7293.4545,165.6169,1.0,1.0,-55.5,-55.5,7992.75,9565.75
2010-04-09 00:00:00,MA_Crossover(35,44),7897.0,8024.0,7481.4571,7328.1364,153.3208,1.0,1.0,31.25,31.25,8024.0,9597.0
2010-04-12 00:00:00,MA_Crossover(35,44),7875.5,8002.5,7499.3714,7364.7955,134.576,1.0,1.0,-21.5,-21.5,8002.5,9575.5
2010-04-13 00:00:00,MA_Crossover(35,44),7870.25,7997.25,7512.3357,7397.517,114.8187,1.0,1.0,-5.25,-5.25,7997.25,9570.25
2010-04-14 00:00:00,MA_Crossover(35,44),7920.0,8047.0,7529.6643,7428.1875,101.4768,1.0,1.0,49.75,49.75,8047.0,9620.0
2010-04-15 00:00:00,MA_Crossover(35,44),7914.5,8041.5,7552.5357,7459.983,92.5528,1.0,1.0,-5.5,-5.5,8041.5,9614.5
2010-04-16 00:00:00,MA_Crossover(35,44),7728.5,7855.5,7569.5214,7478.3125,91.2089,1.0,1.0,-186.0,-186.0,7855.5,9428.5
2010-04-19 00:00:00,MA_Crossover(35,44),7663.0,7790.0,7589.0643,7498.0227,91.0416,1.0,1.0,-65.5,-65.5,7790.0,9363.0
2010-04-20 00:00:00,MA_Crossover(35,44),7767.75,7895.25,7606.0,7518.9545,87.0455,1.0,1.0,105.25,105.25,7895.25,9468.25
2010-04-21 00:00:00,MA_Crossover(35,44),7735.0,7862.75,7616.2286,7532.7045,83.524,1.0,1.0,-32.5,-32.5,7862.75,9435.75
2010-04-22 00:00:00,MA_Crossover(35,44),7666.25,7793.75,7621.9071,7545.267,76.6401,1.0,1.0,-69.0,-69.0,7793.75,9366.75
2010-04-23 00:00:00,MA_Crossover(35,44),7725.0,7840.75,7626.7429,7556.0966,70.6463,1.0,1.0,47.0,47.0,7840.75,9413.75
2010-04-26 00:00:00,MA_Crossover(35,44),7783.75,7899.5,7638.5214,7564.4432,74.0782,1.0,1.0,58.75,58.75,7899.5,9472.5
2010-04-27 00:00:00,MA_Crossover(35,44),7463.25,7579.0,7636.9143,7567.8466,69.0677,1.0,1.0,-320.5,-320.5,7579.0,9152.0
2010-04-28 00:00:00,MA_Crossover(35,44),7373.0,7488.75,7634.9643,7573.733,61.2313,1.0,1.0,-90.25,-90.25,7488.75,9061.75
2010-04-29 00:00:00,MA_Crossover(35,44),7328.0,7443.75,7630.65,7578.142,52.508,1.0,1.0,-45.0,-45.0,7443.75,9016.75
2010-04-30 00:00:00,MA_Crossover(35,44),7404.0,7519.75,7630.5143,7587.8011,42.7131,1.0,1.0,76.0,76.0,7519.75,9092.75
2010-05-04 00:00:00,MA_Crossover(35,44),6996.0,7111.75,7618.0571,7583.733,34.3242,1.0,1.0,-408.0,-408.0,7111.75,8684.75
2010-05-05 00:00:00,MA_Crossover(35,44),6928.25,7044.0,7604.2214,7573.5341,30.6873,1.0,1.0,-67.75,-67.75,7044.0,8617.0
2010-05-06 00:00:00,MA_Crossover(35,44),6917.25,7033.0,7594.1,7561.0284,33.0716,1.0,1.0,-11.0,-11.0,7033.0,8606.0
2010-05-07 00:00:00,MA_Crossover(35,44),6916.25,7032.0,7580.6357,7546.4943,34.1414,1.0,1.0,-1.0,-1.0,7032.0,8605.0
2010-05-10 00:00:00,MA_Crossover(35,44),7089.75,7205.5,7568.4429,7540.0909,28.3519,1.0,1.0,173.5,173.5,7205.5,8778.5
2010-05-11 00:00:00,MA_Crossover(35,44),7018.25,7134.0,7555.6214,7528.6989,26.9226,1.0,1.0,-71.5,-71.5,7134.0,8707.0
2010-05-12 00:00:00,MA_Crossover(35,44),6992.75,7108.5,7543.5857,7518.5057,25.08,1.0,1.0,-25.5,-25.5,7108.5,8681.5
2010-05-13 00:00:00,MA_Crossover(35,44),7128.25,7244.0,7535.0429,7510.5341,24.5088,1.0,1.0,135.5,135.5,7244.0,8817.0
2010-05-14 00:00:00,MA_Crossover(35,44),6894.5,7010.25,7520.1071,7498.8466,21.2606,1.0,1.0,-233.75,-233.75,7010.25,8583.25
2010-05-17 00:00:00,MA_Crossover(35,44),6435.5,6551.25,7494.0286,7476.1989,17.8297,1.0,1.0,-459.0,-459.0,6551.25,8124.25
2010-05-18 00:00:00,MA_Crossover(35,44),6673.0,6789.75,7472.9214,7459.392,13.5294,1.0,1.0,238.5,238.5,6789.75,8362.75
2010-05-19 00:00:00,MA_Crossover(35,44),6483.75,6600.25,7444.1214,7441.4886,2.6328,1.0,1.0,-189.5,-189.5,6600.25,8173.25
2010-05-20 00:00:00,MA_Crossover(35,44),6591.25,6707.0,7411.1571,7423.392,-12.2349,-1.0,1.0,106.75,106.75,6707.0,8280.0
2010-05-21 00:00:00,MA_Crossover(35,44),6830.5,6934.0,7382.7143,7407.8011,-25.0869,-1.0,-1.0,227.0,-227.0,-6934.0,8053.0
2010-05-24 00:00:00,MA_Crossover(35,44),6892.5,6996.0,7357.7071,7394.7443,-37.0372,-1.0,-1.0,62.0,-62.0,-6996.0,7991.0
2010-05-25 00:00:00,MA_Crossover(35,44),6710.0,6813.5,7324.7643,7378.7443,-53.98,-1.0,-1.0,-182.5,182.5,-6813.5,8173.5
2010-05-26 00:00:00,MA_Crossover(35,44),6756.75,6860.25,7290.1786,7363.5057,-73.3271,-1.0,-1.0,46.75,-46.75,-6860.25,8126.75
2010-05-27 00:00:00,MA_Crossover(35,44),6961.75,7065.25,7262.7643,7353.1534,-90.3891,-1.0,-1.0,205.0,-205.0,-7065.25,7921.75
2010-05-28 00:00:00,MA_Crossover(35,44),6917.0,7020.5,7235.6571,7343.3523,-107.6951,-1.0,-1.0,-44.75,44.75,-7020.5,7966.5
2010-06-01 00:00:00,MA_Crossover(35,44),6724.25,6827.75,7202.15,7327.7273,-125.5773,-1.0,-1.0,-192.75,192.75,-6827.75,8159.25
2010-06-02 00:00:00,MA_Crossover(35,44),6641.75,6745.25,7166.9,7308.4091,-141.5091,-1.0,-1.0,-82.5,82.5,-6745.25,8241.75
2010-06-03 00:00:00,MA_Crossover(35,44),6497.0,6600.5,7127.6643,7280.0455,-152.3812,-1.0,-1.0,-144.75,144.75,-6600.5,8386.5
2010-06-04 00:00:00,MA_Crossover(35,44),6251.0,6354.5,7079.9786,7244.25,-164.2714,-1.0,-1.0,-246.0,246.0,-6354.5,8632.5
2010-06-07 00:00:00,MA_Crossover(35,44),6069.5,6173.0,7027.2643,7205.6534,-178.3891,-1.0,-1.0,-181.5,181.5,-6173.0,8814.0
2010-06-08 00:00:00,MA_Crossover(35,44),6135.0,6238.5,6981.7357,7166.3807,-184.645,-1.0,-1.0,65.5,-65.5,-6238.5,8748.5
2010-06-09 00:00:00,MA_Crossover(35,44),6311.75,6415.25,6943.1286,7128.7557,-185.6271,-1.0,-1.0,176.75,-176.75,-6415.25,8571.75
2010-06-10 00:00:00,MA_Crossover(35,44),6381.75,6485.25,6903.5286,7093.767,-190.2385,-1.0,-1.0,70.0,-70.0,-6485.25,8501.75
2010-06-11 00:00:00,MA_Crossover(35,44),6455.5,6559.0,6866.9714,7061.7159,-194.7445,-1.0,-1.0,73.75,-73.75,-6559.0,8428.0
2010-06-14 00:00:00,MA_Crossover(35,44),6635.25,6738.75,6837.5143,7033.0398,-195.5255,-1.0,-1.0,179.75,-179.75,-6738.75,8248.25
2010-06-15 00:00:00,MA_Crossover(35,44),6665.25,6764.75,6807.2357,7005.5341,-198.2984,-1.0,-1.0,26.0,-26.0,-6764.75,8222.25
2010-06-16 00:00:00,MA_Crossover(35,44),6634.75,6734.5,6774.4071,6977.4545,-203.0474,-1.0,-1.0,-30.25,30.25,-6734.5,8252.5
2010-06-17 00:00:00,MA_Crossover(35,44),6430.5,6530.75,6744.9,6943.6023,-198.7023,-1.0,-1.0,-203.75,203.75,-6530.75,8456.25
2010-06-18 00:00:00,MA_Crossover(35,44),6418.75,6510.5,6717.6357,6909.608,-191.9722,-1.0,-1.0,-20.25,20.25,-6510.5,8476.5
2010-06-21 00:00:00,MA_Crossover(35,44),6586.5,6678.25,6696.45,6883.6534,-187.2034,-1.0,-1.0,167.75,-167.75,-6678.25,8308.75
2010-06-22 00:00:00,MA_Crossover(35,44),6592.25,6684.0,6673.2571,6859.3182,-186.061,-1.0,-1.0,5.75,-5.75,-6684.0,8303.0
2010-06-23 00:00:00,MA_Crossover(35,44),6497.0,6588.75,6659.0,6830.4375,-171.4375,-1.0,-1.0,-95.25,95.25,-6588.75,8398.25
2010-06-24 00:00:00,MA_Crossover(35,44),6675.5,6767.25,6651.7786,6806.358,-154.5794,-1.0,-1.0,178.5,-178.5,-6767.25,8219.75
2010-06-25 00:00:00,MA_Crossover(35,44),6751.75,6843.5,6647.05,6785.5739,-138.5239,-1.0,-1.0,76.25,-76.25,-6843.5,8143.5
2010-06-28 00:00:00,MA_Crossover(35,44),6849.25,6941.0,6645.1357,6765.6705,-120.5347,-1.0,-1.0,97.5,-97.5,-6941.0,8046.0
2010-06-29 00:00:00,MA_Crossover(35,44),6472.0,6563.75,6627.4857,6735.858,-108.3722,-1.0,-1.0,-377.25,377.25,-6563.75,8423.25
2010-06-30 00:00:00,MA_Crossover(35,44),6492.75,6584.5,6612.4714,6713.8011,-101.3297,-1.0,-1.0,20.75,-20.75,-6584.5,8402.5
2010-07-01 00:00:00,MA_Crossover(35,44),6307.25,6399.0,6592.8857,6689.5795,-96.6938,-1.0,-1.0,-185.5,185.5,-6399.0,8588.0
2010-07-02 00:00:00,MA_Crossover(35,44),6387.75,6479.5,6571.7286,6668.2102,-96.4817,-1.0,-1.0,80.5,-80.5,-6479.5,8507.5
2010-07-05 00:00:00,MA_Crossover(35,44),6446.75,6538.5,6558.9357,6646.4545,-87.5188,-1.0,-1.0,59.0,-59.0,-6538.5,8448.5
2010-07-06 00:00:00,MA_Crossover(35,44),6584.0,6675.75,6563.1786,6637.0909,-73.9123,-1.0,-1.0,137.25,-137.25,-6675.75,8311.25
2010-07-07 00:00:00,MA_Crossover(35,44),6623.75,6715.5,6561.7714,6630.1705,-68.399,-1.0,-1.0,39.75,-39.75,-6715.5,8271.5
2010-07-08 00:00:00,MA_Crossover(35,44),6595.5,6687.25,6564.9643,6622.858,-57.8937,-1.0,-1.0,-28.25,28.25,-6687.25,8299.75
2010-07-09 00:00:00,MA_Crossover(35,44),6743.25,6835.0,6569.3071,6618.9261,-49.619,-1.0,-1.0,147.75,-147.75,-6835.0,8152.0
2010-07-12 00:00:00,MA_Crossover(35,44),6610.75,6702.5,6563.0286,6608.0398,-45.0112,-1.0,-1.0,-132.5,132.5,-6702.5,8284.5
2010-07-13 00:00:00,MA_Crossover(35,44),6666.0,6757.75,6556.5571,6600.0341,-43.4769,-1.0,-1.0,55.25,-55.25,-6757.75,8229.25
2010-07-14 00:00:00,MA_Crossover(35,44),6706.0,6797.75,6556.4429,6593.517,-37.0742,-1.0,-1.0,40.0,-40.0,-6797.75,8189.25
2010-07-15 00:00:00,MA_Crossover(35,44),6661.5,6753.25,6553.7214,6582.9091,-29.1877,-1.0,-1.0,-44.5,44.5,-6753.25,8233.75
2010-07-16 00:00:00,MA_Crossover(35,44),6468.75,6560.5,6539.6357,6573.233,-33.5972,-1.0,-1.0,-192.75,192.75,-6560.5,8426.5
2010-07-19 00:00:00,MA_Crossover(35,44),6494.75,6586.5,6527.5714,6574.5795,-47.0081,-1.0,-1.0,26.0,-26.0,-6586.5,8400.5
2010-07-20 00:00:00,MA_Crossover(35,44),6630.75,6722.0,6524.9,6573.6193,-48.7193,-1.0,-1.0,135.5,-135.5,-6722.0,8265.0
2010-07-21 00:00:00,MA_Crossover(35,44),6853.0,6943.25,6530.9357,6582.0114,-51.0756,-1.0,-1.0,221.25,-221.25,-6943.25,8043.75
2010-07-22 00:00:00,MA_Crossover(35,44),7002.75,7094.0,6545.3857,6591.3636,-45.9779,-1.0,-1.0,150.75,-150.75,-7094.0,7893.0
2010-07-23 00:00:00,MA_Crossover(35,44),7018.25,7105.5,6567.3071,6595.6307,-28.3235,-1.0,-1.0,11.5,-11.5,-7105.5,7881.5
2010-07-26 00:00:00,MA_Crossover(35,44),7136.5,7223.75,6597.7929,6601.1761,-3.3833,-1.0,-1.0,118.25,-118.25,-7223.75,7763.25
2010-07-27 00:00:00,MA_Crossover(35,44),7044.5,7131.75,6623.7786,6608.7784,15.0002,1.0,-1.0,-92.0,92.0,-7131.75,7855.25
2010-07-28 00:00:00,MA_Crossover(35,44),7156.25,7243.5,6647.9071,6617.858,30.0492,1.0,1.0,111.75,111.75,7243.5,7967.0
2010-07-29 00:00:00,MA_Crossover(35,44),7216.5,7303.75,6671.7571,6623.6477,48.1094,1.0,1.0,60.25,60.25,7303.75,8027.25
2010-07-30 00:00:00,MA_Crossover(35,44),7281.75,7369.0,6695.3643,6631.9375,63.4268,1.0,1.0,65.25,65.25,7369.0,8092.5
2010-08-02 00:00:00,MA_Crossover(35,44),7493.0,7580.25,6719.8714,6649.4091,70.4623,1.0,1.0,211.25,211.25,7580.25,8303.75
2010-08-03 00:00:00,MA_Crossover(35,44),7405.75,7493.0,6741.0286,6666.7727,74.2558,1.0,1.0,-87.25,-87.25,7493.0,8216.5
2010-08-04 00:00:00,MA_Crossover(35,44),7484.0,7571.25,6765.2929,6689.2045,76.0883,1.0,1.0,78.25,78.25,7571.25,8294.75
2010-08-05 00:00:00,MA_Crossover(35,44),7375.75,7463.0,6792.3,6714.767,77.533,1.0,1.0,-108.25,-108.25,7463.0,8186.5
2010-08-06 00:00:00,MA_Crossover(35,44),7348.75,7436.0,6818.8714,6743.8409,75.0305,1.0,1.0,-27.0,-27.0,7436.0,8159.5
2010-08-09 00:00:00,MA_Crossover(35,44),7402.5,7489.75,6842.1857,6772.6477,69.538,1.0,1.0,53.75,53.75,7489.75,8213.25
2010-08-10 00:00:00,MA_Crossover(35,44),7276.5,7363.75,6861.7357,6794.5739,67.1619,1.0,1.0,-126.0,-126.0,7363.75,8087.25
2010-08-11 00:00:00,MA_Crossover(35,44),7175.25,7262.5,6881.1143,6812.608,68.5063,1.0,1.0,-101.25,-101.25,7262.5,7986.0
2010-08-12 00:00:00,MA_Crossover(35,44),7231.25,7318.5,6896.9929,6830.2386,66.7542,1.0,1.0,56.0,56.0,7318.5,8042.0
2010-08-13 00:00:00,MA_Crossover(35,44),7132.75,7220.0,6907.8786,6841.5455,66.3331,1.0,1.0,-98.5,-98.5,7220.0,7943.5
2010-08-16 00:00:00,MA_Crossover(35,44),7224.5,7311.75,6918.6,6854.2557,64.3443,1.0,1.0,91.75,91.75,7311.75,8035.25
2010-08-17 00:00:00,MA_Crossover(35,44),7368.5,7453.25,6944.2143,6870.9318,73.2825,1.0,1.0,141.5,141.5,7453.25,8176.75
2010-08-18 00:00:00,MA_Crossover(35,44),7377.5,7462.0,6969.4929,6892.4545,77.0383,1.0,1.0,8.75,8.75,7462.0,8185.5
2010-08-19 00:00:00,MA_Crossover(35,44),7294.0,7378.0,6997.6857,6912.3466,85.3391,1.0,1.0,-84.0,-84.0,7378.0,8101.5
2010-08-20 00:00:00,MA_Crossover(35,44),7245.0,7322.0,7022.1786,6927.3125,94.8661,1.0,1.0,-56.0,-56.0,7322.0,8045.5
2010-08-23 00:00:00,MA_Crossover(35,44),7244.5,7321.5,7044.9714,6942.1364,102.8351,1.0,1.0,-0.5,-0.5,7321.5,8045.0
2010-08-24 00:00:00,MA_Crossover(35,44),7125.0,7202.0,7060.4286,6956.4091,104.0195,1.0,1.0,-119.5,-119.5,7202.0,7925.5
2010-08-25 00:00:00,MA_Crossover(35,44),7089.5,7166.5,7073.7357,6965.8182,107.9175,1.0,1.0,-35.5,-35.5,7166.5,7890.0
2010-08-26 00:00:00,MA_Crossover(35,44),7298.0,7375.0,7093.8071,6978.233,115.5742,1.0,1.0,208.5,208.5,7375.0,8098.5
2010-08-27 00:00:00,MA_Crossover(35,44),7453.25,7530.25,7114.0929,6991.9602,122.1326,1.0,1.0,155.25,155.25,7530.25,8253.75
2010-08-31 00:00:00,MA_Crossover(35,44),7432.25,7509.25,7137.5643,7013.7841,123.7802,1.0,1.0,-21.0,-21.0,7509.25,8232.75
2010-09-01 00:00:00,MA_Crossover(35,44),7598.25,7675.25,7164.2,7038.9091,125.2909,1.0,1.0,166.0,166.0,7675.25,8398.75
2010-09-02 00:00:00,MA_Crossover(35,44),7625.75,7702.75,7190.4786,7068.875,121.6036,1.0,1.0,27.5,27.5,7702.75,8426.25
2010-09-03 00:00:00,MA_Crossover(35,44),7635.5,7712.5,7218.3071,7097.233,121.0742,1.0,1.0,9.75,9.75,7712.5,8436.0
2010-09-06 00:00:00,MA_Crossover(35,44),7695.5,7772.5,7253.3571,7125.6136,127.7435,1.0,1.0,60.0,60.0,7772.5,8496.0
2010-09-07 00:00:00,MA_Crossover(35,44),7615.0,7692.0,7285.3643,7149.0455,136.3188,1.0,1.0,-80.5,-80.5,7692.0,8415.5
2010-09-08 00:00:00,MA_Crossover(35,44),7659.75,7736.75,7314.7643,7172.5909,142.1734,1.0,1.0,44.75,44.75,7736.75,8460.25
2010-09-09 00:00:00,MA_Crossover(35,44),7540.25,7617.25,7334.4,7194.0625,140.3375,1.0,1.0,-119.5,-119.5,7617.25,8340.75
2010-09-10 00:00:00,MA_Crossover(35,44),7471.25,7548.25,7347.7857,7210.608,137.1778,1.0,1.0,-69.0,-69.0,7548.25,8271.75
2010-09-13 00:00:00,MA_Crossover(35,44),7617.75,7694.75,7364.9143,7233.4943,131.42,1.0,1.0,146.5,146.5,7694.75,8418.25
2010-09-14 00:00:00,MA_Crossover(35,44),7649.0,7721.75,7379.5571,7255.8352,123.7219,1.0,1.0,27.0,27.0,7721.75,8445.25
2010-09-15 00:00:00,MA_Crossover(35,44),7612.5,7685.75,7395.7857,7276.4375,119.3482,1.0,1.0,-36.0,-36.0,7685.75,8409.25
2010-09-16 00:00:00,MA_Crossover(35,44),7697.25,7768.5,7411.2429,7299.9773,111.2656,1.0,1.0,82.75,82.75,7768.5,8492.0
2010-09-17 00:00:00,MA_Crossover(35,44),7718.75,7789.5,7425.5929,7328.3864,97.2065,1.0,1.0,21.0,21.0,7789.5,8513.0
2010-09-20 00:00:00,MA_Crossover(35,44),7711.5,7782.25,7437.8714,7356.0398,81.8317,1.0,1.0,-7.25,-7.25,7782.25,8505.75
2010-09-21 00:00:00,MA_Crossover(35,44),7676.0,7746.75,7443.1,7379.7955,63.3045,1.0,1.0,-35.5,-35.5,7746.75,8470.25
2010-09-22 00:00:00,MA_Crossover(35,44),7844.0,7914.75,7455.6214,7402.3182,53.3032,1.0,1.0,168.0,168.0,7914.75,8638.25
2010-09-23 00:00:00,MA_Crossover(35,44),7887.5,7958.25,7467.15,7422.4261,44.7239,1.0,1.0,43.5,43.5,7958.25,8681.75
2010-09-24 00:00:00,MA_Crossover(35,44),7949.5,8020.25,7483.5429,7443.5909,39.9519,1.0,1.0,62.0,62.0,8020.25,8743.75
2010-09-27 00:00:00,MA_Crossover(35,44),7911.0,7981.75,7499.6071,7461.1932,38.414,1.0,1.0,-38.5,-38.5,7981.75,8705.25
2010-09-28 00:00:00,MA_Crossover(35,44),7951.0,8021.75,7515.2786,7481.7955,33.4831,1.0,1.0,40.0,40.0,8021.75,8745.25
2010-09-29 00:00:00,MA_Crossover(35,44),8063.5,8134.25,7537.7643,7502.4148,35.3495,1.0,1.0,112.5,112.5,8134.25,8857.75
2010-09-30 00:00:00,MA_Crossover(35,44),8010.0,8080.75,7561.6143,7520.4489,41.1654,1.0,1.0,-53.5,-53.5,8080.75,8804.25
2010-10-01 00:00:00,MA_Crossover(35,44),8093.0,8163.75,7586.2357,7538.8864,47.3494,1.0,1.0,83.0,83.0,8163.75,8887.25
2010-10-04 00:00:00,MA_Crossover(35,44),8053.5,8124.25,7612.5429,7551.625,60.9179,1.0,1.0,-39.5,-39.5,8124.25,8847.75
2010-10-05 00:00:00,MA_Crossover(35,44),8164.25,8235.0,7639.3929,7568.8636,70.5292,1.0,1.0,110.75,110.75,8235.0,8958.5
2010-10-06 00:00:00,MA_Crossover(35,44),8246.25,8317.0,7664.4714,7586.1875,78.2839,1.0,1.0,82.0,82.0,8317.0,9040.5
2010-10-07 00:00:00,MA_Crossover(35,44),8089.5,8160.25,7684.8143,7602.4091,82.4052,1.0,1.0,-156.75,-156.75,8160.25,8883.75
2010-10-08 00:00:00,MA_Crossover(35,44),8306.0,8376.75,7713.7286,7624.1648,89.5638,1.0,1.0,216.5,216.5,8376.75,9100.25
2010-10-11 00:00:00,MA_Crossover(35,44),8285.0,8355.75,7743.4429,7644.2216,99.2213,1.0,1.0,-21.0,-21.0,8355.75,9079.25
2010-10-12 00:00:00,MA_Crossover(35,44),8342.25,8413.0,7774.8071,7668.4432,106.364,1.0,1.0,57.25,57.25,8413.0,9136.5
2010-10-13 00:00:00,MA_Crossover(35,44),8354.25,8425.0,7809.9286,7695.2386,114.6899,1.0,1.0,12.0,12.0,8425.0,9148.5
2010-10-14 00:00:00,MA_Crossover(35,44),8388.0,8458.75,7847.0286,7721.5284,125.5002,1.0,1.0,33.75,33.75,8458.75,9182.25
2010-10-15 00:00:00,MA_Crossover(35,44),8381.5,8452.25,7877.9857,7749.9091,128.0766,1.0,1.0,-6.5,-6.5,8452.25,9175.75
2010-10-18 00:00:00,MA_Crossover(35,44),8426.0,8496.75,7905.7786,7777.2159,128.5627,1.0,1.0,44.5,44.5,8496.75,9220.25
2010-10-19 00:00:00,MA_Crossover(35,44),8251.0,8318.25,7929.1714,7797.2727,131.8987,1.0,1.0,-178.5,-178.5,8318.25,9041.75
2010-10-20 00:00:00,MA_Crossover(35,44),8330.0,8397.75,7950.0786,7818.9205,131.1581,1.0,1.0,79.5,79.5,8397.75,9121.25
2010-10-21 00:00:00,MA_Crossover(35,44),8298.5,8365.75,7969.3,7841.75,127.55,1.0,1.0,-32.0,-32.0,8365.75,9089.25
2010-10-22 00:00:00,MA_Crossover(35,44),8326.0,8386.75,7989.0286,7866.3182,122.7104,1.0,1.0,21.0,21.0,8386.75,9110.25
2010-10-25 00:00:00,MA_Crossover(35,44),8514.5,8575.25,8012.4286,7895.1818,117.2468,1.0,1.0,188.5,188.5,8575.25,9298.75
2010-10-26 00:00:00,MA_Crossover(35,44),8508.75,8569.5,8037.9643,7926.6307,111.3336,1.0,1.0,-5.75,-5.75,8569.5,9293.0
2010-10-27 00:00:00,MA_Crossover(35,44),8296.0,8356.75,8056.1429,7954.0511,102.0917,1.0,1.0,-212.75,-212.75,8356.75,9080.25
2010-10-28 00:00:00,MA_Crossover(35,44),8334.0,8394.75,8078.8214,7977.5966,101.2248,1.0,1.0,38.0,38.0,8394.75,9118.25
2010-10-29 00:00:00,MA_Crossover(35,44),8191.25,8252.0,8099.3929,7994.3693,105.0235,1.0,1.0,-142.75,-142.75,8252.0,8975.5
2010-11-01 00:00:00,MA_Crossover(35,44),8291.0,8351.75,8118.6286,8013.8864,104.7422,1.0,1.0,99.75,99.75,8351.75,9075.25
2010-11-02 00:00:00,MA_Crossover(35,44),8427.0,8487.75,8140.8571,8032.7216,108.1356,1.0,1.0,136.0,136.0,8487.75,9211.25
2010-11-03 00:00:00,MA_Crossover(35,44),8312.0,8372.75,8160.8429,8048.3182,112.5247,1.0,1.0,-115.0,-115.0,8372.75,9096.25
2010-11-04 00:00:00,MA_Crossover(35,44),8596.0,8656.75,8186.5214,8070.1477,116.3737,1.0,1.0,284.0,284.0,8656.75,9380.25
2010-11-05 00:00:00,MA_Crossover(35,44),8653.0,8713.75,8213.2143,8091.9091,121.3052,1.0,1.0,57.0,57.0,8713.75,9437.25
2010-11-08 00:00:00,MA_Crossover(35,44),8663.0,8723.75,8240.4,8115.7273,124.6727,1.0,1.0,10.0,10.0,8723.75,9447.25
2010-11-09 00:00:00,MA_Crossover(35,44),8862.5,8923.25,8274.3,8143.0625,131.2375,1.0,1.0,199.5,199.5,8923.25,9646.75
2010-11-10 00:00:00,MA_Crossover(35,44),8766.5,8827.25,8300.6571,8170.9318,129.7253,1.0,1.0,-96.0,-96.0,8827.25,9550.75
2010-11-11 00:00:00,MA_Crossover(35,44),8835.75,8896.5,8327.75,8201.9432,125.8068,1.0,1.0,69.25,69.25,8896.5,9620.0
2010-11-12 00:00:00,MA_Crossover(35,44),8628.0,8688.75,8347.1357,8224.9034,122.2323,1.0,1.0,-207.75,-207.75,8688.75,9412.25
2010-11-15 00:00:00,MA_Crossover(35,44),8670.0,8730.75,8368.8214,8248.108,120.7135,1.0,1.0,42.0,42.0,8730.75,9454.25
2010-11-16 00:00:00,MA_Crossover(35,44),8166.5,8216.25,8374.9786,8260.6989,114.2797,1.0,1.0,-514.5,-514.5,8216.25,8939.75
2010-11-17 00:00:00,MA_Crossover(35,44),8221.0,8263.75,8379.4786,8272.6023,106.8763,1.0,1.0,47.5,47.5,8263.75,8987.25
2010-11-18 00:00:00,MA_Crossover(35,44),8449.0,8495.75,8392.0214,8289.1989,102.8226,1.0,1.0,232.0,232.0,8495.75,9219.25
2010-11-19 00:00:00,MA_Crossover(35,44),8431.0,8491.75,8401.6786,8305.5511,96.1274,1.0,1.0,-4.0,-4.0,8491.75,9215.25
2010-11-22 00:00:00,MA_Crossover(35,44),8317.5,8378.25,8409.2214,8320.1307,89.0907,1.0,1.0,-113.5,-113.5,8378.25,9101.75
2010-11-23 00:00:00,MA_Crossover(35,44),8170.0,8230.75,8409.3857,8327.5398,81.8459,1.0,1.0,-147.5,-147.5,8230.75,8954.25
2010-11-24 00:00:00,MA_Crossover(35,44),8286.0,8346.75,8410.5214,8336.5966,73.9248,1.0,1.0,116.0,116.0,8346.75,9070.25
2010-11-25 00:00:00,MA_Crossover(35,44),8388.0,8448.75,8419.05,8346.5625,72.4875,1.0,1.0,102.0,102.0,8448.75,9172.25
2010-11-26 00:00:00,MA_Crossover(35,44),8287.0,8347.75,8418.5071,8355.108,63.3992,1.0,1.0,-101.0,-101.0,8347.75,9071.25
2010-11-29 00:00:00,MA_Crossover(35,44),8266.0,8326.75,8417.9643,8362.267,55.6972,1.0,1.0,-21.0,-21.0,8326.75,9050.25
2010-11-30 00:00:00,MA_Crossover(35,44),8416.0,8476.75,8420.0714,8370.2784,49.793,1.0,1.0,150.0,150.0,8476.75,9200.25
2010-12-01 00:00:00,MA_Crossover(35,44),8647.0,8707.75,8428.4357,8384.7557,43.68,1.0,1.0,231.0,231.0,8707.75,9431.25
2010-12-02 00:00:00,MA_Crossover(35,44),8774.0,8834.75,8439.4643,8400.233,39.2313,1.0,1.0,127.0,127.0,8834.75,9558.25
2010-12-03 00:00:00,MA_Crossover(35,44),8768.0,8828.75,8450.5071,8416.4716,34.0356,1.0,1.0,-6.0,-6.0,8828.75,9552.25
2010-12-06 00:00:00,MA_Crossover(35,44),8816.5,8877.25,8461.6643,8431.2955,30.3688,1.0,1.0,48.5,48.5,8877.25,9600.75
2010-12-07 00:00:00,MA_Crossover(35,44),8911.0,8971.75,8480.5214,8446.4034,34.118,1.0,1.0,94.5,94.5,8971.75,9695.25
2010-12-08 00:00:00,MA_Crossover(35,44),9048.0,9108.75,8501.0357,8468.1875,32.8482,1.0,1.0,137.0,137.0,9108.75,9832.25
2010-12-09 00:00:00,MA_Crossover(35,44),8987.5,9048.25,8520.7214,8483.6761,37.0453,1.0,1.0,-60.5,-60.5,9048.25,9771.75
2010-12-10 00:00:00,MA_Crossover(35,44),9033.0,9093.75,8540.9214,8500.6761,40.2453,1.0,1.0,45.5,45.5,9093.75,9817.25
2010-12-13 00:00:00,MA_Crossover(35,44),9295.0,9355.75,8563.2214,8522.3295,40.8919,1.0,1.0,262.0,262.0,9355.75,10079.25
2010-12-14 00:00:00,MA_Crossover(35,44),9196.5,9280.25,8582.8714,8541.4716,41.3998,1.0,1.0,-75.5,-75.5,9280.25,10003.75
2010-12-15 00:00:00,MA_Crossover(35,44),9126.0,9210.75,8606.5857,8558.2443,48.3414,1.0,1.0,-69.5,-69.5,9210.75,9934.25
2010-12-16 00:00:00,MA_Crossover(35,44),9021.5,9106.75,8626.2286,8572.7898,53.4388,1.0,1.0,-104.0,-104.0,9106.75,9830.25
2010-12-17 00:00:00,MA_Crossover(35,44),9104.0,9203.75,8652.3071,8588.1989,64.1083,1.0,1.0,97.0,97.0,9203.75,9927.25
2010-12-20 00:00:00,MA_Crossover(35,44),9235.0,9334.75,8679.2786,8610.5625,68.7161,1.0,1.0,131.0,131.0,9334.75,10058.25
2010-12-21 00:00:00,MA_Crossover(35,44),9401.0,9500.75,8707.1071,8634.9034,72.2037,1.0,1.0,166.0,166.0,9500.75,10224.25
2010-12-22 00:00:00,MA_Crossover(35,44),9393.0,9492.75,8737.9929,8659.7784,78.2144,1.0,1.0,-8.0,-8.0,9492.75,10216.25
2010-12-23 00:00:00,MA_Crossover(35,44),9341.0,9440.75,8759.2786,8682.8466,76.432,1.0,1.0,-52.0,-52.0,9440.75,10164.25
2010-12-24 00:00:00,MA_Crossover(35,44),9388.0,9487.75,8780.2786,8702.6989,77.5797,1.0,1.0,47.0,47.0,9487.75,10211.25
2010-12-29 00:00:00,MA_Crossover(35,44),9442.0,9541.75,8802.5357,8723.9091,78.6266,1.0,1.0,54.0,54.0,9541.75,10265.25
2010-12-30 00:00:00,MA_Crossover(35,44),9535.5,9635.25,8821.7643,8752.0795,69.6847,1.0,1.0,93.5,93.5,9635.25,10358.75
2010-12-31 00:00:00,MA_Crossover(35,44),9644.0,9743.75,8846.8357,8781.8523,64.9834,1.0,1.0,108.5,108.5,9743.75,10467.25
2011-01-04 00:00:00,MA_Crossover(35,44),9619.25,9719.0,8869.2214,8814.3068,54.9146,1.0,1.0,-24.75,-24.75,9719.0,10442.5
2011-01-05 00:00:00,MA_Crossover(35,44),9586.0,9685.75,8896.5929,8843.7386,52.8542,1.0,1.0,-33.25,-33.25,9685.75,10409.25
2011-01-06 00:00:00,MA_Crossover(35,44),9492.5,9592.25,8920.0929,8867.9545,52.1383,1.0,1.0,-93.5,-93.5,9592.25,10315.75
2011-01-07 00:00:00,MA_Crossover(35,44),9436.0,9535.75,8956.3643,8893.5,62.8643,1.0,1.0,-56.5,-56.5,9535.75,10259.25
2011-01-10 00:00:00,MA_Crossover(35,44),9333.0,9432.75,8988.1357,8910.25,77.8857,1.0,1.0,-103.0,-103.0,9432.75,10156.25
2011-01-11 00:00:00,MA_Crossover(35,44),9524.5,9624.25,9018.8643,8930.0568,88.8075,1.0,1.0,191.5,191.5,9624.25,10347.75
2011-01-12 00:00:00,MA_Crossover(35,44),9697.75,9797.5,9055.0571,8953.5739,101.4833,1.0,1.0,173.25,173.25,9797.5,10521.0
2011-01-13 00:00:00,MA_Crossover(35,44),9622.5,9722.25,9092.3429,8970.8466,121.4963,1.0,1.0,-75.25,-75.25,9722.25,10445.75
2011-01-14 00:00:00,MA_Crossover(35,44),9662.0,9761.75,9134.9714,8991.1989,143.7726,1.0,1.0,39.5,39.5,9761.75,10485.25
2011-01-17 00:00:00,MA_Crossover(35,44),9648.0,9747.75,9173.8857,9009.6591,164.2266,1.0,1.0,-14.0,-14.0,9747.75,10471.25
2011-01-18 00:00:00,MA_Crossover(35,44),9727.5,9808.75,9212.1571,9034.6477,177.5094,1.0,1.0,61.0,61.0,9808.75,10532.25
2011-01-19 00:00:00,MA_Crossover(35,44),9596.0,9680.75,9249.5571,9055.6932,193.864,1.0,1.0,-128.0,-128.0,9680.75,10404.25
2011-01-20 00:00:00,MA_Crossover(35,44),9372.0,9458.25,9281.1571,9083.0909,198.0662,1.0,1.0,-222.5,-222.5,9458.25,10181.75
2011-01-21 00:00:00,MA_Crossover(35,44),9462.5,9556.25,9311.0571,9111.3068,199.7503,1.0,1.0,98.0,98.0,9556.25,10279.75
2011-01-24 00:00:00,MA_Crossover(35,44),9548.5,9642.25,9336.8143,9136.2955,200.5188,1.0,1.0,86.0,86.0,9642.25,10365.75
2011-01-25 00:00:00,MA_Crossover(35,44),9265.0,9358.75,9350.8429,9155.25,195.5929,1.0,1.0,-283.5,-283.5,9358.75,10082.25
2011-01-26 00:00:00,MA_Crossover(35,44),9343.0,9436.75,9367.2714,9178.5568,188.7146,1.0,1.0,78.0,78.0,9436.75,10160.25
2011-01-27 00:00:00,MA_Crossover(35,44),9455.5,9549.25,9385.5286,9207.7727,177.7558,1.0,1.0,112.5,112.5,9549.25,10272.75
2011-01-28 00:00:00,MA_Crossover(35,44),9548.5,9642.25,9403.7429,9236.4659,167.2769,1.0,1.0,93.0,93.0,9642.25,10365.75
2011-01-31 00:00:00,MA_Crossover(35,44),9770.5,9864.25,9424.3857,9267.8864,156.4994,1.0,1.0,222.0,222.0,9864.25,10587.75
2011-02-01 00:00:00,MA_Crossover(35,44),9973.0,10066.75,9452.5429,9306.2045,146.3383,1.0,1.0,202.5,202.5,10066.75,10790.25
2011-02-02 00:00:00,MA_Crossover(35,44),9966.5,10060.25,9479.2143,9344.8523,134.362,1.0,1.0,-6.5,-6.5,10060.25,10783.75
2011-02-03 00:00:00,MA_Crossover(35,44),9947.5,10041.25,9497.8571,9379.6591,118.1981,1.0,1.0,-19.0,-19.0,10041.25,10764.75
2011-02-04 00:00:00,MA_Crossover(35,44),10067.0,10160.75,9522.7286,9411.9318,110.7968,1.0,1.0,119.5,119.5,10160.75,10884.25
2011-02-07 00:00:00,MA_Crossover(35,44),10056.0,10149.75,9549.3,9441.0682,108.2318,1.0,1.0,-11.0,-11.0,10149.75,10873.25
2011-02-08 00:00:00,MA_Crossover(35,44),10073.0,10166.75,9579.3429,9470.7273,108.6156,1.0,1.0,17.0,17.0,10166.75,10890.25
2011-02-09 00:00:00,MA_Crossover(35,44),9934.5,10028.25,9603.0714,9496.1364,106.9351,1.0,1.0,-138.5,-138.5,10028.25,10751.75
2011-02-10 00:00:00,MA_Crossover(35,44),9950.0,10043.75,9623.5,9519.75,103.75,1.0,1.0,15.5,15.5,10043.75,10767.25
2011-02-11 00:00:00,MA_Crossover(35,44),9975.5,10069.25,9639.9143,9540.8295,99.0847,1.0,1.0,25.5,25.5,10069.25,10792.75
2011-02-14 00:00:00,MA_Crossover(35,44),10179.5,10273.25,9662.3857,9567.9205,94.4653,1.0,1.0,204.0,204.0,10273.25,10996.75
2011-02-15 00:00:00,MA_Crossover(35,44),10017.75,10121.0,9681.7214,9590.3011,91.4203,1.0,1.0,-152.25,-152.25,10121.0,10844.5
2011-02-16 00:00:00,MA_Crossover(35,44),9841.0,9948.25,9694.6643,9602.7102,91.9541,1.0,1.0,-172.75,-172.75,9948.25,10671.75
2011-02-17 00:00:00,MA_Crossover(35,44),9806.5,9912.25,9705.0786,9616.5739,88.5047,1.0,1.0,-36.0,-36.0,9912.25,10635.75
2011-02-18 00:00:00,MA_Crossover(35,44),9860.0,9966.25,9714.35,9633.2557,81.0943,1.0,1.0,54.0,54.0,9966.25,10689.75
2011-02-21 00:00:00,MA_Crossover(35,44),9808.0,9914.25,9719.0357,9651.1307,67.905,1.0,1.0,-52.0,-52.0,9914.25,10637.75
2011-02-22 00:00:00,MA_Crossover(35,44),9574.0,9680.25,9717.7429,9661.8125,55.9304,1.0,1.0,-234.0,-234.0,9680.25,10403.75
2011-02-23 00:00:00,MA_Crossover(35,44),9417.75,9524.0,9712.9357,9665.9659,46.9698,1.0,1.0,-156.25,-156.25,9524.0,10247.5
2011-02-24 00:00:00,MA_Crossover(35,44),9497.0,9603.25,9713.0643,9668.1477,44.9166,1.0,1.0,79.25,79.25,9603.25,10326.75
2011-02-25 00:00:00,MA_Crossover(35,44),9761.0,9867.25,9722.35,9676.5114,45.8386,1.0,1.0,264.0,264.0,9867.25,10590.75
2011-02-28 00:00:00,MA_Crossover(35,44),9882.5,9988.75,9738.05,9688.8182,49.2318,1.0,1.0,121.5,121.5,9988.75,10712.25
2011-03-01 00:00:00,MA_Crossover(35,44),9851.0,9957.25,9747.3786,9699.3409,48.0377,1.0,1.0,-31.5,-31.5,9957.25,10680.75
2011-03-02 00:00:00,MA_Crossover(35,44),9879.0,9985.25,9752.5571,9709.2727,43.2844,1.0,1.0,28.0,28.0,9985.25,10708.75
2011-03-03 00:00:00,MA_Crossover(35,44),9902.5,10008.75,9760.5571,9717.6136,42.9435,1.0,1.0,23.5,23.5,10008.75,10732.25
2011-03-04 00:00:00,MA_Crossover(35,44),9882.5,9988.75,9766.8571,9723.0341,43.8231,1.0,1.0,-20.0,-20.0,9988.75,10712.25
2011-03-07 00:00:00,MA_Crossover(35,44),9484.0,9590.25,9762.1714,9719.9602,42.2112,1.0,1.0,-398.5,-398.5,9590.25,10313.75
2011-03-08 00:00:00,MA_Crossover(35,44),9511.0,9617.25,9755.9857,9718.2557,37.73,1.0,1.0,27.0,27.0,9617.25,10340.75
2011-03-09 00:00:00,MA_Crossover(35,44),9254.0,9360.25,9746.2143,9712.8352,33.3791,1.0,1.0,-257.0,-257.0,9360.25,10083.75
2011-03-10 00:00:00,MA_Crossover(35,44),9171.0,9277.25,9740.4714,9706.8125,33.6589,1.0,1.0,-83.0,-83.0,9277.25,10000.75
2011-03-11 00:00:00,MA_Crossover(35,44),9171.0,9277.25,9732.1429,9703.1307,29.0122,1.0,1.0,0.0,0.0,9277.25,10000.75
2011-03-14 00:00:00,MA_Crossover(35,44),9172.75,9279.0,9721.4071,9695.1364,26.2708,1.0,1.0,1.75,1.75,9279.0,10002.5
2011-03-15 00:00:00,MA_Crossover(35,44),9114.5,9216.0,9717.1071,9681.8807,35.2265,1.0,1.0,-63.0,-63.0,9216.0,9939.5
2011-03-16 00:00:00,MA_Crossover(35,44),9261.0,9360.5,9714.7643,9673.6648,41.0995,1.0,1.0,144.5,144.5,9360.5,10084.0
2011-03-17 00:00:00,MA_Crossover(35,44),9567.5,9667.25,9717.9643,9671.517,46.4472,1.0,1.0,306.75,306.75,9667.25,10390.75
2011-03-18 00:00:00,MA_Crossover(35,44),9513.5,9611.0,9716.9643,9668.4602,48.5041,1.0,1.0,-56.25,-56.25,9611.0,10334.5
2011-03-21 00:00:00,MA_Crossover(35,44),9393.0,9490.5,9706.1786,9660.858,45.3206,1.0,1.0,-120.5,-120.5,9490.5,10214.0
2011-03-22 00:00:00,MA_Crossover(35,44),9486.0,9583.5,9692.2643,9658.358,33.9063,1.0,1.0,93.0,93.0,9583.5,10307.0
2011-03-23 00:00:00,MA_Crossover(35,44),9722.5,9820.0,9685.2929,9666.3239,18.969,1.0,1.0,236.5,236.5,9820.0,10543.5
2011-03-24 00:00:00,MA_Crossover(35,44),9709.0,9806.5,9678.4786,9671.9261,6.5524,1.0,1.0,-13.5,-13.5,9806.5,10530.0
2011-03-25 00:00:00,MA_Crossover(35,44),9677.0,9774.5,9667.3357,9674.8466,-7.5109,-1.0,1.0,-32.0,-32.0,9774.5,10498.0
2011-03-28 00:00:00,MA_Crossover(35,44),9525.5,9623.0,9652.1786,9680.767,-28.5885,-1.0,-1.0,-151.5,151.5,-9623.0,10649.5
2011-03-29 00:00:00,MA_Crossover(35,44),9576.0,9673.5,9637.9786,9686.0625,-48.0839,-1.0,-1.0,50.5,-50.5,-9673.5,10599.0
2011-03-30 00:00:00,MA_Crossover(35,44),9371.0,9468.5,9621.8786,9684.142,-62.2635,-1.0,-1.0,-205.0,205.0,-9468.5,10804.0
2011-03-31 00:00:00,MA_Crossover(35,44),9420.0,9517.5,9606.7357,9681.2216,-74.4859,-1.0,-1.0,49.0,-49.0,-9517.5,10755.0
2011-04-01 00:00:00,MA_Crossover(35,44),9349.25,9446.75,9588.8429,9671.6477,-82.8049,-1.0,-1.0,-70.75,70.75,-9446.75,10825.75
2011-04-04 00:00:00,MA_Crossover(35,44),9317.0,9414.5,9564.2,9656.7386,-92.5386,-1.0,-1.0,-32.25,32.25,-9414.5,10858.0
2011-04-05 00:00:00,MA_Crossover(35,44),9375.0,9472.5,9545.8357,9643.2955,-97.4597,-1.0,-1.0,58.0,-58.0,-9472.5,10800.0
2011-04-06 00:00:00,MA_Crossover(35,44),9591.0,9688.5,9538.6929,9635.1932,-96.5003,-1.0,-1.0,216.0,-216.0,-9688.5,10584.0
2011-04-07 00:00:00,MA_Crossover(35,44),9654.5,9752.0,9534.35,9625.8182,-91.4682,-1.0,-1.0,63.5,-63.5,-9752.0,10520.5
2011-04-08 00:00:00,MA_Crossover(35,44),9859.25,9956.75,9534.3286,9621.3466,-87.018,-1.0,-1.0,204.75,-204.75,-9956.75,10315.75
2011-04-11 00:00:00,MA_Crossover(35,44),9839.5,9937.0,9535.2286,9616.0398,-80.8112,-1.0,-1.0,-19.75,19.75,-9937.0,10335.5
2011-04-12 00:00:00,MA_Crossover(35,44),9606.5,9704.0,9536.1571,9608.5852,-72.4281,-1.0,-1.0,-233.0,233.0,-9704.0,10568.5
2011-04-13 00:00:00,MA_Crossover(35,44),9490.75,9588.25,9538.2429,9598.1477,-59.9049,-1.0,-1.0,-115.75,115.75,-9588.25,10684.25
2011-04-14 00:00:00,MA_Crossover(35,44),9390.25,9487.75,9535.1929,9584.8466,-49.6537,-1.0,-1.0,-100.5,100.5,-9487.75,10784.75
2011-04-15 00:00:00,MA_Crossover(35,44),9384.75,9482.25,9524.4429,9566.7841,-42.3412,-1.0,-1.0,-5.5,5.5,-9482.25,10790.25
2011-04-18 00:00:00,MA_Crossover(35,44),9203.5,9301.0,9505.0429,9548.2784,-43.2356,-1.0,-1.0,-181.25,181.25,-9301.0,10971.5
2011-04-19 00:00:00,MA_Crossover(35,44),9327.0,9423.75,9490.0714,9536.5966,-46.5252,-1.0,-1.0,122.75,-122.75,-9423.75,10848.75
2011-04-20 00:00:00,MA_Crossover(35,44),9565.0,9662.25,9481.1,9531.108,-50.008,-1.0,-1.0,238.5,-238.5,-9662.25,10610.25
2011-04-21 00:00:00,MA_Crossover(35,44),9691.0,9788.5,9475.0571,9527.267,-52.2099,-1.0,-1.0,126.25,-126.25,-9788.5,10484.0
2011-04-26 00:00:00,MA_Crossover(35,44),9530.5,9620.25,9465.0,9520.9602,-55.9602,-1.0,-1.0,-168.25,168.25,-9620.25,10652.25
2011-04-27 00:00:00,MA_Crossover(35,44),9305.0,9394.75,9459.8857,9514.8466,-54.9609,-1.0,-1.0,-225.5,225.5,-9394.75,10877.75
2011-04-28 00:00:00,MA_Crossover(35,44),9303.0,9392.75,9453.9429,9512.2386,-58.2958,-1.0,-1.0,-2.0,2.0,-9392.75,10879.75
2011-05-03 00:00:00,MA_Crossover(35,44),9328.75,9418.5,9456.0786,9508.4148,-52.3362,-1.0,-1.0,25.75,-25.75,-9418.5,10854.0
2011-05-04 00:00:00,MA_Crossover(35,44),9101.5,9191.25,9454.0929,9493.4261,-39.3333,-1.0,-1.0,-227.25,227.25,-9191.25,11081.25
2011-05-05 00:00:00,MA_Crossover(35,44),8798.25,8888.0,9443.4429,9468.7841,-25.3412,-1.0,-1.0,-303.25,303.25,-8888.0,11384.5
2011-05-06 00:00:00,MA_Crossover(35,44),8811.25,8901.0,9433.1143,9445.1534,-12.0391,-1.0,-1.0,13.0,-13.0,-8901.0,11371.5
2011-05-09 00:00:00,MA_Crossover(35,44),8869.5,8959.25,9426.1143,9422.2102,3.9041,1.0,-1.0,58.25,-58.25,-8959.25,11313.25
2011-05-10 00:00:00,MA_Crossover(35,44),8891.25,8981.0,9415.55,9399.2273,16.3227,1.0,1.0,21.75,21.75,8981.0,11335.0
2011-05-11 00:00:00,MA_Crossover(35,44),8682.25,8772.0,9390.2571,9371.9489,18.3083,1.0,1.0,-209.0,-209.0,8772.0,11126.0
2011-05-12 00:00:00,MA_Crossover(35,44),8713.25,8803.0,9367.3929,9354.4318,12.961,1.0,1.0,31.0,31.0,8803.0,11157.0
2011-05-13 00:00:00,MA_Crossover(35,44),8770.25,8860.0,9349.6,9337.5966,12.0034,1.0,1.0,57.0,57.0,8860.0,11214.0
2011-05-16 00:00:00,MA_Crossover(35,44),8816.0,8905.75,9330.4571,9327.642,2.8151,1.0,1.0,45.75,45.75,8905.75,11259.75
2011-05-17 00:00:00,MA_Crossover(35,44),8786.5,8872.25,9303.7143,9318.9034,-15.1891,-1.0,1.0,-33.5,-33.5,8872.25,11226.25
2011-05-18 00:00:00,MA_Crossover(35,44),9052.5,9139.0,9284.9571,9316.2102,-31.2531,-1.0,-1.0,266.75,-266.75,-9139.0,10959.5
2011-05-19 00:00:00,MA_Crossover(35,44),8936.0,9022.75,9263.7857,9310.8295,-47.0438,-1.0,-1.0,-116.25,116.25,-9022.75,11075.75
2011-05-20 00:00:00,MA_Crossover(35,44),9058.0,9136.75,9250.4286,9309.5455,-59.1169,-1.0,-1.0,114.0,-114.0,-9136.75,10961.75
2011-05-23 00:00:00,MA_Crossover(35,44),8784.0,8862.75,9227.8,9298.7045,-70.9045,-1.0,-1.0,-274.0,274.0,-8862.75,11235.75
2011-05-24 00:00:00,MA_Crossover(35,44),8856.0,8934.75,9213.0857,9282.5341,-69.4484,-1.0,-1.0,72.0,-72.0,-8934.75,11163.75
2011-05-25 00:00:00,MA_Crossover(35,44),9064.5,9143.25,9202.9286,9272.3295,-69.401,-1.0,-1.0,208.5,-208.5,-9143.25,10955.25
2011-05-26 00:00:00,MA_Crossover(35,44),9015.0,9093.75,9193.3786,9263.7386,-70.3601,-1.0,-1.0,-49.5,49.5,-9093.75,11004.75
2011-05-27 00:00:00,MA_Crossover(35,44),9192.75,9271.5,9189.8286,9257.0739,-67.2453,-1.0,-1.0,177.75,-177.75,-9271.5,10827.0
2011-05-31 00:00:00,MA_Crossover(35,44),9206.25,9285.0,9185.0071,9245.3409,-60.3338,-1.0,-1.0,13.5,-13.5,-9285.0,10813.5
2011-06-01 00:00:00,MA_Crossover(35,44),9094.0,9172.75,9170.8071,9231.3636,-60.5565,-1.0,-1.0,-112.25,112.25,-9172.75,10925.75
2011-06-02 00:00:00,MA_Crossover(35,44),8910.0,8988.75,9149.5357,9213.9318,-64.3961,-1.0,-1.0,-184.0,184.0,-8988.75,11109.75
2011-06-03 00:00:00,MA_Crossover(35,44),9090.25,9169.0,9127.5643,9204.0398,-76.4755,-1.0,-1.0,180.25,-180.25,-9169.0,10929.5
2011-06-06 00:00:00,MA_Crossover(35,44),9125.0,9203.75,9107.15,9193.7898,-86.6398,-1.0,-1.0,34.75,-34.75,-9203.75,10894.75
2011-06-07 00:00:00,MA_Crossover(35,44),9128.75,9207.5,9093.5,9188.2841,-94.7841,-1.0,-1.0,3.75,-3.75,-9207.5,10891.0
2011-06-08 00:00:00,MA_Crossover(35,44),9017.25,9096.0,9079.9714,9179.1307,-99.1593,-1.0,-1.0,-111.5,111.5,-9096.0,11002.5
2011-06-09 00:00:00,MA_Crossover(35,44),9041.0,9119.75,9069.9929,9172.125,-102.1321,-1.0,-1.0,23.75,-23.75,-9119.75,10978.75
2011-06-10 00:00:00,MA_Crossover(35,44),8924.0,9002.75,9056.8286,9163.1932,-106.3646,-1.0,-1.0,-117.0,117.0,-9002.75,11095.75
2011-06-13 00:00:00,MA_Crossover(35,44),8896.25,8975.0,9048.05,9152.3125,-104.2625,-1.0,-1.0,-27.75,27.75,-8975.0,11123.5
2011-06-14 00:00:00,MA_Crossover(35,44),9167.75,9236.25,9043.5,9142.6932,-99.1932,-1.0,-1.0,261.25,-261.25,-9236.25,10862.25
2011-06-15 00:00:00,MA_Crossover(35,44),9152.25,9222.0,9031.7071,9131.2784,-99.5713,-1.0,-1.0,-14.25,14.25,-9222.0,10876.5
2011-06-16 00:00:00,MA_Crossover(35,44),9064.25,9133.5,9013.8,9113.2102,-99.4102,-1.0,-1.0,-88.5,88.5,-9133.5,10965.0
2011-06-17 00:00:00,MA_Crossover(35,44),9094.5,9164.25,9001.3429,9096.2784,-94.9356,-1.0,-1.0,30.75,-30.75,-9164.25,10934.25
2011-06-20 00:00:00,MA_Crossover(35,44),9005.0,9074.75,8992.7714,9082.608,-89.8365,-1.0,-1.0,-89.5,89.5,-9074.75,11023.75
2011-06-21 00:00:00,MA_Crossover(35,44),9080.75,9150.5,8986.4214,9073.2898,-86.8683,-1.0,-1.0,75.75,-75.75,-9150.5,10948.0
2011-06-22 00:00:00,MA_Crossover(35,44),9017.25,9087.0,8977.5214,9064.8125,-87.2911,-1.0,-1.0,-63.5,63.5,-9087.0,11011.5
2011-06-23 00:00:00,MA_Crossover(35,44),8962.0,9031.75,8973.5357,9055.2045,-81.6688,-1.0,-1.0,-55.25,55.25,-9031.75,11066.75
2011-06-24 00:00:00,MA_Crossover(35,44),9043.5,9113.25,8980.5429,9051.5682,-71.0253,-1.0,-1.0,81.5,-81.5,-9113.25,10985.25
2011-06-27 00:00:00,MA_Crossover(35,44),8966.5,9036.25,8984.9786,9043.375,-58.3964,-1.0,-1.0,-77.0,77.0,-9036.25,11062.25
2011-06-28 00:00:00,MA_Crossover(35,44),9068.0,9137.75,8990.65,9032.0795,-41.4295,-1.0,-1.0,101.5,-101.5,-9137.75,10960.75
2011-06-29 00:00:00,MA_Crossover(35,44),9320.0,9389.75,9002.9,9023.6477,-20.7477,-1.0,-1.0,252.0,-252.0,-9389.75,10708.75
2011-06-30 00:00:00,MA_Crossover(35,44),9422.0,9491.75,9024.0357,9021.1818,2.8539,1.0,-1.0,102.0,-102.0,-9491.75,10606.75
2011-07-01 00:00:00,MA_Crossover(35,44),9437.0,9506.75,9044.7143,9024.1818,20.5325,1.0,1.0,15.0,15.0,9506.75,10621.75
2011-07-04 00:00:00,MA_Crossover(35,44),9446.0,9515.75,9064.0214,9027.4318,36.5896,1.0,1.0,9.0,9.0,9515.75,10630.75
2011-07-05 00:00:00,MA_Crossover(35,44),9529.25,9599.0,9084.4,9031.9886,52.4114,1.0,1.0,83.25,83.25,9599.0,10714.0
2011-07-06 00:00:00,MA_Crossover(35,44),9509.0,9578.75,9105.0429,9041.25,63.7929,1.0,1.0,-20.25,-20.25,9578.75,10693.75
2011-07-07 00:00:00,MA_Crossover(35,44),9728.0,9797.75,9124.3429,9062.3807,61.9622,1.0,1.0,219.0,219.0,9797.75,10912.75
2011-07-08 00:00:00,MA_Crossover(35,44),9647.5,9717.25,9144.6714,9081.3864,63.2851,1.0,1.0,-80.5,-80.5,9717.25,10832.25
2011-07-11 00:00:00,MA_Crossover(35,44),9552.0,9621.75,9158.7857,9096.8977,61.888,1.0,1.0,-95.5,-95.5,9621.75,10736.75
2011-07-12 00:00:00,MA_Crossover(35,44),9631.75,9701.5,9183.0071,9113.7273,69.2799,1.0,1.0,79.75,79.75,9701.5,10816.5
2011-07-13 00:00:00,MA_Crossover(35,44),9630.75,9700.5,9205.1429,9135.2841,69.8588,1.0,1.0,-1.0,-1.0,9700.5,10815.5
2011-07-14 00:00:00,MA_Crossover(35,44),9610.25,9680.0,9220.7357,9155.6705,65.0653,1.0,1.0,-20.5,-20.5,9680.0,10795.0
2011-07-15 00:00:00,MA_Crossover(35,44),9651.5,9721.25,9238.9214,9175.6989,63.2226,1.0,1.0,41.25,41.25,9721.25,10836.25
2011-07-18 00:00:00,MA_Crossover(35,44),9672.75,9742.5,9252.6357,9195.1705,57.4653,1.0,1.0,21.25,21.25,9742.5,10857.5
2011-07-19 00:00:00,MA_Crossover(35,44),9827.25,9895.25,9270.3786,9218.8239,51.5547,1.0,1.0,152.75,152.75,9895.25,11010.25
2011-07-20 00:00:00,MA_Crossover(35,44),9742.25,9810.25,9288.9,9234.5,54.4,1.0,1.0,-85.0,-85.0,9810.25,10925.25
2011-07-21 00:00:00,MA_Crossover(35,44),9667.0,9735.25,9310.5286,9251.1136,59.4149,1.0,1.0,-75.0,-75.0,9735.25,10850.25
2011-07-22 00:00:00,MA_Crossover(35,44),9661.75,9722.25,9326.8571,9264.8352,62.0219,1.0,1.0,-13.0,-13.0,9722.25,10837.25
2011-07-25 00:00:00,MA_Crossover(35,44),9640.25,9700.75,9341.5786,9284.2955,57.2831,1.0,1.0,-21.5,-21.5,9700.75,10815.75
2011-07-26 00:00:00,MA_Crossover(35,44),9805.5,9866.0,9360.9143,9305.875,55.0393,1.0,1.0,165.25,165.25,9866.0,10981.0
2011-07-27 00:00:00,MA_Crossover(35,44),9763.25,9823.75,9382.2286,9321.7557,60.4729,1.0,1.0,-42.25,-42.25,9823.75,10938.75
2011-07-28 00:00:00,MA_Crossover(35,44),9799.0,9859.5,9403.8857,9339.5739,64.3119,1.0,1.0,35.75,35.75,9859.5,10974.5
2011-07-29 00:00:00,MA_Crossover(35,44),9815.5,9876.0,9429.3571,9353.7273,75.6299,1.0,1.0,16.5,16.5,9876.0,10991.0
2011-08-01 00:00:00,MA_Crossover(35,44),9633.5,9694.0,9450.4214,9363.4375,86.9839,1.0,1.0,-182.0,-182.0,9694.0,10809.0
2011-08-02 00:00:00,MA_Crossover(35,44),9662.0,9722.5,9464.5429,9376.3466,88.1963,1.0,1.0,28.5,28.5,9722.5,10837.5
2011-08-03 00:00:00,MA_Crossover(35,44),9514.75,9575.25,9474.9,9390.0909,84.8091,1.0,1.0,-147.25,-147.25,9575.25,10690.25
2011-08-04 00:00:00,MA_Crossover(35,44),9334.0,9394.5,9482.6071,9395.6307,86.9765,1.0,1.0,-180.75,-180.75,9394.5,10509.5
2011-08-05 00:00:00,MA_Crossover(35,44),9021.0,9081.5,9480.5071,9393.267,87.2401,1.0,1.0,-313.0,-313.0,9081.5,10196.5
2011-08-08 00:00:00,MA_Crossover(35,44),8763.75,8824.25,9473.6143,9384.9716,88.6427,1.0,1.0,-257.25,-257.25,8824.25,9939.25
2011-08-09 00:00:00,MA_Crossover(35,44),8712.75,8773.25,9463.1,9378.0511,85.0489,1.0,1.0,-51.0,-51.0,8773.25,9888.25
2011-08-10 00:00:00,MA_Crossover(35,44),8574.75,8635.25,9450.4571,9367.4545,83.0026,1.0,1.0,-138.0,-138.0,8635.25,9750.25
2011-08-11 00:00:00,MA_Crossover(35,44),8860.0,8920.5,9447.5429,9366.0,81.5429,1.0,1.0,285.25,285.25,8920.5,10035.5
2011-08-12 00:00:00,MA_Crossover(35,44),8845.5,8906.0,9441.8857,9364.8466,77.0391,1.0,1.0,-14.5,-14.5,8906.0,10021.0
2011-08-15 00:00:00,MA_Crossover(35,44),8888.25,8948.75,9439.65,9358.4943,81.1557,1.0,1.0,42.75,42.75,8948.75,10063.75
2011-08-16 00:00:00,MA_Crossover(35,44),8819.75,8875.75,9432.5571,9350.9375,81.6196,1.0,1.0,-73.0,-73.0,8875.75,9990.75
2011-08-17 00:00:00,MA_Crossover(35,44),8954.5,9010.75,9422.1143,9348.4432,73.6711,1.0,1.0,135.0,135.0,9010.75,10125.75
2011-08-18 00:00:00,MA_Crossover(35,44),8759.75,8815.75,9403.1929,9340.8352,62.3576,1.0,1.0,-195.0,-195.0,8815.75,9930.75
2011-08-19 00:00:00,MA_Crossover(35,44),8813.75,8863.75,9385.3857,9336.4886,48.8971,1.0,1.0,48.0,48.0,8863.75,9978.75
2011-08-22 00:00:00,MA_Crossover(35,44),8708.5,8758.5,9364.3143,9328.0284,36.2859,1.0,1.0,-105.25,-105.25,8758.5,9873.5
2011-08-23 00:00:00,MA_Crossover(35,44),8838.75,8888.75,9344.5857,9323.9716,20.6141,1.0,1.0,130.25,130.25,8888.75,10003.75
2011-08-24 00:00:00,MA_Crossover(35,44),8866.0,8916.0,9326.2143,9321.7898,4.4245,1.0,1.0,27.25,27.25,8916.0,10031.0
2011-08-25 00:00:00,MA_Crossover(35,44),9022.0,9072.0,9306.0429,9321.3011,-15.2583,-1.0,1.0,156.0,156.0,9072.0,10187.0
2011-08-26 00:00:00,MA_Crossover(35,44),9066.75,9116.75,9289.45,9323.5795,-34.1295,-1.0,-1.0,44.75,-44.75,-9116.75,10142.25
2011-08-30 00:00:00,MA_Crossover(35,44),9150.5,9200.5,9277.9786,9325.4545,-47.476,-1.0,-1.0,83.75,-83.75,-9200.5,10058.5
2011-08-31 00:00:00,MA_Crossover(35,44),9263.75,9313.75,9267.4643,9324.1761,-56.7119,-1.0,-1.0,113.25,-113.25,-9313.75,9945.25
2011-09-01 00:00:00,MA_Crossover(35,44),9132.25,9182.25,9253.2214,9317.5909,-64.3695,-1.0,-1.0,-131.5,131.5,-9182.25,10076.75
2011-09-02 00:00:00,MA_Crossover(35,44),9062.25,9112.25,9237.5643,9309.0739,-71.5096,-1.0,-1.0,-70.0,70.0,-9112.25,10146.75
2011-09-05 00:00:00,MA_Crossover(35,44),8945.0,8995.0,9217.3786,9297.6875,-80.3089,-1.0,-1.0,-117.25,117.25,-8995.0,10264.0
2011-09-06 00:00:00,MA_Crossover(35,44),8918.0,8968.0,9195.8143,9283.7955,-87.9812,-1.0,-1.0,-27.0,27.0,-8968.0,10291.0
2011-09-07 00:00:00,MA_Crossover(35,44),9078.0,9128.0,9174.4071,9274.0,-99.5929,-1.0,-1.0,160.0,-160.0,-9128.0,10131.0
2011-09-08 00:00:00,MA_Crossover(35,44),9100.0,9150.0,9156.0571,9259.7273,-103.6701,-1.0,-1.0,22.0,-22.0,-9150.0,10109.0
2011-09-09 00:00:00,MA_Crossover(35,44),8803.25,8853.25,9131.3786,9240.5398,-109.1612,-1.0,-1.0,-296.75,296.75,-8853.25,10405.75
2011-09-12 00:00:00,MA_Crossover(35,44),8735.25,8785.25,9104.9071,9221.9773,-117.0701,-1.0,-1.0,-68.0,68.0,-8785.25,10473.75
2011-09-13 00:00:00,MA_Crossover(35,44),8748.75,8798.75,9079.4357,9201.9091,-122.4734,-1.0,-1.0,13.5,-13.5,-8798.75,10460.25
2011-09-14 00:00:00,MA_Crossover(35,44),8606.75,8656.75,9045.1857,9178.6364,-133.4506,-1.0,-1.0,-142.0,142.0,-8656.75,10602.25
2011-09-15 00:00:00,MA_Crossover(35,44),8687.5,8737.5,9014.45,9157.6648,-143.2148,-1.0,-1.0,80.75,-80.75,-8737.5,10521.5
2011-09-16 00:00:00,MA_Crossover(35,44),8671.75,8721.75,8982.2429,9135.3977,-153.1549,-1.0,-1.0,-15.75,15.75,-8721.75,10537.25
2011-09-19 00:00:00,MA_Crossover(35,44),8339.0,8389.0,8940.0571,9105.0852,-165.0281,-1.0,-1.0,-332.75,332.75,-8389.0,10870.0
2011-09-20 00:00:00,MA_Crossover(35,44),8291.0,8336.75,8901.7,9070.1705,-168.4705,-1.0,-1.0,-52.25,52.25,-8336.75,10922.25
2011-09-21 00:00:00,MA_Crossover(35,44),8287.0,8332.0,8862.4143,9037.0966,-174.6823,-1.0,-1.0,-4.75,4.75,-8332.0,10927.0
2011-09-22 00:00:00,MA_Crossover(35,44),7663.25,7708.0,8809.5143,8991.5568,-182.0425,-1.0,-1.0,-624.0,624.0,-7708.0,11551.0
2011-09-23 00:00:00,MA_Crossover(35,44),7354.5,7393.25,8752.9571,8939.1193,-186.1622,-1.0,-1.0,-314.75,314.75,-7393.25,11865.75
2011-09-26 00:00:00,MA_Crossover(35,44),7261.75,7300.5,8702.6929,8885.0625,-182.3696,-1.0,-1.0,-92.75,92.75,-7300.5,11958.5
2011-09-27 00:00:00,MA_Crossover(35,44),7588.75,7627.5,8669.1214,8834.6818,-165.5604,-1.0,-1.0,327.0,-327.0,-7627.5,11631.5
2011-09-28 00:00:00,MA_Crossover(35,44),7240.0,7278.75,8627.0429,8777.3352,-150.2924,-1.0,-1.0,-348.75,348.75,-7278.75,11980.25
2011-09-29 00:00:00,MA_Crossover(35,44),7217.25,7256.0,8588.2571,8718.6591,-130.4019,-1.0,-1.0,-22.75,22.75,-7256.0,12003.0
2011-09-30 00:00:00,MA_Crossover(35,44),7004.5,7043.25,8535.2429,8654.7727,-119.5299,-1.0,-1.0,-212.75,212.75,-7043.25,12215.75
2011-10-03 00:00:00,MA_Crossover(35,44),6974.75,7013.5,8481.7929,8594.3466,-112.5537,-1.0,-1.0,-29.75,29.75,-7013.5,12245.5
2011-10-04 00:00:00,MA_Crossover(35,44),6784.75,6823.5,8421.6929,8528.9545,-107.2617,-1.0,-1.0,-190.0,190.0,-6823.5,12435.5
2011-10-05 00:00:00,MA_Crossover(35,44),6805.75,6844.5,8364.15,8467.3864,-103.2364,-1.0,-1.0,21.0,-21.0,-6844.5,12414.5
2011-10-06 00:00:00,MA_Crossover(35,44),7211.75,7250.5,8314.3571,8419.1534,-104.7963,-1.0,-1.0,406.0,-406.0,-7250.5,12008.5
2011-10-07 00:00:00,MA_Crossover(35,44),7353.25,7392.0,8274.1714,8381.25,-107.0786,-1.0,-1.0,141.5,-141.5,-7392.0,11867.0
2011-10-10 00:00:00,MA_Crossover(35,44),7479.0,7517.75,8236.0357,8352.0511,-116.0154,-1.0,-1.0,125.75,-125.75,-7517.75,11741.25
2011-10-11 00:00:00,MA_Crossover(35,44),7274.0,7312.75,8195.05,8319.3523,-124.3023,-1.0,-1.0,-205.0,205.0,-7312.75,11946.25
2011-10-12 00:00:00,MA_Crossover(35,44),7510.0,7548.75,8157.0857,8295.1534,-138.0677,-1.0,-1.0,236.0,-236.0,-7548.75,11710.25
2011-10-13 00:00:00,MA_Crossover(35,44),7294.25,7333.0,8112.1786,8259.5682,-147.3896,-1.0,-1.0,-215.75,215.75,-7333.0,11926.0
2011-10-14 00:00:00,MA_Crossover(35,44),7533.0,7571.75,8069.6357,8229.7386,-160.1029,-1.0,-1.0,238.75,-238.75,-7571.75,11687.25
2011-10-17 00:00:00,MA_Crossover(35,44),7481.0,7519.75,8024.3286,8197.7557,-173.4271,-1.0,-1.0,-52.0,52.0,-7519.75,11739.25
2011-10-18 00:00:00,MA_Crossover(35,44),7443.0,7476.75,7975.5429,8166.4659,-190.9231,-1.0,-1.0,-43.0,43.0,-7476.75,11782.25
2011-10-19 00:00:00,MA_Crossover(35,44),7204.5,7239.0,7916.7071,8126.6932,-209.986,-1.0,-1.0,-237.75,237.75,-7239.0,12020.0
2011-10-20 00:00:00,MA_Crossover(35,44),6729.0,6764.25,7848.0429,8080.5398,-232.4969,-1.0,-1.0,-474.75,474.75,-6764.25,12494.75
2011-10-21 00:00:00,MA_Crossover(35,44),7143.5,7174.25,7793.2214,8042.5795,-249.3581,-1.0,-1.0,410.0,-410.0,-7174.25,12084.75
2011-10-24 00:00:00,MA_Crossover(35,44),7636.5,7667.25,7755.8357,8018.2159,-262.3802,-1.0,-1.0,493.0,-493.0,-7667.25,11591.75
2011-10-25 00:00:00,MA_Crossover(35,44),7530.0,7560.75,7716.1786,7988.4716,-272.293,-1.0,-1.0,-106.5,106.5,-7560.75,11698.25
2011-10-26 00:00:00,MA_Crossover(35,44),7682.0,7712.75,7676.2929,7961.5625,-285.2696,-1.0,-1.0,152.0,-152.0,-7712.75,11546.25
2011-10-27 00:00:00,MA_Crossover(35,44),8149.0,8179.75,7649.1214,7941.7216,-292.6002,-1.0,-1.0,467.0,-467.0,-8179.75,11079.25
2011-10-28 00:00:00,MA_Crossover(35,44),8174.5,8205.25,7631.1571,7921.4432,-290.286,-1.0,-1.0,25.5,-25.5,-8205.25,11053.75
2011-10-31 00:00:00,MA_Crossover(35,44),7986.0,8016.75,7609.75,7894.9773,-285.2273,-1.0,-1.0,-188.5,188.5,-8016.75,11242.25
2011-11-01 00:00:00,MA_Crossover(35,44),7719.5,7750.25,7580.3429,7859.8807,-279.5378,-1.0,-1.0,-266.5,266.5,-7750.25,11508.75
2011-11-02 00:00:00,MA_Crossover(35,44),7874.5,7905.25,7559.4214,7831.2955,-271.874,-1.0,-1.0,155.0,-155.0,-7905.25,11353.75
2011-11-03 00:00:00,MA_Crossover(35,44),7905.75,7936.5,7537.0857,7805.0114,-267.9256,-1.0,-1.0,31.25,-31.25,-7936.5,11322.5
2011-11-04 00:00:00,MA_Crossover(35,44),7856.25,7887.0,7513.7857,7780.267,-266.4813,-1.0,-1.0,-49.5,49.5,-7887.0,11372.0
2011-11-07 00:00:00,MA_Crossover(35,44),7810.0,7840.75,7498.6714,7755.0852,-256.4138,-1.0,-1.0,-46.25,46.25,-7840.75,11418.25
2011-11-08 00:00:00,MA_Crossover(35,44),7786.0,7816.75,7484.2429,7725.7216,-241.4787,-1.0,-1.0,-24.0,24.0,-7816.75,11442.25
2011-11-09 00:00:00,MA_Crossover(35,44),7609.0,7639.75,7464.8714,7691.8352,-226.9638,-1.0,-1.0,-177.0,177.0,-7639.75,11619.25
2011-11-10 00:00:00,MA_Crossover(35,44),7458.25,7489.0,7459.0143,7661.267,-202.2528,-1.0,-1.0,-150.75,150.75,-7489.0,11770.0
2011-11-11 00:00:00,MA_Crossover(35,44),7621.0,7651.75,7466.6286,7635.9432,-169.3146,-1.0,-1.0,162.75,-162.75,-7651.75,11607.25
2011-11-14 00:00:00,MA_Crossover(35,44),7739.0,7769.75,7480.2643,7612.9943,-132.73,-1.0,-1.0,118.0,-118.0,-7769.75,11489.25
2011-11-15 00:00:00,MA_Crossover(35,44),7677.0,7697.5,7482.7857,7591.8636,-109.0779,-1.0,-1.0,-72.25,72.25,-7697.5,11561.5
2011-11-16 00:00:00,MA_Crossover(35,44),7723.25,7744.5,7496.5929,7569.9489,-73.356,-1.0,-1.0,47.0,-47.0,-7744.5,11514.5
2011-11-17 00:00:00,MA_Crossover(35,44),7530.75,7553.0,7505.55,7544.017,-38.467,-1.0,-1.0,-191.5,191.5,-7553.0,11706.0
2011-11-18 00:00:00,MA_Crossover(35,44),7513.75,7530.25,7520.1,7525.2614,-5.1614,-1.0,-1.0,-22.75,22.75,-7530.25,11728.75
2011-11-21 00:00:00,MA_Crossover(35,44),7297.0,7313.5,7529.3071,7502.6705,26.6367,1.0,-1.0,-216.75,216.75,-7313.5,11945.5
2011-11-22 00:00:00,MA_Crossover(35,44),7316.0,7332.5,7544.4857,7480.6023,63.8834,1.0,1.0,19.0,19.0,7332.5,11964.5
2011-11-23 00:00:00,MA_Crossover(35,44),7226.0,7242.5,7556.4929,7470.6648,85.8281,1.0,1.0,-90.0,-90.0,7242.5,11874.5
2011-11-24 00:00:00,MA_Crossover(35,44),7251.5,7268.0,7557.6286,7468.3239,89.3047,1.0,1.0,25.5,25.5,7268.0,11900.0
2011-11-25 00:00:00,MA_Crossover(35,44),7217.25,7233.75,7553.7429,7467.3125,86.4304,1.0,1.0,-34.25,-34.25,7233.75,11865.75
2011-11-28 00:00:00,MA_Crossover(35,44),7482.0,7498.5,7553.8286,7464.8864,88.9422,1.0,1.0,264.75,264.75,7498.5,12130.5
2011-11-29 00:00:00,MA_Crossover(35,44),7475.25,7491.75,7559.5786,7470.233,89.3456,1.0,1.0,-6.75,-6.75,7491.75,12123.75
2011-11-30 00:00:00,MA_Crossover(35,44),7869.75,7886.25,7569.8571,7485.0625,84.7946,1.0,1.0,394.5,394.5,7886.25,12518.25
2011-12-01 00:00:00,MA_Crossover(35,44),7772.0,7788.5,7583.5071,7502.5057,81.0015,1.0,1.0,-97.75,-97.75,7788.5,12420.5
2011-12-02 00:00:00,MA_Crossover(35,44),7871.25,7887.75,7593.1714,7522.8807,70.2907,1.0,1.0,99.25,99.25,7887.75,12519.75
2011-12-05 00:00:00,MA_Crossover(35,44),7922.0,7938.5,7605.7714,7548.7273,57.0442,1.0,1.0,50.75,50.75,7938.5,12570.5
2011-12-06 00:00:00,MA_Crossover(35,44),7816.25,7832.75,7616.4357,7571.6932,44.7425,1.0,1.0,-105.75,-105.75,7832.75,12464.75
2011-12-07 00:00:00,MA_Crossover(35,44),7799.5,7816.0,7633.4357,7585.0511,48.3846,1.0,1.0,-16.75,-16.75,7816.0,12448.0
2011-12-08 00:00:00,MA_Crossover(35,44),7690.25,7706.75,7660.9,7592.7102,68.1898,1.0,1.0,-109.25,-109.25,7706.75,12338.75
2011-12-09 00:00:00,MA_Crossover(35,44),7796.25,7812.75,7679.55,7599.9205,79.6295,1.0,1.0,106.0,106.0,7812.75,12444.75
2011-12-12 00:00:00,MA_Crossover(35,44),7585.25,7601.75,7678.0857,7606.9943,71.0914,1.0,1.0,-211.0,-211.0,7601.75,12233.75
2011-12-13 00:00:00,MA_Crossover(35,44),7579.75,7596.25,7679.5071,7608.5795,70.9276,1.0,1.0,-5.5,-5.5,7596.25,12228.25
2011-12-14 00:00:00,MA_Crossover(35,44),7189.5,7206.0,7665.4357,7606.1989,59.2369,1.0,1.0,-390.25,-390.25,7206.0,11838.0
2011-12-15 00:00:00,MA_Crossover(35,44),7193.0,7209.5,7638.1214,7598.4716,39.6498,1.0,1.0,3.5,3.5,7209.5,11841.5
2011-12-16 00:00:00,MA_Crossover(35,44),7329.25,7345.75,7613.9714,7595.0227,18.9487,1.0,1.0,136.25,136.25,7345.75,11977.75
2011-12-19 00:00:00,MA_Crossover(35,44),7243.25,7259.75,7592.75,7590.483,2.267,1.0,1.0,-86.0,-86.0,7259.75,11891.75
2011-12-20 00:00:00,MA_Crossover(35,44),7405.0,7413.25,7583.7643,7595.0398,-11.2755,-1.0,1.0,153.5,153.5,7413.25,12045.25
2011-12-21 00:00:00,MA_Crossover(35,44),7451.5,7459.5,7571.6786,7611.4602,-39.7817,-1.0,-1.0,46.25,-46.25,-7459.5,11999.0
2011-12-22 00:00:00,MA_Crossover(35,44),7541.5,7549.0,7561.2714,7620.5057,-59.2343,-1.0,-1.0,89.5,-89.5,-7549.0,11909.5
2011-12-23 00:00:00,MA_Crossover(35,44),7643.5,7649.0,7555.1929,7620.6648,-65.4719,-1.0,-1.0,100.0,-100.0,-7649.0,11809.5
2011-12-28 00:00:00,MA_Crossover(35,44),7460.0,7465.5,7545.1929,7619.0739,-73.881,-1.0,-1.0,-183.5,183.5,-7465.5,11993.0
2011-12-29 00:00:00,MA_Crossover(35,44),7418.75,7424.25,7534.7,7613.0909,-78.3909,-1.0,-1.0,-41.25,41.25,-7424.25,12034.25
2011-12-30 00:00:00,MA_Crossover(35,44),7595.0,7600.5,7534.3,7600.5,-66.2,-1.0,-1.0,176.25,-176.25,-7600.5,11858.0
2012-01-03 00:00:00,MA_Crossover(35,44),7782.25,7787.75,7543.5571,7591.5852,-48.0281,-1.0,-1.0,187.25,-187.25,-7787.75,11670.75
2012-01-04 00:00:00,MA_Crossover(35,44),7531.25,7536.75,7540.9929,7581.25,-40.2571,-1.0,-1.0,-251.0,251.0,-7536.75,11921.75
2012-01-05 00:00:00,MA_Crossover(35,44),7529.0,7534.5,7534.9929,7576.9205,-41.9276,-1.0,-1.0,-2.25,2.25,-7534.5,11924.0
2012-01-06 00:00:00,MA_Crossover(35,44),7568.75,7574.25,7531.9,7569.9716,-38.0716,-1.0,-1.0,39.75,-39.75,-7574.25,11884.25
2012-01-09 00:00:00,MA_Crossover(35,44),7487.0,7492.5,7525.15,7560.4545,-35.3045,-1.0,-1.0,-81.75,81.75,-7492.5,11966.0
2012-01-10 00:00:00,MA_Crossover(35,44),7733.25,7738.75,7530.9357,7557.6591,-26.7234,-1.0,-1.0,246.25,-246.25,-7738.75,11719.75
2012-01-11 00:00:00,MA_Crossover(35,44),7768.5,7774.0,7538.2143,7556.7159,-18.5016,-1.0,-1.0,35.25,-35.25,-7774.0,11684.5
2012-01-12 00:00:00,MA_Crossover(35,44),7995.75,8001.25,7558.1786,7561.483,-3.3044,-1.0,-1.0,227.25,-227.25,-8001.25,11457.25
2012-01-13 00:00:00,MA_Crossover(35,44),7991.25,7996.75,7577.4714,7570.1705,7.301,1.0,-1.0,-4.5,4.5,-7996.75,11461.75
2012-01-16 00:00:00,MA_Crossover(35,44),8077.0,8082.5,7601.7857,7584.233,17.5528,1.0,1.0,85.75,85.75,8082.5,11547.5
2012-01-17 00:00:00,MA_Crossover(35,44),8195.0,8198.25,7628.7429,7597.2784,31.4644,1.0,1.0,115.75,115.75,8198.25,11663.25
2012-01-18 00:00:00,MA_Crossover(35,44),8234.75,8238.0,7657.8143,7608.5455,49.2688,1.0,1.0,39.75,39.75,8238.0,11703.0
2012-01-19 00:00:00,MA_Crossover(35,44),8363.25,8366.0,7682.9929,7624.142,58.8508,1.0,1.0,128.0,128.0,8366.0,11831.0
2012-01-20 00:00:00,MA_Crossover(35,44),8216.0,8215.0,7704.1571,7635.3409,68.8162,1.0,1.0,-151.0,-151.0,8215.0,11680.0
2012-01-23 00:00:00,MA_Crossover(35,44),8362.0,8361.0,7718.2214,7654.233,63.9885,1.0,1.0,146.0,146.0,8361.0,11826.0
2012-01-24 00:00:00,MA_Crossover(35,44),8352.5,8351.5,7734.8071,7673.2955,61.5117,1.0,1.0,-9.5,-9.5,8351.5,11816.5
2012-01-25 00:00:00,MA_Crossover(35,44),8380.0,8379.0,7749.3429,7697.9091,51.4338,1.0,1.0,27.5,27.5,8379.0,11844.0
2012-01-26 00:00:00,MA_Crossover(35,44),8585.5,8584.5,7768.3,7726.7614,41.5386,1.0,1.0,205.5,205.5,8584.5,12049.5
2012-01-27 00:00:00,MA_Crossover(35,44),8519.25,8518.25,7788.3857,7756.1534,32.2323,1.0,1.0,-66.25,-66.25,8518.25,11983.25
2012-01-30 00:00:00,MA_Crossover(35,44),8420.75,8419.75,7806.1357,7782.7273,23.4084,1.0,1.0,-98.5,-98.5,8419.75,11884.75
2012-01-31 00:00:00,MA_Crossover(35,44),8307.0,8306.0,7823.7571,7807.4943,16.2628,1.0,1.0,-113.75,-113.75,8306.0,11771.0
2012-02-01 00:00:00,MA_Crossover(35,44),8425.75,8424.75,7841.7429,7828.9432,12.7997,1.0,1.0,118.75,118.75,8424.75,11889.75
2012-02-02 00:00:00,MA_Crossover(35,44),8327.75,8326.75,7862.9571,7848.3182,14.639,1.0,1.0,-98.0,-98.0,8326.75,11791.75
2012-02-03 00:00:00,MA_Crossover(35,44),8544.0,8543.0,7890.5071,7863.642,26.8651,1.0,1.0,216.25,216.25,8543.0,12008.0
2012-02-06 00:00:00,MA_Crossover(35,44),8478.25,8477.25,7927.3286,7879.6932,47.6354,1.0,1.0,-65.75,-65.75,8477.25,11942.25
2012-02-07 00:00:00,MA_Crossover(35,44),8459.75,8458.75,7963.5214,7893.0682,70.4532,1.0,1.0,-18.5,-18.5,8458.75,11923.75
2012-02-08 00:00:00,MA_Crossover(35,44),8557.5,8556.5,7998.6143,7907.5114,91.1029,1.0,1.0,97.75,97.75,8556.5,12021.5
2012-02-09 00:00:00,MA_Crossover(35,44),8738.75,8737.75,8041.3429,7928.4773,112.8656,1.0,1.0,181.25,181.25,8737.75,12202.75
2012-02-10 00:00:00,MA_Crossover(35,44),8461.25,8460.25,8071.5214,7943.517,128.0044,1.0,1.0,-277.5,-277.5,8460.25,11925.25
2012-02-13 00:00:00,MA_Crossover(35,44),8404.25,8403.25,8098.7429,7959.7443,138.9985,1.0,1.0,-57.0,-57.0,8403.25,11868.25
2012-02-14 00:00:00,MA_Crossover(35,44),8405.5,8399.0,8123.4286,7973.5909,149.8377,1.0,1.0,-4.25,-4.25,8399.0,11864.0
2012-02-15 00:00:00,MA_Crossover(35,44),8361.5,8354.0,8143.9429,7991.233,152.7099,1.0,1.0,-45.0,-45.0,8354.0,11819.0
2012-02-16 00:00:00,MA_Crossover(35,44),8294.0,8285.5,8167.7714,8007.4659,160.3055,1.0,1.0,-68.5,-68.5,8285.5,11750.5
2012-02-17 00:00:00,MA_Crossover(35,44),8174.0,8160.5,8189.35,8029.8409,159.5091,1.0,1.0,-125.0,-125.0,8160.5,11625.5
2012-02-20 00:00:00,MA_Crossover(35,44),8234.5,8221.0,8207.6214,8053.5114,154.1101,1.0,1.0,60.5,60.5,8221.0,11686.0
2012-02-21 00:00:00,MA_Crossover(35,44),8447.75,8434.25,8226.6357,8078.9318,147.7039,1.0,1.0,213.25,213.25,8434.25,11899.25
2012-02-22 00:00:00,MA_Crossover(35,44),8436.25,8422.75,8252.4929,8106.0455,146.4474,1.0,1.0,-11.5,-11.5,8422.75,11887.75
2012-02-23 00:00:00,MA_Crossover(35,44),8395.75,8382.25,8277.2571,8128.5625,148.6946,1.0,1.0,-40.5,-40.5,8382.25,11847.25
2012-02-24 00:00:00,MA_Crossover(35,44),8549.0,8535.5,8305.2643,8153.5057,151.7586,1.0,1.0,153.25,153.25,8535.5,12000.5
2012-02-27 00:00:00,MA_Crossover(35,44),8552.5,8539.0,8335.7071,8176.483,159.2242,1.0,1.0,3.5,3.5,8539.0,12004.0
2012-02-28 00:00:00,MA_Crossover(35,44),8605.5,8592.0,8360.6286,8198.3466,162.282,1.0,1.0,53.0,53.0,8592.0,12057.0
2012-02-29 00:00:00,MA_Crossover(35,44),8497.0,8483.5,8381.4429,8221.9148,159.5281,1.0,1.0,-108.5,-108.5,8483.5,11948.5
2012-03-01 00:00:00,MA_Crossover(35,44),8628.0,8614.5,8399.5071,8249.3977,150.1094,1.0,1.0,131.0,131.0,8614.5,12079.5
2012-03-02 00:00:00,MA_Crossover(35,44),8580.25,8566.75,8416.3357,8271.7898,144.5459,1.0,1.0,-47.75,-47.75,8566.75,12031.75
2012-03-05 00:00:00,MA_Crossover(35,44),8503.5,8490.0,8428.5214,8288.1818,140.3396,1.0,1.0,-76.75,-76.75,8490.0,11955.0
2012-03-06 00:00:00,MA_Crossover(35,44),8288.75,8275.25,8431.2,8305.3977,125.8023,1.0,1.0,-214.75,-214.75,8275.25,11740.25
2012-03-07 00:00:00,MA_Crossover(35,44),8295.75,8282.25,8432.9429,8322.8239,110.119,1.0,1.0,7.0,7.0,8282.25,11747.25
2012-03-08 00:00:00,MA_Crossover(35,44),8333.0,8319.5,8432.0786,8340.1932,91.8854,1.0,1.0,37.25,37.25,8319.5,11784.5
2012-03-09 00:00:00,MA_Crossover(35,44),8503.5,8490.0,8440.2929,8363.2955,76.9974,1.0,1.0,170.5,170.5,8490.0,11955.0
2012-03-12 00:00:00,MA_Crossover(35,44),8450.0,8436.5,8442.8071,8379.5852,63.2219,1.0,1.0,-53.5,-53.5,8436.5,11901.5
2012-03-13 00:00:00,MA_Crossover(35,44),8563.0,8549.5,8448.8214,8397.642,51.1794,1.0,1.0,113.0,113.0,8549.5,12014.5
2012-03-14 00:00:00,MA_Crossover(35,44),8474.5,8461.0,8451.5214,8408.5227,42.9987,1.0,1.0,-88.5,-88.5,8461.0,11926.0
2012-03-15 00:00:00,MA_Crossover(35,44),8583.0,8569.5,8451.45,8421.9716,29.4784,1.0,1.0,108.5,108.5,8569.5,12034.5
2012-03-16 00:00:00,MA_Crossover(35,44),8531.0,8517.5,8451.7857,8432.2898,19.4959,1.0,1.0,-52.0,-52.0,8517.5,11982.5
2012-03-19 00:00:00,MA_Crossover(35,44),8601.5,8588.0,8456.95,8441.5284,15.4216,1.0,1.0,70.5,70.5,8588.0,12053.0
2012-03-20 00:00:00,MA_Crossover(35,44),8445.5,8438.0,8460.9071,8446.3182,14.589,1.0,1.0,-150.0,-150.0,8438.0,11903.0
2012-03-21 00:00:00,MA_Crossover(35,44),8474.5,8464.0,8462.3,8448.8466,13.4534,1.0,1.0,26.0,26.0,8464.0,11929.0
2012-03-22 00:00:00,MA_Crossover(35,44),8312.5,8299.5,8461.8643,8451.0398,10.8245,1.0,1.0,-164.5,-164.5,8299.5,11764.5
2012-03-23 00:00:00,MA_Crossover(35,44),8399.5,8400.5,8457.7357,8451.892,5.8437,1.0,1.0,101.0,101.0,8400.5,11865.5
2012-03-26 00:00:00,MA_Crossover(35,44),8561.5,8562.5,8460.1143,8456.642,3.4722,1.0,1.0,162.0,162.0,8562.5,12027.5
2012-03-27 00:00:00,MA_Crossover(35,44),8553.5,8554.5,8462.7929,8460.5852,2.2076,1.0,1.0,-8.0,-8.0,8554.5,12019.5
2012-03-28 00:00:00,MA_Crossover(35,44),8364.0,8365.0,8457.2643,8455.5511,1.7131,1.0,1.0,-189.5,-189.5,8365.0,11830.0
2012-03-29 00:00:00,MA_Crossover(35,44),8376.5,8377.5,8446.9143,8452.3068,-5.3925,-1.0,1.0,12.5,12.5,8377.5,11842.5
2012-03-30 00:00:00,MA_Crossover(35,44),8469.0,8470.0,8447.1357,8453.4034,-6.2677,-1.0,-1.0,92.5,-92.5,-8470.0,11750.0
2012-04-02 00:00:00,MA_Crossover(35,44),8669.0,8670.0,8454.7,8461.6307,-6.9307,-1.0,-1.0,200.0,-200.0,-8670.0,11550.0
2012-04-03 00:00:00,MA_Crossover(35,44),8636.0,8637.0,8461.2857,8466.4091,-5.1234,-1.0,-1.0,-33.0,33.0,-8637.0,11583.0
2012-04-04 00:00:00,MA_Crossover(35,44),8357.5,8358.5,8461.1714,8467.0852,-5.9138,-1.0,-1.0,-278.5,278.5,-8358.5,11861.5
2012-04-05 00:00:00,MA_Crossover(35,44),8381.0,8382.0,8463.6571,8463.3807,0.2765,1.0,-1.0,23.5,-23.5,-8382.0,11838.0
2012-04-10 00:00:00,MA_Crossover(35,44),8055.5,8056.5,8460.2714,8453.7727,6.4987,1.0,1.0,-325.5,-325.5,8056.5,11512.5
2012-04-11 00:00:00,MA_Crossover(35,44),8075.0,8076.0,8455.7143,8445.0284,10.6859,1.0,1.0,19.5,19.5,8076.0,11532.0
2012-04-12 00:00:00,MA_Crossover(35,44),8263.25,8264.25,8450.4429,8438.3409,12.1019,1.0,1.0,188.25,188.25,8264.25,11720.25
2012-04-13 00:00:00,MA_Crossover(35,44),8044.75,8045.75,8439.2571,8422.5682,16.689,1.0,1.0,-218.5,-218.5,8045.75,11501.75
2012-04-16 00:00:00,MA_Crossover(35,44),8049.5,8050.5,8429.3643,8413.2102,16.1541,1.0,1.0,4.75,4.75,8050.5,11506.5
2012-04-17 00:00:00,MA_Crossover(35,44),8084.0,8113.0,8416.0786,8405.9318,10.1468,1.0,1.0,62.5,62.5,8113.0,11569.0
2012-04-18 00:00:00,MA_Crossover(35,44),8078.0,8110.0,8402.5214,8398.4886,4.0328,1.0,1.0,-3.0,-3.0,8110.0,11566.0
2012-04-19 00:00:00,MA_Crossover(35,44),8072.0,8108.0,8387.2786,8391.9091,-4.6305,-1.0,1.0,-2.0,-2.0,8108.0,11564.0
2012-04-20 00:00:00,MA_Crossover(35,44),8222.0,8270.0,8379.4214,8390.2727,-10.8513,-1.0,-1.0,162.0,-162.0,-8270.0,11402.0
2012-04-23 00:00:00,MA_Crossover(35,44),8092.0,8140.0,8364.1071,8388.4091,-24.3019,-1.0,-1.0,-130.0,130.0,-8140.0,11532.0
2012-04-24 00:00:00,MA_Crossover(35,44),8213.0,8261.0,8353.6143,8387.9205,-34.3062,-1.0,-1.0,121.0,-121.0,-8261.0,11411.0
2012-04-25 00:00:00,MA_Crossover(35,44),8264.0,8312.0,8346.7714,8383.7443,-36.9729,-1.0,-1.0,51.0,-51.0,-8312.0,11360.0
2012-04-26 00:00:00,MA_Crossover(35,44),8388.0,8436.0,8349.6071,8382.6477,-33.0406,-1.0,-1.0,124.0,-124.0,-8436.0,11236.0
2012-04-27 00:00:00,MA_Crossover(35,44),8494.0,8542.0,8355.2714,8384.8807,-29.6093,-1.0,-1.0,106.0,-106.0,-8542.0,11130.0
2012-04-30 00:00:00,MA_Crossover(35,44),8459.5,8507.5,8358.8857,8382.8466,-23.9609,-1.0,-1.0,-34.5,34.5,-8507.5,11164.5
2012-05-01 00:00:00,MA_Crossover(35,44),8472.0,8520.0,8357.9857,8381.017,-23.0313,-1.0,-1.0,12.5,-12.5,-8520.0,11152.0
2012-05-02 00:00:00,MA_Crossover(35,44),8329.0,8377.0,8354.5286,8374.733,-20.2044,-1.0,-1.0,-143.0,143.0,-8377.0,11295.0
2012-05-03 00:00:00,MA_Crossover(35,44),8259.5,8307.5,8345.8571,8369.3352,-23.4781,-1.0,-1.0,-69.5,69.5,-8307.5,11364.5
2012-05-04 00:00:00,MA_Crossover(35,44),8218.5,8266.5,8338.5429,8360.0284,-21.4856,-1.0,-1.0,-41.0,41.0,-8266.5,11405.5
2012-05-08 00:00:00,MA_Crossover(35,44),8158.5,8206.5,8326.4143,8350.4432,-24.0289,-1.0,-1.0,-60.0,60.0,-8206.5,11465.5
2012-05-09 00:00:00,MA_Crossover(35,44),8136.0,8184.0,8315.1286,8342.0909,-26.9623,-1.0,-1.0,-22.5,22.5,-8184.0,11488.0
2012-05-10 00:00:00,MA_Crossover(35,44),8191.0,8239.0,8303.4,8339.8693,-36.4693,-1.0,-1.0,55.0,-55.0,-8239.0,11433.0
2012-05-11 00:00:00,MA_Crossover(35,44),8098.0,8146.0,8293.4714,8335.375,-41.9036,-1.0,-1.0,-93.0,93.0,-8146.0,11526.0
2012-05-14 00:00:00,MA_Crossover(35,44),7900.0,7948.0,8277.0571,8325.5341,-48.4769,-1.0,-1.0,-198.0,198.0,-7948.0,11724.0
2012-05-15 00:00:00,MA_Crossover(35,44),7795.0,7846.0,8262.2714,8309.4318,-47.1604,-1.0,-1.0,-102.0,102.0,-7846.0,11826.0
2012-05-16 00:00:00,MA_Crossover(35,44),7690.0,7738.0,8242.0,8292.1591,-50.1591,-1.0,-1.0,-108.0,108.0,-7738.0,11934.0
2012-05-17 00:00:00,MA_Crossover(35,44),7690.5,7738.5,8217.1143,8272.3295,-55.2153,-1.0,-1.0,0.5,-0.5,-7738.5,11933.5
2012-05-18 00:00:00,MA_Crossover(35,44),7696.0,7768.0,8192.6143,8254.6364,-62.0221,-1.0,-1.0,29.5,-29.5,-7768.0,11904.0
2012-05-21 00:00:00,MA_Crossover(35,44),7780.0,7852.0,8175.9286,8236.3864,-60.4578,-1.0,-1.0,84.0,-84.0,-7852.0,11820.0
2012-05-22 00:00:00,MA_Crossover(35,44),7786.0,7858.0,8159.0571,8219.4545,-60.3974,-1.0,-1.0,6.0,-6.0,-7858.0,11814.0
2012-05-23 00:00:00,MA_Crossover(35,44),7578.0,7650.0,8133.6,8196.1932,-62.5932,-1.0,-1.0,-208.0,208.0,-7650.0,12022.0
2012-05-24 00:00:00,MA_Crossover(35,44),7656.5,7728.5,8104.6714,8178.2614,-73.5899,-1.0,-1.0,78.5,-78.5,-7728.5,11943.5
2012-05-25 00:00:00,MA_Crossover(35,44),7673.0,7745.0,8077.1571,8160.0455,-82.8883,-1.0,-1.0,16.5,-16.5,-7745.0,11927.0
2012-05-28 00:00:00,MA_Crossover(35,44),7715.5,7787.5,8058.8143,8146.4773,-87.663,-1.0,-1.0,42.5,-42.5,-7787.5,11884.5
2012-05-29 00:00:00,MA_Crossover(35,44),7686.0,7758.0,8038.9571,8130.2614,-91.3042,-1.0,-1.0,-29.5,29.5,-7758.0,11914.0
2012-05-30 00:00:00,MA_Crossover(35,44),7491.0,7563.0,8022.8286,8105.9318,-83.1032,-1.0,-1.0,-195.0,195.0,-7563.0,12109.0
2012-05-31 00:00:00,MA_Crossover(35,44),7440.0,7512.0,8004.6857,8080.625,-75.9393,-1.0,-1.0,-51.0,51.0,-7512.0,12160.0
2012-06-01 00:00:00,MA_Crossover(35,44),7378.5,7450.5,7979.4071,8058.2273,-78.8201,-1.0,-1.0,-61.5,61.5,-7450.5,12221.5
2012-06-06 00:00:00,MA_Crossover(35,44),7413.0,7485.0,7961.3571,8036.3295,-74.9724,-1.0,-1.0,34.5,-34.5,-7485.0,12187.0
2012-06-07 00:00:00,MA_Crossover(35,44),7492.5,7564.5,7945.4429,8014.1364,-68.6935,-1.0,-1.0,79.5,-79.5,-7564.5,12107.5
2012-06-08 00:00:00,MA_Crossover(35,44),7287.0,7359.0,7922.6714,7982.7273,-60.0558,-1.0,-1.0,-205.5,205.5,-7359.0,12313.0
2012-06-11 00:00:00,MA_Crossover(35,44),7412.5,7484.5,7903.6571,7954.9205,-51.2633,-1.0,-1.0,125.5,-125.5,-7484.5,12187.5
2012-06-12 00:00:00,MA_Crossover(35,44),7385.0,7457.0,7884.0286,7932.8182,-48.7896,-1.0,-1.0,-27.5,27.5,-7457.0,12215.0
2012-06-13 00:00:00,MA_Crossover(35,44),7378.75,7450.75,7859.9357,7910.0398,-50.1041,-1.0,-1.0,-6.25,6.25,-7450.75,12221.25
2012-06-14 00:00:00,MA_Crossover(35,44),7406.5,7478.5,7840.35,7895.2898,-54.9398,-1.0,-1.0,27.75,-27.75,-7478.5,12193.5
2012-06-15 00:00:00,MA_Crossover(35,44),7499.25,7571.25,7819.9571,7882.2045,-62.2474,-1.0,-1.0,92.75,-92.75,-7571.25,12100.75
2012-06-18 00:00:00,MA_Crossover(35,44),7498.25,7570.25,7798.0786,7864.8182,-66.7396,-1.0,-1.0,-1.0,1.0,-7570.25,12101.75
2012-06-19 00:00:00,MA_Crossover(35,44),7609.75,7672.75,7775.8429,7854.9318,-79.089,-1.0,-1.0,102.5,-102.5,-7672.75,11999.25
2012-06-20 00:00:00,MA_Crossover(35,44),7547.0,7610.0,7748.7857,7843.5114,-94.7256,-1.0,-1.0,-62.75,62.75,-7610.0,12062.0
2012-06-21 00:00:00,MA_Crossover(35,44),7352.0,7415.0,7717.1429,7826.875,-109.7321,-1.0,-1.0,-195.0,195.0,-7415.0,12257.0
2012-06-22 00:00:00,MA_Crossover(35,44),7326.0,7387.0,7684.4,7809.7841,-125.3841,-1.0,-1.0,-28.0,28.0,-7387.0,12285.0
2012-06-25 00:00:00,MA_Crossover(35,44),7353.5,7414.5,7656.5286,7793.4545,-136.926,-1.0,-1.0,27.5,-27.5,-7414.5,12257.5
2012-06-26 00:00:00,MA_Crossover(35,44),7381.0,7442.0,7631.4286,7774.3409,-142.9123,-1.0,-1.0,27.5,-27.5,-7442.0,12230.0
2012-06-27 00:00:00,MA_Crossover(35,44),7425.25,7486.25,7608.7643,7759.1875,-150.4232,-1.0,-1.0,44.25,-44.25,-7486.25,12185.75
2012-06-28 00:00:00,MA_Crossover(35,44),7397.0,7458.0,7587.0071,7740.642,-153.6349,-1.0,-1.0,-28.25,28.25,-7458.0,12214.0
2012-06-29 00:00:00,MA_Crossover(35,44),7696.5,7757.5,7574.45,7727.7443,-153.2943,-1.0,-1.0,299.5,-299.5,-7757.5,11914.5
2012-07-02 00:00:00,MA_Crossover(35,44),7638.75,7699.75,7558.6714,7710.7159,-152.0445,-1.0,-1.0,-57.75,57.75,-7699.75,11972.25
2012-07-03 00:00:00,MA_Crossover(35,44),7825.0,7886.0,7550.8714,7695.5114,-144.6399,-1.0,-1.0,186.25,-186.25,-7886.0,11786.0
2012-07-04 00:00:00,MA_Crossover(35,44),7728.5,7789.5,7545.9714,7678.8977,-132.9263,-1.0,-1.0,-96.5,96.5,-7789.5,11882.5
2012-07-05 00:00:00,MA_Crossover(35,44),7702.5,7763.5,7543.3286,7661.4091,-118.0805,-1.0,-1.0,-26.0,26.0,-7763.5,11908.5
2012-07-06 00:00:00,MA_Crossover(35,44),7536.0,7597.0,7538.9286,7643.3864,-104.4578,-1.0,-1.0,-166.5,166.5,-7597.0,12075.0
2012-07-09 00:00:00,MA_Crossover(35,44),7560.5,7621.5,7535.2143,7627.5,-92.2857,-1.0,-1.0,24.5,-24.5,-7621.5,12050.5
2012-07-10 00:00:00,MA_Crossover(35,44),7492.75,7553.75,7529.4071,7611.0057,-81.5985,-1.0,-1.0,-67.75,67.75,-7553.75,12118.25
2012-07-11 00:00:00,MA_Crossover(35,44),7549.5,7610.5,7522.8214,7597.1648,-74.3433,-1.0,-1.0,56.75,-56.75,-7610.5,12061.5
2012-07-12 00:00:00,MA_Crossover(35,44),7574.5,7635.5,7516.7786,7584.4034,-67.6248,-1.0,-1.0,25.0,-25.0,-7635.5,12036.5
2012-07-13 00:00:00,MA_Crossover(35,44),7709.5,7770.5,7520.5357,7573.4602,-52.9245,-1.0,-1.0,135.0,-135.0,-7770.5,11901.5
2012-07-16 00:00:00,MA_Crossover(35,44),7695.0,7756.0,7521.6357,7564.3011,-42.6654,-1.0,-1.0,-14.5,14.5,-7756.0,11916.0
2012-07-17 00:00:00,MA_Crossover(35,44),7597.0,7657.5,7519.4643,7557.4148,-37.9505,-1.0,-1.0,-98.5,98.5,-7657.5,12014.5
2012-07-18 00:00:00,MA_Crossover(35,44),7641.5,7702.0,7517.35,7553.9261,-36.5761,-1.0,-1.0,44.5,-44.5,-7702.0,11970.0
2012-07-19 00:00:00,MA_Crossover(35,44),7737.0,7797.0,7518.8071,7554.9943,-36.1872,-1.0,-1.0,95.0,-95.0,-7797.0,11875.0
2012-07-20 00:00:00,MA_Crossover(35,44),7547.0,7607.0,7520.4071,7551.733,-31.3258,-1.0,-1.0,-190.0,190.0,-7607.0,12065.0
2012-07-23 00:00:00,MA_Crossover(35,44),7402.75,7462.75,7519.3429,7545.0682,-25.7253,-1.0,-1.0,-144.25,144.25,-7462.75,12209.25
2012-07-24 00:00:00,MA_Crossover(35,44),7418.75,7478.75,7520.4929,7536.858,-16.3651,-1.0,-1.0,16.0,-16.0,-7478.75,12193.25
2012-07-25 00:00:00,MA_Crossover(35,44),7447.25,7507.25,7521.4714,7529.1591,-7.6877,-1.0,-1.0,28.5,-28.5,-7507.25,12164.75
2012-07-26 00:00:00,MA_Crossover(35,44),7470.0,7530.0,7520.8286,7526.7045,-5.876,-1.0,-1.0,22.75,-22.75,-7530.0,12142.0
2012-07-27 00:00:00,MA_Crossover(35,44),7562.0,7622.0,7528.6857,7524.5568,4.1289,1.0,-1.0,92.0,-92.0,-7622.0,12050.0
2012-07-30 00:00:00,MA_Crossover(35,44),7538.5,7598.5,7532.2857,7521.5,10.7857,1.0,1.0,-23.5,-23.5,7598.5,12026.5
2012-07-31 00:00:00,MA_Crossover(35,44),7555.5,7615.5,7537.1571,7517.8636,19.2935,1.0,1.0,17.0,17.0,7615.5,12043.5
2012-08-01 00:00:00,MA_Crossover(35,44),7421.75,7481.75,7538.3857,7511.858,26.5278,1.0,1.0,-133.75,-133.75,7481.75,11909.75
2012-08-02 00:00:00,MA_Crossover(35,44),7325.25,7385.25,7536.0643,7508.0909,27.9734,1.0,1.0,-96.5,-96.5,7385.25,11813.25
2012-08-03 00:00:00,MA_Crossover(35,44),7443.5,7503.5,7534.4714,7508.1705,26.301,1.0,1.0,118.25,118.25,7503.5,11931.5
2012-08-06 00:00:00,MA_Crossover(35,44),7495.25,7555.25,7534.3857,7510.8239,23.5619,1.0,1.0,51.75,51.75,7555.25,11983.25
2012-08-07 00:00:00,MA_Crossover(35,44),7583.5,7643.5,7533.6357,7514.6989,18.9369,1.0,1.0,88.25,88.25,7643.5,12071.5
2012-08-08 00:00:00,MA_Crossover(35,44),7553.5,7613.5,7533.8214,7516.0852,17.7362,1.0,1.0,-30.0,-30.0,7613.5,12041.5
2012-08-09 00:00:00,MA_Crossover(35,44),7531.0,7591.0,7538.9357,7521.6307,17.305,1.0,1.0,-22.5,-22.5,7591.0,12019.0
2012-08-10 00:00:00,MA_Crossover(35,44),7484.25,7544.25,7543.4571,7523.2614,20.1958,1.0,1.0,-46.75,-46.75,7544.25,11972.25
2012-08-13 00:00:00,MA_Crossover(35,44),7382.25,7442.25,7544.2786,7523.1989,21.0797,1.0,1.0,-102.0,-102.0,7442.25,11870.25
2012-08-14 00:00:00,MA_Crossover(35,44),7413.25,7467.25,7545.2,7523.983,21.217,1.0,1.0,25.0,25.0,7467.25,11895.25
2012-08-15 00:00:00,MA_Crossover(35,44),7383.5,7437.5,7544.0071,7523.4602,20.5469,1.0,1.0,-29.75,-29.75,7437.5,11865.5
2012-08-16 00:00:00,MA_Crossover(35,44),7450.75,7503.25,7545.5429,7522.358,23.1849,1.0,1.0,65.75,65.75,7503.25,11931.25
2012-08-17 00:00:00,MA_Crossover(35,44),7540.5,7591.5,7541.0857,7523.3182,17.7675,1.0,1.0,88.25,88.25,7591.5,12019.5
2012-08-20 00:00:00,MA_Crossover(35,44),7455.5,7506.5,7535.85,7519.8125,16.0375,1.0,1.0,-85.0,-85.0,7506.5,11934.5
2012-08-21 00:00:00,MA_Crossover(35,44),7612.5,7663.5,7529.7786,7521.3011,8.4774,1.0,1.0,157.0,157.0,7663.5,12091.5
2012-08-22 00:00:00,MA_Crossover(35,44),7607.5,7658.5,7526.3214,7527.108,-0.7865,-1.0,1.0,-5.0,-5.0,7658.5,12086.5
2012-08-23 00:00:00,MA_Crossover(35,44),7684.5,7735.5,7525.8071,7535.2557,-9.4485,-1.0,-1.0,77.0,-77.0,-7735.5,12009.5
2012-08-24 00:00:00,MA_Crossover(35,44),7637.0,7688.0,7528.6929,7541.6989,-13.006,-1.0,-1.0,-47.5,47.5,-7688.0,12057.0
2012-08-28 00:00:00,MA_Crossover(35,44),7603.0,7654.0,7529.9071,7546.7443,-16.8372,-1.0,-1.0,-34.0,34.0,-7654.0,12091.0
2012-08-29 00:00:00,MA_Crossover(35,44),7570.5,7621.5,7532.1286,7550.0455,-17.9169,-1.0,-1.0,-32.5,32.5,-7621.5,12123.5
2012-08-30 00:00:00,MA_Crossover(35,44),7563.75,7614.75,7532.5357,7553.8352,-21.2995,-1.0,-1.0,-6.75,6.75,-7614.75,12130.25
2012-08-31 00:00:00,MA_Crossover(35,44),7613.5,7664.5,7533.65,7551.9489,-18.2989,-1.0,-1.0,49.75,-49.75,-7664.5,12080.5
2012-09-03 00:00:00,MA_Crossover(35,44),7680.75,7731.75,7532.8286,7552.9034,-20.0748,-1.0,-1.0,67.25,-67.25,-7731.75,12013.25
2012-09-04 00:00:00,MA_Crossover(35,44),7635.75,7686.75,7531.1357,7548.6023,-17.4666,-1.0,-1.0,-45.0,45.0,-7686.75,12058.25
2012-09-05 00:00:00,MA_Crossover(35,44),7734.0,7785.0,7535.05,7548.7273,-13.6773,-1.0,-1.0,98.25,-98.25,-7785.0,11960.0
2012-09-06 00:00:00,MA_Crossover(35,44),7695.75,7746.75,7536.6,7548.5739,-11.9739,-1.0,-1.0,-38.25,38.25,-7746.75,11998.25
2012-09-07 00:00:00,MA_Crossover(35,44),7961.75,8012.75,7543.0214,7558.25,-15.2286,-1.0,-1.0,266.0,-266.0,-8012.75,11732.25
2012-09-10 00:00:00,MA_Crossover(35,44),8057.5,8108.5,7557.6071,7569.5455,-11.9383,-1.0,-1.0,95.75,-95.75,-8108.5,11636.5
2012-09-11 00:00:00,MA_Crossover(35,44),8078.25,8129.25,7576.9071,7582.8523,-5.9451,-1.0,-1.0,20.75,-20.75,-8129.25,11615.75
2012-09-12 00:00:00,MA_Crossover(35,44),8082.0,8133.0,7595.8571,7594.9545,0.9026,1.0,-1.0,3.75,-3.75,-8133.0,11612.0
2012-09-13 00:00:00,MA_Crossover(35,44),8060.0,8111.0,7613.3643,7605.9886,7.3756,1.0,1.0,-22.0,-22.0,8111.0,11590.0
2012-09-14 00:00:00,MA_Crossover(35,44),8363.0,8414.0,7638.8786,7620.8409,18.0377,1.0,1.0,303.0,303.0,8414.0,11893.0
2012-09-17 00:00:00,MA_Crossover(35,44),8282.75,8333.75,7659.4714,7634.1989,25.2726,1.0,1.0,-80.25,-80.25,8333.75,11812.75
2012-09-18 00:00:00,MA_Crossover(35,44),8311.25,8357.5,7681.55,7650.4318,31.1182,1.0,1.0,23.75,23.75,8357.5,11836.5
2012-09-19 00:00:00,MA_Crossover(35,44),8344.0,8388.75,7704.0786,7666.3977,37.6808,1.0,1.0,31.25,31.25,8388.75,11867.75
2012-09-20 00:00:00,MA_Crossover(35,44),8268.5,8313.5,7728.2714,7678.4773,49.7942,1.0,1.0,-75.25,-75.25,8313.5,11792.5
2012-09-21 00:00:00,MA_Crossover(35,44),8282.0,8323.25,7755.6071,7695.1818,60.4253,1.0,1.0,9.75,9.75,8323.25,11802.25
2012-09-24 00:00:00,MA_Crossover(35,44),8181.5,8222.75,7776.6929,7712.8807,63.8122,1.0,1.0,-100.5,-100.5,8222.75,11701.75
2012-09-25 00:00:00,MA_Crossover(35,44),8276.0,8317.25,7799.0,7732.3636,66.6364,1.0,1.0,94.5,94.5,8317.25,11796.25
2012-09-26 00:00:00,MA_Crossover(35,44),8125.0,8166.25,7814.4714,7747.767,66.7044,1.0,1.0,-151.0,-151.0,8166.25,11645.25
2012-09-27 00:00:00,MA_Crossover(35,44),8181.5,8222.75,7832.4143,7763.9375,68.4768,1.0,1.0,56.5,56.5,8222.75,11701.75
2012-09-28 00:00:00,MA_Crossover(35,44),8213.0,8254.25,7851.9,7778.733,73.167,1.0,1.0,31.5,31.5,8254.25,11733.25
2012-10-01 00:00:00,MA_Crossover(35,44),8302.75,8344.0,7875.2857,7796.1023,79.1834,1.0,1.0,89.75,89.75,8344.0,11823.0
2012-10-02 00:00:00,MA_Crossover(35,44),8328.75,8370.0,7902.3286,7813.6761,88.6524,1.0,1.0,26.0,26.0,8370.0,11849.0
2012-10-03 00:00:00,MA_Crossover(35,44),8289.0,8330.25,7927.35,7833.3864,93.9636,1.0,1.0,-39.75,-39.75,8330.25,11809.25
2012-10-04 00:00:00,MA_Crossover(35,44),8298.0,8339.25,7953.4786,7855.4943,97.9843,1.0,1.0,9.0,9.0,8339.25,11818.25
2012-10-05 00:00:00,MA_Crossover(35,44),8297.0,8338.25,7977.6571,7874.892,102.7651,1.0,1.0,-1.0,-1.0,8338.25,11817.25
2012-10-08 00:00:00,MA_Crossover(35,44),8183.0,8224.25,7996.0143,7890.5227,105.4916,1.0,1.0,-114.0,-114.0,8224.25,11703.25
2012-10-09 00:00:00,MA_Crossover(35,44),8141.5,8182.75,8015.6143,7903.2045,112.4097,1.0,1.0,-41.5,-41.5,8182.75,11661.75
2012-10-10 00:00:00,MA_Crossover(35,44),8166.5,8207.75,8031.4429,7917.1364,114.3065,1.0,1.0,25.0,25.0,8207.75,11686.75
2012-10-11 00:00:00,MA_Crossover(35,44),8242.5,8283.75,8049.5857,7933.3068,116.2789,1.0,1.0,76.0,76.0,8283.75,11762.75
2012-10-12 00:00:00,MA_Crossover(35,44),8132.0,8173.25,8062.3714,7948.0284,114.343,1.0,1.0,-110.5,-110.5,8173.25,11652.25
2012-10-15 00:00:00,MA_Crossover(35,44),8095.5,8136.75,8075.4714,7964.2386,111.2328,1.0,1.0,-36.5,-36.5,8136.75,11615.75
2012-10-16 00:00:00,MA_Crossover(35,44),8125.0,8168.25,8090.3857,7980.4148,109.9709,1.0,1.0,31.5,31.5,8168.25,11647.25
2012-10-17 00:00:00,MA_Crossover(35,44),8223.5,8266.75,8109.0429,7999.5057,109.5372,1.0,1.0,98.5,98.5,8266.75,11745.75
2012-10-18 00:00:00,MA_Crossover(35,44),8223.5,8265.75,8127.8929,8017.0682,110.8247,1.0,1.0,-1.0,-1.0,8265.75,11744.75
2012-10-19 00:00:00,MA_Crossover(35,44),8015.0,8057.25,8139.3643,8027.8523,111.512,1.0,1.0,-208.5,-208.5,8057.25,11536.25
2012-10-22 00:00:00,MA_Crossover(35,44),7953.0,7995.25,8147.1429,8039.1591,107.9838,1.0,1.0,-62.0,-62.0,7995.25,11474.25
2012-10-23 00:00:00,MA_Crossover(35,44),7834.0,7876.25,8152.8071,8044.1932,108.614,1.0,1.0,-119.0,-119.0,7876.25,11355.25
2012-10-24 00:00:00,MA_Crossover(35,44),7820.5,7862.75,8155.2786,8049.0341,106.2445,1.0,1.0,-13.5,-13.5,7862.75,11341.75
2012-10-25 00:00:00,MA_Crossover(35,44),7819.0,7861.25,8158.8,8052.0909,106.7091,1.0,1.0,-1.5,-1.5,7861.25,11340.25
2012-10-26 00:00:00,MA_Crossover(35,44),7824.5,7866.75,8154.8786,8056.3523,98.5263,1.0,1.0,5.5,5.5,7866.75,11345.75
2012-10-29 00:00:00,MA_Crossover(35,44),7703.25,7745.5,8144.7571,8058.6307,86.1265,1.0,1.0,-121.25,-121.25,7745.5,11224.5
2012-10-30 00:00:00,MA_Crossover(35,44),7724.75,7767.0,8134.6571,8062.1364,72.5208,1.0,1.0,21.5,21.5,7767.0,11246.0
2012-10-31 00:00:00,MA_Crossover(35,44),7761.75,7804.0,8125.5071,8066.6364,58.8708,1.0,1.0,37.0,37.0,7804.0,11283.0
2012-11-01 00:00:00,MA_Crossover(35,44),7828.0,7870.25,8118.8786,8071.5114,47.3672,1.0,1.0,66.25,66.25,7870.25,11349.25
2012-11-02 00:00:00,MA_Crossover(35,44),7665.25,7707.5,8098.9429,8071.1591,27.7838,1.0,1.0,-162.75,-162.75,7707.5,11186.5
2012-11-05 00:00:00,MA_Crossover(35,44),7646.0,7688.25,8080.75,8071.392,9.358,1.0,1.0,-19.25,-19.25,7688.25,11167.25
2012-11-06 00:00:00,MA_Crossover(35,44),7695.25,7737.5,8063.15,8070.5114,-7.3614,-1.0,1.0,49.25,49.25,7737.5,11216.5
2012-11-07 00:00:00,MA_Crossover(35,44),7600.25,7642.5,8041.9,8068.3409,-26.4409,-1.0,-1.0,-95.0,95.0,-7642.5,11311.5
2012-11-08 00:00:00,MA_Crossover(35,44),7628.25,7670.5,8023.6071,8060.7614,-37.1542,-1.0,-1.0,28.0,-28.0,-7670.5,11283.5
2012-11-09 00:00:00,MA_Crossover(35,44),7568.0,7610.25,8003.2071,8049.6364,-46.4292,-1.0,-1.0,-60.25,60.25,-7610.25,11343.75
2012-11-12 00:00:00,MA_Crossover(35,44),7635.75,7678.0,7987.6143,8039.5795,-51.9653,-1.0,-1.0,67.75,-67.75,-7678.0,11276.0
2012-11-13 00:00:00,MA_Crossover(35,44),7676.5,7718.75,7970.4857,8030.3636,-59.8779,-1.0,-1.0,40.75,-40.75,-7718.75,11235.25
2012-11-14 00:00:00,MA_Crossover(35,44),7633.75,7676.0,7956.45,8020.6761,-64.2261,-1.0,-1.0,-42.75,42.75,-7676.0,11278.0
2012-11-15 00:00:00,MA_Crossover(35,44),7631.5,7673.75,7940.7357,8004.0511,-63.3154,-1.0,-1.0,-2.25,2.25,-7673.75,11280.25
2012-11-16 00:00:00,MA_Crossover(35,44),7596.25,7638.5,7923.1143,7988.4489,-65.3346,-1.0,-1.0,-35.25,35.25,-7638.5,11315.5
2012-11-19 00:00:00,MA_Crossover(35,44),7793.0,7835.25,7908.55,7976.6705,-68.1205,-1.0,-1.0,196.75,-196.75,-7835.25,11118.75
2012-11-20 00:00:00,MA_Crossover(35,44),7778.0,7815.5,7892.8143,7963.8068,-70.9925,-1.0,-1.0,-19.75,19.75,-7815.5,11138.5
2012-11-21 00:00:00,MA_Crossover(35,44),7685.25,7724.25,7875.5643,7950.5511,-74.9869,-1.0,-1.0,-91.25,91.25,-7724.25,11229.75
2012-11-22 00:00:00,MA_Crossover(35,44),7708.25,7747.5,7858.7143,7937.5114,-78.7971,-1.0,-1.0,23.25,-23.25,-7747.5,11206.5
2012-11-23 00:00:00,MA_Crossover(35,44),7770.5,7806.0,7843.6714,7928.1705,-84.499,-1.0,-1.0,58.5,-58.5,-7806.0,11148.0
2012-11-26 00:00:00,MA_Crossover(35,44),7772.0,7807.5,7831.9286,7916.7159,-84.7873,-1.0,-1.0,1.5,-1.5,-7807.5,11146.5
2012-11-27 00:00:00,MA_Crossover(35,44),7797.25,7832.75,7822.0929,7909.267,-87.1742,-1.0,-1.0,25.25,-25.25,-7832.75,11121.25
2012-11-28 00:00:00,MA_Crossover(35,44),7754.5,7790.0,7810.3214,7899.5625,-89.2411,-1.0,-1.0,-42.75,42.75,-7790.0,11164.0
2012-11-29 00:00:00,MA_Crossover(35,44),7890.25,7925.75,7800.2571,7892.2273,-91.9701,-1.0,-1.0,135.75,-135.75,-7925.75,11028.25
2012-11-30 00:00:00,MA_Crossover(35,44),7983.25,8018.75,7796.0071,7884.9659,-88.9588,-1.0,-1.0,93.0,-93.0,-8018.75,10935.25
2012-12-03 00:00:00,MA_Crossover(35,44),7991.75,8027.25,7793.0429,7877.3068,-84.264,-1.0,-1.0,8.5,-8.5,-8027.25,10926.75
2012-12-04 00:00:00,MA_Crossover(35,44),8016.0,8051.5,7789.9286,7871.1023,-81.1737,-1.0,-1.0,24.25,-24.25,-8051.5,10902.5
2012-12-05 00:00:00,MA_Crossover(35,44),8058.0,8093.5,7785.2,7865.6477,-80.4477,-1.0,-1.0,42.0,-42.0,-8093.5,10860.5
2012-12-06 00:00:00,MA_Crossover(35,44),7981.75,8017.25,7778.2929,7858.483,-80.1901,-1.0,-1.0,-76.25,76.25,-8017.25,10936.75
2012-12-07 00:00:00,MA_Crossover(35,44),8014.75,8050.25,7778.2857,7854.6591,-76.3734,-1.0,-1.0,33.0,-33.0,-8050.25,10903.75
2012-12-10 00:00:00,MA_Crossover(35,44),8111.5,8147.0,7782.8143,7853.9773,-71.163,-1.0,-1.0,96.75,-96.75,-8147.0,10807.0
2012-12-11 00:00:00,MA_Crossover(35,44),8076.5,8112.0,7789.7429,7851.9318,-62.189,-1.0,-1.0,-35.0,35.0,-8112.0,10842.0
2012-12-12 00:00:00,MA_Crossover(35,44),8106.75,8142.25,7797.9214,7848.8466,-50.9252,-1.0,-1.0,30.25,-30.25,-8142.25,10811.75
2012-12-13 00:00:00,MA_Crossover(35,44),8052.25,8087.75,7804.5857,7847.0341,-42.4484,-1.0,-1.0,-54.5,54.5,-8087.75,10866.25
2012-12-14 00:00:00,MA_Crossover(35,44),8043.25,8078.75,7810.8357,7845.8466,-35.0109,-1.0,-1.0,-9.0,9.0,-8078.75,10875.25
2012-12-17 00:00:00,MA_Crossover(35,44),8038.75,8074.25,7820.4214,7843.8864,-23.4649,-1.0,-1.0,-4.5,4.5,-8074.25,10879.75
2012-12-18 00:00:00,MA_Crossover(35,44),8007.25,8042.75,7828.4929,7838.9716,-10.4787,-1.0,-1.0,-31.5,31.5,-8042.75,10911.25
2012-12-19 00:00:00,MA_Crossover(35,44),7909.0,7945.0,7832.7,7831.8239,0.8761,1.0,-1.0,-97.75,97.75,-7945.0,11009.0
2012-12-20 00:00:00,MA_Crossover(35,44),7753.5,7789.5,7830.5714,7825.8807,4.6907,1.0,1.0,-155.5,-155.5,7789.5,10853.5
2012-12-21 00:00:00,MA_Crossover(35,44),7817.0,7843.5,7834.9071,7822.7898,12.1174,1.0,1.0,54.0,54.0,7843.5,10907.5
2012-12-24 00:00:00,MA_Crossover(35,44),7796.75,7823.25,7839.2143,7821.9432,17.2711,1.0,1.0,-20.25,-20.25,7823.25,10887.25
2012-12-27 00:00:00,MA_Crossover(35,44),7900.5,7927.0,7845.0786,7823.7614,21.3172,1.0,1.0,103.75,103.75,7927.0,10991.0
2012-12-28 00:00:00,MA_Crossover(35,44),7871.5,7898.0,7852.8286,7824.9545,27.874,1.0,1.0,-29.0,-29.0,7898.0,10962.0
2012-12-31 00:00:00,MA_Crossover(35,44),7912.5,7939.0,7860.95,7826.9545,33.9955,1.0,1.0,41.0,41.0,7939.0,11003.0
2013-01-02 00:00:00,MA_Crossover(35,44),8188.75,8215.25,7878.6857,7837.9886,40.6971,1.0,1.0,276.25,276.25,8215.25,11279.25
2013-01-03 00:00:00,MA_Crossover(35,44),8140.75,8167.25,7893.1143,7847.4432,45.6711,1.0,1.0,-48.0,-48.0,8167.25,11231.25
2013-01-04 00:00:00,MA_Crossover(35,44),8059.25,8085.75,7904.05,7854.2045,49.8455,1.0,1.0,-81.5,-81.5,8085.75,11149.75
2013-01-07 00:00:00,MA_Crossover(35,44),8041.25,8067.75,7915.6929,7859.0511,56.6417,1.0,1.0,-18.0,-18.0,8067.75,11131.75
2013-01-08 00:00:00,MA_Crossover(35,44),8048.75,8075.25,7927.6143,7867.767,59.8472,1.0,1.0,7.5,7.5,8075.25,11139.25
2013-01-09 00:00:00,MA_Crossover(35,44),8048.75,8075.25,7940.5429,7876.9205,63.6224,1.0,1.0,0.0,0.0,8075.25,11139.25
2013-01-10 00:00:00,MA_Crossover(35,44),8085.0,8111.5,7948.8857,7885.7784,63.1073,1.0,1.0,36.25,36.25,8111.5,11175.5
2013-01-11 00:00:00,MA_Crossover(35,44),8017.25,8043.75,7955.7214,7895.2557,60.4657,1.0,1.0,-67.75,-67.75,8043.75,11107.75
2013-01-14 00:00:00,MA_Crossover(35,44),7968.0,7994.5,7963.8,7902.9773,60.8227,1.0,1.0,-49.25,-49.25,7994.5,11058.5
2013-01-15 00:00:00,MA_Crossover(35,44),7977.25,7998.75,7971.4857,7912.2784,59.2073,1.0,1.0,4.25,4.25,7998.75,11062.75
2013-01-16 00:00:00,MA_Crossover(35,44),7929.5,7951.0,7976.0286,7918.9545,57.074,1.0,1.0,-47.75,-47.75,7951.0,11015.0
2013-01-17 00:00:00,MA_Crossover(35,44),8037.75,8059.0,7983.6214,7927.1648,56.4567,1.0,1.0,108.0,108.0,8059.0,11123.0
2013-01-18 00:00:00,MA_Crossover(35,44),8047.25,8059.25,7990.7643,7936.5625,54.2018,1.0,1.0,0.25,0.25,8059.25,11123.25
2013-01-21 00:00:00,MA_Crossover(35,44),8038.5,8050.5,7998.8786,7945.8125,53.0661,1.0,1.0,-8.75,-8.75,8050.5,11114.5
2013-01-22 00:00:00,MA_Crossover(35,44),8114.5,8126.5,8005.2857,7957.5909,47.6948,1.0,1.0,76.0,76.0,8126.5,11190.5
2013-01-23 00:00:00,MA_Crossover(35,44),8084.5,8096.5,8008.1786,7964.2159,43.9627,1.0,1.0,-30.0,-30.0,8096.5,11160.5
2013-01-24 00:00:00,MA_Crossover(35,44),8074.75,8086.75,8010.55,7970.9602,39.5898,1.0,1.0,-9.75,-9.75,8086.75,11150.75
2013-01-25 00:00:00,MA_Crossover(35,44),8007.75,8019.75,8010.3143,7978.2898,32.0245,1.0,1.0,-67.0,-67.0,8019.75,11083.75
2013-01-28 00:00:00,MA_Crossover(35,44),8025.75,8037.75,8009.3929,7985.5057,23.8872,1.0,1.0,18.0,18.0,8037.75,11101.75
2013-01-29 00:00:00,MA_Crossover(35,44),8078.25,8090.25,8012.15,7992.5,19.65,1.0,1.0,52.5,52.5,8090.25,11154.25
2013-01-30 00:00:00,MA_Crossover(35,44),8200.75,8212.75,8017.4643,8002.2443,15.22,1.0,1.0,122.5,122.5,8212.75,11276.75
2013-01-31 00:00:00,MA_Crossover(35,44),8137.5,8149.5,8018.2071,8009.9773,8.2299,1.0,1.0,-63.25,-63.25,8149.5,11213.5
2013-02-01 00:00:00,MA_Crossover(35,44),8263.5,8275.5,8023.55,8021.5455,2.0045,1.0,1.0,126.0,126.0,8275.5,11339.5
2013-02-04 00:00:00,MA_Crossover(35,44),8276.25,8288.25,8028.3929,8030.3182,-1.9253,-1.0,1.0,12.75,12.75,8288.25,11352.25
2013-02-05 00:00:00,MA_Crossover(35,44),8240.25,8252.25,8033.7643,8036.1591,-2.3948,-1.0,-1.0,-36.0,36.0,-8252.25,11388.25
2013-02-06 00:00:00,MA_Crossover(35,44),8215.25,8227.25,8038.6786,8041.2386,-2.5601,-1.0,-1.0,-25.0,25.0,-8227.25,11413.25
2013-02-07 00:00:00,MA_Crossover(35,44),8170.25,8182.25,8042.4357,8044.7443,-2.3086,-1.0,-1.0,-45.0,45.0,-8182.25,11458.25
2013-02-08 00:00:00,MA_Crossover(35,44),8264.75,8276.75,8049.7929,8049.4432,0.3497,1.0,-1.0,94.5,-94.5,-8276.75,11363.75
2013-02-11 00:00:00,MA_Crossover(35,44),8169.5,8181.5,8057.2357,8053.7102,3.5255,1.0,1.0,-95.25,-95.25,8181.5,11268.5
2013-02-12 00:00:00,MA_Crossover(35,44),8203.5,8215.5,8070.0929,8058.0,12.0929,1.0,1.0,34.0,34.0,8215.5,11302.5
2013-02-13 00:00:00,MA_Crossover(35,44),8193.75,8205.75,8080.8571,8059.8693,20.9878,1.0,1.0,-9.75,-9.75,8205.75,11292.75
2013-02-14 00:00:00,MA_Crossover(35,44),8206.0,8218.0,8092.55,8062.8125,29.7375,1.0,1.0,12.25,12.25,8218.0,11305.0
2013-02-15 00:00:00,MA_Crossover(35,44),8172.75,8184.75,8100.3286,8064.3125,36.0161,1.0,1.0,-33.25,-33.25,8184.75,11271.75
2013-02-18 00:00:00,MA_Crossover(35,44),8085.25,8097.25,8106.4357,8065.0625,41.3732,1.0,1.0,-87.5,-87.5,8097.25,11184.25
2013-02-19 00:00:00,MA_Crossover(35,44),8030.5,8035.25,8109.8071,8064.7727,45.0344,1.0,1.0,-62.0,-62.0,8035.25,11122.25
2013-02-20 00:00:00,MA_Crossover(35,44),7939.75,7944.5,8102.6929,8062.5227,40.1701,1.0,1.0,-90.75,-90.75,7944.5,11031.5
2013-02-21 00:00:00,MA_Crossover(35,44),7844.5,7846.25,8094.2286,8058.8239,35.4047,1.0,1.0,-98.25,-98.25,7846.25,10933.25
2013-02-22 00:00:00,MA_Crossover(35,44),7784.5,7781.25,8086.3786,8055.9943,30.3843,1.0,1.0,-65.0,-65.0,7781.25,10868.25
2013-02-25 00:00:00,MA_Crossover(35,44),7821.5,7818.25,8080.1,8057.5398,22.5602,1.0,1.0,37.0,37.0,7818.25,10905.25
2013-02-26 00:00:00,MA_Crossover(35,44),7842.0,7838.75,8074.1929,8058.108,16.0849,1.0,1.0,20.5,20.5,7838.75,10925.75
2013-02-27 00:00:00,MA_Crossover(35,44),7850.5,7847.25,8068.5286,8059.3295,9.199,1.0,1.0,8.5,8.5,7847.25,10934.25
2013-02-28 00:00:00,MA_Crossover(35,44),7792.25,7789.0,8060.1643,8056.8693,3.295,1.0,1.0,-58.25,-58.25,7789.0,10876.0
2013-03-01 00:00:00,MA_Crossover(35,44),7680.5,7677.25,8050.5429,8052.5284,-1.9856,-1.0,1.0,-111.75,-111.75,7677.25,10764.25
2013-03-04 00:00:00,MA_Crossover(35,44),7702.5,7699.25,8042.9571,8047.7557,-4.7985,-1.0,-1.0,22.0,-22.0,-7699.25,10742.25
2013-03-05 00:00:00,MA_Crossover(35,44),7748.0,7744.75,8036.4071,8037.7386,-1.3315,-1.0,-1.0,45.5,-45.5,-7744.75,10696.75
2013-03-06 00:00:00,MA_Crossover(35,44),7664.25,7661.0,8028.8286,8026.9091,1.9195,1.0,-1.0,-83.75,83.75,-7661.0,10780.5
2013-03-07 00:00:00,MA_Crossover(35,44),7739.0,7735.75,8020.2929,8019.6307,0.6622,1.0,1.0,74.75,74.75,7735.75,10855.25
2013-03-08 00:00:00,MA_Crossover(35,44),7715.0,7711.75,8010.8,8012.2159,-1.4159,-1.0,1.0,-24.0,-24.0,7711.75,10831.25
2013-03-11 00:00:00,MA_Crossover(35,44),7729.25,7726.0,8001.9643,8004.9545,-2.9903,-1.0,-1.0,14.25,-14.25,-7726.0,10817.0
2013-03-12 00:00:00,MA_Crossover(35,44),7801.0,7797.75,7993.0071,7999.3239,-6.3167,-1.0,-1.0,71.75,-71.75,-7797.75,10745.25
2013-03-13 00:00:00,MA_Crossover(35,44),7760.5,7757.25,7983.75,7991.9489,-8.1989,-1.0,-1.0,-40.5,40.5,-7757.25,10785.75
2013-03-14 00:00:00,MA_Crossover(35,44),7775.75,7772.5,7975.2071,7986.4602,-11.2531,-1.0,-1.0,15.25,-15.25,-7772.5,10770.5
2013-03-15 00:00:00,MA_Crossover(35,44),7725.0,7721.75,7967.1286,7980.9375,-13.8089,-1.0,-1.0,-50.75,50.75,-7721.75,10821.25
2013-03-18 00:00:00,MA_Crossover(35,44),7542.0,7538.75,7953.3071,7971.0455,-17.7383,-1.0,-1.0,-183.0,183.0,-7538.75,11004.25
2013-03-19 00:00:00,MA_Crossover(35,44),7508.75,7502.75,7937.0357,7961.483,-24.4472,-1.0,-1.0,-36.0,36.0,-7502.75,11040.25
2013-03-20 00:00:00,MA_Crossover(35,44),7600.0,7593.75,7919.8714,7951.5341,-31.6627,-1.0,-1.0,91.0,-91.0,-7593.75,10949.25
2013-03-21 00:00:00,MA_Crossover(35,44),7562.25,7556.25,7903.4357,7940.5114,-37.0756,-1.0,-1.0,-37.5,37.5,-7556.25,10986.75
2013-03-22 00:00:00,MA_Crossover(35,44),7635.5,7619.25,7885.4929,7931.3523,-45.8594,-1.0,-1.0,63.0,-63.0,-7619.25,10923.75
2013-03-25 00:00:00,MA_Crossover(35,44),7599.25,7583.0,7866.15,7919.642,-53.492,-1.0,-1.0,-36.25,36.25,-7583.0,10960.0
2013-03-26 00:00:00,MA_Crossover(35,44),7604.5,7588.25,7847.9857,7908.733,-60.7472,-1.0,-1.0,5.25,-5.25,-7588.25,10954.75
2013-03-27 00:00:00,MA_Crossover(35,44),7585.0,7568.75,7829.9786,7897.6023,-67.6237,-1.0,-1.0,-19.5,19.5,-7568.75,10974.25
2013-03-28 00:00:00,MA_Crossover(35,44),7518.25,7502.0,7811.35,7886.4773,-75.1273,-1.0,-1.0,-66.75,66.75,-7502.0,11041.0
2013-04-02 00:00:00,MA_Crossover(35,44),7443.75,7427.5,7787.8929,7873.25,-85.3571,-1.0,-1.0,-74.5,74.5,-7427.5,11115.5
2013-04-03 00:00:00,MA_Crossover(35,44),7365.5,7349.25,7764.9214,7857.0511,-92.1297,-1.0,-1.0,-78.25,78.25,-7349.25,11193.75
2013-04-04 00:00:00,MA_Crossover(35,44),7417.5,7401.25,7742.4643,7839.25,-96.7857,-1.0,-1.0,52.0,-52.0,-7401.25,11141.75
2013-04-05 00:00:00,MA_Crossover(35,44),7382.0,7365.75,7719.2714,7822.0795,-102.8081,-1.0,-1.0,-35.5,35.5,-7365.75,11177.25
2013-04-08 00:00:00,MA_Crossover(35,44),7424.5,7408.25,7696.9429,7803.0114,-106.0685,-1.0,-1.0,42.5,-42.5,-7408.25,11134.75
2013-04-09 00:00:00,MA_Crossover(35,44),7605.0,7588.75,7680.7214,7787.7557,-107.0343,-1.0,-1.0,180.5,-180.5,-7588.75,10954.25
2013-04-10 00:00:00,MA_Crossover(35,44),7548.0,7531.75,7665.3714,7772.0227,-106.6513,-1.0,-1.0,-57.0,57.0,-7531.75,11011.25
2013-04-11 00:00:00,MA_Crossover(35,44),7580.25,7564.0,7652.5071,7757.5909,-105.0838,-1.0,-1.0,32.25,-32.25,-7564.0,10979.0
2013-04-12 00:00:00,MA_Crossover(35,44),7375.5,7359.25,7636.3857,7739.5284,-103.1427,-1.0,-1.0,-204.75,204.75,-7359.25,11183.75
2013-04-15 00:00:00,MA_Crossover(35,44),7168.25,7152.0,7617.0643,7714.608,-97.5437,-1.0,-1.0,-207.25,207.25,-7152.0,11391.0
2013-04-16 00:00:00,MA_Crossover(35,44),7283.5,7262.0,7602.75,7694.4716,-91.7216,-1.0,-1.0,110.0,-110.0,-7262.0,11281.0
2013-04-17 00:00:00,MA_Crossover(35,44),7063.5,7041.75,7581.0929,7668.5625,-87.4696,-1.0,-1.0,-220.25,220.25,-7041.75,11501.25
2013-04-18 00:00:00,MA_Crossover(35,44),7075.0,7052.75,7559.1786,7643.1364,-83.9578,-1.0,-1.0,11.0,-11.0,-7052.75,11490.25
2013-04-19 00:00:00,MA_Crossover(35,44),6974.5,6942.25,7534.15,7615.1477,-80.9977,-1.0,-1.0,-110.5,110.5,-6942.25,11600.75
2013-04-22 00:00:00,MA_Crossover(35,44),6919.0,6886.75,7509.2,7586.6534,-77.4534,-1.0,-1.0,-55.5,55.5,-6886.75,11656.25
2013-04-23 00:00:00,MA_Crossover(35,44),6854.0,6821.75,7485.5857,7558.6705,-73.0847,-1.0,-1.0,-65.0,65.0,-6821.75,11721.25
2013-04-24 00:00:00,MA_Crossover(35,44),7011.75,6979.5,7465.85,7535.517,-69.667,-1.0,-1.0,157.75,-157.75,-6979.5,11563.5
2013-04-25 00:00:00,MA_Crossover(35,44),7158.0,7125.75,7448.9929,7517.75,-68.7571,-1.0,-1.0,146.25,-146.25,-7125.75,11417.25
2013-04-26 00:00:00,MA_Crossover(35,44),7005.5,6973.25,7430.1714,7498.6818,-68.5104,-1.0,-1.0,-152.5,152.5,-6973.25,11569.75
2013-04-29 00:00:00,MA_Crossover(35,44),7127.5,7095.25,7412.7,7483.75,-71.05,-1.0,-1.0,122.0,-122.0,-7095.25,11447.75
2013-04-30 00:00:00,MA_Crossover(35,44),7027.5,6995.25,7393.0571,7465.7045,-72.6474,-1.0,-1.0,-100.0,100.0,-6995.25,11547.75
2013-05-01 00:00:00,MA_Crossover(35,44),6767.75,6735.5,7365.5857,7441.2898,-75.7041,-1.0,-1.0,-259.75,259.75,-6735.5,11807.5
2013-05-02 00:00:00,MA_Crossover(35,44),6820.75,6788.5,7337.5786,7417.8864,-80.3078,-1.0,-1.0,53.0,-53.0,-6788.5,11754.5
2013-05-03 00:00:00,MA_Crossover(35,44),7246.25,7214.0,7322.8857,7405.4773,-82.5916,-1.0,-1.0,425.5,-425.5,-7214.0,11329.0
2013-05-07 00:00:00,MA_Crossover(35,44),7241.0,7208.75,7307.6071,7395.4886,-87.8815,-1.0,-1.0,-5.25,5.25,-7208.75,11334.25
2013-05-08 00:00:00,MA_Crossover(35,44),7395.75,7363.5,7298.2,7388.517,-90.317,-1.0,-1.0,154.75,-154.75,-7363.5,11179.5
2013-05-09 00:00:00,MA_Crossover(35,44),7330.5,7298.25,7292.1571,7379.0284,-86.8713,-1.0,-1.0,-65.25,65.25,-7298.25,11244.75
2013-05-10 00:00:00,MA_Crossover(35,44),7355.0,7322.75,7287.7643,7372.0,-84.2357,-1.0,-1.0,24.5,-24.5,-7322.75,11220.25
2013-05-13 00:00:00,MA_Crossover(35,44),7388.5,7356.25,7281.7214,7364.0341,-82.3127,-1.0,-1.0,33.5,-33.5,-7356.25,11186.75
2013-05-14 00:00:00,MA_Crossover(35,44),7231.0,7191.25,7272.2571,7353.0341,-80.7769,-1.0,-1.0,-165.0,165.0,-7191.25,11351.75
2013-05-15 00:00:00,MA_Crossover(35,44),7184.5,7144.5,7259.3714,7340.6534,-81.282,-1.0,-1.0,-46.75,46.75,-7144.5,11398.5
2013-05-16 00:00:00,MA_Crossover(35,44),7265.0,7225.5,7249.8214,7328.4716,-78.6502,-1.0,-1.0,81.0,-81.0,-7225.5,11317.5
2013-05-17 00:00:00,MA_Crossover(35,44),7289.25,7242.0,7240.8143,7317.7614,-76.9471,-1.0,-1.0,16.5,-16.5,-7242.0,11301.0
2013-05-20 00:00:00,MA_Crossover(35,44),7382.0,7334.75,7235.0143,7308.8125,-73.7982,-1.0,-1.0,92.75,-92.75,-7334.75,11208.25
2013-05-21 00:00:00,MA_Crossover(35,44),7353.0,7305.75,7230.2929,7300.358,-70.0651,-1.0,-1.0,-29.0,29.0,-7305.75,11237.25
2013-05-22 00:00:00,MA_Crossover(35,44),7459.0,7411.75,7230.7286,7298.4716,-67.743,-1.0,-1.0,106.0,-106.0,-7411.75,11131.25
2013-05-23 00:00:00,MA_Crossover(35,44),7283.0,7235.75,7228.3714,7293.3409,-64.9695,-1.0,-1.0,-176.0,176.0,-7235.75,11307.25
2013-05-24 00:00:00,MA_Crossover(35,44),7281.75,7234.5,7224.4929,7286.108,-61.6151,-1.0,-1.0,-1.25,1.25,-7234.5,11308.5
2013-05-28 00:00:00,MA_Crossover(35,44),7303.0,7255.75,7222.2357,7280.2159,-57.9802,-1.0,-1.0,21.25,-21.25,-7255.75,11287.25
2013-05-29 00:00:00,MA_Crossover(35,44),7244.25,7197.0,7217.0857,7271.3239,-54.2381,-1.0,-1.0,-58.75,58.75,-7197.0,11346.0
2013-05-30 00:00:00,MA_Crossover(35,44),7296.75,7249.5,7208.2786,7264.4489,-56.1703,-1.0,-1.0,52.5,-52.5,-7249.5,11293.5
2013-05-31 00:00:00,MA_Crossover(35,44),7290.25,7243.0,7200.9143,7257.3068,-56.3925,-1.0,-1.0,-6.5,6.5,-7243.0,11300.0
2013-06-03 00:00:00,MA_Crossover(35,44),7318.25,7271.0,7193.4286,7251.2443,-57.8157,-1.0,-1.0,28.0,-28.0,-7271.0,11272.0
2013-06-04 00:00:00,MA_Crossover(35,44),7431.5,7384.25,7195.0286,7249.2727,-54.2442,-1.0,-1.0,113.25,-113.25,-7384.25,11158.75
2013-06-05 00:00:00,MA_Crossover(35,44),7430.0,7382.75,7202.5071,7248.9602,-46.4531,-1.0,-1.0,-1.5,1.5,-7382.75,11160.25
2013-06-06 00:00:00,MA_Crossover(35,44),7307.0,7259.75,7203.1786,7247.6307,-44.4521,-1.0,-1.0,-123.0,123.0,-7259.75,11283.25
2013-06-07 00:00:00,MA_Crossover(35,44),7203.0,7155.75,7207.1643,7242.7557,-35.5914,-1.0,-1.0,-104.0,104.0,-7155.75,11387.25
2013-06-10 00:00:00,MA_Crossover(35,44),7133.5,7086.25,7208.8357,7237.108,-28.2722,-1.0,-1.0,-69.5,69.5,-7086.25,11456.75
2013-06-11 00:00:00,MA_Crossover(35,44),7034.75,6987.5,7210.5571,7228.25,-17.6929,-1.0,-1.0,-98.75,98.75,-6987.5,11555.5
2013-06-12 00:00:00,MA_Crossover(35,44),7090.25,7043.0,7215.45,7216.5511,-1.1011,-1.0,-1.0,55.5,-55.5,-7043.0,11500.0
2013-06-13 00:00:00,MA_Crossover(35,44),7019.5,6972.25,7220.1786,7204.5398,15.6388,1.0,-1.0,-70.75,70.75,-6972.25,11570.75
2013-06-14 00:00:00,MA_Crossover(35,44),7056.75,7009.5,7221.4643,7192.642,28.8222,1.0,1.0,37.25,37.25,7009.5,11608.0
2013-06-17 00:00:00,MA_Crossover(35,44),7047.75,7000.5,7218.3143,7185.1932,33.1211,1.0,1.0,-9.0,-9.0,7000.5,11599.0
2013-06-18 00:00:00,MA_Crossover(35,44),6983.75,6935.25,7217.6929,7181.0,36.6929,1.0,1.0,-65.25,-65.25,6935.25,11533.75
2013-06-19 00:00:00,MA_Crossover(35,44),6939.75,6891.25,7212.3286,7173.1875,39.1411,1.0,1.0,-44.0,-44.0,6891.25,11489.75
2013-06-20 00:00:00,MA_Crossover(35,44),6751.0,6701.75,7204.4286,7166.0852,38.3433,1.0,1.0,-189.5,-189.5,6701.75,11300.25
2013-06-21 00:00:00,MA_Crossover(35,44),6797.5,6735.75,7205.2786,7159.7784,45.5002,1.0,1.0,34.0,34.0,6735.75,11334.25
2013-06-24 00:00:00,MA_Crossover(35,44),6649.75,6588.0,7200.3929,7152.3977,47.9951,1.0,1.0,-147.75,-147.75,6588.0,11186.5
2013-06-25 00:00:00,MA_Crossover(35,44),6774.75,6713.0,7186.9214,7149.1193,37.8021,1.0,1.0,125.0,125.0,6713.0,11311.5
2013-06-26 00:00:00,MA_Crossover(35,44),6715.75,6654.0,7171.9143,7145.9773,25.937,1.0,1.0,-59.0,-59.0,6654.0,11252.5
2013-06-27 00:00:00,MA_Crossover(35,44),6735.5,6673.75,7153.05,7139.6989,13.3511,1.0,1.0,19.75,19.75,6673.75,11272.25
2013-06-28 00:00:00,MA_Crossover(35,44),6738.5,6676.75,7136.1357,7130.1648,5.9709,1.0,1.0,3.0,3.0,6676.75,11275.25
2013-07-01 00:00:00,MA_Crossover(35,44),6986.5,6924.75,7125.6071,7129.733,-4.1258,-1.0,1.0,248.0,248.0,6924.75,11523.25
2013-07-02 00:00:00,MA_Crossover(35,44),6924.0,6862.25,7112.3357,7125.108,-12.7722,-1.0,-1.0,-62.5,62.5,-6862.25,11585.75
2013-07-03 00:00:00,MA_Crossover(35,44),7002.0,6940.25,7105.7929,7124.5284,-18.7356,-1.0,-1.0,78.0,-78.0,-6940.25,11507.75
2013-07-04 00:00:00,MA_Crossover(35,44),6959.0,6897.25,7099.35,7128.875,-29.525,-1.0,-1.0,-43.0,43.0,-6897.25,11550.75
2013-07-05 00:00:00,MA_Crossover(35,44),6787.5,6725.75,7085.7071,7128.1193,-42.4122,-1.0,-1.0,-171.5,171.5,-6725.75,11722.25
2013-07-08 00:00:00,MA_Crossover(35,44),6825.0,6763.25,7072.4429,7118.5455,-46.1026,-1.0,-1.0,37.5,-37.5,-6763.25,11684.75
2013-07-09 00:00:00,MA_Crossover(35,44),6729.5,6667.75,7053.8,7106.9205,-53.1205,-1.0,-1.0,-95.5,95.5,-6667.75,11780.25
2013-07-10 00:00:00,MA_Crossover(35,44),6821.5,6759.75,7038.6143,7093.8693,-55.255,-1.0,-1.0,92.0,-92.0,-6759.75,11688.25
2013-07-11 00:00:00,MA_Crossover(35,44),6993.75,6932.0,7025.3214,7086.2159,-60.8945,-1.0,-1.0,172.25,-172.25,-6932.0,11516.0
2013-07-12 00:00:00,MA_Crossover(35,44),6940.5,6878.75,7015.5357,7076.7955,-61.2597,-1.0,-1.0,-53.25,53.25,-6878.75,11569.25
2013-07-15 00:00:00,MA_Crossover(35,44),6892.75,6831.0,7004.4214,7065.5284,-61.107,-1.0,-1.0,-47.75,47.75,-6831.0,11617.0
2013-07-16 00:00:00,MA_Crossover(35,44),6995.0,6921.25,6995.6214,7060.1648,-64.5433,-1.0,-1.0,90.25,-90.25,-6921.25,11526.75
2013-07-17 00:00:00,MA_Crossover(35,44),6883.25,6811.0,6985.3071,7053.3182,-68.011,-1.0,-1.0,-110.25,110.25,-6811.0,11637.0
2013-07-18 00:00:00,MA_Crossover(35,44),6898.5,6825.75,6973.9286,7044.9886,-71.0601,-1.0,-1.0,14.75,-14.75,-6825.75,11622.25
2013-07-19 00:00:00,MA_Crossover(35,44),6918.5,6842.25,6963.3071,7036.5625,-73.2554,-1.0,-1.0,16.5,-16.5,-6842.25,11605.75
2013-07-22 00:00:00,MA_Crossover(35,44),7028.5,6952.25,6955.0286,7028.5284,-73.4998,-1.0,-1.0,110.0,-110.0,-6952.25,11495.75
2013-07-23 00:00:00,MA_Crossover(35,44),7035.0,6958.75,6943.7,7021.3011,-77.6011,-1.0,-1.0,6.5,-6.5,-6958.75,11489.25
2013-07-24 00:00:00,MA_Crossover(35,44),7052.0,6975.75,6932.9,7012.0511,-79.1511,-1.0,-1.0,17.0,-17.0,-6975.75,11472.25
2013-07-25 00:00:00,MA_Crossover(35,44),7008.0,6931.75,6924.3571,7005.8011,-81.444,-1.0,-1.0,-44.0,44.0,-6931.75,11516.25
2013-07-26 00:00:00,MA_Crossover(35,44),6857.0,6780.75,6914.4714,6996.1477,-81.6763,-1.0,-1.0,-151.0,151.0,-6780.75,11667.25
2013-07-29 00:00:00,MA_Crossover(35,44),6873.5,6797.25,6907.0429,6986.3864,-79.3435,-1.0,-1.0,16.5,-16.5,-6797.25,11650.75
2013-07-30 00:00:00,MA_Crossover(35,44),6733.0,6656.75,6898.4214,6974.767,-76.3456,-1.0,-1.0,-140.5,140.5,-6656.75,11791.25
2013-07-31 00:00:00,MA_Crossover(35,44),6881.0,6804.75,6892.4429,6965.3182,-72.8753,-1.0,-1.0,148.0,-148.0,-6804.75,11643.25
2013-08-01 00:00:00,MA_Crossover(35,44),6998.0,6921.75,6891.8286,6958.6761,-66.8476,-1.0,-1.0,117.0,-117.0,-6921.75,11526.25
2013-08-02 00:00:00,MA_Crossover(35,44),6997.0,6920.75,6890.1214,6951.375,-61.2536,-1.0,-1.0,-1.0,1.0,-6920.75,11527.25
2013-08-05 00:00:00,MA_Crossover(35,44),6965.25,6889.0,6887.7643,6940.7784,-53.0141,-1.0,-1.0,-31.75,31.75,-6889.0,11559.0
2013-08-06 00:00:00,MA_Crossover(35,44),6994.5,6918.25,6888.0714,6930.8807,-42.8093,-1.0,-1.0,29.25,-29.25,-6918.25,11529.75
2013-08-07 00:00:00,MA_Crossover(35,44),6991.0,6914.75,6889.5357,6923.6989,-34.1631,-1.0,-1.0,-3.5,3.5,-6914.75,11533.25
2013-08-08 00:00:00,MA_Crossover(35,44),7169.5,7093.25,6901.4929,6922.9375,-21.4446,-1.0,-1.0,178.5,-178.5,-7093.25,11354.75
2013-08-09 00:00:00,MA_Crossover(35,44),7257.25,7181.0,6914.6286,6925.75,-11.1214,-1.0,-1.0,87.75,-87.75,-7181.0,11267.0
2013-08-12 00:00:00,MA_Crossover(35,44),7232.25,7156.0,6931.2714,6930.2386,1.0328,1.0,-1.0,-25.0,25.0,-7156.0,11292.0
2013-08-13 00:00:00,MA_Crossover(35,44),7255.75,7179.5,6945.0143,6934.0,11.0143,1.0,1.0,23.5,23.5,7179.5,11315.5
2013-08-14 00:00:00,MA_Crossover(35,44),7297.0,7220.75,6961.6214,6940.3068,21.3146,1.0,1.0,41.25,41.25,7220.75,11356.75
2013-08-15 00:00:00,MA_Crossover(35,44),7283.5,7207.25,6977.2786,6945.4602,31.8183,1.0,1.0,-13.5,-13.5,7207.25,11343.25
2013-08-16 00:00:00,MA_Crossover(35,44),7372.25,7296.0,6995.3857,6952.8352,42.5505,1.0,1.0,88.75,88.75,7296.0,11432.0
2013-08-19 00:00:00,MA_Crossover(35,44),7275.0,7198.75,7003.6286,6959.4545,44.174,1.0,1.0,-97.25,-97.25,7198.75,11334.75
2013-08-20 00:00:00,MA_Crossover(35,44),7305.5,7220.5,7014.5286,6967.767,46.7615,1.0,1.0,21.75,21.75,7220.5,11356.5
2013-08-21 00:00:00,MA_Crossover(35,44),7225.25,7140.25,7020.9071,6978.5455,42.3617,1.0,1.0,-80.25,-80.25,7140.25,11276.25
2013-08-22 00:00:00,MA_Crossover(35,44),7305.5,7220.0,7030.8071,6990.0909,40.7162,1.0,1.0,79.75,79.75,7220.0,11356.0
2013-08-23 00:00:00,MA_Crossover(35,44),7345.75,7253.0,7046.7571,7005.9091,40.8481,1.0,1.0,33.0,33.0,7253.0,11389.0
2013-08-27 00:00:00,MA_Crossover(35,44),7299.0,7206.25,7060.3,7017.8239,42.4761,1.0,1.0,-46.75,-46.75,7206.25,11342.25
2013-08-28 00:00:00,MA_Crossover(35,44),7276.0,7183.25,7075.9143,7030.5568,45.3575,1.0,1.0,-23.0,-23.0,7183.25,11319.25
2013-08-29 00:00:00,MA_Crossover(35,44),7138.75,7046.0,7084.9786,7039.7216,45.257,1.0,1.0,-137.25,-137.25,7046.0,11182.0
2013-08-30 00:00:00,MA_Crossover(35,44),7086.0,6993.25,7087.6143,7047.6193,39.995,1.0,1.0,-52.75,-52.75,6993.25,11129.25
2013-09-02 00:00:00,MA_Crossover(35,44),7223.0,7130.25,7095.6857,7052.9943,42.6914,1.0,1.0,137.0,137.0,7130.25,11266.25
2013-09-03 00:00:00,MA_Crossover(35,44),7227.25,7134.5,7105.2429,7059.8864,45.3565,1.0,1.0,4.25,4.25,7134.5,11270.5
2013-09-04 00:00:00,MA_Crossover(35,44),7102.5,7009.75,7108.3143,7062.1705,46.1438,1.0,1.0,-124.75,-124.75,7009.75,11145.75
2013-09-05 00:00:00,MA_Crossover(35,44),7084.5,6991.75,7114.0643,7065.0227,49.0416,1.0,1.0,-18.0,-18.0,6991.75,11127.75
2013-09-06 00:00:00,MA_Crossover(35,44),7135.5,7042.75,7120.8357,7072.9318,47.9039,1.0,1.0,51.0,51.0,7042.75,11178.75
2013-09-09 00:00:00,MA_Crossover(35,44),7167.75,7075.0,7127.9571,7080.7216,47.2356,1.0,1.0,32.25,32.25,7075.0,11211.0
2013-09-10 00:00:00,MA_Crossover(35,44),7139.75,7047.0,7131.1357,7090.0455,41.0903,1.0,1.0,-28.0,-28.0,7047.0,11183.0
2013-09-11 00:00:00,MA_Crossover(35,44),7139.5,7046.75,7134.1214,7097.2727,36.8487,1.0,1.0,-0.25,-0.25,7046.75,11182.75
2013-09-12 00:00:00,MA_Crossover(35,44),7029.5,6936.75,7133.4786,7098.0852,35.3933,1.0,1.0,-110.0,-110.0,6936.75,11072.75
2013-09-13 00:00:00,MA_Crossover(35,44),7011.0,6918.25,7133.5643,7099.6875,33.8768,1.0,1.0,-18.5,-18.5,6918.25,11054.25
2013-09-16 00:00:00,MA_Crossover(35,44),7055.5,6962.75,7139.2357,7103.3864,35.8494,1.0,1.0,44.5,44.5,6962.75,11098.75
2013-09-17 00:00:00,MA_Crossover(35,44),7060.0,6962.0,7144.5643,7104.8636,39.7006,1.0,1.0,-0.75,-0.75,6962.0,11098.0
2013-09-18 00:00:00,MA_Crossover(35,44),7169.25,7071.25,7157.0286,7111.3636,45.6649,1.0,1.0,109.25,109.25,7071.25,11207.25
2013-09-19 00:00:00,MA_Crossover(35,44),7320.5,7223.25,7169.5857,7120.9545,48.6312,1.0,1.0,152.0,152.0,7223.25,11359.25
2013-09-20 00:00:00,MA_Crossover(35,44),7263.75,7157.5,7177.1786,7128.8011,48.3774,1.0,1.0,-65.75,-65.75,7157.5,11293.5
2013-09-23 00:00:00,MA_Crossover(35,44),7222.5,7116.25,7183.6214,7133.2102,50.4112,1.0,1.0,-41.25,-41.25,7116.25,11252.25
2013-09-24 00:00:00,MA_Crossover(35,44),7123.75,7017.5,7188.15,7135.2273,52.9227,1.0,1.0,-98.75,-98.75,7017.5,11153.5
2013-09-25 00:00:00,MA_Crossover(35,44),7176.0,7069.75,7193.3357,7138.0455,55.2903,1.0,1.0,52.25,52.25,7069.75,11205.75
2013-09-26 00:00:00,MA_Crossover(35,44),7230.25,7124.0,7200.1714,7143.0966,57.0748,1.0,1.0,54.25,54.25,7124.0,11260.0
2013-09-27 00:00:00,MA_Crossover(35,44),7284.0,7177.75,7203.4429,7152.8011,50.6417,1.0,1.0,53.75,53.75,7177.75,11313.75
2013-09-30 00:00:00,MA_Crossover(35,44),7286.25,7180.0,7204.2714,7162.1818,42.0896,1.0,1.0,2.25,2.25,7180.0,11316.0
2013-10-01 00:00:00,MA_Crossover(35,44),7176.0,7069.75,7202.6643,7172.25,30.4143,1.0,1.0,-110.25,-110.25,7069.75,11205.75
2013-10-02 00:00:00,MA_Crossover(35,44),7256.0,7149.75,7202.6714,7180.7727,21.8987,1.0,1.0,80.0,80.0,7149.75,11285.75
2013-10-03 00:00:00,MA_Crossover(35,44),7158.0,7051.75,7198.7,7184.4091,14.2909,1.0,1.0,-98.0,-98.0,7051.75,11187.75
2013-10-04 00:00:00,MA_Crossover(35,44),7235.0,7128.75,7197.3143,7189.8182,7.4961,1.0,1.0,77.0,77.0,7128.75,11264.75
2013-10-07 00:00:00,MA_Crossover(35,44),7219.0,7112.75,7192.9357,7195.5852,-2.6495,-1.0,1.0,-16.0,-16.0,7112.75,11248.75
2013-10-08 00:00:00,MA_Crossover(35,44),7213.75,7107.5,7191.1857,7200.5682,-9.3825,-1.0,-1.0,-5.25,5.25,-7107.5,11254.0
2013-10-09 00:00:00,MA_Crossover(35,44),7072.75,6966.5,7184.5357,7202.4261,-17.8904,-1.0,-1.0,-141.0,141.0,-6966.5,11395.0
2013-10-10 00:00:00,MA_Crossover(35,44),7122.5,7016.25,7181.6,7201.358,-19.758,-1.0,-1.0,49.75,-49.75,-7016.25,11345.25
2013-10-11 00:00:00,MA_Crossover(35,44),7177.25,7071.0,7177.9357,7199.5398,-21.6041,-1.0,-1.0,54.75,-54.75,-7071.0,11290.5
2013-10-14 00:00:00,MA_Crossover(35,44),7231.75,7125.5,7174.6786,7199.5284,-24.8498,-1.0,-1.0,54.5,-54.5,-7125.5,11236.0
2013-10-15 00:00:00,MA_Crossover(35,44),7227.75,7117.5,7172.6429,7198.892,-26.2492,-1.0,-1.0,-8.0,8.0,-7117.5,11244.0
2013-10-16 00:00:00,MA_Crossover(35,44),7248.0,7138.75,7171.8429,7197.7784,-25.9356,-1.0,-1.0,21.25,-21.25,-7138.75,11222.75
2013-10-17 00:00:00,MA_Crossover(35,44),7215.75,7107.25,7174.0429,7196.2386,-22.1958,-1.0,-1.0,-31.5,31.5,-7107.25,11254.25
2013-10-18 00:00:00,MA_Crossover(35,44),7232.0,7113.75,7178.2143,7193.0511,-14.8369,-1.0,-1.0,6.5,-6.5,-7113.75,11247.75
2013-10-21 00:00:00,MA_Crossover(35,44),7232.5,7114.25,7178.4857,7192.0852,-13.5995,-1.0,-1.0,0.5,-0.5,-7114.25,11247.25
2013-10-22 00:00:00,MA_Crossover(35,44),7322.5,7204.25,7181.2071,7192.4716,-11.2644,-1.0,-1.0,90.0,-90.0,-7204.25,11157.25
2013-10-23 00:00:00,MA_Crossover(35,44),7159.25,7041.0,7182.8286,7190.9716,-8.143,-1.0,-1.0,-163.25,163.25,-7041.0,11320.5
2013-10-24 00:00:00,MA_Crossover(35,44),7163.5,7045.25,7185.0857,7187.7443,-2.6586,-1.0,-1.0,4.25,-4.25,-7045.25,11316.25
2013-10-25 00:00:00,MA_Crossover(35,44),7181.75,7063.5,7186.4071,7184.017,2.3901,1.0,-1.0,18.25,-18.25,-7063.5,11298.0
2013-10-28 00:00:00,MA_Crossover(35,44),7185.5,7067.25,7186.9143,7181.4375,5.4768,1.0,1.0,3.75,3.75,7067.25,11301.75
2013-10-29 00:00:00,MA_Crossover(35,44),7202.0,7083.75,7188.6929,7179.7557,8.9372,1.0,1.0,16.5,16.5,7083.75,11318.25
2013-10-30 00:00:00,MA_Crossover(35,44),7288.5,7170.25,7192.95,7183.1591,9.7909,1.0,1.0,86.5,86.5,7170.25,11404.75
2013-10-31 00:00:00,MA_Crossover(35,44),7243.5,7125.25,7199.0643,7186.7386,12.3256,1.0,1.0,-45.0,-45.0,7125.25,11359.75
2013-11-01 00:00:00,MA_Crossover(35,44),7238.0,7119.75,7205.55,7187.0795,18.4705,1.0,1.0,-5.5,-5.5,7119.75,11354.25
2013-11-04 00:00:00,MA_Crossover(35,44),7136.5,7018.25,7207.8643,7185.017,22.8472,1.0,1.0,-101.5,-101.5,7018.25,11252.75
2013-11-05 00:00:00,MA_Crossover(35,44),7153.0,7034.75,7210.5214,7186.1648,24.3567,1.0,1.0,16.5,16.5,7034.75,11269.25
2013-11-06 00:00:00,MA_Crossover(35,44),7106.0,6987.75,7208.7143,7186.6534,22.0609,1.0,1.0,-47.0,-47.0,6987.75,11222.25
2013-11-07 00:00:00,MA_Crossover(35,44),7139.5,7021.25,7203.5429,7186.7443,16.7985,1.0,1.0,33.5,33.5,7021.25,11255.75
2013-11-08 00:00:00,MA_Crossover(35,44),7158.25,7040.0,7200.5286,7186.5284,14.0002,1.0,1.0,18.75,18.75,7040.0,11274.5
2013-11-11 00:00:00,MA_Crossover(35,44),7161.0,7042.75,7198.7714,7187.0114,11.7601,1.0,1.0,2.75,2.75,7042.75,11277.25
2013-11-12 00:00:00,MA_Crossover(35,44),7109.0,6990.75,7198.35,7186.3182,12.0318,1.0,1.0,-52.0,-52.0,6990.75,11225.25
2013-11-13 00:00:00,MA_Crossover(35,44),6971.5,6853.25,7192.5071,7185.0,7.5071,1.0,1.0,-137.5,-137.5,6853.25,11087.75
2013-11-14 00:00:00,MA_Crossover(35,44),6982.25,6864.0,7185.4214,7184.3466,1.0748,1.0,1.0,10.75,10.75,6864.0,11098.5
2013-11-15 00:00:00,MA_Crossover(35,44),6998.25,6880.0,7177.2571,7183.0455,-5.7883,-1.0,1.0,16.0,16.0,6880.0,11114.5
2013-11-18 00:00:00,MA_Crossover(35,44),6960.75,6842.5,7167.9571,7180.7898,-12.8326,-1.0,-1.0,-37.5,37.5,-6842.5,11152.0
2013-11-19 00:00:00,MA_Crossover(35,44),6967.5,6842.5,7162.0,7176.2045,-14.2045,-1.0,-1.0,0.0,-0.0,-6842.5,11152.0
2013-11-20 00:00:00,MA_Crossover(35,44),6997.25,6871.0,7154.6071,7168.858,-14.2508,-1.0,-1.0,28.5,-28.5,-6871.0,11123.5
2013-11-21 00:00:00,MA_Crossover(35,44),7028.0,6899.0,7150.8929,7163.5,-12.6071,-1.0,-1.0,28.0,-28.0,-6899.0,11095.5
2013-11-22 00:00:00,MA_Crossover(35,44),7101.0,6973.5,7147.0643,7160.7386,-13.6744,-1.0,-1.0,74.5,-74.5,-6973.5,11021.0
2013-11-25 00:00:00,MA_Crossover(35,44),7102.0,6974.5,7143.7214,7160.2443,-16.5229,-1.0,-1.0,1.0,-1.0,-6974.5,11020.0
2013-11-26 00:00:00,MA_Crossover(35,44),7066.0,6938.5,7139.5,7157.7443,-18.2443,-1.0,-1.0,-36.0,36.0,-6938.5,11056.0
2013-11-27 00:00:00,MA_Crossover(35,44),7018.0,6890.5,7137.9357,7152.9205,-14.9847,-1.0,-1.0,-48.0,48.0,-6890.5,11104.0
2013-11-28 00:00:00,MA_Crossover(35,44),7020.0,6892.5,7135.0071,7146.9205,-11.9133,-1.0,-1.0,2.0,-2.0,-6892.5,11102.0
2013-11-29 00:00:00,MA_Crossover(35,44),7059.75,6932.25,7131.65,7141.7727,-10.1227,-1.0,-1.0,39.75,-39.75,-6932.25,11062.25
2013-12-02 00:00:00,MA_Crossover(35,44),6975.0,6847.5,7124.3143,7137.2045,-12.8903,-1.0,-1.0,-84.75,84.75,-6847.5,11147.0
2013-12-03 00:00:00,MA_Crossover(35,44),6956.75,6829.25,7116.5714,7130.4034,-13.832,-1.0,-1.0,-18.25,18.25,-6829.25,11165.25
2013-12-04 00:00:00,MA_Crossover(35,44),7096.0,6968.5,7112.2286,7128.9943,-16.7657,-1.0,-1.0,139.25,-139.25,-6968.5,11026.0
2013-12-05 00:00:00,MA_Crossover(35,44),7068.75,6941.25,7108.0286,7125.2159,-17.1873,-1.0,-1.0,-27.25,27.25,-6941.25,11053.25
2013-12-06 00:00:00,MA_Crossover(35,44),7123.5,6996.0,7104.9286,7123.0455,-18.1169,-1.0,-1.0,54.75,-54.75,-6996.0,10998.5
2013-12-09 00:00:00,MA_Crossover(35,44),7139.25,7011.75,7102.2643,7121.3523,-19.088,-1.0,-1.0,15.75,-15.75,-7011.75,10982.75
2013-12-10 00:00:00,MA_Crossover(35,44),7166.0,7038.5,7097.7929,7123.4716,-25.6787,-1.0,-1.0,26.75,-26.75,-7038.5,10956.0
2013-12-11 00:00:00,MA_Crossover(35,44),7227.0,7099.5,7099.7286,7125.8466,-26.118,-1.0,-1.0,61.0,-61.0,-7099.5,10895.0
2013-12-12 00:00:00,MA_Crossover(35,44),7240.0,7112.5,7101.9143,7127.2727,-25.3584,-1.0,-1.0,13.0,-13.0,-7112.5,10882.0
2013-12-13 00:00:00,MA_Crossover(35,44),7276.5,7149.0,7104.6214,7128.2898,-23.6683,-1.0,-1.0,36.5,-36.5,-7149.0,10845.5
2013-12-16 00:00:00,MA_Crossover(35,44),7320.0,7192.5,7108.4643,7130.3864,-21.9221,-1.0,-1.0,43.5,-43.5,-7192.5,10802.0
2013-12-17 00:00:00,MA_Crossover(35,44),7287.0,7171.0,7110.8929,7131.2727,-20.3799,-1.0,-1.0,-21.5,21.5,-7171.0,10823.5
2013-12-18 00:00:00,MA_Crossover(35,44),7274.5,7161.0,7110.4929,7132.608,-22.1151,-1.0,-1.0,-10.0,10.0,-7161.0,10833.5
2013-12-19 00:00:00,MA_Crossover(35,44),7204.0,7092.0,7109.3643,7131.9716,-22.6073,-1.0,-1.0,-69.0,69.0,-7092.0,10902.5
2013-12-20 00:00:00,MA_Crossover(35,44),7245.5,7135.0,7109.5786,7132.267,-22.6885,-1.0,-1.0,43.0,-43.0,-7135.0,10859.5
2013-12-23 00:00:00,MA_Crossover(35,44),7252.0,7141.5,7112.8786,7130.6648,-17.7862,-1.0,-1.0,6.5,-6.5,-7141.5,10853.0
2013-12-24 00:00:00,MA_Crossover(35,44),7294.0,7183.5,7116.9071,7133.7273,-16.8201,-1.0,-1.0,42.0,-42.0,-7183.5,10811.0
2013-12-27 00:00:00,MA_Crossover(35,44),7391.75,7281.25,7125.0714,7138.9148,-13.8433,-1.0,-1.0,97.75,-97.75,-7281.25,10713.25
2013-12-30 00:00:00,MA_Crossover(35,44),7384.5,7274.0,7132.0714,7143.5227,-11.4513,-1.0,-1.0,-7.25,7.25,-7274.0,10720.5
2013-12-31 00:00:00,MA_Crossover(35,44),7372.75,7262.25,7138.2,7147.7784,-9.5784,-1.0,-1.0,-11.75,11.75,-7262.25,10732.25
2014-01-02 00:00:00,MA_Crossover(35,44),7403.5,7293.0,7145.1286,7152.358,-7.2294,-1.0,-1.0,30.75,-30.75,-7293.0,10701.5
2014-01-03 00:00:00,MA_Crossover(35,44),7327.5,7217.0,7151.3714,7153.2443,-1.8729,-1.0,-1.0,-76.0,76.0,-7217.0,10777.5
2014-01-06 00:00:00,MA_Crossover(35,44),7343.5,7233.0,7162.0,7155.517,6.483,1.0,-1.0,16.0,-16.0,-7233.0,10761.5
2014-01-07 00:00:00,MA_Crossover(35,44),7361.0,7250.5,7172.8214,7158.3125,14.5089,1.0,1.0,17.5,17.5,7250.5,10779.0
2014-01-08 00:00:00,MA_Crossover(35,44),7354.5,7244.0,7183.0,7163.267,19.733,1.0,1.0,-6.5,-6.5,7244.0,10772.5
2014-01-09 00:00:00,MA_Crossover(35,44),7235.25,7124.75,7190.8429,7165.1364,25.7065,1.0,1.0,-119.25,-119.25,7124.75,10653.25
2014-01-10 00:00:00,MA_Crossover(35,44),7327.75,7217.25,7201.1357,7170.1761,30.9596,1.0,1.0,92.5,92.5,7217.25,10745.75
2014-01-13 00:00:00,MA_Crossover(35,44),7365.0,7254.5,7211.6429,7175.3011,36.3417,1.0,1.0,37.25,37.25,7254.5,10783.0
2014-01-14 00:00:00,MA_Crossover(35,44),7291.75,7196.25,7219.1786,7178.3352,40.8433,1.0,1.0,-58.25,-58.25,7196.25,10724.75
2014-01-15 00:00:00,MA_Crossover(35,44),7369.5,7272.5,7226.85,7183.0739,43.7761,1.0,1.0,76.25,76.25,7272.5,10801.0
2014-01-16 00:00:00,MA_Crossover(35,44),7324.0,7227.5,7233.1929,7187.9602,45.2326,1.0,1.0,-45.0,-45.0,7227.5,10756.0
2014-01-17 00:00:00,MA_Crossover(35,44),7363.0,7273.5,7241.6786,7196.858,44.8206,1.0,1.0,46.0,46.0,7273.5,10802.0
2014-01-20 00:00:00,MA_Crossover(35,44),7339.0,7249.5,7250.85,7204.9659,45.8841,1.0,1.0,-24.0,-24.0,7249.5,10778.0
2014-01-21 00:00:00,MA_Crossover(35,44),7371.0,7281.5,7260.8786,7213.4375,47.4411,1.0,1.0,32.0,32.0,7281.5,10810.0
2014-01-22 00:00:00,MA_Crossover(35,44),7320.5,7231.0,7268.3286,7221.6136,46.7149,1.0,1.0,-50.5,-50.5,7231.0,10759.5
2014-01-23 00:00:00,MA_Crossover(35,44),7227.0,7137.5,7275.5286,7227.5114,48.0172,1.0,1.0,-93.5,-93.5,7137.5,10666.0
2014-01-24 00:00:00,MA_Crossover(35,44),7207.0,7117.5,7282.6786,7232.2784,50.4002,1.0,1.0,-20.0,-20.0,7117.5,10646.0
2014-01-27 00:00:00,MA_Crossover(35,44),7185.5,7096.0,7285.2357,7235.858,49.3778,1.0,1.0,-21.5,-21.5,7096.0,10624.5
2014-01-28 00:00:00,MA_Crossover(35,44),7178.5,7089.0,7288.3714,7237.6193,50.7521,1.0,1.0,-7.0,-7.0,7089.0,10617.5
2014-01-29 00:00:00,MA_Crossover(35,44),7159.0,7069.5,7289.3857,7238.9148,50.4709,1.0,1.0,-19.5,-19.5,7069.5,10598.0
2014-01-30 00:00:00,MA_Crossover(35,44),7139.0,7049.5,7289.3786,7240.5739,48.8047,1.0,1.0,-20.0,-20.0,7049.5,10578.0
2014-01-31 00:00:00,MA_Crossover(35,44),7103.0,7013.5,7287.5786,7242.5057,45.0729,1.0,1.0,-36.0,-36.0,7013.5,10542.0
2014-02-03 00:00:00,MA_Crossover(35,44),7081.5,6992.0,7283.4214,7243.9034,39.518,1.0,1.0,-21.5,-21.5,6992.0,10520.5
2014-02-04 00:00:00,MA_Crossover(35,44),7087.5,6998.0,7279.0643,7244.5341,34.5302,1.0,1.0,6.0,6.0,6998.0,10526.5
2014-02-05 00:00:00,MA_Crossover(35,44),7088.5,6999.0,7273.6929,7247.1136,26.5792,1.0,1.0,1.0,1.0,6999.0,10527.5
2014-02-06 00:00:00,MA_Crossover(35,44),7181.5,7092.0,7269.7357,7252.2216,17.5141,1.0,1.0,93.0,93.0,7092.0,10620.5
2014-02-07 00:00:00,MA_Crossover(35,44),7194.0,7104.5,7267.0786,7254.4489,12.6297,1.0,1.0,12.5,12.5,7104.5,10633.0
2014-02-10 00:00:00,MA_Crossover(35,44),7140.0,7050.5,7263.2357,7256.0682,7.1675,1.0,1.0,-54.0,-54.0,7050.5,10579.0
2014-02-11 00:00:00,MA_Crossover(35,44),7111.5,7022.0,7260.5929,7255.7955,4.7974,1.0,1.0,-28.5,-28.5,7022.0,10550.5
2014-02-12 00:00:00,MA_Crossover(35,44),7201.0,7111.5,7259.3214,7257.1989,2.1226,1.0,1.0,89.5,89.5,7111.5,10640.0
2014-02-13 00:00:00,MA_Crossover(35,44),7143.0,7053.5,7256.2071,7256.6761,-0.469,-1.0,1.0,-58.0,-58.0,7053.5,10582.0
2014-02-14 00:00:00,MA_Crossover(35,44),7181.0,7091.5,7252.9786,7255.6307,-2.6521,-1.0,-1.0,38.0,-38.0,-7091.5,10544.0
2014-02-17 00:00:00,MA_Crossover(35,44),7204.5,7115.0,7247.6286,7254.8239,-7.1953,-1.0,-1.0,23.5,-23.5,-7115.0,10520.5
2014-02-18 00:00:00,MA_Crossover(35,44),7224.0,7129.5,7243.0429,7253.6307,-10.5878,-1.0,-1.0,14.5,-14.5,-7129.5,10506.0
2014-02-19 00:00:00,MA_Crossover(35,44),7216.0,7117.5,7238.5643,7251.267,-12.7028,-1.0,-1.0,-12.0,12.0,-7117.5,10518.0
2014-02-20 00:00:00,MA_Crossover(35,44),7187.0,7090.5,7232.3786,7248.9943,-16.6157,-1.0,-1.0,-27.0,27.0,-7090.5,10545.0
2014-02-21 00:00:00,MA_Crossover(35,44),7195.0,7115.5,7228.5929,7247.1875,-18.5946,-1.0,-1.0,25.0,-25.0,-7115.5,10520.0
2014-02-24 00:00:00,MA_Crossover(35,44),7114.0,7034.5,7222.0357,7245.142,-23.1063,-1.0,-1.0,-81.0,81.0,-7034.5,10601.0
2014-02-25 00:00:00,MA_Crossover(35,44),7106.0,7026.5,7214.75,7241.9716,-27.2216,-1.0,-1.0,-8.0,8.0,-7026.5,10609.0
2014-02-26 00:00:00,MA_Crossover(35,44),7076.5,6997.0,7206.8071,7237.983,-31.1758,-1.0,-1.0,-29.5,29.5,-6997.0,10638.5
2014-02-27 00:00:00,MA_Crossover(35,44),7068.0,6988.5,7202.0286,7232.8466,-30.818,-1.0,-1.0,-8.5,8.5,-6988.5,10647.0
2014-02-28 00:00:00,MA_Crossover(35,44),7059.0,6979.5,7194.35,7225.2841,-30.9341,-1.0,-1.0,-9.0,9.0,-6979.5,10656.0
2014-03-03 00:00:00,MA_Crossover(35,44),7005.0,6925.5,7184.0643,7216.6591,-32.5948,-1.0,-1.0,-54.0,54.0,-6925.5,10710.0
2014-03-04 00:00:00,MA_Crossover(35,44),7087.5,7008.0,7178.2286,7210.1761,-31.9476,-1.0,-1.0,82.5,-82.5,-7008.0,10627.5
2014-03-05 00:00:00,MA_Crossover(35,44),7064.5,6985.0,7169.5143,7202.4716,-32.9573,-1.0,-1.0,-23.0,23.0,-6985.0,10650.5
2014-03-06 00:00:00,MA_Crossover(35,44),7070.0,6990.5,7162.2571,7196.6193,-34.3622,-1.0,-1.0,5.5,-5.5,-6990.5,10645.0
2014-03-07 00:00:00,MA_Crossover(35,44),6808.0,6728.5,7146.4,7184.4489,-38.0489,-1.0,-1.0,-262.0,262.0,-6728.5,10907.0
2014-03-10 00:00:00,MA_Crossover(35,44),6664.0,6584.5,7127.1143,7168.608,-41.4937,-1.0,-1.0,-144.0,144.0,-6584.5,11051.0
2014-03-11 00:00:00,MA_Crossover(35,44),6492.5,6413.0,7102.0143,7149.017,-47.0028,-1.0,-1.0,-171.5,171.5,-6413.0,11222.5
2014-03-12 00:00:00,MA_Crossover(35,44),6527.75,6448.25,7079.3643,7132.9375,-53.5732,-1.0,-1.0,35.25,-35.25,-6448.25,11187.25
2014-03-13 00:00:00,MA_Crossover(35,44),6434.0,6354.5,7056.7071,7112.625,-55.9179,-1.0,-1.0,-93.75,93.75,-6354.5,11281.0
2014-03-14 00:00:00,MA_Crossover(35,44),6488.0,6408.5,7036.1643,7092.6932,-56.5289,-1.0,-1.0,54.0,-54.0,-6408.5,11227.0
2014-03-17 00:00:00,MA_Crossover(35,44),6500.5,6421.0,7016.5929,7074.7102,-58.1174,-1.0,-1.0,12.5,-12.5,-6421.0,11214.5
2014-03-18 00:00:00,MA_Crossover(35,44),6497.5,6415.5,6997.1357,7054.892,-57.7563,-1.0,-1.0,-5.5,5.5,-6415.5,11220.0
2014-03-19 00:00:00,MA_Crossover(35,44),6569.5,6488.0,6980.2929,7037.7443,-57.4515,-1.0,-1.0,72.5,-72.5,-6488.0,11147.5
2014-03-20 00:00:00,MA_Crossover(35,44),6443.5,6364.0,6960.4214,7016.8466,-56.4252,-1.0,-1.0,-124.0,124.0,-6364.0,11271.5
2014-03-21 00:00:00,MA_Crossover(35,44),6492.5,6417.0,6942.9786,6997.608,-54.6294,-1.0,-1.0,53.0,-53.0,-6417.0,11218.5
2014-03-24 00:00:00,MA_Crossover(35,44),6480.5,6405.0,6925.8071,6977.3693,-51.5622,-1.0,-1.0,-12.0,12.0,-6405.0,11230.5
2014-03-25 00:00:00,MA_Crossover(35,44),6610.5,6535.0,6912.1786,6961.233,-49.0544,-1.0,-1.0,130.0,-130.0,-6535.0,11100.5
2014-03-26 00:00:00,MA_Crossover(35,44),6515.75,6440.25,6895.8143,6945.0682,-49.2539,-1.0,-1.0,-94.75,94.75,-6440.25,11195.25
2014-03-27 00:00:00,MA_Crossover(35,44),6574.5,6499.0,6878.4714,6930.6932,-52.2218,-1.0,-1.0,58.75,-58.75,-6499.0,11136.5
2014-03-28 00:00:00,MA_Crossover(35,44),6686.0,6610.5,6863.9571,6919.3409,-55.3838,-1.0,-1.0,111.5,-111.5,-6610.5,11025.0
2014-03-31 00:00:00,MA_Crossover(35,44),6652.0,6576.5,6850.0143,6907.375,-57.3607,-1.0,-1.0,-34.0,34.0,-6576.5,11059.0
2014-04-01 00:00:00,MA_Crossover(35,44),6667.5,6592.0,6837.3286,6896.2045,-58.876,-1.0,-1.0,15.5,-15.5,-6592.0,11043.5
2014-04-02 00:00:00,MA_Crossover(35,44),6679.0,6603.5,6822.4143,6885.75,-63.3357,-1.0,-1.0,11.5,-11.5,-6603.5,11032.0
2014-04-03 00:00:00,MA_Crossover(35,44),6646.0,6570.5,6808.2143,6875.3636,-67.1494,-1.0,-1.0,-33.0,33.0,-6570.5,11065.0
2014-04-04 00:00:00,MA_Crossover(35,44),6622.0,6546.5,6792.2429,6864.9205,-72.6776,-1.0,-1.0,-24.0,24.0,-6546.5,11089.0
2014-04-07 00:00:00,MA_Crossover(35,44),6672.5,6597.0,6777.0429,6855.4886,-78.4458,-1.0,-1.0,50.5,-50.5,-6597.0,11038.5
2014-04-08 00:00:00,MA_Crossover(35,44),6672.0,6596.5,6761.2714,6846.0227,-84.7513,-1.0,-1.0,-0.5,0.5,-6596.5,11039.0
2014-04-09 00:00:00,MA_Crossover(35,44),6623.5,6548.0,6744.3429,6833.3409,-88.9981,-1.0,-1.0,-48.5,48.5,-6548.0,11087.5
2014-04-10 00:00:00,MA_Crossover(35,44),6657.75,6582.25,6729.2214,6821.1534,-91.932,-1.0,-1.0,34.25,-34.25,-6582.25,11053.25
2014-04-11 00:00:00,MA_Crossover(35,44),6664.25,6588.75,6714.0571,6810.3409,-96.2838,-1.0,-1.0,6.5,-6.5,-6588.75,11046.75
2014-04-14 00:00:00,MA_Crossover(35,44),6661.75,6586.25,6701.1357,6800.1193,-98.9836,-1.0,-1.0,-2.5,2.5,-6586.25,11049.25
2014-04-15 00:00:00,MA_Crossover(35,44),6545.0,6463.25,6685.1071,6785.2102,-100.1031,-1.0,-1.0,-123.0,123.0,-6463.25,11172.25
2014-04-16 00:00:00,MA_Crossover(35,44),6627.5,6544.25,6672.2786,6773.4943,-101.2157,-1.0,-1.0,81.0,-81.0,-6544.25,11091.25
2014-04-17 00:00:00,MA_Crossover(35,44),6661.5,6577.25,6660.6643,6761.6875,-101.0232,-1.0,-1.0,33.0,-33.0,-6577.25,11058.25
2014-04-22 00:00:00,MA_Crossover(35,44),6684.0,6602.25,6649.95,6749.858,-99.908,-1.0,-1.0,25.0,-25.0,-6602.25,11033.25
2014-04-23 00:00:00,MA_Crossover(35,44),6686.5,6604.75,6640.85,6737.642,-96.792,-1.0,-1.0,2.5,-2.5,-6604.75,11030.75
2014-04-24 00:00:00,MA_Crossover(35,44),6774.0,6692.25,6631.8929,6727.5966,-95.7037,-1.0,-1.0,87.5,-87.5,-6692.25,10943.25
2014-04-25 00:00:00,MA_Crossover(35,44),6785.0,6703.25,6623.9071,6718.4602,-94.5531,-1.0,-1.0,11.0,-11.0,-6703.25,10932.25
2014-04-28 00:00:00,MA_Crossover(35,44),6767.5,6685.75,6615.2643,6708.7443,-93.48,-1.0,-1.0,-17.5,17.5,-6685.75,10949.75
2014-04-29 00:00:00,MA_Crossover(35,44),6734.0,6652.25,6613.15,6700.108,-86.958,-1.0,-1.0,-33.5,33.5,-6652.25,10983.25
2014-04-30 00:00:00,MA_Crossover(35,44),6662.5,6580.75,6613.1071,6690.0284,-76.9213,-1.0,-1.0,-71.5,71.5,-6580.75,11054.75
2014-05-01 00:00:00,MA_Crossover(35,44),6672.0,6590.25,6618.2357,6680.8352,-62.5995,-1.0,-1.0,9.5,-9.5,-6590.25,11045.25
2014-05-02 00:00:00,MA_Crossover(35,44),6753.5,6671.75,6624.6857,6673.6875,-49.0018,-1.0,-1.0,81.5,-81.5,-6671.75,10963.75
2014-05-06 00:00:00,MA_Crossover(35,44),6756.0,6674.25,6633.8857,6666.8011,-32.9154,-1.0,-1.0,2.5,-2.5,-6674.25,10961.25
2014-05-07 00:00:00,MA_Crossover(35,44),6688.5,6606.75,6639.6143,6659.608,-19.9937,-1.0,-1.0,-67.5,67.5,-6606.75,11028.75
2014-05-08 00:00:00,MA_Crossover(35,44),6772.0,6690.25,6647.3714,6652.4375,-5.0661,-1.0,-1.0,83.5,-83.5,-6690.25,10945.25
2014-05-09 00:00:00,MA_Crossover(35,44),6797.0,6715.25,6655.9286,6646.358,9.5706,1.0,-1.0,25.0,-25.0,-6715.25,10920.25
2014-05-12 00:00:00,MA_Crossover(35,44),6924.0,6842.25,6666.0571,6643.0398,23.0174,1.0,1.0,127.0,127.0,6842.25,11047.25
2014-05-13 00:00:00,MA_Crossover(35,44),6888.0,6806.25,6678.7571,6644.858,33.8992,1.0,1.0,-36.0,-36.0,6806.25,11011.25
2014-05-14 00:00:00,MA_Crossover(35,44),6975.0,6893.25,6692.5429,6651.9261,40.6167,1.0,1.0,87.0,87.0,6893.25,11098.25
2014-05-15 00:00:00,MA_Crossover(35,44),6938.0,6856.25,6705.6143,6662.0511,43.5631,1.0,1.0,-37.0,-37.0,6856.25,11061.25
2014-05-16 00:00:00,MA_Crossover(35,44),6922.0,6840.25,6714.5143,6671.0114,43.5029,1.0,1.0,-16.0,-16.0,6840.25,11045.25
2014-05-19 00:00:00,MA_Crossover(35,44),6983.0,6901.25,6727.8643,6683.4886,44.3756,1.0,1.0,61.0,61.0,6901.25,11106.25
2014-05-20 00:00:00,MA_Crossover(35,44),6920.0,6839.25,6737.7357,6693.3068,44.4289,1.0,1.0,-62.0,-62.0,6839.25,11044.25
2014-05-21 00:00:00,MA_Crossover(35,44),6870.0,6787.25,6742.9929,6701.7045,41.2883,1.0,1.0,-52.0,-52.0,6787.25,10992.25
2014-05-22 00:00:00,MA_Crossover(35,44),6924.0,6835.25,6750.7643,6711.3977,39.3666,1.0,1.0,48.0,48.0,6835.25,11040.25
2014-05-23 00:00:00,MA_Crossover(35,44),6981.0,6919.25,6759.7214,6720.75,38.9714,1.0,1.0,84.0,84.0,6919.25,11124.25
2014-05-27 00:00:00,MA_Crossover(35,44),6988.5,6926.75,6768.5643,6733.1364,35.4279,1.0,1.0,7.5,7.5,6926.75,11131.75
2014-05-28 00:00:00,MA_Crossover(35,44),7013.0,6951.25,6779.05,6744.9659,34.0841,1.0,1.0,24.5,24.5,6951.25,11156.25
2014-05-29 00:00:00,MA_Crossover(35,44),6946.0,6884.25,6788.3071,6755.5455,32.7617,1.0,1.0,-67.0,-67.0,6884.25,11089.25
2014-05-30 00:00:00,MA_Crossover(35,44),6892.0,6830.25,6794.5786,6761.9432,32.6354,1.0,1.0,-54.0,-54.0,6830.25,11035.25
2014-06-02 00:00:00,MA_Crossover(35,44),6974.5,6912.75,6803.2214,6772.3693,30.8521,1.0,1.0,82.5,82.5,6912.75,11117.75
2014-06-03 00:00:00,MA_Crossover(35,44),6902.5,6840.75,6811.1929,6779.8239,31.369,1.0,1.0,-72.0,-72.0,6840.75,11045.75
2014-06-04 00:00:00,MA_Crossover(35,44),6809.0,6747.25,6815.5143,6782.6193,32.895,1.0,1.0,-93.5,-93.5,6747.25,10952.25
2014-06-05 00:00:00,MA_Crossover(35,44),6789.0,6727.25,6819.0786,6785.733,33.3456,1.0,1.0,-20.0,-20.0,6727.25,10932.25
2014-06-06 00:00:00,MA_Crossover(35,44),6691.0,6629.25,6819.9143,6786.267,33.6472,1.0,1.0,-98.0,-98.0,6629.25,10834.25
2014-06-09 00:00:00,MA_Crossover(35,44),6684.5,6622.75,6823.9,6786.392,37.508,1.0,1.0,-6.5,-6.5,6622.75,10827.75
2014-06-10 00:00:00,MA_Crossover(35,44),6696.0,6634.25,6825.8571,6787.5284,38.3287,1.0,1.0,11.5,11.5,6634.25,10839.25
2014-06-11 00:00:00,MA_Crossover(35,44),6725.0,6663.25,6827.6714,6789.8693,37.8021,1.0,1.0,29.0,29.0,6663.25,10868.25
2014-06-12 00:00:00,MA_Crossover(35,44),6634.5,6572.75,6826.2571,6789.0057,37.2515,1.0,1.0,-90.5,-90.5,6572.75,10777.75
2014-06-13 00:00:00,MA_Crossover(35,44),6673.5,6611.75,6825.8857,6789.0398,36.8459,1.0,1.0,39.0,39.0,6611.75,10816.75
2014-06-16 00:00:00,MA_Crossover(35,44),6718.5,6656.75,6824.3,6791.1989,33.1011,1.0,1.0,45.0,45.0,6656.75,10861.75
2014-06-17 00:00:00,MA_Crossover(35,44),6712.5,6666.75,6822.2286,6792.4432,29.7854,1.0,1.0,10.0,10.0,6666.75,10871.75
2014-06-18 00:00:00,MA_Crossover(35,44),6713.5,6670.75,6820.6857,6793.5625,27.1232,1.0,1.0,4.0,4.0,6670.75,10875.75
2014-06-19 00:00:00,MA_Crossover(35,44),6733.5,6688.25,6820.6714,6795.1932,25.4782,1.0,1.0,17.5,17.5,6688.25,10893.25
2014-06-20 00:00:00,MA_Crossover(35,44),6836.5,6794.75,6825.6429,6801.8182,23.8247,1.0,1.0,106.5,106.5,6794.75,10999.75
2014-06-23 00:00:00,MA_Crossover(35,44),6901.0,6859.25,6832.1857,6808.0341,24.1516,1.0,1.0,64.5,64.5,6859.25,11064.25
2014-06-24 00:00:00,MA_Crossover(35,44),6903.5,6861.75,6836.4714,6813.5341,22.9373,1.0,1.0,2.5,2.5,6861.75,11066.75
2014-06-25 00:00:00,MA_Crossover(35,44),6929.0,6887.25,6841.4143,6819.1023,22.312,1.0,1.0,25.5,25.5,6887.25,11092.25
2014-06-26 00:00:00,MA_Crossover(35,44),6973.5,6931.75,6849.5571,6825.625,23.9321,1.0,1.0,44.5,44.5,6931.75,11136.75
2014-06-27 00:00:00,MA_Crossover(35,44),6966.0,6924.25,6855.1,6829.9886,25.1114,1.0,1.0,-7.5,-7.5,6924.25,11129.25
2014-06-30 00:00:00,MA_Crossover(35,44),7036.0,6994.25,6861.9286,6835.6932,26.2354,1.0,1.0,70.0,70.0,6994.25,11199.25
2014-07-01 00:00:00,MA_Crossover(35,44),7038.5,6996.75,6865.2,6841.8523,23.3477,1.0,1.0,2.5,2.5,6996.75,11201.75
2014-07-02 00:00:00,MA_Crossover(35,44),7139.5,7097.75,6872.3857,6851.0682,21.3175,1.0,1.0,101.0,101.0,7097.75,11302.75
2014-07-03 00:00:00,MA_Crossover(35,44),7189.0,7147.25,6878.5,6863.0341,15.4659,1.0,1.0,49.5,49.5,7147.25,11352.25
2014-07-04 00:00:00,MA_Crossover(35,44),7164.0,7122.25,6884.9571,6874.2159,10.7412,1.0,1.0,-25.0,-25.0,7122.25,11327.25
2014-07-07 00:00:00,MA_Crossover(35,44),7128.0,7086.25,6890.8429,6882.7273,8.1156,1.0,1.0,-36.0,-36.0,7086.25,11291.25
2014-07-08 00:00:00,MA_Crossover(35,44),7136.0,7094.25,6895.2143,6891.3636,3.8506,1.0,1.0,8.0,8.0,7094.25,11299.25
2014-07-09 00:00:00,MA_Crossover(35,44),7141.0,7099.25,6901.5286,6901.6477,-0.1192,-1.0,1.0,5.0,5.0,7099.25,11304.25
2014-07-10 00:00:00,MA_Crossover(35,44),7177.5,7135.75,6910.3143,6910.8636,-0.5494,-1.0,-1.0,36.5,-36.5,-7135.75,11267.75
2014-07-11 00:00:00,MA_Crossover(35,44),7173.5,7131.75,6917.4429,6919.4205,-1.9776,-1.0,-1.0,-4.0,4.0,-7131.75,11271.75
2014-07-14 00:00:00,MA_Crossover(35,44),7121.5,7079.75,6921.4571,6923.9091,-2.4519,-1.0,-1.0,-52.0,52.0,-7079.75,11323.75
2014-07-15 00:00:00,MA_Crossover(35,44),7132.5,7088.25,6925.5714,6929.4659,-3.8945,-1.0,-1.0,8.5,-8.5,-7088.25,11315.25
2014-07-16 00:00:00,MA_Crossover(35,44),7077.25,7034.0,6927.4071,6931.7898,-4.3826,-1.0,-1.0,-54.25,54.25,-7034.0,11369.5
2014-07-17 00:00:00,MA_Crossover(35,44),7067.5,7023.75,6930.8786,6934.733,-3.8544,-1.0,-1.0,-10.25,10.25,-7023.75,11379.75
2014-07-18 00:00:00,MA_Crossover(35,44),6987.5,6941.75,6933.6071,6936.2216,-2.6144,-1.0,-1.0,-82.0,82.0,-6941.75,11461.75
2014-07-21 00:00:00,MA_Crossover(35,44),7029.25,6983.5,6935.1714,6937.2727,-2.1013,-1.0,-1.0,41.75,-41.75,-6983.5,11420.0
2014-07-22 00:00:00,MA_Crossover(35,44),7038.0,6992.25,6939.0429,6939.9545,-0.9117,-1.0,-1.0,8.75,-8.75,-6992.25,11411.25
2014-07-23 00:00:00,MA_Crossover(35,44),7040.75,6995.0,6945.6643,6943.8352,1.8291,1.0,-1.0,2.75,-2.75,-6995.0,11408.5
2014-07-24 00:00:00,MA_Crossover(35,44),7172.5,7126.75,6956.6214,6949.483,7.1385,1.0,1.0,131.75,131.75,7126.75,11540.25
2014-07-25 00:00:00,MA_Crossover(35,44),7130.0,7084.25,6969.1643,6952.8693,16.295,1.0,1.0,-42.5,-42.5,7084.25,11497.75
2014-07-28 00:00:00,MA_Crossover(35,44),7125.25,7079.5,6981.7571,6955.9773,25.7799,1.0,1.0,-4.75,-4.75,7079.5,11493.0
2014-07-29 00:00:00,MA_Crossover(35,44),7090.5,7044.75,6993.0286,6957.7386,35.2899,1.0,1.0,-34.75,-34.75,7044.75,11458.25
2014-07-30 00:00:00,MA_Crossover(35,44),7141.25,7095.5,7004.9214,6962.1761,42.7453,1.0,1.0,50.75,50.75,7095.5,11509.0
2014-07-31 00:00:00,MA_Crossover(35,44),7123.5,7077.75,7018.8929,6967.4375,51.4554,1.0,1.0,-17.75,-17.75,7077.75,11491.25
2014-08-01 00:00:00,MA_Crossover(35,44),7078.5,7032.75,7030.4643,6969.8011,60.6631,1.0,1.0,-45.0,-45.0,7032.75,11446.25
2014-08-04 00:00:00,MA_Crossover(35,44),7130.5,7084.75,7042.2357,6974.983,67.2528,1.0,1.0,52.0,52.0,7084.75,11498.25
2014-08-05 00:00:00,MA_Crossover(35,44),7059.5,7013.75,7052.15,6980.6761,71.4739,1.0,1.0,-71.0,-71.0,7013.75,11427.25
2014-08-06 00:00:00,MA_Crossover(35,44),6977.25,6931.5,7059.6857,6984.9545,74.7312,1.0,1.0,-82.25,-82.25,6931.5,11345.0
2014-08-07 00:00:00,MA_Crossover(35,44),7009.0,6963.25,7067.5571,6992.1818,75.3753,1.0,1.0,31.75,31.75,6963.25,11376.75
2014-08-08 00:00:00,MA_Crossover(35,44),7004.75,6959.0,7072.3643,6999.4602,72.9041,1.0,1.0,-4.25,-4.25,6959.0,11372.5
2014-08-11 00:00:00,MA_Crossover(35,44),7004.0,6958.25,7075.3071,7006.4602,68.8469,1.0,1.0,-0.75,-0.75,6958.25,11371.75
2014-08-12 00:00:00,MA_Crossover(35,44),6975.75,6930.0,7077.3714,7012.1591,65.2123,1.0,1.0,-28.25,-28.25,6930.0,11343.5
2014-08-13 00:00:00,MA_Crossover(35,44),6892.5,6846.75,7076.3286,7018.0227,58.3058,1.0,1.0,-83.25,-83.25,6846.75,11260.25
2014-08-14 00:00:00,MA_Crossover(35,44),6834.0,6788.25,7072.3429,7021.6705,50.6724,1.0,1.0,-58.5,-58.5,6788.25,11201.75
2014-08-15 00:00:00,MA_Crossover(35,44),6887.0,6841.25,7070.0857,7025.5,44.5857,1.0,1.0,53.0,53.0,6841.25,11254.75
2014-08-18 00:00:00,MA_Crossover(35,44),6943.0,6897.25,7067.4286,7030.7386,36.6899,1.0,1.0,56.0,56.0,6897.25,11310.75
2014-08-19 00:00:00,MA_Crossover(35,44),6882.5,6847.75,7062.9714,7034.5795,28.3919,1.0,1.0,-49.5,-49.5,6847.75,11261.25
2014-08-20 00:00:00,MA_Crossover(35,44),7025.5,6991.75,7059.7143,7041.2159,18.4984,1.0,1.0,144.0,144.0,6991.75,11405.25
2014-08-21 00:00:00,MA_Crossover(35,44),7027.0,6995.25,7055.0857,7045.5455,9.5403,1.0,1.0,3.5,3.5,6995.25,11408.75
2014-08-22 00:00:00,MA_Crossover(35,44),7086.0,7061.25,7052.8571,7049.75,3.1071,1.0,1.0,66.0,66.0,7061.25,11474.75
2014-08-26 00:00:00,MA_Crossover(35,44),7062.5,7037.75,7050.9857,7053.3636,-2.3779,-1.0,1.0,-23.5,-23.5,7037.75,11451.25
2014-08-27 00:00:00,MA_Crossover(35,44),7041.0,7016.25,7048.2714,7055.9091,-7.6377,-1.0,-1.0,-21.5,21.5,-7016.25,11472.75
2014-08-28 00:00:00,MA_Crossover(35,44),6947.0,6922.25,7042.7286,7055.3068,-12.5782,-1.0,-1.0,-94.0,94.0,-6922.25,11566.75
2014-08-29 00:00:00,MA_Crossover(35,44),6996.5,6971.75,7037.5571,7056.0,-18.4429,-1.0,-1.0,49.5,-49.5,-6971.75,11517.25
2014-09-01 00:00:00,MA_Crossover(35,44),6961.0,6936.25,7031.4857,7054.2955,-22.8097,-1.0,-1.0,-35.5,35.5,-6936.25,11552.75
2014-09-02 00:00:00,MA_Crossover(35,44),6983.0,6958.25,7027.5286,7053.0341,-25.5055,-1.0,-1.0,22.0,-22.0,-6958.25,11530.75
2014-09-03 00:00:00,MA_Crossover(35,44),6924.0,6899.25,7021.5714,7048.1364,-26.5649,-1.0,-1.0,-59.0,59.0,-6899.25,11589.75
2014-09-04 00:00:00,MA_Crossover(35,44),6949.5,6924.75,7017.9214,7042.6932,-24.7718,-1.0,-1.0,25.5,-25.5,-6924.75,11564.25
2014-09-05 00:00:00,MA_Crossover(35,44),6993.0,6968.25,7015.7929,7038.8068,-23.014,-1.0,-1.0,43.5,-43.5,-6968.25,11520.75
2014-09-08 00:00:00,MA_Crossover(35,44),7003.0,6978.25,7016.2357,7035.9659,-19.7302,-1.0,-1.0,10.0,-10.0,-6978.25,11510.75
2014-09-09 00:00:00,MA_Crossover(35,44),6859.5,6834.75,7011.3857,7029.6818,-18.2961,-1.0,-1.0,-143.5,143.5,-6834.75,11654.25
2014-09-10 00:00:00,MA_Crossover(35,44),6892.75,6868.0,7007.2357,7024.0398,-16.8041,-1.0,-1.0,33.25,-33.25,-6868.0,11621.0
2014-09-11 00:00:00,MA_Crossover(35,44),6859.0,6834.25,7002.0429,7016.8011,-14.7583,-1.0,-1.0,-33.75,33.75,-6834.25,11654.75
2014-09-12 00:00:00,MA_Crossover(35,44),6864.5,6839.75,6993.2429,7009.7784,-16.5356,-1.0,-1.0,5.5,-5.5,-6839.75,11649.25
2014-09-15 00:00:00,MA_Crossover(35,44),6867.0,6842.25,6985.7286,7003.9943,-18.2657,-1.0,-1.0,2.5,-2.5,-6842.25,11646.75
2014-09-16 00:00:00,MA_Crossover(35,44),6922.25,6911.5,6979.9286,6999.2159,-19.2873,-1.0,-1.0,69.25,-69.25,-6911.5,11577.5
2014-09-17 00:00:00,MA_Crossover(35,44),6949.5,6940.75,6975.9,6996.3125,-20.4125,-1.0,-1.0,29.25,-29.25,-6940.75,11548.25
2014-09-18 00:00:00,MA_Crossover(35,44),6864.75,6855.25,6968.0,6991.7045,-23.7045,-1.0,-1.0,-85.5,85.5,-6855.25,11633.75
2014-09-19 00:00:00,MA_Crossover(35,44),6862.25,6862.5,6960.5357,6988.858,-28.3222,-1.0,-1.0,7.25,-7.25,-6862.5,11626.5
2014-09-22 00:00:00,MA_Crossover(35,44),6756.5,6756.75,6951.3357,6982.6591,-31.3234,-1.0,-1.0,-105.75,105.75,-6756.75,11732.25
2014-09-23 00:00:00,MA_Crossover(35,44),6752.0,6752.25,6940.5214,6976.1591,-35.6377,-1.0,-1.0,-4.5,4.5,-6752.25,11736.75
2014-09-24 00:00:00,MA_Crossover(35,44),6770.5,6770.75,6932.2643,6970.017,-37.7528,-1.0,-1.0,18.5,-18.5,-6770.75,11718.25
2014-09-25 00:00:00,MA_Crossover(35,44),6728.0,6728.25,6925.1429,6959.9148,-34.7719,-1.0,-1.0,-42.5,42.5,-6728.25,11760.75
2014-09-26 00:00:00,MA_Crossover(35,44),6755.5,6755.75,6917.9,6951.4034,-33.5034,-1.0,-1.0,27.5,-27.5,-6755.75,11733.25
2014-09-29 00:00:00,MA_Crossover(35,44),6777.5,6777.75,6911.4071,6943.5,-32.0929,-1.0,-1.0,22.0,-22.0,-6777.75,11711.25
2014-09-30 00:00:00,MA_Crossover(35,44),6710.0,6710.25,6903.0071,6934.8523,-31.8451,-1.0,-1.0,-67.5,67.5,-6710.25,11778.75
2014-10-01 00:00:00,MA_Crossover(35,44),6722.75,6723.0,6895.7786,6925.3409,-29.5623,-1.0,-1.0,12.75,-12.75,-6723.0,11766.0
2014-10-02 00:00:00,MA_Crossover(35,44),6643.0,6643.25,6888.65,6914.4205,-25.7705,-1.0,-1.0,-79.75,79.75,-6643.25,11845.75
2014-10-03 00:00:00,MA_Crossover(35,44),6679.0,6679.25,6884.2214,6905.3409,-21.1195,-1.0,-1.0,36.0,-36.0,-6679.25,11809.75
2014-10-06 00:00:00,MA_Crossover(35,44),6746.0,6746.25,6880.1929,6896.6023,-16.4094,-1.0,-1.0,67.0,-67.0,-6746.25,11742.75
2014-10-07 00:00:00,MA_Crossover(35,44),6706.75,6707.0,6873.4429,6888.5852,-15.1424,-1.0,-1.0,-39.25,39.25,-6707.0,11782.0
2014-10-08 00:00:00,MA_Crossover(35,44),6685.0,6685.25,6867.8,6881.9432,-14.1432,-1.0,-1.0,-21.75,21.75,-6685.25,11803.75
2014-10-09 00:00:00,MA_Crossover(35,44),6774.5,6774.75,6860.6286,6876.6136,-15.9851,-1.0,-1.0,89.5,-89.5,-6774.75,11714.25
2014-10-10 00:00:00,MA_Crossover(35,44),6699.5,6699.75,6851.2714,6869.6761,-18.4047,-1.0,-1.0,-75.0,75.0,-6699.75,11789.25
2014-10-13 00:00:00,MA_Crossover(35,44),6784.0,6784.25,6842.6429,6864.6761,-22.0333,-1.0,-1.0,84.5,-84.5,-6784.25,11704.75
2014-10-14 00:00:00,MA_Crossover(35,44),6827.0,6854.25,6835.9143,6861.2955,-25.3812,-1.0,-1.0,70.0,-70.0,-6854.25,11634.75
2014-10-15 00:00:00,MA_Crossover(35,44),6669.0,6694.75,6825.2857,6856.2159,-30.9302,-1.0,-1.0,-159.5,159.5,-6694.75,11794.25
2014-10-16 00:00:00,MA_Crossover(35,44),6587.0,6608.25,6815.0,6850.6023,-35.6023,-1.0,-1.0,-86.5,86.5,-6608.25,11880.75
2014-10-17 00:00:00,MA_Crossover(35,44),6675.0,6716.25,6805.8143,6845.7841,-39.9698,-1.0,-1.0,108.0,-108.0,-6716.25,11772.75
2014-10-20 00:00:00,MA_Crossover(35,44),6595.0,6636.25,6795.3571,6837.875,-42.5179,-1.0,-1.0,-80.0,80.0,-6636.25,11852.75
2014-10-21 00:00:00,MA_Crossover(35,44),6703.75,6745.0,6787.3786,6833.8125,-46.4339,-1.0,-1.0,108.75,-108.75,-6745.0,11744.0
2014-10-22 00:00:00,MA_Crossover(35,44),6674.0,6715.25,6780.2357,6825.8239,-45.5881,-1.0,-1.0,-29.75,29.75,-6715.25,11773.75
2014-10-23 00:00:00,MA_Crossover(35,44),6738.0,6779.25,6774.1929,6819.2557,-45.0628,-1.0,-1.0,64.0,-64.0,-6779.25,11709.75
2014-10-24 00:00:00,MA_Crossover(35,44),6744.0,6785.25,6767.0786,6811.483,-44.4044,-1.0,-1.0,6.0,-6.0,-6785.25,11703.75
2014-10-27 00:00:00,MA_Crossover(35,44),6782.0,6823.25,6760.7643,6805.108,-44.3437,-1.0,-1.0,38.0,-38.0,-6823.25,11665.75
2014-10-28 00:00:00,MA_Crossover(35,44),6855.5,6896.75,6760.65,6800.892,-40.242,-1.0,-1.0,73.5,-73.5,-6896.75,11592.25
2014-10-29 00:00:00,MA_Crossover(35,44),6876.5,6917.75,6760.1857,6799.2898,-39.1041,-1.0,-1.0,21.0,-21.0,-6917.75,11571.25
2014-10-30 00:00:00,MA_Crossover(35,44),6797.0,6838.25,6758.4143,6794.7557,-36.3414,-1.0,-1.0,-79.5,79.5,-6838.25,11650.75
2014-10-31 00:00:00,MA_Crossover(35,44),6752.0,6793.25,6755.2,6790.0057,-34.8057,-1.0,-1.0,-45.0,45.0,-6793.25,11695.75
2014-11-03 00:00:00,MA_Crossover(35,44),6770.0,6811.25,6752.4286,6785.1648,-32.7362,-1.0,-1.0,18.0,-18.0,-6811.25,11677.75
2014-11-04 00:00:00,MA_Crossover(35,44),6703.0,6744.25,6746.1643,6780.142,-33.9778,-1.0,-1.0,-67.0,67.0,-6744.25,11744.75
2014-11-05 00:00:00,MA_Crossover(35,44),6706.5,6747.75,6739.2214,6774.6193,-35.3979,-1.0,-1.0,3.5,-3.5,-6747.75,11741.25
2014-11-06 00:00:00,MA_Crossover(35,44),6730.5,6771.75,6735.3857,6768.6534,-33.2677,-1.0,-1.0,24.0,-24.0,-6771.75,11717.25
2014-11-07 00:00:00,MA_Crossover(35,44),6785.0,6826.25,6733.1786,6763.6989,-30.5203,-1.0,-1.0,54.5,-54.5,-6826.25,11662.75
2014-11-10 00:00:00,MA_Crossover(35,44),6725.0,6766.25,6732.2786,6760.642,-28.3635,-1.0,-1.0,-60.0,60.0,-6766.25,11722.75
2014-11-11 00:00:00,MA_Crossover(35,44),6755.5,6796.75,6732.3786,6757.5227,-25.1442,-1.0,-1.0,30.5,-30.5,-6796.75,11692.25
2014-11-12 00:00:00,MA_Crossover(35,44),6747.5,6788.75,6731.7214,6754.9886,-23.2672,-1.0,-1.0,-8.0,8.0,-6788.75,11700.25
2014-11-13 00:00:00,MA_Crossover(35,44),6724.0,6765.25,6731.6071,6751.7955,-20.1883,-1.0,-1.0,-23.5,23.5,-6765.25,11723.75
2014-11-14 00:00:00,MA_Crossover(35,44),6777.0,6818.25,6732.2214,6749.75,-17.5286,-1.0,-1.0,53.0,-53.0,-6818.25,11670.75
2014-11-17 00:00:00,MA_Crossover(35,44),6776.0,6817.25,6732.1786,6746.4261,-14.2476,-1.0,-1.0,-1.0,1.0,-6817.25,11671.75
2014-11-18 00:00:00,MA_Crossover(35,44),6679.0,6719.25,6731.2929,6740.2784,-8.9856,-1.0,-1.0,-98.0,98.0,-6719.25,11769.75
2014-11-19 00:00:00,MA_Crossover(35,44),6732.0,6775.25,6731.5571,6737.2614,-5.7042,-1.0,-1.0,56.0,-56.0,-6775.25,11713.75
2014-11-20 00:00:00,MA_Crossover(35,44),6711.75,6755.5,6733.5214,6733.8409,-0.3195,-1.0,-1.0,-19.75,19.75,-6755.5,11733.5
2014-11-21 00:00:00,MA_Crossover(35,44),6772.0,6840.25,6736.1786,6734.1932,1.9854,1.0,-1.0,84.75,-84.75,-6840.25,11648.75
2014-11-24 00:00:00,MA_Crossover(35,44),6720.0,6788.25,6735.4357,6733.4659,1.9698,1.0,1.0,-52.0,-52.0,6788.25,11596.75
2014-11-25 00:00:00,MA_Crossover(35,44),6644.0,6712.25,6733.6429,6730.5909,3.0519,1.0,1.0,-76.0,-76.0,6712.25,11520.75
2014-11-26 00:00:00,MA_Crossover(35,44),6619.0,6687.25,6731.7571,6728.1136,3.6435,1.0,1.0,-25.0,-25.0,6687.25,11495.75
2014-11-27 00:00:00,MA_Crossover(35,44),6609.5,6677.75,6727.0429,6724.7955,2.2474,1.0,1.0,-9.5,-9.5,6677.75,11486.25
2014-11-28 00:00:00,MA_Crossover(35,44),6409.0,6477.25,6718.7429,6716.4205,2.3224,1.0,1.0,-200.5,-200.5,6477.25,11285.75
2014-12-01 00:00:00,MA_Crossover(35,44),6517.0,6585.25,6711.1143,6712.0341,-0.9198,-1.0,1.0,108.0,108.0,6585.25,11393.75
2014-12-02 00:00:00,MA_Crossover(35,44),6471.0,6539.25,6700.9429,6706.3125,-5.3696,-1.0,-1.0,-46.0,46.0,-6539.25,11439.75
2014-12-03 00:00:00,MA_Crossover(35,44),6433.5,6501.75,6694.2143,6701.5511,-7.3369,-1.0,-1.0,-37.5,37.5,-6501.75,11477.25
2014-12-04 00:00:00,MA_Crossover(35,44),6530.5,6598.75,6692.6,6698.1761,-5.5761,-1.0,-1.0,97.0,-97.0,-6598.75,11380.25
2014-12-05 00:00:00,MA_Crossover(35,44),6508.0,6576.25,6687.8286,6692.767,-4.9385,-1.0,-1.0,-22.5,22.5,-6576.25,11402.75
2014-12-08 00:00:00,MA_Crossover(35,44),6452.25,6520.5,6683.75,6686.983,-3.233,-1.0,-1.0,-55.75,55.75,-6520.5,11458.5
2014-12-09 00:00:00,MA_Crossover(35,44),6528.5,6596.75,6678.7429,6683.4261,-4.6833,-1.0,-1.0,76.25,-76.25,-6596.75,11382.25
2014-12-10 00:00:00,MA_Crossover(35,44),6469.0,6537.25,6672.8857,6676.483,-3.5972,-1.0,-1.0,-59.5,59.5,-6537.25,11441.75
2014-12-11 00:00:00,MA_Crossover(35,44),6514.5,6582.75,6666.5,6672.2784,-5.7784,-1.0,-1.0,45.5,-45.5,-6582.75,11396.25
2014-12-12 00:00:00,MA_Crossover(35,44),6539.25,6607.5,6660.65,6666.7159,-6.0659,-1.0,-1.0,24.75,-24.75,-6607.5,11371.5
2014-12-15 00:00:00,MA_Crossover(35,44),6447.5,6515.75,6651.0929,6658.0909,-6.9981,-1.0,-1.0,-91.75,91.75,-6515.75,11463.25
2014-12-16 00:00:00,MA_Crossover(35,44),6387.5,6470.25,6637.7214,6651.6932,-13.9718,-1.0,-1.0,-45.5,45.5,-6470.25,11508.75
2014-12-17 00:00:00,MA_Crossover(35,44),6398.0,6477.25,6624.05,6647.3977,-23.3477,-1.0,-1.0,7.0,-7.0,-6477.25,11501.75
2014-12-18 00:00:00,MA_Crossover(35,44),6346.0,6426.25,6611.1643,6639.9205,-28.7562,-1.0,-1.0,-51.0,51.0,-6426.25,11552.75
2014-12-19 00:00:00,MA_Crossover(35,44),6438.5,6533.75,6602.2071,6636.3636,-34.1565,-1.0,-1.0,107.5,-107.5,-6533.75,11445.25
2014-12-22 00:00:00,MA_Crossover(35,44),6392.0,6487.25,6591.4071,6629.2784,-37.8713,-1.0,-1.0,-46.5,46.5,-6487.25,11491.75
2014-12-23 00:00:00,MA_Crossover(35,44),6370.0,6465.25,6581.8929,6622.3693,-40.4765,-1.0,-1.0,-22.0,22.0,-6465.25,11513.75
2014-12-24 00:00:00,MA_Crossover(35,44),6344.0,6439.25,6571.5357,6613.4148,-41.8791,-1.0,-1.0,-26.0,26.0,-6439.25,11539.75
2014-12-29 00:00:00,MA_Crossover(35,44),6343.0,6438.25,6560.4643,6604.3011,-43.8369,-1.0,-1.0,-1.0,1.0,-6438.25,11540.75
2014-12-30 00:00:00,MA_Crossover(35,44),6376.0,6471.25,6548.7786,6595.0739,-46.2953,-1.0,-1.0,33.0,-33.0,-6471.25,11507.75
2014-12-31 00:00:00,MA_Crossover(35,44),6349.0,6444.25,6538.0357,6583.5625,-45.5268,-1.0,-1.0,-27.0,27.0,-6444.25,11534.75
2015-01-02 00:00:00,MA_Crossover(35,44),6304.0,6399.25,6525.1357,6570.5511,-45.4154,-1.0,-1.0,-45.0,45.0,-6399.25,11579.75
2015-01-05 00:00:00,MA_Crossover(35,44),6199.5,6294.75,6509.4786,6556.9716,-47.493,-1.0,-1.0,-104.5,104.5,-6294.75,11684.25
2015-01-06 00:00:00,MA_Crossover(35,44),6209.0,6304.25,6494.7643,6544.6307,-49.8664,-1.0,-1.0,9.5,-9.5,-6304.25,11674.75
2015-01-07 00:00:00,MA_Crossover(35,44),6172.5,6267.75,6477.4929,6531.0511,-53.5583,-1.0,-1.0,-36.5,36.5,-6267.75,11711.25
2015-01-08 00:00:00,MA_Crossover(35,44),6160.75,6256.0,6459.9143,6518.7273,-58.813,-1.0,-1.0,-11.75,11.75,-6256.0,11723.0
2015-01-09 00:00:00,MA_Crossover(35,44),6147.5,6242.75,6444.7286,6506.0227,-61.2942,-1.0,-1.0,-13.25,13.25,-6242.75,11736.25
2015-01-12 00:00:00,MA_Crossover(35,44),6085.0,6180.25,6426.2429,6491.3523,-65.1094,-1.0,-1.0,-62.5,62.5,-6180.25,11798.75
2015-01-13 00:00:00,MA_Crossover(35,44),5928.5,6023.75,6403.8643,6471.8864,-68.0221,-1.0,-1.0,-156.5,156.5,-6023.75,11955.25
2015-01-14 00:00:00,MA_Crossover(35,44),5617.0,5712.25,6370.8643,6446.7045,-75.8403,-1.0,-1.0,-311.5,311.5,-5712.25,12266.75
2015-01-15 00:00:00,MA_Crossover(35,44),5681.0,5776.25,6341.1786,6422.2841,-81.1055,-1.0,-1.0,64.0,-64.0,-5776.25,12202.75
2015-01-16 00:00:00,MA_Crossover(35,44),5768.0,5863.25,6316.15,6400.0227,-83.8727,-1.0,-1.0,87.0,-87.0,-5863.25,12115.75
2015-01-19 00:00:00,MA_Crossover(35,44),5709.0,5804.25,6290.15,6376.9545,-86.8045,-1.0,-1.0,-59.0,59.0,-5804.25,12174.75
2015-01-20 00:00:00,MA_Crossover(35,44),5717.0,5812.25,6264.65,6352.8636,-88.2136,-1.0,-1.0,8.0,-8.0,-5812.25,12166.75
2015-01-21 00:00:00,MA_Crossover(35,44),5796.5,5891.75,6247.15,6330.6023,-83.4523,-1.0,-1.0,79.5,-79.5,-5891.75,12087.25
2015-01-22 00:00:00,MA_Crossover(35,44),5687.5,5783.25,6223.45,6308.0682,-84.6182,-1.0,-1.0,-108.5,108.5,-5783.25,12195.75
2015-01-23 00:00:00,MA_Crossover(35,44),5541.0,5646.25,6196.8786,6281.0,-84.1214,-1.0,-1.0,-137.0,137.0,-5646.25,12332.75
2015-01-26 00:00:00,MA_Crossover(35,44),5612.5,5717.75,6173.4214,6256.017,-82.5956,-1.0,-1.0,71.5,-71.5,-5717.75,12261.25
2015-01-27 00:00:00,MA_Crossover(35,44),5446.0,5551.25,6142.4357,6225.8807,-83.445,-1.0,-1.0,-166.5,166.5,-5551.25,12427.75
2015-01-28 00:00:00,MA_Crossover(35,44),5515.5,5620.75,6114.0786,6198.5057,-84.4271,-1.0,-1.0,69.5,-69.5,-5620.75,12358.25
2015-01-29 00:00:00,MA_Crossover(35,44),5432.0,5537.25,6084.9286,6170.9602,-86.0317,-1.0,-1.0,-83.5,83.5,-5537.25,12441.75
2015-01-30 00:00:00,MA_Crossover(35,44),5542.0,5647.25,6056.7429,6146.483,-89.7401,-1.0,-1.0,110.0,-110.0,-5647.25,12331.75
2015-02-02 00:00:00,MA_Crossover(35,44),5530.0,5635.25,6029.9143,6121.9489,-92.0346,-1.0,-1.0,-12.0,12.0,-5635.25,12343.75
2015-02-03 00:00:00,MA_Crossover(35,44),5725.0,5830.25,6007.3571,6106.4034,-99.0463,-1.0,-1.0,195.0,-195.0,-5830.25,12148.75
2015-02-04 00:00:00,MA_Crossover(35,44),5738.75,5844.0,5984.4857,6088.7159,-104.2302,-1.0,-1.0,13.75,-13.75,-5844.0,12135.0
2015-02-05 00:00:00,MA_Crossover(35,44),5748.0,5853.25,5964.5,6072.2841,-107.7841,-1.0,-1.0,9.25,-9.25,-5853.25,12125.75
2015-02-06 00:00:00,MA_Crossover(35,44),5674.0,5779.25,5944.1143,6055.0227,-110.9084,-1.0,-1.0,-74.0,74.0,-5779.25,12199.75
2015-02-09 00:00:00,MA_Crossover(35,44),5691.0,5796.25,5923.9143,6035.9432,-112.0289,-1.0,-1.0,17.0,-17.0,-5796.25,12182.75
2015-02-10 00:00:00,MA_Crossover(35,44),5608.5,5713.75,5902.8429,6015.5,-112.6571,-1.0,-1.0,-82.5,82.5,-5713.75,12265.25
2015-02-11 00:00:00,MA_Crossover(35,44),5613.0,5718.25,5879.2571,5996.4261,-117.169,-1.0,-1.0,4.5,-4.5,-5718.25,12260.75
2015-02-12 00:00:00,MA_Crossover(35,44),5752.5,5857.75,5860.9857,5978.7898,-117.8041,-1.0,-1.0,139.5,-139.5,-5857.75,12121.25
2015-02-13 00:00:00,MA_Crossover(35,44),5754.25,5859.5,5843.3929,5962.5455,-119.1526,-1.0,-1.0,1.75,-1.75,-5859.5,12119.5
2015-02-16 00:00:00,MA_Crossover(35,44),5764.0,5869.25,5826.8214,5945.4886,-118.6672,-1.0,-1.0,9.75,-9.75,-5869.25,12109.75
2015-02-17 00:00:00,MA_Crossover(35,44),5656.75,5762.5,5807.2143,5925.4318,-118.2175,-1.0,-1.0,-106.75,106.75,-5762.5,12216.5
2015-02-18 00:00:00,MA_Crossover(35,44),5753.5,5858.75,5789.4286,5909.6591,-120.2305,-1.0,-1.0,96.25,-96.25,-5858.75,12120.25
2015-02-19 00:00:00,MA_Crossover(35,44),5761.25,5865.5,5772.6357,5895.4261,-122.7904,-1.0,-1.0,6.75,-6.75,-5865.5,12113.5
2015-02-20 00:00:00,MA_Crossover(35,44),5704.0,5813.75,5755.4929,5879.6534,-124.1606,-1.0,-1.0,-51.75,51.75,-5813.75,12165.25
2015-02-23 00:00:00,MA_Crossover(35,44),5682.5,5792.25,5740.7214,5864.5739,-123.8524,-1.0,-1.0,-21.5,21.5,-5792.25,12186.75
2015-02-24 00:00:00,MA_Crossover(35,44),5798.0,5907.75,5728.9786,5850.017,-121.0385,-1.0,-1.0,115.5,-115.5,-5907.75,12071.25
2015-02-25 00:00:00,MA_Crossover(35,44),5797.0,5906.75,5718.25,5836.4943,-118.2443,-1.0,-1.0,-1.0,1.0,-5906.75,12072.25
2015-02-26 00:00:00,MA_Crossover(35,44),5911.5,6021.25,5711.1286,5826.0739,-114.9453,-1.0,-1.0,114.5,-114.5,-6021.25,11957.75
2015-02-27 00:00:00,MA_Crossover(35,44),5918.0,6027.75,5704.5714,5816.392,-111.8206,-1.0,-1.0,6.5,-6.5,-6027.75,11951.25
2015-03-02 00:00:00,MA_Crossover(35,44),5922.5,6032.25,5699.9286,5806.8352,-106.9067,-1.0,-1.0,4.5,-4.5,-6032.25,11946.75
2015-03-03 00:00:00,MA_Crossover(35,44),5839.75,5949.5,5697.3929,5794.6477,-97.2549,-1.0,-1.0,-82.75,82.75,-5949.5,12029.5
2015-03-04 00:00:00,MA_Crossover(35,44),5861.0,5970.75,5704.3643,5783.5568,-79.1925,-1.0,-1.0,21.25,-21.25,-5970.75,12008.25
2015-03-05 00:00:00,MA_Crossover(35,44),5855.0,5964.75,5709.3357,5773.3523,-64.0166,-1.0,-1.0,-6.0,6.0,-5964.75,12014.25
2015-03-06 00:00:00,MA_Crossover(35,44),5763.0,5872.75,5709.1929,5763.4318,-54.239,-1.0,-1.0,-92.0,92.0,-5872.75,12106.25
2015-03-09 00:00:00,MA_Crossover(35,44),5893.0,6002.75,5714.45,5756.25,-41.8,-1.0,-1.0,130.0,-130.0,-6002.75,11976.25
2015-03-10 00:00:00,MA_Crossover(35,44),5788.0,5897.75,5716.4786,5747.5114,-31.0328,-1.0,-1.0,-105.0,105.0,-5897.75,12081.25
2015-03-11 00:00:00,MA_Crossover(35,44),5754.0,5863.75,5715.2643,5738.267,-23.0028,-1.0,-1.0,-34.0,34.0,-5863.75,12115.25
2015-03-12 00:00:00,MA_Crossover(35,44),5866.0,5975.75,5720.3643,5731.8693,-11.505,-1.0,-1.0,112.0,-112.0,-5975.75,12003.25
2015-03-13 00:00:00,MA_Crossover(35,44),5881.5,5991.25,5730.0929,5727.2443,2.8485,1.0,-1.0,15.5,-15.5,-5991.25,11987.75
2015-03-16 00:00:00,MA_Crossover(35,44),5864.25,5974.0,5737.2857,5725.7841,11.5016,1.0,1.0,-17.25,-17.25,5974.0,11970.5
2015-03-17 00:00:00,MA_Crossover(35,44),5798.5,5907.25,5747.3571,5729.9091,17.4481,1.0,1.0,-66.75,-66.75,5907.25,11903.75
2015-03-18 00:00:00,MA_Crossover(35,44),5689.5,5796.25,5752.3286,5730.1023,22.2263,1.0,1.0,-111.0,-111.0,5796.25,11792.75
2015-03-19 00:00:00,MA_Crossover(35,44),5876.25,5983.5,5765.0214,5732.5625,32.4589,1.0,1.0,187.25,187.25,5983.5,11980.0
2015-03-20 00:00:00,MA_Crossover(35,44),6070.5,6186.75,5780.1214,5740.7784,39.343,1.0,1.0,203.25,203.25,6186.75,12183.25
2015-03-23 00:00:00,MA_Crossover(35,44),6147.5,6263.75,5797.7643,5750.5625,47.2018,1.0,1.0,77.0,77.0,6263.75,12260.25
2015-03-24 00:00:00,MA_Crossover(35,44),6172.0,6288.25,5810.5357,5759.0966,51.4391,1.0,1.0,24.5,24.5,6288.25,12284.75
2015-03-25 00:00:00,MA_Crossover(35,44),6148.5,6264.75,5822.2429,5769.5739,52.669,1.0,1.0,-23.5,-23.5,6264.75,12261.25
2015-03-26 00:00:00,MA_Crossover(35,44),6195.5,6311.75,5835.0286,5784.4489,50.5797,1.0,1.0,47.0,47.0,6311.75,12308.25
2015-03-27 00:00:00,MA_Crossover(35,44),6075.5,6191.75,5846.5,5794.9716,51.5284,1.0,1.0,-120.0,-120.0,6191.75,12188.25
2015-03-30 00:00:00,MA_Crossover(35,44),6105.0,6221.25,5858.3286,5809.9489,48.3797,1.0,1.0,29.5,29.5,6221.25,12217.75
2015-03-31 00:00:00,MA_Crossover(35,44),6064.5,6180.75,5871.3571,5822.4261,48.931,1.0,1.0,-40.5,-40.5,6180.75,12177.25
2015-04-01 00:00:00,MA_Crossover(35,44),6067.5,6183.75,5884.3429,5836.8693,47.4735,1.0,1.0,3.0,3.0,6183.75,12180.25
2015-04-02 00:00:00,MA_Crossover(35,44),6002.5,6118.75,5891.4857,5847.3352,44.1505,1.0,1.0,-65.0,-65.0,6118.75,12115.25
2015-04-07 00:00:00,MA_Crossover(35,44),6084.0,6200.25,5900.9071,5859.9261,40.981,1.0,1.0,81.5,81.5,6200.25,12196.75
2015-04-08 00:00:00,MA_Crossover(35,44),6027.5,6143.75,5908.4357,5866.8011,41.6346,1.0,1.0,-56.5,-56.5,6143.75,12140.25
2015-04-09 00:00:00,MA_Crossover(35,44),6013.5,6129.75,5918.6286,5873.0455,45.5831,1.0,1.0,-14.0,-14.0,6129.75,12126.25
2015-04-10 00:00:00,MA_Crossover(35,44),6056.0,6172.25,5927.2714,5880.0455,47.226,1.0,1.0,42.5,42.5,6172.25,12168.75
2015-04-13 00:00:00,MA_Crossover(35,44),6001.25,6117.5,5934.1286,5887.483,46.6456,1.0,1.0,-54.75,-54.75,6117.5,12114.0
2015-04-14 00:00:00,MA_Crossover(35,44),5954.5,6066.75,5941.2857,5893.4716,47.8141,1.0,1.0,-50.75,-50.75,6066.75,12063.25
2015-04-15 00:00:00,MA_Crossover(35,44),5962.75,6076.25,5949.2929,5901.5227,47.7701,1.0,1.0,9.5,9.5,6076.25,12072.75
2015-04-16 00:00:00,MA_Crossover(35,44),6069.5,6183.25,5957.05,5911.8977,45.1523,1.0,1.0,107.0,107.0,6183.25,12179.75
2015-04-17 00:00:00,MA_Crossover(35,44),6071.0,6187.75,5964.8786,5919.1364,45.7422,1.0,1.0,4.5,4.5,6187.75,12184.25
2015-04-20 00:00:00,MA_Crossover(35,44),5987.25,6104.0,5967.0429,5924.4318,42.611,1.0,1.0,-83.75,-83.75,6104.0,12100.5
2015-04-21 00:00:00,MA_Crossover(35,44),5942.0,6058.75,5967.7286,5928.4773,39.2513,1.0,1.0,-45.25,-45.25,6058.75,12055.25
2015-04-22 00:00:00,MA_Crossover(35,44),5900.0,6016.75,5967.0857,5934.0057,33.08,1.0,1.0,-42.0,-42.0,6016.75,12013.25
2015-04-23 00:00:00,MA_Crossover(35,44),5936.0,6052.75,5969.8357,5938.1534,31.6823,1.0,1.0,36.0,36.0,6052.75,12049.25
2015-04-24 00:00:00,MA_Crossover(35,44),6025.0,6141.75,5974.5214,5944.1477,30.3737,1.0,1.0,89.0,89.0,6141.75,12138.25
2015-04-27 00:00:00,MA_Crossover(35,44),6065.5,6182.25,5980.5357,5952.3636,28.1721,1.0,1.0,40.5,40.5,6182.25,12178.75
2015-04-28 00:00:00,MA_Crossover(35,44),6123.0,6239.75,5990.8214,5962.375,28.4464,1.0,1.0,57.5,57.5,6239.75,12236.25
2015-04-29 00:00:00,MA_Crossover(35,44),6152.5,6269.25,5998.2357,5970.4318,27.8039,1.0,1.0,29.5,29.5,6269.25,12265.75
2015-04-30 00:00:00,MA_Crossover(35,44),6350.5,6467.25,6014.3071,5983.0114,31.2958,1.0,1.0,198.0,198.0,6467.25,12463.75
2015-05-01 00:00:00,MA_Crossover(35,44),6407.5,6524.25,6032.9786,5994.2841,38.6945,1.0,1.0,57.0,57.0,6524.25,12520.75
2015-05-05 00:00:00,MA_Crossover(35,44),6479.75,6596.5,6050.5143,6007.0511,43.4631,1.0,1.0,72.25,72.25,6596.5,12593.0
2015-05-06 00:00:00,MA_Crossover(35,44),6390.25,6507.0,6065.05,6017.6818,47.3682,1.0,1.0,-89.5,-89.5,6507.0,12503.5
2015-05-07 00:00:00,MA_Crossover(35,44),6401.5,6518.25,6080.4,6030.4489,49.9511,1.0,1.0,11.25,11.25,6518.25,12514.75
2015-05-08 00:00:00,MA_Crossover(35,44),6388.5,6505.25,6097.2571,6042.4375,54.8196,1.0,1.0,-13.0,-13.0,6505.25,12501.75
2015-05-11 00:00:00,MA_Crossover(35,44),6366.5,6483.25,6116.6,6054.0625,62.5375,1.0,1.0,-22.0,-22.0,6483.25,12479.75
2015-05-12 00:00:00,MA_Crossover(35,44),6446.0,6562.75,6132.8786,6069.5852,63.2933,1.0,1.0,79.5,79.5,6562.75,12559.25
2015-05-13 00:00:00,MA_Crossover(35,44),6410.5,6527.25,6142.5929,6081.3466,61.2463,1.0,1.0,-35.5,-35.5,6527.25,12523.75
2015-05-14 00:00:00,MA_Crossover(35,44),6406.0,6522.75,6149.9786,6095.392,54.5865,1.0,1.0,-4.5,-4.5,6522.75,12519.25
2015-05-15 00:00:00,MA_Crossover(35,44),6415.0,6531.75,6156.9214,6110.4148,46.5067,1.0,1.0,9.0,9.0,6531.75,12528.25
2015-05-18 00:00:00,MA_Crossover(35,44),6369.0,6485.75,6163.2214,6121.8466,41.3748,1.0,1.0,-46.0,-46.0,6485.75,12482.25
2015-05-19 00:00:00,MA_Crossover(35,44),6217.0,6327.25,6163.8357,6129.4716,34.3641,1.0,1.0,-158.5,-158.5,6327.25,12323.75
2015-05-20 00:00:00,MA_Crossover(35,44),6220.5,6329.25,6167.9786,6137.5682,30.4104,1.0,1.0,2.0,2.0,6329.25,12325.75
2015-05-21 00:00:00,MA_Crossover(35,44),6254.5,6361.25,6172.25,6147.9318,24.3182,1.0,1.0,32.0,32.0,6361.25,12357.75
2015-05-22 00:00:00,MA_Crossover(35,44),6161.5,6270.25,6175.0214,6158.6591,16.3623,1.0,1.0,-91.0,-91.0,6270.25,12266.75
2015-05-26 00:00:00,MA_Crossover(35,44),6107.0,6215.75,6176.15,6163.9034,12.2466,1.0,1.0,-54.5,-54.5,6215.75,12212.25
2015-05-27 00:00:00,MA_Crossover(35,44),6082.5,6191.25,6178.4357,6164.1761,14.2596,1.0,1.0,-24.5,-24.5,6191.25,12187.75
2015-05-28 00:00:00,MA_Crossover(35,44),6095.5,6204.25,6178.7643,6162.9943,15.77,1.0,1.0,13.0,13.0,6204.25,12200.75
2015-05-29 00:00:00,MA_Crossover(35,44),6010.25,6119.0,6178.2714,6159.3182,18.9532,1.0,1.0,-85.25,-85.25,6119.0,12115.5
2015-06-01 00:00:00,MA_Crossover(35,44),6021.5,6130.25,6178.5,6156.4318,22.0682,1.0,1.0,11.25,11.25,6130.25,12126.75
2015-06-02 00:00:00,MA_Crossover(35,44),6035.5,6144.25,6177.9143,6152.7955,25.1188,1.0,1.0,14.0,14.0,6144.25,12140.75
2015-06-03 00:00:00,MA_Crossover(35,44),6006.5,6115.25,6178.0643,6151.2273,26.837,1.0,1.0,-29.0,-29.0,6115.25,12111.75
2015-06-04 00:00:00,MA_Crossover(35,44),5910.75,6019.5,6176.8143,6146.8125,30.0018,1.0,1.0,-95.75,-95.75,6019.5,12016.0
2015-06-05 00:00:00,MA_Crossover(35,44),5931.0,6039.75,6175.9071,6143.7784,32.1287,1.0,1.0,20.25,20.25,6039.75,12036.25
2015-06-08 00:00:00,MA_Crossover(35,44),5941.75,6050.5,6172.2571,6140.9205,31.3367,1.0,1.0,10.75,10.75,6050.5,12047.0
2015-06-09 00:00:00,MA_Crossover(35,44),5960.25,6069.0,6169.0929,6139.9602,29.1326,1.0,1.0,18.5,18.5,6069.0,12065.5
2015-06-10 00:00:00,MA_Crossover(35,44),6026.5,6135.25,6170.2143,6138.6534,31.5609,1.0,1.0,66.25,66.25,6135.25,12131.75
2015-06-11 00:00:00,MA_Crossover(35,44),5865.0,5973.75,6168.0143,6134.9602,33.0541,1.0,1.0,-161.5,-161.5,5973.75,11970.25
2015-06-12 00:00:00,MA_Crossover(35,44),5893.0,6001.75,6167.8143,6132.2216,35.5927,1.0,1.0,28.0,28.0,6001.75,11998.25
2015-06-15 00:00:00,MA_Crossover(35,44),5784.0,5892.75,6163.4714,6126.0398,37.4317,1.0,1.0,-109.0,-109.0,5892.75,11889.25
2015-06-16 00:00:00,MA_Crossover(35,44),5737.5,5838.25,6155.2571,6120.0455,35.2117,1.0,1.0,-54.5,-54.5,5838.25,11834.75
2015-06-17 00:00:00,MA_Crossover(35,44),5738.0,5836.75,6145.9,6115.125,30.775,1.0,1.0,-1.5,-1.5,5836.75,11833.25
2015-06-18 00:00:00,MA_Crossover(35,44),5746.75,5846.75,6135.15,6110.2159,24.9341,1.0,1.0,10.0,10.0,5846.75,11843.25
2015-06-19 00:00:00,MA_Crossover(35,44),5651.5,5746.25,6120.8357,6100.7159,20.1198,1.0,1.0,-100.5,-100.5,5746.25,11742.75
2015-06-22 00:00:00,MA_Crossover(35,44),5645.75,5740.5,6100.7,6091.0511,9.6489,1.0,1.0,-5.75,-5.75,5740.5,11737.0
2015-06-23 00:00:00,MA_Crossover(35,44),5771.25,5866.0,6082.5214,6086.142,-3.6206,-1.0,1.0,125.5,125.5,5866.0,11862.5
2015-06-24 00:00:00,MA_Crossover(35,44),5729.75,5824.5,6061.0929,6081.3182,-20.2253,-1.0,-1.0,-41.5,41.5,-5824.5,11904.0
2015-06-25 00:00:00,MA_Crossover(35,44),5759.5,5854.25,6043.0714,6078.125,-35.0536,-1.0,-1.0,29.75,-29.75,-5854.25,11874.25
2015-06-26 00:00:00,MA_Crossover(35,44),5747.5,5842.25,6024.3857,6073.8409,-49.4552,-1.0,-1.0,-12.0,12.0,-5842.25,11886.25
2015-06-29 00:00:00,MA_Crossover(35,44),5785.0,5879.75,6007.1429,6068.3864,-61.2435,-1.0,-1.0,37.5,-37.5,-5879.75,11848.75
2015-06-30 00:00:00,MA_Crossover(35,44),5757.25,5852.0,5989.7357,6061.3807,-71.645,-1.0,-1.0,-27.75,27.75,-5852.0,11876.5
2015-07-01 00:00:00,MA_Crossover(35,44),5767.25,5862.0,5970.3429,6053.2955,-82.9526,-1.0,-1.0,10.0,-10.0,-5862.0,11866.5
2015-07-02 00:00:00,MA_Crossover(35,44),5781.0,5875.75,5952.3571,6044.8523,-92.4951,-1.0,-1.0,13.75,-13.75,-5875.75,11852.75
2015-07-03 00:00:00,MA_Crossover(35,44),5747.5,5842.25,5933.5429,6031.1477,-97.6049,-1.0,-1.0,-33.5,33.5,-5842.25,11886.25
2015-07-06 00:00:00,MA_Crossover(35,44),5579.5,5674.25,5909.6714,6012.3295,-102.6581,-1.0,-1.0,-168.0,168.0,-5674.25,12054.25
2015-07-07 00:00:00,MA_Crossover(35,44),5332.0,5426.75,5880.0429,5986.2443,-106.2015,-1.0,-1.0,-247.5,247.5,-5426.75,12301.75
2015-07-08 00:00:00,MA_Crossover(35,44),5513.5,5608.25,5859.9429,5966.3182,-106.3753,-1.0,-1.0,181.5,-181.5,-5608.25,12120.25
2015-07-09 00:00:00,MA_Crossover(35,44),5617.5,5712.25,5842.7143,5948.5,-105.7857,-1.0,-1.0,104.0,-104.0,-5712.25,12016.25
2015-07-10 00:00:00,MA_Crossover(35,44),5578.25,5673.0,5823.3929,5930.0852,-106.6924,-1.0,-1.0,-39.25,39.25,-5673.0,12055.5
2015-07-13 00:00:00,MA_Crossover(35,44),5573.5,5668.25,5806.5929,5912.0625,-105.4696,-1.0,-1.0,-4.75,4.75,-5668.25,12060.25
2015-07-14 00:00:00,MA_Crossover(35,44),5556.0,5646.5,5790.85,5891.8352,-100.9852,-1.0,-1.0,-21.75,21.75,-5646.5,12082.0
2015-07-15 00:00:00,MA_Crossover(35,44),5521.5,5612.0,5774.8214,5871.6307,-96.8093,-1.0,-1.0,-34.5,34.5,-5612.0,12116.5
2015-07-16 00:00:00,MA_Crossover(35,44),5549.75,5640.25,5759.2286,5852.1705,-92.9419,-1.0,-1.0,28.25,-28.25,-5640.25,12088.25
2015-07-17 00:00:00,MA_Crossover(35,44),5470.0,5554.0,5743.7929,5830.6932,-86.9003,-1.0,-1.0,-86.25,86.25,-5554.0,12174.5
2015-07-20 00:00:00,MA_Crossover(35,44),5468.75,5552.75,5728.0,5810.233,-82.233,-1.0,-1.0,-1.25,1.25,-5552.75,12175.75
2015-07-21 00:00:00,MA_Crossover(35,44),5442.5,5526.5,5711.0571,5792.6307,-81.5735,-1.0,-1.0,-26.25,26.25,-5526.5,12202.0
2015-07-22 00:00:00,MA_Crossover(35,44),5350.0,5434.0,5692.3,5772.8466,-80.5466,-1.0,-1.0,-92.5,92.5,-5434.0,12294.5
2015-07-23 00:00:00,MA_Crossover(35,44),5261.5,5345.5,5673.75,5750.2784,-76.5284,-1.0,-1.0,-88.5,88.5,-5345.5,12383.0
2015-07-24 00:00:00,MA_Crossover(35,44),5253.0,5337.0,5654.3786,5729.6307,-75.2521,-1.0,-1.0,-8.5,8.5,-5337.0,12391.5
2015-07-27 00:00:00,MA_Crossover(35,44),5177.0,5261.0,5632.5286,5708.4943,-75.9657,-1.0,-1.0,-76.0,76.0,-5261.0,12467.5
2015-07-28 00:00:00,MA_Crossover(35,44),5289.0,5373.0,5613.35,5690.4602,-77.1102,-1.0,-1.0,112.0,-112.0,-5373.0,12355.5
2015-07-29 00:00:00,MA_Crossover(35,44),5319.0,5403.0,5593.1357,5672.8125,-79.6768,-1.0,-1.0,30.0,-30.0,-5403.0,12325.5
2015-07-30 00:00:00,MA_Crossover(35,44),5253.5,5337.5,5575.6643,5655.6136,-79.9494,-1.0,-1.0,-65.5,65.5,-5337.5,12391.0
2015-07-31 00:00:00,MA_Crossover(35,44),5221.0,5305.0,5556.4643,5637.4205,-80.9562,-1.0,-1.0,-32.5,32.5,-5305.0,12423.5
2015-08-03 00:00:00,MA_Crossover(35,44),5211.0,5295.0,5540.0929,5618.6818,-78.589,-1.0,-1.0,-10.0,10.0,-5295.0,12433.5
2015-08-04 00:00:00,MA_Crossover(35,44),5230.25,5314.25,5525.6,5601.0398,-75.4398,-1.0,-1.0,19.25,-19.25,-5314.25,12414.25
2015-08-05 00:00:00,MA_Crossover(35,44),5172.0,5256.0,5509.4286,5584.25,-74.8214,-1.0,-1.0,-58.25,58.25,-5256.0,12472.5
2015-08-06 00:00:00,MA_Crossover(35,44),5178.0,5262.0,5493.1786,5567.1364,-73.9578,-1.0,-1.0,6.0,-6.0,-5262.0,12466.5
2015-08-07 00:00:00,MA_Crossover(35,44),5166.0,5250.0,5479.3071,5549.5057,-70.1985,-1.0,-1.0,-12.0,12.0,-5250.0,12478.5
2015-08-10 00:00:00,MA_Crossover(35,44),5298.25,5382.25,5469.3786,5534.4602,-65.0817,-1.0,-1.0,132.25,-132.25,-5382.25,12346.25
2015-08-11 00:00:00,MA_Crossover(35,44),5111.75,5195.75,5450.5357,5513.6705,-63.1347,-1.0,-1.0,-186.5,186.5,-5195.75,12532.75
2015-08-12 00:00:00,MA_Crossover(35,44),5177.75,5261.75,5434.7643,5498.0511,-63.2869,-1.0,-1.0,66.0,-66.0,-5261.75,12466.75
2015-08-13 00:00:00,MA_Crossover(35,44),5178.0,5262.0,5418.15,5481.8011,-63.6511,-1.0,-1.0,0.25,-0.25,-5262.0,12466.5
2015-08-14 00:00:00,MA_Crossover(35,44),5157.75,5241.75,5401.3,5467.5682,-66.2682,-1.0,-1.0,-20.25,20.25,-5241.75,12486.75
2015-08-17 00:00:00,MA_Crossover(35,44),5107.25,5191.25,5381.9357,5453.2443,-71.3086,-1.0,-1.0,-50.5,50.5,-5191.25,12537.25
2015-08-18 00:00:00,MA_Crossover(35,44),5037.0,5116.5,5361.3571,5437.3125,-75.9554,-1.0,-1.0,-74.75,74.75,-5116.5,12612.0
2015-08-19 00:00:00,MA_Crossover(35,44),4998.5,5077.5,5339.3929,5420.3068,-80.914,-1.0,-1.0,-39.0,39.0,-5077.5,12651.0
2015-08-20 00:00:00,MA_Crossover(35,44),5125.5,5203.5,5320.6643,5408.3523,-87.688,-1.0,-1.0,126.0,-126.0,-5203.5,12525.0
2015-08-21 00:00:00,MA_Crossover(35,44),5063.25,5142.75,5301.1143,5395.1136,-93.9994,-1.0,-1.0,-60.75,60.75,-5142.75,12585.75
2015-08-24 00:00:00,MA_Crossover(35,44),4965.5,5045.0,5283.5714,5376.8011,-93.2297,-1.0,-1.0,-97.75,97.75,-5045.0,12683.5
2015-08-25 00:00:00,MA_Crossover(35,44),5092.0,5171.5,5276.7143,5362.3068,-85.5925,-1.0,-1.0,126.5,-126.5,-5171.5,12557.0
2015-08-26 00:00:00,MA_Crossover(35,44),4961.0,5040.5,5260.9286,5344.1591,-83.2305,-1.0,-1.0,-131.0,131.0,-5040.5,12688.0
2015-08-27 00:00:00,MA_Crossover(35,44),5168.0,5247.5,5248.0857,5330.9886,-82.9029,-1.0,-1.0,207.0,-207.0,-5247.5,12481.0
2015-08-28 00:00:00,MA_Crossover(35,44),5147.0,5226.5,5235.7643,5316.4886,-80.7244,-1.0,-1.0,-21.0,21.0,-5226.5,12502.0
2015-09-01 00:00:00,MA_Crossover(35,44),5084.75,5164.25,5221.8,5301.2045,-79.4045,-1.0,-1.0,-62.25,62.25,-5164.25,12564.25
2015-09-02 00:00:00,MA_Crossover(35,44),5139.0,5218.5,5209.8857,5286.9261,-77.0404,-1.0,-1.0,54.25,-54.25,-5218.5,12510.0
2015-09-03 00:00:00,MA_Crossover(35,44),5265.5,5345.0,5202.5714,5275.2102,-72.6388,-1.0,-1.0,126.5,-126.5,-5345.0,12383.5
2015-09-04 00:00:00,MA_Crossover(35,44),5134.25,5213.75,5190.7,5261.2727,-70.5727,-1.0,-1.0,-131.25,131.25,-5213.75,12514.75
2015-09-07 00:00:00,MA_Crossover(35,44),5166.0,5245.5,5182.0143,5251.875,-69.8607,-1.0,-1.0,31.75,-31.75,-5245.5,12483.0
2015-09-08 00:00:00,MA_Crossover(35,44),5365.5,5445.0,5179.0643,5252.6364,-73.5721,-1.0,-1.0,199.5,-199.5,-5445.0,12283.5
2015-09-09 00:00:00,MA_Crossover(35,44),5381.75,5461.25,5177.3286,5249.642,-72.3135,-1.0,-1.0,16.25,-16.25,-5461.25,12267.25
2015-09-10 00:00:00,MA_Crossover(35,44),5417.0,5496.5,5179.2429,5245.0852,-65.8424,-1.0,-1.0,35.25,-35.25,-5496.5,12232.0
2015-09-11 00:00:00,MA_Crossover(35,44),5390.5,5470.0,5182.9286,5240.8182,-57.8896,-1.0,-1.0,-26.5,26.5,-5470.0,12258.5
2015-09-14 00:00:00,MA_Crossover(35,44),5330.5,5410.0,5185.1429,5235.2955,-50.1526,-1.0,-1.0,-60.0,60.0,-5410.0,12318.5
2015-09-15 00:00:00,MA_Crossover(35,44),5357.25,5442.5,5190.2929,5230.7784,-40.4856,-1.0,-1.0,32.5,-32.5,-5442.5,12286.0
2015-09-16 00:00:00,MA_Crossover(35,44),5389.0,5474.5,5193.15,5227.767,-34.617,-1.0,-1.0,32.0,-32.0,-5474.5,12254.0
2015-09-17 00:00:00,MA_Crossover(35,44),5405.0,5489.0,5195.6071,5224.4773,-28.8701,-1.0,-1.0,14.5,-14.5,-5489.0,12239.5
2015-09-18 00:00:00,MA_Crossover(35,44),5271.0,5361.5,5196.1071,5219.9545,-23.8474,-1.0,-1.0,-127.5,127.5,-5361.5,12367.0
2015-09-21 00:00:00,MA_Crossover(35,44),5283.0,5373.5,5197.8786,5215.733,-17.8544,-1.0,-1.0,12.0,-12.0,-5373.5,12355.0
2015-09-22 00:00:00,MA_Crossover(35,44),5093.25,5183.75,5194.5143,5207.7955,-13.2812,-1.0,-1.0,-189.75,189.75,-5183.75,12544.75
2015-09-23 00:00:00,MA_Crossover(35,44),5072.0,5162.5,5189.9929,5201.4773,-11.4844,-1.0,-1.0,-21.25,21.25,-5162.5,12566.0
2015-09-24 00:00:00,MA_Crossover(35,44),5066.0,5156.5,5186.9643,5197.0341,-10.0698,-1.0,-1.0,-6.0,6.0,-5156.5,12572.0
2015-09-25 00:00:00,MA_Crossover(35,44),5040.5,5131.0,5183.0357,5192.2045,-9.1688,-1.0,-1.0,-25.5,25.5,-5131.0,12597.5
2015-09-28 00:00:00,MA_Crossover(35,44),4982.0,5072.5,5177.7786,5187.7727,-9.9942,-1.0,-1.0,-58.5,58.5,-5072.5,12656.0
2015-09-29 00:00:00,MA_Crossover(35,44),4988.25,5078.75,5168.9214,5180.9375,-12.0161,-1.0,-1.0,6.25,-6.25,-5078.75,12649.75
2015-09-30 00:00:00,MA_Crossover(35,44),5179.0,5269.5,5170.8429,5177.7557,-6.9128,-1.0,-1.0,190.75,-190.75,-5269.5,12459.0
2015-10-01 00:00:00,MA_Crossover(35,44),5111.5,5202.0,5168.95,5174.5284,-5.5784,-1.0,-1.0,-67.5,67.5,-5202.0,12526.5
2015-10-02 00:00:00,MA_Crossover(35,44),5114.25,5204.75,5167.1286,5172.1023,-4.9737,-1.0,-1.0,2.75,-2.75,-5204.75,12523.75
2015-10-05 00:00:00,MA_Crossover(35,44),5191.5,5282.0,5168.0929,5171.6591,-3.5662,-1.0,-1.0,77.25,-77.25,-5282.0,12446.5
2015-10-06 00:00:00,MA_Crossover(35,44),5198.0,5288.5,5170.6857,5170.9261,-0.2404,-1.0,-1.0,6.5,-6.5,-5288.5,12440.0
2015-10-07 00:00:00,MA_Crossover(35,44),5200.5,5291.0,5175.3571,5171.5739,3.7833,1.0,-1.0,2.5,-2.5,-5291.0,12437.5
2015-10-08 00:00:00,MA_Crossover(35,44),5150.5,5241.0,5179.7,5170.9489,8.7511,1.0,1.0,-50.0,-50.0,5241.0,12387.5
2015-10-09 00:00:00,MA_Crossover(35,44),5313.25,5403.75,5185.0643,5174.2955,10.7688,1.0,1.0,162.75,162.75,5403.75,12550.25
2015-10-12 00:00:00,MA_Crossover(35,44),5331.75,5422.25,5192.7357,5175.0568,17.6789,1.0,1.0,18.5,18.5,5422.25,12568.75
2015-10-13 00:00:00,MA_Crossover(35,44),5290.25,5380.75,5202.0143,5179.1136,22.9006,1.0,1.0,-41.5,-41.5,5380.75,12527.25
2015-10-14 00:00:00,MA_Crossover(35,44),5319.5,5410.0,5208.5143,5182.3352,26.1791,1.0,1.0,29.25,29.25,5410.0,12556.5
2015-10-15 00:00:00,MA_Crossover(35,44),5325.5,5416.0,5218.9286,5185.6875,33.2411,1.0,1.0,6.0,6.0,5416.0,12562.5
2015-10-16 00:00:00,MA_Crossover(35,44),5304.25,5394.75,5222.8214,5189.017,33.8044,1.0,1.0,-21.25,-21.25,5394.75,12541.25
2015-10-19 00:00:00,MA_Crossover(35,44),5208.5,5299.0,5224.5786,5191.3182,33.2604,1.0,1.0,-95.75,-95.75,5299.0,12445.5
2015-10-20 00:00:00,MA_Crossover(35,44),5209.25,5291.0,5228.1357,5195.233,32.9028,1.0,1.0,-8.0,-8.0,5291.0,12437.5
2015-10-21 00:00:00,MA_Crossover(35,44),5186.75,5267.25,5229.5,5199.5114,29.9886,1.0,1.0,-23.75,-23.75,5267.25,12413.75
2015-10-22 00:00:00,MA_Crossover(35,44),5246.5,5326.5,5228.9571,5202.2614,26.6958,1.0,1.0,59.25,59.25,5326.5,12473.0
2015-10-23 00:00:00,MA_Crossover(35,44),5188.25,5273.25,5230.5,5205.1023,25.3977,1.0,1.0,-53.25,-53.25,5273.25,12419.75
2015-10-26 00:00:00,MA_Crossover(35,44),5207.5,5292.5,5231.6857,5210.6023,21.0834,1.0,1.0,19.25,19.25,5292.5,12439.0
2015-10-27 00:00:00,MA_Crossover(35,44),5236.0,5321.0,5227.9857,5213.875,14.1107,1.0,1.0,28.5,28.5,5321.0,12467.5
2015-10-28 00:00:00,MA_Crossover(35,44),5218.75,5303.75,5223.3286,5219.733,3.5956,1.0,1.0,-17.25,-17.25,5303.75,12450.25
2015-10-29 00:00:00,MA_Crossover(35,44),5147.0,5232.0,5215.6143,5219.2557,-3.6414,-1.0,1.0,-71.75,-71.75,5232.0,12378.5
2015-10-30 00:00:00,MA_Crossover(35,44),5131.0,5216.0,5208.2,5218.892,-10.692,-1.0,-1.0,-16.0,16.0,-5216.0,12394.5
2015-11-02 00:00:00,MA_Crossover(35,44),5142.75,5227.75,5202.8357,5220.2102,-17.3745,-1.0,-1.0,11.75,-11.75,-5227.75,12382.75
2015-11-03 00:00:00,MA_Crossover(35,44),5144.5,5229.5,5196.7571,5220.3352,-23.5781,-1.0,-1.0,1.75,-1.75,-5229.5,12381.0
2015-11-04 00:00:00,MA_Crossover(35,44),5149.75,5234.75,5189.9214,5217.7045,-27.7831,-1.0,-1.0,5.25,-5.25,-5234.75,12375.75
2015-11-05 00:00:00,MA_Crossover(35,44),5024.5,5109.5,5179.05,5215.2102,-36.1602,-1.0,-1.0,-125.25,125.25,-5109.5,12501.0
2015-11-06 00:00:00,MA_Crossover(35,44),4997.0,5082.0,5171.2214,5211.3693,-40.1479,-1.0,-1.0,-27.5,27.5,-5082.0,12528.5
2015-11-09 00:00:00,MA_Crossover(35,44),4975.25,5060.25,5162.4286,5202.5,-40.0714,-1.0,-1.0,-21.75,21.75,-5060.25,12550.25
2015-11-10 00:00:00,MA_Crossover(35,44),4940.5,5025.5,5158.0643,5192.4716,-34.4073,-1.0,-1.0,-34.75,34.75,-5025.5,12585.0
2015-11-11 00:00:00,MA_Crossover(35,44),4957.5,5042.5,5154.7929,5182.0284,-27.2356,-1.0,-1.0,17.0,-17.0,-5042.5,12568.0
2015-11-12 00:00:00,MA_Crossover(35,44),4836.5,4921.5,5148.2357,5169.4375,-21.2018,-1.0,-1.0,-121.0,121.0,-4921.5,12689.0
2015-11-13 00:00:00,MA_Crossover(35,44),4828.75,4913.75,5142.1857,5158.0341,-15.8484,-1.0,-1.0,-7.75,7.75,-4913.75,12696.75
2015-11-16 00:00:00,MA_Crossover(35,44),4694.0,4779.0,5133.9571,5142.9602,-9.0031,-1.0,-1.0,-134.75,134.75,-4779.0,12831.5
2015-11-17 00:00:00,MA_Crossover(35,44),4697.0,4771.0,5125.6357,5127.233,-1.5972,-1.0,-1.0,-8.0,8.0,-4771.0,12839.5
2015-11-18 00:00:00,MA_Crossover(35,44),4626.25,4699.75,5109.8429,5109.5341,0.3088,1.0,-1.0,-71.25,71.25,-4699.75,12910.75
2015-11-19 00:00:00,MA_Crossover(35,44),4646.5,4720.0,5096.5571,5095.3409,1.2162,1.0,1.0,20.25,20.25,4720.0,12931.0
2015-11-20 00:00:00,MA_Crossover(35,44),4597.0,4678.0,5081.7786,5079.75,2.0286,1.0,1.0,-42.0,-42.0,4678.0,12889.0
2015-11-23 00:00:00,MA_Crossover(35,44),4508.5,4589.5,5062.2643,5066.4602,-4.1959,-1.0,1.0,-88.5,-88.5,4589.5,12800.5
2015-11-24 00:00:00,MA_Crossover(35,44),4624.5,4705.5,5045.8786,5056.2898,-10.4112,-1.0,-1.0,116.0,-116.0,-4705.5,12684.5
2015-11-25 00:00:00,MA_Crossover(35,44),4563.75,4644.75,5027.6857,5044.875,-17.1893,-1.0,-1.0,-60.75,60.75,-4644.75,12745.25
2015-11-26 00:00:00,MA_Crossover(35,44),4654.0,4735.0,5013.5,5036.0909,-22.5909,-1.0,-1.0,90.25,-90.25,-4735.0,12655.0
2015-11-27 00:00:00,MA_Crossover(35,44),4592.0,4673.0,4992.8929,5027.2273,-34.3344,-1.0,-1.0,-62.0,62.0,-4673.0,12717.0
2015-11-30 00:00:00,MA_Crossover(35,44),4602.25,4683.25,4972.05,5018.4545,-46.4045,-1.0,-1.0,10.25,-10.25,-4683.25,12706.75
2015-12-01 00:00:00,MA_Crossover(35,44),4645.75,4726.75,4953.6357,5006.3352,-52.6995,-1.0,-1.0,43.5,-43.5,-4726.75,12663.25
2015-12-02 00:00:00,MA_Crossover(35,44),4571.5,4652.5,4932.2643,4994.0625,-61.7982,-1.0,-1.0,-74.25,74.25,-4652.5,12737.5
2015-12-03 00:00:00,MA_Crossover(35,44),4562.5,4643.5,4910.4643,4981.5227,-71.0584,-1.0,-1.0,-9.0,9.0,-4643.5,12746.5
2015-12-04 00:00:00,MA_Crossover(35,44),4611.5,4692.5,4890.6714,4968.3409,-77.6695,-1.0,-1.0,49.0,-49.0,-4692.5,12697.5
2015-12-07 00:00:00,MA_Crossover(35,44),4556.75,4637.75,4872.05,4953.767,-81.717,-1.0,-1.0,-54.75,54.75,-4637.75,12752.25
2015-12-08 00:00:00,MA_Crossover(35,44),4591.75,4672.75,4854.4071,4939.9318,-85.5247,-1.0,-1.0,35.0,-35.0,-4672.75,12717.25
2015-12-09 00:00:00,MA_Crossover(35,44),4584.5,4665.5,4837.2,4927.0682,-89.8682,-1.0,-1.0,-7.25,7.25,-4665.5,12724.5
2015-12-10 00:00:00,MA_Crossover(35,44),4590.0,4671.0,4818.4429,4910.6307,-92.1878,-1.0,-1.0,5.5,-5.5,-4671.0,12719.0
2015-12-11 00:00:00,MA_Crossover(35,44),4701.0,4782.0,4804.5214,4896.2955,-91.774,-1.0,-1.0,111.0,-111.0,-4782.0,12608.0
2015-12-14 00:00:00,MA_Crossover(35,44),4663.5,4744.5,4788.9786,4882.0511,-93.0726,-1.0,-1.0,-37.5,37.5,-4744.5,12645.5
2015-12-15 00:00:00,MA_Crossover(35,44),4564.5,4640.0,4769.7929,4864.892,-95.0992,-1.0,-1.0,-104.5,104.5,-4640.0,12750.0
2015-12-16 00:00:00,MA_Crossover(35,44),4612.0,4686.0,4752.4571,4848.6761,-96.219,-1.0,-1.0,46.0,-46.0,-4686.0,12704.0
2015-12-17 00:00:00,MA_Crossover(35,44),4550.5,4624.5,4735.4143,4831.5455,-96.1312,-1.0,-1.0,-61.5,61.5,-4624.5,12765.5
2015-12-18 00:00:00,MA_Crossover(35,44),4690.0,4763.5,4722.8143,4819.7614,-96.9471,-1.0,-1.0,139.0,-139.0,-4763.5,12626.5
2015-12-21 00:00:00,MA_Crossover(35,44),4741.0,4814.5,4711.3357,4809.1193,-97.7836,-1.0,-1.0,51.0,-51.0,-4814.5,12575.5
2015-12-22 00:00:00,MA_Crossover(35,44),4665.0,4738.5,4697.6357,4797.2614,-99.6256,-1.0,-1.0,-76.0,76.0,-4738.5,12651.5
2015-12-23 00:00:00,MA_Crossover(35,44),4722.5,4796.0,4685.4286,4785.3523,-99.9237,-1.0,-1.0,57.5,-57.5,-4796.0,12594.0
2015-12-24 00:00:00,MA_Crossover(35,44),4697.0,4770.5,4676.0714,4774.1875,-98.1161,-1.0,-1.0,-25.5,25.5,-4770.5,12619.5
2015-12-29 00:00:00,MA_Crossover(35,44),4735.25,4808.75,4668.5929,4763.4545,-94.8617,-1.0,-1.0,38.25,-38.25,-4808.75,12581.25
2015-12-30 00:00:00,MA_Crossover(35,44),4742.75,4816.25,4661.95,4752.2443,-90.2943,-1.0,-1.0,7.5,-7.5,-4816.25,12573.75
2015-12-31 00:00:00,MA_Crossover(35,44),4712.5,4786.0,4655.4357,4740.7386,-85.3029,-1.0,-1.0,-30.25,30.25,-4786.0,12604.0
2016-01-04 00:00:00,MA_Crossover(35,44),4617.25,4690.75,4645.7143,4728.6989,-82.9846,-1.0,-1.0,-95.25,95.25,-4690.75,12699.25
2016-01-05 00:00:00,MA_Crossover(35,44),4647.75,4721.25,4640.3214,4717.7159,-77.3945,-1.0,-1.0,30.5,-30.5,-4721.25,12668.75
2016-01-06 00:00:00,MA_Crossover(35,44),4622.5,4696.0,4634.4286,4705.892,-71.4635,-1.0,-1.0,-25.25,25.25,-4696.0,12694.0
2016-01-07 00:00:00,MA_Crossover(35,44),4526.5,4600.0,4629.6429,4691.8466,-62.2037,-1.0,-1.0,-96.0,96.0,-4600.0,12790.0
2016-01-08 00:00:00,MA_Crossover(35,44),4485.5,4559.0,4623.6,4676.75,-53.15,-1.0,-1.0,-41.0,41.0,-4559.0,12831.0
2016-01-11 00:00:00,MA_Crossover(35,44),4381.25,4454.75,4616.6,4662.1307,-45.5307,-1.0,-1.0,-104.25,104.25,-4454.75,12935.25
2016-01-12 00:00:00,MA_Crossover(35,44),4344.5,4418.0,4607.9714,4647.3011,-39.3297,-1.0,-1.0,-36.75,36.75,-4418.0,12972.0
2016-01-13 00:00:00,MA_Crossover(35,44),4388.25,4461.75,4602.0071,4633.9602,-31.9531,-1.0,-1.0,43.75,-43.75,-4461.75,12928.25
2016-01-14 00:00:00,MA_Crossover(35,44),4418.5,4492.0,4599.4357,4622.0966,-22.6609,-1.0,-1.0,30.25,-30.25,-4492.0,12898.0
2016-01-15 00:00:00,MA_Crossover(35,44),4327.5,4401.0,4590.95,4607.7784,-16.8284,-1.0,-1.0,-91.0,91.0,-4401.0,12989.0
2016-01-18 00:00:00,MA_Crossover(35,44),4378.0,4451.5,4585.6429,4597.358,-11.7151,-1.0,-1.0,50.5,-50.5,-4451.5,12938.5
2016-01-19 00:00:00,MA_Crossover(35,44),4409.75,4483.25,4578.6643,4587.8352,-9.1709,-1.0,-1.0,31.75,-31.75,-4483.25,12906.75
2016-01-20 00:00:00,MA_Crossover(35,44),4360.5,4434.25,4572.05,4580.2557,-8.2057,-1.0,-1.0,-49.0,49.0,-4434.25,12955.75
2016-01-21 00:00:00,MA_Crossover(35,44),4436.0,4508.25,4567.3,4574.3239,-7.0239,-1.0,-1.0,74.0,-74.0,-4508.25,12881.75
2016-01-22 00:00:00,MA_Crossover(35,44),4452.0,4526.75,4561.7643,4570.3636,-8.5994,-1.0,-1.0,18.5,-18.5,-4526.75,12863.25
2016-01-25 00:00:00,MA_Crossover(35,44),4422.25,4497.0,4557.5,4565.267,-7.767,-1.0,-1.0,-29.75,29.75,-4497.0,12893.0
2016-01-26 00:00:00,MA_Crossover(35,44),4546.75,4621.5,4557.05,4564.125,-7.075,-1.0,-1.0,124.5,-124.5,-4621.5,12768.5
2016-01-27 00:00:00,MA_Crossover(35,44),4597.75,4672.5,4556.6571,4566.1534,-9.4963,-1.0,-1.0,51.0,-51.0,-4672.5,12717.5
2016-01-28 00:00:00,MA_Crossover(35,44),4537.75,4612.5,4556.1143,4564.1818,-8.0675,-1.0,-1.0,-60.0,60.0,-4612.5,12777.5
2016-01-29 00:00:00,MA_Crossover(35,44),4569.0,4643.75,4555.4643,4564.3011,-8.8369,-1.0,-1.0,31.25,-31.25,-4643.75,12746.25
2016-02-01 00:00:00,MA_Crossover(35,44),4569.0,4643.75,4555.0214,4562.3693,-7.3479,-1.0,-1.0,0.0,-0.0,-4643.75,12746.25
2016-02-02 00:00:00,MA_Crossover(35,44),4556.5,4631.25,4554.0643,4561.5625,-7.4982,-1.0,-1.0,-12.5,12.5,-4631.25,12758.75
2016-02-03 00:00:00,MA_Crossover(35,44),4641.0,4715.75,4552.35,4562.4432,-10.0932,-1.0,-1.0,84.5,-84.5,-4715.75,12674.25
2016-02-04 00:00:00,MA_Crossover(35,44),4693.75,4768.5,4553.2143,4563.5341,-10.3198,-1.0,-1.0,52.75,-52.75,-4768.5,12621.5
2016-02-05 00:00:00,MA_Crossover(35,44),4635.25,4710.0,4555.2357,4564.983,-9.7472,-1.0,-1.0,-58.5,58.5,-4710.0,12680.0
2016-02-08 00:00:00,MA_Crossover(35,44),4615.75,4690.5,4555.3429,4566.1932,-10.8503,-1.0,-1.0,-19.5,19.5,-4690.5,12699.5
2016-02-09 00:00:00,MA_Crossover(35,44),4516.25,4591.0,4554.3643,4564.0284,-9.6641,-1.0,-1.0,-99.5,99.5,-4591.0,12799.0
2016-02-10 00:00:00,MA_Crossover(35,44),4452.0,4526.75,4547.5643,4561.6477,-14.0834,-1.0,-1.0,-64.25,64.25,-4526.75,12863.25
2016-02-11 00:00:00,MA_Crossover(35,44),4454.5,4529.25,4539.3786,4558.5284,-19.1498,-1.0,-1.0,2.5,-2.5,-4529.25,12860.75
2016-02-12 00:00:00,MA_Crossover(35,44),4507.0,4581.75,4534.8643,4556.767,-21.9028,-1.0,-1.0,52.5,-52.5,-4581.75,12808.25
2016-02-15 00:00:00,MA_Crossover(35,44),4572.5,4647.25,4530.5786,4556.3693,-25.7907,-1.0,-1.0,65.5,-65.5,-4647.25,12742.75
2016-02-16 00:00:00,MA_Crossover(35,44),4562.0,4638.75,4526.7214,4553.2102,-26.4888,-1.0,-1.0,-8.5,8.5,-4638.75,12751.25
2016-02-17 00:00:00,MA_Crossover(35,44),4593.5,4670.75,4522.6714,4551.6193,-28.9479,-1.0,-1.0,32.0,-32.0,-4670.75,12719.25
2016-02-18 00:00:00,MA_Crossover(35,44),4580.75,4657.5,4518.0429,4551.9886,-33.9458,-1.0,-1.0,-13.25,13.25,-4657.5,12732.5
2016-02-19 00:00:00,MA_Crossover(35,44),4627.75,4707.5,4515.6214,4552.3466,-36.7252,-1.0,-1.0,50.0,-50.0,-4707.5,12682.5
2016-02-22 00:00:00,MA_Crossover(35,44),4702.0,4781.75,4518.0429,4555.7898,-37.7469,-1.0,-1.0,74.25,-74.25,-4781.75,12608.25
2016-02-23 00:00:00,MA_Crossover(35,44),4651.75,4731.5,4518.1571,4554.9205,-36.7633,-1.0,-1.0,-50.25,50.25,-4731.5,12658.5
2016-02-24 00:00:00,MA_Crossover(35,44),4650.5,4730.25,4518.9571,4552.8636,-33.9065,-1.0,-1.0,-1.25,1.25,-4730.25,12659.75
2016-02-25 00:00:00,MA_Crossover(35,44),4610.75,4690.5,4521.3643,4551.6307,-30.2664,-1.0,-1.0,-39.75,39.75,-4690.5,12699.5
2016-02-26 00:00:00,MA_Crossover(35,44),4716.25,4796.0,4527.9571,4551.4886,-23.5315,-1.0,-1.0,105.5,-105.5,-4796.0,12594.0
2016-02-29 00:00:00,MA_Crossover(35,44),4705.5,4785.25,4537.2214,4551.6818,-14.4604,-1.0,-1.0,-10.75,10.75,-4785.25,12604.75
2016-03-01 00:00:00,MA_Crossover(35,44),4727.0,4806.75,4548.15,4551.4943,-3.3443,-1.0,-1.0,21.5,-21.5,-4806.75,12583.25
2016-03-02 00:00:00,MA_Crossover(35,44),4798.5,4878.25,4559.8714,4552.7614,7.1101,1.0,-1.0,71.5,-71.5,-4878.25,12511.75
2016-03-03 00:00:00,MA_Crossover(35,44),4864.0,4943.75,4572.6,4556.2045,16.3955,1.0,1.0,65.5,65.5,4943.75,12577.25
2016-03-04 00:00:00,MA_Crossover(35,44),5036.75,5116.5,4592.8643,4565.7386,27.1256,1.0,1.0,172.75,172.75,5116.5,12750.0
2016-03-07 00:00:00,MA_Crossover(35,44),5006.75,5086.5,4610.8286,4573.8977,36.9308,1.0,1.0,-30.0,-30.0,5086.5,12720.0
2016-03-08 00:00:00,MA_Crossover(35,44),4876.25,4956.0,4624.1571,4579.6648,44.4924,1.0,1.0,-130.5,-130.5,4956.0,12589.5
2016-03-09 00:00:00,MA_Crossover(35,44),4944.0,5023.75,4640.8286,4589.1534,51.6752,1.0,1.0,67.75,67.75,5023.75,12657.25
2016-03-10 00:00:00,MA_Crossover(35,44),4900.5,4980.25,4654.1,4598.5852,55.5148,1.0,1.0,-43.5,-43.5,4980.25,12613.75
2016-03-11 00:00:00,MA_Crossover(35,44),4986.0,5065.75,4669.3571,4612.3295,57.0276,1.0,1.0,85.5,85.5,5065.75,12699.25
2016-03-14 00:00:00,MA_Crossover(35,44),4971.5,5051.25,4685.05,4626.5795,58.4705,1.0,1.0,-14.5,-14.5,5051.25,12684.75
2016-03-15 00:00:00,MA_Crossover(35,44),4960.5,5049.25,4696.8714,4639.5852,57.2862,1.0,1.0,-2.0,-2.0,5049.25,12682.75
2016-03-16 00:00:00,MA_Crossover(35,44),4948.0,5036.75,4706.8786,4651.6193,55.2593,1.0,1.0,-12.5,-12.5,5036.75,12670.25
2016-03-17 00:00:00,MA_Crossover(35,44),5086.0,5172.75,4722.5429,4668.858,53.6849,1.0,1.0,136.0,136.0,5172.75,12806.25
2016-03-18 00:00:00,MA_Crossover(35,44),5059.5,5154.25,4736.5571,4684.3466,52.2106,1.0,1.0,-18.5,-18.5,5154.25,12787.75
2016-03-21 00:00:00,MA_Crossover(35,44),5079.0,5173.75,4751.1286,4699.5568,51.5718,1.0,1.0,19.5,19.5,5173.75,12807.25
2016-03-22 00:00:00,MA_Crossover(35,44),5081.5,5176.25,4766.1286,4715.9432,50.1854,1.0,1.0,2.5,2.5,5176.25,12809.75
2016-03-23 00:00:00,MA_Crossover(35,44),4966.5,5061.25,4775.4286,4728.0,47.4286,1.0,1.0,-115.0,-115.0,5061.25,12694.75
2016-03-24 00:00:00,MA_Crossover(35,44),4970.0,5064.75,4783.3214,4739.7727,43.5487,1.0,1.0,3.5,3.5,5064.75,12698.25
2016-03-29 00:00:00,MA_Crossover(35,44),4912.5,5007.25,4791.2429,4750.9148,40.3281,1.0,1.0,-57.5,-57.5,5007.25,12640.75
2016-03-30 00:00:00,MA_Crossover(35,44),4898.0,4992.75,4799.3071,4758.8977,40.4094,1.0,1.0,-14.5,-14.5,4992.75,12626.25
2016-03-31 00:00:00,MA_Crossover(35,44),4872.5,4967.25,4809.4857,4765.142,44.3437,1.0,1.0,-25.5,-25.5,4967.25,12600.75
2016-04-01 00:00:00,MA_Crossover(35,44),4855.25,4950.0,4821.0071,4772.358,48.6492,1.0,1.0,-17.25,-17.25,4950.0,12583.5
2016-04-04 00:00:00,MA_Crossover(35,44),4777.25,4872.0,4830.2286,4777.0909,53.1377,1.0,1.0,-78.0,-78.0,4872.0,12505.5
2016-04-05 00:00:00,MA_Crossover(35,44),4791.75,4886.5,4838.3643,4782.1534,56.2109,1.0,1.0,14.5,14.5,4886.5,12520.0
2016-04-06 00:00:00,MA_Crossover(35,44),4804.5,4899.25,4844.9929,4787.7898,57.2031,1.0,1.0,12.75,12.75,4899.25,12532.75
2016-04-07 00:00:00,MA_Crossover(35,44),4665.5,4760.25,4847.95,4788.3466,59.6034,1.0,1.0,-139.0,-139.0,4760.25,12393.75
2016-04-08 00:00:00,MA_Crossover(35,44),4664.75,4759.5,4849.9857,4787.6875,62.2982,1.0,1.0,-0.75,-0.75,4759.5,12393.0
2016-04-11 00:00:00,MA_Crossover(35,44),4679.5,4774.25,4852.8071,4788.6932,64.114,1.0,1.0,14.75,14.75,4774.25,12407.75
2016-04-12 00:00:00,MA_Crossover(35,44),4788.5,4883.25,4857.4,4792.6193,64.7807,1.0,1.0,109.0,109.0,4883.25,12516.75
2016-04-13 00:00:00,MA_Crossover(35,44),4849.0,4943.75,4861.6,4800.1818,61.4182,1.0,1.0,60.5,60.5,4943.75,12577.25
2016-04-14 00:00:00,MA_Crossover(35,44),4848.75,4943.5,4867.2286,4809.1989,58.0297,1.0,1.0,-0.25,-0.25,4943.5,12577.0
2016-04-15 00:00:00,MA_Crossover(35,44),4828.5,4923.25,4872.3143,4817.6989,54.6154,1.0,1.0,-20.25,-20.25,4923.25,12556.75
2016-04-18 00:00:00,MA_Crossover(35,44),4850.0,4944.75,4879.15,4825.4943,53.6557,1.0,1.0,21.5,21.5,4944.75,12578.25
2016-04-19 00:00:00,MA_Crossover(35,44),4945.25,5047.75,4885.6929,4833.9659,51.7269,1.0,1.0,103.0,103.0,5047.75,12681.25
2016-04-20 00:00:00,MA_Crossover(35,44),4990.5,5092.75,4893.8357,4843.7045,50.1312,1.0,1.0,45.0,45.0,5092.75,12726.25
2016-04-21 00:00:00,MA_Crossover(35,44),5009.75,5110.75,4901.9143,4853.1648,48.7495,1.0,1.0,18.0,18.0,5110.75,12744.25
2016-04-22 00:00:00,MA_Crossover(35,44),5045.25,5153.0,4908.9643,4863.7216,45.2427,1.0,1.0,42.25,42.25,5153.0,12786.5
2016-04-25 00:00:00,MA_Crossover(35,44),5008.25,5116.0,4913.0857,4872.3693,40.7164,1.0,1.0,-37.0,-37.0,5116.0,12749.5
2016-04-26 00:00:00,MA_Crossover(35,44),4974.0,5081.75,4911.2929,4878.5511,32.7417,1.0,1.0,-34.25,-34.25,5081.75,12715.25
2016-04-27 00:00:00,MA_Crossover(35,44),4915.5,5023.25,4908.6857,4884.5455,24.1403,1.0,1.0,-58.5,-58.5,5023.25,12656.75
2016-04-28 00:00:00,MA_Crossover(35,44),4957.25,5065.0,4911.0,4891.517,19.483,1.0,1.0,41.75,41.75,5065.0,12698.5
2016-04-29 00:00:00,MA_Crossover(35,44),5064.0,5171.75,4914.4286,4901.8182,12.6104,1.0,1.0,106.75,106.75,5171.75,12805.25
2016-05-03 00:00:00,MA_Crossover(35,44),4929.25,5037.0,4915.25,4906.6591,8.5909,1.0,1.0,-134.75,-134.75,5037.0,12670.5
2016-05-04 00:00:00,MA_Crossover(35,44),4877.5,4985.25,4912.15,4910.5682,1.5818,1.0,1.0,-51.75,-51.75,4985.25,12618.75
2016-05-05 00:00:00,MA_Crossover(35,44),4799.25,4907.0,4907.2286,4912.2102,-4.9817,-1.0,1.0,-78.25,-78.25,4907.0,12540.5
2016-05-06 00:00:00,MA_Crossover(35,44),4823.0,4930.75,4903.3,4912.767,-9.467,-1.0,-1.0,23.75,-23.75,-4930.75,12516.75
2016-05-09 00:00:00,MA_Crossover(35,44),4697.5,4805.25,4896.1429,4908.983,-12.8401,-1.0,-1.0,-125.5,125.5,-4805.25,12642.25
2016-05-10 00:00:00,MA_Crossover(35,44),4691.25,4799.0,4884.8643,4901.1307,-16.2664,-1.0,-1.0,-6.25,6.25,-4799.0,12648.5
2016-05-11 00:00:00,MA_Crossover(35,44),4719.75,4827.5,4875.1571,4894.608,-19.4508,-1.0,-1.0,28.5,-28.5,-4827.5,12620.0
2016-05-12 00:00:00,MA_Crossover(35,44),4628.0,4735.75,4862.2714,4888.9659,-26.6945,-1.0,-1.0,-91.75,91.75,-4735.75,12711.75
2016-05-13 00:00:00,MA_Crossover(35,44),4636.5,4744.25,4849.5571,4881.9773,-32.4201,-1.0,-1.0,8.5,-8.5,-4744.25,12703.25
2016-05-16 00:00:00,MA_Crossover(35,44),4649.5,4757.25,4840.5,4876.2727,-35.7727,-1.0,-1.0,13.0,-13.0,-4757.25,12690.25
2016-05-17 00:00:00,MA_Crossover(35,44),4659.5,4768.0,4831.6286,4868.8523,-37.2237,-1.0,-1.0,10.75,-10.75,-4768.0,12679.5
2016-05-18 00:00:00,MA_Crossover(35,44),4619.25,4726.25,4823.25,4860.8466,-37.5966,-1.0,-1.0,-41.75,41.75,-4726.25,12721.25
2016-05-19 00:00:00,MA_Crossover(35,44),4587.75,4694.25,4814.3857,4852.375,-37.9893,-1.0,-1.0,-32.0,32.0,-4694.25,12753.25
2016-05-20 00:00:00,MA_Crossover(35,44),4584.0,4694.0,4806.1429,4844.1023,-37.9594,-1.0,-1.0,-0.25,0.25,-4694.0,12753.5
2016-05-23 00:00:00,MA_Crossover(35,44),4568.5,4678.5,4797.95,4832.3409,-34.3909,-1.0,-1.0,-15.5,15.5,-4678.5,12769.0
2016-05-24 00:00:00,MA_Crossover(35,44),4610.0,4720.0,4793.1714,4822.125,-28.9536,-1.0,-1.0,41.5,-41.5,-4720.0,12727.5
2016-05-25 00:00:00,MA_Crossover(35,44),4662.25,4772.25,4789.4714,4812.6534,-23.182,-1.0,-1.0,52.25,-52.25,-4772.25,12675.25
2016-05-26 00:00:00,MA_Crossover(35,44),4669.25,4779.25,4785.6071,4803.2841,-17.6769,-1.0,-1.0,7.0,-7.0,-4779.25,12668.25
2016-05-27 00:00:00,MA_Crossover(35,44),4704.5,4814.5,4786.7214,4797.3295,-10.6081,-1.0,-1.0,35.25,-35.25,-4814.5,12633.0
2016-05-31 00:00:00,MA_Crossover(35,44),4680.25,4790.25,4787.1643,4790.7443,-3.58,-1.0,-1.0,-24.25,24.25,-4790.25,12657.25
2016-06-01 00:00:00,MA_Crossover(35,44),4625.0,4735.0,4785.6071,4784.2102,1.3969,1.0,-1.0,-55.25,55.25,-4735.0,12712.5
2016-06-02 00:00:00,MA_Crossover(35,44),4614.0,4724.0,4780.6214,4777.7557,2.8657,1.0,1.0,-11.0,-11.0,4724.0,12701.5
2016-06-03 00:00:00,MA_Crossover(35,44),4694.0,4804.0,4776.1929,4773.6989,2.494,1.0,1.0,80.0,80.0,4804.0,12781.5
2016-06-06 00:00:00,MA_Crossover(35,44),4687.5,4797.5,4771.5857,4769.8864,1.6994,1.0,1.0,-6.5,-6.5,4797.5,12775.0
2016-06-07 00:00:00,MA_Crossover(35,44),4564.0,4674.0,4764.0286,4765.0398,-1.0112,-1.0,1.0,-123.5,-123.5,4674.0,12651.5
2016-06-08 00:00:00,MA_Crossover(35,44),4570.25,4680.25,4756.0357,4760.0057,-3.97,-1.0,-1.0,6.25,-6.25,-4680.25,12645.25
2016-06-09 00:00:00,MA_Crossover(35,44),4502.0,4612.0,4743.3714,4753.1307,-9.7593,-1.0,-1.0,-68.25,68.25,-4612.0,12713.5
2016-06-10 00:00:00,MA_Crossover(35,44),4496.5,4606.5,4729.2571,4749.2898,-20.0326,-1.0,-1.0,-5.5,5.5,-4606.5,12719.0
2016-06-13 00:00:00,MA_Crossover(35,44),4540.5,4650.5,4715.85,4746.4659,-30.6159,-1.0,-1.0,44.0,-44.0,-4650.5,12675.0
2016-06-14 00:00:00,MA_Crossover(35,44),4504.75,4609.5,4700.4071,4742.4943,-42.0872,-1.0,-1.0,-41.0,41.0,-4609.5,12716.0
2016-06-15 00:00:00,MA_Crossover(35,44),4635.25,4739.25,4689.75,4739.0114,-49.2614,-1.0,-1.0,129.75,-129.75,-4739.25,12586.25
2016-06-16 00:00:00,MA_Crossover(35,44),4534.5,4637.5,4677.1929,4731.8636,-54.6708,-1.0,-1.0,-101.75,101.75,-4637.5,12688.0
2016-06-17 00:00:00,MA_Crossover(35,44),4550.5,4651.0,4666.7643,4725.0852,-58.3209,-1.0,-1.0,13.5,-13.5,-4651.0,12674.5
2016-06-20 00:00:00,MA_Crossover(35,44),4642.75,4743.25,4657.7786,4720.8636,-63.0851,-1.0,-1.0,92.25,-92.25,-4743.25,12582.25
2016-06-21 00:00:00,MA_Crossover(35,44),4667.25,4767.75,4646.4429,4716.7102,-70.2674,-1.0,-1.0,24.5,-24.5,-4767.75,12557.75
2016-06-22 00:00:00,MA_Crossover(35,44),4700.0,4800.5,4639.8929,4711.1364,-71.2435,-1.0,-1.0,32.75,-32.75,-4800.5,12525.0
2016-06-23 00:00:00,MA_Crossover(35,44),4781.0,4881.5,4637.1357,4706.375,-69.2393,-1.0,-1.0,81.0,-81.0,-4881.5,12444.0
2016-06-24 00:00:00,MA_Crossover(35,44),4695.5,4796.0,4634.1714,4699.233,-65.0615,-1.0,-1.0,-85.5,85.5,-4796.0,12529.5
2016-06-27 00:00:00,MA_Crossover(35,44),4704.75,4805.25,4630.7929,4691.4943,-60.7015,-1.0,-1.0,9.25,-9.25,-4805.25,12520.25
2016-06-28 00:00:00,MA_Crossover(35,44),4814.25,4914.75,4634.1286,4687.0852,-52.9567,-1.0,-1.0,109.5,-109.5,-4914.75,12410.75
2016-06-29 00:00:00,MA_Crossover(35,44),4834.25,4934.75,4638.2143,4683.9091,-45.6948,-1.0,-1.0,20.0,-20.0,-4934.75,12390.75
2016-06-30 00:00:00,MA_Crossover(35,44),4841.75,4942.25,4641.7,4682.233,-40.533,-1.0,-1.0,7.5,-7.5,-4942.25,12383.25
2016-07-01 00:00:00,MA_Crossover(35,44),4903.5,5004.0,4649.5714,4681.0114,-31.4399,-1.0,-1.0,61.75,-61.75,-5004.0,12321.5
2016-07-04 00:00:00,MA_Crossover(35,44),4883.25,4983.75,4656.6214,4676.9034,-20.282,-1.0,-1.0,-20.25,20.25,-4983.75,12341.75
2016-07-05 00:00:00,MA_Crossover(35,44),4802.75,4903.25,4661.0,4674.0284,-13.0284,-1.0,-1.0,-80.5,80.5,-4903.25,12422.25
2016-07-06 00:00:00,MA_Crossover(35,44),4736.0,4836.5,4663.1857,4670.8125,-7.6268,-1.0,-1.0,-66.75,66.75,-4836.5,12489.0
2016-07-07 00:00:00,MA_Crossover(35,44),4673.5,4774.0,4664.7357,4667.9545,-3.2188,-1.0,-1.0,-62.5,62.5,-4774.0,12551.5
2016-07-08 00:00:00,MA_Crossover(35,44),4697.75,4798.25,4667.8786,4665.108,2.7706,1.0,-1.0,24.25,-24.25,-4798.25,12527.25
2016-07-11 00:00:00,MA_Crossover(35,44),4732.0,4832.5,4672.1071,4665.892,6.2151,1.0,1.0,34.25,34.25,4832.5,12561.5
2016-07-12 00:00:00,MA_Crossover(35,44),4851.0,4951.5,4680.1786,4669.5227,10.6558,1.0,1.0,119.0,119.0,4951.5,12680.5
2016-07-13 00:00:00,MA_Crossover(35,44),4919.75,5020.25,4689.0286,4674.0682,14.9604,1.0,1.0,68.75,68.75,5020.25,12749.25
2016-07-14 00:00:00,MA_Crossover(35,44),4922.5,5023.0,4696.4643,4680.7614,15.7029,1.0,1.0,2.75,2.75,5023.0,12752.0
2016-07-15 00:00:00,MA_Crossover(35,44),4900.0,5000.5,4703.0571,4686.75,16.3071,1.0,1.0,-22.5,-22.5,5000.5,12729.5
2016-07-18 00:00:00,MA_Crossover(35,44),4922.0,5022.5,4709.2714,4692.9432,16.3282,1.0,1.0,22.0,22.0,5022.5,12751.5
2016-07-19 00:00:00,MA_Crossover(35,44),4975.0,5072.75,4717.6929,4700.1136,17.5792,1.0,1.0,50.25,50.25,5072.75,12801.75
2016-07-20 00:00:00,MA_Crossover(35,44),4959.5,5057.0,4727.25,4707.8466,19.4034,1.0,1.0,-15.75,-15.75,5057.0,12786.0
2016-07-21 00:00:00,MA_Crossover(35,44),4970.0,5067.25,4737.4214,4716.5341,20.8873,1.0,1.0,10.25,10.25,5067.25,12796.25
2016-07-22 00:00:00,MA_Crossover(35,44),4914.5,5007.0,4743.7214,4724.0455,19.676,1.0,1.0,-60.25,-60.25,5007.0,12736.0
2016-07-25 00:00:00,MA_Crossover(35,44),4891.75,4984.25,4749.5571,4731.392,18.1651,1.0,1.0,-22.75,-22.75,4984.25,12713.25
2016-07-26 00:00:00,MA_Crossover(35,44),4921.5,5014.0,4759.7714,4738.4716,21.2998,1.0,1.0,29.75,29.75,5014.0,12743.0
2016-07-27 00:00:00,MA_Crossover(35,44),4841.5,4934.0,4767.5214,4742.5455,24.976,1.0,1.0,-80.0,-80.0,4934.0,12663.0
2016-07-28 00:00:00,MA_Crossover(35,44),4887.75,4980.25,4778.5429,4747.5114,31.0315,1.0,1.0,46.25,46.25,4980.25,12709.25
2016-07-29 00:00:00,MA_Crossover(35,44),4917.25,5009.75,4790.5643,4752.3466,38.2177,1.0,1.0,29.5,29.5,5009.75,12738.75
2016-08-01 00:00:00,MA_Crossover(35,44),4871.0,4963.5,4800.0071,4756.6818,43.3253,1.0,1.0,-46.25,-46.25,4963.5,12692.5
2016-08-02 00:00:00,MA_Crossover(35,44),4881.75,4974.25,4810.7786,4762.517,48.2615,1.0,1.0,10.75,10.75,4974.25,12703.25
2016-08-03 00:00:00,MA_Crossover(35,44),4862.5,4955.0,4817.2714,4768.1648,49.1067,1.0,1.0,-19.25,-19.25,4955.0,12684.0
2016-08-04 00:00:00,MA_Crossover(35,44),4818.0,4910.5,4825.3714,4770.983,54.3885,1.0,1.0,-44.5,-44.5,4910.5,12639.5
2016-08-05 00:00:00,MA_Crossover(35,44),4779.25,4871.75,4831.9071,4773.0682,58.839,1.0,1.0,-38.75,-38.75,4871.75,12600.75
2016-08-08 00:00:00,MA_Crossover(35,44),4801.0,4893.5,4836.4286,4778.4545,57.974,1.0,1.0,21.75,21.75,4893.5,12622.5
2016-08-09 00:00:00,MA_Crossover(35,44),4770.25,4862.75,4839.3714,4783.0,56.3714,1.0,1.0,-30.75,-30.75,4862.75,12591.75
2016-08-10 00:00:00,MA_Crossover(35,44),4816.25,4908.75,4842.6929,4790.142,52.5508,1.0,1.0,46.0,46.0,4908.75,12637.75
2016-08-11 00:00:00,MA_Crossover(35,44),4839.5,4932.0,4844.3643,4797.9375,46.4268,1.0,1.0,23.25,23.25,4932.0,12661.0
2016-08-12 00:00:00,MA_Crossover(35,44),4749.25,4841.75,4845.9,4802.6818,43.2182,1.0,1.0,-90.25,-90.25,4841.75,12570.75
2016-08-15 00:00:00,MA_Crossover(35,44),4759.75,4852.25,4847.4714,4808.4773,38.9942,1.0,1.0,10.5,10.5,4852.25,12581.25
2016-08-16 00:00:00,MA_Crossover(35,44),4803.0,4900.0,4847.15,4812.2898,34.8602,1.0,1.0,47.75,47.75,4900.0,12629.0
2016-08-17 00:00:00,MA_Crossover(35,44),4765.0,4862.75,4845.1714,4817.5284,27.643,1.0,1.0,-37.25,-37.25,4862.75,12591.75
2016-08-18 00:00:00,MA_Crossover(35,44),4799.0,4897.0,4843.95,4823.1761,20.7739,1.0,1.0,34.25,34.25,4897.0,12626.0
2016-08-19 00:00:00,MA_Crossover(35,44),4789.25,4882.25,4840.6857,4826.5057,14.18,1.0,1.0,-14.75,-14.75,4882.25,12611.25
2016-08-22 00:00:00,MA_Crossover(35,44),4738.5,4831.5,4836.55,4828.125,8.425,1.0,1.0,-50.75,-50.75,4831.5,12560.5
2016-08-23 00:00:00,MA_Crossover(35,44),4698.0,4791.0,4833.5571,4828.0795,5.4776,1.0,1.0,-40.5,-40.5,4791.0,12520.0
2016-08-24 00:00:00,MA_Crossover(35,44),4621.0,4714.0,4830.2714,4824.4432,5.8282,1.0,1.0,-77.0,-77.0,4714.0,12443.0
2016-08-25 00:00:00,MA_Crossover(35,44),4617.0,4710.0,4828.6571,4822.6591,5.9981,1.0,1.0,-4.0,-4.0,4710.0,12439.0
2016-08-26 00:00:00,MA_Crossover(35,44),4604.0,4697.0,4825.9786,4820.3693,5.6093,1.0,1.0,-13.0,-13.0,4697.0,12426.0
2016-08-30 00:00:00,MA_Crossover(35,44),4596.0,4689.0,4822.0929,4815.4091,6.6838,1.0,1.0,-8.0,-8.0,4689.0,12418.0
2016-08-31 00:00:00,MA_Crossover(35,44),4607.25,4700.25,4815.1286,4810.25,4.8786,1.0,1.0,11.25,11.25,4700.25,12429.25
2016-09-01 00:00:00,MA_Crossover(35,44),4620.0,4713.0,4806.5643,4805.2102,1.3541,1.0,1.0,12.75,12.75,4713.0,12442.0
2016-09-02 00:00:00,MA_Crossover(35,44),4617.25,4710.25,4797.8429,4798.7045,-0.8617,-1.0,1.0,-2.75,-2.75,4710.25,12439.25
2016-09-05 00:00:00,MA_Crossover(35,44),4614.25,4707.25,4789.6786,4792.5909,-2.9123,-1.0,-1.0,-3.0,3.0,-4707.25,12442.25
2016-09-06 00:00:00,MA_Crossover(35,44),4607.5,4700.5,4780.6929,4788.1534,-7.4606,-1.0,-1.0,-6.75,6.75,-4700.5,12449.0
2016-09-07 00:00:00,MA_Crossover(35,44),4636.75,4729.75,4771.0286,4785.8977,-14.8692,-1.0,-1.0,29.25,-29.25,-4729.75,12419.75
2016-09-08 00:00:00,MA_Crossover(35,44),4650.0,4743.0,4762.1857,4785.3636,-23.1779,-1.0,-1.0,13.25,-13.25,-4743.0,12406.5
2016-09-09 00:00:00,MA_Crossover(35,44),4618.5,4711.5,4752.1429,4783.5625,-31.4196,-1.0,-1.0,-31.5,31.5,-4711.5,12438.0
2016-09-12 00:00:00,MA_Crossover(35,44),4632.5,4725.5,4744.0857,4781.3011,-37.2154,-1.0,-1.0,14.0,-14.0,-4725.5,12424.0
2016-09-13 00:00:00,MA_Crossover(35,44),4637.0,4730.0,4736.8071,4776.4375,-39.6304,-1.0,-1.0,4.5,-4.5,-4730.0,12419.5
2016-09-14 00:00:00,MA_Crossover(35,44),4757.75,4850.75,4732.1286,4772.7557,-40.6271,-1.0,-1.0,120.75,-120.75,-4850.75,12298.75
2016-09-15 00:00:00,MA_Crossover(35,44),4765.5,4858.5,4729.9571,4769.1875,-39.2304,-1.0,-1.0,7.75,-7.75,-4858.5,12291.0
2016-09-16 00:00:00,MA_Crossover(35,44),4772.0,4865.0,4726.65,4766.2784,-39.6284,-1.0,-1.0,6.5,-6.5,-4865.0,12284.5
2016-09-19 00:00:00,MA_Crossover(35,44),4753.25,4846.25,4721.9643,4762.4432,-40.4789,-1.0,-1.0,-18.75,18.75,-4846.25,12303.25
2016-09-20 00:00:00,MA_Crossover(35,44),4779.75,4869.0,4719.3571,4758.0057,-38.6485,-1.0,-1.0,22.75,-22.75,-4869.0,12280.5
2016-09-21 00:00:00,MA_Crossover(35,44),4749.75,4838.75,4715.5857,4753.2386,-37.6529,-1.0,-1.0,-30.25,30.25,-4838.75,12310.75
2016-09-22 00:00:00,MA_Crossover(35,44),4842.75,4930.75,4715.0214,4750.3466,-35.3252,-1.0,-1.0,92.0,-92.0,-4930.75,12218.75
2016-09-23 00:00:00,MA_Crossover(35,44),4842.0,4924.0,4715.7071,4748.6989,-32.9917,-1.0,-1.0,-6.75,6.75,-4924.0,12225.5
2016-09-26 00:00:00,MA_Crossover(35,44),4828.75,4910.75,4717.1214,4747.267,-30.1456,-1.0,-1.0,-13.25,13.25,-4910.75,12238.75
2016-09-27 00:00:00,MA_Crossover(35,44),4776.75,4858.75,4716.4286,4743.9773,-27.5487,-1.0,-1.0,-52.0,52.0,-4858.75,12290.75
2016-09-28 00:00:00,MA_Crossover(35,44),4808.0,4890.0,4717.5071,4743.2159,-25.7088,-1.0,-1.0,31.25,-31.25,-4890.0,12259.5
2016-09-29 00:00:00,MA_Crossover(35,44),4830.75,4912.75,4717.9214,4741.9205,-23.999,-1.0,-1.0,22.75,-22.75,-4912.75,12236.75
2016-09-30 00:00:00,MA_Crossover(35,44),4853.0,4935.0,4718.3071,4740.4602,-22.1531,-1.0,-1.0,22.25,-22.25,-4935.0,12214.5
2016-10-03 00:00:00,MA_Crossover(35,44),4804.75,4886.75,4719.8929,4738.9545,-19.0617,-1.0,-1.0,-48.25,48.25,-4886.75,12262.75
2016-10-04 00:00:00,MA_Crossover(35,44),4789.0,4871.0,4720.7286,4736.8466,-16.118,-1.0,-1.0,-15.75,15.75,-4871.0,12278.5
2016-10-05 00:00:00,MA_Crossover(35,44),4783.5,4865.5,4720.1714,4735.0511,-14.8797,-1.0,-1.0,-5.5,5.5,-4865.5,12284.0
2016-10-06 00:00:00,MA_Crossover(35,44),4740.25,4822.25,4719.4643,4733.2841,-13.8198,-1.0,-1.0,-43.25,43.25,-4822.25,12327.25
2016-10-07 00:00:00,MA_Crossover(35,44),4760.75,4842.75,4718.3714,4732.8636,-14.4922,-1.0,-1.0,20.5,-20.5,-4842.75,12306.75
2016-10-10 00:00:00,MA_Crossover(35,44),4830.75,4912.75,4719.5571,4733.5398,-13.9826,-1.0,-1.0,70.0,-70.0,-4912.75,12236.75
2016-10-11 00:00:00,MA_Crossover(35,44),4793.5,4875.5,4721.1286,4734.0682,-12.9396,-1.0,-1.0,-37.25,37.25,-4875.5,12274.0
2016-10-12 00:00:00,MA_Crossover(35,44),4793.75,4875.75,4723.8643,4733.5568,-9.6925,-1.0,-1.0,0.25,-0.25,-4875.75,12273.75
2016-10-13 00:00:00,MA_Crossover(35,44),4692.5,4774.5,4725.9071,4730.2159,-4.3088,-1.0,-1.0,-101.25,101.25,-4774.5,12375.0
2016-10-14 00:00:00,MA_Crossover(35,44),4655.75,4737.75,4727.0143,4728.0909,-1.0766,-1.0,-1.0,-36.75,36.75,-4737.75,12411.75
2016-10-17 00:00:00,MA_Crossover(35,44),4653.5,4735.5,4728.4286,4725.6761,2.7524,1.0,-1.0,-2.25,2.25,-4735.5,12414.0
2016-10-18 00:00:00,MA_Crossover(35,44),4669.25,4748.5,4730.5214,4722.6364,7.8851,1.0,1.0,13.0,13.0,4748.5,12427.0
2016-10-19 00:00:00,MA_Crossover(35,44),4660.0,4739.0,4732.0286,4720.25,11.7786,1.0,1.0,-9.5,-9.5,4739.0,12417.5
2016-10-20 00:00:00,MA_Crossover(35,44),4641.0,4720.0,4732.6286,4716.6591,15.9695,1.0,1.0,-19.0,-19.0,4720.0,12398.5
2016-10-21 00:00:00,MA_Crossover(35,44),4623.5,4695.75,4732.8071,4712.892,19.9151,1.0,1.0,-24.25,-24.25,4695.75,12374.25
2016-10-24 00:00:00,MA_Crossover(35,44),4626.75,4699.0,4733.1643,4710.3523,22.812,1.0,1.0,3.25,3.25,4699.0,12377.5
2016-10-25 00:00:00,MA_Crossover(35,44),4726.25,4798.5,4736.5571,4710.9943,25.5628,1.0,1.0,99.5,99.5,4798.5,12477.0
2016-10-26 00:00:00,MA_Crossover(35,44),4733.75,4806.0,4739.3286,4713.5568,25.7718,1.0,1.0,7.5,7.5,4806.0,12484.5
2016-10-27 00:00:00,MA_Crossover(35,44),4783.25,4855.5,4743.1357,4717.3352,25.8005,1.0,1.0,49.5,49.5,4855.5,12534.0
2016-10-28 00:00:00,MA_Crossover(35,44),4835.0,4907.25,4749.3214,4722.5852,26.7362,1.0,1.0,51.75,51.75,4907.25,12585.75
2016-10-31 00:00:00,MA_Crossover(35,44),4844.25,4916.5,4755.3714,4728.2273,27.1442,1.0,1.0,9.25,9.25,4916.5,12595.0
2016-11-01 00:00:00,MA_Crossover(35,44),4911.25,4983.5,4763.2071,4735.1364,28.0708,1.0,1.0,67.0,67.0,4983.5,12662.0
2016-11-02 00:00:00,MA_Crossover(35,44),4911.25,4983.5,4767.5929,4741.7557,25.8372,1.0,1.0,0.0,0.0,4983.5,12662.0
2016-11-03 00:00:00,MA_Crossover(35,44),4951.0,5023.25,4772.8929,4749.3409,23.5519,1.0,1.0,39.75,39.75,5023.25,12701.75
2016-11-04 00:00:00,MA_Crossover(35,44),4980.75,5053.0,4778.8571,4757.6705,21.1867,1.0,1.0,29.75,29.75,5053.0,12731.5
2016-11-07 00:00:00,MA_Crossover(35,44),5084.75,5157.0,4788.3286,4768.517,19.8115,1.0,1.0,104.0,104.0,5157.0,12835.5
2016-11-08 00:00:00,MA_Crossover(35,44),5222.25,5294.5,4800.9714,4781.8239,19.1476,1.0,1.0,137.5,137.5,5294.5,12973.0
2016-11-09 00:00:00,MA_Crossover(35,44),5400.0,5472.25,4819.55,4798.8693,20.6807,1.0,1.0,177.75,177.75,5472.25,13150.75
2016-11-10 00:00:00,MA_Crossover(35,44),5588.5,5660.75,4840.8571,4820.9148,19.9424,1.0,1.0,188.5,188.5,5660.75,13339.25
2016-11-11 00:00:00,MA_Crossover(35,44),5541.25,5613.5,4860.8357,4841.5682,19.2675,1.0,1.0,-47.25,-47.25,5613.5,13292.0
2016-11-14 00:00:00,MA_Crossover(35,44),5552.5,5624.75,4881.5143,4862.375,19.1393,1.0,1.0,11.25,11.25,5624.75,13303.25
2016-11-15 00:00:00,MA_Crossover(35,44),5521.0,5593.25,4902.7786,4879.7216,23.057,1.0,1.0,-31.5,-31.5,5593.25,13271.75
2016-11-16 00:00:00,MA_Crossover(35,44),5428.5,5501.75,4920.5071,4894.7898,25.7174,1.0,1.0,-91.5,-91.5,5501.75,13180.25
2016-11-17 00:00:00,MA_Crossover(35,44),5489.25,5563.0,4939.3214,4911.0909,28.2305,1.0,1.0,61.25,61.25,5563.0,13241.5
2016-11-18 00:00:00,MA_Crossover(35,44),5417.5,5487.75,4955.45,4926.1875,29.2625,1.0,1.0,-75.25,-75.25,5487.75,13166.25
2016-11-21 00:00:00,MA_Crossover(35,44),5552.0,5622.25,4976.8,4943.7386,33.0614,1.0,1.0,134.5,134.5,5622.25,13300.75
2016-11-22 00:00:00,MA_Crossover(35,44),5604.0,5674.25,5000.0857,4963.1534,36.9323,1.0,1.0,52.0,52.0,5674.25,13352.75
2016-11-23 00:00:00,MA_Crossover(35,44),5731.5,5801.75,5027.1714,4983.3523,43.8192,1.0,1.0,127.5,127.5,5801.75,13480.25
2016-11-24 00:00:00,MA_Crossover(35,44),5858.5,5928.75,5059.1214,5006.4545,52.6669,1.0,1.0,127.0,127.0,5928.75,13607.25
2016-11-25 00:00:00,MA_Crossover(35,44),5868.0,5938.25,5090.7571,5030.0739,60.6833,1.0,1.0,9.5,9.5,5938.25,13616.75
2016-11-28 00:00:00,MA_Crossover(35,44),5868.25,5938.5,5120.4,5054.8807,65.5193,1.0,1.0,0.25,0.25,5938.5,13617.0
2016-11-29 00:00:00,MA_Crossover(35,44),5692.0,5762.25,5146.0714,5074.9716,71.0998,1.0,1.0,-176.25,-176.25,5762.25,13440.75
2016-11-30 00:00:00,MA_Crossover(35,44),5814.25,5884.5,5175.2286,5097.3239,77.9047,1.0,1.0,122.25,122.25,5884.5,13563.0
2016-12-01 00:00:00,MA_Crossover(35,44),5783.0,5853.25,5206.3857,5118.4602,87.9255,1.0,1.0,-31.25,-31.25,5853.25,13531.75
2016-12-02 00:00:00,MA_Crossover(35,44),5756.0,5826.25,5237.8214,5140.0795,97.7419,1.0,1.0,-27.0,-27.0,5826.25,13504.75
2016-12-05 00:00:00,MA_Crossover(35,44),5945.0,6015.25,5274.7214,5166.3523,108.3692,1.0,1.0,189.0,189.0,6015.25,13693.75
2016-12-06 00:00:00,MA_Crossover(35,44),5876.25,5946.5,5309.2071,5191.1875,118.0196,1.0,1.0,-68.75,-68.75,5946.5,13625.0
2016-12-07 00:00:00,MA_Crossover(35,44),5778.75,5849.0,5341.1714,5214.7898,126.3817,1.0,1.0,-97.5,-97.5,5849.0,13527.5
2016-12-08 00:00:00,MA_Crossover(35,44),5778.75,5849.0,5373.6786,5237.9261,135.7524,1.0,1.0,0.0,0.0,5849.0,13527.5
2016-12-09 00:00:00,MA_Crossover(35,44),5821.0,5891.25,5407.8929,5260.4318,147.461,1.0,1.0,42.25,42.25,5891.25,13569.75
2016-12-12 00:00:00,MA_Crossover(35,44),5754.5,5824.75,5440.1143,5282.2727,157.8416,1.0,1.0,-66.5,-66.5,5824.75,13503.25
2016-12-13 00:00:00,MA_Crossover(35,44),5678.0,5748.25,5467.3071,5302.3693,164.9378,1.0,1.0,-76.5,-76.5,5748.25,13426.75
2016-12-14 00:00:00,MA_Crossover(35,44),5715.5,5785.75,5495.3571,5325.6193,169.7378,1.0,1.0,37.5,37.5,5785.75,13464.25
2016-12-15 00:00:00,MA_Crossover(35,44),5723.5,5793.75,5522.2214,5349.8864,172.3351,1.0,1.0,8.0,8.0,5793.75,13472.25
2016-12-16 00:00:00,MA_Crossover(35,44),5629.75,5700.0,5544.9286,5372.0739,172.8547,1.0,1.0,-93.75,-93.75,5700.0,13378.5
2016-12-19 00:00:00,MA_Crossover(35,44),5486.5,5556.75,5563.2786,5390.6477,172.6308,1.0,1.0,-143.25,-143.25,5556.75,13235.25
2016-12-20 00:00:00,MA_Crossover(35,44),5493.5,5567.75,5579.9143,5409.5909,170.3234,1.0,1.0,11.0,11.0,5567.75,13246.25
2016-12-21 00:00:00,MA_Crossover(35,44),5506.25,5580.5,5596.9143,5429.2557,167.6586,1.0,1.0,12.75,12.75,5580.5,13259.0
2016-12-22 00:00:00,MA_Crossover(35,44),5509.25,5583.5,5612.8643,5449.3864,163.4779,1.0,1.0,3.0,3.0,5583.5,13262.0
2016-12-23 00:00:00,MA_Crossover(35,44),5460.75,5530.5,5626.5786,5468.3409,158.2377,1.0,1.0,-53.0,-53.0,5530.5,13209.0
2016-12-28 00:00:00,MA_Crossover(35,44),5536.25,5606.0,5639.4786,5486.75,152.7286,1.0,1.0,75.5,75.5,5606.0,13284.5
2016-12-29 00:00:00,MA_Crossover(35,44),5476.0,5545.75,5646.7286,5503.6193,143.1093,1.0,1.0,-60.25,-60.25,5545.75,13224.25
2016-12-30 00:00:00,MA_Crossover(35,44),5526.0,5595.75,5650.3286,5520.5,129.8286,1.0,1.0,50.0,50.0,5595.75,13274.25
2017-01-03 00:00:00,MA_Crossover(35,44),5489.0,5558.75,5647.4857,5535.3636,112.1221,1.0,1.0,-37.0,-37.0,5558.75,13237.25
2017-01-04 00:00:00,MA_Crossover(35,44),5633.5,5703.25,5650.1214,5553.3011,96.8203,1.0,1.0,144.5,144.5,5703.25,13381.75
2017-01-05 00:00:00,MA_Crossover(35,44),5565.5,5635.25,5650.4929,5568.1705,82.3224,1.0,1.0,-68.0,-68.0,5635.25,13313.75
2017-01-06 00:00:00,MA_Crossover(35,44),5574.75,5644.5,5652.0286,5583.25,68.7786,1.0,1.0,9.25,9.25,5644.5,13323.0
2017-01-09 00:00:00,MA_Crossover(35,44),5574.75,5644.5,5656.2071,5597.4261,58.781,1.0,1.0,0.0,0.0,5644.5,13323.0
2017-01-10 00:00:00,MA_Crossover(35,44),5740.0,5809.75,5663.3714,5614.6818,48.6896,1.0,1.0,165.25,165.25,5809.75,13488.25
2017-01-11 00:00:00,MA_Crossover(35,44),5693.5,5763.25,5671.2571,5628.517,42.7401,1.0,1.0,-46.5,-46.5,5763.25,13441.75
2017-01-12 00:00:00,MA_Crossover(35,44),5814.5,5884.25,5678.7571,5641.9773,36.7799,1.0,1.0,121.0,121.0,5884.25,13562.75
2017-01-13 00:00:00,MA_Crossover(35,44),5884.25,5954.0,5686.7643,5652.983,33.7813,1.0,1.0,69.75,69.75,5954.0,13632.5
2017-01-16 00:00:00,MA_Crossover(35,44),5843.5,5913.25,5689.9643,5658.7784,31.1859,1.0,1.0,-40.75,-40.75,5913.25,13591.75
2017-01-17 00:00:00,MA_Crossover(35,44),5740.25,5809.75,5686.5857,5663.3011,23.2846,1.0,1.0,-103.5,-103.5,5809.75,13488.25
2017-01-18 00:00:00,MA_Crossover(35,44),5753.0,5823.75,5683.3,5667.858,15.442,1.0,1.0,14.0,14.0,5823.75,13502.25
2017-01-19 00:00:00,MA_Crossover(35,44),5724.0,5794.75,5679.1786,5672.4716,6.707,1.0,1.0,-29.0,-29.0,5794.75,13473.25
2017-01-20 00:00:00,MA_Crossover(35,44),5737.0,5798.75,5680.4643,5679.483,0.9813,1.0,1.0,4.0,4.0,5798.75,13477.25
2017-01-23 00:00:00,MA_Crossover(35,44),5782.0,5843.75,5679.5429,5686.1364,-6.5935,-1.0,1.0,45.0,45.0,5843.75,13522.25
2017-01-24 00:00:00,MA_Crossover(35,44),5932.0,5993.75,5683.8,5697.8295,-14.0295,-1.0,-1.0,150.0,-150.0,-5993.75,13372.25
2017-01-25 00:00:00,MA_Crossover(35,44),5928.75,5990.5,5688.7357,5706.392,-17.6563,-1.0,-1.0,-3.25,3.25,-5990.5,13375.5
2017-01-26 00:00:00,MA_Crossover(35,44),5843.75,5905.5,5685.8429,5711.8409,-25.9981,-1.0,-1.0,-85.0,85.0,-5905.5,13460.5
2017-01-27 00:00:00,MA_Crossover(35,44),5887.5,5949.25,5686.1643,5715.3864,-29.2221,-1.0,-1.0,43.75,-43.75,-5949.25,13416.75
2017-01-30 00:00:00,MA_Crossover(35,44),5810.5,5872.25,5687.0714,5714.2955,-27.224,-1.0,-1.0,-77.0,77.0,-5872.25,13493.75
2017-01-31 00:00:00,MA_Crossover(35,44),5984.25,6046.0,5692.9429,5716.9375,-23.9946,-1.0,-1.0,173.75,-173.75,-6046.0,13320.0
2017-02-01 00:00:00,MA_Crossover(35,44),5935.0,5996.75,5696.2,5718.4545,-22.2545,-1.0,-1.0,-49.25,49.25,-5996.75,13369.25
2017-02-02 00:00:00,MA_Crossover(35,44),5872.0,5933.75,5699.5571,5722.5455,-22.9883,-1.0,-1.0,-63.0,63.0,-5933.75,13432.25
2017-02-03 00:00:00,MA_Crossover(35,44),5760.25,5822.0,5701.9071,5721.3182,-19.411,-1.0,-1.0,-111.75,111.75,-5822.0,13544.0
2017-02-06 00:00:00,MA_Crossover(35,44),5833.75,5895.5,5705.2857,5722.4716,-17.1859,-1.0,-1.0,73.5,-73.5,-5895.5,13470.5
2017-02-07 00:00:00,MA_Crossover(35,44),5779.0,5840.75,5706.8714,5722.9943,-16.1229,-1.0,-1.0,-54.75,54.75,-5840.75,13525.25
2017-02-08 00:00:00,MA_Crossover(35,44),5879.5,5941.25,5714.0071,5721.5057,-7.4985,-1.0,-1.0,100.5,-100.5,-5941.25,13424.75
2017-02-09 00:00:00,MA_Crossover(35,44),5809.5,5871.25,5723.2357,5719.9886,3.2471,1.0,-1.0,-70.0,70.0,-5871.25,13494.75
2017-02-10 00:00:00,MA_Crossover(35,44),6083.0,6144.75,5740.0786,5726.9034,13.1752,1.0,1.0,273.5,273.5,6144.75,13768.25
2017-02-13 00:00:00,MA_Crossover(35,44),6103.5,6165.25,5757.1429,5734.2841,22.8588,1.0,1.0,20.5,20.5,6165.25,13788.75
2017-02-14 00:00:00,MA_Crossover(35,44),6009.25,6084.0,5771.4286,5738.5625,32.8661,1.0,1.0,-81.25,-81.25,6084.0,13707.5
2017-02-15 00:00:00,MA_Crossover(35,44),6056.5,6130.25,5788.45,5745.4261,43.0239,1.0,1.0,46.25,46.25,6130.25,13753.75
2017-02-16 00:00:00,MA_Crossover(35,44),5989.0,6062.75,5801.3857,5752.4943,48.8914,1.0,1.0,-67.5,-67.5,6062.75,13686.25
2017-02-17 00:00:00,MA_Crossover(35,44),5952.0,6019.75,5814.9857,5757.8693,57.1164,1.0,1.0,-43.0,-43.0,6019.75,13643.25
2017-02-20 00:00:00,MA_Crossover(35,44),6065.25,6133.0,5830.3929,5765.6364,64.7565,1.0,1.0,113.25,113.25,6133.0,13756.5
2017-02-21 00:00:00,MA_Crossover(35,44),6052.0,6119.75,5846.4786,5775.233,71.2456,1.0,1.0,-13.25,-13.25,6119.75,13743.25
2017-02-22 00:00:00,MA_Crossover(35,44),6031.25,6099.0,5857.8429,5787.6136,70.2292,1.0,1.0,-20.75,-20.75,6099.0,13722.5
2017-02-23 00:00:00,MA_Crossover(35,44),5848.75,5916.5,5865.9357,5795.6875,70.2482,1.0,1.0,-182.5,-182.5,5916.5,13540.0
2017-02-24 00:00:00,MA_Crossover(35,44),5918.0,5985.75,5875.7429,5805.0455,70.6974,1.0,1.0,69.25,69.25,5985.75,13609.25
2017-02-27 00:00:00,MA_Crossover(35,44),5925.0,5992.75,5885.75,5814.4943,71.2557,1.0,1.0,7.0,7.0,5992.75,13616.25
2017-02-28 00:00:00,MA_Crossover(35,44),5965.0,6032.75,5892.1786,5825.9545,66.224,1.0,1.0,40.0,40.0,6032.75,13656.25
2017-03-01 00:00:00,MA_Crossover(35,44),6006.5,6074.25,5901.1214,5836.642,64.4794,1.0,1.0,41.5,41.5,6074.25,13697.75
2017-03-02 00:00:00,MA_Crossover(35,44),5920.0,5987.75,5904.1357,5846.733,57.4028,1.0,1.0,-86.5,-86.5,5987.75,13611.25
2017-03-03 00:00:00,MA_Crossover(35,44),5907.75,5975.5,5904.8071,5855.4091,49.3981,1.0,1.0,-12.25,-12.25,5975.5,13599.0
2017-03-06 00:00:00,MA_Crossover(35,44),5845.75,5913.5,5904.8714,5863.517,41.3544,1.0,1.0,-62.0,-62.0,5913.5,13537.0
2017-03-07 00:00:00,MA_Crossover(35,44),5758.0,5825.75,5905.3786,5866.3466,39.032,1.0,1.0,-87.75,-87.75,5825.75,13449.25
2017-03-08 00:00:00,MA_Crossover(35,44),5750.5,5818.25,5905.3071,5870.5511,34.756,1.0,1.0,-7.5,-7.5,5818.25,13441.75
2017-03-09 00:00:00,MA_Crossover(35,44),5674.0,5741.75,5903.8786,5872.8068,31.0718,1.0,1.0,-76.5,-76.5,5741.75,13365.25
2017-03-10 00:00:00,MA_Crossover(35,44),5717.0,5784.75,5903.3071,5876.0398,27.2674,1.0,1.0,43.0,43.0,5784.75,13408.25
2017-03-13 00:00:00,MA_Crossover(35,44),5776.5,5844.25,5903.15,5876.8693,26.2807,1.0,1.0,59.5,59.5,5844.25,13467.75
2017-03-14 00:00:00,MA_Crossover(35,44),5810.25,5874.0,5899.6714,5879.5227,20.1487,1.0,1.0,29.75,29.75,5874.0,13497.5
2017-03-15 00:00:00,MA_Crossover(35,44),5856.0,5918.5,5897.5929,5880.4659,17.1269,1.0,1.0,44.5,44.5,5918.5,13542.0
2017-03-16 00:00:00,MA_Crossover(35,44),5901.5,5963.75,5899.2429,5880.858,18.3849,1.0,1.0,45.25,45.25,5963.75,13587.25
2017-03-17 00:00:00,MA_Crossover(35,44),5928.0,5985.75,5900.4,5882.7784,17.6216,1.0,1.0,22.0,22.0,5985.75,13609.25
2017-03-20 00:00:00,MA_Crossover(35,44),5869.0,5926.75,5902.0714,5885.7045,16.3669,1.0,1.0,-59.0,-59.0,5926.75,13550.25
2017-03-21 00:00:00,MA_Crossover(35,44),5762.0,5819.75,5895.7214,5885.9091,9.8123,1.0,1.0,-107.0,-107.0,5819.75,13443.25
2017-03-22 00:00:00,MA_Crossover(35,44),5795.0,5852.75,5891.7214,5887.5227,4.1987,1.0,1.0,33.0,33.0,5852.75,13476.25
2017-03-23 00:00:00,MA_Crossover(35,44),5811.5,5869.25,5889.9929,5889.2159,0.7769,1.0,1.0,16.5,16.5,5869.25,13492.75
2017-03-24 00:00:00,MA_Crossover(35,44),5791.0,5848.75,5890.8714,5889.4205,1.451,1.0,1.0,-20.5,-20.5,5848.75,13472.25
2017-03-27 00:00:00,MA_Crossover(35,44),5747.5,5805.25,5888.4071,5885.2273,3.1799,1.0,1.0,-43.5,-43.5,5805.25,13428.75
2017-03-28 00:00:00,MA_Crossover(35,44),5861.0,5918.75,5890.75,5883.6875,7.0625,1.0,1.0,113.5,113.5,5918.75,13542.25
2017-03-29 00:00:00,MA_Crossover(35,44),5895.5,5953.25,5891.2071,5884.8636,6.3435,1.0,1.0,34.5,34.5,5953.25,13576.75
2017-03-30 00:00:00,MA_Crossover(35,44),5945.0,6002.75,5895.0786,5886.1705,8.9081,1.0,1.0,49.5,49.5,6002.75,13626.25
2017-03-31 00:00:00,MA_Crossover(35,44),5824.0,5881.75,5887.6786,5886.4773,1.2013,1.0,1.0,-121.0,-121.0,5881.75,13505.25
2017-04-03 00:00:00,MA_Crossover(35,44),5738.25,5796.0,5877.2429,5880.8864,-3.6435,-1.0,1.0,-85.75,-85.75,5796.0,13419.5
2017-04-04 00:00:00,MA_Crossover(35,44),5762.25,5820.0,5870.1857,5876.9602,-6.7745,-1.0,-1.0,24.0,-24.0,-5820.0,13395.5
2017-04-05 00:00:00,MA_Crossover(35,44),5875.25,5933.0,5865.0071,5877.0341,-12.0269,-1.0,-1.0,113.0,-113.0,-5933.0,13282.5
2017-04-06 00:00:00,MA_Crossover(35,44),5834.0,5891.75,5860.5786,5878.7102,-18.1317,-1.0,-1.0,-41.25,41.25,-5891.75,13323.75
2017-04-07 00:00:00,MA_Crossover(35,44),5805.25,5863.0,5856.3857,5878.0625,-21.6768,-1.0,-1.0,-28.75,28.75,-5863.0,13352.5
2017-04-10 00:00:00,MA_Crossover(35,44),5715.25,5773.0,5846.3857,5876.6136,-30.2279,-1.0,-1.0,-90.0,90.0,-5773.0,13442.5
2017-04-11 00:00:00,MA_Crossover(35,44),5739.75,5797.5,5837.4643,5873.4375,-35.9732,-1.0,-1.0,24.5,-24.5,-5797.5,13418.0
2017-04-12 00:00:00,MA_Crossover(35,44),5600.25,5658.0,5825.15,5868.6818,-43.5318,-1.0,-1.0,-139.5,139.5,-5658.0,13557.5
2017-04-13 00:00:00,MA_Crossover(35,44),5660.0,5717.75,5819.7571,5859.0682,-39.311,-1.0,-1.0,59.75,-59.75,-5717.75,13497.75
2017-04-18 00:00:00,MA_Crossover(35,44),5553.0,5607.75,5809.3286,5846.5568,-37.2282,-1.0,-1.0,-110.0,110.0,-5607.75,13607.75
2017-04-19 00:00:00,MA_Crossover(35,44),5537.0,5591.75,5798.2429,5835.8239,-37.581,-1.0,-1.0,-16.0,16.0,-5591.75,13623.75
2017-04-20 00:00:00,MA_Crossover(35,44),5606.5,5660.5,5788.0,5825.5966,-37.5966,-1.0,-1.0,68.75,-68.75,-5660.5,13555.0
2017-04-21 00:00:00,MA_Crossover(35,44),5604.5,5647.25,5776.5143,5816.858,-40.3437,-1.0,-1.0,-13.25,13.25,-5647.25,13568.25
2017-04-24 00:00:00,MA_Crossover(35,44),5634.25,5677.0,5768.35,5809.6364,-41.2864,-1.0,-1.0,29.75,-29.75,-5677.0,13538.5
2017-04-25 00:00:00,MA_Crossover(35,44),5686.0,5728.75,5762.0143,5801.017,-39.0028,-1.0,-1.0,51.75,-51.75,-5728.75,13486.75
2017-04-26 00:00:00,MA_Crossover(35,44),5696.75,5739.5,5757.7571,5792.9432,-35.186,-1.0,-1.0,10.75,-10.75,-5739.5,13476.0
2017-04-27 00:00:00,MA_Crossover(35,44),5674.75,5717.5,5755.3786,5784.8409,-29.4623,-1.0,-1.0,-22.0,22.0,-5717.5,13498.0
2017-04-28 00:00:00,MA_Crossover(35,44),5715.5,5758.25,5754.3786,5781.8125,-27.4339,-1.0,-1.0,40.75,-40.75,-5758.25,13457.25
2017-05-02 00:00:00,MA_Crossover(35,44),5775.5,5818.25,5757.2786,5778.5739,-21.2953,-1.0,-1.0,60.0,-60.0,-5818.25,13397.25
2017-05-03 00:00:00,MA_Crossover(35,44),5574.0,5616.75,5753.1929,5770.5966,-17.4037,-1.0,-1.0,-201.5,201.5,-5616.75,13598.75
2017-05-04 00:00:00,MA_Crossover(35,44),5521.0,5563.75,5745.8929,5760.5057,-14.6128,-1.0,-1.0,-53.0,53.0,-5563.75,13651.75
2017-05-05 00:00:00,MA_Crossover(35,44),5565.5,5608.25,5738.9,5750.483,-11.583,-1.0,-1.0,44.5,-44.5,-5608.25,13607.25
2017-05-08 00:00:00,MA_Crossover(35,44),5465.25,5508.0,5727.7357,5740.1477,-12.412,-1.0,-1.0,-100.25,100.25,-5508.0,13707.5
2017-05-09 00:00:00,MA_Crossover(35,44),5489.75,5532.5,5715.9714,5730.6477,-14.6763,-1.0,-1.0,24.5,-24.5,-5532.5,13683.0
2017-05-10 00:00:00,MA_Crossover(35,44),5478.25,5521.0,5703.1214,5722.2955,-19.174,-1.0,-1.0,-11.5,11.5,-5521.0,13694.5
2017-05-11 00:00:00,MA_Crossover(35,44),5521.75,5564.5,5693.2,5716.9261,-23.7261,-1.0,-1.0,43.5,-43.5,-5564.5,13651.0
2017-05-12 00:00:00,MA_Crossover(35,44),5539.0,5581.75,5686.8286,5712.1193,-25.2907,-1.0,-1.0,17.25,-17.25,-5581.75,13633.75
2017-05-15 00:00:00,MA_Crossover(35,44),5593.25,5636.0,5681.0643,5710.2841,-29.2198,-1.0,-1.0,54.25,-54.25,-5636.0,13579.5
2017-05-16 00:00:00,MA_Crossover(35,44),5598.25,5641.0,5674.9714,5707.5852,-32.6138,-1.0,-1.0,5.0,-5.0,-5641.0,13574.5
2017-05-17 00:00:00,MA_Crossover(35,44),5600.5,5643.0,5669.5286,5703.5852,-34.0567,-1.0,-1.0,2.0,-2.0,-5643.0,13572.5
2017-05-18 00:00:00,MA_Crossover(35,44),5572.0,5613.5,5664.5143,5698.1705,-33.6562,-1.0,-1.0,-29.5,29.5,-5613.5,13602.0
2017-05-19 00:00:00,MA_Crossover(35,44),5676.0,5712.75,5659.2286,5694.0795,-34.851,-1.0,-1.0,99.25,-99.25,-5712.75,13502.75
2017-05-22 00:00:00,MA_Crossover(35,44),5698.0,5734.75,5653.5857,5689.4545,-35.8688,-1.0,-1.0,22.0,-22.0,-5734.75,13480.75
2017-05-23 00:00:00,MA_Crossover(35,44),5705.5,5742.25,5646.7429,5684.3977,-37.6549,-1.0,-1.0,7.5,-7.5,-5742.25,13473.25
2017-05-24 00:00:00,MA_Crossover(35,44),5673.0,5709.75,5642.4286,5679.9432,-37.5146,-1.0,-1.0,-32.5,32.5,-5709.75,13505.75
2017-05-25 00:00:00,MA_Crossover(35,44),5715.0,5751.75,5641.7643,5678.875,-37.1107,-1.0,-1.0,42.0,-42.0,-5751.75,13463.75
2017-05-26 00:00:00,MA_Crossover(35,44),5646.0,5682.75,5638.4429,5675.4886,-37.0458,-1.0,-1.0,-69.0,69.0,-5682.75,13532.75
2017-05-30 00:00:00,MA_Crossover(35,44),5640.25,5677.0,5631.7286,5671.5966,-39.868,-1.0,-1.0,-5.75,5.75,-5677.0,13538.5
2017-05-31 00:00:00,MA_Crossover(35,44),5665.75,5702.5,5626.9214,5668.75,-41.8286,-1.0,-1.0,25.5,-25.5,-5702.5,13513.0
2017-06-01 00:00:00,MA_Crossover(35,44),5683.0,5719.75,5623.4286,5667.2841,-43.8555,-1.0,-1.0,17.25,-17.25,-5719.75,13495.75
2017-06-02 00:00:00,MA_Crossover(35,44),5648.0,5684.75,5621.5071,5662.4432,-40.936,-1.0,-1.0,-35.0,35.0,-5684.75,13530.75
2017-06-05 00:00:00,MA_Crossover(35,44),5606.75,5643.5,5617.7071,5655.8807,-38.1735,-1.0,-1.0,-41.25,41.25,-5643.5,13572.0
2017-06-06 00:00:00,MA_Crossover(35,44),5594.25,5631.0,5617.5357,5647.9091,-30.3734,-1.0,-1.0,-12.5,12.5,-5631.0,13584.5
2017-06-07 00:00:00,MA_Crossover(35,44),5599.25,5636.0,5615.8,5642.8011,-27.0011,-1.0,-1.0,5.0,-5.0,-5636.0,13579.5
2017-06-08 00:00:00,MA_Crossover(35,44),5709.25,5746.0,5620.2643,5642.142,-21.8778,-1.0,-1.0,110.0,-110.0,-5746.0,13469.5
2017-06-09 00:00:00,MA_Crossover(35,44),5784.0,5820.75,5627.3214,5642.6364,-15.3149,-1.0,-1.0,74.75,-74.75,-5820.75,13394.75
2017-06-12 00:00:00,MA_Crossover(35,44),5748.25,5785.0,5631.3714,5639.75,-8.3786,-1.0,-1.0,-35.75,35.75,-5785.0,13430.5
2017-06-13 00:00:00,MA_Crossover(35,44),5690.0,5726.75,5633.8143,5636.4773,-2.663,-1.0,-1.0,-58.25,58.25,-5726.75,13488.75
2017-06-14 00:00:00,MA_Crossover(35,44),5672.25,5709.0,5634.9,5633.4545,1.4455,1.0,-1.0,-17.75,17.75,-5709.0,13506.5
2017-06-15 00:00:00,MA_Crossover(35,44),5637.75,5674.5,5633.5214,5631.6932,1.8282,1.0,1.0,-34.5,-34.5,5674.5,13472.0
2017-06-16 00:00:00,MA_Crossover(35,44),5639.75,5676.5,5631.8929,5629.4205,2.4724,1.0,1.0,2.0,2.0,5676.5,13474.0
2017-06-19 00:00:00,MA_Crossover(35,44),5702.75,5739.5,5632.6929,5631.75,0.9429,1.0,1.0,63.0,63.0,5739.5,13537.0
2017-06-20 00:00:00,MA_Crossover(35,44),5637.5,5680.5,5630.4643,5631.2386,-0.7744,-1.0,1.0,-59.0,-59.0,5680.5,13478.0
2017-06-21 00:00:00,MA_Crossover(35,44),5724.5,5767.75,5629.0071,5635.1364,-6.1292,-1.0,-1.0,87.25,-87.25,-5767.75,13390.75
2017-06-22 00:00:00,MA_Crossover(35,44),5727.5,5769.75,5633.3929,5639.4659,-6.0731,-1.0,-1.0,2.0,-2.0,-5769.75,13388.75
2017-06-23 00:00:00,MA_Crossover(35,44),5785.5,5819.25,5640.95,5643.5341,-2.5841,-1.0,-1.0,49.5,-49.5,-5819.25,13339.25
2017-06-26 00:00:00,MA_Crossover(35,44),5777.75,5811.5,5647.0143,5647.4716,-0.4573,-1.0,-1.0,-7.75,7.75,-5811.5,13347.0
2017-06-27 00:00:00,MA_Crossover(35,44),5842.25,5876.0,5657.7857,5652.1989,5.5869,1.0,-1.0,64.5,-64.5,-5876.0,13282.5
2017-06-28 00:00:00,MA_Crossover(35,44),5865.5,5899.25,5668.5214,5656.2784,12.243,1.0,1.0,23.25,23.25,5899.25,13305.75
2017-06-29 00:00:00,MA_Crossover(35,44),5925.25,5959.0,5681.2929,5661.4716,19.8213,1.0,1.0,59.75,59.75,5959.0,13365.5
2017-06-30 00:00:00,MA_Crossover(35,44),5923.0,5956.75,5692.7571,5667.1136,25.6435,1.0,1.0,-2.25,-2.25,5956.75,13363.25
2017-07-03 00:00:00,MA_Crossover(35,44),5908.75,5942.5,5703.3214,5671.5057,31.8157,1.0,1.0,-14.25,-14.25,5942.5,13349.0
2017-07-04 00:00:00,MA_Crossover(35,44),5871.25,5905.0,5711.2643,5673.6818,37.5825,1.0,1.0,-37.5,-37.5,5905.0,13311.5
2017-07-05 00:00:00,MA_Crossover(35,44),5818.0,5851.75,5717.5429,5679.2273,38.3156,1.0,1.0,-53.25,-53.25,5851.75,13258.25
2017-07-06 00:00:00,MA_Crossover(35,44),5828.0,5861.75,5724.0429,5686.2045,37.8383,1.0,1.0,10.0,10.0,5861.75,13268.25
2017-07-07 00:00:00,MA_Crossover(35,44),5806.5,5840.25,5730.7429,5691.6818,39.061,1.0,1.0,-21.5,-21.5,5840.25,13246.75
2017-07-10 00:00:00,MA_Crossover(35,44),5799.0,5832.75,5734.2571,5699.267,34.9901,1.0,1.0,-7.5,-7.5,5832.75,13239.25
2017-07-11 00:00:00,MA_Crossover(35,44),5849.5,5883.25,5738.5857,5707.4432,31.1425,1.0,1.0,50.5,50.5,5883.25,13289.75
2017-07-12 00:00:00,MA_Crossover(35,44),5881.0,5914.75,5743.6,5716.5966,27.0034,1.0,1.0,31.5,31.5,5914.75,13321.25
2017-07-13 00:00:00,MA_Crossover(35,44),5854.0,5887.75,5748.7714,5724.1477,24.6237,1.0,1.0,-27.0,-27.0,5887.75,13294.25
2017-07-14 00:00:00,MA_Crossover(35,44),5905.25,5939.0,5754.2071,5732.4716,21.7356,1.0,1.0,51.25,51.25,5939.0,13345.5
2017-07-17 00:00:00,MA_Crossover(35,44),5971.0,6004.75,5763.4929,5741.0568,22.436,1.0,1.0,65.75,65.75,6004.75,13411.25
2017-07-18 00:00:00,MA_Crossover(35,44),5985.5,6025.5,5773.3571,5749.858,23.4992,1.0,1.0,20.75,20.75,6025.5,13432.0
2017-07-19 00:00:00,MA_Crossover(35,44),5944.0,5985.25,5781.3071,5757.6648,23.6424,1.0,1.0,-40.25,-40.25,5985.25,13391.75
2017-07-20 00:00:00,MA_Crossover(35,44),5937.75,5978.0,5788.5857,5765.9773,22.6084,1.0,1.0,-7.25,-7.25,5978.0,13384.5
2017-07-21 00:00:00,MA_Crossover(35,44),5983.0,6010.75,5798.1571,5772.9545,25.2026,1.0,1.0,32.75,32.75,6010.75,13417.25
2017-07-24 00:00:00,MA_Crossover(35,44),6006.75,6034.5,5809.5857,5779.9716,29.6141,1.0,1.0,23.75,23.75,6034.5,13441.0
2017-07-25 00:00:00,MA_Crossover(35,44),6208.0,6235.75,5827.1214,5791.392,35.7294,1.0,1.0,201.25,201.25,6235.75,13642.25
2017-07-26 00:00:00,MA_Crossover(35,44),6307.75,6335.5,5847.3643,5805.8182,41.5461,1.0,1.0,99.75,99.75,6335.5,13742.0
2017-07-27 00:00:00,MA_Crossover(35,44),6307.25,6335.0,5864.45,5819.2784,45.1716,1.0,1.0,-0.5,-0.5,6335.0,13741.5
2017-07-28 00:00:00,MA_Crossover(35,44),6302.5,6330.25,5879.2643,5834.1989,45.0654,1.0,1.0,-4.75,-4.75,6330.25,13736.75
2017-07-31 00:00:00,MA_Crossover(35,44),6343.25,6371.0,5896.2643,5850.1761,46.0881,1.0,1.0,40.75,40.75,6371.0,13777.5
2017-08-01 00:00:00,MA_Crossover(35,44),6320.75,6348.5,5914.2857,5865.0625,49.2232,1.0,1.0,-22.5,-22.5,6348.5,13755.0
2017-08-02 00:00:00,MA_Crossover(35,44),6330.25,6358.0,5933.0857,5879.7727,53.313,1.0,1.0,9.5,9.5,6358.0,13764.5
2017-08-03 00:00:00,MA_Crossover(35,44),6331.25,6359.0,5952.9,5895.3011,57.5989,1.0,1.0,1.0,1.0,6359.0,13765.5
2017-08-04 00:00:00,MA_Crossover(35,44),6352.25,6380.0,5973.2571,5912.2443,61.0128,1.0,1.0,21.0,21.0,6380.0,13786.5
2017-08-07 00:00:00,MA_Crossover(35,44),6388.25,6416.0,5992.8429,5930.2898,62.5531,1.0,1.0,36.0,36.0,6416.0,13822.5
2017-08-08 00:00:00,MA_Crossover(35,44),6455.25,6483.0,6016.2071,5949.7443,66.4628,1.0,1.0,67.0,67.0,6483.0,13889.5
2017-08-09 00:00:00,MA_Crossover(35,44),6430.5,6458.25,6036.3786,5966.1364,70.2422,1.0,1.0,-24.75,-24.75,6458.25,13864.75
2017-08-10 00:00:00,MA_Crossover(35,44),6395.25,6423.0,6055.4571,5980.0284,75.4287,1.0,1.0,-35.25,-35.25,6423.0,13829.5
2017-08-11 00:00:00,MA_Crossover(35,44),6383.5,6411.25,6072.5429,5994.4659,78.0769,1.0,1.0,-11.75,-11.75,6411.25,13817.75
2017-08-14 00:00:00,MA_Crossover(35,44),6367.5,6395.25,6089.3929,6009.8636,79.5292,1.0,1.0,-16.0,-16.0,6395.25,13801.75
2017-08-15 00:00:00,MA_Crossover(35,44),6359.0,6385.25,6104.1571,6025.4716,78.6856,1.0,1.0,-10.0,-10.0,6385.25,13791.75
2017-08-16 00:00:00,MA_Crossover(35,44),6512.5,6538.25,6122.6429,6045.3523,77.2906,1.0,1.0,153.0,153.0,6538.25,13944.75
2017-08-17 00:00:00,MA_Crossover(35,44),6470.75,6496.5,6138.2286,6064.2386,73.9899,1.0,1.0,-41.75,-41.75,6496.5,13903.0
2017-08-18 00:00:00,MA_Crossover(35,44),6466.75,6482.0,6153.7643,6081.6023,72.162,1.0,1.0,-14.5,-14.5,6482.0,13888.5
2017-08-21 00:00:00,MA_Crossover(35,44),6564.75,6580.0,6172.5071,6102.6761,69.831,1.0,1.0,98.0,98.0,6580.0,13986.5
2017-08-22 00:00:00,MA_Crossover(35,44),6559.25,6574.5,6192.1643,6121.6477,70.5166,1.0,1.0,-5.5,-5.5,6574.5,13981.0
2017-08-23 00:00:00,MA_Crossover(35,44),6544.75,6560.0,6212.9286,6140.2216,72.707,1.0,1.0,-14.5,-14.5,6560.0,13966.5
2017-08-24 00:00:00,MA_Crossover(35,44),6667.75,6683.0,6236.9214,6160.2727,76.6487,1.0,1.0,123.0,123.0,6683.0,14089.5
2017-08-25 00:00:00,MA_Crossover(35,44),6647.5,6662.75,6260.95,6180.0398,80.9102,1.0,1.0,-20.25,-20.25,6662.75,14069.25
2017-08-29 00:00:00,MA_Crossover(35,44),6772.0,6787.25,6288.75,6201.1705,87.5795,1.0,1.0,124.5,124.5,6787.25,14193.75
2017-08-30 00:00:00,MA_Crossover(35,44),6746.0,6761.25,6314.3643,6221.1818,93.1825,1.0,1.0,-26.0,-26.0,6761.25,14167.75
2017-08-31 00:00:00,MA_Crossover(35,44),6763.5,6778.75,6339.5786,6240.233,99.3456,1.0,1.0,17.5,17.5,6778.75,14185.25
2017-09-01 00:00:00,MA_Crossover(35,44),6810.0,6825.25,6366.8929,6260.392,106.5008,1.0,1.0,46.5,46.5,6825.25,14231.75
2017-09-04 00:00:00,MA_Crossover(35,44),6891.25,6906.5,6395.0643,6282.7216,112.3427,1.0,1.0,81.25,81.25,6906.5,14313.0
2017-09-05 00:00:00,MA_Crossover(35,44),6873.0,6888.25,6420.8357,6305.4886,115.3471,1.0,1.0,-18.25,-18.25,6888.25,14294.75
2017-09-06 00:00:00,MA_Crossover(35,44),6875.5,6890.75,6446.2643,6329.5227,116.7416,1.0,1.0,2.5,2.5,6890.75,14297.25
2017-09-07 00:00:00,MA_Crossover(35,44),6870.75,6886.0,6472.7429,6353.2216,119.5213,1.0,1.0,-4.75,-4.75,6886.0,14292.5
2017-09-08 00:00:00,MA_Crossover(35,44),6660.25,6675.5,6493.3857,6372.625,120.7607,1.0,1.0,-210.5,-210.5,6675.5,14082.0
2017-09-11 00:00:00,MA_Crossover(35,44),6712.25,6727.5,6514.2214,6393.3807,120.8407,1.0,1.0,52.0,52.0,6727.5,14134.0
2017-09-12 00:00:00,MA_Crossover(35,44),6627.25,6642.5,6531.95,6411.0568,120.8932,1.0,1.0,-85.0,-85.0,6642.5,14049.0
2017-09-13 00:00:00,MA_Crossover(35,44),6513.75,6529.0,6540.6857,6425.4375,115.2482,1.0,1.0,-113.5,-113.5,6529.0,13935.5
2017-09-14 00:00:00,MA_Crossover(35,44),6457.25,6472.5,6544.9571,6439.1477,105.8094,1.0,1.0,-56.5,-56.5,6472.5,13879.0
2017-09-15 00:00:00,MA_Crossover(35,44),6462.5,6477.75,6549.3929,6451.8125,97.5804,1.0,1.0,5.25,5.25,6477.75,13884.25
2017-09-18 00:00:00,MA_Crossover(35,44),6474.75,6490.0,6554.3143,6463.2614,91.0529,1.0,1.0,12.25,12.25,6490.0,13896.5
2017-09-19 00:00:00,MA_Crossover(35,44),6508.75,6518.5,6559.0429,6475.1534,83.8894,1.0,1.0,28.5,28.5,6518.5,13925.0
2017-09-20 00:00:00,MA_Crossover(35,44),6500.0,6507.25,6564.1643,6487.7898,76.3745,1.0,1.0,-11.25,-11.25,6507.25,13913.75
2017-09-21 00:00:00,MA_Crossover(35,44),6455.0,6462.25,6567.7286,6499.5455,68.1831,1.0,1.0,-45.0,-45.0,6462.25,13868.75
2017-09-22 00:00:00,MA_Crossover(35,44),6430.25,6424.0,6570.5571,6509.7102,60.8469,1.0,1.0,-38.25,-38.25,6424.0,13830.5
2017-09-25 00:00:00,MA_Crossover(35,44),6418.25,6412.0,6572.4429,6519.0625,53.3804,1.0,1.0,-12.0,-12.0,6412.0,13818.5
2017-09-26 00:00:00,MA_Crossover(35,44),6370.5,6364.25,6571.9357,6522.7557,49.18,1.0,1.0,-47.75,-47.75,6364.25,13770.75
2017-09-27 00:00:00,MA_Crossover(35,44),6405.0,6398.75,6570.5,6524.9659,45.5341,1.0,1.0,34.5,34.5,6398.75,13805.25
2017-09-28 00:00:00,MA_Crossover(35,44),6487.5,6481.25,6572.1286,6529.0625,43.0661,1.0,1.0,82.5,82.5,6481.25,13887.75
2017-09-29 00:00:00,MA_Crossover(35,44),6447.25,6441.0,6573.6143,6532.3523,41.262,1.0,1.0,-40.25,-40.25,6441.0,13847.5
2017-10-02 00:00:00,MA_Crossover(35,44),6460.75,6454.5,6575.8214,6535.0227,40.7987,1.0,1.0,13.5,13.5,6454.5,13861.0
2017-10-03 00:00:00,MA_Crossover(35,44),6485.25,6479.0,6579.1857,6538.7614,40.4244,1.0,1.0,24.5,24.5,6479.0,13885.5
2017-10-04 00:00:00,MA_Crossover(35,44),6486.25,6480.0,6582.8214,6542.3068,40.5146,1.0,1.0,1.0,1.0,6480.0,13886.5
2017-10-05 00:00:00,MA_Crossover(35,44),6667.75,6661.5,6587.2571,6549.9545,37.3026,1.0,1.0,181.5,181.5,6661.5,14068.0
2017-10-06 00:00:00,MA_Crossover(35,44),6626.0,6619.75,6591.6929,6556.1761,35.5167,1.0,1.0,-41.75,-41.75,6619.75,14026.25
2017-10-09 00:00:00,MA_Crossover(35,44),6623.0,6616.75,6596.1571,6561.5114,34.6458,1.0,1.0,-3.0,-3.0,6616.75,14023.25
2017-10-10 00:00:00,MA_Crossover(35,44),6712.25,6706.0,6600.3714,6567.3523,33.0192,1.0,1.0,89.25,89.25,6706.0,14112.5
2017-10-11 00:00:00,MA_Crossover(35,44),6760.0,6753.75,6606.1071,6574.8409,31.2662,1.0,1.0,47.75,47.75,6753.75,14160.25
2017-10-12 00:00:00,MA_Crossover(35,44),6862.5,6856.25,6615.1857,6585.4602,29.7255,1.0,1.0,102.5,102.5,6856.25,14262.75
2017-10-13 00:00:00,MA_Crossover(35,44),6859.5,6853.25,6620.6643,6596.2784,24.3859,1.0,1.0,-3.0,-3.0,6853.25,14259.75
2017-10-16 00:00:00,MA_Crossover(35,44),7122.0,7115.75,6634.2214,6613.4261,20.7953,1.0,1.0,262.5,262.5,7115.75,14522.25
2017-10-17 00:00:00,MA_Crossover(35,44),7001.0,7014.25,6640.7643,6628.017,12.7472,1.0,1.0,-101.5,-101.5,7014.25,14420.75
2017-10-18 00:00:00,MA_Crossover(35,44),6964.5,6978.75,6647.0071,6638.2898,8.7174,1.0,1.0,-35.5,-35.5,6978.75,14385.25
2017-10-19 00:00:00,MA_Crossover(35,44),6946.0,6959.25,6652.2214,6649.0909,3.1305,1.0,1.0,-19.5,-19.5,6959.25,14365.75
2017-10-20 00:00:00,MA_Crossover(35,44),6929.5,6928.25,6655.6357,6659.608,-3.9722,-1.0,1.0,-31.0,-31.0,6928.25,14334.75
2017-10-23 00:00:00,MA_Crossover(35,44),6983.75,6982.5,6658.2786,6669.1307,-10.8521,-1.0,-1.0,54.25,-54.25,-6982.5,14280.5
2017-10-24 00:00:00,MA_Crossover(35,44),7015.75,7014.5,6662.3571,6679.5057,-17.1485,-1.0,-1.0,32.0,-32.0,-7014.5,14248.5
2017-10-25 00:00:00,MA_Crossover(35,44),6991.25,6990.0,6665.6643,6689.6534,-23.9891,-1.0,-1.0,-24.5,24.5,-6990.0,14273.0
2017-10-26 00:00:00,MA_Crossover(35,44),6967.0,6965.75,6668.4143,6696.4545,-28.0403,-1.0,-1.0,-24.25,24.25,-6965.75,14297.25
2017-10-27 00:00:00,MA_Crossover(35,44),6808.5,6807.25,6672.65,6700.1136,-27.4636,-1.0,-1.0,-158.5,158.5,-6807.25,14455.75
2017-10-30 00:00:00,MA_Crossover(35,44),6846.5,6845.25,6676.4857,6701.8068,-25.3211,-1.0,-1.0,38.0,-38.0,-6845.25,14417.75
2017-10-31 00:00:00,MA_Crossover(35,44),6822.75,6821.5,6682.0714,6703.5511,-21.4797,-1.0,-1.0,-23.75,23.75,-6821.5,14441.5
2017-11-01 00:00:00,MA_Crossover(35,44),6905.75,6904.5,6693.2714,6706.7841,-13.5127,-1.0,-1.0,83.0,-83.0,-6904.5,14358.5
2017-11-02 00:00:00,MA_Crossover(35,44),6904.0,6902.75,6706.0357,6708.9205,-2.8847,-1.0,-1.0,-1.75,1.75,-6902.75,14360.25
2017-11-03 00:00:00,MA_Crossover(35,44),6870.0,6868.75,6717.6786,6708.4375,9.2411,1.0,-1.0,-34.0,34.0,-6868.75,14394.25
2017-11-06 00:00:00,MA_Crossover(35,44),6942.5,6941.25,6731.0429,6710.017,21.0258,1.0,1.0,72.5,72.5,6941.25,14466.75
2017-11-07 00:00:00,MA_Crossover(35,44),6797.25,6796.0,6739.2857,6708.2386,31.0471,1.0,1.0,-145.25,-145.25,6796.0,14321.5
2017-11-08 00:00:00,MA_Crossover(35,44),6829.0,6827.75,6748.6857,6707.2898,41.3959,1.0,1.0,31.75,31.75,6827.75,14353.25
2017-11-09 00:00:00,MA_Crossover(35,44),6779.0,6777.75,6757.9429,6709.9886,47.9542,1.0,1.0,-50.0,-50.0,6777.75,14303.25
2017-11-10 00:00:00,MA_Crossover(35,44),6754.0,6752.75,6767.1929,6710.9375,56.2554,1.0,1.0,-25.0,-25.0,6752.75,14278.25
2017-11-13 00:00:00,MA_Crossover(35,44),6860.75,6859.5,6779.8357,6716.2443,63.5914,1.0,1.0,106.75,106.75,6859.5,14385.0
2017-11-14 00:00:00,MA_Crossover(35,44),6736.5,6732.0,6790.2929,6721.3068,68.986,1.0,1.0,-127.5,-127.5,6732.0,14257.5
2017-11-15 00:00:00,MA_Crossover(35,44),6752.0,6746.5,6800.2071,6728.0057,72.2015,1.0,1.0,14.5,14.5,6746.5,14272.0
2017-11-16 00:00:00,MA_Crossover(35,44),6716.0,6710.5,6806.7357,6733.767,72.9687,1.0,1.0,-36.0,-36.0,6710.5,14236.0
2017-11-17 00:00:00,MA_Crossover(35,44),6756.5,6741.0,6815.5714,6740.1705,75.401,1.0,1.0,30.5,30.5,6741.0,14266.5
2017-11-20 00:00:00,MA_Crossover(35,44),6808.5,6793.0,6825.5071,6746.983,78.5242,1.0,1.0,52.0,52.0,6793.0,14318.5
2017-11-21 00:00:00,MA_Crossover(35,44),6888.5,6873.0,6837.0286,6755.8125,81.2161,1.0,1.0,80.0,80.0,6873.0,14398.5
2017-11-22 00:00:00,MA_Crossover(35,44),6933.5,6918.0,6849.8071,6766.6875,83.1196,1.0,1.0,45.0,45.0,6918.0,14443.5
2017-11-23 00:00:00,MA_Crossover(35,44),6945.5,6930.0,6857.7429,6778.3977,79.3451,1.0,1.0,12.0,12.0,6930.0,14455.5
2017-11-24 00:00:00,MA_Crossover(35,44),6986.0,6970.5,6868.0286,6791.3011,76.7274,1.0,1.0,40.5,40.5,6970.5,14496.0
2017-11-27 00:00:00,MA_Crossover(35,44),6921.5,6906.0,6876.5571,6803.8239,72.7333,1.0,1.0,-64.5,-64.5,6906.0,14431.5
2017-11-28 00:00:00,MA_Crossover(35,44),6782.75,6767.25,6878.5714,6812.4091,66.1623,1.0,1.0,-138.75,-138.75,6767.25,14292.75
2017-11-29 00:00:00,MA_Crossover(35,44),6737.5,6722.0,6877.9286,6818.0909,59.8377,1.0,1.0,-45.25,-45.25,6722.0,14247.5
2017-11-30 00:00:00,MA_Crossover(35,44),6739.5,6724.0,6874.4143,6824.733,49.6813,1.0,1.0,2.0,2.0,6724.0,14249.5
2017-12-01 00:00:00,MA_Crossover(35,44),6811.75,6796.25,6873.05,6832.7102,40.3398,1.0,1.0,72.25,72.25,6796.25,14321.75
2017-12-04 00:00:00,MA_Crossover(35,44),6803.75,6788.25,6863.9571,6839.9489,24.0083,1.0,1.0,-8.0,-8.0,6788.25,14313.75
2017-12-05 00:00:00,MA_Crossover(35,44),6519.0,6503.5,6850.1857,6840.6932,9.4925,1.0,1.0,-284.75,-284.75,6503.5,14029.0
2017-12-06 00:00:00,MA_Crossover(35,44),6525.5,6510.0,6837.6429,6837.4602,0.1826,1.0,1.0,6.5,6.5,6510.0,14035.5
2017-12-07 00:00:00,MA_Crossover(35,44),6536.5,6521.0,6825.9429,6835.4261,-9.4833,-1.0,1.0,11.0,11.0,6521.0,14046.5
2017-12-08 00:00:00,MA_Crossover(35,44),6542.75,6527.25,6814.8929,6833.6023,-18.7094,-1.0,-1.0,6.25,-6.25,-6527.25,14040.25
2017-12-11 00:00:00,MA_Crossover(35,44),6640.25,6624.75,6805.0786,6831.9659,-26.8873,-1.0,-1.0,97.5,-97.5,-6624.75,13942.75
2017-12-12 00:00:00,MA_Crossover(35,44),6632.0,6616.5,6794.1143,6829.0568,-34.9425,-1.0,-1.0,-8.25,8.25,-6616.5,13951.0
2017-12-13 00:00:00,MA_Crossover(35,44),6696.25,6680.75,6785.6857,6825.2784,-39.5927,-1.0,-1.0,64.25,-64.25,-6680.75,13886.75
2017-12-14 00:00:00,MA_Crossover(35,44),6762.0,6746.5,6779.8286,6823.0625,-43.2339,-1.0,-1.0,65.75,-65.75,-6746.5,13821.0
2017-12-15 00:00:00,MA_Crossover(35,44),6855.25,6839.75,6781.1643,6817.0,-35.8357,-1.0,-1.0,93.25,-93.25,-6839.75,13727.75
2017-12-18 00:00:00,MA_Crossover(35,44),6874.25,6858.75,6781.9571,6814.1193,-32.1622,-1.0,-1.0,19.0,-19.0,-6858.75,13708.75
2017-12-19 00:00:00,MA_Crossover(35,44),6919.75,6908.0,6784.7286,6813.1023,-28.3737,-1.0,-1.0,49.25,-49.25,-6908.0,13659.5
2017-12-20 00:00:00,MA_Crossover(35,44),7016.75,7007.0,6787.9,6814.7102,-26.8102,-1.0,-1.0,99.0,-99.0,-7007.0,13560.5
2017-12-21 00:00:00,MA_Crossover(35,44),7058.5,7049.0,6792.3143,6817.642,-25.3278,-1.0,-1.0,42.0,-42.0,-7049.0,13518.5
2017-12-22 00:00:00,MA_Crossover(35,44),7100.5,7076.0,6798.9,6820.2955,-21.3955,-1.0,-1.0,27.0,-27.0,-7076.0,13491.5
2017-12-27 00:00:00,MA_Crossover(35,44),7217.75,7193.25,6806.7643,6824.8864,-18.1221,-1.0,-1.0,117.25,-117.25,-7193.25,13374.25
2017-12-28 00:00:00,MA_Crossover(35,44),7264.75,7240.25,6820.1214,6831.1023,-10.9808,-1.0,-1.0,47.0,-47.0,-7240.25,13327.25
2017-12-29 00:00:00,MA_Crossover(35,44),7219.0,7194.5,6831.2643,6836.8295,-5.5653,-1.0,-1.0,-45.75,45.75,-7194.5,13373.0
2018-01-02 00:00:00,MA_Crossover(35,44),7173.25,7148.75,6842.5286,6845.1193,-2.5907,-1.0,-1.0,-45.75,45.75,-7148.75,13418.75
2018-01-03 00:00:00,MA_Crossover(35,44),7112.5,7088.0,6852.7714,6851.1648,1.6067,1.0,-1.0,-60.75,60.75,-7088.0,13479.5
2018-01-04 00:00:00,MA_Crossover(35,44),7154.25,7129.75,6861.1571,6858.6989,2.4583,1.0,1.0,41.75,41.75,7129.75,13521.25
2018-01-05 00:00:00,MA_Crossover(35,44),7087.0,7062.5,6871.1714,6862.8182,8.3532,1.0,1.0,-67.25,-67.25,7062.5,13454.0
2018-01-08 00:00:00,MA_Crossover(35,44),7087.0,7062.5,6880.7429,6866.9773,13.7656,1.0,1.0,0.0,0.0,7062.5,13454.0
2018-01-09 00:00:00,MA_Crossover(35,44),7065.0,7040.5,6890.7143,6871.4091,19.3052,1.0,1.0,-22.0,-22.0,7040.5,13432.0
2018-01-10 00:00:00,MA_Crossover(35,44),7116.75,7092.25,6901.0071,6875.3693,25.6378,1.0,1.0,51.75,51.75,7092.25,13483.75
2018-01-11 00:00:00,MA_Crossover(35,44),7103.5,7079.0,6909.4357,6882.3295,27.1062,1.0,1.0,-13.25,-13.25,7079.0,13470.5
2018-01-12 00:00:00,MA_Crossover(35,44),7074.75,7050.25,6914.7571,6887.9148,26.8424,1.0,1.0,-28.75,-28.75,7050.25,13441.75
2018-01-15 00:00:00,MA_Crossover(35,44),7181.25,7156.75,6921.8357,6897.0568,24.7789,1.0,1.0,106.5,106.5,7156.75,13548.25
2018-01-16 00:00:00,MA_Crossover(35,44),7052.75,7035.25,6924.9,6903.8466,21.0534,1.0,1.0,-121.5,-121.5,7035.25,13426.75
2018-01-17 00:00:00,MA_Crossover(35,44),7008.25,6990.75,6925.5357,6907.1989,18.3369,1.0,1.0,-44.5,-44.5,6990.75,13382.25
2018-01-18 00:00:00,MA_Crossover(35,44),7049.5,7033.0,6929.1929,6914.3125,14.8804,1.0,1.0,42.25,42.25,7033.0,13424.5
2018-01-19 00:00:00,MA_Crossover(35,44),7016.75,6987.25,6935.8786,6920.3295,15.549,1.0,1.0,-45.75,-45.75,6987.25,13378.75
2018-01-22 00:00:00,MA_Crossover(35,44),7042.5,7013.0,6944.5929,6927.75,16.8429,1.0,1.0,25.75,25.75,7013.0,13404.5
2018-01-23 00:00:00,MA_Crossover(35,44),6900.5,6871.0,6949.1929,6931.0227,18.1701,1.0,1.0,-142.0,-142.0,6871.0,13262.5
2018-01-24 00:00:00,MA_Crossover(35,44),7128.0,7098.5,6958.2286,6938.2841,19.9445,1.0,1.0,227.5,227.5,7098.5,13490.0
2018-01-25 00:00:00,MA_Crossover(35,44),7115.75,7086.25,6967.1429,6943.4489,23.694,1.0,1.0,-12.25,-12.25,7086.25,13477.75
2018-01-26 00:00:00,MA_Crossover(35,44),7059.5,7030.0,6982.5857,6946.3125,36.2732,1.0,1.0,-56.25,-56.25,7030.0,13421.5
2018-01-29 00:00:00,MA_Crossover(35,44),7056.0,7026.5,6997.7429,6948.8239,48.919,1.0,1.0,-3.5,-3.5,7026.5,13418.0
2018-01-30 00:00:00,MA_Crossover(35,44),7023.5,6994.0,7011.6571,6949.6761,61.981,1.0,1.0,-32.5,-32.5,6994.0,13385.5
2018-01-31 00:00:00,MA_Crossover(35,44),7091.25,7061.75,7027.3286,6953.5341,73.7945,1.0,1.0,67.75,67.75,7061.75,13453.25
2018-02-01 00:00:00,MA_Crossover(35,44),7089.0,7059.5,7040.15,6960.4943,79.6557,1.0,1.0,-2.25,-2.25,7059.5,13451.0
2018-02-02 00:00:00,MA_Crossover(35,44),7015.5,6986.0,7051.1071,6966.8125,84.2946,1.0,1.0,-73.5,-73.5,6986.0,13377.5
2018-02-05 00:00:00,MA_Crossover(35,44),7139.25,7109.75,7063.7643,6975.8977,87.8666,1.0,1.0,123.75,123.75,7109.75,13501.25
2018-02-06 00:00:00,MA_Crossover(35,44),7041.75,7012.25,7071.7571,6981.125,90.6321,1.0,1.0,-97.5,-97.5,7012.25,13403.75
2018-02-07 00:00:00,MA_Crossover(35,44),6845.0,6815.5,7071.4643,6982.0625,89.4018,1.0,1.0,-196.75,-196.75,6815.5,13207.0
2018-02-08 00:00:00,MA_Crossover(35,44),6811.25,6781.75,7069.6643,6988.7045,80.9597,1.0,1.0,-33.75,-33.75,6781.75,13173.25
2018-02-09 00:00:00,MA_Crossover(35,44),6719.75,6690.25,7063.95,6993.1193,70.8307,1.0,1.0,-91.5,-91.5,6690.25,13081.75
2018-02-12 00:00:00,MA_Crossover(35,44),6795.0,6765.5,7057.6143,6998.9943,58.62,1.0,1.0,75.25,75.25,6765.5,13157.0
2018-02-13 00:00:00,MA_Crossover(35,44),6951.25,6921.75,7054.55,7008.2784,46.2716,1.0,1.0,156.25,156.25,6921.75,13313.25
2018-02-14 00:00:00,MA_Crossover(35,44),7125.75,7096.25,7055.2714,7019.3125,35.9589,1.0,1.0,174.5,174.5,7096.25,13487.75
2018-02-15 00:00:00,MA_Crossover(35,44),7143.75,7114.25,7053.1571,7030.9432,22.214,1.0,1.0,18.0,18.0,7114.25,13505.75
2018-02-16 00:00:00,MA_Crossover(35,44),7192.0,7162.5,7051.0786,7042.2102,8.8683,1.0,1.0,48.25,48.25,7162.5,13554.0
2018-02-19 00:00:00,MA_Crossover(35,44),7076.5,7047.0,7047.0071,7049.358,-2.3508,-1.0,1.0,-115.5,-115.5,7047.0,13438.5
2018-02-20 00:00:00,MA_Crossover(35,44),7063.25,7032.0,7043.8643,7054.0852,-10.2209,-1.0,-1.0,-15.0,15.0,-7032.0,13453.5
2018-02-21 00:00:00,MA_Crossover(35,44),7092.5,7061.0,7043.2929,7059.0455,-15.7526,-1.0,-1.0,29.0,-29.0,-7061.0,13424.5
2018-02-22 00:00:00,MA_Crossover(35,44),7137.0,7104.5,7042.8,7063.983,-21.183,-1.0,-1.0,43.5,-43.5,-7104.5,13381.0
2018-02-23 00:00:00,MA_Crossover(35,44),7069.25,7023.75,7042.2929,7065.1761,-22.8833,-1.0,-1.0,-80.75,80.75,-7023.75,13461.75
2018-02-26 00:00:00,MA_Crossover(35,44),7083.75,7038.25,7042.2,7065.75,-23.55,-1.0,-1.0,14.5,-14.5,-7038.25,13447.25
2018-02-27 00:00:00,MA_Crossover(35,44),6993.25,6947.75,7040.15,7063.3125,-23.1625,-1.0,-1.0,-90.5,90.5,-6947.75,13537.75
2018-02-28 00:00:00,MA_Crossover(35,44),6903.5,6858.0,7034.0571,7056.1705,-22.1133,-1.0,-1.0,-89.75,89.75,-6858.0,13627.5
2018-03-01 00:00:00,MA_Crossover(35,44),6894.5,6849.0,7028.0857,7047.7557,-19.67,-1.0,-1.0,-9.0,9.0,-6849.0,13636.5
2018-03-02 00:00:00,MA_Crossover(35,44),6871.0,6825.5,7022.2643,7039.8466,-17.5823,-1.0,-1.0,-23.5,23.5,-6825.5,13660.0
2018-03-05 00:00:00,MA_Crossover(35,44),6880.75,6835.25,7013.6786,7033.1989,-19.5203,-1.0,-1.0,9.75,-9.75,-6835.25,13650.25
2018-03-06 00:00:00,MA_Crossover(35,44),6972.25,6926.75,7011.3786,7030.0114,-18.6328,-1.0,-1.0,91.5,-91.5,-6926.75,13558.75
2018-03-07 00:00:00,MA_Crossover(35,44),6916.75,6871.25,7008.7643,7024.6136,-15.8494,-1.0,-1.0,-55.5,55.5,-6871.25,13614.25
2018-03-08 00:00:00,MA_Crossover(35,44),6801.75,6756.25,7001.6857,7018.1307,-16.445,-1.0,-1.0,-115.0,115.0,-6756.25,13729.25
2018-03-09 00:00:00,MA_Crossover(35,44),6934.0,6888.5,6999.3214,7014.6534,-15.332,-1.0,-1.0,132.25,-132.25,-6888.5,13597.0
2018-03-12 00:00:00,MA_Crossover(35,44),6878.0,6832.5,6994.6214,7010.4034,-15.782,-1.0,-1.0,-56.0,56.0,-6832.5,13653.0
2018-03-13 00:00:00,MA_Crossover(35,44),6913.25,6867.75,6994.9857,7005.7784,-10.7927,-1.0,-1.0,35.25,-35.25,-6867.75,13617.75
2018-03-14 00:00:00,MA_Crossover(35,44),6953.75,6908.25,6990.0071,7002.375,-12.3679,-1.0,-1.0,40.5,-40.5,-6908.25,13577.25
2018-03-15 00:00:00,MA_Crossover(35,44),6884.0,6838.5,6983.3857,6998.0398,-14.6541,-1.0,-1.0,-69.75,69.75,-6838.5,13647.0
2018-03-16 00:00:00,MA_Crossover(35,44),6858.25,6812.75,6977.6357,6990.6989,-13.0631,-1.0,-1.0,-25.75,25.75,-6812.75,13672.75
2018-03-19 00:00:00,MA_Crossover(35,44),6819.5,6774.0,6970.8786,6985.3977,-14.5192,-1.0,-1.0,-38.75,38.75,-6774.0,13711.5
2018-03-20 00:00:00,MA_Crossover(35,44),6733.0,6688.0,6962.5786,6979.142,-16.5635,-1.0,-1.0,-86.0,86.0,-6688.0,13797.5
2018-03-21 00:00:00,MA_Crossover(35,44),6772.5,6728.5,6953.4714,6972.8466,-19.3752,-1.0,-1.0,40.5,-40.5,-6728.5,13757.0
2018-03-22 00:00:00,MA_Crossover(35,44),6671.5,6629.0,6941.5429,6965.0,-23.4571,-1.0,-1.0,-99.5,99.5,-6629.0,13856.5
2018-03-23 00:00:00,MA_Crossover(35,44),6637.75,6582.75,6930.75,6955.8011,-25.0511,-1.0,-1.0,-46.25,46.25,-6582.75,13902.75
2018-03-26 00:00:00,MA_Crossover(35,44),6576.5,6521.5,6914.6714,6948.4375,-33.7661,-1.0,-1.0,-61.25,61.25,-6521.5,13964.0
2018-03-27 00:00:00,MA_Crossover(35,44),6623.5,6568.5,6902.7214,6936.9716,-34.2502,-1.0,-1.0,47.0,-47.0,-6568.5,13917.0
2018-03-28 00:00:00,MA_Crossover(35,44),6641.5,6586.5,6896.9071,6926.1932,-29.286,-1.0,-1.0,18.0,-18.0,-6586.5,13899.0
2018-03-29 00:00:00,MA_Crossover(35,44),6690.25,6635.25,6893.45,6917.8011,-24.3511,-1.0,-1.0,48.75,-48.75,-6635.25,13850.25
2018-04-03 00:00:00,MA_Crossover(35,44),6772.25,6717.25,6894.95,6911.3523,-16.4023,-1.0,-1.0,82.0,-82.0,-6717.25,13768.25
2018-04-04 00:00:00,MA_Crossover(35,44),6699.75,6644.75,6892.2286,6903.9943,-11.7657,-1.0,-1.0,-72.5,72.5,-6644.75,13840.75
2018-04-05 00:00:00,MA_Crossover(35,44),6789.25,6734.25,6887.6,6897.1307,-9.5307,-1.0,-1.0,89.5,-89.5,-6734.25,13751.25
2018-04-06 00:00:00,MA_Crossover(35,44),6738.0,6683.0,6876.5214,6889.1534,-12.632,-1.0,-1.0,-51.25,51.25,-6683.0,13802.5
2018-04-09 00:00:00,MA_Crossover(35,44),6797.75,6742.75,6866.6357,6884.2045,-17.5688,-1.0,-1.0,59.75,-59.75,-6742.75,13742.75
2018-04-10 00:00:00,MA_Crossover(35,44),6914.75,6859.75,6858.7143,6879.1023,-20.388,-1.0,-1.0,117.0,-117.0,-6859.75,13625.75
2018-04-11 00:00:00,MA_Crossover(35,44),6918.25,6863.25,6854.1929,6876.2955,-22.1026,-1.0,-1.0,3.5,-3.5,-6863.25,13622.25
2018-04-12 00:00:00,MA_Crossover(35,44),6789.25,6734.25,6846.3643,6875.0284,-28.6641,-1.0,-1.0,-129.0,129.0,-6734.25,13751.25
2018-04-13 00:00:00,MA_Crossover(35,44),6797.25,6742.25,6837.9286,6874.7102,-36.7817,-1.0,-1.0,8.0,-8.0,-6742.25,13743.25
2018-04-16 00:00:00,MA_Crossover(35,44),6876.25,6821.25,6830.4786,6878.267,-47.7885,-1.0,-1.0,79.0,-79.0,-6821.25,13664.25
2018-04-17 00:00:00,MA_Crossover(35,44),6850.0,6799.5,6824.2143,6879.517,-55.3028,-1.0,-1.0,-21.75,21.75,-6799.5,13686.0
2018-04-18 00:00:00,MA_Crossover(35,44),6998.25,6946.5,6821.7714,6880.5852,-58.8138,-1.0,-1.0,147.0,-147.0,-6946.5,13539.0
2018-04-19 00:00:00,MA_Crossover(35,44),6960.5,6910.5,6820.8357,6876.8295,-55.9938,-1.0,-1.0,-36.0,36.0,-6910.5,13575.0
2018-04-20 00:00:00,MA_Crossover(35,44),6968.5,6903.5,6822.6929,6872.8466,-50.1537,-1.0,-1.0,-7.0,7.0,-6903.5,13582.0
2018-04-23 00:00:00,MA_Crossover(35,44),6916.5,6851.5,6823.3214,6866.5852,-43.2638,-1.0,-1.0,-52.0,52.0,-6851.5,13634.0
2018-04-24 00:00:00,MA_Crossover(35,44),6986.5,6921.5,6826.6214,6864.5398,-37.9183,-1.0,-1.0,70.0,-70.0,-6921.5,13564.0
2018-04-25 00:00:00,MA_Crossover(35,44),6984.75,6919.75,6829.5929,6862.7557,-33.1628,-1.0,-1.0,-1.75,1.75,-6919.75,13565.75
2018-04-26 00:00:00,MA_Crossover(35,44),6940.5,6875.5,6828.6857,6859.3011,-30.6154,-1.0,-1.0,-44.25,44.25,-6875.5,13610.0
2018-04-27 00:00:00,MA_Crossover(35,44),6769.25,6704.25,6824.4714,6850.9432,-26.4718,-1.0,-1.0,-171.25,171.25,-6704.25,13781.25
2018-04-30 00:00:00,MA_Crossover(35,44),6779.0,6714.0,6823.8214,6844.3466,-20.5252,-1.0,-1.0,9.75,-9.75,-6714.0,13771.5
2018-05-01 00:00:00,MA_Crossover(35,44),6716.25,6651.25,6817.6,6835.9943,-18.3943,-1.0,-1.0,-62.75,62.75,-6651.25,13834.25
2018-05-02 00:00:00,MA_Crossover(35,44),6792.5,6727.5,6815.1571,6831.4318,-16.2747,-1.0,-1.0,76.25,-76.25,-6727.5,13758.0
2018-05-03 00:00:00,MA_Crossover(35,44),6796.25,6731.25,6811.8143,6828.9943,-17.18,-1.0,-1.0,3.75,-3.75,-6731.25,13754.25
2018-05-04 00:00:00,MA_Crossover(35,44),6794.5,6729.5,6807.2643,6826.7216,-19.4573,-1.0,-1.0,-1.75,1.75,-6729.5,13756.0
2018-05-08 00:00:00,MA_Crossover(35,44),6712.25,6647.25,6802.3571,6823.1136,-20.7565,-1.0,-1.0,-82.25,82.25,-6647.25,13838.25
2018-05-09 00:00:00,MA_Crossover(35,44),6778.0,6713.0,6800.0643,6820.7784,-20.7141,-1.0,-1.0,65.75,-65.75,-6713.0,13772.5
2018-05-10 00:00:00,MA_Crossover(35,44),6885.5,6820.5,6801.95,6818.8068,-16.8568,-1.0,-1.0,107.5,-107.5,-6820.5,13665.0
2018-05-11 00:00:00,MA_Crossover(35,44),6909.25,6844.25,6806.9857,6818.6364,-11.6506,-1.0,-1.0,23.75,-23.75,-6844.25,13641.25
2018-05-14 00:00:00,MA_Crossover(35,44),6856.25,6791.25,6809.3786,6819.875,-10.4964,-1.0,-1.0,-53.0,53.0,-6791.25,13694.25
2018-05-15 00:00:00,MA_Crossover(35,44),6786.0,6725.5,6812.65,6816.5114,-3.8614,-1.0,-1.0,-65.75,65.75,-6725.5,13760.0
2018-05-16 00:00:00,MA_Crossover(35,44),6808.0,6747.0,6817.5143,6814.9205,2.5938,1.0,-1.0,21.5,-21.5,-6747.0,13738.5
2018-05-17 00:00:00,MA_Crossover(35,44),6864.0,6802.0,6825.7286,6813.8011,11.9274,1.0,1.0,55.0,55.0,6802.0,13793.5
2018-05-18 00:00:00,MA_Crossover(35,44),6837.25,6765.25,6831.8357,6811.1534,20.6823,1.0,1.0,-36.75,-36.75,6765.25,13756.75
2018-05-21 00:00:00,MA_Crossover(35,44),6858.25,6786.25,6838.0286,6810.5682,27.4604,1.0,1.0,21.0,21.0,6786.25,13777.75
2018-05-22 00:00:00,MA_Crossover(35,44),6963.5,6891.5,6845.8357,6812.9602,32.8755,1.0,1.0,105.25,105.25,6891.5,13883.0
2018-05-23 00:00:00,MA_Crossover(35,44),6853.0,6781.0,6848.1429,6813.7216,34.4213,1.0,1.0,-110.5,-110.5,6781.0,13772.5
2018-05-24 00:00:00,MA_Crossover(35,44),6866.0,6794.0,6852.8929,6816.7443,36.1485,1.0,1.0,13.0,13.0,6794.0,13785.5
2018-05-25 00:00:00,MA_Crossover(35,44),6872.25,6800.25,6855.2643,6819.0114,36.2529,1.0,1.0,6.25,6.25,6800.25,13791.75
2018-05-29 00:00:00,MA_Crossover(35,44),6852.0,6780.0,6858.5214,6823.1136,35.4078,1.0,1.0,-20.25,-20.25,6780.0,13771.5
2018-05-30 00:00:00,MA_Crossover(35,44),6836.5,6764.5,6859.6286,6827.6307,31.9979,1.0,1.0,-15.5,-15.5,6764.5,13756.0
2018-05-31 00:00:00,MA_Crossover(35,44),6847.5,6775.5,6857.7071,6833.7898,23.9174,1.0,1.0,11.0,11.0,6775.5,13767.0
2018-06-01 00:00:00,MA_Crossover(35,44),6888.75,6816.75,6856.8643,6839.8182,17.0461,1.0,1.0,41.25,41.25,6816.75,13808.25
2018-06-04 00:00:00,MA_Crossover(35,44),6978.75,6906.75,6862.2786,6847.483,14.7956,1.0,1.0,90.0,90.0,6906.75,13898.25
2018-06-05 00:00:00,MA_Crossover(35,44),7100.75,7028.75,6870.95,6856.8125,14.1375,1.0,1.0,122.0,122.0,7028.75,14020.25
2018-06-06 00:00:00,MA_Crossover(35,44),7216.25,7144.25,6880.6643,6866.9034,13.7609,1.0,1.0,115.5,115.5,7144.25,14135.75
2018-06-07 00:00:00,MA_Crossover(35,44),7334.0,7262.0,6894.4929,6881.3182,13.1747,1.0,1.0,117.75,117.75,7262.0,14253.5
2018-06-08 00:00:00,MA_Crossover(35,44),7326.5,7254.5,6903.8714,6893.5284,10.343,1.0,1.0,-7.5,-7.5,7254.5,14246.0
2018-06-11 00:00:00,MA_Crossover(35,44),7259.0,7187.0,6912.4,6905.3693,7.0307,1.0,1.0,-67.5,-67.5,7187.0,14178.5
2018-06-12 00:00:00,MA_Crossover(35,44),7213.5,7141.5,6919.4,6914.8182,4.5818,1.0,1.0,-45.5,-45.5,7141.5,14133.0
2018-06-13 00:00:00,MA_Crossover(35,44),7255.25,7183.25,6929.0786,6922.5568,6.5218,1.0,1.0,41.75,41.75,7183.25,14174.75
2018-06-14 00:00:00,MA_Crossover(35,44),7174.5,7102.5,6934.45,6928.3807,6.0693,1.0,1.0,-80.75,-80.75,7102.5,14094.0
2018-06-15 00:00:00,MA_Crossover(35,44),7019.5,6947.5,6935.4429,6933.6136,1.8292,1.0,1.0,-155.0,-155.0,6947.5,13939.0
2018-06-18 00:00:00,MA_Crossover(35,44),6971.0,6899.0,6936.3143,6937.5625,-1.2482,-1.0,1.0,-48.5,-48.5,6899.0,13890.5
2018-06-19 00:00:00,MA_Crossover(35,44),6838.5,6773.0,6938.2929,6936.7045,1.5883,1.0,-1.0,-126.0,126.0,-6773.0,14016.5
2018-06-20 00:00:00,MA_Crossover(35,44),6774.75,6708.75,6938.1714,6934.9943,3.1771,1.0,1.0,-64.25,-64.25,6708.75,13952.25
2018-06-21 00:00:00,MA_Crossover(35,44),6797.5,6727.5,6940.4929,6930.4318,10.061,1.0,1.0,18.75,18.75,6727.5,13971.0
2018-06-22 00:00:00,MA_Crossover(35,44),6798.5,6737.0,6940.6643,6926.75,13.9143,1.0,1.0,9.5,9.5,6737.0,13980.5
2018-06-25 00:00:00,MA_Crossover(35,44),6760.0,6698.5,6939.6286,6922.0114,17.6172,1.0,1.0,-38.5,-38.5,6698.5,13942.0
2018-06-26 00:00:00,MA_Crossover(35,44),6727.5,6666.0,6937.7143,6917.7159,19.9984,1.0,1.0,-32.5,-32.5,6666.0,13909.5
2018-06-27 00:00:00,MA_Crossover(35,44),6706.5,6645.0,6937.55,6911.3523,26.1977,1.0,1.0,-21.0,-21.0,6645.0,13888.5
2018-06-28 00:00:00,MA_Crossover(35,44),6640.5,6579.0,6933.6214,6903.5284,30.093,1.0,1.0,-66.0,-66.0,6579.0,13822.5
2018-06-29 00:00:00,MA_Crossover(35,44),6638.0,6576.5,6926.55,6896.6534,29.8966,1.0,1.0,-2.5,-2.5,6576.5,13820.0
2018-07-02 00:00:00,MA_Crossover(35,44),6536.0,6474.5,6915.8857,6891.3523,24.5334,1.0,1.0,-102.0,-102.0,6474.5,13718.0
2018-07-03 00:00:00,MA_Crossover(35,44),6498.25,6436.75,6905.6571,6884.9716,20.6856,1.0,1.0,-37.75,-37.75,6436.75,13680.25
2018-07-04 00:00:00,MA_Crossover(35,44),6396.75,6335.25,6894.5357,6877.7102,16.8255,1.0,1.0,-101.5,-101.5,6335.25,13578.75
2018-07-05 00:00:00,MA_Crossover(35,44),6349.5,6288.0,6881.4357,6867.642,13.7937,1.0,1.0,-47.25,-47.25,6288.0,13531.5
2018-07-06 00:00:00,MA_Crossover(35,44),6284.0,6222.5,6864.8643,6856.0,8.8643,1.0,1.0,-65.5,-65.5,6222.5,13466.0
2018-07-09 00:00:00,MA_Crossover(35,44),6388.5,6327.0,6852.0429,6846.7727,5.2701,1.0,1.0,104.5,104.5,6327.0,13570.5
2018-07-10 00:00:00,MA_Crossover(35,44),6326.5,6265.0,6836.85,6838.0057,-1.1557,-1.0,1.0,-62.0,-62.0,6265.0,13508.5
2018-07-11 00:00:00,MA_Crossover(35,44),6135.0,6073.5,6813.1786,6823.392,-10.2135,-1.0,-1.0,-191.5,191.5,-6073.5,13700.0
2018-07-12 00:00:00,MA_Crossover(35,44),6211.75,6150.25,6794.8571,6808.0795,-13.2224,-1.0,-1.0,76.75,-76.75,-6150.25,13623.25
2018-07-13 00:00:00,MA_Crossover(35,44),6217.5,6156.0,6776.3286,6792.358,-16.0294,-1.0,-1.0,5.75,-5.75,-6156.0,13617.5
2018-07-16 00:00:00,MA_Crossover(35,44),6165.0,6103.5,6756.1214,6776.6477,-20.5263,-1.0,-1.0,-52.5,52.5,-6103.5,13670.0
2018-07-17 00:00:00,MA_Crossover(35,44),6134.0,6072.5,6735.6071,6761.8295,-26.2224,-1.0,-1.0,-31.0,31.0,-6072.5,13701.0
2018-07-18 00:00:00,MA_Crossover(35,44),6140.5,6076.0,6715.7214,6746.6591,-30.9377,-1.0,-1.0,3.5,-3.5,-6076.0,13697.5
2018-07-19 00:00:00,MA_Crossover(35,44),6053.5,5990.5,6693.0357,6728.2386,-35.2029,-1.0,-1.0,-85.5,85.5,-5990.5,13783.0
2018-07-20 00:00:00,MA_Crossover(35,44),6137.5,6067.0,6671.5714,6712.3352,-40.7638,-1.0,-1.0,76.5,-76.5,-6067.0,13706.5
2018-07-23 00:00:00,MA_Crossover(35,44),6114.75,6044.25,6646.8857,6695.4375,-48.5518,-1.0,-1.0,-22.75,22.75,-6044.25,13729.25
2018-07-24 00:00:00,MA_Crossover(35,44),6280.75,6210.25,6623.4571,6679.9205,-56.4633,-1.0,-1.0,166.0,-166.0,-6210.25,13563.25
2018-07-25 00:00:00,MA_Crossover(35,44),6275.0,6204.5,6596.5643,6666.7841,-70.2198,-1.0,-1.0,-5.75,5.75,-6204.5,13569.0
2018-07-26 00:00:00,MA_Crossover(35,44),6276.5,6206.0,6566.35,6653.3864,-87.0364,-1.0,-1.0,1.5,-1.5,-6206.0,13567.5
2018-07-27 00:00:00,MA_Crossover(35,44),6285.25,6214.75,6536.6,6640.0455,-103.4455,-1.0,-1.0,8.75,-8.75,-6214.75,13558.75
2018-07-30 00:00:00,MA_Crossover(35,44),6234.0,6163.5,6507.3143,6626.0,-118.6857,-1.0,-1.0,-51.25,51.25,-6163.5,13610.0
2018-07-31 00:00:00,MA_Crossover(35,44),6287.75,6217.25,6480.8643,6613.5284,-132.6641,-1.0,-1.0,53.75,-53.75,-6217.25,13556.25
2018-08-01 00:00:00,MA_Crossover(35,44),6155.0,6084.5,6449.4286,6597.7898,-148.3612,-1.0,-1.0,-132.75,132.75,-6084.5,13689.0
2018-08-02 00:00:00,MA_Crossover(35,44),6118.5,6048.0,6419.2571,6580.2841,-161.0269,-1.0,-1.0,-36.5,36.5,-6048.0,13725.5
2018-08-03 00:00:00,MA_Crossover(35,44),6185.25,6114.75,6395.4214,6562.25,-166.8286,-1.0,-1.0,66.75,-66.75,-6114.75,13658.75
2018-08-06 00:00:00,MA_Crossover(35,44),6110.0,6039.5,6370.8214,6539.733,-168.9115,-1.0,-1.0,-75.25,75.25,-6039.5,13734.0
2018-08-07 00:00:00,MA_Crossover(35,44),6149.25,6078.75,6351.1286,6515.483,-164.3544,-1.0,-1.0,39.25,-39.25,-6078.75,13694.75
2018-08-08 00:00:00,MA_Crossover(35,44),6148.5,6078.0,6333.2357,6488.5398,-155.3041,-1.0,-1.0,-0.75,0.75,-6078.0,13695.5
2018-08-09 00:00:00,MA_Crossover(35,44),6200.25,6129.75,6316.1714,6462.9432,-146.7718,-1.0,-1.0,51.75,-51.75,-6129.75,13643.75
2018-08-10 00:00:00,MA_Crossover(35,44),6161.25,6090.75,6297.9643,6437.9943,-140.03,-1.0,-1.0,-39.0,39.0,-6090.75,13682.75
2018-08-13 00:00:00,MA_Crossover(35,44),6123.25,6052.75,6279.7714,6413.2159,-133.4445,-1.0,-1.0,-38.0,38.0,-6052.75,13720.75
2018-08-14 00:00:00,MA_Crossover(35,44),6028.5,5948.5,6259.8,6385.3352,-125.5352,-1.0,-1.0,-104.25,104.25,-5948.5,13825.0
2018-08-15 00:00:00,MA_Crossover(35,44),5785.0,5705.0,6233.4714,6353.7557,-120.2843,-1.0,-1.0,-243.5,243.5,-5705.0,14068.5
2018-08-16 00:00:00,MA_Crossover(35,44),5924.0,5843.0,6213.0,6328.858,-115.858,-1.0,-1.0,138.0,-138.0,-5843.0,13930.5
2018-08-17 00:00:00,MA_Crossover(35,44),5911.5,5823.5,6192.2429,6304.7784,-112.5356,-1.0,-1.0,-19.5,19.5,-5823.5,13950.0
2018-08-20 00:00:00,MA_Crossover(35,44),5981.5,5893.5,6176.4,6285.3011,-108.9011,-1.0,-1.0,70.0,-70.0,-5893.5,13880.0
2018-08-21 00:00:00,MA_Crossover(35,44),6035.0,5947.0,6163.1643,6268.4886,-105.3244,-1.0,-1.0,53.5,-53.5,-5947.0,13826.5
2018-08-22 00:00:00,MA_Crossover(35,44),5997.0,5909.0,6151.7429,6250.2955,-98.5526,-1.0,-1.0,-38.0,38.0,-5909.0,13864.5
2018-08-23 00:00:00,MA_Crossover(35,44),5979.0,5891.0,6141.1571,6231.6705,-90.5133,-1.0,-1.0,-18.0,18.0,-5891.0,13882.5
2018-08-24 00:00:00,MA_Crossover(35,44),6102.0,6014.0,6135.9571,6216.7159,-80.7588,-1.0,-1.0,123.0,-123.0,-6014.0,13759.5
2018-08-28 00:00:00,MA_Crossover(35,44),6143.5,6055.5,6128.9571,6203.4432,-74.486,-1.0,-1.0,41.5,-41.5,-6055.5,13718.0
2018-08-29 00:00:00,MA_Crossover(35,44),6081.0,5993.0,6121.9429,6189.2273,-67.2844,-1.0,-1.0,-62.5,62.5,-5993.0,13780.5
2018-08-30 00:00:00,MA_Crossover(35,44),6066.5,5978.5,6119.9857,6176.1818,-56.1961,-1.0,-1.0,-14.5,14.5,-5978.5,13795.0
2018-08-31 00:00:00,MA_Crossover(35,44),5974.0,5886.0,6113.1929,6161.0909,-47.8981,-1.0,-1.0,-92.5,92.5,-5886.0,13887.5
2018-09-03 00:00:00,MA_Crossover(35,44),5957.0,5869.0,6105.75,6147.9318,-42.1818,-1.0,-1.0,-17.0,17.0,-5869.0,13904.5
2018-09-04 00:00:00,MA_Crossover(35,44),5806.0,5718.0,6095.4929,6132.1989,-36.706,-1.0,-1.0,-151.0,151.0,-5718.0,14055.5
2018-09-05 00:00:00,MA_Crossover(35,44),5862.75,5774.75,6087.7429,6120.0625,-32.3196,-1.0,-1.0,56.75,-56.75,-5774.75,13998.75
2018-09-06 00:00:00,MA_Crossover(35,44),5911.0,5823.0,6081.1857,6110.0966,-28.9109,-1.0,-1.0,48.25,-48.25,-5823.0,13950.5
2018-09-07 00:00:00,MA_Crossover(35,44),5919.5,5831.5,6077.3571,6101.8125,-24.4554,-1.0,-1.0,8.5,-8.5,-5831.5,13942.0
2018-09-10 00:00:00,MA_Crossover(35,44),5896.5,5808.5,6070.4714,6090.6307,-20.1593,-1.0,-1.0,-23.0,23.0,-5808.5,13965.0
2018-09-11 00:00:00,MA_Crossover(35,44),5847.25,5759.25,6062.8286,6079.7386,-16.9101,-1.0,-1.0,-49.25,49.25,-5759.25,14014.25
2018-09-12 00:00:00,MA_Crossover(35,44),5984.0,5896.0,6054.35,6076.3068,-21.9568,-1.0,-1.0,136.75,-136.75,-5896.0,13877.5
2018-09-13 00:00:00,MA_Crossover(35,44),6014.5,5926.5,6046.9071,6071.8239,-24.9167,-1.0,-1.0,30.5,-30.5,-5926.5,13847.0
2018-09-14 00:00:00,MA_Crossover(35,44),5951.0,5863.0,6037.6071,6065.767,-28.1599,-1.0,-1.0,-63.5,63.5,-5863.0,13910.5
2018-09-17 00:00:00,MA_Crossover(35,44),5920.0,5832.0,6027.1714,6060.1989,-33.0274,-1.0,-1.0,-31.0,31.0,-5832.0,13941.5
2018-09-18 00:00:00,MA_Crossover(35,44),6077.5,5982.75,6022.7,6058.9148,-36.2148,-1.0,-1.0,150.75,-150.75,-5982.75,13790.75
2018-09-19 00:00:00,MA_Crossover(35,44),6110.0,6016.75,6017.6214,6058.2216,-40.6002,-1.0,-1.0,34.0,-34.0,-6016.75,13756.75
2018-09-20 00:00:00,MA_Crossover(35,44),6078.0,5982.75,6015.4214,6058.7784,-43.357,-1.0,-1.0,-34.0,34.0,-5982.75,13790.75
2018-09-21 00:00:00,MA_Crossover(35,44),6373.5,6273.25,6022.7071,6064.142,-41.4349,-1.0,-1.0,290.5,-290.5,-6273.25,13500.25
2018-09-24 00:00:00,MA_Crossover(35,44),6355.5,6255.25,6027.5714,6069.6136,-42.0422,-1.0,-1.0,-18.0,18.0,-6255.25,13518.25
2018-09-25 00:00:00,MA_Crossover(35,44),6319.75,6219.5,6033.5643,6070.5,-36.9357,-1.0,-1.0,-35.75,35.75,-6219.5,13554.0
2018-09-26 00:00:00,MA_Crossover(35,44),6278.0,6177.75,6037.2429,6070.5682,-33.3253,-1.0,-1.0,-41.75,41.75,-6177.75,13595.75
2018-09-27 00:00:00,MA_Crossover(35,44),6185.0,6084.75,6038.2857,6068.4886,-30.2029,-1.0,-1.0,-93.0,93.0,-6084.75,13688.75
2018-09-28 00:00:00,MA_Crossover(35,44),6260.5,6160.25,6040.0071,6067.9261,-27.919,-1.0,-1.0,75.5,-75.5,-6160.25,13613.25
2018-10-01 00:00:00,MA_Crossover(35,44),6255.5,6155.25,6042.7,6068.4148,-25.7148,-1.0,-1.0,-5.0,5.0,-6155.25,13618.25
2018-10-02 00:00:00,MA_Crossover(35,44),6291.0,6190.75,6047.4929,6068.4886,-20.9958,-1.0,-1.0,35.5,-35.5,-6190.75,13582.75
2018-10-03 00:00:00,MA_Crossover(35,44),6266.5,6166.25,6054.2929,6071.0227,-16.7299,-1.0,-1.0,-24.5,24.5,-6166.25,13607.25
2018-10-04 00:00:00,MA_Crossover(35,44),6291.0,6190.75,6068.75,6074.9432,-6.1932,-1.0,-1.0,24.5,-24.5,-6190.75,13582.75
2018-10-05 00:00:00,MA_Crossover(35,44),6171.0,6070.75,6075.8071,6074.6193,1.1878,1.0,-1.0,-120.0,120.0,-6070.75,13702.75
2018-10-08 00:00:00,MA_Crossover(35,44),6178.25,6078.0,6083.4286,6076.1705,7.2581,1.0,1.0,7.25,7.25,6078.0,13710.0
2018-10-09 00:00:00,MA_Crossover(35,44),6303.5,6203.25,6092.6286,6079.6761,12.9524,1.0,1.0,125.25,125.25,6203.25,13835.25
2018-10-10 00:00:00,MA_Crossover(35,44),6254.5,6154.25,6098.9,6082.0852,16.8148,1.0,1.0,-49.0,-49.0,6154.25,13786.25
2018-10-11 00:00:00,MA_Crossover(35,44),6259.25,6159.0,6106.3929,6083.4261,22.9667,1.0,1.0,4.75,4.75,6159.0,13791.0
2018-10-12 00:00:00,MA_Crossover(35,44),6318.5,6218.25,6116.0929,6087.0,29.0929,1.0,1.0,59.25,59.25,6218.25,13850.25
2018-10-15 00:00:00,MA_Crossover(35,44),6303.0,6202.75,6121.8357,6091.0852,30.7505,1.0,1.0,-15.5,-15.5,6202.75,13834.75
2018-10-16 00:00:00,MA_Crossover(35,44),6212.25,6113.5,6123.8,6095.2614,28.5386,1.0,1.0,-89.25,-89.25,6113.5,13745.5
2018-10-17 00:00:00,MA_Crossover(35,44),6222.0,6121.25,6127.8286,6105.1932,22.6354,1.0,1.0,7.75,7.75,6121.25,13753.25
2018-10-18 00:00:00,MA_Crossover(35,44),6160.5,6060.25,6130.5143,6110.5682,19.9461,1.0,1.0,-61.0,-61.0,6060.25,13692.25
2018-10-19 00:00:00,MA_Crossover(35,44),6229.0,6126.75,6137.8,6117.7841,20.0159,1.0,1.0,66.5,66.5,6126.75,13758.75
2018-10-22 00:00:00,MA_Crossover(35,44),6247.75,6145.5,6146.1071,6123.8352,22.2719,1.0,1.0,18.75,18.75,6145.5,13777.5
2018-10-23 00:00:00,MA_Crossover(35,44),6198.5,6096.25,6157.3214,6127.5511,29.7703,1.0,1.0,-49.25,-49.25,6096.25,13728.25
2018-10-24 00:00:00,MA_Crossover(35,44),6186.0,6083.75,6166.5571,6131.8466,34.7106,1.0,1.0,-12.5,-12.5,6083.75,13715.75
2018-10-25 00:00:00,MA_Crossover(35,44),6238.0,6135.75,6175.9,6137.733,38.167,1.0,1.0,52.0,52.0,6135.75,13767.75
2018-10-26 00:00:00,MA_Crossover(35,44),6179.0,6076.75,6183.3143,6139.483,43.8313,1.0,1.0,-59.0,-59.0,6076.75,13708.75
2018-10-29 00:00:00,MA_Crossover(35,44),6172.5,6070.25,6191.2,6140.142,51.058,1.0,1.0,-6.5,-6.5,6070.25,13702.25
2018-10-30 00:00:00,MA_Crossover(35,44),6051.5,5949.25,6197.0357,6139.4716,57.5641,1.0,1.0,-121.0,-121.0,5949.25,13581.25
2018-10-31 00:00:00,MA_Crossover(35,44),6006.5,5904.25,6197.6786,6138.108,59.5706,1.0,1.0,-45.0,-45.0,5904.25,13536.25
2018-11-01 00:00:00,MA_Crossover(35,44),6102.0,5999.75,6200.1786,6141.017,59.1615,1.0,1.0,95.5,95.5,5999.75,13631.75
2018-11-02 00:00:00,MA_Crossover(35,44),6299.0,6196.75,6210.1214,6148.7898,61.3317,1.0,1.0,197.0,197.0,6196.75,13828.75
2018-11-05 00:00:00,MA_Crossover(35,44),6202.5,6100.25,6218.1929,6157.8011,60.3917,1.0,1.0,-96.5,-96.5,6100.25,13732.25
2018-11-06 00:00:00,MA_Crossover(35,44),6177.0,6074.75,6221.0357,6164.9432,56.0925,1.0,1.0,-25.5,-25.5,6074.75,13706.75
2018-11-07 00:00:00,MA_Crossover(35,44),6166.0,6063.75,6222.6357,6170.7386,51.8971,1.0,1.0,-11.0,-11.0,6063.75,13695.75
2018-11-08 00:00:00,MA_Crossover(35,44),6170.5,6068.25,6225.2786,6176.4432,48.8354,1.0,1.0,4.5,4.5,6068.25,13700.25
2018-11-09 00:00:00,MA_Crossover(35,44),6075.5,5973.25,6216.7643,6180.5114,36.2529,1.0,1.0,-95.0,-95.0,5973.25,13605.25
2018-11-12 00:00:00,MA_Crossover(35,44),6071.25,5969.0,6208.6429,6185.6023,23.0406,1.0,1.0,-4.25,-4.25,5969.0,13601.0
2018-11-13 00:00:00,MA_Crossover(35,44),6091.5,5989.25,6202.1214,6188.0455,14.076,1.0,1.0,20.25,20.25,5989.25,13621.25
2018-11-14 00:00:00,MA_Crossover(35,44),6110.0,6007.75,6197.3214,6190.2159,7.1055,1.0,1.0,18.5,18.5,6007.75,13639.75
2018-11-15 00:00:00,MA_Crossover(35,44),6199.0,6096.75,6197.7214,6195.8523,1.8692,1.0,1.0,89.0,89.0,6096.75,13728.75
2018-11-16 00:00:00,MA_Crossover(35,44),6224.0,6121.75,6196.6786,6202.7614,-6.0828,-1.0,1.0,25.0,25.0,6121.75,13753.75
2018-11-19 00:00:00,MA_Crossover(35,44),6292.5,6190.25,6197.7357,6207.6477,-9.912,-1.0,-1.0,68.5,-68.5,-6190.25,13685.25
2018-11-20 00:00:00,MA_Crossover(35,44),6198.0,6105.75,6195.0786,6209.6477,-14.5692,-1.0,-1.0,-84.5,84.5,-6105.75,13769.75
2018-11-21 00:00:00,MA_Crossover(35,44),6256.0,6161.75,6194.7786,6213.6932,-18.9146,-1.0,-1.0,56.0,-56.0,-6161.75,13713.75
2018-11-22 00:00:00,MA_Crossover(35,44),6275.25,6182.0,6194.3286,6211.4602,-17.1317,-1.0,-1.0,20.25,-20.25,-6182.0,13693.5
2018-11-23 00:00:00,MA_Crossover(35,44),6227.25,6143.0,6195.9357,6208.5455,-12.6097,-1.0,-1.0,-39.0,39.0,-6143.0,13732.5
2018-11-26 00:00:00,MA_Crossover(35,44),6212.0,6127.75,6196.9,6206.0966,-9.1966,-1.0,-1.0,-15.25,15.25,-6127.75,13747.75
2018-11-27 00:00:00,MA_Crossover(35,44),6146.25,6062.0,6192.4071,6203.1023,-10.6951,-1.0,-1.0,-65.75,65.75,-6062.0,13813.5
2018-11-28 00:00:00,MA_Crossover(35,44),6229.0,6144.75,6191.6786,6204.1023,-12.4237,-1.0,-1.0,82.75,-82.75,-6144.75,13730.75
2018-11-29 00:00:00,MA_Crossover(35,44),6241.5,6157.25,6191.1714,6203.6705,-12.499,-1.0,-1.0,12.5,-12.5,-6157.25,13718.25
2018-11-30 00:00:00,MA_Crossover(35,44),6227.0,6142.75,6188.5571,6203.0227,-14.4656,-1.0,-1.0,-14.5,14.5,-6142.75,13732.75
2018-12-03 00:00:00,MA_Crossover(35,44),6320.5,6236.25,6189.0571,6203.6932,-14.636,-1.0,-1.0,93.5,-93.5,-6236.25,13639.25
2018-12-04 00:00:00,MA_Crossover(35,44),6220.5,6136.25,6189.2929,6202.6477,-13.3549,-1.0,-1.0,-100.0,100.0,-6136.25,13739.25
2018-12-05 00:00:00,MA_Crossover(35,44),6184.5,6100.25,6188.2214,6200.2273,-12.0058,-1.0,-1.0,-36.0,36.0,-6100.25,13775.25
2018-12-06 00:00:00,MA_Crossover(35,44),6086.5,6002.25,6186.1071,6198.3068,-12.1997,-1.0,-1.0,-98.0,98.0,-6002.25,13873.25
2018-12-07 00:00:00,MA_Crossover(35,44),6157.0,6072.75,6184.05,6197.8239,-13.7739,-1.0,-1.0,70.5,-70.5,-6072.75,13802.75
2018-12-10 00:00:00,MA_Crossover(35,44),6095.0,6010.75,6179.6857,6193.0852,-13.3995,-1.0,-1.0,-62.0,62.0,-6010.75,13864.75
2018-12-11 00:00:00,MA_Crossover(35,44),6175.5,6091.25,6179.0286,6191.2898,-12.2612,-1.0,-1.0,80.5,-80.5,-6091.25,13784.25
2018-12-12 00:00:00,MA_Crossover(35,44),6148.25,6064.0,6177.95,6188.767,-10.817,-1.0,-1.0,-27.25,27.25,-6064.0,13811.5
2018-12-13 00:00:00,MA_Crossover(35,44),6159.5,6075.25,6175.7071,6185.1534,-9.4463,-1.0,-1.0,11.25,-11.25,-6075.25,13800.25
2018-12-14 00:00:00,MA_Crossover(35,44),6128.75,6044.5,6174.2714,6181.1932,-6.9218,-1.0,-1.0,-30.75,30.75,-6044.5,13831.0
2018-12-17 00:00:00,MA_Crossover(35,44),6095.5,6011.25,6172.0714,6178.5398,-6.4683,-1.0,-1.0,-33.25,33.25,-6011.25,13864.25
2018-12-18 00:00:00,MA_Crossover(35,44),5958.75,5866.0,6169.4214,6172.5568,-3.1354,-1.0,-1.0,-145.25,145.25,-5866.0,14009.5
2018-12-19 00:00:00,MA_Crossover(35,44),6007.5,5914.25,6169.45,6169.0795,0.3705,1.0,-1.0,48.25,-48.25,-5914.25,13961.25
2018-12-20 00:00:00,MA_Crossover(35,44),5992.5,5900.75,6166.3214,6163.7045,2.6169,1.0,1.0,-13.5,-13.5,5900.75,13947.75
2018-12-21 00:00:00,MA_Crossover(35,44),5982.5,5883.25,6157.2786,6157.6761,-0.3976,-1.0,1.0,-17.5,-17.5,5883.25,13930.25
2018-12-24 00:00:00,MA_Crossover(35,44),5946.25,5847.0,6149.9571,6151.9432,-1.986,-1.0,-1.0,-36.25,36.25,-5847.0,13966.5
2018-12-27 00:00:00,MA_Crossover(35,44),5980.0,5880.75,6144.3286,6147.2614,-2.9328,-1.0,-1.0,33.75,-33.75,-5880.75,13932.75
2018-12-28 00:00:00,MA_Crossover(35,44),5995.5,5896.25,6139.4571,6141.75,-2.2929,-1.0,-1.0,15.5,-15.5,-5896.25,13917.25
2018-12-31 00:00:00,MA_Crossover(35,44),5960.5,5861.25,6133.4571,6136.7841,-3.3269,-1.0,-1.0,-35.0,35.0,-5861.25,13952.25
2019-01-02 00:00:00,MA_Crossover(35,44),5830.5,5731.25,6126.4571,6129.0114,-2.5542,-1.0,-1.0,-130.0,130.0,-5731.25,14082.25
2019-01-03 00:00:00,MA_Crossover(35,44),5723.25,5624.0,6116.5143,6121.5511,-5.0369,-1.0,-1.0,-107.25,107.25,-5624.0,14189.5
2019-01-04 00:00:00,MA_Crossover(35,44),5905.75,5806.5,6111.2071,6119.2614,-8.0542,-1.0,-1.0,182.5,-182.5,-5806.5,14007.0
2019-01-07 00:00:00,MA_Crossover(35,44),5912.0,5812.75,6105.55,6114.9432,-9.3932,-1.0,-1.0,6.25,-6.25,-5812.75,14000.75
2019-01-08 00:00:00,MA_Crossover(35,44),5892.0,5792.75,6096.7786,6105.6932,-8.9146,-1.0,-1.0,-20.0,20.0,-5792.75,14020.75
2019-01-09 00:00:00,MA_Crossover(35,44),5940.75,5841.5,6088.6857,6099.7443,-11.0586,-1.0,-1.0,48.75,-48.75,-5841.5,13972.0
2019-01-10 00:00:00,MA_Crossover(35,44),5908.25,5809.0,6077.7071,6093.6364,-15.9292,-1.0,-1.0,-32.5,32.5,-5809.0,14004.5
2019-01-11 00:00:00,MA_Crossover(35,44),5920.75,5821.5,6069.7857,6088.0625,-18.2768,-1.0,-1.0,12.5,-12.5,-5821.5,13992.0
2019-01-14 00:00:00,MA_Crossover(35,44),5867.0,5767.75,6058.6714,6081.1648,-22.4933,-1.0,-1.0,-53.75,53.75,-5767.75,14045.75
2019-01-15 00:00:00,MA_Crossover(35,44),5907.0,5796.25,6048.15,6077.3352,-29.1852,-1.0,-1.0,28.5,-28.5,-5796.25,14017.25
2019-01-16 00:00:00,MA_Crossover(35,44),5959.25,5847.25,6040.4929,6074.7898,-34.2969,-1.0,-1.0,51.0,-51.0,-5847.25,13966.25
2019-01-17 00:00:00,MA_Crossover(35,44),5981.75,5870.75,6033.9143,6072.2955,-38.3812,-1.0,-1.0,23.5,-23.5,-5870.75,13942.75
2019-01-18 00:00:00,MA_Crossover(35,44),6046.0,5930.25,6031.05,6070.8409,-39.7909,-1.0,-1.0,59.5,-59.5,-5930.25,13883.25
2019-01-21 00:00:00,MA_Crossover(35,44),5969.0,5853.25,6023.6214,6065.6136,-41.9922,-1.0,-1.0,-77.0,77.0,-5853.25,13960.25
2019-01-22 00:00:00,MA_Crossover(35,44),5921.5,5805.75,6014.4786,6058.7386,-44.2601,-1.0,-1.0,-47.5,47.5,-5805.75,14007.75
2019-01-23 00:00:00,MA_Crossover(35,44),5935.75,5820.0,6006.1571,6050.6307,-44.4735,-1.0,-1.0,14.25,-14.25,-5820.0,13993.5
2019-01-24 00:00:00,MA_Crossover(35,44),5905.0,5789.25,5994.2857,6043.9716,-49.6859,-1.0,-1.0,-30.75,30.75,-5789.25,14024.25
2019-01-25 00:00:00,MA_Crossover(35,44),6045.5,5929.75,5989.2857,6039.1875,-49.9018,-1.0,-1.0,140.5,-140.5,-5929.75,13883.75
2019-01-28 00:00:00,MA_Crossover(35,44),5988.5,5872.75,5983.6857,6032.6705,-48.9847,-1.0,-1.0,-57.0,57.0,-5872.75,13940.75
2019-01-29 00:00:00,MA_Crossover(35,44),6040.5,5924.75,5982.3714,6028.4261,-46.0547,-1.0,-1.0,52.0,-52.0,-5924.75,13888.75
2019-01-30 00:00:00,MA_Crossover(35,44),6127.25,6011.5,5981.5214,6026.5,-44.9786,-1.0,-1.0,86.75,-86.75,-6011.5,13802.0
2019-01-31 00:00:00,MA_Crossover(35,44),6159.25,6043.5,5983.3571,6026.7955,-43.4383,-1.0,-1.0,32.0,-32.0,-6043.5,13770.0
2019-02-01 00:00:00,MA_Crossover(35,44),6125.75,6010.0,5981.9357,6024.4489,-42.5131,-1.0,-1.0,-33.5,33.5,-6010.0,13803.5
2019-02-04 00:00:00,MA_Crossover(35,44),6157.5,6041.75,5982.2,6022.5398,-40.3398,-1.0,-1.0,31.75,-31.75,-6041.75,13771.75
2019-02-05 00:00:00,MA_Crossover(35,44),6223.5,6107.75,5984.0286,6022.4602,-38.4317,-1.0,-1.0,66.0,-66.0,-6107.75,13705.75
2019-02-06 00:00:00,MA_Crossover(35,44),6269.0,6153.25,5988.0357,6021.2898,-33.2541,-1.0,-1.0,45.5,-45.5,-6153.25,13660.25
2019-02-07 00:00:00,MA_Crossover(35,44),6234.0,6118.25,5991.9929,6021.5966,-29.6037,-1.0,-1.0,-35.0,35.0,-6118.25,13695.25
2019-02-08 00:00:00,MA_Crossover(35,44),6196.25,6080.5,5998.7786,6021.8636,-23.0851,-1.0,-1.0,-37.75,37.75,-6080.5,13733.0
2019-02-11 00:00:00,MA_Crossover(35,44),6139.25,6023.5,6002.5429,6023.0625,-20.5196,-1.0,-1.0,-57.0,57.0,-6023.5,13790.0
2019-02-12 00:00:00,MA_Crossover(35,44),6094.75,5979.0,6005.4643,6021.6477,-16.1834,-1.0,-1.0,-44.5,44.5,-5979.0,13834.5
2019-02-13 00:00:00,MA_Crossover(35,44),6123.5,6007.75,6009.4929,6022.2955,-12.8026,-1.0,-1.0,28.75,-28.75,-6007.75,13805.75
2019-02-14 00:00:00,MA_Crossover(35,44),6137.25,6021.5,6014.95,6021.4261,-6.4761,-1.0,-1.0,13.75,-13.75,-6021.5,13792.0
2019-02-15 00:00:00,MA_Crossover(35,44),6193.0,6077.25,6021.0357,6022.4432,-1.4075,-1.0,-1.0,55.75,-55.75,-6077.25,13736.25
2019-02-18 00:00:00,MA_Crossover(35,44),6333.0,6217.25,6030.6786,6026.3864,4.2922,1.0,-1.0,140.0,-140.0,-6217.25,13596.25
2019-02-19 00:00:00,MA_Crossover(35,44),6331.0,6248.25,6041.2643,6030.983,10.2813,1.0,1.0,31.0,31.0,6248.25,13627.25
2019-02-20 00:00:00,MA_Crossover(35,44),6423.0,6336.25,6058.1929,6038.4261,19.7667,1.0,1.0,88.0,88.0,6336.25,13715.25
2019-02-21 00:00:00,MA_Crossover(35,44),6396.5,6310.25,6077.4286,6048.375,29.0536,1.0,1.0,-26.0,-26.0,6310.25,13689.25
2019-02-22 00:00:00,MA_Crossover(35,44),6504.0,6428.25,6094.5214,6059.6591,34.8623,1.0,1.0,118.0,118.0,6428.25,13807.25
2019-02-25 00:00:00,MA_Crossover(35,44),6502.5,6426.75,6111.3929,6071.25,40.1429,1.0,1.0,-1.5,-1.5,6426.75,13805.75
2019-02-26 00:00:00,MA_Crossover(35,44),6511.5,6435.75,6129.0929,6083.2727,45.8201,1.0,1.0,9.0,9.0,6435.75,13814.75
2019-02-27 00:00:00,MA_Crossover(35,44),6531.0,6455.25,6145.9571,6096.5625,49.3946,1.0,1.0,19.5,19.5,6455.25,13834.25
2019-02-28 00:00:00,MA_Crossover(35,44),6530.5,6454.75,6163.7357,6109.0739,54.6619,1.0,1.0,-0.5,-0.5,6454.75,13833.75
2019-03-01 00:00:00,MA_Crossover(35,44),6502.0,6426.25,6180.3429,6120.5852,59.7576,1.0,1.0,-28.5,-28.5,6426.25,13805.25
2019-03-04 00:00:00,MA_Crossover(35,44),6432.0,6356.25,6196.4857,6131.3011,65.1846,1.0,1.0,-70.0,-70.0,6356.25,13735.25
2019-03-05 00:00:00,MA_Crossover(35,44),6506.0,6430.25,6213.6,6146.6534,66.9466,1.0,1.0,74.0,74.0,6430.25,13809.25
2019-03-06 00:00:00,MA_Crossover(35,44),6481.5,6405.75,6228.5214,6163.8864,64.6351,1.0,1.0,-24.5,-24.5,6405.75,13784.75
2019-03-07 00:00:00,MA_Crossover(35,44),6442.0,6366.25,6241.6714,6176.0739,65.5976,1.0,1.0,-39.5,-39.5,6366.25,13745.25
2019-03-08 00:00:00,MA_Crossover(35,44),6412.0,6336.25,6252.1286,6187.4375,64.6911,1.0,1.0,-30.0,-30.0,6336.25,13715.25
2019-03-11 00:00:00,MA_Crossover(35,44),6427.0,6351.25,6265.2143,6199.5966,65.6177,1.0,1.0,15.0,15.0,6351.25,13730.25
2019-03-12 00:00:00,MA_Crossover(35,44),6493.0,6417.25,6281.5429,6212.1477,69.3951,1.0,1.0,66.0,66.0,6417.25,13796.25
2019-03-13 00:00:00,MA_Crossover(35,44),6497.5,6421.75,6297.5929,6225.5398,72.0531,1.0,1.0,4.5,4.5,6421.75,13800.75
2019-03-14 00:00:00,MA_Crossover(35,44),6417.5,6341.75,6312.2357,6236.8295,75.4062,1.0,1.0,-80.0,-80.0,6341.75,13720.75
2019-03-15 00:00:00,MA_Crossover(35,44),6446.5,6370.75,6323.6929,6250.0,73.6929,1.0,1.0,29.0,29.0,6370.75,13749.75
2019-03-18 00:00:00,MA_Crossover(35,44),6458.0,6382.25,6337.1071,6262.5227,74.5844,1.0,1.0,11.5,11.5,6382.25,13761.25
2019-03-19 00:00:00,MA_Crossover(35,44),6458.0,6414.25,6349.0357,6273.858,75.1778,1.0,1.0,32.0,32.0,6414.25,13793.25
2019-03-20 00:00:00,MA_Crossover(35,44),6463.5,6416.25,6358.6429,6284.8068,73.836,1.0,1.0,2.0,2.0,6416.25,13795.25
2019-03-21 00:00:00,MA_Crossover(35,44),6423.0,6378.75,6366.1786,6293.375,72.8036,1.0,1.0,-37.5,-37.5,6378.75,13757.75
2019-03-22 00:00:00,MA_Crossover(35,44),6310.5,6266.75,6371.4571,6301.1364,70.3208,1.0,1.0,-112.0,-112.0,6266.75,13645.75
2019-03-25 00:00:00,MA_Crossover(35,44),6336.0,6292.25,6376.5571,6310.5568,66.0003,1.0,1.0,25.5,25.5,6292.25,13671.25
2019-03-26 00:00:00,MA_Crossover(35,44),6335.5,6291.75,6379.7571,6319.642,60.1151,1.0,1.0,-0.5,-0.5,6291.75,13670.75
2019-03-27 00:00:00,MA_Crossover(35,44),6337.0,6293.25,6381.7,6329.4602,52.2398,1.0,1.0,1.5,1.5,6293.25,13672.25
2019-03-28 00:00:00,MA_Crossover(35,44),6365.0,6321.25,6385.4429,6336.7216,48.7213,1.0,1.0,28.0,28.0,6321.25,13700.25
2019-03-29 00:00:00,MA_Crossover(35,44),6488.5,6444.75,6393.7929,6348.0852,45.7076,1.0,1.0,123.5,123.5,6444.75,13823.75
2019-04-01 00:00:00,MA_Crossover(35,44),6468.0,6424.25,6403.1857,6357.8011,45.3846,1.0,1.0,-20.5,-20.5,6424.25,13803.25
2019-04-02 00:00:00,MA_Crossover(35,44),6419.5,6375.75,6412.4643,6364.4432,48.0211,1.0,1.0,-48.5,-48.5,6375.75,13754.75
2019-04-03 00:00:00,MA_Crossover(35,44),6489.5,6445.75,6422.9214,6371.9489,50.9726,1.0,1.0,70.0,70.0,6445.75,13824.75
2019-04-04 00:00:00,MA_Crossover(35,44),6443.75,6400.0,6431.6786,6379.1761,52.5024,1.0,1.0,-45.75,-45.75,6400.0,13779.0
2019-04-05 00:00:00,MA_Crossover(35,44),6392.25,6348.5,6437.3714,6384.5114,52.8601,1.0,1.0,-51.5,-51.5,6348.5,13727.5
2019-04-08 00:00:00,MA_Crossover(35,44),6465.75,6422.0,6441.1643,6390.017,51.1472,1.0,1.0,73.5,73.5,6422.0,13801.0
2019-04-09 00:00:00,MA_Crossover(35,44),6481.25,6437.5,6445.4571,6394.8409,50.6162,1.0,1.0,15.5,15.5,6437.5,13816.5
2019-04-10 00:00:00,MA_Crossover(35,44),6452.5,6408.75,6446.3,6399.8068,46.4932,1.0,1.0,-28.75,-28.75,6408.75,13787.75
2019-04-11 00:00:00,MA_Crossover(35,44),6391.5,6347.75,6446.1571,6404.2443,41.9128,1.0,1.0,-61.0,-61.0,6347.75,13726.75
2019-04-12 00:00:00,MA_Crossover(35,44),6464.5,6420.75,6445.0286,6411.6364,33.3922,1.0,1.0,73.0,73.0,6420.75,13799.75
2019-04-15 00:00:00,MA_Crossover(35,44),6452.0,6408.25,6443.5857,6419.7557,23.83,1.0,1.0,-12.5,-12.5,6408.25,13787.25
2019-04-16 00:00:00,MA_Crossover(35,44),6483.5,6430.75,6442.7857,6427.9375,14.8482,1.0,1.0,22.5,22.5,6430.75,13809.75
2019-04-17 00:00:00,MA_Crossover(35,44),6545.75,6493.25,6443.2071,6437.2216,5.9856,1.0,1.0,62.5,62.5,6493.25,13872.25
2019-04-18 00:00:00,MA_Crossover(35,44),6467.75,6415.0,6441.4143,6443.4659,-2.0516,-1.0,1.0,-78.25,-78.25,6415.0,13794.0
2019-04-23 00:00:00,MA_Crossover(35,44),6399.25,6340.5,6438.4786,6444.9716,-6.493,-1.0,-1.0,-74.5,74.5,-6340.5,13868.5
2019-04-24 00:00:00,MA_Crossover(35,44),6446.75,6388.0,6438.9,6447.6023,-8.7023,-1.0,-1.0,47.5,-47.5,-6388.0,13821.0
2019-04-25 00:00:00,MA_Crossover(35,44),6359.5,6300.75,6434.7143,6446.1591,-11.4448,-1.0,-1.0,-87.25,87.25,-6300.75,13908.25
2019-04-26 00:00:00,MA_Crossover(35,44),6396.75,6338.0,6432.2929,6446.1648,-13.8719,-1.0,-1.0,37.25,-37.25,-6338.0,13871.0
2019-04-29 00:00:00,MA_Crossover(35,44),6391.5,6332.75,6430.85,6443.608,-12.758,-1.0,-1.0,-5.25,5.25,-6332.75,13876.25
2019-04-30 00:00:00,MA_Crossover(35,44),6412.75,6354.0,6430.8714,6441.5682,-10.6968,-1.0,-1.0,21.25,-21.25,-6354.0,13855.0
2019-05-01 00:00:00,MA_Crossover(35,44),6223.25,6164.5,6425.05,6435.017,-9.967,-1.0,-1.0,-189.5,189.5,-6164.5,14044.5
2019-05-02 00:00:00,MA_Crossover(35,44),6156.0,6097.25,6415.4214,6426.4943,-11.0729,-1.0,-1.0,-67.25,67.25,-6097.25,14111.75
2019-05-03 00:00:00,MA_Crossover(35,44),6227.25,6168.5,6407.7,6419.6023,-11.9023,-1.0,-1.0,71.25,-71.25,-6168.5,14040.5
2019-05-07 00:00:00,MA_Crossover(35,44),6166.75,6108.0,6400.5357,6411.983,-11.4472,-1.0,-1.0,-60.5,60.5,-6108.0,14101.0
2019-05-08 00:00:00,MA_Crossover(35,44),6131.75,6073.0,6391.5429,6405.1591,-13.6162,-1.0,-1.0,-35.0,35.0,-6073.0,14136.0
2019-05-09 00:00:00,MA_Crossover(35,44),6090.0,6031.25,6381.0286,6395.7045,-14.676,-1.0,-1.0,-41.75,41.75,-6031.25,14177.75
2019-05-10 00:00:00,MA_Crossover(35,44),6109.0,6050.25,6371.0571,6387.2386,-16.1815,-1.0,-1.0,19.0,-19.0,-6050.25,14158.75
2019-05-13 00:00:00,MA_Crossover(35,44),5986.5,5927.75,6357.4286,6376.8864,-19.4578,-1.0,-1.0,-122.5,122.5,-5927.75,14281.25
2019-05-14 00:00:00,MA_Crossover(35,44),6014.5,5946.25,6345.7571,6367.8523,-22.0951,-1.0,-1.0,18.5,-18.5,-5946.25,14262.75
2019-05-15 00:00:00,MA_Crossover(35,44),6074.25,6006.25,6339.0071,6359.8352,-20.8281,-1.0,-1.0,60.0,-60.0,-6006.25,14202.75
2019-05-16 00:00:00,MA_Crossover(35,44),6089.0,6022.25,6331.95,6350.6534,-18.7034,-1.0,-1.0,16.0,-16.0,-6022.25,14186.75
2019-05-17 00:00:00,MA_Crossover(35,44),6046.0,5972.75,6323.6786,6340.392,-16.7135,-1.0,-1.0,-49.5,49.5,-5972.75,14236.25
2019-05-20 00:00:00,MA_Crossover(35,44),6017.25,5944.0,6314.5429,6331.2955,-16.7526,-1.0,-1.0,-28.75,28.75,-5944.0,14265.0
2019-05-21 00:00:00,MA_Crossover(35,44),5983.0,5909.75,6303.6286,6320.7614,-17.1328,-1.0,-1.0,-34.25,34.25,-5909.75,14299.25
2019-05-22 00:00:00,MA_Crossover(35,44),5915.0,5841.75,6287.2429,6308.4205,-21.1776,-1.0,-1.0,-68.0,68.0,-5841.75,14367.25
2019-05-23 00:00:00,MA_Crossover(35,44),5913.5,5840.25,6271.4,6296.0455,-24.6455,-1.0,-1.0,-1.5,1.5,-5840.25,14368.75
2019-05-24 00:00:00,MA_Crossover(35,44),5944.0,5870.75,6257.8143,6284.2386,-26.4244,-1.0,-1.0,30.5,-30.5,-5870.75,14338.25
2019-05-28 00:00:00,MA_Crossover(35,44),5952.0,5878.75,6242.4571,6273.5341,-31.0769,-1.0,-1.0,8.0,-8.0,-5878.75,14330.25
2019-05-29 00:00:00,MA_Crossover(35,44),5870.5,5797.25,6226.0786,6263.5341,-37.4555,-1.0,-1.0,-81.5,81.5,-5797.25,14411.75
2019-05-30 00:00:00,MA_Crossover(35,44),5836.0,5762.75,6210.1857,6252.1705,-41.9847,-1.0,-1.0,-34.5,34.5,-5762.75,14446.25
2019-05-31 00:00:00,MA_Crossover(35,44),5820.0,5746.75,6191.7357,6240.4545,-48.7188,-1.0,-1.0,-16.0,16.0,-5746.75,14462.25
2019-06-03 00:00:00,MA_Crossover(35,44),5828.0,5754.75,6173.0714,6228.8864,-55.8149,-1.0,-1.0,8.0,-8.0,-5754.75,14454.25
2019-06-04 00:00:00,MA_Crossover(35,44),5865.25,5792.0,6156.2929,6217.5284,-61.2356,-1.0,-1.0,37.25,-37.25,-5792.0,14417.0
2019-06-05 00:00:00,MA_Crossover(35,44),5794.0,5720.75,6139.2214,6201.7443,-62.5229,-1.0,-1.0,-71.25,71.25,-5720.75,14488.25
2019-06-06 00:00:00,MA_Crossover(35,44),5797.75,5724.5,6120.1714,6186.5114,-66.3399,-1.0,-1.0,3.75,-3.75,-5724.5,14484.5
2019-06-07 00:00:00,MA_Crossover(35,44),5784.25,5711.0,6101.0929,6172.0739,-70.981,-1.0,-1.0,-13.5,13.5,-5711.0,14498.0
2019-06-10 00:00:00,MA_Crossover(35,44),5864.25,5791.0,6083.4,6157.8636,-74.4636,-1.0,-1.0,80.0,-80.0,-5791.0,14418.0
2019-06-11 00:00:00,MA_Crossover(35,44),5860.5,5787.25,6063.8214,6144.608,-80.7865,-1.0,-1.0,-3.75,3.75,-5787.25,14421.75
2019-06-12 00:00:00,MA_Crossover(35,44),5828.0,5754.75,6045.5429,6131.7841,-86.2412,-1.0,-1.0,-32.5,32.5,-5754.75,14454.25
2019-06-13 00:00:00,MA_Crossover(35,44),5832.5,5759.25,6029.35,6117.392,-88.042,-1.0,-1.0,4.5,-4.5,-5759.25,14449.75
2019-06-14 00:00:00,MA_Crossover(35,44),5798.5,5725.25,6010.8286,6101.875,-91.0464,-1.0,-1.0,-34.0,34.0,-5725.25,14483.75
2019-06-17 00:00:00,MA_Crossover(35,44),5818.0,5744.75,5995.3571,6087.4545,-92.0974,-1.0,-1.0,19.5,-19.5,-5744.75,14464.25
2019-06-18 00:00:00,MA_Crossover(35,44),5943.0,5854.0,5982.3929,6077.2614,-94.8685,-1.0,-1.0,109.25,-109.25,-5854.0,14355.0
2019-06-19 00:00:00,MA_Crossover(35,44),5914.0,5826.0,5968.75,6064.75,-96.0,-1.0,-1.0,-28.0,28.0,-5826.0,14383.0
2019-06-20 00:00:00,MA_Crossover(35,44),5971.5,5882.75,5956.1429,6053.8295,-97.6867,-1.0,-1.0,56.75,-56.75,-5882.75,14326.25
2019-06-21 00:00:00,MA_Crossover(35,44),5967.5,5876.0,5948.8357,6042.1023,-93.2666,-1.0,-1.0,-6.75,6.75,-5876.0,14333.0
2019-06-24 00:00:00,MA_Crossover(35,44),5953.75,5862.25,5943.0571,6028.6477,-85.5906,-1.0,-1.0,-13.75,13.75,-5862.25,14346.75
2019-06-25 00:00:00,MA_Crossover(35,44),6039.5,5948.0,5937.6929,6018.9148,-81.2219,-1.0,-1.0,85.75,-85.75,-5948.0,14261.0
2019-06-26 00:00:00,MA_Crossover(35,44),5985.0,5893.5,5932.5,6009.5,-77.0,-1.0,-1.0,-54.5,54.5,-5893.5,14315.5
2019-06-27 00:00:00,MA_Crossover(35,44),5985.5,5894.0,5928.3214,5999.017,-70.6956,-1.0,-1.0,0.5,-0.5,-5894.0,14315.0
2019-06-28 00:00:00,MA_Crossover(35,44),5992.0,5900.5,5925.5214,5990.6648,-65.1433,-1.0,-1.0,6.5,-6.5,-5900.5,14308.5
2019-07-01 00:00:00,MA_Crossover(35,44),5947.75,5856.25,5920.9143,5980.4602,-59.5459,-1.0,-1.0,-44.25,44.25,-5856.25,14352.75
2019-07-02 00:00:00,MA_Crossover(35,44),5878.0,5786.5,5917.8143,5968.7898,-50.9755,-1.0,-1.0,-69.75,69.75,-5786.5,14422.5
2019-07-03 00:00:00,MA_Crossover(35,44),5917.25,5825.75,5915.0357,5957.5284,-42.4927,-1.0,-1.0,39.25,-39.25,-5825.75,14383.25
2019-07-04 00:00:00,MA_Crossover(35,44),5915.5,5824.0,5910.5,5950.5341,-40.0341,-1.0,-1.0,-1.75,1.75,-5824.0,14385.0
2019-07-05 00:00:00,MA_Crossover(35,44),5896.25,5804.75,5904.9929,5944.6307,-39.6378,-1.0,-1.0,-19.25,19.25,-5804.75,14404.25
2019-07-08 00:00:00,MA_Crossover(35,44),5879.25,5787.75,5900.2286,5936.7216,-36.493,-1.0,-1.0,-17.0,17.0,-5787.75,14421.25
2019-07-09 00:00:00,MA_Crossover(35,44),5814.0,5722.5,5894.4214,5928.7045,-34.2831,-1.0,-1.0,-65.25,65.25,-5722.5,14486.5
2019-07-10 00:00:00,MA_Crossover(35,44),5933.0,5841.5,5892.9929,5924.1875,-31.1946,-1.0,-1.0,119.0,-119.0,-5841.5,14367.5
2019-07-11 00:00:00,MA_Crossover(35,44),5949.75,5858.25,5893.9857,5921.0,-27.0143,-1.0,-1.0,16.75,-16.75,-5858.25,14350.75
2019-07-12 00:00:00,MA_Crossover(35,44),5929.5,5838.0,5894.4429,5916.9205,-22.4776,-1.0,-1.0,-20.25,20.25,-5838.0,14371.0
2019-07-15 00:00:00,MA_Crossover(35,44),5976.0,5884.5,5895.3571,5916.6818,-21.3247,-1.0,-1.0,46.5,-46.5,-5884.5,14324.5
2019-07-16 00:00:00,MA_Crossover(35,44),6003.0,5918.5,5896.8143,5916.4205,-19.6062,-1.0,-1.0,34.0,-34.0,-5918.5,14290.5
2019-07-17 00:00:00,MA_Crossover(35,44),5973.0,5888.75,5899.7429,5914.1193,-14.3765,-1.0,-1.0,-29.75,29.75,-5888.75,14320.25
2019-07-18 00:00:00,MA_Crossover(35,44),5977.0,5893.0,5903.7714,5911.5739,-7.8024,-1.0,-1.0,4.25,-4.25,-5893.0,14316.0
2019-07-19 00:00:00,MA_Crossover(35,44),6060.25,5970.75,5910.6357,5911.8977,-1.262,-1.0,-1.0,77.75,-77.75,-5970.75,14238.25
2019-07-22 00:00:00,MA_Crossover(35,44),6009.0,5919.5,5915.8071,5911.7102,4.0969,1.0,-1.0,-51.25,51.25,-5919.5,14289.5
2019-07-23 00:00:00,MA_Crossover(35,44),5960.5,5871.0,5918.5286,5911.1989,7.3297,1.0,1.0,-48.5,-48.5,5871.0,14241.0
2019-07-24 00:00:00,MA_Crossover(35,44),5992.75,5903.25,5924.2071,5912.9659,11.2412,1.0,1.0,32.25,32.25,5903.25,14273.25
2019-07-25 00:00:00,MA_Crossover(35,44),5999.0,5909.5,5929.9571,5914.9091,15.0481,1.0,1.0,6.25,6.25,5909.5,14279.5
2019-07-26 00:00:00,MA_Crossover(35,44),5954.0,5864.5,5934.8071,5915.1364,19.6708,1.0,1.0,-45.0,-45.0,5864.5,14234.5
2019-07-29 00:00:00,MA_Crossover(35,44),6011.0,5921.5,5939.0,5916.4773,22.5227,1.0,1.0,57.0,57.0,5921.5,14291.5
2019-07-30 00:00:00,MA_Crossover(35,44),5939.0,5849.5,5941.2429,5918.0341,23.2088,1.0,1.0,-72.0,-72.0,5849.5,14219.5
2019-07-31 00:00:00,MA_Crossover(35,44),5916.25,5826.75,5943.7643,5919.858,23.9063,1.0,1.0,-22.75,-22.75,5826.75,14196.75
2019-08-01 00:00:00,MA_Crossover(35,44),5887.0,5797.5,5945.3214,5921.3807,23.9407,1.0,1.0,-29.25,-29.25,5797.5,14167.5
2019-08-02 00:00:00,MA_Crossover(35,44),5715.25,5625.75,5942.9429,5918.8182,24.1247,1.0,1.0,-171.75,-171.75,5625.75,13995.75
2019-08-05 00:00:00,MA_Crossover(35,44),5669.75,5580.25,5938.7071,5914.375,24.3321,1.0,1.0,-45.5,-45.5,5580.25,13950.25
2019-08-06 00:00:00,MA_Crossover(35,44),5667.25,5577.75,5930.8286,5911.4943,19.3343,1.0,1.0,-2.5,-2.5,5577.75,13947.75
2019-08-07 00:00:00,MA_Crossover(35,44),5690.0,5600.5,5924.4286,5909.0455,15.3831,1.0,1.0,22.75,22.75,5600.5,13970.5
2019-08-08 00:00:00,MA_Crossover(35,44),5783.25,5693.75,5919.05,5909.0227,10.0273,1.0,1.0,93.25,93.25,5693.75,14063.75
2019-08-09 00:00:00,MA_Crossover(35,44),5739.5,5650.0,5912.5357,5906.1875,6.3482,1.0,1.0,-43.75,-43.75,5650.0,14020.0
2019-08-12 00:00:00,MA_Crossover(35,44),5722.25,5632.75,5905.9214,5903.0455,2.876,1.0,1.0,-17.25,-17.25,5632.75,14002.75
2019-08-13 00:00:00,MA_Crossover(35,44),5809.0,5719.5,5899.3357,5902.6136,-3.2779,-1.0,1.0,86.75,86.75,5719.5,14089.5
2019-08-14 00:00:00,MA_Crossover(35,44),5743.25,5653.75,5892.4286,5900.5852,-8.1567,-1.0,-1.0,-65.75,65.75,-5653.75,14155.25
2019-08-15 00:00:00,MA_Crossover(35,44),5728.75,5639.25,5885.0929,5899.0,-13.9071,-1.0,-1.0,-14.5,14.5,-5639.25,14169.75
2019-08-16 00:00:00,MA_Crossover(35,44),5720.25,5630.75,5877.3286,5896.7784,-19.4498,-1.0,-1.0,-8.5,8.5,-5630.75,14178.25
2019-08-19 00:00:00,MA_Crossover(35,44),5745.5,5656.0,5871.55,5892.2898,-20.7398,-1.0,-1.0,25.25,-25.25,-5656.0,14153.0
2019-08-20 00:00:00,MA_Crossover(35,44),5699.75,5598.5,5866.4571,5887.4205,-20.9633,-1.0,-1.0,-57.5,57.5,-5598.5,14210.5
2019-08-21 00:00:00,MA_Crossover(35,44),5724.25,5622.0,5860.9429,5881.8011,-20.8583,-1.0,-1.0,23.5,-23.5,-5622.0,14187.0
2019-08-22 00:00:00,MA_Crossover(35,44),5675.0,5573.25,5854.0714,5875.1534,-21.082,-1.0,-1.0,-48.75,48.75,-5573.25,14235.75
2019-08-23 00:00:00,MA_Crossover(35,44),5626.0,5518.5,5846.35,5867.7045,-21.3545,-1.0,-1.0,-54.75,54.75,-5518.5,14290.5
2019-08-27 00:00:00,MA_Crossover(35,44),5674.75,5567.25,5840.5071,5859.4148,-18.9076,-1.0,-1.0,48.75,-48.75,-5567.25,14241.75
2019-08-28 00:00:00,MA_Crossover(35,44),5686.0,5578.5,5836.85,5852.6193,-15.7693,-1.0,-1.0,11.25,-11.25,-5578.5,14230.5
2019-08-29 00:00:00,MA_Crossover(35,44),5722.75,5615.25,5830.8429,5846.6477,-15.8049,-1.0,-1.0,36.75,-36.75,-5615.25,14193.75
2019-08-30 00:00:00,MA_Crossover(35,44),5668.25,5560.75,5822.8,5839.2898,-16.4898,-1.0,-1.0,-54.5,54.5,-5560.75,14248.25
2019-09-02 00:00:00,MA_Crossover(35,44),5605.0,5497.5,5813.5286,5831.5,-17.9714,-1.0,-1.0,-63.25,63.25,-5497.5,14311.5
2019-09-03 00:00:00,MA_Crossover(35,44),5595.5,5488.0,5802.6571,5825.0795,-22.4224,-1.0,-1.0,-9.5,9.5,-5488.0,14321.0
2019-09-04 00:00:00,MA_Crossover(35,44),5735.25,5627.75,5795.0071,5820.9432,-25.936,-1.0,-1.0,139.75,-139.75,-5627.75,14181.25
2019-09-05 00:00:00,MA_Crossover(35,44),5833.0,5725.5,5791.0071,5819.0682,-28.061,-1.0,-1.0,97.75,-97.75,-5725.5,14083.5
2019-09-06 00:00:00,MA_Crossover(35,44),5817.25,5709.75,5786.4429,5817.2727,-30.8299,-1.0,-1.0,-15.75,15.75,-5709.75,14099.25
2019-09-09 00:00:00,MA_Crossover(35,44),5797.0,5689.5,5778.9214,5815.4034,-36.482,-1.0,-1.0,-20.25,20.25,-5689.5,14119.5
2019-09-10 00:00:00,MA_Crossover(35,44),5802.5,5695.0,5773.0214,5815.142,-42.1206,-1.0,-1.0,5.5,-5.5,-5695.0,14114.0
2019-09-11 00:00:00,MA_Crossover(35,44),5744.75,5637.25,5766.8571,5810.8636,-44.0065,-1.0,-1.0,-57.75,57.75,-5637.25,14171.75
2019-09-12 00:00:00,MA_Crossover(35,44),5805.25,5697.75,5761.5,5807.5795,-46.0795,-1.0,-1.0,60.5,-60.5,-5697.75,14111.25
2019-09-13 00:00:00,MA_Crossover(35,44),5950.25,5842.75,5760.1071,5808.0511,-47.944,-1.0,-1.0,145.0,-145.0,-5842.75,13966.25
2019-09-16 00:00:00,MA_Crossover(35,44),5844.0,5736.5,5756.9643,5805.0511,-48.0869,-1.0,-1.0,-106.25,106.25,-5736.5,14072.5
2019-09-17 00:00:00,MA_Crossover(35,44),5806.5,5694.0,5751.1214,5800.5852,-49.4638,-1.0,-1.0,-42.5,42.5,-5694.0,14115.0
2019-09-18 00:00:00,MA_Crossover(35,44),5799.5,5687.5,5747.1357,5796.642,-49.5063,-1.0,-1.0,-6.5,6.5,-5687.5,14121.5
2019-09-19 00:00:00,MA_Crossover(35,44),5776.5,5663.5,5743.1429,5792.0852,-48.9424,-1.0,-1.0,-24.0,24.0,-5663.5,14145.5
2019-09-20 00:00:00,MA_Crossover(35,44),5786.0,5664.5,5740.2571,5785.8523,-45.5951,-1.0,-1.0,1.0,-1.0,-5664.5,14144.5
2019-09-23 00:00:00,MA_Crossover(35,44),5764.75,5643.25,5741.6714,5780.3011,-38.6297,-1.0,-1.0,-21.25,21.25,-5643.25,14165.75
2019-09-24 00:00:00,MA_Crossover(35,44),5767.75,5646.25,5744.4714,5775.9205,-31.449,-1.0,-1.0,3.0,-3.0,-5646.25,14162.75
2019-09-25 00:00:00,MA_Crossover(35,44),5771.0,5649.5,5747.4357,5770.8807,-23.445,-1.0,-1.0,3.25,-3.25,-5649.5,14159.5
2019-09-26 00:00:00,MA_Crossover(35,44),5705.0,5583.5,5747.8643,5764.1989,-16.3346,-1.0,-1.0,-66.0,66.0,-5583.5,14225.5
2019-09-27 00:00:00,MA_Crossover(35,44),5748.75,5627.25,5746.8786,5759.5341,-12.6555,-1.0,-1.0,43.75,-43.75,-5627.25,14181.75
2019-09-30 00:00:00,MA_Crossover(35,44),5706.25,5584.75,5745.9286,5752.608,-6.6794,-1.0,-1.0,-42.5,42.5,-5584.75,14224.25
2019-10-01 00:00:00,MA_Crossover(35,44),5665.25,5543.75,5744.3,5746.3864,-2.0864,-1.0,-1.0,-41.0,41.0,-5543.75,14265.25
2019-10-02 00:00:00,MA_Crossover(35,44),5653.75,5532.25,5739.8643,5740.4205,-0.5562,-1.0,-1.0,-11.5,11.5,-5532.25,14276.75
2019-10-03 00:00:00,MA_Crossover(35,44),5636.25,5514.75,5736.8071,5734.7216,2.0856,1.0,-1.0,-17.5,17.5,-5514.75,14294.25
2019-10-04 00:00:00,MA_Crossover(35,44),5615.0,5493.5,5733.5571,5732.4432,1.114,1.0,1.0,-21.25,-21.25,5493.5,14273.0
2019-10-07 00:00:00,MA_Crossover(35,44),5691.5,5570.0,5732.7357,5732.9375,-0.2018,-1.0,1.0,76.5,76.5,5570.0,14349.5
2019-10-08 00:00:00,MA_Crossover(35,44),5646.75,5525.25,5729.9143,5732.4716,-2.5573,-1.0,-1.0,-44.75,44.75,-5525.25,14394.25
2019-10-09 00:00:00,MA_Crossover(35,44),5656.0,5534.5,5728.6643,5731.6989,-3.0346,-1.0,-1.0,9.25,-9.25,-5534.5,14385.0
2019-10-10 00:00:00,MA_Crossover(35,44),5750.25,5628.75,5729.4071,5730.9489,-1.5417,-1.0,-1.0,94.25,-94.25,-5628.75,14290.75
2019-10-11 00:00:00,MA_Crossover(35,44),5764.5,5643.0,5731.9643,5731.517,0.4472,1.0,-1.0,14.25,-14.25,-5643.0,14276.5
2019-10-14 00:00:00,MA_Crossover(35,44),5786.25,5664.75,5736.5429,5732.9716,3.5713,1.0,1.0,21.75,21.75,5664.75,14298.25
2019-10-15 00:00:00,MA_Crossover(35,44),5758.25,5628.25,5738.9286,5731.8182,7.1104,1.0,1.0,-36.5,-36.5,5628.25,14261.75
2019-10-16 00:00:00,MA_Crossover(35,44),5716.75,5586.75,5739.8071,5731.2159,8.5912,1.0,1.0,-41.5,-41.5,5586.75,14220.25
2019-10-17 00:00:00,MA_Crossover(35,44),5726.5,5596.5,5739.9143,5731.1648,8.7495,1.0,1.0,9.75,9.75,5596.5,14230.0
2019-10-18 00:00:00,MA_Crossover(35,44),5794.75,5655.25,5743.5286,5732.858,10.6706,1.0,1.0,58.75,58.75,5655.25,14288.75
2019-10-21 00:00:00,MA_Crossover(35,44),5815.25,5675.75,5749.5357,5734.4432,15.0925,1.0,1.0,20.5,20.5,5675.75,14309.25
2019-10-22 00:00:00,MA_Crossover(35,44),5803.0,5663.5,5755.4643,5736.7898,18.6745,1.0,1.0,-12.25,-12.25,5663.5,14297.0
2019-10-23 00:00:00,MA_Crossover(35,44),5870.0,5730.5,5759.3143,5740.1023,19.212,1.0,1.0,67.0,67.0,5730.5,14364.0
2019-10-24 00:00:00,MA_Crossover(35,44),5870.0,5730.5,5760.3714,5744.5341,15.8373,1.0,1.0,0.0,0.0,5730.5,14364.0
2019-10-25 00:00:00,MA_Crossover(35,44),5913.5,5774.0,5763.1214,5751.0682,12.0532,1.0,1.0,43.5,43.5,5774.0,14407.5
2019-10-28 00:00:00,MA_Crossover(35,44),5894.25,5754.75,5765.9,5756.0568,9.8432,1.0,1.0,-19.25,-19.25,5754.75,14388.25
2019-10-29 00:00:00,MA_Crossover(35,44),5914.25,5774.75,5769.0929,5761.2443,7.8485,1.0,1.0,20.0,20.0,5774.75,14408.25
2019-10-30 00:00:00,MA_Crossover(35,44),5891.75,5752.25,5773.2929,5765.0852,8.2076,1.0,1.0,-22.5,-22.5,5752.25,14385.75
2019-10-31 00:00:00,MA_Crossover(35,44),5778.0,5638.5,5772.5143,5767.5795,4.9347,1.0,1.0,-113.75,-113.75,5638.5,14272.0
2019-11-01 00:00:00,MA_Crossover(35,44),5834.25,5694.75,5769.2,5772.7898,-3.5898,-1.0,1.0,56.25,56.25,5694.75,14328.25
2019-11-04 00:00:00,MA_Crossover(35,44),5861.25,5721.75,5769.6929,5778.8295,-9.1367,-1.0,-1.0,27.0,-27.0,-5721.75,14301.25
2019-11-05 00:00:00,MA_Crossover(35,44),5923.0,5783.5,5773.0214,5783.0966,-10.0752,-1.0,-1.0,61.75,-61.75,-5783.5,14239.5
2019-11-06 00:00:00,MA_Crossover(35,44),5897.5,5758.0,5775.8214,5784.5625,-8.7411,-1.0,-1.0,-25.5,25.5,-5758.0,14265.0
2019-11-07 00:00:00,MA_Crossover(35,44),5972.0,5832.5,5781.4071,5788.0795,-6.6724,-1.0,-1.0,74.5,-74.5,-5832.5,14190.5
2019-11-08 00:00:00,MA_Crossover(35,44),5917.25,5777.75,5785.1571,5790.8125,-5.6554,-1.0,-1.0,-54.75,54.75,-5777.75,14245.25
2019-11-11 00:00:00,MA_Crossover(35,44),5865.25,5725.75,5788.0286,5792.2386,-4.2101,-1.0,-1.0,-52.0,52.0,-5725.75,14297.25
2019-11-12 00:00:00,MA_Crossover(35,44),5849.0,5709.5,5790.35,5794.608,-4.258,-1.0,-1.0,-16.25,16.25,-5709.5,14313.5
2019-11-13 00:00:00,MA_Crossover(35,44),5814.5,5675.0,5791.5929,5794.8182,-3.2253,-1.0,-1.0,-34.5,34.5,-5675.0,14348.0
2019-11-14 00:00:00,MA_Crossover(35,44),5789.25,5649.75,5794.0,5791.1591,2.8409,1.0,-1.0,-25.25,25.25,-5649.75,14373.25
2019-11-15 00:00:00,MA_Crossover(35,44),5826.25,5686.75,5796.2143,5790.7557,5.4586,1.0,1.0,37.0,37.0,5686.75,14410.25
2019-11-18 00:00:00,MA_Crossover(35,44),5815.0,5675.5,5799.3214,5790.9489,8.3726,1.0,1.0,-11.25,-11.25,5675.5,14399.0
2019-11-19 00:00:00,MA_Crossover(35,44),5865.25,5727.25,5805.0357,5792.4432,12.5925,1.0,1.0,51.75,51.75,5727.25,14450.75
2019-11-20 00:00:00,MA_Crossover(35,44),5870.0,5730.5,5811.2143,5794.5682,16.6461,1.0,1.0,3.25,3.25,5730.5,14454.0
2019-11-21 00:00:00,MA_Crossover(35,44),5823.25,5684.5,5816.5571,5795.4148,21.1424,1.0,1.0,-46.0,-46.0,5684.5,14408.0
2019-11-22 00:00:00,MA_Crossover(35,44),5850.5,5707.0,5823.2857,5797.3636,25.9221,1.0,1.0,22.5,22.5,5707.0,14430.5
2019-11-25 00:00:00,MA_Crossover(35,44),5863.25,5719.75,5828.1929,5799.5341,28.6588,1.0,1.0,12.75,12.75,5719.75,14443.25
2019-11-26 00:00:00,MA_Crossover(35,44),5917.75,5774.25,5835.9357,5802.8693,33.0664,1.0,1.0,54.5,54.5,5774.25,14497.75
2019-11-27 00:00:00,MA_Crossover(35,44),5937.5,5794.0,5843.9786,5808.1534,35.8252,1.0,1.0,19.75,19.75,5794.0,14517.5
2019-11-28 00:00:00,MA_Crossover(35,44),5881.25,5737.75,5847.7214,5811.1648,36.5567,1.0,1.0,-56.25,-56.25,5737.75,14461.25
2019-11-29 00:00:00,MA_Crossover(35,44),5853.25,5709.75,5850.2571,5814.5057,35.7515,1.0,1.0,-28.0,-28.0,5709.75,14433.25
2019-12-02 00:00:00,MA_Crossover(35,44),5871.0,5727.5,5852.6786,5819.1818,33.4968,1.0,1.0,17.75,17.75,5727.5,14451.0
2019-12-03 00:00:00,MA_Crossover(35,44),5798.25,5654.75,5853.8214,5822.4659,31.3555,1.0,1.0,-72.75,-72.75,5654.75,14378.25
2019-12-04 00:00:00,MA_Crossover(35,44),5866.0,5722.5,5858.0857,5827.6875,30.3982,1.0,1.0,67.75,67.75,5722.5,14446.0
2019-12-05 00:00:00,MA_Crossover(35,44),5866.0,5722.5,5862.0714,5833.392,28.6794,1.0,1.0,0.0,0.0,5722.5,14446.0
2019-12-06 00:00:00,MA_Crossover(35,44),5968.0,5824.5,5867.0214,5839.6761,27.3453,1.0,1.0,102.0,102.0,5824.5,14548.0
2019-12-09 00:00:00,MA_Crossover(35,44),6052.25,5908.75,5873.7929,5848.892,24.9008,1.0,1.0,84.25,84.25,5908.75,14632.25
2019-12-10 00:00:00,MA_Crossover(35,44),6075.0,5931.5,5881.5643,5858.4148,23.1495,1.0,1.0,22.75,22.75,5931.5,14655.0
2019-12-11 00:00:00,MA_Crossover(35,44),6131.0,5987.5,5889.0214,5867.0682,21.9532,1.0,1.0,56.0,56.0,5987.5,14711.0
2019-12-12 00:00:00,MA_Crossover(35,44),6131.75,5988.25,5896.5,5875.4148,21.0852,1.0,1.0,0.75,0.75,5988.25,14711.75
2019-12-13 00:00:00,MA_Crossover(35,44),6106.75,5963.25,5902.0214,5882.6989,19.3226,1.0,1.0,-25.0,-25.0,5963.25,14686.75
2019-12-16 00:00:00,MA_Crossover(35,44),6193.0,6049.5,5910.5571,5892.5795,17.9776,1.0,1.0,86.25,86.25,6049.5,14773.0
2019-12-17 00:00:00,MA_Crossover(35,44),6184.5,6058.25,5918.2786,5903.2102,15.0683,1.0,1.0,8.75,8.75,6058.25,14781.75
2019-12-18 00:00:00,MA_Crossover(35,44),6159.75,6032.5,5925.9357,5913.0568,12.8789,1.0,1.0,-25.75,-25.75,6032.5,14756.0
2019-12-19 00:00:00,MA_Crossover(35,44),6204.5,6076.5,5938.1214,5922.3693,15.7521,1.0,1.0,44.0,44.0,6076.5,14800.0
2019-12-20 00:00:00,MA_Crossover(35,44),6164.0,6028.0,5947.5429,5930.2955,17.2474,1.0,1.0,-48.5,-48.5,6028.0,14751.5
2019-12-23 00:00:00,MA_Crossover(35,44),6177.0,6041.0,5956.5643,5938.7955,17.7688,1.0,1.0,13.0,13.0,6041.0,14764.5
2019-12-24 00:00:00,MA_Crossover(35,44),6202.25,6066.25,5964.5429,5946.3466,18.1963,1.0,1.0,25.25,25.25,6066.25,14789.75
2019-12-27 00:00:00,MA_Crossover(35,44),6200.5,6064.5,5973.2,5953.858,19.342,1.0,1.0,-1.75,-1.75,6064.5,14788.0
2019-12-30 00:00:00,MA_Crossover(35,44),6206.0,6070.0,5979.8857,5960.5057,19.38,1.0,1.0,5.5,5.5,6070.0,14793.5
2019-12-31 00:00:00,MA_Crossover(35,44),6158.5,6022.5,5986.7786,5966.5114,20.2672,1.0,1.0,-47.5,-47.5,6022.5,14746.0
2020-01-02 00:00:00,MA_Crossover(35,44),6170.25,6034.25,5995.4929,5972.3295,23.1633,1.0,1.0,11.75,11.75,6034.25,14757.75
2020-01-03 00:00:00,MA_Crossover(35,44),6109.75,5973.75,6002.9429,5977.2841,25.6588,1.0,1.0,-60.5,-60.5,5973.75,14697.25
2020-01-06 00:00:00,MA_Crossover(35,44),6120.5,5984.5,6011.6857,5985.0682,26.6175,1.0,1.0,10.75,10.75,5984.5,14708.0
2020-01-07 00:00:00,MA_Crossover(35,44),6132.5,5996.5,6021.4929,5991.8466,29.6463,1.0,1.0,12.0,12.0,5996.5,14720.0
2020-01-08 00:00:00,MA_Crossover(35,44),6157.0,6021.0,6030.9429,5998.5682,32.3747,1.0,1.0,24.5,24.5,6021.0,14744.5
2020-01-09 00:00:00,MA_Crossover(35,44),6154.0,6018.0,6040.6286,6003.8182,36.8104,1.0,1.0,-3.0,-3.0,6018.0,14741.5
2020-01-10 00:00:00,MA_Crossover(35,44),6173.0,6037.0,6049.4214,6010.0795,39.3419,1.0,1.0,19.0,19.0,6037.0,14760.5
2020-01-13 00:00:00,MA_Crossover(35,44),6265.25,6129.25,6060.7143,6016.7443,43.97,1.0,1.0,92.25,92.25,6129.25,14852.75
2020-01-14 00:00:00,MA_Crossover(35,44),6288.0,6148.5,6073.9929,6025.1705,48.8224,1.0,1.0,19.25,19.25,6148.5,14872.0
2020-01-15 00:00:00,MA_Crossover(35,44),6272.5,6133.25,6086.05,6034.4261,51.6239,1.0,1.0,-15.25,-15.25,6133.25,14856.75
2020-01-16 00:00:00,MA_Crossover(35,44),6267.5,6126.75,6097.6,6043.9375,53.6625,1.0,1.0,-6.5,-6.5,6126.75,14850.25
2020-01-17 00:00:00,MA_Crossover(35,44),6263.25,6115.75,6107.4714,6054.1364,53.3351,1.0,1.0,-11.0,-11.0,6115.75,14839.25
2020-01-20 00:00:00,MA_Crossover(35,44),6248.25,6100.75,6116.35,6064.5682,51.7818,1.0,1.0,-15.0,-15.0,6100.75,14824.25
2020-01-21 00:00:00,MA_Crossover(35,44),6146.0,5998.5,6123.9143,6071.8352,52.0791,1.0,1.0,-102.25,-102.25,5998.5,14722.0
2020-01-22 00:00:00,MA_Crossover(35,44),6091.75,5944.25,6130.7286,6078.125,52.6036,1.0,1.0,-54.25,-54.25,5944.25,14667.75
2020-01-23 00:00:00,MA_Crossover(35,44),5971.0,5823.5,6133.5857,6080.5284,53.0573,1.0,1.0,-120.75,-120.75,5823.5,14547.0
2020-01-24 00:00:00,MA_Crossover(35,44),5914.25,5766.75,6136.9,6081.5341,55.3659,1.0,1.0,-56.75,-56.75,5766.75,14490.25
2020-01-27 00:00:00,MA_Crossover(35,44),5730.0,5582.5,6133.0143,6079.4148,53.5995,1.0,1.0,-184.25,-184.25,5582.5,14306.0
2020-01-28 00:00:00,MA_Crossover(35,44),5689.5,5542.0,6127.9714,6075.7557,52.2157,1.0,1.0,-40.5,-40.5,5542.0,14265.5
2020-01-29 00:00:00,MA_Crossover(35,44),5626.25,5478.75,6118.2071,6070.3693,47.8378,1.0,1.0,-63.25,-63.25,5478.75,14202.25
2020-01-30 00:00:00,MA_Crossover(35,44),5576.75,5429.25,6104.6214,6062.6193,42.0021,1.0,1.0,-49.5,-49.5,5429.25,14152.75
2020-01-31 00:00:00,MA_Crossover(35,44),5556.75,5409.25,6089.8143,6053.9659,35.8484,1.0,1.0,-20.0,-20.0,5409.25,14132.75
2020-02-03 00:00:00,MA_Crossover(35,44),5508.0,5360.5,6072.0143,6045.483,26.5313,1.0,1.0,-48.75,-48.75,5360.5,14084.0
2020-02-04 00:00:00,MA_Crossover(35,44),5600.5,5453.0,6056.8357,6039.7386,17.0971,1.0,1.0,92.5,92.5,5453.0,14176.5
2020-02-05 00:00:00,MA_Crossover(35,44),5708.5,5561.0,6045.4571,6036.0455,9.4117,1.0,1.0,108.0,108.0,5561.0,14284.5
2020-02-06 00:00:00,MA_Crossover(35,44),5724.25,5576.75,6032.0643,6034.3636,-2.2994,-1.0,1.0,15.75,15.75,5576.75,14300.25
2020-02-07 00:00:00,MA_Crossover(35,44),5649.75,5502.25,6016.7857,6029.4489,-12.6631,-1.0,-1.0,-74.5,74.5,-5502.25,14374.75
2020-02-10 00:00:00,MA_Crossover(35,44),5655.5,5508.0,6002.3786,6024.6648,-22.2862,-1.0,-1.0,5.75,-5.75,-5508.0,14369.0
2020-02-11 00:00:00,MA_Crossover(35,44),5733.25,5585.75,5988.9143,6019.3295,-30.4153,-1.0,-1.0,77.75,-77.75,-5585.75,14291.25
2020-02-12 00:00:00,MA_Crossover(35,44),5750.0,5602.5,5977.0857,6012.4602,-35.3745,-1.0,-1.0,16.75,-16.75,-5602.5,14274.5
2020-02-13 00:00:00,MA_Crossover(35,44),5772.75,5625.25,5965.5357,6005.5909,-40.0552,-1.0,-1.0,22.75,-22.75,-5625.25,14251.75
2020-02-14 00:00:00,MA_Crossover(35,44),5751.25,5603.75,5952.65,5996.9602,-44.3102,-1.0,-1.0,-21.5,21.5,-5603.75,14273.25
2020-02-17 00:00:00,MA_Crossover(35,44),5796.75,5649.25,5941.1143,5989.3466,-48.2323,-1.0,-1.0,45.5,-45.5,-5649.25,14227.75
2020-02-18 00:00:00,MA_Crossover(35,44),5761.25,5610.75,5928.4071,5981.4943,-53.0872,-1.0,-1.0,-38.5,38.5,-5610.75,14266.25
2020-02-19 00:00:00,MA_Crossover(35,44),5760.25,5608.75,5917.0286,5971.6591,-54.6305,-1.0,-1.0,-2.0,2.0,-5608.75,14268.25
2020-02-20 00:00:00,MA_Crossover(35,44),5719.5,5567.5,5904.15,5961.0909,-56.9409,-1.0,-1.0,-41.25,41.25,-5567.5,14309.5
2020-02-21 00:00:00,MA_Crossover(35,44),5757.75,5603.25,5894.0929,5951.9545,-57.8617,-1.0,-1.0,35.75,-35.75,-5603.25,14273.75
2020-02-24 00:00:00,MA_Crossover(35,44),5677.75,5523.25,5881.4429,5939.983,-58.5401,-1.0,-1.0,-80.0,80.0,-5523.25,14353.75
2020-02-25 00:00:00,MA_Crossover(35,44),5674.75,5520.25,5868.3643,5928.8636,-60.4994,-1.0,-1.0,-3.0,3.0,-5520.25,14356.75
2020-02-26 00:00:00,MA_Crossover(35,44),5659.25,5504.75,5854.1429,5917.0966,-62.9537,-1.0,-1.0,-15.5,15.5,-5504.75,14372.25
2020-02-27 00:00:00,MA_Crossover(35,44),5609.75,5455.25,5838.5929,5903.6307,-65.0378,-1.0,-1.0,-49.5,49.5,-5455.25,14421.75
2020-02-28 00:00:00,MA_Crossover(35,44),5629.0,5474.5,5823.05,5890.642,-67.592,-1.0,-1.0,19.25,-19.25,-5474.5,14402.5
2020-03-02 00:00:00,MA_Crossover(35,44),5692.0,5537.5,5806.6714,5878.9602,-72.2888,-1.0,-1.0,63.0,-63.0,-5537.5,14339.5
2020-03-03 00:00:00,MA_Crossover(35,44),5656.25,5501.75,5788.6214,5867.5455,-78.924,-1.0,-1.0,-35.75,35.75,-5501.75,14375.25
2020-03-04 00:00:00,MA_Crossover(35,44),5672.0,5517.5,5771.4643,5856.2216,-84.7573,-1.0,-1.0,15.75,-15.75,-5517.5,14359.5
2020-03-05 00:00:00,MA_Crossover(35,44),5660.75,5506.25,5754.1286,5846.017,-91.8885,-1.0,-1.0,-11.25,11.25,-5506.25,14370.75
2020-03-06 00:00:00,MA_Crossover(35,44),5594.0,5439.5,5735.0071,5834.0511,-99.044,-1.0,-1.0,-66.75,66.75,-5439.5,14437.5
2020-03-09 00:00:00,MA_Crossover(35,44),5526.0,5371.5,5714.3714,5820.267,-105.8956,-1.0,-1.0,-68.0,68.0,-5371.5,14505.5
2020-03-10 00:00:00,MA_Crossover(35,44),5559.25,5404.75,5697.6071,5806.6818,-109.0747,-1.0,-1.0,33.25,-33.25,-5404.75,14472.25
2020-03-11 00:00:00,MA_Crossover(35,44),5522.75,5368.25,5681.35,5792.3352,-110.9852,-1.0,-1.0,-36.5,36.5,-5368.25,14508.75
2020-03-12 00:00:00,MA_Crossover(35,44),5425.25,5270.75,5665.7571,5775.3409,-109.5838,-1.0,-1.0,-97.5,97.5,-5270.75,14606.25
2020-03-13 00:00:00,MA_Crossover(35,44),5448.25,5293.75,5652.4429,5756.7727,-104.3299,-1.0,-1.0,23.0,-23.0,-5293.75,14583.25
2020-03-16 00:00:00,MA_Crossover(35,44),5276.0,5121.5,5639.4714,5733.7727,-94.3013,-1.0,-1.0,-172.25,172.25,-5121.5,14755.5
2020-03-17 00:00:00,MA_Crossover(35,44),5132.5,4982.0,5623.5571,5707.8636,-84.3065,-1.0,-1.0,-139.5,139.5,-4982.0,14895.0
2020-03-18 00:00:00,MA_Crossover(35,44),4731.5,4582.25,5597.9929,5672.9545,-74.9617,-1.0,-1.0,-399.75,399.75,-4582.25,15294.75
2020-03-19 00:00:00,MA_Crossover(35,44),4814.25,4664.25,5576.2071,5640.0227,-63.8156,-1.0,-1.0,82.0,-82.0,-4664.25,15212.75
2020-03-20 00:00:00,MA_Crossover(35,44),4802.25,4645.25,5554.65,5607.1591,-52.5091,-1.0,-1.0,-19.0,19.0,-4645.25,15231.75
2020-03-23 00:00:00,MA_Crossover(35,44),4621.75,4464.75,5529.3286,5572.517,-43.1885,-1.0,-1.0,-180.5,180.5,-4464.75,15412.25
2020-03-24 00:00:00,MA_Crossover(35,44),4808.5,4651.5,5506.7,5543.3523,-36.6523,-1.0,-1.0,186.75,-186.75,-4651.5,15225.5
2020-03-25 00:00:00,MA_Crossover(35,44),4848.15,4691.15,5482.1186,5517.833,-35.7144,-1.0,-1.0,39.65,-39.65,-4691.15,15185.85
2020-03-26 00:00:00,MA_Crossover(35,44),4794.75,4637.75,5455.5614,5492.3898,-36.8283,-1.0,-1.0,-53.4,53.4,-4637.75,15239.25
2020-03-27 00:00:00,MA_Crossover(35,44),4784.5,4627.5,5430.84,5470.9011,-40.0611,-1.0,-1.0,-10.25,10.25,-4627.5,15249.5
2020-03-30 00:00:00,MA_Crossover(35,44),4762.5,4605.5,5405.3257,5449.833,-44.5072,-1.0,-1.0,-22.0,22.0,-4605.5,15271.5
2020-03-31 00:00:00,MA_Crossover(35,44),4943.25,4786.25,5382.7543,5434.3102,-51.5559,-1.0,-1.0,180.75,-180.75,-4786.25,15090.75
2020-04-01 00:00:00,MA_Crossover(35,44),4791.25,4634.25,5355.3614,5416.458,-61.0965,-1.0,-1.0,-152.0,152.0,-4634.25,15242.75
2020-04-02 00:00:00,MA_Crossover(35,44),4884.5,4727.5,5329.9829,5401.1795,-71.1967,-1.0,-1.0,93.25,-93.25,-4727.5,15149.5
2020-04-03 00:00:00,MA_Crossover(35,44),4827.75,4670.75,5303.5971,5385.7193,-82.1222,-1.0,-1.0,-56.75,56.75,-4670.75,15206.25
2020-04-06 00:00:00,MA_Crossover(35,44),4872.5,4715.5,5277.19,5369.1739,-91.9839,-1.0,-1.0,44.75,-44.75,-4715.5,15161.5
2020-04-07 00:00:00,MA_Crossover(35,44),5022.25,4865.25,5256.0757,5353.5773,-97.5016,-1.0,-1.0,149.75,-149.75,-4865.25,15011.75
2020-04-08 00:00:00,MA_Crossover(35,44),4979.0,4822.0,5233.7543,5336.6398,-102.8855,-1.0,-1.0,-43.25,43.25,-4822.0,15055.0
2020-04-09 00:00:00,MA_Crossover(35,44),4993.0,4836.0,5212.9971,5321.7136,-108.7165,-1.0,-1.0,14.0,-14.0,-4836.0,15041.0
2020-04-14 00:00:00,MA_Crossover(35,44),5150.0,4985.5,5195.6329,5310.225,-114.5921,-1.0,-1.0,149.5,-149.5,-4985.5,14891.5
2020-04-15 00:00:00,MA_Crossover(35,44),5098.25,4933.75,5179.0757,5295.7932,-116.7175,-1.0,-1.0,-51.75,51.75,-4933.75,14943.25
2020-04-16 00:00:00,MA_Crossover(35,44),5129.25,4964.0,5163.49,5281.6852,-118.1952,-1.0,-1.0,30.25,-30.25,-4964.0,14913.0
2020-04-17 00:00:00,MA_Crossover(35,44),5200.5,5028.5,5150.3829,5268.6795,-118.2967,-1.0,-1.0,64.5,-64.5,-5028.5,14848.5
2020-04-20 00:00:00,MA_Crossover(35,44),5167.75,4995.75,5137.7543,5255.4182,-117.6639,-1.0,-1.0,-32.75,32.75,-4995.75,14881.25
2020-04-21 00:00:00,MA_Crossover(35,44),5009.5,4837.5,5120.0543,5237.5261,-117.4719,-1.0,-1.0,-158.25,158.25,-4837.5,15039.5
2020-04-22 00:00:00,MA_Crossover(35,44),5117.0,4945.0,5103.6257,5222.8841,-119.2584,-1.0,-1.0,107.5,-107.5,-4945.0,14932.0
2020-04-23 00:00:00,MA_Crossover(35,44),5143.5,4971.5,5088.9757,5208.867,-119.8913,-1.0,-1.0,26.5,-26.5,-4971.5,14905.5
2020-04-24 00:00:00,MA_Crossover(35,44),5125.99,4953.99,5073.3754,5195.3782,-122.0028,-1.0,-1.0,-17.51,17.51,-4953.99,14923.01
2020-04-27 00:00:00,MA_Crossover(35,44),5181.25,5009.25,5059.6754,5182.2759,-122.6005,-1.0,-1.0,55.26,-55.26,-5009.25,14867.75
2020-04-28 00:00:00,MA_Crossover(35,44),5206.0,5034.0,5048.5897,5171.5543,-122.9646,-1.0,-1.0,24.75,-24.75,-5034.0,14843.0
2020-04-29 00:00:00,MA_Crossover(35,44),5243.25,5071.25,5040.5111,5161.7475,-121.2364,-1.0,-1.0,37.25,-37.25,-5071.25,14805.75
2020-04-30 00:00:00,MA_Crossover(35,44),5170.25,4998.25,5029.3969,5150.6339,-121.237,-1.0,-1.0,-73.0,73.0,-4998.25,14878.75
2020-05-01 00:00:00,MA_Crossover(35,44),5090.5,4918.5,5017.0469,5138.8327,-121.7859,-1.0,-1.0,-79.75,79.75,-4918.5,14958.5
2020-05-04 00:00:00,MA_Crossover(35,44),5103.25,4931.25,5007.8469,5126.8839,-119.037,-1.0,-1.0,12.75,-12.75,-4931.25,14945.75
2020-05-05 00:00:00,MA_Crossover(35,44),5136.5,4964.5,4998.9397,5114.2589,-115.3191,-1.0,-1.0,33.25,-33.25,-4964.5,14912.5
2020-05-06 00:00:00,MA_Crossover(35,44),5173.75,5001.75,4996.0183,5103.293,-107.2747,-1.0,-1.0,37.25,-37.25,-5001.75,14875.25
2020-05-07 00:00:00,MA_Crossover(35,44),5248.5,5076.5,4999.3326,5093.668,-94.3354,-1.0,-1.0,74.75,-74.75,-5076.5,14800.5
2020-05-11 00:00:00,MA_Crossover(35,44),5228.75,5056.75,5013.5397,5083.8498,-70.3101,-1.0,-1.0,-19.75,19.75,-5056.75,14820.25
2020-05-12 00:00:00,MA_Crossover(35,44),5231.0,5059.0,5025.4469,5075.5998,-50.1529,-1.0,-1.0,2.25,-2.25,-5059.0,14818.0
2020-05-13 00:00:00,MA_Crossover(35,44),5194.25,5022.25,5036.6469,5068.06,-31.4131,-1.0,-1.0,-36.75,36.75,-5022.25,14854.75
2020-05-14 00:00:00,MA_Crossover(35,44),5174.0,5002.0,5052.4254,5059.3043,-6.8789,-1.0,-1.0,-20.25,20.25,-5002.0,14875.0
2020-05-15 00:00:00,MA_Crossover(35,44),5156.25,4984.25,5062.3611,5050.9748,11.3864,1.0,-1.0,-17.75,17.75,-4984.25,14892.75
2020-05-18 00:00:00,MA_Crossover(35,44),5292.0,5120.0,5075.0426,5047.9464,27.0962,1.0,1.0,135.75,135.75,5120.0,15028.5
2020-05-19 00:00:00,MA_Crossover(35,44),5340.0,5165.0,5090.6211,5045.4861,45.135,1.0,1.0,45.0,45.0,5165.0,15073.5
2020-05-20 00:00:00,MA_Crossover(35,44),5430.75,5255.25,5109.0854,5049.0032,60.0822,1.0,1.0,90.25,90.25,5255.25,15163.75
2020-05-21 00:00:00,MA_Crossover(35,44),5376.25,5202.25,5126.6211,5054.543,72.0782,1.0,1.0,-53.0,-53.0,5202.25,15110.75
2020-05-22 00:00:00,MA_Crossover(35,44),5272.8,5090.8,5136.0369,5066.8452,69.1916,1.0,1.0,-111.45,-111.45,5090.8,14999.3
2020-05-26 00:00:00,MA_Crossover(35,44),5341.0,5159.0,5151.744,5078.8168,72.9272,1.0,1.0,68.2,68.2,5159.0,15067.5
2020-05-27 00:00:00,MA_Crossover(35,44),5238.5,5056.5,5161.8583,5088.7316,73.1267,1.0,1.0,-102.5,-102.5,5056.5,14965.0
2020-05-28 00:00:00,MA_Crossover(35,44),5313.75,5131.75,5175.744,5104.4589,71.2851,1.0,1.0,75.25,75.25,5131.75,15040.25
2020-05-29 00:00:00,MA_Crossover(35,44),5358.75,5176.75,5189.6369,5116.9645,72.6723,1.0,1.0,45.0,45.0,5176.75,15085.25
2020-06-01 00:00:00,MA_Crossover(35,44),5463.5,5281.5,5202.244,5130.9498,71.2942,1.0,1.0,104.75,104.75,5281.5,15190.0
2020-06-02 00:00:00,MA_Crossover(35,44),5508.75,5326.75,5217.3797,5147.177,70.2027,1.0,1.0,45.25,45.25,5326.75,15235.25
2020-06-03 00:00:00,MA_Crossover(35,44),5503.25,5321.25,5231.9583,5163.5123,68.446,1.0,1.0,-5.5,-5.5,5321.25,15229.75
2020-06-04 00:00:00,MA_Crossover(35,44),5514.25,5332.25,5242.3654,5180.5975,61.7679,1.0,1.0,11.0,11.0,5332.25,15240.75
2020-06-05 00:00:00,MA_Crossover(35,44),5671.85,5489.85,5258.754,5197.1566,61.5974,1.0,1.0,157.6,157.6,5489.85,15398.35
2020-06-08 00:00:00,MA_Crossover(35,44),5681.0,5499.0,5274.5183,5217.3782,57.1401,1.0,1.0,9.15,9.15,5499.0,15407.5
2020-06-09 00:00:00,MA_Crossover(35,44),5755.25,5573.25,5290.3683,5237.168,53.2003,1.0,1.0,74.25,74.25,5573.25,15481.75
2020-06-10 00:00:00,MA_Crossover(35,44),5887.25,5705.25,5310.9254,5261.2475,49.6779,1.0,1.0,132.0,132.0,5705.25,15613.75
2020-06-11 00:00:00,MA_Crossover(35,44),5742.5,5560.5,5331.8683,5281.0202,50.8481,1.0,1.0,-144.75,-144.75,5560.5,15469.0
2020-06-12 00:00:00,MA_Crossover(35,44),5761.75,5579.75,5350.2897,5297.827,52.4627,1.0,1.0,19.25,19.25,5579.75,15488.25
2020-06-15 00:00:00,MA_Crossover(35,44),5678.75,5496.75,5365.5826,5313.7305,51.8521,1.0,1.0,-83.0,-83.0,5496.75,15405.25
2020-06-16 00:00:00,MA_Crossover(35,44),5712.5,5527.0,5382.34,5330.0827,52.2573,1.0,1.0,30.25,30.25,5527.0,15435.5
2020-06-17 00:00:00,MA_Crossover(35,44),5755.25,5569.75,5398.74,5343.8384,54.9016,1.0,1.0,42.75,42.75,5569.75,15478.25
2020-06-18 00:00:00,MA_Crossover(35,44),5794.5,5607.75,5415.5543,5359.6623,55.892,1.0,1.0,38.0,38.0,5607.75,15516.25
2020-06-19 00:00:00,MA_Crossover(35,44),5839.25,5644.75,5432.5829,5375.7986,56.7842,1.0,1.0,37.0,37.0,5644.75,15553.25
2020-06-22 00:00:00,MA_Crossover(35,44),5869.5,5675.0,5452.5614,5391.0032,61.5582,1.0,1.0,30.25,30.25,5675.0,15583.5
2020-06-23 00:00:00,MA_Crossover(35,44),5897.0,5702.5,5475.6043,5407.577,68.0272,1.0,1.0,27.5,27.5,5702.5,15611.0
2020-06-24 00:00:00,MA_Crossover(35,44),5861.0,5666.5,5497.2543,5426.9293,70.325,1.0,1.0,-36.0,-36.0,5666.5,15575.0
2020-06-25 00:00:00,MA_Crossover(35,44),5886.5,5692.0,5518.6829,5444.418,74.2649,1.0,1.0,25.5,25.5,5692.0,15600.5
2020-06-26 00:00:00,MA_Crossover(35,44),5955.5,5761.0,5541.0186,5462.8725,78.1461,1.0,1.0,69.0,69.0,5761.0,15669.5
2020-06-29 00:00:00,MA_Crossover(35,44),5955.0,5760.5,5561.2043,5481.7136,79.4906,1.0,1.0,-0.5,-0.5,5760.5,15669.0
2020-06-30 00:00:00,MA_Crossover(35,44),6008.25,5813.75,5583.4757,5500.5091,82.9666,1.0,1.0,53.25,53.25,5813.75,15722.25
2020-07-01 00:00:00,MA_Crossover(35,44),6053.75,5859.25,5606.9829,5519.7761,87.2067,1.0,1.0,45.5,45.5,5859.25,15767.75
2020-07-02 00:00:00,MA_Crossover(35,44),6072.0,5877.5,5632.0614,5538.6114,93.4501,1.0,1.0,18.25,18.25,5877.5,15786.0
2020-07-03 00:00:00,MA_Crossover(35,44),6021.75,5827.25,5656.2829,5557.9636,98.3192,1.0,1.0,-50.25,-50.25,5827.25,15735.75
2020-07-06 00:00:00,MA_Crossover(35,44),6135.25,5940.75,5684.2543,5581.708,102.5463,1.0,1.0,113.5,113.5,5940.75,15849.25
2020-07-07 00:00:00,MA_Crossover(35,44),6188.25,5993.75,5709.8614,5606.367,103.4944,1.0,1.0,53.0,53.0,5993.75,15902.25
2020-07-08 00:00:00,MA_Crossover(35,44),6233.0,6038.5,5735.3757,5631.2875,104.0882,1.0,1.0,44.75,44.75,6038.5,15947.0
2020-07-09 00:00:00,MA_Crossover(35,44),6300.85,6106.35,5760.2357,5656.9034,103.3323,1.0,1.0,67.85,67.85,6106.35,16014.85
2020-07-10 00:00:00,MA_Crossover(35,44),6418.05,6223.55,5790.0014,5683.4841,106.5173,1.0,1.0,117.2,117.2,6223.55,16132.05
2020-07-13 00:00:00,MA_Crossover(35,44),6580.0,6385.5,5827.35,5714.1943,113.1557,1.0,1.0,161.95,161.95,6385.5,16294.0
2020-07-14 00:00:00,MA_Crossover(35,44),6497.5,6306.5,5860.3929,5742.9784,117.4144,1.0,1.0,-79.0,-79.0,6306.5,16215.0
2020-07-15 00:00:00,MA_Crossover(35,44),6385.0,6193.5,5893.15,5770.0409,123.1091,1.0,1.0,-113.0,-113.0,6193.5,16102.0
2020-07-16 00:00:00,MA_Crossover(35,44),6440.75,6247.0,5925.35,5798.8307,126.5193,1.0,1.0,53.5,53.5,6247.0,16155.5
2020-07-17 00:00:00,MA_Crossover(35,44),6455.0,6264.5,5956.6714,5828.3477,128.3237,1.0,1.0,17.5,17.5,6264.5,16173.0
2020-07-20 00:00:00,MA_Crossover(35,44),6493.25,6302.75,5986.0929,5855.6489,130.444,1.0,1.0,38.25,38.25,6302.75,16211.25
2020-07-21 00:00:00,MA_Crossover(35,44),6540.7,6350.2,6015.5771,5882.9375,132.6396,1.0,1.0,47.45,47.45,6350.2,16258.7
2020-07-22 00:00:00,MA_Crossover(35,44),6496.0,6305.5,6043.9414,5907.1477,136.7937,1.0,1.0,-44.7,-44.7,6305.5,16214.0
2020-07-23 00:00:00,MA_Crossover(35,44),6558.0,6367.5,6073.7629,5934.0057,139.7572,1.0,1.0,62.0,62.0,6367.5,16276.0
2020-07-24 00:00:00,MA_Crossover(35,44),6425.0,6234.5,6095.2814,5960.192,135.0894,1.0,1.0,-133.0,-133.0,6234.5,16143.0
2020-07-27 00:00:00,MA_Crossover(35,44),6423.75,6233.25,6116.5029,5984.8,131.7029,1.0,1.0,-1.25,-1.25,6233.25,16141.75
2020-07-28 00:00:00,MA_Crossover(35,44),6484.0,6293.5,6137.3243,6013.1068,124.2175,1.0,1.0,60.25,60.25,6293.5,16202.0
2020-07-29 00:00:00,MA_Crossover(35,44),6480.0,6289.5,6154.26,6039.6125,114.6475,1.0,1.0,-4.0,-4.0,6289.5,16198.0
2020-07-30 00:00:00,MA_Crossover(35,44),6439.75,6249.25,6174.1814,6064.1807,110.0007,1.0,1.0,-40.25,-40.25,6249.25,16157.75
2020-07-31 00:00:00,MA_Crossover(35,44),6422.5,6232.0,6193.06,6085.9761,107.0839,1.0,1.0,-17.25,-17.25,6232.0,16140.5
2020-08-03 00:00:00,MA_Crossover(35,44),6500.5,6310.0,6216.5386,6108.5159,108.0227,1.0,1.0,78.0,78.0,6310.0,16218.5
2020-08-04 00:00:00,MA_Crossover(35,44),6459.0,6268.5,6237.8671,6130.2375,107.6296,1.0,1.0,-41.5,-41.5,6268.5,16177.0
2020-08-05 00:00:00,MA_Crossover(35,44),6503.25,6312.75,6259.2386,6152.7148,106.5238,1.0,1.0,44.25,44.25,6312.75,16221.25
2020-08-06 00:00:00,MA_Crossover(35,44),6483.5,6293.0,6278.9243,6171.1614,107.7629,1.0,1.0,-19.75,-19.75,6293.0,16201.5
2020-08-07 00:00:00,MA_Crossover(35,44),6310.5,6120.0,6292.3886,6185.4682,106.9204,1.0,1.0,-173.0,-173.0,6120.0,16028.5
2020-08-10 00:00:00,MA_Crossover(35,44),6397.25,6206.75,6307.4671,6200.0591,107.4081,1.0,1.0,86.75,86.75,6206.75,16115.25
2020-08-11 00:00:00,MA_Crossover(35,44),6384.5,6194.0,6321.3957,6211.3602,110.0355,1.0,1.0,-12.75,-12.75,6194.0,16102.5
2020-08-12 00:00:00,MA_Crossover(35,44),6435.0,6244.5,6337.7957,6227.0989,110.6969,1.0,1.0,50.5,50.5,6244.5,16153.0
2020-08-13 00:00:00,MA_Crossover(35,44),6261.5,6071.0,6348.51,6238.4568,110.0532,1.0,1.0,-173.5,-173.5,6071.0,15979.5
2020-08-14 00:00:00,MA_Crossover(35,44),6376.25,6185.75,6360.5314,6254.3091,106.2223,1.0,1.0,114.75,114.75,6185.75,16094.25
2020-08-17 00:00:00,MA_Crossover(35,44),6450.75,6260.25,6374.6957,6271.0875,103.6082,1.0,1.0,74.5,74.5,6260.25,16168.75
2020-08-18 00:00:00,MA_Crossover(35,44),6571.0,6383.5,6390.7743,6289.6273,101.147,1.0,1.0,123.25,123.25,6383.5,16292.0
2020-08-19 00:00:00,MA_Crossover(35,44),6691.75,6504.0,6409.0029,6310.0193,98.9835,1.0,1.0,120.5,120.5,6504.0,16412.5
2020-08-20 00:00:00,MA_Crossover(35,44),6609.75,6421.75,6424.3671,6327.5307,96.8365,1.0,1.0,-82.25,-82.25,6421.75,16330.25
2020-08-21 00:00:00,MA_Crossover(35,44),6498.75,6314.25,6437.9957,6341.8318,96.1639,1.0,1.0,-107.5,-107.5,6314.25,16222.75
2020-08-24 00:00:00,MA_Crossover(35,44),6521.75,6337.25,6449.0386,6356.0307,93.0079,1.0,1.0,23.0,23.0,6337.25,16245.75
2020-08-25 00:00:00,MA_Crossover(35,44),6535.25,6350.75,6458.9529,6371.3545,87.5983,1.0,1.0,13.5,13.5,6350.75,16259.25
2020-08-26 00:00:00,MA_Crossover(35,44),6604.75,6420.25,6469.5743,6387.6784,81.8959,1.0,1.0,69.5,69.5,6420.25,16328.75
2020-08-27 00:00:00,MA_Crossover(35,44),6632.5,6448.0,6479.05,6403.0648,75.9852,1.0,1.0,27.75,27.75,6448.0,16356.5
2020-08-28 00:00:00,MA_Crossover(35,44),6681.5,6497.0,6486.5771,6419.5761,67.001,1.0,1.0,49.0,49.0,6497.0,16405.5
2020-09-01 00:00:00,MA_Crossover(35,44),6700.5,6516.0,6490.02,6435.3091,54.7109,1.0,1.0,19.0,19.0,6516.0,16424.5
2020-09-02 00:00:00,MA_Crossover(35,44),6706.75,6522.25,6495.9986,6450.15,45.8486,1.0,1.0,6.25,6.25,6522.25,16430.75
2020-09-03 00:00:00,MA_Crossover(35,44),6573.75,6389.25,6501.3914,6461.5534,39.838,1.0,1.0,-133.0,-133.0,6389.25,16297.75
2020-09-04 00:00:00,MA_Crossover(35,44),6724.5,6540.0,6509.4986,6477.525,31.9736,1.0,1.0,150.75,150.75,6540.0,16448.5
2020-09-07 00:00:00,MA_Crossover(35,44),6805.75,6621.25,6519.52,6492.7636,26.7564,1.0,1.0,81.25,81.25,6621.25,16529.75
2020-09-08 00:00:00,MA_Crossover(35,44),6685.25,6500.75,6525.0057,6504.0591,20.9466,1.0,1.0,-120.5,-120.5,6500.75,16409.25
2020-09-09 00:00:00,MA_Crossover(35,44),6751.5,6567.0,6531.0286,6515.8432,15.1854,1.0,1.0,66.25,66.25,6567.0,16475.5
2020-09-10 00:00:00,MA_Crossover(35,44),6686.0,6501.5,6536.4571,6524.5966,11.8606,1.0,1.0,-65.5,-65.5,6501.5,16410.0
2020-09-11 00:00:00,MA_Crossover(35,44),6769.25,6584.75,6542.4929,6532.5784,9.9144,1.0,1.0,83.25,83.25,6584.75,16493.25
2020-09-14 00:00:00,MA_Crossover(35,44),6814.5,6630.0,6553.6214,6537.908,15.7135,1.0,1.0,45.25,45.25,6630.0,16538.5
2020-09-15 00:00:00,MA_Crossover(35,44),6769.75,6591.0,6563.5071,6544.0955,19.4117,1.0,1.0,-39.0,-39.0,6591.0,16499.5
2020-09-16 00:00:00,MA_Crossover(35,44),6788.4,6608.25,6572.2043,6553.2636,18.9406,1.0,1.0,17.25,17.25,6608.25,16516.75
2020-09-17 00:00:00,MA_Crossover(35,44),6797.25,6615.75,6581.2686,6561.3659,19.9027,1.0,1.0,7.5,7.5,6615.75,16524.25
2020-09-18 00:00:00,MA_Crossover(35,44),6833.25,6659.75,6592.5114,6569.9625,22.5489,1.0,1.0,44.0,44.0,6659.75,16568.25
2020-09-21 00:00:00,MA_Crossover(35,44),6710.5,6537.0,6600.74,6574.9,25.84,1.0,1.0,-122.75,-122.75,6537.0,16445.5
2020-09-22 00:00:00,MA_Crossover(35,44),6800.5,6627.0,6609.3114,6580.8045,28.5069,1.0,1.0,90.0,90.0,6627.0,16535.5
2020-09-23 00:00:00,MA_Crossover(35,44),6616.1,6442.6,6613.8,6583.5341,30.2659,1.0,1.0,-184.4,-184.4,6442.6,16351.1
2020-09-24 00:00:00,MA_Crossover(35,44),6529.25,6355.75,6614.5429,6582.8807,31.6622,1.0,1.0,-86.85,-86.85,6355.75,16264.25
2020-09-25 00:00:00,MA_Crossover(35,44),6546.55,6373.05,6616.3443,6585.6432,30.7011,1.0,1.0,17.3,17.3,6373.05,16281.55
2020-09-28 00:00:00,MA_Crossover(35,44),6567.5,6394.0,6623.6871,6588.9102,34.7769,1.0,1.0,20.95,20.95,6394.0,16302.5
2020-09-29 00:00:00,MA_Crossover(35,44),6581.0,6407.5,6628.9371,6591.1148,37.8224,1.0,1.0,13.5,13.5,6407.5,16316.0
2020-09-30 00:00:00,MA_Crossover(35,44),6676.0,6502.5,6637.2657,6595.5693,41.6964,1.0,1.0,95.0,95.0,6502.5,16411.0
2020-10-01 00:00:00,MA_Crossover(35,44),6382.5,6209.0,6635.7657,6594.2682,41.4975,1.0,1.0,-293.5,-293.5,6209.0,16117.5
2020-10-02 00:00:00,MA_Crossover(35,44),6554.25,6380.75,6644.13,6597.2625,46.8675,1.0,1.0,171.75,171.75,6380.75,16289.25
2020-10-05 00:00:00,MA_Crossover(35,44),6521.75,6348.25,6648.2871,6597.7455,50.5417,1.0,1.0,-32.5,-32.5,6348.25,16256.75
2020-10-06 00:00:00,MA_Crossover(35,44),6519.25,6345.75,6650.2443,6599.1148,51.1295,1.0,1.0,-2.5,-2.5,6345.75,16254.25
2020-10-07 00:00:00,MA_Crossover(35,44),6669.75,6496.25,6653.0657,6602.8989,50.1669,1.0,1.0,150.5,150.5,6496.25,16404.75
2020-10-08 00:00:00,MA_Crossover(35,44),6679.5,6506.0,6652.7157,6607.3534,45.3623,1.0,1.0,9.75,9.75,6506.0,16414.5
2020-10-09 00:00:00,MA_Crossover(35,44),6768.5,6595.0,6657.2514,6617.7625,39.4889,1.0,1.0,89.0,89.0,6595.0,16503.5
2020-10-12 00:00:00,MA_Crossover(35,44),6731.5,6558.0,6663.9014,6625.3591,38.5423,1.0,1.0,-37.0,-37.0,6558.0,16466.5
2020-10-13 00:00:00,MA_Crossover(35,44),6685.25,6511.75,6668.5729,6632.1943,36.3785,1.0,1.0,-46.25,-46.25,6511.75,16420.25
2020-10-14 00:00:00,MA_Crossover(35,44),6705.25,6531.75,6673.43,6638.3364,35.0936,1.0,1.0,20.0,20.0,6531.75,16440.25
2020-10-15 00:00:00,MA_Crossover(35,44),6739.25,6565.75,6677.2729,6649.1943,28.0785,1.0,1.0,34.0,34.0,6565.75,16474.25
2020-10-16 00:00:00,MA_Crossover(35,44),6724.5,6551.0,6679.9014,6657.1091,22.7923,1.0,1.0,-14.75,-14.75,6551.0,16459.5
2020-10-19 00:00:00,MA_Crossover(35,44),6758.75,6585.25,6682.1086,6664.1091,17.9995,1.0,1.0,34.25,34.25,6585.25,16493.75
2020-10-20 00:00:00,MA_Crossover(35,44),6892.0,6709.75,6687.58,6671.4045,16.1755,1.0,1.0,124.5,124.5,6709.75,16618.25
2020-10-21 00:00:00,MA_Crossover(35,44),6989.25,6805.75,6695.6514,6678.1659,17.4855,1.0,1.0,96.0,96.0,6805.75,16714.25
2020-10-22 00:00:00,MA_Crossover(35,44),6917.5,6734.5,6705.4729,6685.1602,20.3126,1.0,1.0,-71.25,-71.25,6734.5,16643.0
2020-10-23 00:00:00,MA_Crossover(35,44),6861.75,6675.25,6709.3943,6693.4102,15.9841,1.0,1.0,-59.25,-59.25,6675.25,16583.75
2020-10-26 00:00:00,MA_Crossover(35,44),6772.75,6586.25,6708.4514,6699.1148,9.3367,1.0,1.0,-89.0,-89.0,6586.25,16494.75
2020-10-27 00:00:00,MA_Crossover(35,44),6790.0,6603.5,6711.4443,6704.9045,6.5397,1.0,1.0,17.25,17.25,6603.5,16512.0
2020-10-28 00:00:00,MA_Crossover(35,44),6740.5,6554.0,6711.13,6707.9898,3.1402,1.0,1.0,-49.5,-49.5,6554.0,16462.5
2020-10-29 00:00:00,MA_Crossover(35,44),6724.0,6537.5,6712.2157,6710.0693,2.1464,1.0,1.0,-16.5,-16.5,6537.5,16446.0
2020-10-30 00:00:00,MA_Crossover(35,44),6713.75,6527.25,6710.63,6710.8023,-0.1723,-1.0,1.0,-10.25,-10.25,6527.25,16435.75
2020-11-02 00:00:00,MA_Crossover(35,44),6757.0,6570.5,6708.9871,6712.0864,-3.0992,-1.0,-1.0,43.25,-43.25,-6570.5,16392.5
2020-11-03 00:00:00,MA_Crossover(35,44),6810.25,6623.75,6710.1443,6714.4386,-4.2944,-1.0,-1.0,53.25,-53.25,-6623.75,16339.25
2020-11-04 00:00:00,MA_Crossover(35,44),6831.0,6644.5,6711.3614,6720.2852,-8.9238,-1.0,-1.0,20.75,-20.75,-6644.5,16318.5
2020-11-05 00:00:00,MA_Crossover(35,44),6844.25,6657.75,6712.7043,6723.0068,-10.3025,-1.0,-1.0,13.25,-13.25,-6657.75,16305.25
2020-11-06 00:00:00,MA_Crossover(35,44),6936.25,6749.75,6715.6471,6725.9727,-10.3256,-1.0,-1.0,92.0,-92.0,-6749.75,16213.25
2020-11-09 00:00:00,MA_Crossover(35,44),6904.5,6718.0,6721.19,6730.9557,-9.7657,-1.0,-1.0,-31.75,31.75,-6718.0,16245.0
2020-11-10 00:00:00,MA_Crossover(35,44),6915.25,6728.75,6724.4686,6734.6773,-10.2087,-1.0,-1.0,10.75,-10.75,-6728.75,16234.25
2020-11-11 00:00:00,MA_Crossover(35,44),6868.75,6682.25,6731.6871,6738.8307,-7.1435,-1.0,-1.0,-46.5,46.5,-6682.25,16280.75
2020-11-12 00:00:00,MA_Crossover(35,44),6916.75,6730.25,6742.7586,6742.183,0.5756,1.0,-1.0,48.0,-48.0,-6730.25,16232.75
2020-11-13 00:00:00,MA_Crossover(35,44),6966.75,6780.25,6754.7643,6745.6432,9.1211,1.0,1.0,50.0,50.0,6780.25,16282.75
2020-11-16 00:00:00,MA_Crossover(35,44),7092.75,6906.25,6769.7714,6752.9841,16.7873,1.0,1.0,126.0,126.0,6906.25,16408.75
2020-11-17 00:00:00,MA_Crossover(35,44),7059.5,6868.25,6783.4429,6759.1455,24.2974,1.0,1.0,-38.0,-38.0,6868.25,16370.75
2020-11-18 00:00:00,MA_Crossover(35,44),7082.0,6891.0,6795.0429,6765.617,29.4258,1.0,1.0,22.75,22.75,6891.0,16393.5
2020-11-19 00:00:00,MA_Crossover(35,44),7086.75,6895.75,6815.1643,6771.3784,43.7859,1.0,1.0,4.75,4.75,6895.75,16398.25
2020-11-20 00:00:00,MA_Crossover(35,44),7271.5,7076.0,6835.6571,6784.1284,51.5287,1.0,1.0,180.25,180.25,7076.0,16578.5
2020-11-23 00:00:00,MA_Crossover(35,44),7170.5,6975.0,6854.1929,6792.5375,61.6554,1.0,1.0,-101.0,-101.0,6975.0,16477.5
2020-11-24 00:00:00,MA_Crossover(35,44),7286.25,7090.75,6876.1071,6807.7682,68.339,1.0,1.0,115.75,115.75,7090.75,16593.25
2020-11-25 00:00:00,MA_Crossover(35,44),7291.0,7095.5,6893.8571,6825.0807,68.7765,1.0,1.0,4.75,4.75,7095.5,16598.0
2020-11-26 00:00:00,MA_Crossover(35,44),7393.75,7198.25,6914.2643,6844.3352,69.9291,1.0,1.0,102.75,102.75,7198.25,16700.75
2020-11-27 00:00:00,MA_Crossover(35,44),7493.25,7297.75,6934.9714,6865.375,69.5964,1.0,1.0,99.5,99.5,7297.75,16800.25
2020-11-30 00:00:00,MA_Crossover(35,44),7573.75,7378.25,6959.0357,6887.9375,71.0982,1.0,1.0,80.5,80.5,7378.25,16880.75
2020-12-01 00:00:00,MA_Crossover(35,44),7688.0,7492.5,6987.6857,6910.9375,76.7482,1.0,1.0,114.25,114.25,7492.5,16995.0
2020-12-02 00:00:00,MA_Crossover(35,44),7668.0,7472.5,7015.1929,6940.1534,75.0394,1.0,1.0,-20.0,-20.0,7472.5,16975.0
2020-12-03 00:00:00,MA_Crossover(35,44),7671.25,7475.75,7041.8214,6965.5398,76.2817,1.0,1.0,3.25,3.25,7475.75,16978.25
2020-12-04 00:00:00,MA_Crossover(35,44),7753.75,7558.25,7071.2286,6993.5398,77.6888,1.0,1.0,82.5,82.5,7558.25,17060.75
2020-12-07 00:00:00,MA_Crossover(35,44),7697.75,7502.25,7098.0571,7020.3239,77.7333,1.0,1.0,-56.0,-56.0,7502.25,17004.75
2020-12-08 00:00:00,MA_Crossover(35,44),7681.5,7486.0,7120.6143,7043.3182,77.2961,1.0,1.0,-16.25,-16.25,7486.0,16988.5
2020-12-09 00:00:00,MA_Crossover(35,44),7707.5,7512.0,7141.1357,7066.6818,74.4539,1.0,1.0,26.0,26.0,7512.0,17014.5
2020-12-10 00:00:00,MA_Crossover(35,44),7861.75,7666.25,7168.1143,7091.5284,76.5859,1.0,1.0,154.25,154.25,7666.25,17168.75
2020-12-11 00:00:00,MA_Crossover(35,44),7755.5,7560.0,7193.65,7114.8011,78.8489,1.0,1.0,-106.25,-106.25,7560.0,17062.5
2020-12-14 00:00:00,MA_Crossover(35,44),7729.0,7533.5,7220.9714,7138.5227,82.4487,1.0,1.0,-26.5,-26.5,7533.5,17036.0
2020-12-15 00:00:00,MA_Crossover(35,44),7775.0,7570.5,7249.1143,7162.8352,86.2791,1.0,1.0,37.0,37.0,7570.5,17073.0
2020-12-16 00:00:00,MA_Crossover(35,44),7827.75,7623.5,7280.1786,7187.5739,92.6047,1.0,1.0,53.0,53.0,7623.5,17126.0
2020-12-17 00:00:00,MA_Crossover(35,44),7912.25,7707.75,7314.1286,7214.5682,99.5604,1.0,1.0,84.25,84.25,7707.75,17210.25
2020-12-18 00:00:00,MA_Crossover(35,44),7980.25,7772.25,7350.3143,7242.3295,107.9847,1.0,1.0,64.5,64.5,7772.25,17274.75
2020-12-21 00:00:00,MA_Crossover(35,44),7840.05,7632.05,7381.2586,7263.8761,117.3824,1.0,1.0,-140.2,-140.2,7632.05,17134.55
2020-12-22 00:00:00,MA_Crossover(35,44),7738.55,7530.55,7407.7814,7280.9057,126.8757,1.0,1.0,-101.5,-101.5,7530.55,17033.05
2020-12-23 00:00:00,MA_Crossover(35,44),7838.5,7630.5,7436.5671,7301.8375,134.7296,1.0,1.0,99.95,99.95,7630.5,17133.0
2020-12-24 00:00:00,MA_Crossover(35,44),7782.25,7574.25,7463.3671,7322.758,140.6092,1.0,1.0,-56.25,-56.25,7574.25,17076.75
2020-12-29 00:00:00,MA_Crossover(35,44),7856.7,7648.7,7489.6657,7347.3932,142.2725,1.0,1.0,74.45,74.45,7648.7,17151.2
2020-12-30 00:00:00,MA_Crossover(35,44),7842.0,7634.0,7516.4514,7371.3023,145.1492,1.0,1.0,-14.7,-14.7,7634.0,17136.5
2020-12-31 00:00:00,MA_Crossover(35,44),7757.75,7549.75,7540.5229,7394.4216,146.1013,1.0,1.0,-84.25,-84.25,7549.75,17052.25
2021-01-04 00:00:00,MA_Crossover(35,44),7850.75,7642.75,7568.58,7420.0295,148.5505,1.0,1.0,93.0,93.0,7642.75,17145.25
2021-01-05 00:00:00,MA_Crossover(35,44),7997.0,7789.0,7599.4443,7449.1943,150.25,1.0,1.0,146.25,146.25,7789.0,17291.5
2021-01-06 00:00:00,MA_Crossover(35,44),8032.5,7824.5,7629.8943,7478.183,151.7113,1.0,1.0,35.5,35.5,7824.5,17327.0
2021-01-07 00:00:00,MA_Crossover(35,44),8169.0,7961.0,7660.6443,7509.0636,151.5806,1.0,1.0,136.5,136.5,7961.0,17463.5
2021-01-08 00:00:00,MA_Crossover(35,44),8120.0,7912.0,7690.9443,7538.3591,152.5852,1.0,1.0,-49.0,-49.0,7912.0,17414.5
2021-01-11 00:00:00,MA_Crossover(35,44),7851.25,7643.25,7712.9229,7561.2455,151.6774,1.0,1.0,-268.75,-268.75,7643.25,17145.75
2021-01-12 00:00:00,MA_Crossover(35,44),7965.5,7757.5,7738.03,7584.6375,153.3925,1.0,1.0,114.25,114.25,7757.5,17260.0
2021-01-13 00:00:00,MA_Crossover(35,44),7996.5,7788.5,7758.7443,7609.4557,149.2886,1.0,1.0,31.0,31.0,7788.5,17291.0
2021-01-14 00:00:00,MA_Crossover(35,44),8039.5,7831.5,7783.5729,7635.0068,148.566,1.0,1.0,43.0,43.0,7831.5,17334.0
2021-01-15 00:00:00,MA_Crossover(35,44),7937.75,7729.75,7802.1871,7659.3023,142.8849,1.0,1.0,-101.75,-101.75,7729.75,17232.25
2021-01-18 00:00:00,MA_Crossover(35,44),7968.0,7760.0,7821.53,7683.1943,138.3357,1.0,1.0,30.25,30.25,7760.0,17262.5
2021-01-19 00:00:00,MA_Crossover(35,44),7955.25,7743.0,7837.5729,7705.6602,131.9126,1.0,1.0,-17.0,-17.0,7743.0,17245.5
2021-01-20 00:00:00,MA_Crossover(35,44),8046.5,7833.5,7853.38,7727.3364,126.0436,1.0,1.0,90.5,90.5,7833.5,17336.0
2021-01-21 00:00:00,MA_Crossover(35,44),8022.25,7810.75,7866.1943,7749.217,116.9772,1.0,1.0,-22.75,-22.75,7810.75,17313.25
2021-01-22 00:00:00,MA_Crossover(35,44),8001.75,7790.75,7875.1586,7770.1205,105.0381,1.0,1.0,-20.0,-20.0,7790.75,17293.25
2021-01-25 00:00:00,MA_Crossover(35,44),7972.0,7761.0,7883.8443,7790.2398,93.6045,1.0,1.0,-29.75,-29.75,7761.0,17263.5
2021-01-26 00:00:00,MA_Crossover(35,44),8011.75,7800.75,7893.5729,7807.0636,86.5092,1.0,1.0,39.75,39.75,7800.75,17303.25
2021-01-27 00:00:00,MA_Crossover(35,44),7826.75,7615.75,7895.6586,7821.9784,73.6802,1.0,1.0,-185.0,-185.0,7615.75,17118.25
2021-01-28 00:00:00,MA_Crossover(35,44),7882.15,7671.15,7900.9271,7835.5216,65.4056,1.0,1.0,55.4,55.4,7671.15,17173.65
2021-01-29 00:00:00,MA_Crossover(35,44),7862.5,7651.5,7906.0986,7848.5102,57.5883,1.0,1.0,-19.65,-19.65,7651.5,17154.0
2021-02-01 00:00:00,MA_Crossover(35,44),7802.55,7591.55,7908.8143,7857.8011,51.0131,1.0,1.0,-59.95,-59.95,7591.55,17094.05
2021-02-02 00:00:00,MA_Crossover(35,44),7784.5,7573.5,7906.6071,7864.4205,42.1867,1.0,1.0,-18.05,-18.05,7573.5,17076.0
2021-02-03 00:00:00,MA_Crossover(35,44),7851.5,7640.5,7909.35,7870.733,38.617,1.0,1.0,67.0,67.0,7640.5,17143.0
2021-02-04 00:00:00,MA_Crossover(35,44),7826.5,7615.5,7912.1357,7873.8807,38.255,1.0,1.0,-25.0,-25.0,7615.5,17118.0
2021-02-05 00:00:00,MA_Crossover(35,44),7922.0,7711.0,7916.3357,7879.6534,36.6823,1.0,1.0,95.5,95.5,7711.0,17213.5
2021-02-08 00:00:00,MA_Crossover(35,44),8046.75,7835.75,7922.5929,7888.1875,34.4054,1.0,1.0,124.75,124.75,7835.75,17338.25
2021-02-09 00:00:00,MA_Crossover(35,44),8156.75,7945.75,7929.5786,7897.3466,32.232,1.0,1.0,110.0,110.0,7945.75,17448.25
2021-02-10 00:00:00,MA_Crossover(35,44),8304.0,8093.0,7938.8286,7911.125,27.7036,1.0,1.0,147.25,147.25,8093.0,17595.5
2021-02-11 00:00:00,MA_Crossover(35,44),8288.75,8077.75,7951.6486,7924.9261,26.7224,1.0,1.0,-15.25,-15.25,8077.75,17580.25
2021-02-12 00:00:00,MA_Crossover(35,44),8351.5,8140.5,7969.1614,7939.5625,29.5989,1.0,1.0,62.75,62.75,8140.5,17643.0
2021-02-15 00:00:00,MA_Crossover(35,44),8422.5,8211.5,7985.8471,7952.3068,33.5403,1.0,1.0,71.0,71.0,8211.5,17714.0
2021-02-16 00:00:00,MA_Crossover(35,44),8416.0,8213.5,8003.9543,7967.3182,36.6361,1.0,1.0,2.0,2.0,8213.5,17716.0
2021-02-17 00:00:00,MA_Crossover(35,44),8398.25,8196.75,8019.4271,7982.5284,36.8987,1.0,1.0,-16.75,-16.75,8196.75,17699.25
2021-02-18 00:00:00,MA_Crossover(35,44),8562.25,8360.75,8040.0057,8000.4205,39.5853,1.0,1.0,164.0,164.0,8360.75,17863.25
2021-02-19 00:00:00,MA_Crossover(35,44),8923.75,8727.75,8073.32,8025.3295,47.9905,1.0,1.0,367.0,367.0,8727.75,18230.25
2021-02-22 00:00:00,MA_Crossover(35,44),9111.0,8915.0,8109.3271,8052.5739,56.7533,1.0,1.0,187.25,187.25,8915.0,18417.5
2021-02-23 00:00:00,MA_Crossover(35,44),9219.5,9023.5,8144.2557,8080.7386,63.5171,1.0,1.0,108.5,108.5,9023.5,18526.0
2021-02-24 00:00:00,MA_Crossover(35,44),9326.0,9130.0,8181.2129,8114.5102,66.7026,1.0,1.0,106.5,106.5,9130.0,18632.5
2021-02-25 00:00:00,MA_Crossover(35,44),9428.25,9232.25,8217.1914,8152.9125,64.2789,1.0,1.0,102.25,102.25,9232.25,18734.75
2021-02-26 00:00:00,MA_Crossover(35,44),9093.25,8897.25,8244.9986,8181.4295,63.569,1.0,1.0,-335.0,-335.0,8897.25,18399.75
2021-03-01 00:00:00,MA_Crossover(35,44),9062.0,8866.0,8279.5914,8210.5148,69.0767,1.0,1.0,-31.25,-31.25,8866.0,18368.5
2021-03-02 00:00:00,MA_Crossover(35,44),9195.25,8999.25,8314.7271,8240.9364,73.7908,1.0,1.0,133.25,133.25,8999.25,18501.75
2021-03-03 00:00:00,MA_Crossover(35,44),9120.75,8924.75,8346.8486,8269.9989,76.8497,1.0,1.0,-74.5,-74.5,8924.75,18427.25
2021-03-04 00:00:00,MA_Crossover(35,44),8924.75,8728.75,8372.1414,8296.5216,75.6198,1.0,1.0,-196.0,-196.0,8728.75,18231.25
2021-03-05 00:00:00,MA_Crossover(35,44),8911.2,8715.2,8399.9543,8320.6227,79.3316,1.0,1.0,-13.55,-13.55,8715.2,18217.7
2021-03-08 00:00:00,MA_Crossover(35,44),9018.0,8822.0,8429.9543,8343.8273,86.127,1.0,1.0,106.8,106.8,8822.0,18324.5
2021-03-09 00:00:00,MA_Crossover(35,44),8797.5,8601.5,8454.0186,8361.2136,92.8049,1.0,1.0,-220.5,-220.5,8601.5,18104.0
2021-03-10 00:00:00,MA_Crossover(35,44),8877.75,8681.75,8477.7686,8377.3216,100.447,1.0,1.0,80.25,80.25,8681.75,18184.25
2021-03-11 00:00:00,MA_Crossover(35,44),9069.0,8873.0,8507.6757,8398.8898,108.7859,1.0,1.0,191.25,191.25,8873.0,18375.5
2021-03-12 00:00:00,MA_Crossover(35,44),9104.0,8908.0,8539.1686,8427.3614,111.8072,1.0,1.0,35.0,35.0,8908.0,18410.5
2021-03-15 00:00:00,MA_Crossover(35,44),9164.25,8968.25,8573.2329,8454.6057,118.6272,1.0,1.0,60.25,60.25,8968.25,18470.75
2021-03-16 00:00:00,MA_Crossover(35,44),8968.5,8775.5,8600.5686,8476.6966,123.872,1.0,1.0,-192.75,-192.75,8775.5,18278.0
2021-03-17 00:00:00,MA_Crossover(35,44),9079.5,8885.25,8636.3614,8500.333,136.0285,1.0,1.0,109.75,109.75,8885.25,18387.75
2021-03-18 00:00:00,MA_Crossover(35,44),9072.5,8877.0,8670.3714,8526.1227,144.2487,1.0,1.0,-8.25,-8.25,8877.0,18379.5
2021-03-19 00:00:00,MA_Crossover(35,44),9076.25,8887.25,8705.05,8551.3102,153.7398,1.0,1.0,10.25,10.25,8887.25,18389.75
2021-03-22 00:00:00,MA_Crossover(35,44),9123.75,8934.75,8742.7986,8577.867,164.9315,1.0,1.0,47.5,47.5,8934.75,18437.25
2021-03-23 00:00:00,MA_Crossover(35,44),8991.0,8802.0,8777.27,8599.333,177.937,1.0,1.0,-132.75,-132.75,8802.0,18304.5
2021-03-24 00:00:00,MA_Crossover(35,44),8985.25,8796.25,8809.6629,8621.2193,188.4435,1.0,1.0,-5.75,-5.75,8796.25,18298.75
2021-03-25 00:00:00,MA_Crossover(35,44),8791.0,8602.0,8837.22,8639.1568,198.0632,1.0,1.0,-194.25,-194.25,8602.0,18104.5
2021-03-26 00:00:00,MA_Crossover(35,44),8973.5,8784.5,8867.2629,8661.9182,205.3447,1.0,1.0,182.5,182.5,8784.5,18287.0
2021-03-29 00:00:00,MA_Crossover(35,44),8874.5,8685.5,8890.9129,8681.5261,209.3867,1.0,1.0,-99.0,-99.0,8685.5,18188.0
2021-03-30 00:00:00,MA_Crossover(35,44),8780.0,8591.0,8908.72,8703.1909,205.5291,1.0,1.0,-94.5,-94.5,8591.0,18093.5
2021-03-31 00:00:00,MA_Crossover(35,44),8793.0,8604.0,8922.6914,8723.892,198.7994,1.0,1.0,13.0,13.0,8604.0,18106.5
2021-04-01 00:00:00,MA_Crossover(35,44),8799.5,8610.5,8937.2843,8745.1875,192.0968,1.0,1.0,6.5,6.5,8610.5,18113.0
2021-04-06 00:00:00,MA_Crossover(35,44),9059.5,8870.5,8957.5129,8773.7545,183.7583,1.0,1.0,260.0,260.0,8870.5,18373.0
2021-04-07 00:00:00,MA_Crossover(35,44),8924.5,8735.5,8971.8557,8799.6636,172.1921,1.0,1.0,-135.0,-135.0,8735.5,18238.0
2021-04-08 00:00:00,MA_Crossover(35,44),9018.25,8829.25,8989.0629,8826.1807,162.8822,1.0,1.0,93.75,93.75,8829.25,18331.75
2021-04-09 00:00:00,MA_Crossover(35,44),8934.75,8745.75,9004.3914,8851.3682,153.0232,1.0,1.0,-83.5,-83.5,8745.75,18248.25
2021-04-12 00:00:00,MA_Crossover(35,44),8865.25,8676.25,9013.0486,8872.8057,140.2429,1.0,1.0,-69.5,-69.5,8676.25,18178.75
2021-04-13 00:00:00,MA_Crossover(35,44),8903.25,8714.25,9012.4629,8892.2716,120.1913,1.0,1.0,38.0,38.0,8714.25,18216.75
2021-04-14 00:00:00,MA_Crossover(35,44),9082.0,8893.0,9011.6343,8913.3,98.3343,1.0,1.0,178.75,178.75,8893.0,18395.5
2021-04-15 00:00:00,MA_Crossover(35,44),9295.25,9106.25,9013.7986,8935.8284,77.9702,1.0,1.0,213.25,213.25,9106.25,18608.75
2021-04-16 00:00:00,MA_Crossover(35,44),9225.5,9036.5,9010.9271,8957.1182,53.809,1.0,1.0,-69.75,-69.75,9036.5,18539.0
2021-04-19 00:00:00,MA_Crossover(35,44),9384.25,9195.25,9009.67,8980.5898,29.0802,1.0,1.0,158.75,158.75,9195.25,18697.75
2021-04-20 00:00:00,MA_Crossover(35,44),9326.25,9138.25,9016.3271,9001.1295,15.1976,1.0,1.0,-57.0,-57.0,9138.25,18640.75
2021-04-21 00:00:00,MA_Crossover(35,44),9453.0,9263.5,9027.4986,9024.6977,2.8008,1.0,1.0,125.25,125.25,9263.5,18766.0
2021-04-22 00:00:00,MA_Crossover(35,44),9411.25,9221.5,9033.67,9047.7205,-14.0505,-1.0,1.0,-42.0,-42.0,9221.5,18724.0
2021-04-23 00:00:00,MA_Crossover(35,44),9563.5,9378.0,9046.32,9070.4761,-24.1561,-1.0,-1.0,156.5,-156.5,-9378.0,18567.5
2021-04-26 00:00:00,MA_Crossover(35,44),9761.0,9575.5,9070.2129,9089.5045,-19.2917,-1.0,-1.0,197.5,-197.5,-9575.5,18370.0
2021-04-27 00:00:00,MA_Crossover(35,44),9860.5,9675.0,9097.3357,9106.5386,-9.2029,-1.0,-1.0,99.5,-99.5,-9675.0,18270.5
2021-04-28 00:00:00,MA_Crossover(35,44),9883.25,9697.75,9122.0571,9121.6239,0.4333,1.0,-1.0,22.75,-22.75,-9697.75,18247.75
2021-04-29 00:00:00,MA_Crossover(35,44),9893.5,9708.0,9153.3714,9134.5216,18.8498,1.0,1.0,10.25,10.25,9708.0,18258.0
2021-04-30 00:00:00,MA_Crossover(35,44),9833.0,9647.5,9180.6643,9143.7205,36.9438,1.0,1.0,-60.5,-60.5,9647.5,18197.5
2021-05-04 00:00:00,MA_Crossover(35,44),9973.0,9787.5,9206.4929,9163.7148,42.7781,1.0,1.0,140.0,140.0,9787.5,18337.5
2021-05-05 00:00:00,MA_Crossover(35,44),9955.0,9769.5,9230.8071,9184.0102,46.7969,1.0,1.0,-18.0,-18.0,9769.5,18319.5
2021-05-06 00:00:00,MA_Crossover(35,44),10099.75,9914.25,9257.5357,9204.567,52.9687,1.0,1.0,144.75,144.75,9914.25,18464.25
2021-05-07 00:00:00,MA_Crossover(35,44),10423.5,10238.0,9299.1071,9234.175,64.9321,1.0,1.0,323.75,323.75,10238.0,18788.0
2021-05-10 00:00:00,MA_Crossover(35,44),10382.75,10197.25,9336.3429,9267.3114,69.0315,1.0,1.0,-40.75,-40.75,10197.25,18747.25
2021-05-11 00:00:00,MA_Crossover(35,44),10452.5,10267.0,9375.7714,9302.3409,73.4305,1.0,1.0,69.75,69.75,10267.0,18817.0
2021-05-12 00:00:00,MA_Crossover(35,44),10436.25,10250.75,9414.6286,9334.5739,80.0547,1.0,1.0,-16.25,-16.25,10250.75,18800.75
2021-05-13 00:00:00,MA_Crossover(35,44),10328.75,10143.25,9449.0571,9369.375,79.6821,1.0,1.0,-107.5,-107.5,10143.25,18693.25
2021-05-14 00:00:00,MA_Crossover(35,44),10215.0,10029.5,9484.0286,9399.767,84.2615,1.0,1.0,-113.75,-113.75,10029.5,18579.5
2021-05-17 00:00:00,MA_Crossover(35,44),10344.75,10159.25,9522.8714,9428.7614,94.1101,1.0,1.0,129.75,129.75,10159.25,18709.25
2021-05-18 00:00:00,MA_Crossover(35,44),10391.25,10199.25,9568.5929,9458.017,110.5758,1.0,1.0,40.0,40.0,10199.25,18749.25
2021-05-19 00:00:00,MA_Crossover(35,44),9992.5,9800.0,9597.7071,9476.8409,120.8662,1.0,1.0,-399.25,-399.25,9800.0,18350.0
2021-05-20 00:00:00,MA_Crossover(35,44),10041.5,9849.0,9631.05,9501.2273,129.8227,1.0,1.0,49.0,49.0,9849.0,18399.0
2021-05-21 00:00:00,MA_Crossover(35,44),9877.0,9677.5,9662.3929,9519.3523,143.0406,1.0,1.0,-171.5,-171.5,9677.5,18227.5
2021-05-24 00:00:00,MA_Crossover(35,44),9939.75,9740.25,9695.1571,9539.0625,156.0946,1.0,1.0,62.75,62.75,9740.25,18290.25
2021-05-25 00:00:00,MA_Crossover(35,44),9910.75,9711.25,9726.9071,9558.0284,168.8787,1.0,1.0,-29.0,-29.0,9711.25,18261.25
2021-05-26 00:00:00,MA_Crossover(35,44),9971.25,9771.75,9752.9571,9577.2898,175.6674,1.0,1.0,60.5,60.5,9771.75,18321.75
2021-05-27 00:00:00,MA_Crossover(35,44),10212.15,10012.65,9789.7471,9605.0432,184.704,1.0,1.0,240.9,240.9,10012.65,18562.65
2021-05-28 00:00:00,MA_Crossover(35,44),10250.75,10051.25,9824.9614,9633.8045,191.1569,1.0,1.0,38.6,38.6,10051.25,18601.25
2021-06-01 00:00:00,MA_Crossover(35,44),10236.5,10037.0,9862.1543,9666.6568,195.4975,1.0,1.0,-14.25,-14.25,10037.0,18587.0
2021-06-02 00:00:00,MA_Crossover(35,44),10134.15,9934.65,9898.4086,9693.0352,205.3733,1.0,1.0,-102.35,-102.35,9934.65,18484.65
2021-06-03 00:00:00,MA_Crossover(35,44),9772.25,9572.75,9923.2371,9713.4386,209.7985,1.0,1.0,-361.9,-361.9,9572.75,18122.75
2021-06-04 00:00:00,MA_Crossover(35,44),9941.25,9741.75,9947.7871,9739.8307,207.9565,1.0,1.0,169.0,169.0,9741.75,18291.75
2021-06-07 00:00:00,MA_Crossover(35,44),9883.75,9684.25,9964.6014,9764.6205,199.981,1.0,1.0,-57.5,-57.5,9684.25,18234.25
2021-06-08 00:00:00,MA_Crossover(35,44),9941.0,9741.5,9985.0443,9790.5636,194.4806,1.0,1.0,57.25,57.25,9741.5,18291.5
2021-06-09 00:00:00,MA_Crossover(35,44),9956.25,9756.75,10001.3871,9810.9443,190.4428,1.0,1.0,15.25,15.25,9756.75,18306.75
2021-06-10 00:00:00,MA_Crossover(35,44),9864.25,9664.75,10016.7586,9832.3023,184.4563,1.0,1.0,-92.0,-92.0,9664.75,18214.75
2021-06-11 00:00:00,MA_Crossover(35,44),9975.75,9776.25,10031.6943,9854.0636,177.6306,1.0,1.0,111.5,111.5,9776.25,18326.25
2021-06-14 00:00:00,MA_Crossover(35,44),9938.25,9738.75,10046.7514,9876.8705,169.881,1.0,1.0,-37.5,-37.5,9738.75,18288.75
2021-06-15 00:00:00,MA_Crossover(35,44),9551.75,9346.75,10046.4157,9892.4727,153.943,1.0,1.0,-392.0,-392.0,9346.75,17896.75
2021-06-16 00:00:00,MA_Crossover(35,44),9652.25,9446.75,10043.3086,9909.4955,133.8131,1.0,1.0,100.0,100.0,9446.75,17996.75
2021-06-17 00:00:00,MA_Crossover(35,44),9302.25,9096.25,10027.3586,9914.5011,112.8574,1.0,1.0,-350.5,-350.5,9096.25,17646.25
2021-06-18 00:00:00,MA_Crossover(35,44),9133.25,8918.25,10005.93,9910.8193,95.1107,1.0,1.0,-178.0,-178.0,8918.25,17468.25
2021-06-21 00:00:00,MA_Crossover(35,44),9168.0,8953.0,9985.2014,9909.5125,75.6889,1.0,1.0,34.75,34.75,8953.0,17503.0
2021-06-22 00:00:00,MA_Crossover(35,44),9288.5,9073.5,9969.6443,9907.3364,62.3079,1.0,1.0,120.5,120.5,9073.5,17623.5
2021-06-23 00:00:00,MA_Crossover(35,44),9466.75,9251.75,9955.18,9910.5295,44.6505,1.0,1.0,178.25,178.25,9251.75,17801.75
2021-06-24 00:00:00,MA_Crossover(35,44),9403.75,9188.75,9939.43,9909.4102,30.0198,1.0,1.0,-63.0,-63.0,9188.75,17738.75
2021-06-25 00:00:00,MA_Crossover(35,44),9399.4,9184.4,9919.42,9909.1409,10.2791,1.0,1.0,-4.35,-4.35,9184.4,17734.4
2021-06-28 00:00:00,MA_Crossover(35,44),9372.25,9157.25,9889.3843,9904.7943,-15.41,-1.0,1.0,-27.15,-27.15,9157.25,17707.25
2021-06-29 00:00:00,MA_Crossover(35,44),9323.0,9108.0,9859.1057,9894.8398,-35.7341,-1.0,-1.0,-49.25,49.25,-9108.0,17756.5
2021-06-30 00:00:00,MA_Crossover(35,44),9363.5,9148.5,9827.9914,9883.5443,-55.5529,-1.0,-1.0,40.5,-40.5,-9148.5,17716.0
2021-07-01 00:00:00,MA_Crossover(35,44),9303.75,9088.75,9795.6343,9870.3739,-74.7396,-1.0,-1.0,-59.75,59.75,-9088.75,17775.75
2021-07-02 00:00:00,MA_Crossover(35,44),9358.02,9143.02,9767.8991,9858.2039,-90.3047,-1.0,-1.0,54.27,-54.27,-9143.02,17721.48
2021-07-05 00:00:00,MA_Crossover(35,44),9490.1,9275.1,9747.1877,9850.4107,-103.223,-1.0,-1.0,132.08,-132.08,-9275.1,17589.4
2021-07-06 00:00:00,MA_Crossover(35,44),9290.04,9075.04,9717.0531,9834.8889,-117.8357,-1.0,-1.0,-200.06,200.06,-9075.04,17789.46
2021-07-07 00:00:00,MA_Crossover(35,44),9430.81,9215.81,9689.612,9822.9755,-133.3635,-1.0,-1.0,140.77,-140.77,-9215.81,17648.69
2021-07-08 00:00:00,MA_Crossover(35,44),9294.5,9079.5,9669.6691,9804.6743,-135.0052,-1.0,-1.0,-136.31,136.31,-9079.5,17785.0
2021-07-09 00:00:00,MA_Crossover(35,44),9488.75,9273.75,9653.8763,9783.43,-129.5537,-1.0,-1.0,194.25,-194.25,-9273.75,17590.75
2021-07-12 00:00:00,MA_Crossover(35,44),9379.5,9164.5,9639.662,9760.6289,-120.9669,-1.0,-1.0,-109.25,109.25,-9164.5,17700.0
2021-07-13 00:00:00,MA_Crossover(35,44),9379.25,9164.25,9623.6477,9736.2368,-112.5891,-1.0,-1.0,-0.25,0.25,-9164.25,17700.25
2021-07-14 00:00:00,MA_Crossover(35,44),9306.55,9091.55,9606.3849,9710.5618,-104.177,-1.0,-1.0,-72.7,72.7,-9091.55,17772.95
2021-07-15 00:00:00,MA_Crossover(35,44),9452.75,9237.75,9591.5706,9690.6527,-99.0822,-1.0,-1.0,146.2,-146.2,-9237.75,17626.75
2021-07-16 00:00:00,MA_Crossover(35,44),9391.5,9176.5,9568.1234,9671.9368,-103.8134,-1.0,-1.0,-61.25,61.25,-9176.5,17688.0
2021-07-19 00:00:00,MA_Crossover(35,44),9188.5,8973.5,9537.7734,9645.6584,-107.885,-1.0,-1.0,-203.0,203.0,-8973.5,17891.0
2021-07-20 00:00:00,MA_Crossover(35,44),9318.5,9097.5,9511.5449,9621.2777,-109.7329,-1.0,-1.0,124.0,-124.0,-9097.5,17767.0
2021-07-21 00:00:00,MA_Crossover(35,44),9331.5,9111.0,9488.612,9606.255,-117.643,-1.0,-1.0,13.5,-13.5,-9111.0,17753.5
2021-07-22 00:00:00,MA_Crossover(35,44),9428.28,9207.0,9478.7843,9592.3182,-113.5339,-1.0,-1.0,96.0,-96.0,-9207.0,17657.5
2021-07-23 00:00:00,MA_Crossover(35,44),9503.5,9273.5,9466.2771,9583.8295,-117.5524,-1.0,-1.0,66.5,-66.5,-9273.5,17591.0
2021-07-26 00:00:00,MA_Crossover(35,44),9799.25,9569.25,9463.8629,9580.6364,-116.7735,-1.0,-1.0,295.75,-295.75,-9569.25,17295.25
2021-07-27 00:00:00,MA_Crossover(35,44),9746.5,9516.5,9458.3057,9576.9034,-118.5977,-1.0,-1.0,-52.75,52.75,-9516.5,17348.0
2021-07-28 00:00:00,MA_Crossover(35,44),9671.0,9441.0,9450.1557,9570.0795,-119.9238,-1.0,-1.0,-75.5,75.5,-9441.0,17423.5
2021-07-29 00:00:00,MA_Crossover(35,44),9806.5,9576.5,9448.5057,9560.8602,-112.3545,-1.0,-1.0,135.5,-135.5,-9576.5,17288.0
2021-07-30 00:00:00,MA_Crossover(35,44),9708.75,9478.75,9440.8771,9548.542,-107.6649,-1.0,-1.0,-97.75,97.75,-9478.75,17385.75
2021-08-02 00:00:00,MA_Crossover(35,44),9680.2,9450.2,9433.5043,9535.8989,-102.3946,-1.0,-1.0,-28.55,28.55,-9450.2,17414.3
2021-08-03 00:00:00,MA_Crossover(35,44),9520.0,9290.0,9432.5971,9521.9409,-89.3438,-1.0,-1.0,-160.2,160.2,-9290.0,17574.5
2021-08-04 00:00:00,MA_Crossover(35,44),9443.75,9213.75,9426.64,9514.475,-87.835,-1.0,-1.0,-76.25,76.25,-9213.75,17650.75
2021-08-05 00:00:00,MA_Crossover(35,44),9469.76,9239.76,9431.426,9503.7593,-72.3333,-1.0,-1.0,26.01,-26.01,-9239.76,17624.74
2021-08-06 00:00:00,MA_Crossover(35,44),9444.0,9214.0,9440.3046,9493.765,-53.4604,-1.0,-1.0,-25.76,25.76,-9214.0,17650.5
2021-08-09 00:00:00,MA_Crossover(35,44),9342.25,9112.25,9445.2831,9480.157,-34.8739,-1.0,-1.0,-101.75,101.75,-9112.25,17752.25
2021-08-10 00:00:00,MA_Crossover(35,44),9495.75,9265.75,9451.2046,9469.6911,-18.4866,-1.0,-1.0,153.5,-153.5,-9265.75,17598.75
2021-08-11 00:00:00,MA_Crossover(35,44),9484.25,9254.25,9451.7046,9461.0548,-9.3502,-1.0,-1.0,-11.5,11.5,-9254.25,17610.25
2021-08-12 00:00:00,MA_Crossover(35,44),9437.0,9207.0,9452.6546,9448.8105,3.8441,1.0,-1.0,-47.25,47.25,-9207.0,17657.5
2021-08-13 00:00:00,MA_Crossover(35,44),9542.75,9312.75,9456.7503,9439.8218,16.9285,1.0,1.0,105.75,105.75,9312.75,17763.25
2021-08-16 00:00:00,MA_Crossover(35,44),9419.5,9189.5,9458.1003,9436.8161,21.2841,1.0,1.0,-123.25,-123.25,9189.5,17640.0
2021-08-17 00:00:00,MA_Crossover(35,44),9233.5,9005.25,9455.5431,9427.2991,28.2441,1.0,1.0,-184.25,-184.25,9005.25,17455.75
2021-08-18 00:00:00,MA_Crossover(35,44),9032.0,8803.0,9446.0717,9421.157,24.9147,1.0,1.0,-202.25,-202.25,8803.0,17253.5
2021-08-19 00:00:00,MA_Crossover(35,44),8892.0,8658.75,9434.3074,9415.6741,18.6333,1.0,1.0,-144.25,-144.25,8658.75,17109.25
2021-08-20 00:00:00,MA_Crossover(35,44),9041.0,8806.0,9425.2497,9412.7877,12.462,1.0,1.0,147.25,147.25,8806.0,17256.5
2021-08-23 00:00:00,MA_Crossover(35,44),9290.95,9055.95,9419.5597,9412.8434,6.7163,1.0,1.0,249.95,249.95,9055.95,17506.45
2021-08-24 00:00:00,MA_Crossover(35,44),9374.5,9139.5,9421.9729,9410.7468,11.226,1.0,1.0,83.55,83.55,9139.5,17590.0
2021-08-25 00:00:00,MA_Crossover(35,44),9356.5,9121.5,9419.8497,9409.673,10.1768,1.0,1.0,-18.0,-18.0,9121.5,17572.0
2021-08-26 00:00:00,MA_Crossover(35,44),9305.0,9070.0,9420.1497,9407.5275,12.6222,1.0,1.0,-51.5,-51.5,9070.0,17520.5
2021-08-27 00:00:00,MA_Crossover(35,44),9413.75,9178.75,9418.0069,9408.4707,9.5362,1.0,1.0,108.75,108.75,9178.75,17629.25
2021-08-31 00:00:00,MA_Crossover(35,44),9525.25,9290.25,9422.1711,9413.0673,9.1039,1.0,1.0,111.5,111.5,9290.25,17740.75
2021-09-01 00:00:00,MA_Crossover(35,44),9333.25,9098.25,9420.8569,9412.3798,8.4771,1.0,1.0,-192.0,-192.0,9098.25,17548.75
2021-09-02 00:00:00,MA_Crossover(35,44),9366.75,9131.75,9422.5769,9413.8116,8.7653,1.0,1.0,33.5,33.5,9131.75,17582.25
2021-09-03 00:00:00,MA_Crossover(35,44),9422.75,9187.75,9421.7197,9415.2827,6.437,1.0,1.0,56.0,56.0,9187.75,17638.25
2021-09-06 00:00:00,MA_Crossover(35,44),9443.75,9208.75,9423.2126,9414.2293,8.9833,1.0,1.0,21.0,21.0,9208.75,17659.25
2021-09-07 00:00:00,MA_Crossover(35,44),9333.65,9098.65,9427.3597,9415.2205,12.1393,1.0,1.0,-110.1,-110.1,9098.65,17549.15
2021-09-08 00:00:00,MA_Crossover(35,44),9228.5,8993.5,9424.7883,9410.6225,14.1658,1.0,1.0,-105.15,-105.15,8993.5,17444.0
2021-09-09 00:00:00,MA_Crossover(35,44),9369.5,9134.5,9425.874,9412.327,13.547,1.0,1.0,141.0,141.0,9134.5,17585.0
2021-09-10 00:00:00,MA_Crossover(35,44),9684.5,9449.5,9433.1946,9416.7759,16.4187,1.0,1.0,315.0,315.0,9449.5,17900.0
2021-09-13 00:00:00,MA_Crossover(35,44),9550.5,9315.5,9434.5374,9420.6623,13.8752,1.0,1.0,-134.0,-134.0,9315.5,17766.0
2021-09-14 00:00:00,MA_Crossover(35,44),9434.0,9197.75,9424.1017,9421.9066,2.1951,1.0,1.0,-117.75,-117.75,9197.75,17648.25
2021-09-15 00:00:00,MA_Crossover(35,44),9617.75,9383.0,9420.4231,9428.9793,-8.5562,-1.0,1.0,185.25,185.25,9383.0,17833.5
2021-09-16 00:00:00,MA_Crossover(35,44),9357.0,9122.75,9411.4517,9426.8032,-15.3515,-1.0,-1.0,-260.25,260.25,-9122.75,18093.75
2021-09-17 00:00:00,MA_Crossover(35,44),9307.25,9068.0,9397.1874,9424.8884,-27.701,-1.0,-1.0,-54.75,54.75,-9068.0,18148.5
2021-09-20 00:00:00,MA_Crossover(35,44),9034.15,8794.9,9377.9131,9421.3805,-43.4673,-1.0,-1.0,-273.1,273.1,-8794.9,18421.6
2021-09-21 00:00:00,MA_Crossover(35,44),8976.5,8737.25,9357.8074,9413.6077,-55.8003,-1.0,-1.0,-57.65,57.65,-8737.25,18479.25
2021-09-22 00:00:00,MA_Crossover(35,44),9295.75,9056.5,9351.4003,9412.7952,-61.3949,-1.0,-1.0,319.25,-319.25,-9056.5,18160.0
2021-09-23 00:00:00,MA_Crossover(35,44),9282.45,9043.2,9346.7917,9409.4809,-62.6892,-1.0,-1.0,-13.3,13.3,-9043.2,18173.3
2021-09-24 00:00:00,MA_Crossover(35,44),9341.75,9102.5,9343.1343,9405.8048,-62.6705,-1.0,-1.0,59.3,-59.3,-9102.5,18114.0
2021-09-27 00:00:00,MA_Crossover(35,44),9369.5,9130.25,9341.0057,9396.0377,-55.032,-1.0,-1.0,27.75,-27.75,-9130.25,18086.25
2021-09-28 00:00:00,MA_Crossover(35,44),9273.1,9033.85,9339.03,9385.2786,-46.2486,-1.0,-1.0,-96.4,96.4,-9033.85,18182.65
2021-09-29 00:00:00,MA_Crossover(35,44),9165.0,8925.75,9329.58,9373.7786,-44.1986,-1.0,-1.0,-108.1,108.1,-8925.75,18290.75
2021-09-30 00:00:00,MA_Crossover(35,44),8940.5,8701.25,9314.0443,9354.0968,-40.0525,-1.0,-1.0,-224.5,224.5,-8701.25,18515.25
2021-10-01 00:00:00,MA_Crossover(35,44),9131.5,8892.25,9305.3157,9340.9775,-35.6618,-1.0,-1.0,191.0,-191.0,-8892.25,18324.25
2021-10-04 00:00:00,MA_Crossover(35,44),9254.0,9014.75,9297.0657,9331.2911,-34.2254,-1.0,-1.0,122.5,-122.5,-9014.75,18201.75
2021-10-05 00:00:00,MA_Crossover(35,44),9175.0,8935.75,9290.08,9323.4502,-33.3702,-1.0,-1.0,-79.0,79.0,-8935.75,18280.75
2021-10-06 00:00:00,MA_Crossover(35,44),9048.35,8809.1,9284.79,9314.4639,-29.6739,-1.0,-1.0,-126.65,126.65,-8809.1,18407.4
2021-10-07 00:00:00,MA_Crossover(35,44),9282.25,9043.0,9291.94,9310.2023,-18.2623,-1.0,-1.0,233.9,-233.9,-9043.0,18173.5
2021-10-08 00:00:00,MA_Crossover(35,44),9367.75,9128.5,9305.5329,9308.4693,-2.9365,-1.0,-1.0,85.5,-85.5,-9128.5,18088.0
2021-10-11 00:00:00,MA_Crossover(35,44),9564.75,9325.5,9320.4971,9313.5261,6.971,1.0,-1.0,197.0,-197.0,-9325.5,17891.0
2021-10-12 00:00:00,MA_Crossover(35,44),9490.0,9250.75,9326.1843,9313.3955,12.7888,1.0,1.0,-74.75,-74.75,9250.75,17816.25
2021-10-13 00:00:00,MA_Crossover(35,44),9701.5,9462.25,9335.5271,9318.333,17.1942,1.0,1.0,211.5,211.5,9462.25,18027.75
2021-10-14 00:00:00,MA_Crossover(35,44),10076.0,9836.75,9356.0843,9332.8557,23.2286,1.0,1.0,374.5,374.5,9836.75,18402.25
2021-10-15 00:00:00,MA_Crossover(35,44),10493.0,10253.75,9390.0271,9354.4523,35.5749,1.0,1.0,417.0,417.0,10253.75,18819.25
2021-10-18 00:00:00,MA_Crossover(35,44),11299.5,11060.25,9443.9057,9397.1795,46.7262,1.0,1.0,806.5,806.5,11060.25,19625.75
2021-10-19 00:00:00,MA_Crossover(35,44),10207.5,10995.25,9463.3986,9419.3159,44.0827,1.0,1.0,-65.0,-65.0,10995.25,19560.75
2021-10-20 00:00:00,MA_Crossover(35,44),10271.25,11043.0,9490.1986,9447.4807,42.7179,1.0,1.0,47.75,47.75,11043.0,19608.5
2021-10-21 00:00:00,MA_Crossover(35,44),9948.5,10699.25,9506.82,9471.492,35.328,1.0,1.0,-343.75,-343.75,10699.25,19264.75
2021-10-22 00:00:00,MA_Crossover(35,44),9792.0,10612.75,9517.37,9488.5602,28.8098,1.0,1.0,-86.5,-86.5,10612.75,19178.25
2021-10-25 00:00:00,MA_Crossover(35,44),9960.75,10781.5,9532.1414,9503.783,28.3585,1.0,1.0,168.75,168.75,10781.5,19347.0
2021-10-26 00:00:00,MA_Crossover(35,44),9885.5,10706.25,9547.9086,9515.3966,32.512,1.0,1.0,-75.25,-75.25,10706.25,19271.75
2021-10-27 00:00:00,MA_Crossover(35,44),9625.0,10445.75,9559.2371,9521.4989,37.7383,1.0,1.0,-260.5,-260.5,10445.75,19011.25
2021-10-28 00:00:00,MA_Crossover(35,44),9815.5,10636.25,9571.98,9533.1011,38.8789,1.0,1.0,190.5,190.5,10636.25,19201.75
2021-10-29 00:00:00,MA_Crossover(35,44),9728.5,10549.25,9573.2371,9540.2545,32.9826,1.0,1.0,-87.0,-87.0,10549.25,19114.75
2021-11-01 00:00:00,MA_Crossover(35,44),9958.0,10778.75,9584.88,9550.0898,34.7902,1.0,1.0,229.5,229.5,10778.75,19344.25
2021-11-02 00:00:00,MA_Crossover(35,44),9745.5,10566.25,9593.78,9559.4591,34.3209,1.0,1.0,-212.5,-212.5,10566.25,19131.75
2021-11-03 00:00:00,MA_Crossover(35,44),9646.5,10467.25,9594.6014,9565.817,28.7844,1.0,1.0,-99.0,-99.0,10467.25,19032.75
2021-11-04 00:00:00,MA_Crossover(35,44),9699.0,10519.75,9604.3729,9572.0955,32.2774,1.0,1.0,52.5,52.5,10519.75,19085.25
2021-11-05 00:00:00,MA_Crossover(35,44),9752.0,10572.75,9617.08,9579.1011,37.9789,1.0,1.0,53.0,53.0,10572.75,19138.25
2021-11-08 00:00:00,MA_Crossover(35,44),9897.5,10718.25,9641.7471,9591.9159,49.8312,1.0,1.0,145.5,145.5,10718.25,19283.75
2021-11-09 00:00:00,MA_Crossover(35,44),9764.5,10585.25,9664.2614,9604.0977,60.1637,1.0,1.0,-133.0,-133.0,10585.25,19150.75
2021-11-10 00:00:00,MA_Crossover(35,44),9705.5,10526.25,9675.9686,9611.7341,64.2345,1.0,1.0,-59.0,-59.0,10526.25,19091.75
2021-11-11 00:00:00,MA_Crossover(35,44),9808.5,10629.25,9690.9986,9614.5523,76.4463,1.0,1.0,103.0,103.0,10629.25,19194.75
2021-11-12 00:00:00,MA_Crossover(35,44),9841.0,10661.75,9705.2629,9621.1545,84.1083,1.0,1.0,32.5,32.5,10661.75,19227.25
2021-11-15 00:00:00,MA_Crossover(35,44),9705.5,10526.25,9714.8629,9627.325,87.5379,1.0,1.0,-135.5,-135.5,10526.25,19091.75
2021-11-16 00:00:00,MA_Crossover(35,44),9576.5,10383.25,9723.5314,9626.3875,97.1439,1.0,1.0,-143.0,-143.0,10383.25,18948.75
2021-11-17 00:00:00,MA_Crossover(35,44),9427.4,10234.15,9731.0286,9627.9875,103.0411,1.0,1.0,-149.1,-149.1,10234.15,18799.65
2021-11-18 00:00:00,MA_Crossover(35,44),9503.5,10297.25,9747.1143,9632.4477,114.6666,1.0,1.0,63.1,63.1,10297.25,18862.75
2021-11-19 00:00:00,MA_Crossover(35,44),9744.0,10559.75,9764.6143,9648.5807,116.0336,1.0,1.0,262.5,262.5,10559.75,19125.25
2021-11-22 00:00:00,MA_Crossover(35,44),9831.5,10647.25,9781.1143,9668.0125,113.1018,1.0,1.0,87.5,87.5,10647.25,19212.75
2021-11-23 00:00:00,MA_Crossover(35,44),9809.0,10624.75,9799.2286,9679.6773,119.5513,1.0,1.0,-22.5,-22.5,10624.75,19190.25
2021-11-24 00:00:00,MA_Crossover(35,44),9904.0,10719.75,9823.6757,9693.8034,129.8723,1.0,1.0,95.0,95.0,10719.75,19285.25
2021-11-25 00:00:00,MA_Crossover(35,44),9898.0,10713.75,9841.2686,9706.4455,134.8231,1.0,1.0,-6.0,-6.0,10713.75,19279.25
2021-11-26 00:00:00,MA_Crossover(35,44),9578.0,10393.75,9847.2757,9711.1841,136.0916,1.0,1.0,-320.0,-320.0,10393.75,18959.25
2021-11-29 00:00:00,MA_Crossover(35,44),9670.5,10486.25,9850.2971,9720.2159,130.0812,1.0,1.0,92.5,92.5,10486.25,19051.75
2021-11-30 00:00:00,MA_Crossover(35,44),9522.5,10338.25,9851.2257,9728.3409,122.8848,1.0,1.0,-148.0,-148.0,10338.25,18903.75
2021-12-01 00:00:00,MA_Crossover(35,44),9498.25,10314.0,9845.4186,9741.017,104.4015,1.0,1.0,-24.25,-24.25,10314.0,18879.5
2021-12-02 00:00:00,MA_Crossover(35,44),9593.0,10408.75,9831.6186,9751.5057,80.1129,1.0,1.0,94.75,94.75,10408.75,18974.25
2021-12-03 00:00:00,MA_Crossover(35,44),9489.0,10304.75,9802.9329,9756.8466,46.0863,1.0,1.0,-104.0,-104.0,10304.75,18870.25
2021-12-06 00:00:00,MA_Crossover(35,44),9562.0,10377.75,9753.29,9765.642,-12.352,-1.0,1.0,73.0,73.0,10377.75,18943.25
2021-12-07 00:00:00,MA_Crossover(35,44),9616.5,10432.25,9736.4043,9778.5545,-42.1503,-1.0,-1.0,54.5,-54.5,-10432.25,18888.75
2021-12-08 00:00:00,MA_Crossover(35,44),9658.5,10474.25,9718.8971,9787.1057,-68.2085,-1.0,-1.0,42.0,-42.0,-10474.25,18846.75
2021-12-09 00:00:00,MA_Crossover(35,44),9542.5,10358.25,9707.2971,9791.0773,-83.7801,-1.0,-1.0,-116.0,116.0,-10358.25,18962.75
2021-12-10 00:00:00,MA_Crossover(35,44),9507.5,10323.25,9699.1686,9789.7761,-90.6076,-1.0,-1.0,-35.0,35.0,-10323.25,18997.75
2021-12-13 00:00:00,MA_Crossover(35,44),9435.0,10250.75,9684.1471,9788.5261,-104.379,-1.0,-1.0,-72.5,72.5,-10250.75,19070.25
2021-12-14 00:00:00,MA_Crossover(35,44),9421.5,10218.25,9670.89,9782.1625,-111.2725,-1.0,-1.0,-32.5,32.5,-10218.25,19102.75
2021-12-15 00:00:00,MA_Crossover(35,44),9227.5,10009.25,9659.5329,9762.8784,-103.3456,-1.0,-1.0,-209.0,209.0,-10009.25,19311.75
2021-12-16 00:00:00,MA_Crossover(35,44),9537.5,10324.25,9651.59,9741.1625,-89.5725,-1.0,-1.0,315.0,-315.0,-10324.25,18996.75
2021-12-17 00:00:00,MA_Crossover(35,44),9479.5,10281.25,9644.4757,9699.7989,-55.3231,-1.0,-1.0,-43.0,43.0,-10281.25,19039.75
2021-12-20 00:00:00,MA_Crossover(35,44),9474.0,10275.75,9630.6471,9683.1284,-52.4813,-1.0,-1.0,-5.5,5.5,-10275.75,19045.25
2021-12-21 00:00:00,MA_Crossover(35,44),9573.0,10374.75,9625.7186,9667.2591,-41.5405,-1.0,-1.0,99.0,-99.0,-10374.75,18946.25
2021-12-22 00:00:00,MA_Crossover(35,44),9652.0,10453.75,9625.8757,9660.5205,-34.6447,-1.0,-1.0,79.0,-79.0,-10453.75,18867.25
2021-12-23 00:00:00,MA_Crossover(35,44),9646.0,10447.75,9624.3614,9657.2023,-32.8408,-1.0,-1.0,-6.0,6.0,-10447.75,18873.25
2021-12-24 00:00:00,MA_Crossover(35,44),9606.5,10408.25,9620.2043,9649.1511,-28.9469,-1.0,-1.0,-39.5,39.5,-10408.25,18912.75
2021-12-29 00:00:00,MA_Crossover(35,44),9736.5,10538.25,9615.6043,9645.7648,-30.1605,-1.0,-1.0,130.0,-130.0,-10538.25,18782.75
2021-12-30 00:00:00,MA_Crossover(35,44),9732.0,10533.75,9614.6757,9648.1966,-33.5209,-1.0,-1.0,-4.5,4.5,-10533.75,18787.25
2021-12-31 00:00:00,MA_Crossover(35,44),9747.5,10549.25,9615.8757,9646.6511,-30.7754,-1.0,-1.0,15.5,-15.5,-10549.25,18771.75
2022-01-04 00:00:00,MA_Crossover(35,44),9795.0,10596.75,9615.49,9648.1625,-32.6725,-1.0,-1.0,47.5,-47.5,-10596.75,18724.25
2022-01-05 00:00:00,MA_Crossover(35,44),9713.75,10515.5,9611.8543,9642.6114,-30.7571,-1.0,-1.0,-81.25,81.25,-10515.5,18805.5
2022-01-06 00:00:00,MA_Crossover(35,44),9544.0,10345.75,9607.24,9638.0318,-30.7918,-1.0,-1.0,-169.75,169.75,-10345.75,18975.25
2022-01-07 00:00:00,MA_Crossover(35,44),9675.0,10476.75,9610.0543,9638.6795,-28.6253,-1.0,-1.0,131.0,-131.0,-10476.75,18844.25
2022-01-10 00:00:00,MA_Crossover(35,44),9571.0,10372.75,9614.1571,9635.7705,-21.6133,-1.0,-1.0,-104.0,104.0,-10372.75,18948.25
2022-01-11 00:00:00,MA_Crossover(35,44),9735.5,10537.25,9620.7857,9635.3955,-14.6097,-1.0,-1.0,164.5,-164.5,-10537.25,18783.75
2022-01-12 00:00:00,MA_Crossover(35,44),10084.5,10886.25,9630.5143,9639.6455,-9.1312,-1.0,-1.0,349.0,-349.0,-10886.25,18434.75
2022-01-13 00:00:00,MA_Crossover(35,44),9972.5,10774.25,9634.5429,9644.3727,-9.8299,-1.0,-1.0,-112.0,112.0,-10774.25,18546.75
2022-01-14 00:00:00,MA_Crossover(35,44),9730.75,10532.5,9632.3071,9644.9466,-12.6394,-1.0,-1.0,-241.75,241.75,-10532.5,18788.5
2022-01-17 00:00:00,MA_Crossover(35,44),9749.0,10550.75,9627.8786,9643.5943,-15.7157,-1.0,-1.0,18.25,-18.25,-10550.75,18770.25
2022-01-18 00:00:00,MA_Crossover(35,44),9691.5,10484.25,9621.9786,9640.1966,-18.218,-1.0,-1.0,-66.5,66.5,-10484.25,18836.75
2022-01-19 00:00:00,MA_Crossover(35,44),9861.25,10652.0,9630.0714,9643.7364,-13.6649,-1.0,-1.0,167.75,-167.75,-10652.0,18669.0
2022-01-20 00:00:00,MA_Crossover(35,44),10014.0,10803.75,9639.8857,9653.6795,-13.7938,-1.0,-1.0,151.75,-151.75,-10803.75,18517.25
2022-01-21 00:00:00,MA_Crossover(35,44),9977.0,10775.75,9652.8714,9666.1705,-13.299,-1.0,-1.0,-28.0,28.0,-10775.75,18545.25
2022-01-24 00:00:00,MA_Crossover(35,44),9763.0,10561.75,9660.4357,9672.0682,-11.6325,-1.0,-1.0,-214.0,214.0,-10561.75,18759.25
2022-01-25 00:00:00,MA_Crossover(35,44),9832.75,10631.5,9667.2857,9674.0852,-6.7995,-1.0,-1.0,69.75,-69.75,-10631.5,18689.5
2022-01-26 00:00:00,MA_Crossover(35,44),9955.5,10754.25,9680.6143,9676.9034,3.7109,1.0,-1.0,122.75,-122.75,-10754.25,18566.75
2022-01-27 00:00:00,MA_Crossover(35,44),9830.75,10629.5,9688.2929,9677.3977,10.8951,1.0,1.0,-124.75,-124.75,10629.5,18442.0
2022-01-28 00:00:00,MA_Crossover(35,44),9555.5,10354.25,9686.55,9669.4773,17.0727,1.0,1.0,-275.25,-275.25,10354.25,18166.75
2022-01-31 00:00:00,MA_Crossover(35,44),9554.0,10352.75,9683.5643,9661.6591,21.9052,1.0,1.0,-1.5,-1.5,10352.75,18165.25
2022-02-01 00:00:00,MA_Crossover(35,44),9730.5,10529.25,9688.9357,9665.125,23.8107,1.0,1.0,176.5,176.5,10529.25,18341.75
2022-02-02 00:00:00,MA_Crossover(35,44),9877.75,10676.5,9699.5143,9669.8352,29.6791,1.0,1.0,147.25,147.25,10676.5,18489.0
2022-02-03 00:00:00,MA_Crossover(35,44),9867.5,10666.25,9711.8714,9677.6761,34.1953,1.0,1.0,-10.25,-10.25,10666.25,18478.75
2022-02-04 00:00:00,MA_Crossover(35,44),9871.5,10670.25,9724.7286,9686.1591,38.5695,1.0,1.0,4.0,4.0,10670.25,18482.75
2022-02-07 00:00:00,MA_Crossover(35,44),9809.25,10608.0,9741.35,9691.0739,50.2761,1.0,1.0,-62.25,-62.25,10608.0,18420.5
2022-02-08 00:00:00,MA_Crossover(35,44),9811.25,10610.0,9749.1714,9698.3977,50.7737,1.0,1.0,2.0,2.0,10610.0,18422.5
2022-02-09 00:00:00,MA_Crossover(35,44),10100.5,10899.25,9766.9143,9710.6364,56.2779,1.0,1.0,289.25,289.25,10899.25,18711.75
2022-02-10 00:00:00,MA_Crossover(35,44),10305.0,11103.75,9790.6571,9726.2841,64.3731,1.0,1.0,204.5,204.5,11103.75,18916.25
2022-02-11 00:00:00,MA_Crossover(35,44),9894.5,10693.25,9799.8429,9731.6477,68.1951,1.0,1.0,-410.5,-410.5,10693.25,18505.75
2022-02-14 00:00:00,MA_Crossover(35,44),9984.5,10783.25,9809.3429,9741.6932,67.6497,1.0,1.0,90.0,90.0,10783.25,18595.75
2022-02-15 00:00:00,MA_Crossover(35,44),10003.5,10804.75,9819.5571,9752.9659,66.5912,1.0,1.0,21.5,21.5,10804.75,18617.25
2022-02-16 00:00:00,MA_Crossover(35,44),10029.75,10828.5,9831.65,9766.483,65.167,1.0,1.0,23.75,23.75,10828.5,18641.0
2022-02-17 00:00:00,MA_Crossover(35,44),9967.0,10762.75,9838.2357,9778.8807,59.355,1.0,1.0,-65.75,-65.75,10762.75,18575.25
2022-02-18 00:00:00,MA_Crossover(35,44),9996.5,10816.25,9845.7929,9796.358,49.4349,1.0,1.0,53.5,53.5,10816.25,18628.75
2022-02-21 00:00:00,MA_Crossover(35,44),9946.0,10765.75,9851.4643,9805.642,45.8222,1.0,1.0,-50.5,-50.5,10765.75,18578.25
2022-02-22 00:00:00,MA_Crossover(35,44),9961.25,10781.0,9856.2143,9816.5909,39.6234,1.0,1.0,15.25,15.25,10781.0,18593.5
2022-02-23 00:00:00,MA_Crossover(35,44),9910.5,10730.25,9861.8357,9826.5114,35.3244,1.0,1.0,-50.75,-50.75,10730.25,18542.75
2022-02-24 00:00:00,MA_Crossover(35,44),9911.5,10731.25,9872.3357,9834.2045,38.1312,1.0,1.0,1.0,1.0,10731.25,18543.75
2022-02-25 00:00:00,MA_Crossover(35,44),9917.0,10736.75,9879.25,9840.2273,39.0227,1.0,1.0,5.5,5.5,10736.75,18549.25
2022-02-28 00:00:00,MA_Crossover(35,44),9919.0,10738.75,9889.1929,9846.4318,42.761,1.0,1.0,2.0,2.0,10738.75,18551.25
2022-03-01 00:00:00,MA_Crossover(35,44),10095.5,10915.25,9899.4786,9857.5455,41.9331,1.0,1.0,176.5,176.5,10915.25,18727.75
2022-03-02 00:00:00,MA_Crossover(35,44),10198.25,11018.0,9902.7286,9868.0398,34.6888,1.0,1.0,102.75,102.75,11018.0,18830.5
2022-03-03 00:00:00,MA_Crossover(35,44),10385.5,11205.25,9914.5286,9882.892,31.6365,1.0,1.0,187.25,187.25,11205.25,19017.75
2022-03-04 00:00:00,MA_Crossover(35,44),10701.0,11520.75,9942.25,9904.5625,37.6875,1.0,1.0,315.5,315.5,11520.75,19333.25
2022-03-07 00:00:00,MA_Crossover(35,44),10265.5,11085.25,9957.0071,9915.2557,41.7515,1.0,1.0,-435.5,-435.5,11085.25,18897.75
2022-03-08 00:00:00,MA_Crossover(35,44),10178.75,10998.5,9970.9286,9925.8239,45.1047,1.0,1.0,-86.75,-86.75,10998.5,18811.0
2022-03-09 00:00:00,MA_Crossover(35,44),9979.0,10798.75,9974.2929,9935.7102,38.5826,1.0,1.0,-199.75,-199.75,10798.75,18611.25
2022-03-10 00:00:00,MA_Crossover(35,44),10096.0,10915.75,9976.6357,9945.2784,31.3573,1.0,1.0,117.0,117.0,10915.75,18728.25
2022-03-11 00:00:00,MA_Crossover(35,44),10152.5,10972.25,9981.65,9958.4943,23.1557,1.0,1.0,56.5,56.5,10972.25,18784.75
2022-03-14 00:00:00,MA_Crossover(35,44),9894.5,10714.25,9985.4071,9962.108,23.2992,1.0,1.0,-258.0,-258.0,10714.25,18526.75
2022-03-15 00:00:00,MA_Crossover(35,44),9895.0,10693.75,9987.1857,9957.8011,29.3846,1.0,1.0,-20.5,-20.5,10693.75,18506.25
2022-03-16 00:00:00,MA_Crossover(35,44),10069.0,10854.75,9990.4286,9959.9943,30.4343,1.0,1.0,161.0,161.0,10854.75,18667.25
2022-03-17 00:00:00,MA_Crossover(35,44),10251.5,11041.75,10002.45,9971.8295,30.6205,1.0,1.0,187.0,187.0,11041.75,18854.25
2022-03-18 00:00:00,MA_Crossover(35,44),10342.0,11131.75,10024.9214,9985.3068,39.6146,1.0,1.0,90.0,90.0,11131.75,18944.25
2022-03-21 00:00:00,MA_Crossover(35,44),10301.55,11091.3,10046.28,9999.1716,47.1084,1.0,1.0,-40.45,-40.45,11091.3,18903.8
2022-03-22 00:00:00,MA_Crossover(35,44),10266.5,11056.25,10061.5943,10008.3818,53.2125,1.0,1.0,-35.05,-35.05,11056.25,18868.75
2022-03-23 00:00:00,MA_Crossover(35,44),10446.0,11235.75,10077.83,10018.2,59.63,1.0,1.0,179.5,179.5,11235.75,19048.25
2022-03-24 00:00:00,MA_Crossover(35,44),10332.5,11122.25,10091.1157,10026.2795,64.8362,1.0,1.0,-113.5,-113.5,11122.25,18934.75
2022-03-25 00:00:00,MA_Crossover(35,44),10255.0,11044.75,10102.0729,10037.4614,64.6115,1.0,1.0,-77.5,-77.5,11044.75,18857.25
2022-03-28 00:00:00,MA_Crossover(35,44),10342.0,11131.75,10117.2943,10049.0352,68.2591,1.0,1.0,87.0,87.0,11131.75,18944.25
2022-03-29 00:00:00,MA_Crossover(35,44),10319.5,11109.25,10131.8157,10057.308,74.5078,1.0,1.0,-22.5,-22.5,11109.25,18921.75
2022-03-30 00:00:00,MA_Crossover(35,44),10367.5,11157.25,10139.4443,10069.5068,69.9375,1.0,1.0,48.0,48.0,11157.25,18969.75
2022-03-31 00:00:00,MA_Crossover(35,44),10372.5,11162.25,10141.3729,10088.075,53.2979,1.0,1.0,5.0,5.0,11162.25,18974.75
2022-04-01 00:00:00,MA_Crossover(35,44),10347.0,11136.75,10154.3014,10106.0977,48.2037,1.0,1.0,-25.5,-25.5,11136.75,18949.25
2022-04-04 00:00:00,MA_Crossover(35,44),10455.25,11245.0,10167.7514,10122.5693,45.1821,1.0,1.0,108.25,108.25,11245.0,19057.5
2022-04-05 00:00:00,MA_Crossover(35,44),10437.0,11226.75,10180.1371,10135.2795,44.8576,1.0,1.0,-18.25,-18.25,11226.75,19039.25
2022-04-06 00:00:00,MA_Crossover(35,44),10286.75,11076.5,10187.48,10144.808,42.672,1.0,1.0,-150.25,-150.25,11076.5,18889.0
2022-04-07 00:00:00,MA_Crossover(35,44),10294.5,11084.25,10196.8371,10154.4216,42.4156,1.0,1.0,7.75,7.75,11084.25,18896.75
2022-04-08 00:00:00,MA_Crossover(35,44),10304.75,11094.5,10205.6443,10165.683,39.9613,1.0,1.0,10.25,10.25,11094.5,18907.0
2022-04-11 00:00:00,MA_Crossover(35,44),10181.25,10971.0,10212.3657,10174.092,38.2737,1.0,1.0,-123.5,-123.5,10971.0,18783.5
2022-04-12 00:00:00,MA_Crossover(35,44),10330.0,11119.75,10222.9014,10179.308,43.5935,1.0,1.0,148.75,148.75,11119.75,18932.25
2022-04-13 00:00:00,MA_Crossover(35,44),10284.0,11073.75,10233.5729,10178.8307,54.7422,1.0,1.0,-46.0,-46.0,11073.75,18886.25
2022-04-14 00:00:00,MA_Crossover(35,44),10297.5,11087.25,10244.6014,10187.9898,56.6117,1.0,1.0,13.5,13.5,11087.25,18899.75
2022-04-19 00:00:00,MA_Crossover(35,44),10288.5,11080.75,10255.2157,10194.8989,60.3169,1.0,1.0,-6.5,-6.5,11080.75,18893.25
2022-04-20 00:00:00,MA_Crossover(35,44),10205.5,10998.5,10263.4014,10199.4898,63.9117,1.0,1.0,-82.25,-82.25,10998.5,18811.0
2022-04-21 00:00:00,MA_Crossover(35,44),10275.75,11066.25,10268.5514,10205.0807,63.4707,1.0,1.0,67.75,67.75,11066.25,18878.75
2022-04-22 00:00:00,MA_Crossover(35,44),10103.25,10887.0,10265.8371,10208.1773,57.6599,1.0,1.0,-179.25,-179.25,10887.0,18699.5
2022-04-25 00:00:00,MA_Crossover(35,44),9773.8,10557.55,10248.36,10203.1159,45.2441,1.0,1.0,-329.45,-329.45,10557.55,18370.05
2022-04-26 00:00:00,MA_Crossover(35,44),9860.5,10644.25,10224.3457,10201.1727,23.173,1.0,1.0,86.7,86.7,10644.25,18456.75
2022-04-27 00:00:00,MA_Crossover(35,44),9865.5,10649.25,10212.9171,10198.9966,13.9206,1.0,1.0,5.0,5.0,10649.25,18461.75
2022-04-28 00:00:00,MA_Crossover(35,44),9700.0,10483.75,10199.2386,10194.2125,5.0261,1.0,1.0,-165.5,-165.5,10483.75,18296.25
2022-04-29 00:00:00,MA_Crossover(35,44),9772.5,10556.25,10193.3386,10191.0534,2.2852,1.0,1.0,72.5,72.5,10556.25,18368.75
2022-05-03 00:00:00,MA_Crossover(35,44),9407.75,10191.5,10173.6743,10179.4795,-5.8053,-1.0,1.0,-364.75,-364.75,10191.5,18004.0
2022-05-04 00:00:00,MA_Crossover(35,44),9468.0,10251.75,10154.1171,10169.2295,-15.1124,-1.0,-1.0,60.25,-60.25,-10251.75,17943.75
2022-05-05 00:00:00,MA_Crossover(35,44),9508.5,10292.25,10143.0886,10155.8886,-12.8001,-1.0,-1.0,40.5,-40.5,-10292.25,17903.25
2022-05-06 00:00:00,MA_Crossover(35,44),9414.0,10197.75,10129.3457,10138.0648,-8.7191,-1.0,-1.0,-94.5,94.5,-10197.75,17997.75
2022-05-09 00:00:00,MA_Crossover(35,44),9244.25,10028.0,10105.7814,10112.1273,-6.3458,-1.0,-1.0,-169.75,169.75,-10028.0,18167.5
2022-05-10 00:00:00,MA_Crossover(35,44),9239.0,10022.75,10076.8529,10078.9,-2.0471,-1.0,-1.0,-5.25,5.25,-10022.75,18172.75
2022-05-11 00:00:00,MA_Crossover(35,44),9361.0,10144.75,10048.8243,10058.3432,-9.5189,-1.0,-1.0,122.0,-122.0,-10144.75,18050.75
2022-05-12 00:00:00,MA_Crossover(35,44),9105.0,9888.75,10014.6371,10033.9398,-19.3026,-1.0,-1.0,-256.0,256.0,-9888.75,18306.75
2022-05-13 00:00:00,MA_Crossover(35,44),9185.0,9968.75,9983.7371,10015.8943,-32.1572,-1.0,-1.0,80.0,-80.0,-9968.75,18226.75
2022-05-16 00:00:00,MA_Crossover(35,44),9255.5,10039.25,9949.7229,9996.792,-47.0692,-1.0,-1.0,70.5,-70.5,-10039.25,18156.25
2022-05-17 00:00:00,MA_Crossover(35,44),9379.5,10159.75,9922.4943,9979.2239,-56.7296,-1.0,-1.0,120.5,-120.5,-10159.75,18035.75
2022-05-18 00:00:00,MA_Crossover(35,44),9246.1,10029.85,9893.6686,9964.4875,-70.8189,-1.0,-1.0,-129.9,129.9,-10029.85,18165.65
2022-05-19 00:00:00,MA_Crossover(35,44),9435.5,10216.25,9867.7686,9954.0443,-86.2757,-1.0,-1.0,186.4,-186.4,-10216.25,17979.25
2022-05-20 00:00:00,MA_Crossover(35,44),9441.0,10229.75,9842.6686,9939.7716,-97.103,-1.0,-1.0,13.5,-13.5,-10229.75,17965.75
2022-05-23 00:00:00,MA_Crossover(35,44),9568.5,10357.25,9819.84,9924.2489,-104.4089,-1.0,-1.0,127.5,-127.5,-10357.25,17838.25
2022-05-24 00:00:00,MA_Crossover(35,44),9459.0,10247.75,9793.74,9904.1807,-110.4407,-1.0,-1.0,-109.5,109.5,-10247.75,17947.75
2022-05-25 00:00:00,MA_Crossover(35,44),9375.0,10163.75,9765.9686,9883.1227,-117.1542,-1.0,-1.0,-84.0,84.0,-10163.75,18031.75
2022-05-26 00:00:00,MA_Crossover(35,44),9350.5,10139.25,9734.4043,9862.3045,-127.9003,-1.0,-1.0,-24.5,24.5,-10139.25,18056.25
2022-05-27 00:00:00,MA_Crossover(35,44),9459.5,10248.25,9706.4757,9839.8841,-133.4084,-1.0,-1.0,109.0,-109.0,-10248.25,17947.25
2022-05-30 00:00:00,MA_Crossover(35,44),9543.0,10331.75,9685.2257,9821.9409,-136.7152,-1.0,-1.0,83.5,-83.5,-10331.75,17863.75
2022-05-31 00:00:00,MA_Crossover(35,44),9451.5,10240.25,9661.14,9803.6795,-142.5395,-1.0,-1.0,-91.5,91.5,-10240.25,17955.25
2022-06-01 00:00:00,MA_Crossover(35,44),9504.5,10293.25,9638.2757,9784.6455,-146.3697,-1.0,-1.0,53.0,-53.0,-10293.25,17902.25
2022-06-06 00:00:00,MA_Crossover(35,44),9748.5,10537.25,9625.9114,9771.6682,-145.7568,-1.0,-1.0,244.0,-244.0,-10537.25,17658.25
2022-06-07 00:00:00,MA_Crossover(35,44),9704.25,10493.0,9608.0329,9756.5943,-148.5615,-1.0,-1.0,-44.25,44.25,-10493.0,17702.5
2022-06-08 00:00:00,MA_Crossover(35,44),9741.3,10530.05,9592.5271,9742.2489,-149.7217,-1.0,-1.0,37.05,-37.05,-10530.05,17665.45
2022-06-09 00:00:00,MA_Crossover(35,44),9622.1,10410.85,9573.23,9725.7739,-152.5439,-1.0,-1.0,-119.2,119.2,-10410.85,17784.65
2022-06-10 00:00:00,MA_Crossover(35,44),9448.0,10236.75,9549.2157,9702.8818,-153.6661,-1.0,-1.0,-174.1,174.1,-10236.75,17958.75
2022-06-13 00:00:00,MA_Crossover(35,44),9285.5,10074.25,9522.93,9676.7114,-153.7814,-1.0,-1.0,-162.5,162.5,-10074.25,18121.25
2022-06-14 00:00:00,MA_Crossover(35,44),9226.75,10010.0,9492.9586,9652.6205,-159.6619,-1.0,-1.0,-64.25,64.25,-10010.0,18185.5
2022-06-15 00:00:00,MA_Crossover(35,44),9232.0,10010.75,9468.0657,9628.4727,-160.407,-1.0,-1.0,0.75,-0.75,-10010.75,18184.75
2022-06-16 00:00:00,MA_Crossover(35,44),9081.25,9856.25,9448.2786,9600.6659,-152.3873,-1.0,-1.0,-154.5,154.5,-9856.25,18339.25
2022-06-17 00:00:00,MA_Crossover(35,44),8969.0,9750.75,9422.8071,9573.1148,-150.3076,-1.0,-1.0,-105.5,105.5,-9750.75,18444.75
2022-06-20 00:00:00,MA_Crossover(35,44),8992.25,9774.0,9397.8571,9542.7114,-144.8542,-1.0,-1.0,23.25,-23.25,-9774.0,18421.5
2022-06-21 00:00:00,MA_Crossover(35,44),9004.49,9786.24,9377.9854,9513.6316,-135.6462,-1.0,-1.0,12.24,-12.24,-9786.24,18409.26
2022-06-22 00:00:00,MA_Crossover(35,44),8785.5,9567.25,9349.7854,9479.268,-129.4825,-1.0,-1.0,-218.99,218.99,-9567.25,18628.25
2022-06-23 00:00:00,MA_Crossover(35,44),8415.0,9196.75,9321.4211,9436.6884,-115.2673,-1.0,-1.0,-370.5,370.5,-9196.75,18998.75
2022-06-24 00:00:00,MA_Crossover(35,44),8392.0,9173.75,9290.6783,9395.4725,-104.7942,-1.0,-1.0,-23.0,23.0,-9173.75,19021.75
2022-06-27 00:00:00,MA_Crossover(35,44),8430.25,9212.0,9259.8711,9353.5293,-93.6582,-1.0,-1.0,38.25,-38.25,-9212.0,18983.5
2022-06-28 00:00:00,MA_Crossover(35,44),8374.0,9155.75,9230.1569,9314.2282,-84.0713,-1.0,-1.0,-56.25,56.25,-9155.75,19039.75
2022-06-29 00:00:00,MA_Crossover(35,44),8411.0,9192.75,9206.3497,9283.2555,-76.9057,-1.0,-1.0,37.0,-37.0,-9192.75,19002.75
2022-06-30 00:00:00,MA_Crossover(35,44),8264.0,9045.75,9178.4926,9246.9714,-68.4788,-1.0,-1.0,-147.0,147.0,-9045.75,19149.75
2022-07-01 00:00:00,MA_Crossover(35,44),8050.25,8832.0,9141.0426,9205.7157,-64.6731,-1.0,-1.0,-213.75,213.75,-8832.0,19363.5
2022-07-04 00:00:00,MA_Crossover(35,44),8007.5,8789.25,9109.6854,9167.2498,-57.5643,-1.0,-1.0,-42.75,42.75,-8789.25,19406.25
2022-07-05 00:00:00,MA_Crossover(35,44),7666.75,8448.5,9066.3069,9119.3918,-53.085,-1.0,-1.0,-340.75,340.75,-8448.5,19747.0
2022-07-06 00:00:00,MA_Crossover(35,44),7517.25,8299.0,9016.6426,9076.4259,-59.7833,-1.0,-1.0,-149.5,149.5,-8299.0,19896.5
2022-07-07 00:00:00,MA_Crossover(35,44),7826.0,8607.75,8972.2569,9039.1077,-66.8509,-1.0,-1.0,308.75,-308.75,-8607.75,19587.75
2022-07-08 00:00:00,MA_Crossover(35,44),7799.5,8581.25,8930.9254,9000.2668,-69.3414,-1.0,-1.0,-26.5,26.5,-8581.25,19614.25
2022-07-11 00:00:00,MA_Crossover(35,44),7578.75,8360.5,8877.8754,8958.5566,-80.6812,-1.0,-1.0,-220.75,220.75,-8360.5,19835.0
2022-07-12 00:00:00,MA_Crossover(35,44),7341.0,8122.75,8817.8754,8915.3009,-97.4255,-1.0,-1.0,-237.75,237.75,-8122.75,20072.75
2022-07-13 00:00:00,MA_Crossover(35,44),7315.5,8097.25,8753.504,8871.585,-118.081,-1.0,-1.0,-25.5,25.5,-8097.25,20098.25
2022-07-14 00:00:00,MA_Crossover(35,44),7162.0,7943.75,8687.8754,8821.6077,-133.7323,-1.0,-1.0,-153.5,153.5,-7943.75,20251.75
2022-07-15 00:00:00,MA_Crossover(35,44),7179.25,7961.0,8625.1397,8777.8407,-152.701,-1.0,-1.0,17.25,-17.25,-7961.0,20234.5
2022-07-18 00:00:00,MA_Crossover(35,44),7411.0,8192.75,8569.7254,8737.5225,-167.7971,-1.0,-1.0,231.75,-231.75,-8192.75,20002.75
2022-07-19 00:00:00,MA_Crossover(35,44),7271.5,8045.75,8507.2111,8692.4316,-185.2204,-1.0,-1.0,-147.0,147.0,-8045.75,20149.75
2022-07-20 00:00:00,MA_Crossover(35,44),7377.0,8150.75,8445.3254,8646.9202,-201.5948,-1.0,-1.0,105.0,-105.0,-8150.75,20044.75
2022-07-21 00:00:00,MA_Crossover(35,44),7320.0,8093.25,8384.4254,8603.1452,-218.7198,-1.0,-1.0,-57.5,57.5,-8093.25,20102.25
2022-07-22 00:00:00,MA_Crossover(35,44),7449.0,8217.25,8325.6969,8557.9975,-232.3006,-1.0,-1.0,124.0,-124.0,-8217.25,19978.25
2022-07-25 00:00:00,MA_Crossover(35,44),7479.25,8247.5,8260.8611,8513.4123,-252.5511,-1.0,-1.0,30.25,-30.25,-8247.5,19948.0
2022-07-26 00:00:00,MA_Crossover(35,44),7536.25,8304.5,8198.9183,8467.2248,-268.3065,-1.0,-1.0,57.0,-57.0,-8304.5,19891.0
2022-07-27 00:00:00,MA_Crossover(35,44),7639.25,8407.5,8138.8597,8425.8668,-287.0071,-1.0,-1.0,103.0,-103.0,-8407.5,19788.0
2022-07-28 00:00:00,MA_Crossover(35,44),7770.75,8539.0,8085.964,8389.4066,-303.4426,-1.0,-1.0,131.5,-131.5,-8539.0,19656.5
2022-07-29 00:00:00,MA_Crossover(35,44),7931.25,8699.5,8042.6283,8357.1509,-314.5226,-1.0,-1.0,160.5,-160.5,-8699.5,19496.0
2022-08-01 00:00:00,MA_Crossover(35,44),7826.75,8595.0,8000.9497,8320.043,-319.0932,-1.0,-1.0,-104.5,104.5,-8595.0,19600.5
2022-08-02 00:00:00,MA_Crossover(35,44),7814.75,8583.0,7960.6069,8280.7645,-320.1577,-1.0,-1.0,-12.0,12.0,-8583.0,19612.5
2022-08-03 00:00:00,MA_Crossover(35,44),7680.75,8449.0,7916.2854,8240.5202,-324.2348,-1.0,-1.0,-134.0,134.0,-8449.0,19746.5
2022-08-04 00:00:00,MA_Crossover(35,44),7726.25,8494.5,7877.5711,8200.1055,-322.5343,-1.0,-1.0,45.5,-45.5,-8494.5,19701.0
2022-08-05 00:00:00,MA_Crossover(35,44),7870.0,8638.25,7846.1711,8157.4123,-311.2411,-1.0,-1.0,143.75,-143.75,-8638.25,19557.25
2022-08-08 00:00:00,MA_Crossover(35,44),7989.75,8758.0,7817.5283,8118.4464,-300.9181,-1.0,-1.0,119.75,-119.75,-8758.0,19437.5
2022-08-09 00:00:00,MA_Crossover(35,44),7984.5,8752.75,7788.3857,8078.5191,-290.1334,-1.0,-1.0,-5.25,5.25,-8752.75,19442.75
2022-08-10 00:00:00,MA_Crossover(35,44),8084.98,8853.23,7768.3709,8043.5845,-275.2137,-1.0,-1.0,100.48,-100.48,-8853.23,19342.27
2022-08-11 00:00:00,MA_Crossover(35,44),8167.0,8935.25,7761.2851,8014.4709,-253.1858,-1.0,-1.0,82.02,-82.02,-8935.25,19260.25
2022-08-12 00:00:00,MA_Crossover(35,44),8086.0,8854.25,7752.5423,7987.2095,-234.6673,-1.0,-1.0,-81.0,81.0,-8854.25,19341.25
2022-08-15 00:00:00,MA_Crossover(35,44),7972.0,8740.25,7739.4494,7958.6925,-219.2431,-1.0,-1.0,-114.0,114.0,-8740.25,19455.25
2022-08-16 00:00:00,MA_Crossover(35,44),7983.0,8741.25,7728.278,7930.3061,-202.0281,-1.0,-1.0,1.0,-1.0,-8741.25,19454.25
2022-08-17 00:00:00,MA_Crossover(35,44),7933.25,8689.75,7714.628,7904.2152,-189.5872,-1.0,-1.0,-51.5,51.5,-8689.75,19505.75
2022-08-18 00:00:00,MA_Crossover(35,44),8048.25,8802.25,7708.4637,7883.2891,-174.8254,-1.0,-1.0,112.5,-112.5,-8802.25,19393.25
2022-08-19 00:00:00,MA_Crossover(35,44),8099.75,8858.25,7709.878,7863.005,-153.127,-1.0,-1.0,56.0,-56.0,-8858.25,19337.25
2022-08-22 00:00:00,MA_Crossover(35,44),8071.0,8829.5,7711.6923,7841.7893,-130.097,-1.0,-1.0,-28.75,28.75,-8829.5,19366.0
2022-08-23 00:00:00,MA_Crossover(35,44),8166.25,8924.75,7725.9637,7827.7155,-101.7517,-1.0,-1.0,95.25,-95.25,-8924.75,19270.75
2022-08-24 00:00:00,MA_Crossover(35,44),8061.5,8820.0,7741.5137,7819.6814,-78.1676,-1.0,-1.0,-104.75,104.75,-8820.0,19375.5
2022-08-25 00:00:00,MA_Crossover(35,44),8166.0,8924.5,7751.228,7814.545,-63.317,-1.0,-1.0,104.5,-104.5,-8924.5,19271.0
2022-08-26 00:00:00,MA_Crossover(35,44),8193.25,8951.75,7762.478,7809.1586,-46.6806,-1.0,-1.0,27.25,-27.25,-8951.75,19243.75
2022-08-30 00:00:00,MA_Crossover(35,44),7893.0,8651.5,7771.4566,7798.2268,-26.7702,-1.0,-1.0,-300.25,300.25,-8651.5,19544.0
2022-08-31 00:00:00,MA_Crossover(35,44),7847.5,8606.0,7785.928,7785.42,0.508,1.0,-1.0,-45.5,45.5,-8606.0,19589.5
2022-09-01 00:00:00,MA_Crossover(35,44),7652.0,8410.5,7795.5423,7771.5109,24.0314,1.0,1.0,-195.5,-195.5,8410.5,19394.0
2022-09-02 00:00:00,MA_Crossover(35,44),7694.0,8452.5,7810.7423,7763.4143,47.328,1.0,1.0,42.0,42.0,8452.5,19436.0
2022-09-05 00:00:00,MA_Crossover(35,44),7731.0,8489.5,7826.5066,7757.1302,69.3763,1.0,1.0,37.0,37.0,8489.5,19473.0
2022-09-06 00:00:00,MA_Crossover(35,44),7751.0,8509.5,7836.2209,7759.045,77.1759,1.0,1.0,20.0,20.0,8509.5,19493.0
2022-09-07 00:00:00,MA_Crossover(35,44),7700.0,8458.5,7848.4637,7763.1984,85.2653,1.0,1.0,-51.0,-51.0,8458.5,19442.0
2022-09-08 00:00:00,MA_Crossover(35,44),7921.5,8680.0,7864.0209,7765.3689,98.652,1.0,1.0,221.5,221.5,8680.0,19663.5
2022-09-09 00:00:00,MA_Crossover(35,44),7930.5,8689.0,7881.4637,7768.3461,113.1176,1.0,1.0,9.0,9.0,8689.0,19672.5
2022-09-12 00:00:00,MA_Crossover(35,44),8084.5,8843.0,7899.6209,7779.8405,119.7804,1.0,1.0,154.0,154.0,8843.0,19826.5
2022-09-13 00:00:00,MA_Crossover(35,44),8000.5,8759.0,7914.5137,7794.8291,119.6846,1.0,1.0,-84.0,-84.0,8759.0,19742.5
2022-09-14 00:00:00,MA_Crossover(35,44),7899.5,8658.0,7924.8923,7808.1018,116.7905,1.0,1.0,-101.0,-101.0,8658.0,19641.5
2022-09-15 00:00:00,MA_Crossover(35,44),7851.5,8610.0,7930.9566,7823.7723,107.1843,1.0,1.0,-48.0,-48.0,8610.0,19593.5
2022-09-16 00:00:00,MA_Crossover(35,44),7870.0,8628.5,7933.7923,7839.4711,94.3211,1.0,1.0,18.5,18.5,8628.5,19612.0
2022-09-19 00:00:00,MA_Crossover(35,44),7826.5,8585.0,7930.7994,7848.9143,81.8851,1.0,1.0,-43.5,-43.5,8585.0,19568.5
2022-09-20 00:00:00,MA_Crossover(35,44),7824.0,8557.5,7930.7209,7861.4711,69.2497,1.0,1.0,-27.5,-27.5,8557.5,19541.0
2022-09-21 00:00:00,MA_Crossover(35,44),7757.0,8492.5,7929.0709,7870.1075,58.9634,1.0,1.0,-65.0,-65.0,8492.5,19476.0
2022-09-22 00:00:00,MA_Crossover(35,44),7749.0,8485.5,7931.0209,7879.8575,51.1634,1.0,1.0,-7.0,-7.0,8485.5,19469.0
2022-09-23 00:00:00,MA_Crossover(35,44),7532.0,8300.5,7925.4709,7881.7439,43.727,1.0,1.0,-185.0,-185.0,8300.5,19284.0
2022-09-26 00:00:00,MA_Crossover(35,44),7441.5,8210.0,7913.228,7880.8859,32.3421,1.0,1.0,-90.5,-90.5,8210.0,19193.5
2022-09-27 00:00:00,MA_Crossover(35,44),7433.0,8201.5,7897.3209,7878.5393,18.7815,1.0,1.0,-8.5,-8.5,8201.5,19185.0
2022-09-28 00:00:00,MA_Crossover(35,44),7529.5,8298.0,7884.3209,7876.045,8.2759,1.0,1.0,96.5,96.5,8298.0,19281.5
2022-09-29 00:00:00,MA_Crossover(35,44),7654.0,8422.5,7872.0071,7873.3916,-1.3844,-1.0,1.0,124.5,124.5,8422.5,19406.0
2022-09-30 00:00:00,MA_Crossover(35,44),7688.0,8456.5,7858.3214,7867.8632,-9.5418,-1.0,-1.0,34.0,-34.0,-8456.5,19372.0
2022-10-03 00:00:00,MA_Crossover(35,44),7615.5,8384.0,7844.8786,7863.062,-18.1835,-1.0,-1.0,-72.5,72.5,-8384.0,19444.5
2022-10-04 00:00:00,MA_Crossover(35,44),7814.5,8583.0,7840.3786,7863.0564,-22.6778,-1.0,-1.0,199.0,-199.0,-8583.0,19245.5
2022-10-05 00:00:00,MA_Crossover(35,44),7740.5,8509.0,7833.45,7864.4143,-30.9643,-1.0,-1.0,-74.0,74.0,-8509.0,19319.5
2022-10-06 00:00:00,MA_Crossover(35,44),7659.5,8428.0,7825.6286,7862.8973,-37.2687,-1.0,-1.0,-81.0,81.0,-8428.0,19400.5
2022-10-07 00:00:00,MA_Crossover(35,44),7517.5,8286.0,7810.4643,7854.8859,-44.4216,-1.0,-1.0,-142.0,142.0,-8286.0,19542.5
2022-10-10 00:00:00,MA_Crossover(35,44),7645.75,8414.25,7797.4929,7847.0677,-49.5749,-1.0,-1.0,128.25,-128.25,-8414.25,19414.25
2022-10-11 00:00:00,MA_Crossover(35,44),7666.5,8435.0,7785.9357,7839.8405,-53.9047,-1.0,-1.0,20.75,-20.75,-8435.0,19393.5
2022-10-12 00:00:00,MA_Crossover(35,44),7638.0,8406.5,7770.8429,7829.6818,-58.839,-1.0,-1.0,-28.5,28.5,-8406.5,19422.0
2022-10-13 00:00:00,MA_Crossover(35,44),7666.5,8435.0,7759.5571,7818.3068,-58.7497,-1.0,-1.0,28.5,-28.5,-8435.0,19393.5
2022-10-14 00:00:00,MA_Crossover(35,44),7652.0,8420.5,7744.8714,7808.4432,-63.5718,-1.0,-1.0,-14.5,14.5,-8420.5,19408.0
2022-10-17 00:00:00,MA_Crossover(35,44),7642.5,8411.0,7729.1357,7800.9545,-71.8188,-1.0,-1.0,-9.5,9.5,-8411.0,19417.5
2022-10-18 00:00:00,MA_Crossover(35,44),7490.0,8224.5,7717.6214,7789.75,-72.1286,-1.0,-1.0,-186.5,186.5,-8224.5,19604.0
2022-10-19 00:00:00,MA_Crossover(35,44),7461.75,8194.25,7706.6,7779.0341,-72.4341,-1.0,-1.0,-30.25,30.25,-8194.25,19634.25
2022-10-20 00:00:00,MA_Crossover(35,44),7650.5,8382.0,7706.5571,7769.9943,-63.4372,-1.0,-1.0,187.75,-187.75,-8382.0,19446.5
2022-10-21 00:00:00,MA_Crossover(35,44),7719.25,8488.75,7707.2786,7761.3466,-54.068,-1.0,-1.0,106.75,-106.75,-8488.75,19339.75
2022-10-24 00:00:00,MA_Crossover(35,44),7669.0,8438.5,7705.5071,7752.2102,-46.7031,-1.0,-1.0,-50.25,50.25,-8438.5,19390.0
2022-10-25 00:00:00,MA_Crossover(35,44),7621.0,8390.5,7701.7929,7739.8182,-38.0253,-1.0,-1.0,-48.0,48.0,-8390.5,19438.0
2022-10-26 00:00:00,MA_Crossover(35,44),7884.0,8653.5,7707.05,7735.7841,-28.7341,-1.0,-1.0,263.0,-263.0,-8653.5,19175.0
2022-10-27 00:00:00,MA_Crossover(35,44),7843.25,8612.75,7704.8143,7728.4489,-23.6346,-1.0,-1.0,-40.75,40.75,-8612.75,19215.75
2022-10-28 00:00:00,MA_Crossover(35,44),7629.0,8398.5,7696.2,7715.625,-19.425,-1.0,-1.0,-214.25,214.25,-8398.5,19430.0
2022-10-31 00:00:00,MA_Crossover(35,44),7531.0,8300.5,7680.3857,7707.3977,-27.012,-1.0,-1.0,-98.0,98.0,-8300.5,19528.0
2022-11-01 00:00:00,MA_Crossover(35,44),7726.5,8496.0,7672.5571,7704.6477,-32.0906,-1.0,-1.0,195.5,-195.5,-8496.0,19332.5
2022-11-02 00:00:00,MA_Crossover(35,44),7672.75,8442.25,7666.0786,7705.1193,-39.0407,-1.0,-1.0,-53.75,53.75,-8442.25,19386.25
2022-11-03 00:00:00,MA_Crossover(35,44),7607.0,8376.5,7659.0929,7703.142,-44.0492,-1.0,-1.0,-65.75,65.75,-8376.5,19452.0
2022-11-04 00:00:00,MA_Crossover(35,44),8144.0,8913.5,7666.9214,7712.5284,-45.607,-1.0,-1.0,537.0,-537.0,-8913.5,18915.0
2022-11-07 00:00:00,MA_Crossover(35,44),7932.75,8702.25,7669.9571,7716.6591,-46.7019,-1.0,-1.0,-211.25,211.25,-8702.25,19126.25
2022-11-08 00:00:00,MA_Crossover(35,44),8135.0,8904.5,7678.8429,7726.5455,-47.7026,-1.0,-1.0,202.25,-202.25,-8904.5,18924.0
2022-11-09 00:00:00,MA_Crossover(35,44),8116.25,8885.75,7689.1071,7730.9716,-41.8644,-1.0,-1.0,-18.75,18.75,-8885.75,18942.75
2022-11-10 00:00:00,MA_Crossover(35,44),8284.0,9053.5,7704.3929,7739.0057,-34.6128,-1.0,-1.0,167.75,-167.75,-9053.5,18775.0
2022-11-11 00:00:00,MA_Crossover(35,44),8502.9,9272.4,7732.1329,7748.5148,-16.3819,-1.0,-1.0,218.9,-218.9,-9272.4,18556.1
2022-11-14 00:00:00,MA_Crossover(35,44),8356.0,9125.5,7758.2614,7756.5943,1.6671,1.0,-1.0,-146.9,146.9,-9125.5,18703.0
2022-11-15 00:00:00,MA_Crossover(35,44),8370.25,9127.75,7785.04,7767.2932,17.7468,1.0,1.0,2.25,2.25,9127.75,18705.25
2022-11-16 00:00:00,MA_Crossover(35,44),8284.25,9044.75,7806.6043,7777.1284,29.4759,1.0,1.0,-83.0,-83.0,9044.75,18622.25
2022-11-17 00:00:00,MA_Crossover(35,44),8095.0,8859.0,7819.2043,7782.242,36.9622,1.0,1.0,-185.75,-185.75,8859.0,18436.5
2022-11-18 00:00:00,MA_Crossover(35,44),8065.5,8817.0,7829.99,7787.6739,42.3161,1.0,1.0,-42.0,-42.0,8817.0,18394.5
2022-11-21 00:00:00,MA_Crossover(35,44),7864.0,8615.5,7837.09,7788.583,48.507,1.0,1.0,-201.5,-201.5,8615.5,18193.0
2022-11-22 00:00:00,MA_Crossover(35,44),7996.25,8747.75,7842.2829,7794.0205,48.2624,1.0,1.0,132.25,132.25,8747.75,18325.25
2022-11-23 00:00:00,MA_Crossover(35,44),7986.0,8737.5,7849.2971,7799.4068,49.8903,1.0,1.0,-10.25,-10.25,8737.5,18315.0
2022-11-24 00:00:00,MA_Crossover(35,44),8023.0,8774.5,7859.6829,7810.5659,49.1169,1.0,1.0,37.0,37.0,8774.5,18352.0
2022-11-25 00:00:00,MA_Crossover(35,44),7992.0,8743.5,7873.24,7823.0773,50.1627,1.0,1.0,-31.0,-31.0,8743.5,18321.0
2022-11-28 00:00:00,MA_Crossover(35,44),7948.75,8700.25,7881.8971,7834.7989,47.0983,1.0,1.0,-43.25,-43.25,8700.25,18277.75
2022-11-29 00:00:00,MA_Crossover(35,44),8045.5,8797.0,7892.7257,7846.5261,46.1996,1.0,1.0,96.75,96.75,8797.0,18374.5
2022-11-30 00:00:00,MA_Crossover(35,44),8239.75,8991.25,7909.9186,7859.8386,50.0799,1.0,1.0,194.25,194.25,8991.25,18568.75
2022-12-01 00:00:00,MA_Crossover(35,44),8322.5,9074.0,7928.6614,7874.2591,54.4023,1.0,1.0,82.75,82.75,9074.0,18651.5
2022-12-02 00:00:00,MA_Crossover(35,44),8442.0,9193.5,7951.2329,7893.0432,58.1897,1.0,1.0,119.5,119.5,9193.5,18771.0
2022-12-05 00:00:00,MA_Crossover(35,44),8364.5,9116.0,7971.8614,7905.5432,66.3182,1.0,1.0,-77.5,-77.5,9116.0,18693.5
2022-12-06 00:00:00,MA_Crossover(35,44),8395.0,9146.5,7997.7186,7920.4182,77.3004,1.0,1.0,30.5,30.5,9146.5,18724.0
2022-12-07 00:00:00,MA_Crossover(35,44),8439.0,9190.5,8025.64,7938.1341,87.5059,1.0,1.0,44.0,44.0,9190.5,18768.0
2022-12-08 00:00:00,MA_Crossover(35,44),8532.75,9284.25,8050.8471,7961.208,89.6392,1.0,1.0,93.75,93.75,9284.25,18861.75
2022-12-09 00:00:00,MA_Crossover(35,44),8518.0,9269.5,8073.6686,7981.0318,92.6368,1.0,1.0,-14.75,-14.75,9269.5,18847.0
2022-12-12 00:00:00,MA_Crossover(35,44),8339.25,9090.75,8092.8186,7996.3216,96.497,1.0,1.0,-178.75,-178.75,9090.75,18668.25
2022-12-13 00:00:00,MA_Crossover(35,44),8459.25,9210.75,8116.7686,8014.9864,101.7822,1.0,1.0,120.0,120.0,9210.75,18788.25
2022-12-14 00:00:00,MA_Crossover(35,44),8486.0,9237.5,8133.9686,8033.6114,100.3572,1.0,1.0,26.75,26.75,9237.5,18815.0
2022-12-15 00:00:00,MA_Crossover(35,44),8255.5,9007.0,8145.7471,8047.3273,98.4199,1.0,1.0,-230.5,-230.5,9007.0,18584.5
2022-12-16 00:00:00,MA_Crossover(35,44),8235.25,8986.75,8163.0686,8060.7989,102.2697,1.0,1.0,-20.25,-20.25,8986.75,18564.25
2022-12-19 00:00:00,MA_Crossover(35,44),8303.25,9054.75,8185.1329,8079.2818,105.851,1.0,1.0,68.0,68.0,9054.75,18632.25
2022-12-20 00:00:00,MA_Crossover(35,44),8349.75,9093.25,8202.94,8099.4636,103.4764,1.0,1.0,38.5,38.5,9093.25,18670.75
2022-12-21 00:00:00,MA_Crossover(35,44),8390.5,9133.0,8223.4471,8116.2818,107.1653,1.0,1.0,39.75,39.75,9133.0,18710.5
2022-12-22 00:00:00,MA_Crossover(35,44),8305.0,9048.5,8243.39,8129.5943,113.7957,1.0,1.0,-84.5,-84.5,9048.5,18626.0
2022-12-23 00:00:00,MA_Crossover(35,44),8344.0,9083.5,8249.1043,8144.9352,104.1691,1.0,1.0,35.0,35.0,9083.5,18661.0
2022-12-28 00:00:00,MA_Crossover(35,44),8445.0,9184.5,8263.74,8163.6625,100.0775,1.0,1.0,101.0,101.0,9184.5,18762.0
2022-12-29 00:00:00,MA_Crossover(35,44),8419.5,9159.0,8271.8686,8175.833,96.0356,1.0,1.0,-25.5,-25.5,9159.0,18736.5
2022-12-30 00:00:00,MA_Crossover(35,44),8373.01,9112.51,8279.2046,8187.873,91.3316,1.0,1.0,-46.49,-46.49,9112.51,18690.01
2023-01-03 00:00:00,MA_Crossover(35,44),8318.0,9057.5,8280.176,8203.532,76.644,1.0,1.0,-55.01,-55.01,9057.5,18635.0
2023-01-04 00:00:00,MA_Crossover(35,44),8247.0,8986.5,8272.8646,8219.8048,53.0598,1.0,1.0,-71.0,-71.0,8986.5,18564.0
2023-01-05 00:00:00,MA_Crossover(35,44),8371.25,9110.75,8273.3003,8234.4582,38.8421,1.0,1.0,124.25,124.25,9110.75,18688.25
2023-01-06 00:00:00,MA_Crossover(35,44),8578.65,9318.15,8279.2546,8255.0468,24.2078,1.0,1.0,207.4,207.4,9318.15,18895.65
2023-01-09 00:00:00,MA_Crossover(35,44),8843.0,9582.5,8295.2189,8283.1377,12.0811,1.0,1.0,264.35,264.35,9582.5,19160.0
2023-01-10 00:00:00,MA_Crossover(35,44),8898.5,9638.0,8318.176,8300.2855,17.8905,1.0,1.0,55.5,55.5,9638.0,19215.5
2023-01-11 00:00:00,MA_Crossover(35,44),9115.0,9854.5,8348.1617,8327.1548,21.0069,1.0,1.0,216.5,216.5,9854.5,19432.0
2023-01-12 00:00:00,MA_Crossover(35,44),9170.5,9910.0,8385.4903,8350.6889,34.8014,1.0,1.0,55.5,55.5,9910.0,19487.5
2023-01-13 00:00:00,MA_Crossover(35,44),9170.0,9909.5,8419.026,8374.6377,44.3883,1.0,1.0,-0.5,-0.5,9909.5,19487.0
2023-01-16 00:00:00,MA_Crossover(35,44),9088.19,9827.69,8450.5171,8392.9148,57.6024,1.0,1.0,-81.81,-81.81,9827.69,19405.19
2023-01-17 00:00:00,MA_Crossover(35,44),9286.0,10017.5,8486.6029,8410.7125,75.8904,1.0,1.0,189.81,189.81,10017.5,19595.0
2023-01-18 00:00:00,MA_Crossover(35,44),9329.0,10057.0,8524.8029,8432.8261,91.9767,1.0,1.0,39.5,39.5,10057.0,19634.5
2023-01-19 00:00:00,MA_Crossover(35,44),9307.5,10038.5,8563.6243,8454.1273,109.497,1.0,1.0,-18.5,-18.5,10038.5,19616.0
2023-01-20 00:00:00,MA_Crossover(35,44),9319.76,10049.76,8600.0317,8477.6616,122.3701,1.0,1.0,11.26,11.26,10049.76,19627.26
2023-01-23 00:00:00,MA_Crossover(35,44),9347.77,10077.77,8631.6894,8506.1336,125.5558,1.0,1.0,28.01,28.01,10077.77,19655.27
2023-01-24 00:00:00,MA_Crossover(35,44),9306.0,10036.0,8659.7894,8534.3268,125.4626,1.0,1.0,-41.77,-41.77,10036.0,19613.5
2023-01-25 00:00:00,MA_Crossover(35,44),9304.5,10034.5,8684.4323,8567.0655,117.3668,1.0,1.0,-1.5,-1.5,10034.5,19612.0
2023-01-26 00:00:00,MA_Crossover(35,44),9320.5,10050.5,8711.7466,8597.162,114.5845,1.0,1.0,16.0,16.0,10050.5,19628.0
2023-01-27 00:00:00,MA_Crossover(35,44),9255.74,9985.74,8736.3391,8626.0198,110.3194,1.0,1.0,-64.76,-64.76,9985.74,19563.24
2023-01-30 00:00:00,MA_Crossover(35,44),9200.35,9930.35,8758.092,8652.7777,105.3143,1.0,1.0,-55.39,-55.39,9930.35,19507.85
2023-01-31 00:00:00,MA_Crossover(35,44),9210.8,9940.8,8777.4649,8680.4777,96.9871,1.0,1.0,10.45,10.45,9940.8,19518.3
2023-02-01 00:00:00,MA_Crossover(35,44),9072.75,9802.75,8793.3149,8706.0232,87.2917,1.0,1.0,-138.05,-138.05,9802.75,19380.25
2023-02-02 00:00:00,MA_Crossover(35,44),9039.25,9769.25,8813.3149,8728.6084,84.7064,1.0,1.0,-33.5,-33.5,9769.25,19346.75
2023-02-03 00:00:00,MA_Crossover(35,44),8962.25,9692.25,8827.6863,8745.0289,82.6574,1.0,1.0,-77.0,-77.0,9692.25,19269.75
2023-02-06 00:00:00,MA_Crossover(35,44),8848.25,9578.25,8838.0363,8756.9777,81.0586,1.0,1.0,-114.0,-114.0,9578.25,19155.75
2023-02-07 00:00:00,MA_Crossover(35,44),8902.5,9632.5,8856.522,8767.4436,89.0784,1.0,1.0,54.25,54.25,9632.5,19210.0
2023-02-08 00:00:00,MA_Crossover(35,44),8871.76,9601.76,8874.708,8778.9723,95.7357,1.0,1.0,-30.74,-30.74,9601.76,19179.26
2023-02-09 00:00:00,MA_Crossover(35,44),8955.5,9685.5,8893.3437,8791.7109,101.6328,1.0,1.0,83.74,83.74,9685.5,19263.0
2023-02-10 00:00:00,MA_Crossover(35,44),8830.26,9560.26,8907.0726,8800.6032,106.4694,1.0,1.0,-125.24,-125.24,9560.26,19137.76
2023-02-13 00:00:00,MA_Crossover(35,44),8916.5,9646.5,8922.1011,8809.3248,112.7764,1.0,1.0,86.24,86.24,9646.5,19224.0
2023-02-14 00:00:00,MA_Crossover(35,44),8935.5,9661.5,8940.1154,8818.8134,121.302,1.0,1.0,15.0,15.0,9661.5,19239.0
2023-02-15 00:00:00,MA_Crossover(35,44),8845.5,9571.5,8954.444,8830.3191,124.1249,1.0,1.0,-90.0,-90.0,9571.5,19149.0
2023-02-16 00:00:00,MA_Crossover(35,44),9010.5,9737.75,8970.6011,8842.8475,127.7536,1.0,1.0,166.25,166.25,9737.75,19315.25
2023-02-17 00:00:00,MA_Crossover(35,44),8974.25,9694.75,8986.4511,8853.9441,132.5071,1.0,1.0,-43.0,-43.0,9694.75,19272.25
2023-02-20 00:00:00,MA_Crossover(35,44),9133.75,9854.25,9008.1866,8873.9043,134.2823,1.0,1.0,159.5,159.5,9854.25,19431.75
2023-02-21 00:00:00,MA_Crossover(35,44),9198.5,9919.0,9033.3437,8895.7964,137.5474,1.0,1.0,64.75,64.75,9919.0,19496.5
2023-02-22 00:00:00,MA_Crossover(35,44),9116.0,9836.5,9058.1723,8914.268,143.9043,1.0,1.0,-82.5,-82.5,9836.5,19414.0
2023-02-23 00:00:00,MA_Crossover(35,44),8898.99,9619.49,9073.2506,8926.7507,146.4999,1.0,1.0,-217.01,-217.01,9619.49,19196.99
2023-02-24 00:00:00,MA_Crossover(35,44),8705.5,9426.0,9076.8749,8933.9098,142.9651,1.0,1.0,-193.49,-193.49,9426.0,19003.5
2023-02-27 00:00:00,MA_Crossover(35,44),8795.5,9516.0,9075.5177,8945.0575,130.4602,1.0,1.0,90.0,90.0,9516.0,19093.5
2023-02-28 00:00:00,MA_Crossover(35,44),8959.0,9679.5,9077.2463,8959.0348,118.2115,1.0,1.0,163.5,163.5,9679.5,19257.0
2023-03-01 00:00:00,MA_Crossover(35,44),9096.5,9817.0,9076.7177,8973.8416,102.8761,1.0,1.0,137.5,137.5,9817.0,19394.5
2023-03-02 00:00:00,MA_Crossover(35,44),8942.6,9663.1,9070.2063,8985.7302,84.4761,1.0,1.0,-153.9,-153.9,9663.1,19240.6
2023-03-03 00:00:00,MA_Crossover(35,44),8965.5,9686.0,9064.3634,8999.1959,65.1675,1.0,1.0,22.9,22.9,9686.0,19263.5
2023-03-06 00:00:00,MA_Crossover(35,44),8902.75,9623.25,9059.0651,9012.4857,46.5795,1.0,1.0,-62.75,-62.75,9623.25,19200.75
2023-03-07 00:00:00,MA_Crossover(35,44),8743.5,9464.0,9043.5651,9023.7698,19.7954,1.0,1.0,-159.25,-159.25,9464.0,19041.5
2023-03-08 00:00:00,MA_Crossover(35,44),8892.0,9612.5,9031.0794,9035.605,-4.5256,-1.0,1.0,148.5,148.5,9612.5,19190.0
2023-03-09 00:00:00,MA_Crossover(35,44),8834.05,9554.55,9017.5523,9041.4095,-23.8573,-1.0,-1.0,-57.95,57.95,-9554.55,19247.95
2023-03-10 00:00:00,MA_Crossover(35,44),8848.0,9568.5,9004.0734,9041.5232,-37.4498,-1.0,-1.0,13.95,-13.95,-9568.5,19234.0
2023-03-13 00:00:00,MA_Crossover(35,44),8918.25,9638.75,8991.8014,9041.972,-50.1706,-1.0,-1.0,70.25,-70.25,-9638.75,19163.75
2023-03-14 00:00:00,MA_Crossover(35,44),8827.0,9539.0,8978.1157,9035.4266,-57.3109,-1.0,-1.0,-99.75,99.75,-9539.0,19263.5
2023-03-15 00:00:00,MA_Crossover(35,44),8498.75,9208.25,8955.0943,9020.1595,-65.0653,-1.0,-1.0,-330.75,330.75,-9208.25,19594.25
2023-03-16 00:00:00,MA_Crossover(35,44),8516.75,9222.75,8932.13,9005.313,-73.183,-1.0,-1.0,14.5,-14.5,-9222.75,19579.75
2023-03-17 00:00:00,MA_Crossover(35,44),8580.25,9288.75,8912.8303,8993.7689,-80.9386,-1.0,-1.0,66.0,-66.0,-9288.75,19513.75
2023-03-20 00:00:00,MA_Crossover(35,44),8701.25,9409.75,8898.5703,8980.4791,-81.9088,-1.0,-1.0,121.0,-121.0,-9409.75,19392.75
2023-03-21 00:00:00,MA_Crossover(35,44),8762.25,9470.75,8885.7546,8967.5984,-81.8438,-1.0,-1.0,61.0,-61.0,-9470.75,19331.75
2023-03-22 00:00:00,MA_Crossover(35,44),8899.5,9608.0,8880.8046,8958.3257,-77.5211,-1.0,-1.0,137.25,-137.25,-9608.0,19194.5
2023-03-23 00:00:00,MA_Crossover(35,44),9038.0,9746.5,8880.7689,8951.922,-71.1532,-1.0,-1.0,138.5,-138.5,-9746.5,19056.0
2023-03-24 00:00:00,MA_Crossover(35,44),8921.75,9630.25,8879.6117,8942.2398,-62.6281,-1.0,-1.0,-116.25,116.25,-9630.25,19172.25
2023-03-27 00:00:00,MA_Crossover(35,44),8963.25,9671.75,8882.8974,8934.45,-51.5526,-1.0,-1.0,41.5,-41.5,-9671.75,19130.75
2023-03-28 00:00:00,MA_Crossover(35,44),8976.25,9684.75,8885.0046,8926.9898,-41.9852,-1.0,-1.0,13.0,-13.0,-9684.75,19117.75
2023-03-29 00:00:00,MA_Crossover(35,44),9005.75,9714.25,8888.8329,8919.8364,-31.0035,-1.0,-1.0,29.5,-29.5,-9714.25,19088.25
2023-03-30 00:00:00,MA_Crossover(35,44),9000.25,9708.75,8890.1114,8914.0298,-23.9183,-1.0,-1.0,-5.5,5.5,-9708.75,19093.75
2023-03-31 00:00:00,MA_Crossover(35,44),8994.5,9703.0,8894.804,8909.3514,-14.5474,-1.0,-1.0,-5.75,5.75,-9703.0,19099.5
2023-04-03 00:00:00,MA_Crossover(35,44),8915.0,9623.5,8894.7611,8902.6286,-7.8675,-1.0,-1.0,-79.5,79.5,-9623.5,19179.0
2023-04-04 00:00:00,MA_Crossover(35,44),8743.75,9452.25,8889.2826,8895.1514,-5.8688,-1.0,-1.0,-171.25,171.25,-9452.25,19350.25
2023-04-05 00:00:00,MA_Crossover(35,44),8781.75,9490.25,8887.4611,8889.2991,-1.8379,-1.0,-1.0,38.0,-38.0,-9490.25,19312.25
2023-04-06 00:00:00,MA_Crossover(35,44),8803.75,9512.25,8881.554,8885.6968,-4.1428,-1.0,-1.0,22.0,-22.0,-9512.25,19290.25
2023-04-11 00:00:00,MA_Crossover(35,44),8854.5,9563.0,8878.1326,8885.8389,-7.7063,-1.0,-1.0,50.75,-50.75,-9563.0,19239.5
2023-04-12 00:00:00,MA_Crossover(35,44),8920.05,9628.55,8872.0269,8886.2377,-14.2109,-1.0,-1.0,65.55,-65.55,-9628.55,19173.95
2023-04-13 00:00:00,MA_Crossover(35,44),9066.75,9775.25,8868.2626,8890.6693,-22.4067,-1.0,-1.0,146.7,-146.7,-9775.25,19027.25
2023-04-14 00:00:00,MA_Crossover(35,44),9031.25,9739.75,8865.8411,8892.3909,-26.5498,-1.0,-1.0,-35.5,35.5,-9739.75,19062.75
2023-04-17 00:00:00,MA_Crossover(35,44),8962.95,9671.45,8867.6686,8895.4066,-27.738,-1.0,-1.0,-68.3,68.3,-9671.45,19131.05
2023-04-18 00:00:00,MA_Crossover(35,44),9014.4,9717.4,8876.4943,8897.6316,-21.1373,-1.0,-1.0,45.95,-45.95,-9717.4,19085.1
2023-04-19 00:00:00,MA_Crossover(35,44),8963.75,9670.5,8881.3014,8898.2736,-16.9722,-1.0,-1.0,-46.9,46.9,-9670.5,19132.0
2023-04-20 00:00:00,MA_Crossover(35,44),8880.25,9587.25,8879.0514,8899.0634,-20.012,-1.0,-1.0,-83.25,83.25,-9587.25,19215.25
2023-04-21 00:00:00,MA_Crossover(35,44),8794.5,9499.0,8870.4229,8894.1543,-23.7315,-1.0,-1.0,-88.25,88.25,-9499.0,19303.5
2023-04-24 00:00:00,MA_Crossover(35,44),8727.0,9431.5,8864.2629,8888.535,-24.2721,-1.0,-1.0,-67.5,67.5,-9431.5,19371.0
2023-04-25 00:00:00,MA_Crossover(35,44),8524.0,9228.5,8851.6486,8874.677,-23.0285,-1.0,-1.0,-203.0,203.0,-9228.5,19574.0
2023-04-26 00:00:00,MA_Crossover(35,44),8551.75,9256.25,8841.62,8859.9782,-18.3582,-1.0,-1.0,27.75,-27.75,-9256.25,19546.25
2023-04-27 00:00:00,MA_Crossover(35,44),8583.5,9288.0,8837.0486,8847.8759,-10.8273,-1.0,-1.0,31.75,-31.75,-9288.0,19514.5
2023-04-28 00:00:00,MA_Crossover(35,44),8590.0,9294.5,8828.42,8840.8534,-12.4334,-1.0,-1.0,6.5,-6.5,-9294.5,19508.0
2023-05-02 00:00:00,MA_Crossover(35,44),8504.2,9208.7,8818.9957,8836.2784,-17.2827,-1.0,-1.0,-85.8,85.8,-9208.7,19593.8
2023-05-03 00:00:00,MA_Crossover(35,44),8456.25,9160.75,8807.8029,8828.5682,-20.7653,-1.0,-1.0,-47.95,47.95,-9160.75,19641.75
2023-05-04 00:00:00,MA_Crossover(35,44),8481.4,9185.9,8795.3214,8817.7136,-22.3922,-1.0,-1.0,25.15,-25.15,-9185.9,19616.6
2023-05-05 00:00:00,MA_Crossover(35,44),8566.75,9271.25,8787.8857,8805.6739,-17.7881,-1.0,-1.0,85.35,-85.35,-9271.25,19531.25
2023-05-09 00:00:00,MA_Crossover(35,44),8571.25,9275.75,8789.9571,8797.2341,-7.2769,-1.0,-1.0,4.5,-4.5,-9275.75,19526.75
2023-05-10 00:00:00,MA_Crossover(35,44),8445.25,9149.75,8787.9143,8785.4102,2.5041,1.0,-1.0,-126.0,126.0,-9149.75,19652.75
2023-05-11 00:00:00,MA_Crossover(35,44),8137.45,8841.95,8775.2629,8768.017,7.2458,1.0,1.0,-307.8,-307.8,8841.95,19344.95
2023-05-12 00:00:00,MA_Crossover(35,44),8224.25,8928.75,8761.6343,8756.2159,5.4184,1.0,1.0,86.8,86.8,8928.75,19431.75
2023-05-15 00:00:00,MA_Crossover(35,44),8218.25,8922.75,8746.0914,8740.9034,5.188,1.0,1.0,-6.0,-6.0,8922.75,19425.75
2023-05-16 00:00:00,MA_Crossover(35,44),8107.49,8780.5,8723.4626,8724.3907,-0.9281,-1.0,1.0,-142.25,-142.25,8780.5,19283.5
2023-05-17 00:00:00,MA_Crossover(35,44),8292.0,8963.25,8702.1483,8711.7543,-9.606,-1.0,-1.0,182.75,-182.75,-8963.25,19100.75
2023-05-18 00:00:00,MA_Crossover(35,44),8156.5,8830.75,8680.284,8694.4418,-14.1578,-1.0,-1.0,-132.5,132.5,-8830.75,19233.25
2023-05-19 00:00:00,MA_Crossover(35,44),8234.0,8899.5,8659.4483,8680.9645,-21.5163,-1.0,-1.0,68.75,-68.75,-8899.5,19164.5
2023-05-22 00:00:00,MA_Crossover(35,44),8095.53,8761.03,8634.2849,8671.8005,-37.5156,-1.0,-1.0,-138.47,138.47,-8761.03,19302.97
2023-05-23 00:00:00,MA_Crossover(35,44),8068.75,8734.25,8607.5134,8661.6186,-54.1052,-1.0,-1.0,-26.78,26.78,-8734.25,19329.75
2023-05-24 00:00:00,MA_Crossover(35,44),7875.75,8541.25,8575.3849,8645.6073,-70.2224,-1.0,-1.0,-193.0,193.0,-8541.25,19522.75
2023-05-25 00:00:00,MA_Crossover(35,44),7943.75,8609.25,8545.3634,8628.3914,-83.0279,-1.0,-1.0,68.0,-68.0,-8609.25,19454.75
2023-05-26 00:00:00,MA_Crossover(35,44),8124.5,8790.0,8522.7777,8613.897,-91.1193,-1.0,-1.0,180.75,-180.75,-8790.0,19274.0
2023-05-30 00:00:00,MA_Crossover(35,44),8111.95,8777.45,8504.7263,8595.9982,-91.2719,-1.0,-1.0,-12.55,12.55,-8777.45,19286.55
2023-05-31 00:00:00,MA_Crossover(35,44),8080.0,8745.5,8484.6763,8574.2255,-89.5492,-1.0,-1.0,-31.95,31.95,-8745.5,19318.5
2023-06-01 00:00:00,MA_Crossover(35,44),8245.0,8910.5,8468.712,8558.8448,-90.1328,-1.0,-1.0,165.0,-165.0,-8910.5,19153.5
2023-06-02 00:00:00,MA_Crossover(35,44),8233.5,8899.0,8450.9691,8542.2595,-91.2904,-1.0,-1.0,-11.5,11.5,-8899.0,19165.0
2023-06-05 00:00:00,MA_Crossover(35,44),8335.01,9000.51,8434.2537,8527.6859,-93.4322,-1.0,-1.0,101.51,-101.51,-9000.51,19063.49
2023-06-06 00:00:00,MA_Crossover(35,44),8337.0,9002.5,8413.4037,8512.487,-99.0833,-1.0,-1.0,1.99,-1.99,-9002.5,19061.5
2023-06-07 00:00:00,MA_Crossover(35,44),8293.1,8958.6,8392.3137,8496.4155,-104.1017,-1.0,-1.0,-43.9,43.9,-8958.6,19105.4
2023-06-08 00:00:00,MA_Crossover(35,44),8341.0,9006.5,8374.5437,8481.5632,-107.0195,-1.0,-1.0,47.9,-47.9,-9006.5,19057.5
2023-06-09 00:00:00,MA_Crossover(35,44),8357.75,9023.25,8355.7823,8468.8984,-113.1161,-1.0,-1.0,16.75,-16.75,-9023.25,19040.75
2023-06-12 00:00:00,MA_Crossover(35,44),8292.0,8957.5,8336.5894,8458.6314,-122.0419,-1.0,-1.0,-65.75,65.75,-8957.5,19106.5
2023-06-13 00:00:00,MA_Crossover(35,44),8458.5,9124.0,8324.5394,8451.2848,-126.7453,-1.0,-1.0,166.5,-166.5,-9124.0,18940.0
2023-06-14 00:00:00,MA_Crossover(35,44),8515.25,9180.75,8316.5609,8444.728,-128.1671,-1.0,-1.0,56.75,-56.75,-9180.75,18883.25
2023-06-15 00:00:00,MA_Crossover(35,44),8557.0,9222.5,8311.7037,8437.9666,-126.2629,-1.0,-1.0,41.75,-41.75,-9222.5,18841.5
2023-06-16 00:00:00,MA_Crossover(35,44),8555.75,9221.25,8312.6109,8429.687,-117.0762,-1.0,-1.0,-1.25,1.25,-9221.25,18842.75
2023-06-19 00:00:00,MA_Crossover(35,44),8546.0,9211.5,8312.4466,8417.8518,-105.4052,-1.0,-1.0,-9.75,9.75,-9211.5,18852.5
2023-06-20 00:00:00,MA_Crossover(35,44),8551.25,9213.75,8311.5251,8406.9427,-95.4176,-1.0,-1.0,2.25,-2.25,-9213.75,18850.25
2023-06-21 00:00:00,MA_Crossover(35,44),8615.25,9273.75,8312.2466,8399.0405,-86.7939,-1.0,-1.0,60.0,-60.0,-9273.75,18790.25
2023-06-22 00:00:00,MA_Crossover(35,44),8585.25,9246.75,8314.5623,8389.287,-74.7248,-1.0,-1.0,-27.0,27.0,-9246.75,18817.25
2023-06-23 00:00:00,MA_Crossover(35,44),8401.24,9066.74,8312.9906,8376.5027,-63.5122,-1.0,-1.0,-180.01,180.01,-9066.74,18997.26
2023-06-26 00:00:00,MA_Crossover(35,44),8407.0,9072.5,8310.8649,8365.747,-54.8822,-1.0,-1.0,5.76,-5.76,-9072.5,18991.5
2023-06-27 00:00:00,MA_Crossover(35,44),8372.0,9037.5,8305.3006,8356.1448,-50.8442,-1.0,-1.0,-35.0,35.0,-9037.5,19026.5
2023-06-28 00:00:00,MA_Crossover(35,44),8260.5,8926.0,8296.422,8345.5425,-49.1205,-1.0,-1.0,-111.5,111.5,-8926.0,19138.0
2023-06-29 00:00:00,MA_Crossover(35,44),8182.0,8847.5,8288.9006,8337.7698,-48.8692,-1.0,-1.0,-78.5,78.5,-8847.5,19216.5
2023-06-30 00:00:00,MA_Crossover(35,44),8323.75,8989.25,8294.2234,8332.588,-38.3645,-1.0,-1.0,141.75,-141.75,-8989.25,19074.75
2023-07-03 00:00:00,MA_Crossover(35,44),8406.0,9071.5,8299.4163,8328.5539,-29.1376,-1.0,-1.0,82.25,-82.25,-9071.5,18992.5
2023-07-04 00:00:00,MA_Crossover(35,44),8358.5,9024.0,8303.4234,8323.2925,-19.8691,-1.0,-1.0,-47.5,47.5,-9024.0,19040.0
2023-07-05 00:00:00,MA_Crossover(35,44),8317.75,8983.25,8309.4309,8319.055,-9.6241,-1.0,-1.0,-40.75,40.75,-8983.25,19080.75
2023-07-06 00:00:00,MA_Crossover(35,44),8258.0,8923.5,8308.4594,8314.5493,-6.0899,-1.0,-1.0,-59.75,59.75,-8923.5,19140.5
2023-07-07 00:00:00,MA_Crossover(35,44),8369.25,9034.75,8314.538,8312.0005,2.5375,1.0,-1.0,111.25,-111.25,-9034.75,19029.25
2023-07-10 00:00:00,MA_Crossover(35,44),8364.5,9030.0,8318.2666,8307.4039,10.8627,1.0,1.0,-4.75,-4.75,9030.0,19024.5
2023-07-11 00:00:00,MA_Crossover(35,44),8312.5,8978.0,8324.4657,8301.5232,22.9425,1.0,1.0,-52.0,-52.0,8978.0,18972.5
2023-07-12 00:00:00,MA_Crossover(35,44),8494.75,9160.25,8336.6371,8302.6482,33.989,1.0,1.0,182.25,182.25,9160.25,19154.75
2023-07-13 00:00:00,MA_Crossover(35,44),8690.0,9355.5,8359.9014,8315.2061,44.6953,1.0,1.0,195.25,195.25,9355.5,19350.0
2023-07-14 00:00:00,MA_Crossover(35,44),8663.25,9328.75,8380.4586,8325.1834,55.2752,1.0,1.0,-26.75,-26.75,9328.75,19323.25
2023-07-17 00:00:00,MA_Crossover(35,44),8468.0,9133.5,8390.2729,8330.8595,59.4133,1.0,1.0,-195.25,-195.25,9133.5,19128.0
2023-07-18 00:00:00,MA_Crossover(35,44),8466.0,9117.5,8400.3886,8339.0075,61.3811,1.0,1.0,-16.0,-16.0,9117.5,19112.0
2023-07-19 00:00:00,MA_Crossover(35,44),8424.29,9075.29,8410.2254,8342.0141,68.2113,1.0,1.0,-42.21,-42.21,9075.29,19069.79
2023-07-20 00:00:00,MA_Crossover(35,44),8481.25,9132.5,8416.9754,8349.3948,67.5807,1.0,1.0,57.21,57.21,9132.5,19127.0
2023-07-21 00:00:00,MA_Crossover(35,44),8444.0,9090.0,8422.9897,8354.1675,68.8222,1.0,1.0,-42.5,-42.5,9090.0,19084.5
2023-07-24 00:00:00,MA_Crossover(35,44),8509.0,9155.0,8427.9609,8363.5645,64.3963,1.0,1.0,65.0,65.0,9155.0,19149.5
2023-07-25 00:00:00,MA_Crossover(35,44),8664.5,9310.5,8437.318,8377.1043,60.2137,1.0,1.0,155.5,155.5,9310.5,19305.0
2023-07-26 00:00:00,MA_Crossover(35,44),8603.25,9249.25,8446.1794,8393.6384,52.541,1.0,1.0,-61.25,-61.25,9249.25,19243.75
2023-07-27 00:00:00,MA_Crossover(35,44),8552.0,9198.0,8452.208,8407.4623,44.7457,1.0,1.0,-51.25,-51.25,9198.0,19192.5
2023-07-28 00:00:00,MA_Crossover(35,44),8648.24,9294.24,8460.5077,8419.3655,41.1423,1.0,1.0,96.24,96.24,9294.24,19288.74
2023-07-31 00:00:00,MA_Crossover(35,44),8819.5,9465.5,8475.5791,8435.4461,40.133,1.0,1.0,171.26,171.26,9465.5,19460.0
2023-08-01 00:00:00,MA_Crossover(35,44),8612.75,9258.75,8479.9863,8447.5541,32.4322,1.0,1.0,-206.75,-206.75,9258.75,19253.25
2023-08-02 00:00:00,MA_Crossover(35,44),8488.24,9134.24,8479.2146,8453.0823,26.1323,1.0,1.0,-124.51,-124.51,9134.24,19128.74
2023-08-03 00:00:00,MA_Crossover(35,44),8586.0,9232.0,8480.0431,8461.0936,18.9495,1.0,1.0,97.76,97.76,9232.0,19226.5
2023-08-04 00:00:00,MA_Crossover(35,44),8537.0,9183.0,8479.5074,8465.6843,13.8231,1.0,1.0,-49.0,-49.0,9183.0,19177.5
2023-08-07 00:00:00,MA_Crossover(35,44),8449.09,9095.09,8476.7386,8468.2318,8.5068,1.0,1.0,-87.91,-87.91,9095.09,19089.59
2023-08-08 00:00:00,MA_Crossover(35,44),8313.75,8959.75,8469.9529,8468.7011,1.2517,1.0,1.0,-135.34,-135.34,8959.75,18954.25
2023-08-09 00:00:00,MA_Crossover(35,44),8371.51,9017.51,8462.9889,8469.3945,-6.4057,-1.0,1.0,57.76,57.76,9017.51,19012.01
2023-08-10 00:00:00,MA_Crossover(35,44),8352.24,8998.24,8456.3314,8469.2693,-12.9379,-1.0,-1.0,-19.27,19.27,-8998.24,19031.28
2023-08-11 00:00:00,MA_Crossover(35,44),8257.25,8903.25,8452.2174,8468.4795,-16.2621,-1.0,-1.0,-94.99,94.99,-8903.25,19126.27
2023-08-14 00:00:00,MA_Crossover(35,44),8242.75,8888.75,8447.5246,8463.5761,-16.0516,-1.0,-1.0,-14.5,14.5,-8888.75,19140.77
2023-08-15 00:00:00,MA_Crossover(35,44),8183.5,8802.5,8442.1389,8456.0364,-13.8975,-1.0,-1.0,-86.25,86.25,-8802.5,19227.02
2023-08-16 00:00:00,MA_Crossover(35,44),8153.25,8771.25,8439.0746,8446.8602,-7.7857,-1.0,-1.0,-31.25,31.25,-8771.25,19258.27
2023-08-17 00:00:00,MA_Crossover(35,44),8229.85,8843.85,8440.4417,8439.4534,0.9883,1.0,-1.0,72.6,-72.6,-8843.85,19185.67
2023-08-18 00:00:00,MA_Crossover(35,44),8243.75,8854.75,8438.156,8432.5841,5.5719,1.0,1.0,10.9,10.9,8854.75,19196.57
2023-08-21 00:00:00,MA_Crossover(35,44),8270.5,8881.5,8434.2846,8426.2034,8.0812,1.0,1.0,26.75,26.75,8881.5,19223.32
2023-08-22 00:00:00,MA_Crossover(35,44),8363.7,8974.7,8434.4331,8420.4864,13.9468,1.0,1.0,93.2,93.2,8974.7,19316.52
2023-08-23 00:00:00,MA_Crossover(35,44),8457.25,9068.25,8438.4189,8417.5773,20.8416,1.0,1.0,93.55,93.55,9068.25,19410.07
2023-08-24 00:00:00,MA_Crossover(35,44),8359.5,8970.5,8441.3189,8416.6286,24.6902,1.0,1.0,-97.75,-97.75,8970.5,19312.32
2023-08-25 00:00:00,MA_Crossover(35,44),8349.25,8960.25,8440.7474,8415.3161,25.4313,1.0,1.0,-10.25,-10.25,8960.25,19302.07
2023-08-29 00:00:00,MA_Crossover(35,44),8438.5,9049.5,8442.8617,8416.8275,26.0342,1.0,1.0,89.25,89.25,9049.5,19391.32
2023-08-30 00:00:00,MA_Crossover(35,44),8468.55,9079.55,8447.3203,8421.5559,25.7644,1.0,1.0,30.05,30.05,9079.55,19421.37
2023-08-31 00:00:00,MA_Crossover(35,44),8420.0,9031.0,8445.1846,8426.965,18.2196,1.0,1.0,-48.55,-48.55,9031.0,19372.82
2023-09-01 00:00:00,MA_Crossover(35,44),8497.25,9108.25,8439.6774,8430.9082,8.7692,1.0,1.0,77.25,77.25,9108.25,19450.07
2023-09-04 00:00:00,MA_Crossover(35,44),8453.25,9064.25,8433.6774,8431.982,1.6954,1.0,1.0,-44.0,-44.0,9064.25,19406.07
2023-09-05 00:00:00,MA_Crossover(35,44),8497.5,9108.5,8434.5203,8435.1411,-0.6209,-1.0,1.0,44.25,44.25,9108.5,19450.32
2023-09-06 00:00:00,MA_Crossover(35,44),8374.25,8985.25,8431.8989,8436.4252,-4.5264,-1.0,-1.0,-123.25,123.25,-8985.25,19573.57
2023-09-07 00:00:00,MA_Crossover(35,44),8321.25,8932.25,8428.9549,8437.8627,-8.9079,-1.0,-1.0,-53.0,53.0,-8932.25,19626.57
2023-09-08 00:00:00,MA_Crossover(35,44),8241.5,8852.5,8422.1049,8434.9593,-12.8545,-1.0,-1.0,-79.75,79.75,-8852.5,19706.32
2023-09-11 00:00:00,MA_Crossover(35,44),8389.0,9000.0,8420.5334,8435.5161,-14.9827,-1.0,-1.0,147.5,-147.5,-9000.0,19558.82
2023-09-12 00:00:00,MA_Crossover(35,44),8378.75,8989.75,8416.812,8437.0218,-20.2098,-1.0,-1.0,-10.25,10.25,-8989.75,19569.07
2023-09-13 00:00:00,MA_Crossover(35,44),8406.5,9017.5,8409.4406,8435.0161,-25.5756,-1.0,-1.0,27.75,-27.75,-9017.5,19541.32
2023-09-14 00:00:00,MA_Crossover(35,44),8375.75,8986.75,8402.9406,8427.8741,-24.9335,-1.0,-1.0,-30.75,30.75,-8986.75,19572.07
2023-09-15 00:00:00,MA_Crossover(35,44),8352.0,8963.0,8397.2263,8420.8002,-23.5739,-1.0,-1.0,-23.75,23.75,-8963.0,19595.82
2023-09-18 00:00:00,MA_Crossover(35,44),8299.8,8910.8,8387.2709,8416.9775,-29.7066,-1.0,-1.0,-52.2,52.2,-8910.8,19648.02
2023-09-19 00:00:00,MA_Crossover(35,44),8271.25,8857.0,8371.6066,8412.5514,-40.9448,-1.0,-1.0,-53.8,53.8,-8857.0,19701.82
2023-09-20 00:00:00,MA_Crossover(35,44),8320.5,8909.0,8363.2566,8410.1925,-46.9359,-1.0,-1.0,52.0,-52.0,-8909.0,19649.82
2023-09-21 00:00:00,MA_Crossover(35,44),8169.75,8759.25,8354.1569,8403.113,-48.9561,-1.0,-1.0,-149.75,149.75,-8759.25,19799.57
2023-09-22 00:00:00,MA_Crossover(35,44),8198.75,8772.75,8343.0926,8397.5391,-54.4465,-1.0,-1.0,13.5,-13.5,-8772.75,19786.07
2023-09-25 00:00:00,MA_Crossover(35,44),8110.5,8684.5,8330.9069,8388.4823,-57.5754,-1.0,-1.0,-88.25,88.25,-8684.5,19874.32
2023-09-26 00:00:00,MA_Crossover(35,44),8066.25,8640.25,8319.9686,8374.8857,-54.9171,-1.0,-1.0,-44.25,44.25,-8640.25,19918.57
2023-09-27 00:00:00,MA_Crossover(35,44),8088.0,8662.0,8313.5186,8363.1755,-49.6569,-1.0,-1.0,21.75,-21.75,-8662.0,19896.82
2023-09-28 00:00:00,MA_Crossover(35,44),8193.0,8767.0,8308.4183,8355.0164,-46.5981,-1.0,-1.0,105.0,-105.0,-8767.0,19791.82
2023-09-29 00:00:00,MA_Crossover(35,44),8239.0,8813.0,8305.1829,8345.7155,-40.5326,-1.0,-1.0,46.0,-46.0,-8813.0,19745.82
2023-10-02 00:00:00,MA_Crossover(35,44),8003.0,8577.0,8297.9186,8327.1586,-29.2401,-1.0,-1.0,-236.0,236.0,-8577.0,19981.82
2023-10-03 00:00:00,MA_Crossover(35,44),7952.5,8526.5,8289.6257,8312.153,-22.5272,-1.0,-1.0,-50.5,50.5,-8526.5,20032.32
2023-10-04 00:00:00,MA_Crossover(35,44),7895.5,8469.5,8281.3971,8298.6816,-17.2844,-1.0,-1.0,-57.0,57.0,-8469.5,20089.32
2023-10-05 00:00:00,MA_Crossover(35,44),7837.5,8411.5,8272.3757,8281.6702,-9.2945,-1.0,-1.0,-58.0,58.0,-8411.5,20147.32
2023-10-06 00:00:00,MA_Crossover(35,44),7985.25,8559.25,8265.3871,8269.1305,-3.7433,-1.0,-1.0,147.75,-147.75,-8559.25,19999.57
2023-10-09 00:00:00,MA_Crossover(35,44),8050.75,8624.75,8259.8729,8260.0773,-0.2044,-1.0,-1.0,65.5,-65.5,-8624.75,19934.07
2023-10-10 00:00:00,MA_Crossover(35,44),7955.0,8529.0,8250.8586,8251.9239,-1.0653,-1.0,-1.0,-95.75,95.75,-8529.0,20029.82
2023-10-11 00:00:00,MA_Crossover(35,44),7954.0,8528.0,8239.1529,8242.435,-3.2821,-1.0,-1.0,-1.0,1.0,-8528.0,20030.82
2023-10-12 00:00:00,MA_Crossover(35,44),7919.25,8493.25,8223.7814,8232.5943,-8.8129,-1.0,-1.0,-34.75,34.75,-8493.25,20065.57
2023-10-13 00:00:00,MA_Crossover(35,44),7877.5,8451.5,8210.01,8223.9636,-13.9536,-1.0,-1.0,-41.75,41.75,-8451.5,20107.32
2023-10-16 00:00:00,MA_Crossover(35,44),7915.5,8489.5,8197.6171,8216.5261,-18.909,-1.0,-1.0,38.0,-38.0,-8489.5,20069.32
2023-10-17 00:00:00,MA_Crossover(35,44),7937.5,8498.5,8183.3029,8210.9352,-27.6324,-1.0,-1.0,9.0,-9.0,-8498.5,20060.32
2023-10-18 00:00:00,MA_Crossover(35,44),7940.0,8502.0,8168.2014,8206.0886,-37.8872,-1.0,-1.0,3.5,-3.5,-8502.0,20056.82
2023-10-19 00:00:00,MA_Crossover(35,44),7963.0,8524.5,8155.1443,8200.0239,-44.8796,-1.0,-1.0,22.5,-22.5,-8524.5,20034.32
2023-10-20 00:00:00,MA_Crossover(35,44),7916.76,8460.76,8138.5589,8192.5923,-54.0334,-1.0,-1.0,-63.74,63.74,-8460.76,20098.06
2023-10-23 00:00:00,MA_Crossover(35,44),7935.75,8479.75,8123.7731,8184.9843,-61.2112,-1.0,-1.0,18.99,-18.99,-8479.75,20079.07
2023-10-24 00:00:00,MA_Crossover(35,44),8018.5,8562.5,8110.0874,8177.1389,-67.0514,-1.0,-1.0,82.75,-82.75,-8562.5,19996.32
2023-10-25 00:00:00,MA_Crossover(35,44),7991.0,8535.0,8099.1374,8166.5423,-67.4048,-1.0,-1.0,-27.5,27.5,-8535.0,20023.82
2023-10-26 00:00:00,MA_Crossover(35,44),7939.75,8483.75,8088.2374,8157.0025,-68.7651,-1.0,-1.0,-51.25,51.25,-8483.75,20075.07
2023-10-27 00:00:00,MA_Crossover(35,44),8056.5,8600.5,8082.9517,8150.3491,-67.3974,-1.0,-1.0,116.75,-116.75,-8600.5,19958.32
2023-10-30 00:00:00,MA_Crossover(35,44),8094.0,8638.0,8074.5231,8142.5195,-67.9964,-1.0,-1.0,37.5,-37.5,-8638.0,19920.82
2023-10-31 00:00:00,MA_Crossover(35,44),8051.5,8595.5,8065.1731,8133.0411,-67.868,-1.0,-1.0,-42.5,42.5,-8595.5,19963.32
2023-11-01 00:00:00,MA_Crossover(35,44),8050.25,8594.25,8054.9946,8124.6377,-69.6432,-1.0,-1.0,-1.25,1.25,-8594.25,19964.57
2023-11-02 00:00:00,MA_Crossover(35,44),8079.5,8623.5,8046.5303,8115.1434,-68.6131,-1.0,-1.0,29.25,-29.25,-8623.5,19935.32
2023-11-03 00:00:00,MA_Crossover(35,44),8109.7,8653.7,8039.6074,8107.3355,-67.728,-1.0,-1.0,30.2,-30.2,-8653.7,19905.12
2023-11-06 00:00:00,MA_Crossover(35,44),8169.25,8713.25,8035.8774,8099.8752,-63.9978,-1.0,-1.0,59.55,-59.55,-8713.25,19845.57
2023-11-07 00:00:00,MA_Crossover(35,44),8112.0,8656.0,8031.3274,8093.915,-62.5876,-1.0,-1.0,-57.25,57.25,-8656.0,19902.82
2023-11-08 00:00:00,MA_Crossover(35,44),8068.0,8612.0,8024.1131,8088.1593,-64.0462,-1.0,-1.0,-44.0,44.0,-8612.0,19946.82
2023-11-09 00:00:00,MA_Crossover(35,44),8072.01,8616.01,8021.3206,8084.3073,-62.9867,-1.0,-1.0,4.01,-4.01,-8616.01,19942.81
2023-11-10 00:00:00,MA_Crossover(35,44),7956.49,8500.49,8014.3989,8074.4775,-60.0786,-1.0,-1.0,-115.52,115.52,-8500.49,20058.33
2023-11-13 00:00:00,MA_Crossover(35,44),8081.25,8625.25,8013.5631,8067.7161,-54.153,-1.0,-1.0,124.76,-124.76,-8625.25,19933.57
2023-11-14 00:00:00,MA_Crossover(35,44),8191.0,8714.5,8017.1274,8062.8184,-45.691,-1.0,-1.0,89.25,-89.25,-8714.5,19844.32
2023-11-15 00:00:00,MA_Crossover(35,44),8218.0,8744.0,8020.8417,8059.2332,-38.3915,-1.0,-1.0,29.5,-29.5,-8744.0,19814.82
2023-11-16 00:00:00,MA_Crossover(35,44),8166.5,8695.5,8020.0846,8055.0173,-34.9327,-1.0,-1.0,-48.5,48.5,-8695.5,19863.32
2023-11-17 00:00:00,MA_Crossover(35,44),8212.25,8711.25,8019.3203,8053.0275,-33.7072,-1.0,-1.0,15.75,-15.75,-8711.25,19847.57
2023-11-20 00:00:00,MA_Crossover(35,44),8381.5,8880.5,8030.1346,8055.5332,-25.3986,-1.0,-1.0,169.25,-169.25,-8880.5,19678.32
2023-11-21 00:00:00,MA_Crossover(35,44),8394.0,8893.0,8042.7489,8057.2036,-14.4548,-1.0,-1.0,12.5,-12.5,-8893.0,19665.82
2023-11-22 00:00:00,MA_Crossover(35,44),8294.5,8793.5,8054.1489,8060.0389,-5.89,-1.0,-1.0,-99.5,99.5,-8793.5,19765.32
2023-11-23 00:00:00,MA_Crossover(35,44),8345.5,8844.5,8068.6631,8063.3741,5.2891,1.0,-1.0,51.0,-51.0,-8844.5,19714.32
2023-11-24 00:00:00,MA_Crossover(35,44),8364.75,8863.75,8079.506,8069.1525,10.3535,1.0,1.0,19.25,19.25,8863.75,19733.57
2023-11-27 00:00:00,MA_Crossover(35,44),8292.5,8791.5,8086.4131,8074.2945,12.1186,1.0,1.0,-72.25,-72.25,8791.5,19661.32
2023-11-28 00:00:00,MA_Crossover(35,44),8415.5,8914.5,8099.5703,8081.7377,17.8326,1.0,1.0,123.0,123.0,8914.5,19784.32
2023-11-29 00:00:00,MA_Crossover(35,44),8365.5,8864.5,8111.3274,8085.6582,25.6692,1.0,1.0,-50.0,-50.0,8864.5,19734.32
2023-11-30 00:00:00,MA_Crossover(35,44),8409.5,8908.5,8125.3346,8089.5332,35.8014,1.0,1.0,44.0,44.0,8908.5,19778.32
2023-12-01 00:00:00,MA_Crossover(35,44),8558.02,9057.02,8144.778,8102.1473,42.6307,1.0,1.0,148.52,148.52,9057.02,19926.84
2023-12-04 00:00:00,MA_Crossover(35,44),8381.75,8880.75,8158.0994,8111.903,46.1965,1.0,1.0,-176.27,-176.27,8880.75,19750.57
2023-12-05 00:00:00,MA_Crossover(35,44),8269.75,8768.75,8167.5923,8120.4086,47.1836,1.0,1.0,-112.0,-112.0,8768.75,19638.57
2023-12-06 00:00:00,MA_Crossover(35,44),8219.75,8718.75,8175.5851,8129.0961,46.489,1.0,1.0,-50.0,-50.0,8718.75,19588.57
2023-12-07 00:00:00,MA_Crossover(35,44),8273.0,8772.0,8184.4423,8135.6359,48.8064,1.0,1.0,53.25,53.25,8772.0,19641.82
2023-12-08 00:00:00,MA_Crossover(35,44),8380.0,8879.0,8197.6777,8143.1189,54.5589,1.0,1.0,107.0,107.0,8879.0,19748.82
2023-12-11 00:00:00,MA_Crossover(35,44),8261.55,8760.55,8206.9863,8150.0859,56.9004,1.0,1.0,-118.45,-118.45,8760.55,19630.37
2023-12-12 00:00:00,MA_Crossover(35,44),8270.5,8769.5,8214.1863,8157.2791,56.9072,1.0,1.0,8.95,8.95,8769.5,19639.32
2023-12-13 00:00:00,MA_Crossover(35,44),8245.9,8744.9,8221.4691,8164.703,56.7662,1.0,1.0,-24.6,-24.6,8744.9,19614.72
2023-12-14 00:00:00,MA_Crossover(35,44),8463.51,8962.51,8236.4337,8178.0214,58.4124,1.0,1.0,217.61,217.61,8962.51,19832.33
2023-12-15 00:00:00,MA_Crossover(35,44),8456.25,8955.25,8247.8551,8190.3111,57.544,1.0,1.0,-7.26,-7.26,8955.25,19825.07
2023-12-18 00:00:00,MA_Crossover(35,44),8393.81,8892.81,8256.4211,8200.6818,55.7393,1.0,1.0,-62.44,-62.44,8892.81,19762.63
2023-12-19 00:00:00,MA_Crossover(35,44),8539.5,9036.0,8270.364,8214.3068,56.0572,1.0,1.0,143.19,143.19,9036.0,19905.82
2023-12-20 00:00:00,MA_Crossover(35,44),8524.0,9024.0,8283.8997,8227.0568,56.8429,1.0,1.0,-12.0,-12.0,9024.0,19893.82
2023-12-21 00:00:00,MA_Crossover(35,44),8538.0,9038.5,8296.9997,8241.1759,55.8238,1.0,1.0,14.5,14.5,9038.5,19908.32
2023-12-22 00:00:00,MA_Crossover(35,44),8514.5,8981.5,8308.5654,8254.3293,54.2361,1.0,1.0,-57.0,-57.0,8981.5,19851.32
2023-12-27 00:00:00,MA_Crossover(35,44),8620.0,9087.0,8321.444,8267.9998,53.4442,1.0,1.0,105.5,105.5,9087.0,19956.82
2023-12-28 00:00:00,MA_Crossover(35,44),8556.75,9023.75,8334.1511,8280.8577,53.2934,1.0,1.0,-63.25,-63.25,9023.75,19893.57
2023-12-29 00:00:00,MA_Crossover(35,44),8488.5,8955.5,8346.1654,8293.3293,52.8361,1.0,1.0,-68.25,-68.25,8955.5,19825.32
2024-01-02 00:00:00,MA_Crossover(35,44),8463.75,8930.75,8357.358,8302.585,54.773,1.0,1.0,-24.75,-24.75,8930.75,19800.57
2024-01-03 00:00:00,MA_Crossover(35,44),8438.75,8905.75,8371.1369,8310.4202,60.7166,1.0,1.0,-25.0,-25.0,8905.75,19775.57
2024-01-04 00:00:00,MA_Crossover(35,44),8383.25,8850.25,8379.7654,8317.96,61.8054,1.0,1.0,-55.5,-55.5,8850.25,19720.07
2024-01-05 00:00:00,MA_Crossover(35,44),8374.75,8841.75,8385.0154,8325.335,59.6804,1.0,1.0,-8.5,-8.5,8841.75,19711.57
2024-01-08 00:00:00,MA_Crossover(35,44),8351.74,8818.74,8388.8366,8331.5223,57.3143,1.0,1.0,-23.01,-23.01,8818.74,19688.56
2024-01-09 00:00:00,MA_Crossover(35,44),8273.75,8740.75,8391.9009,8335.2507,56.6502,1.0,1.0,-77.99,-77.99,8740.75,19610.57
2024-01-10 00:00:00,MA_Crossover(35,44),8277.25,8744.25,8393.758,8337.7052,56.0528,1.0,1.0,3.5,3.5,8744.25,19614.07
2024-01-11 00:00:00,MA_Crossover(35,44),8264.0,8731.0,8390.4009,8341.1598,49.2411,1.0,1.0,-13.25,-13.25,8731.0,19600.82
2024-01-12 00:00:00,MA_Crossover(35,44),8242.75,8709.75,8386.0794,8345.1314,40.9481,1.0,1.0,-21.25,-21.25,8709.75,19579.57
2024-01-15 00:00:00,MA_Crossover(35,44),8284.0,8751.0,8385.7794,8349.9493,35.8301,1.0,1.0,41.25,41.25,8751.0,19620.82
2024-01-16 00:00:00,MA_Crossover(35,44),8306.0,8756.0,8384.6509,8357.8927,26.7581,1.0,1.0,5.0,5.0,8756.0,19625.82
2024-01-17 00:00:00,MA_Crossover(35,44),8216.25,8668.75,8380.408,8360.9609,19.4471,1.0,1.0,-87.25,-87.25,8668.75,19538.57
2024-01-18 00:00:00,MA_Crossover(35,44),8261.75,8713.25,8379.5294,8362.5689,16.9606,1.0,1.0,44.5,44.5,8713.25,19583.07
2024-01-19 00:00:00,MA_Crossover(35,44),8306.76,8727.76,8376.4226,8364.5861,11.8364,1.0,1.0,14.51,14.51,8727.76,19597.58
2024-01-22 00:00:00,MA_Crossover(35,44),8289.5,8710.5,8374.2511,8367.3816,6.8696,1.0,1.0,-17.26,-17.26,8710.5,19580.32
2024-01-23 00:00:00,MA_Crossover(35,44),8348.0,8769.0,8372.494,8370.4668,2.0272,1.0,1.0,58.5,58.5,8769.0,19638.82
2024-01-24 00:00:00,MA_Crossover(35,44),8506.99,8927.99,8371.036,8373.3189,-2.2829,-1.0,1.0,158.99,158.99,8927.99,19797.81
2024-01-25 00:00:00,MA_Crossover(35,44),8508.0,8929.0,8374.6431,8375.9098,-1.2666,-1.0,-1.0,1.01,-1.01,-8929.0,19796.8
2024-01-26 00:00:00,MA_Crossover(35,44),8479.05,8900.05,8380.6231,8380.1041,0.5191,1.0,-1.0,-28.95,28.95,-8900.05,19825.75
2024-01-29 00:00:00,MA_Crossover(35,44),8486.5,8907.5,8388.2446,8383.3086,4.9359,1.0,1.0,7.45,7.45,8907.5,19833.2
2024-01-30 00:00:00,MA_Crossover(35,44),8543.75,8964.75,8395.9803,8387.3768,8.6035,1.0,1.0,57.25,57.25,8964.75,19890.45
2024-01-31 00:00:00,MA_Crossover(35,44),8530.5,8951.5,8400.2803,8392.7859,7.4944,1.0,1.0,-13.25,-13.25,8951.5,19877.2
2024-02-01 00:00:00,MA_Crossover(35,44),8451.0,8872.0,8405.6931,8393.5927,12.1004,1.0,1.0,-79.5,-79.5,8872.0,19797.7
2024-02-02 00:00:00,MA_Crossover(35,44),8397.84,8818.84,8409.3314,8394.3277,15.0037,1.0,1.0,-53.16,-53.16,8818.84,19744.54
2024-02-05 00:00:00,MA_Crossover(35,44),8267.25,8688.25,8409.9414,8391.0948,18.8467,1.0,1.0,-130.59,-130.59,8688.25,19613.95
2024-02-06 00:00:00,MA_Crossover(35,44),8312.25,8733.25,8405.6197,8385.5091,20.1106,1.0,1.0,45.0,45.0,8733.25,19658.95
2024-02-07 00:00:00,MA_Crossover(35,44),8217.0,8638.0,8398.784,8381.7648,17.0192,1.0,1.0,-95.25,-95.25,8638.0,19563.7
2024-02-08 00:00:00,MA_Crossover(35,44),8098.27,8519.27,8390.34,8377.8675,12.4725,1.0,1.0,-118.73,-118.73,8519.27,19444.97
2024-02-09 00:00:00,MA_Crossover(35,44),8077.29,8498.29,8377.134,8374.6298,2.5042,1.0,1.0,-20.98,-20.98,8498.29,19423.99
2024-02-12 00:00:00,MA_Crossover(35,44),8138.24,8559.24,8366.1123,8371.567,-5.4548,-1.0,1.0,60.95,60.95,8559.24,19484.94
2024-02-13 00:00:00,MA_Crossover(35,44),8163.75,8584.75,8355.4194,8366.6523,-11.2328,-1.0,-1.0,25.51,-25.51,-8584.75,19459.43
2024-02-14 00:00:00,MA_Crossover(35,44),8104.0,8525.0,8343.6909,8363.0716,-19.3807,-1.0,-1.0,-59.75,59.75,-8525.0,19519.18
2024-02-15 00:00:00,MA_Crossover(35,44),8224.25,8645.25,8332.3837,8362.0205,-29.6367,-1.0,-1.0,120.25,-120.25,-8645.25,19398.93
2024-02-16 00:00:00,MA_Crossover(35,44),8410.25,8831.25,8328.198,8365.7557,-37.5577,-1.0,-1.0,186.0,-186.0,-8831.25,19212.93
2024-02-19 00:00:00,MA_Crossover(35,44),8353.5,8774.5,8324.3409,8363.2555,-38.9146,-1.0,-1.0,-56.75,56.75,-8774.5,19269.68
2024-02-20 00:00:00,MA_Crossover(35,44),8458.99,8872.8,8324.2049,8363.3177,-39.1129,-1.0,-1.0,98.3,-98.3,-8872.8,19171.38
2024-02-21 00:00:00,MA_Crossover(35,44),8495.25,8912.45,8325.8191,8365.6232,-39.804,-1.0,-1.0,39.65,-39.65,-8912.45,19131.73
2024-02-22 00:00:00,MA_Crossover(35,44),8534.5,8953.7,8330.1406,8365.5095,-35.369,-1.0,-1.0,41.25,-41.25,-8953.7,19090.48
2024-02-23 00:00:00,MA_Crossover(35,44),8510.0,8898.2,8334.0049,8365.1914,-31.1865,-1.0,-1.0,-55.5,55.5,-8898.2,19145.98
2024-02-26 00:00:00,MA_Crossover(35,44),8398.0,8786.2,8335.3266,8362.0095,-26.683,-1.0,-1.0,-112.0,112.0,-8786.2,19257.98
2024-02-27 00:00:00,MA_Crossover(35,44),8409.0,8797.2,8339.1909,8359.6118,-20.421,-1.0,-1.0,11.0,-11.0,-8797.2,19246.98
2024-02-28 00:00:00,MA_Crossover(35,44),8385.75,8773.95,8342.2909,8354.288,-11.9971,-1.0,-1.0,-23.25,23.25,-8773.95,19270.23
2024-02-29 00:00:00,MA_Crossover(35,44),8427.0,8815.2,8346.948,8351.3391,-4.3911,-1.0,-1.0,41.25,-41.25,-8815.2,19228.98
2024-03-01 00:00:00,MA_Crossover(35,44),8438.5,8826.7,8352.5409,8350.2027,2.3381,1.0,-1.0,11.5,-11.5,-8826.7,19217.48
2024-03-04 00:00:00,MA_Crossover(35,44),8476.51,8864.71,8358.0411,8350.4927,7.5484,1.0,1.0,38.01,38.01,8864.71,19255.49
2024-03-05 00:00:00,MA_Crossover(35,44),8421.75,8809.95,8361.3483,8350.1064,11.2419,1.0,1.0,-54.76,-54.76,8809.95,19200.73
2024-03-06 00:00:00,MA_Crossover(35,44),8503.0,8891.2,8369.5411,8352.828,16.7132,1.0,1.0,81.25,81.25,8891.2,19281.98
2024-03-07 00:00:00,MA_Crossover(35,44),8561.24,8949.44,8378.098,8357.0664,21.0316,1.0,1.0,58.24,58.24,8949.44,19340.22
2024-03-08 00:00:00,MA_Crossover(35,44),8500.28,8888.48,8383.6271,8360.4423,23.1849,1.0,1.0,-60.96,-60.96,8888.48,19279.26
2024-03-11 00:00:00,MA_Crossover(35,44),8571.0,8959.2,8391.67,8367.198,24.472,1.0,1.0,70.72,70.72,8959.2,19349.98
2024-03-12 00:00:00,MA_Crossover(35,44),8570.2,8958.4,8398.0186,8373.8559,24.1627,1.0,1.0,-0.8,-0.8,8958.4,19349.18
2024-03-13 00:00:00,MA_Crossover(35,44),8840.01,9228.21,8407.5334,8386.947,20.5864,1.0,1.0,269.81,269.81,9228.21,19618.99
2024-03-14 00:00:00,MA_Crossover(35,44),8786.0,9174.2,8415.4763,8399.2936,16.1826,1.0,1.0,-54.01,-54.01,9174.2,19564.98
2024-03-15 00:00:00,MA_Crossover(35,44),8970.25,9358.45,8429.5106,8414.8902,14.6203,1.0,1.0,184.25,184.25,9358.45,19749.23
2024-03-18 00:00:00,MA_Crossover(35,44),8986.11,9374.31,8443.7851,8430.3473,13.4379,1.0,1.0,15.86,15.86,9374.31,19765.09
2024-03-19 00:00:00,MA_Crossover(35,44),8910.07,9293.91,8454.2514,8446.1159,8.1355,1.0,1.0,-80.4,-80.4,9293.91,19684.69
2024-03-20 00:00:00,MA_Crossover(35,44),8858.84,9244.14,8463.6326,8459.6861,3.9464,1.0,1.0,-49.77,-49.77,9244.14,19634.92
2024-03-21 00:00:00,MA_Crossover(35,44),8875.48,9263.29,8475.7606,8472.6116,3.149,1.0,1.0,19.15,19.15,9263.29,19654.07
2024-03-22 00:00:00,MA_Crossover(35,44),8791.02,9139.88,8486.9943,8484.0098,2.9845,1.0,1.0,-123.41,-123.41,9139.88,19530.66
2024-03-25 00:00:00,MA_Crossover(35,44),8792.58,9141.44,8502.0037,8494.1139,7.8899,1.0,1.0,1.56,1.56,9141.44,19532.22
2024-03-26 00:00:00,MA_Crossover(35,44),8781.47,9130.33,8515.41,8500.352,15.058,1.0,1.0,-11.11,-11.11,9130.33,19521.11
2024-03-27 00:00:00,MA_Crossover(35,44),8768.0,9116.86,8531.1529,8506.2611,24.8917,1.0,1.0,-13.47,-13.47,9116.86,19507.64
2024-03-28 00:00:00,MA_Crossover(35,44),8787.84,9136.7,8550.8549,8513.2791,37.5758,1.0,1.0,19.84,19.84,9136.7,19527.48
2024-04-02 00:00:00,MA_Crossover(35,44),8907.25,9256.11,8574.568,8522.8416,51.7264,1.0,1.0,119.41,119.41,9256.11,19646.89
2024-04-03 00:00:00,MA_Crossover(35,44),9171.53,9520.39,8604.0906,8537.1093,66.9813,1.0,1.0,264.28,264.28,9520.39,19911.17
2024-04-04 00:00:00,MA_Crossover(35,44),9257.56,9606.42,8635.3423,8553.6334,81.7089,1.0,1.0,86.03,86.03,9606.42,19997.2
2024-04-05 00:00:00,MA_Crossover(35,44),9223.5,9572.36,8667.328,8571.1902,96.1378,1.0,1.0,-34.06,-34.06,9572.36,19963.14
2024-04-08 00:00:00,MA_Crossover(35,44),9295.01,9643.87,8697.9211,8591.5805,106.3407,1.0,1.0,71.51,71.51,9643.87,20034.65
2024-04-09 00:00:00,MA_Crossover(35,44),9294.28,9643.14,8723.1791,8614.922,108.2571,1.0,1.0,-0.73,-0.73,9643.14,20033.92
2024-04-10 00:00:00,MA_Crossover(35,44),9249.24,9598.1,8748.7717,8636.2173,112.5544,1.0,1.0,-45.04,-45.04,9598.1,19988.88
2024-04-11 00:00:00,MA_Crossover(35,44),9213.4,9562.26,8770.3263,8658.8627,111.4636,1.0,1.0,-35.84,-35.84,9562.26,19953.04
2024-04-12 00:00:00,MA_Crossover(35,44),9334.96,9683.82,8794.318,8686.9693,107.3487,1.0,1.0,121.56,121.56,9683.82,20074.6
2024-04-15 00:00:00,MA_Crossover(35,44),9499.47,9848.33,8821.8886,8719.2916,102.597,1.0,1.0,164.51,164.51,9848.33,20239.11
2024-04-16 00:00:00,MA_Crossover(35,44),9390.45,9766.55,8847.0443,8747.7509,99.2934,1.0,1.0,-81.78,-81.78,9766.55,20157.33
2024-04-17 00:00:00,MA_Crossover(35,44),9515.12,9885.25,8878.962,8778.4639,100.4981,1.0,1.0,118.7,118.7,9885.25,20276.03
2024-04-18 00:00:00,MA_Crossover(35,44),9676.0,10043.02,8915.162,8814.1911,100.9709,1.0,1.0,157.77,157.77,10043.02,20433.8
2024-04-19 00:00:00,MA_Crossover(35,44),9819.74,10154.04,8956.1331,8850.4523,105.6809,1.0,1.0,111.02,111.02,10154.04,20544.82
2024-04-22 00:00:00,MA_Crossover(35,44),9764.16,10098.46,8994.3377,8881.223,113.1148,1.0,1.0,-55.58,-55.58,10098.46,20489.24
2024-04-23 00:00:00,MA_Crossover(35,44),9631.59,9965.89,9028.426,8910.2705,118.1555,1.0,1.0,-132.57,-132.57,9965.89,20356.67
2024-04-24 00:00:00,MA_Crossover(35,44),9684.83,10019.13,9062.9494,8938.1305,124.819,1.0,1.0,53.24,53.24,10019.13,20409.91
2024-04-25 00:00:00,MA_Crossover(35,44),9768.65,10102.95,9101.4323,8967.0714,134.3609,1.0,1.0,83.82,83.82,10102.95,20493.73
2024-04-26 00:00:00,MA_Crossover(35,44),9876.97,10211.27,9140.6886,8997.582,143.1065,1.0,1.0,108.32,108.32,10211.27,20602.05
2024-04-29 00:00:00,MA_Crossover(35,44),10057.47,10391.77,9183.438,9032.7518,150.6862,1.0,1.0,180.5,180.5,10391.77,20782.55
2024-04-30 00:00:00,MA_Crossover(35,44),9903.73,10238.03,9223.5366,9066.973,156.5636,1.0,1.0,-153.74,-153.74,10238.03,20628.81
2024-05-01 00:00:00,MA_Crossover(35,44),9794.93,10129.23,9258.506,9098.4714,160.0346,1.0,1.0,-108.8,-108.8,10129.23,20520.01
2024-05-02 00:00:00,MA_Crossover(35,44),9652.46,9986.76,9289.4277,9127.2602,162.1675,1.0,1.0,-142.47,-142.47,9986.76,20377.54
2024-05-03 00:00:00,MA_Crossover(35,44),9799.03,10133.33,9316.8283,9158.4427,158.3856,1.0,1.0,146.57,146.57,10133.33,20524.11
2024-05-07 00:00:00,MA_Crossover(35,44),9903.79,10238.09,9348.7651,9191.7448,157.0204,1.0,1.0,104.76,104.76,10238.09,20628.87
2024-05-08 00:00:00,MA_Crossover(35,44),9776.1,10110.4,9371.7894,9221.2809,150.5085,1.0,1.0,-127.69,-127.69,10110.4,20501.18
2024-05-09 00:00:00,MA_Crossover(35,44),9783.41,10117.71,9394.5694,9252.2277,142.3417,1.0,1.0,7.31,7.31,10117.71,20508.49
2024-05-10 00:00:00,MA_Crossover(35,44),9896.66,10230.96,9422.7577,9283.9018,138.8559,1.0,1.0,113.25,113.25,10230.96,20621.74
2024-05-13 00:00:00,MA_Crossover(35,44),10082.4,10416.7,9457.7166,9318.4736,139.2429,1.0,1.0,185.74,185.74,10416.7,20807.48
2024-05-14 00:00:00,MA_Crossover(35,44),10043.08,10378.63,9491.0766,9353.5373,137.5393,1.0,1.0,-38.07,-38.07,10378.63,20769.41
2024-05-15 00:00:00,MA_Crossover(35,44),10149.79,10482.31,9529.8986,9389.4189,140.4797,1.0,1.0,103.68,103.68,10482.31,20873.09
2024-05-16 00:00:00,MA_Crossover(35,44),10361.76,10689.87,9574.7323,9430.1361,144.5961,1.0,1.0,207.56,207.56,10689.87,21080.65
2024-05-17 00:00:00,MA_Crossover(35,44),10615.48,10913.17,9627.1326,9470.4877,156.6448,1.0,1.0,223.3,223.3,10913.17,21303.95
2024-05-20 00:00:00,MA_Crossover(35,44),10830.63,11128.32,9686.0649,9516.9566,169.1083,1.0,1.0,215.15,215.15,11128.32,21519.1
2024-05-21 00:00:00,MA_Crossover(35,44),10783.65,11081.34,9743.088,9558.1702,184.9178,1.0,1.0,-46.98,-46.98,11081.34,21472.12
2024-05-22 00:00:00,MA_Crossover(35,44),10334.21,10631.9,9783.8583,9588.8089,195.0494,1.0,1.0,-449.44,-449.44,10631.9,21022.68
2024-05-23 00:00:00,MA_Crossover(35,44),10347.41,10645.1,9817.4549,9621.4757,195.9792,1.0,1.0,13.2,13.2,10645.1,21035.88
2024-05-24 00:00:00,MA_Crossover(35,44),10246.51,10544.2,9845.7106,9653.0136,192.6969,1.0,1.0,-100.9,-100.9,10544.2,20934.98
2024-05-28 00:00:00,MA_Crossover(35,44),10418.99,10716.68,9879.8674,9688.0934,191.774,1.0,1.0,172.48,172.48,10716.68,21107.46
2024-05-29 00:00:00,MA_Crossover(35,44),10365.72,10663.41,9910.4591,9723.882,186.5771,1.0,1.0,-53.27,-53.27,10663.41,21054.19
2024-05-30 00:00:00,MA_Crossover(35,44),10041.14,10338.83,9931.798,9752.2584,179.5396,1.0,1.0,-324.58,-324.58,10338.83,20729.61
2024-05-31 00:00:00,MA_Crossover(35,44),9945.38,10243.07,9951.6877,9778.7109,172.9768,1.0,1.0,-95.76,-95.76,10243.07,20633.85
2024-06-03 00:00:00,MA_Crossover(35,44),10045.08,10342.77,9975.45,9807.7355,167.7145,1.0,1.0,99.7,99.7,10342.77,20733.55
2024-06-04 00:00:00,MA_Crossover(35,44),9844.65,10142.34,9990.0126,9831.7539,158.2587,1.0,1.0,-200.43,-200.43,10142.34,20533.12
2024-06-05 00:00:00,MA_Crossover(35,44),9824.74,10122.43,9999.306,9852.6059,146.7001,1.0,1.0,-19.91,-19.91,10122.43,20513.21
2024-06-06 00:00:00,MA_Crossover(35,44),10051.02,10348.71,10018.1794,9872.5943,145.5851,1.0,1.0,226.28,226.28,10348.71,20739.49
2024-06-07 00:00:00,MA_Crossover(35,44),9652.43,9950.12,10022.1026,9881.5686,140.5339,1.0,1.0,-398.59,-398.59,9950.12,20340.9
2024-06-10 00:00:00,MA_Crossover(35,44),9777.61,10075.3,10025.0057,9894.162,130.8437,1.0,1.0,125.18,125.18,10075.3,20466.08
2024-06-11 00:00:00,MA_Crossover(35,44),9638.73,9936.42,10019.834,9901.9739,117.8601,1.0,1.0,-138.88,-138.88,9936.42,20327.2
2024-06-12 00:00:00,MA_Crossover(35,44),9827.52,10125.21,10021.6443,9914.093,107.5513,1.0,1.0,188.79,188.79,10125.21,20515.99
2024-06-13 00:00:00,MA_Crossover(35,44),9667.65,9965.34,10022.6746,9923.6023,99.0723,1.0,1.0,-159.87,-159.87,9965.34,20356.12
2024-06-14 00:00:00,MA_Crossover(35,44),9617.29,9914.98,10020.7449,9932.7816,87.9633,1.0,1.0,-50.36,-50.36,9914.98,20305.76
2024-06-17 00:00:00,MA_Crossover(35,44),9536.8,9834.49,10014.1206,9937.3689,76.7517,1.0,1.0,-80.49,-80.49,9834.49,20225.27
2024-06-18 00:00:00,MA_Crossover(35,44),9583.27,9885.61,10005.7291,9939.2734,66.4557,1.0,1.0,51.12,51.12,9885.61,20276.39
2024-06-19 00:00:00,MA_Crossover(35,44),9698.99,10002.74,9995.4869,9946.2857,49.2012,1.0,1.0,117.13,117.13,10002.74,20393.52
2024-06-20 00:00:00,MA_Crossover(35,44),9769.89,10075.0,9991.6629,9952.0759,39.5869,1.0,1.0,72.26,72.26,10075.0,20465.78
2024-06-21 00:00:00,MA_Crossover(35,44),9591.48,9843.49,9985.85,9950.155,35.695,1.0,1.0,-231.51,-231.51,9843.49,20234.27
2024-06-24 00:00:00,MA_Crossover(35,44),9558.25,9810.26,9983.1583,9944.212,38.9462,1.0,1.0,-33.23,-33.23,9810.26,20201.04
2024-06-25 00:00:00,MA_Crossover(35,44),9467.09,9719.1,9973.6743,9937.4605,36.2138,1.0,1.0,-91.16,-91.16,9719.1,20109.88
2024-06-26 00:00:00,MA_Crossover(35,44),9441.31,9693.32,9960.4606,9933.1359,27.3247,1.0,1.0,-25.78,-25.78,9693.32,20084.1
2024-06-27 00:00:00,MA_Crossover(35,44),9407.81,9659.82,9949.938,9926.84,23.098,1.0,1.0,-33.5,-33.5,9659.82,20050.6
2024-06-28 00:00:00,MA_Crossover(35,44),9489.46,9741.47,9941.5394,9920.4948,21.0447,1.0,1.0,81.65,81.65,9741.47,20132.25
2024-07-01 00:00:00,MA_Crossover(35,44),9511.29,9763.3,9930.5289,9912.1839,18.345,1.0,1.0,21.83,21.83,9763.3,20154.08
2024-07-02 00:00:00,MA_Crossover(35,44),9551.41,9803.42,9915.3577,9900.6825,14.6752,1.0,1.0,40.12,40.12,9803.42,20194.2
2024-07-03 00:00:00,MA_Crossover(35,44),9745.77,9997.78,9906.8631,9897.0925,9.7706,1.0,1.0,194.36,194.36,9997.78,20388.56
2024-07-04 00:00:00,MA_Crossover(35,44),9752.65,10004.66,9895.5163,9896.1316,-0.6153,-1.0,1.0,6.88,6.88,10004.66,20395.44
2024-07-05 00:00:00,MA_Crossover(35,44),9811.24,10063.25,9879.7871,9899.7402,-19.9531,-1.0,-1.0,58.59,-58.59,-10063.25,20336.85
2024-07-08 00:00:00,MA_Crossover(35,44),9773.61,10025.62,9855.7337,9899.1625,-43.4288,-1.0,-1.0,-37.63,37.63,-10025.62,20374.48
2024-07-09 00:00:00,MA_Crossover(35,44),9723.25,9975.26,9824.0943,9895.0593,-70.965,-1.0,-1.0,-50.36,50.36,-9975.26,20424.84
2024-07-10 00:00:00,MA_Crossover(35,44),9754.4,10006.41,9794.6871,9894.5661,-99.879,-1.0,-1.0,31.15,-31.15,-10006.41,20393.69
2024-07-11 00:00:00,MA_Crossover(35,44),9631.89,9883.9,9774.6209,9891.1225,-116.5016,-1.0,-1.0,-122.51,122.51,-9883.9,20516.2
2024-07-12 00:00:00,MA_Crossover(35,44),9728.38,9980.39,9756.9343,9887.298,-130.3637,-1.0,-1.0,96.49,-96.49,-9980.39,20419.71
2024-07-15 00:00:00,MA_Crossover(35,44),9652.55,9904.56,9739.964,9877.5286,-137.5646,-1.0,-1.0,-75.83,75.83,-9904.56,20495.54
2024-07-16 00:00:00,MA_Crossover(35,44),9570.34,9811.09,9715.7169,9866.7845,-151.0677,-1.0,-1.0,-93.47,93.47,-9811.09,20589.01
2024-07-17 00:00:00,MA_Crossover(35,44),9551.6,9788.45,9692.4563,9853.1893,-160.733,-1.0,-1.0,-22.64,22.64,-9788.45,20611.65
2024-07-18 00:00:00,MA_Crossover(35,44),9305.9,9541.39,9671.4494,9829.1925,-157.7431,-1.0,-1.0,-247.06,247.06,-9541.39,20858.71
2024-07-19 00:00:00,MA_Crossover(35,44),9231.76,9419.08,9651.0603,9797.7443,-146.684,-1.0,-1.0,-122.31,122.31,-9419.08,20981.02
2024-07-22 00:00:00,MA_Crossover(35,44),9139.68,9327.0,9625.1917,9759.3136,-134.1219,-1.0,-1.0,-92.08,92.08,-9327.0,21073.1
2024-07-23 00:00:00,MA_Crossover(35,44),9090.92,9278.24,9603.6566,9720.8425,-117.1859,-1.0,-1.0,-48.76,48.76,-9278.24,21121.86
2024-07-24 00:00:00,MA_Crossover(35,44),9021.93,9209.25,9580.7191,9691.018,-110.2988,-1.0,-1.0,-68.99,68.99,-9209.25,21190.85
2024-07-25 00:00:00,MA_Crossover(35,44),9040.37,9227.69,9551.8434,9661.3125,-109.4691,-1.0,-1.0,18.44,-18.44,-9227.69,21172.41
2024-07-26 00:00:00,MA_Crossover(35,44),9031.71,9219.03,9534.1086,9633.7034,-99.5948,-1.0,-1.0,-8.66,8.66,-9219.03,21181.07
2024-07-29 00:00:00,MA_Crossover(35,44),8933.67,9120.99,9509.996,9599.9461,-89.9501,-1.0,-1.0,-98.04,98.04,-9120.99,21279.11
2024-07-30 00:00:00,MA_Crossover(35,44),8880.07,9067.39,9488.32,9566.1814,-77.8614,-1.0,-1.0,-53.6,53.6,-9067.39,21332.71
2024-07-31 00:00:00,MA_Crossover(35,44),9138.2,9325.52,9468.6251,9545.66,-77.0349,-1.0,-1.0,258.13,-258.13,-9325.52,21074.58
2024-08-01 00:00:00,MA_Crossover(35,44),8954.06,9141.38,9448.2369,9523.13,-74.8931,-1.0,-1.0,-184.14,184.14,-9141.38,21258.72
2024-08-02 00:00:00,MA_Crossover(35,44),8963.74,9151.06,9429.564,9498.5541,-68.9901,-1.0,-1.0,9.68,-9.68,-9151.06,21249.04
2024-08-05 00:00:00,MA_Crossover(35,44),8792.93,8980.25,9408.3106,9474.6514,-66.3408,-1.0,-1.0,-170.81,170.81,-8980.25,21419.85
2024-08-06 00:00:00,MA_Crossover(35,44),8830.2,9017.52,9386.7943,9452.0482,-65.2539,-1.0,-1.0,37.27,-37.27,-9017.52,21382.58
2024-08-07 00:00:00,MA_Crossover(35,44),8663.51,8850.83,9357.2091,9420.5139,-63.3047,-1.0,-1.0,-166.69,166.69,-8850.83,21549.27
2024-08-08 00:00:00,MA_Crossover(35,44),8688.09,8875.41,9326.3006,9398.597,-72.2965,-1.0,-1.0,24.58,-24.58,-8875.41,21524.69
2024-08-09 00:00:00,MA_Crossover(35,44),8762.28,8949.6,9302.6091,9375.5214,-72.9122,-1.0,-1.0,74.19,-74.19,-8949.6,21450.5
2024-08-12 00:00:00,MA_Crossover(35,44),8921.34,9108.66,9284.4117,9359.217,-74.8053,-1.0,-1.0,159.06,-159.06,-9108.66,21291.44
2024-08-13 00:00:00,MA_Crossover(35,44),8859.16,9046.48,9267.0423,9337.2089,-70.1666,-1.0,-1.0,-62.18,62.18,-9046.48,21353.62
2024-08-14 00:00:00,MA_Crossover(35,44),8873.16,9060.48,9250.8094,9319.1523,-68.3428,-1.0,-1.0,14.0,-14.0,-9060.48,21339.62
2024-08-15 00:00:00,MA_Crossover(35,44),9053.53,9240.85,9240.6871,9306.3395,-65.6524,-1.0,-1.0,180.37,-180.37,-9240.85,21159.25
2024-08-16 00:00:00,MA_Crossover(35,44),9007.65,9194.97,9226.9211,9294.3134,-67.3923,-1.0,-1.0,-45.88,45.88,-9194.97,21205.13
2024-08-19 00:00:00,MA_Crossover(35,44),9142.64,9329.96,9216.3883,9284.2991,-67.9108,-1.0,-1.0,134.99,-134.99,-9329.96,21070.14
2024-08-20 00:00:00,MA_Crossover(35,44),9131.61,9313.51,9204.394,9271.4041,-67.0101,-1.0,-1.0,-16.45,16.45,-9313.51,21086.59
2024-08-21 00:00:00,MA_Crossover(35,44),9182.09,9366.29,9188.2889,9258.045,-69.7561,-1.0,-1.0,52.78,-52.78,-9366.29,21033.81
2024-08-22 00:00:00,MA_Crossover(35,44),9049.99,9236.5,9168.2129,9245.7384,-77.5256,-1.0,-1.0,-129.79,129.79,-9236.5,21163.6
2024-08-23 00:00:00,MA_Crossover(35,44),9210.78,9354.48,9151.0569,9237.8414,-86.7845,-1.0,-1.0,117.98,-117.98,-9354.48,21045.62
2024-08-27 00:00:00,MA_Crossover(35,44),9363.52,9507.22,9139.34,9235.4875,-96.1475,-1.0,-1.0,152.74,-152.74,-9507.22,20892.88
2024-08-28 00:00:00,MA_Crossover(35,44),9165.97,9309.67,9123.4177,9229.2298,-105.8121,-1.0,-1.0,-197.55,197.55,-9309.67,21090.43
2024-08-29 00:00:00,MA_Crossover(35,44),9152.64,9296.34,9106.2246,9223.4305,-117.2059,-1.0,-1.0,-13.33,13.33,-9296.34,21103.76
2024-08-30 00:00:00,MA_Crossover(35,44),9142.77,9286.47,9092.2497,9215.5511,-123.3014,-1.0,-1.0,-9.87,9.87,-9286.47,21113.63
2024-09-02 00:00:00,MA_Crossover(35,44),9082.14,9225.84,9073.7857,9205.7977,-132.012,-1.0,-1.0,-60.63,60.63,-9225.84,21174.26
2024-09-03 00:00:00,MA_Crossover(35,44),8853.98,8997.68,9050.9694,9189.947,-138.9776,-1.0,-1.0,-228.16,228.16,-8997.68,21402.42
2024-09-04 00:00:00,MA_Crossover(35,44),8858.98,9002.68,9030.6449,9169.7927,-139.1479,-1.0,-1.0,5.0,-5.0,-9002.68,21397.42
2024-09-05 00:00:00,MA_Crossover(35,44),8994.73,9138.43,9014.7343,9152.5673,-137.833,-1.0,-1.0,135.75,-135.75,-9138.43,21261.67
2024-09-06 00:00:00,MA_Crossover(35,44),8890.77,9034.47,9002.8734,9131.6475,-128.7741,-1.0,-1.0,-103.96,103.96,-9034.47,21365.63
2024-09-09 00:00:00,MA_Crossover(35,44),8985.16,9128.86,8995.8277,9113.7282,-117.9005,-1.0,-1.0,94.39,-94.39,-9128.86,21271.24
2024-09-10 00:00:00,MA_Crossover(35,44),8909.94,9053.64,8989.2637,9095.2439,-105.9801,-1.0,-1.0,-75.22,75.22,-9053.64,21346.46
2024-09-11 00:00:00,MA_Crossover(35,44),8974.28,9117.98,8985.9311,9077.5139,-91.5827,-1.0,-1.0,64.34,-64.34,-9117.98,21282.12
2024-09-12 00:00:00,MA_Crossover(35,44),9099.49,9243.19,8988.1471,9065.4139,-77.2667,-1.0,-1.0,125.21,-125.21,-9243.19,21156.91
2024-09-13 00:00:00,MA_Crossover(35,44),9190.67,9334.37,8992.4414,9053.1932,-60.7518,-1.0,-1.0,91.18,-91.18,-9334.37,21065.73
2024-09-16 00:00:00,MA_Crossover(35,44),9264.82,9408.52,8999.1017,9044.3811,-45.2794,-1.0,-1.0,74.15,-74.15,-9408.52,20991.58
2024-09-17 00:00:00,MA_Crossover(35,44),9285.63,9430.97,9009.1577,9037.9105,-28.7527,-1.0,-1.0,22.45,-22.45,-9430.97,20969.13
2024-09-18 00:00:00,MA_Crossover(35,44),9312.46,9458.84,9021.5117,9032.4755,-10.9637,-1.0,-1.0,27.87,-27.87,-9458.84,20941.26
2024-09-19 00:00:00,MA_Crossover(35,44),9429.22,9575.95,9029.8266,9035.2782,-5.4516,-1.0,-1.0,117.11,-117.11,-9575.95,20824.15
2024-09-20 00:00:00,MA_Crossover(35,44),9386.45,9483.82,9042.1806,9038.7939,3.3867,1.0,-1.0,-92.13,92.13,-9483.82,20916.28
2024-09-23 00:00:00,MA_Crossover(35,44),9453.7,9551.07,9056.1794,9045.9307,10.2487,1.0,1.0,67.25,67.25,9551.07,20983.53
2024-09-24 00:00:00,MA_Crossover(35,44),9704.45,9801.82,9082.2229,9059.8745,22.3483,1.0,1.0,250.75,250.75,9801.82,21234.28
2024-09-25 00:00:00,MA_Crossover(35,44),9713.14,9810.51,9107.4497,9075.5839,31.8659,1.0,1.0,8.69,8.69,9810.51,21242.97
2024-09-26 00:00:00,MA_Crossover(35,44),9975.1,10072.47,9144.9237,9096.8277,48.096,1.0,1.0,261.96,261.96,10072.47,21504.93
2024-09-27 00:00:00,MA_Crossover(35,44),9875.03,9972.4,9178.8363,9115.9941,62.8422,1.0,1.0,-100.07,-100.07,9972.4,21404.86
2024-09-30 00:00:00,MA_Crossover(35,44),9716.07,9813.44,9206.0874,9133.7759,72.3115,1.0,1.0,-158.96,-158.96,9813.44,21245.9
2024-10-01 00:00:00,MA_Crossover(35,44),9862.25,9959.62,9232.9706,9156.0982,76.8724,1.0,1.0,146.18,146.18,9959.62,21392.08
2024-10-02 00:00:00,MA_Crossover(35,44),9964.57,10061.94,9264.5537,9174.8793,89.6744,1.0,1.0,102.32,102.32,10061.94,21494.4
2024-10-03 00:00:00,MA_Crossover(35,44),9735.92,9833.29,9289.204,9192.6489,96.5551,1.0,1.0,-228.65,-228.65,9833.29,21265.75
2024-10-04 00:00:00,MA_Crossover(35,44),9812.45,9909.82,9310.8874,9211.9377,98.9497,1.0,1.0,76.53,76.53,9909.82,21342.28
2024-10-07 00:00:00,MA_Crossover(35,44),9790.29,9887.66,9333.2486,9234.605,98.6436,1.0,1.0,-22.16,-22.16,9887.66,21320.12
2024-10-08 00:00:00,MA_Crossover(35,44),9604.39,9701.76,9346.4414,9252.2002,94.2412,1.0,1.0,-185.9,-185.9,9701.76,21134.22
2024-10-09 00:00:00,MA_Crossover(35,44),9537.93,9635.3,9358.0506,9272.0734,85.9772,1.0,1.0,-66.46,-66.46,9635.3,21067.76
2024-10-10 00:00:00,MA_Crossover(35,44),9584.61,9681.98,9369.5511,9292.4489,77.1023,1.0,1.0,46.68,46.68,9681.98,21114.44
2024-10-11 00:00:00,MA_Crossover(35,44),9652.42,9749.79,9386.7634,9312.6793,74.0841,1.0,1.0,67.81,67.81,9749.79,21182.25
2024-10-14 00:00:00,MA_Crossover(35,44),9526.48,9623.85,9395.7834,9326.4325,69.3509,1.0,1.0,-125.94,-125.94,9623.85,21056.31
2024-10-15 00:00:00,MA_Crossover(35,44),9445.69,9536.41,9398.1311,9339.7627,58.3684,1.0,1.0,-87.44,-87.44,9536.41,20968.87
2024-10-16 00:00:00,MA_Crossover(35,44),9475.77,9566.15,9406.9826,9353.4584,53.5242,1.0,1.0,29.74,29.74,9566.15,20998.61
2024-10-17 00:00:00,MA_Crossover(35,44),9435.65,9524.34,9415.0686,9362.143,52.9256,1.0,1.0,-41.81,-41.81,9524.34,20956.8
2024-10-18 00:00:00,MA_Crossover(35,44),9553.03,9597.0,9426.7903,9374.538,52.2523,1.0,1.0,72.66,72.66,9597.0,21029.46
2024-10-21 00:00:00,MA_Crossover(35,44),9474.26,9518.23,9437.9937,9382.0748,55.9189,1.0,1.0,-78.77,-78.77,9518.23,20950.69
2024-10-22 00:00:00,MA_Crossover(35,44),9489.65,9533.62,9456.1557,9390.212,65.9437,1.0,1.0,15.39,15.39,9533.62,20966.08
2024-10-23 00:00:00,MA_Crossover(35,44),9427.24,9471.21,9472.3917,9395.7836,76.6081,1.0,1.0,-62.41,-62.41,9471.21,20903.67
2024-10-24 00:00:00,MA_Crossover(35,44),9412.51,9456.48,9484.3283,9404.0227,80.3056,1.0,1.0,-14.73,-14.73,9456.48,20888.94
2024-10-25 00:00:00,MA_Crossover(35,44),9509.74,9553.71,9502.0131,9410.8173,91.1959,1.0,1.0,97.23,97.23,9553.71,20986.17
2024-10-28 00:00:00,MA_Crossover(35,44),9437.98,9481.95,9514.9509,9412.5095,102.4413,1.0,1.0,-71.76,-71.76,9481.95,20914.41
2024-10-29 00:00:00,MA_Crossover(35,44),9426.04,9470.01,9529.6966,9418.4202,111.2763,1.0,1.0,-11.94,-11.94,9470.01,20902.47
2024-10-30 00:00:00,MA_Crossover(35,44),9435.06,9479.03,9542.8617,9424.8389,118.0229,1.0,1.0,9.02,9.02,9479.03,20911.49
2024-10-31 00:00:00,MA_Crossover(35,44),9402.82,9446.79,9551.5283,9430.7491,120.7792,1.0,1.0,-32.24,-32.24,9446.79,20879.25
2024-11-01 00:00:00,MA_Crossover(35,44),9470.46,9514.43,9559.5223,9439.5745,119.9477,1.0,1.0,67.64,67.64,9514.43,20946.89
2024-11-04 00:00:00,MA_Crossover(35,44),9593.89,9637.86,9568.9243,9456.3907,112.5336,1.0,1.0,123.43,123.43,9637.86,21070.32
2024-11-05 00:00:00,MA_Crossover(35,44),9623.02,9666.99,9578.564,9473.7552,104.8088,1.0,1.0,29.13,29.13,9666.99,21099.45
2024-11-06 00:00:00,MA_Crossover(35,44),9222.5,9266.47,9575.9937,9478.9318,97.0619,1.0,1.0,-400.52,-400.52,9266.47,20698.93
2024-11-07 00:00:00,MA_Crossover(35,44),9541.98,9585.95,9579.2154,9493.732,85.4834,1.0,1.0,319.48,319.48,9585.95,21018.41
2024-11-08 00:00:00,MA_Crossover(35,44),9318.23,9362.2,9577.2663,9501.3018,75.9645,1.0,1.0,-223.75,-223.75,9362.2,20794.66
2024-11-11 00:00:00,MA_Crossover(35,44),9201.21,9245.18,9570.0523,9507.9216,62.1307,1.0,1.0,-117.02,-117.02,9245.18,20677.64
2024-11-12 00:00:00,MA_Crossover(35,44),9013.52,9057.49,9550.3114,9508.8134,41.498,1.0,1.0,-187.69,-187.69,9057.49,20489.95
2024-11-13 00:00:00,MA_Crossover(35,44),8917.92,8961.89,9527.5909,9504.6868,22.904,1.0,1.0,-95.6,-95.6,8961.89,20394.35
2024-11-14 00:00:00,MA_Crossover(35,44),8865.24,8909.21,9495.8806,9497.2907,-1.4101,-1.0,1.0,-52.68,-52.68,8909.21,20341.67
2024-11-15 00:00:00,MA_Crossover(35,44),8882.85,8926.82,9467.5326,9488.6095,-21.077,-1.0,-1.0,17.61,-17.61,-8926.82,20324.06
2024-11-18 00:00:00,MA_Crossover(35,44),8954.64,8998.61,9445.7774,9481.087,-35.3096,-1.0,-1.0,71.79,-71.79,-8998.61,20252.27
2024-11-19 00:00:00,MA_Crossover(35,44),9007.59,9051.92,9421.3586,9474.1582,-52.7996,-1.0,-1.0,53.31,-53.31,-9051.92,20198.96
2024-11-20 00:00:00,MA_Crossover(35,44),9010.38,9054.04,9394.096,9464.6391,-70.5431,-1.0,-1.0,2.12,-2.12,-9054.04,20196.84
2024-11-21 00:00:00,MA_Crossover(35,44),8924.61,8970.34,9370.9157,9454.1427,-83.227,-1.0,-1.0,-83.7,83.7,-8970.34,20280.54
2024-11-22 00:00:00,MA_Crossover(35,44),8885.26,8889.37,9344.4246,9441.2236,-96.7991,-1.0,-1.0,-80.97,80.97,-8889.37,20361.51
2024-11-25 00:00:00,MA_Crossover(35,44),8958.93,8963.04,9320.6714,9424.28,-103.6086,-1.0,-1.0,73.67,-73.67,-8963.04,20287.84
2024-11-26 00:00:00,MA_Crossover(35,44),8915.43,8919.54,9300.9869,9406.1502,-105.1634,-1.0,-1.0,-43.5,43.5,-8919.54,20331.34
2024-11-27 00:00:00,MA_Crossover(35,44),8932.69,8936.8,9283.6943,9382.4591,-98.7648,-1.0,-1.0,17.26,-17.26,-8936.8,20314.08
2024-11-28 00:00:00,MA_Crossover(35,44),8910.85,8914.96,9264.444,9360.5459,-96.1019,-1.0,-1.0,-21.84,21.84,-8914.96,20335.92
2024-11-29 00:00:00,MA_Crossover(35,44),8915.53,8919.64,9243.39,9342.3518,-98.9618,-1.0,-1.0,4.68,-4.68,-8919.64,20331.24
2024-12-02 00:00:00,MA_Crossover(35,44),8892.99,8897.1,9225.2903,9320.3232,-95.0329,-1.0,-1.0,-22.54,22.54,-8897.1,20353.78
2024-12-03 00:00:00,MA_Crossover(35,44),9021.88,9025.99,9213.1814,9298.8984,-85.717,-1.0,-1.0,128.89,-128.89,-9025.99,20224.89
2024-12-04 00:00:00,MA_Crossover(35,44),8987.12,8991.23,9199.22,9281.8802,-82.6602,-1.0,-1.0,-34.76,34.76,-8991.23,20259.65
2024-12-05 00:00:00,MA_Crossover(35,44),8974.77,8978.88,9186.052,9262.842,-76.79,-1.0,-1.0,-12.35,12.35,-8978.88,20272.0
2024-12-06 00:00:00,MA_Crossover(35,44),9022.91,9027.02,9170.9057,9245.4016,-74.4959,-1.0,-1.0,48.14,-48.14,-9027.02,20223.86
2024-12-09 00:00:00,MA_Crossover(35,44),9128.06,9132.17,9161.0143,9234.5759,-73.5616,-1.0,-1.0,105.15,-105.15,-9132.17,20118.71
2024-12-10 00:00:00,MA_Crossover(35,44),9108.54,9112.65,9150.1254,9224.817,-74.6916,-1.0,-1.0,-19.52,19.52,-9112.65,20138.23
2024-12-11 00:00:00,MA_Crossover(35,44),9081.07,9085.18,9140.2349,9213.373,-73.1381,-1.0,-1.0,-27.47,27.47,-9085.18,20165.7
2024-12-12 00:00:00,MA_Crossover(35,44),8975.12,8979.23,9127.738,9197.9798,-70.2418,-1.0,-1.0,-105.95,105.95,-8979.23,20271.65
2024-12-13 00:00:00,MA_Crossover(35,44),8942.03,8946.14,9111.5177,9184.6968,-73.1791,-1.0,-1.0,-33.09,33.09,-8946.14,20304.74
2024-12-16 00:00:00,MA_Crossover(35,44),8942.47,8946.58,9097.3603,9173.26,-75.8997,-1.0,-1.0,0.44,-0.44,-8946.58,20304.3
2024-12-17 00:00:00,MA_Crossover(35,44),8913.74,8918.23,9082.7231,9160.4866,-77.7634,-1.0,-1.0,-28.35,28.35,-8918.23,20332.65
2024-12-18 00:00:00,MA_Crossover(35,44),8953.83,8957.86,9068.9737,9149.5361,-80.5624,-1.0,-1.0,39.63,-39.63,-8957.86,20293.02
2024-12-19 00:00:00,MA_Crossover(35,44),8809.01,8812.58,9052.0077,9132.6266,-80.6189,-1.0,-1.0,-145.28,145.28,-8812.58,20438.3
2024-12-20 00:00:00,MA_Crossover(35,44),8871.1,8831.97,9034.8831,9118.9184,-84.0353,-1.0,-1.0,19.39,-19.39,-8831.97,20418.91
2024-12-23 00:00:00,MA_Crossover(35,44),8835.39,8796.26,9013.2117,9104.0489,-90.8371,-1.0,-1.0,-35.71,35.71,-8796.26,20454.62
2024-12-24 00:00:00,MA_Crossover(35,44),8874.82,8835.69,8991.8346,9091.4939,-99.6593,-1.0,-1.0,39.43,-39.43,-8835.69,20415.19
2024-12-27 00:00:00,MA_Crossover(35,44),8899.14,8860.01,8982.5957,9079.8264,-97.2306,-1.0,-1.0,24.32,-24.32,-8860.01,20390.87
2024-12-30 00:00:00,MA_Crossover(35,44),8817.96,8778.83,8961.9094,9064.1041,-102.1947,-1.0,-1.0,-81.18,81.18,-8778.83,20472.05
2024-12-31 00:00:00,MA_Crossover(35,44),8673.23,8634.1,8943.4809,9046.7234,-103.2426,-1.0,-1.0,-144.73,144.73,-8634.1,20616.78
2025-01-02 00:00:00,MA_Crossover(35,44),8707.65,8668.52,8929.3791,9030.3964,-101.0172,-1.0,-1.0,34.42,-34.42,-8668.52,20582.36
2025-01-03 00:00:00,MA_Crossover(35,44),8781.21,8742.08,8922.7417,9015.5361,-92.7944,-1.0,-1.0,73.56,-73.56,-8742.08,20508.8
2025-01-06 00:00:00,MA_Crossover(35,44),8899.9,8860.77,8922.2269,9004.1061,-81.8793,-1.0,-1.0,118.69,-118.69,-8860.77,20390.11
2025-01-07 00:00:00,MA_Crossover(35,44),8897.6,8858.47,8923.1514,8991.0866,-67.9352,-1.0,-1.0,-2.3,2.3,-8858.47,20392.41
2025-01-08 00:00:00,MA_Crossover(35,44),8925.43,8886.3,8924.368,8975.8943,-51.5263,-1.0,-1.0,27.83,-27.83,-8886.3,20364.58
2025-01-09 00:00:00,MA_Crossover(35,44),8974.19,8935.06,8924.9266,8961.1482,-36.2216,-1.0,-1.0,48.76,-48.76,-8935.06,20315.82
2025-01-10 00:00:00,MA_Crossover(35,44),8993.3,8954.17,8924.5183,8955.9391,-31.4208,-1.0,-1.0,19.11,-19.11,-8954.17,20296.71
2025-01-13 00:00:00,MA_Crossover(35,44),8978.84,8939.71,8923.6171,8943.1405,-19.5233,-1.0,-1.0,-14.46,14.46,-8939.71,20311.17
2025-01-14 00:00:00,MA_Crossover(35,44),9087.45,9032.29,8928.2697,8937.8955,-9.6257,-1.0,-1.0,92.58,-92.58,-9032.29,20218.59
2025-01-15 00:00:00,MA_Crossover(35,44),9103.88,9045.84,8934.516,8935.6834,-1.1674,-1.0,-1.0,13.55,-13.55,-9045.84,20205.04
2025-01-16 00:00:00,MA_Crossover(35,44),9167.63,9109.72,8940.4789,8939.1859,1.2929,1.0,-1.0,63.88,-63.88,-9109.72,20141.16
2025-01-17 00:00:00,MA_Crossover(35,44),9127.46,9034.42,8946.5369,8943.9482,2.5887,1.0,1.0,-75.3,-75.3,9034.42,20065.86
2025-01-20 00:00:00,MA_Crossover(35,44),9206.33,9113.29,8954.3551,8951.7002,2.6549,1.0,1.0,78.87,78.87,9113.29,20144.73
2025-01-21 00:00:00,MA_Crossover(35,44),9212.3,9119.26,8962.968,8959.1877,3.7803,1.0,1.0,5.97,5.97,9119.26,20150.7
2025-01-22 00:00:00,MA_Crossover(35,44),9148.41,9055.37,8969.6217,8963.5916,6.0301,1.0,1.0,-63.89,-63.89,9055.37,20086.81
2025-01-23 00:00:00,MA_Crossover(35,44),9154.34,9061.3,8977.0889,8966.9268,10.162,1.0,1.0,5.93,5.93,9061.3,20092.74
2025-01-24 00:00:00,MA_Crossover(35,44),9192.52,9099.48,8981.9643,8971.0664,10.8979,1.0,1.0,38.18,38.18,9099.48,20130.92
2025-01-27 00:00:00,MA_Crossover(35,44),9006.56,8913.52,8982.5197,8972.9289,9.5909,1.0,1.0,-185.96,-185.96,8913.52,19944.96
2025-01-28 00:00:00,MA_Crossover(35,44),8894.69,8801.65,8980.2317,8973.1432,7.0885,1.0,1.0,-111.87,-111.87,8801.65,19833.09
2025-01-29 00:00:00,MA_Crossover(35,44),8975.74,8882.7,8978.884,8973.5252,5.3588,1.0,1.0,81.05,81.05,8882.7,19914.14
2025-01-30 00:00:00,MA_Crossover(35,44),9035.68,8942.64,8976.2446,8976.2582,-0.0136,-1.0,1.0,59.94,59.94,8942.64,19974.08
2025-01-31 00:00:00,MA_Crossover(35,44),8953.73,8860.69,8971.8214,8976.7364,-4.9149,-1.0,-1.0,-81.95,81.95,-8860.69,20056.03
2025-02-03 00:00:00,MA_Crossover(35,44),9002.66,8909.62,8969.5811,8978.823,-9.2418,-1.0,-1.0,48.93,-48.93,-8909.62,20007.1
2025-02-04 00:00:00,MA_Crossover(35,44),9048.08,8955.04,8971.6657,8981.8355,-10.1697,-1.0,-1.0,45.42,-45.42,-8955.04,19961.68
2025-02-05 00:00:00,MA_Crossover(35,44),9136.11,9043.07,8977.2109,8987.3609,-10.1501,-1.0,-1.0,88.03,-88.03,-9043.07,19873.65
2025-02-06 00:00:00,MA_Crossover(35,44),9171.36,9078.32,8983.7506,8990.7582,-7.0076,-1.0,-1.0,35.25,-35.25,-9078.32,19838.4
2025-02-07 00:00:00,MA_Crossover(35,44),9300.85,9207.81,8994.8109,8997.8884,-3.0776,-1.0,-1.0,129.49,-129.49,-9207.81,19708.91
2025-02-10 00:00:00,MA_Crossover(35,44),9341.01,9247.97,9005.8731,9006.212,-0.3389,-1.0,-1.0,40.16,-40.16,-9247.97,19668.75
2025-02-11 00:00:00,MA_Crossover(35,44),9248.51,9155.47,9018.4303,9011.3393,7.091,1.0,-1.0,-92.5,92.5,-9155.47,19761.25
2025-02-12 00:00:00,MA_Crossover(35,44),9352.52,9259.48,9032.1851,9016.4407,15.7445,1.0,1.0,104.01,104.01,9259.48,19865.26
2025-02-13 00:00:00,MA_Crossover(35,44),9434.45,9341.41,9049.3011,9023.8477,25.4534,1.0,1.0,81.93,81.93,9341.41,19947.19
2025-02-14 00:00:00,MA_Crossover(35,44),9490.43,9397.39,9066.89,9033.1514,33.7386,1.0,1.0,55.98,55.98,9397.39,20003.17
2025-02-17 00:00:00,MA_Crossover(35,44),9321.0,9227.96,9078.9431,9041.0123,37.9309,1.0,1.0,-169.43,-169.43,9227.96,19833.74
2025-02-18 00:00:00,MA_Crossover(35,44),9426.61,9328.55,9096.3331,9052.0255,44.3077,1.0,1.0,100.59,100.59,9328.55,19934.33
2025-02-19 00:00:00,MA_Crossover(35,44),9460.07,9340.2,9118.8143,9063.7891,55.0252,1.0,1.0,11.65,11.65,9340.2,19945.98
2025-02-20 00:00:00,MA_Crossover(35,44),9565.1,9440.91,9143.3129,9078.5927,64.7201,1.0,1.0,100.71,100.71,9440.91,20046.69
2025-02-21 00:00:00,MA_Crossover(35,44),9551.89,9432.15,9165.3323,9092.185,73.1473,1.0,1.0,-8.76,-8.76,9432.15,20037.93
2025-02-24 00:00:00,MA_Crossover(35,44),9516.49,9396.75,9182.9491,9108.2641,74.6851,1.0,1.0,-35.4,-35.4,9396.75,20002.53
2025-02-25 00:00:00,MA_Crossover(35,44),9393.67,9273.93,9197.1226,9120.1407,76.9819,1.0,1.0,-122.82,-122.82,9273.93,19879.71
2025-02-26 00:00:00,MA_Crossover(35,44),9476.02,9356.28,9212.8537,9134.7005,78.1533,1.0,1.0,82.35,82.35,9356.28,19962.06
2025-02-27 00:00:00,MA_Crossover(35,44),9402.37,9282.63,9225.0874,9146.6902,78.3972,1.0,1.0,-73.65,-73.65,9282.63,19888.41
2025-02-28 00:00:00,MA_Crossover(35,44),9359.06,9239.32,9235.5377,9157.143,78.3948,1.0,1.0,-43.31,-43.31,9239.32,19845.1
2025-03-03 00:00:00,MA_Crossover(35,44),9415.02,9295.28,9248.0,9170.7125,77.2875,1.0,1.0,55.96,55.96,9295.28,19901.06
2025-03-04 00:00:00,MA_Crossover(35,44),9345.62,9225.88,9255.3763,9185.9941,69.3822,1.0,1.0,-69.4,-69.4,9225.88,19831.66
2025-03-05 00:00:00,MA_Crossover(35,44),9603.33,9483.59,9269.6463,9206.3505,63.2958,1.0,1.0,257.71,257.71,9483.59,20089.37
2025-03-06 00:00:00,MA_Crossover(35,44),9759.77,9640.03,9286.5646,9228.5905,57.9741,1.0,1.0,156.44,156.44,9640.03,20245.81
2025-03-07 00:00:00,MA_Crossover(35,44),9619.4,9499.66,9300.62,9244.9427,55.6773,1.0,1.0,-140.37,-140.37,9499.66,20105.44
2025-03-10 00:00:00,MA_Crossover(35,44),9520.79,9401.05,9309.6046,9259.1061,50.4984,1.0,1.0,-98.61,-98.61,9401.05,20006.83
2025-03-11 00:00:00,MA_Crossover(35,44),9648.13,9528.39,9322.0569,9275.5311,46.5257,1.0,1.0,127.34,127.34,9528.39,20134.17
2025-03-12 00:00:00,MA_Crossover(35,44),9759.35,9639.61,9339.5123,9293.3757,46.1366,1.0,1.0,111.22,111.22,9639.61,20245.39
2025-03-13 00:00:00,MA_Crossover(35,44),9753.19,9633.45,9356.6223,9310.6459,45.9764,1.0,1.0,-6.16,-6.16,9633.45,20239.23
2025-03-14 00:00:00,MA_Crossover(35,44),9732.96,9613.22,9372.0634,9327.785,44.2784,1.0,1.0,-20.23,-20.23,9613.22,20219.0
2025-03-17 00:00:00,MA_Crossover(35,44),9799.28,9679.54,9394.7126,9343.963,50.7496,1.0,1.0,66.32,66.32,9679.54,20285.32
2025-03-18 00:00:00,MA_Crossover(35,44),9885.84,9740.57,9423.0311,9361.7348,61.2964,1.0,1.0,61.03,61.03,9740.57,20346.35
2025-03-19 00:00:00,MA_Crossover(35,44),9980.63,9830.61,9451.7423,9380.212,71.5302,1.0,1.0,90.04,90.04,9830.61,20436.39
2025-03-20 00:00:00,MA_Crossover(35,44),9917.86,9774.73,9476.9474,9398.1757,78.7717,1.0,1.0,-55.88,-55.88,9774.73,20380.51
2025-03-21 00:00:00,MA_Crossover(35,44),9842.15,9684.07,9502.3309,9412.6261,89.7047,1.0,1.0,-90.66,-90.66,9684.07,20289.85
2025-03-24 00:00:00,MA_Crossover(35,44),9946.45,9788.37,9529.2963,9429.3114,99.9849,1.0,1.0,104.3,104.3,9788.37,20394.15
2025-03-25 00:00:00,MA_Crossover(35,44),10118.42,9960.34,9559.8774,9451.357,108.5204,1.0,1.0,171.97,171.97,9960.34,20566.12
2025-03-26 00:00:00,MA_Crossover(35,44),9909.92,9751.84,9581.9863,9468.5293,113.457,1.0,1.0,-208.5,-208.5,9751.84,20357.62
2025-03-27 00:00:00,MA_Crossover(35,44),9822.81,9664.73,9600.5991,9482.8541,117.7451,1.0,1.0,-87.11,-87.11,9664.73,20270.51
2025-03-28 00:00:00,MA_Crossover(35,44),9771.69,9613.61,9614.0517,9500.2434,113.8083,1.0,1.0,-51.12,-51.12,9613.61,20219.39
2025-03-31 00:00:00,MA_Crossover(35,44),9679.23,9521.15,9623.7151,9518.0739,105.6413,1.0,1.0,-92.46,-92.46,9521.15,20126.93
2025-04-01 00:00:00,MA_Crossover(35,44),9668.13,9510.05,9635.7043,9533.81,101.8943,1.0,1.0,-11.1,-11.1,9510.05,20115.83
2025-04-02 00:00:00,MA_Crossover(35,44),9671.37,9513.29,9644.8143,9548.2575,96.5568,1.0,1.0,3.24,3.24,9513.29,20119.07
2025-04-03 00:00:00,MA_Crossover(35,44),9331.27,9173.19,9641.8663,9556.838,85.0283,1.0,1.0,-340.1,-340.1,9173.19,19778.97
2025-04-04 00:00:00,MA_Crossover(35,44),8725.91,8567.83,9620.0229,9550.5482,69.4747,1.0,1.0,-605.36,-605.36,8567.83,19173.61
2025-04-07 00:00:00,MA_Crossover(35,44),8698.42,8540.34,9602.2349,9542.6014,59.6335,1.0,1.0,-27.49,-27.49,8540.34,19146.12
2025-04-08 00:00:00,MA_Crossover(35,44),8627.35,8469.27,9579.3989,9531.0386,48.3602,1.0,1.0,-71.07,-71.07,8469.27,19075.05
2025-04-09 00:00:00,MA_Crossover(35,44),8577.37,8419.29,9554.1789,9517.5389,36.64,1.0,1.0,-49.98,-49.98,8419.29,19025.07
2025-04-10 00:00:00,MA_Crossover(35,44),9004.95,8846.87,9538.1746,9510.8139,27.3607,1.0,1.0,427.58,427.58,8846.87,19452.65
2025-04-11 00:00:00,MA_Crossover(35,44),9193.38,9035.3,9527.9314,9507.4586,20.4728,1.0,1.0,188.43,188.43,9035.3,19641.08
2025-04-14 00:00:00,MA_Crossover(35,44),9156.99,8998.91,9517.66,9505.3786,12.2814,1.0,1.0,-36.39,-36.39,8998.91,19604.69
2025-04-15 00:00:00,MA_Crossover(35,44),9156.56,8979.74,9510.8854,9500.925,9.9604,1.0,1.0,-19.17,-19.17,8979.74,19585.52
2025-04-16 00:00:00,MA_Crossover(35,44),9199.59,9020.5,9502.9874,9495.5873,7.4002,1.0,1.0,40.76,40.76,9020.5,19626.28
2025-04-17 00:00:00,MA_Crossover(35,44),9192.45,9011.96,9496.9897,9488.815,8.1747,1.0,1.0,-8.54,-8.54,9011.96,19617.74
2025-04-22 00:00:00,MA_Crossover(35,44),9386.7,9202.4,9497.7794,9490.3082,7.4712,1.0,1.0,190.44,190.44,9202.4,19808.18
2025-04-23 00:00:00,MA_Crossover(35,44),9396.21,9211.91,9497.242,9489.6173,7.6247,1.0,1.0,9.51,9.51,9211.91,19817.69
2025-04-24 00:00:00,MA_Crossover(35,44),9417.23,9232.93,9499.288,9488.6436,10.6444,1.0,1.0,21.02,21.02,9232.93,19838.71
2025-04-25 00:00:00,MA_Crossover(35,44),9398.41,9214.11,9493.4331,9484.8552,8.5779,1.0,1.0,-18.82,-18.82,9214.11,19819.89
2025-04-28 00:00:00,MA_Crossover(35,44),9430.1,9245.8,9484.014,9482.0873,1.9267,1.0,1.0,31.69,31.69,9245.8,19851.58
2025-04-29 00:00:00,MA_Crossover(35,44),9453.97,9269.67,9479.2874,9480.6664,-1.3789,-1.0,1.0,23.87,23.87,9269.67,19875.45
2025-04-30 00:00:00,MA_Crossover(35,44),9141.95,8957.65,9468.4634,9474.9455,-6.482,-1.0,-1.0,-312.02,312.02,-8957.65,20187.47
2025-05-01 00:00:00,MA_Crossover(35,44),9251.11,9066.81,9457.12,9469.8339,-12.7139,-1.0,-1.0,109.16,-109.16,-9066.81,20078.31
2025-05-02 00:00:00,MA_Crossover(35,44),9400.69,9216.39,9446.8726,9469.7957,-22.9231,-1.0,-1.0,149.58,-149.58,-9216.39,19928.73
2025-05-06 00:00:00,MA_Crossover(35,44),9575.95,9391.65,9441.8086,9474.725,-32.9164,-1.0,-1.0,175.26,-175.26,-9391.65,19753.47
2025-05-07 00:00:00,MA_Crossover(35,44),9454.38,9270.08,9433.8491,9475.6195,-41.7704,-1.0,-1.0,-121.57,121.57,-9270.08,19875.04
2025-05-08 00:00:00,MA_Crossover(35,44),9482.76,9298.46,9424.8057,9478.7364,-53.9306,-1.0,-1.0,28.38,-28.38,-9298.46,19846.66
2025-05-09 00:00:00,MA_Crossover(35,44),9495.84,9311.54,9413.6629,9476.2934,-62.6306,-1.0,-1.0,13.08,-13.08,-9311.54,19833.58
2025-05-12 00:00:00,MA_Crossover(35,44),9550.0,9365.7,9401.3591,9471.5259,-70.1668,-1.0,-1.0,54.16,-54.16,-9365.7,19779.42
2025-05-13 00:00:00,MA_Crossover(35,44),9624.54,9440.24,9392.9786,9471.6427,-78.6642,-1.0,-1.0,74.54,-74.54,-9440.24,19704.88
2025-05-14 00:00:00,MA_Crossover(35,44),9626.35,9442.05,9386.8129,9474.0418,-87.229,-1.0,-1.0,1.81,-1.81,-9442.05,19703.07
2025-05-15 00:00:00,MA_Crossover(35,44),9618.34,9434.04,9377.4383,9473.3648,-95.9265,-1.0,-1.0,-8.01,8.01,-9434.04,19711.08
2025-05-16 00:00:00,MA_Crossover(35,44),9479.43,9295.13,9359.1814,9467.003,-107.8215,-1.0,-1.0,-138.91,138.91,-9295.13,19849.99
2025-05-19 00:00:00,MA_Crossover(35,44),9539.02,9354.72,9348.5843,9462.1355,-113.5512,-1.0,-1.0,59.59,-59.59,-9354.72,19790.4
2025-05-20 00:00:00,MA_Crossover(35,44),9550.13,9333.18,9340.7934,9457.9802,-117.1868,-1.0,-1.0,-21.54,21.54,-9333.18,19811.94
2025-05-21 00:00:00,MA_Crossover(35,44),9572.82,9355.81,9335.1114,9452.8334,-117.722,-1.0,-1.0,22.63,-22.63,-9355.81,19789.31
2025-05-22 00:00:00,MA_Crossover(35,44),9535.65,9322.17,9331.0091,9444.8745,-113.8654,-1.0,-1.0,-33.64,33.64,-9322.17,19822.95
2025-05-23 00:00:00,MA_Crossover(35,44),9661.5,9455.12,9330.8197,9437.6216,-106.8019,-1.0,-1.0,132.95,-132.95,-9455.12,19690.0
2025-05-27 00:00:00,MA_Crossover(35,44),9654.98,9448.6,9330.3514,9431.647,-101.2956,-1.0,-1.0,-6.52,6.52,-9448.6,19696.52
2025-05-28 00:00:00,MA_Crossover(35,44),9620.23,9413.85,9338.6074,9426.6034,-87.996,-1.0,-1.0,-34.75,34.75,-9413.85,19731.27
2025-05-29 00:00:00,MA_Crossover(35,44),9620.59,9414.21,9364.1697,9419.1975,-55.0278,-1.0,-1.0,0.36,-0.36,-9414.21,19730.91
2025-05-30 00:00:00,MA_Crossover(35,44),9553.83,9347.45,9388.61,9406.3659,-17.7559,-1.0,-1.0,-66.76,66.76,-9347.45,19797.67
2025-06-02 00:00:00,MA_Crossover(35,44),9675.57,9469.19,9418.5591,9401.0398,17.5194,1.0,-1.0,121.74,-121.74,-9469.19,19675.93
2025-06-03 00:00:00,MA_Crossover(35,44),9693.25,9486.87,9450.4414,9398.0952,52.3462,1.0,1.0,17.68,17.68,9486.87,19693.61
2025-06-04 00:00:00,MA_Crossover(35,44),9674.5,9468.12,9469.5714,9395.8864,73.6851,1.0,1.0,-18.75,-18.75,9468.12,19674.86
2025-06-05 00:00:00,MA_Crossover(35,44),9820.41,9614.03,9487.4866,9399.095,88.3916,1.0,1.0,145.91,145.91,9614.03,19820.77
2025-06-06 00:00:00,MA_Crossover(35,44),9760.22,9553.84,9504.7217,9401.188,103.5338,1.0,1.0,-60.19,-60.19,9553.84,19760.58
2025-06-09 00:00:00,MA_Crossover(35,44),9885.51,9679.13,9525.5489,9406.0548,119.4941,1.0,1.0,125.29,125.29,9679.13,19885.87
2025-06-10 00:00:00,MA_Crossover(35,44),9841.49,9635.11,9543.8889,9417.6507,126.2382,1.0,1.0,-44.02,-44.02,9635.11,19841.85
2025-06-11 00:00:00,MA_Crossover(35,44),9707.0,9500.62,9558.5903,9439.9482,118.6421,1.0,1.0,-134.49,-134.49,9500.62,19707.36
2025-06-12 00:00:00,MA_Crossover(35,44),9785.51,9579.13,9569.9849,9464.6548,105.3301,1.0,1.0,78.51,78.51,9579.13,19785.87
2025-06-13 00:00:00,MA_Crossover(35,44),9719.25,9512.87,9579.2146,9489.4707,89.7439,1.0,1.0,-66.26,-66.26,9512.87,19719.61
2025-06-16 00:00:00,MA_Crossover(35,44),9798.59,9592.21,9590.1106,9517.2257,72.8849,1.0,1.0,79.34,79.34,9592.21,19798.95
2025-06-17 00:00:00,MA_Crossover(35,44),9719.19,9539.07,9599.2757,9533.4584,65.8173,1.0,1.0,-53.14,-53.14,9539.07,19745.81
2025-06-18 00:00:00,MA_Crossover(35,44),9687.97,9519.9,9606.6434,9544.6991,61.9443,1.0,1.0,-19.17,-19.17,9519.9,19726.64
2025-06-19 00:00:00,MA_Crossover(35,44),9665.28,9489.91,9612.6809,9556.2511,56.4297,1.0,1.0,-29.99,-29.99,9489.91,19696.65
2025-06-20 00:00:00,MA_Crossover(35,44),9698.62,9543.55,9628.5857,9568.5707,60.015,1.0,1.0,53.64,53.64,9543.55,19750.29
2025-06-23 00:00:00,MA_Crossover(35,44),9744.15,9589.08,9642.6726,9580.947,61.7255,1.0,1.0,45.53,45.53,9589.08,19795.82
2025-06-24 00:00:00,MA_Crossover(35,44),9730.1,9575.03,9652.0843,9593.1664,58.9179,1.0,1.0,-14.05,-14.05,9575.03,19781.77
2025-06-25 00:00:00,MA_Crossover(35,44),9776.19,9621.12,9657.8054,9602.0184,55.787,1.0,1.0,46.09,46.09,9621.12,19827.86
2025-06-26 00:00:00,MA_Crossover(35,44),9988.47,9833.4,9673.0651,9615.4789,57.5863,1.0,1.0,212.28,212.28,9833.4,20040.14
2025-06-27 00:00:00,MA_Crossover(35,44),9957.72,9802.65,9686.6354,9627.7627,58.8727,1.0,1.0,-30.75,-30.75,9802.65,20009.39
2025-06-30 00:00:00,MA_Crossover(35,44),9945.23,9790.16,9699.4751,9640.1905,59.2847,1.0,1.0,-12.49,-12.49,9790.16,19996.9
2025-07-01 00:00:00,MA_Crossover(35,44),9997.29,9842.22,9712.2549,9653.0811,59.1737,1.0,1.0,52.06,52.06,9842.22,20048.96
2025-07-02 00:00:00,MA_Crossover(35,44),10070.1,9915.03,9724.9851,9667.0841,57.9011,1.0,1.0,72.81,72.81,9915.03,20121.77
2025-07-03 00:00:00,MA_Crossover(35,44),10010.67,9855.6,9735.9657,9686.8277,49.138,1.0,1.0,-59.43,-59.43,9855.6,20062.34
2025-07-04 00:00:00,MA_Crossover(35,44),9923.29,9768.22,9744.6786,9702.1045,42.574,1.0,1.0,-87.38,-87.38,9768.22,19974.96
2025-07-07 00:00:00,MA_Crossover(35,44),9890.0,9734.93,9756.4091,9713.2252,43.1839,1.0,1.0,-33.29,-33.29,9734.93,19941.67
2025-07-08 00:00:00,MA_Crossover(35,44),9831.5,9676.43,9764.7657,9719.0332,45.7325,1.0,1.0,-58.5,-58.5,9676.43,19883.17
2025-07-09 00:00:00,MA_Crossover(35,44),9652.94,9497.87,9767.7031,9723.5459,44.1572,1.0,1.0,-178.56,-178.56,9497.87,19704.61
2025-07-10 00:00:00,MA_Crossover(35,44),9699.66,9544.59,9771.3271,9728.4755,42.8517,1.0,1.0,46.72,46.72,9544.59,19751.33
2025-07-11 00:00:00,MA_Crossover(35,44),9639.8,9484.73,9774.3029,9731.7473,42.5556,1.0,1.0,-59.86,-59.86,9484.73,19691.47
2025-07-14 00:00:00,MA_Crossover(35,44),9556.93,9401.86,9771.3151,9731.9048,39.4104,1.0,1.0,-82.87,-82.87,9401.86,19608.6
2025-07-15 00:00:00,MA_Crossover(35,44),9625.66,9455.66,9770.4774,9731.9302,38.5472,1.0,1.0,53.8,53.8,9455.66,19662.4
2025-07-16 00:00:00,MA_Crossover(35,44),9603.36,9441.78,9769.9954,9731.4077,38.5877,1.0,1.0,-13.88,-13.88,9441.78,19648.52
2025-07-17 00:00:00,MA_Crossover(35,44),9643.09,9479.98,9770.6383,9731.9702,38.6681,1.0,1.0,38.2,38.2,9479.98,19686.72
2025-07-18 00:00:00,MA_Crossover(35,44),9763.74,9580.79,9776.6357,9738.4318,38.2039,1.0,1.0,100.81,100.81,9580.79,19787.53
2025-07-21 00:00:00,MA_Crossover(35,44),9837.14,9654.19,9781.252,9745.2073,36.0447,1.0,1.0,73.4,73.4,9654.19,19860.93
2025-07-22 00:00:00,MA_Crossover(35,44),9894.26,9711.31,9786.9951,9753.0284,33.9667,1.0,1.0,57.12,57.12,9711.31,19918.05
2025-07-23 00:00:00,MA_Crossover(35,44),9915.62,9732.67,9793.8843,9760.8193,33.065,1.0,1.0,21.36,21.36,9732.67,19939.41
2025-07-24 00:00:00,MA_Crossover(35,44),9856.75,9673.8,9794.9226,9768.117,26.8055,1.0,1.0,-58.87,-58.87,9673.8,19880.54
2025-07-25 00:00:00,MA_Crossover(35,44),9744.44,9561.49,9794.4717,9770.002,24.4697,1.0,1.0,-112.31,-112.31,9561.49,19768.23
2025-07-28 00:00:00,MA_Crossover(35,44),9765.78,9582.83,9791.0509,9772.5202,18.5306,1.0,1.0,21.34,21.34,9582.83,19789.57
2025-07-29 00:00:00,MA_Crossover(35,44),9770.33,9587.38,9789.0177,9775.9316,13.0861,1.0,1.0,4.55,4.55,9587.38,19794.12
2025-07-30 00:00:00,MA_Crossover(35,44),9673.67,9490.72,9788.0654,9777.138,10.9275,1.0,1.0,-96.66,-96.66,9490.72,19697.46
2025-07-31 00:00:00,MA_Crossover(35,44),9574.14,9391.19,9782.0263,9777.5995,4.4267,1.0,1.0,-99.53,-99.53,9391.19,19597.93
2025-08-01 00:00:00,MA_Crossover(35,44),9594.75,9411.8,9778.4691,9775.7627,2.7064,1.0,1.0,20.61,20.61,9411.8,19618.54
2025-08-04 00:00:00,MA_Crossover(35,44),9650.64,9467.69,9774.242,9774.7943,-0.5523,-1.0,1.0,55.89,55.89,9467.69,19674.43
2025-08-05 00:00:00,MA_Crossover(35,44),9591.13,9408.18,9770.5831,9772.8995,-2.3164,-1.0,-1.0,-59.51,59.51,-9408.18,19733.94
2025-08-06 00:00:00,MA_Crossover(35,44),9631.39,9448.44,9768.9666,9768.6036,0.3629,1.0,-1.0,40.26,-40.26,-9448.44,19693.68
2025-08-07 00:00:00,MA_Crossover(35,44),9633.66,9450.71,9768.0631,9765.7273,2.3359,1.0,1.0,2.27,2.27,9450.71,19695.95
2025-08-08 00:00:00,MA_Crossover(35,44),9705.94,9522.99,9768.2723,9761.6461,6.6261,1.0,1.0,72.28,72.28,9522.99,19768.23
2025-08-11 00:00:00,MA_Crossover(35,44),9659.97,9477.02,9765.8671,9757.5207,8.3465,1.0,1.0,-45.97,-45.97,9477.02,19722.26
2025-08-12 00:00:00,MA_Crossover(35,44),9763.13,9580.18,9766.8109,9758.7964,8.0145,1.0,1.0,103.16,103.16,9580.18,19825.42
2025-08-13 00:00:00,MA_Crossover(35,44),9731.82,9548.87,9765.5431,9757.5761,7.967,1.0,1.0,-31.31,-31.31,9548.87,19794.11
2025-08-14 00:00:00,MA_Crossover(35,44),9680.05,9497.1,9756.7311,9756.6852,0.0459,1.0,1.0,-51.77,-51.77,9497.1,19742.34
2025-08-15 00:00:00,MA_Crossover(35,44),9681.25,9498.3,9748.832,9754.0184,-5.1864,-1.0,1.0,1.2,1.2,9498.3,19743.54
2025-08-18 00:00:00,MA_Crossover(35,44),9636.25,9453.3,9740.004,9752.1334,-12.1294,-1.0,-1.0,-45.0,45.0,-9453.3,19788.54
2025-08-19 00:00:00,MA_Crossover(35,44),9632.81,9443.77,9729.5903,9750.8798,-21.2895,-1.0,-1.0,-9.53,9.53,-9443.77,19798.07
2025-08-20 00:00:00,MA_Crossover(35,44),9665.14,9473.86,9718.02,9750.8766,-32.8566,-1.0,-1.0,30.09,-30.09,-9473.86,19767.98
2025-08-21 00:00:00,MA_Crossover(35,44),9671.14,9478.64,9708.3191,9750.252,-41.9329,-1.0,-1.0,4.78,-4.78,-9478.64,19763.2
2025-08-22 00:00:00,MA_Crossover(35,44),9744.33,9523.79,9703.206,9750.2561,-47.0501,-1.0,-1.0,45.15,-45.15,-9523.79,19718.05
2025-08-26 00:00:00,MA_Crossover(35,44),9779.05,9558.51,9700.036,9751.3686,-51.3326,-1.0,-1.0,34.72,-34.72,-9558.51,19683.33
2025-08-27 00:00:00,MA_Crossover(35,44),9693.57,9473.03,9696.0951,9749.4909,-53.3958,-1.0,-1.0,-85.48,85.48,-9473.03,19768.81
2025-08-28 00:00:00,MA_Crossover(35,44),9756.96,9536.42,9699.0671,9744.2293,-45.1622,-1.0,-1.0,63.39,-63.39,-9536.42,19705.42
2025-08-29 00:00:00,MA_Crossover(35,44),9845.16,9624.62,9703.2243,9741.6711,-38.4469,-1.0,-1.0,88.2,-88.2,-9624.62,19617.22
2025-09-01 00:00:00,MA_Crossover(35,44),9818.78,9598.24,9708.338,9738.7973,-30.4593,-1.0,-1.0,-26.38,26.38,-9598.24,19643.6
2025-09-02 00:00:00,MA_Crossover(35,44),9926.54,9706.0,9718.8983,9737.1893,-18.291,-1.0,-1.0,107.76,-107.76,-9706.0,19535.84
2025-09-03 00:00:00,MA_Crossover(35,44),9923.95,9703.41,9727.4209,9733.8677,-6.4469,-1.0,-1.0,-2.59,2.59,-9703.41,19538.43
2025-09-04 00:00:00,MA_Crossover(35,44),9842.63,9622.09,9734.2571,9730.0486,4.2085,1.0,-1.0,-81.32,81.32,-9622.09,19619.75
2025-09-05 00:00:00,MA_Crossover(35,44),9838.61,9618.07,9739.8434,9728.1241,11.7193,1.0,1.0,-4.02,-4.02,9618.07,19615.73
2025-09-08 00:00:00,MA_Crossover(35,44),9844.43,9623.89,9742.1489,9727.0884,15.0604,1.0,1.0,5.82,5.82,9623.89,19621.55
2025-09-09 00:00:00,MA_Crossover(35,44),9845.52,9624.98,9742.3883,9727.407,14.9812,1.0,1.0,1.09,1.09,9624.98,19622.64
2025-09-10 00:00:00,MA_Crossover(35,44),9965.31,9744.77,9744.4183,9734.5064,9.9119,1.0,1.0,119.79,119.79,9744.77,19742.43
2025-09-11 00:00:00,MA_Crossover(35,44),9993.46,9772.92,9746.6423,9741.1836,5.4586,1.0,1.0,28.15,28.15,9772.92,19770.58
2025-09-12 00:00:00,MA_Crossover(35,44),9995.64,9775.1,9750.6106,9749.2709,1.3397,1.0,1.0,2.18,2.18,9775.1,19772.76
2025-09-15 00:00:00,MA_Crossover(35,44),10124.57,9904.03,9761.4714,9762.1718,-0.7004,-1.0,1.0,128.93,128.93,9904.03,19901.69
2025-09-16 00:00:00,MA_Crossover(35,44),10087.27,9866.46,9770.6569,9772.663,-2.0061,-1.0,-1.0,-37.57,37.57,-9866.46,19939.26
2025-09-17 00:00:00,MA_Crossover(35,44),9951.79,9734.45,9775.8414,9780.5818,-4.7404,-1.0,-1.0,-132.01,132.01,-9734.45,20071.27
2025-09-18 00:00:00,MA_Crossover(35,44),9897.29,9680.68,9782.2306,9786.3591,-4.1285,-1.0,-1.0,-53.77,53.77,-9680.68,20125.04
2025-09-19 00:00:00,MA_Crossover(35,44),9952.01,9709.81,9793.0269,9790.638,2.3889,1.0,-1.0,29.13,-29.13,-9709.81,20095.91
2025-09-22 00:00:00,MA_Crossover(35,44),9927.8,9685.6,9802.5426,9792.6984,9.8442,1.0,1.0,-24.21,-24.21,9685.6,20071.7
2025-09-23 00:00:00,MA_Crossover(35,44),9927.74,9685.54,9810.4597,9793.4593,17.0004,1.0,1.0,-0.06,-0.06,9685.54,20071.64
2025-09-24 00:00:00,MA_Crossover(35,44),10325.54,10083.34,9831.4429,9802.7757,28.6672,1.0,1.0,397.8,397.8,10083.34,20469.44
2025-09-25 00:00:00,MA_Crossover(35,44),10245.95,10003.75,9849.0017,9811.6211,37.3806,1.0,1.0,-79.59,-79.59,10003.75,20389.85
2025-09-26 00:00:00,MA_Crossover(35,44),10162.2,9920.0,9864.1029,9821.1157,42.9872,1.0,1.0,-83.75,-83.75,9920.0,20306.1
2025-09-29 00:00:00,MA_Crossover(35,44),10402.76,10160.56,9884.012,9835.5925,48.4195,1.0,1.0,240.56,240.56,10160.56,20546.66
2025-09-30 00:00:00,MA_Crossover(35,44),10242.45,10000.25,9900.6543,9846.3225,54.3318,1.0,1.0,-160.31,-160.31,10000.25,20386.35
2025-10-01 00:00:00,MA_Crossover(35,44),10355.65,10113.45,9917.5834,9861.822,55.7614,1.0,1.0,113.2,113.2,10113.45,20499.55
2025-10-02 00:00:00,MA_Crossover(35,44),10469.66,10227.46,9938.6646,9882.1748,56.4898,1.0,1.0,114.01,114.01,10227.46,20613.56
2025-10-03 00:00:00,MA_Crossover(35,44),10700.48,10458.28,9967.8197,9907.305,60.5147,1.0,1.0,230.82,230.82,10458.28,20844.38
2025-10-06 00:00:00,MA_Crossover(35,44),10620.47,10378.27,9994.6546,9929.3466,65.308,1.0,1.0,-80.01,-80.01,10378.27,20764.37
2025-10-07 00:00:00,MA_Crossover(35,44),10732.03,10489.83,10025.9626,9955.2761,70.6864,1.0,1.0,111.56,111.56,10489.83,20875.93
2025-10-08 00:00:00,MA_Crossover(35,44),10643.97,10401.77,10054.8529,9978.2893,76.5635,1.0,1.0,-88.06,-88.06,10401.77,20787.87
2025-10-09 00:00:00,MA_Crossover(35,44),10843.34,10601.14,10088.5157,10005.782,82.7337,1.0,1.0,199.37,199.37,10601.14,20987.24
2025-10-10 00:00:00,MA_Crossover(35,44),10488.63,10246.43,10111.8726,10023.5705,88.3021,1.0,1.0,-354.71,-354.71,10246.43,20632.53
2025-10-13 00:00:00,MA_Crossover(35,44),11047.28,10805.08,10149.0997,10055.1002,93.9995,1.0,1.0,558.65,558.65,10805.08,21191.18
2025-10-14 00:00:00,MA_Crossover(35,44),10592.87,10538.31,10172.3517,10073.958,98.3938,1.0,1.0,-266.77,-266.77,10538.31,20924.41
2025-10-15 00:00:00,MA_Crossover(35,44),10652.63,10598.5,10199.7534,10094.8855,104.868,1.0,1.0,60.19,60.19,10598.5,20984.6
2025-10-16 00:00:00,MA_Crossover(35,44),10643.4,10600.7,10225.0803,10116.7798,108.3005,1.0,1.0,2.2,2.2,10600.7,20986.8
2025-10-17 00:00:00,MA_Crossover(35,44),10601.92,10556.23,10246.702,10137.7041,108.9979,1.0,1.0,-44.47,-44.47,10556.23,20942.33
2025-10-20 00:00:00,MA_Crossover(35,44),10687.71,10642.02,10271.5286,10161.6009,109.9277,1.0,1.0,85.79,85.79,10642.02,21028.12
2025-10-21 00:00:00,MA_Crossover(35,44),10614.14,10568.45,10291.1743,10183.9039,107.2704,1.0,1.0,-73.57,-73.57,10568.45,20954.55
2025-10-22 00:00:00,MA_Crossover(35,44),10665.21,10619.52,10312.3531,10206.6327,105.7204,1.0,1.0,51.07,51.07,10619.52,21005.62
2025-10-23 00:00:00,MA_Crossover(35,44),10860.74,10815.05,10341.442,10233.6691,107.7729,1.0,1.0,195.53,195.53,10815.05,21201.15
2025-10-24 00:00:00,MA_Crossover(35,44),10962.94,10917.25,10373.5657,10261.3648,112.2009,1.0,1.0,102.2,102.2,10917.25,21303.35
2025-10-27 00:00:00,MA_Crossover(35,44),11028.69,10983.0,10407.4017,10289.7657,117.636,1.0,1.0,65.75,65.75,10983.0,21369.1
2025-10-28 00:00:00,MA_Crossover(35,44),11038.94,10993.25,10441.4994,10320.3423,121.1572,1.0,1.0,10.25,10.25,10993.25,21379.35
2025-10-29 00:00:00,MA_Crossover(35,44),11182.24,11136.55,10476.2689,10352.735,123.5339,1.0,1.0,143.3,143.3,11136.55,21522.65
2025-10-30 00:00:00,MA_Crossover(35,44),10916.67,10870.98,10502.6463,10377.0875,125.5588,1.0,1.0,-265.57,-265.57,10870.98,21257.08
2025-10-31 00:00:00,MA_Crossover(35,44),10892.06,10846.37,10528.2583,10401.4802,126.7781,1.0,1.0,-24.61,-24.61,10846.37,21232.47
2025-11-03 00:00:00,MA_Crossover(35,44),10848.01,10802.32,10548.928,10422.4227,126.5053,1.0,1.0,-44.05,-44.05,10802.32,21188.42
2025-11-04 00:00:00,MA_Crossover(35,44),10650.43,10604.74,10565.0183,10438.9336,126.0846,1.0,1.0,-197.58,-197.58,10604.74,20990.84
2025-11-05 00:00:00,MA_Crossover(35,44),10676.13,10630.44,10585.7137,10457.8768,127.8369,1.0,1.0,25.7,25.7,10630.44,21016.54
2025-11-06 00:00:00,MA_Crossover(35,44),10665.06,10619.37,10607.65,10476.6598,130.9902,1.0,1.0,-11.07,-11.07,10619.37,21005.47
2025-11-07 00:00:00,MA_Crossover(35,44),10709.28,10663.59,10629.2863,10496.3155,132.9708,1.0,1.0,44.22,44.22,10663.59,21049.69
2025-11-10 00:00:00,MA_Crossover(35,44),10791.67,10745.98,10653.9683,10517.8189,136.1494,1.0,1.0,82.39,82.39,10745.98,21132.08
2025-11-11 00:00:00,MA_Crossover(35,44),10815.47,10769.78,10679.332,10537.1407,142.1913,1.0,1.0,23.8,23.8,10769.78,21155.88
2025-11-12 00:00:00,MA_Crossover(35,44),10938.05,10892.36,10696.8323,10558.6086,138.2236,1.0,1.0,122.58,122.58,10892.36,21278.46
2025-11-13 00:00:00,MA_Crossover(35,44),10951.53,10905.84,10716.9917,10580.3334,136.6583,1.0,1.0,13.48,13.48,10905.84,21291.94
2025-11-14 00:00:00,MA_Crossover(35,44),10854.88,10809.19,10736.7826,10596.9314,139.8512,1.0,1.0,-96.65,-96.65,10809.19,21195.29
2025-11-17 00:00:00,MA_Crossover(35,44),10745.88,10700.19,10746.586,10611.8998,134.6862,1.0,1.0,-109.0,-109.0,10700.19,21086.29
2025-11-18 00:00:00,MA_Crossover(35,44),10709.7,10645.12,10759.936,10629.125,130.811,1.0,1.0,-55.07,-55.07,10645.12,21031.22
2025-11-19 00:00:00,MA_Crossover(35,44),10748.83,10683.49,10771.1697,10648.4782,122.6915,1.0,1.0,38.37,38.37,10683.49,21069.59
2025-11-20 00:00:00,MA_Crossover(35,44),10742.82,10674.8,10778.9743,10666.4511,112.5231,1.0,1.0,-8.69,-8.69,10674.8,21060.9
2025-11-21 00:00:00,MA_Crossover(35,44),10788.34,10718.36,10781.4846,10686.0089,95.4757,1.0,1.0,43.56,43.56,10718.36,21104.46
2025-11-24 00:00:00,MA_Crossover(35,44),10793.41,10723.43,10786.4257,10705.6832,80.7425,1.0,1.0,5.07,5.07,10723.43,21109.53
2025-11-25 00:00:00,MA_Crossover(35,44),10827.74,10757.76,10789.1603,10717.0968,72.0635,1.0,1.0,34.33,34.33,10757.76,21143.86
2025-11-26 00:00:00,MA_Crossover(35,44),10990.57,10920.59,10799.0631,10734.02,65.0431,1.0,1.0,162.83,162.83,10920.59,21306.69
2025-11-27 00:00:00,MA_Crossover(35,44),10952.22,10882.24,10802.174,10751.975,50.199,1.0,1.0,-38.35,-38.35,10882.24,21268.34
2025-11-28 00:00:00,MA_Crossover(35,44),11222.42,11152.44,10823.1394,10770.6036,52.5358,1.0,1.0,270.2,270.2,11152.44,21538.54
2025-12-01 00:00:00,MA_Crossover(35,44),11308.86,11238.88,10830.6131,10794.8402,35.7729,1.0,1.0,86.44,86.44,11238.88,21624.98
2025-12-02 00:00:00,MA_Crossover(35,44),11204.7,11134.72,10848.094,10814.1368,33.9572,1.0,1.0,-104.16,-104.16,11134.72,21520.82
2025-12-03 00:00:00,MA_Crossover(35,44),11572.36,11502.38,10874.372,10839.1982,35.1738,1.0,1.0,367.66,367.66,11502.38,21888.48
2025-12-04 00:00:00,MA_Crossover(35,44),11504.18,11434.2,10898.9657,10857.4641,41.5016,1.0,1.0,-68.18,-68.18,11434.2,21820.3
2025-12-05 00:00:00,MA_Crossover(35,44),11653.07,11583.09,10928.9986,10880.9323,48.0663,1.0,1.0,148.89,148.89,11583.09,21969.19
2025-12-08 00:00:00,MA_Crossover(35,44),11648.79,11578.81,10956.458,10901.7677,54.6903,1.0,1.0,-4.28,-4.28,11578.81,21964.91
2025-12-09 00:00:00,MA_Crossover(35,44),11489.98,11420.0,10981.482,10920.9952,60.4868,1.0,1.0,-158.81,-158.81,11420.0,21806.1
2025-12-10 00:00:00,MA_Crossover(35,44),11569.42,11499.44,11007.3166,10937.497,69.8195,1.0,1.0,79.44,79.44,11499.44,21885.54
2025-12-11 00:00:00,MA_Crossover(35,44),11897.22,11827.24,11036.9303,10969.5105,67.4198,1.0,1.0,327.8,327.8,11827.24,22213.34
2025-12-12 00:00:00,MA_Crossover(35,44),11535.69,11465.71,11053.2946,10980.6107,72.6839,1.0,1.0,-361.53,-361.53,11465.71,21851.81
2025-12-15 00:00:00,MA_Crossover(35,44),11651.11,11581.13,11071.078,11004.6616,66.4164,1.0,1.0,115.42,115.42,11581.13,21967.23
2025-12-16 00:00:00,MA_Crossover(35,44),11604.56,11513.62,11087.2386,11026.2964,60.9422,1.0,1.0,-67.51,-67.51,11513.62,21899.72
2025-12-17 00:00:00,MA_Crossover(35,44),11753.06,11659.84,11103.5477,11051.5159,52.0318,1.0,1.0,146.22,146.22,11659.84,22045.94
2025-12-18 00:00:00,MA_Crossover(35,44),11790.61,11700.18,11128.5174,11078.5316,49.9858,1.0,1.0,40.34,40.34,11700.18,22086.28
2025-12-19 00:00:00,MA_Crossover(35,44),11910.36,11823.25,11157.6117,11106.3191,51.2926,1.0,1.0,123.07,123.07,11823.25,22209.35
2025-12-22 00:00:00,MA_Crossover(35,44),11956.58,11869.47,11189.2851,11136.8291,52.4561,1.0,1.0,46.22,46.22,11869.47,22255.57
2025-12-23 00:00:00,MA_Crossover(35,44),12096.64,12009.53,11230.6054,11169.3616,61.2438,1.0,1.0,140.06,140.06,12009.53,22395.63
2025-12-24 00:00:00,MA_Crossover(35,44),12204.37,12117.26,11274.2694,11199.8986,74.3708,1.0,1.0,107.73,107.73,12117.26,22503.36
2025-12-29 00:00:00,MA_Crossover(35,44),12266.35,12179.24,11320.0206,11229.5216,90.499,1.0,1.0,61.98,61.98,12179.24,22565.34
2025-12-30 00:00:00,MA_Crossover(35,44),12607.02,12519.91,11374.2417,11265.3927,108.849,1.0,1.0,340.67,340.67,12519.91,22906.01
2025-12-31 00:00:00,MA_Crossover(35,44),12465.99,12378.88,11422.0794,11297.8257,124.2537,1.0,1.0,-141.03,-141.03,12378.88,22764.98